# Blender v2.78 (sub 0) OBJ File: 'Blob.blend'
# www.blender.org
mtllib Blob.mtl
o Blob
v -0.455491 0.028169 0.395741
v -0.462412 0.000970 0.352138
v -0.440138 0.000970 0.387234
v -0.471323 0.027631 0.361846
v -0.500423 0.015752 0.317658
v -0.481441 0.000970 0.316688
v -0.484006 0.050460 0.327763
v -0.413304 0.000971 0.434999
v -0.499448 0.018275 0.298607
v -0.422698 0.061407 0.420733
v -0.409060 0.052603 0.455519
v -0.517632 0.033943 0.274072
v -0.498194 0.088534 0.283441
v -0.492012 0.000970 0.275475
v -0.487213 0.000969 0.238370
v -0.531130 0.018090 0.232407
v -0.427497 0.000969 0.353165
v -0.391888 0.000969 0.429061
v -0.456360 0.090033 0.359521
v -0.548452 0.024519 0.175431
v -0.536642 0.044526 0.193137
v -0.531692 0.000971 0.169913
v -0.422324 0.090860 0.409477
v -0.477108 0.079731 0.315105
v -0.373564 0.037588 0.482426
v -0.358708 0.021844 0.504079
v -0.358674 0.000970 0.464066
v -0.521389 0.087918 0.227049
v -0.455908 0.000970 0.308273
v -0.394672 0.086006 0.449334
v -0.347337 0.000968 0.453217
v -0.555907 0.000971 0.162349
v -0.447403 0.000968 0.308546
v -0.392793 0.000967 0.365329
v -0.505325 0.000970 0.201239
v -0.513523 0.000969 0.179881
v -0.470146 0.000968 0.245529
v -0.428129 0.000966 0.289412
v -0.545418 0.045646 0.093043
v -0.551439 0.000971 0.121781
v -0.343364 0.087810 0.503142
v -0.329093 0.009448 0.518919
v -0.319855 0.000969 0.486974
v -0.492968 0.000968 0.200707
v -0.549605 0.060433 0.112935
v -0.472857 0.000970 0.211495
v -0.533385 0.091748 0.134118
v -0.389621 0.092446 0.326079
v -0.469119 0.095979 0.238681
v -0.302916 0.032855 0.543825
v -0.436095 0.089686 0.287284
v -0.528247 0.000969 0.106617
v -0.548720 0.000969 0.069193
v -0.505056 0.000968 0.134926
v -0.515080 0.000970 0.131489
v -0.464469 0.000966 0.201783
v -0.547643 0.000971 0.087807
v -0.267876 0.000968 0.528658
v -0.469396 0.092815 0.183621
v -0.327451 0.000966 0.353332
v -0.256608 0.000970 0.543926
v -0.271646 0.008700 0.562800
v -0.279576 0.079755 0.557971
v -0.549312 0.012393 0.041424
v -0.363333 0.089738 0.374262
v -0.297423 0.090242 0.535750
v -0.536365 0.000969 0.036239
v -0.480901 0.000967 0.107364
v -0.408232 0.000965 0.185453
v -0.361966 0.000966 0.312979
v -0.467876 0.095092 0.135052
v -0.541390 0.089818 0.068168
v -0.234372 0.013922 0.584929
v -0.483469 0.000969 0.091533
v -0.552204 0.053554 0.014511
v -0.307155 0.091756 0.466546
v -0.229479 0.000968 0.538946
v -0.223180 0.056793 0.593122
v -0.503079 0.000968 0.028539
v -0.413487 0.000965 0.160075
v -0.277280 0.000966 0.398795
v -0.385826 0.000965 0.228776
v -0.402932 0.000965 0.209156
v -0.386088 0.000965 0.245380
v -0.369844 0.000966 0.272106
v -0.362026 0.000965 0.292118
v -0.350095 0.000966 0.323270
v -0.204603 0.000969 0.579631
v -0.540580 0.000970 0.001224
v -0.313364 0.088657 0.395166
v -0.493344 0.000969 0.065077
v -0.417489 0.091777 0.231641
v -0.462406 0.000966 0.074841
v -0.214103 0.000966 0.469283
v -0.542399 0.047717 -0.021696
v -0.191496 0.088447 0.590681
v -0.162898 0.000969 0.596658
v -0.198095 0.023114 0.610639
v -0.224619 0.092257 0.530985
v -0.431548 0.087955 0.183328
v -0.524621 0.000970 -0.008192
v -0.317401 0.000966 0.344498
v -0.302451 0.000966 0.360582
v -0.296963 0.000966 0.363263
v -0.291487 0.000966 0.383184
v -0.406333 0.000965 0.171904
v -0.230741 0.000966 0.454925
v -0.262174 0.000966 0.418447
v -0.398202 0.000965 0.202224
v -0.405103 0.000965 0.194004
v -0.331730 0.000966 0.332959
v -0.531519 0.089652 -0.026652
v -0.253466 0.093331 0.476192
v -0.134897 0.000968 0.556013
v -0.366244 0.091664 0.238900
v -0.501347 0.105856 0.035555
v -0.325522 0.090905 0.316035
v -0.531596 0.011182 -0.057070
v -0.147944 0.022201 0.627286
v -0.147099 0.075335 0.618146
v -0.315018 0.092766 0.263177
v -0.501922 0.000968 -0.057324
v -0.263742 0.000966 0.402016
v -0.412947 0.000965 0.108264
v -0.425981 0.000965 0.086492
v -0.251306 0.000966 0.429332
v -0.256691 0.000966 0.415884
v -0.414125 0.000965 0.128817
v -0.225061 0.000966 0.457798
v -0.186199 0.000966 0.475226
v -0.260846 0.090487 0.420316
v -0.441678 0.097853 0.130031
v -0.538488 0.056905 -0.066896
v -0.394618 0.097766 0.161118
v -0.531096 0.000970 -0.072005
v -0.137082 0.000970 0.602359
v -0.115954 0.000968 0.584601
v -0.451601 0.128534 0.100364
v -0.468964 0.000967 -0.099039
v -0.433101 0.000965 0.021193
v -0.429858 0.000965 0.039888
v -0.418901 0.000965 0.055630
v -0.424746 0.000965 0.071162
v -0.419318 0.000965 0.077586
v -0.277762 0.000966 0.394779
v -0.218596 0.088412 0.445523
v -0.472708 0.157768 0.051987
v -0.107919 0.048658 0.631736
v -0.179487 0.085204 0.483770
v -0.487632 0.000969 -0.074142
v -0.516148 0.000970 -0.099014
v -0.238905 0.087728 0.366993
v -0.271812 0.095208 0.333022
v -0.496226 0.113069 -0.037688
v -0.522220 0.000970 -0.124666
v -0.168375 0.090449 0.512767
v -0.177677 0.000966 0.476085
v -0.161060 0.000966 0.484217
v -0.436587 0.000966 -0.012066
v -0.426854 0.000965 0.002883
v -0.518670 0.063248 -0.119414
v -0.484528 0.185914 -0.015967
v -0.067683 0.000970 0.624449
v -0.321967 0.093824 0.195397
v -0.098713 0.088392 0.621570
v -0.235669 0.090731 0.395273
v -0.400560 0.116038 0.129771
v -0.494918 0.000969 -0.124760
v -0.127612 0.083601 0.563109
v -0.278263 0.090873 0.292869
v -0.469027 0.208174 0.032013
v -0.186956 0.090291 0.447466
v -0.504084 0.000970 -0.153461
v -0.097348 0.000967 0.501698
v -0.423049 0.000965 -0.032852
v -0.427833 0.000965 -0.027558
v -0.427216 0.000965 -0.020457
v -0.446809 0.181727 0.056214
v -0.484127 0.092210 -0.158847
v -0.390677 0.162325 0.081566
v -0.069200 0.041997 0.633732
v -0.504750 0.053653 -0.159751
v -0.022040 0.000969 0.609990
v -0.195441 0.083987 0.403418
v -0.275649 0.086246 0.228582
v -0.115214 0.090184 0.540017
v -0.469683 0.105960 -0.089868
v -0.355928 0.095475 0.153644
v -0.048052 0.020240 0.651157
v -0.481596 0.232255 -0.011241
v -0.362317 0.140107 0.103904
v -0.023607 0.000971 0.637306
v -0.225478 0.081047 0.326014
v -0.106647 0.000966 0.498823
v -0.133366 0.000966 0.490979
v -0.460459 0.000967 -0.164692
v -0.419840 0.000965 -0.069509
v -0.424265 0.000965 -0.050094
v -0.481216 0.034519 -0.182031
v -0.494723 0.000969 -0.192119
v -0.489952 0.000971 -0.180554
v -0.462590 0.269827 -0.007101
v -0.336890 0.107123 0.105759
v -0.400610 0.202364 0.080924
v -0.455568 0.256229 0.025360
v -0.200707 0.095852 0.356061
v -0.144899 0.089755 0.442734
v -0.062956 0.090370 0.599017
v -0.118283 0.094398 0.487401
v -0.422138 0.266984 0.067642
v -0.466232 0.171855 -0.068541
v -0.034830 0.081532 0.641417
v -0.164553 0.084521 0.389474
v -0.046865 0.000966 0.515143
v -0.070107 0.000966 0.507749
v -0.398631 0.000966 -0.153336
v -0.417041 0.000966 -0.106371
v -0.408286 0.000965 -0.089263
v -0.415371 0.000965 -0.080937
v -0.310474 0.100511 0.105422
v -0.463198 0.314126 0.033251
v -0.455842 0.285099 0.049647
v -0.291789 0.092330 0.158861
v -0.473401 0.216973 -0.086504
v -0.403435 0.243942 0.104205
v -0.002772 0.030105 0.634578
v -0.386929 0.287672 0.093880
v -0.451196 0.100145 -0.113262
v -0.061549 0.087267 0.535684
v -0.470627 0.062364 -0.223386
v -0.358012 0.240313 0.101782
v -0.449707 0.300627 -0.029672
v -0.200778 0.088793 0.313694
v -0.084357 0.088309 0.485700
v -0.225505 0.092964 0.259239
v -0.398595 0.328393 0.090057
v 0.016073 0.064852 0.645190
v -0.021877 0.000966 0.517265
v 0.038276 0.000968 0.616381
v -0.400024 0.000966 -0.121545
v -0.337305 0.135647 0.070223
v -0.459607 0.000970 -0.216397
v 0.028832 0.000971 0.641366
v -0.339355 0.196009 0.072447
v -0.130107 0.087679 0.415395
v -0.278322 0.088877 0.109621
v -0.413413 0.115803 -0.112846
v -0.437856 0.216234 -0.108465
v -0.418968 0.169167 -0.109706
v -0.158713 0.091522 0.362921
v -0.422005 0.358723 -0.068016
v 0.056879 0.086765 0.634051
v -0.090570 0.080376 0.439397
v -0.437332 0.373877 -0.003742
v -0.460012 0.000970 -0.230701
v -0.228692 0.090282 0.215224
v -0.363843 0.294492 0.117932
v -0.156128 0.089702 0.331032
v -0.318172 0.101000 0.040283
v -0.025124 0.000966 0.510797
v -0.001212 0.000966 0.524103
v -0.370162 0.000966 -0.190642
v -0.393834 0.000966 -0.137598
v -0.417774 0.371032 0.048065
v -0.355313 0.367761 0.100555
v -0.393645 0.423882 0.148877
v -0.414554 0.432943 0.107390
v -0.361063 0.385258 0.163716
v -0.024376 0.088201 0.563483
v -0.405150 0.497414 0.123888
v -0.402621 0.095655 -0.157293
v -0.311251 0.231577 0.113358
v -0.446232 0.246585 -0.100196
v -0.399409 0.000968 -0.248815
v -0.233058 0.094074 0.165126
v -0.446628 0.415147 0.031886
v -0.414685 0.413394 0.071998
v -0.367791 0.469735 0.156864
v -0.391874 0.320837 -0.103207
v 0.060005 0.000971 0.644178
v -0.445993 0.091538 -0.234951
v -0.294064 0.185051 0.066065
v -0.108917 0.089686 0.374599
v -0.089036 0.095013 0.406332
v -0.446806 0.039909 -0.261743
v -0.048252 0.085593 0.461594
v -0.415494 0.296774 -0.075986
v -0.441722 0.384524 -0.026664
v -0.462065 0.416416 -0.050847
v -0.159972 0.089782 0.286296
v -0.317698 0.342618 0.147696
v -0.381477 0.000966 -0.164723
v -0.139027 0.096026 0.254101
v -0.268747 0.455974 0.346955
v -0.276532 0.407608 0.285062
v -0.226040 0.379498 0.356648
v -0.298790 0.286662 0.123903
v -0.311273 0.469954 0.248654
v 0.049019 0.057737 0.654276
v 0.346693 0.841799 1.641324
v 0.324959 0.869114 1.584647
v 0.334168 0.815399 1.604423
v 0.361926 0.823585 1.646803
v -0.324868 0.521996 0.265328
v -0.220301 0.447067 0.398996
v -0.453397 0.483725 -0.023581
v -0.433730 0.526915 0.053758
v -0.358500 0.529045 0.193389
v -0.345390 0.537888 0.208917
v -0.185166 0.091071 0.233048
v -0.262812 0.497939 0.357868
v -0.190868 0.393502 0.401488
v -0.423188 0.459404 0.031271
v 0.040363 0.089321 0.573308
v -0.317888 0.404884 0.166668
v -0.263621 0.368515 0.274139
v -0.211852 0.333478 0.327500
v -0.272430 0.109731 0.064169
v -0.439480 0.000971 -0.249368
v -0.104210 0.089156 0.335275
v -0.422104 0.537269 0.108336
v 0.318258 0.812809 1.556525
v -0.295572 0.127701 0.008216
v 0.361890 0.853688 1.617244
v -0.424907 0.209816 -0.133134
v -0.311667 0.583844 0.266229
v 0.084726 0.000969 0.624173
v -0.445491 0.575478 0.061496
v -0.361655 0.106142 -0.118356
v 0.357495 0.807250 1.593658
v -0.314664 0.644185 0.352229
v -0.301250 0.626105 0.309271
v -0.290397 0.599187 0.339482
v -0.295186 0.637584 0.369776
v -0.270131 0.561351 0.355378
v -0.321029 0.445329 0.179860
v 0.013058 0.086069 0.513148
v 0.294913 0.854246 1.522831
v 0.302334 0.831778 1.503439
v 0.303080 0.824447 1.542167
v -0.181646 0.091685 0.182376
v -0.188819 0.343121 0.366139
v -0.241143 0.332411 0.256690
v -0.225375 0.526072 0.406787
v -0.414079 0.504151 -0.007428
v 0.095324 0.022371 0.648808
v -0.343081 0.580303 0.222465
v 0.092807 0.000968 0.583913
v -0.349337 0.000967 -0.234655
v -0.376553 0.000966 -0.178846
v 0.037441 0.000966 0.529986
v -0.282080 0.397329 0.219989
v -0.164645 0.460775 0.435584
v -0.404814 0.632725 0.110995
v -0.291445 0.660237 0.309289
v -0.257413 0.654280 0.349188
v 0.095946 0.054658 0.647456
v -0.211218 0.301432 0.291732
v -0.269442 0.182885 0.025638
v -0.254860 0.212261 0.088248
v -0.421275 0.034433 -0.296337
v -0.232682 0.107526 0.128451
v -0.390157 0.263355 -0.117221
v -0.451551 0.460600 -0.087544
v -0.448870 0.411353 -0.097789
v -0.253616 0.609732 0.368316
v -0.289374 0.108621 0.024532
v 0.334449 0.798876 1.525514
v -0.236331 0.100347 0.097260
v -0.414688 0.085551 -0.288408
v -0.153399 0.363154 0.400323
v -0.379989 0.150079 -0.116811
v -0.172271 0.511948 0.440459
v -0.082207 0.084900 0.352621
v 0.106809 0.082168 0.638797
v 0.282751 0.843684 1.467749
v -0.321243 0.644332 0.217023
v -0.450172 0.550646 -0.014504
v -0.110062 0.101090 0.278585
v -0.445705 0.626553 0.034140
v -0.183820 0.290887 0.324568
v -0.284933 0.294074 0.148060
v -0.212555 0.105615 0.137824
v -0.182551 0.096348 0.154463
v 0.281347 0.887597 1.482987
v -0.204044 0.581812 0.419626
v 0.286052 0.908765 1.499375
v -0.282833 0.387907 0.171383
v 0.297479 0.820158 1.463194
v -0.269517 0.294326 0.149433
v -0.221732 0.293144 0.252266
v -0.265533 0.262735 0.119358
v -0.395170 0.221569 -0.153676
v 0.361720 0.872058 1.566421
v -0.407788 0.000970 -0.294157
v -0.352361 0.631561 0.186576
v -0.370536 0.092457 -0.183154
v 0.279151 0.872463 1.429156
v 0.317118 0.914384 1.520391
v 0.348951 0.803093 1.507619
v -0.362752 0.000966 -0.207836
v -0.358226 0.000966 -0.211069
v -0.370479 0.000966 -0.196058
v -0.352725 0.100878 -0.150430
v -0.056092 0.092012 0.396744
v 0.269433 0.930115 1.463021
v -0.366271 0.285291 -0.110112
v -0.254809 0.344593 0.176207
v -0.178849 0.268100 0.267746
v -0.083456 0.307331 0.374286
v -0.224287 0.297651 0.207340
v -0.280716 0.111062 -0.004278
v -0.141062 0.089485 0.206660
v 0.372370 0.851247 1.568524
v -0.165956 0.588308 0.434438
v -0.427048 0.519206 -0.050604
v -0.147414 0.278554 0.319062
v -0.140817 0.251604 0.283823
v 0.352246 0.901795 1.528555
v -0.251811 0.102771 0.009032
v -0.280982 0.160994 0.006392
v -0.236772 0.129890 0.033895
v -0.185365 0.267101 0.236108
v 0.316886 0.816978 1.460124
v -0.130568 0.104832 0.220356
v -0.379931 0.094971 -0.240112
v -0.009746 0.084749 0.439588
v -0.191345 0.661326 0.400860
v -0.460805 0.579856 -0.039467
v -0.367157 0.711443 0.103797
v 0.052931 0.087634 0.518416
v 0.119819 0.015488 0.644937
v 0.152123 0.000970 0.619345
v -0.242338 0.277361 0.176555
v -0.291663 0.111991 -0.029863
v 0.292158 0.954446 1.462015
v -0.105187 0.406332 0.430481
v -0.085194 0.359426 0.390378
v -0.368173 0.200594 -0.144876
v -0.326419 0.172610 -0.104384
v 0.266867 0.926367 1.421641
v -0.398449 0.366773 -0.118560
v -0.065480 0.101372 0.339316
v -0.219863 0.266607 0.168967
v -0.227176 0.101751 0.055802
v -0.311405 0.000967 -0.273607
v 0.070632 0.000966 0.500322
v -0.237998 0.239003 0.104481
v -0.458671 0.563111 -0.102432
v 0.313488 0.848492 1.417236
v 0.183297 0.063835 0.633225
v -0.419001 0.396138 -0.161441
v -0.422143 0.518738 -0.086150
v -0.186967 0.292909 0.201092
v -0.279564 0.155019 -0.026300
v -0.198447 0.134184 0.070991
v -0.070102 0.087322 0.302913
v -0.348203 0.199591 -0.118025
v 0.282241 0.890154 1.382088
v -0.305700 0.105699 -0.108622
v -0.291536 0.113637 -0.071508
v 0.013966 0.091917 0.455056
v -0.449608 0.648950 -0.013562
v -0.429876 0.465970 -0.169826
v -0.138061 0.104375 0.178688
v -0.097746 0.111132 0.257723
v -0.144257 0.243762 0.251666
v -0.101553 0.285936 0.359658
v -0.153605 0.083070 0.154923
v -0.013124 0.093010 0.390258
v -0.226943 0.266787 0.100995
v 0.101136 0.091012 0.591328
v 0.369463 0.839848 1.519327
v -0.288038 0.707643 0.255161
v -0.390077 0.022705 -0.326408
v -0.340936 0.234246 -0.113426
v -0.286452 0.133789 -0.041860
v 0.333689 0.954281 1.496456
v -0.306349 0.095623 -0.144451
v -0.297700 0.171713 -0.073510
v -0.171856 0.117919 0.117116
v -0.186457 0.272184 0.195878
v -0.098066 0.248176 0.308861
v -0.285944 0.093511 -0.178178
v -0.455406 0.614281 -0.101615
v -0.438631 0.662507 -0.075367
v 0.295031 0.979787 1.400002
v -0.056562 0.098222 0.265866
v -0.307832 0.688908 0.179099
v 0.368615 0.885289 1.485229
v -0.255990 0.710763 0.298666
v -0.287782 0.126347 -0.050782
v -0.223979 0.220386 0.087330
v -0.158347 0.091981 0.127964
v -0.325722 0.000966 -0.255103
v -0.393668 0.703073 0.027696
v -0.030780 0.090896 0.335087
v 0.362863 0.945642 1.489691
v -0.091845 0.585729 0.464675
v -0.079743 0.501892 0.474251
v 0.058018 0.087595 0.474748
v 0.285829 0.922174 1.368034
v 0.362109 0.857834 1.456559
v -0.333017 0.718770 0.136916
v -0.364260 0.000969 -0.321866
v -0.285149 0.146883 -0.052000
v -0.258170 0.119337 -0.042539
v -0.238585 0.147106 0.021070
v -0.046709 0.078507 0.309926
v -0.155869 0.251143 0.210403
v 0.008380 0.089366 0.384113
v -0.029048 0.430734 0.474389
v -0.369111 0.076209 -0.341996
v -0.426839 0.678900 -0.020028
v -0.113257 0.228753 0.262866
v -0.058023 0.264278 0.343944
v -0.386666 0.353674 -0.172193
v -0.431710 0.534131 -0.138491
v 0.318886 0.970907 1.470653
v -0.355393 0.000971 -0.356790
v -0.263513 0.143332 -0.046504
v 0.267873 0.000970 0.591968
v -0.195936 0.268519 0.119810
v 0.106531 0.088419 0.524687
v 0.172010 0.008165 0.629253
v -0.308580 0.243031 -0.105133
v 0.339544 0.874002 1.385202
v -0.124977 0.621283 0.457127
v -0.267437 0.110850 -0.100763
v 0.307824 0.888208 1.337123
v -0.167584 0.265858 0.133560
v -0.415796 0.443649 -0.201035
v -0.411368 0.374088 -0.179524
v -0.311004 0.276383 -0.166698
v -0.064950 0.387475 0.442214
v -0.442170 0.568689 -0.182644
v 0.325817 1.032967 1.435881
v -0.151163 0.667407 0.426473
v -0.234004 0.104749 -0.038951
v -0.248867 0.138945 -0.034550
v -0.270187 0.185495 -0.049489
v -0.125051 0.099739 0.148284
v -0.189381 0.168910 0.065489
v -0.104462 0.110865 0.172940
v 0.088647 0.000966 0.514508
v 0.126073 0.000967 0.521229
v -0.416853 0.509212 -0.174013
v -0.324322 0.093837 -0.263973
v 0.325227 1.003870 1.452300
v 0.172396 0.034040 0.624143
v -0.143985 0.266253 0.176339
v -0.035553 0.342468 0.425100
v 0.031282 0.100858 0.388769
v 0.370062 0.876310 1.420172
v -0.302043 0.731502 0.195031
v 0.612874 1.163842 2.064685
v 0.605412 1.163278 2.105635
v 0.603036 1.193481 2.051863
v 0.613959 1.207723 2.095618
v 0.604762 1.222828 2.076526
v -0.238458 0.091810 -0.077943
v -0.029538 0.107580 0.305402
v -0.188189 0.245041 0.101885
v -0.236853 0.774641 0.282755
v 0.326087 0.966647 1.360374
v -0.334801 0.899399 0.214943
v -0.343415 0.844644 0.187358
v -0.323030 0.835343 0.237778
v -0.425655 0.722739 -0.072425
v -0.356336 0.093643 -0.339417
v -0.162491 0.718134 0.371386
v -0.329292 0.773187 0.110144
v -0.441324 0.605703 -0.179001
v -0.074711 0.224724 0.279043
v -0.048720 0.238761 0.321415
v -0.417387 0.392152 -0.251726
v -0.025330 0.272835 0.373707
v -0.254558 0.204073 -0.059944
v 0.044782 0.091769 0.401680
v -0.284667 0.829555 0.271708
v -0.283666 0.781072 0.220351
v -0.345953 0.751003 0.079303
v -0.399737 0.366411 -0.220016
v 0.007165 0.091409 0.327829
v 0.360503 0.966462 1.462263
v 0.613583 1.190603 1.994066
v 0.636229 1.201186 2.063354
v -0.280099 0.885544 0.280496
v 0.205450 0.000970 0.610210
v -0.042182 0.239229 0.298932
v -0.116037 0.132261 0.117846
v -0.108102 0.208976 0.147426
v -0.060461 0.130653 0.224871
v -0.288837 0.000967 -0.301508
v -0.352085 0.906506 0.133777
v -0.292088 0.254435 -0.125120
v -0.389993 0.489321 -0.248897
v -0.398347 0.758478 -0.043700
v 0.079258 0.089225 0.419541
v 0.203235 0.079226 0.617829
v -0.357490 0.862505 0.126101
v 0.380776 0.901244 1.440048
v -0.248437 0.092038 -0.147360
v -0.306665 0.799814 0.177722
v -0.080900 0.205111 0.246774
v 0.089550 0.405441 0.664240
v 0.061782 0.412742 0.613409
v 0.090378 0.389215 0.661344
v 0.349840 0.908517 1.368217
v -0.002982 0.078171 0.296505
v -0.309049 0.763506 0.148408
v 0.599282 1.212559 2.011980
v -0.237747 0.800770 0.281237
v 0.220642 0.018243 0.616923
v -0.337064 0.055249 -0.380988
v -0.341446 0.834852 0.127278
v 0.068780 0.382487 0.595822
v -0.319034 0.294204 -0.177172
v 0.003266 0.386344 0.457957
v -0.314467 0.948704 0.217676
v 0.104910 0.086988 0.470885
v -0.212577 0.169189 -0.056770
v -0.104160 0.101400 0.118640
v -0.094517 0.096714 0.142419
v -0.133147 0.251152 0.160863
v 0.640652 1.238280 2.065591
v -0.129059 0.218428 0.108368
v -0.245202 0.873402 0.297917
v 0.043916 0.405890 0.588528
v 0.328221 1.055947 1.382387
v -0.316398 0.817409 0.108555
v 0.359623 1.057655 1.468974
v -0.358185 0.740105 0.022508
v -0.211850 0.096236 -0.151547
v 0.064913 0.092675 0.365638
v -0.248921 0.093346 -0.234629
v -0.342442 0.348553 -0.228477
v -0.413488 0.547147 -0.208858
v 0.372648 0.942338 1.433632
v 0.204921 0.087808 0.587260
v 0.616038 1.260325 2.045994
v 0.042423 0.399129 0.535176
v -0.323322 0.306146 -0.210699
v -0.042592 0.624590 0.467989
v -0.022045 0.543004 0.477200
v 0.006590 0.412315 0.496067
v 0.007328 0.472158 0.491457
v -0.396098 0.725403 -0.140475
v 0.022397 0.424925 0.535128
v 0.005839 0.305179 0.411328
v -0.001758 0.112767 0.294602
v -0.308106 0.000969 -0.374895
v -0.093462 0.131038 0.151033
v -0.016231 0.127418 0.244049
v 0.146600 0.000966 0.513542
v 0.169719 0.000967 0.513879
v -0.302536 0.000967 -0.280293
v 0.082186 0.424004 0.616036
v -0.413451 0.423878 -0.268533
v 0.639373 1.187524 2.033423
v 0.177341 0.085546 0.549217
v 0.052856 0.449225 0.567290
v -0.232364 0.212130 -0.087903
v -0.412722 0.676390 -0.155197
v 0.590738 1.252193 1.985305
v 0.020602 0.097823 0.304720
v 0.035996 0.086078 0.323310
v -0.119709 0.256720 0.124793
v -0.034524 0.220117 0.259205
v -0.380173 0.360618 -0.262475
v -0.377256 0.608813 -0.289924
v 0.374070 1.028204 1.470527
v 0.018134 0.442154 0.508591
v -0.308694 0.800766 0.097868
v -0.298317 0.093739 -0.323180
v 0.096148 0.394485 0.597774
v -0.332713 0.876828 0.069250
v 0.320148 1.048992 1.340211
v -0.017240 0.227660 0.316217
v 0.646122 1.200494 1.977570
v -0.202543 0.082022 -0.114860
v -0.201259 0.104591 -0.091844
v 0.032119 0.380807 0.471627
v 0.158077 0.091065 0.492005
v -0.041810 0.724040 0.413079
v -0.413550 0.638982 -0.213668
v 0.042373 0.479526 0.505254
v -0.018907 0.213596 0.277585
v -0.127092 0.798574 0.338647
v -0.204675 0.949529 0.299177
v -0.390918 0.759394 -0.109542
v -0.299384 0.817518 0.053589
v -0.385577 0.383320 -0.288521
v -0.295891 0.983881 0.140520
v 0.362095 0.958596 1.381307
v 0.370798 1.064641 1.444844
v -0.154759 0.156116 -0.094209
v -0.074958 0.167075 0.189710
v -0.053763 0.166249 0.216385
v -0.214387 0.093099 -0.182065
v 0.110993 0.090863 0.391909
v 0.592548 1.224062 1.920208
v 0.029082 0.269683 0.374240
v 0.630549 1.286490 2.028345
v -0.198297 1.105920 0.495649
v -0.205585 1.074820 0.444702
v -0.191073 1.091578 0.503285
v -0.063243 0.748927 0.384565
v 0.051247 0.377978 0.495534
v -0.313911 0.000971 -0.390767
v 0.409595 1.109730 1.503190
v 0.393130 1.065606 1.462487
v 0.614689 1.197348 1.918870
v 0.052633 0.317858 0.429592
v 0.630337 1.299932 2.000201
v 0.054814 0.337959 0.474878
v 0.079969 0.316636 0.546582
v 0.244766 0.052486 0.612856
v 0.383591 1.019046 1.438307
v 0.085843 0.299141 0.537371
v 0.605317 1.287372 1.980344
v 0.093511 0.411803 0.529438
v -0.099531 0.238149 0.114979
v 0.015662 0.221871 0.315123
v 0.028890 0.247143 0.334855
v -0.192265 0.228063 -0.107280
v -0.333461 0.925376 0.086311
v 0.088801 0.443017 0.556278
v -0.246081 0.977296 0.245701
v -0.160248 1.063416 0.444972
v 0.402806 1.130666 1.480752
v 0.083944 0.354162 0.535168
v 0.105143 0.337120 0.527859
v -0.348056 0.831946 -0.054817
v 0.075658 0.377682 0.512244
v -0.293776 0.092436 -0.388935
v -0.119260 0.852734 0.333242
v 0.040171 0.500273 0.482551
v 0.589538 1.280361 1.933225
v 0.346833 1.023127 1.315375
v 0.383985 1.003691 1.364799
v 0.067128 0.097118 0.315607
v 0.093975 0.084064 0.333970
v -0.363733 0.788989 -0.054723
v 0.668841 1.237375 2.018680
v -0.273059 0.990231 0.198992
v -0.178568 0.889976 0.319961
v -0.192693 0.107353 -0.141781
v 0.014306 0.199840 0.243367
v -0.159044 0.132462 -0.110553
v -0.010087 0.175292 0.239657
v -0.218814 0.000967 -0.344148
v 0.000748 0.152321 0.232200
v 0.187355 0.000967 0.506319
v 0.206161 0.000967 0.492615
v -0.253157 0.000967 -0.320238
v -0.267012 0.000967 -0.303862
v -0.360172 0.450474 -0.291071
v 0.319217 1.111121 1.324079
v -0.343893 0.394571 -0.290392
v -0.215824 0.245059 -0.145208
v -0.162236 1.083581 0.464829
v -0.290250 0.327300 -0.266338
v 0.071747 0.283687 0.393340
v -0.031101 0.674666 0.449752
v 0.382120 1.025576 1.388346
v 0.370146 1.052874 1.410039
v -0.245784 0.261629 -0.190267
v 0.090618 0.327729 0.478049
v 0.364234 1.066497 1.390996
v -0.159883 1.105721 0.449322
v 0.331806 1.057190 1.283561
v -0.174982 1.100334 0.405232
v 0.409703 1.095221 1.469512
v 0.579811 1.270802 1.878215
v 0.041054 0.108778 0.243280
v -0.299554 0.040356 -0.400351
v 0.359542 1.128365 1.372331
v -0.236676 0.096150 -0.312668
v 0.149999 0.083011 0.438639
v 0.181209 0.087884 0.474628
v -0.308426 0.362243 -0.265176
v -0.193540 1.062060 0.398497
v 0.224083 0.088634 0.541577
v 0.653641 1.205616 1.944725
v 0.065818 0.264544 0.362331
v 0.087503 0.319901 0.430570
v -0.536173 0.549835 -0.484953
v -0.560948 0.529169 -0.510906
v -0.457231 0.545080 -0.420182
v 0.311571 1.106690 1.282785
v -0.366026 0.779352 -0.112861
v 0.616832 1.335238 1.914540
v 0.038517 0.623877 0.460739
v 0.272733 0.080367 0.590361
v 0.382186 1.123672 1.378950
v -0.192104 0.102760 -0.184967
v -0.182564 1.040027 0.390057
v 0.428134 1.132100 1.491352
v 0.593261 1.301080 1.897058
v -0.372033 0.728275 -0.197707
v 0.031503 0.566251 0.474924
v 0.059849 0.491932 0.470768
v 0.087259 0.462043 0.491014
v -0.242593 0.000967 -0.329131
v -0.464174 0.573700 -0.436511
v -0.147794 1.026084 0.390193
v -0.147126 1.067589 0.482324
v -0.380531 0.527666 -0.262868
v -0.376627 0.583253 -0.280270
v 0.283669 0.046919 0.595346
v 0.608369 1.242799 1.867082
v -0.231660 1.034527 0.228279
v -0.483502 0.527348 -0.475131
v -0.201463 0.094477 -0.264358
v 0.435297 1.166725 1.536235
v -0.140226 1.085437 0.477705
v 0.634593 1.141094 1.894185
v 0.617132 1.171720 1.842004
v 0.620097 1.089852 1.872744
v -0.252386 0.000970 -0.432407
v 0.060952 0.071444 0.248763
v 0.072469 0.083433 0.281597
v 0.666661 1.293217 1.996349
v 0.075451 0.230378 0.317533
v -0.366942 0.690540 -0.235225
v -0.322208 0.846103 -0.035501
v -0.131174 1.008721 0.432471
v -0.110724 1.060037 0.462990
v 0.154692 0.085851 0.386677
v -0.287664 0.945201 0.020599
v -0.461606 0.567511 -0.471734
v 0.110032 0.358861 0.431867
v 0.172445 0.082117 0.417564
v -0.149845 0.112876 -0.147817
v 0.674103 1.232936 1.964364
v -0.302654 0.960107 0.066802
v 0.451310 1.155813 1.526359
v -0.135496 1.001444 0.375208
v -0.359679 0.653114 -0.291279
v 0.100520 0.390280 0.469327
v 0.657446 1.131359 1.865452
v 0.272348 0.086688 0.546355
v 0.644563 1.319947 1.963397
v 0.393971 1.087166 1.380624
v 0.097319 0.084921 0.288176
v 0.681272 1.262363 1.980089
v 0.370579 1.169654 1.352955
v 0.440742 1.174922 1.501535
v -0.144482 1.112432 0.420593
v -0.337360 0.499491 -0.295123
v -0.107354 1.042382 0.464780
v -0.356380 0.758472 -0.151185
v -0.174698 0.980033 0.281288
v -0.171554 1.044128 0.352428
v 0.222394 0.084263 0.496017
v 0.657749 1.226509 1.890163
v 0.107864 0.072044 0.234175
v 0.110653 0.091567 0.321562
v 0.062063 0.118950 0.211881
v 0.221086 0.000967 0.480977
v 0.238391 0.000967 0.466289
v 0.371271 0.000969 0.510423
v 0.626735 1.135401 1.814436
v -0.134246 1.104938 0.441669
v -0.255543 0.309230 -0.247130
v -0.362223 0.541207 -0.291212
v 0.365147 1.042400 1.283989
v 0.332842 1.135331 1.267843
v 0.339766 1.165565 1.322809
v -0.278928 0.895483 0.016766
v 0.438892 1.220972 1.549078
v 0.464574 1.210772 1.576560
v 0.107880 0.254887 0.338683
v 0.638231 1.218792 1.870053
v 0.603295 1.307828 1.846858
v 0.330270 1.078240 1.231766
v 0.108361 0.426608 0.469265
v 0.405435 1.044167 1.355710
v -0.159331 1.109645 0.358338
v 0.461783 1.186506 1.551782
v 0.596268 1.275986 1.821758
v 0.653751 1.139446 1.826662
v 0.449263 1.181236 1.481610
v -0.241207 0.032999 -0.432513
v 0.471505 1.250034 1.599953
v -0.108503 0.972863 0.415933
v 0.444352 1.290029 1.585580
v 0.444588 1.286482 1.537539
v -0.065491 0.848218 0.356691
v 0.468861 1.290436 1.614812
v 0.305450 0.000971 0.582145
v 0.408808 1.051287 1.311617
v -0.154954 0.100385 -0.192450
v -0.146567 0.224147 -0.136492
v 0.031880 0.210665 0.225520
v 0.057914 0.217047 0.226694
v -0.135532 0.921441 0.312751
v -0.266276 0.060396 -0.430061
v 0.122199 0.298905 0.377784
v 0.619103 1.241267 1.825732
v 0.338186 1.105874 1.232736
v 0.001506 0.714174 0.418637
v 0.105684 0.475829 0.458597
v 0.677762 1.179612 1.857038
v -0.232864 1.043427 0.157069
v -0.206604 1.052222 0.184742
v -0.157711 1.125823 0.399181
v 0.391960 1.172073 1.401032
v -0.318493 0.454039 -0.304989
v -0.063018 1.002784 0.450319
v -0.191298 0.288553 -0.231740
v 0.233822 0.090199 0.467124
v -0.389672 0.578752 -0.332394
v 0.643365 1.187282 1.862629
v 0.332928 1.214860 1.343091
v 0.317674 1.201473 1.295575
v -0.345979 0.833250 -0.138142
v -0.274950 0.918821 -0.019687
v -0.190803 1.001963 0.261062
v 0.324450 1.266520 1.329815
v 0.345768 1.251118 1.376300
v -0.418862 0.534461 -0.430233
v -0.206343 0.260132 -0.195065
v 0.123536 0.065184 0.292927
v 0.330234 0.000970 0.560600
v -0.275233 0.410369 -0.301362
v -0.377937 0.550474 -0.334789
v -0.339970 0.766864 -0.221973
v -0.062928 0.962359 0.435587
v -0.078838 1.060845 0.416928
v 0.679366 1.312964 1.950056
v 0.350517 1.073109 1.229518
v 0.333479 1.176372 1.280150
v 0.410036 1.098466 1.363051
v 0.482966 1.175586 1.525733
v 0.627368 1.164173 1.769217
v 0.606617 1.206547 1.763529
v -0.190897 1.083264 0.243971
v -0.219598 0.000971 -0.449630
v -0.121983 0.091106 -0.139298
v -0.106776 0.187065 -0.121756
v 0.263610 0.000967 0.454235
v -0.178219 0.000967 -0.362526
v -0.195286 0.000967 -0.349381
v -0.235205 0.093436 -0.429863
v 0.097045 0.537606 0.463486
v 0.646772 1.339649 1.868897
v 0.682574 1.241168 1.906539
v -0.282678 0.987818 0.038417
v -0.113029 0.957375 0.363843
v -0.088193 0.923254 0.400439
v -0.021893 0.825273 0.373653
v 0.126373 0.332810 0.400924
v 0.605030 1.237206 1.771691
v 0.669369 1.207485 1.860937
v -0.326536 0.858010 -0.099320
v -0.183251 0.263989 -0.197409
v 0.432965 1.230287 1.493197
v 0.096677 0.244791 0.306290
v 0.480409 1.332946 1.599228
v 0.507006 1.241026 1.601239
v -0.390418 0.606620 -0.376432
v 0.565833 1.271053 1.735401
v 0.576632 1.318322 1.803993
v 0.055082 0.669742 0.434120
v -0.378430 0.605465 -0.335983
v -0.256030 1.021809 0.076076
v -0.260893 1.034876 0.127270
v 0.322260 1.258640 1.272756
v -0.324857 0.531093 -0.318023
v 0.390458 1.220884 1.393270
v -0.135137 1.013728 0.319284
v 0.429894 1.271878 1.469915
v 0.559994 1.320107 1.752868
v -0.194581 1.039988 0.264978
v -0.062176 1.039146 0.497023
v 0.403442 1.208785 1.437353
v 0.422767 1.182997 1.419784
v 0.452049 1.133357 1.387332
v 0.492352 1.219030 1.556459
v -0.367951 0.533961 -0.374058
v 0.184535 0.071056 0.378585
v 0.151804 0.435499 0.436129
v 0.619827 1.182946 1.732587
v -0.394145 0.589672 -0.417605
v 0.643146 1.147441 1.767640
v -0.333823 0.743640 -0.261425
v -0.133697 1.121830 0.374074
v 0.672451 1.345409 1.914433
v 0.650835 1.370747 1.907775
v 0.381506 1.262539 1.393692
v 0.494061 1.191549 1.529387
v 0.522390 1.272686 1.638782
v 0.000505 0.798177 0.389843
v 0.517977 1.315810 1.653704
v 0.544726 1.304456 1.714824
v 0.554286 1.260921 1.679444
v -0.349736 0.631167 -0.320897
v 0.426091 1.088160 1.332388
v 0.331834 1.202192 1.263170
v 0.582783 1.348455 1.784818
v -0.071983 0.893574 0.354748
v 0.165392 0.076451 0.307357
v 0.515825 1.217122 1.586238
v 0.216284 0.088715 0.406447
v 0.226611 0.075400 0.426868
v 0.112149 0.447545 0.446497
v -0.092144 1.096841 0.379617
v -0.190738 0.094461 -0.367234
v -0.277201 1.055366 0.105567
v -0.288107 1.103019 0.119840
v -0.130692 0.970064 0.305254
v -0.147227 1.077927 0.310877
v 0.625520 1.327861 1.831807
v 0.638797 1.387771 1.874514
v -0.111744 0.927100 0.328613
v -0.126445 0.096207 -0.256707
v 0.693582 1.293374 1.906466
v -0.040990 0.912690 0.421280
v -0.037091 1.011955 0.502965
v -0.051498 1.051340 0.528660
v 0.090914 0.622157 0.452876
v 0.333995 1.087861 1.202727
v -0.294924 1.110508 0.085454
v 0.401673 1.067266 1.275485
v -0.328850 0.844448 -0.167010
v -0.143745 1.022168 0.277761
v -0.097150 0.096570 -0.191786
v 0.450477 1.123827 1.360824
v -0.108868 0.094522 -0.147621
v -0.093468 0.155154 -0.118741
v 0.089244 0.185772 0.196858
v 0.282059 0.000968 0.462711
v 0.311132 0.000968 0.446511
v 0.269272 0.000967 0.455895
v 0.465274 1.314633 1.516262
v -0.022607 1.057496 0.530700
v 0.344438 0.039907 0.565491
v -0.292835 0.894290 -0.055916
v -0.284575 0.489469 -0.317483
v -0.054165 1.066210 0.463842
v -0.246243 1.112474 0.145047
v 0.364447 1.250101 1.218717
v 0.421411 1.295753 1.425486
v 0.545870 1.323455 1.697427
v 0.671371 1.253467 1.882654
v 0.107143 0.248594 0.277157
v 0.191530 0.037413 0.340098
v 0.205894 0.051144 0.360809
v 0.172205 0.401845 0.416042
v -0.004737 1.078071 0.497181
v -0.231283 0.382248 -0.295897
v -0.128811 1.131225 0.319340
v -0.398627 0.557141 -0.437315
v -0.027839 0.874989 0.395570
v -0.218210 0.350456 -0.270820
v -0.023071 0.980491 0.445992
v 0.262103 0.084303 0.456277
v -0.259708 1.085762 0.064880
v 0.343705 1.309767 1.301610
v 0.471973 1.177291 1.434966
v 0.620222 1.025835 1.655667
v 0.652371 1.027483 1.667791
v 0.633097 1.042777 1.695575
v 0.542434 1.334992 1.622861
v 0.332010 0.086078 0.547781
v 0.405879 1.311409 1.367052
v 0.533449 1.248295 1.624063
v 0.137161 0.588920 0.449387
v 0.594049 1.255306 1.709199
v 0.594201 1.357447 1.739183
v 0.370842 1.342383 1.329885
v 0.120843 0.215538 0.230555
v 0.534509 1.214482 1.556538
v 0.682482 1.154415 1.790879
v 0.183938 0.071087 0.296836
v -0.079787 0.087298 -0.140618
v -0.066082 0.121906 -0.126509
v 0.481009 1.166914 1.462987
v 0.071347 0.703728 0.430109
v -0.264531 1.054552 0.069180
v -0.306438 0.719547 -0.297852
v 0.372090 1.172946 1.230819
v -0.351228 0.543803 -0.397427
v -0.330527 0.604106 -0.373488
v -0.014102 1.091508 0.537298
v -0.019875 1.090189 0.573043
v 0.003752 1.079971 0.550489
v 0.335908 0.087644 0.479014
v 0.670945 1.260903 1.844837
v 0.205451 0.073781 0.329273
v 0.618024 1.348180 1.788542
v 0.181971 0.058474 0.244119
v 0.288809 0.000968 0.460857
v 0.299221 0.000968 0.450850
v 0.186553 0.082496 0.196800
v 0.139046 0.128626 0.190682
v 0.016332 0.976041 0.442308
v 0.005002 1.045427 0.533632
v 0.385927 1.108301 1.240534
v 0.385026 1.148694 1.243309
v 0.624758 1.066970 1.654073
v 0.130159 0.282254 0.322634
v 0.623888 1.091310 1.686102
v 0.643636 1.079571 1.707081
v 0.670686 1.305994 1.871242
v 0.665721 1.364317 1.878365
v 0.662305 1.063640 1.680465
v -0.288709 1.106119 0.046458
v -0.208152 1.121656 0.202886
v -0.176154 1.126313 0.260456
v 0.646840 1.314194 1.833401
v 0.159966 0.338748 0.364885
v 0.520747 1.173244 1.456691
v 0.465064 1.148709 1.392267
v 0.473968 1.163227 1.412197
v 0.490754 1.337603 1.549872
v 0.005830 0.918010 0.435275
v 0.041978 0.779112 0.395308
v 0.170367 0.515028 0.436760
v -0.303138 0.662978 -0.340065
v 0.598057 1.244240 1.674031
v 0.615320 1.111694 1.646047
v -0.334422 0.578679 -0.391909
v 0.645173 1.107641 1.715945
v 0.647016 1.208631 1.704020
v 0.655507 1.166474 1.708566
v 0.591791 1.335896 1.671667
v 0.465280 1.118972 1.285117
v -0.219658 1.115059 0.159847
v -0.149941 1.152584 0.290461
v 0.169952 0.074293 0.277116
v -0.139050 0.261443 -0.213506
v -0.191810 0.000970 -0.463697
v -0.323098 0.545823 -0.370958
v -0.050559 1.083799 0.436744
v 0.589323 1.221900 1.597358
v 0.583278 1.244769 1.636256
v -0.047166 1.131858 0.499528
v 0.617202 1.139163 1.660114
v 0.258383 0.082666 0.372398
v 0.388389 0.014046 0.527879
v 0.703792 1.242110 1.819910
v 0.632370 1.067243 1.626301
v 0.230853 0.083806 0.314119
v 0.158271 0.285067 0.295849
v -0.206526 0.047931 -0.453937
v -0.276624 0.517979 -0.336108
v 0.350176 1.334604 1.273629
v -0.301806 0.887132 -0.150432
v -0.174386 1.189425 0.219064
v -0.222625 1.005820 0.012118
v -0.141027 0.277930 -0.263545
v 0.661991 1.137545 1.704699
v -0.262063 0.927197 -0.097130
v 0.644380 1.334951 1.761999
v -0.077220 0.103942 -0.221430
v 0.468166 1.349841 1.436611
v 0.568974 1.204911 1.570596
v -0.060948 0.227843 -0.176113
v -0.145838 0.000967 -0.381458
v -0.159104 0.000967 -0.368090
v 0.317431 0.000968 0.441164
v 0.326981 0.000968 0.439665
v -0.071736 1.073710 0.362063
v 0.560407 1.192885 1.530691
v 0.040128 0.831761 0.419542
v 0.038613 0.862083 0.420098
v 0.626514 1.366941 1.774481
v -0.228750 0.963491 -0.015271
v -0.075144 1.169467 0.364482
v -0.073362 1.110633 0.363684
v -0.089681 1.204174 0.347961
v -0.030891 1.129992 0.467799
v -0.010627 1.108440 0.475789
v -0.198641 0.391134 -0.340854
v -0.215547 0.437894 -0.349753
v 0.125664 0.658656 0.433432
v 0.629675 1.178000 1.665040
v 0.431538 1.126753 1.261987
v 0.383537 1.289849 1.214534
v -0.151968 1.171715 0.261580
v 0.461805 1.113596 1.312415
v 0.140903 0.242326 0.260157
v 0.209525 0.000976 0.291751
v 0.686471 1.089194 1.686827
v 0.682222 1.149500 1.729419
v 0.478497 1.127934 1.382799
v -0.044962 1.056802 0.395515
v 0.554815 1.353948 1.566607
v 0.302083 0.084031 0.421224
v -0.147059 0.093128 -0.374685
v 0.431453 1.340286 1.359061
v 0.608719 1.143359 1.609781
v 0.626271 1.219160 1.665675
v 0.678922 1.078170 1.644233
v -0.282773 1.162887 0.022549
v -0.034647 0.103829 -0.169534
v -0.046177 0.089993 -0.148540
v 0.493267 1.140761 1.423033
v 0.031412 1.012055 0.477916
v 0.254631 0.089998 0.343869
v 0.397720 0.085201 0.502982
v 0.371214 0.048221 0.541376
v -0.255866 1.179994 0.063010
v -0.301018 0.816530 -0.244559
v 0.715161 1.226350 1.784502
v -0.112477 0.091854 -0.321841
v 0.633185 1.124476 1.574639
v 0.097184 0.726465 0.418420
v -0.161166 0.336747 -0.312295
v 0.031943 1.052099 0.465992
v 0.651750 1.183037 1.683698
v -0.032071 1.047629 0.357434
v 0.625006 1.356329 1.732496
v 0.676130 1.169583 1.708559
v 0.523312 1.161177 1.419503
v -0.033988 1.096364 0.431168
v 0.606314 1.216173 1.620735
v 0.387621 1.211713 1.217152
v -0.287350 0.631276 -0.356057
v -0.283120 0.851986 -0.255896
v -0.223085 0.983491 -0.054923
v 0.586750 1.328971 1.607171
v 0.553458 1.156221 1.476164
v 0.163046 0.211891 0.214584
v 0.257788 0.089519 0.268101
v -0.021630 0.178323 -0.132409
v 0.180405 0.107444 0.174983
v 0.340032 0.000968 0.444194
v 0.357090 0.000968 0.430615
v 0.216581 0.379729 0.384302
v -0.155142 0.089830 -0.466796
v -0.160895 0.096243 -0.426444
v 0.631162 1.191072 1.615699
v -0.270237 1.142695 -0.019276
v -0.267534 1.117663 0.009113
v -0.224719 1.071008 0.053625
v 0.179716 0.314225 0.330816
v 0.013013 1.104445 0.492536
v 0.088707 0.762013 0.421471
v 0.047082 0.901573 0.434191
v 0.386730 1.327699 1.260715
v 0.637259 1.396671 1.748408
v 0.711614 1.104789 1.653327
v -0.027428 0.108669 -0.205355
v 0.150468 0.231983 0.220535
v -0.152570 0.000970 -0.454197
v -0.162844 0.015657 -0.475019
v 0.087099 0.823358 0.455198
v 0.057534 0.961334 0.420093
v 0.281609 0.072585 0.349251
v -0.308255 0.589880 -0.374719
v 0.624661 1.172807 1.585741
v -0.206408 1.037753 0.029584
v -0.205070 1.174489 0.099050
v -0.190704 1.142275 0.180840
v -0.050853 0.095508 -0.239267
v -0.051969 1.142250 0.372033
v 0.709201 1.200663 1.742453
v -0.276526 0.555273 -0.388390
v 0.393368 1.322224 1.230109
v -0.196586 0.991413 -0.095102
v 0.508356 1.375704 1.470216
v 0.530955 1.372567 1.520847
v -0.004667 1.087047 0.383262
v 0.650128 1.108624 1.570985
v 0.686260 1.167999 1.685160
v -0.264140 0.749360 -0.309597
v -0.246840 0.933667 -0.135855
v 0.408426 1.351367 1.321384
v 0.707939 1.292585 1.779556
v 0.589835 1.188712 1.538443
v 0.649331 1.325595 1.740483
v 0.502178 1.129310 1.340414
v 0.549328 1.144671 1.383125
v -0.234225 0.493571 -0.353078
v 0.107669 0.760588 0.459599
v 0.216440 0.495785 0.447074
v 0.405127 0.049243 0.504394
v 0.697529 1.140696 1.686489
v 0.639348 1.157126 1.549959
v 0.136487 0.789750 0.485362
v 0.206174 0.586669 0.440032
v 0.020393 1.093056 0.435076
v -0.009259 1.090187 0.406986
v 0.614974 1.308520 1.667761
v 0.650263 1.289708 1.715718
v -0.133216 1.234778 0.205984
v -0.114936 1.212814 0.273850
v 0.217447 0.278286 0.289599
v 0.549634 1.162774 1.423332
v 0.002269 0.132590 -0.134471
v 0.183268 0.167509 0.193444
v 0.223221 0.079685 0.207102
v -0.103121 0.000967 -0.406582
v -0.111858 0.000967 -0.402700
v -0.124241 0.000967 -0.393389
v -0.172648 0.050594 -0.474810
v 0.067560 1.027966 0.433792
v -0.258937 0.803167 -0.290002
v -0.240159 0.944893 -0.173474
v -0.212335 1.092983 0.015857
v 0.614060 1.281794 1.644037
v 0.432384 0.000971 0.486625
v 0.405674 1.250763 1.205334
v 0.689816 1.330926 1.747374
v -0.090929 1.207729 0.304303
v 0.124284 0.897656 0.464804
v 0.497581 1.133494 1.287815
v -0.039014 1.083535 0.351277
v 0.261806 0.085342 0.291670
v 0.471567 1.379609 1.420072
v 0.464006 1.378411 1.380533
v -0.015355 1.103307 0.361268
v 0.129656 0.718638 0.425033
v 0.418794 1.344662 1.273285
v 0.456099 1.342205 1.301725
v 0.193957 0.255829 0.245002
v -0.241477 1.104015 -0.026549
v 0.637606 1.167035 1.530364
v 0.438069 1.214393 1.218981
v 0.479230 1.199469 1.236114
v 0.686597 1.205377 1.698112
v 0.595762 1.309011 1.590545
v 0.288896 0.060237 0.303885
v 0.320057 0.087696 0.379976
v -0.054710 0.248945 -0.235313
v -0.002305 0.117030 -0.166954
v 0.165411 0.734224 0.458073
v 0.690717 1.092372 1.604490
v -0.251186 1.161955 -0.043989
v 0.647026 1.276268 1.614878
v 0.668964 1.275332 1.667183
v 0.685472 1.291790 1.726314
v -0.156685 1.132965 0.145809
v 0.227486 0.307758 0.353794
v 0.562766 1.347305 1.534364
v -0.183235 1.049489 -0.006046
v -0.052239 1.204435 0.366321
v 0.188315 0.638541 0.411742
v 0.270646 0.487487 0.445404
v 0.095991 0.943953 0.431878
v 0.608101 1.291846 1.565903
v -0.256453 0.723233 -0.362310
v -0.254046 0.886348 -0.248984
v 0.350373 0.085784 0.406655
v -0.233585 1.189830 0.024737
v 0.312256 0.074476 0.330144
v 0.187013 0.233776 0.198662
v 0.610741 1.178635 1.484464
v -0.095113 0.000967 -0.400141
v -0.078641 0.000967 -0.405474
v 0.258038 0.357421 0.395404
v -0.012570 1.144072 0.384369
v 0.718974 1.280254 1.750325
v 0.581629 1.322496 1.526478
v -0.277667 1.146321 -0.089025
v -0.118739 1.211136 0.161748
v 0.254035 0.098951 0.233654
v 0.247059 0.302074 0.331713
v -0.103602 0.093868 -0.426465
v 0.542334 1.374774 1.478599
v 0.676204 1.144039 1.574123
v -0.300496 1.134548 -0.141176
v -0.282985 1.105678 -0.102115
v 0.732025 1.172666 1.650448
v 0.423428 1.286087 1.191398
v -0.063668 0.253655 -0.274886
v 0.514449 1.189427 1.253416
v 0.496862 1.412838 1.373285
v 0.024586 1.147413 0.410667
v -0.037305 1.267167 0.409627
v -0.033058 1.230482 0.389865
v -0.047317 1.237160 0.440768
v -0.270690 0.612114 -0.390187
v 0.687929 1.236428 1.678519
v -0.002101 0.095647 -0.229045
v 0.023305 0.103694 -0.176727
v 0.596072 1.168855 1.429068
v 0.270601 0.067032 0.257192
v 0.264566 0.513955 0.449366
v -0.043936 0.096625 -0.329728
v 0.453213 1.253815 1.198078
v 0.543316 1.149363 1.313975
v 0.177566 0.710383 0.414918
v -0.124308 0.027173 -0.489981
v -0.002550 1.224257 0.430201
v -0.001403 1.274779 0.457495
v 0.729393 1.143316 1.640787
v 0.404141 0.086040 0.422423
v -0.249416 0.673028 -0.393316
v -0.002533 1.217666 0.384902
v -0.009660 1.189230 0.377059
v -0.177652 0.420301 -0.374256
v 0.261188 0.437772 0.409261
v 0.219492 0.541808 0.428944
v 0.012469 1.246718 0.450911
v -0.101899 0.315827 -0.301689
v -0.296633 1.107776 -0.177791
v 0.436707 0.042185 0.489601
v -0.139344 1.156976 0.107480
v -0.063354 0.090774 -0.368753
v 0.218656 0.626243 0.424122
v 0.540475 1.393633 1.428217
v -0.273276 1.084236 -0.140675
v 0.631449 1.289765 1.541405
v 0.086655 0.974741 0.413735
v 0.169949 0.830082 0.496124
v 0.725113 1.137330 1.584950
v -0.217354 1.173036 -0.014757
v -0.218894 1.101462 -0.070770
v -0.178536 1.097284 0.001026
v -0.032322 0.094245 -0.276028
v -0.045686 1.265589 0.338019
v -0.060391 0.000970 -0.495138
v 0.022298 0.106453 -0.222208
v 0.224798 0.093144 0.137766
v 0.234866 0.143881 0.182061
v 0.577691 1.172160 1.403906
v 0.004184 0.219809 -0.196054
v 0.029023 0.195876 -0.159113
v 0.056620 0.126303 -0.129368
v 0.041359 0.166881 -0.130579
v 0.386353 0.000968 0.395359
v 0.373926 0.000968 0.416794
v 0.485149 0.000969 0.386763
v -0.064374 0.000967 -0.407588
v -0.074180 1.290531 0.263796
v -0.100391 0.056628 -0.494642
v -0.032222 1.297486 0.398893
v 0.668279 1.241902 1.617726
v -0.181033 1.054198 -0.045773
v 0.720696 1.206049 1.653539
v 0.429121 1.335500 1.202182
v -0.165789 1.180864 0.047474
v -0.180568 0.477629 -0.401541
v 0.482037 1.369768 1.336473
v 0.570429 1.349972 1.488923
v -0.105294 1.256636 0.213081
v 0.341734 0.081994 0.332409
v 0.225328 0.248921 0.242016
v 0.049527 1.094143 0.411069
v 0.017749 1.211422 0.454136
v 0.278053 0.281357 0.305722
v -0.224639 0.534848 -0.422924
v 0.569426 1.160473 1.344114
v -0.066049 1.314379 0.366080
v -0.275824 1.189269 -0.126177
v 0.603618 1.293663 1.508404
v 0.664041 1.255968 1.593034
v 0.234412 0.209512 0.216441
v 0.022166 1.221868 0.408907
v 0.299188 0.083657 0.269442
v 0.315725 0.059309 0.293934
v 0.574363 1.168430 1.375517
v -0.241219 0.573046 -0.424984
v 0.222952 0.778018 0.478155
v 0.202040 0.881998 0.481011
v 0.291139 0.083678 0.236897
v -0.150860 1.168819 0.068415
v 0.723317 1.227097 1.601501
v -0.217974 1.175185 -0.077990
v 0.683070 1.172907 1.546836
v 0.233572 0.660221 0.422030
v -0.292156 1.139669 -0.196733
v 0.462162 1.370761 1.257574
v -0.266521 1.212502 -0.156239
v 0.280023 0.618263 0.441454
v 0.038746 1.230061 0.453028
v 0.300308 0.428102 0.424588
v -0.114431 0.381961 -0.354626
v 0.158020 0.923823 0.460590
v 0.443169 0.019390 0.459661
v 0.445396 0.080811 0.465013
v 0.277140 0.089762 0.208172
v 0.395929 0.000968 0.384282
v -0.021239 0.000967 -0.405045
v -0.049963 0.000967 -0.405808
v -0.035992 0.000967 -0.401903
v 0.284057 0.254480 0.292953
v 0.010071 1.320624 0.422583
v -0.091537 0.088370 -0.473731
v -0.049252 0.289465 -0.293803
v 0.304484 0.575899 0.437642
v -0.269195 1.090734 -0.208013
v 0.619224 1.332137 1.503062
v 0.717593 1.163800 1.581053
v 0.692039 1.245270 1.555538
v -0.163291 1.047432 -0.103299
v -0.019966 1.352256 0.369904
v 0.025654 1.199910 0.374076
v 0.024924 0.104469 -0.270901
v 0.602957 1.149185 1.402099
v 0.640621 1.173666 1.456068
v 0.501215 1.247773 1.198110
v 0.087939 1.090405 0.420047
v -0.049013 1.308228 0.326622
v -0.074103 0.331060 -0.312399
v -0.231731 0.619296 -0.437911
v 0.311006 0.114583 0.226946
v -0.185085 1.201256 -0.003678
v 0.025880 0.096253 -0.287408
v -0.198296 0.918762 -0.315985
v 0.296750 0.119725 0.220583
v 0.381899 0.070614 0.369122
v 0.058153 0.113865 -0.197041
v 0.255660 0.091396 0.163009
v 0.279935 0.100484 0.156835
v -0.005284 0.236327 -0.263403
v 0.556797 1.175644 1.250983
v 0.105194 1.031610 0.414788
v 0.539349 1.421125 1.391648
v -0.171349 1.083938 -0.039728
v 0.478095 1.419136 1.306549
v 0.235578 0.745240 0.435349
v 0.578942 1.178381 1.290956
v 0.650227 1.268064 1.535926
v 0.458216 0.041687 0.455794
v -0.126573 1.210654 0.108378
v 0.345119 0.377089 0.404410
v 0.304820 0.488058 0.422295
v -0.201307 1.089980 -0.119898
v 0.336303 0.083646 0.262474
v 0.364737 0.088424 0.312687
v 0.498865 0.000970 0.404878
v 0.060123 1.190701 0.386275
v 0.339559 0.331609 0.378616
v -0.101845 1.235965 0.145443
v -0.008194 0.094861 -0.399974
v 0.301547 0.222676 0.290667
v -0.098337 0.420133 -0.383234
v -0.132234 0.436658 -0.400506
v 0.049956 1.288898 0.419575
v 0.493649 1.466493 1.327985
v 0.317627 0.092161 0.241343
v 0.641690 1.274807 1.491857
v 0.448470 1.301350 1.159847
v 0.051860 1.224308 0.401331
v 0.394598 0.084800 0.350530
v 0.052048 0.204842 -0.197645
v 0.092021 0.090286 -0.123593
v 0.092010 0.124103 -0.105412
v 0.635235 1.151500 1.363851
v 0.071178 0.207650 -0.172424
v 0.397251 0.000968 0.361650
v 0.409450 0.000968 0.349078
v 0.427552 0.000968 0.336304
v -0.266063 1.172802 -0.183289
v 0.667695 1.203220 1.474943
v 0.328341 0.299309 0.328856
v 0.464581 1.425966 1.259544
v 0.024295 1.330063 0.402271
v -0.220244 0.709598 -0.389999
v 0.229388 0.842186 0.484540
v 0.051731 0.106633 -0.234871
v 0.304839 0.179051 0.237639
v 0.323277 0.550557 0.435865
v -0.183113 0.498740 -0.441744
v 0.131542 1.054027 0.412006
v -0.260456 1.122944 -0.218566
v 0.146134 0.995626 0.422051
v 0.183557 0.976057 0.442894
v 0.597293 1.358900 1.430953
v -0.209129 1.226478 -0.068457
v -0.203448 0.986988 -0.216413
v 0.706789 1.211007 1.553490
v -0.050444 0.028091 -0.495384
v -0.221747 0.549216 -0.473853
v -0.238903 0.606919 -0.472770
v -0.183686 1.191190 -0.048076
v -0.183580 0.825613 -0.326811
v -0.177905 1.027694 -0.156805
v 0.443099 0.085910 0.399543
v 0.123600 0.093961 -0.111222
v -0.211361 1.078084 -0.166103
v -0.160415 1.084511 -0.086695
v 0.004067 0.000970 -0.496123
v 0.306812 0.163441 0.211656
v 0.277798 0.127822 0.189005
v -0.023537 1.328635 0.301888
v 0.436359 1.377311 1.165926
v -0.198703 0.927135 -0.276619
v -0.132590 1.233831 0.074338
v 0.010422 0.093215 -0.354903
v -0.046640 0.095142 -0.458976
v 0.104573 1.170803 0.390903
v -0.233782 1.252363 -0.112961
v -0.139590 1.271740 0.102036
v 0.099482 0.093861 -0.192457
v 0.127414 0.087562 -0.156621
v 0.622103 1.164135 1.335978
v 0.658104 1.163620 1.401800
v 0.460332 1.418414 1.194957
v 0.325845 0.204175 0.273558
v 0.572337 1.399550 1.403530
v 0.625771 1.331597 1.464938
v 0.662017 1.309141 1.480153
v 0.671132 1.291011 1.483630
v -0.054810 1.304340 0.208775
v -0.053449 0.065686 -0.504794
v 0.499409 1.500081 1.278357
v -0.201148 0.669319 -0.427513
v 0.481688 0.037081 0.430144
v 0.343131 0.255744 0.300111
v 0.307677 0.149531 0.214775
v 0.145694 0.202395 -0.114177
v -0.007532 0.000967 -0.400919
v 0.007860 0.000967 -0.406125
v 0.420881 0.000968 0.334746
v 0.416164 0.000968 0.346957
v 0.443193 1.326264 1.116992
v -0.030696 0.397785 -0.362095
v -0.172058 1.239726 0.015831
v 0.130379 1.127591 0.403789
v 0.237662 0.903728 0.468646
v -0.184304 0.734057 -0.363211
v 0.048930 0.228578 -0.207605
v 0.494951 1.265837 1.184581
v 0.382963 0.074353 0.276842
v 0.412561 1.311469 1.043376
v 0.367372 1.372519 1.044322
v 0.343523 1.360094 1.000226
v 0.345789 0.098558 0.225175
v 0.529499 1.471128 1.361026
v 0.371974 0.312720 0.341902
v 0.376873 1.322291 1.006650
v 0.008312 0.291415 -0.320196
v -0.038280 0.088399 -0.490252
v 0.307902 0.155760 0.219412
v -0.030209 0.317724 -0.333586
v 0.251430 0.721320 0.431214
v -0.203658 1.101163 -0.188446
v -0.178778 1.251974 -0.021537
v 0.374244 0.291681 0.332561
v 0.573058 1.454364 1.391021
v -0.133588 1.327574 0.048115
v -0.135590 1.284361 0.048793
v 0.387720 0.467384 0.437408
v 0.686383 1.259248 1.491221
v 0.061416 0.096318 -0.309154
v 0.067116 0.096863 -0.271398
v 0.550826 1.246346 1.193404
v 0.154229 0.115732 -0.123250
v 0.303151 0.162142 0.219214
v 0.087312 0.213631 -0.151461
v -0.193852 0.554993 -0.517187
v -0.021914 0.347500 -0.343570
v -0.221371 1.161011 -0.195400
v -0.060973 1.306259 0.163276
v -0.173484 1.072620 -0.146692
v 0.678603 1.188273 1.424046
v -0.015095 0.088381 -0.424517
v 0.365808 1.329673 0.970343
v 0.421019 1.351355 1.091708
v 0.410281 1.395401 1.079977
v 0.637617 1.333209 1.425702
v -0.073187 1.331588 0.140367
v 0.373512 1.427070 1.022177
v 0.471850 1.292366 1.129807
v -0.153165 1.084719 -0.117733
v -0.032484 1.343397 0.247728
v 0.279940 0.827445 0.465836
v 0.433793 0.088530 0.342252
v -0.190725 1.272142 -0.046906
v 0.658010 1.321478 1.454770
v 0.433858 1.319118 1.069068
v 0.031032 1.367383 0.335778
v 0.043420 1.358991 0.369670
v 0.088182 1.249724 0.383377
v -0.171757 0.496420 -0.486061
v -0.190871 0.643722 -0.488787
v -0.107422 1.315350 0.103565
v 0.533454 1.491987 1.332622
v 0.330862 0.131942 0.183915
v 0.023365 0.249550 -0.272724
v 0.439480 0.000968 0.306811
v 0.435630 0.000968 0.319511
v 0.032481 0.000967 -0.411112
v 0.023775 0.000967 -0.407024
v 0.184827 1.029321 0.403831
v 0.481052 0.084441 0.417855
v 0.361780 1.357842 0.954196
v 0.612813 1.387867 1.391020
v 0.100308 1.203399 0.377367
v 0.468507 1.292842 1.090276
v -0.191507 1.077496 -0.188954
v 0.513866 1.270909 1.148707
v 0.136378 0.093380 -0.191265
v 0.354749 0.185890 0.251259
v 0.639481 1.170479 1.309647
v 0.069812 1.305151 0.394192
v 0.070036 1.346926 0.397513
v 0.090221 1.284655 0.403626
v 0.434422 1.444143 1.115428
v 0.314806 0.706011 0.422041
v 0.491698 1.533590 1.216296
v -0.141807 1.328721 0.001157
v 0.558912 1.456658 1.343474
v -0.193050 0.966724 -0.252683
v 0.011107 1.341707 0.284890
v -0.123655 0.471209 -0.495142
v -0.096890 0.448738 -0.451033
v 0.283726 0.775415 0.416984
v 0.390397 0.212547 0.306416
v 0.101376 0.099566 -0.230575
v 0.101022 0.248144 -0.185104
v 0.378957 0.101202 0.232770
v 0.150993 0.102050 -0.157189
v 0.184177 0.152531 -0.105798
v -0.003322 0.039899 -0.509566
v 0.433378 1.274740 1.036662
v -0.193360 1.239777 -0.188518
v 0.406258 0.090419 0.282618
v 0.020800 0.012574 -0.510415
v -0.154825 0.682930 -0.403811
v 0.354837 0.509228 0.414090
v 0.695395 1.295022 1.459768
v 0.079599 0.248811 -0.236787
v 0.674338 1.171631 1.381122
v 0.032746 0.091406 -0.400380
v 0.481036 1.259682 1.067677
v -0.181448 1.299948 -0.088202
v 0.613172 1.208142 1.261889
v -0.181168 1.065069 -0.257613
v -0.023838 1.323666 0.167481
v 0.287843 0.878475 0.450397
v 0.389663 0.350947 0.392313
v 0.379039 1.428425 0.977119
v 0.462754 1.462042 1.128153
v -0.205723 1.278945 -0.132313
v -0.159471 1.340204 -0.028502
v 0.427190 0.253185 0.317233
v 0.378709 1.394083 0.934905
v 0.116024 0.226941 -0.172670
v 0.167226 0.094108 -0.169936
v 0.053234 0.000968 -0.417266
v 0.039728 0.000967 -0.412033
v 0.452892 0.000968 0.297683
v 0.465424 0.000968 0.276754
v 0.426682 1.299655 0.961526
v 0.468070 0.085345 0.323928
v 0.692834 1.201814 1.363809
v 0.517553 1.545486 1.296468
v 0.360145 0.619492 0.422406
v 0.476323 1.242114 1.032115
v -0.121331 1.343701 0.042936
v -0.159411 0.954899 -0.283520
v 0.073895 0.090021 -0.326809
v 0.625103 1.427321 1.377396
v 0.699170 1.263242 1.438611
v 0.377038 0.152868 0.220172
v 0.053849 0.263690 -0.310009
v 0.021665 0.086024 -0.493606
v 0.157567 1.069099 0.388510
v 0.574015 1.257528 1.183388
v 0.612752 1.236822 1.224726
v 0.505088 0.046317 0.413142
v 0.418015 0.423773 0.417420
v 0.438013 1.468553 1.078105
v -0.137986 0.522844 -0.538099
v 0.481932 1.478539 1.172281
v -0.156097 0.817788 -0.356224
v 0.677671 1.313118 1.423976
v 0.600578 1.444247 1.344829
v 0.397890 1.332260 0.946390
v 0.124231 0.097084 -0.288223
v 0.348257 0.122319 0.174850
v 0.183949 0.116031 -0.122559
v 0.356283 0.568165 0.410354
v 0.414223 0.127285 0.259295
v 0.702278 1.251154 1.386877
v 0.424188 0.373230 0.400350
v -0.003594 1.350464 0.229578
v 0.116538 1.282682 0.334123
v 0.370612 0.677078 0.421749
v -0.164349 1.194294 -0.195657
v 0.059582 1.362346 0.299558
v 0.562048 1.522643 1.321749
v 0.137757 0.091439 -0.241977
v 0.148979 0.228653 -0.148092
v 0.359146 0.141778 0.186870
v 0.410833 1.496639 1.013931
v 0.261713 0.940841 0.442310
v -0.170570 1.280937 -0.165500
v 0.160963 1.143343 0.388164
v 0.039350 0.092627 -0.455695
v 0.066571 1.354026 0.362218
v 0.467191 0.100308 0.296676
v 0.660939 1.341288 1.390131
v 0.086145 1.289975 0.356005
v 0.408206 1.358735 0.905831
v 0.509150 1.295402 1.067781
v 0.182584 0.108751 -0.165217
v 0.194451 0.174355 -0.116435
v 0.096739 0.000968 -0.422537
v 0.086264 0.000968 -0.420896
v 0.075875 0.000968 -0.417023
v 0.238856 0.990689 0.412284
v 0.514357 0.086159 0.364982
v 0.414315 0.324921 0.336232
v 0.417207 1.493621 1.040188
v 0.016701 0.046869 -0.498697
v -0.165196 1.302250 -0.146529
v -0.085986 1.355381 0.060756
v -0.048017 1.362260 0.112788
v 0.442886 0.165344 0.254343
v 0.668301 1.189661 1.310252
v -0.145626 0.915935 -0.334462
v -0.158974 1.031105 -0.279581
v -0.171373 1.150578 -0.205456
v 0.302812 0.847526 0.433333
v 0.526880 0.010054 0.371598
v 0.412112 1.386472 0.913922
v 0.118033 0.093295 -0.384173
v 0.200035 1.139150 0.396296
v -0.123437 0.663901 -0.447811
v 0.442691 0.130076 0.276944
v 0.667720 1.380063 1.357839
v 0.249648 0.113632 -0.067277
v -0.041315 0.432126 -0.422491
v 0.654149 1.427968 1.354592
v 0.038383 1.370668 0.254771
v 0.505448 1.270750 0.977933
v 0.225464 1.042274 0.396654
v 0.639922 1.265595 1.232933
v -0.007747 1.348582 0.138219
v 0.435629 0.301720 0.328587
v 0.413265 0.513889 0.415904
v 0.188520 0.099616 -0.191329
v -0.140331 0.647357 -0.529337
v -0.156082 0.594868 -0.532519
v 0.510094 1.253676 1.022952
v -0.139947 0.793743 -0.394907
v 0.690499 1.302764 1.379370
v 0.420785 1.331093 0.896730
v 0.552415 1.581596 1.304570
v 0.429971 1.450996 0.969440
v 0.105292 0.265703 -0.261186
v 0.039776 0.349286 -0.350128
v 0.434239 0.218144 0.288820
v 0.156984 0.241983 -0.179179
v 0.227833 0.090738 -0.145491
v 0.584774 1.295216 1.084730
v 0.214312 0.102110 -0.122090
v 0.479008 0.000968 0.257201
v 0.526899 1.580873 1.191968
v 0.506555 1.539682 1.158216
v 0.526368 1.582306 1.268439
v 0.521989 0.045865 0.354798
v -0.082257 1.361777 -0.004031
v -0.123484 0.739306 -0.432354
v 0.067703 0.293528 -0.341111
v 0.040665 0.052110 -0.511387
v -0.067562 0.468684 -0.497205
v 0.006569 0.414989 -0.406427
v 0.149821 0.088036 -0.319267
v 0.168071 0.096993 -0.254780
v 0.564457 1.282673 1.131501
v 0.550039 0.000971 0.338494
v 0.329624 0.759448 0.406560
v -0.154282 1.096729 -0.283235
v -0.132565 1.361720 -0.104524
v 0.623386 1.496314 1.314389
v 0.319093 0.809828 0.391075
v 0.641017 1.470301 1.298462
v 0.649084 1.432077 1.322519
v -0.007629 1.383512 0.132691
v 0.700306 1.262518 1.363397
v -0.121327 0.989504 -0.293568
v 0.258591 0.103427 -0.109571
v 0.065200 0.000971 -0.508498
v 0.284246 0.948040 0.407904
v 0.468144 1.498807 1.036183
v 0.495534 1.469688 1.098898
v 0.507399 1.488505 1.107149
v -0.112307 0.687587 -0.435689
v -0.112131 0.908790 -0.357716
v 0.144012 1.243466 0.352555
v 0.043478 1.339565 0.174256
v 0.599208 1.532667 1.316677
v -0.125676 0.607532 -0.552886
v -0.153253 1.137700 -0.290197
v 0.508884 0.090602 0.281692
v 0.531748 0.087278 0.335942
v -0.127501 0.669453 -0.511669
v 0.080875 0.088748 -0.421636
v 0.462103 0.496426 0.409350
v 0.672293 1.246413 1.278240
v 0.202992 0.091750 -0.224332
v 0.186663 0.228283 -0.179192
v 0.590946 1.284300 1.169537
v 0.478544 1.277212 0.926761
v 0.036473 0.388802 -0.378679
v 0.555710 1.607085 1.211970
v 0.185177 1.220643 0.379117
v 0.266410 1.000936 0.401193
v 0.115723 0.288097 -0.288115
v -0.102395 1.370814 -0.085571
v -0.063352 1.390571 -0.004601
v 0.228580 1.075361 0.430402
v 0.256989 1.078115 0.463798
v 0.235527 1.131941 0.447727
v -0.121001 0.952766 -0.334606
v 0.318542 0.889769 0.412125
v 0.162959 0.278158 -0.222804
v 0.274881 0.148468 -0.074804
v 0.283696 0.176020 -0.081336
v 0.122228 0.000968 -0.418167
v 0.113815 0.000968 -0.412210
v 0.251203 0.093739 -0.179069
v 0.461617 1.273125 0.911435
v -0.080719 0.495390 -0.528101
v 0.382002 0.731060 0.393117
v -0.043687 1.374777 0.053913
v 0.075325 0.046783 -0.505247
v 0.462002 0.370222 0.366701
v 0.143224 1.309465 0.322941
v 0.422479 1.098904 0.782876
v 0.412077 1.118548 0.760835
v 0.446249 1.064375 0.749906
v 0.611793 1.559732 1.284633
v 0.446078 1.294587 0.867394
v 0.335183 0.876989 0.378440
v 0.690099 1.355832 1.340056
v 0.465936 0.443977 0.408907
v 0.420712 1.148332 0.784556
v 0.218097 0.202352 -0.180459
v 0.219026 1.164613 0.411158
v 0.452132 1.120170 0.819122
v 0.496201 0.137369 0.268568
v 0.550669 0.045913 0.321224
v 0.397109 0.591602 0.375008
v 0.430200 0.560298 0.392279
v -0.115183 1.251461 -0.184117
v 0.718793 1.278124 1.311539
v 0.070688 1.380329 0.246429
v 0.576782 0.000971 0.259800
v 0.288278 0.085805 -0.127817
v 0.237931 0.184001 -0.139866
v 0.262193 0.180832 -0.110248
v 0.123310 0.000971 -0.504666
v 0.279809 1.010201 0.423048
v -0.113540 0.788901 -0.410534
v 0.098675 0.092518 -0.447112
v 0.425381 1.087928 0.694494
v 0.605112 1.577883 1.251626
v 0.464274 1.191509 0.847868
v 0.462920 1.243631 0.876263
v 0.269912 1.161766 0.468116
v 0.485743 0.160722 0.242615
v 0.476140 0.266909 0.311509
v 0.697654 1.285559 1.256723
v -0.102858 0.874499 -0.401333
v 0.486444 1.094780 0.808683
v 0.120391 1.350450 0.262318
v 0.313927 0.101836 -0.098374
v 0.546761 1.256590 1.016024
v 0.196913 0.093523 -0.282194
v 0.182094 0.275852 -0.226523
v 0.416427 0.649461 0.393754
v 0.308319 1.089809 0.470538
v 0.580137 1.601044 1.234427
v 0.028960 0.428797 -0.453209
v -0.128543 1.190047 -0.234792
v 0.531520 1.539460 1.112930
v 0.650060 1.287574 1.197938
v 0.129492 1.331589 0.299553
v 0.694631 1.381767 1.333344
v 0.422336 1.208284 0.781156
v 0.209283 0.223930 -0.196245
v 0.538325 1.259713 0.983838
v 0.587803 1.275162 1.058573
v 0.551017 0.000969 0.221073
v 0.492233 0.000968 0.223088
v -0.095995 0.540970 -0.547042
v 0.395147 0.765327 0.385614
v -0.136565 1.174991 -0.283896
v 0.483735 0.226659 0.260060
v 0.499134 0.353719 0.343329
v 0.478874 1.449641 0.953190
v 0.465165 1.492720 0.993312
v 0.295871 0.968021 0.371043
v 0.102214 0.315573 -0.333863
v 0.044221 1.381140 0.133659
v 0.043941 1.358630 0.141200
v 0.230247 1.210819 0.415284
v 0.098884 0.084741 -0.496611
v 0.450469 1.257672 0.821686
v -0.007375 0.481310 -0.489234
v 0.344757 0.825112 0.347501
v 0.335821 0.844059 0.360204
v 0.074018 0.392769 -0.370774
v 0.492144 0.314264 0.296616
v -0.073755 1.390157 -0.066954
v 0.456344 1.322121 0.842718
v 0.473240 1.393765 0.876216
v -0.102134 0.709388 -0.501387
v 0.490739 0.332089 0.312941
v 0.319245 0.910970 0.372045
v -0.099502 1.344412 -0.172432
v -0.110735 0.774120 -0.455491
v 0.000376 1.399055 0.057384
v -0.085565 0.995597 -0.341758
v 0.444066 1.055316 0.675252
v 0.146308 0.091311 -0.433368
v 0.630742 1.521399 1.281954
v 0.270432 0.091273 -0.241148
v 0.257114 0.206244 -0.157397
v 0.521732 0.128885 0.247238
v 0.495874 0.405260 0.365572
v 0.189890 1.300060 0.367343
v 0.322325 1.010198 0.415942
v -0.081431 0.859296 -0.418259
v 0.424020 1.153075 0.668673
v 0.578447 1.647887 1.213514
v 0.429204 1.215735 0.727843
v 0.269488 1.242354 0.445080
v 0.604934 1.269177 1.078410
v 0.478475 1.438928 0.920838
v 0.670057 1.420053 1.291262
v 0.188521 0.090935 -0.337914
v 0.226139 1.273813 0.385985
v 0.527459 1.225716 0.903997
v -0.098592 1.102450 -0.327649
v 0.500917 0.467007 0.389399
v -0.052683 0.958060 -0.381798
v 0.638625 1.281551 1.127767
v 0.323613 0.134483 -0.052040
v 0.499061 0.000968 0.184285
v 0.503909 0.000968 0.171323
v 0.491926 0.000968 0.208259
v 0.566237 0.085150 0.275885
v 0.488735 1.530624 1.006682
v 0.107580 1.361684 0.214789
v 0.723976 1.314345 1.305653
v 0.521322 1.170312 0.863090
v 0.500391 1.223310 0.870609
v 0.294431 0.083530 -0.178763
v 0.300219 1.205898 0.488400
v -0.113389 1.314023 -0.186970
v 0.600431 1.257950 1.019234
v 0.375410 0.145467 0.079628
v 0.400237 0.108730 0.066995
v 0.389955 0.106404 0.039496
v 0.414180 0.148844 0.068968
v 0.457598 0.612550 0.332913
v 0.573749 0.032091 0.265340
v 0.494470 1.041131 0.723644
v 0.117783 0.338781 -0.343731
v 0.708911 1.332665 1.284126
v -0.068363 0.597696 -0.551608
v 0.456959 0.692902 0.364784
v 0.588042 1.224635 0.992373
v 0.571406 1.561712 1.140312
v 0.578237 1.587880 1.195920
v 0.684666 1.287714 1.216598
v 0.259716 1.268391 0.410923
v 0.524948 1.071185 0.786468
v 0.161564 0.324760 -0.293184
v 0.695708 1.384435 1.286657
v 0.319579 0.098612 -0.086119
v 0.366131 0.117817 -0.008664
v 0.376813 0.102721 0.025192
v 0.338755 0.159899 -0.011484
v 0.402096 0.188765 0.063096
v 0.459219 0.632606 0.328069
v 0.396858 0.789889 0.362541
v 0.564957 1.198639 0.959062
v -0.066073 0.776669 -0.519219
v -0.085118 1.055469 -0.342679
v -0.116974 1.148868 -0.318453
v 0.535735 1.539813 1.076625
v 0.082256 1.350662 0.182657
v 0.239632 0.089599 -0.296129
v 0.453904 1.273991 0.803252
v 0.342051 1.155083 0.497359
v 0.546814 1.115604 0.837464
v 0.561224 0.097839 0.230173
v 0.193867 0.335482 -0.242500
v 0.364239 1.017339 0.456581
v -0.038186 0.535832 -0.528404
v 0.082879 1.367632 0.128640
v 0.235224 1.320303 0.372393
v 0.346343 1.090970 0.501858
v 0.623786 1.532740 1.201277
v 0.514664 1.051607 0.751970
v 0.568802 1.184340 0.905273
v -0.096686 0.668012 -0.536100
v -0.099452 1.313132 -0.233932
v 0.685341 1.454157 1.238447
v 0.494499 1.015493 0.669982
v 0.342220 0.103390 -0.121120
v 0.367490 0.101671 -0.089397
v 0.687198 1.279193 1.169163
v 0.364235 0.103362 -0.061799
v 0.344928 0.199718 -0.018772
v 0.509721 0.000968 0.142170
v 0.527262 0.000968 0.130165
v 0.184421 0.000968 -0.394748
v 0.169349 0.000968 -0.394341
v 0.209399 0.000968 -0.391817
v 0.198424 0.000968 -0.390638
v 0.364829 0.858197 0.348477
v -0.009865 1.396754 -0.017653
v 0.197497 1.361675 0.306644
v 0.215427 0.093066 -0.427984
v 0.320627 0.949996 0.345317
v 0.221037 0.261279 -0.248125
v -0.080551 1.239220 -0.266410
v 0.432089 1.118601 0.638890
v -0.069478 0.919735 -0.409296
v 0.508101 0.266362 0.273355
v 0.109293 0.423859 -0.361253
v 0.734636 1.303025 1.209435
v 0.324887 0.095827 -0.157223
v 0.406252 0.106371 -0.016621
v 0.433022 0.102620 0.052889
v 0.570893 1.548321 1.089498
v 0.138286 0.089663 -0.483389
v 0.496134 0.559784 0.348711
v 0.443865 1.223557 0.679962
v 0.478255 1.287341 0.781102
v 0.536446 0.387456 0.332457
v 0.167601 1.357877 0.265232
v 0.320312 0.932140 0.312647
v 0.338769 0.913859 0.293571
v 0.340700 0.223292 -0.073684
v 0.406350 0.235710 0.038775
v 0.390735 1.078506 0.529162
v 0.386813 1.136356 0.535073
v 0.566926 1.177214 0.879715
v 0.449830 0.743323 0.344379
v 0.514845 1.517848 0.923626
v -0.037225 1.353521 -0.139647
v -0.032520 1.402111 -0.063922
v -0.096889 1.190824 -0.307807
v 0.527759 0.224756 0.216528
v 0.506068 0.246312 0.235461
v 0.161773 0.032110 -0.494102
v 0.536412 0.439607 0.339305
v 0.471486 0.171741 0.066703
v 0.573372 1.066985 0.802109
v 0.082582 0.436910 -0.421760
v 0.066287 1.401010 0.099985
v 0.646314 1.281427 1.035363
v 0.611597 1.544198 1.160654
v 0.236916 0.095993 -0.398258
v 0.256677 0.089653 -0.334549
v 0.524951 0.505233 0.358422
v 0.344802 0.972316 0.363782
v 0.505061 0.998827 0.608090
v 0.288847 0.198215 -0.159686
v 0.251921 0.243979 -0.238538
v 0.224596 0.225539 -0.212142
v 0.068454 0.441417 -0.454608
v 0.152444 0.367475 -0.326666
v 0.504534 1.316695 0.822419
v 0.589496 1.170321 0.871877
v -0.064286 0.846323 -0.472784
v 0.469124 1.044678 0.601623
v 0.314055 0.085998 -0.201961
v 0.299285 0.099151 -0.210927
v 0.337820 0.887981 0.298337
v 0.315944 0.207815 -0.138203
v 0.251788 0.000971 -0.463498
v 0.139245 0.000968 -0.414450
v 0.237432 0.000968 -0.383456
v 0.225818 0.000968 -0.384738
v -0.075509 1.271378 -0.259065
v 0.628369 1.260513 0.997718
v 0.125961 1.399846 0.189774
v 0.398332 1.008400 0.460464
v -0.045330 0.634461 -0.547831
v 0.503327 1.282077 0.762585
v 0.068627 1.412702 0.055655
v 0.745917 1.338462 1.233359
v 0.413423 0.101219 -0.062617
v 0.316826 0.090508 -0.282805
v 0.288490 0.227924 -0.191507
v 0.435384 0.094687 -0.021860
v 0.418443 1.019835 0.502409
v 0.438038 1.087515 0.602610
v 0.520451 0.183221 0.214905
v 0.091430 1.378914 0.107862
v 0.188004 0.085155 -0.468961
v 0.514817 0.331106 0.247028
v 0.497447 1.369938 0.851036
v 0.348531 0.938967 0.322844
v 0.189104 0.358093 -0.288058
v 0.521491 1.556209 0.978317
v 0.619411 1.533532 1.093935
v 0.753537 1.382471 1.227388
v 0.017106 0.530520 -0.485378
v 0.451737 0.217769 0.056458
v 0.373321 0.838323 0.321571
v 0.342909 1.240156 0.454174
v 0.334721 1.290537 0.429759
v 0.611544 1.182512 0.932437
v 0.365944 1.204705 0.479824
v -0.044149 0.986498 -0.363273
v 0.204819 0.069130 -0.463771
v 0.231649 1.363169 0.342507
v 0.652258 1.499701 1.181819
v 0.569573 0.000969 0.065347
v 0.687539 1.285132 1.130992
v 0.346008 0.241702 -0.090769
v 0.402282 0.248586 -0.016447
v 0.248241 0.315632 -0.245685
v 0.222836 0.391204 -0.244038
v -0.011738 0.583689 -0.528835
v 0.323508 0.238254 -0.159209
v 0.461959 0.114685 0.049674
v 0.475575 0.093625 0.028527
v 0.053893 0.479107 -0.483959
v 0.433890 1.088813 0.565842
v -0.032838 0.721435 -0.552999
v -0.062112 0.906875 -0.417057
v 0.619825 1.200673 0.959810
v 0.442204 1.181382 0.626788
v 0.164481 1.378886 0.208176
v 0.307725 1.304318 0.402359
v 0.718842 1.418676 1.243205
v 0.569662 1.013113 0.763914
v 0.544700 1.010844 0.679003
v 0.443852 1.144571 0.572516
v 0.572316 1.554451 1.041425
v 0.594846 0.052421 0.235106
v 0.596880 0.041032 0.199592
v 0.102760 0.455152 -0.389579
v 0.135811 0.451060 -0.336032
v 0.587006 1.130742 0.830421
v 0.542982 0.185742 0.174432
v 0.197777 0.391331 -0.246415
v -0.061203 1.122636 -0.340673
v 0.504599 0.268219 0.190941
v 0.546002 0.354205 0.293550
v 0.518212 1.485329 0.863929
v 0.314742 0.100097 -0.250222
v 0.716895 1.287242 1.160066
v 0.362836 0.866783 0.306108
v 0.690110 1.283334 1.072674
v 0.508358 0.000968 0.060991
v 0.511805 0.000968 0.054482
v 0.518217 0.000968 0.079465
v 0.519268 0.000968 0.105367
v 0.515316 0.000968 0.087046
v 0.519191 0.000968 0.112775
v 0.443228 0.987290 0.494792
v 0.363888 0.089507 -0.174001
v -0.042935 0.671019 -0.553615
v 0.480590 1.034081 0.552877
v 0.502836 1.442633 0.845495
v 0.198025 0.046599 -0.477427
v -0.067770 1.347486 -0.252449
v 0.606085 0.000971 0.133050
v 0.155446 0.433787 -0.326999
v 0.184080 0.404923 -0.277987
v 0.412995 0.977843 0.391033
v 0.226129 0.030863 -0.481465
v 0.009901 1.376992 -0.150967
v 0.509109 0.598178 0.308795
v 0.355212 0.258207 -0.117330
v 0.395493 0.946203 0.358965
v 0.044770 1.410508 0.011077
v 0.279403 0.277833 -0.249636
v 0.567972 0.984322 0.722477
v 0.116333 0.491562 -0.370564
v 0.430946 0.979927 0.441865
v 0.463483 1.220852 0.638721
v 0.414341 0.092866 -0.107619
v 0.594637 1.066707 0.797604
v 0.527566 1.496378 0.890205
v 0.023959 1.394863 -0.049106
v 0.126907 1.408115 0.126694
v 0.598669 0.982588 0.732587
v 0.103539 0.496755 -0.420650
v 0.498271 1.248191 0.694471
v 0.422462 0.804215 0.326598
v 0.401227 0.846530 0.292776
v 0.578376 0.130348 0.183354
v 0.296022 0.254236 -0.212839
v 0.278721 1.340768 0.363426
v 0.331653 0.093095 -0.236911
v 0.554021 1.000835 0.645476
v 0.545674 1.320244 0.791667
v 0.613300 1.012605 0.759512
v 0.380713 0.891296 0.274876
v -0.002753 0.939994 -0.410095
v -0.046526 1.363712 -0.226244
v 0.341724 0.090289 -0.331860
v 0.674820 1.489365 1.154812
v 0.217422 0.431276 -0.304644
v 0.494638 0.996211 0.514346
v 0.190413 1.381161 0.225802
v 0.558753 0.471108 0.316591
v 0.456790 0.947024 0.450278
v 0.449845 0.088435 -0.094595
v 0.611062 1.090685 0.773287
v 0.610590 1.189713 0.845745
v 0.414772 1.209137 0.509721
v 0.441801 1.170361 0.539799
v -0.000141 0.626185 -0.557923
v 0.569660 1.546903 0.997589
v 0.586548 0.091196 0.189170
v 0.533127 0.259048 0.180002
v 0.304738 0.000971 -0.442806
v 0.507902 0.000968 0.024691
v 0.508260 0.000968 0.015476
v 0.260374 0.000968 -0.368439
v 0.246493 0.000968 -0.376442
v 0.285784 0.000966 -0.355827
v 0.266596 0.000968 -0.356997
v 0.291673 0.000968 -0.338376
v 0.468688 0.084601 -0.033579
v 0.462775 0.252194 0.047487
v -0.027551 0.869575 -0.504290
v 0.641072 1.210438 0.915243
v 0.461286 0.786284 0.325079
v 0.483434 0.714453 0.332559
v 0.274733 0.366228 -0.253167
v 0.427137 0.291989 -0.059048
v 0.583689 0.989953 0.668450
v -0.035519 1.199054 -0.326389
v -0.013055 1.355833 -0.201008
v 0.558542 1.534095 0.950949
v 0.556659 0.371051 0.216100
v 0.464074 0.260694 0.016963
v 0.267128 0.090615 -0.381963
v 0.518172 0.114571 0.056735
v 0.613315 1.146110 0.800830
v 0.545710 1.432054 0.831199
v 0.114681 1.426478 0.068418
v 0.177642 1.424716 0.141940
v 0.702001 1.463535 1.193391
v 0.101967 0.521803 -0.450446
v 0.135439 0.511707 -0.382968
v -0.020929 0.821099 -0.534637
v -0.012974 0.648200 -0.578226
v 0.646132 1.261375 0.922674
v 0.255814 0.082300 -0.447976
v 0.299557 0.098371 -0.384812
v 0.508679 0.278624 0.125316
v 0.492531 0.304181 0.151558
v 0.673592 1.477082 1.087536
v 0.393516 0.909276 0.281625
v 0.080514 0.533842 -0.481016
v 0.418808 0.924880 0.326791
v 0.493830 0.630149 0.272766
v 0.490517 1.211896 0.605945
v 0.557310 1.528098 0.901984
v 0.668560 1.337797 0.982564
v 0.549487 0.256174 0.148983
v 0.122782 1.385304 0.088904
v 0.438409 0.940130 0.397066
v 0.506045 0.341393 0.176970
v 0.300170 0.310371 -0.233596
v 0.746952 1.432681 1.165344
v 0.231177 1.405785 0.223154
v 0.247144 1.377563 0.301097
v 0.289918 1.362277 0.334657
v 0.675293 1.302871 0.931453
v 0.004576 0.968716 -0.364392
v 0.484276 1.176300 0.559998
v 0.543251 0.506381 0.341813
v 0.401137 0.091156 -0.175623
v 0.203352 1.381633 0.165426
v 0.563653 1.353787 0.803590
v 0.625675 1.227135 0.850265
v 0.393567 1.239245 0.437581
v 0.447606 0.820208 0.295814
v 0.247608 0.049547 -0.452584
v 0.607522 0.032247 0.114306
v 0.734408 1.290461 1.119211
v 0.770476 1.336729 1.149456
v 0.344166 0.287878 -0.198480
v 0.392942 0.093778 -0.219852
v 0.505830 0.104808 0.014319
v 0.350077 0.000968 -0.311534
v 0.341917 0.000969 -0.306931
v 0.332386 0.000968 -0.318655
v 0.505495 0.000968 -0.039127
v 0.507994 0.000968 -0.023007
v 0.488117 0.000969 -0.031004
v 0.505330 0.000968 0.003465
v 0.319204 0.000968 -0.327617
v 0.548577 1.241040 0.707445
v -0.014632 0.907268 -0.463340
v 0.513647 0.188252 0.076027
v 0.403995 0.875838 0.287620
v -0.021125 1.269291 -0.267388
v 0.692994 1.328636 1.036699
v 0.545420 0.185613 0.121380
v 0.555421 0.946506 0.553406
v 0.558854 0.970982 0.607139
v 0.529048 0.678588 0.261402
v 0.620528 1.532592 1.027119
v 0.739553 1.448561 1.144583
v 0.446530 0.921106 0.369367
v -0.019481 0.687941 -0.592386
v 0.634877 1.021357 0.731324
v 0.505718 0.294798 0.100768
v 0.382676 1.279402 0.398960
v -0.001867 1.139186 -0.342622
v 0.024572 1.025874 -0.352559
v 0.571573 1.493679 0.830707
v 0.615136 1.503451 0.973377
v 0.581968 0.129581 0.128928
v 0.263230 0.418543 -0.255280
v 0.542676 0.955475 0.532113
v 0.588268 0.963181 0.639539
v 0.490473 0.267372 0.074793
v 0.686284 1.338980 0.999134
v 0.596153 0.088836 0.125607
v 0.361898 0.088709 -0.252904
v 0.338808 1.315031 0.396370
v 0.472374 0.091262 -0.128414
v 0.625408 1.003414 0.690468
v 0.142114 0.537945 -0.404270
v 0.544739 0.144388 0.073810
v 0.011921 0.765760 -0.579691
v 0.026392 0.632778 -0.574177
v -0.021203 1.335129 -0.254868
v 0.189860 0.488217 -0.345463
v 0.593930 1.276811 0.780755
v -0.004684 1.080641 -0.350071
v 0.591834 0.482036 0.243131
v 0.151400 1.404842 0.083938
v 0.302578 1.379786 0.286459
v 0.620104 0.993092 0.661367
v 0.280278 0.035095 -0.453368
v 0.446407 0.849154 0.280665
v 0.441396 0.088485 -0.162389
v 0.545683 0.093021 0.033400
v 0.598284 1.237211 0.720614
v 0.473454 0.919188 0.412899
v 0.502017 0.931202 0.466241
v 0.470603 1.190230 0.510464
v 0.587705 1.535779 0.916431
v 0.666597 1.461908 1.061651
v 0.111864 1.394681 -0.024267
v 0.520880 0.092965 -0.055556
v 0.372874 0.011956 -0.406855
v 0.439467 0.000968 -0.200361
v 0.426671 0.000968 -0.213261
v 0.442921 0.000968 -0.196902
v 0.507126 0.000968 -0.049832
v 0.506668 0.000968 -0.072559
v 0.494671 0.000969 -0.080547
v 0.490896 0.000968 -0.094200
v 0.104762 0.570715 -0.528189
v 0.236006 0.509934 -0.362050
v 0.454246 0.841311 0.308111
v 0.519789 0.626182 0.255118
v 0.062914 1.356419 -0.127136
v 0.448515 0.885723 0.331481
v 0.463403 0.877627 0.354246
v 0.621376 1.133462 0.724332
v 0.539517 0.230478 0.107170
v 0.566746 0.361274 0.138061
v 0.440669 0.882540 0.294880
v 0.574197 1.507545 0.873445
v 0.511900 0.765760 0.278673
v 0.645633 1.495249 1.018546
v 0.656360 1.406706 1.031587
v 0.622928 1.436586 0.970577
v 0.650186 1.385939 0.983087
v 0.172048 1.422288 0.103905
v 0.275331 1.403219 0.265855
v 0.385385 0.289092 -0.152804
v 0.374002 0.095290 -0.281459
v -0.033347 0.659577 -0.678624
v -0.023771 0.639605 -0.646382
v 0.623885 1.257489 0.847684
v 0.561734 0.105047 0.076415
v 0.633616 1.412861 0.917524
v 0.700024 1.381332 1.046236
v 0.512304 0.863865 0.411981
v 0.527041 1.182345 0.562107
v 0.600887 0.082555 0.076944
v 0.291094 0.044833 -0.431644
v 0.754975 1.326642 1.089608
v 0.534951 0.919923 0.493362
v 0.009944 0.646752 -0.638081
v 0.396491 0.000971 -0.378992
v 0.582344 1.562339 0.874958
v 0.597322 1.514755 0.917915
v 0.466744 0.797970 0.286126
v 0.702776 1.369253 1.033909
v 0.301173 0.084949 -0.431672
v 0.022107 1.354460 -0.201135
v 0.561145 0.860990 0.505778
v 0.566454 0.889758 0.539358
v 0.265618 0.451757 -0.302934
v 0.504365 0.851936 0.384178
v 0.527578 0.873772 0.454565
v 0.142472 0.562260 -0.507143
v 0.521962 0.718242 0.264427
v 0.578368 1.402010 0.824452
v 0.653914 1.360451 0.924799
v 0.572019 0.526194 0.271576
v 0.122926 1.370473 -0.065523
v 0.385329 0.088656 -0.320356
v 0.357963 1.331709 0.396530
v 0.570299 1.210694 0.641384
v 0.454027 0.855066 0.300476
v 0.483119 0.843158 0.330564
v 0.504312 0.743937 0.279164
v 0.334897 0.385410 -0.238555
v 0.631623 1.050735 0.694954
v 0.762033 1.373423 1.116097
v 0.160468 0.557097 -0.448749
v 0.171093 0.553177 -0.419376
v -0.019833 0.672819 -0.682005
v 0.013802 0.698253 -0.611503
v 0.629258 1.311946 0.869983
v 0.015348 0.877081 -0.518117
v 0.591779 1.469540 0.845948
v 0.344411 0.091908 -0.375178
v 0.673609 1.341273 0.928554
v 0.614090 0.952701 0.605495
v 0.540982 0.823076 0.430346
v 0.551333 0.083936 -0.023304
v 0.477073 0.868130 0.299506
v 0.366343 0.000969 -0.302046
v 0.383823 0.000968 -0.284766
v 0.410814 0.000968 -0.252169
v 0.396290 0.000968 -0.265101
v 0.401782 0.000968 -0.262630
v 0.421246 0.000968 -0.230912
v 0.487584 0.000970 -0.221769
v 0.471798 0.000968 -0.160416
v 0.451297 0.000968 -0.174349
v 0.466296 0.000968 -0.161115
v 0.477292 0.000968 -0.150245
v 0.482109 0.000968 -0.136410
v 0.479500 0.000968 -0.139051
v 0.486541 0.000968 -0.122679
v 0.485178 0.000968 -0.116516
v 0.582663 0.000971 -0.110965
v 0.639357 1.198676 0.757587
v 0.037815 0.840789 -0.555886
v 0.575532 0.391074 0.203473
v 0.586622 0.838395 0.479267
v 0.073374 1.004626 -0.363896
v 0.330535 1.372806 0.349490
v 0.470234 0.093119 -0.219783
v 0.609475 0.008563 0.041701
v 0.620018 1.448920 0.883823
v 0.053802 1.259360 -0.248028
v 0.607362 0.872275 0.529884
v 0.156347 1.405555 -0.023625
v 0.338222 0.433603 -0.230547
v 0.612389 1.342682 0.835923
v 0.514792 0.097222 -0.087839
v 0.452910 0.847318 0.257684
v 0.488126 0.861023 0.344336
v 0.564558 0.583280 0.246885
v 0.042812 1.086008 -0.390585
v 0.594106 0.939674 0.560726
v 0.738741 1.384484 1.078936
v 0.052810 0.660706 -0.594340
v 0.513285 0.297248 -0.018485
v 0.033810 0.723560 -0.622299
v 0.028299 1.168043 -0.324851
v 0.619698 1.242033 0.771991
v 0.433593 1.260923 0.389261
v 0.457556 0.338759 -0.084677
v -0.012168 0.644033 -0.692346
v 0.508313 0.864210 0.340419
v 0.148450 1.411912 0.040986
v 0.035668 1.312733 -0.225175
v 0.363057 0.336835 -0.205326
v 0.439052 0.086890 -0.249322
v 0.403839 1.321399 0.404137
v 0.449631 0.351109 -0.116006
v 0.611352 0.042842 0.036722
v 0.066116 0.960529 -0.407429
v 0.611684 0.967505 0.573726
v 0.312936 0.467995 -0.297857
v 0.466840 0.860925 0.278362
v 0.159783 1.378665 0.057454
v 0.488031 0.087402 -0.180937
v 0.409025 1.351542 0.337547
v 0.154354 1.371336 0.000434
v 0.621349 1.102505 0.670022
v 0.225777 1.458499 0.094334
v 0.257678 1.419506 0.154917
v 0.060063 1.210192 -0.288430
v 0.349121 0.052453 -0.418228
v 0.646217 1.071827 0.650644
v 0.569062 0.818916 0.412064
v 0.624526 0.858017 0.498104
v 0.099081 0.618781 -0.568198
v 0.557638 0.321048 0.065602
v 0.075193 0.924775 -0.493057
v 0.040123 0.704452 -0.609442
v 0.427330 0.092249 -0.292517
v 0.520849 0.087749 -0.148117
v 0.547669 0.315731 0.014877
v 0.465051 0.879053 0.216970
v 0.066772 1.319557 -0.230820
v 0.632429 0.920839 0.530164
v 0.362302 0.080230 -0.388962
v 0.454746 1.246421 0.425252
v 0.593206 0.081305 -0.029858
v 0.108502 1.306680 -0.180365
v 0.051485 1.128992 -0.379356
v 0.098299 1.049452 -0.392231
v 0.065556 1.162759 -0.336407
v 0.598918 0.009689 -0.044399
v 0.596581 0.835668 0.399481
v 0.548746 0.839859 0.365514
v 0.467782 0.900922 0.279387
v 0.178878 1.344253 -0.010303
v 0.221156 1.458476 0.120943
v 0.318067 1.414662 0.235865
v 0.394983 0.088472 -0.360153
v 0.643443 1.170369 0.695284
v 0.355187 0.467102 -0.243883
v 0.420019 0.369196 -0.166952
v 0.127403 1.328101 -0.121399
v 0.201536 1.414311 0.057425
v 0.538229 0.624807 0.210251
v 0.557909 0.602724 0.193374
v 0.525129 1.185492 0.487654
v 0.619364 0.843863 0.445426
v 0.619562 0.997955 0.548319
v 0.648865 1.051076 0.628246
v 0.581309 1.143285 0.562605
v 0.601269 0.434763 0.171642
v 0.447346 1.338085 0.365095
v 0.633132 1.209758 0.676599
v 0.566892 0.092896 -0.078016
v 0.459881 0.900455 0.224210
v 0.474479 0.008987 -0.304379
v 0.500797 0.008580 -0.267821
v 0.526755 0.799074 0.218685
v 0.245903 0.547477 -0.397251
v 0.104727 1.222539 -0.264645
v 0.058206 0.795852 -0.589261
v 0.076992 0.683415 -0.594503
v 0.184264 1.366082 -0.072496
v 0.213177 1.364926 0.027076
v 0.464490 0.862741 0.210536
v 0.392434 0.044538 -0.375369
v 0.258947 0.528494 -0.363534
v 0.420684 1.284587 0.363020
v 0.511754 0.326638 -0.053607
v 0.100250 1.180290 -0.322256
v 0.425691 0.083141 -0.331311
v 0.390742 0.405532 -0.220448
v 0.555112 1.166272 0.499505
v 0.556286 0.891927 0.341262
v 0.027671 0.765406 -0.609144
v 0.491963 0.842781 0.229864
v 0.363259 1.381918 0.272889
v 0.158153 0.611314 -0.548751
v 0.222123 1.420949 0.080685
v 0.256329 1.427575 0.133428
v 0.308480 0.515413 -0.334616
v 0.633892 1.087410 0.617243
v 0.626143 1.135669 0.611561
v 0.595044 0.552058 0.237448
v 0.387315 1.369975 0.310463
v 0.571999 0.652419 0.139724
v 0.590615 1.124264 0.549828
v 0.452099 0.020921 -0.336209
v 0.103631 0.890012 -0.528024
v 0.423667 0.055746 -0.353822
v 0.595283 0.584139 0.216683
v 0.389838 0.463907 -0.198681
v 0.514371 0.084718 -0.205297
v 0.462642 0.427865 -0.140120
v 0.631096 0.899933 0.481972
v 0.527707 1.194593 0.434050
v 0.564764 0.081694 -0.123856
v 0.589783 0.041254 -0.081255
v 0.609731 0.951033 0.489970
v 0.585939 1.058923 0.539854
v 0.244516 1.472798 0.112199
v 0.136937 1.004618 -0.420461
v 0.533094 0.908632 0.321339
v 0.483209 1.236041 0.413655
v 0.100831 1.269374 -0.240687
v 0.590301 0.981217 0.441616
v 0.131126 0.647892 -0.579927
v 0.505523 0.948823 0.224136
v 0.466853 1.258617 0.341687
v 0.557717 0.728196 0.197405
v 0.539524 0.018095 -0.223800
v 0.210883 0.574705 -0.488142
v 0.050283 0.728767 -0.692123
v 0.520023 0.993772 0.242504
v 0.509416 0.961392 0.268310
v 0.616235 0.437011 0.139487
v 0.466643 0.086180 -0.292018
v 0.622419 0.504170 0.193391
v 0.109907 0.956706 -0.480147
v 0.252197 1.422463 0.084473
v 0.532395 0.834976 0.206378
v 0.562844 0.013763 -0.166214
v 0.026170 0.746456 -0.709497
v 0.077684 0.781785 -0.632163
v 0.198396 1.314545 -0.118339
v 0.212113 1.331441 -0.031595
v 0.505786 0.860793 0.194113
v 0.476331 0.042757 -0.294214
v 0.501029 0.081515 -0.239832
v 0.575739 1.065258 0.466237
v 0.580494 1.121234 0.484748
v 0.091542 0.727196 -0.636766
v 0.229736 1.513237 0.092636
v 0.584415 0.933327 0.388073
v 0.296936 1.418555 0.138766
v 0.264495 0.552938 -0.437243
v 0.030290 0.776930 -0.668044
v 0.166880 1.265361 -0.189904
v 0.267992 1.398349 0.053074
v 0.400460 0.492179 -0.201905
v 0.238402 1.534362 0.109410
v 0.573991 0.382352 0.022125
v 0.373869 1.407051 0.244025
v 0.562453 0.600105 0.127630
v 0.540554 0.944664 0.339567
v 0.604292 0.882358 0.393001
v 0.507057 0.402301 -0.085955
v 0.567230 0.053265 -0.138356
v 0.098099 1.134644 -0.381392
v 0.113382 1.101544 -0.396850
v 0.491318 0.032171 -0.267631
v 0.554164 1.015393 0.359822
v 0.546946 1.055674 0.399821
v 0.311554 0.547381 -0.368310
v 0.380762 0.475605 -0.328914
v 0.376989 0.482255 -0.259660
v 0.287032 1.410220 0.090845
v 0.501951 1.224547 0.329988
v 0.548759 0.044468 -0.191334
v 0.126596 0.718161 -0.594565
v 0.555933 0.389978 -0.029692
v 0.602378 0.432835 0.090220
v 0.354704 0.485623 -0.338519
v 0.211025 0.615603 -0.526227
v 0.540756 0.980730 0.318999
v 0.101681 0.800398 -0.593280
v 0.234109 1.366403 -0.028772
v 0.113515 1.150934 -0.337629
v 0.150534 1.238151 -0.243009
v 0.141376 0.938377 -0.519644
v 0.147942 1.195384 -0.274097
v 0.484774 1.296308 0.330385
v 0.452336 0.486286 -0.154239
v 0.567917 1.124038 0.399947
v 0.171540 0.649024 -0.564467
v 0.129865 0.857986 -0.555942
v 0.362544 1.409569 0.203864
v 0.533905 0.921623 0.191402
v 0.531750 1.041265 0.303709
v 0.143866 1.054129 -0.408873
v 0.594668 0.553938 0.117812
v 0.210128 1.283267 -0.167535
v 0.213404 1.331254 -0.087336
v 0.227713 1.317394 -0.040650
v 0.629226 0.484711 0.126793
v 0.010402 0.817174 -0.814305
v 0.438498 0.525868 -0.165561
v 0.565727 0.709371 0.123089
v 0.156341 0.691848 -0.581260
v 0.508208 1.201385 0.349714
v 0.533915 1.116147 0.335323
v 0.029265 0.761225 -0.765766
v 0.535789 0.855550 0.164604
v 0.556328 0.828396 0.174845
v 0.043319 0.801319 -0.718894
v 0.218009 1.287688 -0.108274
v 0.237019 1.267253 -0.091563
v 0.402379 0.479756 -0.297211
v 0.628308 0.529454 0.133866
v 0.335817 1.400413 0.103094
v 0.269639 1.403854 0.016956
v 0.153156 1.121343 -0.301689
v 0.180406 1.134561 -0.258409
v 0.454363 1.333654 0.291623
v 0.410530 0.521037 -0.243347
v 0.144278 1.116053 -0.355050
v 0.065580 0.757007 -0.740178
v 0.100646 0.758698 -0.623504
v 0.211822 1.237694 -0.138785
v 0.209005 1.176491 -0.240885
v 0.289215 0.572838 -0.465221
v 0.087124 0.748876 -0.676112
v 0.556344 0.791270 0.137760
v 0.534370 0.470520 -0.071326
v 0.543721 1.103352 0.286870
v 0.195421 1.257251 -0.186603
v 0.583497 0.444456 0.012818
v 0.530826 0.880937 0.168359
v 0.241999 1.198148 -0.149536
v 0.291962 1.292149 -0.050002
v 0.292547 1.348567 -0.043605
v 0.191620 1.100094 -0.330097
v 0.503692 0.483333 -0.124774
v 0.213442 1.228597 -0.200515
v 0.203940 0.697280 -0.568406
v 0.230724 1.186462 -0.187676
v 0.284565 1.385170 -0.016144
v 0.322563 0.570770 -0.430825
v 0.340573 1.389736 0.047341
v 0.401425 1.372406 0.226223
v 0.155574 0.980625 -0.476701
v 0.478736 1.320249 0.324568
v 0.067314 0.783955 -0.731551
v 0.146347 0.759842 -0.587891
v 0.570628 0.735810 0.144813
v 0.587366 0.510212 0.039518
v 0.289054 1.245394 -0.093767
v 0.569226 0.556852 0.060883
v 0.403637 1.378386 0.161852
v 0.472963 0.562949 -0.130128
v 0.503866 1.275505 0.304467
v 0.209417 1.121350 -0.278747
v 0.231387 1.137472 -0.227488
v 0.529316 1.041389 0.166485
v 0.172210 0.897791 -0.542603
v 0.603949 0.495164 0.073342
v 0.446701 0.586627 -0.195930
v 0.193654 1.088466 -0.385008
v 0.027252 0.796802 -0.811827
v 0.392787 0.506598 -0.368577
v 0.368631 0.564824 -0.375269
v 0.524768 0.514645 -0.106337
v 0.262559 0.709609 -0.518982
v 0.499877 1.251327 0.285868
v 0.271929 1.238284 -0.114184
v 0.525276 0.984011 0.163798
v 0.190854 0.999214 -0.444396
v 0.248935 1.157157 -0.206963
v 0.262314 1.192463 -0.160230
v 0.567972 0.702044 0.094903
v 0.551572 0.515420 -0.026734
v 0.566673 0.577899 0.010923
v 0.357870 0.577985 -0.408832
v 0.428416 0.578413 -0.244415
v 0.571427 0.642871 0.063592
v 0.150335 0.981555 -0.513519
v 0.589562 0.867002 0.133137
v 0.464772 0.613349 -0.127989
v 0.489693 0.621335 -0.087601
v 0.278988 0.616580 -0.502296
v 0.522839 1.214204 0.268483
v 0.420875 0.500047 -0.319495
v 0.543568 1.097802 0.213430
v 0.265426 1.108890 -0.251149
v 0.564117 0.779698 0.066750
v 0.534219 0.549143 -0.062559
v 0.483481 1.307225 0.254085
v 0.535593 0.618882 -0.027486
v 0.541590 0.659445 0.017576
v 0.458534 1.320140 0.202799
v 0.542239 0.927784 0.129023
v 0.437688 0.654599 -0.206118
v 0.319261 1.264273 -0.051814
v 0.321015 0.583050 -0.444026
v 0.217373 0.755672 -0.566072
v 0.214748 0.817396 -0.548453
v 0.530998 1.061226 0.193492
v 0.553221 0.883766 0.106391
v 0.294596 1.143311 -0.189353
v 0.287438 1.235233 -0.172255
v 0.549800 0.685954 -0.002663
v 0.440241 1.375420 0.188823
v 0.209425 0.981932 -0.487571
v 0.467444 1.271039 0.186948
v 0.436849 0.608464 -0.257760
v 0.282091 0.672692 -0.514683
v 0.257012 1.105021 -0.298505
v 0.515403 1.034292 0.120154
v 0.343941 1.224446 -0.087934
v 0.546341 1.131236 0.248580
v 0.509993 1.216444 0.214897
v 0.314359 1.161762 -0.183733
v 0.157636 0.970206 -0.552214
v 0.449518 0.667443 -0.196741
v 0.363091 1.251571 -0.047558
v 0.188184 0.944878 -0.547251
v 0.353643 1.341352 -0.002946
v 0.576169 0.850876 0.091588
v 0.498108 1.234686 0.169513
v 0.507699 0.678965 -0.184225
v 0.541211 0.664304 -0.119595
v 0.542488 0.677355 -0.062286
v 0.345476 1.370229 0.013419
v 0.551734 0.784643 -0.026090
v 0.408305 0.537784 -0.364441
v 0.427358 0.554783 -0.336449
v 0.329313 1.259369 -0.159200
v 0.517592 1.110190 0.168609
v 0.407720 0.634774 -0.311107
v 0.414788 0.701808 -0.239775
v 0.254305 0.885318 -0.523017
v 0.403694 1.336776 0.042957
v 0.534221 1.009071 0.099710
v 0.380789 1.294716 -0.036492
v 0.240682 1.097771 -0.373761
v 0.383292 0.610819 -0.362860
v 0.350554 0.600670 -0.455738
v 0.485981 1.138872 0.141558
v 0.522912 1.152375 0.198858
v 0.469661 1.304281 0.171508
v 0.444465 1.346641 0.154865
v 0.449231 0.728484 -0.196992
v 0.521715 1.080603 0.141201
v 0.339306 0.609916 -0.506419
v 0.498270 1.187704 0.156438
v 0.540097 0.963551 0.088457
v 0.225782 0.984387 -0.452813
v 0.347296 1.245761 -0.127247
v 0.174728 1.005035 -0.524911
v 0.539092 0.758615 -0.046830
v 0.375855 0.631695 -0.412871
v 0.377097 0.665512 -0.375557
v 0.327108 0.625932 -0.521675
v 0.497980 1.283997 0.152283
v 0.175544 1.044159 -0.596247
v 0.282825 0.784123 -0.491019
v 0.274954 1.107916 -0.349249
v 0.305744 1.137581 -0.250903
v 0.303948 1.153561 -0.306438
v 0.436287 1.329134 0.077861
v 0.465714 1.321057 0.123807
v 0.271454 1.083942 -0.400950
v 0.272180 0.829542 -0.508828
v 0.416697 0.786318 -0.247176
v 0.339105 1.205518 -0.204489
v 0.426895 0.686966 -0.324548
v 0.433373 0.806905 -0.184263
v 0.311072 0.733542 -0.480651
v 0.516990 1.158002 0.128663
v 0.567310 0.884944 0.047426
v 0.261635 1.040780 -0.437371
v 0.446590 0.780797 -0.165426
v 0.598198 0.898575 0.098310
v 0.465840 0.804519 -0.144796
v 0.237128 0.928733 -0.518917
v 0.319004 0.666143 -0.524209
v 0.434140 0.739046 -0.318246
v 0.488750 0.746867 -0.170450
v 0.401089 1.222716 -0.059643
v 0.477077 0.812790 -0.106476
v 0.472169 0.892727 -0.110913
v 0.513901 0.803019 -0.071062
v 0.200624 0.999581 -0.536348
v 0.166098 1.036034 -0.619948
v 0.522015 0.776573 -0.122581
v 0.250198 0.971959 -0.441823
v 0.538463 0.677431 -0.154827
v 0.186459 1.008114 -0.609517
v 0.464119 0.836585 -0.165016
v 0.547827 0.694624 -0.125095
v 0.556777 1.051107 0.120308
v 0.589655 0.918854 0.074954
v 0.215639 0.956635 -0.527430
v 0.579019 0.993199 0.076623
v 0.351945 1.149417 -0.260774
v 0.498929 0.864931 -0.088186
v 0.546235 0.726612 -0.090162
v 0.531532 1.216570 0.127904
v 0.368795 1.216731 -0.118346
v 0.415423 1.246226 -0.021159
v 0.346650 0.722274 -0.452199
v 0.356119 0.754142 -0.373725
v 0.379690 0.700544 -0.384271
v 0.466106 0.829048 -0.214027
v 0.201631 0.977357 -0.560204
v 0.328717 0.692121 -0.514103
v 0.514630 1.186593 0.109753
v 0.345744 0.774828 -0.407334
v 0.402140 0.794199 -0.341521
v 0.596689 1.014332 0.091183
v 0.272016 0.936747 -0.470583
v 0.377384 0.606454 -0.502424
v 0.552465 0.862233 0.000686
v 0.318381 0.806162 -0.442288
v 0.450935 1.287329 0.006447
v 0.392813 0.638059 -0.465515
v 0.410341 0.814864 -0.313240
v 0.372340 0.694221 -0.441360
v 0.322391 1.152426 -0.342526
v 0.471991 0.937638 -0.098573
v 0.507043 0.902992 -0.052786
v 0.444833 1.250903 0.014792
v 0.322408 0.857018 -0.437971
v 0.527228 0.942024 -0.015641
v 0.356361 0.706564 -0.489941
v 0.477205 0.971065 -0.072422
v 0.565216 0.962216 0.061952
v 0.373689 1.239444 -0.170561
v 0.389228 1.177090 -0.153708
v 0.405997 1.186582 -0.124382
v 0.543132 1.096792 0.098324
v 0.545037 0.756381 -0.099951
v 0.327253 1.164054 -0.298363
v 0.483131 0.994277 -0.097819
v 0.288398 0.898412 -0.478528
v 0.472901 0.894236 -0.205871
v 0.479462 1.221338 0.050043
v 0.514939 0.711383 -0.182996
v 0.521810 0.741773 -0.151199
v 0.375095 1.216101 -0.204390
v 0.380747 0.802195 -0.398859
v 0.465990 1.185686 -0.021321
v 0.485240 0.930463 -0.155193
v 0.442873 0.822068 -0.265210
v 0.572684 1.044127 0.101665
v 0.354190 0.823120 -0.429001
v 0.498532 1.132837 -0.013244
v 0.491953 1.268908 0.046754
v 0.514886 0.985635 -0.072434
v 0.542985 0.966132 -0.023171
v 0.303609 0.994503 -0.429951
v 0.361019 1.191486 -0.242512
v 0.410508 0.621236 -0.522409
v 0.553466 1.040151 0.050039
v 0.324327 0.966635 -0.445069
v 0.566032 0.995913 0.030888
v 0.318101 1.097735 -0.371619
v 0.325880 0.904611 -0.457105
v 0.184468 1.054360 -0.643049
v 0.530149 1.067304 -0.008586
v 0.410499 0.844066 -0.374760
v 0.427935 0.882143 -0.287555
v 0.435000 1.141918 -0.120044
v 0.300091 1.070751 -0.405813
v 0.358679 0.920493 -0.392282
v 0.332218 0.989044 -0.402201
v 0.346174 0.952566 -0.357225
v 0.489922 1.033816 -0.107655
v 0.373082 0.690823 -0.559060
v 0.476710 1.077398 -0.142095
v 0.353556 0.886318 -0.417115
v 0.379509 0.854720 -0.412142
v 0.322632 1.029858 -0.419181
v 0.382631 0.618712 -0.569109
v 0.485485 1.007427 -0.151523
v 0.433045 1.129953 -0.152689
v 0.386853 0.951109 -0.343359
v 0.483525 1.092196 -0.082295
v 0.471668 0.864031 -0.243723
v 0.473579 0.937249 -0.213585
v 0.418323 0.887982 -0.348332
v 0.404240 0.691600 -0.532667
v 0.370743 1.033163 -0.348574
v 0.398316 0.897144 -0.380135
v 0.414255 1.168226 -0.193644
v 0.389209 1.141426 -0.269039
v 0.408950 0.648946 -0.627295
v 0.457167 0.940971 -0.276391
v 0.391904 1.186431 -0.236312
v 0.366980 1.145054 -0.313754
v 0.425447 0.923427 -0.313051
v 0.486393 0.991197 -0.225644
v 0.456601 1.135200 -0.201671
v 0.354939 1.114853 -0.349070
v 0.507220 1.060175 -0.175913
v 0.416541 1.152320 -0.234197
v 0.429635 0.993139 -0.324138
v 0.399920 1.113436 -0.315451
v 0.502879 1.112415 -0.220559
v 0.403082 1.053901 -0.334027
v 0.469679 0.995708 -0.271734
v 0.420044 0.614915 -0.620092
v 0.468851 1.106879 -0.262320
v 0.516389 1.028944 -0.219065
v 0.448266 0.648611 -0.578599
v 0.460776 1.080007 -0.289675
v 0.437799 0.671062 -0.636207
v 0.499179 1.055712 -0.261891
v 0.457384 0.618877 -0.624281
v 0.451908 0.631308 -0.698327
v 0.466695 0.661031 -0.651136
v 0.488957 0.634896 -0.729107
vt 0.2235 0.3358
vt 0.2130 0.3440
vt 0.2146 0.3349
vt 0.2222 0.3442
vt 0.2186 0.3546
vt 0.2133 0.3527
vt 0.2264 0.3533
vt 0.2174 0.3227
vt 0.2180 0.3585
vt 0.1280 0.7182
vt 0.1357 0.7091
vt 0.1309 0.7262
vt 0.1423 0.7219
vt 0.3726 0.1278
vt 0.3816 0.1214
vt 0.3750 0.1356
vt 0.3889 0.1338
vt 0.2099 0.3614
vt 0.2053 0.3685
vt 0.2211 0.3654
vt 0.2169 0.3747
vt 0.2059 0.3393
vt 0.2101 0.3207
vt 0.1294 0.6929
vt 0.1208 0.7028
vt 0.3696 0.1598
vt 0.3700 0.1455
vt 0.3752 0.1557
vt 0.0410 0.9471
vt 0.0444 0.9338
vt 0.0520 0.9357
vt 0.0513 0.9559
vt 0.1211 0.7165
vt 0.1201 0.6828
vt 0.1221 0.6915
vt 0.1343 0.7361
vt 0.1380 0.7420
vt 0.2109 0.3096
vt 0.2216 0.3027
vt 0.3867 0.1481
vt 0.2066 0.3512
vt 0.1228 0.7275
vt 0.2023 0.3100
vt 0.0495 0.9300
vt 0.1997 0.3497
vt 0.1974 0.3320
vt 0.0531 0.9470
vt 0.0570 0.9419
vt 0.1983 0.3646
vt 0.0535 0.9937
vt 0.0531 0.9753
vt 0.0624 0.9760
vt 0.3733 0.1799
vt 0.3623 0.1724
vt 0.3636 0.1627
vt 0.1228 0.7443
vt 0.2176 0.2957
vt 0.2051 0.3000
vt 0.0569 0.9243
vt 0.0605 0.9495
vt 0.3770 0.1752
vt 0.0587 0.9609
vt 0.0553 0.9526
vt 0.3856 0.1705
vt 0.8567 0.0074
vt 0.8697 0.0101
vt 0.8553 0.0241
vt 0.8239 0.0039
vt 0.8372 0.0047
vt 0.8300 0.0143
vt 0.2218 0.2869
vt 0.8457 0.0063
vt 0.8431 0.0174
vt 0.1351 0.7575
vt 0.0670 0.9270
vt 0.0679 0.9171
vt 0.0687 0.9361
vt 0.0617 0.9319
vt 0.0687 0.9550
vt 0.3635 0.1806
vt 0.2022 0.2850
vt 0.8034 0.0068
vt 0.8179 0.0182
vt 0.3555 0.1846
vt 0.8447 0.6924
vt 0.8604 0.6737
vt 0.8604 0.6961
vt 0.2075 0.2800
vt 0.1405 0.7660
vt 0.1244 0.7636
vt 0.3648 0.1917
vt 0.8803 0.0121
vt 0.8960 0.0177
vt 0.8677 0.0253
vt 0.1219 0.7571
vt 0.3149 0.8753
vt 0.3226 0.8833
vt 0.3128 0.8829
vt 0.3112 0.8668
vt 0.2974 0.8668
vt 0.3040 0.8600
vt 0.2847 0.8219
vt 0.2929 0.8439
vt 0.2774 0.8476
vt 0.8475 0.7041
vt 0.8588 0.7154
vt 0.8069 0.0215
vt 0.3836 0.1863
vt 0.2159 0.2790
vt 0.2149 0.2691
vt 0.2288 0.9606
vt 0.2369 0.9740
vt 0.2266 0.9703
vt 0.3741 0.1982
vt 0.8919 0.0285
vt 0.1988 0.2767
vt 0.1294 0.7788
vt 0.2237 0.2640
vt 0.3029 0.8846
vt 0.9714 0.9971
vt 0.9586 0.9971
vt 0.9657 0.9888
vt 0.2783 0.8543
vt 0.9484 0.9311
vt 0.9698 0.9193
vt 0.9696 0.9345
vt 0.2737 0.8361
vt 0.2743 0.8422
vt 0.0029 0.5877
vt 0.0029 0.5731
vt 0.0048 0.5840
vt 0.2732 0.8322
vt 0.3303 0.3598
vt 0.3179 0.3559
vt 0.3215 0.3501
vt 0.3243 0.3475
vt 0.3282 0.3456
vt 0.5166 0.9788
vt 0.5182 0.9669
vt 0.5183 0.9705
vt 0.2036 0.2662
vt 0.9068 0.0239
vt 0.3606 0.2012
vt 0.8766 0.0338
vt 0.3172 0.8916
vt 0.2390 0.9679
vt 0.2439 0.9812
vt 0.2439 0.9581
vt 0.8326 0.0261
vt 0.9781 0.8958
vt 0.9913 0.9090
vt 0.9774 0.9067
vt 0.2921 0.8741
vt 0.9667 0.9558
vt 0.9473 0.9559
vt 0.3726 0.2068
vt 0.1211 0.7848
vt 0.2006 0.2570
vt 0.2149 0.2588
vt 0.9135 0.0250
vt 0.9130 0.0390
vt 0.8210 0.0266
vt 0.3137 0.8941
vt 0.9515 0.9639
vt 0.5197 0.9792
vt 0.5191 0.9841
vt 0.5193 0.9855
vt 0.5166 0.9893
vt 0.2286 0.9809
vt 0.2294 0.9914
vt 0.2286 0.9962
vt 0.2774 0.8501
vt 0.7944 0.9856
vt 0.7944 0.9737
vt 0.7947 0.9785
vt 0.2752 0.8444
vt 0.2752 0.8457
vt 0.9667 0.9509
vt 0.5195 0.9750
vt 0.3828 0.2086
vt 0.8990 0.0385
vt 0.9283 0.0400
vt 0.1883 0.2581
vt 0.3256 0.9012
vt 0.7889 0.0078
vt 0.8385 0.0366
vt 0.7687 0.0126
vt 0.7832 0.0181
vt 0.8588 0.0385
vt 0.3585 0.2044
vt 0.3642 0.2155
vt 0.2108 0.2477
vt 0.1369 0.7858
vt 0.1245 0.7964
vt 0.8484 0.0456
vt 0.3024 0.9041
vt 0.2362 0.8834
vt 0.2344 0.8804
vt 0.2371 0.8771
vt 0.2813 0.8676
vt 0.2831 0.8716
vt 0.2371 0.8732
vt 0.2356 0.8766
vt 0.2380 0.8661
vt 0.2792 0.8622
vt 0.9671 0.9523
vt 0.9698 0.9615
vt 0.1364 0.7977
vt 0.8867 0.0424
vt 0.8072 0.0279
vt 0.3174 0.9056
vt 0.3744 0.2170
vt 0.8182 0.0371
vt 0.3606 0.2192
vt 0.3498 0.2169
vt 0.2012 0.2500
vt 0.1918 0.2503
vt 0.7971 0.0310
vt 0.2922 0.9122
vt 0.9629 0.9824
vt 0.2841 0.8860
vt 0.2832 0.8815
vt 0.2830 0.8773
vt 0.2826 0.8748
vt 0.2809 0.8738
vt 0.0031 0.6225
vt 0.0027 0.6233
vt 0.0021 0.6185
vt 0.8961 0.0487
vt 0.7835 0.0315
vt 0.1295 0.8060
vt 0.9078 0.0529
vt 0.3540 0.2220
vt 0.3586 0.2252
vt 0.8776 0.0521
vt 0.8674 0.0482
vt 0.7676 0.0221
vt 0.3610 0.2301
vt 0.2115 0.2370
vt 0.9148 0.0523
vt 0.8940 0.8755
vt 0.8945 0.8776
vt 0.8937 0.8821
vt 0.2849 0.8936
vt 0.2826 0.8900
vt 0.3760 0.2294
vt 0.3133 0.5653
vt 0.3010 0.5733
vt 0.3027 0.5535
vt 0.1959 0.2339
vt 0.8329 0.0502
vt 0.1201 0.8062
vt 0.8839 0.0500
vt 0.8092 0.0391
vt 0.3516 0.2308
vt 0.3016 0.9197
vt 0.9290 0.0556
vt 0.8582 0.0509
vt 0.2908 0.5535
vt 0.2916 0.5648
vt 0.8996 0.0550
vt 0.3575 0.2375
vt 0.8447 0.9655
vt 0.8598 0.9495
vt 0.8595 0.9704
vt 0.2827 0.8988
vt 0.2830 0.8972
vt 0.2824 0.8958
vt 0.2858 0.5606
vt 0.9436 0.0557
vt 0.3841 0.2408
vt 0.7956 0.0472
vt 0.7839 0.0393
vt 0.2067 0.2297
vt 0.3739 0.2392
vt 0.1835 0.2292
vt 0.8897 0.0576
vt 0.8445 0.0574
vt 0.9255 0.0605
vt 0.3240 0.5606
vt 0.1293 0.8147
vt 0.8204 0.0466
vt 0.6914 0.2283
vt 0.7097 0.2205
vt 0.7044 0.2286
vt 0.2005 0.2250
vt 0.2977 0.5452
vt 0.8042 0.0500
vt 0.1934 0.2228
vt 0.8703 0.0586
vt 0.8941 0.8950
vt 0.8936 0.8971
vt 0.8941 0.8891
vt 0.2903 0.9270
vt 0.3051 0.9271
vt 0.2806 0.9052
vt 0.2815 0.9013
vt 0.6786 0.2187
vt 0.3691 0.2465
vt 0.3534 0.2467
vt 0.3615 0.2451
vt 0.2927 0.5375
vt 0.8116 0.0550
vt 0.2748 0.5594
vt 0.2868 0.5431
vt 0.8792 0.0612
vt 0.2998 0.9352
vt 0.9028 0.0641
vt 0.9426 0.0652
vt 0.9146 0.0650
vt 0.2751 0.5458
vt 0.3145 0.5504
vt 0.9542 0.0666
vt 0.2187 0.2333
vt 0.8898 0.0654
vt 0.7874 0.0511
vt 0.8939 0.9081
vt 0.8945 0.9029
vt 0.8598 0.9822
vt 0.2764 0.9223
vt 0.2812 0.9127
vt 0.2795 0.9100
vt 0.2795 0.9080
vt 0.8139 0.0609
vt 0.9635 0.7818
vt 0.9495 0.7846
vt 0.9473 0.7696
vt 0.2804 0.5323
vt 0.2796 0.5388
vt 0.8275 0.0604
vt 0.3117 0.5412
vt 0.6670 0.8396
vt 0.6770 0.8419
vt 0.6755 0.8519
vt 0.1952 0.2156
vt 0.6860 0.8482
vt 0.6848 0.2297
vt 0.9299 0.0719
vt 0.3762 0.2559
vt 0.5273 0.9245
vt 0.5177 0.9303
vt 0.5204 0.9162
vt 0.2938 0.5281
vt 0.8701 0.0652
vt 0.9175 0.0721
vt 0.8561 0.0654
vt 0.6741 0.8681
vt 0.6721 0.8607
vt 0.6904 0.8570
vt 0.9532 0.7961
vt 0.1995 0.2078
vt 0.9198 0.9032
vt 0.9044 0.8869
vt 0.9031 0.8813
vt 0.1760 0.2175
vt 0.2771 0.9154
vt 0.8021 0.0588
vt 0.3565 0.2565
vt 0.1863 0.2131
vt 0.2927 0.9421
vt 0.5076 0.9197
vt 0.5108 0.9325
vt 0.4984 0.9288
vt 0.7970 0.0606
vt 0.6845 0.8355
vt 0.8986 0.0701
vt 0.8181 0.0678
vt 0.6821 0.2384
vt 0.3190 0.5373
vt 0.3256 0.5449
vt 0.8847 0.0693
vt 0.2949 0.5100
vt 0.9618 0.0858
vt 0.9079 0.0749
vt 0.2807 0.5165
vt 0.3603 0.2591
vt 0.8462 0.0690
vt 0.6929 0.8446
vt 0.8783 0.0730
vt 0.7991 0.0637
vt 0.9019 0.8825
vt 0.9033 0.8764
vt 0.9227 0.8617
vt 0.2695 0.9293
vt 0.2755 0.9188
vt 0.6825 0.8822
vt 0.6912 0.8723
vt 0.7038 0.8574
vt 0.7189 0.8675
vt 0.7125 0.8754
vt 0.7173 0.8574
vt 0.9393 0.0767
vt 0.4877 0.9329
vt 0.5025 0.9385
vt 0.7266 0.8830
vt 0.6712 0.2356
vt 0.5326 0.9106
vt 0.5139 0.9070
vt 0.3134 0.5332
vt 0.9476 0.8053
vt 0.8909 0.2171
vt 0.9053 0.2182
vt 0.9050 0.2345
vt 0.8345 0.0731
vt 0.6941 0.8851
vt 0.7030 0.8766
vt 0.7303 0.8697
vt 0.3100 0.5103
vt 0.1836 0.2066
vt 0.3840 0.2610
vt 0.4984 0.9129
vt 0.8922 0.0784
vt 0.9006 0.0794
vt 0.3713 0.2666
vt 0.9157 0.0822
vt 0.3062 0.5203
vt 0.2827 0.5112
vt 0.2688 0.5152
vt 0.2804 0.5021
vt 0.8684 0.0767
vt 0.7125 0.8456
vt 0.3467 0.2716
vt 0.2731 0.9239
vt 0.8636 0.0844
vt 0.3964 0.9490
vt 0.3848 0.9519
vt 0.3809 0.9386
vt 0.7658 0.8358
vt 0.7490 0.8351
vt 0.7593 0.8179
vt 0.5236 0.8979
vt 0.7495 0.8527
vt 0.9556 0.8036
vt 0.1808 0.7714
vt 0.1772 0.7861
vt 0.1706 0.7747
vt 0.8514 0.4552
vt 0.8462 0.4448
vt 0.8516 0.4446
vt 0.7592 0.8608
vt 0.7756 0.8241
vt 0.2671 0.4969
vt 0.7185 0.9005
vt 0.7466 0.8742
vt 0.7516 0.8728
vt 0.8545 0.0766
vt 0.7738 0.8407
vt 0.7708 0.8117
vt 0.7029 0.8914
vt 0.9479 0.0887
vt 0.9674 0.8041
vt 0.7251 0.8519
vt 0.7426 0.8285
vt 0.7485 0.8117
vt 0.8070 0.0732
vt 0.3609 0.2656
vt 0.8845 0.0837
vt 0.7036 0.8348
vt 0.7297 0.8933
vt 0.1630 0.7833
vt 0.4817 0.9236
vt 0.7135 0.9896
vt 0.7194 0.9860
vt 0.7230 0.9901
vt 0.6597 0.2192
vt 0.3246 0.5361
vt 0.7701 0.8699
vt 0.1736 0.2067
vt 0.7275 0.9077
vt 0.6752 0.2479
vt 0.8457 0.4574
vt 0.7891 0.8660
vt 0.7833 0.8693
vt 0.7840 0.8608
vt 0.7904 0.8635
vt 0.7822 0.8515
vt 0.7332 0.8568
vt 0.9328 0.0895
vt 0.1650 0.7967
vt 0.1578 0.7964
vt 0.1625 0.7887
vt 0.8440 0.0830
vt 0.5587 0.8447
vt 0.5465 0.8475
vt 0.5494 0.8377
vt 0.5616 0.8320
vt 0.7352 0.8220
vt 0.7874 0.8361
vt 0.7035 0.9054
vt 0.1819 0.1983
vt 0.7606 0.8777
vt 0.9140 0.9221
vt 0.9023 0.9221
vt 0.9044 0.9110
vt 0.8982 0.2449
vt 0.8896 0.2377
vt 0.2718 0.9257
vt 0.9023 0.8677
vt 0.9116 0.8521
vt 0.7357 0.8405
vt 0.7879 0.8160
vt 0.7467 0.9072
vt 0.7899 0.8734
vt 0.7972 0.8653
vt 0.1943 0.2022
vt 0.1877 0.1942
vt 0.7381 0.8101
vt 0.4873 0.9100
vt 0.5002 0.8998
vt 0.3704 0.2768
vt 0.8260 0.0772
vt 0.3213 0.5219
vt 0.2792 0.4901
vt 0.2888 0.4960
vt 0.2599 0.5086
vt 0.7926 0.8561
vt 0.7962 0.0714
vt 0.8495 0.4733
vt 0.8542 0.4662
vt 0.8586 0.4694
vt 0.8184 0.0787
vt 0.3828 0.2758
vt 0.5524 0.8267
vt 0.4069 0.9475
vt 0.3937 0.9589
vt 0.7951 0.8247
vt 0.8906 0.0859
vt 0.9489 0.8166
vt 0.1556 0.8057
vt 0.3838 0.9640
vt 0.7050 0.9816
vt 0.7728 0.8883
vt 0.2575 0.4961
vt 0.7116 0.9162
vt 0.8717 0.0884
vt 0.1532 0.7857
vt 0.7317 0.9198
vt 0.5363 0.8434
vt 0.7896 0.0701
vt 0.5372 0.8951
vt 0.5253 0.8920
vt 0.8298 0.0811
vt 0.8374 0.0859
vt 0.1654 0.8091
vt 0.7993 0.8411
vt 0.1716 0.8088
vt 0.7256 0.8436
vt 0.1502 0.8026
vt 0.4097 0.5866
vt 0.4139 0.5951
vt 0.4014 0.5949
vt 0.5241 0.8889
vt 0.5324 0.8613
vt 0.5373 0.8530
vt 0.5419 0.8655
vt 0.5141 0.8933
vt 0.4118 0.9541
vt 0.7013 0.9901
vt 0.3598 0.2788
vt 0.7627 0.8925
vt 0.6627 0.2395
vt 0.3299 0.5311
vt 0.9555 0.8143
vt 0.1552 0.8165
vt 0.0405 0.6216
vt 0.0176 0.6225
vt 0.0341 0.6159
vt 0.8457 0.4769
vt 0.8933 0.2414
vt 0.8936 0.2424
vt 0.8924 0.2403
vt 0.6677 0.2465
vt 0.9018 0.0870
vt 0.1703 0.8189
vt 0.3210 0.5131
vt 0.7087 0.8312
vt 0.7214 0.8334
vt 0.5254 0.8515
vt 0.5333 0.8190
vt 0.5277 0.8712
vt 0.7897 0.0760
vt 0.8536 0.0880
vt 0.4009 0.5786
vt 0.3993 0.5835
vt 0.8069 0.8364
vt 0.2627 0.4860
vt 0.5295 0.8383
vt 0.5206 0.8428
vt 0.0276 0.6102
vt 0.7218 0.8195
vt 0.7944 0.0805
vt 0.2266 0.9250
vt 0.2393 0.9317
vt 0.2312 0.9304
vt 0.8018 0.0855
vt 0.5217 0.8580
vt 0.8557 0.4892
vt 0.8513 0.4890
vt 0.8580 0.0901
vt 0.9130 0.2227
vt 0.9189 0.2333
vt 0.6521 0.2319
vt 0.9152 0.0923
vt 0.8114 0.8542
vt 0.7126 0.9254
vt 0.6904 0.9879
vt 0.7627 0.9202
vt 0.9381 0.0971
vt 0.1777 0.1947
vt 0.1663 0.1936
vt 0.5379 0.8836
vt 0.5225 0.8794
vt 0.2404 0.9409
vt 0.2436 0.9355
vt 0.0507 0.6205
vt 0.0508 0.6130
vt 0.5582 0.8116
vt 0.5444 0.8144
vt 0.3826 0.5901
vt 0.5746 0.8198
vt 0.4067 0.9595
vt 0.3989 0.9718
vt 0.0600 0.6214
vt 0.3038 0.5001
vt 0.2501 0.4856
vt 0.8892 0.0913
vt 0.5170 0.8768
vt 0.8102 0.0830
vt 0.9043 0.2544
vt 0.8936 0.8623
vt 0.5042 0.8925
vt 0.2490 0.4764
vt 0.2618 0.4689
vt 0.1638 0.8257
vt 0.8513 0.5010
vt 0.9520 0.8341
vt 0.3026 0.4873
vt 0.2690 0.4803
vt 0.5214 0.8668
vt 0.2308 0.9379
vt 0.8144 0.0922
vt 0.8813 0.0943
vt 0.4052 0.9664
vt 0.1515 0.8270
vt 0.6716 0.2602
vt 0.6780 0.2668
vt 0.9784 0.8700
vt 0.9927 0.8797
vt 0.9784 0.8891
vt 0.9209 0.0959
vt 0.7284 0.9308
vt 0.2911 0.4751
vt 0.8485 0.0923
vt 0.8684 0.0934
vt 0.5156 0.8484
vt 0.5301 0.8252
vt 0.8415 0.0914
vt 0.9046 0.0966
vt 0.5064 0.8868
vt 0.9681 0.0951
vt 0.9579 0.0991
vt 0.3883 0.5822
vt 0.7921 0.8897
vt 0.3680 0.2871
vt 0.3337 0.5183
vt 0.9539 0.9979
vt 0.9501 0.9886
vt 0.9550 0.9917
vt 0.1455 0.8144
vt 0.0404 0.6067
vt 0.9047 0.9373
vt 0.6643 0.2564
vt 0.9916 0.8891
vt 0.8290 0.0935
vt 0.5171 0.8665
vt 0.6458 0.2200
vt 0.4131 0.9686
vt 0.5184 0.8319
vt 0.6553 0.2574
vt 0.2536 0.4607
vt 0.6409 0.6152
vt 0.6357 0.6011
vt 0.6524 0.6114
vt 0.2349 0.9425
vt 0.1776 0.1773
vt 0.0650 0.6078
vt 0.8750 0.1001
vt 0.7230 0.9441
vt 0.7774 0.9017
vt 0.3843 0.5699
vt 0.3956 0.5690
vt 0.8012 0.8812
vt 0.2367 0.9444
vt 0.2397 0.9491
vt 0.2266 0.9503
vt 0.4973 0.8923
vt 0.8365 0.0940
vt 0.9010 0.2508
vt 0.7481 0.9326
vt 0.8911 0.0990
vt 0.0385 0.6023
vt 0.8195 0.8239
vt 0.8089 0.8082
vt 0.9297 0.1028
vt 0.1541 0.8343
vt 0.3697 0.5866
vt 0.3757 0.5741
vt 0.7730 0.9150
vt 0.9291 0.2366
vt 0.9204 0.2452
vt 0.2315 0.9441
vt 0.1786 0.9899
vt 0.1881 0.9932
vt 0.1786 0.9971
vt 0.2401 0.7984
vt 0.2378 0.8050
vt 0.2294 0.7986
vt 0.8855 0.0972
vt 0.5118 0.8577
vt 0.3620 0.5776
vt 0.9056 0.1016
vt 0.8051 0.7893
vt 0.3810 0.2926
vt 0.7344 0.9368
vt 0.5114 0.8413
vt 0.5203 0.8201
vt 0.3135 0.4926
vt 0.5594 0.7907
vt 0.2739 0.4685
vt 0.0403 0.9863
vt 0.0283 0.9842
vt 0.0353 0.9810
vt 0.0225 0.9937
vt 0.0231 0.9794
vt 0.9311 0.2471
vt 0.0434 0.9964
vt 0.0380 0.9973
vt 0.0335 0.9923
vt 0.2561 0.8551
vt 0.2561 0.8598
vt 0.2501 0.8535
vt 0.2501 0.8636
vt 0.2411 0.9389
vt 0.2346 0.8118
vt 0.9140 0.9624
vt 0.7982 0.0899
vt 0.5053 0.8798
vt 0.9451 0.1073
vt 0.1692 0.1864
vt 0.3377 0.5129
vt 0.3605 0.5673
vt 0.8194 0.8348
vt 0.6700 0.2686
vt 0.1426 0.8340
vt 0.0333 0.9974
vt 0.5425 0.9860
vt 0.5355 0.9943
vt 0.5330 0.9892
vt 0.2534 0.9023
vt 0.2525 0.8967
vt 0.2579 0.8933
vt 0.5034 0.8736
vt 0.1683 0.8393
vt 0.3003 0.4728
vt 0.3093 0.4869
vt 0.3347 0.5007
vt 0.5517 0.8032
vt 0.2739 0.4555
vt 0.0472 0.6066
vt 0.0571 0.5939
vt 0.8200 0.8484
vt 0.5274 0.9860
vt 0.2499 0.8933
vt 0.5361 0.9791
vt 0.5280 0.9789
vt 0.5317 0.9717
vt 0.5398 0.9753
vt 0.8439 0.0976
vt 0.5305 0.9939
vt 0.5423 0.9934
vt 0.2266 0.8111
vt 0.7848 0.0870
vt 0.8115 0.1005
vt 0.2266 0.7831
vt 0.4817 0.8900
vt 0.8510 0.0991
vt 0.9473 0.8494
vt 0.9637 0.8466
vt 0.9629 0.8551
vt 0.8958 0.8575
vt 0.3982 0.9814
vt 0.2846 0.4666
vt 0.6417 0.2407
vt 0.0405 0.9741
vt 0.0459 0.9688
vt 0.1717 0.1813
vt 0.5070 0.8643
vt 0.5387 0.8019
vt 0.9090 0.1062
vt 0.3701 0.5667
vt 0.7875 0.9052
vt 0.1821 0.9573
vt 0.1851 0.9659
vt 0.1747 0.9572
vt 0.1751 0.9676
vt 0.0039 0.0588
vt 0.0115 0.0508
vt 0.0126 0.0567
vt 0.6711 0.2775
vt 0.8847 0.1033
vt 0.4991 0.8817
vt 0.8123 0.8917
vt 0.1595 0.8469
vt 0.3226 0.5968
vt 0.3360 0.6027
vt 0.3273 0.6124
vt 0.7342 0.9515
vt 0.6299 0.2267
vt 0.8223 0.8648
vt 0.7790 0.9291
vt 0.2678 0.4499
vt 0.6792 0.2814
vt 0.5090 0.8323
vt 0.3480 0.5639
vt 0.5131 0.8224
vt 0.3168 0.4724
vt 0.5209 0.8104
vt 0.4057 0.9916
vt 0.5286 0.9672
vt 0.9134 0.1079
vt 0.8189 0.9073
vt 0.8149 0.9175
vt 0.8022 0.9073
vt 0.7687 0.9311
vt 0.3173 0.4823
vt 0.8938 0.1073
vt 0.0287 0.9739
vt 0.3895 0.5567
vt 0.1711 0.9448
vt 0.0070 0.0411
vt 0.0163 0.0387
vt 0.0200 0.0479
vt 0.3096 0.6115
vt 0.3184 0.6206
vt 0.1590 0.1831
vt 0.5091 0.8247
vt 0.4124 0.6137
vt 0.4120 0.6215
vt 0.4032 0.6210
vt 0.4918 0.8595
vt 0.8649 0.1044
vt 0.9091 0.2596
vt 0.3250 0.7108
vt 0.3263 0.7252
vt 0.3084 0.7194
vt 0.4155 0.9761
vt 0.4308 0.9714
vt 0.4216 0.9784
vt 0.3008 0.4566
vt 0.7454 0.9525
vt 0.9207 0.1131
vt 0.9745 0.1164
vt 0.3100 0.7094
vt 0.3758 0.5631
vt 0.6579 0.2685
vt 0.7981 0.9201
vt 0.8095 0.9281
vt 0.5017 0.8380
vt 0.3860 0.2941
vt 0.6724 0.9875
vt 0.6761 0.9817
vt 0.6718 0.9939
vt 0.1453 0.8463
vt 0.8881 0.1084
vt 0.7857 0.9200
vt 0.1709 0.9647
vt 0.1674 0.9507
vt 0.8166 0.8955
vt 0.1635 0.1756
vt 0.3766 0.3043
vt 0.3650 0.2983
vt 0.9473 0.8388
vt 0.8051 0.9429
vt 0.7995 0.9380
vt 0.5713 0.7534
vt 0.5642 0.7513
vt 0.5746 0.7411
vt 0.8210 0.4723
vt 0.8356 0.4903
vt 0.8217 0.4770
vt 0.5460 0.7872
vt 0.3119 0.5898
vt 0.9340 0.1128
vt 0.5397 0.9621
vt 0.4072 0.6238
vt 0.4086 0.6259
vt 0.4124 0.6309
vt 0.5023 0.8638
vt 0.0213 0.0558
vt 0.4895 0.8706
vt 0.3041 0.6185
vt 0.5667 0.7581
vt 0.0693 0.5892
vt 0.3593 0.5586
vt 0.7902 0.9377
vt 0.0522 0.5997
vt 0.0414 0.6045
vt 0.0488 0.5852
vt 0.7574 0.9399
vt 0.6529 0.2760
vt 0.9078 0.1159
vt 0.6398 0.2591
vt 0.0047 0.4178
vt 0.0160 0.4178
vt 0.0136 0.4319
vt 0.2840 0.4543
vt 0.3764 0.5537
vt 0.9683 0.1201
vt 0.1605 0.9623
vt 0.5554 0.7651
vt 0.8176 0.4835
vt 0.0039 0.4376
vt 0.8334 0.8228
vt 0.8245 0.8062
vt 0.5558 0.7801
vt 0.5701 0.7832
vt 0.6657 0.6278
vt 0.5614 0.7707
vt 0.0211 0.0641
vt 0.5257 0.7982
vt 0.8839 0.1100
vt 0.9282 0.2603
vt 0.5438 0.9733
vt 0.5522 0.9721
vt 0.1485 0.1721
vt 0.3931 0.6029
vt 0.4048 0.6296
vt 0.4101 0.6484
vt 0.8726 0.1113
vt 0.9650 0.8595
vt 0.9653 0.8649
vt 0.9053 0.2563
vt 0.6705 0.9822
vt 0.3143 0.4649
vt 0.3851 0.5502
vt 0.5740 0.8039
vt 0.0332 0.0359
vt 0.0258 0.0435
vt 0.9577 0.1188
vt 0.6810 0.9763
vt 0.6732 0.9685
vt 0.4133 0.9952
vt 0.6544 0.6293
vt 0.6377 0.6315
vt 0.1570 0.9485
vt 0.8895 0.1130
vt 0.8959 0.1141
vt 0.4980 0.8676
vt 0.5027 0.8298
vt 0.0260 0.4155
vt 0.0224 0.4248
vt 0.2903 0.4276
vt 0.9795 0.8350
vt 0.9795 0.8144
vt 0.9828 0.8284
vt 0.5640 0.7775
vt 0.3133 0.6324
vt 0.7846 0.9371
vt 0.6271 0.2398
vt 0.6627 0.9838
vt 0.2953 0.7091
vt 0.0789 0.5916
vt 0.1772 0.1704
vt 0.5074 0.8185
vt 0.2441 0.5712
vt 0.2441 0.5857
vt 0.2373 0.5716
vt 0.5274 0.9591
vt 0.0388 0.0424
vt 0.6603 0.2821
vt 0.9394 0.9911
vt 0.9307 0.9945
vt 0.9371 0.9820
vt 0.5428 0.7792
vt 0.3229 0.7371
vt 0.9441 0.1212
vt 0.3059 0.6810
vt 0.3043 0.6946
vt 0.2778 0.6771
vt 0.2698 0.4372
vt 0.6813 0.9555
vt 0.6827 0.9626
vt 0.6709 0.9523
vt 0.5003 0.8244
vt 0.2871 0.7013
vt 0.3162 0.6376
vt 0.3039 0.6639
vt 0.2895 0.6481
vt 0.2884 0.6089
vt 0.7377 0.9645
vt 0.7811 0.9490
vt 0.0342 0.4162
vt 0.0287 0.4250
vt 0.3027 0.7407
vt 0.1535 0.6832
vt 0.1542 0.6952
vt 0.1442 0.6851
vt 0.8187 0.7899
vt 0.0539 0.5817
vt 0.9442 0.9803
vt 0.5468 0.9464
vt 0.5580 0.9590
vt 0.3838 0.6199
vt 0.3988 0.6414
vt 0.4871 0.8431
vt 0.3873 0.6544
vt 0.3876 0.6283
vt 0.9473 0.8897
vt 0.4008 0.6497
vt 0.3648 0.5481
vt 0.6469 0.2718
vt 0.1733 0.8599
vt 0.3895 0.5362
vt 0.9184 0.1227
vt 0.1573 0.9334
vt 0.5135 0.8012
vt 0.1529 0.9624
vt 0.6450 0.6405
vt 0.7274 0.9662
vt 0.0203 0.7678
vt 0.0318 0.7705
vt 0.0195 0.7717
vt 0.2804 0.6674
vt 0.5432 0.7709
vt 0.3570 0.3106
vt 0.3655 0.3109
vt 0.0835 0.9903
vt 0.0771 0.9941
vt 0.0790 0.9728
vt 0.4066 0.5187
vt 0.3914 0.5252
vt 0.1640 0.9302
vt 0.5231 0.7858
vt 0.1475 0.9583
vt 0.5306 0.7747
vt 0.5274 0.7558
vt 0.1663 0.1663
vt 0.3817 0.5357
vt 0.5231 0.7568
vt 0.1493 0.9511
vt 0.5482 0.7548
vt 0.2433 0.5553
vt 0.4947 0.8667
vt 0.5023 0.8135
vt 0.5058 0.8072
vt 0.5285 0.9492
vt 0.4917 0.8387
vt 0.2963 0.7210
vt 0.6648 0.9698
vt 0.2944 0.5940
vt 0.0328 0.7798
vt 0.0433 0.5667
vt 0.6429 0.9798
vt 0.6423 0.9882
vt 0.6367 0.9801
vt 0.6380 0.9915
vt 0.7610 0.9672
vt 0.0283 0.0674
vt 0.5420 0.7623
vt 0.6469 0.9738
vt 0.3868 0.3129
vt 0.2819 0.6379
vt 0.6790 0.9476
vt 0.6690 0.9450
vt 0.6774 0.9294
vt 0.0859 0.9711
vt 0.1470 0.9405
vt 0.1639 0.8631
vt 0.3641 0.5364
vt 0.8971 0.1219
vt 0.9044 0.1259
vt 0.7528 0.9604
vt 0.0326 0.0542
vt 0.7974 0.9540
vt 0.3151 0.7491
vt 0.6137 0.2339
vt 0.2891 0.6236
vt 0.1376 0.6695
vt 0.1520 0.6715
vt 0.9425 0.9719
vt 0.0497 0.0321
vt 0.4900 0.8235
vt 0.5539 0.9469
vt 0.4905 0.8299
vt 0.9118 0.2769
vt 0.4046 0.6641
vt 0.9044 0.6056
vt 0.9107 0.6020
vt 0.9069 0.6162
vt 0.8720 0.2018
vt 0.8726 0.2061
vt 0.8720 0.2114
vt 0.3981 0.6623
vt 0.9705 0.8728
vt 0.9098 0.2683
vt 0.9083 0.2624
vt 0.3001 0.5828
vt 0.0430 0.4275
vt 0.0838 0.5778
vt 0.0311 0.4331
vt 0.8069 0.4554
vt 0.8171 0.4449
vt 0.8228 0.4615
vt 0.2698 0.9371
vt 0.2829 0.9464
vt 0.2766 0.9457
vt 0.0152 0.4470
vt 0.5115 0.7907
vt 0.2799 0.6913
vt 0.3701 0.5322
vt 0.3765 0.5269
vt 0.3045 0.9790
vt 0.3166 0.9911
vt 0.3085 0.9896
vt 0.3839 0.5228
vt 0.8069 0.4673
vt 0.6518 0.2816
vt 0.5186 0.9472
vt 0.5217 0.7709
vt 0.3034 0.9876
vt 0.2666 0.9393
vt 0.2738 0.9517
vt 0.1696 0.8724
vt 0.0384 0.7617
vt 0.3977 0.5181
vt 0.1446 0.9285
vt 0.9307 0.9717
vt 0.8789 0.1234
vt 0.3742 0.3143
vt 0.0699 0.5704
vt 0.6227 0.2532
vt 0.2678 0.9613
vt 0.9324 0.1259
vt 0.6230 0.9826
vt 0.9433 0.1279
vt 0.6556 0.9697
vt 0.0216 0.4411
vt 0.0412 0.7707
vt 0.9614 0.1289
vt 0.0467 0.0422
vt 0.5062 0.7967
vt 0.5171 0.7803
vt 0.0823 0.6943
vt 0.0849 0.6970
vt 0.0820 0.7127
vt 0.0931 0.5799
vt 0.7425 0.9701
vt 0.1323 0.9432
vt 0.7247 0.2261
vt 0.7347 0.2465
vt 0.7169 0.2432
vt 0.9764 0.1331
vt 0.0643 0.5697
vt 0.6435 0.2762
vt 0.0498 0.4148
vt 0.0449 0.7745
vt 0.4067 0.5107
vt 0.1394 0.9350
vt 0.6665 0.6409
vt 0.7355 0.2331
vt 0.7449 0.2175
vt 0.9822 0.1248
vt 0.6591 0.9557
vt 0.9011 0.5924
vt 0.9107 0.2732
vt 0.3881 0.9793
vt 0.3900 0.9867
vt 0.3718 0.9956
vt 0.0480 0.7818
vt 0.5537 0.9947
vt 0.5590 0.9881
vt 0.5597 0.9940
vt 0.2979 0.4478
vt 0.2930 0.4342
vt 0.0623 0.5838
vt 0.3999 0.5088
vt 0.1588 0.1594
vt 0.1512 0.9225
vt 0.2849 0.5835
vt 0.0878 0.7006
vt 0.6286 0.2654
vt 0.0771 0.9570
vt 0.5623 0.9899
vt 0.1768 0.9196
vt 0.1656 0.9103
vt 0.1857 0.9100
vt 0.7393 0.2173
vt 0.3643 0.3274
vt 0.8832 0.1317
vt 0.8911 0.1285
vt 0.0338 0.0723
vt 0.0389 0.0660
vt 0.4957 0.8031
vt 0.6582 0.6490
vt 0.7691 0.9673
vt 0.2218 0.6748
vt 0.2153 0.6862
vt 0.2152 0.6698
vt 0.5658 0.9830
vt 0.9221 0.1324
vt 0.6986 0.5868
vt 0.7086 0.5807
vt 0.7180 0.5973
vt 0.3893 0.9947
vt 0.7428 0.1880
vt 0.7522 0.1818
vt 0.7647 0.1866
vt 0.9306 0.1328
vt 0.3737 0.5229
vt 0.7502 0.2087
vt 0.6457 0.2883
vt 0.6531 0.2927
vt 0.3928 0.6694
vt 0.0969 0.6970
vt 0.0445 0.0510
vt 0.7191 0.5856
vt 0.2883 0.7294
vt 0.9268 0.3732
vt 0.9326 0.3770
vt 0.9306 0.3886
vt 0.0540 0.7858
vt 0.0418 0.7909
vt 0.6489 0.6605
vt 0.6426 0.9630
vt 0.0821 0.0039
vt 0.0831 0.0172
vt 0.0744 0.0155
vt 0.9677 0.1380
vt 0.9842 0.1344
vt 0.1382 0.9555
vt 0.1808 0.8766
vt 0.3675 0.5187
vt 0.8958 0.1324
vt 0.0421 0.0583
vt 0.0748 0.5607
vt 0.0350 0.5660
vt 0.0276 0.5507
vt 0.0359 0.5517
vt 0.9254 0.3895
vt 0.2762 0.9599
vt 0.2826 0.4187
vt 0.0588 0.4162
vt 0.0557 0.4301
vt 0.2073 0.6772
vt 0.2074 0.6732
vt 0.7340 0.9760
vt 0.2792 0.6043
vt 0.0526 0.7717
vt 0.9522 0.1336
vt 0.0641 0.0415
vt 0.0634 0.0253
vt 0.8869 0.1421
vt 0.9041 0.1310
vt 0.9071 0.5860
vt 0.0312 0.9512
vt 0.0329 0.9552
vt 0.0336 0.9579
vt 0.8936 0.5864
vt 0.9674 0.9114
vt 0.1711 0.9011
vt 0.5686 0.9947
vt 0.8010 0.4821
vt 0.3025 0.4409
vt 0.7613 0.1769
vt 0.1345 0.6608
vt 0.0967 0.5721
vt 0.0844 0.5638
vt 0.7886 0.9674
vt 0.0293 0.5374
vt 0.0199 0.5370
vt 0.2792 0.9552
vt 0.8049 0.4907
vt 0.4961 0.7934
vt 0.1581 0.9216
vt 0.0640 0.4222
vt 0.1322 0.9241
vt 0.1699 0.8849
vt 0.6486 0.9570
vt 0.3615 0.5271
vt 0.4139 0.5014
vt 0.0485 0.7572
vt 0.9219 0.4045
vt 0.9265 0.3979
vt 0.1392 0.9153
vt 0.7578 0.1956
vt 0.0929 0.0194
vt 0.0437 0.0753
vt 0.0411 0.5520
vt 0.3731 0.3298
vt 0.0176 0.5265
vt 0.0492 0.7978
vt 0.0265 0.5189
vt 0.0368 0.5233
vt 0.2711 0.6459
vt 0.0180 0.5165
vt 0.0975 0.0133
vt 0.1471 0.1616
vt 0.1451 0.6558
vt 0.6378 0.2825
vt 0.1275 0.6650
vt 0.5318 0.9381
vt 0.3929 0.6764
vt 0.3878 0.6813
vt 0.4814 0.8167
vt 0.2775 0.6217
vt 0.3794 0.3241
vt 0.5030 0.7824
vt 0.1493 0.9131
vt 0.1054 0.5775
vt 0.2693 0.6829
vt 0.2700 0.7083
vt 0.3524 0.5263
vt 0.7569 0.2152
vt 0.0825 0.0305
vt 0.3021 0.7625
vt 0.3082 0.7683
vt 0.2730 0.9652
vt 0.0637 0.5576
vt 0.9381 0.3858
vt 0.0458 0.4374
vt 0.2000 0.6910
vt 0.7916 0.4705
vt 0.9478 0.1391
vt 0.3330 0.4109
vt 0.3329 0.4184
vt 0.3050 0.4254
vt 0.0739 0.0287
vt 0.0680 0.0332
vt 0.0835 0.5516
vt 0.0930 0.5562
vt 0.7499 0.9822
vt 0.7868 0.9773
vt 0.2803 0.5967
vt 0.0890 0.5421
vt 0.0786 0.5426
vt 0.2670 0.9728
vt 0.0936 0.7167
vt 0.3697 0.5113
vt 0.7994 0.4636
vt 0.8997 0.1385
vt 0.1396 0.1584
vt 0.0364 0.4488
vt 0.3089 0.4319
vt 0.6761 0.6483
vt 0.6757 0.6325
vt 0.2035 0.7008
vt 0.5788 0.9802
vt 0.7074 0.6024
vt 0.0496 0.0690
vt 0.1243 0.6533
vt 0.1200 0.6549
vt 0.0950 0.5629
vt 0.3629 0.5160
vt 0.2143 0.6962
vt 0.9349 0.3971
vt 0.1613 0.8939
vt 0.1514 0.8973
vt 0.1061 0.5838
vt 0.7587 0.2037
vt 0.2702 0.5811
vt 0.3651 0.3357
vt 0.6425 0.2930
vt 0.9381 0.2861
vt 0.5422 0.9313
vt 0.8185 0.4333
vt 0.7961 0.4444
vt 0.7918 0.4332
vt 0.2344 0.8912
vt 0.2370 0.9002
vt 0.2373 0.9065
vt 0.9127 0.2860
vt 0.9112 0.2818
vt 0.3882 0.3296
vt 0.7520 0.2297
vt 0.0728 0.0214
vt 0.1228 0.9347
vt 0.0589 0.0509
vt 0.7264 0.5918
vt 0.0613 0.7951
vt 0.0575 0.8072
vt 0.2644 0.6556
vt 0.7743 0.1704
vt 0.7723 0.1795
vt 0.1456 0.9010
vt 0.0769 0.0376
vt 0.7610 0.9799
vt 0.7948 0.4618
vt 0.0432 0.5394
vt 0.2147 0.7084
vt 0.4912 0.7994
vt 0.0883 0.1971
vt 0.0982 0.1981
vt 0.0885 0.2058
vt 0.3257 0.9185
vt 0.3224 0.9308
vt 0.3176 0.9241
vt 0.3377 0.4036
vt 0.3089 0.4122
vt 0.1335 0.8940
vt 0.1273 0.9121
vt 0.2607 0.6966
vt 0.3004 0.4192
vt 0.2837 0.7468
vt 0.2948 0.7548
vt 0.1006 0.5454
vt 0.0658 0.4336
vt 0.0677 0.5472
vt 0.0650 0.7776
vt 0.0512 0.5315
vt 0.7168 0.2541
vt 0.7358 0.2589
vt 0.1235 0.9004
vt 0.2755 0.5900
vt 0.1932 0.6784
vt 0.0568 0.5479
vt 0.0555 0.5561
vt 0.9588 0.3676
vt 0.9708 0.3638
vt 0.9700 0.3807
vt 0.9290 0.4080
vt 0.0864 0.7481
vt 0.0969 0.7397
vt 0.9229 0.1399
vt 0.1257 0.1517
vt 0.7715 0.2072
vt 0.1537 0.8894
vt 0.3161 0.4045
vt 0.1109 0.0145
vt 0.1086 0.0198
vt 0.6707 0.6568
vt 0.2775 0.9720
vt 0.0573 0.0760
vt 0.0586 0.0834
vt 0.0715 0.5381
vt 0.9349 0.4017
vt 0.1242 0.8557
vt 0.1262 0.8709
vt 0.1162 0.8613
vt 0.2622 0.6640
vt 0.1174 0.8765
vt 0.1240 0.8904
vt 0.1328 0.8809
vt 0.2905 0.4161
vt 0.3558 0.5177
vt 0.1001 0.5583
vt 0.1191 0.9104
vt 0.2669 0.6365
vt 0.9079 0.1436
vt 0.3291 0.9297
vt 0.9334 0.1439
vt 0.9391 0.1422
vt 0.0854 0.7627
vt 0.7617 0.2097
vt 0.5852 0.9911
vt 0.6070 0.2564
vt 0.0952 0.1839
vt 0.2862 0.7577
vt 0.2836 0.7676
vt 0.2711 0.6126
vt 0.0623 0.7609
vt 0.1238 0.9249
vt 0.1162 0.9432
vt 0.1223 0.9492
vt 0.2715 0.6243
vt 0.6218 0.2813
vt 0.0595 0.0637
vt 0.2042 0.7144
vt 0.1882 0.6856
vt 0.1867 0.6778
vt 0.7466 0.2492
vt 0.1215 0.6512
vt 0.2765 0.7662
vt 0.1374 0.6514
vt 0.7490 0.9902
vt 0.2684 0.5994
vt 0.0716 0.7975
vt 0.3324 0.9218
vt 0.6313 0.2940
vt 0.9791 0.3682
vt 0.9769 0.3797
vt 0.6407 0.2950
vt 0.5504 0.9300
vt 0.5669 0.9350
vt 0.7740 0.1246
vt 0.7720 0.1103
vt 0.7890 0.1243
vt 0.8607 0.9908
vt 0.8584 0.9979
vt 0.8584 0.9880
vt 0.2364 0.9076
vt 0.2344 0.9172
vt 0.7877 0.1083
vt 0.0929 0.2158
vt 0.1023 0.2165
vt 0.1821 0.6767
vt 0.3138 0.9386
vt 0.1471 0.1485
vt 0.1177 0.6488
vt 0.7761 0.9793
vt 0.0699 0.8105
vt 0.0721 0.7858
vt 0.0558 0.4445
vt 0.1952 0.6687
vt 0.2912 0.7746
vt 0.9351 0.6297
vt 0.9375 0.6427
vt 0.9224 0.6397
vt 0.0622 0.5282
vt 0.1186 0.8883
vt 0.0670 0.0524
vt 0.4846 0.8001
vt 0.9179 0.1456
vt 0.9212 0.1456
vt 0.0824 0.4277
vt 0.9553 0.3756
vt 0.7793 0.1992
vt 0.2889 0.9684
vt 0.1830 0.6677
vt 0.0296 0.4591
vt 0.7153 0.6086
vt 0.2731 0.9855
vt 0.0966 0.4213
vt 0.0930 0.4158
vt 0.1054 0.4090
vt 0.2079 0.7254
vt 0.7889 0.4871
vt 0.1922 0.7000
vt 0.9485 0.1465
vt 0.9740 0.6090
vt 0.9795 0.6213
vt 0.9686 0.6200
vt 0.6939 0.6381
vt 0.0953 0.5326
vt 0.2215 0.7191
vt 0.9433 0.3855
vt 0.9552 0.3881
vt 0.3927 0.6945
vt 0.7871 0.4961
vt 0.9236 0.7996
vt 0.9170 0.8007
vt 0.9156 0.7936
vt 0.1019 0.4271
vt 0.1050 0.1856
vt 0.5700 0.9709
vt 0.7364 0.5846
vt 0.9748 0.1493
vt 0.0753 0.5251
vt 0.0735 0.7722
vt 0.0954 0.2315
vt 0.5995 0.2410
vt 0.3207 0.9389
vt 0.7593 0.2440
vt 0.3129 0.9499
vt 0.3124 0.9607
vt 0.3037 0.9584
vt 0.0977 0.1559
vt 0.0869 0.1610
vt 0.0885 0.1501
vt 0.3194 0.7779
vt 0.0888 0.5232
vt 0.7920 0.1361
vt 0.7840 0.1466
vt 0.7792 0.1304
vt 0.3374 0.9299
vt 0.1012 0.0287
vt 0.9094 0.1500
vt 0.5684 0.9277
vt 0.5591 0.9238
vt 0.9491 0.3922
vt 0.7209 0.2655
vt 0.7372 0.2675
vt 0.9667 0.6130
vt 0.9633 0.6064
vt 0.6666 0.6673
vt 0.9241 0.6233
vt 0.9375 0.6231
vt 0.0875 0.4316
vt 0.3399 0.9181
vt 0.2978 0.4038
vt 0.1787 0.6732
vt 0.1777 0.6748
vt 0.1743 0.6730
vt 0.9621 0.1582
vt 0.0785 0.0561
vt 0.2218 0.7293
vt 0.1034 0.2398
vt 0.9187 0.1513
vt 0.0873 0.1350
vt 0.0937 0.1440
vt 0.8986 0.1543
vt 0.2675 0.9925
vt 0.2671 0.9985
vt 0.2671 0.9909
vt 0.6107 0.9787
vt 0.6103 0.9847
vt 0.6099 0.9814
vt 0.9024 0.5569
vt 0.9119 0.5685
vt 0.8899 0.1614
vt 0.8035 0.1161
vt 0.1834 0.7057
vt 0.1761 0.6814
vt 0.1274 0.6445
vt 0.9235 0.6170
vt 0.9362 0.6137
vt 0.3627 0.9890
vt 0.3539 0.9931
vt 0.3562 0.9826
vt 0.7750 0.1570
vt 0.7832 0.1605
vt 0.9867 0.3717
vt 0.3474 0.9844
vt 0.3456 0.9909
vt 0.0565 0.7482
vt 0.0693 0.0678
vt 0.0647 0.0799
vt 0.9095 0.8003
vt 0.9736 0.6273
vt 0.9863 0.1497
vt 0.3070 0.7841
vt 0.3220 0.7885
vt 0.3038 0.9721
vt 0.9310 0.6048
vt 0.0706 0.0776
vt 0.0805 0.0729
vt 0.0803 0.0795
vt 0.2133 0.7374
vt 0.7844 0.1790
vt 0.9530 0.4003
vt 0.6400 0.3014
vt 0.9664 0.3840
vt 0.9613 0.3866
vt 0.1055 0.2060
vt 0.1925 0.7181
vt 0.2087 0.7448
vt 0.2174 0.7622
vt 0.2026 0.7528
vt 0.7716 0.2283
vt 0.6535 0.6763
vt 0.2607 0.5766
vt 0.0732 0.7462
vt 0.3199 0.9575
vt 0.3496 0.9747
vt 0.0925 0.4400
vt 0.3398 0.9885
vt 0.1467 0.8826
vt 0.1564 0.8802
vt 0.0940 0.1720
vt 0.1061 0.1697
vt 0.1242 0.6361
vt 0.1458 0.6354
vt 0.0665 0.0870
vt 0.2968 0.7794
vt 0.0636 0.7424
vt 0.9044 0.1495
vt 0.7850 0.4589
vt 0.9375 0.2929
vt 0.0808 0.4394
vt 0.5775 0.9697
vt 0.3347 0.9464
vt 0.3248 0.9499
vt 0.5672 0.9547
vt 0.1886 0.6550
vt 0.3428 0.9733
vt 0.9319 0.1563
vt 0.1330 0.1432
vt 0.0896 0.0855
vt 0.0903 0.0507
vt 0.3569 0.9156
vt 0.3603 0.9778
vt 0.9188 0.1575
vt 0.1229 0.0258
vt 0.3447 0.5093
vt 0.7923 0.1592
vt 0.3654 0.3455
vt 0.3778 0.3393
vt 0.1344 0.8920
vt 0.0640 0.4470
vt 0.1019 0.5274
vt 0.7603 0.9945
vt 0.3118 0.8012
vt 0.7373 0.6011
vt 0.9447 0.2796
vt 0.9221 0.8118
vt 0.7789 0.4684
vt 0.9063 0.7925
vt 0.3339 0.9835
vt 0.7781 0.9932
vt 0.0989 0.0811
vt 0.6235 0.2950
vt 0.1169 0.2303
vt 0.3392 0.9387
vt 0.7763 0.4413
vt 0.9120 0.2937
vt 0.9122 0.2884
vt 0.6106 0.9768
vt 0.6116 0.9748
vt 0.7913 0.9825
vt 0.7915 0.9861
vt 0.7913 0.9886
vt 0.5909 0.9859
vt 0.3470 0.9321
vt 0.1953 0.7417
vt 0.2052 0.7720
vt 0.1928 0.7349
vt 0.0993 0.1450
vt 0.7292 0.6080
vt 0.2916 0.9843
vt 0.2922 0.9728
vt 0.2888 0.9918
vt 0.5747 0.9562
vt 0.7154 0.9634
vt 0.7037 0.9738
vt 0.7034 0.9647
vt 0.0367 0.4693
vt 0.0472 0.4649
vt 0.7528 0.2607
vt 0.3229 0.9724
vt 0.3347 0.9690
vt 0.1365 0.6365
vt 0.9185 0.6489
vt 0.0679 0.7363
vt 0.9890 0.3827
vt 0.7923 0.1460
vt 0.9132 0.1565
vt 0.8996 0.7902
vt 0.9014 0.8029
vt 0.1153 0.0307
vt 0.9718 0.3871
vt 0.5875 0.9763
vt 0.1158 0.1944
vt 0.9467 0.1586
vt 0.8916 0.7935
vt 0.6007 0.2642
vt 0.1119 0.2647
vt 0.1098 0.2523
vt 0.1188 0.2509
vt 0.3504 0.5096
vt 0.3490 0.9644
vt 0.3269 0.9630
vt 0.9091 0.8106
vt 0.9796 0.6393
vt 0.6298 0.3082
vt 0.5664 0.9217
vt 0.5685 0.9165
vt 0.9637 0.3921
vt 0.1759 0.6961
vt 0.9262 0.1590
vt 0.0985 0.4447
vt 0.1412 0.1271
vt 0.1423 0.1411
vt 0.6442 0.6672
vt 0.9742 0.1672
vt 0.2689 0.7826
vt 0.9326 0.6601
vt 0.6889 0.6562
vt 0.1001 0.0483
vt 0.6073 0.2769
vt 0.3586 0.9612
vt 0.7233 0.2823
vt 0.7409 0.2754
vt 0.0044 0.4650
vt 0.0206 0.4607
vt 0.0225 0.4760
vt 0.0056 0.4780
vt 0.0209 0.6889
vt 0.0176 0.6821
vt 0.0284 0.6705
vt 0.3298 0.9733
vt 0.6929 0.9352
vt 0.7021 0.9312
vt 0.6997 0.9406
vt 0.1044 0.1534
vt 0.5906 0.9940
vt 0.1235 0.0323
vt 0.9619 0.3996
vt 0.5807 0.9656
vt 0.0196 0.6679
vt 0.3330 0.9532
vt 0.9180 0.6311
vt 0.3226 0.8001
vt 0.7091 0.9593
vt 0.2860 0.4003
vt 0.2607 0.7749
vt 0.7050 0.6363
vt 0.6975 0.6594
vt 0.3286 0.9796
vt 0.7332 0.6167
vt 0.7180 0.6260
vt 0.1151 0.1814
vt 0.0933 0.0897
vt 0.3595 0.9240
vt 0.8022 0.1366
vt 0.9122 0.1676
vt 0.7753 0.4248
vt 0.5479 0.9120
vt 0.9099 0.5576
vt 0.2558 0.8723
vt 0.2538 0.8768
vt 0.2541 0.8697
vt 0.5093 0.9960
vt 0.4843 0.9801
vt 0.4794 0.9747
vt 0.4928 0.9613
vt 0.7938 0.1944
vt 0.3889 0.3507
vt 0.5921 0.2558
vt 0.3393 0.9583
vt 0.9694 0.6438
vt 0.9682 0.6353
vt 0.9592 0.6197
vt 0.7927 0.1716
vt 0.0296 0.6825
vt 0.6984 0.9699
vt 0.1933 0.7609
vt 0.1855 0.7270
vt 0.1144 0.2774
vt 0.1227 0.2759
vt 0.1085 0.1440
vt 0.8991 0.8135
vt 0.1294 0.0240
vt 0.6218 0.3066
vt 0.7985 0.1402
vt 0.3676 0.3528
vt 0.3723 0.3507
vt 0.7010 0.9519
vt 0.1833 0.7489
vt 0.1755 0.7150
vt 0.9306 0.1640
vt 0.1033 0.4551
vt 0.0940 0.4486
vt 0.6476 0.6822
vt 0.3476 0.9550
vt 0.7500 0.5888
vt 0.7452 0.5974
vt 0.2798 0.7906
vt 0.3013 0.7906
vt 0.6169 0.2981
vt 0.2963 0.9788
vt 0.1114 0.0437
vt 0.7363 0.2829
vt 0.0815 0.4543
vt 0.9192 0.6571
vt 0.7377 0.6261
vt 0.1221 0.2181
vt 0.1194 0.2060
vt 0.6904 0.9464
vt 0.9226 0.8297
vt 0.9182 0.8270
vt 0.1311 0.0353
vt 0.6760 0.6751
vt 0.7209 0.6350
vt 0.0988 0.0976
vt 0.1196 0.2615
vt 0.0988 0.0633
vt 0.3494 0.9391
vt 0.1058 0.0902
vt 0.1060 0.0798
vt 0.1223 0.0956
vt 0.0360 0.6817
vt 0.1273 0.2809
vt 0.0404 0.6944
vt 0.0559 0.6974
vt 0.0486 0.7000
vt 0.9819 0.3924
vt 0.9723 0.4041
vt 0.0601 0.4594
vt 0.1844 0.7636
vt 0.7836 0.2261
vt 0.1343 0.1325
vt 0.1368 0.0299
vt 0.1412 0.0184
vt 0.3573 0.9515
vt 0.1743 0.7608
vt 0.7758 0.2475
vt 0.6916 0.9585
vt 0.6938 0.9502
vt 0.1250 0.0875
vt 0.1158 0.0758
vt 0.3108 0.8142
vt 0.0590 0.7275
vt 0.8065 0.1621
vt 0.1173 0.6227
vt 0.9619 0.4062
vt 0.5587 0.9085
vt 0.8104 0.1272
vt 0.8961 0.1665
vt 0.9130 0.3038
vt 0.9124 0.3017
vt 0.9120 0.2989
vt 0.3793 0.3483
vt 0.0277 0.6587
vt 0.6883 0.6707
vt 0.1378 0.0983
vt 0.7230 0.6440
vt 0.9554 0.6289
vt 0.1326 0.0840
vt 0.1199 0.1362
vt 0.9128 0.6399
vt 0.1041 0.0715
vt 0.0424 0.7350
vt 0.0506 0.7299
vt 0.1687 0.7374
vt 0.1498 0.6399
vt 0.1509 0.6293
vt 0.1604 0.6364
vt 0.0479 0.6928
vt 0.9176 0.1654
vt 0.1244 0.2317
vt 0.1271 0.2404
vt 0.0606 0.6898
vt 0.0497 0.6869
vt 0.7431 0.2894
vt 0.7498 0.2760
vt 0.1479 0.0260
vt 0.1274 0.2688
vt 0.1297 0.2592
vt 0.8049 0.1493
vt 0.9584 0.6409
vt 0.3587 0.9470
vt 0.9065 0.6301
vt 0.1369 0.6161
vt 0.1249 0.0455
vt 0.1431 0.0940
vt 0.9235 0.1708
vt 0.9414 0.1673
vt 0.7682 0.4516
vt 0.6274 0.3159
vt 0.6343 0.3208
vt 0.7571 0.2867
vt 0.7483 0.2994
vt 0.9096 0.8207
vt 0.9473 0.4764
vt 0.9578 0.4896
vt 0.9497 0.4868
vt 0.1408 0.0765
vt 0.1276 0.0702
vt 0.1119 0.0689
vt 0.2931 0.7988
vt 0.8036 0.1783
vt 0.5836 0.2524
vt 0.1460 0.1096
vt 0.1542 0.1089
vt 0.1549 0.1193
vt 0.9496 0.4086
vt 0.7500 0.6058
vt 0.2965 0.9909
vt 0.7690 0.2605
vt 0.7962 0.2270
vt 0.1703 0.7237
vt 0.1500 0.0900
vt 0.6676 0.6844
vt 0.7076 0.6602
vt 0.9500 0.1696
vt 0.9511 0.4662
vt 0.9583 0.4723
vt 0.9311 0.1717
vt 0.8080 0.1402
vt 0.3627 0.9365
vt 0.8136 0.1135
vt 0.9101 0.3051
vt 0.9097 0.3096
vt 0.8053 0.1946
vt 0.0575 0.6800
vt 0.1061 0.0612
vt 0.7576 0.5957
vt 0.8976 0.6240
vt 0.0448 0.6834
vt 0.0400 0.6705
vt 0.1581 0.1016
vt 0.9547 0.5031
vt 0.3007 0.8140
vt 0.3263 0.8116
vt 0.9047 0.1716
vt 0.8097 0.1753
vt 0.5857 0.2670
vt 0.1642 0.1288
vt 0.1653 0.1205
vt 0.9127 0.8343
vt 0.9631 0.6712
vt 0.9580 0.6609
vt 0.9532 0.5169
vt 0.1649 0.7030
vt 0.1440 0.0414
vt 0.9074 0.6487
vt 0.7650 0.4592
vt 0.1458 0.6149
vt 0.1387 0.2366
vt 0.0541 0.6691
vt 0.0419 0.6790
vt 0.2157 0.3914
vt 0.2175 0.3825
vt 0.2253 0.3906
vt 0.0955 0.4590
vt 0.1281 0.0566
vt 0.6138 0.3086
vt 0.6220 0.3200
vt 0.9619 0.4176
vt 0.9493 0.4227
vt 0.9149 0.1723
vt 0.0744 0.6864
vt 0.7934 0.2327
vt 0.5981 0.2897
vt 0.9017 0.6398
vt 0.1627 0.6249
vt 0.7629 0.2762
vt 0.3745 0.3583
vt 0.0867 0.6714
vt 0.0974 0.6685
vt 0.0919 0.6795
vt 0.1481 0.0359
vt 0.9588 0.4553
vt 0.9595 0.1785
vt 0.6578 0.6920
vt 0.0802 0.6802
vt 0.0760 0.6737
vt 0.1745 0.6349
vt 0.0688 0.6768
vt 0.0452 0.4755
vt 0.7993 0.2129
vt 0.7815 0.2375
vt 0.0915 0.6674
vt 0.9222 0.8393
vt 0.7758 0.4848
vt 0.7665 0.4750
vt 0.9554 0.6777
vt 0.1271 0.1282
vt 0.2859 0.8049
vt 0.5925 0.2814
vt 0.7766 0.2582
vt 0.1345 0.2197
vt 0.1259 0.2113
vt 0.9507 0.6677
vt 0.1568 0.0860
vt 0.1679 0.7160
vt 0.1639 0.7556
vt 0.9010 0.8314
vt 0.9640 0.4805
vt 0.9491 0.6478
vt 0.7605 0.6035
vt 0.6076 0.2979
vt 0.0333 0.7343
vt 0.0356 0.7187
vt 0.3629 0.3694
vt 0.6131 0.3148
vt 0.8263 0.1111
vt 0.8234 0.1254
vt 0.9672 0.4126
vt 0.7621 0.4366
vt 0.7625 0.4252
vt 0.6284 0.3322
vt 0.7645 0.4164
vt 0.5526 0.8987
vt 0.5620 0.8968
vt 0.7325 0.9962
vt 0.7429 0.9962
vt 0.7380 0.9971
vt 0.4557 0.9547
vt 0.9316 0.3242
vt 0.9086 0.3129
vt 0.0522 0.7090
vt 0.3802 0.3649
vt 0.2095 0.3946
vt 0.2217 0.4030
vt 0.6444 0.6903
vt 0.1426 0.0669
vt 0.7514 0.6145
vt 0.1403 0.0486
vt 0.9094 0.6607
vt 0.9714 0.4631
vt 0.0257 0.7298
vt 0.0591 0.4772
vt 0.1336 0.2494
vt 0.0195 0.7161
vt 0.1656 0.1111
vt 0.3136 0.8214
vt 0.9351 0.1771
vt 0.8122 0.1504
vt 0.9473 0.6294
vt 0.0421 0.6629
vt 0.0875 0.6670
vt 0.8932 0.8215
vt 0.8192 0.1704
vt 0.0760 0.4714
vt 0.1722 0.6248
vt 0.0269 0.7078
vt 0.9656 0.5111
vt 0.1621 0.0933
vt 0.1479 0.0714
vt 0.8185 0.1412
vt 0.0807 0.6668
vt 0.9181 0.1768
vt 0.9124 0.5444
vt 0.9249 0.1760
vt 0.9737 0.4119
vt 0.0858 0.4686
vt 0.7679 0.2998
vt 0.1539 0.7466
vt 0.9116 0.1771
vt 0.9718 0.4476
vt 0.9723 0.4568
vt 0.1502 0.0562
vt 0.1373 0.2813
vt 0.7545 0.3100
vt 0.9680 0.4943
vt 0.9122 0.8438
vt 0.9236 0.8443
vt 0.0267 0.3728
vt 0.0223 0.3982
vt 0.0088 0.4061
vt 0.7788 0.2670
vt 0.9613 0.6836
vt 0.1387 0.2655
vt 0.8453 0.5577
vt 0.8514 0.5395
vt 0.8582 0.5577
vt 0.7921 0.2582
vt 0.1785 0.6286
vt 0.1761 0.1272
vt 0.0882 0.6640
vt 0.8092 0.2142
vt 0.7696 0.5060
vt 0.7613 0.4922
vt 0.7526 0.3324
vt 0.7391 0.3396
vt 0.7450 0.3273
vt 0.1190 0.1283
vt 0.9828 0.1777
vt 0.9727 0.1811
vt 0.8974 0.5499
vt 0.8993 0.1776
vt 0.3282 0.9978
vt 0.3279 0.9925
vt 0.3282 0.9891
vt 0.4660 0.9729
vt 0.9054 0.3222
vt 0.8922 0.4397
vt 0.8905 0.4432
vt 0.8931 0.4358
vt 0.1267 0.6180
vt 0.1233 0.6081
vt 0.8234 0.1646
vt 0.2096 0.4060
vt 0.3251 0.8304
vt 0.5749 0.2640
vt 0.7588 0.4653
vt 0.8000 0.2491
vt 0.8654 0.3633
vt 0.8555 0.3643
vt 0.8647 0.3521
vt 0.1685 0.0992
vt 0.9022 0.8378
vt 0.1596 0.0666
vt 0.7520 0.6279
vt 0.2013 0.3879
vt 0.1977 0.3992
vt 0.0702 0.6676
vt 0.6027 0.3103
vt 0.9686 0.4193
vt 0.9393 0.4296
vt 0.9567 0.4292
vt 0.1325 0.6016
vt 0.0402 0.6552
vt 0.0365 0.7084
vt 0.7595 0.4761
vt 0.0964 0.4720
vt 0.9082 0.1846
vt 0.8438 0.5435
vt 0.9731 0.4762
vt 0.5989 0.3085
vt 0.7166 0.6785
vt 0.9052 0.1828
vt 0.9467 0.1798
vt 0.6145 0.3252
vt 0.9048 0.5396
vt 0.9046 0.5336
vt 0.8936 0.5381
vt 0.7565 0.4502
vt 0.1550 0.6113
vt 0.0317 0.6529
vt 0.1426 0.2258
vt 0.9362 0.4397
vt 0.7584 0.6130
vt 0.1455 0.2518
vt 0.7756 0.2888
vt 0.1652 0.6133
vt 0.7615 0.3219
vt 0.1606 0.0801
vt 0.1277 0.1174
vt 0.1197 0.1228
vt 0.9842 0.4495
vt 0.8222 0.2057
vt 0.8058 0.2279
vt 0.8541 0.3388
vt 0.8639 0.3318
vt 0.9209 0.1838
vt 0.9339 0.1840
vt 0.0317 0.3764
vt 0.0671 0.6583
vt 0.1921 0.3868
vt 0.8251 0.1945
vt 0.1789 0.3538
vt 0.1628 0.3513
vt 0.1694 0.3464
vt 0.5801 0.2888
vt 0.8305 0.1606
vt 0.5688 0.2575
vt 0.0418 0.4916
vt 0.0486 0.4863
vt 0.0946 0.6546
vt 0.1542 0.2436
vt 0.9142 0.1828
vt 0.1679 0.0872
vt 0.1603 0.0387
vt 0.8984 0.6535
vt 0.8363 0.1188
vt 0.0784 0.6587
vt 0.8581 0.3196
vt 0.8655 0.3132
vt 0.9449 0.1854
vt 0.7550 0.4297
vt 0.9892 0.9389
vt 0.9892 0.9544
vt 0.9777 0.9541
vt 0.5635 0.8875
vt 0.5713 0.8907
vt 0.9759 0.4238
vt 0.7525 0.4240
vt 0.4616 0.9754
vt 0.4577 0.9747
vt 0.4531 0.9727
vt 0.9055 0.3188
vt 0.8916 0.7409
vt 0.8948 0.7266
vt 0.9043 0.7398
vt 0.8655 0.3717
vt 0.8582 0.5476
vt 0.6474 0.7027
vt 0.9538 0.4393
vt 0.1644 0.3295
vt 0.1593 0.0449
vt 0.8278 0.1811
vt 0.4314 0.8447
vt 0.4271 0.8347
vt 0.4387 0.8310
vt 0.8937 0.7471
vt 0.6672 0.6944
vt 0.7675 0.3135
vt 0.1584 0.3402
vt 0.1763 0.3616
vt 0.6071 0.3197
vt 0.8365 0.1462
vt 0.8056 0.2438
vt 0.0680 0.4823
vt 0.1494 0.7078
vt 0.7759 0.6322
vt 0.7859 0.6314
vt 0.7805 0.6364
vt 0.1546 0.7205
vt 0.1506 0.7301
vt 0.1620 0.7371
vt 0.1813 0.1122
vt 0.1237 0.3108
vt 0.1159 0.2909
vt 0.1296 0.3005
vt 0.7362 0.6558
vt 0.1691 0.0494
vt 0.1623 0.0575
vt 0.3704 0.3717
vt 0.1133 0.5991
vt 0.0827 0.4809
vt 0.0929 0.4780
vt 0.9742 0.4859
vt 0.6979 0.6875
vt 0.7472 0.6399
vt 0.9599 0.1886
vt 0.1816 0.3765
vt 0.5722 0.8832
vt 0.8498 0.3490
vt 0.8504 0.3273
vt 0.9240 0.3377
vt 0.2035 0.9710
vt 0.2139 0.9857
vt 0.2040 0.9825
vt 0.8372 0.1369
vt 0.1850 0.3919
vt 0.4331 0.8097
vt 0.4446 0.8159
vt 0.0318 0.6479
vt 0.7912 0.6380
vt 0.7208 0.6708
vt 0.9873 0.4586
vt 0.5870 0.2977
vt 0.1824 0.0609
vt 0.5729 0.2747
vt 0.0588 0.6472
vt 0.8445 0.5260
vt 0.1483 0.3487
vt 0.1494 0.3388
vt 0.6247 0.3415
vt 0.6100 0.3349
vt 0.6141 0.3447
vt 0.1794 0.6151
vt 0.9701 0.4303
vt 0.4246 0.8198
vt 0.8377 0.1577
vt 0.1841 0.1343
vt 0.1853 0.1247
vt 0.1768 0.1006
vt 0.1763 0.0899
vt 0.1753 0.0846
vt 0.1114 0.3071
vt 0.1680 0.3766
vt 0.5629 0.2666
vt 0.4227 0.8530
vt 0.4119 0.8453
vt 0.2047 0.4087
vt 0.6598 0.7044
vt 0.1120 0.1192
vt 0.1007 0.1231
vt 0.8355 0.1714
vt 0.8563 0.8311
vt 0.8526 0.8374
vt 0.8483 0.8282
vt 0.9823 0.4222
vt 0.1997 0.9910
vt 0.8447 0.8193
vt 0.8561 0.8225
vt 0.8507 0.8407
vt 0.8560 0.8451
vt 0.8447 0.8591
vt 0.7635 0.4012
vt 0.7434 0.4051
vt 0.9041 0.3235
vt 0.9024 0.3265
vt 0.2511 0.9177
vt 0.2537 0.9172
vt 0.2518 0.9201
vt 0.2513 0.9229
vt 0.4432 0.7963
vt 0.7540 0.4999
vt 0.7439 0.4879
vt 0.1405 0.3182
vt 0.1376 0.3280
vt 0.0463 0.6439
vt 0.1500 0.7508
vt 0.6780 0.6964
vt 0.7518 0.4339
vt 0.1276 0.5989
vt 0.6236 0.3492
vt 0.9283 0.1908
vt 0.4044 0.9162
vt 0.3894 0.9248
vt 0.3830 0.9156
vt 0.9143 0.1901
vt 0.1344 0.3099
vt 0.1550 0.2322
vt 0.8357 0.1889
vt 0.7597 0.6236
vt 0.3934 0.9116
vt 0.7461 0.4627
vt 0.3766 0.3768
vt 0.5658 0.2728
vt 0.9355 0.7248
vt 0.9336 0.7140
vt 0.9365 0.7079
vt 0.8896 0.6608
vt 0.7503 0.4715
vt 0.7806 0.2832
vt 0.7695 0.6466
vt 0.7645 0.6409
vt 0.1290 0.3243
vt 0.8382 0.1841
vt 0.1518 0.2196
vt 0.1314 0.3512
vt 0.1375 0.3434
vt 0.8250 0.2273
vt 0.1754 0.0746
vt 0.5905 0.3132
vt 0.5975 0.3187
vt 0.1421 0.5940
vt 0.6176 0.3559
vt 0.8526 0.8406
vt 0.9336 0.6999
vt 0.9370 0.6985
vt 0.7497 0.4188
vt 0.5701 0.8748
vt 0.2009 0.9728
vt 0.0858 0.4904
vt 0.7464 0.4768
vt 0.7857 0.6465
vt 0.1577 0.3717
vt 0.8447 0.3408
vt 0.9660 0.4374
vt 0.5757 0.2850
vt 0.3876 0.9062
vt 0.4355 0.7910
vt 0.4249 0.7890
vt 0.7695 0.3269
vt 0.1866 0.1016
vt 0.1389 0.2169
vt 0.1484 0.3703
vt 0.4160 0.7742
vt 0.4295 0.7645
vt 0.4288 0.7757
vt 0.1155 0.5905
vt 0.9366 0.7097
vt 0.9379 0.7068
vt 0.0032 0.5528
vt 0.0039 0.5512
vt 0.0056 0.5521
vt 0.8452 0.3324
vt 0.1736 0.3883
vt 0.7787 0.3113
vt 0.9479 0.1940
vt 0.1210 0.3231
vt 0.1818 0.0940
vt 0.4050 0.9307
vt 0.4093 0.9224
vt 0.1883 0.4076
vt 0.1951 0.4117
vt 0.0817 0.6452
vt 0.0721 0.4913
vt 0.4246 0.9310
vt 0.4230 0.9397
vt 0.4143 0.9326
vt 0.1026 0.4844
vt 0.1432 0.3593
vt 0.9044 0.9944
vt 0.9056 0.9832
vt 0.9177 0.9918
vt 0.8978 0.9862
vt 0.9038 0.1947
vt 0.7499 0.4499
vt 0.9002 0.1862
vt 0.4193 0.4417
vt 0.4132 0.4422
vt 0.4175 0.4416
vt 0.9005 0.3306
vt 0.8974 0.4258
vt 0.8974 0.4274
vt 0.8972 0.4296
vt 0.7649 0.3578
vt 0.7548 0.3646
vt 0.7553 0.3520
vt 0.9681 0.1935
vt 0.6519 0.7161
vt 0.1171 0.1089
vt 0.7574 0.6379
vt 0.3809 0.9043
vt 0.1928 0.1175
vt 0.0681 0.6457
vt 0.4202 0.9231
vt 0.7617 0.6480
vt 0.7605 0.6305
vt 0.1273 0.5893
vt 0.6058 0.3428
vt 0.0056 0.5671
vt 0.1786 0.6083
vt 0.9070 0.7486
vt 0.8998 0.7534
vt 0.9136 0.7454
vt 0.4149 0.8009
vt 0.7971 0.2813
vt 0.4010 0.8345
vt 0.1217 0.3447
vt 0.8962 0.9785
vt 0.7311 0.6656
vt 0.1793 0.3987
vt 0.7587 0.5073
vt 0.7584 0.5312
vt 0.7478 0.5260
vt 0.7470 0.5139
vt 0.7880 0.2983
vt 0.8461 0.1535
vt 0.8490 0.1684
vt 0.6019 0.3306
vt 0.7416 0.4258
vt 0.9195 0.1962
vt 0.8390 0.1406
vt 0.6111 0.3504
vt 0.5499 0.8715
vt 0.5629 0.8663
vt 0.3677 0.3844
vt 0.4123 0.9102
vt 0.7615 0.3446
vt 0.8649 0.5269
vt 0.9324 0.1957
vt 0.9281 0.3444
vt 0.6698 0.7085
vt 0.1614 0.2262
vt 0.8161 0.2359
vt 0.1833 0.0837
vt 0.7421 0.4377
vt 0.1934 0.9669
vt 0.9745 0.4333
vt 0.5754 0.2969
vt 0.3605 0.3873
vt 0.4249 0.9147
vt 0.1093 0.3236
vt 0.1658 0.6006
vt 0.7559 0.6668
vt 0.1555 0.3824
vt 0.7808 0.3220
vt 0.8332 0.2031
vt 0.1066 0.8452
vt 0.0941 0.8585
vt 0.0959 0.8413
vt 0.1037 0.8625
vt 0.0920 0.6457
vt 0.4094 0.8078
vt 0.8512 0.5188
vt 0.8438 0.5089
vt 0.1143 0.3398
vt 0.8524 0.1796
vt 0.0888 0.8481
vt 0.7417 0.4197
vt 0.2117 0.9585
vt 0.6062 0.3516
vt 0.8992 0.3344
vt 0.8986 0.4196
vt 0.8982 0.4238
vt 0.4227 0.4420
vt 0.4320 0.4428
vt 0.4102 0.4620
vt 0.3994 0.8973
vt 0.9487 0.2028
vt 0.9881 0.4255
vt 0.9788 0.4397
vt 0.9211 0.9810
vt 0.3805 0.3821
vt 0.8114 0.2624
vt 0.5753 0.6370
vt 0.5627 0.6340
vt 0.5723 0.6300
vt 0.1282 0.3548
vt 0.7302 0.6771
vt 0.5852 0.3136
vt 0.8946 0.7586
vt 0.1923 0.1356
vt 0.2004 0.1245
vt 0.1945 0.0597
vt 0.1893 0.0775
vt 0.2009 0.9550
vt 0.7406 0.4537
vt 0.3746 0.3933
vt 0.0229 0.6397
vt 0.0332 0.6402
vt 0.1448 0.5877
vt 0.1591 0.5918
vt 0.1079 0.1136
vt 0.8336 0.2198
vt 0.4067 0.7940
vt 0.5582 0.2839
vt 0.0806 0.5024
vt 0.4085 0.8202
vt 0.8014 0.6554
vt 0.6977 0.6966
vt 0.1907 0.0910
vt 0.1643 0.2165
vt 0.3888 0.8978
vt 0.5874 0.3284
vt 0.9078 0.1966
vt 0.6137 0.3617
vt 0.8147 0.2501
vt 0.9267 0.2046
vt 0.2020 0.0758
vt 0.8381 0.2101
vt 0.4032 0.8526
vt 0.1682 0.3933
vt 0.0846 0.6292
vt 0.8109 0.2758
vt 0.7913 0.6609
vt 0.2080 0.0643
vt 0.1789 0.4102
vt 0.9108 0.9744
vt 0.5952 0.3368
vt 0.7378 0.4123
vt 0.1936 0.9601
vt 0.0934 0.8777
vt 0.7762 0.3350
vt 0.8617 0.5154
vt 0.0482 0.6360
vt 0.5636 0.2919
vt 0.9006 0.7595
vt 0.8932 0.7673
vt 0.0665 0.5012
vt 0.9427 0.2066
vt 0.1976 0.1011
vt 0.9143 0.7560
vt 0.2045 0.1335
vt 0.3816 0.8890
vt 0.0896 0.6356
vt 0.5828 0.6522
vt 0.5788 0.6449
vt 0.5846 0.6373
vt 0.9069 0.2014
vt 0.6054 0.3564
vt 0.7409 0.3914
vt 0.7360 0.3947
vt 0.8946 0.3467
vt 0.5715 0.8684
vt 0.9016 0.4077
vt 0.9012 0.4110
vt 0.9015 0.4136
vt 0.7748 0.3478
vt 0.9623 0.2062
vt 0.8446 0.1942
vt 0.3990 0.7786
vt 0.4013 0.7839
vt 0.3677 0.3892
vt 0.8577 0.5097
vt 0.1297 0.3643
vt 0.1390 0.3766
vt 0.8656 0.1595
vt 0.9890 0.4326
vt 0.7198 0.6904
vt 0.7479 0.6748
vt 0.7804 0.6594
vt 0.7865 0.3162
vt 0.8549 0.1464
vt 0.0947 0.1146
vt 0.0801 0.8469
vt 0.0801 0.8399
vt 0.5686 0.3156
vt 0.3981 0.4798
vt 0.3933 0.4901
vt 0.3852 0.4665
vt 0.6665 0.7179
vt 0.9332 0.2086
vt 0.1879 0.4403
vt 0.1969 0.4297
vt 0.2049 0.4400
vt 0.1874 0.4266
vt 0.2065 0.1100
vt 0.8916 0.9702
vt 0.7492 0.3875
vt 0.7365 0.3724
vt 0.7391 0.5023
vt 0.2078 0.1211
vt 0.1706 0.4040
vt 0.5717 0.6168
vt 0.7711 0.3797
vt 0.7737 0.3594
vt 0.1646 0.5842
vt 0.1461 0.3862
vt 0.9021 0.7739
vt 0.8506 0.1904
vt 0.8289 0.2384
vt 0.5992 0.3538
vt 0.0381 0.3681
vt 0.1054 0.4974
vt 0.0945 0.4968
vt 0.5780 0.6259
vt 0.2034 0.9418
vt 0.1827 0.6021
vt 0.6930 0.7064
vt 0.2028 0.0893
vt 0.3878 0.8853
vt 0.9236 0.9702
vt 0.0835 0.8660
vt 0.7341 0.4410
vt 0.7340 0.4719
vt 0.5542 0.6198
vt 0.8584 0.1717
vt 0.7322 0.4174
vt 0.6023 0.3680
vt 0.6008 0.6341
vt 0.1114 0.9757
vt 0.1062 0.9621
vt 0.1114 0.9570
vt 0.4374 0.4434
vt 0.3873 0.8348
vt 0.3935 0.8241
vt 0.3939 0.8492
vt 0.1967 0.4431
vt 0.1143 0.3596
vt 0.6816 0.7163
vt 0.7346 0.4594
vt 0.3661 0.3941
vt 0.7368 0.5211
vt 0.7320 0.4930
vt 0.5778 0.3298
vt 0.3936 0.8585
vt 0.5888 0.3414
vt 0.1341 0.5769
vt 0.1000 0.9607
vt 0.0402 0.3592
vt 0.8002 0.2952
vt 0.7630 0.6758
vt 0.8307 0.6628
vt 0.8220 0.6505
vt 0.8359 0.6481
vt 0.3938 0.4636
vt 0.2064 0.1541
vt 0.2160 0.1425
vt 0.7980 0.3086
vt 0.2204 0.1352
vt 0.2146 0.1252
vt 0.1384 0.3872
vt 0.2077 0.0791
vt 0.7393 0.6845
vt 0.1018 0.9719
vt 0.9212 0.3531
vt 0.7841 0.3385
vt 0.3917 0.7910
vt 0.4001 0.8050
vt 0.3968 0.8088
vt 0.8160 0.6601
vt 0.6714 0.7176
vt 0.7205 0.7000
vt 0.0728 0.6297
vt 0.1528 0.3990
vt 0.2146 0.1516
vt 0.0980 0.5037
vt 0.7719 0.6773
vt 0.9464 0.2159
vt 0.9592 0.2131
vt 0.6605 0.7289
vt 0.5650 0.3040
vt 0.8395 0.2362
vt 0.1774 0.5885
vt 0.1960 0.6003
vt 0.5903 0.3525
vt 0.7272 0.4117
vt 0.1457 0.5793
vt 0.4187 0.8951
vt 0.4093 0.8859
vt 0.7292 0.4821
vt 0.6537 0.7291
vt 0.3815 0.8424
vt 0.3851 0.4472
vt 0.7810 0.3498
vt 0.2290 0.0730
vt 0.7287 0.4466
vt 0.5818 0.7024
vt 0.5635 0.6950
vt 0.5690 0.6885
vt 0.1120 0.3672
vt 0.3792 0.4833
vt 0.3700 0.4860
vt 0.3721 0.4728
vt 0.7298 0.6927
vt 0.7901 0.3260
vt 0.3946 0.4392
vt 0.2139 0.9442
vt 0.9266 0.2153
vt 0.7228 0.4283
vt 0.7268 0.3746
vt 0.7199 0.3774
vt 0.9042 0.4055
vt 0.9042 0.4064
vt 0.5930 0.3678
vt 0.4050 0.8826
vt 0.7451 0.5404
vt 0.7359 0.5302
vt 0.8136 0.2896
vt 0.3879 0.4882
vt 0.1250 0.3741
vt 0.3629 0.4004
vt 0.8485 0.2098
vt 0.0866 0.6204
vt 0.6228 0.8550
vt 0.6290 0.8580
vt 0.6167 0.8653
vt 0.2217 0.1571
vt 0.2116 0.1675
vt 0.3952 0.8755
vt 0.7983 0.3254
vt 0.3556 0.3953
vt 0.2122 0.1029
vt 0.8421 0.2260
vt 0.9216 0.7607
vt 0.6330 0.8507
vt 0.7228 0.4043
vt 0.3785 0.4628
vt 0.6234 0.8430
vt 0.9403 0.2186
vt 0.1976 0.4528
vt 0.2067 0.4489
vt 0.8261 0.2582
vt 0.8325 0.2497
vt 0.8106 0.6593
vt 0.8046 0.6702
vt 0.2204 0.0849
vt 0.1675 0.4100
vt 0.0419 0.3405
vt 0.0928 0.9732
vt 0.1076 0.9844
vt 0.7240 0.3945
vt 0.7218 0.3859
vt 0.1292 0.5650
vt 0.9135 0.3653
vt 0.3801 0.5010
vt 0.6933 0.7132
vt 0.5581 0.3046
vt 0.6277 0.8742
vt 0.2524 0.5207
vt 0.2524 0.5475
vt 0.2373 0.5330
vt 0.6366 0.8304
vt 0.4067 0.8719
vt 0.3617 0.4689
vt 0.9332 0.2227
vt 0.5670 0.7139
vt 0.8610 0.1855
vt 0.1779 0.5773
vt 0.7126 0.7105
vt 0.5526 0.5652
vt 0.5467 0.5732
vt 0.5371 0.5667
vt 0.2281 0.1628
vt 0.9161 0.7824
vt 0.0936 0.9822
vt 0.5852 0.6200
vt 0.5795 0.3438
vt 0.7189 0.4256
vt 0.8237 0.2722
vt 0.4771 0.5361
vt 0.4874 0.5308
vt 0.4910 0.5483
vt 0.5386 0.5548
vt 0.1693 0.4218
vt 0.4693 0.5199
vt 0.4570 0.5283
vt 0.4638 0.5176
vt 0.2435 0.5251
vt 0.7230 0.4997
vt 0.7882 0.6724
vt 0.3864 0.8156
vt 0.1607 0.5749
vt 0.0946 0.6193
vt 0.2152 0.1087
vt 0.6458 0.8466
vt 0.7210 0.4099
vt 0.5792 0.6145
vt 0.5996 0.6265
vt 0.0325 0.3331
vt 0.4456 0.4422
vt 0.0753 0.5142
vt 0.0851 0.5107
vt 0.8159 0.2976
vt 0.7802 0.6793
vt 0.8706 0.1755
vt 0.8584 0.2082
vt 0.0169 0.1491
vt 0.0064 0.1482
vt 0.0136 0.1373
vt 0.0801 0.8793
vt 0.3868 0.7822
vt 0.7906 0.3446
vt 0.7268 0.4579
vt 0.5977 0.3817
vt 0.8756 0.1609
vt 0.1387 0.3978
vt 0.1440 0.3982
vt 0.3728 0.4529
vt 0.1306 0.9854
vt 0.1191 0.9754
vt 0.1364 0.9770
vt 0.6537 0.8330
vt 0.7241 0.5157
vt 0.8089 0.3155
vt 0.8043 0.3197
vt 0.7212 0.4771
vt 0.1878 0.4480
vt 0.8637 0.1960
vt 0.5576 0.7016
vt 0.2106 0.8660
vt 0.2072 0.8722
vt 0.2041 0.8528
vt 0.0197 0.1704
vt 0.0039 0.1664
vt 0.6722 0.7322
vt 0.8610 0.2004
vt 0.1044 0.6179
vt 0.2336 0.0842
vt 0.7961 0.3331
vt 0.2127 0.8542
vt 0.6474 0.8214
vt 0.8219 0.6743
vt 0.6889 0.7228
vt 0.1225 0.3855
vt 0.7419 0.6979
vt 0.6217 0.8815
vt 0.5553 0.3156
vt 0.2238 0.1479
vt 0.5784 0.3635
vt 0.7171 0.3973
vt 0.1743 0.4662
vt 0.1748 0.4480
vt 0.1813 0.4562
vt 0.1699 0.4596
vt 0.8535 0.2189
vt 0.3813 0.4294
vt 0.4758 0.5130
vt 0.6598 0.8210
vt 0.7105 0.7173
vt 0.6434 0.8748
vt 0.2445 0.5222
vt 0.6520 0.8572
vt 0.3600 0.4495
vt 0.1350 0.5605
vt 0.2021 0.8765
vt 0.0191 0.1561
vt 0.3515 0.4066
vt 0.2237 0.1207
vt 0.5694 0.3353
vt 0.3732 0.4370
vt 0.4223 0.8754
vt 0.5699 0.5976
vt 0.7648 0.6911
vt 0.8491 0.2318
vt 0.7356 0.7111
vt 0.5482 0.2988
vt 0.1480 0.5648
vt 0.7241 0.3624
vt 0.4538 0.4394
vt 0.4567 0.4391
vt 0.4484 0.4406
vt 0.0183 0.3363
vt 0.1888 0.4638
vt 0.3809 0.7900
vt 0.1586 0.4169
vt 0.3941 0.4229
vt 0.2219 0.0928
vt 0.6255 0.8206
vt 0.6384 0.8180
vt 0.4157 0.8689
vt 0.5871 0.3762
vt 0.3508 0.4613
vt 0.9528 0.2271
vt 0.8150 0.6752
vt 0.5981 0.6156
vt 0.6259 0.4229
vt 0.6174 0.4276
vt 0.6137 0.4226
vt 0.8332 0.9861
vt 0.8252 0.9926
vt 0.8238 0.9836
vt 0.8418 0.2663
vt 0.9437 0.2255
vt 0.2011 0.4663
vt 0.0134 0.1881
vt 0.1409 0.9949
vt 0.5295 0.5408
vt 0.5456 0.5431
vt 0.7212 0.4604
vt 0.2282 0.0970
vt 0.0969 0.5154
vt 0.8323 0.2835
vt 0.2077 0.4675
vt 0.5915 0.6075
vt 0.5593 0.7155
vt 0.0039 0.0853
vt 0.0189 0.0919
vt 0.0142 0.1033
vt 0.0066 0.0756
vt 0.0138 0.0785
vt 0.1694 0.5726
vt 0.3643 0.4405
vt 0.5586 0.5553
vt 0.7162 0.4471
vt 0.2276 0.1108
vt 0.0994 0.9933
vt 0.5996 0.3912
vt 0.6091 0.3979
vt 0.6002 0.3939
vt 0.6104 0.4124
vt 0.6110 0.4192
vt 0.7147 0.3559
vt 0.7236 0.3486
vt 0.7097 0.3339
vt 0.7220 0.3368
vt 0.8147 0.9866
vt 0.8417 0.2711
vt 0.8184 0.3046
vt 0.5844 0.6002
vt 0.6898 0.7413
vt 0.7553 0.6959
vt 0.7743 0.6867
vt 0.3822 0.8088
vt 0.1526 0.4083
vt 0.5714 0.3506
vt 0.2140 0.8409
vt 0.2086 0.8394
vt 0.3583 0.4876
vt 0.3447 0.4755
vt 0.5681 0.5687
vt 0.5658 0.5833
vt 0.1845 0.4729
vt 0.7073 0.4357
vt 0.6296 0.9339
vt 0.6504 0.9354
vt 0.6318 0.9470
vt 0.7332 0.5411
vt 0.7235 0.5323
vt 0.1394 0.4073
vt 0.3708 0.4259
vt 0.6472 0.9248
vt 0.2423 0.1534
vt 0.5529 0.5476
vt 0.4249 0.8608
vt 0.5798 0.5896
vt 0.6599 0.7385
vt 0.6449 0.7340
vt 0.8125 0.6840
vt 0.2389 0.5165
vt 0.2376 0.1284
vt 0.5398 0.5308
vt 0.2114 0.8174
vt 0.5919 0.3930
vt 0.5948 0.4021
vt 0.6055 0.6287
vt 0.1624 0.5643
vt 0.6002 0.4053
vt 0.7063 0.3601
vt 0.0183 0.3177
vt 0.0218 0.3143
vt 0.0183 0.3243
vt 0.8536 0.7510
vt 0.8502 0.7540
vt 0.8603 0.7409
vt 0.4739 0.9200
vt 0.4713 0.9270
vt 0.4715 0.9248
vt 0.8110 0.3222
vt 0.5577 0.6747
vt 0.1064 0.3789
vt 0.3825 0.4102
vt 0.3981 0.4162
vt 0.5484 0.3299
vt 0.7984 0.3424
vt 0.6612 0.9216
vt 0.7116 0.4186
vt 0.6439 0.7457
vt 0.7961 0.6856
vt 0.6382 0.8840
vt 0.7248 0.7149
vt 0.8714 0.1864
vt 0.7096 0.4759
vt 0.1771 0.5632
vt 0.4630 0.5059
vt 0.5873 0.3853
vt 0.6026 0.4188
vt 0.6110 0.4318
vt 0.0253 0.1027
vt 0.0195 0.1098
vt 0.5463 0.3082
vt 0.8493 0.2530
vt 0.2028 0.8098
vt 0.0101 0.2016
vt 0.0179 0.2046
vt 0.7213 0.5479
vt 0.8650 0.2169
vt 0.3925 0.4046
vt 0.2405 0.1706
vt 0.8055 0.3415
vt 0.8111 0.3387
vt 0.7024 0.3734
vt 0.6906 0.3459
vt 0.8027 0.9859
vt 0.6407 0.9147
vt 0.6531 0.9104
vt 0.5768 0.5843
vt 0.8316 0.2955
vt 0.0328 0.1421
vt 0.5471 0.6860
vt 0.5491 0.7049
vt 0.5468 0.7159
vt 0.7835 0.6884
vt 0.1482 0.4632
vt 0.1638 0.4637
vt 0.1509 0.4772
vt 0.1382 0.4635
vt 0.1443 0.4716
vt 0.1501 0.9895
vt 0.1007 0.6075
vt 0.2548 0.1694
vt 0.8624 0.2279
vt 0.8178 0.9708
vt 0.5702 0.5540
vt 0.7132 0.4913
vt 0.0187 0.1288
vt 0.9434 0.2320
vt 0.1294 0.4022
vt 0.6100 0.6164
vt 0.1458 0.9759
vt 0.2514 0.1585
vt 0.5517 0.3376
vt 0.5617 0.3492
vt 0.8554 0.2411
vt 0.4712 0.4988
vt 0.6114 0.9033
vt 0.6091 0.8888
vt 0.7117 0.3937
vt 0.7093 0.4128
vt 0.7161 0.4101
vt 0.7149 0.4984
vt 0.7115 0.4579
vt 0.4885 0.5138
vt 0.0086 0.2327
vt 0.0241 0.1929
vt 0.5809 0.5805
vt 0.7073 0.7307
vt 0.2148 0.7982
vt 0.6240 0.8992
vt 0.5800 0.3776
vt 0.5798 0.3729
vt 0.8120 0.3334
vt 0.7074 0.3883
vt 0.8896 0.3889
vt 0.8447 0.7232
vt 0.8496 0.7546
vt 0.2497 0.7690
vt 0.2509 0.7712
vt 0.2514 0.7753
vt 0.8024 0.6871
vt 0.6032 0.6096
vt 0.1487 0.4225
vt 0.4631 0.4972
vt 0.4948 0.5089
vt 0.5045 0.5289
vt 0.6516 0.7517
vt 0.0238 0.2094
vt 0.1188 0.4011
vt 0.2436 0.0985
vt 0.5937 0.4141
vt 0.5643 0.3676
vt 0.7077 0.4009
vt 0.5978 0.4235
vt 0.5047 0.5132
vt 0.8344 0.9780
vt 0.6352 0.8944
vt 0.1603 0.4746
vt 0.1337 0.4090
vt 0.5434 0.3197
vt 0.1240 0.4710
vt 0.1266 0.4582
vt 0.0247 0.1793
vt 0.4646 0.4890
vt 0.7073 0.4476
vt 0.0290 0.1285
vt 0.0260 0.0831
vt 0.0354 0.0959
vt 0.2456 0.1077
vt 0.7131 0.5213
vt 0.6978 0.3371
vt 0.6855 0.3361
vt 0.6879 0.3255
vt 0.8169 0.3200
vt 0.9148 0.6686
vt 0.9166 0.6853
vt 0.9043 0.6832
vt 0.5908 0.5908
vt 0.9267 0.6907
vt 0.9276 0.6755
vt 0.7426 0.7085
vt 0.1615 0.9803
vt 0.3722 0.4144
vt 0.2485 0.1437
vt 0.4579 0.4907
vt 0.0297 0.2978
vt 0.1368 0.5473
vt 0.1569 0.5579
vt 0.6982 0.3776
vt 0.6884 0.3586
vt 0.7010 0.4242
vt 0.6938 0.4406
vt 0.7127 0.5374
vt 0.7013 0.3932
vt 0.6083 0.4380
vt 0.6016 0.4365
vt 0.7130 0.5082
vt 0.5172 0.5305
vt 0.8313 0.9717
vt 0.6762 0.7559
vt 0.7228 0.7182
vt 0.5950 0.5967
vt 0.9389 0.6857
vt 0.2163 0.7879
vt 0.2033 0.7945
vt 0.1547 0.4313
vt 0.1688 0.4323
vt 0.3536 0.4318
vt 0.2397 0.1172
vt 0.5665 0.5397
vt 0.5509 0.5264
vt 0.6389 0.9019
vt 0.6498 0.8953
vt 0.0313 0.1123
vt 0.1574 0.9768
vt 0.1964 0.4740
vt 0.1993 0.4814
vt 0.7061 0.4853
vt 0.6996 0.4733
vt 0.5779 0.5680
vt 0.2021 0.7798
vt 0.1628 0.4857
vt 0.6978 0.4439
vt 0.4575 0.4836
vt 0.6384 0.7566
vt 0.5407 0.6071
vt 0.5319 0.6128
vt 0.5356 0.5963
vt 0.1400 0.4832
vt 0.1221 0.4551
vt 0.3888 0.7106
vt 0.4004 0.7129
vt 0.3886 0.7219
vt 0.0373 0.1566
vt 0.2478 0.0894
vt 0.5711 0.3713
vt 0.1659 0.5584
vt 0.8162 0.3278
vt 0.1492 0.5480
vt 0.0164 0.3020
vt 0.0147 0.2979
vt 0.0175 0.3033
vt 0.0188 0.3092
vt 0.0170 0.3050
vt 0.0191 0.3108
vt 0.5078 0.5044
vt 0.5790 0.3905
vt 0.6614 0.7536
vt 0.6251 0.9108
vt 0.0330 0.1660
vt 0.1591 0.9860
vt 0.5453 0.6646
vt 0.5531 0.6602
vt 0.2075 0.4963
vt 0.6987 0.4666
vt 0.6979 0.4515
vt 0.4864 0.4944
vt 0.1651 0.9904
vt 0.5362 0.6882
vt 0.6727 0.9156
vt 0.4021 0.7216
vt 0.8548 0.2639
vt 0.6938 0.3836
vt 0.4783 0.4877
vt 0.1097 0.3934
vt 0.7021 0.4147
vt 0.5638 0.5287
vt 0.6971 0.4846
vt 0.4971 0.4985
vt 0.8999 0.3885
vt 0.0056 0.2476
vt 0.0136 0.2413
vt 0.3926 0.7343
vt 0.5851 0.4086
vt 0.0430 0.3112
vt 0.3800 0.0563
vt 0.3738 0.0701
vt 0.3694 0.0680
vt 0.8981 0.6768
vt 0.5466 0.6172
vt 0.0378 0.1500
vt 0.5378 0.7108
vt 0.1356 0.4203
vt 0.3916 0.0521
vt 0.3911 0.0589
vt 0.6996 0.4953
vt 0.0219 0.2278
vt 0.8267 0.3104
vt 0.8259 0.3237
vt 0.1786 0.4849
vt 0.7025 0.4059
vt 0.3615 0.4207
vt 0.5712 0.3762
vt 0.5344 0.5170
vt 0.5484 0.5183
vt 0.0351 0.1979
vt 0.3855 0.0643
vt 0.8219 0.3358
vt 0.5237 0.5810
vt 0.5442 0.6279
vt 0.7373 0.7248
vt 0.5435 0.6703
vt 0.5516 0.3663
vt 0.2558 0.1394
vt 0.6869 0.4556
vt 0.5201 0.5028
vt 0.6210 0.9226
vt 0.1586 0.4375
vt 0.3804 0.7023
vt 0.3704 0.7031
vt 0.3720 0.6891
vt 0.5034 0.4914
vt 0.5829 0.4168
vt 0.3591 0.0807
vt 0.3759 0.0783
vt 0.3516 0.0940
vt 0.3472 0.0859
vt 0.6700 0.9030
vt 0.6589 0.8971
vt 0.6481 0.7622
vt 0.0359 0.1208
vt 0.9401 0.2423
vt 0.1876 0.4836
vt 0.1459 0.4867
vt 0.2289 0.7753
vt 0.2267 0.7626
vt 0.0125 0.2920
vt 0.0120 0.2896
vt 0.2501 0.7628
vt 0.2501 0.7663
vt 0.2514 0.8061
vt 0.2597 0.8061
vt 0.2562 0.8122
vt 0.2525 0.7533
vt 0.2516 0.7603
vt 0.5914 0.4279
vt 0.6779 0.3405
vt 0.7147 0.7408
vt 0.3247 0.0883
vt 0.3323 0.0860
vt 0.3331 0.0957
vt 0.8344 0.3055
vt 0.8397 0.2900
vt 0.2675 0.1580
vt 0.6887 0.4283
vt 0.6769 0.3689
vt 0.5572 0.5178
vt 0.5455 0.6430
vt 0.5300 0.6315
vt 0.5459 0.6506
vt 0.5383 0.6761
vt 0.0390 0.1312
vt 0.3777 0.7351
vt 0.6758 0.3477
vt 0.5511 0.3455
vt 0.6019 0.4483
vt 0.3653 0.0881
vt 0.0414 0.1713
vt 0.5363 0.7253
vt 0.1189 0.4123
vt 0.1359 0.4326
vt 0.2489 0.1293
vt 0.6965 0.5043
vt 0.6909 0.4871
vt 0.7039 0.7499
vt 0.6552 0.7632
vt 0.3270 0.1058
vt 0.3110 0.0973
vt 0.1734 0.9767
vt 0.5467 0.3516
vt 0.1393 0.4990
vt 0.1321 0.4930
vt 0.2720 0.1399
vt 0.4650 0.4744
vt 0.6997 0.5138
vt 0.4763 0.4775
vt 0.8558 0.2745
vt 0.0046 0.2623
vt 0.0191 0.2490
vt 0.0451 0.1416
vt 0.1265 0.5478
vt 0.1340 0.5298
vt 0.1489 0.4928
vt 0.1284 0.4153
vt 0.1771 0.4402
vt 0.4916 0.4859
vt 0.3912 0.7561
vt 0.3857 0.7477
vt 0.5394 0.3354
vt 0.6940 0.4149
vt 0.2570 0.1195
vt 0.0411 0.8730
vt 0.0303 0.8535
vt 0.0421 0.8540
vt 0.0370 0.8449
vt 0.0505 0.8438
vt 0.4604 0.4729
vt 0.3203 0.1145
vt 0.7470 0.7181
vt 0.1055 0.9390
vt 0.1087 0.9474
vt 0.0976 0.9453
vt 0.3683 0.6933
vt 0.5740 0.3973
vt 0.1450 0.4407
vt 0.0305 0.8720
vt 0.0462 0.8363
vt 0.0400 0.1901
vt 0.3474 0.1034
vt 0.9143 0.6974
vt 0.8347 0.3153
vt 0.1718 0.9841
vt 0.2015 0.5006
vt 0.1629 0.5494
vt 0.2634 0.0986
vt 0.6905 0.4023
vt 0.5666 0.3901
vt 0.5955 0.4409
vt 0.4044 0.0553
vt 0.4273 0.9891
vt 0.4305 0.9897
vt 0.4277 0.9935
vt 0.3599 0.8640
vt 0.3588 0.8675
vt 0.3525 0.8627
vt 0.0107 0.2869
vt 0.0101 0.2806
vt 0.2513 0.7467
vt 0.0340 0.2266
vt 0.7260 0.7339
vt 0.8083 0.9772
vt 0.8127 0.9618
vt 0.8261 0.3305
vt 0.5333 0.6524
vt 0.1459 0.5358
vt 0.1633 0.4990
vt 0.5366 0.4938
vt 0.5450 0.5071
vt 0.8589 0.2870
vt 0.0165 0.2616
vt 0.1734 0.9946
vt 0.0433 0.1094
vt 0.1766 0.5453
vt 0.2608 0.1236
vt 0.4883 0.4784
vt 0.6654 0.7684
vt 0.3904 0.0689
vt 0.3862 0.7672
vt 0.9016 0.6955
vt 0.5182 0.6195
vt 0.7583 0.7134
vt 0.0510 0.1599
vt 0.0509 0.1213
vt 0.1789 0.4970
vt 0.6819 0.4396
vt 0.6064 0.9241
vt 0.5555 0.5090
vt 0.8296 0.9591
vt 0.6707 0.3339
vt 0.4635 0.4670
vt 0.1393 0.5301
vt 0.1885 0.4981
vt 0.5298 0.4941
vt 0.5643 0.3800
vt 0.0567 0.8239
vt 0.8857 0.6700
vt 0.8953 0.6840
vt 0.5738 0.4167
vt 0.3990 0.0663
vt 0.6864 0.4933
vt 0.8216 0.9536
vt 0.6922 0.7696
vt 0.6488 0.7690
vt 0.5374 0.6652
vt 0.3073 0.1181
vt 0.6843 0.4732
vt 0.0460 0.2088
vt 0.1354 0.5048
vt 0.5167 0.6044
vt 0.3573 0.7160
vt 0.1247 0.4217
vt 0.0552 0.8552
vt 0.4062 0.0645
vt 0.5090 0.5917
vt 0.9863 0.8503
vt 0.9932 0.8428
vt 0.9931 0.8548
vt 0.6833 0.3200
vt 0.2830 0.1602
vt 0.8363 0.3260
vt 0.5713 0.4066
vt 0.5932 0.4506
vt 0.0461 0.2253
vt 0.5002 0.4804
vt 0.5133 0.4859
vt 0.1416 0.5117
vt 0.1087 0.9268
vt 0.0965 0.9335
vt 0.0487 0.1339
vt 0.2792 0.1389
vt 0.5331 0.7359
vt 0.5202 0.7204
vt 0.5810 0.4347
vt 0.2256 0.7452
vt 0.3078 0.9979
vt 0.3039 0.9958
vt 0.3091 0.9958
vt 0.3613 0.8620
vt 0.0088 0.2743
vt 0.4273 0.9970
vt 0.2525 0.8445
vt 0.2502 0.8416
vt 0.2525 0.8384
vt 0.6888 0.5256
vt 0.6712 0.4739
vt 0.8378 0.3198
vt 0.5483 0.0240
vt 0.5497 0.0130
vt 0.5555 0.0261
vt 0.5245 0.6944
vt 0.4821 0.4669
vt 0.4895 0.4660
vt 0.3831 0.0915
vt 0.1527 0.5015
vt 0.6859 0.9118
vt 0.3700 0.7515
vt 0.4726 0.4633
vt 0.0492 0.1502
vt 0.8495 0.3042
vt 0.2869 0.1504
vt 0.2916 0.1308
vt 0.3032 0.1431
vt 0.3037 0.1294
vt 0.9795 0.8443
vt 0.1723 0.5108
vt 0.1602 0.5119
vt 0.1277 0.4290
vt 0.0499 0.8627
vt 0.6839 0.3908
vt 0.3497 0.6799
vt 0.5573 0.3788
vt 0.6512 0.7797
vt 0.6492 0.7747
vt 0.3459 0.1109
vt 0.8295 0.9481
vt 0.3164 0.1407
vt 0.2875 0.1193
vt 0.2975 0.1576
vt 0.5083 0.4671
vt 0.6154 0.9399
vt 0.0261 0.2613
vt 0.5934 0.4659
vt 0.5997 0.4585
vt 0.9823 0.8538
vt 0.4139 0.0552
vt 0.1640 0.5384
vt 0.5230 0.4841
vt 0.7053 0.5616
vt 0.7090 0.5483
vt 0.7128 0.5627
vt 0.6999 0.5481
vt 0.4800 0.4548
vt 0.8627 0.3795
vt 0.8661 0.3871
vt 0.8438 0.3968
vt 0.0573 0.1408
vt 0.3073 0.1702
vt 0.2968 0.1680
vt 0.3094 0.1651
vt 0.4671 0.4555
vt 0.8403 0.3118
vt 0.2960 0.1084
vt 0.3024 0.1151
vt 0.2909 0.1170
vt 0.1842 0.9754
vt 0.9795 0.8623
vt 0.5371 0.3462
vt 0.5311 0.6775
vt 0.5300 0.4727
vt 0.5352 0.4797
vt 0.6746 0.4522
vt 0.5030 0.4618
vt 0.5171 0.4722
vt 0.1901 0.5091
vt 0.6817 0.5178
vt 0.8554 0.2951
vt 0.0465 0.1798
vt 0.0509 0.1348
vt 0.3184 0.1277
vt 0.3541 0.7033
vt 0.5149 0.7110
vt 0.5484 0.3760
vt 0.0325 0.8856
vt 0.0620 0.8252
vt 0.2785 0.1003
vt 0.0374 0.2435
vt 0.5137 0.0654
vt 0.5147 0.0636
vt 0.5175 0.0645
vt 0.4882 0.4545
vt 0.1820 0.5104
vt 0.8493 0.2993
vt 0.6759 0.4208
vt 0.3956 0.0761
vt 0.2691 0.1085
vt 0.6796 0.5031
vt 0.6787 0.4955
vt 0.6528 0.7817
vt 0.6707 0.7810
vt 0.3361 0.1221
vt 0.7210 0.7496
vt 0.0537 0.1655
vt 0.5429 0.3614
vt 0.3185 0.1217
vt 0.4227 0.0606
vt 0.5169 0.4608
vt 0.5825 0.4444
vt 0.5183 0.0579
vt 0.5094 0.0662
vt 0.5124 0.0580
vt 0.4769 0.4566
vt 0.5045 0.0576
vt 0.8500 0.4017
vt 0.8535 0.4043
vt 0.8562 0.4092
vt 0.6825 0.9875
vt 0.6825 0.9971
vt 0.6816 0.9928
vt 0.0019 0.6337
vt 0.0029 0.6325
vt 0.0021 0.6368
vt 0.8458 0.7768
vt 0.8462 0.7714
vt 0.8594 0.7858
vt 0.8447 0.7808
vt 0.8462 0.7858
vt 0.8481 0.7962
vt 0.8452 0.7912
vt 0.8470 0.7955
vt 0.8928 0.9938
vt 0.8931 0.9912
vt 0.8931 0.9971
vt 0.8476 0.8021
vt 0.8474 0.8013
vt 0.8482 0.7988
vt 0.8896 0.9875
vt 0.8902 0.9843
vt 0.8902 0.9889
vt 0.2078 0.9968
vt 0.2027 0.9971
vt 0.1982 0.9968
vt 0.1951 0.8843
vt 0.1950 0.8997
vt 0.1934 0.8939
vt 0.2174 0.8978
vt 0.1934 0.9046
vt 0.1991 0.9340
vt 0.3712 0.1041
vt 0.6023 0.4717
vt 0.7149 0.7622
vt 0.3708 0.7349
vt 0.5304 0.4636
vt 0.7603 0.7239
vt 0.0600 0.8401
vt 0.5570 0.4046
vt 0.2070 0.5168
vt 0.3214 0.1515
vt 0.5169 0.6588
vt 0.5401 0.4724
vt 0.5117 0.7237
vt 0.5232 0.7414
vt 0.6657 0.4270
vt 0.3419 0.1325
vt 0.3611 0.1236
vt 0.3525 0.1422
vt 0.5759 0.4295
vt 0.0408 0.2906
vt 0.5212 0.0675
vt 0.4925 0.4581
vt 0.5677 0.0179
vt 0.3416 0.1493
vt 0.5248 0.0558
vt 0.5020 0.6068
vt 0.5473 0.4889
vt 0.5562 0.4990
vt 0.2770 0.1141
vt 0.6922 0.5548
vt 0.6612 0.3542
vt 0.6799 0.7878
vt 0.5134 0.6301
vt 0.3645 0.1136
vt 0.9035 0.7078
vt 0.6641 0.3756
vt 0.7110 0.5728
vt 0.4692 0.4506
vt 0.4959 0.4544
vt 0.5137 0.7456
vt 0.5147 0.7362
vt 0.6477 0.7829
vt 0.3312 0.1688
vt 0.3290 0.1609
vt 0.3433 0.1587
vt 0.3206 0.1692
vt 0.5251 0.6689
vt 0.6798 0.4066
vt 0.5552 0.3951
vt 0.4195 0.1692
vt 0.4306 0.1635
vt 0.4334 0.1736
vt 0.6637 0.3836
vt 0.1994 0.5179
vt 0.7513 0.7329
vt 0.5567 0.4910
vt 0.3134 0.1802
vt 0.6622 0.4479
vt 0.5154 0.0678
vt 0.5079 0.7401
vt 0.5620 0.4129
vt 0.9660 0.7081
vt 0.9473 0.7075
vt 0.9543 0.6939
vt 0.0699 0.8183
vt 0.3408 0.6974
vt 0.5060 0.7292
vt 0.3968 0.0892
vt 0.1217 0.4430
vt 0.0303 0.8974
vt 0.0482 0.8897
vt 0.5104 0.6454
vt 0.2356 0.8320
vt 0.2266 0.8196
vt 0.2441 0.8217
vt 0.9777 0.9743
vt 0.9884 0.9606
vt 0.9884 0.9759
vt 0.4036 0.0832
vt 0.5182 0.4540
vt 0.8606 0.4177
vt 0.8447 0.8796
vt 0.8468 0.8740
vt 0.8604 0.8670
vt 0.8604 0.9004
vt 0.6561 0.7893
vt 0.5405 0.4646
vt 0.6852 0.5399
vt 0.1221 0.5123
vt 0.3709 0.7708
vt 0.7409 0.7523
vt 0.6906 0.5659
vt 0.5486 0.3875
vt 0.5640 0.4232
vt 0.6532 0.3461
vt 0.5237 0.0776
vt 0.5195 0.6718
vt 0.6737 0.7880
vt 0.5506 0.4752
vt 0.2427 0.8385
vt 0.5502 0.0375
vt 0.0536 0.2150
vt 0.9128 0.7115
vt 0.6922 0.8992
vt 0.5759 0.4507
vt 0.5101 0.6821
vt 0.5022 0.6171
vt 0.7726 0.7109
vt 0.7720 0.7247
vt 0.5037 0.6304
vt 0.5374 0.3631
vt 0.4977 0.0613
vt 0.2122 0.9324
vt 0.2163 0.9133
vt 0.4625 0.0424
vt 0.4777 0.0469
vt 0.4749 0.0534
vt 0.5070 0.4514
vt 0.5111 0.0754
vt 0.4987 0.7279
vt 0.4283 0.0665
vt 0.0397 0.9116
vt 0.0415 0.9060
vt 0.0601 0.8686
vt 0.5396 0.3729
vt 0.3865 0.1025
vt 0.6564 0.4311
vt 0.6658 0.3974
vt 0.5089 0.6966
vt 0.5135 0.7529
vt 0.5017 0.7496
vt 0.5034 0.7631
vt 0.5663 0.0319
vt 0.5741 0.0293
vt 0.0832 0.9339
vt 0.0934 0.9102
vt 0.4650 0.0522
vt 0.4539 0.0494
vt 0.0894 0.9492
vt 0.4316 0.0754
vt 0.4094 0.0806
vt 0.0400 0.2665
vt 0.3572 0.7359
vt 0.2266 0.8381
vt 0.9648 0.6914
vt 0.9747 0.7010
vt 0.0525 0.2381
vt 0.5714 0.4398
vt 0.5201 0.0799
vt 0.8428 0.6150
vt 0.8428 0.5907
vt 0.8650 0.5932
vt 0.8445 0.5807
vt 0.8562 0.5758
vt 0.5358 0.0512
vt 0.5425 0.0654
vt 0.6635 0.4846
vt 0.5022 0.6548
vt 0.2066 0.5362
vt 0.7083 0.7764
vt 0.6843 0.5577
vt 0.5013 0.7139
vt 0.6515 0.3346
vt 0.4954 0.7386
vt 0.5262 0.0755
vt 0.2346 0.8459
vt 0.6640 0.4743
vt 0.4419 0.1645
vt 0.4404 0.1565
vt 0.6566 0.3632
vt 0.4978 0.6385
vt 0.8532 0.6579
vt 0.8620 0.6574
vt 0.8611 0.6659
vt 0.5412 0.3824
vt 0.6647 0.4128
vt 0.0771 0.9398
vt 0.4870 0.0549
vt 0.4869 0.0683
vt 0.6934 0.7804
vt 0.1904 0.5330
vt 0.5310 0.0709
vt 0.0693 0.8566
vt 0.3879 0.1125
vt 0.2448 0.8482
vt 0.6731 0.5313
vt 0.4989 0.7560
vt 0.0498 0.8952
vt 0.6561 0.4622
vt 0.4093 0.0896
vt 0.4070 0.1005
vt 0.3435 0.7073
vt 0.8428 0.6557
vt 0.8434 0.6461
vt 0.9606 0.7152
vt 0.5789 0.0469
vt 0.3970 0.1155
vt 0.4230 0.1040
vt 0.4189 0.1077
vt 0.8582 0.6417
vt 0.8613 0.6330
vt 0.7361 0.7653
vt 0.8506 0.6494
vt 0.5765 0.0191
vt 0.6518 0.4176
vt 0.5541 0.4148
vt 0.6488 0.3946
vt 0.4419 0.0600
vt 0.4533 0.0596
vt 0.0772 0.9228
vt 0.5629 0.4344
vt 0.1993 0.5446
vt 0.4485 0.0707
vt 0.4306 0.0913
vt 0.0497 0.9079
vt 0.7695 0.7396
vt 0.4933 0.0740
vt 0.9117 0.7188
vt 0.9205 0.7304
vt 0.4150 0.1221
vt 0.4304 0.1190
vt 0.0413 0.2717
vt 0.5081 0.6658
vt 0.4572 0.0813
vt 0.6757 0.5441
vt 0.9557 0.7242
vt 0.5161 0.0932
vt 0.8943 0.7172
vt 0.5445 0.0443
vt 0.5579 0.0549
vt 0.5751 0.0115
vt 0.8447 0.9416
vt 0.8447 0.9082
vt 0.8565 0.9169
vt 0.6650 0.5107
vt 0.6859 0.8076
vt 0.5061 0.1019
vt 0.5041 0.0911
vt 0.3520 0.7420
vt 0.5438 0.3950
vt 0.3450 0.7236
vt 0.7535 0.7535
vt 0.4926 0.7595
vt 0.5407 0.0744
vt 0.4529 0.1589
vt 0.2344 0.2102
vt 0.2344 0.1784
vt 0.2354 0.1911
vt 0.6924 0.8081
vt 0.7076 0.7883
vt 0.4924 0.7002
vt 0.1895 0.5550
vt 0.4898 0.7235
vt 0.5335 0.0800
vt 0.8537 0.6305
vt 0.5491 0.4081
vt 0.4460 0.0985
vt 0.4370 0.1088
vt 0.6771 0.5719
vt 0.7811 0.7078
vt 0.0480 0.9165
vt 0.4721 0.0747
vt 0.0585 0.8912
vt 0.9917 0.9948
vt 0.9766 0.9847
vt 0.9917 0.9820
vt 0.6557 0.4930
vt 0.8444 0.5673
vt 0.6984 0.7976
vt 0.4939 0.6794
vt 0.2072 0.5516
vt 0.4857 0.7512
vt 0.6451 0.4195
vt 0.0473 0.9117
vt 0.3673 0.7823
vt 0.3532 0.7733
vt 0.0724 0.8650
vt 0.4464 0.1767
vt 0.5873 0.0378
vt 0.4863 0.0814
vt 0.4725 0.0626
vt 0.6458 0.3781
vt 0.1960 0.5582
vt 0.4928 0.6213
vt 0.4869 0.6150
vt 0.8437 0.6308
vt 0.8564 0.6237
vt 0.6871 0.5847
vt 0.4745 0.0964
vt 0.4624 0.1032
vt 0.6499 0.4720
vt 0.6443 0.4474
vt 0.6489 0.4332
vt 0.4916 0.7713
vt 0.5025 0.7695
vt 0.4836 0.7615
vt 0.4826 0.7728
vt 0.4417 0.1317
vt 0.4618 0.1501
vt 0.4408 0.1460
vt 0.9960 0.7714
vt 0.9850 0.7770
vt 0.9955 0.7630
vt 0.2408 0.1844
vt 0.2047 0.5648
vt 0.6692 0.5602
vt 0.7830 0.7216
vt 0.6626 0.0165
vt 0.6464 0.0215
vt 0.6516 0.0039
vt 0.8620 0.6228
vt 0.0055 0.5242
vt 0.0055 0.5441
vt 0.0039 0.5386
vt 0.9780 0.9152
vt 0.9922 0.9152
vt 0.9881 0.9324
vt 0.3485 0.7530
vt 0.6484 0.4522
vt 0.6605 0.5243
vt 0.4876 0.0916
vt 0.7173 0.7836
vt 0.1974 0.5709
vt 0.4851 0.7318
vt 0.4916 0.6324
vt 0.9795 0.7557
vt 0.9795 0.7691
vt 0.4945 0.6646
vt 0.1864 0.5764
vt 0.7519 0.7683
vt 0.4899 0.6529
vt 0.6389 0.0125
vt 0.4574 0.1673
vt 0.6393 0.4046
vt 0.8546 0.9950
vt 0.8431 0.9902
vt 0.8536 0.9884
vt 0.4544 0.1169
vt 0.6669 0.5393
vt 0.5898 0.0064
vt 0.7319 0.7758
vt 0.0712 0.8743
vt 0.5287 0.0938
vt 0.4865 0.1075
vt 0.7787 0.7325
vt 0.5965 0.0278
vt 0.4872 0.6884
vt 0.4917 0.7094
vt 0.4847 0.7199
vt 0.3409 0.7390
vt 0.7033 0.8149
vt 0.6334 0.4120
vt 0.5748 0.0604
vt 0.6658 0.5506
vt 0.4595 0.1424
vt 0.4710 0.1227
vt 0.6978 0.8159
vt 0.5419 0.0850
vt 0.5490 0.0781
vt 0.7051 0.8073
vt 0.6572 0.0331
vt 0.4833 0.7008
vt 0.4753 0.7034
vt 0.6412 0.4400
vt 0.5974 0.0181
vt 0.4726 0.7658
vt 0.4835 0.7436
vt 0.4787 0.6386
vt 0.4742 0.6492
vt 0.9782 0.7172
vt 0.6593 0.0673
vt 0.6717 0.0651
vt 0.6746 0.0757
vt 0.4809 0.6262
vt 0.6830 0.5955
vt 0.6839 0.0690
vt 0.7118 0.7935
vt 0.4766 0.6885
vt 0.4751 0.6610
vt 0.6045 0.0116
vt 0.6464 0.4993
vt 0.6771 0.5825
vt 0.5609 0.0749
vt 0.6654 0.0461
vt 0.6434 0.0410
vt 0.4838 0.1237
vt 0.4865 0.6808
vt 0.6308 0.0234
vt 0.5373 0.0887
vt 0.6690 0.5735
vt 0.4662 0.6832
vt 0.4667 0.7203
vt 0.4729 0.7315
vt 0.4687 0.6320
vt 0.6517 0.0508
vt 0.6610 0.0585
vt 0.4801 0.6748
vt 0.6553 0.5460
vt 0.4691 0.6735
vt 0.4776 0.7392
vt 0.6406 0.4876
vt 0.4693 0.7539
vt 0.9656 0.7338
vt 0.7673 0.7558
vt 0.4575 0.1729
vt 0.4621 0.1810
vt 0.6197 0.0099
vt 0.6898 0.6015
vt 0.6890 0.0765
vt 0.9549 0.7331
vt 0.6648 0.5795
vt 0.6773 0.5973
vt 0.6594 0.5653
vt 0.5673 0.0632
vt 0.6168 0.0308
vt 0.4601 0.7045
vt 0.6066 0.0378
vt 0.7112 0.8094
vt 0.9473 0.7618
vt 0.9554 0.7425
vt 0.9694 0.7478
vt 0.6463 0.0679
vt 0.4649 0.1637
vt 0.4669 0.6454
vt 0.4649 0.6583
vt 0.4584 0.7803
vt 0.7233 0.7956
vt 0.5179 0.1217
vt 0.7438 0.7790
vt 0.6127 0.0226
vt 0.6555 0.0815
vt 0.4667 0.6180
vt 0.7040 0.8166
vt 0.6385 0.4548
vt 0.6333 0.4688
vt 0.6438 0.0527
vt 0.6394 0.5392
vt 0.4709 0.1598
vt 0.4603 0.6965
vt 0.6874 0.6138
vt 0.5251 0.1094
vt 0.7780 0.7498
vt 0.4629 0.6658
vt 0.4607 0.6807
vt 0.5814 0.0626
vt 0.6291 0.0423
vt 0.6133 0.0487
vt 0.6329 0.4793
vt 0.6662 0.0862
vt 0.5950 0.0545
vt 0.7645 0.7661
vt 0.5536 0.0909
vt 0.6401 0.0769
vt 0.6311 0.0728
vt 0.6437 0.5153
vt 0.4783 0.1512
vt 0.6894 0.0835
vt 0.5009 0.1296
vt 0.4555 0.6530
vt 0.6349 0.4444
vt 0.5767 0.0819
vt 0.4773 0.6058
vt 0.6319 0.0537
vt 0.4729 0.1753
vt 0.6168 0.0634
vt 0.6027 0.0651
vt 0.4830 0.1850
vt 0.5391 0.1023
vt 0.6485 0.0957
vt 0.4703 0.1994
vt 0.4578 0.7188
vt 0.6384 0.4920
vt 0.7371 0.8023
vt 0.7427 0.7911
vt 0.5098 0.1236
vt 0.5475 0.0973
vt 0.4526 0.6681
vt 0.4508 0.6877
vt 0.6025 0.0729
vt 0.9760 0.7400
vt 0.7798 0.7597
vt 0.4906 0.1750
vt 0.6642 0.0934
vt 0.4821 0.1994
vt 0.6378 0.5297
vt 0.4545 0.6424
vt 0.5285 0.1239
vt 0.4470 0.7116
vt 0.4901 0.1337
vt 0.4904 0.1574
vt 0.4489 0.6720
vt 0.7617 0.7771
vt 0.6439 0.0961
vt 0.4484 0.7225
vt 0.7535 0.7814
vt 0.4608 0.7407
vt 0.5631 0.0924
vt 0.6458 0.5556
vt 0.4991 0.1664
vt 0.6314 0.0935
vt 0.6247 0.0862
vt 0.6147 0.0794
vt 0.4658 0.7462
vt 0.5936 0.0947
vt 0.6320 0.4562
vt 0.6848 0.0944
vt 0.4432 0.6947
vt 0.5107 0.1380
vt 0.6715 0.1070
vt 0.6498 0.1098
vt 0.7097 0.2039
vt 0.6973 0.2027
vt 0.6874 0.1879
vt 0.5158 0.2091
vt 0.5099 0.2265
vt 0.4878 0.2074
vt 0.5357 0.1208
vt 0.7570 0.7831
vt 0.4493 0.7328
vt 0.4552 0.6232
vt 0.6210 0.4703
vt 0.6282 0.4935
vt 0.6924 0.0957
vt 0.5129 0.1475
vt 0.4996 0.1439
vt 0.4922 0.1833
vt 0.4919 0.1962
vt 0.6365 0.1082
vt 0.9800 0.8066
vt 0.9795 0.7848
vt 0.9947 0.7918
vt 0.5216 0.1346
vt 0.6276 0.5090
vt 0.5071 0.1566
vt 0.5430 0.1139
vt 0.4605 0.5783
vt 0.4640 0.5907
vt 0.4542 0.5867
vt 0.5698 0.2195
vt 0.5585 0.2072
vt 0.5663 0.2122
vt 0.7734 0.7706
vt 0.6014 0.0929
vt 0.6196 0.4815
vt 0.6850 0.1096
vt 0.6817 0.1211
vt 0.6287 0.5158
vt 0.5001 0.1788
vt 0.7787 0.7885
vt 0.6938 0.1654
vt 0.7141 0.1744
vt 0.7039 0.1830
vt 0.4515 0.7531
vt 0.4474 0.6310
vt 0.4455 0.6571
vt 0.4393 0.6456
vt 0.7101 0.1584
vt 0.5096 0.2003
vt 0.5013 0.1913
vt 0.4472 0.6169
vt 0.6909 0.1758
vt 0.6407 0.1264
vt 0.4393 0.6785
vt 0.6921 0.1185
vt 0.6662 0.1182
vt 0.6272 0.1225
vt 0.6973 0.1530
vt 0.5178 0.1535
vt 0.5667 0.1041
vt 0.4476 0.6032
vt 0.6258 0.1158
vt 0.5554 0.0986
vt 0.6177 0.1168
vt 0.6828 0.1965
vt 0.6301 0.5255
vt 0.6592 0.1262
vt 0.6261 0.1052
vt 0.4381 0.7217
vt 0.6092 0.1142
vt 0.6004 0.1290
vt 0.6018 0.1056
vt 0.7800 0.7711
vt 0.7762 0.7935
vt 0.6136 0.1036
vt 0.6881 0.2076
vt 0.6262 0.5417
vt 0.4465 0.5859
vt 0.4517 0.5640
vt 0.6261 0.0911
vt 0.7686 0.7932
vt 0.6179 0.1258
vt 0.6211 0.0904
vt 0.5332 0.1314
vt 0.5561 0.1050
vt 0.4648 0.5583
vt 0.4606 0.5660
vt 0.5455 0.1246
vt 0.4349 0.6600
vt 0.5978 0.1196
vt 0.6130 0.0913
vt 0.5116 0.1670
vt 0.4712 0.5717
vt 0.5668 0.2045
vt 0.5424 0.1962
vt 0.5532 0.1968
vt 0.5504 0.2069
vt 0.5408 0.2101
vt 0.6921 0.1436
vt 0.6733 0.1407
vt 0.6793 0.1291
vt 0.6265 0.1319
vt 0.4702 0.5635
vt 0.6265 0.5304
vt 0.5186 0.1622
vt 0.6765 0.1488
vt 0.6580 0.1408
vt 0.5425 0.1282
vt 0.4408 0.5745
vt 0.6185 0.5044
vt 0.5791 0.1062
vt 0.6802 0.1608
vt 0.4362 0.7454
vt 0.6129 0.4930
vt 0.6496 0.1405
vt 0.6926 0.1340
vt 0.4791 0.5630
vt 0.4334 0.6387
vt 0.5928 0.1357
vt 0.5866 0.1226
vt 0.4396 0.7076
vt 0.5334 0.1903
vt 0.6727 0.1693
vt 0.5734 0.1248
vt 0.7015 0.1424
vt 0.5845 0.1380
vt 0.5515 0.1175
vt 0.5768 0.2114
vt 0.5765 0.1973
vt 0.5695 0.1946
vt 0.5278 0.1970
vt 0.5320 0.1430
vt 0.6117 0.0968
vt 0.4347 0.6495
vt 0.5849 0.1458
vt 0.6718 0.1904
vt 0.6765 0.1829
vt 0.9647 0.5864
vt 0.9611 0.5985
vt 0.9559 0.5876
vt 0.6170 0.1413
vt 0.5284 0.1778
vt 0.6275 0.0975
vt 0.6210 0.0997
vt 0.4310 0.6812
vt 0.6669 0.1512
vt 0.5473 0.1788
vt 0.6036 0.1416
vt 0.6371 0.1362
vt 0.5383 0.1318
vt 0.6713 0.1594
vt 0.5507 0.1648
vt 0.5211 0.1859
vt 0.4324 0.6908
vt 0.5771 0.1409
vt 0.5696 0.1306
vt 0.6557 0.1948
vt 0.6672 0.1981
vt 0.6567 0.2075
vt 0.4318 0.6707
vt 0.6087 0.5066
vt 0.5471 0.1373
vt 0.4295 0.7086
vt 0.7025 0.1232
vt 0.4277 0.5847
vt 0.5549 0.1286
vt 0.4331 0.5926
vt 0.4367 0.6250
vt 0.6685 0.1789
vt 0.4823 0.5644
vt 0.4807 0.5651
vt 0.5561 0.1495
vt 0.6558 0.1538
vt 0.6362 0.1501
vt 0.5726 0.1831
vt 0.4401 0.6147
vt 0.6540 0.1735
vt 0.6500 0.1888
vt 0.6458 0.1783
vt 0.5814 0.1550
vt 0.4817 0.5676
vt 0.6600 0.1887
vt 0.4358 0.5650
vt 0.9712 0.5849
vt 0.9621 0.5727
vt 0.6218 0.2121
vt 0.6157 0.2177
vt 0.6125 0.2132
vt 0.5838 0.1684
vt 0.6624 0.1698
vt 0.6625 0.1612
vt 0.6478 0.1979
vt 0.4326 0.6061
vt 0.6107 0.5182
vt 0.5937 0.1550
vt 0.5803 0.1839
vt 0.6404 0.1721
vt 0.5697 0.1649
vt 0.6270 0.1409
vt 0.6133 0.1499
vt 0.5850 0.2083
vt 0.6462 0.1583
vt 0.9529 0.5730
vt 0.7141 0.1368
vt 0.6330 0.1878
vt 0.6516 0.1640
vt 0.5865 0.1950
vt 0.5951 0.2091
vt 0.6047 0.1998
vt 0.6043 0.2083
vt 0.9691 0.5543
vt 0.6245 0.1581
vt 0.5928 0.2032
vt 0.4715 0.9960
vt 0.4404 0.9960
vt 0.4533 0.9866
vt 0.6146 0.2041
vt 0.6327 0.2058
vt 0.6356 0.1607
vt 0.6087 0.1606
vt 0.5915 0.1849
vt 0.6240 0.2023
vt 0.5940 0.1676
vt 0.5960 0.1954
vt 0.6277 0.1735
vt 0.6154 0.1951
vt 0.5972 0.1776
vt 0.6246 0.1865
vt 0.6165 0.1666
vt 0.5993 0.5254
vt 0.6038 0.5317
vt 0.6039 0.1831
vt 0.6024 0.1666
vt 0.7279 0.1290
vt 0.7150 0.1211
vt 0.6109 0.1816
vt 0.9619 0.5495
vt 0.6069 0.1736
vt 0.5915 0.5234
vt 0.7381 0.1238
vt 0.9492 0.5560
vt 0.5870 0.5391
vt 0.9595 0.5421
vt 0.9712 0.5351
vt 0.7431 0.1331
vt 0.9678 0.5247
vt 0.7605 0.1294
vt 0.5771 0.5426
vt 0.4275 0.9847
vt 0.2556 0.8340
vt 0.2503 0.8331
vt 0.2509 0.8229
vt 0.3565 0.8731
vt 0.2353 0.9943
vt 0.2371 0.9870
vt 0.2450 0.9949
vt 0.6541 0.9895
vt 0.6569 0.9932
vt 0.6541 0.9982
vt 0.2532 0.8182
vt 0.2515 0.7903
vt 0.2596 0.7889
vt 0.2596 0.8012
vt 0.3144 0.9972
vt 0.4127 0.4407
vt 0.2508 0.8493
vt 0.9068 0.4029
vt 0.8727 0.2206
vt 0.8713 0.2173
vt 0.8727 0.2145
vt 0.2695 0.8337
vt 0.3290 0.3427
vt 0.5978 0.6583
vt 0.6000 0.6615
vt 0.5978 0.6689
vt 0.3288 0.3385
vt 0.2517 0.9058
vt 0.2533 0.9094
vt 0.2517 0.9143
vt 0.6974 0.9979
vt 0.7014 0.9961
vt 0.7078 0.9979
vt 0.6097 0.9861
vt 0.6064 0.9876
vt 0.1134 0.9951
vt 0.1125 0.9905
vt 0.1134 0.9895
vt 0.1251 0.9982
vt 0.1195 0.9955
vt 0.1177 0.9908
vt 0.0019 0.6272
vt 0.4694 0.9301
vt 0.2538 0.8675
vt 0.5996 0.6823
vt 0.5976 0.6778
vt 0.5996 0.6729
vt 0.8462 0.3996
vt 0.2548 0.8896
vt 0.2538 0.8865
vt 0.2548 0.8805
vt 0.0039 0.4858
vt 0.0074 0.4974
vt 0.0060 0.5061
vt 0.0031 0.6129
vt 0.2650 0.9985
vt 0.2642 0.9974
vt 0.2650 0.9911
vt 0.9676 0.8690
vt 0.9713 0.8732
vt 0.9135 0.3968
vt 0.6140 0.9632
vt 0.6142 0.9682
vt 0.6118 0.9581
vt 0.4619 0.9366
vt 0.0690 0.9947
vt 0.0679 0.9874
vt 0.0690 0.9824
vt 0.8897 0.9941
vt 0.3624 0.8514
vt 0.8470 0.8053
vt 0.6064 0.9477
vt 0.6111 0.9549
vt 0.8898 0.4466
vt 0.8897 0.4504
vt 0.8592 0.4149
vt 0.3555 0.8726
vt 0.0039 0.5164
vt 0.8447 0.8115
vt 0.3622 0.8312
vt 0.0029 0.5935
vt 0.0038 0.5976
vt 0.0029 0.6080
vt 0.8607 0.4177
vt 0.8620 0.4229
vt 0.8661 0.4367
vt 0.3525 0.7902
vt 0.8896 0.4617
vt 0.8919 0.4730
vt 0.2376 0.8647
vt 0.2344 0.8560
vt 0.2362 0.8820
vt 0.0336 0.9243
vt 0.3049 0.2105
vt 0.3253 0.2324
vt 0.3393 0.2585
vt 0.3296 0.3351
vt 0.8966 0.4990
vt 0.2978 0.3729
vt 0.2950 0.2039
vt 0.2598 0.1880
vt 0.2886 0.3786
vt 0.2750 0.3865
vt 0.2504 0.8771
vt 0.2500 0.8762
vt 0.2504 0.8675
vt 0.0850 0.8052
vt 0.0889 0.7796
vt 0.0931 0.7706
vt 0.3221 0.9971
vt 0.3216 0.9875
vt 0.3221 0.9858
vt 0.0882 0.8167
vt 0.0903 0.8240
vt 0.0931 0.8321
vt 0.4620 0.4375
vt 0.4765 0.4300
vt 0.2581 0.3918
vt 0.2490 0.3925
vt 0.4820 0.4259
vt 0.9010 0.5082
vt 0.9071 0.5180
vt 0.3385 0.2656
vt 0.3330 0.3255
vt 0.9135 0.5258
vt 0.4531 0.7881
vt 0.4531 0.9469
vt 0.4901 0.4198
vt 0.5293 0.3577
vt 0.2490 0.1862
vt 0.4102 0.2372
vt 0.4203 0.2355
vt 0.4327 0.2343
vt 0.5301 0.3475
vt 0.1925 0.9951
vt 0.1925 0.9798
vt 0.1931 0.9842
vt 0.8447 0.7636
vn -0.843013 -0.119100 0.524532
vn -0.470226 -0.845200 0.253710
vn -0.405314 -0.881500 0.242113
vn -0.879853 -0.143600 0.453043
vn -0.934088 -0.281000 0.220193
vn -0.387777 -0.903400 0.182999
vn -0.859983 0.262400 0.437699
vn -0.472064 -0.768800 0.431335
vn -0.900713 -0.379100 0.211849
vn -0.778878 0.342200 0.525592
vn -0.750452 0.124900 0.649053
vn -0.899298 -0.226700 0.373918
vn -0.551755 0.750600 0.363382
vn -0.616880 -0.786400 -0.030406
vn -0.223941 -0.969200 0.102036
vn -0.812324 -0.466400 0.350159
vn -0.000071 -1.000000 0.000071
vn -0.570777 0.777800 0.263044
vn -0.940028 -0.011900 0.340684
vn -0.940452 0.251300 0.228820
vn -0.247487 -0.943700 0.219627
vn -0.462165 0.799300 0.383959
vn -0.558826 0.758800 0.334532
vn -0.713824 0.045800 0.698834
vn -0.638305 -0.364000 0.678186
vn -0.126784 -0.965100 0.229315
vn -0.684126 0.708900 0.171191
vn -0.470367 0.798500 0.375474
vn -0.724643 -0.602300 0.334886
vn -0.000000 -1.000000 0.000000
vn -0.997657 0.031200 -0.060740
vn -0.724784 -0.684200 -0.080186
vn -0.458417 0.722400 0.517531
vn -0.413799 -0.725000 0.550553
vn -0.134562 -0.982400 0.129330
vn -0.000141 -1.000000 0.000141
vn -0.982808 0.184300 -0.000354
vn -0.875398 -0.001000 0.483378
vn -0.583292 0.805900 0.101328
vn -0.005940 0.999900 0.012869
vn -0.034295 0.999100 0.025102
vn -0.550765 -0.216600 0.806031
vn -0.058266 0.996800 0.053882
vn -0.737937 -0.674800 0.004243
vn -0.710501 0.703600 -0.009899
vn -0.194101 -0.953700 0.229739
vn -0.021001 0.999300 0.029911
vn -0.210081 -0.965800 0.152099
vn -0.539027 -0.654500 0.530118
vn -0.439325 0.538800 0.718774
vn -0.929633 -0.359200 -0.082237
vn 0.017961 0.999400 0.028426
vn -0.374625 0.775000 0.508975
vn -0.310561 -0.950300 -0.021779
vn -0.087186 0.993600 0.072337
vn -0.730441 0.681100 0.050487
vn -0.434800 -0.511500 0.741119
vn -0.966332 -0.000100 0.257104
vn -0.986697 0.114700 -0.115541
vn -0.043416 0.999100 0.001273
vn -0.446184 0.209000 0.870166
vn -0.995536 -0.026300 0.090298
vn 0.956433 0.002800 -0.291752
vn -0.140997 -0.942500 0.302925
vn -0.601889 -0.731100 -0.321168
vn 0.007566 0.999900 -0.005020
vn -0.001768 -1.000000 0.000495
vn 0.003606 0.999900 0.011809
vn -0.981959 -0.035600 -0.185898
vn -0.198131 0.848700 0.490308
vn -0.110945 -0.933100 0.342028
vn -0.377383 -0.310100 0.872499
vn -0.012657 0.998100 0.059751
vn 0.007425 0.979200 0.202728
vn -0.326259 -0.924000 -0.199404
vn 0.878368 -0.056000 -0.474751
vn 0.902198 0.005100 -0.431123
vn 0.556564 0.004400 -0.830780
vn 0.972555 0.047700 0.227688
vn 0.911673 0.001100 -0.410758
vn -0.767282 0.627100 -0.134280
vn 0.031183 0.999300 -0.019163
vn -0.006364 0.999600 0.025739
vn -0.672317 0.718600 0.177908
vn -0.004950 0.999700 0.022203
vn -0.824345 -0.556400 0.103662
vn -0.080327 -0.386500 0.918815
vn -0.259720 0.426100 0.866559
vn 0.047235 0.998900 -0.003253
vn -0.084641 -0.996200 0.021567
vn -0.495399 -0.018900 0.868469
vn 0.999637 -0.002100 -0.024395
vn -0.989525 0.015800 0.143401
vn 0.003606 0.999300 -0.035709
vn -0.254841 0.893500 0.369675
vn -0.962584 0.158800 -0.219274
vn -0.037477 0.966600 0.253427
vn -0.688439 -0.722300 0.065620
vn -0.028638 -0.915600 0.401000
vn -0.549351 0.505800 0.665034
vn -0.665458 0.000000 -0.746493
vn 0.963433 -0.003400 0.268064
vn 0.973686 0.000000 -0.227971
vn 0.055225 0.998200 -0.024537
vn -0.718633 0.358300 0.595879
vn -0.108894 -0.014300 0.993909
vn -0.007000 0.999800 -0.016334
vn -0.967676 0.000800 -0.251942
vn -0.052750 0.996800 -0.059397
vn 0.098641 0.994800 -0.022557
vn -0.796202 0.534300 -0.283833
vn -0.717077 -0.653600 -0.242043
vn 0.054801 0.993800 -0.096803
vn 0.128057 0.000000 -0.991717
vn -0.318905 0.021600 0.947523
vn -0.897106 0.315000 -0.309642
vn -0.990444 0.129600 -0.046315
vn -0.217860 -0.836600 0.502541
vn 0.065266 0.997400 0.029628
vn -0.124027 0.803900 0.581525
vn -0.015627 0.999800 -0.000071
vn -0.064135 0.773900 0.629961
vn -0.048437 0.996600 0.066256
vn 0.030759 0.999200 -0.024819
vn -0.778525 0.276800 0.563281
vn -0.030547 0.999300 0.019799
vn -0.576504 -0.720500 -0.385302
vn -0.000071 -1.000000 0.000212
vn -0.932108 -0.044700 0.359210
vn 0.779656 -0.014000 0.626072
vn -0.466054 0.376100 0.800798
vn -0.511450 0.817300 -0.265377
vn -0.001131 0.429700 0.902975
vn -0.544119 -0.245700 0.802213
vn -0.865923 0.148700 -0.477580
vn 0.048225 0.998000 0.039598
vn 0.020294 0.999800 0.002333
vn -0.057771 0.993100 0.102177
vn -0.523542 0.717200 -0.459761
vn 0.119501 0.978500 0.167726
vn -0.225426 -0.282000 0.932532
vn -0.956786 0.258900 0.132158
vn 0.400859 0.673500 0.621052
vn 0.066680 -0.780300 0.621759
vn -0.070923 0.996700 0.039244
vn -0.000141 -1.000000 0.000566
vn 0.645659 -0.078700 -0.759503
vn -0.851074 -0.113800 -0.512511
vn -0.788283 0.000700 -0.615324
vn -0.546169 0.780900 -0.303066
vn -0.829648 0.482200 0.281216
vn 0.454670 0.809700 0.370948
vn -0.351998 -0.163800 0.921502
vn -0.899016 0.061000 0.433598
vn -0.045255 0.998500 -0.031254
vn 0.026446 0.998300 -0.051477
vn -0.002192 0.998400 0.056074
vn 0.016971 0.999100 -0.038749
vn -0.707955 -0.097000 0.699470
vn -0.841598 -0.025200 -0.539522
vn -0.089520 0.658800 0.746846
vn -0.061518 0.991200 0.116955
vn 0.851993 0.000000 0.523613
vn 0.960463 0.051800 0.273580
vn 0.169776 0.974700 0.145169
vn -0.949927 0.205100 0.235749
vn -0.796556 -0.155400 0.584141
vn 0.052114 0.997900 0.037265
vn -0.826537 0.019800 -0.562503
vn -0.503248 -0.091800 0.859205
vn 0.080327 -0.196400 0.977222
vn -0.584848 -0.021100 0.810839
vn -0.156412 0.933800 -0.321734
vn 0.037477 0.999100 -0.021920
vn -0.869176 0.185000 -0.458629
vn -0.182151 -0.372000 0.910188
vn -0.908137 0.297000 -0.295076
vn -0.067741 0.997000 0.035780
vn 0.106207 0.989700 -0.095742
vn -0.037265 0.999200 -0.009405
vn -0.586050 0.204000 0.784181
vn -0.042073 0.155800 0.986909
vn 0.734543 0.170400 0.656761
vn -0.000071 -1.000000 -0.000071
vn -0.093126 -0.720700 0.686954
vn 0.048508 -0.356200 0.933098
vn -0.028850 0.998500 0.045679
vn 0.038891 0.981400 0.187808
vn -0.245649 0.496700 -0.832406
vn -0.655771 0.006900 -0.754907
vn -0.514137 -0.193300 -0.835588
vn 0.010819 0.998000 0.061306
vn -0.884520 -0.261600 -0.386292
vn -0.014354 0.876200 0.481752
vn -0.237517 0.857800 0.455872
vn -0.998435 -0.044100 0.032527
vn -0.587747 -0.721300 -0.366423
vn -0.034436 0.999200 0.017041
vn -0.388343 -0.030800 0.920936
vn -0.028991 0.999500 0.003536
vn 0.508763 0.745200 0.430982
vn 0.050700 -0.005100 -0.998647
vn -0.789909 0.049000 0.611294
vn -0.719835 -0.317400 0.617304
vn -0.729381 -0.194200 0.655983
vn -0.917683 -0.278600 0.283126
vn -0.476944 -0.449500 0.755261
vn 0.009899 0.999600 -0.027436
vn -0.845488 -0.071700 0.529128
vn -0.035497 0.979600 -0.197848
vn -0.062862 -0.494300 0.866984
vn -0.563423 0.387000 -0.729876
vn -0.070994 0.984000 0.163200
vn -0.896894 -0.036000 0.440669
vn -0.843791 -0.271500 0.462943
vn -0.572191 -0.129600 0.809779
vn -0.780363 -0.305000 -0.545745
vn 0.042285 -0.741200 0.669913
vn -0.459407 0.837400 -0.295924
vn 0.347684 -0.631200 0.693318
vn 0.012445 0.998800 -0.045962
vn -0.041649 0.998600 0.033022
vn -0.810132 -0.044300 -0.584565
vn 0.010677 0.999700 0.020860
vn -0.667721 0.328400 -0.668004
vn -0.880489 -0.474000 -0.006505
vn -0.970221 -0.236800 -0.050700
vn -0.012587 0.989300 0.145523
vn -0.557129 -0.449500 0.698268
vn 0.927229 0.004000 0.374413
vn -0.232567 0.971200 0.051831
vn -0.817910 -0.221800 0.530825
vn -0.880136 -0.369700 0.297763
vn -0.723300 -0.434300 0.536765
vn -0.379080 -0.366000 0.849872
vn -0.875893 -0.379400 0.297904
vn -0.090580 0.157900 0.983232
vn -0.378939 0.367500 0.849306
vn -0.566958 0.575000 0.589868
vn -0.697632 -0.620000 0.358927
vn 0.397748 -0.375700 0.837002
vn -0.880136 -0.075300 0.468600
vn -0.643184 -0.214800 0.734967
vn -0.859842 0.455100 0.231224
vn -0.949079 -0.300700 0.093338
vn -0.821092 -0.076800 0.565544
vn -0.877095 0.192900 0.439820
vn -0.018102 0.997200 -0.072832
vn -0.803273 -0.051100 0.593404
vn -0.483095 -0.388000 0.784889
vn -0.822153 0.387900 0.416557
vn 0.047942 0.998800 0.004667
vn -0.211001 -0.229200 0.950210
vn -0.845558 -0.482200 0.229103
vn -0.734189 -0.506500 0.452053
vn -0.085418 0.963900 0.252154
vn -0.409910 -0.836500 -0.363665
vn -0.006859 0.994700 0.102743
vn -0.887348 -0.088600 0.452478
vn -0.682146 -0.659500 0.315723
vn 0.922562 0.033700 0.384171
vn 0.692894 0.611300 0.382333
vn -0.718986 -0.017900 -0.694803
vn -0.894066 0.082400 0.440245
vn 0.100480 -0.962500 0.251942
vn -0.947382 -0.013000 0.319895
vn 0.153654 0.711900 -0.685257
vn 0.511450 -0.842500 0.169069
vn -0.876742 0.328700 0.350937
vn -0.997091 0.011700 0.075024
vn -0.818547 -0.345200 0.459195
vn -0.352917 0.180300 0.918037
vn -0.814516 -0.064900 0.576504
vn -0.712834 -0.417600 0.563352
vn -0.034153 0.999400 0.007142
vn -0.947665 -0.125600 0.293591
vn -0.822860 -0.545200 0.160018
vn -0.871863 -0.428200 0.237871
vn 0.004101 0.999000 0.044265
vn -0.493278 -0.568600 0.658316
vn -0.840750 -0.513400 0.171686
vn -0.661852 -0.032300 0.748968
vn -0.966403 0.026300 0.255619
vn 0.054235 -0.322800 0.944907
vn -0.899652 0.117300 0.420375
vn 0.881479 -0.006300 0.472206
vn -0.865782 -0.482500 0.132088
vn -0.394919 -0.240400 0.886641
vn -0.814870 0.284600 0.504874
vn -0.783262 0.556000 0.278105
vn -0.376676 0.617000 0.690914
vn 0.121834 0.104800 0.987050
vn -0.751018 -0.556100 0.355887
vn 0.140502 -0.722400 0.677055
vn 0.189222 -0.747100 0.637245
vn -0.771171 -0.076800 -0.632012
vn -0.143967 0.988600 0.043134
vn -0.170978 0.520900 -0.836224
vn -0.957210 0.221600 -0.185757
vn -0.903824 -0.330900 -0.271246
vn -0.530189 0.082000 0.843861
vn 0.083297 0.964800 0.249609
vn -0.204142 -0.978900 -0.010960
vn -0.306672 0.949600 0.064276
vn -0.560736 0.693200 -0.452831
vn -0.212273 -0.527600 0.822507
vn 0.020860 -0.149700 -0.988465
vn -0.439538 -0.040300 0.897319
vn -0.119572 0.968100 0.220122
vn 0.108824 0.731100 0.673519
vn -0.932320 -0.359200 0.041366
vn -0.846548 0.371100 0.381555
vn -0.901844 -0.428300 0.056851
vn -0.278529 0.943200 0.180949
vn -0.911531 0.300600 0.280509
vn -0.490732 -0.695400 0.524956
vn -0.338987 -0.459900 0.820668
vn -0.075943 0.939600 0.333754
vn 0.237871 0.917900 0.317491
vn -0.969585 -0.101400 0.222880
vn -0.532451 0.158800 0.831416
vn -0.798536 0.302300 0.520501
vn -0.650680 -0.444300 0.615749
vn -0.594889 -0.777500 -0.203859
vn -0.431618 -0.479400 0.764100
vn -0.730017 -0.678400 0.082873
vn -0.035921 -0.638600 0.768625
vn -0.150614 0.199000 -0.968312
vn 0.618011 0.710600 0.336300
vn -0.442154 -0.808000 -0.389404
vn -0.765302 0.313900 0.561938
vn -0.012092 0.995800 -0.090580
vn -0.887631 -0.418700 -0.191555
vn -0.243810 0.699600 0.671610
vn 0.511804 -0.823100 -0.245932
vn -0.998930 0.014900 -0.043911
vn 0.016476 0.984500 -0.174585
vn 0.028850 0.999200 -0.027436
vn -0.908420 0.318300 0.270893
vn -0.464569 -0.136400 -0.874974
vn -0.755968 -0.387500 0.527572
vn -0.520713 -0.824900 0.219910
vn -0.275630 -0.511600 0.813738
vn -0.576363 -0.750700 0.322794
vn 0.275065 0.933900 0.228395
vn -0.338704 0.939600 0.049356
vn 0.994263 0.046500 0.096379
vn -0.428577 0.126100 0.894702
vn -0.998505 -0.043200 -0.033446
vn -0.260852 -0.819000 0.511026
vn -0.410051 -0.825600 0.387424
vn 0.579262 0.636500 0.509117
vn -0.473832 0.880200 0.025244
vn 0.516047 -0.816500 0.258801
vn -0.659377 0.564800 0.496035
vn -0.625931 -0.776900 -0.067741
vn 0.120137 -0.877400 -0.464357
vn -0.542068 0.839000 -0.047659
vn -0.035567 0.999300 -0.008697
vn -0.091995 0.994500 0.049992
vn -0.551473 0.418400 0.721602
vn -0.997657 -0.046500 0.049568
vn -0.738007 0.545300 0.397323
vn -0.008485 0.999900 -0.001838
vn -0.002051 -0.599300 0.800516
vn 0.019163 -0.959600 0.280651
vn -0.587394 -0.690300 0.422355
vn 0.330643 0.676700 0.657751
vn -0.701662 0.569400 0.428153
vn -0.290197 -0.496400 0.818123
vn -0.276125 -0.483900 0.830355
vn 0.443285 -0.214200 -0.870378
vn 0.561443 -0.026800 -0.827032
vn -0.984788 0.154900 -0.077994
vn -0.849235 -0.465300 -0.249467
vn -0.090863 0.995800 0.009405
vn -0.158887 -0.935500 0.315299
vn -0.347260 0.830300 0.435790
vn 0.092065 0.000000 0.995748
vn 0.356453 -0.346800 0.867549
vn -0.949008 -0.299200 -0.099349
vn -0.076580 -0.856400 -0.510460
vn 0.307804 0.191200 0.932037
vn -0.902622 -0.391900 -0.177696
vn -0.990232 -0.106600 -0.088954
vn -0.672176 -0.687200 0.275489
vn 0.366423 -0.841400 0.397253
vn -0.699541 0.505400 0.505228
vn 0.063427 0.985600 0.156907
vn 0.621264 -0.166600 -0.765655
vn -0.848387 -0.401300 -0.345351
vn 0.006930 0.970100 -0.242538
vn 0.521703 0.686200 -0.506854
vn -0.143543 0.987800 0.059680
vn -0.913370 0.394600 0.099490
vn -0.942856 0.067200 -0.326118
vn -0.269761 0.961500 0.052538
vn -0.142341 0.952200 0.270327
vn -0.507703 -0.848800 0.147078
vn -0.258235 -0.573800 0.777252
vn -0.128552 0.991100 -0.033941
vn 0.093197 0.993600 0.064064
vn 0.135128 -0.727500 0.672671
vn 0.011031 0.998100 0.059538
vn 0.953463 -0.294000 -0.066185
vn -0.861185 0.346000 0.372292
vn -0.680732 -0.290000 -0.672671
vn 0.439679 0.099900 -0.892510
vn 0.951129 0.246900 -0.185474
vn 0.010041 0.707700 0.706400
vn -0.076085 0.983100 -0.166170
vn 0.702016 -0.138400 -0.698621
vn 0.426527 0.787600 0.444629
vn -0.628618 -0.750300 0.204637
vn -0.266579 -0.816700 0.511662
vn 0.024395 0.998600 -0.047447
vn -0.964282 0.242700 -0.105995
vn -0.941088 0.326200 -0.089166
vn -0.915138 0.357600 -0.186111
vn -0.164261 0.909700 0.381343
vn -0.826608 0.359800 0.432749
vn 0.991859 0.001100 0.127774
vn -0.650680 0.473300 0.593828
vn 0.403687 0.667600 -0.625577
vn 0.001061 -0.558700 0.829366
vn 0.083721 0.807700 0.583646
vn -0.754836 0.585300 0.296207
vn -0.000283 0.999900 0.009617
vn 0.699116 0.484500 0.525734
vn -0.225001 0.053500 0.972838
vn -0.259084 -0.041800 0.964918
vn 0.050700 0.998500 0.020294
vn -0.688581 0.209700 -0.694237
vn 0.803698 -0.540200 -0.249467
vn -0.675923 0.439700 0.591353
vn -0.235396 -0.960500 -0.148280
vn 0.192969 -0.349300 -0.916905
vn 0.378656 0.669600 -0.638871
vn -0.779656 -0.213800 0.588596
vn -0.173665 0.934100 0.311834
vn -0.595525 -0.786100 -0.165180
vn -0.187737 0.981900 0.024395
vn -0.381555 -0.298600 0.874833
vn -0.656054 0.334800 -0.676418
vn -0.837639 0.508600 0.198980
vn -0.417334 -0.851400 0.317632
vn -0.298965 -0.703500 0.644740
vn -0.702581 -0.692100 -0.165322
vn -0.846124 -0.517200 -0.128269
vn -0.234335 0.604200 0.761554
vn -0.493561 -0.735400 -0.464286
vn 0.465630 -0.363000 -0.807021
vn 0.204071 -0.783300 0.587040
vn -0.201525 -0.919600 0.337290
vn -0.004031 0.999900 -0.013930
vn 0.244093 -0.519200 0.818971
vn -0.001626 -0.650100 -0.759786
vn 0.513147 -0.705200 -0.489247
vn -0.327815 0.185100 0.926451
vn 0.254700 0.961100 -0.106207
vn -0.113349 -0.216600 -0.969656
vn -0.220052 -0.911100 0.348462
vn -0.971706 0.026400 -0.234618
vn -0.838134 -0.529600 0.130320
vn -0.476873 -0.775000 -0.414647
vn -0.399869 -0.499200 0.768696
vn -0.895197 -0.253900 -0.366140
vn -0.776615 0.537400 0.328734
vn -0.391596 0.467600 0.792384
vn -0.180595 0.596400 -0.782060
vn -0.626214 -0.471100 -0.621123
vn 0.339199 -0.448100 -0.827103
vn -0.207112 0.973100 0.100621
vn -0.533441 -0.086900 0.841316
vn -0.520713 0.851800 -0.057558
vn -0.963433 0.017800 -0.267216
vn 0.007990 0.999900 0.003041
vn -0.202233 0.339600 0.918532
vn 0.863448 -0.198600 0.463650
vn -0.628335 -0.760200 -0.164614
vn -0.346765 -0.515200 0.783757
vn -0.010536 0.998400 0.054801
vn 0.810415 -0.480300 -0.335381
vn -0.960746 0.121100 0.249397
vn -0.080893 -0.994700 -0.063640
vn -0.228608 -0.598300 0.767989
vn -0.981888 -0.189000 0.000141
vn -0.123814 0.251300 0.959897
vn -0.763675 0.397100 0.508975
vn 0.083156 0.977200 -0.195020
vn -0.182009 0.876300 0.446043
vn -0.284469 -0.514800 0.808718
vn -0.658316 0.228400 0.717289
vn -0.263468 -0.195300 -0.944695
vn -0.884308 0.181700 0.429921
vn -0.918602 -0.342900 0.196364
vn -0.804051 -0.322100 0.499712
vn -0.917330 0.395600 -0.045184
vn -0.335734 0.858500 -0.387495
vn -0.431264 0.558600 0.708450
vn -0.787363 0.476800 0.390818
vn -0.923623 0.212600 -0.318764
vn -0.118016 -0.846800 0.518663
vn -0.276479 -0.900300 0.336159
vn -0.909056 -0.329800 -0.254700
vn -0.223021 -0.708400 0.669630
vn -0.071347 -0.645500 -0.760493
vn 0.222880 0.964700 0.140007
vn -0.547866 -0.348100 0.760705
vn -0.869741 -0.188300 0.456084
vn -0.881904 0.407800 0.236174
vn -0.576221 -0.809200 -0.114905
vn 0.042709 0.999000 -0.010607
vn 0.642619 0.261400 0.720259
vn -0.395414 -0.905200 -0.155281
vn 0.854326 -0.297400 0.426244
vn -0.579898 0.151500 0.800374
vn 0.151957 -0.888300 0.433386
vn -0.274075 -0.906500 0.321168
vn -0.566180 0.176800 0.805041
vn -0.930058 -0.340100 0.138805
vn -0.447104 0.665000 0.598142
vn -0.951129 0.307700 -0.024254
vn -0.143331 -0.872500 -0.467185
vn -0.823072 0.146700 -0.548573
vn -0.718774 0.646300 0.256185
vn 0.019163 0.998600 0.049568
vn 0.245225 0.688300 0.682641
vn -0.970363 -0.186900 -0.153089
vn 0.992071 -0.040700 -0.118653
vn 0.046881 0.996600 -0.067387
vn -0.883601 -0.433400 0.177201
vn -0.412809 -0.781200 0.468246
vn 0.239851 0.349600 0.905662
vn -0.795000 0.200500 0.572403
vn 0.252366 -0.549100 0.796697
vn 0.671610 -0.107400 -0.733128
vn 0.107692 0.875100 0.471711
vn -0.935573 0.113000 0.334391
vn -0.976302 -0.207900 0.059751
vn -0.520289 -0.174500 0.835942
vn 0.283338 -0.268600 0.920582
vn -0.579262 0.174200 -0.796344
vn -0.732280 -0.658500 -0.173524
vn -0.234901 -0.967500 0.093480
vn -0.753634 -0.587200 -0.295429
vn -0.371019 -0.560000 0.740694
vn -0.729734 0.530900 0.430769
vn -0.038042 0.999100 0.015274
vn -0.390606 -0.319300 -0.863377
vn -0.203435 0.495100 0.844639
vn -0.688368 0.725300 0.002333
vn -0.744442 -0.620100 -0.247346
vn 0.555008 0.373300 0.743381
vn -0.483661 -0.164200 0.859700
vn -0.369817 -0.034200 0.928431
vn -0.879782 -0.223800 0.419314
vn -0.779161 0.510400 0.363806
vn -0.887773 -0.429100 -0.166524
vn -0.741260 0.349900 0.572827
vn -0.804051 0.518300 0.291399
vn -0.270822 0.961200 0.052467
vn 0.098005 0.994600 -0.034507
vn -0.035709 0.999400 0.000778
vn -0.461599 -0.733400 -0.499076
vn -0.859135 -0.258300 -0.441659
vn 0.999566 -0.022900 -0.018950
vn 0.039527 0.989800 0.136401
vn -0.602384 0.568500 0.560241
vn -0.425113 -0.885100 0.189505
vn -0.551260 -0.708200 -0.441093
vn -0.058831 0.262800 0.963079
vn -0.035426 0.130900 0.990727
vn -0.665529 -0.444500 0.599485
vn -0.318339 0.197200 0.927158
vn -0.812749 0.474400 -0.338138
vn -0.918885 -0.031000 0.393364
vn -0.168928 -0.641100 0.748614
vn 0.168999 0.745900 0.644174
vn -0.932674 0.066700 0.354543
vn -0.112996 0.767400 0.631022
vn 0.365716 0.815500 0.448589
vn -0.823921 0.162100 -0.543058
vn 0.702440 -0.711700 0.002546
vn 0.000495 1.000000 -0.005728
vn -0.435507 0.748100 0.500702
vn -0.217506 -0.766800 -0.603869
vn -0.860690 0.414600 -0.295429
vn -0.964352 0.146500 0.220334
vn -0.083863 0.902200 0.422991
vn -0.024112 0.977900 0.207677
vn -0.386505 -0.847100 0.364584
vn -0.568726 -0.406400 0.715097
vn -0.182504 -0.867600 -0.462519
vn -0.910754 0.251100 -0.327956
vn 0.388767 -0.276100 0.878934
vn -0.782272 0.294500 0.548927
vn -0.980828 0.175800 -0.084075
vn -0.014142 0.999900 -0.006364
vn 0.904955 -0.425200 -0.013294
vn -0.802213 -0.179500 -0.569292
vn -0.983727 -0.102900 -0.146937
vn -0.217011 -0.873800 0.435083
vn 0.573322 -0.818800 -0.027153
vn -0.418254 0.907700 -0.033729
vn -0.645518 0.658600 -0.386717
vn -0.573039 -0.599400 0.558756
vn 0.055437 0.998400 -0.003253
vn -0.187313 0.501100 0.844780
vn -0.828871 0.385800 -0.405031
vn -0.092631 0.771100 0.629891
vn -0.165463 -0.842000 0.513360
vn -0.416910 0.294700 0.859842
vn -0.232002 0.458300 0.857933
vn -0.702157 0.636000 -0.319895
vn -0.837709 0.525800 0.147290
vn -0.319612 -0.450800 -0.833396
vn -0.773151 0.632900 0.040022
vn 0.751867 -0.353900 -0.556281
vn -0.247134 0.913100 -0.324067
vn -0.519723 0.266600 -0.811617
vn -0.874196 -0.226200 0.429567
vn -0.526724 -0.296000 0.796839
vn -0.238578 0.969500 0.054871
vn 0.072054 0.996800 -0.035426
vn -0.895904 -0.420900 -0.141563
vn -0.001697 -0.804200 0.594253
vn -0.072125 0.782400 0.618577
vn -0.469590 0.662100 0.583999
vn -0.937199 -0.348100 0.020082
vn -0.039457 -0.195600 0.979909
vn -0.373847 0.461500 0.804475
vn -0.640992 -0.505500 0.577494
vn -0.393505 -0.717600 -0.574524
vn -0.021991 -0.420000 0.907289
vn 0.931825 -0.238600 -0.273367
vn -0.252154 -0.908300 -0.333754
vn -0.131380 -0.752000 0.645871
vn -0.304692 0.824500 0.476802
vn -0.716228 -0.663600 0.216163
vn -0.283267 -0.217200 0.934088
vn 0.329300 0.088400 0.940098
vn 0.994263 -0.072800 0.077994
vn 0.077216 -0.920800 0.382121
vn -0.762685 0.493100 0.418466
vn 0.905380 -0.389600 0.169140
vn -0.833184 -0.215400 0.509329
vn -0.021708 -0.832900 0.552887
vn 0.076297 -0.778100 0.623456
vn -0.243245 -0.770200 -0.589586
vn -0.875398 0.373200 -0.307167
vn 0.776120 0.599300 0.196151
vn -0.526582 0.522700 0.670408
vn -0.556988 -0.739000 0.378939
vn -0.566039 0.659300 -0.494763
vn -0.051407 0.558000 0.828234
vn 0.908349 0.014900 0.417900
vn -0.805465 0.569500 0.163837
vn 0.010607 0.223900 0.974535
vn -0.345563 0.809800 -0.474115
vn -0.375969 0.087500 0.922421
vn 0.316501 0.723200 0.613769
vn -0.955231 0.251000 0.156200
vn -0.307026 -0.732000 -0.608112
vn 0.838699 -0.491300 -0.234830
vn 0.246073 0.969200 0.010041
vn 0.058548 0.998200 0.010465
vn -0.831416 0.534700 0.150897
vn 0.947665 -0.061800 0.312965
vn -0.670267 0.676600 0.304692
vn -0.205344 0.135000 0.969302
vn -0.501480 0.863500 -0.053316
vn 0.468317 -0.738200 0.485429
vn -0.368968 0.699800 -0.611647
vn -0.039244 -0.518800 0.853973
vn 0.119218 0.106700 0.987121
vn 0.563706 -0.044500 0.824769
vn -0.720259 -0.021000 -0.693389
vn -0.428082 0.137400 -0.893217
vn -0.919663 0.288900 0.265872
vn -0.055720 -0.447100 -0.892652
vn -0.141492 -0.914400 -0.379221
vn 0.242608 0.086300 0.966261
vn -0.297480 -0.591600 -0.749321
vn 0.181019 -0.795800 0.577848
vn -0.205344 0.462700 0.862387
vn 0.961807 0.061100 0.266579
vn 0.696783 0.707800 -0.116248
vn -0.191767 -0.873700 -0.446891
vn 0.402980 -0.903500 -0.145735
vn 0.047588 0.420900 0.905874
vn 0.147573 0.914900 0.375544
vn -0.697844 -0.631300 -0.338209
vn -0.753069 0.652600 -0.082873
vn 0.841528 -0.152000 -0.518239
vn -0.985424 -0.070300 -0.154856
vn 0.573959 0.707100 0.413021
vn -0.532805 0.059800 -0.844073
vn -0.630244 0.271200 0.727542
vn -0.005869 1.000000 0.001626
vn 0.190212 0.976100 -0.105076
vn 0.013859 0.998700 -0.048649
vn -0.420941 -0.489900 -0.763322
vn -0.983020 -0.166400 -0.076933
vn 0.014071 0.999700 -0.021425
vn 0.556847 -0.825700 -0.090156
vn 0.132583 -0.841900 0.523047
vn 0.410900 -0.763900 0.497591
vn -0.702228 0.673300 0.231295
vn -0.809849 -0.252200 -0.529552
vn -0.591778 -0.507600 0.626143
vn -0.975666 0.179500 -0.126006
vn -0.829224 0.500600 -0.248407
vn -0.768979 0.628900 0.114198
vn 0.137249 0.299700 0.944058
vn 0.323148 0.726900 0.605991
vn -0.033022 -0.172900 0.984363
vn -0.170766 0.982200 -0.078135
vn -0.688793 -0.721100 0.075024
vn 0.775201 -0.264300 -0.573676
vn -0.843154 0.537700 0.001273
vn -0.837214 0.397200 -0.375898
vn 0.089661 0.136900 0.986414
vn 0.413021 0.463100 0.784111
vn 0.703430 0.577000 0.414930
vn 0.633921 0.001900 0.773363
vn -0.576716 0.764500 0.287934
vn -0.708097 -0.695100 0.123885
vn -0.323006 -0.195700 0.925886
vn -0.788707 -0.118500 -0.603162
vn -0.953533 -0.185800 -0.237093
vn 0.432254 0.085600 0.897672
vn -0.641699 -0.712100 -0.284893
vn -0.740129 0.437500 0.510602
vn 0.237022 -0.878700 -0.414223
vn -0.015274 0.999500 -0.026729
vn -0.691055 -0.261300 0.673943
vn 0.135482 0.588500 0.797051
vn -0.141068 -0.035200 0.989313
vn -0.985283 -0.003100 0.170696
vn -0.321521 -0.904300 0.280651
vn -0.369675 -0.647200 -0.666660
vn 0.483520 0.864600 0.136472
vn 0.060953 0.961000 -0.269691
vn 0.635689 0.453300 0.624800
vn 0.300662 -0.864300 0.403051
vn -0.783545 0.412300 -0.464781
vn -0.734118 0.617700 0.281853
vn -0.643255 -0.592400 0.485005
vn 0.347897 0.541500 0.765372
vn 0.169847 0.979900 -0.104228
vn -0.767282 0.286300 -0.573817
vn 0.243457 0.550500 -0.798536
vn 0.772726 -0.401400 0.491581
vn 0.000990 0.998400 0.055437
vn 0.329229 0.891900 -0.309854
vn 0.859064 -0.459900 0.224789
vn -0.818830 0.523400 -0.235467
vn 0.561019 -0.788100 0.253003
vn -0.884873 -0.465200 0.024042
vn -0.697632 0.494600 -0.518309
vn 0.910612 -0.106600 0.399232
vn 0.833820 -0.492400 0.249467
vn 0.024537 0.998100 0.055366
vn 0.045891 0.856100 0.514703
vn 0.564837 0.052500 0.823497
vn 0.221749 0.962900 -0.153584
vn 0.947028 -0.056900 0.316006
vn -0.796909 0.056200 0.601465
vn -0.764877 -0.171900 -0.620769
vn 0.063498 0.960000 0.272660
vn -0.547513 -0.123100 -0.827668
vn -0.262690 -0.422200 0.867549
vn -0.805324 0.525500 -0.274287
vn -0.332694 0.436900 0.835730
vn -0.851922 -0.366400 -0.373918
vn -0.007990 0.999100 0.042497
vn 0.539452 -0.833900 -0.116178
vn 0.176070 0.938700 0.296419
vn -0.030547 0.992500 -0.118228
vn 0.393505 0.372800 0.840396
vn -0.615536 -0.003800 -0.788071
vn -0.488823 0.016600 -0.872216
vn 0.124309 -0.978400 0.164897
vn -0.565332 -0.732400 -0.379504
vn 0.382474 0.826500 0.413021
vn -0.068307 -0.710000 -0.700884
vn -0.804688 -0.483300 -0.344927
vn 0.097156 -0.842300 -0.530189
vn -0.792101 0.427700 -0.435436
vn -0.902763 -0.043100 0.427870
vn -0.949220 0.037700 -0.312400
vn -0.940381 -0.081900 0.330148
vn -0.259013 -0.620400 0.740270
vn 0.526370 -0.753100 0.394707
vn -0.532664 -0.468100 0.705056
vn -0.790758 0.594300 0.146583
vn -0.796132 -0.490500 -0.354473
vn 0.836790 0.109300 0.536411
vn 0.904036 -0.316700 0.286873
vn -0.836790 0.446100 -0.317491
vn 0.331845 -0.667200 0.666872
vn -0.932462 -0.333400 0.139512
vn 0.594465 -0.787800 -0.160867
vn -0.787010 -0.603500 -0.127703
vn -0.468246 -0.066700 -0.881055
vn -0.505935 -0.409600 0.759079
vn -0.681580 -0.549100 0.483732
vn -0.912168 0.215400 0.348462
vn -0.927300 0.372400 0.036628
vn -0.469943 0.016700 0.882469
vn -0.682004 0.007200 0.731361
vn 0.302925 -0.714100 0.631164
vn 0.701450 -0.672800 -0.234901
vn 0.092065 0.989900 -0.107763
vn -0.288429 -0.764500 -0.576504
vn 0.473620 -0.759300 0.446326
vn 0.196859 -0.860400 0.469943
vn -0.358432 0.246700 0.900359
vn -0.540937 0.067600 -0.838346
vn 0.599273 -0.629400 0.494621
vn -0.929421 -0.348200 0.122188
vn -0.556139 0.582300 -0.592909
vn 0.011597 0.428500 0.903400
vn 0.556564 0.077000 0.827244
vn 0.755331 -0.162300 0.634840
vn -0.726906 0.393400 0.562857
vn -0.870873 0.411200 0.269125
vn -0.345280 0.903800 0.252791
vn -0.647356 -0.255400 0.718067
vn -0.246992 -0.086600 -0.965130
vn -0.363524 -0.584200 0.725562
vn -0.289419 -0.732000 -0.616668
vn 0.044831 0.994500 -0.094187
vn -0.895197 0.039900 0.443922
vn 0.569645 0.138500 0.810062
vn -0.816072 -0.239200 0.526158
vn -0.974535 -0.222400 -0.026870
vn -0.863660 0.455300 -0.216375
vn -0.863802 0.493300 -0.101823
vn -0.456437 0.224500 0.860903
vn -0.927724 0.255300 0.272095
vn -0.689641 0.067500 0.721037
vn 0.199404 -0.927200 -0.317067
vn 0.004879 -0.889600 -0.456720
vn 0.260569 0.911100 -0.319259
vn 0.356453 -0.820700 0.446538
vn -0.288853 -0.375700 -0.880560
vn -0.732704 -0.602300 0.316925
vn -0.831699 0.441100 -0.337149
vn -0.286590 -0.377500 0.880560
vn 0.238719 0.963300 0.122754
vn 0.760635 0.517900 0.391384
vn 0.206617 -0.782500 -0.587323
vn -0.905026 -0.270300 -0.328310
vn 0.618223 -0.260800 0.741543
vn 0.479843 -0.796200 0.368544
vn -0.811193 -0.540100 -0.223729
vn -0.980969 -0.131100 -0.142765
vn -0.789838 0.181000 0.585909
vn -0.348392 -0.643800 -0.681156
vn -0.084924 0.800900 -0.592768
vn -0.298682 -0.455900 -0.838346
vn 0.106490 0.044100 -0.993344
vn -0.270680 0.816000 -0.510673
vn 0.250316 0.036600 0.967463
vn -0.117380 0.552000 -0.825476
vn 0.862812 -0.448000 -0.234052
vn -0.703854 0.563100 -0.433032
vn -0.905874 -0.377500 0.191979
vn -0.664822 -0.560600 0.493561
vn -0.546735 -0.054400 0.835517
vn 0.629042 -0.484700 0.607688
vn -0.901208 -0.426600 0.075731
vn 0.559746 -0.096400 0.823072
vn -0.758301 0.651400 0.022769
vn -0.122047 -0.883700 -0.451841
vn -0.962302 -0.149600 0.226911
vn 0.568302 -0.818400 0.084782
vn -0.551402 0.774000 0.311127
vn -0.177837 -0.643900 0.744088
vn -0.208526 0.975000 -0.076438
vn -0.778666 -0.581400 0.235608
vn -0.843225 0.187600 0.503814
vn 0.067599 0.332700 0.940593
vn -0.607829 0.730900 0.310137
vn -0.843932 0.316700 -0.432820
vn -0.908491 0.178900 0.377454
vn -0.928360 0.174900 -0.327744
vn -0.364160 -0.793600 -0.487338
vn -0.798889 -0.068200 0.597505
vn -0.952049 -0.305900 -0.001131
vn -0.921714 0.260900 0.287015
vn -0.929068 0.249500 0.273155
vn -0.447952 0.183200 0.875045
vn -0.777605 0.043100 0.627274
vn -0.817203 -0.253400 0.517673
vn -0.302359 -0.735300 0.606556
vn 0.016971 -0.712800 0.701167
vn 0.208384 -0.908000 0.363382
vn -0.036770 -0.998100 -0.049356
vn 0.331633 0.799600 -0.500490
vn 0.331067 -0.165900 0.928855
vn -0.819537 -0.342400 -0.459337
vn 0.242255 0.739800 -0.627628
vn -0.313319 -0.911200 -0.267216
vn -0.736310 0.341900 -0.583858
vn 0.182999 0.868600 0.460468
vn 0.773363 0.550500 0.314450
vn 0.123956 0.844200 0.521491
vn -0.587535 0.232400 0.775060
vn 0.437628 -0.719900 0.538745
vn -0.608324 -0.455900 0.649619
vn -0.289560 0.060500 0.955231
vn -0.676206 0.444500 0.587535
vn -0.935432 -0.074900 0.345422
vn -0.591495 -0.742400 0.314592
vn -0.625082 0.584700 -0.517036
vn 0.772585 -0.544900 0.325693
vn -0.814446 -0.210800 -0.540654
vn -0.521774 0.786500 0.330431
vn -0.665812 -0.365400 0.650538
vn 0.275630 0.956700 -0.093762
vn -0.088035 -0.863700 0.496177
vn -0.095035 0.990600 0.097864
vn -0.242820 0.941900 0.232072
vn 0.647356 0.194300 0.737017
vn 0.596940 0.576500 0.557907
vn 0.001626 1.000000 -0.003748
vn -0.930270 -0.366900 -0.003677
vn -0.821517 0.151100 0.549846
vn -0.783757 0.023500 0.620557
vn -0.999849 0.001600 -0.014566
vn -0.032951 0.973900 0.224294
vn -0.273933 0.856300 -0.437699
vn -0.775767 -0.138200 0.615678
vn 0.002828 0.998600 -0.052892
vn 0.984505 0.049700 -0.168079
vn -0.315370 -0.509000 0.800869
vn -0.170201 -0.723300 0.669277
vn -0.636538 0.232300 0.735391
vn 0.162069 0.274100 0.947947
vn -0.368898 -0.041600 -0.928502
vn -0.999708 -0.010100 0.021779
vn 0.519936 -0.634100 -0.572403
vn -0.830780 0.476400 -0.287863
vn -0.752432 0.040900 0.657397
vn -0.059468 0.992600 0.105430
vn 0.255548 -0.893700 0.368685
vn -0.112784 0.863000 -0.492358
vn -0.188444 0.106700 -0.976302
vn 0.131946 -0.321900 0.937482
vn -0.277186 -0.017600 0.960675
vn -0.000141 -1.000000 -0.000283
vn -0.792667 0.596500 0.126006
vn -0.651104 -0.148300 0.744301
vn 0.544614 0.092200 0.833537
vn -0.791818 0.610100 0.028426
vn -0.433669 -0.267700 -0.860337
vn -0.636467 0.628600 0.446962
vn -0.519936 0.367400 0.771100
vn -0.584989 0.028000 -0.810557
vn -0.820244 0.434100 0.372362
vn -0.651175 0.741800 0.160018
vn 0.896187 -0.297800 -0.328805
vn 0.395626 -0.842700 0.365079
vn 0.023122 0.996200 0.083934
vn -0.610021 0.733900 -0.298753
vn 0.335239 -0.475400 0.813385
vn 0.046598 0.754800 0.654286
vn -0.323926 -0.652200 -0.685257
vn -0.848245 0.457700 0.266438
vn 0.531744 -0.179900 -0.827456
vn -0.499147 -0.440500 0.746210
vn -0.232497 -0.635200 -0.736522
vn -0.134916 -0.581100 0.802566
vn 0.020718 0.997900 -0.061306
vn -0.588454 -0.554100 -0.588879
vn -0.885086 0.441700 0.146583
vn -0.257953 -0.935300 0.242255
vn -0.627416 -0.733500 -0.261276
vn 0.523542 -0.851500 0.029557
vn -0.314733 -0.514900 0.797404
vn -0.086126 0.959700 0.267569
vn 0.293237 0.831000 0.472559
vn -0.562433 0.586100 0.583222
vn -0.342169 -0.789100 0.510178
vn 0.227193 0.150500 0.962160
vn -0.516754 -0.852000 0.083297
vn -0.358291 0.930700 -0.073610
vn -0.487479 0.810200 0.325269
vn 0.169069 -0.767400 0.618365
vn -0.179322 -0.953400 0.242538
vn 0.677762 -0.731200 0.077570
vn 0.362958 0.909000 0.204990
vn 0.049073 0.861700 -0.505016
vn -0.117592 0.327500 -0.937553
vn -0.103520 -0.987000 -0.122895
vn 0.009122 0.271100 0.962443
vn -0.710925 -0.154100 -0.686176
vn -0.675358 0.418000 -0.607617
vn -0.369039 -0.435600 -0.821022
vn 0.439679 -0.674100 -0.593404
vn 0.059538 0.730000 -0.680802
vn -0.304834 0.930500 -0.203010
vn -0.320037 0.402900 0.857438
vn 0.823214 0.340300 0.454387
vn -0.002758 1.000000 -0.006152
vn 0.915915 0.263300 0.302854
vn -0.669630 0.719000 -0.186252
vn 0.211496 0.863200 0.458417
vn -0.097864 0.990100 0.100126
vn 0.529411 0.002500 0.848316
vn 0.219769 0.824500 0.521421
vn 0.202233 0.062000 0.977363
vn 0.175928 -0.527900 0.830850
vn 0.373282 -0.622800 0.687520
vn 0.441942 -0.114600 -0.889682
vn -0.058831 -0.143500 -0.987828
vn -0.995889 -0.077000 -0.046952
vn 0.672459 -0.666400 0.321875
vn -0.909056 0.013200 0.416486
vn -0.109248 -0.328200 0.938260
vn 0.848104 0.180700 -0.497945
vn 0.723936 0.500400 -0.474751
vn 0.704773 -0.519800 0.482742
vn -0.794788 -0.536400 -0.283833
vn -0.935856 0.255000 0.243033
vn -0.835376 0.169600 0.522835
vn 0.785596 0.598200 -0.157543
vn 0.482813 -0.649000 0.587889
vn -0.149836 -0.969700 0.192969
vn -0.230022 -0.572300 0.787081
vn -0.554301 -0.645000 0.525875
vn -0.530259 0.837300 0.133007
vn -0.067812 -0.264700 0.961877
vn -0.283408 -0.033700 0.958413
vn 0.114339 0.008400 0.993414
vn -0.652094 0.305000 -0.694096
vn -0.512582 -0.837800 0.188020
vn -0.985990 -0.166700 -0.011314
vn 0.419526 0.189200 -0.887773
vn -0.284964 0.177300 0.942008
vn -0.886500 -0.433300 -0.162564
vn -0.786727 -0.606000 -0.117238
vn 0.240416 0.942200 -0.233204
vn 0.496743 -0.719100 -0.485853
vn -0.746917 0.386000 0.541290
vn -0.740199 0.366400 0.563706
vn -0.638235 0.656000 -0.402768
vn -0.207536 -0.916000 -0.343300
vn -0.258589 -0.676300 -0.689641
vn 0.057346 -0.817300 -0.573393
vn -0.751867 0.610900 -0.248124
vn -0.411183 -0.780000 0.471711
vn -0.388484 -0.865100 0.317350
vn -0.401778 0.666300 0.628052
vn -0.906582 0.173500 0.384737
vn 0.157473 0.987100 -0.028496
vn 0.563069 -0.436700 0.701662
vn 0.850579 0.137800 0.507349
vn -0.468670 -0.624900 -0.624375
vn -0.433951 0.786300 -0.439750
vn 0.249962 -0.795300 0.552180
vn -0.442649 0.058000 -0.894773
vn -0.515269 -0.713600 -0.474681
vn -0.581525 0.773300 -0.252296
vn -0.742604 0.652800 -0.149482
vn -0.795566 0.586200 0.152806
vn -0.646437 0.548600 -0.530189
vn -0.338068 -0.761900 -0.552463
vn -0.079762 0.070700 0.994334
vn -0.717643 0.690000 -0.093833
vn 0.702369 0.689600 0.176423
vn -0.069014 0.993400 -0.090934
vn -0.775625 0.539800 0.327037
vn -0.101753 -0.902900 0.417547
vn -0.224719 -0.826600 -0.515905
vn 0.676277 -0.011200 0.736522
vn 0.552250 -0.210400 -0.806667
vn 0.526017 0.449000 0.722310
vn -0.318410 -0.842000 0.435507
vn -0.504874 -0.216600 0.835517
vn -0.466549 -0.166900 0.868610
vn 0.076933 0.737200 0.671186
vn -0.751584 0.622400 -0.218284
vn -0.194596 0.174500 0.965201
vn 0.194313 -0.002400 0.980899
vn -0.703288 0.498000 0.507278
vn 0.122966 0.933300 -0.337219
vn 0.462872 0.875800 0.136330
vn -0.474964 -0.554900 -0.682994
vn -0.569433 -0.280700 -0.772656
vn 0.209516 0.212600 0.954382
vn -0.891379 0.106800 0.440386
vn 0.377524 -0.388200 -0.840679
vn -0.541715 0.283900 -0.791182
vn -0.737371 0.501000 0.452973
vn 0.478075 -0.877800 0.028638
vn 0.472064 -0.717200 0.512652
vn 0.117168 0.988000 0.100056
vn 0.677338 -0.437900 0.591071
vn 0.450073 -0.827000 -0.336936
vn 0.001344 -0.961400 0.274994
vn -0.184343 0.944000 -0.273438
vn 0.318764 0.930500 0.180312
vn -0.042992 0.998500 -0.032668
vn 0.036487 0.999200 0.014849
vn -0.534997 0.810200 0.239285
vn -0.988960 -0.012300 -0.147502
vn -0.774141 -0.574100 0.266296
vn 0.626567 -0.752100 -0.204142
vn -0.846973 0.516100 -0.127562
vn -0.346977 0.932000 -0.104581
vn -0.593121 0.773900 -0.222032
vn -0.094540 -0.692800 0.714814
vn 0.657751 -0.378100 0.651387
vn -0.000354 0.988600 0.149977
vn 0.405667 0.778600 0.478641
vn 0.643396 0.209000 0.736452
vn -0.461953 0.834000 0.301581
vn -0.763605 0.344000 -0.546381
vn 0.973898 -0.157000 0.163837
vn 0.028426 0.999000 -0.033658
vn -0.594182 -0.362900 -0.717784
vn -0.117804 0.123000 0.985424
vn -0.319824 -0.650100 -0.689217
vn 0.852205 0.304200 0.425678
vn -0.879287 -0.111900 0.462943
vn -0.221183 0.840300 0.494975
vn 0.408637 0.752600 -0.516259
vn 0.843296 -0.535300 -0.047376
vn 0.154079 -0.815600 0.557554
vn -0.316501 0.821900 -0.473620
vn -0.644811 -0.696700 0.314450
vn -0.123814 -0.287100 -0.949857
vn -0.580040 0.360100 -0.730653
vn -0.752574 0.392200 -0.528987
vn -0.804688 0.584400 -0.104793
vn 0.642124 0.762100 -0.082237
vn -0.182575 -0.952300 0.244518
vn 0.313036 -0.389500 0.866135
vn 0.155846 0.908200 0.388343
vn -0.132512 -0.432000 -0.892086
vn 0.587111 0.228700 0.776474
vn -0.435154 -0.026600 -0.900006
vn -0.055084 -0.504000 0.861892
vn -0.186111 0.756400 -0.627062
vn 0.007566 0.998200 -0.059326
vn -0.944695 -0.209800 0.252013
vn -0.981747 -0.024200 -0.188373
vn -0.533653 -0.745700 -0.398879
vn -0.642901 -0.296000 -0.706400
vn -0.074388 -0.756000 0.650255
vn 0.417617 0.629900 0.654781
vn -0.643609 -0.344600 0.683348
vn -0.221607 0.036300 0.974393
vn -0.121764 0.971400 -0.203788
vn 0.164897 0.969100 -0.183141
vn 0.859205 -0.509000 -0.050700
vn -0.090510 0.977800 -0.189080
vn 0.257882 -0.535200 0.804334
vn -0.031042 0.289900 -0.956503
vn -0.190777 -0.462200 -0.865923
vn -0.576080 -0.107200 0.810274
vn 0.223587 -0.028200 0.974252
vn 0.179605 0.976200 -0.121481
vn 0.000707 0.434200 -0.900854
vn -0.966332 -0.256900 -0.010324
vn -0.811971 0.253000 -0.526017
vn -0.070569 0.902400 0.424971
vn -0.687025 0.715600 -0.126431
vn 0.033588 0.978600 -0.203010
vn -0.234901 -0.105000 0.966332
vn 0.934300 -0.312100 -0.172039
vn -0.425678 -0.335300 -0.840467
vn -0.487550 0.694400 -0.529269
vn -0.820951 0.558900 -0.116955
vn -0.374979 0.885200 0.275277
vn 0.021637 0.960400 0.277752
vn -0.890035 0.442200 0.110379
vn -0.120703 -0.441600 -0.889045
vn 0.703218 -0.068500 0.707602
vn -0.509470 0.527100 -0.680166
vn -0.709299 0.704700 -0.014071
vn -0.069014 0.996600 0.044265
vn 0.744583 0.512300 0.427800
vn -0.287156 -0.912800 0.290267
vn 0.474539 0.682600 -0.555715
vn 0.296136 -0.954300 0.038608
vn 0.442649 -0.880700 0.168291
vn -0.578908 -0.484500 -0.655842
vn -0.597293 -0.466600 0.652306
vn -0.077499 -0.040600 0.996172
vn 0.565049 0.202400 0.799808
vn 0.635760 0.009500 0.771807
vn -0.416132 -0.694000 -0.587535
vn -0.290762 -0.215300 0.932250
vn 0.087893 0.063300 0.994121
vn 0.436002 0.770500 0.464993
vn -0.289207 0.956600 -0.035355
vn 0.795778 0.471900 -0.379433
vn 0.441164 0.736300 -0.513006
vn -0.720966 0.692000 -0.036345
vn -0.712269 0.522700 0.468458
vn -0.149129 -0.833400 0.532239
vn 0.118087 -0.980700 0.155422
vn -0.008980 0.499600 -0.866135
vn 0.137391 -0.342000 0.929633
vn -0.206758 0.967600 0.144674
vn 0.546099 -0.003900 0.837709
vn -0.436143 0.133200 -0.889965
vn 0.562221 0.051200 0.825406
vn -0.573817 0.266300 -0.774494
vn -0.784040 0.610100 -0.114268
vn -0.493561 -0.695900 -0.521562
vn 0.601536 0.772300 -0.204142
vn 0.538957 -0.705200 0.460609
vn -0.224931 -0.209800 -0.951554
vn 0.478923 0.854400 -0.201738
vn -0.781494 0.492400 0.383110
vn -0.289136 0.287400 0.913087
vn 0.358291 -0.814700 -0.456013
vn 0.045467 -0.007400 0.998930
vn 0.106632 0.974900 -0.195586
vn -0.715026 0.607300 0.346199
vn -0.769756 0.638000 -0.019940
vn -0.592202 -0.176100 0.786232
vn -0.179959 -0.331900 0.925956
vn -0.343017 0.936400 -0.073610
vn -0.428436 0.896100 0.115753
vn 0.016758 -0.853700 0.520501
vn -0.402344 -0.915100 0.026870
vn -0.172181 -0.974600 -0.143331
vn 0.061943 -0.545500 -0.835800
vn 0.163837 -0.559600 -0.812395
vn 0.988323 -0.126000 0.085489
vn 0.817840 0.571300 -0.067741
vn 0.237093 0.971100 -0.026941
vn -0.106985 0.992000 -0.066539
vn -0.241053 -0.951400 -0.191272
vn -0.013223 0.959800 -0.280368
vn 0.040800 -0.710800 0.702086
vn 0.530825 -0.763800 -0.367059
vn -0.491510 0.867000 -0.081388
vn 0.544260 0.837500 -0.048861
vn 0.640568 0.705100 -0.303844
vn 0.398101 0.683800 -0.611506
vn -0.305894 0.949200 -0.074105
vn -0.070994 -0.736000 0.673166
vn 0.721744 0.686200 0.090298
vn -0.912309 0.253900 -0.321309
vn -0.478499 0.138900 0.866984
vn 0.027153 0.254700 0.966615
vn 0.279095 -0.354800 0.892298
vn -0.231790 0.406200 0.883883
vn 0.534856 0.844100 0.035921
vn -0.423345 0.618800 -0.661640
vn -0.710077 0.624500 -0.325269
vn 0.067458 0.994800 -0.076368
vn -0.118865 0.986200 -0.114905
vn -0.203293 0.930900 -0.303278
vn 0.187171 -0.571300 0.799101
vn 0.000636 -0.996200 0.086196
vn -0.202303 -0.458200 0.865569
vn -0.487833 -0.062700 0.870661
vn 0.951554 0.254700 -0.171898
vn 0.726340 0.625900 0.284116
vn -0.651811 0.714500 0.254134
vn -0.811971 0.450300 -0.371302
vn -0.313531 0.945900 0.083014
vn 0.077782 -0.838900 0.538674
vn -0.001131 0.999500 -0.030830
vn 0.338916 0.911700 0.232002
vn 0.251306 -0.383100 -0.888833
vn -0.992566 0.065400 0.101894
vn -0.712057 -0.636700 0.295853
vn 0.942927 0.024000 0.332128
vn -0.558614 -0.092700 -0.824204
vn -0.176070 -0.793200 -0.582939
vn -0.013576 -0.588900 -0.808082
vn -0.679317 0.620700 0.391384
vn -0.129401 0.318300 0.939038
vn -0.965130 0.256100 0.053245
vn -0.851639 -0.386300 0.354260
vn -0.784181 -0.312500 0.536128
vn -0.705834 0.214900 -0.674863
vn 0.932532 0.350400 -0.087116
vn -0.162352 0.948500 -0.271953
vn 0.077287 0.983500 -0.163412
vn -0.099561 -0.972400 0.211142
vn 0.373565 0.799800 0.469731
vn 0.024254 0.084500 0.996101
vn -0.034436 0.998900 -0.032598
vn -0.114198 -0.535100 -0.837002
vn 0.461811 -0.870700 -0.168645
vn 0.062155 -0.368200 0.927653
vn -0.244871 -0.290000 -0.925108
vn -0.332694 -0.861600 0.383323
vn -0.175645 0.284400 0.942432
vn 0.935149 -0.308100 0.174443
vn 0.001768 0.999600 -0.027506
vn -0.647851 0.407800 -0.643326
vn -0.039527 -0.731300 0.680873
vn -0.173878 0.043200 0.983798
vn -0.398172 -0.492100 -0.774070
vn 0.022557 -0.383000 0.923411
vn 0.005374 0.115600 0.993202
vn -0.408425 -0.282600 0.867903
vn -0.105288 -0.571300 -0.813951
vn -0.893995 -0.400600 -0.200748
vn 0.733906 0.050600 0.677338
vn -0.595879 0.735400 0.322653
vn -0.049215 0.998600 -0.018668
vn -0.173383 0.343300 0.923057
vn 0.099631 0.872800 0.477792
vn -0.427517 -0.893800 0.135623
vn 0.483378 0.865200 -0.132795
vn 0.043558 0.155400 0.986838
vn -0.094894 0.037700 0.994758
vn 0.773080 -0.267600 -0.575090
vn -0.255831 0.956100 -0.142270
vn -0.161857 -0.982000 0.097510
vn -0.686389 -0.539000 -0.488257
vn 0.004313 1.000000 0.005728
vn -0.936351 0.111100 0.333047
vn -0.135411 -0.727700 -0.672388
vn -0.126006 0.982900 -0.134067
vn 0.080186 0.329000 0.940876
vn -0.176847 -0.560600 0.809001
vn -0.046315 -0.986100 0.159170
vn -0.152240 -0.882800 -0.444275
vn -0.052467 -0.830100 -0.555079
vn 0.455872 0.548500 -0.700955
vn 0.176423 -0.364100 -0.914501
vn -0.828163 -0.029700 -0.559604
vn 0.053528 -0.998500 0.000495
vn -0.035426 -0.001600 0.999354
vn -0.812607 0.557400 0.170130
vn -0.181302 0.217300 -0.959120
vn -0.807445 0.246900 0.535775
vn 0.646578 0.762800 -0.010041
vn -0.893642 0.403800 -0.195727
vn 0.842801 0.375400 0.385585
vn -0.888763 0.385400 -0.247982
vn 0.250387 0.947200 0.200182
vn -0.622537 -0.586000 -0.518592
vn -0.833962 0.547900 -0.065054
vn 0.473408 0.830300 0.294086
vn -0.633002 0.772600 -0.047376
vn -0.168362 0.980300 -0.103025
vn -0.361756 -0.738800 0.568514
vn 0.254488 0.339900 0.905309
vn -0.088106 -0.786600 0.611223
vn -0.142977 -0.632600 0.761130
vn -0.715592 -0.577500 -0.392869
vn 0.364514 -0.929500 -0.056074
vn -0.950988 0.227300 0.209374
vn -0.833113 0.427700 0.350442
vn 0.679035 0.521300 0.516824
vn 0.705480 0.696400 0.131168
vn -0.377241 -0.472300 0.796556
vn 0.092207 -0.994500 0.048790
vn -0.222809 0.891500 0.394353
vn -0.139936 0.973300 0.181939
vn 0.224577 -0.974300 0.018385
vn -0.862458 -0.162200 -0.479348
vn 0.322158 -0.452400 0.831558
vn 0.047235 0.320300 0.946109
vn -0.080822 0.751700 0.654569
vn -0.440457 0.770100 0.461387
vn 0.824769 0.560700 -0.072125
vn -0.632931 0.574500 0.518946
vn 0.543270 -0.640900 -0.542280
vn -0.154149 0.033600 0.987404
vn -0.761625 0.261200 -0.593050
vn -0.869388 0.450500 0.202728
vn -0.759008 0.569600 -0.315228
vn -0.005374 0.090300 0.995889
vn 0.634345 -0.314600 0.706046
vn -0.187525 -0.157200 0.969585
vn -0.041295 -0.607900 -0.792950
vn -0.145523 0.386300 0.910754
vn 0.655205 0.281900 0.700884
vn 0.531249 0.715500 0.453750
vn -0.616456 0.776400 -0.130956
vn 0.155422 0.029500 0.987404
vn -0.201030 -0.002900 0.979555
vn -0.315723 -0.460700 0.829507
vn -0.029628 0.691500 0.721744
vn -0.122471 0.861500 -0.492712
vn -0.204071 -0.561300 -0.802001
vn 0.176635 0.040900 0.983444
vn -0.296702 -0.672200 -0.678257
vn 0.496884 0.586400 0.639720
vn 0.797192 -0.104900 -0.594535
vn 0.699258 0.713200 0.048295
vn -0.915067 0.389700 -0.103874
vn -0.464074 0.845700 0.263539
vn -0.154927 -0.070800 0.985353
vn -0.036416 0.970100 -0.239780
vn -0.247134 -0.956900 0.152382
vn 0.295571 -0.943100 0.152028
vn -0.126077 -0.713200 -0.689500
vn 0.077711 0.207900 0.975030
vn -0.895834 0.433200 -0.099490
vn -0.169988 -0.532100 -0.829436
vn -0.831487 0.397100 -0.388555
vn 0.184131 0.530000 0.827739
vn -0.848387 0.494400 0.189222
vn 0.001485 0.979800 -0.199758
vn -0.581171 0.478000 -0.658529
vn -0.555786 0.506500 0.659165
vn -0.190919 0.979100 0.070286
vn 0.156907 0.981000 -0.113773
vn -0.253993 0.951800 0.171968
vn -0.739068 0.185700 0.647568
vn -0.059326 -0.883500 -0.464640
vn 0.222385 -0.772000 -0.595313
vn -0.207889 0.920100 0.331775
vn -0.296914 0.565100 0.769686
vn -0.924471 -0.352500 -0.144957
vn -0.952261 0.166200 0.256043
vn 0.282348 -0.409100 0.867691
vn 0.345917 -0.877700 -0.331633
vn 0.458559 0.881200 0.114763
vn 0.765938 -0.126800 0.630174
vn -0.914148 0.096600 0.393717
vn 0.009687 -0.409700 0.912097
vn 0.202374 -0.176400 0.963221
vn -0.091075 -0.960600 0.262619
vn -0.030335 0.942000 0.334249
vn -0.182221 0.982800 -0.030335
vn 0.514137 -0.776400 0.364372
vn 0.040022 0.110800 0.993061
vn 0.029911 -0.709900 0.703642
vn -0.894419 0.384700 0.228183
vn 0.065549 0.993000 -0.097934
vn -0.239002 -0.512000 0.825052
vn -0.090227 -0.780500 -0.618577
vn -0.295005 -0.791200 -0.535704
vn 0.544755 0.285400 0.788424
vn -0.792384 0.471800 0.386505
vn -0.047800 0.833000 0.551119
vn 0.197071 0.743400 0.639154
vn -0.735815 -0.541200 -0.407011
vn 0.432891 -0.554500 0.710642
vn -0.191343 0.963100 0.189222
vn 0.310137 -0.696400 -0.647144
vn 0.381272 0.827400 -0.412243
vn 0.254063 0.137300 -0.957352
vn 0.446750 -0.812900 -0.373635
vn 0.528067 -0.727900 -0.437275
vn 0.974464 -0.042800 0.220405
vn -0.270327 0.485800 -0.831204
vn 0.883530 -0.462000 -0.076863
vn -0.058195 -0.706700 0.705056
vn -0.964564 0.184700 0.188020
vn 0.150189 0.700800 0.697349
vn -0.243174 0.657500 -0.713117
vn 0.275418 0.061900 0.959332
vn 0.105005 0.985900 -0.130320
vn -0.497025 -0.648500 0.576504
vn 0.411041 0.034700 0.910966
vn -0.702581 -0.676400 -0.220759
vn 0.213051 0.201200 0.956079
vn -0.065337 0.060000 -0.996031
vn -0.133714 0.361100 0.922845
vn 0.007778 0.497300 0.867479
vn 0.461882 0.763100 0.451983
vn -0.770959 0.037200 0.635760
vn -0.911107 0.359700 -0.201313
vn 0.912521 0.002500 -0.408920
vn -0.961807 0.122300 -0.244659
vn -0.820173 -0.441500 -0.363948
vn -0.872994 0.280400 -0.398950
vn -0.842235 0.427500 0.328310
vn -0.547442 0.198500 -0.812890
vn -0.922279 0.326400 0.206829
vn 0.008627 0.999300 0.035921
vn -0.274357 0.621300 -0.733977
vn -0.135128 -0.979200 -0.150967
vn -0.832689 -0.516800 -0.198414
vn -0.020718 -0.942500 -0.333401
vn -0.320107 -0.710500 0.626709
vn -0.706046 -0.231100 0.669418
vn -0.554160 0.832400 -0.002475
vn -0.961736 0.178300 0.208102
vn -0.637174 0.665900 -0.387989
vn -0.960322 0.045400 0.275135
vn 0.055649 0.998000 -0.028214
vn -0.006223 0.994600 -0.103096
vn 0.109814 0.356900 0.927653
vn -0.790970 0.561500 0.242820
vn -0.926593 0.122800 0.355392
vn 0.194313 0.976700 0.090934
vn -0.236598 0.971000 -0.031961
vn 0.064488 -0.975700 -0.209162
vn 0.452407 -0.880500 0.141421
vn -0.942008 0.300600 0.149058
vn -0.113066 -0.691400 0.713541
vn 0.287792 0.527600 0.799172
vn 0.517461 0.843200 0.145381
vn 0.504591 0.573700 0.645164
vn 0.430204 0.564700 0.704278
vn -0.750382 0.655000 -0.088530
vn -0.145593 0.271700 -0.951271
vn -0.878934 0.334900 0.339553
vn -0.300379 0.724600 -0.620274
vn 0.698056 0.011500 0.715875
vn -0.164261 -0.428800 0.888338
vn 0.278883 0.626900 0.727471
vn -0.033375 -0.584300 -0.810769
vn 0.255548 0.004700 0.966756
vn 0.410334 0.000000 0.911956
vn -0.855387 -0.517000 0.030193
vn -0.173312 -0.667800 -0.723865
vn -0.897106 0.211000 0.388131
vn 0.290550 0.210200 0.933452
vn 0.260852 0.325300 0.908844
vn -0.386151 0.509800 -0.768696
vn 0.298187 -0.767400 -0.567595
vn -0.379504 -0.714900 -0.587252
vn -0.259437 0.965500 0.023405
vn -0.678045 -0.611300 0.408213
vn -0.801152 -0.072200 0.593970
vn -0.988111 -0.123800 0.091500
vn 0.083085 0.865000 0.494763
vn -0.208950 0.725600 0.655559
vn 0.116531 -0.650700 0.750240
vn -0.606485 -0.759600 0.234689
vn -0.209445 -0.603700 -0.769049
vn -0.030688 0.796000 -0.604435
vn 0.941513 -0.298000 -0.156766
vn -0.304056 -0.455700 -0.836507
vn 0.131522 -0.062100 0.989384
vn 0.017607 -0.281700 -0.959332
vn -0.897813 0.139100 0.417688
vn -0.059256 -0.460700 0.885581
vn 0.157614 0.727600 0.667580
vn -0.866913 0.422700 0.264034
vn -0.968807 0.144200 0.201455
vn 0.074246 0.045700 0.996172
vn 0.991293 0.105600 0.077994
vn 0.043982 0.991000 -0.126006
vn 0.062296 0.991700 -0.112218
vn -0.017183 -0.745900 -0.665882
vn -0.229739 0.684600 -0.691763
vn -0.981040 -0.169100 -0.094611
vn 0.388414 -0.755400 -0.527714
vn -0.621830 -0.181900 -0.761695
vn -0.263397 -0.348900 -0.899369
vn 0.028072 0.145700 -0.988889
vn -0.629820 0.618100 0.470297
vn -0.662064 -0.559600 0.498440
vn 0.800162 -0.544200 0.251871
vn 0.250528 0.957600 -0.141775
vn -0.676418 -0.658700 -0.329370
vn -0.812607 -0.384700 0.437699
vn -0.834315 0.165900 0.525734
vn 0.493066 0.798700 0.344856
vn -0.499147 0.621100 0.604223
vn -0.873843 0.400600 0.275630
vn -0.443497 -0.872400 -0.205344
vn -0.828729 -0.518600 0.210576
vn -0.521986 0.851700 0.046528
vn 0.635830 -0.159200 0.755190
vn 0.025314 0.998900 0.039598
vn -0.860337 0.300900 0.411465
vn 0.447669 0.870400 0.204990
vn -0.626921 -0.546600 0.555079
vn -0.102460 0.993900 -0.040517
vn 0.035214 0.934400 0.354402
vn 0.727542 -0.041400 0.684833
vn -0.614900 -0.672800 -0.411253
vn -0.534007 0.665300 -0.521703
vn -0.675782 0.606200 0.419385
vn -0.253922 0.582000 0.772514
vn 0.534856 -0.060900 0.842730
vn 0.109672 -0.869400 -0.481610
vn 0.600970 -0.403100 0.690066
vn 0.823992 -0.004000 0.566463
vn 0.086055 0.000000 0.996243
vn 0.112359 0.341100 0.933310
vn 0.461529 0.781100 0.420516
vn -0.825759 -0.127800 -0.549422
vn 0.474186 0.426800 0.770039
vn 0.259296 0.263700 0.929068
vn -0.392091 -0.827200 0.402414
vn -0.954877 -0.176800 -0.238436
vn -0.140290 -0.845000 -0.516047
vn -0.057346 0.998000 0.025385
vn -0.112854 -0.798500 0.591283
vn 0.275418 -0.861000 -0.427587
vn 0.720542 0.517500 0.461458
vn 0.611435 0.490200 0.621052
vn 0.800586 0.137700 0.583080
vn -0.786939 0.464200 0.406374
vn 0.156271 0.181500 0.970858
vn -0.912026 0.409700 0.015698
vn -0.740624 0.550500 0.385090
vn 0.324562 0.771500 0.547159
vn -0.772231 0.274800 -0.572827
vn -0.386363 0.919900 0.067034
vn -0.280509 -0.800700 -0.529269
vn -0.119360 -0.912000 -0.392303
vn 0.522269 -0.119100 0.844427
vn -0.071701 -0.510700 0.856731
vn 0.121976 0.992200 0.025951
vn 0.258306 -0.793000 -0.551755
vn -0.517036 0.643800 0.563988
vn -0.157756 0.942900 -0.293237
vn 0.182646 -0.054600 -0.981676
vn 0.058619 0.123100 -0.990586
vn -0.695652 -0.705300 0.136613
vn -0.252366 0.416800 -0.873206
vn -0.412102 0.849500 0.329512
vn -0.078277 -0.290400 -0.953675
vn -0.329936 0.601500 -0.727613
vn 0.106420 0.173900 0.978989
vn 0.865569 0.448900 0.221961
vn 0.329865 -0.909300 -0.253639
vn 0.634699 -0.771800 -0.039032
vn 0.005233 0.999900 -0.010889
vn 0.075731 -0.735400 0.673378
vn -0.776403 0.630100 0.001980
vn 0.441517 -0.679500 -0.585909
vn -0.876883 0.121300 -0.465064
vn -0.420729 0.892600 0.161645
vn 0.627840 0.214400 0.748190
vn 0.164685 -0.641700 0.749038
vn -0.735532 0.553000 -0.391313
vn -0.625577 0.750500 0.213193
vn -0.616031 0.747600 -0.248053
vn -0.701026 0.643400 0.307450
vn 0.126784 -0.404700 0.905592
vn -0.667085 0.323000 -0.671327
vn 0.044689 -0.735900 -0.675570
vn -0.186605 0.960900 -0.204566
vn 0.156766 -0.007000 0.987616
vn 0.871863 0.031700 0.488752
vn -0.530118 -0.834400 -0.150684
vn 0.019304 0.988000 0.152947
vn 0.926876 -0.357200 -0.115117
vn -0.737937 0.343600 0.580818
vn 0.444699 -0.155900 0.881974
vn -0.200253 -0.978800 -0.042709
vn -0.604718 0.765600 0.219345
vn -0.675994 0.545900 -0.494833
vn 0.061801 0.990100 -0.125865
vn 0.512016 0.548000 0.661498
vn 0.993909 -0.026300 0.106490
vn -0.457427 -0.566600 0.685399
vn 0.068024 -0.837900 -0.541502
vn -0.003111 0.746900 -0.664963
vn 0.178757 0.218900 0.959261
vn 0.342523 -0.708600 -0.616880
vn 0.573322 -0.542100 -0.614334
vn 0.763675 0.103900 0.637103
vn 0.182363 -0.299800 0.936422
vn -0.522976 0.695500 0.492712
vn -0.327320 -0.403100 -0.854539
vn -0.905167 0.414900 -0.091712
vn -0.724502 0.271600 -0.633568
vn 0.725774 0.676200 0.126148
vn 0.416415 0.763900 0.493066
vn -0.580535 -0.620600 -0.527077
vn 0.060387 0.992400 -0.107339
vn -0.061801 0.324800 0.943705
vn 0.258306 0.758900 -0.597859
vn 0.452760 0.061100 0.889470
vn -0.589444 0.444000 0.674721
vn 0.998435 -0.052200 0.020365
vn 0.306248 -0.528200 0.791889
vn -0.298540 0.944400 -0.137744
vn 0.260427 0.539000 0.800940
vn 0.342452 0.167900 0.924401
vn -0.345917 0.258300 -0.901985
vn 0.209940 0.946200 0.246002
vn 0.003111 0.380300 0.924896
vn 0.025597 0.998800 0.040022
vn -0.019445 -0.839900 -0.542280
vn -0.374272 -0.639200 0.671822
vn -0.519016 0.829500 -0.206051
vn 0.497520 0.477400 0.724219
vn -0.230941 0.643400 -0.729876
vn 0.028143 0.184800 0.982313
vn 0.010607 0.997200 -0.073539
vn 0.719198 0.689300 0.087469
vn 0.081459 0.713900 0.695510
vn 0.640497 0.565800 0.519299
vn 0.808647 0.460900 0.365433
vn -0.780363 0.012500 -0.625224
vn 0.205061 -0.885900 0.416062
vn -0.157119 0.957200 -0.243103
vn -0.087116 -0.696200 -0.712481
vn 0.292035 0.447200 0.845417
vn 0.571413 0.765300 0.296207
vn 0.305046 -0.519700 0.798041
vn -0.480550 0.759000 0.439255
vn -0.003253 0.205500 -0.978636
vn -0.549917 0.635200 -0.542280
vn -0.463862 0.820000 0.335310
vn -0.477721 0.771700 0.419739
vn 0.047376 -0.067100 0.996596
vn 0.684126 -0.565000 -0.461104
vn -0.425537 0.212100 -0.879641
vn -0.530047 0.015200 -0.847821
vn -0.909410 0.295500 -0.292530
vn 0.835235 -0.116500 0.537401
vn 0.759079 -0.381800 0.527290
vn -0.533017 0.456800 -0.712198
vn -0.005728 0.999800 0.018314
vn -0.371160 0.010000 0.928502
vn -0.556705 0.794600 -0.242184
vn -0.205980 0.537400 0.817769
vn 0.634840 0.297500 0.713046
vn -0.100338 0.473700 -0.874903
vn -0.113137 -0.872300 -0.475600
vn 0.540583 0.724100 0.428295
vn -0.377807 0.924600 0.047871
vn -0.369534 -0.927100 -0.063357
vn -0.288358 -0.083600 0.953887
vn 0.503531 -0.659900 -0.557554
vn -0.258730 0.574500 0.776474
vn 0.308581 -0.066800 0.948796
vn 0.159170 0.325400 0.932037
vn 0.024749 0.994000 -0.106349
vn -0.488540 0.484800 -0.725421
vn -0.532098 0.105200 -0.840114
vn 0.250599 -0.956500 0.149482
vn -0.727966 0.235700 -0.643821
vn 0.923976 0.324300 0.202586
vn -0.854609 -0.352000 -0.381838
vn -0.083014 0.695500 0.713612
vn -0.317986 0.664800 -0.675923
vn 0.402556 -0.849300 -0.341320
vn -0.120491 -0.415800 -0.901420
vn 0.405384 -0.522300 0.750170
vn -0.134280 -0.797300 -0.588384
vn 0.194313 0.971900 -0.132653
vn -0.487409 -0.872600 0.030335
vn 0.293591 0.900700 -0.320319
vn -0.559534 0.773100 -0.298611
vn -0.822294 0.480200 -0.305258
vn -0.665387 0.705800 0.242962
vn 0.887843 0.214100 0.407152
vn -0.683136 0.727800 -0.059751
vn -0.872075 0.101200 -0.478782
vn 0.128623 -0.553400 -0.822860
vn -0.048508 0.248700 -0.967322
vn 0.091712 -0.814400 -0.572969
vn -0.247558 -0.864000 -0.438477
vn 0.007212 0.998700 -0.048932
vn 0.005586 0.999800 -0.018880
vn -0.015556 -0.960200 -0.278600
vn 0.682782 -0.623900 0.379999
vn 0.296843 0.243300 0.923340
vn -0.626709 -0.079300 -0.775201
vn -0.492500 0.848200 -0.195091
vn 0.635972 0.300500 0.710784
vn 0.701733 0.141400 0.698197
vn 0.786161 0.393100 0.476873
vn 0.635123 0.696500 0.333754
vn -0.313743 0.647300 0.694591
vn 0.999071 -0.043600 -0.002758
vn -0.632507 0.224700 -0.741260
vn 0.018526 0.865400 -0.500773
vn 0.029486 -0.685700 -0.727259
vn 0.729451 0.424900 0.536128
vn -0.406445 0.863600 0.298399
vn -0.622961 0.773800 0.114693
vn -0.824487 0.565100 -0.029981
vn -0.855175 0.216700 -0.470933
vn -0.635194 0.366400 -0.679883
vn -0.209021 0.349500 0.913299
vn -0.217223 0.974400 0.057983
vn 0.271741 0.483700 0.831911
vn -0.285176 0.121700 -0.950705
vn -0.796768 0.196500 -0.571342
vn 0.276479 0.859500 0.429921
vn 0.563069 0.733300 0.381060
vn -0.579333 0.736600 -0.348957
vn 0.260427 0.917000 -0.302147
vn 0.423486 0.246400 0.871792
vn 0.705763 -0.514500 -0.486984
vn 0.133431 0.989000 -0.063427
vn -0.469802 -0.683100 -0.559180
vn 0.360554 -0.881600 -0.304551
vn -0.406940 -0.839400 0.360271
vn -0.006930 -0.732900 -0.680237
vn -0.521633 0.817400 -0.244447
vn -0.472842 0.197800 0.858640
vn 0.059751 -0.288600 0.955513
vn 0.485500 -0.720700 -0.494833
vn -0.297975 0.947800 -0.113844
vn -0.434022 0.887600 0.154291
vn -0.851427 -0.255300 0.457993
vn -0.408213 -0.310600 0.858357
vn -0.757877 0.062600 0.649407
vn -0.539452 0.446100 -0.714107
vn 0.834740 0.252000 0.489530
vn 0.155917 -0.751700 -0.640709
vn 0.227476 0.024600 -0.973474
vn 0.529764 -0.493800 -0.689571
vn -0.202303 -0.006500 0.979272
vn 0.007990 -0.001400 -0.999920
vn 0.154008 0.985100 -0.076226
vn -0.583575 -0.750600 0.309925
vn 0.098641 -0.556900 -0.824699
vn 0.408142 0.218900 0.886288
vn -0.389262 0.900400 0.194384
vn 0.089803 0.151700 -0.984293
vn 0.394707 -0.588900 0.705268
vn -0.369110 0.548500 0.750240
vn -0.745998 -0.494700 0.445760
vn -0.982878 -0.161000 0.089520
vn -0.528350 -0.792000 0.305894
vn 0.674156 0.587200 0.447881
vn -0.957918 -0.240900 -0.155776
vn 0.953251 0.125000 0.275135
vn 0.789626 0.166600 0.590505
vn 0.458205 -0.201000 0.865782
vn -0.883389 -0.007200 0.468600
vn 0.005233 -0.705900 -0.708238
vn -0.727684 0.076600 0.681580
vn -0.500985 -0.401900 0.766433
vn 0.435083 0.523100 0.732775
vn 0.860620 0.167200 0.480903
vn 0.551473 0.168700 0.816920
vn 0.340260 0.510100 0.789980
vn -0.613627 0.334700 -0.715168
vn 0.934654 -0.355400 0.005657
vn 0.058831 0.997600 -0.036911
vn 0.682924 -0.695700 0.222739
vn -0.013789 0.964400 -0.263963
vn 0.227971 -0.889500 -0.395980
vn 0.254558 -0.925900 -0.278883
vn 0.114056 -0.652400 -0.749180
vn -0.181161 -0.733400 0.655205
vn -0.711774 0.338800 -0.615324
vn 0.002970 0.998300 -0.057558
vn -0.935432 -0.340100 -0.096520
vn 0.685540 0.722800 0.086762
vn -0.634275 -0.203500 0.745856
vn -0.724502 -0.488700 0.486065
vn -0.518097 0.044700 0.854114
vn 0.465559 0.320100 0.825052
vn 0.513784 -0.303200 0.802566
vn 0.702793 -0.684300 -0.194384
vn -0.669984 0.313600 -0.672812
vn -0.191343 -0.708400 0.679388
vn 0.092277 0.900200 0.425608
vn 0.216445 0.904300 -0.367908
vn -0.128764 -0.923800 0.360554
vn 0.034365 0.998100 -0.049922
vn -0.339553 -0.398400 -0.852064
vn 0.630527 -0.212200 0.746634
vn -0.339199 -0.320200 0.884520
vn 0.155776 0.379800 0.911814
vn -0.004101 -0.777100 -0.629325
vn -0.728674 0.604800 -0.321097
vn -0.616385 0.732500 -0.288995
vn 0.137815 -0.978300 -0.154361
vn -0.503955 0.668400 0.546947
vn 0.862741 0.361500 0.353624
vn -0.951412 0.239400 0.193394
vn -0.319824 -0.742700 -0.588242
vn -0.450781 -0.874500 0.178686
vn -0.142270 -0.918100 0.369817
vn 0.063993 -0.238500 -0.968948
vn 0.493066 0.320700 0.808718
vn -0.726623 0.556400 -0.402909
vn 0.621759 -0.415500 0.663903
vn 0.414789 -0.606300 0.678540
vn -0.571767 0.679300 -0.459902
vn -0.553240 0.694500 -0.459902
vn 0.622466 -0.234500 0.746634
vn 0.427092 -0.537700 -0.726906
vn 0.115188 0.593200 0.796697
vn -0.047871 0.654600 0.754412
vn -0.630032 0.194700 0.751796
vn 0.080398 0.692100 -0.717360
vn -0.989949 0.055500 0.129966
vn 0.196434 -0.505400 -0.840184
vn 0.622183 0.272200 0.734048
vn 0.845417 0.021300 0.533724
vn 0.345917 -0.530200 -0.773999
vn 0.765443 -0.157800 0.623880
vn -0.459054 0.878900 -0.129401
vn -0.674014 0.379700 -0.633568
vn -0.637386 0.404400 -0.655912
vn -0.801364 0.318300 -0.506359
vn 0.435083 -0.742500 0.509188
vn 0.868893 0.404700 0.284823
vn -0.512087 0.803600 -0.303207
vn -0.888409 0.295600 -0.351149
vn -0.336300 0.936800 0.096732
vn -0.608678 0.185600 -0.771453
vn -0.786091 -0.617500 -0.026941
vn 0.013576 0.997400 -0.069862
vn 0.916835 0.335000 0.217223
vn -0.081529 0.996600 0.010394
vn 0.097156 -0.823300 -0.559180
vn 0.584212 0.502800 0.637103
vn 0.565473 -0.324500 0.758231
vn -0.447386 0.394000 0.802920
vn -0.156553 -0.742100 0.651670
vn -0.705622 0.325400 -0.629396
vn -0.973191 0.103300 -0.205273
vn 0.162705 0.986000 -0.035850
vn -0.922704 0.363300 -0.128764
vn -0.508975 0.481700 0.713329
vn -0.166170 -0.986100 0.001131
vn -0.696005 0.598700 -0.396475
vn 0.790050 0.490400 0.367766
vn -0.014849 0.999600 0.022486
vn -0.376464 0.341900 0.860973
vn -0.613132 -0.653300 0.444134
vn -0.504379 0.058900 -0.861468
vn 0.654144 -0.041400 0.755261
vn -0.379928 0.554700 -0.740270
vn 0.040164 -0.996600 0.071559
vn 0.601606 0.567200 -0.562433
vn 0.665246 0.652200 0.363311
vn -0.704066 0.709500 0.028638
vn -0.183353 0.964200 0.191555
vn 0.999566 0.020800 -0.017819
vn -0.279944 -0.452700 0.846478
vn -0.442437 -0.526300 0.726128
vn -0.057417 0.998200 0.016971
vn -0.293379 0.338900 0.893854
vn -0.969443 0.208500 0.129542
vn 0.229244 -0.812100 0.536553
vn 0.504309 0.083400 -0.859418
vn 0.154291 0.689100 -0.708097
vn 0.479418 0.847800 -0.226557
vn -0.191414 0.037500 -0.980828
vn 0.557271 0.402600 0.726128
vn 0.921926 -0.000200 0.387212
vn -0.271317 -0.887300 0.372999
vn 0.390606 -0.398900 -0.829578
vn 0.987828 0.072800 0.136896
vn 0.152735 -0.033100 -0.987687
vn 0.678893 0.042100 0.733058
vn -0.016688 -0.695800 0.717996
vn 0.153725 0.936700 -0.314521
vn 0.491863 0.686100 -0.535987
vn 0.128481 -0.991600 0.008556
vn -0.488681 0.563700 0.665882
vn -0.266014 -0.718600 0.642477
vn 0.629679 -0.564600 -0.533653
vn 0.482035 0.198100 0.853407
vn 0.432184 0.824800 -0.364584
vn 0.603940 0.773300 -0.192969
vn 0.713683 0.546700 -0.437911
vn 0.857296 0.131200 -0.497803
vn 0.090863 -0.355900 -0.930058
vn 0.771312 -0.177100 0.611223
vn 0.405384 0.614800 0.676489
vn -0.445336 -0.763300 0.467963
vn -0.678328 0.280400 -0.679176
vn -0.477297 0.069700 -0.875964
vn -0.489318 0.221300 -0.843578
vn -0.510814 0.846400 0.150614
vn -0.466196 0.878400 0.104581
vn 0.031396 0.999000 -0.030971
vn -0.888197 0.406800 -0.213476
vn -0.411607 0.136700 0.901066
vn 0.007849 -0.578700 0.815506
vn 0.581807 0.696300 0.420163
vn 0.696571 -0.369400 -0.615112
vn -0.386575 -0.701500 0.598707
vn 0.405879 -0.286600 -0.867761
vn -0.139583 0.868200 0.476166
vn -0.127916 0.415300 0.900642
vn -0.600334 -0.266600 0.753917
vn 0.787929 0.613900 -0.047305
vn -0.347897 -0.820000 0.454387
vn -0.461741 -0.853900 0.239851
vn -0.298046 0.435000 -0.849589
vn -0.837922 0.203700 -0.506288
vn 0.661357 0.634600 0.399869
vn -0.387919 -0.879500 0.275489
vn 0.001768 0.995400 -0.096096
vn 0.141846 0.977000 -0.159099
vn 0.084853 -0.994200 0.065195
vn 0.338138 0.932300 -0.127845
vn 0.736876 -0.506100 -0.448094
vn -0.225214 -0.066000 0.972060
vn 0.458134 0.265900 -0.848175
vn 0.612849 0.401700 0.680449
vn -0.115683 0.992100 0.048225
vn -0.419385 0.811600 0.406657
vn 0.049639 0.987800 -0.147785
vn 0.657892 -0.463800 0.593263
vn -0.317915 -0.309500 -0.896187
vn -0.585767 0.536000 -0.607970
vn -0.977080 -0.109700 -0.182292
vn -0.475741 0.497100 -0.725633
vn 0.892227 -0.265600 0.365291
vn 0.682782 -0.248800 -0.686884
vn 0.656619 -0.722200 0.217223
vn -0.138522 0.978300 -0.154079
vn 0.308440 0.950300 0.042568
vn -0.097651 0.760000 -0.642548
vn -0.000919 0.998800 -0.048861
vn 0.155210 0.810400 -0.564908
vn 0.543482 0.479400 0.689005
vn -0.712764 0.637200 -0.293308
vn -0.421082 0.782100 -0.459266
vn 0.738573 -0.258300 0.622749
vn -0.328168 0.893600 0.306107
vn 0.745078 -0.297600 0.596869
vn 0.608395 -0.274400 0.744725
vn 0.751513 -0.603400 -0.266862
vn 0.453255 -0.690000 -0.564271
vn -0.554655 -0.379900 0.740199
vn -0.550553 0.196400 0.811334
vn -0.247205 -0.837100 0.487904
vn 0.597293 0.302200 0.742957
vn -0.590151 0.689600 -0.419597
vn -0.283762 0.912500 -0.294510
vn -0.083439 0.989100 -0.121198
vn -0.424900 0.523900 -0.738149
vn 0.828093 0.138000 0.543270
vn 0.943917 0.031300 0.328734
vn 0.225567 0.210400 -0.951200
vn 0.783474 -0.132600 0.607122
vn 0.095672 0.063600 -0.993414
vn 0.111016 -0.496500 0.860832
vn 0.714036 -0.521700 -0.466832
vn 0.060175 0.852700 0.518804
vn 0.507632 -0.854500 -0.109672
vn 0.507986 0.860000 0.048790
vn 0.080257 0.995000 -0.059892
vn -0.005091 0.999000 0.043558
vn 0.668640 0.222800 0.709370
vn -0.059892 -0.790900 0.608890
vn -0.598495 -0.788700 0.140149
vn 0.223092 -0.838100 -0.497874
vn 0.135552 -0.682300 -0.718350
vn -0.414011 -0.677400 -0.608041
vn 0.527785 -0.636200 -0.562716
vn 0.670620 -0.158100 -0.724784
vn -0.375969 0.640100 -0.669984
vn 0.440245 -0.807200 0.393010
vn -0.744654 0.479800 -0.463933
vn -0.814021 -0.573600 -0.090934
vn 0.139795 0.977800 0.156341
vn 0.012374 0.960600 0.277681
vn 0.791465 0.361000 0.493207
vn 0.641629 -0.723900 -0.253427
vn 0.286732 -0.691900 -0.662488
vn -0.541927 0.133300 -0.829719
vn 0.709723 -0.617300 0.339341
vn -0.350442 0.804100 0.480126
vn -0.389545 -0.785800 0.480338
vn -0.122400 -0.113800 -0.985919
vn -0.041507 0.840700 -0.539876
vn -0.170059 0.985200 0.020153
vn 0.859771 -0.277300 0.428860
vn 0.200394 0.971400 -0.126996
vn -0.000071 0.997900 -0.065125
vn 0.396475 -0.737000 -0.547371
vn 0.274428 0.960400 -0.047588
vn -0.589303 -0.584700 0.557483
vn -0.924401 -0.361600 0.121269
vn 0.760423 -0.375100 0.530189
vn -0.079832 0.869400 0.487550
vn 0.223516 0.630200 -0.743523
vn 0.865569 -0.500400 0.017324
vn -0.532381 0.242100 -0.811122
vn -0.066468 -0.822800 0.564413
vn 0.855953 -0.166100 -0.489671
vn -0.276903 0.930300 -0.240558
vn 0.548998 0.834100 -0.053599
vn 0.886217 0.213500 0.411041
vn 0.263539 -0.293000 -0.919027
vn 0.253710 -0.231800 -0.939038
vn 0.652801 0.489000 0.578555
vn 0.145240 0.615300 0.774848
vn 0.134845 0.643100 0.753847
vn 0.326754 -0.913400 0.242891
vn -0.144250 0.620100 0.771171
vn -0.139583 0.403500 -0.904248
vn 0.308723 0.229900 -0.922916
vn -0.239709 0.791200 0.562574
vn 0.697561 0.698800 0.158604
vn 0.069579 -0.997300 -0.022910
vn 0.081671 -0.995900 -0.038537
vn 0.735320 -0.628400 -0.253639
vn 0.527855 -0.771000 -0.356311
vn -0.072408 0.005300 -0.997303
vn 0.026587 -0.419300 -0.907501
vn 0.145381 -0.451000 -0.880631
vn 0.708875 -0.553500 -0.437204
vn -0.108541 0.458400 -0.882116
vn -0.099985 0.934100 -0.342523
vn 0.326471 -0.287300 -0.900500
vn -0.781565 -0.336700 0.525027
vn -0.672459 0.200000 -0.712622
vn -0.501622 0.462000 -0.731431
vn 0.550624 -0.653000 0.519936
vn -0.841881 0.399600 -0.362463
vn -0.033588 0.904300 0.425608
vn -0.254912 0.681800 0.685681
vn 0.641841 0.538900 0.545533
vn -0.310278 -0.699900 0.643326
vn -0.397960 -0.897100 0.192050
vn -0.839548 0.475400 0.262973
vn 0.124946 0.991800 0.025102
vn 0.960322 -0.032300 0.276974
vn 0.988465 0.007500 0.151250
vn 0.879853 -0.215300 -0.423628
vn 0.375474 -0.305600 -0.874974
vn 0.608041 -0.499000 0.617516
vn 0.919805 0.231000 0.317067
vn 0.541573 -0.401100 -0.738714
vn -0.214819 0.179900 -0.959968
vn 0.885086 0.445800 0.133714
vn 0.744583 -0.605100 0.281711
vn -0.591919 0.625000 -0.508905
vn 0.142553 0.982900 -0.115966
vn 0.312117 -0.947300 0.072549
vn 0.568655 0.653700 0.499359
vn 0.351573 -0.875300 -0.331916
vn -0.959685 0.000000 -0.281146
vn -0.433951 -0.675700 0.595879
vn 0.014071 0.998400 -0.055366
vn -0.600899 -0.034400 -0.798606
vn -0.739917 -0.647100 0.183565
vn -0.627911 0.306300 -0.715451
vn 0.180383 0.487600 -0.854256
vn -0.363241 0.605600 -0.708026
vn 0.716370 -0.694100 0.069933
vn 0.481823 -0.307400 -0.820527
vn 0.672459 -0.423900 -0.606698
vn -0.490237 -0.699800 0.519511
vn 0.419456 0.174000 -0.890955
vn 0.052397 0.947000 -0.316855
vn 0.584070 0.591100 0.556210
vn 0.661216 -0.704700 -0.257316
vn -0.375615 -0.743600 0.553099
vn -0.048508 0.992800 -0.109602
vn 0.422921 -0.180300 -0.888055
vn -0.523542 -0.831100 0.187242
vn 0.645730 -0.494100 -0.582090
vn -0.705056 -0.651100 0.280792
vn -0.480620 0.758200 -0.440457
vn 0.098783 0.993100 -0.062720
vn 0.432396 0.036700 0.900925
vn -0.131098 0.858100 -0.496389
vn 0.117309 0.967900 -0.222102
vn -0.500278 0.861100 -0.089873
vn 0.280439 -0.902200 0.327532
vn 0.830285 -0.417100 -0.369534
vn -0.019658 0.913100 -0.407152
vn 0.377171 0.708300 0.596657
vn 0.330855 0.441600 0.833891
vn 0.856731 0.413700 0.308016
vn 0.581100 -0.539300 -0.609385
vn -0.064912 0.680600 0.729734
vn 0.108470 0.993100 0.043841
vn -0.390535 -0.852500 0.347543
vn -0.160867 0.508600 -0.845770
vn 0.537613 -0.534400 0.652165
vn 0.050770 0.181800 0.982030
vn -0.203647 0.801500 -0.562150
vn 0.012657 0.968200 -0.249821
vn 0.035638 0.998700 0.036911
vn 0.602314 0.796000 0.059538
vn 0.249255 -0.708300 -0.660367
vn -0.495470 -0.632100 0.595737
vn -0.383252 0.910600 0.154574
vn 0.874479 -0.134300 0.466054
vn -0.572403 -0.685100 0.450498
vn 0.054023 0.998300 0.022062
vn 0.912097 -0.065900 0.404677
vn 0.861327 -0.381600 0.335239
vn -0.138169 0.730300 0.668923
vn -0.271741 0.710900 0.648629
vn -0.364726 -0.537100 -0.760564
vn 0.378161 0.881800 -0.281711
vn 0.927936 0.308600 0.209091
vn 0.620486 0.674700 0.399727
vn 0.357655 -0.672700 -0.647710
vn 0.023405 -0.999700 -0.005869
vn -0.267004 0.000000 0.963645
vn 0.431194 0.000000 -0.902268
vn 0.035285 0.998200 -0.047871
vn 0.570352 -0.679100 -0.462024
vn -0.542775 0.539000 -0.644174
vn 0.918320 -0.395700 0.001485
vn 0.603586 0.474300 0.640922
vn 0.756039 0.221300 0.616031
vn 0.098641 -0.118500 -0.988040
vn 0.511945 -0.732300 -0.449013
vn -0.251659 -0.947200 0.198768
vn -0.070216 0.490100 -0.868822
vn 0.067599 0.971500 -0.227123
vn 0.231860 0.942700 -0.239921
vn 0.657963 -0.753000 -0.003041
vn 0.416132 -0.859800 -0.295783
vn -0.052397 0.997800 -0.041083
vn 0.257104 0.641600 -0.722663
vn 0.930835 -0.206000 0.301652
vn -0.194384 0.202000 -0.959897
vn 0.060811 0.955100 0.289914
vn -0.197778 0.881900 0.427870
vn 0.542139 0.783500 0.303561
vn 0.652377 -0.608300 -0.452124
vn 0.415072 -0.668500 -0.617021
vn -0.534714 0.397700 -0.745573
vn -0.676701 -0.687800 -0.262761
vn 0.948937 -0.300500 -0.095884
vn 0.254983 0.624000 -0.738644
vn 0.000424 0.996800 -0.079762
vn 0.839901 0.532300 -0.105642
vn 0.991929 -0.056700 0.113420
vn 0.741048 0.587500 -0.324845
vn -0.244518 -0.535700 0.808223
vn 0.253993 -0.614400 -0.746988
vn -0.493561 -0.773400 0.397818
vn 0.715592 0.181400 0.674438
vn -0.192474 0.842100 -0.503743
vn -0.523966 0.793400 -0.309713
vn 0.957705 -0.077100 -0.277044
vn 0.864509 0.502300 -0.019375
vn -0.205768 0.903100 0.376888
vn -0.664539 -0.633400 0.396545
vn 0.759928 -0.645600 0.075590
vn 0.527643 -0.077800 -0.845841
vn 0.866135 0.473200 0.160584
vn -0.364655 0.920300 0.141068
vn -0.111440 0.915900 0.385515
vn -0.109248 0.867400 0.485429
vn 0.945119 -0.284400 -0.160796
vn -0.022981 0.613900 -0.788919
vn -0.321026 0.942600 -0.091641
vn 0.757382 0.156800 0.633780
vn -0.001838 0.999600 0.028567
vn -0.089378 0.875200 0.475317
vn 0.065337 0.379600 -0.922774
vn 0.981394 -0.191200 -0.016051
vn 0.094611 0.820000 0.564413
vn 0.688298 0.381900 0.616739
vn 0.389050 0.257100 -0.884591
vn 0.994121 0.077700 0.075165
vn 0.545109 -0.829800 -0.119147
vn 0.975242 -0.219200 0.027719
vn 0.595030 -0.470300 -0.651740
vn 0.003111 1.000000 0.003253
vn -0.086762 0.976700 -0.196364
vn 0.587464 -0.018600 -0.809072
vn 0.939957 0.005300 0.341179
vn 0.005869 -0.999200 -0.038820
vn 0.202374 0.888500 -0.411819
vn -0.382403 0.781300 -0.493278
vn 0.491086 0.170300 -0.854256
vn 0.019799 0.169800 0.985283
vn 0.049780 0.392300 -0.918390
vn 0.713895 -0.460900 -0.527077
vn 0.922986 0.273500 -0.270610
vn -0.590929 -0.639800 0.491369
vn -0.406799 -0.822900 0.396616
vn 0.858145 -0.111600 0.501056
vn 0.610021 0.764800 -0.207253
vn 0.757736 0.638000 -0.137037
vn -0.655983 -0.645500 0.391101
vn -0.874196 0.290000 -0.389404
vn 0.929280 -0.298000 0.218072
vn 0.841598 -0.502300 0.198273
vn 0.414365 0.383500 0.825335
vn -0.172463 0.355000 -0.918744
vn -0.183918 -0.043400 -0.981959
vn 0.198061 0.568300 -0.798677
vn 0.787929 0.526400 -0.319542
vn 0.895268 0.409700 -0.174868
vn 0.275489 -0.506100 -0.817274
vn -0.778737 -0.518700 0.352917
vn -0.181161 -0.864200 0.469377
vn 0.813244 -0.383000 -0.438053
vn 0.790616 -0.229600 -0.567595
vn 0.937624 0.346800 -0.020930
vn -0.076226 0.997100 0.004808
vn -0.091570 0.590700 0.801647
vn -0.014991 0.998500 -0.052043
vn 0.868681 -0.487400 0.088035
vn 0.423911 -0.750700 -0.506642
vn 0.580959 0.353600 -0.733128
vn -0.631234 0.364300 -0.684691
vn -0.056286 -0.769600 -0.635972
vn 0.266509 0.528300 -0.806172
vn 0.168362 -0.606700 -0.776898
vn 0.499924 0.603400 -0.621264
vn -0.302712 0.055100 -0.951412
vn 0.901420 -0.121600 0.415496
vn -0.157261 0.974800 -0.157968
vn 0.048932 0.898400 0.436426
vn 0.703076 -0.695600 0.147290
vn 0.429567 0.412600 -0.803203
vn 0.841316 0.287400 0.457640
vn 0.033870 0.999400 0.000919
vn 0.315016 0.929700 -0.190707
vn 0.311905 0.873100 -0.374554
vn -0.639578 -0.641400 0.423628
vn -0.606698 -0.549800 0.574171
vn 0.160513 0.881900 0.443215
vn 0.496955 0.773100 0.394141
vn 0.834245 0.316200 -0.451700
vn -0.056851 0.916200 -0.396545
vn 0.018173 0.997600 0.066963
vn 0.529411 -0.509300 -0.678469
vn 0.012445 -0.999800 -0.012445
vn -0.919522 0.276200 0.279590
vn 0.000071 -1.000000 -0.000071
vn 0.956715 -0.000400 -0.291045
vn 0.073186 -0.718900 -0.691197
vn 0.235820 -0.646600 -0.725421
vn -0.152735 -0.665100 0.731007
vn 0.778595 0.298500 0.551897
vn 0.394141 0.851000 -0.347048
vn -0.835730 -0.428000 0.344007
vn -0.695652 -0.561300 0.448306
vn 0.960746 -0.248700 0.123107
vn 0.821729 0.233100 -0.519936
vn 0.745715 -0.636600 0.196293
vn -0.648205 -0.480500 0.590646
vn 0.240346 0.725400 -0.644952
vn 0.762049 0.267200 0.589798
vn 0.879853 0.367900 -0.300733
vn 0.728108 0.413600 -0.546523
vn 0.945260 0.247200 -0.212698
vn 0.852841 0.439900 -0.281358
vn -0.453043 0.865400 -0.213758
vn -0.043699 0.889000 0.455660
vn 0.621264 -0.644300 -0.445902
vn -0.040305 0.998800 -0.026729
vn -0.910400 0.021400 -0.413162
vn -0.540088 -0.838100 0.076368
vn 0.993273 0.017700 -0.113915
vn 0.604223 0.565200 -0.561655
vn 0.925673 0.378300 -0.008132
vn 0.662347 0.503600 -0.554584
vn -0.785384 -0.453800 0.420941
vn 0.252508 0.925900 -0.280934
vn 0.792525 0.607600 -0.051195
vn 0.156553 0.224400 -0.961807
vn 0.821658 -0.303800 -0.482105
vn -0.761271 -0.379200 0.525946
vn 0.647286 -0.628100 -0.431759
vn 0.413728 -0.714700 -0.563918
vn 0.130249 0.845800 -0.517319
vn 0.860337 0.502200 -0.087752
vn 0.675923 0.609600 0.414011
vn 0.796202 0.304600 -0.522693
vn 0.271458 0.634100 -0.724007
vn 0.301015 0.836900 -0.457003
vn -0.547583 -0.680800 0.486348
vn -0.468317 -0.473800 0.745786
vn 0.318198 -0.691500 -0.648417
vn -0.591000 -0.800400 0.100551
vn -0.754059 -0.457000 0.471640
vn 0.285105 -0.813500 -0.506854
vn 0.851286 0.106800 0.513572
vn 0.429850 0.274200 -0.860195
vn 0.868256 0.397300 -0.297056
vn 0.821941 0.227400 0.522128
vn 0.094964 0.824800 -0.557412
vn 0.042144 0.995800 -0.080893
vn -0.104228 0.566400 0.817415
vn 0.283479 0.837200 -0.467610
vn -0.537048 -0.494700 -0.683277
vn 0.264104 -0.951400 0.158463
vn 0.716511 0.006700 0.697561
vn 0.327956 -0.117300 -0.937341
vn 0.984081 -0.039300 0.173453
vn 0.942503 0.219300 -0.252225
vn 0.245083 -0.945000 -0.216516
vn 0.125087 -0.920100 -0.371160
vn 0.014708 0.737900 -0.674721
vn -0.196151 0.374800 -0.906087
vn 0.903470 0.033900 -0.427163
vn -0.310066 0.635500 -0.707036
vn 0.715804 0.247000 -0.653155
vn 0.181797 0.968100 -0.172181
vn 0.883601 0.382700 -0.269691
vn 0.625082 -0.766700 0.145805
vn -0.482035 -0.837600 0.256892
vn 0.171686 0.985000 -0.013859
vn 0.754836 -0.391600 -0.526158
vn 0.029274 -0.999400 -0.020223
vn -0.816920 -0.002800 0.576646
vn -0.700955 -0.001000 0.713117
vn 0.119360 -0.989100 -0.086408
vn -0.951554 0.007400 0.307238
vn -0.909339 0.000000 0.415920
vn 0.971918 0.006200 -0.234972
vn 0.703076 -0.672600 -0.230870
vn 0.993909 0.010200 0.109460
vn -0.286732 0.536700 -0.793445
vn 0.874125 -0.456600 0.165604
vn -0.027648 -0.927100 0.373847
vn -0.451346 0.205100 -0.868398
vn -0.101187 0.862400 0.496035
vn 0.105712 0.993500 -0.041931
vn 0.762332 -0.645100 -0.050275
vn 0.897955 0.278700 -0.340472
vn 0.192192 0.467800 -0.862670
vn 0.304692 -0.605900 0.734896
vn 0.535351 0.819300 -0.205132
vn 0.403687 -0.147100 -0.902905
vn 0.795071 0.186900 -0.576999
vn 0.007071 0.999900 -0.012162
vn 0.930058 0.013100 0.367201
vn -0.087893 -0.886600 0.454033
vn 0.651670 0.583300 0.484792
vn -0.320249 -0.007500 -0.947311
vn 0.145452 -0.668500 0.729239
vn 0.690985 0.346500 -0.634416
vn 0.386292 -0.422800 -0.819749
vn 0.531603 -0.745800 -0.401495
vn -0.854256 -0.249100 -0.456296
vn 0.039739 0.572800 -0.818688
vn 0.809567 0.535800 -0.239780
vn 0.337714 0.855800 0.391879
vn 0.583080 -0.565600 -0.583080
vn 0.233345 -0.464300 -0.854326
vn 0.307238 -0.809700 -0.499854
vn 0.737159 0.675600 -0.013930
vn 0.172746 0.484700 -0.857367
vn 0.567807 -0.354500 -0.742886
vn 0.024183 0.997500 -0.065620
vn 0.366847 0.245300 0.897319
vn 0.733765 -0.453300 -0.506076
vn 0.991929 0.113100 -0.056427
vn -0.403475 0.770000 -0.494268
vn 0.956221 -0.264600 0.124946
vn 0.230305 -0.811800 -0.536482
vn 0.853124 -0.513000 -0.095389
vn 0.404677 0.707200 -0.579615
vn 0.068801 0.997600 0.006576
vn 0.310491 0.913100 0.264104
vn 0.907218 0.413300 0.077357
vn 0.962584 0.253100 0.097086
vn -0.221678 0.581000 -0.783121
vn -0.031113 0.939900 0.339977
vn 0.147785 0.673500 -0.724219
vn 0.559463 0.252800 -0.789273
vn 0.959968 0.263000 0.096167
vn 0.138946 -0.982200 -0.126077
vn 0.731290 -0.612800 0.299248
vn 0.064912 -0.549500 -0.832972
vn 0.794293 -0.603600 0.068660
vn -0.361968 0.710900 -0.602950
vn 0.116460 -0.473200 -0.873206
vn 0.104581 0.991900 -0.072196
vn 0.115683 0.988800 -0.093904
vn 0.775343 -0.582900 -0.243033
vn 0.804900 -0.151000 0.573817
vn 0.266438 0.633600 -0.726340
vn 0.915420 -0.115900 0.385373
vn 0.489671 0.618800 -0.614264
vn 0.241760 0.904500 0.351361
vn 0.712410 0.692800 -0.111086
vn 0.504521 0.760000 -0.409768
vn -0.250457 0.517500 -0.818123
vn -0.392444 -0.073800 -0.916835
vn -0.061094 0.743100 -0.666377
vn 0.850437 -0.514900 -0.107834
vn 0.652094 -0.631300 -0.419739
vn 0.080257 -0.780000 -0.620628
vn 0.844568 -0.360200 -0.396121
vn 0.460892 0.882100 -0.097156
vn -0.454458 0.690400 0.562786
vn 0.054235 0.955100 0.291116
vn 0.453750 0.764300 -0.458276
vn 0.990374 -0.137100 -0.016829
vn 0.528562 -0.765300 -0.367201
vn 0.721037 -0.351500 -0.597010
vn 0.306955 0.790200 -0.530401
vn -0.178120 0.674900 -0.716087
vn 0.924966 0.166800 0.341462
vn 0.676984 0.734600 0.043841
vn 0.394353 0.896700 0.200889
vn 0.771736 -0.627500 -0.102955
vn 0.955018 0.154200 -0.253003
vn 0.990657 -0.050700 -0.126572
vn 0.684338 0.658200 -0.313673
vn 0.881409 -0.375900 0.285883
vn 0.582868 0.562700 0.586262
vn 0.717148 0.608800 -0.339128
vn 0.362392 0.928500 -0.080822
vn 0.880914 -0.297100 0.368261
vn 0.666660 -0.612200 -0.425113
vn 0.632083 -0.578100 -0.516117
vn 0.798960 0.264900 0.539876
vn 0.129966 -0.908300 -0.397535
vn 0.202657 0.626200 -0.752786
vn -0.330077 0.678900 -0.655771
vn 0.181585 -0.423000 -0.887702
vn 0.450568 0.812200 -0.370524
vn -0.306672 0.788400 -0.533229
vn 0.676630 0.258200 0.689500
vn 0.619991 0.223100 -0.752220
vn 0.343725 -0.661300 -0.666731
vn 0.649902 0.176200 0.739280
vn 0.558826 -0.490000 -0.668994
vn 0.211496 0.658100 -0.722592
vn 0.446679 0.753000 -0.483166
vn 0.540371 -0.054200 -0.839619
vn 0.712834 0.700400 -0.035143
vn 0.621688 -0.144300 -0.769756
vn -0.822577 0.496200 -0.277539
vn 0.481469 0.575500 0.660933
vn 0.294086 0.882800 0.366352
vn 0.307238 -0.567600 -0.763746
vn 0.326895 0.647200 -0.688651
vn 0.527997 0.830900 0.175433
vn 0.004525 -0.609800 -0.792525
vn 0.925673 0.263300 -0.271741
vn 0.929492 0.166500 -0.329017
vn 0.796909 0.226200 0.560170
vn 0.362746 0.916100 0.170837
vn 0.981181 -0.064600 0.182151
vn 0.887843 0.293000 -0.354685
vn 0.726623 -0.070300 -0.683348
vn -0.230093 0.538400 -0.810627
vn 0.563069 0.375100 -0.736310
vn 0.697914 0.674100 0.241689
vn 0.629749 -0.028500 -0.776262
vn 0.484368 0.844800 -0.227264
vn 0.707036 -0.208500 -0.675782
vn 0.979201 0.099500 -0.176635
vn 0.726482 0.686800 0.019516
vn 0.659448 0.691500 -0.294722
vn 0.956221 0.138600 -0.257740
vn 0.868822 0.357500 -0.342593
vn 0.916057 0.165300 -0.365362
vn 0.916976 0.324100 0.232355
vn -0.453114 0.534400 -0.713471
vn 0.701450 -0.108300 -0.704420
vn 0.542280 0.799700 0.257740
vn 0.322511 0.550500 -0.769969
vn 0.939250 0.231300 -0.253356
vn 0.200677 -0.360900 -0.910754
vn 0.873701 -0.315400 0.370241
vn 0.580181 0.472800 0.663195
vn 0.940947 0.102800 0.322511
vn 0.770959 -0.374600 -0.514986
vn 0.178262 -0.814900 -0.551473
vn -0.031891 -0.949500 -0.312188
vn 0.953887 -0.284900 -0.094187
vn 0.755049 -0.476900 -0.449861
vn 0.921431 -0.371600 0.112925
vn 0.547018 0.732300 -0.405596
vn 0.948796 -0.062300 0.309713
vn -0.520501 0.722600 -0.454740
vn 0.397889 0.761000 -0.512299
vn 0.629042 0.417900 0.655488
vn 0.929068 -0.059200 -0.364938
vn -0.844498 -0.527100 -0.094257
vn 0.253993 0.939900 -0.228113
vn 0.469236 0.681900 -0.561019
vn 0.160513 0.902200 -0.400222
vn 0.578555 0.342300 0.740341
vn 0.853902 0.170400 -0.491722
vn 0.615607 0.683900 -0.391596
vn 0.975383 0.068800 -0.209445
vn 0.958130 0.246100 -0.145947
vn 0.647215 -0.578100 -0.496884
vn -0.277257 0.466800 -0.839689
vn 0.860832 0.213600 -0.461882
vn 0.215102 0.973400 -0.078489
vn 0.125158 -0.944000 -0.305329
vn -0.776615 0.602300 0.184626
vn 0.336583 0.730300 -0.594394
vn 0.065832 0.933800 -0.351503
vn 0.775625 -0.501800 -0.382898
vn 0.157261 0.975500 0.154008
vn 0.925532 -0.278700 -0.256326
vn 0.478499 0.788000 0.387282
vn 0.979343 0.158500 0.125158
vn 0.795990 -0.119700 -0.593333
vn 0.856377 0.035200 -0.515127
vn 0.682004 -0.250800 -0.686954
vn 0.921572 0.191800 -0.337502
vn 0.198273 0.677600 -0.708097
vn 0.044831 0.374200 -0.926168
vn -0.176070 -0.348000 -0.920794
vn 0.940452 0.172200 -0.293025
vn 0.932674 0.164100 -0.321309
vn 0.208314 -0.833600 -0.511662
vn 0.139724 -0.934700 -0.326683
vn 0.592980 -0.798500 0.103945
vn 0.251447 0.932300 -0.259932
vn 0.904107 0.373100 0.208172
vn 0.855953 0.306200 -0.416557
vn 0.452831 -0.218200 -0.864509
vn 0.830497 -0.213000 -0.514703
vn 0.930906 -0.294100 -0.216728
vn -0.253003 -0.756200 -0.603304
vn 0.360059 -0.483400 -0.797899
vn 0.904390 -0.096600 -0.415496
vn 0.191909 0.586900 -0.786586
vn -0.448306 0.609800 -0.653508
vn 0.493561 0.668800 -0.555927
vn 0.407718 0.604600 -0.684197
vn -0.568655 0.243400 -0.785737
vn 0.507278 0.473200 -0.720259
vn 0.739704 0.167700 0.651740
vn 0.594748 0.021200 -0.803627
vn 0.939886 0.149500 -0.306884
vn 0.475671 -0.406800 -0.779868
vn 0.023405 0.470400 -0.882116
vn 0.334179 0.937600 -0.096308
vn 0.859064 -0.060600 0.508198
vn 0.951836 -0.148400 -0.268347
vn -0.177696 0.332000 -0.926381
vn 0.715592 0.615800 -0.329653
vn 0.668782 0.479000 -0.568514
vn 0.776828 0.529400 -0.340825
vn 0.353200 0.581200 -0.733058
vn 0.983020 -0.125700 -0.133502
vn -0.427375 0.565100 -0.705693
vn 0.793657 -0.201700 -0.573888
vn 0.989313 -0.092100 0.112642
vn 0.295641 -0.155700 -0.942503
vn 0.955089 0.254600 -0.151392
vn 0.977080 0.193600 -0.087964
vn -0.359069 -0.806800 -0.469236
vn 0.515764 0.651300 0.556493
vn 0.852912 -0.190200 0.486207
vn 0.078560 0.985400 0.150543
vn 0.875257 0.333600 -0.350018
vn 0.518451 0.575000 -0.632861
vn 0.521845 -0.845000 0.116955
vn 0.904885 0.374500 -0.202020
vn 0.333330 0.932600 -0.138169
vn 0.182363 0.980600 -0.071630
vn 0.575090 0.692300 -0.435790
vn 0.483873 0.540200 -0.688510
vn 0.535209 0.844300 -0.024395
vn 0.881196 -0.472400 -0.019233
vn 0.465842 0.815100 -0.344220
vn 0.715239 -0.490200 -0.498157
vn 0.797829 0.249200 -0.548927
vn 0.839477 0.352200 -0.413799
vn 0.626143 0.271600 -0.730795
vn 0.249255 -0.813600 -0.525310
vn 0.936846 -0.170100 -0.305399
vn 0.978777 -0.032100 0.202233
vn 0.853549 -0.085100 -0.513996
vn 0.998011 0.032800 0.053599
vn 0.593121 0.437600 -0.675711
vn 0.921502 -0.036700 -0.386646
vn 0.896824 -0.079300 0.435083
vn 0.293379 0.743600 -0.600829
vn 0.302783 0.437200 -0.846831
vn 0.241265 0.351900 -0.904390
vn 0.171756 0.955000 -0.241760
vn 0.663973 -0.132600 -0.735815
vn 0.801859 0.528100 -0.279590
vn 0.470226 -0.200500 -0.859418
vn 0.761200 0.549100 -0.344997
vn 0.176140 0.799700 -0.573959
vn 0.430699 -0.782000 -0.450498
vn 0.389828 0.879500 -0.273014
vn 0.638730 0.737200 0.220122
vn -0.238931 0.944100 -0.226911
vn 0.762403 0.621100 0.181302
vn 0.845205 0.477300 -0.240346
vn 0.402980 0.109700 -0.908562
vn 0.988960 -0.000800 0.147927
vn 0.869671 0.307500 -0.386010
vn 0.171261 0.891400 -0.419739
vn 0.967463 0.204300 -0.149200
vn 0.459407 0.865400 -0.200182
vn 0.794576 0.111300 -0.596869
vn 0.975595 0.209900 0.063852
vn 0.191060 0.908500 -0.371514
vn 0.482954 0.542600 -0.687308
vn 0.992000 -0.042100 -0.118865
vn 0.017395 0.148400 -0.988677
vn 0.915986 0.134400 -0.377878
vn 0.942361 -0.118400 -0.312753
vn 0.034648 0.827300 -0.560594
vn 0.263468 -0.189500 -0.945826
vn 0.248689 -0.479500 -0.841528
vn 0.368756 -0.364700 -0.854963
vn 0.804900 0.124000 -0.580181
vn 0.584494 0.009200 -0.811334
vn 0.959685 0.257000 -0.114127
vn -0.759221 0.610800 0.224365
vn 0.973898 0.108800 0.198909
vn -0.014284 0.759200 -0.650680
vn 0.530754 0.537500 -0.655205
vn -0.289419 0.600000 -0.745786
vn 0.995677 0.025100 -0.088883
vn 0.908986 0.093100 -0.406233
vn 0.959402 0.056200 -0.276337
vn 0.660155 -0.641600 -0.390464
vn 0.950493 -0.295700 -0.095177
vn 0.964847 0.143000 -0.220405
vn -0.724643 0.688800 -0.018526
vn 0.846548 0.302400 0.437982
vn 0.858357 -0.239200 -0.453892
vn 0.833255 -0.304300 -0.461599
vn 0.058124 -0.466000 -0.882894
vn 0.916340 0.400200 0.010677
vn 0.851498 -0.497800 -0.164614
vn 0.966332 -0.011700 -0.256963
vn -0.112713 0.958700 -0.261064
vn 0.997374 -0.023900 -0.067953
vn 0.858357 0.192000 -0.475812
vn 0.846548 0.492200 -0.202374
vn 0.902198 0.063100 -0.426598
vn 0.966686 -0.007800 -0.255619
vn 0.879146 0.476500 -0.006576
vn 0.977858 0.116800 0.173312
vn 0.903824 -0.009300 -0.427800
vn 0.355250 0.575700 -0.736381
vn 0.475741 -0.751800 -0.456650
vn 0.524673 0.088400 -0.846690
vn 0.432325 0.202100 -0.878792
vn 0.984434 -0.078300 -0.156836
vn 0.514349 0.577400 0.633992
vn -0.121481 0.767700 -0.629184
vn -0.550695 0.579000 -0.601182
vn 0.972413 -0.190200 -0.134916
vn 0.632790 0.768200 0.096803
vn 0.492712 0.855300 -0.160089
vn 0.914218 0.351300 0.201738
vn 0.975030 0.087400 -0.204000
vn 0.079337 0.065500 -0.994616
vn -0.263114 0.956900 -0.122542
vn 0.865711 -0.163900 0.472984
vn 0.347331 0.922100 -0.170837
vn 0.986060 0.159200 -0.049002
vn 0.895834 0.398900 -0.195656
vn -0.550341 0.356800 -0.754836
vn -0.804193 -0.277900 -0.525310
vn 0.602243 -0.296600 -0.741119
vn 0.286944 0.551000 -0.783616
vn 0.133997 -0.393400 -0.909551
vn 0.003677 0.428400 -0.903541
vn 0.946392 -0.262000 -0.188939
vn 0.906864 0.252800 0.337219
vn 0.443073 -0.357600 -0.822082
vn 0.807233 -0.575300 -0.131805
vn 0.966827 -0.244300 -0.074458
vn 0.507491 0.697000 -0.506642
vn 0.923976 0.021200 -0.381767
vn 0.646932 -0.045100 -0.761200
vn 0.922138 0.055500 -0.382757
vn 0.020365 0.948500 -0.316077
vn 0.864226 0.284900 -0.414647
vn 0.934371 0.060500 -0.351149
vn 0.963079 -0.012100 -0.268983
vn 0.552816 0.175700 -0.814587
vn 0.549210 0.744900 -0.378656
vn 0.669701 -0.169100 0.723158
vn 0.191767 0.423800 -0.885156
vn -0.068801 0.944900 -0.319824
vn 0.879287 0.054700 -0.473125
vn 0.514986 -0.842200 -0.159453
vn 0.942785 0.133500 0.305541
vn 0.888550 0.222300 -0.401212
vn 0.848528 0.435200 0.300945
vn 0.743381 0.643600 -0.182080
vn 0.657609 0.171700 -0.733553
vn 0.910259 0.140700 0.389262
vn -0.065337 -0.906200 -0.417759
vn 0.990586 -0.086300 0.105995
vn 0.844780 0.068400 0.530684
vn 0.382969 0.593600 -0.707672
vn 0.315016 0.861200 0.398738
vn -0.139724 0.850900 0.506430
vn 0.958837 0.110900 -0.261347
vn 0.981252 -0.187800 -0.041224
vn 0.946887 -0.112200 -0.301157
vn -0.430699 -0.472600 -0.768837
vn 0.822294 0.478900 0.307379
vn -0.226416 0.913100 0.339128
vn 0.726906 0.084500 -0.681510
vn -0.331067 0.866400 -0.373777
vn -0.455801 0.889200 0.038467
vn -0.572898 0.818600 -0.040588
vn 0.565898 0.772900 -0.287156
vn 0.713188 0.693100 -0.104652
vn 0.038891 0.766700 -0.640780
vn 0.700743 -0.041000 -0.712198
vn 0.959332 -0.221200 -0.175292
vn -0.480550 0.434500 -0.761695
vn 0.933805 -0.235900 -0.268983
vn 0.899228 -0.344500 -0.269337
vn 0.504167 0.404700 -0.762827
vn 0.809213 0.133000 0.572191
vn 0.929845 -0.022800 -0.367130
vn 0.094187 0.391200 -0.915420
vn 0.683348 0.288400 -0.670761
vn 0.864721 0.433700 0.253356
vn 0.780292 0.206200 -0.590363
vn 0.592131 0.354400 -0.723653
vn -0.471570 0.134400 -0.871509
vn 0.968524 0.068400 -0.239497
vn 0.387919 0.471900 -0.791677
vn 0.508905 0.704300 -0.494904
vn 0.799738 0.370400 -0.472489
vn 0.948018 -0.005900 -0.318269
vn 0.766504 0.243700 -0.594253
vn 0.772161 0.621400 0.132229
vn -0.905874 0.057500 -0.419668
vn 0.680944 0.605400 -0.412102
vn 0.346977 0.437300 -0.829648
vn 0.773151 -0.410600 -0.483378
vn 0.253356 -0.609600 -0.751160
vn 0.952897 -0.260400 -0.155705
vn 0.981535 0.048200 -0.185050
vn 0.576433 -0.052000 0.815436
vn 0.948937 0.315000 0.015698
vn 0.844356 0.239800 -0.479065
vn 0.746988 -0.583400 0.318764
vn -0.190777 0.933500 -0.303632
vn 0.746705 0.089600 -0.659024
vn 0.998011 0.054400 -0.031537
vn 0.992778 -0.079800 0.089520
vn 0.663973 0.747600 0.013011
vn 0.606839 0.455400 -0.651387
vn 0.751937 0.586100 -0.301793
vn 0.775413 0.088900 -0.625224
vn 0.876671 0.141400 -0.459902
vn 0.868751 -0.494200 -0.030688
vn 0.902268 -0.182700 -0.390464
vn -0.249821 0.678700 -0.690631
vn 0.990515 0.031800 -0.133502
vn 0.828729 -0.135800 -0.542775
vn 0.874055 -0.077200 -0.479631
vn 0.942856 -0.110000 0.314521
vn 0.410475 0.552300 -0.725562
vn 0.302359 -0.952500 0.035497
vn 0.887136 0.147400 -0.437416
vn 0.702298 -0.067400 -0.708662
vn 0.634558 0.311700 -0.707248
vn 0.920299 -0.206000 0.332411
vn 0.966049 -0.065800 -0.249750
vn 0.887631 0.459800 0.024819
vn -0.049073 0.789500 -0.611789
vn 0.992990 0.020600 -0.116743
vn 0.823072 0.217500 -0.524673
vn 0.698056 0.111000 -0.707390
vn 0.628335 -0.038400 -0.776969
vn 0.828234 -0.135500 -0.543694
vn 0.324491 0.918100 -0.227759
vn 0.816284 -0.341600 -0.465842
vn 0.997586 -0.061300 0.031254
vn 0.649619 0.729900 -0.212910
vn 0.811193 0.581000 -0.067034
vn 0.688651 0.592000 -0.418678
vn 0.924471 0.376600 -0.059114
vn 0.918532 0.362500 -0.157543
vn -0.027931 0.998400 0.049851
vn 0.881762 -0.297300 -0.366140
vn 0.652942 0.152300 -0.741896
vn 0.993697 -0.075100 -0.082802
vn 0.849589 0.112400 -0.515269
vn 0.383747 0.218800 -0.897106
vn 0.774211 0.375400 -0.509612
vn 0.441305 0.799000 -0.408354
vn 0.700177 -0.447300 -0.556352
vn 0.746068 0.493100 -0.447528
vn 0.997516 -0.066100 -0.023829
vn 0.786868 -0.416000 -0.455801
vn 0.830143 0.542700 0.127421
vn 0.501480 -0.140000 -0.853761
vn 0.851074 0.401500 -0.338421
vn 0.818830 0.254000 -0.514774
vn 0.699611 -0.376500 -0.607263
vn 0.831416 -0.348000 -0.433032
vn 0.363029 0.289200 -0.885722
vn -0.255548 0.627400 -0.735532
vn 0.620203 -0.749700 0.230870
vn 0.841811 0.404700 -0.357018
vn 0.562928 0.441300 -0.698834
vn 0.910259 0.035600 -0.412455
vn 0.285530 0.546600 -0.787151
vn 0.660296 -0.052800 -0.749109
vn 0.149553 0.555900 -0.817628
vn 0.908844 0.280200 -0.308935
vn 0.900642 -0.122500 -0.416839
vn 0.857579 -0.143100 -0.493985
vn 0.757665 0.551800 -0.348533
vn 0.335946 0.581100 -0.741260
vn 0.725138 0.446000 -0.524603
vn 0.870095 0.123600 -0.477085
vn 0.719481 0.335500 -0.608041
vn 0.844922 -0.046000 -0.532946
vn -0.299460 0.841600 -0.449366
vn 0.901066 0.395600 0.177555
vn 0.662913 0.172600 -0.728532
vn 0.629042 0.087300 -0.772443
vn 0.608536 0.206600 -0.766079
vn -0.403192 -0.839800 -0.363453
vn 0.976444 -0.139700 0.164544
vn 0.725209 0.683800 0.079762
vn 0.521350 0.241200 -0.818476
vn 0.849942 0.384200 -0.360483
vn 0.926522 -0.137400 -0.350089
vn 0.976444 -0.106000 -0.187595
vn 0.927653 0.146200 -0.343442
vn 0.582727 0.802900 0.125370
vn 0.570494 0.067400 -0.818547
vn 0.713895 0.359400 -0.600899
vn 0.716158 0.692900 0.083014
vn 0.329300 0.820400 -0.467468
vn -0.784111 0.105200 -0.611577
vn 0.866135 -0.151000 -0.476519
vn 0.527855 0.510300 -0.678893
vn 0.495540 0.792200 -0.356240
vn 0.827527 -0.039200 -0.559958
vn 0.900713 -0.391400 -0.188373
vn 0.549705 0.833900 0.049780
vn 0.475812 0.354300 -0.805041
vn 0.901985 0.125300 0.413233
vn 0.564059 0.717200 -0.409203
vn 0.621193 -0.041800 -0.782555
vn 0.550695 0.533500 -0.641912
vn 0.771595 0.628900 -0.095459
vn 0.479913 0.133400 -0.867125
vn 0.837992 -0.194800 -0.509612
vn -0.395768 -0.876300 -0.274570
vn 0.565261 0.633200 -0.528774
vn 0.951129 -0.282900 -0.123390
vn 0.926098 0.174700 0.334249
vn 0.626992 0.263000 -0.733340
vn -0.060599 0.959300 -0.275701
vn 0.796839 0.013400 -0.604081
vn 0.675570 -0.725900 0.128552
vn -0.626779 -0.337000 -0.702440
vn 0.756251 0.649900 0.075873
vn 0.482388 -0.071100 -0.872994
usemtl Blob
s 1
f 1/1/1 2/2/2 3/3/3
f 1/1/1 4/4/4 2/2/2
f 4/4/4 5/5/5 6/6/6
f 5/5/5 4/4/4 7/7/7
f 1/1/1 3/3/3 8/8/8
f 9/9/9 5/5/5 7/7/7
f 10/10/10 1/11/1 11/12/11
f 1/11/1 8/13/8 11/12/11
f 9/9/9 6/6/6 5/5/5
f 4/4/4 6/6/6 2/2/2
f 9/14/9 7/15/7 12/16/12
f 7/15/7 13/17/13 12/16/12
f 9/9/9 14/18/14 6/6/6
f 7/7/7 4/4/4 1/1/1
f 14/18/14 9/9/9 15/19/15
f 12/20/12 16/21/16 15/19/15
f 12/20/12 15/19/15 9/9/9
f 2/2/2 17/22/17 3/3/3
f 18/23/17 3/3/3 17/22/17
f 3/3/3 18/23/17 8/8/8
f 7/24/7 1/11/1 19/25/18
f 20/26/19 16/27/16 21/28/20
f 16/29/16 20/30/19 22/31/21
f 15/32/15 16/29/16 22/31/21
f 23/33/22 1/11/1 10/10/10
f 13/34/13 7/24/7 24/35/23
f 11/12/11 8/13/8 25/36/24
f 25/36/24 8/13/8 26/37/25
f 8/8/8 27/38/26 26/39/25
f 16/27/16 12/16/12 28/40/27
f 29/41/17 6/6/6 14/18/14
f 2/2/2 6/6/6 29/41/17
f 2/2/2 29/41/17 17/22/17
f 11/12/11 30/42/28 10/10/10
f 28/40/27 12/16/12 13/17/13
f 23/33/22 19/25/18 1/11/1
f 7/24/7 19/25/18 24/35/23
f 31/43/17 8/8/8 18/23/17
f 22/31/21 20/30/19 32/44/29
f 8/8/8 31/43/17 27/38/26
f 29/41/17 33/45/17 17/22/17
f 10/10/10 30/42/28 23/33/22
f 33/45/17 34/46/30 17/22/17
f 17/22/17 34/46/30 18/23/17
f 35/47/17 22/31/21 36/48/17
f 22/31/21 35/47/17 15/32/15
f 14/18/14 15/19/15 37/49/17
f 34/50/30 33/51/17 38/52/30
f 39/53/31 40/54/32 32/55/29
f 25/36/24 41/56/33 11/12/11
f 42/57/34 26/39/25 43/58/35
f 32/44/29 40/59/32 22/31/21
f 37/49/17 29/41/17 14/18/14
f 35/47/17 36/48/17 44/60/36
f 16/27/16 28/40/27 21/28/20
f 41/56/33 25/36/24 26/37/25
f 39/53/31 32/55/29 45/61/37
f 30/42/28 11/12/11 41/56/33
f 20/26/19 45/61/37 32/55/29
f 43/58/35 27/38/26 31/43/17
f 27/38/26 43/58/35 26/39/25
f 37/62/17 15/32/15 46/63/38
f 31/43/17 18/23/17 34/46/30
f 33/51/17 37/62/17 38/52/30
f 29/41/17 37/49/17 33/45/17
f 21/28/20 28/40/27 47/64/39
f 19/65/18 23/66/22 48/67/40
f 28/68/27 13/69/13 49/70/41
f 26/39/25 42/57/34 50/71/42
f 13/69/13 24/72/23 51/73/43
f 47/64/39 20/26/19 21/28/20
f 35/47/17 46/63/38 15/32/15
f 44/60/36 37/62/17 46/63/38
f 26/37/25 50/74/42 41/56/33
f 52/75/30 40/59/32 53/76/44
f 54/77/17 36/48/17 55/78/36
f 46/63/38 35/47/17 44/60/36
f 44/60/36 56/79/30 37/62/17
f 44/60/36 36/48/17 54/77/17
f 55/78/36 40/59/32 52/75/30
f 22/31/21 40/59/32 55/78/36
f 55/78/36 36/48/17 22/31/21
f 56/79/30 38/52/30 37/62/17
f 39/53/31 57/80/45 40/54/32
f 50/71/42 42/57/34 58/81/46
f 49/70/41 13/69/13 51/73/43
f 47/82/39 28/68/27 59/83/47
f 53/84/44 40/54/32 57/80/45
f 54/77/17 55/78/36 52/75/30
f 19/65/18 51/73/43 24/72/23
f 58/81/46 42/57/34 43/58/35
f 60/85/30 31/86/17 34/87/30
f 54/77/17 56/79/30 44/60/36
f 58/81/46 61/88/48 50/71/42
f 50/74/42 62/89/49 63/90/50
f 20/26/19 47/64/39 45/61/37
f 53/84/44 57/80/45 64/91/51
f 30/92/28 41/93/33 65/94/52
f 41/56/33 50/74/42 66/95/53
f 30/92/28 65/94/52 23/66/22
f 53/96/44 64/97/51 67/98/54
f 52/99/30 68/100/30 54/101/17
f 38/102/30 56/103/30 69/104/30
f 70/105/30 34/87/30 38/106/30
f 60/85/30 34/87/30 70/105/30
f 63/90/50 66/95/53 50/74/42
f 19/65/18 48/67/40 51/73/43
f 59/83/47 71/107/55 47/82/39
f 48/67/40 23/66/22 65/94/52
f 28/68/27 49/70/41 59/83/47
f 72/108/56 39/53/31 45/61/37
f 62/109/49 50/71/42 61/88/48
f 62/109/49 61/88/48 73/110/57
f 56/103/30 54/101/17 68/100/30
f 43/58/35 31/43/17 58/81/46
f 53/111/44 74/112/58 52/113/30
f 57/80/45 75/114/59 64/91/51
f 65/94/52 41/93/33 76/115/60
f 39/53/31 75/114/59 57/80/45
f 61/88/48 58/81/46 77/116/30
f 63/90/50 62/89/49 78/117/61
f 75/114/59 39/53/31 72/108/56
f 78/118/61 62/109/49 73/110/57
f 72/108/56 45/61/37 47/64/39
f 53/96/44 67/98/54 79/119/30
f 68/120/30 52/121/30 74/122/58
f 80/123/30 56/103/30 68/100/30
f 69/104/30 56/103/30 80/123/30
f 31/124/17 60/125/30 81/126/30
f 82/127/62 69/104/30 83/128/63
f 84/129/30 69/130/30 82/131/62
f 69/104/30 84/132/30 38/102/30
f 38/133/30 84/134/30 85/135/30
f 86/136/30 38/133/30 85/135/30
f 86/136/30 70/137/30 38/133/30
f 60/138/30 70/139/30 87/140/30
f 73/110/57 61/88/48 88/141/64
f 41/93/33 66/142/53 76/115/60
f 89/143/65 64/91/51 75/114/59
f 65/94/52 76/115/60 90/144/66
f 64/97/51 89/145/65 67/98/54
f 91/146/67 68/147/30 74/112/58
f 91/146/67 53/111/44 79/148/30
f 61/88/48 77/116/30 88/141/64
f 49/70/41 51/73/43 92/149/68
f 53/111/44 91/146/67 74/112/58
f 79/150/30 68/151/30 91/152/67
f 79/119/30 93/153/30 68/100/30
f 31/124/17 94/154/30 58/155/46
f 89/143/65 75/114/59 95/156/69
f 49/70/41 92/149/68 59/83/47
f 96/157/70 63/90/50 78/117/61
f 88/141/64 97/158/71 73/110/57
f 98/159/72 73/110/57 97/158/71
f 73/110/57 98/159/72 78/118/61
f 66/142/53 63/160/50 99/161/73
f 92/149/68 100/162/74 59/83/47
f 89/145/65 101/163/75 67/98/54
f 79/119/30 67/98/54 101/163/75
f 77/164/30 58/155/46 94/154/30
f 102/165/30 103/166/30 60/138/30
f 60/138/30 103/166/30 104/167/76
f 105/168/30 60/138/30 104/167/76
f 80/123/30 68/100/30 93/153/30
f 60/169/30 105/170/30 81/171/30
f 106/172/77 69/104/30 80/123/30
f 107/173/30 81/174/30 108/175/78
f 109/176/79 83/128/63 69/104/30
f 69/104/30 110/177/80 109/176/79
f 107/178/30 31/124/17 81/126/30
f 107/178/30 94/154/30 31/124/17
f 87/140/30 111/179/30 60/138/30
f 75/114/59 72/108/56 112/180/81
f 76/115/60 66/142/53 113/181/82
f 51/73/43 48/67/40 92/149/68
f 63/160/50 96/182/70 99/161/73
f 114/183/30 88/141/64 77/116/30
f 101/163/75 89/145/65 95/184/69
f 72/185/56 47/82/39 71/107/55
f 92/149/68 48/67/40 115/186/83
f 112/187/81 72/185/56 116/188/84
f 117/189/85 48/67/40 65/94/52
f 101/190/75 95/156/69 118/191/86
f 97/158/71 119/192/87 98/159/72
f 78/117/61 98/193/72 120/194/88
f 115/186/83 48/67/40 121/195/89
f 88/141/64 114/183/30 97/158/71
f 101/163/75 122/196/90 79/119/30
f 81/197/30 123/198/91 108/199/78
f 124/200/92 93/153/30 125/201/30
f 126/202/30 108/199/78 127/203/93
f 126/202/30 107/204/30 108/199/78
f 128/205/30 93/153/30 124/200/92
f 128/205/30 80/123/30 93/153/30
f 129/206/30 94/154/30 107/178/30
f 77/164/30 94/154/30 130/207/30
f 116/188/84 72/185/56 71/107/55
f 75/114/59 112/180/81 95/156/69
f 98/193/72 119/208/87 120/194/88
f 90/144/66 76/115/60 131/209/94
f 76/115/60 113/181/82 131/209/94
f 132/210/95 71/107/55 59/83/47
f 122/196/90 101/163/75 118/211/86
f 78/117/61 120/194/88 96/157/70
f 66/142/53 99/161/73 113/181/82
f 65/94/52 90/144/66 117/189/85
f 133/212/96 95/156/69 112/180/81
f 134/213/97 100/162/74 92/149/68
f 118/191/86 135/214/98 122/215/90
f 71/107/55 132/210/95 116/188/84
f 95/156/69 133/212/96 118/191/86
f 119/192/87 97/158/71 136/216/99
f 137/217/30 97/158/71 114/183/30
f 117/189/85 121/195/89 48/67/40
f 59/83/47 100/162/74 134/213/97
f 138/218/100 116/188/84 132/210/95
f 137/217/30 136/216/99 97/158/71
f 79/119/30 122/196/90 139/219/30
f 130/207/30 114/220/30 77/164/30
f 79/119/30 139/219/30 93/153/30
f 139/219/30 140/221/30 93/153/30
f 140/221/30 141/222/30 93/153/30
f 142/223/101 93/153/30 141/222/30
f 125/201/30 93/153/30 142/223/101
f 143/224/102 125/201/30 142/223/101
f 125/201/30 143/224/102 144/225/30
f 145/226/103 81/227/30 105/228/30
f 146/229/104 131/209/94 113/181/82
f 138/218/100 147/230/105 116/188/84
f 119/208/87 148/231/106 120/194/88
f 113/181/82 99/161/73 149/232/107
f 92/149/68 115/186/83 134/213/97
f 134/213/97 132/210/95 59/83/47
f 150/233/108 135/214/98 151/234/30
f 122/215/90 135/214/98 150/233/108
f 118/191/86 133/212/96 135/214/98
f 90/144/66 152/235/109 153/236/110
f 116/188/84 154/237/111 112/187/81
f 90/144/66 131/209/94 152/235/109
f 135/214/98 155/238/112 151/234/30
f 148/239/106 119/192/87 136/216/99
f 117/189/85 90/144/66 153/236/110
f 99/161/73 96/182/70 156/240/113
f 130/241/30 157/242/114 158/243/115
f 139/219/30 159/244/30 140/221/30
f 160/245/30 140/221/30 159/244/30
f 155/238/112 135/214/98 161/246/116
f 133/212/96 161/246/116 135/214/98
f 154/247/111 116/248/84 162/249/117
f 136/216/99 137/217/30 163/250/118
f 148/239/106 136/216/99 163/250/118
f 99/161/73 156/240/113 149/232/107
f 164/251/119 134/213/97 115/186/83
f 96/157/70 120/194/88 165/252/120
f 152/235/109 131/209/94 166/253/121
f 134/213/97 167/254/122 132/210/95
f 151/234/30 155/238/112 168/255/30
f 168/255/30 122/215/90 150/233/108
f 168/256/30 139/219/30 122/196/90
f 96/182/70 169/257/123 156/240/113
f 117/189/85 170/258/124 121/195/89
f 138/218/100 132/210/95 167/254/122
f 149/232/107 146/229/104 113/181/82
f 161/246/116 133/212/96 112/180/81
f 166/253/121 131/209/94 146/229/104
f 151/234/30 168/255/30 150/233/108
f 171/259/125 116/248/84 147/260/105
f 120/194/88 148/231/106 165/252/120
f 117/189/85 153/236/110 170/258/124
f 146/229/104 149/232/107 172/261/126
f 171/259/125 162/249/117 116/248/84
f 173/262/127 168/255/30 155/238/112
f 114/263/30 130/264/30 174/265/128
f 159/244/30 139/219/30 175/266/129
f 176/267/130 159/244/30 175/266/129
f 159/244/30 176/267/130 177/268/30
f 178/269/131 171/259/125 147/260/105
f 169/257/123 96/182/70 165/270/120
f 161/246/116 112/180/81 179/271/132
f 138/218/100 167/254/122 180/272/133
f 147/230/105 138/218/100 178/273/131
f 148/239/106 163/250/118 181/274/134
f 173/262/127 155/238/112 182/275/135
f 183/276/30 163/250/118 137/217/30
f 184/277/136 166/253/121 146/229/104
f 155/238/112 161/246/116 182/275/135
f 164/251/119 115/186/83 121/195/89
f 185/278/137 121/195/89 170/258/124
f 180/272/133 178/273/131 138/218/100
f 169/257/123 186/279/138 156/240/113
f 154/247/111 162/249/117 187/280/139
f 181/281/134 165/252/120 148/231/106
f 134/213/97 164/251/119 188/282/140
f 187/283/139 112/284/81 154/285/111
f 167/254/122 134/213/97 188/282/140
f 181/274/134 163/250/118 189/286/141
f 171/259/125 190/287/142 162/249/117
f 180/272/133 167/254/122 191/288/143
f 192/289/144 163/250/118 183/276/30
f 153/236/110 152/235/109 193/290/145
f 146/229/104 172/261/126 184/277/136
f 183/276/30 137/217/30 114/183/30
f 194/291/146 174/292/128 195/293/17
f 196/294/30 168/256/30 173/295/127
f 139/219/30 168/256/30 196/294/30
f 197/296/30 175/266/129 139/219/30
f 198/297/147 175/266/129 197/296/30
f 112/284/81 187/283/139 179/298/132
f 173/262/127 182/275/135 199/299/148
f 200/300/149 173/262/127 201/301/150
f 164/251/119 121/195/89 185/278/137
f 190/287/142 171/259/125 202/302/151
f 167/254/122 188/282/140 203/303/152
f 204/304/153 205/305/154 171/259/125
f 178/269/131 204/304/153 171/259/125
f 152/235/109 166/253/121 206/306/155
f 173/295/127 200/307/149 196/294/30
f 172/261/126 149/232/107 207/308/156
f 169/257/123 165/270/120 208/309/157
f 193/290/145 170/258/124 153/236/110
f 186/279/138 209/310/158 149/232/107
f 205/305/154 202/302/151 171/259/125
f 203/303/152 191/288/143 167/254/122
f 186/279/138 149/232/107 156/240/113
f 201/301/150 173/262/127 199/299/148
f 204/304/153 210/311/159 205/305/154
f 186/279/138 169/257/123 208/309/157
f 187/280/139 162/249/117 211/312/160
f 189/286/141 163/250/118 192/289/144
f 165/270/120 212/313/161 208/309/157
f 189/286/141 165/314/120 181/274/134
f 184/277/136 172/261/126 213/315/162
f 180/272/133 204/316/153 178/273/131
f 214/317/30 174/292/128 215/318/17
f 114/263/30 174/265/128 214/319/30
f 216/320/30 139/219/30 196/294/30
f 217/321/30 139/219/30 216/320/30
f 217/321/30 218/322/163 197/296/30
f 197/296/30 139/219/30 217/321/30
f 219/323/164 197/296/30 218/322/163
f 203/303/152 188/282/140 220/324/165
f 189/325/141 212/326/161 165/327/120
f 221/328/166 205/305/154 222/329/167
f 172/261/126 207/308/156 213/315/162
f 161/246/116 179/271/132 182/275/135
f 188/282/140 164/251/119 223/330/168
f 222/329/167 205/305/154 210/311/159
f 190/287/142 224/331/169 162/249/117
f 204/332/153 225/333/170 210/334/159
f 211/312/160 162/249/117 224/331/169
f 189/286/141 192/289/144 226/335/171
f 227/336/172 210/334/159 225/333/170
f 209/310/158 207/308/156 149/232/107
f 179/298/132 187/283/139 228/337/173
f 193/290/145 152/235/109 206/306/155
f 166/253/121 184/277/136 206/306/155
f 220/324/165 188/282/140 223/330/168
f 186/279/138 229/338/174 209/310/158
f 199/299/148 182/275/135 230/339/175
f 225/340/170 204/341/153 231/342/176
f 221/328/166 232/343/177 205/305/154
f 229/338/174 186/279/138 208/309/157
f 233/344/178 170/258/124 193/290/145
f 234/345/179 209/310/158 229/338/174
f 202/302/151 205/305/154 232/343/177
f 185/278/137 170/258/124 235/346/180
f 206/306/155 184/277/136 213/315/162
f 221/347/166 222/348/167 236/349/181
f 212/326/161 189/325/141 237/350/182
f 236/349/181 222/348/167 210/334/159
f 237/351/182 189/286/141 226/335/171
f 114/352/30 214/353/30 238/354/30
f 239/355/30 183/276/30 114/183/30
f 217/321/30 216/320/30 240/356/30
f 180/272/133 191/288/143 241/357/183
f 164/251/119 185/278/137 223/330/168
f 200/300/149 201/301/150 242/358/184
f 202/302/151 232/343/177 190/287/142
f 192/289/144 183/276/30 243/359/185
f 196/294/30 200/307/149 242/360/184
f 193/290/145 206/306/155 233/344/178
f 244/361/186 180/362/133 241/363/183
f 204/316/153 180/272/133 244/364/186
f 227/336/172 225/333/170 231/365/176
f 245/366/187 213/315/162 207/308/156
f 203/303/152 241/357/183 191/288/143
f 190/287/142 232/343/177 224/331/169
f 246/367/188 220/324/165 223/330/168
f 236/349/181 210/334/159 227/336/172
f 228/337/173 187/283/139 247/368/189
f 235/346/180 170/258/124 233/344/178
f 204/341/153 244/361/186 231/342/176
f 248/369/190 249/370/191 211/312/160
f 250/371/192 206/306/155 213/315/162
f 187/280/139 211/312/160 249/370/191
f 232/343/177 221/328/166 251/372/193
f 179/271/132 230/339/175 182/275/135
f 206/306/155 250/371/192 233/344/178
f 212/313/161 252/373/194 208/309/157
f 248/369/190 211/312/160 224/331/169
f 253/374/195 207/308/156 209/310/158
f 254/375/196 251/372/193 221/328/166
f 242/358/184 201/301/150 255/376/197
f 201/301/150 199/299/148 255/376/197
f 255/376/197 199/299/148 230/339/175
f 243/359/185 183/276/30 239/355/30
f 243/359/185 226/335/171 192/289/144
f 223/330/168 185/278/137 256/377/198
f 245/366/187 250/371/192 213/315/162
f 227/336/172 257/378/199 236/349/181
f 258/379/200 233/344/178 250/371/192
f 245/366/187 207/308/156 253/374/195
f 259/380/201 203/303/152 220/324/165
f 253/374/195 209/310/158 234/345/179
f 185/278/137 235/346/180 256/377/198
f 260/381/202 238/354/30 214/353/30
f 114/352/30 238/354/30 261/382/30
f 114/352/30 261/382/30 239/383/30
f 216/320/30 196/294/30 262/384/30
f 216/320/30 263/385/30 240/356/30
f 254/386/196 221/347/166 264/387/203
f 265/388/204 264/387/203 236/349/181
f 266/389/205 267/390/206 268/391/207
f 229/338/174 208/309/157 269/392/208
f 231/365/176 257/378/199 227/336/172
f 243/359/185 237/351/182 226/335/171
f 259/393/201 241/363/183 203/394/152
f 264/387/203 221/347/166 236/349/181
f 270/395/209 267/390/206 266/389/205
f 179/298/132 228/337/173 271/396/210
f 252/373/194 269/392/208 208/309/157
f 257/397/199 231/342/176 272/398/211
f 273/399/212 224/331/169 232/343/177
f 212/326/161 237/350/182 252/400/194
f 196/401/30 242/402/184 274/403/30
f 223/330/168 256/377/198 275/404/213
f 265/388/204 268/391/207 267/390/206
f 247/368/189 271/396/210 228/337/173
f 254/386/196 264/387/203 276/405/214
f 264/387/203 277/406/215 276/405/214
f 266/389/205 268/391/207 278/407/216
f 244/361/186 272/398/211 231/342/176
f 232/343/177 251/372/193 279/408/217
f 243/359/185 239/355/30 280/409/218
f 230/339/175 179/271/132 281/410/219
f 244/361/186 241/363/183 282/411/220
f 224/331/169 273/399/212 248/369/190
f 236/349/181 257/378/199 265/388/204
f 283/412/221 245/366/187 284/413/222
f 266/389/205 278/407/216 270/395/209
f 255/376/197 230/339/175 285/414/223
f 234/345/179 229/338/174 286/415/224
f 232/343/177 287/416/225 273/399/212
f 277/406/215 265/388/204 267/390/206
f 288/417/226 276/418/214 289/419/227
f 290/420/228 233/344/178 258/379/200
f 291/421/229 268/391/207 265/388/204
f 254/375/196 276/418/214 288/417/226
f 242/358/184 255/376/197 274/422/30
f 216/320/30 262/384/30 292/423/230
f 235/346/180 233/344/178 293/424/231
f 277/406/215 264/387/203 265/388/204
f 237/351/182 243/359/185 280/409/218
f 249/425/191 247/426/189 187/427/139
f 294/428/232 295/429/233 296/430/234
f 245/366/187 283/412/221 250/371/192
f 257/397/199 272/398/211 297/431/235
f 298/432/236 295/429/233 294/428/232
f 237/350/182 299/433/237 252/400/194
f 300/434/238 301/435/239 302/436/240
f 302/437/240 303/438/241 300/439/238
f 246/367/188 223/330/168 275/404/213
f 294/428/232 304/440/242 298/432/236
f 305/441/243 294/428/232 296/430/234
f 289/419/227 276/418/214 306/442/244
f 267/390/206 270/395/209 307/443/245
f 308/444/246 304/440/242 309/445/247
f 310/446/248 235/346/180 293/424/231
f 311/447/249 294/428/232 305/441/243
f 305/441/243 296/430/234 312/448/250
f 276/405/214 277/406/215 313/449/251
f 314/450/252 269/392/208 252/373/194
f 237/350/182 280/451/218 299/433/237
f 278/407/216 268/391/207 315/452/253
f 295/429/233 316/453/254 296/430/234
f 296/430/234 316/453/254 317/454/255
f 278/407/216 308/444/246 270/395/209
f 220/324/165 246/367/188 318/455/256
f 310/446/248 256/377/198 235/346/180
f 259/380/201 220/324/165 318/455/256
f 255/376/197 285/414/223 319/456/257
f 258/379/200 250/371/192 320/457/258
f 304/440/242 308/444/246 298/432/236
f 257/378/199 297/458/235 265/388/204
f 245/366/187 253/374/195 286/415/224
f 294/428/232 311/447/249 304/440/242
f 321/459/259 270/395/209 308/444/246
f 321/459/259 307/443/245 270/395/209
f 302/436/240 301/435/239 322/460/260
f 241/363/183 259/393/201 323/461/261
f 324/462/262 300/463/238 303/464/241
f 315/452/253 268/391/207 291/421/229
f 179/298/132 271/396/210 281/465/219
f 233/344/178 290/420/228 293/424/231
f 248/369/190 325/466/263 249/370/191
f 320/457/258 250/371/192 283/412/221
f 234/345/179 286/415/224 253/374/195
f 267/390/206 313/449/251 277/406/215
f 229/338/174 269/392/208 286/415/224
f 326/467/264 304/440/242 311/447/249
f 327/468/265 280/409/218 239/355/30
f 307/443/245 321/459/259 328/469/266
f 247/368/189 329/470/267 271/396/210
f 303/438/241 302/437/240 330/471/268
f 291/421/229 265/388/204 297/458/235
f 251/372/193 254/375/196 288/417/226
f 331/472/269 332/473/270 333/474/271
f 334/475/272 331/472/269 333/474/271
f 335/476/273 326/467/264 311/447/249
f 336/477/274 308/444/246 278/407/216
f 337/478/275 269/392/208 314/450/252
f 338/479/276 339/480/277 340/481/278
f 301/435/239 340/481/278 322/460/260
f 275/404/213 256/377/198 341/482/279
f 296/483/234 317/484/255 342/485/280
f 312/486/250 296/483/234 342/485/280
f 287/416/225 232/343/177 279/408/217
f 286/415/224 284/413/222 245/366/187
f 316/453/254 343/487/281 317/454/255
f 344/488/282 311/447/249 305/441/243
f 307/443/245 345/489/283 267/390/206
f 280/409/218 327/468/265 346/490/284
f 308/444/246 336/477/274 298/432/236
f 347/491/285 309/445/247 304/440/242
f 274/422/30 255/376/197 319/456/257
f 348/492/30 327/493/265 239/494/30
f 274/403/30 349/495/30 196/401/30
f 262/496/30 196/401/30 349/495/30
f 292/423/230 262/384/30 350/497/286
f 239/383/30 261/382/30 351/498/30
f 348/499/30 239/383/30 351/498/30
f 256/377/198 310/446/248 341/482/279
f 352/500/287 295/429/233 298/432/236
f 295/429/233 352/500/287 316/453/254
f 312/448/250 353/501/288 305/441/243
f 354/502/289 321/459/259 308/444/246
f 332/473/270 331/472/269 355/503/290
f 267/390/206 345/489/283 313/449/251
f 286/415/224 269/392/208 337/478/275
f 356/504/291 331/472/269 334/475/272
f 299/505/237 280/409/218 357/506/292
f 328/469/266 321/459/259 354/502/289
f 344/488/282 335/476/273 311/447/249
f 343/487/281 358/507/293 317/454/255
f 241/363/183 359/508/294 282/411/220
f 301/435/239 338/479/276 340/481/278
f 272/398/211 244/361/186 360/509/295
f 285/414/223 361/510/296 319/456/257
f 275/404/213 362/511/297 246/367/188
f 248/369/190 273/399/212 363/512/298
f 347/491/285 304/440/242 326/467/264
f 289/419/227 306/442/244 364/513/299
f 288/417/226 289/419/227 365/514/300
f 365/514/300 251/372/193 288/417/226
f 306/442/244 276/418/214 313/515/251
f 366/516/301 333/474/271 335/476/273
f 359/508/294 241/363/183 323/461/261
f 318/455/256 367/517/302 259/380/201
f 368/518/303 322/519/260 340/520/278
f 369/521/304 318/455/256 246/367/188
f 362/511/297 369/521/304 246/367/188
f 302/437/240 322/519/260 330/471/268
f 285/414/223 230/339/175 370/522/305
f 312/486/250 342/485/280 371/523/306
f 249/425/191 325/524/263 372/525/307
f 373/526/308 344/488/282 305/441/243
f 320/457/258 283/412/221 374/527/309
f 326/467/264 335/476/273 333/474/271
f 336/477/274 278/407/216 315/452/253
f 357/506/292 280/409/218 346/490/284
f 299/433/237 375/528/310 252/400/194
f 338/479/276 376/529/311 339/480/277
f 247/426/189 372/525/307 329/530/267
f 301/531/239 300/463/238 324/462/262
f 372/525/307 247/426/189 249/425/191
f 347/491/285 326/467/264 377/532/312
f 363/512/298 325/466/263 248/369/190
f 273/399/212 287/416/225 363/512/298
f 366/516/301 334/475/272 333/474/271
f 306/442/244 313/515/251 345/533/283
f 366/516/301 335/476/273 344/488/282
f 328/469/266 378/534/313 307/443/245
f 258/379/200 320/457/258 379/535/314
f 339/480/277 368/536/303 340/481/278
f 380/537/315 328/469/266 354/502/289
f 342/485/280 317/484/255 381/538/316
f 259/380/201 367/517/302 323/539/261
f 291/540/229 297/431/235 382/541/317
f 298/432/236 336/477/274 352/500/287
f 290/420/228 258/379/200 379/535/314
f 330/471/268 322/519/260 368/518/303
f 362/511/297 275/404/213 383/542/318
f 384/543/319 383/542/318 275/404/213
f 275/404/213 341/482/279 384/543/319
f 353/501/288 373/526/308 305/441/243
f 332/473/270 326/467/264 333/474/271
f 385/544/320 376/529/311 338/479/276
f 307/443/245 378/534/313 345/489/283
f 366/516/301 344/488/282 386/545/321
f 387/546/322 385/544/320 338/479/276
f 291/421/229 388/547/323 315/452/253
f 339/480/277 389/548/324 368/536/303
f 352/500/287 343/487/281 316/453/254
f 324/549/262 303/550/241 330/551/268
f 339/480/277 376/529/311 389/548/324
f 291/540/229 382/541/317 390/552/325
f 301/435/239 387/546/322 338/479/276
f 391/553/326 358/554/293 343/555/281
f 282/411/220 360/509/295 244/361/186
f 392/556/327 297/431/235 272/398/211
f 393/557/328 372/525/307 325/524/263
f 317/484/255 358/554/293 381/538/316
f 301/531/239 324/462/262 394/558/329
f 388/547/323 336/477/274 315/452/253
f 361/510/296 395/559/330 319/456/257
f 309/445/247 347/491/285 396/560/331
f 281/465/219 271/396/210 397/561/332
f 377/532/312 396/560/331 347/491/285
f 325/466/263 363/512/298 393/562/328
f 308/444/246 309/445/247 354/502/289
f 375/528/310 299/433/237 357/563/292
f 385/544/320 398/564/333 376/529/311
f 381/538/316 358/554/293 391/553/326
f 387/565/322 301/566/239 399/567/334
f 330/471/268 368/518/303 400/568/335
f 401/569/30 349/495/30 402/570/30
f 403/571/336 349/495/30 401/569/30
f 349/495/30 403/571/336 262/496/30
f 373/526/308 386/545/321 344/488/282
f 329/470/267 404/572/337 271/396/210
f 405/573/338 374/527/309 284/413/222
f 284/413/222 286/415/224 405/573/338
f 406/574/339 385/544/320 387/546/322
f 336/477/274 388/547/323 352/500/287
f 271/396/210 404/572/337 397/561/332
f 309/445/247 396/560/331 354/502/289
f 363/512/298 287/416/225 407/575/340
f 355/503/290 377/532/312 332/473/270
f 382/541/317 297/431/235 392/556/327
f 406/574/339 398/564/333 385/544/320
f 390/576/325 408/577/341 291/421/229
f 388/547/323 291/421/229 408/577/341
f 381/538/316 391/553/326 409/578/342
f 371/523/306 342/485/280 410/579/343
f 391/553/326 343/555/281 411/580/344
f 323/539/261 367/517/302 412/581/345
f 310/446/248 293/424/231 413/582/346
f 293/424/231 290/420/228 379/535/314
f 284/413/222 374/527/309 283/412/221
f 230/339/175 281/410/219 370/522/305
f 326/467/264 332/473/270 377/532/312
f 356/504/291 334/475/272 366/516/301
f 352/500/287 408/577/341 343/487/281
f 394/583/329 324/549/262 414/584/347
f 324/549/262 330/551/268 414/584/347
f 373/526/308 415/585/348 386/545/321
f 355/503/290 331/472/269 356/504/291
f 382/541/317 392/556/327 390/552/325
f 306/442/244 345/533/283 416/586/349
f 417/587/350 381/538/316 418/588/351
f 388/547/323 408/577/341 352/500/287
f 399/567/334 301/566/239 419/589/352
f 411/590/344 343/487/281 408/577/341
f 367/517/302 420/591/353 412/581/345
f 359/592/294 323/593/261 421/594/354
f 367/517/302 318/455/256 422/595/355
f 423/596/356 409/578/342 391/553/326
f 389/597/324 424/598/357 400/568/335
f 389/597/324 400/568/335 368/518/303
f 341/482/279 310/446/248 413/582/346
f 413/582/346 293/424/231 425/599/358
f 274/403/30 319/600/257 395/601/330
f 285/414/223 370/522/305 361/510/296
f 281/465/219 397/561/332 426/602/359
f 286/415/224 337/478/275 427/603/360
f 392/556/327 272/398/211 360/509/295
f 364/513/299 365/514/300 289/419/227
f 386/545/321 428/604/361 366/516/301
f 418/588/351 381/538/316 409/578/342
f 378/534/313 328/469/266 429/605/362
f 301/531/239 394/558/329 419/606/352
f 354/502/289 430/607/363 380/537/315
f 337/478/275 314/450/252 431/608/364
f 357/506/292 346/490/284 432/609/365
f 407/575/340 287/416/225 279/408/217
f 327/468/265 433/610/366 346/490/284
f 408/611/341 390/552/325 434/612/367
f 380/537/315 429/605/362 328/469/266
f 408/611/341 434/612/367 411/580/344
f 435/613/368 323/593/261 412/614/345
f 342/485/280 381/538/316 410/579/343
f 369/521/304 362/511/297 383/542/318
f 376/529/311 398/564/333 389/548/324
f 406/615/339 387/565/322 436/616/369
f 437/617/370 371/523/306 438/618/371
f 371/523/306 437/617/370 312/486/250
f 414/584/347 330/551/268 400/619/335
f 312/486/250 437/617/370 353/620/288
f 439/621/372 372/525/307 393/557/328
f 372/525/307 440/622/373 329/530/267
f 364/513/299 306/442/244 416/586/349
f 441/623/374 406/615/339 436/616/369
f 251/372/193 365/514/300 442/624/375
f 405/573/338 286/415/224 427/603/360
f 416/586/349 345/533/283 378/625/313
f 374/527/309 443/626/376 320/457/258
f 392/556/327 444/627/377 390/552/325
f 390/552/325 444/627/377 434/612/367
f 369/521/304 445/628/378 318/455/256
f 349/495/30 274/403/30 446/629/30
f 348/499/30 351/498/30 447/630/379
f 392/556/327 360/509/295 448/631/380
f 444/627/377 411/580/344 434/612/367
f 378/625/313 429/632/362 449/633/381
f 406/574/339 441/634/374 398/564/333
f 424/598/357 389/597/324 450/635/382
f 375/528/310 357/563/292 451/636/383
f 356/504/291 366/516/301 428/604/361
f 432/609/365 346/490/284 433/610/366
f 442/624/375 365/514/300 452/637/384
f 453/638/385 364/513/299 416/586/349
f 416/586/349 378/625/313 453/638/385
f 396/560/331 430/607/363 354/502/289
f 391/553/326 454/639/386 423/596/356
f 435/613/368 455/640/387 323/593/261
f 360/509/295 282/411/220 359/508/294
f 383/542/318 456/641/388 369/521/304
f 320/457/258 443/626/376 457/642/389
f 314/450/252 252/373/194 431/608/364
f 458/643/390 372/525/307 439/621/372
f 398/564/333 441/634/374 459/644/391
f 460/645/392 329/470/267 461/646/393
f 329/647/267 440/648/373 461/649/393
f 427/603/360 337/478/275 462/650/394
f 463/651/395 429/605/362 380/537/315
f 440/622/373 372/525/307 458/643/390
f 452/637/384 365/514/300 464/652/396
f 465/653/397 341/482/279 413/582/346
f 320/457/258 466/654/398 379/535/314
f 320/457/258 457/642/389 466/654/398
f 378/625/313 449/633/381 453/638/385
f 421/594/354 323/593/261 455/640/387
f 467/655/399 418/588/351 409/578/342
f 318/455/256 445/628/378 422/595/355
f 468/656/400 410/579/343 381/538/316
f 384/543/319 341/482/279 469/657/401
f 470/658/402 374/527/309 405/573/338
f 444/627/377 392/556/327 471/659/403
f 391/553/326 411/580/344 454/639/386
f 422/595/355 420/591/353 367/517/302
f 445/628/378 369/521/304 456/641/388
f 252/373/194 375/660/310 472/661/404
f 468/656/400 381/538/316 417/587/350
f 414/584/347 400/619/335 473/662/405
f 355/503/290 474/663/406 377/532/312
f 475/664/407 395/559/330 361/510/296
f 363/512/298 476/665/408 393/562/328
f 412/666/345 477/667/409 435/668/368
f 443/626/376 374/527/309 470/658/402
f 389/548/324 398/564/333 450/669/382
f 387/565/322 399/567/334 478/670/410
f 433/671/366 327/493/265 348/492/30
f 329/470/267 460/645/392 479/672/411
f 440/648/373 480/673/412 461/649/393
f 471/659/403 392/556/327 448/631/380
f 383/542/318 384/543/319 481/674/413
f 444/627/377 454/639/386 411/580/344
f 482/675/414 423/596/356 454/639/386
f 462/650/394 337/478/275 431/608/364
f 370/676/305 281/465/219 426/602/359
f 393/557/328 476/677/408 439/621/372
f 417/587/350 483/678/415 468/656/400
f 484/679/416 397/561/332 404/572/337
f 404/572/337 329/470/267 479/672/411
f 398/564/333 459/644/391 450/669/382
f 485/680/417 449/633/381 429/632/362
f 485/681/417 429/682/362 486/683/418
f 435/613/368 477/684/409 455/640/387
f 357/506/292 432/609/365 451/685/383
f 279/408/217 251/372/193 442/624/375
f 436/616/369 487/686/419 441/623/374
f 466/654/398 457/642/389 488/687/420
f 463/651/395 486/688/418 429/605/362
f 405/573/338 427/603/360 470/658/402
f 365/514/300 364/513/299 464/652/396
f 377/532/312 489/689/421 396/560/331
f 394/583/329 490/690/422 419/691/352
f 474/663/406 355/503/290 491/692/423
f 409/578/342 423/596/356 467/655/399
f 492/693/424 461/694/393 480/695/412
f 360/509/295 359/508/294 493/696/425
f 448/631/380 360/509/295 493/696/425
f 384/543/319 494/697/426 481/674/413
f 384/543/319 469/657/401 494/697/426
f 341/482/279 465/653/397 469/657/401
f 425/599/358 293/424/231 466/654/398
f 293/424/231 379/535/314 466/654/398
f 349/495/30 446/629/30 495/698/30
f 496/699/427 380/537/315 430/607/363
f 478/670/410 436/616/369 387/565/322
f 443/626/376 470/658/402 497/700/428
f 399/567/334 419/589/352 498/701/429
f 415/585/348 373/526/308 499/702/430
f 353/501/288 500/703/431 373/526/308
f 501/704/432 462/650/394 431/608/364
f 252/373/194 472/661/404 431/608/364
f 417/587/350 418/588/351 483/678/415
f 459/644/391 441/634/374 502/705/433
f 371/523/306 410/579/343 438/618/371
f 400/619/335 424/706/357 503/707/434
f 396/560/331 504/708/435 430/607/363
f 414/584/347 473/662/405 490/690/422
f 414/584/347 490/690/422 394/583/329
f 395/601/330 475/709/407 505/710/436
f 477/684/409 492/693/424 480/695/412
f 477/684/409 480/695/412 506/711/437
f 477/712/409 412/713/345 507/714/438
f 359/715/294 421/716/354 508/717/439
f 509/718/440 457/642/389 443/626/376
f 509/718/440 443/626/376 497/700/428
f 454/639/386 444/627/377 482/675/414
f 423/596/356 482/675/414 510/719/441
f 363/512/298 407/575/340 476/665/408
f 450/720/382 503/707/434 424/706/357
f 470/658/402 427/603/360 511/721/442
f 500/703/431 353/501/288 512/722/443
f 361/510/296 370/522/305 513/723/444
f 463/651/395 496/699/427 514/724/445
f 463/651/395 380/537/315 496/699/427
f 418/588/351 467/655/399 515/725/446
f 483/678/415 516/726/447 468/656/400
f 476/677/408 458/643/390 439/621/372
f 404/572/337 479/672/411 484/679/416
f 442/624/375 517/727/448 279/408/217
f 437/617/370 512/728/443 353/620/288
f 453/638/385 449/633/381 518/729/449
f 415/585/348 428/604/361 386/545/321
f 436/730/369 478/731/410 519/732/450
f 399/733/334 498/734/429 478/731/410
f 400/619/335 503/707/434 473/662/405
f 505/710/436 475/709/407 520/735/451
f 467/655/399 423/596/356 510/719/441
f 461/736/393 492/737/424 521/738/452
f 506/739/437 492/740/424 455/741/387
f 455/741/387 492/740/424 507/742/438
f 455/640/387 477/684/409 506/711/437
f 492/693/424 477/684/409 507/743/438
f 421/716/354 455/744/387 508/717/439
f 433/671/366 348/492/30 522/745/453
f 508/746/439 420/591/353 422/595/355
f 523/747/454 444/627/377 471/659/403
f 524/748/455 431/608/364 472/661/404
f 451/685/383 432/609/365 525/749/456
f 442/624/375 452/637/384 517/727/448
f 476/665/408 407/575/340 526/750/457
f 503/707/434 450/720/382 527/751/458
f 440/622/373 458/643/390 476/677/408
f 499/702/430 373/526/308 500/703/431
f 474/663/406 489/689/421 377/532/312
f 428/604/361 415/585/348 528/752/459
f 356/504/291 491/692/423 355/503/290
f 432/609/365 433/610/366 525/749/456
f 460/645/392 461/646/393 529/753/460
f 450/669/382 459/644/391 530/754/461
f 506/755/437 521/738/452 492/737/424
f 461/756/393 521/757/452 507/758/438
f 507/759/438 521/760/452 455/761/387
f 482/675/414 444/627/377 531/762/462
f 502/705/433 441/634/374 487/763/419
f 532/764/463 452/637/384 464/652/396
f 511/721/442 427/603/360 462/650/394
f 475/664/407 361/510/296 513/723/444
f 452/637/384 533/765/464 517/727/448
f 279/408/217 534/766/465 407/575/340
f 438/618/371 535/767/466 437/617/370
f 518/729/449 449/633/381 536/768/467
f 436/616/369 519/769/450 537/770/468
f 485/680/417 536/768/467 449/633/381
f 428/604/361 528/752/459 538/771/469
f 396/560/331 489/689/421 504/708/435
f 499/702/430 528/752/459 415/585/348
f 507/758/438 539/772/470 461/756/393
f 455/761/387 521/760/452 540/773/471
f 506/774/437 480/775/412 541/776/472
f 506/774/437 541/776/472 521/777/452
f 448/631/380 493/696/425 471/659/403
f 469/657/401 465/653/397 542/778/473
f 274/403/30 395/601/330 505/710/436
f 540/779/471 507/758/438 412/780/345
f 508/717/439 455/744/387 540/781/471
f 412/581/345 420/591/353 540/782/471
f 508/746/439 540/782/471 420/591/353
f 422/595/355 543/783/474 508/746/439
f 543/783/474 422/595/355 445/628/378
f 359/715/294 508/717/439 543/784/474
f 359/508/294 543/785/474 493/696/425
f 456/641/388 543/783/474 445/628/378
f 456/641/388 383/542/318 481/674/413
f 466/654/398 544/786/475 425/599/358
f 444/627/377 523/747/454 531/762/462
f 348/787/30 545/788/30 546/789/30
f 545/790/30 348/499/30 447/630/379
f 459/644/391 502/705/433 530/754/461
f 440/622/373 476/677/408 480/791/412
f 503/707/434 490/690/422 473/662/405
f 437/617/370 535/767/466 512/728/443
f 514/724/445 486/688/418 463/651/395
f 364/513/299 453/638/385 547/792/476
f 453/638/385 518/729/449 547/792/476
f 426/602/359 397/561/332 548/793/477
f 407/575/340 534/766/465 526/750/457
f 279/408/217 517/727/448 534/766/465
f 549/794/478 537/795/468 519/732/450
f 451/685/383 525/749/456 550/796/479
f 413/582/346 425/599/358 544/786/475
f 482/675/414 531/762/462 551/797/480
f 510/719/441 482/675/414 551/797/480
f 438/618/371 410/579/343 552/798/481
f 462/650/394 553/799/482 511/721/442
f 494/697/426 469/657/401 542/778/473
f 535/767/466 438/618/371 552/798/481
f 503/707/434 527/751/458 554/800/483
f 555/801/484 489/689/421 474/663/406
f 556/802/485 557/803/486 558/804/487
f 557/803/486 559/805/488 558/804/487
f 558/806/487 559/807/488 560/808/489
f 561/809/490 529/753/460 461/646/393
f 418/588/351 515/725/446 483/678/415
f 457/642/389 509/718/440 562/810/491
f 497/700/428 562/810/491 509/718/440
f 497/700/428 470/658/402 511/721/442
f 543/785/474 563/811/492 493/696/425
f 564/812/493 474/663/406 491/692/423
f 468/656/400 516/726/447 410/579/343
f 502/705/433 487/763/419 565/813/494
f 364/513/299 547/792/476 464/652/396
f 566/814/495 567/815/496 568/816/497
f 486/688/418 514/724/445 569/817/498
f 370/676/305 426/602/359 570/818/499
f 538/771/469 571/819/500 428/604/361
f 487/686/419 436/616/369 537/770/468
f 504/708/435 489/689/421 572/820/501
f 478/731/410 498/734/429 519/732/450
f 573/821/502 536/768/467 485/680/417
f 539/822/470 561/809/490 461/646/393
f 515/725/446 574/823/503 483/678/415
f 530/824/461 527/751/458 450/720/382
f 471/659/403 493/696/425 563/811/492
f 523/747/454 471/659/403 563/811/492
f 494/697/426 543/783/474 481/674/413
f 544/786/475 542/778/473 465/653/397
f 457/642/389 562/810/491 488/687/420
f 570/818/499 426/602/359 548/793/477
f 516/726/447 483/678/415 575/825/504
f 532/764/463 576/826/505 533/765/464
f 452/637/384 532/764/463 533/765/464
f 410/579/343 516/726/447 577/827/506
f 578/828/507 480/791/412 476/677/408
f 541/776/472 480/775/412 578/829/507
f 569/817/498 514/724/445 496/699/427
f 501/704/432 579/830/508 462/650/394
f 580/831/509 568/832/497 581/833/510
f 504/708/435 582/834/511 430/607/363
f 581/833/510 474/663/406 564/812/493
f 533/765/464 583/835/512 517/727/448
f 571/819/500 491/692/423 356/504/291
f 428/604/361 571/819/500 356/504/291
f 562/810/491 497/700/428 584/836/513
f 585/837/514 549/794/478 519/732/450
f 419/691/352 490/690/422 498/838/429
f 519/732/450 498/734/429 585/837/514
f 474/663/406 581/833/510 555/801/484
f 556/802/485 558/804/487 586/839/515
f 557/840/486 556/841/485 587/842/516
f 568/816/497 588/843/517 566/814/495
f 588/843/517 568/816/497 580/844/509
f 553/799/482 462/650/394 579/830/508
f 525/749/456 433/610/366 589/845/518
f 575/825/504 483/678/415 590/846/519
f 494/847/426 542/848/473 591/849/520
f 559/807/488 557/840/486 587/842/516
f 497/700/428 511/721/442 584/836/513
f 467/655/399 510/719/441 592/850/521
f 592/850/521 515/725/446 467/655/399
f 540/779/471 539/772/470 507/758/438
f 481/674/413 543/783/474 456/641/388
f 413/582/346 544/786/475 465/653/397
f 544/786/475 466/654/398 593/851/522
f 466/654/398 488/687/420 593/851/522
f 446/629/30 274/403/30 594/852/30
f 567/853/496 566/854/495 595/855/523
f 484/679/416 548/793/477 397/561/332
f 526/856/457 534/857/465 596/858/524
f 532/764/463 464/652/396 597/859/525
f 569/817/498 496/699/427 598/860/526
f 579/830/508 501/704/432 599/861/527
f 600/862/528 472/661/404 375/660/310
f 595/855/523 601/863/529 567/853/496
f 583/835/512 533/765/464 576/826/505
f 490/690/422 503/707/434 602/864/530
f 460/645/392 529/753/460 603/865/531
f 476/677/408 526/856/457 578/828/507
f 604/866/532 568/832/497 567/867/496
f 574/823/503 515/725/446 605/868/533
f 552/798/481 410/579/343 577/827/506
f 370/522/305 570/869/499 513/723/444
f 606/870/534 607/871/535 608/872/536
f 502/705/433 609/873/537 530/754/461
f 584/836/513 610/874/538 562/810/491
f 489/689/421 555/801/484 611/875/539
f 604/866/532 581/833/510 568/832/497
f 558/804/487 560/876/489 612/877/540
f 580/831/509 581/833/510 613/878/541
f 614/879/542 550/796/479 525/749/456
f 475/664/407 615/880/543 520/881/451
f 451/636/383 600/882/528 375/528/310
f 601/883/529 616/884/544 567/867/496
f 607/885/535 617/886/545 608/887/536
f 571/819/500 564/812/493 491/692/423
f 609/873/537 502/705/433 565/813/494
f 534/888/465 517/889/448 618/890/546
f 512/728/443 535/767/466 619/891/547
f 572/820/501 489/689/421 611/875/539
f 503/707/434 554/800/483 602/864/530
f 620/892/548 566/814/495 588/843/517
f 599/861/527 501/704/432 621/893/549
f 479/672/411 460/645/392 484/679/416
f 590/846/519 483/678/415 574/823/503
f 541/776/472 622/894/550 521/777/452
f 623/895/551 591/849/520 542/848/473
f 623/895/551 542/848/473 624/896/552
f 542/848/473 544/897/475 624/896/552
f 551/797/480 531/762/462 625/898/553
f 625/898/553 510/719/441 551/797/480
f 560/808/489 559/807/488 626/899/554
f 592/850/521 605/868/533 515/725/446
f 563/811/492 543/785/474 627/900/555
f 531/762/462 523/747/454 563/811/492
f 615/880/543 475/664/407 513/723/444
f 581/833/510 611/875/539 555/801/484
f 516/726/447 575/825/504 577/827/506
f 572/820/501 582/834/511 504/708/435
f 628/901/556 588/843/517 580/844/509
f 617/886/545 607/885/535 629/902/557
f 487/686/419 537/770/468 630/903/558
f 609/904/537 554/800/483 527/751/458
f 604/866/532 567/867/496 631/905/559
f 549/906/478 585/907/514 632/908/560
f 490/690/422 602/864/530 498/838/429
f 496/699/427 430/607/363 633/909/561
f 619/891/547 535/767/466 552/798/481
f 613/878/541 581/833/510 564/812/493
f 484/679/416 460/645/392 603/865/531
f 529/753/460 561/809/490 603/865/531
f 603/865/531 561/809/490 634/910/562
f 578/829/507 622/894/550 541/776/472
f 584/836/513 511/721/442 553/799/482
f 553/799/482 579/830/508 635/911/563
f 567/867/496 616/884/544 631/905/559
f 548/793/477 484/679/416 636/912/564
f 517/913/448 583/914/512 637/915/565
f 547/792/476 597/859/525 464/652/396
f 604/866/532 611/875/539 581/833/510
f 518/729/449 638/916/566 547/792/476
f 602/864/530 639/917/567 498/838/429
f 501/704/432 431/608/364 621/893/549
f 586/839/515 558/804/487 612/877/540
f 640/918/568 472/661/404 600/862/528
f 560/876/489 641/919/569 612/877/540
f 617/886/545 629/902/557 642/920/570
f 618/890/546 517/889/448 643/921/571
f 643/922/571 517/913/448 637/915/565
f 528/752/459 499/702/430 644/923/572
f 499/702/430 500/703/431 645/924/573
f 512/728/443 646/925/574 647/926/575
f 485/681/417 486/683/418 648/927/576
f 549/906/478 632/908/560 537/770/468
f 649/928/577 642/920/570 629/902/557
f 641/929/569 560/808/489 626/899/554
f 550/796/479 614/879/542 451/685/383
f 577/827/506 650/930/578 552/798/481
f 651/931/579 562/810/491 610/874/538
f 592/850/521 510/719/441 625/898/553
f 652/932/184 505/710/436 520/735/451
f 274/403/30 505/710/436 652/932/184
f 521/777/452 622/894/550 540/933/471
f 539/934/470 540/933/471 622/894/550
f 589/845/518 433/610/366 522/935/453
f 494/847/426 591/849/520 543/936/474
f 627/900/555 531/762/462 563/811/492
f 544/897/475 653/937/580 624/896/552
f 653/937/580 544/897/475 593/938/522
f 593/851/522 488/687/420 654/939/581
f 654/939/581 488/687/420 562/810/491
f 594/852/30 274/403/30 652/932/184
f 546/789/30 655/940/30 656/941/30
f 348/787/30 546/789/30 656/941/30
f 657/942/30 446/629/30 594/852/30
f 606/870/534 658/943/582 607/871/535
f 606/870/534 608/872/536 658/943/582
f 530/824/461 609/904/537 527/751/458
f 532/764/463 659/944/583 576/826/505
f 518/729/449 536/768/467 638/916/566
f 619/891/547 646/925/574 512/728/443
f 585/945/514 498/838/429 639/917/567
f 633/909/561 430/607/363 582/834/511
f 500/946/431 512/728/443 647/926/575
f 556/841/485 586/947/515 660/948/584
f 587/842/516 556/841/485 660/948/584
f 524/748/455 472/661/404 661/949/585
f 525/749/456 589/845/518 614/879/542
f 629/950/557 607/871/535 662/951/586
f 639/917/567 602/864/530 554/800/483
f 659/944/583 532/764/463 597/859/525
f 596/858/524 663/952/587 526/856/457
f 578/828/507 526/856/457 663/952/587
f 664/953/588 573/954/502 485/681/417
f 641/919/569 665/955/589 612/877/540
f 610/874/538 584/836/513 666/956/590
f 667/957/591 666/956/590 584/836/513
f 626/899/554 559/807/488 587/842/516
f 625/898/553 531/762/462 668/958/592
f 669/959/593 574/823/503 605/868/533
f 611/875/539 604/866/532 631/905/559
f 583/914/512 576/960/505 670/961/594
f 536/768/467 573/821/502 671/962/595
f 632/963/560 585/964/514 672/965/596
f 673/966/597 646/925/574 649/928/577
f 628/901/556 580/844/509 613/967/541
f 598/860/526 496/699/427 633/909/561
f 431/608/364 524/748/455 621/893/549
f 572/820/501 611/875/539 674/968/598
f 662/951/586 607/871/535 658/943/582
f 675/969/599 570/818/499 548/793/477
f 658/943/582 608/872/536 676/970/600
f 595/855/523 677/971/601 601/863/529
f 499/702/430 645/924/573 644/923/572
f 487/686/419 630/903/558 678/972/602
f 614/879/542 600/973/528 451/685/383
f 590/846/519 679/974/603 575/825/504
f 679/974/603 577/827/506 575/825/504
f 676/975/600 608/976/536 617/977/545
f 578/829/507 663/978/587 622/894/550
f 610/874/538 666/956/590 651/931/579
f 584/836/513 553/799/482 667/957/591
f 680/979/604 660/948/584 586/947/515
f 681/980/605 634/910/562 561/809/490
f 561/981/490 539/982/470 682/983/606
f 653/937/580 591/849/520 623/895/551
f 653/937/580 623/895/551 624/896/552
f 619/891/547 683/984/607 646/925/574
f 566/854/495 620/985/548 595/855/523
f 579/830/508 599/861/527 635/911/563
f 524/748/455 684/986/608 621/893/549
f 661/949/585 472/661/404 640/918/568
f 664/953/588 485/681/417 648/927/576
f 619/891/547 552/798/481 650/930/578
f 538/987/469 528/988/459 685/989/609
f 671/962/595 573/821/502 686/990/610
f 673/991/597 649/992/577 687/993/611
f 687/993/611 649/992/577 662/951/586
f 629/950/557 662/951/586 649/992/577
f 684/986/608 524/748/455 661/949/585
f 667/957/591 553/799/482 635/911/563
f 574/823/503 669/959/593 688/994/612
f 590/846/519 574/823/503 688/994/612
f 642/920/570 649/928/577 683/984/607
f 631/905/559 674/968/598 611/875/539
f 528/988/459 644/995/572 685/989/609
f 609/904/537 639/917/567 554/800/483
f 646/925/574 673/966/597 647/926/575
f 564/996/493 571/997/500 689/998/613
f 620/892/548 588/843/517 690/999/614
f 691/1000/615 569/817/498 598/860/526
f 692/1001/616 572/820/501 674/968/598
f 649/928/577 646/925/574 683/984/607
f 659/1002/583 693/1003/617 576/960/505
f 620/985/548 694/1004/618 595/855/523
f 695/1005/619 609/1006/537 565/1007/494
f 576/960/505 693/1003/617 670/961/594
f 645/924/573 500/703/431 647/1008/575
f 537/770/468 632/908/560 696/1009/620
f 619/891/547 650/930/578 683/984/607
f 679/974/603 590/846/519 688/994/612
f 682/983/606 681/1010/605 561/981/490
f 539/934/470 697/1011/621 682/1012/606
f 627/1013/555 591/849/520 653/937/580
f 654/939/581 562/810/491 651/931/579
f 591/849/520 627/1013/555 543/936/474
f 698/1014/622 627/1013/555 653/937/580
f 592/850/521 627/900/555 698/1015/622
f 605/1016/533 592/1017/521 698/1014/622
f 348/787/30 656/941/30 522/1018/453
f 653/937/580 593/938/522 698/1014/622
f 699/1019/623 698/1014/622 593/938/522
f 698/1014/622 699/1019/623 605/1016/533
f 513/723/444 570/869/499 615/880/543
f 609/904/537 695/1020/619 639/917/567
f 484/679/416 603/865/531 700/1021/624
f 565/813/494 487/763/419 678/1022/602
f 672/1023/596 585/945/514 639/917/567
f 635/911/563 599/861/527 701/1024/625
f 612/877/540 702/1025/626 586/839/515
f 702/1025/626 612/877/540 665/955/589
f 650/930/578 577/827/506 703/1026/627
f 665/955/589 641/919/569 704/1027/628
f 573/954/502 664/953/588 686/1028/610
f 569/817/498 648/1029/576 486/688/418
f 705/1030/629 706/1031/630 707/1032/631
f 571/997/500 538/987/469 708/1033/632
f 701/1024/625 599/861/527 621/893/549
f 683/984/607 709/1034/633 642/920/570
f 700/1021/624 603/865/531 634/910/562
f 652/1035/184 520/881/451 710/1036/634
f 484/679/416 700/1021/624 636/912/564
f 675/969/599 548/793/477 636/912/564
f 671/962/595 638/916/566 536/768/467
f 630/903/558 537/770/468 696/1009/620
f 547/792/476 638/916/566 597/859/525
f 632/1037/560 672/1038/596 711/1039/635
f 711/1040/635 672/1023/596 712/1041/636
f 577/827/506 679/974/603 703/1026/627
f 702/1025/626 713/1042/637 586/839/515
f 714/1043/638 650/930/578 703/1026/627
f 714/1043/638 683/984/607 650/930/578
f 715/1044/639 665/955/589 704/1027/628
f 709/1034/633 716/1045/640 717/1046/641
f 718/1047/642 600/973/528 614/879/542
f 631/905/559 616/884/544 601/883/529
f 639/917/567 719/1048/643 672/1023/596
f 689/998/613 613/967/541 564/996/493
f 716/1045/640 720/1049/644 717/1046/641
f 691/1000/615 648/1029/576 569/817/498
f 721/1050/645 665/955/589 715/1044/639
f 583/914/512 670/961/594 637/915/565
f 617/886/545 642/920/570 722/1051/646
f 722/1052/646 676/975/600 617/977/545
f 531/762/462 627/900/555 723/1053/647
f 592/850/521 625/898/553 723/1053/647
f 605/868/533 688/994/612 669/959/593
f 724/1054/648 725/1055/649 679/974/603
f 622/894/550 663/978/587 726/1056/650
f 723/1053/647 627/900/555 592/850/521
f 699/1057/623 688/994/612 605/868/533
f 710/1036/634 520/881/451 615/880/543
f 727/1058/651 595/855/523 694/1004/618
f 676/970/600 728/1059/652 658/943/582
f 620/892/548 690/999/614 729/1060/653
f 588/843/517 628/901/556 690/999/614
f 707/1032/631 706/1031/630 730/1061/654
f 632/908/560 731/1062/655 696/1009/620
f 589/845/518 522/935/453 614/879/542
f 732/1063/656 717/1064/641 733/1065/657
f 717/1064/641 720/1066/644 733/1065/657
f 633/909/561 582/834/511 734/1067/658
f 709/1034/633 683/984/607 716/1045/640
f 734/1067/658 582/834/511 572/820/501
f 734/1067/658 572/820/501 692/1001/616
f 704/1068/628 641/929/569 626/899/554
f 735/1069/659 709/1034/633 717/1046/641
f 732/1063/656 735/1070/659 717/1064/641
f 615/880/543 570/869/499 736/1071/660
f 737/1072/661 628/901/556 613/967/541
f 647/1073/575 738/1074/662 645/1075/573
f 673/991/597 687/993/611 647/1073/575
f 658/943/582 687/993/611 662/951/586
f 712/1041/636 672/1023/596 719/1048/643
f 711/1039/635 731/1076/655 632/1037/560
f 739/1077/663 665/955/589 721/1050/645
f 722/1051/646 642/920/570 709/1034/633
f 637/915/565 670/961/594 693/1003/617
f 668/958/592 531/762/462 723/1053/647
f 668/958/592 723/1053/647 625/898/553
f 703/1026/627 679/974/603 725/1055/649
f 714/1043/638 716/1045/640 683/984/607
f 678/1022/602 740/1078/664 565/813/494
f 677/971/601 595/855/523 727/1058/651
f 741/1079/665 719/1048/643 639/917/567
f 742/1080/666 635/911/563 743/1081/667
f 621/893/549 684/986/608 701/1024/625
f 598/860/526 633/909/561 744/1082/668
f 626/899/554 587/842/516 745/1083/669
f 631/905/559 601/883/529 677/1084/601
f 694/1004/618 620/985/548 746/1085/670
f 570/818/499 675/969/599 736/1086/660
f 747/1087/671 628/901/556 737/1072/661
f 695/1005/619 565/1007/494 740/1088/664
f 740/1088/664 741/1089/665 695/1005/619
f 734/1067/658 744/1082/668 633/909/561
f 722/1051/646 709/1034/633 735/1069/659
f 748/1090/672 681/1010/605 682/983/606
f 680/979/604 586/947/515 713/1091/637
f 666/956/590 667/957/591 742/1080/666
f 667/957/591 635/911/563 742/1080/666
f 745/1083/669 704/1068/628 626/899/554
f 679/974/603 688/994/612 749/1092/673
f 682/1012/606 697/1011/621 750/1093/674
f 688/994/612 699/1057/623 751/1094/675
f 594/852/30 652/932/184 752/1095/30
f 593/938/522 753/1096/676 699/1019/623
f 654/1097/581 753/1098/676 593/1099/522
f 656/1100/30 754/1101/677 755/1102/30
f 753/1096/676 751/1103/675 699/1019/623
f 522/1018/453 656/941/30 755/1104/30
f 752/1095/30 756/1105/30 594/852/30
f 757/1106/678 594/852/30 756/1105/30
f 746/1107/670 620/892/548 729/1060/653
f 693/1003/617 659/1002/583 758/1108/679
f 630/903/558 759/1109/680 678/972/602
f 637/915/565 693/1003/617 760/1110/681
f 761/1111/682 663/1112/587 596/1113/524
f 707/1114/631 730/1115/654 762/1116/683
f 739/1077/663 702/1025/626 665/955/589
f 660/948/584 745/1083/669 587/842/516
f 685/989/609 708/1033/632 538/987/469
f 691/1000/615 598/860/526 744/1082/668
f 687/993/611 738/1074/662 647/1073/575
f 687/993/611 658/943/582 728/1059/652
f 763/1117/684 643/922/571 637/915/565
f 714/1043/638 703/1026/627 764/1118/685
f 765/1119/686 685/989/609 644/995/572
f 695/1020/619 741/1079/665 639/917/567
f 719/1048/643 741/1079/665 766/1120/687
f 712/1041/636 719/1048/643 767/1121/688
f 680/979/604 745/1083/669 660/948/584
f 630/1122/558 696/1123/620 767/1124/688
f 696/1125/620 712/1041/636 767/1121/688
f 596/1113/524 534/888/465 768/1126/689
f 748/1127/672 634/910/562 681/980/605
f 663/978/587 761/1128/682 726/1056/650
f 720/1049/644 716/1045/640 769/1129/690
f 766/1120/687 767/1121/688 719/1048/643
f 630/1122/558 767/1124/688 770/1130/691
f 534/888/465 618/890/546 643/921/571
f 705/1131/629 707/1114/631 771/1132/692
f 613/967/541 689/998/613 737/1072/661
f 689/998/613 571/997/500 708/1033/632
f 678/1022/602 772/1133/693 740/1078/664
f 706/1031/630 705/1030/629 773/1134/694
f 712/1041/636 774/1135/695 711/1040/635
f 739/1077/663 775/1136/696 702/1025/626
f 761/1111/682 596/1113/524 768/1126/689
f 750/1137/674 748/1090/672 682/983/606
f 651/931/579 666/956/590 776/1138/697
f 724/1054/648 679/974/603 749/1092/673
f 710/1036/634 615/880/543 777/1139/698
f 630/903/558 778/1140/699 759/1109/680
f 779/1141/700 675/969/599 636/912/564
f 712/1041/636 696/1125/620 774/1135/695
f 771/1132/692 773/1142/694 705/1131/629
f 701/1024/625 684/986/608 780/1143/701
f 769/1144/690 733/1065/657 720/1066/644
f 661/949/585 781/1145/702 684/986/608
f 722/1146/646 728/1059/652 676/970/600
f 628/901/556 747/1087/671 690/999/614
f 637/915/565 760/1110/681 782/1147/703
f 763/1117/684 637/915/565 782/1147/703
f 706/1031/630 783/1148/704 730/1061/654
f 771/1132/692 707/1114/631 762/1116/683
f 784/1149/705 661/949/585 640/918/568
f 718/1047/642 614/879/542 522/935/453
f 743/1081/667 635/911/563 701/1024/625
f 680/979/604 713/1091/637 785/1150/706
f 764/1118/685 703/1026/627 786/1151/707
f 787/1152/708 716/1045/640 714/1043/638
f 716/1045/640 787/1152/708 769/1129/690
f 788/1153/709 789/1154/710 790/1155/711
f 759/1109/680 791/1156/712 678/972/602
f 691/1000/615 744/1082/668 792/1157/713
f 721/1050/645 793/1158/714 739/1077/663
f 645/1159/573 794/1160/715 644/1161/572
f 793/1158/714 721/1050/645 715/1044/639
f 735/1070/659 732/1063/656 733/1065/657
f 640/918/568 600/862/528 795/1162/716
f 778/1140/699 630/903/558 796/1163/717
f 700/1021/624 634/910/562 797/1164/718
f 659/1002/583 597/1165/525 758/1108/679
f 730/1061/654 783/1148/704 798/1166/719
f 799/1167/720 711/1040/635 774/1135/695
f 775/1136/696 739/1077/663 800/1168/721
f 648/927/576 801/1169/722 664/953/588
f 661/949/585 784/1149/705 781/1145/702
f 802/1170/723 645/1159/573 803/1171/724
f 600/862/528 718/1172/642 795/1162/716
f 728/1059/652 804/1173/725 687/993/611
f 666/956/590 742/1080/666 776/1138/697
f 688/994/612 751/1094/675 749/1092/673
f 539/934/470 622/894/550 697/1011/621
f 776/1174/697 753/1098/676 654/1097/581
f 651/931/579 776/1138/697 654/939/581
f 752/1095/30 805/1175/726 756/1105/30
f 790/1176/711 806/1177/727 788/1178/709
f 730/1061/654 798/1166/719 807/1179/728
f 783/1148/704 706/1031/630 773/1134/694
f 730/1180/654 808/1181/729 762/1182/683
f 809/1183/730 638/916/566 810/1184/731
f 780/1143/701 684/986/608 781/1145/702
f 691/1000/615 792/1157/713 648/1029/576
f 630/903/558 770/1185/691 796/1163/717
f 696/1125/620 731/1186/655 774/1135/695
f 522/935/453 811/1187/732 718/1047/642
f 713/1042/637 702/1025/626 812/1188/733
f 746/1107/670 729/1060/653 813/1189/734
f 789/1154/710 814/1190/735 790/1155/711
f 779/1141/700 636/912/564 815/1191/736
f 768/1126/689 534/888/465 643/921/571
f 816/1192/737 731/1076/655 711/1039/635
f 762/1182/683 808/1181/729 817/1193/738
f 818/1194/739 819/1195/740 820/1196/741
f 645/1159/573 738/1197/662 803/1171/724
f 748/1127/672 797/1164/718 634/910/562
f 710/1036/634 821/1198/742 652/1035/184
f 822/1199/743 776/1138/697 742/1080/666
f 823/1200/744 742/1080/666 743/1081/667
f 703/1026/627 725/1055/649 786/1151/707
f 715/1201/639 704/1068/628 824/1202/745
f 738/1074/662 687/993/611 804/1173/725
f 700/1021/624 797/1164/718 636/912/564
f 725/1055/649 724/1054/648 825/1203/746
f 702/1025/626 775/1136/696 812/1188/733
f 597/859/525 638/916/566 809/1183/730
f 664/953/588 801/1169/722 826/1204/747
f 728/1059/652 722/1146/646 804/1173/725
f 827/1205/748 734/1067/658 692/1001/616
f 730/1206/654 828/1207/749 808/1208/729
f 817/1193/738 808/1181/729 829/1209/750
f 830/1210/751 701/1024/625 780/1143/701
f 677/1211/601 727/1212/651 831/1213/752
f 806/1177/727 832/1214/753 788/1178/709
f 774/1135/695 731/1186/655 799/1167/720
f 733/1215/657 769/1216/690 833/1217/754
f 743/1081/667 701/1024/625 830/1210/751
f 834/1218/755 780/1143/701 781/1145/702
f 645/1159/573 802/1170/723 794/1160/715
f 770/1219/691 767/1121/688 766/1120/687
f 742/1080/666 823/1200/744 822/1199/743
f 804/1220/725 803/1171/724 738/1197/662
f 835/1221/756 748/1127/672 750/1222/674
f 751/1103/675 753/1096/676 749/1223/673
f 724/1054/648 749/1092/673 825/1203/746
f 789/1154/710 788/1153/709 832/1224/753
f 693/1003/617 758/1108/679 760/1110/681
f 800/1168/721 739/1077/663 793/1158/714
f 680/979/604 785/1150/706 836/1225/757
f 837/1226/758 831/1213/752 727/1212/651
f 837/1227/758 727/1058/651 694/1004/618
f 815/1191/736 636/912/564 797/1164/718
f 711/1228/635 799/1229/720 838/1230/759
f 730/1061/654 839/1231/760 828/1232/749
f 638/916/566 671/962/595 810/1184/731
f 840/1233/761 686/1028/610 826/1204/747
f 686/1028/610 664/953/588 826/1204/747
f 722/1146/646 735/1070/659 841/1234/762
f 820/1235/741 842/1236/763 818/1237/739
f 640/918/568 843/1238/764 784/1149/705
f 795/1162/716 718/1172/642 811/1239/732
f 844/1240/765 793/1158/714 715/1044/639
f 791/1241/712 772/1133/693 678/1022/602
f 770/1219/691 766/1120/687 845/1242/766
f 743/1081/667 846/1243/767 823/1200/744
f 745/1083/669 847/1244/768 704/1068/628
f 631/905/559 677/1084/601 674/968/598
f 778/1140/699 848/1245/769 759/1109/680
f 736/1071/660 777/1139/698 615/880/543
f 731/1246/655 816/1247/737 849/1248/770
f 711/1228/635 838/1230/759 816/1249/737
f 850/1250/771 773/1142/694 771/1132/692
f 671/962/595 686/990/610 840/1251/761
f 597/1165/525 809/1252/730 851/1253/772
f 808/1208/729 828/1207/749 852/1254/773
f 852/1254/773 829/1255/750 808/1208/729
f 648/1029/576 792/1157/713 853/1256/774
f 841/1234/762 735/1070/659 733/1065/657
f 834/1218/755 830/1210/751 780/1143/701
f 680/979/604 847/1244/768 745/1083/669
f 824/1202/745 704/1068/628 847/1244/768
f 814/1190/735 789/1154/710 832/1224/753
f 690/999/614 747/1087/671 854/1257/775
f 855/1258/776 807/1179/728 798/1166/719
f 839/1231/760 730/1061/654 807/1179/728
f 758/1108/679 597/1165/525 851/1253/772
f 781/1145/702 784/1149/705 856/1259/777
f 680/979/604 836/1225/757 847/1244/768
f 857/1260/778 713/1091/637 812/1261/733
f 822/1199/743 823/1200/744 858/1262/779
f 743/1081/667 859/1263/780 846/1243/767
f 753/1098/676 776/1174/697 860/1264/781
f 755/1265/30 861/1266/782 862/1267/783
f 860/1264/781 776/1174/697 822/1268/743
f 755/1104/30 863/1269/784 522/1018/453
f 710/1036/634 777/1139/698 821/1198/742
f 736/1086/660 675/969/599 779/1141/700
f 819/1195/740 864/1270/785 820/1196/741
f 762/1182/683 817/1193/738 865/1271/786
f 768/1126/689 643/921/571 866/1272/787
f 809/1183/730 810/1184/731 867/1273/788
f 833/1217/754 769/1216/690 787/1274/708
f 740/1088/664 868/1275/789 741/1089/665
f 791/1156/712 759/1109/680 869/1276/790
f 848/1245/769 870/1277/791 759/1109/680
f 854/1257/775 729/1060/653 690/999/614
f 674/968/598 677/1084/601 871/1278/792
f 816/1247/737 872/1279/793 849/1248/770
f 855/1258/776 798/1166/719 783/1148/704
f 873/1280/794 872/1279/793 816/1247/737
f 771/1132/692 762/1116/683 865/1281/786
f 763/1282/684 866/1272/787 643/921/571
f 725/1055/649 874/1283/795 786/1151/707
f 830/1210/751 859/1263/780 743/1081/667
f 875/1284/796 819/1195/740 818/1194/739
f 809/1252/730 867/1285/788 851/1253/772
f 876/1286/797 775/1136/696 800/1168/721
f 772/1133/693 791/1241/712 877/1287/798
f 878/1288/799 722/1146/646 841/1234/762
f 879/1289/800 845/1242/766 766/1120/687
f 797/1164/718 748/1127/672 835/1221/756
f 731/1186/655 849/1290/770 799/1167/720
f 783/1148/704 773/1134/694 880/1291/801
f 873/1292/794 816/1249/737 881/1293/802
f 850/1250/771 771/1132/692 865/1281/786
f 714/1043/638 764/1118/685 787/1152/708
f 812/1188/733 775/1136/696 882/1294/803
f 833/1217/754 841/1295/762 733/1215/657
f 795/1162/716 843/1238/764 640/918/568
f 842/1236/763 820/1235/741 883/1296/804
f 713/1091/637 857/1260/778 785/1150/706
f 824/1202/745 844/1297/765 715/1201/639
f 849/1248/770 872/1279/793 884/1298/805
f 821/1198/742 777/1139/698 885/1299/806
f 886/1300/807 872/1279/793 873/1280/794
f 828/1232/749 839/1231/760 887/1301/808
f 872/1279/793 888/1302/809 889/1303/810
f 872/1279/793 886/1300/807 888/1302/809
f 689/998/613 708/1033/632 890/1304/811
f 891/1305/812 888/1302/809 886/1300/807
f 820/1235/741 864/1306/785 883/1296/804
f 876/1286/797 882/1294/803 775/1136/696
f 811/1187/732 522/935/453 892/1307/813
f 741/1089/665 868/1275/789 893/1308/814
f 766/1120/687 741/1079/665 879/1289/800
f 870/1277/791 869/1276/790 759/1109/680
f 797/1164/718 835/1221/756 894/1309/815
f 740/1088/664 772/1310/693 868/1275/789
f 761/1128/682 895/1311/816 726/1056/650
f 749/1223/673 753/1096/676 896/1312/817
f 858/1262/779 823/1200/744 846/1243/767
f 897/1313/818 749/1223/673 896/1312/817
f 897/1314/818 825/1203/746 749/1092/673
f 747/1087/671 737/1072/661 898/1315/819
f 885/1299/806 777/1139/698 899/1316/820
f 881/1293/802 816/1249/737 838/1230/759
f 874/1283/795 725/1055/649 825/1203/746
f 900/1317/821 786/1151/707 874/1283/795
f 764/1118/685 786/1151/707 900/1317/821
f 901/1318/822 819/1195/740 875/1284/796
f 902/1319/823 791/1156/712 869/1276/790
f 685/989/609 765/1119/686 903/1320/824
f 765/1119/686 644/995/572 794/1321/715
f 879/1289/800 741/1079/665 893/1322/814
f 804/1173/725 722/1146/646 878/1288/799
f 803/1171/724 804/1220/725 904/1323/825
f 842/1236/763 905/1324/826 818/1237/739
f 694/1004/618 746/1085/670 906/1325/827
f 906/1325/827 746/1085/670 907/1326/828
f 855/1258/776 783/1148/704 880/1291/801
f 908/1327/829 773/1142/694 850/1250/771
f 909/1328/830 778/1140/699 796/1163/717
f 799/1229/720 849/1329/770 838/1230/759
f 777/1139/698 736/1071/660 899/1316/820
f 815/1191/736 797/1164/718 894/1309/815
f 758/1108/679 851/1253/772 910/1330/831
f 852/1254/773 828/1207/749 911/1331/832
f 912/1332/833 768/1126/689 866/1272/787
f 781/1145/702 913/1333/834 834/1218/755
f 900/1317/821 787/1152/708 764/1118/685
f 806/1334/727 790/1335/711 914/1336/835
f 915/1337/836 875/1338/796 818/1237/739
f 870/1277/791 916/1339/837 917/1340/838
f 734/1067/658 918/1341/839 744/1082/668
f 915/1337/836 818/1237/739 905/1324/826
f 827/1205/748 692/1001/616 919/1342/840
f 813/1189/734 729/1060/653 920/1343/841
f 921/1344/842 916/1339/837 922/1345/843
f 674/968/598 871/1278/792 692/1001/616
f 848/1245/769 916/1339/837 870/1277/791
f 773/1142/694 908/1327/829 880/1346/801
f 790/1155/711 814/1190/735 923/1347/844
f 770/1219/691 845/1242/766 796/1348/717
f 761/1111/682 768/1126/689 924/1349/845
f 925/1350/846 846/1243/767 859/1263/780
f 892/1307/813 522/935/453 926/1351/847
f 782/1147/703 760/1110/681 927/1352/848
f 914/1336/835 790/1335/711 928/1353/849
f 929/1354/850 648/927/576 853/1355/774
f 930/1356/851 911/1331/832 828/1207/749
f 812/1188/733 882/1294/803 901/1318/822
f 865/1271/786 817/1193/738 931/1357/852
f 677/1211/601 831/1213/752 871/1358/792
f 844/1297/765 824/1202/745 932/1359/853
f 933/1360/854 772/1310/693 877/1361/798
f 772/1310/693 933/1360/854 868/1275/789
f 869/1276/790 870/1277/791 934/1362/855
f 845/1242/766 879/1289/800 935/1363/856
f 828/1207/749 887/1364/808 930/1356/851
f 760/1110/681 758/1108/679 910/1330/831
f 931/1357/852 817/1193/738 829/1209/750
f 838/1230/759 849/1329/770 936/1365/857
f 912/1332/833 924/1349/845 768/1126/689
f 843/1238/764 856/1259/777 784/1149/705
f 819/1195/740 937/1366/858 864/1270/785
f 937/1366/858 819/1195/740 938/1367/859
f 791/1156/712 902/1319/823 877/1368/798
f 819/1195/740 901/1318/822 938/1367/859
f 904/1323/825 804/1220/725 878/1369/799
f 934/1362/855 870/1277/791 917/1340/838
f 746/1107/670 813/1189/734 939/1370/860
f 932/1359/853 824/1202/745 847/1244/768
f 857/1260/778 812/1261/733 875/1338/796
f 940/1371/861 652/1035/184 821/1198/742
f 941/1372/862 835/1221/756 750/1222/674
f 752/1095/30 652/932/184 940/1373/861
f 697/1011/621 622/894/550 942/1374/863
f 726/1056/650 895/1311/816 622/894/550
f 622/1375/550 895/1376/816 942/1377/863
f 755/1378/30 862/1379/783 943/1380/864
f 752/1095/30 944/1381/30 945/1382/30
f 899/1316/820 736/1071/660 946/1383/865
f 890/1304/811 737/1072/661 689/998/613
f 781/1145/702 856/1259/777 913/1333/834
f 802/1170/723 803/1171/724 947/1384/866
f 901/1385/822 875/1338/796 812/1261/733
f 948/1386/867 800/1168/721 793/1158/714
f 921/1344/842 917/1340/838 916/1339/837
f 785/1150/706 857/1260/778 949/1387/868
f 792/1157/713 744/1082/668 918/1341/839
f 871/1278/792 919/1342/840 692/1001/616
f 848/1245/769 778/1140/699 909/1328/830
f 950/1388/869 831/1213/752 837/1226/758
f 887/1301/808 951/1389/870 952/1390/871
f 881/1293/802 838/1230/759 936/1365/857
f 708/1033/632 953/1391/872 890/1304/811
f 787/1274/708 900/1392/821 954/1393/873
f 913/1333/834 856/1259/777 843/1238/764
f 901/1318/822 882/1294/803 955/1394/874
f 671/962/595 914/1336/835 810/1184/731
f 801/1169/722 648/927/576 929/1354/850
f 875/1338/796 915/1337/836 956/1395/875
f 734/1067/658 957/1396/876 918/1341/839
f 894/1309/815 835/1221/756 941/1372/862
f 958/1397/877 895/1376/816 761/1111/682
f 845/1242/766 935/1363/856 796/1348/717
f 884/1298/805 872/1279/793 959/1398/878
f 952/1399/871 930/1356/851 887/1364/808
f 874/1283/795 825/1203/746 960/1400/879
f 891/1401/812 961/1402/880 888/1403/809
f 873/1404/794 962/1405/881 886/1406/807
f 833/1217/754 787/1274/708 954/1393/873
f 832/1407/753 806/1334/727 963/1408/882
f 964/1409/883 882/1294/803 965/1410/884
f 903/1320/824 765/1119/686 966/1411/885
f 806/1334/727 914/1336/835 967/1412/886
f 947/1384/866 794/1160/715 802/1170/723
f 968/1413/887 694/1004/618 969/1414/888
f 810/1184/731 928/1353/849 867/1273/788
f 965/1410/884 882/1294/803 876/1286/797
f 970/1415/889 917/1340/838 921/1344/842
f 851/1253/772 867/1285/788 971/1416/890
f 854/1257/775 920/1343/841 729/1060/653
f 848/1245/769 972/1417/891 916/1339/837
f 922/1345/843 916/1339/837 972/1417/891
f 957/1396/876 734/1067/658 827/1205/748
f 855/1258/776 973/1418/892 807/1179/728
f 807/1179/728 973/1418/892 839/1231/760
f 836/1225/757 785/1150/706 949/1387/868
f 837/1227/758 694/1004/618 968/1413/887
f 923/1347/844 814/1190/735 832/1224/753
f 927/1352/848 760/1110/681 910/1330/831
f 782/1147/703 927/1352/848 763/1117/684
f 974/1419/893 959/1398/878 872/1279/793
f 765/1420/686 794/1160/715 966/1421/885
f 906/1325/827 969/1414/888 694/1004/618
f 914/1336/835 928/1353/849 810/1184/731
f 975/1422/894 964/1409/883 965/1410/884
f 976/1423/895 813/1189/734 920/1343/841
f 951/1389/870 887/1301/808 839/1231/760
f 911/1331/832 977/1424/896 852/1254/773
f 978/1425/897 909/1328/830 979/1426/898
f 909/1427/830 796/1428/717 980/1429/899
f 958/1397/877 761/1111/682 924/1349/845
f 873/1292/794 881/1293/802 981/1430/900
f 928/1431/849 790/1155/711 982/1432/901
f 956/1395/875 857/1260/778 875/1338/796
f 859/1263/780 830/1210/751 983/1433/902
f 925/1350/846 858/1262/779 846/1243/767
f 926/1351/847 522/935/453 863/1434/784
f 878/1369/799 841/1295/762 984/1435/903
f 708/1033/632 685/989/609 953/1391/872
f 938/1367/859 985/1436/904 937/1366/858
f 832/1407/753 963/1408/882 986/1437/905
f 864/1306/785 937/1438/858 987/1439/906
f 963/1408/882 806/1334/727 967/1412/886
f 803/1171/724 904/1323/825 947/1384/866
f 826/1204/747 801/1169/722 988/1440/907
f 882/1294/803 964/1409/883 955/1394/874
f 747/1087/671 898/1315/819 854/1257/775
f 850/1250/771 989/1441/908 908/1327/829
f 909/1328/830 972/1417/891 848/1245/769
f 948/1386/867 876/1286/797 800/1168/721
f 990/1442/909 991/1443/910 844/1297/765
f 990/1442/909 844/1297/765 932/1359/853
f 922/1345/843 972/1417/891 992/1444/911
f 889/1303/810 974/1419/893 872/1279/793
f 881/1293/802 936/1365/857 993/1445/912
f 852/1254/773 977/1424/896 829/1255/750
f 886/1446/807 994/1447/913 891/1448/812
f 995/1449/914 685/989/609 903/1320/824
f 996/1450/915 891/1448/812 994/1447/913
f 964/1409/883 997/1451/916 998/1452/917
f 975/1422/894 997/1451/916 964/1409/883
f 914/1336/835 671/962/595 999/1453/918
f 1000/1454/919 879/1289/800 893/1322/814
f 1001/1455/920 934/1362/855 917/1340/838
f 901/1318/822 955/1394/874 938/1367/859
f 965/1410/884 1002/1456/921 975/1422/894
f 978/1425/897 972/1417/891 909/1328/830
f 1003/1457/922 737/1072/661 890/1304/811
f 959/1398/878 978/1425/897 979/1426/898
f 859/1263/780 983/1433/902 1004/1458/923
f 962/1405/881 873/1404/794 1005/1459/924
f 830/1210/751 1006/1460/925 983/1433/902
f 830/1210/751 834/1218/755 1006/1460/925
f 1006/1460/925 834/1218/755 1007/1461/926
f 867/1462/788 928/1431/849 982/1432/901
f 904/1323/825 878/1369/799 1008/1463/927
f 865/1271/786 931/1357/852 1009/1464/928
f 779/1141/700 815/1191/736 1010/1465/929
f 961/1402/880 891/1401/812 996/1466/915
f 1011/1467/930 969/1414/888 1012/1468/931
f 1001/1455/920 917/1340/838 970/1415/889
f 898/1315/819 1013/1469/932 854/1257/775
f 1014/1470/933 973/1418/892 855/1258/776
f 880/1291/801 1014/1470/933 855/1258/776
f 965/1410/884 876/1286/797 1015/1471/934
f 793/1158/714 1016/1472/935 948/1386/867
f 844/1240/765 991/1473/910 793/1158/714
f 1017/1474/936 898/1315/819 737/1072/661
f 935/1363/856 879/1289/800 1000/1454/919
f 883/1296/804 905/1324/826 842/1236/763
f 815/1191/736 894/1309/815 1018/1475/937
f 847/1244/768 836/1225/757 1019/1476/938
f 1020/1477/939 930/1356/851 952/1399/871
f 1021/1478/940 977/1424/896 911/1331/832
f 984/1435/903 841/1295/762 833/1217/754
f 1021/1478/940 1022/1479/941 977/1424/896
f 794/1160/715 947/1384/866 1023/1480/942
f 933/1360/854 877/1361/798 1024/1481/943
f 1011/1467/930 1012/1468/931 1025/1482/944
f 868/1275/789 1026/1483/945 893/1308/814
f 918/1341/839 1027/1484/946 853/1256/774
f 792/1157/713 918/1341/839 853/1256/774
f 920/1343/841 854/1257/775 1028/1485/947
f 939/1370/860 813/1189/734 976/1423/895
f 1002/1456/921 965/1410/884 1015/1471/934
f 915/1337/836 905/1324/826 956/1395/875
f 1013/1469/932 1028/1485/947 854/1257/775
f 1019/1476/938 932/1359/853 847/1244/768
f 979/1426/898 884/1298/805 959/1398/878
f 951/1389/870 1017/1486/936 952/1390/871
f 951/1389/870 839/1231/760 973/1418/892
f 993/1445/912 981/1430/900 881/1293/802
f 1005/1459/924 873/1404/794 981/1487/900
f 894/1309/815 941/1372/862 1029/1488/948
f 796/1428/717 935/1489/856 1030/1490/949
f 941/1372/862 750/1222/674 1031/1491/950
f 750/1093/674 1032/1492/951 1031/1493/950
f 859/1263/780 1004/1458/923 925/1350/846
f 896/1494/817 753/1495/676 1033/1496/952
f 982/1432/901 790/1155/711 923/1347/844
f 697/1011/621 1032/1492/951 750/1093/674
f 1032/1492/951 697/1011/621 942/1374/863
f 1034/1497/953 1035/1498/954 1036/1499/30
f 1036/1500/30 1035/1501/954 755/1378/30
f 1036/1500/30 755/1378/30 943/1380/864
f 860/1502/781 1033/1496/952 753/1495/676
f 685/989/609 995/1449/914 953/1391/872
f 889/1503/810 888/1403/809 1037/1504/955
f 1022/1479/941 1021/1478/940 1038/1505/956
f 886/1406/807 962/1405/881 994/1506/913
f 967/1412/886 914/1336/835 999/1453/918
f 671/962/595 840/1251/761 999/1453/918
f 892/1307/813 1039/1507/957 811/1187/732
f 877/1361/798 902/1508/823 1024/1481/943
f 957/1396/876 827/1205/748 1040/1509/958
f 1013/1469/932 898/1315/819 1017/1474/936
f 1003/1457/922 1017/1474/936 737/1072/661
f 974/1419/893 978/1425/897 959/1398/878
f 952/1390/871 1017/1486/936 1003/1510/922
f 973/1418/892 1013/1511/932 951/1389/870
f 910/1330/831 851/1253/772 1041/1512/959
f 829/1255/750 977/1424/896 1042/1513/960
f 1012/1468/931 969/1414/888 1043/1514/961
f 1001/1515/920 970/1516/889 1044/1517/962
f 972/1417/891 978/1425/897 1045/1518/963
f 996/1450/915 994/1447/913 998/1452/917
f 996/1450/915 997/1451/916 1046/1519/964
f 998/1452/917 997/1451/916 996/1450/915
f 1047/1520/965 949/1387/868 857/1260/778
f 1048/1521/966 825/1203/746 897/1314/818
f 1049/1522/967 1004/1458/923 983/1433/902
f 983/1433/902 1050/1523/968 1049/1522/967
f 983/1433/902 1006/1460/925 1050/1523/968
f 867/1285/788 982/1524/901 971/1416/890
f 864/1306/785 987/1439/906 883/1296/804
f 834/1218/755 913/1333/834 1007/1461/926
f 979/1525/898 909/1427/830 980/1429/899
f 833/1217/754 954/1393/873 1051/1526/969
f 984/1435/903 833/1217/754 1051/1526/969
f 779/1141/700 1010/1465/929 736/1086/660
f 850/1250/771 865/1281/786 1009/1527/928
f 977/1424/896 1052/1528/970 1042/1513/960
f 763/1117/684 927/1352/848 1053/1529/971
f 1039/1507/957 892/1307/813 926/1351/847
f 988/1440/907 801/1169/722 929/1354/850
f 939/1370/860 976/1423/895 1028/1485/947
f 948/1386/867 1015/1471/934 876/1286/797
f 831/1213/752 919/1530/840 871/1358/792
f 951/1389/870 1013/1511/932 1017/1486/936
f 880/1346/801 908/1327/829 1054/1531/972
f 1055/1532/973 923/1533/844 832/1534/753
f 1020/1477/939 952/1399/871 1056/1535/974
f 984/1435/903 1008/1463/927 878/1369/799
f 1057/1536/975 866/1272/787 763/1282/684
f 1058/1537/976 1021/1478/940 911/1331/832
f 977/1424/896 1022/1479/941 1052/1528/970
f 1059/1538/977 1007/1461/926 913/1333/834
f 913/1333/834 843/1238/764 1059/1538/977
f 1011/1539/930 1025/1540/944 1060/1541/978
f 968/1413/887 969/1414/888 1011/1467/930
f 853/1355/774 1027/1542/946 929/1354/850
f 921/1344/842 1061/1543/979 970/1415/889
f 924/1349/845 912/1332/833 958/1397/877
f 992/1444/911 972/1417/891 1045/1518/963
f 974/1419/893 1045/1518/963 978/1425/897
f 1003/1544/922 1056/1535/974 952/1399/871
f 960/1400/879 825/1203/746 1048/1521/966
f 884/1545/805 979/1525/898 1062/1546/980
f 980/1429/899 796/1428/717 1030/1490/949
f 1033/1547/952 897/1313/818 896/1312/817
f 763/1282/684 1053/1548/971 1057/1536/975
f 1063/1549/981 1064/1550/982 1065/1551/983
f 986/1552/905 1055/1532/973 832/1534/753
f 961/1402/880 996/1466/915 1066/1553/984
f 829/1209/750 1042/1554/960 931/1357/852
f 837/1226/758 968/1555/887 950/1388/869
f 1010/1465/929 815/1191/736 1018/1475/937
f 795/1162/716 1067/1556/985 843/1238/764
f 933/1360/854 1026/1483/945 868/1275/789
f 992/1444/911 1068/1557/986 922/1345/843
f 1028/1558/947 973/1418/892 1014/1470/933
f 1028/1558/947 1013/1511/932 973/1418/892
f 989/1441/908 1054/1531/972 908/1327/829
f 989/1441/908 850/1250/771 1009/1527/928
f 889/1503/810 1037/1504/955 974/1559/893
f 961/1402/880 1037/1504/955 888/1403/809
f 1010/1465/929 946/1560/865 736/1086/660
f 1069/1561/987 994/1506/913 962/1405/881
f 1022/1479/941 1038/1505/956 1052/1528/970
f 947/1384/866 1070/1562/988 1023/1480/942
f 998/1563/917 1071/1564/989 964/1565/883
f 1072/1566/990 975/1567/894 1002/1568/921
f 746/1085/670 939/1569/860 907/1326/828
f 920/1343/841 1028/1485/947 976/1423/895
f 991/1473/910 1016/1472/935 793/1158/714
f 922/1345/843 1073/1570/991 921/1344/842
f 992/1444/911 1045/1518/963 1068/1557/986
f 1019/1476/938 836/1225/757 949/1387/868
f 923/1533/844 1055/1532/973 982/1524/901
f 1074/1571/992 1048/1572/966 897/1573/818
f 960/1400/879 1048/1521/966 874/1283/795
f 1005/1459/924 981/1487/900 1075/1574/993
f 883/1296/804 987/1439/906 1076/1575/994
f 1049/1522/967 1077/1576/995 1004/1458/923
f 1029/1488/948 941/1372/862 1031/1491/950
f 1078/1577/996 1031/1493/950 1079/1578/997
f 897/1573/818 1033/1496/952 1074/1571/992
f 1062/1546/980 1080/1579/998 884/1545/805
f 903/1580/824 966/1421/885 1081/1581/999
f 1060/1541/978 1082/1582/1000 1011/1539/930
f 968/1583/887 1011/1539/930 1082/1582/1000
f 1043/1514/961 969/1414/888 906/1325/827
f 1083/1584/1001 826/1204/747 988/1440/907
f 1001/1515/920 1084/1585/1002 934/1586/855
f 1073/1570/991 1061/1543/979 921/1344/842
f 1047/1520/965 1019/1476/938 949/1387/868
f 982/1524/901 1055/1532/973 1085/1587/1003
f 940/1371/861 821/1198/742 885/1299/806
f 981/1487/900 993/1588/912 1075/1574/993
f 866/1272/787 1057/1536/975 912/1332/833
f 963/1408/882 967/1412/886 1086/1589/1004
f 1087/1590/1005 1088/1591/1006 1089/1592/1007
f 905/1324/826 883/1296/804 1076/1575/994
f 1046/1519/964 997/1451/916 975/1422/894
f 1090/1593/1008 843/1238/764 1067/1556/985
f 811/1239/732 1067/1556/985 795/1162/716
f 1047/1520/965 857/1260/778 1091/1594/1009
f 1091/1594/1009 857/1260/778 956/1395/875
f 1073/1570/991 922/1345/843 1068/1557/986
f 1003/1544/922 890/1595/811 1056/1535/974
f 1037/1504/955 1045/1596/963 974/1559/893
f 1050/1523/968 1006/1460/925 1092/1597/1010
f 1002/1568/921 1015/1598/934 1093/1599/1011
f 849/1329/770 884/1545/805 1080/1579/998
f 849/1329/770 1080/1579/998 936/1365/857
f 1094/1600/1012 925/1350/846 1004/1458/923
f 1095/1601/1013 1035/1602/954 1034/1603/953
f 1035/1604/954 1095/1605/1013 1096/1606/30
f 860/1264/781 822/1268/743 1097/1607/1014
f 1097/1607/1014 1098/1608/1015 860/1264/781
f 858/1262/779 1097/1609/1014 822/1199/743
f 1098/1610/1015 1033/1496/952 860/1502/781
f 858/1262/779 925/1350/846 1094/1600/1012
f 994/1506/913 1069/1561/987 998/1563/917
f 1087/1590/1005 1038/1505/956 1088/1591/1006
f 1038/1505/956 1099/1611/1016 1100/1612/1017
f 1100/1612/1017 1088/1591/1006 1038/1505/956
f 843/1238/764 1090/1593/1008 1059/1538/977
f 1024/1481/943 1101/1613/1018 933/1360/854
f 918/1341/839 957/1396/876 1027/1484/946
f 827/1205/748 919/1342/840 1040/1509/958
f 1102/1614/1019 869/1615/790 934/1586/855
f 1063/1616/981 1065/1617/983 1103/1618/1020
f 900/1392/821 874/1619/795 1104/1620/1021
f 1030/1490/949 935/1489/856 1000/1621/919
f 1105/1622/1022 1103/1618/1020 1065/1617/983
f 1106/1623/1023 1105/1622/1022 1065/1617/983
f 1054/1624/972 1014/1470/933 880/1291/801
f 1047/1520/965 1107/1625/1024 1019/1476/938
f 1108/1626/1025 991/1443/910 990/1442/909
f 911/1331/832 930/1356/851 1058/1537/976
f 1064/1550/982 1109/1627/1026 1065/1551/983
f 1110/1628/1027 1060/1541/978 1025/1540/944
f 1006/1460/925 1007/1461/926 1059/1538/977
f 1067/1556/985 811/1239/732 1039/1629/957
f 1101/1613/1018 1024/1481/943 902/1508/823
f 1111/1630/1028 907/1326/828 939/1569/860
f 1111/1630/1028 939/1569/860 1112/1631/1029
f 1072/1566/990 1002/1568/921 1093/1599/1011
f 964/1565/883 1071/1564/989 955/1632/874
f 902/1633/823 869/1615/790 1102/1614/1019
f 948/1634/867 1113/1635/1030 1015/1636/934
f 890/1595/811 953/1637/872 1056/1535/974
f 1114/1638/1031 954/1393/873 900/1392/821
f 1019/1476/938 990/1442/909 932/1359/853
f 993/1445/912 936/1365/857 1115/1639/1032
f 1104/1620/1021 874/1619/795 1048/1572/966
f 894/1309/815 1029/1488/948 1018/1475/937
f 1078/1640/996 1029/1488/948 1031/1491/950
f 979/1525/898 980/1429/899 1116/1641/1033
f 979/1525/898 1116/1641/1033 1117/1642/1034
f 1118/1643/1035 1037/1504/955 961/1402/880
f 930/1356/851 1020/1477/939 1119/1644/1036
f 995/1645/914 903/1646/824 1120/1647/1037
f 904/1323/825 1121/1648/1038 947/1384/866
f 1121/1648/1038 904/1323/825 1008/1463/927
f 1100/1612/1017 1089/1592/1007 1088/1591/1006
f 985/1436/904 938/1367/859 955/1394/874
f 1041/1512/959 851/1253/772 971/1416/890
f 1083/1584/1001 1122/1649/1039 826/1204/747
f 1026/1483/945 933/1360/854 1101/1613/1018
f 1112/1650/1029 939/1370/860 1028/1485/947
f 1112/1651/1029 1028/1558/947 1014/1470/933
f 1091/1594/1009 1107/1625/1024 1047/1520/965
f 1071/1564/989 998/1563/917 1123/1652/1040
f 1038/1505/956 1021/1478/940 1099/1611/1016
f 1103/1618/1020 1105/1622/1022 1124/1653/1041
f 1085/1587/1003 1055/1532/973 1125/1654/1042
f 1105/1622/1022 1106/1623/1023 1126/1655/1043
f 985/1436/904 955/1394/874 1127/1656/1044
f 985/1436/904 1128/1657/1045 937/1366/858
f 840/1233/761 826/1204/747 1122/1649/1039
f 996/1466/915 1046/1658/964 1129/1659/1046
f 902/1508/823 1102/1660/1019 1101/1613/1018
f 1130/1661/1047 893/1308/814 1026/1483/945
f 1084/1585/1002 1102/1614/1019 934/1586/855
f 1113/1635/1030 948/1634/867 1107/1625/1024
f 1056/1535/974 953/1637/872 995/1645/914
f 1114/1638/1031 900/1392/821 1104/1620/1021
f 1108/1626/1025 1016/1662/935 991/1443/910
f 907/1326/828 1111/1630/1028 1131/1663/1048
f 1112/1651/1029 1014/1470/933 1132/1664/1049
f 1117/1642/1034 1062/1546/980 979/1525/898
f 1133/1665/1050 1004/1458/923 1077/1576/995
f 895/1376/816 958/1397/877 1134/1666/1051
f 752/1095/30 940/1373/861 1135/1667/1052
f 1031/1493/950 1032/1492/951 1079/1578/997
f 1004/1458/923 1133/1665/1050 1094/1600/1012
f 936/1365/857 1080/1579/998 1115/1639/1032
f 1136/1668/1053 971/1416/890 982/1524/901
f 1092/1597/1010 1077/1576/995 1049/1522/967
f 1050/1523/968 1092/1597/1010 1049/1522/967
f 1042/1554/960 1137/1669/1054 931/1357/852
f 1069/1561/987 1138/1670/1055 1139/1671/1056
f 1042/1554/960 1140/1672/1057 1137/1669/1054
f 1123/1652/1040 998/1563/917 1139/1671/1056
f 1042/1513/960 1052/1528/970 1140/1673/1057
f 966/1421/885 794/1160/715 1023/1480/942
f 1141/1674/1058 1124/1653/1041 1105/1622/1022
f 1006/1460/925 1059/1538/977 1142/1675/1059
f 1143/1676/1060 1039/1507/957 926/1351/847
f 1086/1589/1004 967/1412/886 999/1453/918
f 975/1567/894 1072/1566/990 1046/1658/964
f 1043/1514/961 906/1325/827 1131/1663/1048
f 907/1326/828 1131/1663/1048 906/1325/827
f 1015/1636/934 1113/1635/1030 1093/1677/1011
f 956/1395/875 905/1324/826 1144/1678/1061
f 1107/1625/1024 1091/1594/1009 1113/1635/1030
f 1054/1624/972 1132/1664/1049 1014/1470/933
f 1107/1625/1024 1108/1626/1025 1019/1476/938
f 1051/1526/969 954/1393/873 1114/1638/1031
f 1016/1662/935 1108/1626/1025 948/1634/867
f 1075/1574/993 993/1588/912 1115/1679/1032
f 1063/1616/981 1103/1618/1020 1145/1680/1062
f 927/1352/848 910/1330/831 1041/1512/959
f 1092/1597/1010 1006/1460/925 1146/1681/1063
f 987/1439/906 937/1438/858 1128/1682/1045
f 1000/1454/919 893/1322/814 1130/1683/1047
f 1019/1476/938 1108/1626/1025 990/1442/909
f 1147/1684/1064 1104/1620/1021 1048/1572/966
f 1135/1685/1052 885/1299/806 1148/1686/1065
f 962/1405/881 1005/1459/924 1138/1670/1055
f 962/1405/881 1138/1670/1055 1069/1561/987
f 955/1394/874 1071/1687/989 1127/1656/1044
f 1041/1512/959 971/1416/890 1149/1688/1066
f 1150/1689/1067 970/1415/889 1061/1543/979
f 1151/1690/1068 1027/1484/946 957/1396/876
f 1112/1631/1029 1152/1691/1069 1111/1630/1028
f 1153/1692/1070 831/1213/752 950/1388/869
f 956/1395/875 1144/1678/1061 1091/1594/1009
f 1073/1570/991 1150/1689/1067 1061/1543/979
f 948/1634/867 1108/1626/1025 1107/1625/1024
f 1056/1535/974 1119/1644/1036 1020/1477/939
f 940/1373/861 885/1693/806 1135/1667/1052
f 885/1299/806 899/1316/820 1148/1686/1065
f 1063/1549/981 1145/1694/1062 1064/1550/982
f 912/1332/833 1154/1695/1071 958/1397/877
f 1125/1654/1042 1055/1532/973 986/1552/905
f 1146/1681/1063 1006/1460/925 1142/1675/1059
f 1106/1696/1023 1065/1551/983 1109/1627/1026
f 1121/1648/1038 1008/1463/927 984/1435/903
f 1105/1622/1022 1155/1697/1072 1141/1674/1058
f 1136/1668/1053 1149/1688/1066 971/1416/890
f 1128/1657/1045 985/1436/904 1127/1656/1044
f 1129/1659/1046 1066/1553/984 996/1466/915
f 957/1396/876 1040/1509/958 1156/1698/1073
f 1113/1635/1030 1157/1699/1074 1093/1677/1011
f 1018/1475/937 1029/1488/948 1158/1700/1075
f 1045/1596/963 1037/1504/955 1159/1701/1076
f 1160/1702/1077 1005/1459/924 1075/1574/993
f 1136/1668/1053 982/1524/901 1085/1587/1003
f 863/1434/784 1143/1676/1060 926/1351/847
f 1161/1703/1078 895/1376/816 1134/1666/1051
f 944/1381/30 752/1095/30 1135/1667/1052
f 1135/1667/1052 1162/1704/30 944/1381/30
f 1163/1705/1079 944/1381/30 1162/1704/30
f 1164/1706/30 1165/1707/1080 1035/1604/954
f 755/1708/30 1035/1709/954 1165/1710/1080
f 931/1357/852 1166/1711/1081 1009/1464/928
f 1075/1574/993 1115/1679/1032 1167/1712/1082
f 995/1645/914 1168/1713/1083 1056/1535/974
f 903/1646/824 1081/1714/999 1120/1647/1037
f 1038/1505/956 1087/1590/1005 1052/1528/970
f 1069/1561/987 1139/1671/1056 998/1563/917
f 1056/1535/974 1168/1713/1083 1169/1715/1084
f 1072/1566/990 1093/1599/1011 1170/1716/1085
f 1171/1717/1086 831/1213/752 1153/1692/1070
f 958/1397/877 1154/1695/1071 1134/1666/1051
f 1172/1718/1087 989/1441/908 1173/1719/1088
f 989/1441/908 1009/1527/928 1173/1719/1088
f 989/1441/908 1172/1718/1087 1174/1720/1089
f 1056/1535/974 1169/1715/1084 1119/1644/1036
f 1058/1537/976 930/1356/851 1119/1644/1036
f 1175/1721/1090 1137/1669/1054 1140/1672/1057
f 1140/1722/1057 1052/1723/970 1176/1724/1091
f 1177/1725/1092 927/1352/848 1178/1726/1093
f 1089/1592/1007 1052/1528/970 1087/1590/1005
f 966/1421/885 1023/1480/942 1179/1727/1094
f 1123/1652/1040 1127/1728/1044 1071/1564/989
f 1180/1729/1095 1141/1674/1058 1155/1697/1072
f 1105/1622/1022 1126/1655/1043 1155/1697/1072
f 1026/1483/945 1101/1613/1018 1181/1730/1096
f 1181/1730/1096 1130/1661/1047 1026/1483/945
f 1182/1731/1097 1044/1517/962 970/1516/889
f 1156/1698/1073 1151/1690/1068 957/1396/876
f 1084/1585/1002 1001/1515/920 1044/1517/962
f 1046/1658/964 1072/1566/990 1129/1659/1046
f 919/1530/840 831/1213/752 1171/1717/1086
f 1183/1732/1098 1112/1651/1029 1132/1664/1049
f 1030/1490/949 1000/1621/919 1184/1733/1099
f 1048/1572/966 1074/1571/992 1185/1734/1100
f 1092/1597/1010 1186/1735/1101 1077/1576/995
f 1126/1736/1043 1106/1696/1023 1187/1737/1102
f 1188/1738/1103 1076/1575/994 987/1439/906
f 1189/1739/1104 980/1429/899 1030/1490/949
f 1062/1546/980 1115/1639/1032 1080/1579/998
f 1190/1740/1105 1166/1711/1081 931/1357/852
f 1066/1553/984 1191/1741/1106 961/1402/880
f 927/1352/848 1041/1512/959 1178/1726/1093
f 1070/1562/988 947/1384/866 1121/1648/1038
f 1145/1680/1062 1103/1618/1020 1124/1653/1041
f 1142/1675/1059 1059/1538/977 1192/1742/1107
f 1126/1736/1043 1187/1737/1102 1155/1743/1072
f 1193/1744/1108 1010/1465/929 1018/1475/937
f 1073/1745/991 1068/1746/986 1194/1747/1109
f 1000/1454/919 1130/1683/1047 1184/1748/1099
f 1141/1674/1058 1195/1749/1110 1124/1653/1041
f 966/1421/885 1179/1727/1094 1081/1581/999
f 1127/1728/1044 1123/1652/1040 1196/1750/1111
f 963/1408/882 1086/1589/1004 986/1437/905
f 1197/1751/1112 1064/1550/982 1145/1694/1062
f 1110/1628/1027 1025/1540/944 1198/1752/1113
f 1101/1613/1018 1102/1660/1019 1181/1730/1096
f 1157/1699/1074 1113/1635/1030 1091/1594/1009
f 1068/1746/986 1045/1596/963 1159/1701/1076
f 989/1441/908 1174/1720/1089 1054/1531/972
f 1138/1670/1055 1005/1459/924 1160/1702/1077
f 1186/1735/1101 1092/1597/1010 1146/1681/1063
f 987/1439/906 1128/1682/1045 1188/1738/1103
f 1029/1488/948 1078/1640/996 1199/1753/1114
f 1078/1577/996 1079/1578/997 1200/1754/1115
f 1200/1754/1115 1079/1578/997 1199/1755/1114
f 1189/1739/1104 1116/1641/1033 980/1429/899
f 1201/1756/1116 1117/1642/1034 1116/1641/1033
f 1117/1642/1034 1201/1756/1116 1062/1546/980
f 1201/1756/1116 1116/1641/1033 1189/1739/1104
f 1133/1665/1050 1077/1576/995 1094/1600/1012
f 1021/1478/940 1058/1537/976 1099/1611/1016
f 1100/1612/1017 1099/1611/1016 1202/1757/1117
f 1070/1562/988 1179/1727/1094 1023/1480/942
f 1146/1681/1063 1142/1675/1059 1203/1758/1118
f 1125/1654/1042 986/1552/905 1086/1759/1004
f 1090/1593/1008 1192/1742/1107 1059/1538/977
f 1204/1760/1119 1039/1507/957 1205/1761/1120
f 1122/1649/1039 999/1762/918 840/1233/761
f 1204/1763/1119 1067/1556/985 1039/1629/957
f 1206/1764/1121 1025/1482/944 1012/1468/931
f 1182/1731/1097 970/1516/889 1150/1765/1067
f 929/1354/850 1027/1542/946 1207/1766/1122
f 1208/1767/1123 1076/1575/994 1188/1738/1103
f 1076/1575/994 1208/1767/1123 905/1324/826
f 1018/1475/937 1209/1768/1124 1193/1744/1108
f 1147/1684/1064 1048/1572/966 1185/1734/1100
f 1104/1620/1021 1147/1684/1064 1114/1638/1031
f 1190/1740/1105 931/1357/852 1137/1669/1054
f 961/1402/880 1191/1741/1106 1118/1643/1035
f 1168/1713/1083 995/1645/914 1120/1647/1037
f 1145/1680/1062 1124/1653/1041 1210/1769/1125
f 1120/1770/1037 1081/1581/999 1211/1771/1126
f 912/1772/833 1057/1773/975 1212/1774/1127
f 1154/1775/1071 912/1772/833 1212/1774/1127
f 1089/1776/1007 1100/1777/1017 1213/1778/1128
f 1085/1587/1003 1125/1654/1042 1136/1668/1053
f 1109/1627/1026 1064/1550/982 1197/1751/1112
f 1206/1764/1121 1012/1468/931 1043/1514/961
f 1040/1509/958 919/1342/840 1156/1698/1073
f 1155/1697/1072 1214/1779/1129 1180/1729/1095
f 1153/1692/1070 950/1388/869 968/1555/887
f 1215/1780/1130 1166/1781/1081 1190/1782/1105
f 1072/1566/990 1170/1716/1085 1216/1783/1131
f 1144/1678/1061 905/1324/826 1208/1767/1123
f 1166/1711/1081 1173/1784/1088 1009/1464/928
f 1128/1682/1045 1217/1785/1132 1188/1738/1103
f 1078/1577/996 1200/1754/1115 1199/1755/1114
f 1115/1639/1032 1062/1546/980 1218/1786/1133
f 1137/1669/1054 1175/1721/1090 1219/1787/1134
f 927/1352/848 1177/1725/1092 1053/1529/971
f 1213/1778/1128 1100/1777/1017 1202/1788/1117
f 1139/1671/1056 1138/1670/1055 1220/1789/1135
f 1084/1585/1002 1044/1517/962 1221/1790/1136
f 1183/1791/1098 1152/1691/1069 1112/1631/1029
f 1129/1659/1046 1072/1566/990 1216/1783/1131
f 1037/1504/955 1118/1643/1035 1159/1701/1076
f 1058/1537/976 1119/1644/1036 1099/1611/1016
f 1140/1722/1057 1176/1724/1091 1175/1792/1090
f 1124/1653/1041 1195/1749/1110 1210/1769/1125
f 1196/1750/1111 1139/1671/1056 1220/1789/1135
f 1196/1750/1111 1123/1652/1040 1139/1671/1056
f 1086/1589/1004 999/1453/918 1222/1793/1137
f 1205/1761/1120 1039/1507/957 1143/1676/1060
f 1198/1794/1113 1025/1482/944 1206/1764/1121
f 1151/1795/1068 1223/1796/1138 1027/1542/946
f 1214/1779/1129 1155/1697/1072 1128/1797/1045
f 919/1530/840 1224/1798/1139 1156/1799/1073
f 1129/1659/1046 1225/1800/1140 1066/1553/984
f 1170/1801/1085 1093/1677/1011 1157/1699/1074
f 1115/1679/1032 1226/1802/1141 1167/1712/1082
f 1187/1737/1102 1106/1696/1023 1109/1627/1026
f 1214/1779/1129 1128/1797/1045 1127/1728/1044
f 1062/1546/980 1201/1756/1116 1218/1786/1133
f 1227/1803/1142 1074/1571/992 1033/1496/952
f 1094/1600/1012 1077/1576/995 1228/1804/1143
f 942/1377/863 895/1376/816 1161/1703/1078
f 1229/1805/1144 942/1377/863 1161/1703/1078
f 1032/1492/951 942/1374/863 1229/1806/1144
f 1098/1608/1015 1097/1607/1014 1230/1807/1145
f 1227/1803/1142 1033/1496/952 1098/1610/1015
f 858/1262/779 1094/1600/1012 1097/1609/1014
f 1231/1808/1146 1232/1809/30 1165/1810/1080
f 755/1811/30 1165/1812/1080 1232/1813/30
f 863/1814/784 755/1811/30 1232/1813/30
f 1051/1526/969 1114/1638/1031 1233/1815/1147
f 1148/1686/1065 899/1316/820 1234/1816/1148
f 1010/1465/929 1193/1744/1108 1235/1817/1149
f 1141/1674/1058 1180/1729/1095 1236/1818/1150
f 1198/1752/1113 1237/1819/1151 1110/1628/1027
f 1110/1628/1027 1237/1819/1151 1238/1820/1152
f 1082/1582/1000 1060/1541/978 1239/1821/1153
f 968/1583/887 1082/1582/1000 1239/1821/1153
f 1191/1741/1106 1066/1553/984 1225/1800/1140
f 1114/1638/1031 1147/1684/1064 1240/1822/1154
f 1219/1787/1134 1190/1740/1105 1137/1669/1054
f 1052/1823/970 1089/1776/1007 1213/1778/1128
f 1241/1824/1155 1176/1724/1091 1052/1723/970
f 1242/1825/1156 1168/1713/1083 1120/1647/1037
f 1243/1826/1157 1119/1644/1036 1169/1715/1084
f 1057/1773/975 1053/1529/971 1212/1774/1127
f 1160/1702/1077 1075/1574/993 1167/1712/1082
f 1150/1827/1067 1073/1745/991 1244/1828/1158
f 1216/1783/1131 1170/1716/1085 1245/1829/1159
f 1187/1737/1102 1109/1627/1026 1246/1830/1160
f 1128/1682/1045 1155/1831/1072 1217/1785/1132
f 1158/1700/1075 1029/1488/948 1247/1832/1161
f 1185/1734/1100 1074/1571/992 1248/1833/1162
f 1249/1834/1163 1135/1685/1052 1250/1835/1164
f 1176/1724/1091 1219/1836/1134 1175/1792/1090
f 1251/1837/1165 1169/1715/1084 1168/1713/1083
f 1252/1838/1166 1119/1644/1036 1243/1826/1157
f 1253/1839/1167 1142/1675/1059 1192/1742/1107
f 1222/1840/1137 1254/1841/1168 1086/1759/1004
f 999/1762/918 1122/1649/1039 1222/1842/1137
f 1255/1843/1169 1195/1749/1110 1236/1818/1150
f 1195/1749/1110 1141/1674/1058 1236/1818/1150
f 968/1555/887 1239/1844/1153 1256/1845/1170
f 1257/1846/1171 1206/1764/1121 1043/1514/961
f 1257/1846/1171 1043/1514/961 1131/1663/1048
f 1196/1750/1111 1236/1818/1150 1180/1729/1095
f 1131/1663/1048 1111/1630/1028 1258/1847/1172
f 1153/1692/1070 968/1555/887 1256/1845/1170
f 1258/1847/1172 1111/1630/1028 1152/1691/1069
f 1158/1700/1075 1259/1848/1173 1018/1475/937
f 1214/1779/1129 1127/1728/1044 1196/1750/1111
f 1196/1750/1111 1180/1729/1095 1214/1779/1129
f 1173/1719/1088 1260/1849/1174 1172/1718/1087
f 1261/1850/1175 1208/1767/1123 1188/1738/1103
f 1120/1770/1037 1211/1771/1126 1242/1851/1156
f 1136/1668/1053 1125/1654/1042 1262/1852/1176
f 1125/1654/1042 1086/1759/1004 1254/1841/1168
f 1182/1731/1097 1150/1765/1067 1263/1853/1177
f 1156/1799/1073 1224/1798/1139 1264/1854/1178
f 1265/1855/1179 1118/1643/1035 1266/1856/1180
f 1267/1857/1181 1190/1782/1105 1219/1836/1134
f 1199/1753/1114 1247/1832/1161 1029/1488/948
f 1227/1803/1142 1248/1833/1162 1074/1571/992
f 1147/1684/1064 1185/1734/1100 1248/1833/1162
f 1077/1576/995 1186/1735/1101 1228/1804/1143
f 1135/1685/1052 1148/1686/1065 1250/1835/1164
f 1145/1694/1062 1210/1858/1125 1268/1859/1182
f 1234/1816/1148 899/1316/820 946/1383/865
f 1242/1825/1156 1251/1837/1165 1168/1713/1083
f 1169/1715/1084 1251/1837/1165 1243/1826/1157
f 1236/1818/1150 1196/1750/1111 1220/1789/1135
f 1155/1831/1072 1269/1860/1183 1217/1785/1132
f 1083/1584/1001 988/1440/907 1270/1861/1184
f 1271/1862/1185 1151/1795/1068 1156/1799/1073
f 1245/1863/1159 1170/1801/1085 1157/1699/1074
f 1073/1745/991 1272/1864/1186 1244/1828/1158
f 1018/1475/937 1259/1848/1173 1209/1768/1124
f 1273/1865/1187 1091/1594/1009 1144/1678/1061
f 946/1560/865 1010/1465/929 1235/1817/1149
f 1160/1702/1077 1167/1712/1082 1274/1866/1188
f 1160/1702/1077 1274/1866/1188 1138/1670/1055
f 919/1530/840 1171/1717/1086 1224/1798/1139
f 1216/1867/1131 1275/1868/1189 1129/1869/1046
f 1211/1771/1126 1081/1581/999 1179/1727/1094
f 1157/1699/1074 1216/1867/1131 1245/1863/1159
f 1241/1870/1155 1052/1823/970 1213/1778/1128
f 1275/1868/1189 1216/1867/1131 1157/1699/1074
f 1258/1847/1172 1257/1846/1171 1131/1663/1048
f 1263/1871/1177 1150/1827/1067 1244/1828/1158
f 1221/1790/1136 1102/1614/1019 1084/1585/1002
f 1215/1872/1130 1173/1873/1088 1166/1874/1081
f 1259/1848/1173 1158/1700/1075 1247/1832/1161
f 1030/1490/949 1184/1733/1099 1276/1875/1190
f 1201/1756/1116 1189/1739/1104 1277/1876/1191
f 1099/1611/1016 1119/1644/1036 1252/1838/1166
f 1041/1512/959 1278/1877/1192 1178/1726/1093
f 1251/1837/1165 1242/1825/1156 1279/1878/1193
f 1121/1648/1038 984/1435/903 1280/1879/1194
f 1090/1593/1008 1067/1556/985 1204/1763/1119
f 1143/1676/1060 1281/1880/1195 1205/1761/1120
f 1207/1766/1122 1027/1542/946 1223/1796/1138
f 1272/1864/1186 1073/1745/991 1194/1747/1109
f 1068/1746/986 1159/1701/1076 1194/1747/1109
f 1282/1881/1196 1155/1831/1072 1187/1882/1102
f 1118/1643/1035 1191/1741/1106 1266/1856/1180
f 1157/1699/1074 1091/1594/1009 1273/1865/1187
f 1195/1749/1110 1255/1843/1169 1283/1883/1197
f 1278/1877/1192 1041/1512/959 1149/1688/1066
f 1138/1670/1055 1236/1818/1150 1220/1789/1135
f 1284/1884/1198 1251/1837/1165 1279/1878/1193
f 1070/1562/988 1121/1648/1038 1285/1885/1199
f 988/1440/907 929/1354/850 1207/1766/1122
f 1219/1836/1134 1286/1886/1200 1287/1887/1201
f 1288/1888/1202 1275/1868/1189 1289/1889/1203
f 1275/1868/1189 1288/1888/1202 1129/1869/1046
f 1152/1691/1069 1183/1791/1098 1290/1890/1204
f 1183/1732/1098 1132/1664/1049 1291/1891/1205
f 1240/1822/1154 1147/1684/1064 1292/1892/1206
f 1114/1638/1031 1240/1822/1154 1233/1815/1147
f 1181/1730/1096 1102/1660/1019 1221/1893/1136
f 1159/1701/1076 1118/1643/1035 1265/1855/1179
f 1115/1639/1032 1218/1786/1133 1293/1894/1207
f 1219/1836/1134 1176/1724/1091 1286/1886/1200
f 1203/1758/1118 1142/1675/1059 1253/1839/1167
f 1269/1860/1183 1155/1831/1072 1282/1881/1196
f 1079/1578/997 1032/1492/951 1229/1806/1144
f 1294/1895/1208 1079/1578/997 1229/1806/1144
f 1098/1610/1015 1295/1896/1209 1227/1803/1142
f 1296/1897/1210 1097/1609/1014 1094/1600/1012
f 1162/1704/30 1135/1667/1052 1297/1898/30
f 1298/1899/1211 1162/1704/30 1297/1898/30
f 1299/1900/30 1162/1704/30 1298/1899/1211
f 1148/1686/1065 1234/1816/1148 1300/1901/1212
f 1301/1902/1213 1213/1778/1128 1202/1788/1117
f 1125/1654/1042 1254/1841/1168 1262/1852/1176
f 1149/1688/1066 1136/1668/1053 1278/1877/1192
f 988/1440/907 1207/1766/1122 1302/1903/1214
f 1280/1879/1194 984/1435/903 1051/1526/969
f 1288/1888/1202 1225/1904/1140 1129/1869/1046
f 1303/1905/1215 1151/1795/1068 1271/1862/1185
f 1304/1906/1216 1110/1628/1027 1238/1820/1152
f 1060/1541/978 1110/1628/1027 1304/1906/1216
f 1305/1907/1217 1288/1888/1202 1289/1889/1203
f 863/1434/784 1306/1908/1218 1143/1676/1060
f 1044/1517/962 1307/1909/1219 1221/1790/1136
f 1275/1868/1189 1157/1699/1074 1308/1910/1220
f 1054/1624/972 1174/1911/1089 1309/1912/1221
f 1250/1835/1164 1148/1686/1065 1300/1901/1212
f 1138/1670/1055 1274/1866/1188 1255/1843/1169
f 1236/1818/1150 1138/1670/1055 1255/1843/1169
f 1243/1826/1157 1251/1837/1165 1310/1913/1222
f 1246/1830/1160 1109/1627/1026 1197/1751/1112
f 1099/1611/1016 1252/1838/1166 1202/1757/1117
f 1262/1852/1176 1278/1877/1192 1136/1668/1053
f 1205/1761/1120 1281/1880/1195 1204/1760/1119
f 1305/1907/1217 1225/1904/1140 1288/1888/1202
f 1132/1664/1049 1054/1624/972 1309/1912/1221
f 1184/1914/1099 1311/1915/1223 1276/1916/1190
f 1277/1876/1191 1030/1490/949 1276/1875/1190
f 1189/1739/1104 1030/1490/949 1277/1876/1191
f 1201/1756/1116 1277/1876/1191 1218/1786/1133
f 1215/1872/1130 1312/1917/1224 1173/1873/1088
f 1287/1887/1201 1267/1857/1181 1219/1836/1134
f 1186/1735/1101 1146/1681/1063 1313/1918/1225
f 1203/1758/1118 1313/1918/1225 1146/1681/1063
f 1253/1839/1167 1313/1918/1225 1203/1758/1118
f 1314/1919/1226 1315/1920/1227 1159/1701/1076
f 1260/1921/1174 1173/1873/1088 1316/1922/1228
f 1267/1857/1181 1215/1780/1130 1190/1782/1105
f 1279/1923/1193 1242/1851/1156 1317/1924/1229
f 1053/1529/971 1177/1725/1092 1212/1774/1127
f 1210/1769/1125 1195/1749/1110 1283/1883/1197
f 1282/1881/1196 1187/1882/1102 1246/1925/1160
f 1217/1785/1132 1261/1850/1175 1188/1738/1103
f 1272/1864/1186 1318/1926/1230 1244/1828/1158
f 1272/1864/1186 1194/1747/1109 1319/1927/1231
f 1194/1747/1109 1159/1701/1076 1315/1920/1227
f 1147/1684/1064 1320/1928/1232 1292/1892/1206
f 1242/1851/1156 1211/1771/1126 1317/1924/1229
f 1237/1819/1151 1321/1929/1233 1238/1820/1152
f 1304/1906/1216 1238/1820/1152 1321/1929/1233
f 1239/1821/1153 1060/1541/978 1304/1906/1216
f 1255/1843/1169 1274/1866/1188 1322/1930/1234
f 1307/1909/1219 1044/1517/962 1182/1731/1097
f 1323/1931/1235 1221/1790/1136 1307/1909/1219
f 1309/1912/1221 1291/1891/1205 1132/1664/1049
f 1181/1730/1096 1221/1893/1136 1324/1932/1236
f 1311/1915/1223 1184/1914/1099 1130/1661/1047
f 1325/1933/1237 1261/1850/1175 1217/1785/1132
f 1326/1934/1238 1225/1904/1140 1305/1907/1217
f 1273/1865/1187 1308/1910/1220 1157/1699/1074
f 1313/1918/1225 1253/1839/1167 1327/1935/1239
f 1253/1839/1167 1192/1742/1107 1328/1936/1240
f 1226/1802/1141 1274/1866/1188 1167/1712/1082
f 1161/1703/1078 1134/1666/1051 1329/1937/1241
f 1330/1938/1242 1199/1753/1114 1294/1939/1208
f 1079/1578/997 1294/1895/1208 1199/1755/1114
f 1094/1600/1012 1228/1804/1143 1296/1897/1210
f 1314/1919/1226 1159/1701/1076 1265/1855/1179
f 1331/1940/1243 1284/1941/1198 1279/1923/1193
f 1283/1883/1197 1255/1843/1169 1322/1930/1234
f 1145/1694/1062 1332/1942/1244 1197/1751/1112
f 1198/1943/1113 1333/1944/1245 1237/1945/1151
f 1305/1907/1217 1289/1889/1203 1334/1946/1246
f 1335/1947/1247 1289/1889/1203 1336/1948/1248
f 1336/1948/1248 1289/1889/1203 1275/1868/1189
f 1308/1910/1220 1336/1948/1248 1275/1868/1189
f 1337/1949/1249 1257/1846/1171 1258/1847/1172
f 1147/1684/1064 1248/1833/1162 1320/1928/1232
f 1240/1822/1154 1292/1892/1206 1338/1950/1250
f 1234/1951/1148 946/1560/865 1235/1817/1149
f 1176/1724/1091 1241/1824/1155 1286/1886/1200
f 1317/1924/1229 1331/1940/1243 1279/1923/1193
f 1191/1952/1106 1339/1953/1251 1266/1954/1180
f 1334/1946/1246 1289/1889/1203 1335/1947/1247
f 1173/1873/1088 1312/1917/1224 1316/1922/1228
f 1226/1955/1141 1115/1639/1032 1293/1894/1207
f 1217/1785/1132 1269/1860/1183 1325/1933/1237
f 1191/1952/1106 1225/1904/1140 1326/1934/1238
f 1171/1717/1086 1340/1956/1252 1224/1798/1139
f 1130/1661/1047 1181/1730/1096 1324/1932/1236
f 1318/1926/1230 1272/1864/1186 1319/1927/1231
f 1174/1720/1089 1172/1718/1087 1341/1957/1253
f 1312/1917/1224 1215/1872/1130 1316/1922/1228
f 1179/1727/1094 1070/1562/988 1342/1958/1254
f 1051/1526/969 1343/1959/1255 1280/1879/1194
f 1310/1913/1222 1344/1960/1256 1243/1826/1157
f 1305/1907/1217 1345/1961/1257 1326/1934/1238
f 1083/1584/1001 1346/1962/1258 1122/1649/1039
f 1223/1796/1138 1151/1795/1068 1347/1963/1259
f 1328/1936/1240 1192/1742/1107 1348/1964/1260
f 1192/1742/1107 1090/1593/1008 1348/1964/1260
f 1198/1943/1113 1206/1965/1121 1349/1966/1261
f 1208/1767/1123 1273/1865/1187 1144/1678/1061
f 1218/1786/1133 1277/1876/1191 1293/1894/1207
f 1350/1967/1262 1253/1839/1167 1328/1936/1240
f 1247/1832/1161 1199/1753/1114 1330/1938/1242
f 1227/1803/1142 1295/1896/1209 1351/1968/1263
f 1352/1969/1264 1274/1866/1188 1226/1802/1141
f 1186/1735/1101 1313/1918/1225 1228/1804/1143
f 1098/1610/1015 1230/1970/1145 1295/1896/1209
f 1353/1971/30 1297/1898/30 1354/1972/30
f 1233/1815/1147 1240/1822/1154 1355/1973/1265
f 1172/1718/1087 1260/1849/1174 1341/1957/1253
f 1316/1922/1228 1356/1974/1266 1260/1921/1174
f 988/1440/907 1302/1903/1214 1270/1861/1184
f 1325/1933/1237 1357/1975/1267 1261/1850/1175
f 1333/1944/1245 1198/1943/1113 1349/1966/1261
f 1256/1845/1170 1239/1844/1153 1304/1976/1216
f 1171/1717/1086 1153/1692/1070 1340/1956/1252
f 1153/1692/1070 1256/1845/1170 1340/1956/1252
f 1323/1931/1235 1324/1977/1236 1221/1790/1136
f 1319/1927/1231 1194/1747/1109 1315/1920/1227
f 1355/1973/1265 1240/1822/1154 1338/1950/1250
f 1215/1872/1130 1267/1978/1181 1316/1922/1228
f 1211/1771/1126 1179/1727/1094 1317/1924/1229
f 1213/1778/1128 1286/1979/1200 1241/1870/1155
f 1358/1980/1268 1191/1952/1106 1326/1934/1238
f 1237/1945/1151 1333/1944/1245 1359/1981/1269
f 1273/1865/1187 1357/1975/1267 1308/1910/1220
f 1256/1845/1170 1304/1976/1216 1340/1956/1252
f 1258/1847/1172 1290/1890/1204 1360/1982/1270
f 1290/1890/1204 1183/1791/1098 1291/1983/1205
f 1248/1833/1162 1227/1803/1142 1320/1928/1232
f 1296/1897/1210 1228/1804/1143 1361/1984/1271
f 1338/1950/1250 1292/1892/1206 1362/1985/1272
f 1193/1744/1108 1363/1986/1273 1235/1817/1149
f 1265/1987/1179 1266/1954/1180 1364/1988/1274
f 1210/1858/1125 1365/1989/1275 1268/1859/1182
f 1366/1990/1276 1367/1991/1277 1237/1819/1151
f 1359/1981/1269 1366/1992/1276 1237/1945/1151
f 1202/1757/1117 1252/1838/1166 1301/1993/1213
f 1269/1860/1183 1282/1881/1196 1368/1994/1278
f 1237/1819/1151 1367/1991/1277 1321/1929/1233
f 1308/1910/1220 1357/1975/1267 1336/1948/1248
f 1369/1995/1279 1182/1731/1097 1263/1853/1177
f 1154/1695/1071 1370/1996/1280 1134/1666/1051
f 1258/1847/1172 1152/1691/1069 1290/1890/1204
f 1208/1767/1123 1261/1850/1175 1357/1975/1267
f 1324/1932/1236 1371/1997/1281 1130/1661/1047
f 1372/1998/1282 1315/1920/1227 1314/1919/1226
f 1373/1999/1283 1267/1978/1181 1287/2000/1201
f 1373/1999/1283 1287/2000/1201 1286/1979/1200
f 1191/1952/1106 1358/1980/1268 1339/1953/1251
f 1374/2001/1284 1375/2002/1285 1376/2003/1286
f 1254/1841/1168 1222/1840/1137 1377/2004/1287
f 1252/1838/1166 1243/1826/1157 1344/1960/1256
f 1334/1946/1246 1345/1961/1257 1305/1907/1217
f 1378/2005/1288 1357/1975/1267 1325/1933/1237
f 1208/1767/1123 1357/1975/1267 1273/1865/1187
f 1247/1832/1161 1379/2006/1289 1259/1848/1173
f 1294/1939/1208 1380/2007/1290 1330/1938/1242
f 1381/2008/1291 1352/2009/1264 1226/1955/1141
f 1313/1918/1225 1327/1935/1239 1382/2010/1292
f 1051/1526/969 1233/1815/1147 1343/1959/1255
f 1341/2011/1253 1260/1921/1174 1356/1974/1266
f 1121/1648/1038 1280/1879/1194 1383/2012/1293
f 1345/1961/1257 1358/1980/1268 1326/1934/1238
f 1209/1768/1124 1259/1848/1173 1384/2013/1294
f 1323/1931/1235 1307/1909/1219 1385/2014/1295
f 1337/1949/1249 1258/1847/1172 1360/1982/1270
f 1269/1860/1183 1368/1994/1278 1325/1933/1237
f 1336/1948/1248 1357/1975/1267 1335/1947/1247
f 1356/1974/1266 1316/1922/1228 1267/1978/1181
f 1276/1916/1190 1311/1915/1223 1386/2015/1296
f 1267/1978/1181 1373/1999/1283 1356/1974/1266
f 1342/1958/1254 1387/2016/1297 1179/1727/1094
f 1300/1901/1212 1388/2017/1298 1250/1835/1164
f 1389/2018/1299 1390/2019/1300 1376/2020/1286
f 1368/1994/1278 1282/1881/1196 1391/2021/1301
f 1257/2022/1171 1349/1966/1261 1206/1965/1121
f 1262/1852/1176 1254/1841/1168 1377/2004/1287
f 1090/1593/1008 1204/1763/1119 1392/2023/1302
f 1222/1842/1137 1122/1649/1039 1393/2024/1303
f 1357/1975/1267 1378/2005/1288 1335/1947/1247
f 1307/1909/1219 1182/1731/1097 1369/1995/1279
f 1320/1928/1232 1227/1803/1142 1351/1968/1263
f 1376/2020/1286 1375/2025/1285 1394/2026/1304
f 1277/2027/1191 1276/1916/1190 1386/2015/1296
f 1228/1804/1143 1313/1918/1225 1382/2010/1292
f 1311/1915/1223 1130/1661/1047 1371/1997/1281
f 1395/2028/1305 1375/2025/1285 1341/2011/1253
f 1234/1951/1148 1235/1817/1149 1363/1986/1273
f 1278/1877/1192 1396/2029/1306 1178/1726/1093
f 1343/1959/1255 1233/1815/1147 1397/2030/1307
f 1177/1725/1092 1178/1726/1093 1396/2029/1306
f 1398/2031/1308 1121/1648/1038 1383/2012/1293
f 1286/1979/1200 1213/1778/1128 1301/1902/1213
f 1285/1885/1199 1121/1648/1038 1398/2031/1308
f 1390/2019/1300 1389/2018/1299 1399/2032/1309
f 1365/1989/1275 1210/1858/1125 1283/2033/1197
f 1154/1695/1071 1212/2034/1127 1400/2035/1310
f 1366/1990/1276 1401/2036/1311 1367/1991/1277
f 1268/1859/1182 1332/1942/1244 1145/1694/1062
f 1281/1880/1195 1143/1676/1060 1402/2037/1312
f 1257/1846/1171 1337/1949/1249 1403/2038/1313
f 1154/1695/1071 1400/2035/1310 1370/1996/1280
f 1375/2025/1285 1395/2028/1305 1394/2026/1304
f 1193/1744/1108 1209/1768/1124 1404/2039/1314
f 1342/1958/1254 1070/1562/988 1405/2040/1315
f 1406/2041/1316 1265/1855/1179 1364/2042/1274
f 1367/1991/1277 1401/2036/1311 1407/2043/1317
f 1334/1946/1246 1408/2044/1318 1345/1961/1257
f 1409/2045/1319 1301/1993/1213 1252/1838/1166
f 1310/1913/1222 1251/1837/1165 1410/2046/1320
f 1332/1942/1244 1411/2047/1321 1197/1751/1112
f 1333/1944/1245 1349/1966/1261 1412/2048/1322
f 1321/1929/1233 1367/1991/1277 1413/2049/1323
f 1340/1956/1252 1304/1976/1216 1414/2050/1324
f 1384/2013/1294 1259/1848/1173 1415/2051/1325
f 1341/2052/1253 1416/2053/1326 1174/1911/1089
f 1341/2011/1253 1356/1974/1266 1395/2028/1305
f 1389/2018/1299 1376/2020/1286 1394/2026/1304
f 1327/1935/1239 1253/1839/1167 1350/1967/1262
f 1135/1685/1052 1249/1834/1163 1417/2054/1327
f 1247/1832/1161 1330/1938/1242 1418/2055/1328
f 1295/1896/1209 1230/1970/1145 1419/2056/1329
f 1419/2056/1329 1420/2057/1330 1295/1896/1209
f 1370/1996/1280 1329/1937/1241 1134/1666/1051
f 1226/1955/1141 1293/1894/1207 1421/2058/1331
f 1322/1930/1234 1274/1866/1188 1352/1969/1264
f 1229/1805/1144 1161/1703/1078 1422/2059/1332
f 1422/2059/1332 1423/2060/1333 1229/1805/1144
f 1424/2061/1334 1380/2007/1290 1294/1939/1208
f 1425/2062/1335 1229/1805/1144 1423/2060/1333
f 1294/1895/1208 1229/1806/1144 1425/2063/1335
f 1424/2064/1334 1294/1895/1208 1425/2063/1335
f 1426/2065/30 1232/2066/30 1427/2067/1336
f 1232/1813/30 1428/2068/1337 863/1814/784
f 1297/1898/30 1135/1667/1052 1417/2069/1327
f 1354/1972/30 1297/1898/30 1429/2070/1338
f 1329/1937/1241 1422/2059/1332 1161/1703/1078
f 1309/1912/1221 1430/2071/1339 1291/1891/1205
f 1249/1834/1163 1250/1835/1164 1388/2017/1298
f 1404/2039/1314 1209/1768/1124 1384/2013/1294
f 1431/2072/1340 1388/2017/1298 1300/1901/1212
f 1193/1744/1108 1404/2039/1314 1363/1986/1273
f 1432/2073/1341 1375/2002/1285 1374/2001/1284
f 1374/2001/1284 1376/2003/1286 1390/2074/1300
f 1393/2024/1303 1377/2075/1287 1222/1842/1137
f 1335/1947/1247 1433/2076/1342 1334/1946/1246
f 1410/2046/1320 1251/1837/1165 1284/1884/1198
f 1282/1881/1196 1246/1925/1160 1391/2021/1301
f 1224/1798/1139 1340/1956/1252 1434/2077/1343
f 1378/2005/1288 1325/1933/1237 1435/2078/1344
f 1369/1995/1279 1263/1853/1177 1436/2079/1345
f 1349/1966/1261 1257/2022/1171 1437/2080/1346
f 1309/1912/1221 1174/1911/1089 1416/2053/1326
f 1431/2072/1340 1300/1901/1212 1234/1816/1148
f 1416/2053/1326 1341/2052/1253 1375/2081/1285
f 1396/2029/1306 1278/1877/1192 1438/2082/1347
f 1319/1927/1231 1315/1920/1227 1439/2083/1348
f 1212/1774/1127 1177/1725/1092 1396/2029/1306
f 1432/2084/1341 1416/2053/1326 1375/2081/1285
f 1293/1894/1207 1277/1876/1191 1421/2058/1331
f 1405/2040/1315 1070/1562/988 1285/1885/1199
f 1266/1954/1180 1440/2085/1349 1364/1988/1274
f 1440/2085/1349 1266/1954/1180 1339/1953/1251
f 1387/2016/1297 1317/1924/1229 1179/1727/1094
f 1271/1862/1185 1156/1799/1073 1264/1854/1178
f 1433/2076/1342 1335/1947/1247 1378/2005/1288
f 1143/1676/1060 1306/1908/1218 1402/2037/1312
f 1281/1880/1195 1402/2037/1312 1204/1760/1119
f 1291/1983/1205 1441/2086/1350 1290/1890/1204
f 1379/2006/1289 1247/1832/1161 1418/2055/1328
f 1442/2087/1351 1350/1967/1262 1328/1936/1240
f 1351/1968/1263 1443/2088/1352 1320/1928/1232
f 1304/1906/1216 1321/1929/1233 1414/2089/1324
f 1362/1985/1272 1355/1973/1265 1338/1950/1250
f 1444/2090/1353 1286/1979/1200 1301/1902/1213
f 1399/2032/1309 1389/2018/1299 1445/2091/1354
f 1339/1953/1251 1358/1980/1268 1440/2085/1349
f 1270/1861/1184 1346/1962/1258 1083/1584/1001
f 1344/1960/1256 1409/2045/1319 1252/1838/1166
f 1347/1963/1259 1151/1795/1068 1303/1905/1215
f 1332/1942/1244 1268/1859/1182 1411/2047/1321
f 1197/1751/1112 1411/2047/1321 1391/2092/1301
f 1395/2028/1305 1356/1974/1266 1373/1999/1283
f 1446/2093/1355 1362/1985/1272 1292/1892/1206
f 1263/1871/1177 1244/1828/1158 1318/1926/1230
f 1262/1852/1176 1447/2094/1356 1278/1877/1192
f 1233/1815/1147 1355/1973/1265 1397/2030/1307
f 1386/2015/1296 1448/2095/1357 1277/2027/1191
f 1449/2096/1358 1416/2053/1326 1432/2084/1341
f 1343/1959/1255 1383/2012/1293 1280/1879/1194
f 1366/1992/1276 1359/1981/1269 1450/2097/1359
f 1365/1989/1275 1411/2047/1321 1268/1859/1182
f 1345/1961/1257 1451/2098/1360 1358/1980/1268
f 1452/2099/1361 1334/1946/1246 1433/2076/1342
f 1412/2048/1322 1349/1966/1261 1437/2080/1346
f 1413/2049/1323 1367/1991/1277 1407/2043/1317
f 1391/2092/1301 1246/1830/1160 1197/1751/1112
f 1348/1964/1260 1090/1593/1008 1392/2023/1302
f 1379/2006/1289 1415/2051/1325 1259/1848/1173
f 1351/1968/1263 1295/1896/1209 1453/2100/1362
f 1454/2101/1363 1389/2018/1299 1394/2026/1304
f 1414/2089/1324 1321/1929/1233 1413/2049/1323
f 1380/2007/1290 1418/2055/1328 1330/1938/1242
f 1226/1955/1141 1421/2058/1331 1381/2008/1291
f 1327/1935/1239 1455/2102/1364 1382/2010/1292
f 1097/1607/1014 1419/2103/1329 1230/1807/1145
f 1350/1967/1262 1456/2104/1365 1327/1935/1239
f 1292/1892/1206 1320/1928/1232 1443/2088/1352
f 1421/2058/1331 1277/1876/1191 1457/2105/1366
f 1377/2004/1287 1458/2106/1367 1262/1852/1176
f 1459/2107/1368 1284/1941/1198 1331/1940/1243
f 1310/1913/1222 1410/2046/1320 1460/2108/1369
f 1461/2109/1370 1228/1804/1143 1382/2010/1292
f 1403/2110/1313 1462/2111/1371 1257/2022/1171
f 1360/1982/1270 1403/2038/1313 1337/1949/1249
f 1463/2112/1372 1433/2076/1342 1378/2005/1288
f 1325/1933/1237 1368/1994/1278 1435/2078/1344
f 1263/1871/1177 1318/1926/1230 1436/2113/1345
f 1439/2083/1348 1315/1920/1227 1372/1998/1282
f 1432/2073/1341 1374/2001/1284 1390/2074/1300
f 1284/1941/1198 1459/2107/1368 1410/2114/1320
f 1302/1903/1214 1207/1766/1122 1223/1796/1138
f 1359/1981/1269 1333/1944/1245 1464/2115/1373
f 1365/1989/1275 1283/2033/1197 1465/2116/1374
f 1443/2088/1352 1351/1968/1263 1453/2100/1362
f 1445/2091/1354 1389/2018/1299 1454/2101/1363
f 1455/2102/1364 1327/1935/1239 1456/2104/1365
f 1283/2033/1197 1322/2117/1234 1465/2116/1374
f 1428/2118/1337 1306/2119/1218 863/2120/784
f 1447/2094/1356 1262/1852/1176 1458/2106/1367
f 1466/2121/1375 1342/1958/1254 1405/2040/1315
f 1401/2036/1311 1366/1990/1276 1467/2122/1376
f 1319/1927/1231 1468/2123/1377 1318/1926/1230
f 1366/2124/1276 1469/2125/1378 1467/2126/1376
f 1285/1885/1199 1398/2031/1308 1470/2127/1379
f 1372/1998/1282 1314/1919/1226 1406/2041/1316
f 1331/1940/1243 1317/1924/1229 1387/2016/1297
f 1314/1919/1226 1265/1855/1179 1406/2041/1316
f 1459/2107/1368 1331/1940/1243 1387/2016/1297
f 1457/2128/1366 1277/2027/1191 1448/2095/1357
f 1406/2129/1316 1364/1988/1274 1440/2085/1349
f 1345/1961/1257 1408/2044/1318 1451/2098/1360
f 1445/2091/1354 1471/2130/1380 1399/2032/1309
f 1361/1984/1271 1228/1804/1143 1461/2109/1370
f 1355/1973/1265 1472/2131/1381 1397/2030/1307
f 1249/1834/1163 1388/2017/1298 1417/2054/1327
f 1212/2034/1127 1396/2132/1306 1473/2133/1382
f 1452/2099/1361 1408/2044/1318 1334/1946/1246
f 1463/2112/1372 1378/2005/1288 1435/2078/1344
f 1373/1999/1283 1286/1979/1200 1444/2090/1353
f 1474/2134/1383 1344/2135/1256 1310/2136/1222
f 1461/2109/1370 1382/2010/1292 1455/2102/1364
f 1402/2037/1312 1306/1908/1218 1475/2137/1384
f 1402/2138/1312 1476/2139/1385 1204/1763/1119
f 1328/1936/1240 1348/1964/1260 1442/2087/1351
f 1097/1607/1014 1296/2140/1210 1419/2103/1329
f 1361/1984/1271 1477/2141/1386 1296/1897/1210
f 1232/2142/30 1426/2143/30 1478/2144/30
f 1478/2145/30 1428/2068/1337 1232/1813/30
f 1479/2146/30 1297/1898/30 1417/2069/1327
f 1429/2070/1338 1297/1898/30 1479/2146/30
f 1480/2147/1387 1429/2148/1338 1481/2149/1388
f 1323/2150/1235 1385/2151/1295 1324/1932/1236
f 1446/2093/1355 1292/1892/1206 1482/2152/1389
f 1400/2035/1310 1212/2034/1127 1473/2133/1382
f 1432/2073/1341 1390/2074/1300 1483/2153/1390
f 1476/2139/1385 1392/2023/1302 1204/1763/1119
f 1441/2086/1350 1291/1983/1205 1430/2154/1339
f 1436/2113/1345 1318/1926/1230 1468/2123/1377
f 1363/1986/1273 1484/2155/1391 1234/1951/1148
f 1443/2088/1352 1482/2152/1389 1292/1892/1206
f 1278/1877/1192 1447/2094/1356 1438/2082/1347
f 1400/2035/1310 1485/2156/1392 1370/1996/1280
f 1470/2127/1379 1398/2031/1308 1486/2157/1393
f 1401/2158/1311 1487/2159/1394 1407/2160/1317
f 1430/2071/1339 1309/1912/1221 1416/2053/1326
f 1451/2098/1360 1488/2161/1395 1358/1980/1268
f 1411/2047/1321 1365/1989/1275 1489/2162/1396
f 1359/1981/1269 1464/2115/1373 1450/2097/1359
f 1452/2099/1361 1433/2076/1342 1490/2163/1397
f 1303/1905/1215 1271/1862/1185 1491/2164/1398
f 1414/2050/1324 1434/2077/1343 1340/1956/1252
f 1449/2165/1358 1432/2073/1341 1492/2166/1399
f 1471/2130/1380 1390/2019/1300 1399/2032/1309
f 1394/2026/1304 1395/2028/1305 1493/2167/1400
f 1415/2051/1325 1379/2006/1289 1494/2168/1401
f 1494/2168/1401 1379/2006/1289 1418/2055/1328
f 1421/2058/1331 1495/2169/1402 1381/2008/1291
f 1456/2104/1365 1350/1967/1262 1442/2087/1351
f 1322/2170/1234 1352/2009/1264 1496/2171/1403
f 1497/2172/1404 1324/1932/1236 1385/2151/1295
f 1395/2028/1305 1373/1999/1283 1493/2167/1400
f 1444/2090/1353 1301/1902/1213 1498/2173/1405
f 1319/1927/1231 1439/2083/1348 1468/2123/1377
f 1499/2174/1406 1416/2053/1326 1449/2096/1358
f 1500/2175/1407 1400/2035/1310 1473/2133/1382
f 1458/2106/1367 1377/2004/1287 1501/2176/1408
f 1361/1984/1271 1461/2109/1370 1502/2177/1409
f 1366/2124/1276 1450/2178/1359 1469/2125/1378
f 1490/2163/1397 1433/2076/1342 1463/2112/1372
f 1224/1798/1139 1434/2077/1343 1491/2164/1398
f 1503/2179/1410 1412/2048/1322 1437/2080/1346
f 1384/2013/1294 1415/2051/1325 1504/2180/1411
f 1352/2009/1264 1381/2008/1291 1496/2171/1403
f 1223/1796/1138 1347/1963/1259 1505/2181/1412
f 1412/2048/1322 1464/2115/1373 1333/1944/1245
f 1257/2022/1171 1462/2111/1371 1437/2080/1346
f 1307/1909/1219 1369/1995/1279 1385/2014/1295
f 1504/2180/1411 1415/2051/1325 1494/2168/1401
f 1477/2141/1386 1361/1984/1271 1506/2182/1413
f 1471/2130/1380 1445/2091/1354 1454/2101/1363
f 1348/1964/1260 1507/2183/1414 1442/2087/1351
f 1457/2105/1366 1495/2169/1402 1421/2058/1331
f 1358/1980/1268 1488/2161/1395 1440/2085/1349
f 1508/2184/1415 1418/2055/1328 1380/2007/1290
f 1508/2184/1415 1380/2007/1290 1424/2061/1334
f 1296/2140/1210 1509/2185/1416 1419/2103/1329
f 1509/2185/1416 1296/2140/1210 1510/2186/1417
f 1477/2187/1386 1510/2186/1417 1296/2140/1210
f 1329/1937/1241 1511/2188/1418 1422/2059/1332
f 1311/1915/1223 1512/2189/1419 1386/2015/1296
f 1311/1915/1223 1371/1997/1281 1512/2189/1419
f 1513/2190/1420 1498/2173/1405 1301/1902/1213
f 1430/2071/1339 1416/2053/1326 1499/2174/1406
f 1372/1998/1282 1406/2041/1316 1514/2191/1421
f 1400/2035/1310 1500/2175/1407 1485/2156/1392
f 1465/2192/1374 1322/2170/1234 1496/2171/1403
f 1434/2077/1343 1414/2050/1324 1515/2193/1422
f 1465/2116/1374 1489/2162/1396 1365/1989/1275
f 1432/2073/1341 1483/2153/1390 1492/2166/1399
f 1372/1998/1282 1516/2194/1423 1439/2083/1348
f 1517/2195/1424 1387/2016/1297 1342/1958/1254
f 1448/2095/1357 1386/2015/1296 1518/2196/1425
f 1474/2134/1383 1310/2136/1222 1460/2197/1369
f 1408/2044/1318 1519/2198/1426 1451/2098/1360
f 1452/2099/1361 1519/2198/1426 1408/2044/1318
f 1476/2199/1385 1402/2037/1312 1520/2200/1427
f 1521/2201/1428 1462/2111/1371 1403/2110/1313
f 1472/2131/1381 1355/1973/1265 1522/2202/1429
f 1397/2030/1307 1472/2131/1381 1523/2203/1430
f 1491/2164/1398 1271/1862/1185 1264/1854/1178
f 1264/1854/1178 1224/1798/1139 1491/2164/1398
f 1463/2112/1372 1435/2078/1344 1368/1994/1278
f 1329/1937/1241 1370/1996/1280 1511/2188/1418
f 1524/2204/1431 1413/2205/1323 1407/2160/1317
f 1455/2102/1364 1456/2104/1365 1525/2206/1432
f 1525/2206/1432 1456/2104/1365 1526/2207/1433
f 1456/2104/1365 1442/2087/1351 1526/2207/1433
f 1306/2119/1218 1428/2118/1337 1527/2208/1434
f 1373/1999/1283 1528/2209/1435 1493/2167/1400
f 1499/2210/1406 1449/2165/1358 1492/2166/1399
f 1516/2194/1423 1468/2123/1377 1439/2083/1348
f 1522/2202/1429 1355/1973/1265 1529/2211/1436
f 1290/2212/1204 1530/2213/1437 1360/2214/1270
f 1531/2215/1438 1363/1986/1273 1404/2039/1314
f 1532/2216/1439 1482/2152/1389 1443/2088/1352
f 1431/2217/1340 1234/1951/1148 1484/2155/1391
f 1343/1959/1255 1397/2030/1307 1523/2203/1430
f 1533/2218/1440 1396/2029/1306 1534/2219/1441
f 1535/2220/1442 1390/2019/1300 1471/2130/1380
f 1405/2040/1315 1285/1885/1199 1470/2127/1379
f 1398/2031/1308 1383/2012/1293 1486/2157/1393
f 1536/2221/1443 1372/1998/1282 1514/2191/1421
f 1461/2109/1370 1455/2102/1364 1537/2222/1444
f 1455/2102/1364 1525/2206/1432 1537/2222/1444
f 1451/2098/1360 1519/2198/1426 1538/2223/1445
f 1355/1973/1265 1362/1985/1272 1529/2211/1436
f 1391/2021/1301 1411/2224/1321 1368/1994/1278
f 1385/2014/1295 1369/1995/1279 1539/2225/1446
f 1510/2186/1417 1419/2103/1329 1509/2185/1416
f 1510/2226/1417 1420/2057/1330 1419/2056/1329
f 1471/2130/1380 1454/2101/1363 1540/2227/1447
f 1502/2177/1409 1506/2182/1413 1361/1984/1271
f 1496/2171/1403 1381/2008/1291 1495/2169/1402
f 1413/2205/1323 1515/2228/1422 1414/2229/1324
f 1442/2087/1351 1507/2183/1414 1541/2230/1448
f 1402/2037/1312 1475/2137/1384 1520/2200/1427
f 1423/2060/1333 1422/2059/1332 1542/2231/1449
f 1508/2232/1415 1424/2233/1334 1543/2234/1450
f 1544/2235/1451 1543/2236/1450 1424/2064/1334
f 1495/2169/1402 1457/2105/1366 1545/2237/1452
f 1424/2064/1334 1425/2063/1335 1544/2235/1451
f 1425/2062/1335 1423/2060/1333 1546/2238/1453
f 1295/1896/1209 1420/2057/1330 1453/2100/1362
f 1547/2239/1454 1548/2240/30 1549/2241/30
f 1547/2239/1454 1549/2241/30 1478/2145/30
f 1478/2145/30 1549/2241/30 1428/2068/1337
f 1479/2146/30 1481/2242/1388 1429/2070/1338
f 1516/2194/1423 1372/1998/1282 1536/2221/1443
f 1483/2243/1390 1390/2244/1300 1535/2245/1442
f 1467/2246/1376 1487/2159/1394 1401/2158/1311
f 1469/2125/1378 1550/2247/1455 1467/2126/1376
f 1501/2248/1408 1377/2075/1287 1393/2024/1303
f 1496/2171/1403 1551/2249/1456 1465/2192/1374
f 1507/2183/1414 1348/1964/1260 1392/2023/1302
f 1530/2213/1437 1403/2250/1313 1360/2214/1270
f 1489/2251/1396 1368/1994/1278 1411/2224/1321
f 1454/2101/1363 1394/2026/1304 1540/2227/1447
f 1552/2252/1457 1362/1985/1272 1446/2093/1355
f 1516/2253/1423 1553/2254/1458 1468/2255/1377
f 1554/2256/1459 1483/2243/1390 1535/2245/1442
f 1393/2024/1303 1122/1649/1039 1555/2257/1460
f 1555/2257/1460 1122/1649/1039 1346/1962/1258
f 1459/2107/1368 1387/2016/1297 1517/2195/1424
f 1460/2197/1369 1410/2114/1320 1556/2258/1461
f 1461/2109/1370 1537/2222/1444 1502/2177/1409
f 1302/1903/1214 1223/1796/1138 1505/2181/1412
f 1530/2213/1437 1521/2259/1428 1403/2250/1313
f 1441/2260/1350 1530/2213/1437 1290/2212/1204
f 1436/2079/1345 1539/2225/1446 1369/1995/1279
f 1485/2156/1392 1511/2188/1418 1370/1996/1280
f 1463/2112/1372 1368/1994/1278 1489/2251/1396
f 1540/2227/1447 1394/2026/1304 1493/2167/1400
f 1557/2261/1462 1494/2168/1401 1418/2055/1328
f 1443/2088/1352 1558/2262/1463 1532/2216/1439
f 1559/2263/1464 1383/2012/1293 1343/1959/1255
f 1438/2082/1347 1447/2094/1356 1560/2264/1465
f 1342/1958/1254 1466/2121/1375 1517/2195/1424
f 1301/1993/1213 1409/2045/1319 1561/2265/1466
f 1487/2266/1394 1467/2267/1376 1562/2268/1467
f 1409/2045/1319 1344/1960/1256 1563/2269/1468
f 1564/2270/1469 1344/1960/1256 1474/2271/1383
f 1406/2129/1316 1440/2085/1349 1565/2272/1470
f 1566/2273/1471 1450/2274/1359 1464/2275/1373
f 1451/2098/1360 1538/2223/1445 1488/2161/1395
f 1567/2276/1472 1347/1963/1259 1303/1905/1215
f 1489/2251/1396 1465/2277/1374 1568/2278/1473
f 1417/2054/1327 1388/2017/1298 1569/2279/1474
f 1497/2172/1404 1385/2151/1295 1539/2280/1446
f 1458/2106/1367 1570/2281/1475 1447/2094/1356
f 1396/2029/1306 1438/2082/1347 1534/2219/1441
f 1570/2281/1475 1458/2106/1367 1571/2282/1476
f 1464/2115/1373 1412/2048/1322 1572/2283/1477
f 1346/1962/1258 1270/1861/1184 1555/2257/1460
f 1270/1861/1184 1302/1903/1214 1573/2284/1478
f 1507/2183/1414 1392/2023/1302 1541/2230/1448
f 1491/2164/1398 1574/2285/1479 1303/1905/1215
f 1434/2077/1343 1515/2193/1422 1491/2164/1398
f 1575/2286/1480 1392/2023/1302 1476/2139/1385
f 1441/2260/1350 1430/2287/1339 1530/2213/1437
f 1557/2261/1462 1418/2055/1328 1508/2184/1415
f 1544/2235/1451 1576/2288/1481 1543/2236/1450
f 1524/2204/1431 1407/2160/1317 1577/2289/1482
f 1515/2228/1422 1413/2205/1323 1578/2290/1483
f 1479/2146/30 1417/2069/1327 1579/2291/1484
f 1580/2292/1485 1420/2293/1330 1581/2294/1486
f 1453/2100/1362 1420/2057/1330 1580/2295/1485
f 1453/2100/1362 1558/2262/1463 1443/2088/1352
f 1388/2017/1298 1431/2072/1340 1569/2279/1474
f 1552/2252/1457 1446/2093/1355 1482/2152/1389
f 1499/2210/1406 1492/2166/1399 1582/2296/1487
f 1501/2176/1408 1571/2282/1476 1458/2106/1367
f 1468/2255/1377 1583/2297/1488 1436/2298/1345
f 1513/2190/1420 1301/1902/1213 1561/2299/1466
f 1562/2268/1467 1467/2267/1376 1550/2300/1455
f 1564/2270/1469 1563/2269/1468 1344/1960/1256
f 1324/1932/1236 1497/2172/1404 1371/1997/1281
f 1556/2258/1461 1410/2114/1320 1459/2107/1368
f 1584/2301/1489 1505/2181/1412 1347/1963/1259
f 1462/2111/1371 1503/2179/1410 1437/2080/1346
f 1462/2111/1371 1585/2302/1490 1503/2179/1410
f 1521/2201/1428 1585/2302/1490 1462/2111/1371
f 1529/2211/1436 1362/1985/1272 1552/2252/1457
f 1586/2303/1491 1384/2013/1294 1504/2180/1411
f 1568/2278/1473 1465/2277/1374 1551/2304/1456
f 1519/2198/1426 1452/2099/1361 1490/2163/1397
f 1463/2112/1372 1489/2251/1396 1568/2278/1473
f 1540/2227/1447 1493/2167/1400 1528/2209/1435
f 1484/2155/1391 1363/1986/1273 1587/2305/1492
f 1588/2306/1493 1444/2090/1353 1498/2173/1405
f 1450/2178/1359 1589/2307/1494 1469/2125/1378
f 1540/2227/1447 1535/2220/1442 1471/2130/1380
f 1503/2179/1410 1572/2283/1477 1412/2048/1322
f 1440/2085/1349 1488/2161/1395 1565/2272/1470
f 1590/2308/1495 1585/2309/1490 1521/2259/1428
f 1404/2039/1314 1384/2013/1294 1531/2215/1438
f 1508/2184/1415 1543/2310/1450 1591/2311/1496
f 1592/2312/1497 1591/2311/1496 1543/2310/1450
f 1448/2095/1357 1593/2313/1498 1457/2128/1366
f 1442/2087/1351 1541/2230/1448 1526/2207/1433
f 1496/2171/1403 1495/2169/1402 1594/2314/1499
f 1577/2289/1482 1407/2160/1317 1487/2159/1394
f 1595/2315/1500 1583/2297/1488 1468/2255/1377
f 1560/2264/1465 1447/2094/1356 1570/2281/1475
f 1553/2254/1458 1595/2315/1500 1468/2255/1377
f 1532/2216/1439 1558/2262/1463 1596/2316/1501
f 1561/2265/1466 1409/2045/1319 1563/2269/1468
f 1518/2196/1425 1386/2015/1296 1512/2189/1419
f 1514/2317/1421 1406/2129/1316 1597/2318/1502
f 1488/2161/1395 1598/2319/1503 1565/2272/1470
f 1488/2161/1395 1538/2223/1445 1599/2320/1504
f 1600/2321/1505 1599/2320/1504 1538/2223/1445
f 1589/2322/1494 1450/2274/1359 1566/2273/1471
f 1587/2305/1492 1363/1986/1273 1531/2215/1438
f 1601/2323/1506 1530/2213/1437 1430/2287/1339
f 1373/1999/1283 1444/2090/1353 1528/2209/1435
f 1431/2217/1340 1484/2155/1391 1602/2324/1507
f 1536/2325/1443 1603/2326/1508 1516/2253/1423
f 1483/2153/1390 1554/2327/1459 1492/2166/1399
f 1393/2024/1303 1555/2257/1460 1604/2328/1509
f 1573/2284/1478 1302/1903/1214 1505/2181/1412
f 1519/2198/1426 1490/2163/1397 1600/2321/1505
f 1476/2199/1385 1520/2200/1427 1605/2329/1510
f 1475/2137/1384 1306/1908/1218 1605/2329/1510
f 1527/2330/1434 1605/2329/1510 1306/1908/1218
f 1532/2216/1439 1606/2331/1511 1482/2152/1389
f 1506/2332/1413 1607/2333/1512 1581/2334/1486
f 1384/2013/1294 1586/2303/1491 1531/2215/1438
f 1448/2095/1357 1518/2196/1425 1593/2313/1498
f 1457/2105/1366 1593/2335/1498 1545/2237/1452
f 1538/2223/1445 1519/2198/1426 1600/2321/1505
f 1542/2231/1449 1546/2238/1453 1423/2060/1333
f 1581/2294/1486 1420/2293/1330 1510/2336/1417
f 1510/2337/1417 1477/2338/1386 1581/2334/1486
f 1506/2332/1413 1581/2334/1486 1477/2338/1386
f 1495/2169/1402 1545/2237/1452 1594/2314/1499
f 1580/2339/1485 1558/2340/1463 1453/2341/1362
f 1544/2342/1451 1425/2062/1335 1608/2343/1513
f 1609/2344/1514 1479/2146/30 1610/2345/30
f 1611/2346/30 1549/2347/30 1612/2348/1515
f 1612/2348/1515 1549/2347/30 1548/2349/30
f 1436/2298/1345 1583/2297/1488 1613/2350/1516
f 1473/2133/1382 1396/2132/1306 1533/2351/1440
f 1614/2352/1517 1500/2175/1407 1473/2133/1382
f 1501/2248/1408 1393/2024/1303 1604/2328/1509
f 1599/2320/1504 1598/2319/1503 1488/2161/1395
f 1503/2353/1410 1585/2309/1490 1615/2354/1518
f 1498/2173/1405 1513/2190/1420 1616/2355/1519
f 1564/2270/1469 1474/2271/1383 1617/2356/1520
f 1597/2318/1502 1406/2129/1316 1565/2272/1470
f 1573/2284/1478 1618/2357/1521 1270/1861/1184
f 1596/2316/1501 1606/2331/1511 1532/2216/1439
f 1552/2252/1457 1482/2152/1389 1606/2331/1511
f 1559/2263/1464 1343/1959/1255 1523/2203/1430
f 1568/2278/1473 1490/2163/1397 1463/2112/1372
f 1590/2308/1495 1521/2259/1428 1530/2213/1437
f 1444/2090/1353 1588/2306/1493 1528/2209/1435
f 1422/2059/1332 1511/2188/1418 1619/2358/1522
f 1542/2231/1449 1422/2059/1332 1619/2358/1522
f 1557/2261/1462 1508/2184/1415 1591/2311/1496
f 1497/2172/1404 1539/2280/1446 1620/2359/1523
f 1576/2360/1481 1592/2312/1497 1543/2310/1450
f 1621/2361/1524 1525/2206/1432 1526/2207/1433
f 1622/2362/1525 1623/2363/1526 1624/2364/1527
f 1430/2287/1339 1499/2210/1406 1582/2296/1487
f 1525/2206/1432 1625/2365/1528 1537/2222/1444
f 1572/2366/1477 1503/2353/1410 1615/2354/1518
f 1536/2221/1443 1514/2191/1421 1626/2367/1529
f 1529/2211/1436 1552/2252/1457 1627/2368/1530
f 1578/2369/1483 1491/2164/1398 1515/2193/1422
f 1628/2370/1531 1622/2362/1525 1624/2364/1527
f 1616/2355/1519 1513/2190/1420 1561/2299/1466
f 1511/2188/1418 1485/2156/1392 1629/2371/1532
f 1569/2279/1474 1431/2072/1340 1602/2372/1507
f 1630/2373/1533 1602/2324/1507 1484/2155/1391
f 1596/2374/1501 1558/2375/1463 1631/2376/1534
f 1539/2225/1446 1436/2079/1345 1613/2377/1516
f 1500/2175/1407 1632/2378/1535 1485/2156/1392
f 1633/2379/1536 1517/2195/1424 1466/2121/1375
f 1634/2380/1537 1577/2381/1482 1487/2266/1394
f 1555/2257/1460 1270/1861/1184 1618/2357/1521
f 1635/2382/1538 1572/2366/1477 1615/2354/1518
f 1606/2331/1511 1636/2383/1539 1552/2252/1457
f 1347/1963/1259 1567/2276/1472 1584/2301/1489
f 1303/1905/1215 1574/2285/1479 1567/2276/1472
f 1626/2367/1529 1514/2191/1421 1637/2384/1540
f 1590/2308/1495 1638/2385/1541 1639/2386/1542
f 1472/2131/1381 1522/2202/1429 1640/2387/1543
f 1641/2388/1544 1568/2278/1473 1551/2304/1456
f 1641/2388/1544 1490/2163/1397 1568/2278/1473
f 1586/2303/1491 1504/2180/1411 1642/2389/1545
f 1557/2261/1462 1643/2390/1546 1494/2168/1401
f 1371/1997/1281 1644/2391/1547 1512/2189/1419
f 1592/2312/1497 1576/2360/1481 1645/2392/1548
f 1607/2333/1512 1558/2340/1463 1646/2393/1549
f 1506/2332/1413 1558/2340/1463 1607/2333/1512
f 1506/2394/1413 1502/2395/1409 1631/2376/1534
f 1558/2375/1463 1506/2394/1413 1631/2376/1534
f 1425/2062/1335 1546/2238/1453 1647/2396/1550
f 1608/2343/1513 1425/2062/1335 1647/2396/1550
f 1576/2288/1481 1544/2235/1451 1645/2397/1548
f 1607/2398/1512 1580/2292/1485 1581/2294/1486
f 1570/2281/1475 1571/2282/1476 1648/2399/1551
f 1438/2082/1347 1560/2264/1465 1534/2219/1441
f 1649/2400/1552 1500/2175/1407 1614/2352/1517
f 1625/2365/1528 1502/2177/1409 1537/2222/1444
f 1371/1997/1281 1497/2172/1404 1644/2391/1547
f 1562/2268/1467 1550/2300/1455 1650/2401/1553
f 1566/2273/1471 1464/2275/1373 1572/2366/1477
f 1634/2380/1537 1487/2266/1394 1562/2268/1467
f 1615/2354/1518 1585/2309/1490 1639/2386/1542
f 1585/2309/1490 1590/2308/1495 1639/2386/1542
f 1530/2213/1437 1651/2402/1554 1590/2308/1495
f 1524/2204/1431 1577/2289/1482 1652/2403/1555
f 1551/2249/1456 1496/2171/1403 1653/2404/1556
f 1531/2215/1438 1654/2405/1557 1587/2305/1492
f 1655/2406/1558 1628/2370/1531 1624/2364/1527
f 1656/2407/1559 1583/2297/1488 1657/2408/1560
f 1613/2350/1516 1583/2297/1488 1656/2407/1559
f 1486/2157/1393 1383/2012/1293 1559/2263/1464
f 1474/2134/1383 1460/2197/1369 1617/2409/1520
f 1392/2023/1302 1575/2286/1480 1541/2230/1448
f 1572/2366/1477 1635/2382/1538 1566/2273/1471
f 1603/2326/1508 1553/2254/1458 1516/2253/1423
f 1598/2319/1503 1658/2410/1561 1565/2272/1470
f 1514/2191/1421 1597/2411/1502 1637/2384/1540
f 1651/2402/1554 1659/2412/1562 1590/2308/1495
f 1594/2314/1499 1653/2404/1556 1496/2171/1403
f 1660/2413/1563 1624/2414/1527 1623/2415/1526
f 1620/2359/1523 1539/2280/1446 1661/2416/1564
f 1646/2417/1549 1631/2376/1534 1607/2418/1512
f 1502/2395/1409 1607/2418/1512 1631/2376/1534
f 1580/2339/1485 1646/2393/1549 1558/2340/1463
f 1631/2419/1534 1646/2420/1549 1580/2421/1485
f 1413/2205/1323 1524/2204/1431 1662/2422/1565
f 1605/2329/1510 1520/2200/1427 1475/2137/1384
f 1430/2287/1339 1582/2296/1487 1663/2423/1566
f 1587/2305/1492 1630/2373/1533 1484/2155/1391
f 1657/2408/1560 1623/2415/1526 1656/2407/1559
f 1556/2258/1461 1459/2107/1368 1664/2424/1567
f 1526/2207/1433 1541/2230/1448 1665/2425/1568
f 1666/2426/1569 1589/2322/1494 1566/2273/1471
f 1635/2382/1538 1666/2426/1569 1566/2273/1471
f 1598/2319/1503 1599/2320/1504 1667/2427/1570
f 1498/2173/1405 1616/2355/1519 1588/2306/1493
f 1490/2163/1397 1641/2388/1544 1600/2321/1505
f 1656/2428/1559 1622/2362/1525 1668/2429/1571
f 1623/2363/1526 1622/2362/1525 1656/2428/1559
f 1669/2430/1572 1492/2166/1399 1670/2431/1573
f 1535/2220/1442 1540/2227/1447 1671/2432/1574
f 1570/2281/1475 1672/2433/1575 1560/2264/1465
f 1661/2434/1564 1539/2435/1446 1613/2436/1516
f 1571/2282/1476 1501/2176/1408 1673/2437/1576
f 1523/2203/1430 1472/2131/1381 1640/2387/1543
f 1638/2385/1541 1590/2308/1495 1674/2438/1577
f 1601/2323/1506 1651/2402/1554 1530/2213/1437
f 1536/2439/1443 1675/2440/1578 1603/2441/1508
f 1675/2440/1578 1536/2439/1443 1626/2442/1529
f 1676/2443/1579 1502/2177/1409 1625/2365/1528
f 1619/2358/1522 1511/2188/1418 1677/2444/1580
f 1625/2365/1528 1525/2206/1432 1621/2361/1524
f 1578/2290/1483 1413/2205/1323 1662/2422/1565
f 1504/2180/1411 1494/2168/1401 1643/2390/1546
f 1607/2445/1512 1502/2177/1409 1676/2443/1579
f 1678/2446/1581 1549/2447/30 1679/2448/1582
f 1610/2345/30 1479/2146/30 1680/2449/30
f 1680/2450/30 1681/2451/1583 1610/2452/30
f 1582/2296/1487 1492/2166/1399 1669/2430/1572
f 1671/2432/1574 1540/2227/1447 1528/2209/1435
f 1682/2453/1584 1561/2454/1466 1563/2455/1468
f 1664/2424/1567 1459/2107/1368 1517/2195/1424
f 1476/2139/1385 1683/2456/1585 1575/2286/1480
f 1501/2248/1408 1604/2328/1509 1673/2457/1576
f 1476/2199/1385 1605/2329/1510 1683/2458/1585
f 1635/2382/1538 1615/2354/1518 1639/2386/1542
f 1652/2459/1555 1567/2276/1472 1574/2285/1479
f 1624/2364/1527 1684/2460/1586 1655/2406/1558
f 1565/2272/1470 1685/2461/1587 1597/2318/1502
f 1528/2209/1435 1588/2306/1493 1686/2462/1588
f 1672/2433/1575 1534/2219/1441 1560/2264/1465
f 1556/2258/1461 1617/2409/1520 1460/2197/1369
f 1590/2308/1495 1659/2412/1562 1674/2438/1577
f 1613/2436/1516 1687/2463/1589 1661/2434/1564
f 1601/2323/1506 1430/2287/1339 1663/2423/1566
f 1577/2381/1482 1634/2380/1537 1688/2464/1590
f 1662/2465/1565 1574/2285/1479 1491/2164/1398
f 1565/2272/1470 1658/2410/1561 1685/2461/1587
f 1689/2466/1591 1620/2359/1523 1661/2416/1564
f 1619/2358/1522 1546/2238/1453 1542/2231/1449
f 1591/2311/1496 1592/2312/1497 1690/2467/1592
f 1691/2468/1593 1631/2419/1534 1580/2421/1485
f 1692/2469/1594 1593/2313/1498 1518/2196/1425
f 1660/2413/1563 1623/2415/1526 1657/2408/1560
f 1693/2470/1595 1694/2471/1596 1554/2256/1459
f 1554/2256/1459 1535/2245/1442 1695/2472/1597
f 1696/2473/1598 1657/2408/1560 1583/2297/1488
f 1697/2474/1599 1633/2379/1536 1466/2121/1375
f 1614/2352/1517 1473/2133/1382 1533/2351/1440
f 1632/2378/1535 1500/2175/1407 1649/2400/1552
f 1553/2254/1458 1698/2475/1600 1595/2315/1500
f 1665/2425/1568 1541/2230/1448 1575/2286/1480
f 1666/2426/1569 1635/2382/1538 1699/2476/1601
f 1675/2440/1578 1626/2442/1529 1700/2477/1602
f 1584/2301/1489 1567/2276/1472 1701/2478/1603
f 1688/2464/1590 1567/2276/1472 1652/2459/1555
f 1652/2459/1555 1577/2381/1482 1688/2464/1590
f 1669/2430/1572 1702/2479/1604 1582/2296/1487
f 1695/2472/1597 1693/2470/1595 1554/2256/1459
f 1629/2371/1532 1677/2444/1580 1511/2188/1418
f 1656/2428/1559 1687/2463/1589 1613/2436/1516
f 1534/2480/1441 1672/2481/1575 1703/2482/1605
f 1704/2483/1606 1534/2480/1441 1703/2482/1605
f 1517/2195/1424 1633/2379/1536 1705/2484/1607
f 1405/2040/1315 1470/2127/1379 1466/2121/1375
f 1596/2316/1501 1691/2485/1593 1706/2486/1608
f 1634/2380/1537 1562/2268/1467 1650/2401/1553
f 1662/2465/1565 1652/2459/1555 1574/2285/1479
f 1643/2390/1546 1557/2261/1462 1707/2487/1609
f 1557/2261/1462 1591/2311/1496 1707/2487/1609
f 1546/2238/1453 1619/2358/1522 1708/2488/1610
f 1625/2365/1528 1621/2361/1524 1709/2489/1611
f 1652/2403/1555 1662/2422/1565 1524/2204/1431
f 1691/2485/1593 1596/2316/1501 1631/2490/1534
f 1593/2335/1498 1594/2314/1499 1545/2237/1452
f 1662/2465/1565 1491/2164/1398 1578/2369/1483
f 1592/2312/1497 1645/2392/1548 1710/2491/1612
f 1544/2235/1451 1608/2492/1513 1711/2493/1613
f 1417/2054/1327 1569/2279/1474 1602/2372/1507
f 1712/2494/1614 1417/2054/1327 1602/2372/1507
f 1554/2327/1459 1670/2431/1573 1492/2166/1399
f 1668/2429/1571 1622/2362/1525 1713/2495/1615
f 1563/2455/1468 1564/2496/1469 1682/2453/1584
f 1550/2247/1455 1469/2125/1378 1714/2497/1616
f 1621/2361/1524 1526/2207/1433 1715/2498/1617
f 1526/2207/1433 1665/2425/1568 1715/2498/1617
f 1553/2254/1458 1603/2326/1508 1698/2475/1600
f 1699/2476/1601 1635/2382/1538 1639/2386/1542
f 1716/2499/1618 1579/2291/1484 1417/2069/1327
f 1668/2429/1571 1713/2495/1615 1687/2463/1589
f 1671/2432/1574 1528/2209/1435 1686/2462/1588
f 1656/2428/1559 1668/2429/1571 1687/2463/1589
f 1717/2500/1619 1604/2328/1509 1555/2257/1460
f 1606/2331/1511 1596/2316/1501 1706/2486/1608
f 1658/2410/1561 1598/2319/1503 1667/2427/1570
f 1627/2368/1530 1552/2252/1457 1636/2383/1539
f 1626/2367/1529 1637/2384/1540 1700/2501/1602
f 1559/2263/1464 1523/2203/1430 1718/2502/1620
f 1600/2321/1505 1641/2388/1544 1719/2503/1621
f 1720/2504/1622 1619/2358/1522 1677/2444/1580
f 1580/2292/1485 1607/2398/1512 1676/2505/1579
f 1689/2466/1591 1497/2172/1404 1620/2359/1523
f 1721/2506/1623 1594/2314/1499 1593/2335/1498
f 1654/2405/1557 1531/2215/1438 1722/2507/1624
f 1417/2054/1327 1712/2494/1614 1716/2508/1618
f 1723/2509/1625 1687/2463/1589 1713/2495/1615
f 1672/2433/1575 1570/2281/1475 1648/2399/1551
f 1666/2426/1569 1724/2510/1626 1589/2322/1494
f 1518/2196/1425 1512/2189/1419 1725/2511/1627
f 1594/2314/1499 1721/2506/1623 1653/2404/1556
f 1701/2478/1603 1567/2276/1472 1726/2512/1628
f 1601/2323/1506 1663/2423/1566 1727/2513/1629
f 1722/2507/1624 1531/2215/1438 1586/2303/1491
f 1556/2258/1461 1664/2424/1567 1728/2514/1630
f 1529/2211/1436 1729/2515/1631 1522/2202/1429
f 1624/2516/1527 1730/2517/1632 1684/2518/1586
f 1624/2516/1527 1660/2519/1563 1730/2517/1632
f 1671/2432/1574 1695/2520/1597 1535/2220/1442
f 1629/2371/1532 1485/2156/1392 1632/2378/1535
f 1595/2315/1500 1731/2521/1633 1583/2297/1488
f 1709/2489/1611 1621/2361/1524 1715/2498/1617
f 1469/2125/1378 1589/2307/1494 1732/2522/1634
f 1724/2523/1626 1732/2522/1634 1589/2307/1494
f 1699/2476/1601 1733/2524/1635 1666/2426/1569
f 1606/2331/1511 1706/2486/1608 1734/2525/1636
f 1529/2211/1436 1627/2368/1530 1729/2515/1631
f 1684/2518/1586 1730/2517/1632 1735/2526/1637
f 1663/2423/1566 1582/2296/1487 1702/2479/1604
f 1708/2488/1610 1619/2358/1522 1720/2504/1622
f 1647/2396/1550 1546/2238/1453 1708/2488/1610
f 1690/2467/1592 1592/2312/1497 1710/2491/1612
f 1736/2527/1638 1608/2343/1513 1647/2396/1550
f 1691/2528/1593 1580/2292/1485 1676/2505/1579
f 1707/2487/1609 1591/2311/1496 1690/2467/1592
f 1737/2529/1639 1710/2491/1612 1645/2392/1548
f 1711/2493/1613 1645/2397/1548 1544/2235/1451
f 1479/2146/30 1738/2530/1640 1680/2449/30
f 1738/2531/1640 1739/2532/30 1680/2450/30
f 1678/2446/1581 1740/2533/1641 1549/2447/30
f 1740/2533/1641 1741/2534/30 1549/2447/30
f 1549/2447/30 1741/2534/30 1428/2535/1337
f 1504/2180/1411 1643/2390/1546 1642/2389/1545
f 1742/2536/1642 1622/2362/1525 1628/2370/1531
f 1665/2425/1568 1743/2537/1643 1715/2498/1617
f 1648/2399/1551 1571/2282/1476 1673/2437/1576
f 1692/2469/1594 1518/2196/1425 1725/2511/1627
f 1721/2506/1623 1593/2335/1498 1692/2538/1594
f 1717/2500/1619 1555/2257/1460 1618/2357/1521
f 1653/2404/1556 1721/2506/1623 1744/2539/1644
f 1745/2540/1645 1603/2441/1508 1675/2440/1578
f 1630/2541/1533 1712/2494/1614 1602/2372/1507
f 1470/2127/1379 1486/2157/1393 1746/2542/1646
f 1617/2409/1520 1556/2258/1461 1728/2514/1630
f 1664/2424/1567 1517/2195/1424 1705/2484/1607
f 1697/2474/1599 1466/2121/1375 1470/2127/1379
f 1665/2425/1568 1575/2286/1480 1743/2537/1643
f 1723/2543/1625 1713/2544/1615 1747/2545/1647
f 1638/2385/1541 1674/2438/1577 1748/2546/1648
f 1731/2521/1633 1696/2473/1598 1583/2297/1488
f 1584/2301/1489 1701/2478/1603 1749/2547/1649
f 1586/2303/1491 1642/2389/1545 1750/2548/1650
f 1670/2549/1573 1554/2256/1459 1694/2471/1596
f 1637/2550/1540 1597/2318/1502 1751/2551/1651
f 1653/2552/1556 1752/2553/1652 1551/2304/1456
f 1599/2320/1504 1600/2321/1505 1719/2503/1621
f 1647/2396/1550 1708/2488/1610 1736/2527/1638
f 1691/2528/1593 1676/2505/1579 1753/2554/1653
f 1754/2555/1654 1677/2444/1580 1629/2371/1532
f 1712/2494/1614 1630/2541/1533 1755/2556/1655
f 1561/2299/1466 1682/2557/1584 1756/2558/1656
f 1512/2189/1419 1644/2391/1547 1757/2559/1657
f 1725/2511/1627 1512/2189/1419 1758/2560/1658
f 1605/2329/1510 1527/2330/1434 1759/2561/1659
f 1683/2458/1585 1605/2329/1510 1759/2561/1659
f 1751/2551/1651 1597/2318/1502 1685/2461/1587
f 1719/2503/1621 1667/2427/1570 1599/2320/1504
f 1561/2299/1466 1756/2558/1656 1616/2355/1519
f 1522/2202/1429 1760/2562/1660 1640/2387/1543
f 1641/2388/1544 1551/2304/1456 1752/2553/1652
f 1657/2408/1560 1761/2563/1661 1660/2413/1563
f 1742/2536/1642 1713/2495/1615 1622/2362/1525
f 1630/2373/1533 1587/2305/1492 1755/2564/1655
f 1672/2433/1575 1648/2399/1551 1762/2565/1662
f 1595/2315/1500 1763/2566/1663 1731/2521/1633
f 1650/2401/1553 1550/2300/1455 1714/2567/1616
f 1666/2426/1569 1733/2524/1635 1724/2510/1626
f 1717/2500/1619 1618/2357/1521 1764/2568/1664
f 1765/2569/1665 1658/2410/1561 1667/2427/1570
f 1700/2501/1602 1637/2384/1540 1766/2570/1666
f 1767/2571/1667 1655/2406/1558 1684/2460/1586
f 1722/2507/1624 1586/2303/1491 1750/2548/1650
f 1643/2390/1546 1707/2487/1609 1768/2572/1668
f 1769/2573/1669 1625/2365/1528 1709/2489/1611
f 1737/2529/1639 1645/2392/1548 1770/2574/1670
f 1689/2466/1591 1644/2391/1547 1497/2172/1404
f 1625/2365/1528 1769/2573/1669 1676/2443/1579
f 1486/2157/1393 1559/2263/1464 1771/2575/1671
f 1533/2351/1440 1534/2480/1441 1704/2483/1606
f 1715/2498/1617 1772/2576/1672 1709/2489/1611
f 1699/2476/1601 1639/2386/1542 1638/2385/1541
f 1773/2577/1673 1752/2553/1652 1653/2552/1556
f 1636/2383/1539 1606/2331/1511 1734/2525/1636
f 1567/2276/1472 1688/2464/1590 1726/2512/1628
f 1522/2202/1429 1729/2515/1631 1774/2578/1674
f 1719/2503/1621 1765/2569/1665 1667/2427/1570
f 1603/2326/1508 1745/2579/1645 1698/2475/1600
f 1702/2479/1604 1775/2580/1675 1663/2423/1566
f 1559/2263/1464 1718/2502/1620 1771/2575/1671
f 1641/2388/1544 1752/2553/1652 1719/2503/1621
f 1655/2406/1558 1742/2536/1642 1628/2370/1531
f 1671/2432/1574 1686/2462/1588 1776/2581/1676
f 1746/2542/1646 1486/2157/1393 1771/2575/1671
f 1696/2473/1598 1761/2563/1661 1657/2408/1560
f 1697/2474/1599 1470/2127/1379 1777/2582/1677
f 1634/2380/1537 1650/2401/1553 1778/2583/1678
f 1618/2357/1521 1573/2284/1478 1764/2568/1664
f 1744/2584/1644 1773/2577/1673 1653/2552/1556
f 1634/2380/1537 1778/2583/1678 1688/2464/1590
f 1702/2479/1604 1669/2430/1572 1779/2585/1679
f 1745/2540/1645 1675/2440/1578 1780/2586/1680
f 1675/2440/1578 1700/2477/1602 1780/2586/1680
f 1707/2487/1609 1690/2467/1592 1781/2587/1681
f 1690/2467/1592 1710/2491/1612 1737/2529/1639
f 1608/2343/1513 1736/2527/1638 1782/2588/1682
f 1753/2554/1653 1676/2505/1579 1783/2589/1683
f 1660/2519/1563 1784/2590/1684 1730/2517/1632
f 1564/2496/1469 1617/2409/1520 1785/2591/1685
f 1470/2127/1379 1746/2542/1646 1777/2582/1677
f 1469/2125/1378 1732/2522/1634 1786/2592/1686
f 1595/2315/1500 1698/2475/1600 1763/2566/1663
f 1601/2323/1506 1727/2513/1629 1651/2402/1554
f 1787/2593/1687 1616/2355/1519 1756/2558/1656
f 1588/2306/1493 1616/2355/1519 1686/2462/1588
f 1587/2305/1492 1654/2405/1557 1788/2594/1688
f 1654/2405/1557 1722/2507/1624 1788/2594/1688
f 1789/2595/1689 1694/2471/1596 1693/2470/1595
f 1718/2502/1620 1523/2203/1430 1640/2387/1543
f 1789/2595/1689 1669/2596/1572 1670/2549/1573
f 1697/2474/1599 1705/2484/1607 1633/2379/1536
f 1703/2597/1605 1672/2433/1575 1762/2565/1662
f 1715/2498/1617 1743/2537/1643 1790/2598/1690
f 1757/2559/1657 1758/2560/1658 1512/2189/1419
f 1685/2461/1587 1658/2410/1561 1791/2599/1691
f 1693/2470/1595 1792/2600/1692 1789/2595/1689
f 1766/2601/1666 1637/2550/1540 1751/2551/1651
f 1655/2406/1558 1767/2571/1667 1742/2536/1642
f 1767/2571/1667 1684/2460/1586 1793/2602/1693
f 1671/2432/1574 1792/2603/1692 1695/2520/1597
f 1693/2470/1595 1695/2472/1597 1792/2600/1692
f 1720/2504/1622 1677/2444/1580 1754/2555/1654
f 1768/2572/1668 1707/2487/1609 1781/2587/1681
f 1661/2604/1564 1687/2605/1589 1794/2606/1694
f 1757/2559/1657 1644/2391/1547 1689/2466/1591
f 1676/2443/1579 1769/2573/1669 1783/2607/1683
f 1795/2608/1695 1737/2529/1639 1770/2574/1670
f 1723/2543/1625 1794/2606/1694 1687/2605/1589
f 1711/2609/1613 1608/2343/1513 1796/2610/1696
f 1797/2611/30 1479/2146/30 1579/2291/1484
f 1645/2397/1548 1711/2493/1613 1770/2612/1670
f 1479/2146/30 1797/2611/30 1738/2530/1640
f 1797/2613/30 1798/2614/30 1738/2531/1640
f 1738/2531/1640 1798/2614/30 1799/2615/30
f 1755/2564/1655 1587/2305/1492 1788/2594/1688
f 1564/2496/1469 1785/2591/1685 1800/2616/1697
f 1714/2497/1616 1469/2125/1378 1786/2592/1686
f 1743/2537/1643 1575/2286/1480 1801/2617/1698
f 1727/2513/1629 1663/2423/1566 1775/2580/1675
f 1686/2462/1588 1616/2355/1519 1787/2593/1687
f 1729/2515/1631 1627/2368/1530 1802/2618/1699
f 1642/2389/1545 1768/2572/1668 1750/2548/1650
f 1643/2390/1546 1768/2572/1668 1642/2389/1545
f 1670/2549/1573 1694/2471/1596 1789/2595/1689
f 1791/2599/1691 1658/2410/1561 1765/2569/1665
f 1728/2514/1630 1785/2591/1685 1617/2409/1520
f 1784/2619/1684 1660/2413/1563 1803/2620/1700
f 1755/2556/1655 1804/2621/1701 1712/2494/1614
f 1803/2620/1700 1660/2413/1563 1761/2563/1661
f 1783/2607/1683 1769/2573/1669 1709/2489/1611
f 1724/2523/1626 1805/2622/1702 1732/2522/1634
f 1806/2623/1703 1748/2546/1648 1674/2438/1577
f 1674/2438/1577 1659/2412/1562 1807/2624/1704
f 1706/2486/1608 1691/2485/1593 1808/2625/1705
f 1721/2506/1623 1692/2538/1594 1809/2626/1706
f 1810/2627/1707 1764/2568/1664 1573/2284/1478
f 1810/2627/1707 1573/2284/1478 1505/2181/1412
f 1749/2547/1649 1505/2181/1412 1584/2301/1489
f 1749/2547/1649 1701/2478/1603 1811/2628/1708
f 1688/2464/1590 1778/2583/1678 1812/2629/1709
f 1774/2578/1674 1760/2562/1660 1522/2202/1429
f 1765/2569/1665 1719/2503/1621 1752/2553/1652
f 1564/2496/1469 1800/2616/1697 1682/2453/1584
f 1813/2630/1710 1664/2424/1567 1705/2484/1607
f 1691/2485/1593 1753/2631/1653 1808/2625/1705
f 1783/2607/1683 1709/2489/1611 1772/2576/1672
f 1638/2385/1541 1748/2546/1648 1699/2476/1601
f 1759/2561/1659 1527/2330/1434 1814/2632/1711
f 1701/2478/1603 1726/2512/1628 1811/2628/1708
f 1815/2633/1712 1793/2634/1693 1684/2518/1586
f 1735/2526/1637 1815/2633/1712 1684/2518/1586
f 1816/2635/1713 1722/2507/1624 1750/2548/1650
f 1756/2636/1656 1682/2637/1584 1817/2638/1714
f 1673/2457/1576 1604/2328/1509 1818/2639/1715
f 1772/2576/1672 1715/2498/1617 1819/2640/1716
f 1715/2498/1617 1790/2598/1690 1819/2640/1716
f 1801/2617/1698 1575/2286/1480 1683/2456/1585
f 1801/2641/1698 1759/2642/1659 1814/2643/1711
f 1806/2623/1703 1674/2438/1577 1807/2624/1704
f 1759/2642/1659 1801/2641/1698 1683/2644/1585
f 1744/2539/1644 1721/2506/1623 1809/2626/1706
f 1685/2461/1587 1791/2599/1691 1820/2645/1717
f 1766/2646/1666 1780/2586/1680 1700/2477/1602
f 1770/2647/1670 1711/2609/1613 1821/2648/1718
f 1533/2351/1440 1704/2483/1606 1822/2649/1719
f 1604/2328/1509 1717/2500/1619 1818/2639/1715
f 1823/2650/1720 1751/2551/1651 1685/2461/1587
f 1824/2651/1721 1775/2580/1675 1702/2479/1604
f 1671/2432/1574 1776/2581/1676 1792/2603/1692
f 1747/2545/1647 1713/2544/1615 1825/2652/1722
f 1786/2592/1686 1732/2522/1634 1805/2622/1702
f 1817/2653/1714 1682/2453/1584 1826/2654/1723
f 1758/2560/1658 1827/2655/1724 1725/2511/1627
f 1828/2656/1725 1807/2624/1704 1659/2412/1562
f 1823/2650/1720 1685/2461/1587 1820/2645/1717
f 1789/2595/1689 1779/2657/1679 1669/2596/1572
f 1627/2368/1530 1636/2383/1539 1829/2658/1726
f 1830/2659/1727 1718/2502/1620 1640/2387/1543
f 1737/2529/1639 1831/2660/1728 1690/2467/1592
f 1814/2661/1711 1527/2208/1434 1428/2118/1337
f 1648/2399/1551 1832/2662/1729 1833/2663/1730
f 1648/2399/1551 1673/2437/1576 1832/2662/1729
f 1723/2543/1625 1747/2545/1647 1834/2664/1731
f 1696/2473/1598 1731/2521/1633 1761/2563/1661
f 1783/2589/1683 1772/2665/1672 1753/2554/1653
f 1809/2666/1706 1692/2469/1594 1725/2511/1627
f 1717/2500/1619 1764/2568/1664 1835/2667/1732
f 1791/2599/1691 1765/2569/1665 1836/2668/1733
f 1789/2595/1689 1792/2600/1692 1779/2657/1679
f 1742/2536/1642 1767/2571/1667 1837/2669/1734
f 1838/2670/1735 1745/2540/1645 1780/2586/1680
f 1784/2590/1684 1839/2671/1736 1730/2517/1632
f 1754/2555/1654 1840/2672/1737 1720/2504/1622
f 1629/2371/1532 1632/2378/1535 1841/2673/1738
f 1781/2587/1681 1690/2467/1592 1831/2660/1728
f 1742/2674/1642 1825/2652/1722 1713/2544/1615
f 1614/2352/1517 1533/2351/1440 1822/2649/1719
f 1659/2412/1562 1651/2402/1554 1828/2656/1725
f 1842/2675/1739 1706/2486/1608 1808/2625/1705
f 1752/2553/1652 1836/2668/1733 1765/2569/1665
f 1782/2588/1682 1736/2527/1638 1843/2676/1740
f 1844/2677/1741 1795/2608/1695 1770/2574/1670
f 1845/2678/1742 1661/2604/1564 1794/2606/1694
f 1821/2679/1718 1846/2680/1743 1770/2681/1670
f 1428/2535/1337 1741/2534/30 1847/2682/30
f 1712/2494/1614 1804/2621/1701 1716/2508/1618
f 1826/2654/1723 1682/2453/1584 1800/2616/1697
f 1813/2630/1710 1728/2514/1630 1664/2424/1567
f 1698/2475/1600 1848/2683/1744 1849/2684/1745
f 1745/2579/1645 1850/2685/1746 1698/2475/1600
f 1801/2641/1698 1814/2643/1711 1851/2686/1747
f 1852/2687/1748 1699/2476/1601 1748/2546/1648
f 1853/2688/1749 1717/2500/1619 1835/2667/1732
f 1829/2658/1726 1636/2383/1539 1734/2525/1636
f 1627/2368/1530 1829/2658/1726 1802/2618/1699
f 1779/2585/1679 1824/2651/1721 1702/2479/1604
f 1754/2555/1654 1629/2371/1532 1854/2689/1750
f 1755/2556/1655 1855/2690/1751 1804/2621/1701
f 1704/2483/1606 1703/2482/1605 1856/2691/1752
f 1857/2692/1753 1614/2352/1517 1822/2649/1719
f 1632/2378/1535 1649/2400/1552 1841/2673/1738
f 1698/2475/1600 1850/2685/1746 1848/2683/1744
f 1809/2666/1706 1725/2511/1627 1827/2655/1724
f 1816/2635/1713 1788/2594/1688 1722/2507/1624
f 1816/2635/1713 1750/2548/1650 1858/2693/1754
f 1850/2685/1746 1745/2579/1645 1838/2694/1735
f 1767/2571/1667 1793/2602/1693 1837/2669/1734
f 1831/2660/1728 1859/2695/1755 1781/2587/1681
f 1737/2529/1639 1795/2608/1695 1831/2660/1728
f 1860/2696/1756 1757/2559/1657 1689/2466/1591
f 1846/2680/1743 1844/2697/1741 1770/2681/1670
f 1814/2661/1711 1428/2118/1337 1861/2698/1757
f 1794/2606/1694 1723/2543/1625 1834/2664/1731
f 1705/2484/1607 1697/2474/1599 1862/2699/1758
f 1778/2583/1678 1650/2401/1553 1714/2567/1616
f 1863/2700/1759 1811/2628/1708 1726/2512/1628
f 1726/2512/1628 1688/2464/1590 1812/2629/1709
f 1864/2701/1760 1724/2702/1626 1733/2703/1635
f 1727/2513/1629 1828/2656/1725 1651/2402/1554
f 1774/2578/1674 1729/2515/1631 1802/2618/1699
f 1787/2704/1687 1756/2636/1656 1817/2638/1714
f 1730/2517/1632 1839/2671/1736 1735/2526/1637
f 1780/2705/1680 1766/2601/1666 1865/2706/1761
f 1762/2565/1662 1648/2399/1551 1833/2663/1730
f 1813/2630/1710 1705/2484/1607 1866/2707/1762
f 1758/2560/1658 1757/2559/1657 1827/2655/1724
f 1867/2708/1763 1766/2601/1666 1868/2709/1764
f 1734/2525/1636 1706/2486/1608 1842/2675/1739
f 1807/2624/1704 1828/2656/1725 1869/2710/1765
f 1773/2577/1673 1744/2584/1644 1870/2711/1766
f 1868/2709/1764 1766/2601/1666 1751/2551/1651
f 1871/2712/1767 1505/2181/1412 1749/2547/1649
f 1791/2599/1691 1836/2668/1733 1820/2645/1717
f 1718/2502/1620 1830/2659/1727 1771/2575/1671
f 1752/2553/1652 1870/2711/1766 1836/2668/1733
f 1736/2527/1638 1708/2488/1610 1843/2676/1740
f 1872/2713/1768 1846/2680/1743 1821/2679/1718
f 1689/2466/1591 1661/2416/1564 1860/2696/1756
f 1579/2291/1484 1873/2714/1769 1797/2611/30
f 1831/2660/1728 1795/2608/1695 1844/2677/1741
f 1800/2616/1697 1785/2591/1685 1874/2715/1770
f 1761/2563/1661 1875/2716/1771 1803/2620/1700
f 1866/2707/1762 1705/2484/1607 1862/2699/1758
f 1876/2717/1772 1761/2563/1661 1731/2521/1633
f 1731/2521/1633 1763/2566/1663 1877/2718/1773
f 1763/2566/1663 1698/2475/1600 1849/2684/1745
f 1805/2719/1702 1724/2702/1626 1864/2701/1760
f 1878/2720/1774 1818/2639/1715 1717/2500/1619
f 1717/2500/1619 1853/2688/1749 1878/2720/1774
f 1764/2568/1664 1810/2627/1707 1879/2721/1775
f 1776/2581/1676 1686/2462/1588 1880/2722/1776
f 1686/2462/1588 1787/2593/1687 1880/2722/1776
f 1579/2291/1484 1716/2499/1618 1873/2714/1769
f 1775/2580/1675 1824/2651/1721 1881/2723/1777
f 1750/2548/1650 1768/2572/1668 1858/2693/1754
f 1780/2705/1680 1865/2706/1761 1882/2724/1778
f 1833/2663/1730 1832/2662/1729 1883/2725/1779
f 1884/2726/1780 1726/2512/1628 1812/2629/1709
f 1743/2537/1643 1801/2617/1698 1885/2727/1781
f 1801/2617/1698 1886/2728/1782 1885/2727/1781
f 1784/2619/1684 1803/2620/1700 1875/2716/1771
f 1818/2639/1715 1887/2729/1783 1673/2457/1576
f 1788/2594/1688 1816/2635/1713 1888/2730/1784
f 1640/2387/1543 1889/2731/1785 1830/2659/1727
f 1809/2666/1706 1890/2732/1786 1744/2733/1644
f 1752/2553/1652 1773/2577/1673 1870/2711/1766
f 1831/2660/1728 1891/2734/1787 1859/2695/1755
f 1608/2343/1513 1782/2588/1682 1892/2735/1788
f 1608/2343/1513 1892/2735/1788 1796/2610/1696
f 1708/2488/1610 1720/2504/1622 1840/2672/1737
f 1860/2696/1756 1893/2736/1789 1757/2559/1657
f 1825/2737/1722 1742/2536/1642 1894/2738/1790
f 1716/2508/1618 1804/2621/1701 1855/2690/1751
f 1649/2400/1552 1614/2352/1517 1895/2739/1791
f 1887/2729/1783 1832/2740/1729 1673/2457/1576
f 1884/2726/1780 1863/2700/1759 1726/2512/1628
f 1896/2741/1792 1850/2685/1746 1838/2694/1735
f 1897/2742/1793 1787/2704/1687 1817/2638/1714
f 1841/2673/1738 1854/2689/1750 1629/2371/1532
f 1800/2616/1697 1898/2743/1794 1826/2654/1723
f 1827/2655/1724 1890/2732/1786 1809/2666/1706
f 1890/2744/1786 1870/2711/1766 1744/2584/1644
f 1840/2672/1737 1754/2555/1654 1899/2745/1795
f 1822/2649/1719 1704/2483/1606 1856/2691/1752
f 1733/2746/1635 1900/2747/1796 1864/2748/1760
f 1901/2749/1797 1748/2546/1648 1806/2623/1703
f 1902/2750/1798 1903/2751/1799 1904/2752/1800
f 1871/2712/1767 1905/2753/1801 1505/2181/1412
f 1871/2712/1767 1749/2547/1649 1811/2628/1708
f 1813/2630/1710 1906/2754/1802 1728/2514/1630
f 1897/2742/1793 1880/2755/1776 1787/2704/1687
f 1753/2554/1653 1772/2665/1672 1808/2756/1705
f 1772/2576/1672 1819/2640/1716 1808/2757/1705
f 1892/2735/1788 1782/2588/1682 1843/2676/1740
f 1843/2676/1740 1708/2488/1610 1907/2758/1803
f 1844/2697/1741 1846/2680/1743 1872/2713/1768
f 1859/2695/1755 1768/2572/1668 1781/2587/1681
f 1908/2759/1804 1711/2609/1613 1909/2760/1805
f 1711/2609/1613 1908/2759/1804 1821/2648/1718
f 1909/2760/1805 1711/2609/1613 1796/2610/1696
f 1910/2761/1806 1911/2762/1807 1797/2613/30
f 1831/2660/1728 1844/2677/1741 1912/2763/1808
f 1913/2764/1809 1894/2738/1790 1742/2536/1642
f 1703/2482/1605 1762/2765/1662 1914/2766/1810
f 1697/2474/1599 1777/2582/1677 1915/2767/1811
f 1902/2750/1798 1826/2768/1723 1903/2751/1799
f 1731/2521/1633 1877/2718/1773 1876/2717/1772
f 1849/2684/1745 1877/2718/1773 1763/2566/1663
f 1806/2623/1703 1807/2624/1704 1916/2769/1812
f 1848/2683/1744 1850/2685/1746 1896/2741/1792
f 1881/2723/1777 1828/2656/1725 1727/2513/1629
f 1727/2513/1629 1775/2580/1675 1881/2723/1777
f 1827/2655/1724 1757/2559/1657 1893/2736/1789
f 1905/2753/1801 1810/2627/1707 1505/2181/1412
f 1716/2508/1618 1855/2690/1751 1917/2770/1813
f 1774/2578/1674 1802/2618/1699 1918/2771/1814
f 1776/2581/1676 1880/2722/1776 1919/2772/1815
f 1899/2745/1795 1754/2555/1654 1854/2689/1750
f 1920/2773/1816 1921/2774/1817 1922/2775/1818
f 1785/2591/1685 1728/2514/1630 1874/2715/1770
f 1923/2776/1819 1838/2777/1735 1780/2705/1680
f 1837/2669/1734 1924/2778/1820 1742/2536/1642
f 1813/2630/1710 1866/2707/1762 1925/2779/1821
f 1813/2630/1710 1925/2779/1821 1906/2754/1802
f 1873/2780/1769 1716/2508/1618 1917/2770/1813
f 1820/2645/1717 1836/2668/1733 1926/2781/1822
f 1774/2578/1674 1927/2782/1823 1760/2562/1660
f 1927/2782/1823 1640/2387/1543 1760/2562/1660
f 1779/2657/1679 1792/2600/1692 1776/2783/1676
f 1766/2601/1666 1867/2708/1763 1865/2706/1761
f 1800/2616/1697 1874/2715/1770 1898/2743/1794
f 1928/2784/1824 1921/2774/1817 1920/2773/1816
f 1825/2652/1722 1834/2664/1731 1747/2545/1647
f 1796/2610/1696 1892/2735/1788 1929/2785/1825
f 1907/2758/1803 1708/2488/1610 1840/2672/1737
f 1930/2786/1826 1817/2638/1714 1826/2768/1723
f 1930/2786/1826 1826/2768/1723 1902/2750/1798
f 1862/2699/1758 1697/2474/1599 1915/2767/1811
f 1931/2787/1827 1928/2784/1824 1920/2773/1816
f 1930/2786/1826 1902/2750/1798 1904/2752/1800
f 1841/2673/1738 1649/2400/1552 1895/2739/1791
f 1815/2633/1712 1735/2526/1637 1839/2671/1736
f 1699/2476/1601 1852/2687/1748 1733/2524/1635
f 1852/2687/1748 1748/2546/1648 1901/2749/1797
f 1819/2640/1716 1790/2598/1690 1932/2788/1828
f 1933/2789/1829 1814/2643/1711 1861/2790/1757
f 1814/2643/1711 1933/2789/1829 1851/2686/1747
f 1934/2791/1830 1771/2575/1671 1935/2792/1831
f 1771/2575/1671 1830/2659/1727 1935/2792/1831
f 1868/2709/1764 1751/2551/1651 1823/2650/1720
f 1768/2572/1668 1859/2695/1755 1858/2693/1754
f 1891/2734/1787 1831/2660/1728 1912/2763/1808
f 1780/2705/1680 1882/2724/1778 1923/2776/1819
f 1786/2793/1686 1936/2794/1832 1714/2567/1616
f 1924/2778/1820 1913/2764/1809 1742/2536/1642
f 1875/2716/1771 1761/2563/1661 1876/2717/1772
f 1890/2744/1786 1937/2795/1833 1870/2711/1766
f 1824/2651/1721 1779/2585/1679 1938/2796/1834
f 1861/2698/1757 1428/2118/1337 1939/2797/1835
f 1844/2697/1741 1872/2713/1768 1940/2798/1836
f 1872/2713/1768 1821/2679/1718 1908/2799/1804
f 1929/2785/1825 1941/2800/1837 1796/2610/1696
f 1942/2801/1838 1796/2610/1696 1941/2800/1837
f 1845/2802/1742 1860/2696/1756 1661/2416/1564
f 1943/2803/1839 1797/2611/30 1873/2714/1769
f 1826/2768/1723 1944/2804/1840 1903/2751/1799
f 1936/2794/1832 1778/2583/1678 1714/2567/1616
f 1743/2537/1643 1885/2727/1781 1790/2598/1690
f 1853/2688/1749 1835/2667/1732 1945/2805/1841
f 1888/2730/1784 1816/2635/1713 1946/2806/1842
f 1889/2731/1785 1640/2387/1543 1927/2782/1823
f 1938/2796/1834 1881/2723/1777 1824/2651/1721
f 1922/2775/1818 1921/2774/1817 1947/2807/1843
f 1836/2668/1733 1870/2711/1766 1926/2781/1822
f 1896/2808/1792 1838/2809/1735 1948/2810/1844
f 1874/2715/1770 1728/2514/1630 1906/2754/1802
f 1928/2784/1824 1931/2787/1827 1949/2811/1845
f 1856/2691/1752 1703/2482/1605 1914/2766/1810
f 1746/2542/1646 1771/2575/1671 1934/2791/1830
f 1913/2764/1809 1924/2778/1820 1950/2812/1846
f 1903/2751/1799 1951/2813/1847 1904/2752/1800
f 1808/2757/1705 1819/2640/1716 1952/2814/1848
f 1932/2788/1828 1952/2814/1848 1819/2640/1716
f 1900/2747/1796 1733/2746/1635 1852/2815/1748
f 1734/2525/1636 1842/2675/1739 1953/2816/1849
f 1954/2817/1850 1890/2732/1786 1827/2655/1724
f 1869/2710/1765 1916/2769/1812 1807/2624/1704
f 1955/2818/1851 1835/2667/1732 1764/2568/1664
f 1956/2819/1852 1931/2820/1827 1920/2821/1816
f 1948/2822/1844 1838/2777/1735 1923/2776/1819
f 1897/2742/1793 1817/2638/1714 1930/2786/1826
f 1855/2690/1751 1755/2556/1655 1917/2770/1813
f 1779/2657/1679 1776/2783/1676 1957/2823/1853
f 1788/2594/1688 1888/2730/1784 1946/2806/1842
f 1872/2713/1768 1908/2799/1804 1958/2824/1854
f 1959/2825/1855 1794/2606/1694 1834/2664/1731
f 1960/2826/1856 1858/2693/1754 1859/2695/1755
f 1762/2565/1662 1833/2663/1730 1883/2725/1779
f 1843/2676/1740 1907/2758/1803 1961/2827/1857
f 1962/2828/1858 1777/2582/1677 1746/2542/1646
f 1903/2829/1799 1963/2830/1859 1951/2831/1847
f 1901/2749/1797 1806/2623/1703 1916/2769/1812
f 1922/2832/1818 1956/2819/1852 1920/2821/1816
f 1779/2585/1679 1957/2833/1853 1938/2796/1834
f 1944/2834/1840 1826/2835/1723 1898/2836/1794
f 1937/2795/1833 1926/2781/1822 1870/2711/1766
f 1948/2810/1844 1964/2837/1860 1896/2808/1792
f 1965/2838/1861 1857/2692/1753 1822/2649/1719
f 1857/2692/1753 1895/2739/1791 1614/2352/1517
f 1966/2839/1862 1812/2629/1709 1778/2583/1678
f 1905/2753/1801 1879/2721/1775 1810/2627/1707
f 1849/2684/1745 1967/2840/1863 1877/2718/1773
f 1827/2655/1724 1893/2736/1789 1968/2841/1864
f 1776/2581/1676 1919/2772/1815 1969/2842/1865
f 1970/2843/1866 1820/2645/1717 1926/2781/1822
f 1971/2844/1867 1928/2784/1824 1949/2811/1845
f 1929/2785/1825 1892/2735/1788 1972/2845/1868
f 1892/2735/1788 1843/2676/1740 1961/2827/1857
f 1834/2664/1731 1825/2652/1722 1973/2846/1869
f 1959/2825/1855 1974/2847/1870 1794/2606/1694
f 1968/2841/1864 1893/2736/1789 1860/2696/1756
f 1859/2695/1755 1891/2734/1787 1960/2826/1856
f 1939/2797/1835 1428/2118/1337 1975/2848/30
f 1909/2760/1805 1796/2610/1696 1942/2801/1838
f 1976/2849/30 1428/2535/1337 1847/2682/30
f 1914/2850/1810 1762/2565/1662 1977/2851/1871
f 1944/2834/1840 1963/2830/1859 1903/2829/1799
f 1862/2699/1758 1915/2767/1811 1978/2852/1872
f 1884/2726/1780 1812/2629/1709 1979/2853/1873
f 1842/2675/1739 1808/2625/1705 1980/2854/1874
f 1981/2855/1875 1918/2771/1814 1802/2618/1699
f 1982/2856/1876 1839/2857/1736 1983/2858/1877
f 1983/2859/1877 1839/2671/1736 1784/2590/1684
f 1983/2860/1877 1784/2619/1684 1875/2716/1771
f 1755/2564/1655 1788/2594/1688 1946/2806/1842
f 1984/2861/1878 1898/2743/1794 1874/2715/1770
f 1899/2745/1795 1854/2689/1750 1985/2862/1879
f 1844/2677/1741 1940/2863/1836 1912/2763/1808
f 1746/2542/1646 1934/2791/1830 1962/2828/1858
f 1952/2864/1848 1980/2854/1874 1808/2625/1705
f 1869/2710/1765 1828/2656/1725 1986/2865/1880
f 1734/2525/1636 1953/2816/1849 1829/2658/1726
f 1881/2723/1777 1987/2866/1881 1828/2656/1725
f 1930/2786/1826 1988/2867/1882 1897/2742/1793
f 1917/2868/1813 1755/2869/1655 1989/2870/1883
f 1970/2843/1866 1823/2650/1720 1820/2645/1717
f 1990/2871/1884 1971/2844/1867 1949/2811/1845
f 1872/2713/1768 1958/2824/1854 1940/2798/1836
f 1794/2606/1694 1974/2847/1870 1845/2678/1742
f 1762/2565/1662 1883/2725/1779 1977/2851/1871
f 1856/2691/1752 1991/2872/1885 1822/2649/1719
f 1866/2707/1762 1992/2873/1886 1993/2874/1887
f 1895/2739/1791 1994/2875/1888 1841/2673/1738
f 1871/2712/1767 1811/2628/1708 1863/2700/1759
f 1801/2641/1698 1851/2686/1747 1886/2876/1782
f 1802/2618/1699 1829/2658/1726 1995/2877/1889
f 1900/2747/1796 1852/2815/1748 1996/2878/1890
f 1837/2879/1734 1793/2880/1693 1997/2881/1891
f 1839/2857/1736 1998/2882/1892 1815/2883/1712
f 1853/2688/1749 1999/2884/1893 1878/2720/1774
f 1981/2855/1875 1802/2618/1699 2000/2885/1894
f 1848/2683/1744 1967/2840/1863 1849/2684/1745
f 1969/2842/1865 1957/2886/1853 1776/2581/1676
f 1971/2844/1867 1921/2774/1817 1928/2784/1824
f 1937/2795/1833 1890/2744/1786 1954/2887/1850
f 1874/2715/1770 1906/2754/1802 2001/2888/1895
f 1840/2672/1737 1899/2745/1795 1907/2758/1803
f 1837/2879/1734 1997/2881/1891 1924/2889/1820
f 1990/2871/1884 1949/2811/1845 1950/2890/1846
f 1993/2874/1887 1925/2779/1821 1866/2707/1762
f 1851/2686/1747 1933/2789/1829 1886/2876/1782
f 1805/2719/1702 1864/2701/1760 2002/2891/1896
f 1878/2720/1774 1999/2884/1893 1818/2639/1715
f 2000/2885/1894 1802/2618/1699 1995/2877/1889
f 1999/2884/1893 1853/2688/1749 2003/2892/1897
f 1980/2854/1874 1953/2816/1849 1842/2675/1739
f 1916/2769/1812 1869/2710/1765 2004/2893/1898
f 1986/2865/1880 1828/2656/1725 1987/2866/1881
f 1871/2712/1767 2005/2894/1899 1905/2753/1801
f 1875/2716/1771 1876/2717/1772 1877/2718/1773
f 1922/2775/1818 1947/2807/1843 2006/2895/1900
f 1946/2806/1842 1816/2635/1713 2007/2896/1901
f 1970/2843/1866 1868/2709/1764 1823/2650/1720
f 1882/2724/1778 1865/2706/1761 2008/2897/1902
f 1960/2826/1856 1891/2734/1787 2009/2898/1903
f 1941/2800/1837 1929/2785/1825 2010/2899/1904
f 2011/2900/1905 1790/2901/1690 1885/2902/1781
f 1932/2903/1828 1790/2901/1690 2011/2900/1905
f 1887/2729/1783 1818/2639/1715 1999/2884/1893
f 1786/2793/1686 1805/2719/1702 1936/2794/1832
f 2003/2892/1897 1853/2688/1749 1945/2805/1841
f 1927/2782/1823 1774/2578/1674 2012/2904/1906
f 1879/2721/1775 1955/2818/1851 1764/2568/1664
f 1935/2792/1831 1830/2659/1727 1889/2731/1785
f 1880/2755/1776 1897/2742/1793 2013/2905/1907
f 2014/2906/1908 1963/2830/1859 1944/2834/1840
f 1990/2871/1884 1950/2890/1846 1924/2907/1820
f 1966/2839/1862 1778/2583/1678 1936/2794/1832
f 2012/2904/1906 1774/2578/1674 1918/2771/1814
f 1835/2667/1732 2015/2908/1909 1945/2805/1841
f 1947/2807/1843 1921/2774/1817 2016/2909/1910
f 2017/2910/1911 1896/2808/1792 1964/2837/1860
f 1921/2774/1817 1971/2844/1867 2018/2911/1912
f 1854/2689/1750 1841/2673/1738 1994/2875/1888
f 1882/2724/1778 2008/2897/1902 1923/2776/1819
f 2019/2912/1913 1930/2786/1826 1904/2752/1800
f 1973/2846/1869 1959/2825/1855 1834/2664/1731
f 1860/2696/1756 1845/2802/1742 2020/2913/1914
f 1972/2845/1868 1892/2735/1788 1961/2827/1857
f 1997/2881/1891 1793/2880/1693 1815/2914/1712
f 1998/2882/1892 1839/2857/1736 2021/2915/1915
f 2021/2915/1915 1839/2857/1736 1982/2856/1876
f 1954/2817/1850 1827/2655/1724 1968/2841/1864
f 1873/2780/1769 1917/2770/1813 1943/2916/1839
f 1868/2709/1764 1970/2843/1866 2022/2917/1916
f 1858/2693/1754 1960/2826/1856 2023/2918/1917
f 1866/2707/1762 1862/2699/1758 1978/2852/1872
f 2024/2919/1918 2013/2905/1907 1897/2742/1793
f 2019/2912/1913 1988/2867/1882 1930/2786/1826
f 2019/2912/1913 1904/2752/1800 1951/2813/1847
f 1913/2764/1809 2025/2920/1919 1894/2738/1790
f 2025/2920/1919 1825/2737/1722 1894/2738/1790
f 1973/2846/1869 1825/2652/1722 2025/2921/1919
f 2002/2891/1896 1936/2794/1832 1805/2719/1702
f 1863/2700/1759 1884/2726/1780 2026/2922/1920
f 2027/2923/1921 1927/2782/1823 2012/2904/1906
f 1955/2818/1851 2015/2908/1909 1835/2667/1732
f 1905/2753/1801 2028/2924/1922 1879/2721/1775
f 1755/2564/1655 1946/2806/1842 1989/2925/1883
f 1874/2715/1770 2001/2888/1895 1984/2861/1878
f 2001/2888/1895 1906/2754/1802 1925/2779/1821
f 1985/2862/1879 1854/2689/1750 1994/2875/1888
f 2029/2926/1923 1860/2696/1756 2020/2913/1914
f 2029/2926/1923 1968/2841/1864 1860/2696/1756
f 1908/2759/1804 1909/2760/1805 2030/2927/1924
f 2031/2928/30 2032/2929/30 2033/2930/30
f 1976/2849/30 2033/2930/30 2032/2929/30
f 1975/2848/30 1428/2118/1337 1976/2931/30
f 1991/2872/1885 1856/2691/1752 1914/2766/1810
f 2034/2932/1925 1886/2876/1782 1933/2789/1829
f 1983/2860/1877 1875/2716/1771 2035/2933/1926
f 1877/2718/1773 2035/2933/1926 1875/2716/1771
f 1812/2629/1709 1966/2839/1862 1979/2853/1873
f 1881/2723/1777 1938/2796/1834 2036/2934/1927
f 2013/2905/1907 1919/2935/1815 1880/2755/1776
f 1926/2781/1822 1937/2795/1833 2037/2936/1928
f 2038/2937/1929 1949/2811/1845 1931/2787/1827
f 1865/2706/1761 1867/2708/1763 2008/2897/1902
f 2038/2937/1929 2039/2938/1930 1949/2811/1845
f 1950/2890/1846 1949/2811/1845 2039/2938/1930
f 2039/2939/1930 1913/2764/1809 1950/2812/1846
f 1912/2763/1808 1940/2863/1836 2040/2940/1931
f 2041/2941/1932 2019/2912/1913 1951/2813/1847
f 1885/2727/1781 1886/2728/1782 2034/2942/1925
f 1936/2794/1832 2002/2891/1896 2042/2943/1933
f 2018/2911/1912 2016/2909/1910 1921/2774/1817
f 1816/2635/1713 1858/2693/1754 2023/2918/1917
f 1974/2847/1870 1959/2825/1855 2043/2944/1934
f 2044/2945/1935 2045/2946/1936 2046/2947/1937
f 2045/2948/1936 2044/2949/1935 2047/2950/1938
f 2048/2951/1939 1934/2791/1830 1935/2792/1831
f 1965/2838/1861 1822/2649/1719 1991/2872/1885
f 1895/2739/1791 1857/2692/1753 1965/2838/1861
f 1952/2814/1848 1932/2788/1828 2011/2952/1905
f 1933/2789/1829 1861/2790/1757 2049/2953/1940
f 1997/2954/1891 1815/2883/1712 1998/2882/1892
f 2027/2923/1921 1889/2731/1785 1927/2782/1823
f 1943/2955/1839 1917/2868/1813 1989/2870/1883
f 2006/2956/1900 2050/2957/1941 1922/2832/1818
f 1985/2862/1879 1994/2875/1888 2051/2958/1942
f 1868/2709/1764 2022/2917/1916 1867/2708/1763
f 1970/2843/1866 1926/2781/1822 2037/2936/1928
f 1970/2843/1866 2037/2936/1928 2052/2959/1943
f 1970/2843/1866 2052/2959/1943 2022/2917/1916
f 1977/2851/1871 1883/2725/1779 2053/2960/1944
f 1978/2852/1872 1992/2873/1886 1866/2707/1762
f 1915/2767/1811 1777/2582/1677 2054/2961/1945
f 1939/2962/1835 2049/2953/1940 1861/2790/1757
f 1973/2846/1869 2055/2963/1946 1959/2825/1855
f 1852/2815/1748 1901/2964/1797 1996/2878/1890
f 1848/2965/1744 2056/2966/1947 1967/2967/1863
f 1848/2965/1744 1896/2968/1792 2057/2969/1948
f 1954/2817/1850 1968/2841/1864 2058/2970/1949
f 1897/2742/1793 1988/2867/1882 2059/2971/1950
f 1922/2832/1818 2060/2972/1951 1956/2819/1852
f 1971/2844/1867 1990/2871/1884 2018/2911/1912
f 2014/2906/1908 1944/2834/1840 1898/2836/1794
f 1907/2758/1803 1899/2745/1795 2061/2973/1952
f 2022/2917/1916 2052/2959/1943 2062/2974/1953
f 1891/2734/1787 1912/2763/1808 2040/2940/1931
f 2030/2975/1924 1958/2824/1854 1908/2799/1804
f 1958/2976/1854 2030/2977/1924 2063/2978/1954
f 2064/2979/1955 2046/2947/1937 2065/2980/1956
f 2066/2981/1957 2064/2982/1955 2030/2927/1924
f 2064/2982/1955 2066/2981/1957 2044/2983/1935
f 2044/2983/1935 2046/2984/1937 2064/2982/1955
f 2067/2985/1958 2047/2950/1938 2044/2949/1935
f 1913/2764/1809 2039/2939/1930 2025/2920/1919
f 2048/2951/1939 2068/2986/1959 1934/2791/1830
f 1992/2873/1886 1978/2852/1872 2069/2987/1960
f 2070/2988/1961 2055/2963/1946 1973/2846/1869
f 1999/2884/1893 2003/2892/1897 2071/2989/1962
f 1829/2658/1726 1953/2816/1849 1995/2877/1889
f 2072/2990/1963 1863/2700/1759 2026/2922/1920
f 1979/2853/1873 2073/2991/1964 1884/2726/1780
f 1877/2718/1773 1967/2840/1863 2074/2992/1965
f 1871/2712/1767 1863/2700/1759 2005/2894/1899
f 1881/2723/1777 2036/2934/1927 2075/2993/1966
f 2036/2934/1927 1938/2796/1834 1957/2833/1853
f 1960/2826/1856 2009/2898/1903 2076/2994/1967
f 1990/2995/1884 1924/2889/1820 2077/2996/1968
f 1997/2881/1891 2077/2996/1968 1924/2889/1820
f 1963/2997/1859 2078/2998/1969 1951/2813/1847
f 2041/2941/1932 1951/2813/1847 2078/2998/1969
f 1931/2820/1827 1956/2819/1852 2079/2999/1970
f 2079/2999/1970 2038/3000/1929 1931/2820/1827
f 1965/2838/1861 1994/2875/1888 1895/2739/1791
f 2080/3001/1971 2011/2900/1905 1885/2902/1781
f 1959/2825/1855 2055/2963/1946 2043/2944/1934
f 2056/2966/1947 1848/2965/1744 2057/2969/1948
f 1989/2925/1883 1946/2806/1842 2007/2896/1901
f 1899/2745/1795 1985/2862/1879 2061/2973/1952
f 1907/2758/1803 2061/2973/1952 2081/3002/1972
f 2082/3003/1973 1963/3004/1859 2014/3005/1908
f 2052/2959/1943 1937/2795/1833 1954/2887/1850
f 2058/2970/1949 1968/2841/1864 2029/2926/1923
f 2009/2898/1903 1891/2734/1787 2040/2940/1931
f 1977/3006/1871 2083/3007/1974 1914/2766/1810
f 2070/2988/1961 1973/2846/1869 2025/2921/1919
f 2084/3008/1975 1987/2866/1881 1881/2723/1777
f 2059/2971/1950 2024/2919/1918 1897/2742/1793
f 2013/2905/1907 2024/2919/1918 2085/3009/1976
f 1963/3004/1859 2082/3003/1973 2086/3010/1977
f 2052/2959/1943 2037/2936/1928 1937/2795/1833
f 1961/2827/1857 1907/2758/1803 2081/3002/1972
f 2008/2897/1902 1867/2708/1763 2087/3011/1978
f 2088/3012/1979 1922/2832/1818 2050/2957/1941
f 2039/2939/1930 2038/3013/1929 2025/2920/1919
f 1962/2828/1858 1934/2791/1830 2068/2986/1959
f 2089/3014/1980 2070/2988/1961 2025/2921/1919
f 1832/2740/1729 2090/3015/1981 1883/3016/1779
f 2091/3017/1982 1936/2794/1832 2042/2943/1933
f 1933/2789/1829 2049/2953/1940 2034/2932/1925
f 2026/2922/1920 1884/2726/1780 2073/2991/1964
f 2084/3008/1975 1881/2723/1777 2075/2993/1966
f 2003/2892/1897 1945/2805/1841 2015/2908/1909
f 1896/2808/1792 2017/2910/1911 2057/3018/1948
f 2057/3018/1948 2017/2910/1911 1964/2837/1860
f 1964/2837/1860 1948/2810/1844 2057/3018/1948
f 1867/2708/1763 2022/2917/1916 2092/3019/1983
f 2006/2956/1900 2093/3020/1984 2050/2957/1941
f 2061/2973/1952 1985/2862/1879 2051/2958/1942
f 2018/3021/1912 1990/2995/1884 2077/2996/1968
f 1940/2863/1836 1958/2976/1854 2094/3022/1985
f 2063/2978/1954 2030/2977/1924 2095/3023/1986
f 1845/2678/1742 1974/2847/1870 2020/3024/1914
f 2058/2970/1949 2029/2926/1923 2096/3025/1987
f 1941/2800/1837 2010/2899/1904 1942/2801/1838
f 2030/2977/1924 2064/2979/1955 2097/3026/1988
f 1909/2760/1805 2066/2981/1957 2030/2927/1924
f 2098/3027/1989 2066/2981/1957 1909/2760/1805
f 2099/3028/30 2100/3029/30 2032/3030/30
f 2101/3031/1990 2102/3032/1991 2103/3033/30
f 2101/3034/1990 2103/3035/30 2104/3036/30
f 2100/3029/30 1975/2848/30 2032/3030/30
f 2066/2981/1957 2098/3027/1989 2044/2983/1935
f 2032/3030/30 1975/2848/30 1976/2931/30
f 1993/2874/1887 1992/2873/1886 2105/3037/1992
f 1991/2872/1885 1914/2766/1810 2083/3007/1974
f 1864/2748/1760 1900/2747/1796 2002/3038/1896
f 1863/2700/1759 2072/2990/1963 2005/2894/1899
f 1916/2769/1812 2004/2893/1898 2106/3039/1993
f 2074/2992/1965 2035/2933/1926 1877/2718/1773
f 1919/2935/1815 2107/3040/1994 1969/3041/1865
f 1816/2635/1713 2023/2918/1917 2108/3042/1995
f 1984/2861/1878 2001/2888/1895 2109/3043/1996
f 2023/2918/1917 1960/2826/1856 2076/2994/1967
f 1963/3004/1859 2086/3010/1977 2078/3044/1969
f 1972/2845/1868 1961/2827/1857 2110/3045/1997
f 2060/2972/1951 1922/2832/1818 2088/3012/1979
f 2008/2897/1902 1948/2822/1844 1923/2776/1819
f 2053/3046/1944 1883/3016/1779 2090/3015/1981
f 1966/2839/1862 2111/3047/1998 1979/2853/1873
f 1966/2839/1862 1936/2794/1832 2111/3047/1998
f 1947/2807/1843 2016/2909/1910 2112/3048/1999
f 1955/2818/1851 1879/2721/1775 2113/3049/2000
f 1995/2877/1889 1953/2816/1849 2114/3050/2001
f 2007/2896/1901 1816/2635/1713 2108/3042/1995
f 2006/2895/1900 1947/2807/1843 2112/3048/1999
f 2051/2958/1942 1994/2875/1888 2115/3051/2002
f 1954/2817/1850 2058/2970/1949 2116/3052/2003
f 2087/3011/1978 1948/2822/1844 2008/2897/1902
f 2014/2906/1908 1898/2836/1794 1984/3053/1878
f 2040/2940/1931 1940/2863/1836 2117/3054/2004
f 2063/2978/1954 2094/3022/1985 1958/2976/1854
f 2046/2947/1937 2118/3055/2005 2065/2980/1956
f 2045/2946/1936 2119/3056/2006 2046/2947/1937
f 2060/2972/1951 2079/2999/1970 1956/2819/1852
f 2090/3015/1981 1887/2729/1783 1999/2884/1893
f 1967/2967/1863 2120/3057/2007 2074/3058/1965
f 2120/3057/2007 1967/2967/1863 2056/2966/1947
f 1989/2925/1883 2007/2896/1901 2121/3059/2008
f 1919/2935/1815 2013/2905/1907 2107/3040/1994
f 1935/2792/1831 1889/2731/1785 2122/3060/2009
f 2092/3019/1983 2022/2917/1916 2062/2974/1953
f 2077/2996/1968 2123/3061/2010 2018/3021/1912
f 2077/3062/1968 1997/2954/1891 2124/3063/2011
f 1977/3006/1871 2053/3064/1944 2083/3007/1974
f 1901/2749/1797 1916/2769/1812 2106/3039/1993
f 1953/2816/1849 1980/2854/1874 2114/3050/2001
f 2012/2904/1906 1918/2771/1814 1981/2855/1875
f 2125/3065/2012 2012/2904/1906 1981/2855/1875
f 2107/3040/1994 2126/3066/2013 1969/3041/1865
f 2048/2951/1939 1935/2792/1831 2122/3060/2009
f 1948/2822/1844 2087/3011/1978 2057/3067/1948
f 1867/2708/1763 2092/3019/1983 2087/3011/1978
f 1972/2845/1868 2010/2899/1904 1929/2785/1825
f 2127/3068/2014 2109/3043/1996 2001/2888/1895
f 2127/3068/2014 2001/2888/1895 2128/3069/2015
f 1993/2874/1887 2128/3069/2015 1925/2779/1821
f 2097/3026/1988 2095/3023/1986 2030/2977/1924
f 2129/3070/2016 1909/2760/1805 1942/2801/1838
f 2098/3027/1989 1909/2760/1805 2129/3070/2016
f 2118/3055/2005 2064/2979/1955 2065/2980/1956
f 2044/2983/1935 2098/3027/1989 2130/3071/2017
f 2130/3072/2017 2067/2985/1958 2044/2949/1935
f 2086/3010/1977 2082/3003/1973 2131/3073/2018
f 2132/3074/2019 2086/3010/1977 2131/3073/2018
f 2019/2912/1913 2059/2971/1950 1988/2867/1882
f 2038/3000/1929 2133/3075/2020 2025/2921/1919
f 1978/2852/1872 1915/2767/1811 2134/3076/2021
f 1777/2582/1677 1962/2828/1858 2054/2961/1945
f 1887/2729/1783 2090/3015/1981 1832/2740/1729
f 2135/3077/2022 1982/2856/1876 1983/2858/1877
f 1900/2747/1796 1996/2878/1890 2136/3078/2023
f 1996/2878/1890 1901/2964/1797 2137/3079/2024
f 2106/3080/1993 2137/3079/2024 1901/2964/1797
f 2073/2991/1964 1979/2853/1873 2138/3081/2025
f 1980/3082/1874 1952/3083/1848 2139/3084/2026
f 2114/3085/2001 1980/3082/1874 2140/3086/2027
f 1943/2955/1839 1989/2870/1883 2141/3087/2028
f 1957/2886/1853 1969/2842/1865 2126/3088/2013
f 2057/3067/1948 2087/3011/1978 2056/3089/1947
f 2012/2904/1906 2142/3090/2029 2027/2923/1921
f 2047/2950/1938 2067/2985/1958 2143/3091/2030
f 2079/2999/1970 2060/2972/1951 2144/3092/2031
f 1965/2838/1861 2145/3093/2032 1994/2875/1888
f 2134/3076/2021 1915/2767/1811 2054/2961/1945
f 2025/2921/1919 2133/3075/2020 2089/3014/1980
f 2135/3077/2022 1983/2858/1877 2035/3094/1926
f 2034/2942/1925 2080/3095/1971 1885/2727/1781
f 1869/2710/1765 1986/2865/1880 2146/3096/2033
f 2043/2944/1934 2147/3097/2034 1974/2847/1870
f 2121/3098/2008 2141/3087/2028 1989/2870/1883
f 2087/3011/1978 2148/3099/2035 2056/3089/1947
f 2108/3042/1995 2023/2918/1917 2149/3100/2036
f 2023/2918/1917 2076/2994/1967 2150/3101/2037
f 2151/3102/2038 2122/3060/2009 1889/2731/1785
f 2152/3103/2039 2014/2906/1908 1984/3053/1878
f 2006/2895/1900 2153/3104/2040 2093/3105/1984
f 2078/3044/1969 2086/3010/1977 2132/3074/2019
f 2154/3106/2041 1942/2801/1838 2010/2899/1904
f 2095/3023/1986 2094/3022/1985 2063/2978/1954
f 2020/3024/1914 1974/2847/1870 2147/3097/2034
f 2155/3107/2042 1972/2845/1868 2110/3045/1997
f 2156/3108/2043 1972/2845/1868 2155/3107/2042
f 2001/2888/1895 1925/2779/1821 2128/3069/2015
f 2145/3093/2032 1965/2838/1861 2157/3109/2044
f 2140/3086/2027 1980/3082/1874 2139/3084/2026
f 2002/3038/1896 1900/2747/1796 2136/3078/2023
f 2061/2973/1952 2051/2958/1942 2158/3110/2045
f 2082/3111/1973 2014/2906/1908 2152/3103/2039
f 2123/3112/2010 2077/3062/1968 2124/3063/2011
f 1997/2954/1891 1998/2882/1892 2159/3113/2046
f 2079/2999/1970 2160/3114/2047 2038/3000/1929
f 2038/3000/1929 2160/3114/2047 2133/3075/2020
f 2071/2989/1962 2003/2892/1897 2161/3115/2048
f 2003/2892/1897 2015/2908/1909 2161/3115/2048
f 2016/3116/1910 2018/3021/1912 2123/3061/2010
f 2112/3048/1999 2162/3117/2049 2006/2895/1900
f 2040/2940/1931 2163/3118/2050 2164/3119/2051
f 2094/3022/1985 2117/3054/2004 1940/2863/1836
f 2096/3025/1987 2116/3052/2003 2058/2970/1949
f 1993/2874/1887 2165/3120/2052 2128/3069/2015
f 2009/2898/1903 2040/2940/1931 2164/3119/2051
f 2154/3106/2041 2166/3121/2053 1942/2801/1838
f 1797/2611/30 1943/2803/1839 2167/3122/2054
f 2167/3123/2054 2103/3033/30 2168/3124/30
f 2168/3124/30 2103/3033/30 2102/3032/1991
f 2169/3125/30 2170/3126/30 2103/3127/30
f 2165/3120/2052 1993/2874/1887 2105/3037/1992
f 2111/3047/1998 1936/2794/1832 2171/3128/2055
f 2091/3017/1982 2171/3128/2055 1936/2794/1832
f 2043/2944/1934 2055/2963/1946 2172/3129/2056
f 1905/2753/1801 2005/2894/1899 2028/2924/1922
f 2036/2934/1927 2173/3130/2057 2075/2993/1966
f 1984/3053/1878 2109/3131/1996 2152/3103/2039
f 2174/3132/2058 2131/3133/2018 2082/3111/1973
f 2115/3051/2002 1994/2875/1888 2145/3093/2032
f 2053/3046/1944 2090/3015/1981 2175/3134/2059
f 2054/2961/1945 1962/2828/1858 2068/2986/1959
f 1997/2954/1891 2176/3135/2060 2124/3063/2011
f 1986/2865/1880 1987/2866/1881 2084/3008/1975
f 2177/3136/2061 2004/2893/1898 1869/2710/1765
f 2028/2924/1922 2113/3049/2000 1879/2721/1775
f 2178/3137/2062 2052/2959/1943 1954/2887/1850
f 2095/3023/1986 2097/3026/1988 2179/3138/2063
f 2180/3139/2064 2076/2994/1967 2009/2898/1903
f 1972/2845/1868 2156/3108/2043 2181/3140/2065
f 2046/2947/1937 2182/3141/2066 2118/3055/2005
f 2174/3132/2058 2183/3142/2067 2131/3133/2018
f 2119/3143/2006 2045/2948/1936 2047/2950/1938
f 2162/3117/2049 2112/3048/1999 2184/3144/2068
f 2091/3017/1982 2042/2943/1933 2002/2891/1896
f 2139/3084/2026 1952/3083/1848 2185/3145/2069
f 2075/2993/1966 2186/3146/2070 2084/3008/1975
f 2121/3059/2008 2007/2896/1901 2187/3147/2071
f 2114/3085/2001 2188/3148/2072 1995/3149/1889
f 2189/3150/2073 2159/3113/2046 1998/2882/1892
f 2152/3103/2039 2109/3131/1996 2190/3151/2074
f 2191/3152/2075 2081/3002/1972 2061/2973/1952
f 2035/3094/1926 2074/3058/1965 2192/3153/2076
f 2153/3104/2040 2006/2895/1900 2162/3117/2049
f 2056/2966/1947 2148/3154/2035 2193/3155/2077
f 2062/2974/1953 2052/2959/1943 2194/3156/2078
f 1991/2872/1885 2083/3007/1974 2195/3157/2079
f 2176/3135/2060 1997/2954/1891 2159/3113/2046
f 2067/3158/1958 2196/3159/2080 2143/3160/2030
f 1992/2873/1886 2069/2987/1960 2197/3161/2081
f 2019/3162/1913 2198/3163/2082 2199/3164/2083
f 2200/3165/2084 2070/2988/1961 2089/3014/1980
f 2201/3166/2085 2198/3163/2082 2041/3167/1932
f 2135/3077/2022 2021/2915/1915 1982/2856/1876
f 2028/2924/1922 2005/2894/1899 2202/3168/2086
f 2141/3087/2028 2121/3098/2008 2203/3169/2087
f 2149/3100/2036 2023/2918/1917 2150/3101/2037
f 2107/3040/1994 2013/2905/1907 2204/3170/2088
f 2013/2905/1907 2085/3009/1976 2204/3170/2088
f 2092/3019/1983 2205/3171/2089 2087/3011/1978
f 2158/3110/2045 2051/2958/1942 2115/3051/2002
f 2154/3106/2041 2010/2899/1904 2181/3140/2065
f 2010/2899/1904 1972/2845/1868 2181/3140/2065
f 2127/3172/2014 2190/3151/2074 2109/3131/1996
f 2163/3118/2050 2040/2940/1931 2117/3054/2004
f 1975/2848/30 2100/3029/30 2206/3173/2090
f 2020/2913/1914 2147/3174/2034 2029/2926/1923
f 2096/3025/1987 2029/2926/1923 2207/3175/2091
f 1942/2801/1838 2166/3121/2053 2129/3070/2016
f 2098/3027/1989 2129/3070/2016 2208/3176/2092
f 2209/3177/2093 2098/3027/1989 2208/3176/2092
f 2097/3026/1988 2064/2979/1955 2179/3138/2063
f 2118/3055/2005 2179/3138/2063 2064/2979/1955
f 2130/3071/2017 2098/3027/1989 2209/3177/2093
f 2110/3045/1997 1961/2827/1857 2210/3178/2094
f 2081/3002/1972 2211/3179/2095 1961/2827/1857
f 2083/3007/1974 2053/3064/1944 2212/3180/2096
f 2154/3106/2041 2181/3140/2065 2213/3181/2097
f 2119/3056/2006 2214/3182/2098 2215/3183/2099
f 2157/3109/2044 1965/2838/1861 2216/3184/2100
f 2183/3142/2067 2217/3185/2101 2131/3133/2018
f 2119/3143/2006 2047/2950/1938 2214/3186/2098
f 2218/3187/2102 1999/2884/1893 2071/2989/1962
f 1955/2818/1851 2113/3049/2000 2219/3188/2103
f 2055/2963/1946 2070/2988/1961 2220/3189/2104
f 2041/3167/1932 2198/3163/2082 2019/3162/1913
f 2041/3167/1932 2078/3190/1969 2201/3166/2085
f 2111/3047/1998 2138/3081/2025 1979/2853/1873
f 2112/3191/1999 2016/3116/1910 2221/3192/2105
f 2135/3077/2022 2035/3094/1926 2192/3153/2076
f 2177/3136/2061 1869/2710/1765 2146/3096/2033
f 2036/2934/1927 1957/2833/1853 2222/3193/2106
f 2126/3194/2013 2222/3193/2106 1957/2833/1853
f 1889/2731/1785 2027/2923/1921 2151/3102/2038
f 2024/2919/1918 2059/2971/1950 2223/3195/2107
f 2224/3196/2108 2062/2974/1953 2194/3156/2078
f 2210/3178/2094 1961/2827/1857 2211/3179/2095
f 2174/3132/2058 2082/3111/1973 2152/3103/2039
f 2225/3197/2109 2088/3012/1979 2226/3198/2110
f 2088/3012/1979 2225/3197/2109 2060/2972/1951
f 1965/2838/1861 1991/2872/1885 2216/3184/2100
f 2105/3037/1992 1992/2873/1886 2197/3161/2081
f 2217/3199/2101 2132/3074/2019 2131/3073/2018
f 2172/3129/2056 2055/2963/1946 2220/3189/2104
f 2184/3144/2068 2112/3048/1999 2227/3200/2111
f 2221/3192/2105 2016/3116/1910 2123/3061/2010
f 2192/3153/2076 2074/3058/1965 2228/3201/2112
f 2121/3098/2008 2187/3202/2071 2203/3169/2087
f 2147/3097/2034 2043/2944/1934 2172/3129/2056
f 2074/3058/1965 2120/3057/2007 2228/3201/2112
f 2229/3203/2113 2034/2932/1925 2049/2953/1940
f 2049/2953/1940 1939/2962/1835 2230/3204/2114
f 2146/3096/2033 1986/2865/1880 2186/3146/2070
f 2158/3110/2045 2191/3152/2075 2061/2973/1952
f 2092/3019/1983 2062/2974/1953 2224/3196/2108
f 2115/3051/2002 2231/3205/2115 2232/3206/2116
f 2132/3074/2019 2217/3199/2101 2227/3200/2111
f 2160/3114/2047 2079/2999/1970 2233/3207/2117
f 2221/3192/2105 2227/3208/2111 2112/3191/1999
f 2185/3145/2069 1952/3083/1848 2234/3209/2118
f 1986/2865/1880 2084/3008/1975 2186/3146/2070
f 2186/3146/2070 2075/2993/1966 2173/3130/2057
f 2222/3193/2106 2173/3130/2057 2036/2934/1927
f 2081/3002/1972 2235/3210/2119 2211/3179/2095
f 2127/3172/2014 2128/3211/2015 2190/3151/2074
f 2053/3046/1944 2175/3134/2059 2212/3212/2096
f 2212/3180/2096 2195/3157/2079 2083/3007/1974
f 2226/3198/2110 2050/2957/1941 2093/3020/1984
f 2166/3121/2053 2154/3106/2041 2213/3181/2097
f 2115/3051/2002 2145/3093/2032 2231/3205/2115
f 2225/3197/2109 2144/3092/2031 2060/2972/1951
f 2026/3213/1920 2236/3214/2120 2072/3215/1963
f 2234/3209/2118 1952/3083/1848 2011/2900/1905
f 2140/3086/2027 2237/3216/2121 2114/3085/2001
f 1995/3149/1889 2188/3148/2072 2000/3217/1894
f 2191/3152/2075 2235/3210/2119 2081/3002/1972
f 2125/3218/2012 1981/3219/1875 2238/3220/2122
f 2079/2999/1970 2144/3092/2031 2233/3207/2117
f 2070/2988/1961 2200/3165/2084 2220/3189/2104
f 1998/2882/1892 2021/2915/1915 2239/3221/2123
f 2116/3222/2003 2178/3137/2062 1954/2887/1850
f 2178/3137/2062 2194/3156/2078 2052/2959/1943
f 2240/3223/2124 2164/3119/2051 2163/3118/2050
f 2096/3025/1987 2207/3175/2091 2241/3224/2125
f 2165/3120/2052 2105/3037/1992 2242/3225/2126
f 2197/3161/2081 2242/3225/2126 2105/3037/1992
f 2207/3175/2091 2029/2926/1923 2243/3226/2127
f 2244/3227/2128 2245/3228/30 2246/3229/30
f 2247/3230/30 2248/3231/30 2246/3229/30
f 2100/3029/30 2249/3232/30 2247/3230/30
f 2206/3173/2090 2100/3029/30 2247/3230/30
f 2088/3012/1979 2050/2957/1941 2226/3198/2110
f 2217/3185/2101 2183/3142/2067 2250/3233/2129
f 2251/3234/2130 2117/3054/2004 2094/3022/1985
f 2252/3235/2131 1999/2884/1893 2218/3187/2102
f 2253/3236/2132 2162/3117/2049 2184/3144/2068
f 2184/3144/2068 2227/3200/2111 2217/3199/2101
f 1998/2882/1892 2254/3237/2133 2189/3150/2073
f 2255/3238/2134 2141/3087/2028 2203/3169/2087
f 2007/2896/1901 2108/3042/1995 2187/3147/2071
f 2256/3239/2135 2091/3240/1982 2002/3038/1896
f 2257/3241/2136 2230/3204/2114 1939/2962/1835
f 2115/3051/2002 2258/3242/2137 2158/3110/2045
f 2258/3242/2137 2115/3051/2002 2232/3206/2116
f 2237/3216/2121 2188/3148/2072 2114/3085/2001
f 2148/3099/2035 2087/3011/1978 2205/3171/2089
f 2158/3110/2045 2259/3243/2138 2191/3152/2075
f 1991/2872/1885 2195/3157/2079 2216/3184/2100
f 2174/3132/2058 2152/3103/2039 2260/3244/2139
f 2095/3023/1986 2251/3234/2130 2094/3022/1985
f 2175/3134/2059 2090/3015/1981 2252/3235/2131
f 2119/3056/2006 2215/3183/2099 2046/2947/1937
f 2196/3159/2080 2067/3158/1958 2130/3071/2017
f 2015/2908/1909 1955/2818/1851 2219/3188/2103
f 2200/3165/2084 2089/3014/1980 2133/3075/2020
f 1978/2852/1872 2134/3076/2021 2069/2987/1960
f 2261/3245/2140 2141/3087/2028 2255/3238/2134
f 2021/2915/1915 2135/3077/2022 2239/3221/2123
f 2136/3078/2023 1996/2878/1890 2262/3246/2141
f 1996/2878/1890 2137/3079/2024 2262/3246/2141
f 2096/3025/1987 2241/3224/2125 2116/3052/2003
f 2235/3210/2119 2191/3152/2075 2259/3243/2138
f 2253/3236/2132 2184/3144/2068 2217/3199/2101
f 2078/3044/1969 2132/3074/2019 2201/3247/2085
f 2139/3084/2026 2185/3145/2069 2234/3209/2118
f 2238/3220/2122 1981/3219/1875 2000/3248/1894
f 2012/2904/1906 2125/3065/2012 2142/3090/2029
f 2027/2923/1921 2142/3090/2029 2151/3102/2038
f 2048/2951/1939 2122/3060/2009 2263/3249/2142
f 2208/3176/2092 2166/3121/2053 2264/3250/2143
f 2166/3121/2053 2208/3176/2092 2129/3070/2016
f 2009/2898/1903 2164/3119/2051 2240/3223/2124
f 2181/3140/2065 2156/3108/2043 2155/3107/2042
f 2152/3103/2039 2190/3151/2074 2265/3251/2144
f 2182/3141/2066 2046/2947/1937 2215/3183/2099
f 2090/3015/1981 1999/2884/1893 2252/3235/2131
f 1943/2955/1839 2141/3087/2028 2261/3245/2140
f 2120/3057/2007 2056/2966/1947 2193/3155/2077
f 2258/3242/2137 2259/3243/2138 2158/3110/2045
f 2004/2893/1898 2177/3136/2061 2266/3252/2145
f 2155/3107/2042 2110/3045/1997 2267/3253/2146
f 2157/3109/2044 2231/3205/2115 2145/3093/2032
f 2225/3197/2109 2226/3198/2110 2268/3254/2147
f 2232/3206/2116 2231/3205/2115 2269/3255/2148
f 2005/2894/1899 2072/2990/1963 2202/3168/2086
f 2174/3132/2058 2270/3256/2149 2183/3142/2067
f 2239/3221/2123 2254/3237/2133 1998/2882/1892
f 2167/3122/2054 1943/2803/1839 2261/3257/2140
f 2150/3101/2037 2076/2994/1967 2180/3139/2064
f 2106/3039/1993 2004/2893/1898 2266/3252/2145
f 2221/3258/2105 2123/3112/2010 2271/3259/2150
f 2230/3204/2114 2229/3203/2113 2049/2953/1940
f 2188/3260/2072 2238/3220/2122 2000/3248/1894
f 2272/3261/2151 2251/3234/2130 2095/3023/1986
f 2029/2926/1923 2147/3174/2034 2243/3226/2127
f 1975/2848/30 2257/3262/2136 1939/2797/1835
f 2059/2971/1950 2019/2912/1913 2223/3195/2107
f 2118/3055/2005 2182/3141/2066 2179/3138/2063
f 2047/2950/1938 2143/3091/2030 2214/3186/2098
f 2225/3263/2109 2273/3264/2152 2144/3265/2031
f 2223/3266/2107 2019/3162/1913 2199/3164/2083
f 2026/3213/1920 2073/3267/1964 2236/3214/2120
f 2239/3221/2123 2135/3077/2022 2274/3268/2153
f 2137/3079/2024 2106/3080/1993 2275/3269/2154
f 2173/3130/2057 2276/3270/2155 2186/3146/2070
f 2267/3253/2146 2110/3045/1997 2210/3178/2094
f 2152/3103/2039 2265/3251/2144 2260/3244/2139
f 2268/3271/2147 2277/3272/2156 2225/3263/2109
f 2269/3255/2148 2231/3205/2115 2278/3273/2157
f 2123/3112/2010 2124/3063/2011 2279/3274/2158
f 2124/3063/2011 2176/3135/2060 2279/3274/2158
f 2197/3161/2081 2280/3275/2159 2281/3276/2160
f 2280/3275/2159 2197/3161/2081 2069/2987/1960
f 2282/3277/2161 2011/2900/1905 2080/3001/1971
f 2234/3209/2118 2011/2900/1905 2282/3277/2161
f 2139/3084/2026 2237/3216/2121 2140/3086/2027
f 2283/3278/2162 2181/3140/2065 2155/3107/2042
f 2213/3181/2097 2181/3140/2065 2283/3278/2162
f 2223/3195/2107 2284/3279/2163 2024/2919/1918
f 2285/3280/2164 2240/3223/2124 2163/3118/2050
f 2163/3118/2050 2117/3054/2004 2251/3234/2130
f 2240/3223/2124 2180/3139/2064 2009/2898/1903
f 2093/3020/1984 2153/3281/2040 2286/3282/2165
f 2159/3113/2046 2189/3150/2073 2287/3283/2166
f 2273/3264/2152 2225/3263/2109 2288/3284/2167
f 2289/3285/2168 2165/3120/2052 2242/3225/2126
f 2242/3225/2126 2197/3161/2081 2281/3276/2160
f 2202/3286/2086 2072/3215/1963 2236/3214/2120
f 2236/3214/2120 2073/3267/1964 2138/3287/2025
f 2113/3049/2000 2028/2924/1922 2290/3288/2169
f 2256/3239/2135 2002/3038/1896 2291/3289/2170
f 2002/3038/1896 2136/3078/2023 2291/3289/2170
f 2150/3101/2037 2180/3139/2064 2292/3290/2171
f 2205/3171/2089 2293/3291/2172 2148/3099/2035
f 2235/3210/2119 2259/3243/2138 2294/3292/2173
f 2295/3293/2174 2217/3185/2101 2250/3233/2129
f 2295/3294/2174 2253/3236/2132 2217/3199/2101
f 2222/3193/2106 2126/3194/2013 2296/3295/2175
f 2092/3019/1983 2293/3291/2172 2205/3171/2089
f 2204/3170/2088 2085/3009/1976 2284/3279/2163
f 2142/3296/2029 2297/3297/2176 2151/3298/2038
f 2166/3121/2053 2213/3181/2097 2264/3250/2143
f 2183/3142/2067 2270/3256/2149 2298/3299/2177
f 2095/3023/1986 2179/3138/2063 2299/3300/2178
f 2183/3142/2067 2298/3299/2177 2250/3233/2129
f 2128/3069/2015 2165/3120/2052 2289/3285/2168
f 2233/3301/2117 2144/3265/2031 2300/3302/2179
f 2233/3301/2117 2301/3303/2180 2160/3304/2047
f 2201/3247/2085 2132/3074/2019 2302/3305/2181
f 2132/3074/2019 2227/3200/2111 2303/3306/2182
f 2252/3235/2131 2304/3307/2183 2175/3134/2059
f 2305/3308/2184 2192/3153/2076 2228/3201/2112
f 2034/2942/1925 2306/3309/2185 2080/3095/1971
f 2034/2932/1925 2229/3203/2113 2306/3310/2185
f 2237/3216/2121 2139/3084/2026 2307/3311/2186
f 2211/3179/2095 2235/3210/2119 2294/3292/2173
f 2024/2919/1918 2284/3279/2163 2085/3009/1976
f 2285/3280/2164 2163/3118/2050 2251/3234/2130
f 2206/3173/2090 2257/3262/2136 1975/2848/30
f 2167/3312/2054 2308/3313/2187 2103/3127/30
f 2309/3314/30 2310/3315/30 2245/3228/30
f 2206/3173/2090 2247/3230/30 2246/3229/30
f 2311/3316/2188 2312/3317/30 2169/3125/30
f 2313/3318/2189 2314/3319/30 2315/3320/2190
f 2315/3321/2190 2314/3322/30 2311/3316/2188
f 2212/3212/2096 2175/3134/2059 2304/3307/2183
f 2260/3244/2139 2270/3256/2149 2174/3132/2058
f 2179/3138/2063 2182/3141/2066 2316/3323/2191
f 2288/3284/2167 2225/3263/2109 2277/3272/2156
f 2196/3159/2080 2130/3071/2017 2317/3324/2192
f 2219/3188/2103 2318/3325/2193 2015/2908/1909
f 2200/3165/2084 2133/3075/2020 2160/3114/2047
f 2220/3326/2104 2200/3327/2084 2319/3328/2194
f 2280/3275/2159 2069/2987/1960 2320/3329/2195
f 2321/3330/2196 2134/3076/2021 2054/2961/1945
f 2290/3288/2169 2028/2924/1922 2202/3168/2086
f 2123/3112/2010 2279/3274/2158 2271/3259/2150
f 2193/3155/2077 2228/3201/2112 2120/3057/2007
f 2193/3331/2077 2148/3099/2035 2293/3291/2172
f 2210/3178/2094 2211/3179/2095 2322/3332/2197
f 2209/3177/2093 2208/3176/2092 2323/3333/2198
f 2157/3109/2044 2278/3273/2157 2231/3205/2115
f 2226/3198/2110 2093/3020/1984 2286/3282/2165
f 2316/3323/2191 2182/3141/2066 2215/3183/2099
f 2268/3254/2147 2226/3198/2110 2324/3334/2199
f 2161/3115/2048 2015/2908/1909 2318/3325/2193
f 2273/3264/2152 2300/3302/2179 2144/3265/2031
f 2138/3287/2025 2111/3335/1998 2325/3336/2200
f 2256/3239/2135 2171/3337/2055 2091/3240/1982
f 2291/3289/2170 2136/3078/2023 2326/3338/2201
f 2135/3077/2022 2192/3153/2076 2327/3339/2202
f 2229/3203/2113 2230/3204/2114 2306/3310/2185
f 2238/3220/2122 2188/3260/2072 2328/3340/2203
f 2329/3341/2204 2317/3324/2192 2130/3071/2017
f 2150/3101/2037 2330/3342/2205 2149/3100/2036
f 2215/3183/2099 2214/3182/2098 2331/3343/2206
f 2332/3344/2207 2233/3301/2117 2300/3302/2179
f 2132/3074/2019 2303/3306/2182 2302/3305/2181
f 2254/3237/2133 2333/3345/2208 2189/3150/2073
f 2262/3246/2141 2137/3079/2024 2275/3269/2154
f 2106/3080/1993 2266/3346/2145 2275/3269/2154
f 2186/3146/2070 2334/3347/2209 2146/3096/2033
f 2335/3348/2210 2173/3130/2057 2222/3193/2106
f 2336/3349/2211 2092/3019/1983 2224/3196/2108
f 2216/3184/2100 2337/3350/2212 2157/3109/2044
f 2269/3255/2148 2278/3273/2157 2338/3351/2213
f 2161/3115/2048 2339/3352/2214 2071/2989/1962
f 2340/3353/2215 2304/3307/2183 2252/3235/2131
f 2220/3326/2104 2341/3354/2216 2172/3355/2056
f 2203/3169/2087 2187/3202/2071 2342/3356/2217
f 2080/3001/1971 2306/3310/2185 2282/3277/2161
f 2330/3342/2205 2150/3101/2037 2343/3357/2218
f 2150/3101/2037 2292/3290/2171 2343/3357/2218
f 2344/3358/2219 2345/3359/2220 2237/3216/2121
f 2293/3291/2172 2346/3360/2221 2193/3331/2077
f 2155/3107/2042 2267/3253/2146 2283/3278/2162
f 2293/3291/2172 2092/3019/1983 2336/3349/2211
f 2241/3224/2125 2207/3175/2091 2243/3226/2127
f 2190/3151/2074 2128/3211/2015 2347/3361/2222
f 2103/3127/30 2308/3313/2187 2169/3125/30
f 2337/3350/2212 2216/3184/2100 2348/3362/2223
f 2190/3151/2074 2349/3363/2224 2265/3251/2144
f 2095/3023/1986 2299/3300/2178 2272/3261/2151
f 2337/3350/2212 2278/3273/2157 2157/3109/2044
f 2250/3233/2129 2298/3299/2177 2295/3293/2174
f 2319/3328/2194 2200/3327/2084 2160/3304/2047
f 2319/3328/2194 2341/3354/2216 2220/3326/2104
f 2350/3364/2225 2068/2986/1959 2048/2951/1939
f 2227/3365/2111 2221/3258/2105 2351/3366/2226
f 2274/3268/2153 2135/3077/2022 2352/3367/2227
f 2192/3153/2076 2305/3308/2184 2327/3339/2202
f 2203/3169/2087 2261/3245/2140 2255/3238/2134
f 2147/3174/2034 2172/3368/2056 2353/3369/2228
f 2139/3084/2026 2234/3209/2118 2354/3370/2229
f 2177/3136/2061 2146/3096/2033 2334/3347/2209
f 2334/3347/2209 2186/3146/2070 2355/3371/2230
f 2296/3295/2175 2126/3194/2013 2107/3372/1994
f 2232/3206/2116 2269/3255/2148 2338/3351/2213
f 2298/3299/2177 2270/3256/2149 2356/3373/2231
f 2236/3214/2120 2138/3287/2025 2325/3336/2200
f 2219/3188/2103 2113/3049/2000 2290/3288/2169
f 2351/3366/2226 2221/3258/2105 2271/3259/2150
f 2345/3359/2220 2188/3148/2072 2237/3216/2121
f 2345/3374/2220 2357/3375/2232 2188/3260/2072
f 2108/3042/1995 2342/3376/2217 2187/3147/2071
f 2069/2987/1960 2134/3076/2021 2320/3329/2195
f 2259/3243/2138 2258/3242/2137 2294/3292/2173
f 2267/3253/2146 2210/3178/2094 2358/3377/2233
f 2336/3349/2211 2224/3196/2108 2359/3378/2234
f 2355/3371/2230 2186/3146/2070 2276/3270/2155
f 2360/3379/2235 2107/3380/1994 2361/3381/2236
f 2107/3380/1994 2204/3382/2088 2361/3381/2236
f 2361/3381/2236 2204/3382/2088 2362/3383/2237
f 2190/3151/2074 2347/3361/2222 2349/3363/2224
f 2128/3211/2015 2289/3384/2168 2347/3361/2222
f 2216/3184/2100 2195/3157/2079 2348/3362/2223
f 2176/3135/2060 2159/3113/2046 2287/3283/2166
f 2232/3206/2116 2338/3351/2213 2258/3242/2137
f 2301/3303/2180 2233/3301/2117 2332/3344/2207
f 2341/3354/2216 2363/3385/2238 2172/3355/2056
f 2290/3288/2169 2202/3168/2086 2364/3386/2239
f 2303/3387/2182 2227/3388/2111 2365/3389/2240
f 2342/3376/2217 2108/3042/1995 2149/3100/2036
f 2354/3370/2229 2307/3311/2186 2139/3084/2026
f 2297/3297/2176 2366/3390/2241 2151/3298/2038
f 2251/3234/2130 2272/3261/2151 2367/3391/2242
f 2222/3193/2106 2296/3295/2175 2368/3392/2243
f 2296/3393/2175 2107/3380/1994 2360/3379/2235
f 2204/3382/2088 2284/3394/2163 2362/3383/2237
f 2324/3334/2199 2226/3198/2110 2286/3282/2165
f 2287/3283/2166 2189/3150/2073 2369/3395/2244
f 2160/3304/2047 2301/3303/2180 2370/3396/2245
f 2201/3166/2085 2371/3397/2246 2198/3163/2082
f 2281/3276/2160 2280/3275/2159 2372/3398/2247
f 2373/3399/2248 2203/3169/2087 2342/3356/2217
f 2230/3204/2114 2257/3241/2136 2374/3400/2249
f 2116/3052/2003 2241/3224/2125 2375/3401/2250
f 2178/3137/2062 2116/3222/2003 2376/3402/2251
f 2213/3181/2097 2283/3278/2162 2377/3403/2252
f 2378/3404/2253 2251/3234/2130 2367/3391/2242
f 2359/3378/2234 2224/3196/2108 2194/3156/2078
f 2379/3405/2254 2215/3183/2099 2331/3343/2206
f 2329/3341/2204 2130/3071/2017 2209/3177/2093
f 2240/3223/2124 2285/3280/2164 2180/3139/2064
f 2241/3224/2125 2243/3226/2127 2375/3401/2250
f 2251/3234/2130 2378/3404/2253 2285/3280/2164
f 2277/3272/2156 2268/3271/2147 2324/3406/2199
f 2380/3407/30 2381/3408/2255 2382/3409/30
f 2383/3410/30 2384/3411/30 2385/3412/2256
f 2310/3315/30 2386/3413/30 2384/3414/30
f 2246/3229/30 2310/3315/30 2384/3414/30
f 2245/3228/30 2310/3315/30 2246/3229/30
f 2315/3321/2190 2311/3316/2188 2387/3415/2257
f 2323/3333/2198 2208/3176/2092 2264/3250/2143
f 2388/3416/2258 2279/3274/2158 2176/3135/2060
f 2318/3325/2193 2219/3188/2103 2389/3417/2259
f 2143/3091/2030 2196/3418/2080 2390/3419/2260
f 2160/3304/2047 2370/3396/2245 2319/3328/2194
f 2356/3373/2231 2260/3244/2139 2265/3251/2144
f 2242/3225/2126 2391/3420/2261 2289/3285/2168
f 2260/3244/2139 2356/3373/2231 2270/3256/2149
f 2373/3399/2248 2261/3245/2140 2203/3169/2087
f 2111/3335/1998 2171/3337/2055 2392/3421/2262
f 2393/3422/2263 2243/3226/2127 2147/3174/2034
f 2276/3270/2155 2173/3130/2057 2335/3348/2210
f 2376/3402/2251 2194/3156/2078 2178/3137/2062
f 2354/3370/2229 2234/3209/2118 2394/3423/2264
f 2153/3104/2040 2162/3117/2049 2253/3236/2132
f 2153/3281/2040 2395/3424/2265 2396/3425/2266
f 2242/3225/2126 2281/3276/2160 2391/3420/2261
f 2048/2951/1939 2263/3249/2142 2350/3364/2225
f 2054/2961/1945 2068/2986/1959 2397/3426/2267
f 2239/3221/2123 2333/3345/2208 2254/3237/2133
f 2227/3365/2111 2351/3366/2226 2365/3427/2240
f 2352/3367/2227 2135/3077/2022 2327/3339/2202
f 2167/3428/2054 2261/3245/2140 2373/3399/2248
f 2325/3336/2200 2111/3335/1998 2392/3421/2262
f 2305/3308/2184 2228/3201/2112 2398/3429/2268
f 2237/3216/2121 2307/3311/2186 2344/3358/2219
f 2376/3430/2251 2116/3052/2003 2375/3401/2250
f 2151/3102/2038 2263/3249/2142 2122/3060/2009
f 2336/3349/2211 2359/3378/2234 2399/3431/2269
f 2153/3281/2040 2396/3425/2266 2286/3282/2165
f 2324/3334/2199 2286/3282/2165 2396/3425/2266
f 2265/3251/2144 2400/3432/2270 2356/3373/2231
f 2252/3235/2131 2218/3187/2102 2401/3433/2271
f 2402/3434/2272 2273/3264/2152 2288/3284/2167
f 2357/3375/2232 2345/3374/2220 2403/3435/2273
f 2199/3164/2083 2198/3163/2082 2404/3436/2274
f 2236/3214/2120 2325/3336/2200 2405/3437/2275
f 2369/3395/2244 2189/3150/2073 2333/3345/2208
f 2364/3386/2239 2202/3168/2086 2406/3438/2276
f 2333/3345/2208 2239/3221/2123 2407/3439/2277
f 2327/3339/2202 2305/3308/2184 2408/3440/2278
f 2392/3421/2262 2171/3337/2055 2256/3239/2135
f 2228/3201/2112 2193/3155/2077 2398/3429/2268
f 2234/3209/2118 2282/3277/2161 2409/3441/2279
f 2211/3179/2095 2294/3292/2173 2410/3442/2280
f 2344/3358/2219 2307/3311/2186 2354/3370/2229
f 2153/3104/2040 2253/3236/2132 2411/3443/2281
f 2324/3334/2199 2396/3425/2266 2412/3444/2282
f 2195/3157/2079 2212/3180/2096 2348/3362/2223
f 2179/3138/2063 2316/3323/2191 2299/3300/2178
f 2401/3433/2271 2340/3353/2215 2252/3235/2131
f 2331/3445/2206 2214/3186/2098 2143/3091/2030
f 2402/3434/2272 2300/3302/2179 2273/3264/2152
f 2413/3446/2283 2196/3159/2080 2317/3324/2192
f 2347/3361/2222 2289/3384/2168 2391/3447/2261
f 2389/3417/2259 2219/3188/2103 2290/3288/2169
f 2342/3376/2217 2149/3100/2036 2330/3342/2205
f 2414/3448/2284 2147/3174/2034 2353/3369/2228
f 2230/3204/2114 2415/3449/2285 2306/3310/2185
f 2153/3281/2040 2411/3450/2281 2395/3424/2265
f 2416/3451/2286 2180/3139/2064 2285/3280/2164
f 2311/3316/2188 2169/3125/30 2308/3313/2187
f 2362/3383/2237 2284/3394/2163 2417/3452/2287
f 2284/3453/2163 2223/3266/2107 2417/3454/2287
f 2418/3455/2288 2272/3261/2151 2299/3300/2178
f 2288/3284/2167 2277/3272/2156 2419/3456/2289
f 2338/3351/2213 2278/3273/2157 2420/3457/2290
f 2421/3458/2291 2331/3445/2206 2143/3091/2030
f 2339/3352/2214 2422/3459/2292 2071/2989/1962
f 2417/3454/2287 2223/3266/2107 2199/3164/2083
f 2304/3307/2183 2340/3353/2215 2423/3460/2293
f 2397/3426/2267 2321/3330/2196 2054/2961/1945
f 2424/3461/2294 2256/3239/2135 2291/3289/2170
f 2353/3462/2228 2172/3355/2056 2363/3385/2238
f 2374/3400/2249 2415/3449/2285 2230/3204/2114
f 2147/3174/2034 2414/3448/2284 2393/3422/2263
f 2425/3463/2295 2258/3242/2137 2338/3351/2213
f 2410/3442/2280 2322/3332/2197 2211/3179/2095
f 2358/3377/2233 2283/3278/2162 2267/3253/2146
f 2253/3236/2132 2295/3294/2174 2411/3443/2281
f 2400/3432/2270 2265/3251/2144 2349/3363/2224
f 2278/3273/2157 2337/3350/2212 2420/3457/2290
f 2298/3299/2177 2356/3373/2231 2400/3432/2270
f 2426/3464/2296 2176/3135/2060 2287/3283/2166
f 2421/3458/2291 2143/3091/2030 2390/3419/2260
f 2218/3187/2102 2071/2989/1962 2422/3459/2292
f 2403/3465/2273 2345/3359/2220 2344/3358/2219
f 2202/3286/2086 2236/3214/2120 2427/3466/2297
f 2409/3441/2279 2394/3423/2264 2234/3209/2118
f 2188/3260/2072 2357/3375/2232 2328/3340/2203
f 2238/3220/2122 2428/3467/2298 2125/3218/2012
f 2142/3296/2029 2125/3218/2012 2428/3467/2298
f 2428/3467/2298 2297/3297/2176 2142/3296/2029
f 2355/3371/2230 2276/3270/2155 2429/3468/2299
f 2368/3392/2243 2335/3348/2210 2222/3193/2106
f 2361/3381/2236 2362/3383/2237 2430/3469/2300
f 2431/3470/2301 2277/3272/2156 2324/3406/2199
f 2427/3466/2297 2236/3214/2120 2405/3437/2275
f 2202/3286/2086 2427/3466/2297 2406/3471/2276
f 2432/3472/2302 2167/3473/2054 2373/3474/2248
f 2413/3446/2283 2390/3475/2260 2196/3159/2080
f 2346/3360/2221 2398/3476/2268 2193/3331/2077
f 2210/3178/2094 2322/3332/2197 2358/3377/2233
f 2391/3420/2261 2281/3276/2160 2433/3477/2303
f 2367/3391/2242 2272/3261/2151 2434/3478/2304
f 2336/3349/2211 2399/3431/2269 2293/3291/2172
f 2282/3277/2161 2306/3310/2185 2409/3441/2279
f 2379/3405/2254 2331/3343/2206 2435/3479/2305
f 2436/3480/2306 2388/3416/2258 2176/3135/2060
f 2423/3460/2293 2212/3212/2096 2304/3307/2183
f 2298/3299/2177 2400/3432/2270 2437/3481/2307
f 2438/3482/2308 2298/3299/2177 2437/3481/2307
f 2295/3293/2174 2298/3299/2177 2438/3482/2308
f 2403/3465/2273 2344/3358/2219 2413/3483/2283
f 2302/3484/2181 2303/3387/2182 2439/3485/2309
f 2279/3274/2158 2351/3366/2226 2271/3259/2150
f 2440/3486/2310 2352/3367/2227 2327/3339/2202
f 2330/3342/2205 2343/3357/2218 2342/3376/2217
f 2258/3242/2137 2425/3463/2295 2294/3292/2173
f 2441/3487/2311 2398/3476/2268 2346/3360/2221
f 2283/3278/2162 2358/3377/2233 2377/3403/2252
f 2264/3250/2143 2213/3181/2097 2377/3403/2252
f 2288/3284/2167 2419/3456/2289 2402/3434/2272
f 2266/3346/2145 2177/3488/2061 2442/3489/2312
f 2215/3183/2099 2443/3490/2313 2316/3323/2191
f 2215/3183/2099 2379/3405/2254 2443/3490/2313
f 2355/3371/2230 2429/3468/2299 2334/3347/2209
f 2378/3404/2253 2416/3451/2286 2285/3280/2164
f 2311/3316/2188 2308/3313/2187 2444/3491/2314
f 2445/3492/2315 2446/3493/2316 2447/3494/2317
f 2383/3410/30 2448/3495/30 2384/3411/30
f 2206/3173/2090 2384/3414/30 2448/3496/30
f 2384/3414/30 2206/3173/2090 2246/3229/30
f 2444/3491/2314 2387/3415/2257 2311/3316/2188
f 2387/3497/2257 2380/3407/30 2382/3409/30
f 2449/3498/30 2450/3499/2318 2451/3500/30
f 2212/3180/2096 2452/3501/2319 2348/3362/2223
f 2199/3164/2083 2404/3436/2274 2417/3454/2287
f 2338/3351/2213 2420/3457/2290 2453/3502/2320
f 2372/3398/2247 2454/3503/2321 2281/3276/2160
f 2407/3439/2277 2239/3221/2123 2274/3268/2153
f 2350/3504/2225 2263/3505/2142 2455/3506/2322
f 2280/3275/2159 2320/3329/2195 2372/3398/2247
f 2424/3461/2294 2392/3421/2262 2256/3239/2135
f 2415/3449/2285 2409/3441/2279 2306/3310/2185
f 2326/3338/2201 2136/3078/2023 2262/3246/2141
f 2262/3246/2141 2275/3269/2154 2456/3507/2323
f 2434/3478/2304 2272/3261/2151 2418/3455/2288
f 2400/3432/2270 2457/3508/2324 2458/3509/2325
f 2399/3431/2269 2346/3360/2221 2293/3291/2172
f 2300/3302/2179 2459/3510/2326 2332/3344/2207
f 2344/3358/2219 2460/3511/2327 2413/3483/2283
f 2354/3370/2229 2460/3511/2327 2344/3358/2219
f 2371/3512/2246 2201/3247/2085 2302/3305/2181
f 2328/3340/2203 2357/3375/2232 2461/3513/2328
f 2347/3361/2222 2391/3447/2261 2462/3514/2329
f 2352/3367/2227 2463/3515/2330 2274/3268/2153
f 2320/3329/2195 2134/3076/2021 2464/3516/2331
f 2465/3517/2332 2466/3518/2333 2467/3519/2334
f 2467/3519/2334 2466/3518/2333 2468/3520/2335
f 2167/3473/2054 2432/3472/2302 2308/3521/2187
f 2275/3269/2154 2266/3346/2145 2442/3489/2312
f 2421/3522/2291 2390/3523/2260 2394/3423/2264
f 2276/3270/2155 2335/3348/2210 2469/3524/2336
f 2408/3440/2278 2305/3308/2184 2398/3429/2268
f 2361/3381/2236 2430/3469/2300 2470/3525/2337
f 2400/3432/2270 2349/3363/2224 2457/3508/2324
f 2323/3333/2198 2264/3250/2143 2471/3526/2338
f 2263/3527/2142 2151/3298/2038 2366/3390/2241
f 2433/3477/2303 2281/3276/2160 2454/3503/2321
f 2180/3139/2064 2416/3451/2286 2472/3528/2339
f 2340/3353/2215 2473/3529/2340 2474/3530/2341
f 2404/3436/2274 2198/3163/2082 2371/3397/2246
f 2370/3396/2245 2475/3531/2342 2319/3328/2194
f 2341/3354/2216 2319/3328/2194 2475/3531/2342
f 2453/3502/2320 2425/3463/2295 2338/3351/2213
f 2401/3433/2271 2473/3529/2340 2340/3353/2215
f 2397/3426/2267 2068/2986/1959 2350/3364/2225
f 2331/3445/2206 2421/3458/2291 2476/3532/2343
f 2477/3533/2344 2467/3519/2334 2468/3520/2335
f 2478/3534/2345 2466/3518/2333 2441/3487/2311
f 2398/3476/2268 2465/3517/2332 2408/3535/2278
f 2441/3487/2311 2465/3517/2332 2398/3476/2268
f 2441/3487/2311 2466/3518/2333 2465/3517/2332
f 2264/3250/2143 2377/3403/2252 2471/3526/2338
f 2437/3481/2307 2400/3432/2270 2458/3509/2325
f 2438/3482/2308 2437/3481/2307 2479/3536/2346
f 2295/3294/2174 2438/3537/2308 2411/3443/2281
f 2390/3523/2260 2413/3483/2283 2460/3511/2327
f 2480/3538/2347 2365/3427/2240 2351/3366/2226
f 2435/3479/2305 2331/3343/2206 2481/3539/2348
f 2331/3343/2206 2476/3540/2343 2481/3539/2348
f 2394/3423/2264 2390/3523/2260 2460/3511/2327
f 2354/3370/2229 2394/3423/2264 2460/3511/2327
f 2432/3472/2302 2373/3474/2248 2482/3541/2349
f 2468/3520/2335 2466/3518/2333 2478/3534/2345
f 2324/3406/2199 2412/3542/2282 2431/3470/2301
f 2483/3543/2350 2243/3226/2127 2393/3422/2263
f 2243/3226/2127 2483/3543/2350 2375/3401/2250
f 2209/3177/2093 2323/3333/2198 2329/3341/2204
f 2438/3482/2308 2484/3544/2351 2411/3450/2281
f 2436/3480/2306 2176/3135/2060 2426/3464/2296
f 2485/3545/2352 2340/3546/2215 2474/3547/2341
f 2340/3546/2215 2485/3545/2352 2423/3548/2293
f 2458/3509/2325 2457/3508/2324 2454/3549/2321
f 2444/3550/2314 2486/3551/2353 2387/3552/2257
f 2487/3553/2354 2463/3515/2330 2352/3367/2227
f 2440/3554/2310 2327/3555/2202 2488/3556/2355
f 2433/3557/2303 2462/3514/2329 2391/3447/2261
f 2372/3398/2247 2320/3329/2195 2489/3558/2356
f 2308/3521/2187 2432/3472/2302 2482/3541/2349
f 2393/3559/2263 2414/3560/2284 2490/3561/2357
f 2373/3399/2248 2342/3356/2217 2491/3562/2358
f 2482/3541/2349 2373/3474/2248 2491/3563/2358
f 2342/3376/2217 2343/3357/2218 2491/3564/2358
f 2492/3565/2359 2326/3338/2201 2262/3246/2141
f 2408/3535/2278 2465/3517/2332 2467/3519/2334
f 2493/3566/2360 2494/3567/2361 2484/3544/2351
f 2410/3442/2280 2294/3292/2173 2495/3568/2362
f 2277/3272/2156 2431/3470/2301 2419/3456/2289
f 2376/3430/2251 2375/3401/2250 2483/3543/2350
f 2369/3395/2244 2426/3464/2296 2287/3283/2166
f 2349/3363/2224 2347/3361/2222 2462/3514/2329
f 2437/3481/2307 2458/3509/2325 2496/3569/2363
f 2497/3570/2364 2438/3482/2308 2479/3536/2346
f 2484/3544/2351 2438/3482/2308 2497/3570/2364
f 2481/3571/2348 2415/3449/2285 2374/3400/2249
f 2337/3350/2212 2348/3362/2223 2498/3572/2365
f 2321/3330/2196 2397/3426/2267 2499/3573/2366
f 2339/3352/2214 2161/3115/2048 2318/3325/2193
f 2369/3395/2244 2333/3345/2208 2500/3574/2367
f 2409/3441/2279 2421/3522/2291 2394/3423/2264
f 2327/3339/2202 2408/3440/2278 2488/3575/2355
f 2424/3461/2294 2291/3289/2170 2326/3338/2201
f 2501/3576/2368 2468/3520/2335 2353/3462/2228
f 2263/3527/2142 2366/3390/2241 2502/3577/2369
f 2442/3489/2312 2503/3578/2370 2275/3269/2154
f 2353/3462/2228 2468/3520/2335 2414/3560/2284
f 2292/3290/2171 2180/3139/2064 2504/3579/2371
f 2504/3579/2371 2180/3139/2064 2472/3528/2339
f 2296/3393/2175 2360/3379/2235 2368/3580/2243
f 2411/3450/2281 2484/3544/2351 2395/3424/2265
f 2417/3452/2287 2505/3581/2372 2362/3383/2237
f 2490/3561/2357 2483/3582/2350 2393/3559/2263
f 2388/3416/2258 2506/3583/2373 2279/3274/2158
f 2454/3584/2321 2507/3585/2374 2433/3586/2303
f 2454/3549/2321 2508/3587/2375 2458/3509/2325
f 2348/3362/2223 2452/3501/2319 2498/3572/2365
f 2476/3588/2343 2421/3522/2291 2415/3449/2285
f 2509/3589/2376 2134/3076/2021 2321/3330/2196
f 2484/3544/2351 2497/3570/2364 2493/3566/2360
f 2322/3332/2197 2410/3442/2280 2510/3590/2377
f 2478/3534/2345 2490/3561/2357 2468/3520/2335
f 2496/3569/2363 2479/3536/2346 2437/3481/2307
f 2395/3424/2265 2484/3544/2351 2494/3567/2361
f 2441/3487/2311 2346/3360/2221 2478/3534/2345
f 2419/3456/2289 2511/3591/2378 2402/3434/2272
f 2194/3156/2078 2512/3592/2379 2359/3378/2234
f 2511/3591/2378 2300/3302/2179 2402/3434/2272
f 2357/3375/2232 2403/3435/2273 2461/3513/2328
f 2459/3510/2326 2301/3303/2180 2332/3344/2207
f 2420/3457/2290 2513/3593/2380 2514/3594/2381
f 2473/3529/2340 2401/3433/2271 2515/3595/2382
f 2516/3596/2383 2515/3595/2382 2401/3433/2271
f 2517/3597/2384 2341/3354/2216 2475/3531/2342
f 2518/3598/2385 2318/3325/2193 2389/3417/2259
f 2415/3449/2285 2421/3522/2291 2409/3441/2279
f 2519/3599/2386 2500/3574/2367 2333/3345/2208
f 2292/3290/2171 2520/3600/2387 2343/3357/2218
f 2468/3520/2335 2501/3576/2368 2477/3533/2344
f 2363/3385/2238 2521/3601/2388 2353/3462/2228
f 2414/3560/2284 2468/3520/2335 2490/3561/2357
f 2361/3381/2236 2470/3525/2337 2360/3379/2235
f 2377/3403/2252 2358/3377/2233 2322/3332/2197
f 2412/3542/2282 2522/3602/2389 2431/3470/2301
f 2497/3570/2364 2479/3536/2346 2523/3603/2390
f 2443/3490/2313 2379/3405/2254 2524/3604/2391
f 2413/3446/2283 2317/3324/2192 2329/3341/2204
f 2376/3402/2251 2512/3592/2379 2194/3156/2078
f 2507/3585/2374 2372/3605/2247 2433/3586/2303
f 2372/3605/2247 2507/3585/2374 2525/3606/2392
f 2372/3605/2247 2525/3606/2392 2454/3607/2321
f 2457/3508/2324 2462/3514/2329 2454/3549/2321
f 2454/3549/2321 2462/3514/2329 2507/3608/2374
f 2508/3609/2375 2454/3607/2321 2525/3606/2392
f 2349/3363/2224 2462/3514/2329 2457/3508/2324
f 2380/3610/30 2486/3551/2353 2526/3611/30
f 2526/3611/30 2486/3551/2353 2527/3612/30
f 2527/3613/30 2528/3614/2393 2529/3615/2394
f 2530/3616/2395 2529/3617/2394 2528/3618/2393
f 2531/3619/30 2528/3620/2393 2532/3621/2396
f 2531/3619/30 2532/3621/2396 2446/3622/2316
f 2447/3623/2317 2446/3622/2316 2532/3621/2396
f 2447/3623/2317 2533/3624/30 2534/3625/30
f 2535/3626/30 2534/3625/30 2533/3624/30
f 2536/3627/2397 2533/3628/30 2537/3629/30
f 2537/3630/30 2538/3631/30 2536/3632/2397
f 2539/3633/2398 2537/3634/30 2540/3635/2399
f 2451/3636/30 2540/3637/2399 2537/3638/30
f 2537/3639/30 2449/3640/30 2451/3641/30
f 2541/3642/2400 2448/3643/30 2449/3640/30
f 2387/3552/2257 2486/3551/2353 2380/3610/30
f 2448/3643/30 2541/3642/2400 2206/3644/2090
f 2370/3396/2245 2301/3303/2180 2542/3645/2401
f 2279/3274/2158 2506/3583/2373 2351/3366/2226
f 2452/3501/2319 2212/3180/2096 2423/3548/2293
f 2481/3539/2348 2476/3540/2343 2415/3646/2285
f 2543/3647/2402 2422/3459/2292 2339/3352/2214
f 2238/3220/2122 2328/3340/2203 2544/3648/2403
f 2545/3649/2404 2497/3570/2364 2523/3603/2390
f 2364/3386/2239 2406/3438/2276 2546/3650/2405
f 2497/3570/2364 2545/3649/2404 2493/3566/2360
f 2343/3357/2218 2520/3600/2387 2491/3564/2358
f 2478/3534/2345 2483/3582/2350 2490/3561/2357
f 2378/3404/2253 2472/3528/2339 2416/3451/2286
f 2362/3383/2237 2547/3651/2406 2430/3469/2300
f 2548/3652/2407 2367/3391/2242 2434/3478/2304
f 2549/3653/2408 2374/3400/2249 2257/3241/2136
f 2467/3519/2334 2550/3654/2409 2408/3535/2278
f 2424/3461/2294 2551/3655/2410 2392/3421/2262
f 2550/3654/2409 2488/3556/2355 2408/3535/2278
f 2501/3576/2368 2353/3462/2228 2521/3601/2388
f 2552/3656/2411 2494/3567/2361 2493/3566/2360
f 2308/3521/2187 2482/3541/2349 2491/3563/2358
f 2456/3507/2323 2275/3269/2154 2503/3578/2370
f 2553/3657/2412 2442/3489/2312 2177/3488/2061
f 2553/3657/2412 2177/3488/2061 2334/3658/2209
f 2510/3590/2377 2410/3442/2280 2554/3659/2413
f 2542/3645/2401 2301/3303/2180 2459/3510/2326
f 2362/3383/2237 2505/3581/2372 2547/3651/2406
f 2478/3534/2345 2346/3360/2221 2399/3431/2269
f 2555/3660/2414 2426/3661/2296 2369/3662/2244
f 2316/3323/2191 2556/3663/2415 2299/3300/2178
f 2443/3490/2313 2556/3663/2415 2316/3323/2191
f 2549/3664/2408 2257/3262/2136 2206/3173/2090
f 2433/3586/2303 2372/3605/2247 2557/3665/2416
f 2508/3587/2375 2558/3666/2417 2458/3509/2325
f 2558/3666/2417 2496/3569/2363 2458/3509/2325
f 2496/3569/2363 2523/3603/2390 2479/3536/2346
f 2524/3604/2391 2379/3405/2254 2435/3479/2305
f 2363/3385/2238 2341/3354/2216 2517/3597/2384
f 2514/3594/2381 2453/3502/2320 2420/3457/2290
f 2455/3506/2322 2263/3505/2142 2559/3667/2418
f 2518/3598/2385 2339/3352/2214 2318/3325/2193
f 2509/3589/2376 2321/3330/2196 2499/3573/2366
f 2369/3662/2244 2500/3668/2367 2555/3660/2414
f 2557/3665/2416 2372/3605/2247 2489/3669/2356
f 2406/3471/2276 2427/3466/2297 2560/3670/2419
f 2561/3671/2420 2494/3567/2361 2552/3656/2411
f 2494/3567/2361 2561/3671/2420 2395/3424/2265
f 2395/3424/2265 2561/3671/2420 2396/3425/2266
f 2412/3444/2282 2396/3425/2266 2522/3672/2389
f 2478/3534/2345 2562/3673/2421 2483/3582/2350
f 2469/3524/2336 2429/3468/2299 2276/3270/2155
f 2377/3403/2252 2322/3332/2197 2510/3590/2377
f 2512/3592/2379 2399/3431/2269 2359/3378/2234
f 2423/3548/2293 2485/3545/2352 2563/3674/2422
f 2329/3341/2204 2323/3333/2198 2564/3675/2423
f 2420/3457/2290 2337/3350/2212 2498/3572/2365
f 2274/3268/2153 2463/3515/2330 2407/3439/2277
f 2565/3676/2424 2401/3433/2271 2218/3187/2102
f 2366/3390/2241 2297/3297/2176 2502/3577/2369
f 2560/3670/2419 2427/3466/2297 2405/3437/2275
f 2464/3516/2331 2134/3076/2021 2509/3589/2376
f 2489/3558/2356 2320/3329/2195 2464/3516/2331
f 2566/3677/2425 2405/3437/2275 2325/3336/2200
f 2424/3461/2294 2326/3338/2201 2492/3565/2359
f 2517/3597/2384 2555/3660/2414 2501/3576/2368
f 2492/3565/2359 2262/3246/2141 2456/3507/2323
f 2501/3576/2368 2521/3601/2388 2517/3597/2384
f 2477/3533/2344 2550/3654/2409 2467/3519/2334
f 2567/3678/2426 2517/3597/2384 2475/3531/2342
f 2376/3402/2251 2483/3582/2350 2512/3592/2379
f 2404/3436/2274 2371/3397/2246 2568/3679/2427
f 2512/3592/2379 2562/3673/2421 2399/3431/2269
f 2569/3680/2428 2323/3333/2198 2471/3526/2338
f 2299/3300/2178 2556/3663/2415 2418/3455/2288
f 2485/3545/2352 2474/3547/2341 2570/3681/2429
f 2462/3514/2329 2433/3557/2303 2557/3682/2416
f 2507/3608/2374 2462/3514/2329 2557/3682/2416
f 2496/3569/2363 2558/3666/2417 2571/3683/2430
f 2334/3658/2209 2429/3684/2299 2572/3685/2431
f 2473/3529/2340 2570/3686/2429 2474/3530/2341
f 2420/3457/2290 2498/3572/2365 2513/3593/2380
f 2363/3385/2238 2517/3597/2384 2521/3601/2388
f 2407/3687/2277 2519/3688/2386 2333/3689/2208
f 2463/3690/2330 2488/3556/2355 2519/3688/2386
f 2488/3556/2355 2550/3654/2409 2519/3688/2386
f 2424/3461/2294 2492/3565/2359 2573/3691/2432
f 2574/3692/2433 2377/3403/2252 2510/3590/2377
f 2471/3526/2338 2377/3403/2252 2574/3692/2433
f 2378/3404/2253 2575/3693/2434 2472/3528/2339
f 2378/3404/2253 2367/3391/2242 2548/3652/2407
f 2567/3678/2426 2426/3661/2296 2517/3597/2384
f 2399/3431/2269 2562/3673/2421 2478/3534/2345
f 2426/3661/2296 2555/3660/2414 2517/3597/2384
f 2417/3694/2287 2404/3695/2274 2576/3696/2435
f 2577/3697/2436 2569/3680/2428 2471/3526/2338
f 2475/3531/2342 2370/3396/2245 2542/3645/2401
f 2439/3485/2309 2303/3387/2182 2365/3389/2240
f 2578/3698/2437 2374/3400/2249 2549/3653/2408
f 2500/3668/2367 2519/3688/2386 2550/3654/2409
f 2550/3654/2409 2555/3660/2414 2500/3668/2367
f 2481/3571/2348 2374/3400/2249 2578/3698/2437
f 2579/3699/2438 2290/3288/2169 2364/3386/2239
f 2396/3425/2266 2561/3671/2420 2522/3672/2389
f 2580/3700/2439 2522/3672/2389 2561/3671/2420
f 2352/3367/2227 2440/3486/2310 2487/3553/2354
f 2463/3690/2330 2487/3701/2354 2488/3556/2355
f 2294/3292/2173 2425/3463/2295 2453/3502/2320
f 2581/3702/2440 2410/3442/2280 2495/3568/2362
f 2512/3592/2379 2483/3582/2350 2562/3673/2421
f 2507/3585/2374 2557/3665/2416 2582/3703/2441
f 2525/3606/2392 2507/3585/2374 2582/3703/2441
f 2583/3704/2442 2572/3685/2431 2429/3684/2299
f 2570/3686/2429 2473/3529/2340 2515/3595/2382
f 2434/3478/2304 2418/3455/2288 2584/3705/2443
f 2585/3706/2444 2547/3707/2406 2505/3708/2372
f 2417/3452/2287 2576/3709/2435 2505/3581/2372
f 2542/3645/2401 2567/3678/2426 2475/3531/2342
f 2565/3676/2424 2218/3187/2102 2422/3459/2292
f 2559/3710/2418 2263/3527/2142 2502/3577/2369
f 2389/3417/2259 2290/3288/2169 2579/3699/2438
f 2544/3648/2403 2428/3467/2298 2238/3220/2122
f 2501/3576/2368 2555/3660/2414 2550/3654/2409
f 2552/3656/2411 2493/3566/2360 2545/3649/2404
f 2440/3554/2310 2488/3556/2355 2487/3701/2354
f 2495/3568/2362 2294/3292/2173 2453/3502/2320
f 2550/3654/2409 2477/3533/2344 2501/3576/2368
f 2586/3711/2445 2572/3685/2431 2583/3704/2442
f 2459/3510/2326 2300/3302/2179 2587/3712/2446
f 2469/3524/2336 2335/3348/2210 2588/3713/2447
f 2548/3652/2407 2575/3693/2434 2378/3404/2253
f 2335/3714/2210 2368/3580/2243 2589/3715/2448
f 2519/3688/2386 2407/3687/2277 2463/3690/2330
f 2325/3336/2200 2392/3421/2262 2590/3716/2449
f 2551/3655/2410 2590/3716/2449 2392/3421/2262
f 2424/3461/2294 2573/3691/2432 2551/3655/2410
f 2591/3717/2450 2308/3718/2187 2491/3719/2358
f 2444/3720/2314 2308/3721/2187 2591/3722/2450
f 2553/3657/2412 2334/3658/2209 2572/3685/2431
f 2300/3302/2179 2511/3591/2378 2592/3723/2451
f 2545/3649/2404 2523/3603/2390 2593/3724/2452
f 2528/3725/2393 2527/3612/30 2486/3551/2353
f 2533/3624/30 2447/3623/2317 2532/3621/2396
f 2537/3726/30 2533/3727/30 2532/3728/2396
f 2541/3729/2400 2537/3726/30 2532/3728/2396
f 2449/3640/30 2537/3639/30 2541/3642/2400
f 2570/3686/2429 2515/3595/2382 2485/3730/2352
f 2552/3656/2411 2545/3649/2404 2594/3731/2453
f 2516/3596/2383 2485/3730/2352 2515/3595/2382
f 2563/3674/2422 2595/3732/2454 2423/3548/2293
f 2506/3583/2373 2388/3416/2258 2436/3480/2306
f 2516/3596/2383 2401/3433/2271 2565/3676/2424
f 2403/3465/2273 2413/3483/2283 2596/3733/2455
f 2403/3435/2273 2596/3734/2455 2461/3513/2328
f 2518/3598/2385 2389/3417/2259 2597/3735/2456
f 2579/3699/2438 2597/3735/2456 2389/3417/2259
f 2563/3674/2422 2485/3545/2352 2598/3736/2457
f 2472/3528/2339 2599/3737/2458 2504/3579/2371
f 2472/3528/2339 2575/3693/2434 2599/3737/2458
f 2423/3548/2293 2595/3732/2454 2452/3501/2319
f 2592/3723/2451 2511/3591/2378 2419/3456/2289
f 2587/3712/2446 2300/3302/2179 2592/3723/2451
f 2518/3598/2385 2543/3647/2402 2339/3352/2214
f 2556/3663/2415 2600/3738/2459 2418/3455/2288
f 2601/3739/2460 2329/3341/2204 2564/3675/2423
f 2413/3446/2283 2329/3341/2204 2601/3739/2460
f 2557/3665/2416 2602/3740/2461 2582/3703/2441
f 2428/3467/2298 2502/3577/2369 2297/3297/2176
f 2558/3666/2417 2508/3587/2375 2571/3683/2430
f 2523/3603/2390 2496/3569/2363 2593/3724/2452
f 2603/3741/2462 2573/3691/2432 2492/3565/2359
f 2485/3730/2352 2516/3596/2383 2598/3742/2457
f 2552/3656/2411 2604/3743/2463 2561/3671/2420
f 2566/3677/2425 2325/3336/2200 2590/3716/2449
f 2591/3717/2450 2491/3719/2358 2605/3744/2464
f 2350/3504/2225 2455/3506/2322 2397/3745/2267
f 2436/3480/2306 2426/3464/2296 2567/3746/2426
f 2606/3747/2465 2568/3679/2427 2371/3397/2246
f 2371/3512/2246 2302/3305/2181 2606/3748/2465
f 2435/3479/2305 2481/3539/2348 2607/3749/2466
f 2608/3750/2467 2492/3565/2359 2456/3507/2323
f 2609/3751/2468 2560/3670/2419 2405/3437/2275
f 2553/3657/2412 2572/3685/2431 2586/3711/2445
f 2579/3699/2438 2364/3386/2239 2546/3650/2405
f 2560/3752/2419 2610/3753/2469 2406/3438/2276
f 2546/3650/2405 2406/3438/2276 2610/3753/2469
f 2405/3437/2275 2566/3677/2425 2611/3754/2470
f 2491/3564/2358 2520/3600/2387 2605/3755/2464
f 2351/3366/2226 2506/3583/2373 2480/3538/2347
f 2525/3606/2392 2571/3756/2430 2508/3609/2375
f 2549/3757/2408 2206/3644/2090 2612/3758/2471
f 2545/3759/2404 2593/3760/2452 2613/3761/2472
f 2496/3569/2363 2571/3683/2430 2614/3762/2473
f 2593/3724/2452 2496/3569/2363 2614/3762/2473
f 2612/3758/2471 2206/3644/2090 2541/3642/2400
f 2615/3763/2474 2525/3606/2392 2582/3703/2441
f 2615/3763/2474 2571/3756/2430 2525/3606/2392
f 2586/3711/2445 2583/3704/2442 2616/3764/2475
f 2431/3470/2301 2522/3602/2389 2580/3765/2439
f 2588/3766/2447 2335/3714/2210 2617/3767/2476
f 2360/3379/2235 2470/3525/2337 2618/3768/2477
f 2292/3290/2171 2504/3579/2371 2619/3769/2478
f 2542/3645/2401 2459/3510/2326 2620/3770/2479
f 2554/3659/2413 2410/3442/2280 2621/3771/2480
f 2548/3652/2407 2434/3478/2304 2584/3705/2443
f 2603/3741/2462 2492/3565/2359 2608/3750/2467
f 2577/3697/2436 2471/3526/2338 2622/3772/2481
f 2503/3578/2370 2623/3773/2482 2456/3507/2323
f 2604/3743/2463 2580/3700/2439 2561/3671/2420
f 2566/3677/2425 2590/3716/2449 2611/3754/2470
f 2469/3774/2336 2624/3775/2483 2429/3684/2299
f 2588/3776/2447 2624/3775/2483 2469/3774/2336
f 2368/3580/2243 2360/3379/2235 2589/3715/2448
f 2520/3600/2387 2292/3290/2171 2619/3769/2478
f 2625/3777/2484 2455/3506/2322 2626/3778/2485
f 2627/3779/2486 2606/3780/2465 2302/3484/2181
f 2545/3759/2404 2613/3761/2472 2628/3781/2487
f 2545/3759/2404 2628/3781/2487 2594/3782/2453
f 2627/3779/2486 2365/3389/2240 2480/3783/2347
f 2565/3676/2424 2598/3742/2457 2516/3596/2383
f 2471/3526/2338 2574/3692/2433 2622/3772/2481
f 2544/3648/2403 2328/3340/2203 2461/3513/2328
f 2609/3751/2468 2405/3437/2275 2611/3754/2470
f 2629/3784/2488 2431/3470/2301 2580/3765/2439
f 2629/3784/2488 2630/3785/2489 2431/3470/2301
f 2627/3779/2486 2302/3484/2181 2439/3485/2309
f 2621/3771/2480 2410/3442/2280 2581/3702/2440
f 2506/3583/2373 2631/3786/2490 2480/3538/2347
f 2428/3467/2298 2544/3648/2403 2632/3787/2491
f 2503/3578/2370 2442/3489/2312 2553/3657/2412
f 2607/3749/2466 2524/3604/2391 2435/3479/2305
f 2617/3767/2476 2335/3714/2210 2589/3715/2448
f 2470/3525/2337 2430/3469/2300 2618/3768/2477
f 2591/3717/2450 2605/3744/2464 2444/3788/2314
f 2505/3708/2372 2576/3789/2435 2633/3790/2492
f 2436/3480/2306 2567/3746/2426 2634/3791/2493
f 2443/3490/2313 2524/3604/2391 2635/3792/2494
f 2636/3793/2495 2615/3763/2474 2582/3703/2441
f 2486/3794/2353 2637/3795/2496 2528/3796/2393
f 2638/3797/2497 2528/3796/2393 2637/3795/2496
f 2532/3798/2396 2528/3796/2393 2638/3797/2497
f 2489/3669/2356 2464/3799/2331 2639/3800/2498
f 2640/3801/2499 2453/3502/2320 2514/3594/2381
f 2641/3802/2500 2590/3716/2449 2551/3655/2410
f 2578/3698/2437 2549/3653/2408 2612/3803/2471
f 2422/3459/2292 2543/3647/2402 2642/3804/2501
f 2623/3773/2482 2608/3750/2467 2456/3507/2323
f 2595/3732/2454 2563/3674/2422 2643/3805/2502
f 2644/3806/2503 2503/3578/2370 2553/3657/2412
f 2413/3446/2283 2601/3739/2460 2596/3807/2455
f 2583/3704/2442 2645/3808/2504 2616/3764/2475
f 2583/3704/2442 2429/3684/2299 2624/3775/2483
f 2419/3456/2289 2431/3470/2301 2630/3785/2489
f 2602/3740/2461 2557/3665/2416 2646/3809/2505
f 2605/3744/2464 2647/3810/2506 2444/3788/2314
f 2605/3755/2464 2520/3600/2387 2619/3769/2478
f 2648/3811/2507 2453/3502/2320 2640/3801/2499
f 2649/3812/2508 2404/3695/2274 2568/3813/2427
f 2436/3480/2306 2634/3791/2493 2506/3583/2373
f 2643/3805/2502 2563/3674/2422 2598/3736/2457
f 2323/3333/2198 2569/3680/2428 2650/3814/2509
f 2611/3754/2470 2590/3716/2449 2651/3815/2510
f 2630/3785/2489 2592/3723/2451 2419/3456/2289
f 2647/3816/2506 2486/3817/2353 2444/3818/2314
f 2360/3379/2235 2618/3768/2477 2589/3715/2448
f 2652/3819/2511 2504/3579/2371 2599/3737/2458
f 2626/3778/2485 2455/3506/2322 2559/3667/2418
f 2443/3490/2313 2635/3792/2494 2556/3663/2415
f 2636/3793/2495 2582/3703/2441 2602/3740/2461
f 2557/3665/2416 2489/3669/2356 2639/3800/2498
f 2439/3485/2309 2365/3389/2240 2627/3779/2486
f 2622/3772/2481 2574/3692/2433 2653/3820/2512
f 2654/3821/2513 2627/3779/2486 2480/3783/2347
f 2614/3822/2473 2571/3756/2430 2655/3823/2514
f 2565/3676/2424 2422/3459/2292 2656/3824/2515
f 2573/3691/2432 2603/3741/2462 2551/3655/2410
f 2578/3698/2437 2607/3825/2466 2481/3571/2348
f 2650/3814/2509 2564/3675/2423 2323/3333/2198
f 2604/3743/2463 2552/3656/2411 2594/3731/2453
f 2619/3769/2478 2504/3579/2371 2652/3819/2511
f 2646/3809/2505 2557/3665/2416 2657/3826/2516
f 2618/3768/2477 2430/3469/2300 2658/3827/2517
f 2576/3696/2435 2404/3695/2274 2649/3812/2508
f 2574/3692/2433 2510/3590/2377 2653/3820/2512
f 2584/3705/2443 2418/3455/2288 2600/3738/2459
f 2657/3826/2516 2557/3665/2416 2639/3800/2498
f 2655/3823/2514 2571/3756/2430 2615/3763/2474
f 2542/3645/2401 2634/3828/2493 2567/3678/2426
f 2647/3810/2506 2605/3744/2464 2619/3829/2478
f 2498/3572/2365 2452/3501/2319 2659/3830/2518
f 2624/3775/2483 2645/3808/2504 2583/3704/2442
f 2624/3775/2483 2588/3776/2447 2660/3831/2519
f 2617/3767/2476 2589/3715/2448 2661/3832/2520
f 2635/3792/2494 2524/3604/2391 2607/3749/2466
f 2658/3827/2517 2430/3469/2300 2547/3651/2406
f 2453/3502/2320 2648/3811/2507 2662/3833/2521
f 2587/3712/2446 2663/3834/2522 2664/3835/2523
f 2505/3708/2372 2633/3790/2492 2585/3706/2444
f 2587/3712/2446 2592/3723/2451 2663/3834/2522
f 2587/3712/2446 2664/3835/2523 2459/3510/2326
f 2620/3770/2479 2459/3510/2326 2664/3835/2523
f 2559/3710/2418 2502/3577/2369 2665/3836/2524
f 2593/3760/2452 2614/3822/2473 2613/3761/2472
f 2644/3806/2503 2553/3657/2412 2586/3711/2445
f 2647/3816/2506 2619/3837/2478 2652/3838/2511
f 2666/3839/2525 2547/3707/2406 2585/3706/2444
f 2455/3506/2322 2625/3777/2484 2667/3840/2526
f 2397/3745/2267 2455/3506/2322 2667/3840/2526
f 2495/3568/2362 2453/3502/2320 2662/3833/2521
f 2506/3841/2373 2668/3842/2527 2631/3843/2490
f 2669/3844/2528 2637/3845/2496 2486/3817/2353
f 2543/3647/2402 2518/3598/2385 2670/3846/2529
f 2597/3735/2456 2670/3846/2529 2518/3598/2385
f 2647/3816/2506 2671/3847/2530 2486/3817/2353
f 2626/3778/2485 2559/3667/2418 2672/3848/2531
f 2621/3771/2480 2673/3849/2532 2554/3659/2413
f 2510/3590/2377 2554/3659/2413 2653/3820/2512
f 2653/3820/2512 2554/3659/2413 2673/3849/2532
f 2620/3770/2479 2634/3828/2493 2542/3645/2401
f 2612/3803/2471 2607/3825/2466 2578/3698/2437
f 2659/3830/2518 2452/3501/2319 2595/3732/2454
f 2584/3705/2443 2674/3850/2533 2548/3652/2407
f 2622/3772/2481 2675/3851/2534 2577/3697/2436
f 2604/3852/2463 2594/3782/2453 2676/3853/2535
f 2656/3824/2515 2422/3459/2292 2642/3804/2501
f 2604/3852/2463 2629/3784/2488 2580/3765/2439
f 2677/3854/2536 2606/3780/2465 2627/3779/2486
f 2678/3855/2537 2600/3738/2459 2556/3663/2415
f 2612/3803/2471 2679/3856/2538 2607/3825/2466
f 2680/3857/2539 2681/3858/2540 2629/3784/2488
f 2661/3832/2520 2682/3859/2541 2617/3767/2476
f 2579/3699/2438 2546/3650/2405 2683/3860/2542
f 2655/3823/2514 2615/3763/2474 2684/3861/2543
f 2544/3648/2403 2461/3513/2328 2632/3787/2491
f 2671/3847/2530 2647/3816/2506 2652/3838/2511
f 2581/3702/2440 2495/3568/2362 2662/3833/2521
f 2685/3862/2544 2606/3747/2465 2677/3863/2536
f 2499/3573/2366 2464/3516/2331 2509/3589/2376
f 2480/3864/2347 2631/3843/2490 2654/3865/2513
f 2669/3844/2528 2486/3817/2353 2671/3847/2530
f 2634/3791/2493 2668/3866/2527 2506/3583/2373
f 2686/3867/2545 2551/3655/2410 2603/3741/2462
f 2616/3764/2475 2644/3806/2503 2586/3711/2445
f 2681/3858/2540 2680/3857/2539 2687/3868/2546
f 2595/3732/2454 2643/3805/2502 2688/3869/2547
f 2629/3784/2488 2676/3853/2535 2680/3857/2539
f 2658/3870/2517 2547/3707/2406 2666/3839/2525
f 2681/3858/2540 2663/3834/2522 2629/3784/2488
f 2630/3785/2489 2629/3784/2488 2663/3834/2522
f 2615/3763/2474 2636/3793/2495 2689/3871/2548
f 2568/3679/2427 2606/3747/2465 2690/3872/2549
f 2464/3799/2331 2499/3873/2366 2691/3874/2550
f 2559/3667/2418 2665/3875/2524 2672/3848/2531
f 2592/3723/2451 2630/3785/2489 2663/3834/2522
f 2655/3823/2514 2613/3761/2472 2614/3822/2473
f 2541/3876/2400 2532/3877/2396 2692/3878/2551
f 2513/3593/2380 2498/3572/2365 2693/3879/2552
f 2598/3742/2457 2565/3676/2424 2694/3880/2553
f 2678/3855/2537 2556/3663/2415 2635/3792/2494
f 2676/3853/2535 2594/3782/2453 2628/3781/2487
f 2629/3784/2488 2604/3852/2463 2676/3853/2535
f 2615/3763/2474 2695/3881/2554 2696/3882/2555
f 2632/3787/2491 2461/3513/2328 2697/3883/2556
f 2681/3858/2540 2668/3842/2527 2663/3834/2522
f 2671/3847/2530 2652/3838/2511 2669/3844/2528
f 2548/3652/2407 2698/3884/2557 2575/3693/2434
f 2428/3467/2298 2632/3787/2491 2699/3885/2558
f 2579/3699/2438 2700/3886/2559 2597/3735/2456
f 2588/3776/2447 2701/3887/2560 2660/3831/2519
f 2651/3815/2510 2590/3716/2449 2641/3802/2500
f 2639/3800/2498 2702/3888/2561 2657/3826/2516
f 2649/3812/2508 2568/3813/2427 2690/3889/2549
f 2599/3737/2458 2575/3693/2434 2698/3884/2557
f 2641/3802/2500 2551/3655/2410 2686/3867/2545
f 2664/3835/2523 2634/3828/2493 2620/3770/2479
f 2541/3890/2400 2692/3891/2551 2703/3892/2562
f 2464/3799/2331 2691/3874/2550 2639/3800/2498
f 2600/3738/2459 2674/3850/2533 2584/3705/2443
f 2668/3842/2527 2654/3865/2513 2631/3843/2490
f 2565/3676/2424 2656/3824/2515 2704/3893/2563
f 2686/3867/2545 2603/3741/2462 2608/3750/2467
f 2656/3824/2515 2642/3804/2501 2705/3894/2564
f 2623/3773/2482 2503/3578/2370 2706/3895/2565
f 2679/3856/2538 2678/3896/2537 2607/3825/2466
f 2635/3792/2494 2607/3749/2466 2678/3855/2537
f 2616/3764/2475 2645/3808/2504 2707/3897/2566
f 2564/3675/2423 2650/3814/2509 2601/3739/2460
f 2502/3577/2369 2428/3467/2298 2699/3885/2558
f 2602/3740/2461 2646/3809/2505 2708/3898/2567
f 2669/3844/2528 2709/3899/2568 2637/3845/2496
f 2664/3835/2523 2663/3834/2522 2668/3842/2527
f 2634/3828/2493 2664/3835/2523 2668/3842/2527
f 2659/3830/2518 2595/3732/2454 2688/3869/2547
f 2548/3652/2407 2674/3850/2533 2710/3900/2569
f 2711/3901/2570 2668/3842/2527 2681/3858/2540
f 2712/3902/2571 2654/3865/2513 2668/3842/2527
f 2643/3805/2502 2598/3736/2457 2713/3903/2572
f 2674/3850/2533 2600/3738/2459 2678/3855/2537
f 2706/3895/2565 2503/3578/2370 2644/3806/2503
f 2560/3752/2419 2609/3904/2468 2610/3753/2469
f 2588/3766/2447 2617/3767/2476 2714/3905/2573
f 2715/3906/2574 2680/3857/2539 2676/3853/2535
f 2716/3907/2575 2589/3715/2448 2618/3768/2477
f 2695/3881/2554 2615/3763/2474 2689/3871/2548
f 2698/3908/2557 2669/3909/2528 2652/3910/2511
f 2696/3882/2555 2684/3861/2543 2615/3763/2474
f 2698/3884/2557 2652/3819/2511 2599/3737/2458
f 2687/3868/2546 2711/3901/2570 2681/3858/2540
f 2514/3594/2381 2513/3593/2380 2717/3911/2576
f 2640/3801/2499 2514/3594/2381 2717/3911/2576
f 2532/3798/2396 2638/3797/2497 2692/3912/2551
f 2718/3913/2577 2704/3893/2563 2656/3824/2515
f 2704/3893/2563 2694/3880/2553 2565/3676/2424
f 2719/3914/2578 2608/3750/2467 2623/3773/2482
f 2719/3914/2578 2623/3773/2482 2706/3895/2565
f 2541/3915/2400 2679/3856/2538 2612/3803/2471
f 2683/3860/2542 2546/3650/2405 2610/3753/2469
f 2624/3775/2483 2720/3916/2579 2645/3808/2504
f 2673/3849/2532 2621/3771/2480 2721/3917/2580
f 2677/3854/2536 2627/3779/2486 2654/3821/2513
f 2722/3918/2581 2714/3905/2573 2617/3767/2476
f 2601/3919/2460 2723/3920/2582 2596/3734/2455
f 2722/3918/2581 2617/3767/2476 2682/3859/2541
f 2724/3921/2583 2618/3768/2477 2658/3827/2517
f 2646/3809/2505 2657/3826/2516 2708/3898/2567
f 2633/3922/2492 2576/3696/2435 2649/3812/2508
f 2685/3862/2544 2690/3872/2549 2606/3747/2465
f 2667/3840/2526 2625/3777/2484 2725/3923/2584
f 2684/3861/2543 2726/3924/2585 2715/3906/2574
f 2715/3906/2574 2687/3868/2546 2680/3857/2539
f 2698/3884/2557 2548/3652/2407 2710/3900/2569
f 2655/3823/2514 2727/3925/2586 2613/3761/2472
f 2718/3913/2577 2656/3824/2515 2705/3894/2564
f 2728/3926/2587 2569/3680/2428 2577/3697/2436
f 2541/3915/2400 2729/3927/2588 2679/3856/2538
f 2730/3928/2589 2731/3929/2590 2609/3751/2468
f 2622/3772/2481 2653/3820/2512 2675/3851/2534
f 2628/3781/2487 2613/3761/2472 2727/3925/2586
f 2665/3836/2524 2502/3577/2369 2699/3885/2558
f 2727/3925/2586 2715/3906/2574 2676/3853/2535
f 2709/3899/2568 2698/3930/2557 2732/3931/2591
f 2598/3736/2457 2694/3932/2553 2713/3903/2572
f 2708/3898/2567 2657/3826/2516 2702/3888/2561
f 2667/3840/2526 2691/3874/2550 2397/3745/2267
f 2733/3933/2592 2711/3901/2570 2687/3868/2546
f 2611/3754/2470 2730/3928/2589 2609/3751/2468
f 2711/3901/2570 2733/3933/2592 2734/3934/2593
f 2660/3831/2519 2701/3887/2560 2624/3775/2483
f 2662/3833/2521 2648/3811/2507 2735/3935/2594
f 2621/3771/2480 2736/3936/2595 2737/3937/2596
f 2698/3930/2557 2709/3899/2568 2669/3844/2528
f 2661/3938/2520 2701/3887/2560 2682/3939/2541
f 2738/3940/2597 2661/3938/2520 2716/3941/2575
f 2716/3907/2575 2661/3832/2520 2589/3715/2448
f 2677/3942/2536 2739/3943/2598 2685/3944/2544
f 2676/3853/2535 2628/3781/2487 2727/3925/2586
f 2674/3945/2533 2740/3946/2599 2710/3947/2569
f 2684/3861/2543 2715/3906/2574 2655/3823/2514
f 2692/3891/2551 2740/3948/2599 2703/3892/2562
f 2729/3927/2588 2541/3915/2400 2703/3949/2562
f 2675/3851/2534 2728/3926/2587 2577/3697/2436
f 2643/3805/2502 2713/3903/2572 2741/3950/2600
f 2610/3753/2469 2609/3904/2468 2731/3951/2590
f 2679/3856/2538 2729/3927/2588 2678/3896/2537
f 2650/3952/2509 2742/3953/2601 2601/3954/2460
f 2624/3775/2483 2701/3887/2560 2720/3916/2579
f 2637/3845/2496 2709/3899/2568 2732/3931/2591
f 2637/3845/2496 2732/3931/2591 2638/3955/2497
f 2698/3956/2557 2638/3957/2497 2732/3958/2591
f 2588/3776/2447 2682/3939/2541 2701/3887/2560
f 2698/3959/2557 2710/3960/2569 2638/3961/2497
f 2461/3513/2328 2596/3734/2455 2743/3962/2602
f 2461/3513/2328 2743/3962/2602 2697/3883/2556
f 2696/3882/2555 2726/3924/2585 2684/3861/2543
f 2621/3771/2480 2581/3702/2440 2744/3963/2603
f 2498/3572/2365 2659/3830/2518 2745/3964/2604
f 2745/3964/2604 2693/3879/2552 2498/3572/2365
f 2746/3965/2605 2715/3906/2574 2726/3924/2585
f 2715/3906/2574 2727/3925/2586 2655/3823/2514
f 2747/3966/2606 2642/3804/2501 2543/3647/2402
f 2741/3950/2600 2688/3869/2547 2643/3805/2502
f 2608/3750/2467 2719/3914/2578 2686/3867/2545
f 2616/3764/2475 2707/3897/2566 2644/3806/2503
f 2740/3967/2599 2678/3896/2537 2729/3927/2588
f 2645/3808/2504 2748/3968/2607 2707/3897/2566
f 2749/3969/2608 2611/3754/2470 2651/3815/2510
f 2648/3811/2507 2640/3801/2499 2735/3935/2594
f 2701/3887/2560 2661/3938/2520 2738/3940/2597
f 2638/3970/2497 2710/3947/2569 2692/3971/2551
f 2711/3901/2570 2712/3902/2571 2668/3842/2527
f 2692/3971/2551 2710/3947/2569 2740/3946/2599
f 2642/3804/2501 2747/3966/2606 2705/3894/2564
f 2729/3927/2588 2703/3949/2562 2740/3967/2599
f 2750/3972/2609 2641/3802/2500 2686/3867/2545
f 2740/3967/2599 2674/3973/2533 2678/3896/2537
f 2700/3886/2559 2751/3974/2610 2597/3735/2456
f 2715/3906/2574 2733/3933/2592 2687/3868/2546
f 2651/3815/2510 2641/3802/2500 2752/3975/2611
f 2744/3963/2603 2581/3702/2440 2662/3833/2521
f 2723/3976/2582 2601/3954/2460 2742/3953/2601
f 2725/3923/2584 2625/3777/2484 2626/3778/2485
f 2690/3889/2549 2753/3977/2612 2649/3812/2508
f 2726/3924/2585 2696/3882/2555 2746/3965/2605
f 2736/3936/2595 2621/3771/2480 2744/3963/2603
f 2733/3933/2592 2715/3906/2574 2746/3965/2605
f 2686/3867/2545 2719/3914/2578 2750/3972/2609
f 2754/3978/2613 2653/3820/2512 2673/3849/2532
f 2752/3975/2611 2749/3969/2608 2651/3815/2510
f 2588/3979/2447 2714/3980/2573 2682/3981/2541
f 2755/3982/2614 2654/3865/2513 2712/3902/2571
f 2659/3830/2518 2688/3869/2547 2756/3983/2615
f 2672/3848/2531 2665/3875/2524 2699/3984/2558
f 2653/3820/2512 2754/3978/2613 2675/3851/2534
f 2397/3745/2267 2691/3874/2550 2499/3873/2366
f 2747/3966/2606 2543/3647/2402 2757/3985/2616
f 2641/3802/2500 2750/3972/2609 2752/3975/2611
f 2728/3926/2587 2650/3814/2509 2569/3680/2428
f 2700/3886/2559 2579/3699/2438 2683/3860/2542
f 2618/3768/2477 2724/3921/2583 2758/3986/2617
f 2636/3793/2495 2602/3740/2461 2759/3987/2618
f 2760/3988/2619 2733/3933/2592 2746/3965/2605
f 2610/3753/2469 2761/3989/2620 2683/3860/2542
f 2762/3990/2621 2725/3923/2584 2626/3778/2485
f 2722/3918/2581 2682/3859/2541 2714/3905/2573
f 2633/3922/2492 2649/3812/2508 2753/3977/2612
f 2689/3871/2548 2636/3793/2495 2759/3987/2618
f 2690/3889/2549 2685/3944/2544 2739/3943/2598
f 2719/3914/2578 2706/3895/2565 2763/3991/2622
f 2743/3962/2602 2596/3734/2455 2723/3920/2582
f 2764/3992/2623 2707/3897/2566 2765/3993/2624
f 2734/3934/2593 2755/3982/2614 2711/3901/2570
f 2765/3993/2624 2707/3897/2566 2748/3968/2607
f 2762/3990/2621 2626/3778/2485 2672/3848/2531
f 2766/3994/2625 2632/3787/2491 2697/3883/2556
f 2720/3916/2579 2701/3887/2560 2738/3940/2597
f 2717/3911/2576 2513/3593/2380 2693/3879/2552
f 2718/3913/2577 2767/3995/2626 2704/3893/2563
f 2673/3849/2532 2768/3996/2627 2754/3978/2613
f 2667/3840/2526 2769/3997/2628 2691/3874/2550
f 2757/3985/2616 2543/3647/2402 2670/3846/2529
f 2688/3869/2547 2741/3950/2600 2770/3998/2629
f 2771/3999/2630 2739/3943/2598 2677/3942/2536
f 2611/3754/2470 2749/3969/2608 2730/3928/2589
f 2707/3897/2566 2764/3992/2623 2644/3806/2503
f 2699/3885/2558 2632/3787/2491 2766/3994/2625
f 2734/3934/2593 2733/3933/2592 2772/4000/2631
f 2755/3982/2614 2712/3902/2571 2711/3901/2570
f 2716/3907/2575 2618/3768/2477 2758/3986/2617
f 2621/3771/2480 2737/3937/2596 2721/3917/2580
f 2694/3880/2553 2704/3893/2563 2773/4001/2632
f 2768/3996/2627 2673/3849/2532 2721/3917/2580
f 2702/3888/2561 2774/4002/2633 2708/3898/2567
f 2639/3800/2498 2775/4003/2634 2702/3888/2561
f 2776/4004/2635 2718/3913/2577 2705/3894/2564
f 2759/3987/2618 2602/3740/2461 2708/3898/2567
f 2650/3952/2509 2728/4005/2587 2742/3953/2601
f 2777/4006/2636 2764/3992/2623 2765/3993/2624
f 2777/4006/2636 2765/3993/2624 2778/4007/2637
f 2737/3937/2596 2736/3936/2595 2779/4008/2638
f 2672/3848/2531 2699/3984/2558 2780/4009/2639
f 2738/3940/2597 2716/3941/2575 2781/4010/2640
f 2767/3995/2626 2773/4001/2632 2704/3893/2563
f 2771/3999/2630 2677/3942/2536 2755/3982/2614
f 2670/3846/2529 2597/3735/2456 2751/3974/2610
f 2761/3989/2620 2610/3753/2469 2731/3951/2590
f 2755/3982/2614 2734/3934/2593 2772/4000/2631
f 2748/3968/2607 2645/3808/2504 2782/4011/2641
f 2752/3975/2611 2783/4012/2642 2749/3969/2608
f 2783/4012/2642 2752/3975/2611 2784/4013/2643
f 2666/3839/2525 2585/3706/2444 2785/4014/2644
f 2585/3706/2444 2633/3790/2492 2785/4014/2644
f 2746/3965/2605 2696/3882/2555 2695/3881/2554
f 2768/4015/2627 2721/4016/2580 2786/4017/2645
f 2688/3869/2547 2770/3998/2629 2756/3983/2615
f 2644/3806/2503 2764/3992/2623 2706/3895/2565
f 2787/4018/2646 2730/3928/2589 2749/3969/2608
f 2677/3942/2536 2654/3865/2513 2755/3982/2614
f 2749/3969/2608 2783/4012/2642 2787/4018/2646
f 2718/3913/2577 2776/4004/2635 2767/3995/2626
f 2713/3903/2572 2694/3932/2553 2788/4019/2647
f 2785/4014/2644 2658/3870/2517 2666/3839/2525
f 2721/4016/2580 2737/4020/2596 2786/4017/2645
f 2747/3966/2606 2789/4021/2648 2705/3894/2564
f 2731/3929/2590 2730/3928/2589 2787/4018/2646
f 2790/4022/2649 2777/4006/2636 2778/4007/2637
f 2743/3962/2602 2766/3994/2625 2697/3883/2556
f 2750/3972/2609 2791/4023/2650 2752/3975/2611
f 2766/4024/2625 2780/4009/2639 2699/3984/2558
f 2792/4025/2651 2717/3911/2576 2693/3879/2552
f 2713/3903/2572 2788/4019/2647 2793/4026/2652
f 2794/4027/2653 2639/3800/2498 2691/3874/2550
f 2675/4028/2534 2795/4029/2654 2728/4005/2587
f 2760/3988/2619 2796/4030/2655 2733/3933/2592
f 2797/4031/2656 2719/3914/2578 2763/3991/2622
f 2733/3933/2592 2796/4030/2655 2772/4000/2631
f 2723/3976/2582 2742/3953/2601 2798/4032/2657
f 2706/3895/2565 2764/3992/2623 2777/4006/2636
f 2645/3808/2504 2720/3916/2579 2782/4011/2641
f 2735/3935/2594 2640/3801/2499 2717/3911/2576
f 2708/3898/2567 2774/4002/2633 2799/4033/2658
f 2713/3903/2572 2789/4034/2648 2741/3950/2600
f 2790/4022/2649 2778/4007/2637 2800/4035/2659
f 2801/4036/2660 2765/3993/2624 2802/4037/2661
f 2753/3977/2612 2690/3889/2549 2739/3943/2598
f 2803/4038/2662 2783/4012/2642 2784/4013/2643
f 2780/4009/2639 2762/3990/2621 2672/3848/2531
f 2775/4003/2634 2639/3800/2498 2794/4027/2653
f 2708/3898/2567 2799/4033/2658 2759/3987/2618
f 2760/3988/2619 2746/3965/2605 2695/3881/2554
f 2804/4039/2663 2675/4028/2534 2754/4040/2613
f 2719/3914/2578 2805/4041/2664 2750/3972/2609
f 2659/3830/2518 2756/3983/2615 2806/4042/2665
f 2800/4035/2659 2807/4043/2666 2790/4022/2649
f 2745/3964/2604 2659/3830/2518 2806/4042/2665
f 2778/4007/2637 2765/3993/2624 2801/4036/2660
f 2772/4000/2631 2771/3999/2630 2755/3982/2614
f 2808/4044/2667 2748/3968/2607 2782/4011/2641
f 2735/3935/2594 2717/3911/2576 2809/4045/2668
f 2748/3968/2607 2802/4037/2661 2765/3993/2624
f 2738/3940/2597 2781/4010/2640 2810/4046/2669
f 2803/4038/2662 2787/4018/2646 2783/4012/2642
f 2811/4047/2670 2658/3870/2517 2785/4014/2644
f 2793/4026/2652 2789/4034/2648 2713/3903/2572
f 2797/4031/2656 2807/4043/2666 2805/4041/2664
f 2807/4043/2666 2797/4031/2656 2790/4022/2649
f 2812/4048/2671 2700/3886/2559 2683/3860/2542
f 2813/4049/2672 2785/4050/2644 2633/3922/2492
f 2706/3895/2565 2777/4006/2636 2763/3991/2622
f 2743/4051/2602 2723/3976/2582 2798/4032/2657
f 2791/4023/2650 2784/4013/2643 2752/3975/2611
f 2773/4052/2632 2788/4019/2647 2694/3932/2553
f 2737/4020/2596 2779/4053/2638 2786/4017/2645
f 2724/4054/2583 2658/3870/2517 2811/4047/2670
f 2705/4055/2564 2789/4034/2648 2814/4056/2673
f 2741/3950/2600 2789/4034/2648 2815/4057/2674
f 2794/4027/2653 2691/3874/2550 2816/4058/2675
f 2797/4031/2656 2805/4041/2664 2719/3914/2578
f 2795/4029/2654 2742/3953/2601 2728/4005/2587
f 2797/4031/2656 2763/3991/2622 2790/4022/2649
f 2763/3991/2622 2777/4006/2636 2790/4022/2649
f 2813/4049/2672 2633/3922/2492 2753/3977/2612
f 2725/3923/2584 2762/3990/2621 2817/4059/2676
f 2693/3879/2552 2745/3964/2604 2792/4025/2651
f 2818/4060/2677 2778/4007/2637 2801/4036/2660
f 2819/4061/2678 2667/3840/2526 2725/3923/2584
f 2776/4004/2635 2705/3894/2564 2814/4062/2673
f 2716/4063/2575 2758/4064/2617 2820/4065/2679
f 2754/4040/2613 2768/4015/2627 2821/4066/2680
f 2769/3997/2628 2816/4058/2675 2691/3874/2550
f 2725/3923/2584 2817/4059/2676 2819/4061/2678
f 2753/3977/2612 2739/3943/2598 2822/4067/2681
f 2784/4013/2643 2823/4068/2682 2803/4038/2662
f 2791/4023/2650 2824/4069/2683 2784/4013/2643
f 2716/3941/2575 2820/4070/2679 2781/4010/2640
f 2815/4071/2674 2789/4021/2648 2747/3966/2606
f 2825/4072/2684 2695/3881/2554 2689/3871/2548
f 2751/3974/2610 2826/4073/2685 2670/3846/2529
f 2827/4074/2686 2743/4051/2602 2798/4032/2657
f 2766/4024/2625 2743/4051/2602 2827/4074/2686
f 2739/3943/2598 2771/3999/2630 2772/4000/2631
f 2792/4025/2651 2809/4045/2668 2717/3911/2576
f 2817/4059/2676 2762/3990/2621 2827/4074/2686
f 2748/3968/2607 2808/4044/2667 2802/4037/2661
f 2768/4015/2627 2828/4075/2687 2821/4066/2680
f 2805/4041/2664 2791/4023/2650 2750/3972/2609
f 2793/4026/2652 2814/4056/2673 2789/4034/2648
f 2829/4076/2688 2731/3929/2590 2787/4018/2646
f 2800/4035/2659 2778/4007/2637 2818/4060/2677
f 2773/4001/2632 2767/3995/2626 2830/4077/2689
f 2744/3963/2603 2662/3833/2521 2831/4078/2690
f 2662/3833/2521 2735/3935/2594 2832/4079/2691
f 2828/4075/2687 2768/4015/2627 2786/4017/2645
f 2758/4064/2617 2724/4054/2583 2820/4065/2679
f 2804/4039/2663 2795/4029/2654 2675/4028/2534
f 2804/4039/2663 2754/4040/2613 2833/4080/2692
f 2745/3964/2604 2806/4042/2665 2834/4081/2693
f 2742/3953/2601 2795/4029/2654 2798/4032/2657
f 2739/3943/2598 2835/4082/2694 2822/4067/2681
f 2823/4068/2682 2784/4013/2643 2824/4069/2683
f 2818/4060/2677 2836/4083/2695 2800/4035/2659
f 2798/4032/2657 2817/4059/2676 2827/4074/2686
f 2830/4084/2689 2788/4019/2647 2773/4052/2632
f 2738/3940/2597 2810/4046/2669 2720/3916/2579
f 2770/3998/2629 2741/3950/2600 2815/4057/2674
f 2780/4009/2639 2766/4024/2625 2827/4074/2686
f 2780/4009/2639 2827/4074/2686 2762/3990/2621
f 2689/3871/2548 2759/3987/2618 2837/4085/2696
f 2683/3860/2542 2761/3989/2620 2838/4086/2697
f 2791/4023/2650 2805/4041/2664 2807/4043/2666
f 2839/4087/2698 2807/4043/2666 2800/4035/2659
f 2800/4035/2659 2836/4083/2695 2840/4088/2699
f 2791/4023/2650 2839/4087/2698 2824/4069/2683
f 2788/4019/2647 2814/4056/2673 2793/4026/2652
f 2820/4065/2679 2724/4054/2583 2811/4047/2670
f 2769/3997/2628 2667/3840/2526 2841/4089/2700
f 2817/4059/2676 2842/4090/2701 2819/4061/2678
f 2843/4091/2702 2819/4061/2678 2842/4090/2701
f 2795/4029/2654 2842/4090/2701 2817/4059/2676
f 2795/4029/2654 2817/4059/2676 2798/4032/2657
f 2807/4043/2666 2839/4087/2698 2791/4023/2650
f 2736/3936/2595 2744/3963/2603 2831/4078/2690
f 2809/4045/2668 2844/4092/2703 2735/3935/2594
f 2831/4078/2690 2662/3833/2521 2832/4079/2691
f 2845/4093/2704 2828/4075/2687 2786/4017/2645
f 2819/4061/2678 2846/4094/2705 2667/3840/2526
f 2700/3886/2559 2812/4048/2671 2847/4095/2706
f 2848/4096/2707 2702/3888/2561 2775/4003/2634
f 2821/4066/2680 2849/4097/2708 2850/4098/2709
f 2821/4066/2680 2833/4080/2692 2754/4040/2613
f 2787/4018/2646 2803/4038/2662 2829/4076/2688
f 2782/4011/2641 2720/3916/2579 2808/4044/2667
f 2806/4042/2665 2756/3983/2615 2770/3998/2629
f 2757/3985/2616 2670/3846/2529 2826/4073/2685
f 2792/4025/2651 2745/3964/2604 2851/4099/2710
f 2739/3943/2598 2772/4000/2631 2852/4100/2711
f 2753/3977/2612 2822/4067/2681 2813/4049/2672
f 2767/3995/2626 2776/4004/2635 2814/4062/2673
f 2843/4091/2702 2846/4094/2705 2819/4061/2678
f 2786/4017/2645 2779/4053/2638 2853/4101/2712
f 2846/4094/2705 2841/4089/2700 2667/3840/2526
f 2695/3881/2554 2854/4102/2713 2760/3988/2619
f 2796/4030/2655 2852/4100/2711 2772/4000/2631
f 2812/4048/2671 2683/3860/2542 2838/4086/2697
f 2823/4068/2682 2824/4069/2683 2855/4103/2714
f 2804/4039/2663 2833/4080/2692 2795/4029/2654
f 2800/4035/2659 2840/4088/2699 2839/4087/2698
f 2830/4084/2689 2814/4056/2673 2788/4019/2647
f 2853/4104/2712 2779/4008/2638 2736/3936/2595
f 2806/4042/2665 2770/3998/2629 2815/4057/2674
f 2845/4093/2704 2786/4017/2645 2853/4101/2712
f 2794/4027/2653 2816/4058/2675 2856/4105/2715
f 2751/3974/2610 2700/3886/2559 2847/4095/2706
f 2825/4072/2684 2689/3871/2548 2837/4085/2696
f 2761/4106/2620 2731/3929/2590 2829/4076/2688
f 2795/4029/2654 2857/4107/2716 2842/4090/2701
f 2813/4049/2672 2858/4108/2717 2785/4050/2644
f 2814/4062/2673 2830/4077/2689 2767/3995/2626
f 2720/3916/2579 2810/4046/2669 2808/4044/2667
f 2859/4109/2718 2860/4110/2719 2846/4094/2705
f 2846/4094/2705 2860/4110/2719 2841/4089/2700
f 2861/4111/2720 2785/4050/2644 2858/4108/2717
f 2833/4080/2692 2857/4107/2716 2795/4029/2654
f 2774/4002/2633 2702/3888/2561 2848/4096/2707
f 2759/3987/2618 2799/4033/2658 2862/4112/2721
f 2735/3935/2594 2844/4092/2703 2832/4079/2691
f 2821/4066/2680 2863/4113/2722 2849/4097/2708
f 2811/4114/2670 2785/4050/2644 2861/4111/2720
f 2833/4080/2692 2821/4066/2680 2857/4107/2716
f 2816/4058/2675 2769/3997/2628 2841/4089/2700
f 2850/4098/2709 2857/4107/2716 2821/4066/2680
f 2818/4060/2677 2801/4036/2660 2864/4115/2723
f 2857/4107/2716 2843/4091/2702 2842/4090/2701
f 2792/4025/2651 2865/4116/2724 2809/4045/2668
f 2747/3966/2606 2866/4117/2725 2815/4071/2674
f 2867/4118/2726 2866/4117/2725 2747/3966/2606
f 2843/4091/2702 2859/4109/2718 2846/4094/2705
f 2757/3985/2616 2867/4118/2726 2747/3966/2606
f 2863/4113/2722 2821/4066/2680 2828/4075/2687
f 2854/4102/2713 2695/3881/2554 2868/4119/2727
f 2739/3943/2598 2852/4100/2711 2835/4082/2694
f 2799/4033/2658 2774/4002/2633 2869/4120/2728
f 2824/4069/2683 2870/4121/2729 2855/4103/2714
f 2859/4109/2718 2857/4107/2716 2850/4098/2709
f 2839/4087/2698 2870/4121/2729 2824/4069/2683
f 2836/4083/2695 2871/4122/2730 2840/4088/2699
f 2843/4091/2702 2857/4107/2716 2859/4109/2718
f 2858/4108/2717 2813/4049/2672 2822/4067/2681
f 2831/4078/2690 2853/4104/2712 2736/3936/2595
f 2860/4110/2719 2872/4123/2731 2841/4089/2700
f 2841/4089/2700 2856/4105/2715 2816/4058/2675
f 2820/4065/2679 2811/4047/2670 2873/4124/2732
f 2848/4096/2707 2869/4120/2728 2774/4002/2633
f 2812/4048/2671 2838/4086/2697 2874/4125/2733
f 2840/4088/2699 2870/4121/2729 2839/4087/2698
f 2835/4082/2694 2875/4126/2734 2858/4108/2717
f 2835/4082/2694 2858/4108/2717 2822/4067/2681
f 2845/4093/2704 2853/4101/2712 2876/4127/2735
f 2873/4128/2732 2811/4114/2670 2861/4111/2720
f 2877/4129/2736 2745/3964/2604 2834/4081/2693
f 2745/3964/2604 2877/4129/2736 2851/4099/2710
f 2796/4030/2655 2760/3988/2619 2854/4102/2713
f 2823/4068/2682 2855/4103/2714 2878/4130/2737
f 2869/4120/2728 2862/4112/2721 2799/4033/2658
f 2836/4083/2695 2818/4060/2677 2871/4122/2730
f 2837/4085/2696 2879/4131/2738 2825/4072/2684
f 2880/4132/2739 2818/4060/2677 2864/4115/2723
f 2695/3881/2554 2825/4072/2684 2868/4119/2727
f 2796/4030/2655 2854/4102/2713 2881/4133/2740
f 2875/4126/2734 2835/4082/2694 2882/4134/2741
f 2837/4085/2696 2759/3987/2618 2862/4112/2721
f 2828/4075/2687 2845/4093/2704 2876/4127/2735
f 2870/4121/2729 2840/4088/2699 2883/4135/2742
f 2884/4136/2743 2751/3974/2610 2847/4095/2706
f 2849/4097/2708 2863/4113/2722 2885/4137/2744
f 2864/4115/2723 2886/4138/2745 2880/4132/2739
f 2847/4095/2706 2812/4048/2671 2874/4125/2733
f 2803/4038/2662 2823/4068/2682 2878/4130/2737
f 2794/4027/2653 2848/4096/2707 2775/4003/2634
f 2826/4073/2685 2751/3974/2610 2887/4139/2746
f 2888/4140/2747 2864/4115/2723 2801/4036/2660
f 2881/4133/2740 2852/4100/2711 2796/4030/2655
f 2781/4010/2640 2820/4070/2679 2810/4046/2669
f 2852/4100/2711 2882/4134/2741 2835/4082/2694
f 2809/4045/2668 2865/4116/2724 2844/4092/2703
f 2889/4141/2748 2794/4027/2653 2856/4105/2715
f 2866/4142/2725 2806/4042/2665 2815/4057/2674
f 2861/4111/2720 2858/4108/2717 2875/4126/2734
f 2875/4126/2734 2882/4134/2741 2890/4143/2749
f 2876/4127/2735 2863/4113/2722 2828/4075/2687
f 2849/4097/2708 2885/4137/2744 2891/4144/2750
f 2849/4097/2708 2892/4145/2751 2850/4098/2709
f 2801/4036/2660 2802/4037/2661 2888/4140/2747
f 2860/4110/2719 2859/4109/2718 2893/4146/2752
f 2802/4037/2661 2808/4044/2667 2894/4147/2753
f 2808/4044/2667 2810/4046/2669 2894/4147/2753
f 2872/4123/2731 2895/4148/2754 2841/4089/2700
f 2896/4149/2755 2831/4078/2690 2832/4079/2691
f 2876/4127/2735 2853/4101/2712 2897/4150/2756
f 2871/4122/2730 2818/4060/2677 2898/4151/2757
f 2854/4102/2713 2868/4119/2727 2899/4152/2758
f 2872/4123/2731 2860/4110/2719 2893/4146/2752
f 2863/4113/2722 2900/4153/2759 2901/4154/2760
f 2757/4155/2616 2826/4156/2685 2902/4157/2761
f 2903/4158/2762 2810/4159/2669 2820/4160/2679
f 2837/4085/2696 2904/4161/2763 2879/4131/2738
f 2831/4078/2690 2896/4149/2755 2853/4104/2712
f 2885/4137/2744 2863/4113/2722 2901/4154/2760
f 2806/4042/2665 2866/4142/2725 2834/4081/2693
f 2867/4118/2726 2757/3985/2616 2902/4162/2761
f 2887/4139/2746 2751/3974/2610 2884/4136/2743
f 2886/4138/2745 2888/4140/2747 2905/4163/2764
f 2864/4115/2723 2888/4140/2747 2886/4138/2745
f 2894/4147/2753 2888/4140/2747 2802/4037/2661
f 2829/4076/2688 2803/4038/2662 2906/4164/2765
f 2893/4146/2752 2859/4109/2718 2850/4098/2709
f 2907/4165/2766 2832/4079/2691 2844/4092/2703
f 2856/4105/2715 2841/4089/2700 2895/4148/2754
f 2844/4092/2703 2865/4116/2724 2908/4166/2767
f 2897/4150/2756 2853/4101/2712 2896/4167/2755
f 2909/4168/2768 2910/4169/2769 2899/4152/2758
f 2861/4111/2720 2875/4126/2734 2911/4170/2770
f 2873/4128/2732 2912/4171/2771 2820/4160/2679
f 2901/4154/2760 2913/4172/2772 2885/4137/2744
f 2880/4132/2739 2898/4151/2757 2818/4060/2677
f 2849/4173/2708 2891/4174/2750 2892/4175/2751
f 2803/4038/2662 2878/4130/2737 2906/4164/2765
f 2899/4152/2758 2868/4119/2727 2914/4176/2773
f 2854/4102/2713 2910/4169/2769 2881/4133/2740
f 2907/4165/2766 2896/4149/2755 2832/4079/2691
f 2881/4133/2740 2882/4134/2741 2852/4100/2711
f 2910/4169/2769 2882/4134/2741 2881/4133/2740
f 2792/4025/2651 2915/4177/2774 2865/4116/2724
f 2916/4178/2775 2910/4169/2769 2909/4168/2768
f 2904/4161/2763 2837/4085/2696 2862/4112/2721
f 2862/4112/2721 2869/4120/2728 2917/4179/2776
f 2900/4153/2759 2863/4113/2722 2876/4127/2735
f 2914/4176/2773 2825/4072/2684 2879/4131/2738
f 2874/4180/2733 2838/4181/2697 2918/4182/2777
f 2868/4119/2727 2825/4072/2684 2914/4176/2773
f 2899/4152/2758 2910/4169/2769 2854/4102/2713
f 2898/4183/2757 2880/4184/2739 2919/4185/2778
f 2920/4186/2779 2847/4095/2706 2874/4125/2733
f 2921/4187/2780 2872/4123/2731 2893/4146/2752
f 2899/4152/2758 2914/4176/2773 2909/4168/2768
f 2861/4111/2720 2911/4170/2770 2912/4171/2771
f 2873/4128/2732 2861/4111/2720 2912/4171/2771
f 2910/4169/2769 2916/4178/2775 2882/4134/2741
f 2916/4178/2775 2890/4143/2749 2882/4134/2741
f 2907/4165/2766 2844/4092/2703 2922/4188/2781
f 2900/4153/2759 2907/4189/2766 2923/4190/2782
f 2897/4150/2756 2896/4167/2755 2907/4189/2766
f 2900/4153/2759 2897/4150/2756 2907/4189/2766
f 2921/4187/2780 2895/4148/2754 2872/4123/2731
f 2792/4025/2651 2851/4099/2710 2924/4191/2783
f 2918/4182/2777 2838/4181/2697 2761/4106/2620
f 2925/4192/2784 2911/4170/2770 2875/4126/2734
f 2875/4126/2734 2890/4143/2749 2925/4192/2784
f 2884/4136/2743 2847/4095/2706 2926/4193/2785
f 2847/4095/2706 2920/4186/2779 2926/4193/2785
f 2927/4194/2786 2866/4195/2725 2867/4196/2726
f 2894/4147/2753 2810/4046/2669 2903/4197/2762
f 2915/4177/2774 2792/4025/2651 2924/4191/2783
f 2876/4127/2735 2897/4150/2756 2900/4153/2759
f 2917/4179/2776 2904/4161/2763 2862/4112/2721
f 2906/4164/2765 2878/4130/2737 2928/4198/2787
f 2878/4130/2737 2929/4199/2788 2930/4200/2789
f 2878/4130/2737 2855/4103/2714 2929/4199/2788
f 2855/4103/2714 2870/4121/2729 2929/4199/2788
f 2834/4201/2693 2866/4195/2725 2927/4194/2786
f 2893/4146/2752 2850/4098/2709 2892/4145/2751
f 2931/4202/2790 2820/4160/2679 2912/4171/2771
f 2932/4203/2791 2912/4171/2771 2911/4170/2770
f 2761/4106/2620 2829/4076/2688 2933/4204/2792
f 2889/4141/2748 2848/4096/2707 2794/4027/2653
f 2922/4188/2781 2844/4092/2703 2908/4166/2767
f 2867/4196/2726 2902/4157/2761 2934/4205/2793
f 2867/4196/2726 2934/4205/2793 2927/4194/2786
f 2935/4206/2794 2913/4172/2772 2901/4154/2760
f 2883/4135/2742 2840/4088/2699 2936/4207/2795
f 2922/4208/2781 2923/4190/2782 2907/4189/2766
f 2900/4153/2759 2937/4209/2796 2901/4154/2760
f 2903/4158/2762 2820/4160/2679 2931/4202/2790
f 2913/4172/2772 2935/4206/2794 2938/4210/2797
f 2834/4201/2693 2927/4194/2786 2939/4211/2798
f 2916/4178/2775 2909/4168/2768 2940/4212/2799
f 2941/4213/2800 2856/4105/2715 2895/4148/2754
f 2761/4106/2620 2933/4204/2792 2942/4214/2801
f 2933/4204/2792 2829/4076/2688 2906/4164/2765
f 2943/4215/2802 2913/4172/2772 2938/4210/2797
f 2869/4120/2728 2848/4096/2707 2944/4216/2803
f 2871/4122/2730 2936/4207/2795 2840/4088/2699
f 2938/4210/2797 2945/4217/2804 2943/4215/2802
f 2826/4156/2685 2946/4218/2805 2902/4157/2761
f 2900/4153/2759 2923/4190/2782 2937/4209/2796
f 2851/4099/2710 2877/4129/2736 2947/4219/2806
f 2937/4209/2796 2948/4220/2807 2901/4154/2760
f 2856/4105/2715 2941/4213/2800 2889/4141/2748
f 2885/4137/2744 2913/4172/2772 2891/4144/2750
f 2891/4144/2750 2913/4172/2772 2949/4221/2808
f 2913/4172/2772 2943/4215/2802 2949/4221/2808
f 2932/4203/2791 2931/4202/2790 2912/4171/2771
f 2889/4141/2748 2944/4216/2803 2848/4096/2707
f 2886/4138/2745 2950/4222/2809 2880/4132/2739
f 2951/4223/2810 2952/4224/2811 2953/4225/2812
f 2920/4186/2779 2874/4125/2733 2954/4226/2813
f 2949/4221/2808 2943/4215/2802 2945/4217/2804
f 2942/4214/2801 2918/4182/2777 2761/4106/2620
f 2884/4136/2743 2926/4193/2785 2955/4227/2814
f 2951/4223/2810 2956/4228/2815 2945/4217/2804
f 2887/4229/2746 2946/4218/2805 2826/4156/2685
f 2888/4140/2747 2894/4147/2753 2905/4163/2764
f 2928/4198/2787 2878/4130/2737 2930/4200/2789
f 2939/4230/2798 2877/4129/2736 2834/4081/2693
f 2957/4231/2816 2946/4232/2805 2918/4182/2777
f 2891/4144/2750 2958/4233/2817 2892/4145/2751
f 2887/4139/2746 2884/4136/2743 2959/4234/2818
f 2952/4224/2811 2951/4223/2810 2960/4235/2819
f 2851/4099/2710 2947/4219/2806 2924/4191/2783
f 2894/4147/2753 2903/4197/2762 2905/4163/2764
f 2892/4145/2751 2961/4236/2820 2893/4146/2752
f 2935/4206/2794 2901/4154/2760 2948/4220/2807
f 2909/4168/2768 2914/4176/2773 2940/4212/2799
f 2918/4182/2777 2946/4232/2805 2874/4180/2733
f 2904/4161/2763 2962/4237/2821 2879/4131/2738
f 2957/4231/2816 2918/4182/2777 2942/4214/2801
f 2908/4166/2767 2865/4116/2724 2915/4177/2774
f 2944/4216/2803 2963/4238/2822 2869/4120/2728
f 2917/4179/2776 2869/4120/2728 2963/4238/2822
f 2887/4239/2746 2964/4240/2823 2946/4232/2805
f 2904/4161/2763 2917/4179/2776 2965/4241/2824
f 2945/4217/2804 2938/4210/2797 2960/4235/2819
f 2951/4223/2810 2945/4217/2804 2960/4235/2819
f 2870/4121/2729 2966/4242/2825 2929/4199/2788
f 2952/4224/2811 2967/4243/2826 2953/4225/2812
f 2961/4236/2820 2968/4244/2827 2893/4146/2752
f 2893/4146/2752 2968/4244/2827 2921/4187/2780
f 2940/4212/2799 2914/4176/2773 2962/4237/2821
f 2890/4143/2749 2916/4178/2775 2969/4245/2828
f 2962/4237/2821 2914/4176/2773 2879/4131/2738
f 2954/4246/2813 2874/4180/2733 2964/4240/2823
f 2880/4184/2739 2970/4247/2829 2919/4185/2778
f 2971/4248/2830 2950/4249/2809 2886/4250/2745
f 2971/4248/2830 2886/4250/2745 2905/4251/2764
f 2972/4252/2831 2973/4253/2832 2974/4254/2833
f 2925/4192/2784 2932/4203/2791 2911/4170/2770
f 2960/4235/2819 2938/4210/2797 2975/4255/2834
f 2951/4223/2810 2953/4225/2812 2956/4228/2815
f 2921/4187/2780 2953/4225/2812 2967/4243/2826
f 2976/4256/2835 2964/4240/2823 2887/4239/2746
f 2956/4228/2815 2949/4221/2808 2945/4217/2804
f 2946/4232/2805 2964/4240/2823 2874/4180/2733
f 2953/4225/2812 2921/4187/2780 2956/4228/2815
f 2870/4121/2729 2883/4135/2742 2966/4242/2825
f 2921/4187/2780 2967/4243/2826 2895/4148/2754
f 2923/4190/2782 2922/4208/2781 2974/4254/2833
f 2977/4257/2836 2877/4129/2736 2939/4230/2798
f 2923/4190/2782 2974/4254/2833 2937/4209/2796
f 2916/4178/2775 2940/4212/2799 2978/4258/2837
f 2925/4192/2784 2890/4143/2749 2969/4245/2828
f 2972/4252/2831 2979/4259/2838 2973/4253/2832
f 2979/4259/2838 2980/4260/2839 2973/4253/2832
f 2964/4240/2823 2976/4256/2835 2954/4246/2813
f 2962/4237/2821 2904/4161/2763 2981/4261/2840
f 2946/4232/2805 2957/4231/2816 2982/4262/2841
f 2977/4257/2836 2947/4219/2806 2877/4129/2736
f 2922/4188/2781 2908/4166/2767 2983/4263/2842
f 2941/4213/2800 2895/4148/2754 2984/4264/2843
f 2938/4210/2797 2935/4206/2794 2975/4255/2834
f 2985/4265/2844 2979/4259/2838 2927/4194/2786
f 2927/4194/2786 2979/4259/2838 2972/4252/2831
f 2927/4194/2786 2934/4205/2793 2985/4265/2844
f 2983/4263/2842 2908/4166/2767 2915/4177/2774
f 2884/4136/2743 2955/4227/2814 2959/4234/2818
f 2939/4211/2798 2927/4194/2786 2972/4252/2831
f 2903/4197/2762 2986/4266/2845 2905/4163/2764
f 2987/4267/2846 2922/4188/2781 2983/4263/2842
f 2948/4220/2807 2988/4268/2847 2935/4206/2794
f 2989/4269/2848 2972/4252/2831 2974/4254/2833
f 2969/4245/2828 2916/4178/2775 2978/4258/2837
f 2887/4239/2746 2959/4270/2818 2976/4256/2835
f 2963/4238/2822 2944/4216/2803 2889/4141/2748
f 2930/4200/2789 2990/4271/2849 2928/4198/2787
f 2967/4243/2826 2952/4224/2811 2991/4272/2850
f 2992/4273/2851 2967/4243/2826 2991/4272/2850
f 2970/4274/2829 2880/4132/2739 2950/4222/2809
f 2971/4248/2830 2905/4251/2764 2993/4275/2852
f 2974/4254/2833 2922/4208/2781 2989/4269/2848
f 2895/4148/2754 2967/4243/2826 2984/4264/2843
f 2994/4276/2853 2985/4265/2844 2934/4205/2793
f 2992/4273/2851 2984/4264/2843 2967/4243/2826
f 2992/4273/2851 2995/4277/2854 2984/4264/2843
f 2939/4211/2798 2972/4252/2831 2996/4278/2855
f 2991/4272/2850 2997/4279/2856 2992/4273/2851
f 2992/4273/2851 2997/4279/2856 2995/4277/2854
f 2998/4280/2857 2984/4264/2843 2995/4277/2854
f 2998/4280/2857 2941/4213/2800 2984/4264/2843
f 2963/4238/2822 2889/4141/2748 2941/4213/2800
f 2917/4179/2776 2998/4280/2857 2965/4241/2824
f 2917/4179/2776 2963/4238/2822 2998/4280/2857
f 2919/4185/2778 2970/4247/2829 2999/4281/2858
f 3000/4282/2859 2970/4247/2829 3001/4283/2860
f 2993/4275/2852 2905/4251/2764 2986/4284/2845
f 3002/4285/2861 2940/4212/2799 2962/4237/2821
f 2956/4228/2815 2921/4187/2780 3003/4286/2862
f 2930/4200/2789 2929/4199/2788 3004/4287/2863
f 2991/4272/2850 3005/4288/2864 2997/4279/2856
f 2982/4289/2841 3006/4290/2865 2946/4218/2805
f 2977/4291/2836 2939/4292/2798 2996/4293/2855
f 2941/4213/2800 2998/4280/2857 2963/4238/2822
f 2965/4241/2824 2981/4261/2840 2904/4161/2763
f 2978/4258/2837 2940/4212/2799 3002/4285/2861
f 3007/4294/2866 2952/4224/2811 2960/4235/2819
f 2926/4193/2785 2920/4186/2779 2954/4226/2813
f 2929/4199/2788 2966/4242/2825 3004/4287/2863
f 2902/4157/2761 3006/4290/2865 2934/4205/2793
f 2974/4254/2833 2973/4253/2832 2980/4260/2839
f 3002/4285/2861 3008/4295/2867 2978/4258/2837
f 2891/4144/2750 2949/4221/2808 3009/4296/2868
f 2968/4244/2827 2961/4236/2820 3010/4297/2869
f 2936/4207/2795 2871/4122/2730 3011/4298/2870
f 3010/4297/2869 3003/4286/2862 2968/4244/2827
f 2979/4259/2838 3012/4299/2871 2980/4260/2839
f 2961/4236/2820 2892/4145/2751 2958/4233/2817
f 2898/4183/2757 2919/4185/2778 2999/4281/2858
f 2968/4244/2827 3003/4286/2862 2921/4187/2780
f 2993/4275/2852 3013/4300/2872 2950/4249/2809
f 2950/4249/2809 2971/4248/2830 2993/4275/2852
f 2991/4272/2850 2952/4224/2811 3014/4301/2873
f 2994/4276/2853 2934/4205/2793 3006/4290/2865
f 2974/4254/2833 2980/4260/2839 2948/4220/2807
f 2902/4157/2761 2946/4218/2805 3006/4290/2865
f 2937/4209/2796 2974/4254/2833 2948/4220/2807
f 2988/4268/2847 3015/4302/2874 2935/4206/2794
f 2975/4255/2834 2935/4206/2794 3015/4302/2874
f 3002/4285/2861 2962/4237/2821 3016/4303/2875
f 2891/4144/2750 3009/4296/2868 2958/4233/2817
f 2999/4281/2858 2970/4247/2829 3000/4282/2859
f 2979/4259/2838 2985/4265/2844 3017/4304/2876
f 3003/4286/2862 3010/4297/2869 2956/4228/2815
f 2928/4198/2787 2933/4204/2792 2906/4164/2765
f 3008/4295/2867 3002/4285/2861 3018/4305/2877
f 3009/4296/2868 2949/4221/2808 2956/4228/2815
f 2931/4202/2790 2932/4203/2791 3019/4306/2878
f 2999/4307/2858 2871/4122/2730 2898/4151/2757
f 2962/4237/2821 2981/4261/2840 3016/4303/2875
f 3007/4294/2866 2960/4235/2819 2975/4255/2834
f 2903/4158/2762 2931/4202/2790 2986/4284/2845
f 3019/4306/2878 3008/4295/2867 2993/4275/2852
f 3020/4308/2879 2997/4279/2856 3005/4288/2864
f 3021/4309/2880 2997/4279/2856 3020/4308/2879
f 2997/4279/2856 3021/4309/2880 2995/4277/2854
f 2871/4122/2730 2999/4307/2858 3011/4298/2870
f 2956/4228/2815 3010/4297/2869 3009/4296/2868
f 2961/4236/2820 2958/4233/2817 3009/4296/2868
f 3010/4297/2869 2961/4236/2820 3009/4296/2868
f 3022/4310/2881 2957/4311/2816 2942/4312/2801
f 2932/4203/2791 2925/4192/2784 3019/4306/2878
f 2993/4275/2852 3008/4295/2867 3013/4300/2872
f 2936/4207/2795 3023/4313/2882 2883/4135/2742
f 2983/4263/2842 3024/4314/2883 2987/4267/2846
f 3025/4315/2884 3002/4285/2861 3016/4303/2875
f 3001/4316/2860 2970/4274/2829 2950/4222/2809
f 2987/4317/2846 2989/4269/2848 2922/4208/2781
f 2978/4258/2837 3008/4295/2867 2969/4245/2828
f 3017/4304/2876 3012/4299/2871 2979/4259/2838
f 2982/4262/2841 2957/4231/2816 3026/4318/2885
f 2980/4260/2839 2988/4268/2847 2948/4220/2807
f 2998/4280/2857 2995/4277/2854 3027/4319/2886
f 3025/4315/2884 3018/4305/2877 3002/4285/2861
f 3026/4318/2885 2957/4231/2816 3022/4320/2881
f 2986/4284/2845 3019/4306/2878 2993/4275/2852
f 2928/4198/2787 2990/4271/2849 3028/4321/2887
f 3013/4300/2872 3008/4295/2867 3018/4305/2877
f 3029/4322/2888 2994/4276/2853 3006/4290/2865
f 3007/4294/2866 3014/4301/2873 2952/4224/2811
f 2994/4276/2853 3017/4304/2876 2985/4265/2844
f 3014/4301/2873 3005/4288/2864 2991/4272/2850
f 2969/4245/2828 3019/4306/2878 2925/4192/2784
f 2959/4270/2818 2955/4323/2814 3030/4324/2889
f 2933/4204/2792 2928/4198/2787 3028/4321/2887
f 2995/4277/2854 3021/4309/2880 3027/4319/2886
f 3019/4306/2878 2986/4284/2845 2931/4202/2790
f 2998/4280/2857 3027/4319/2886 2965/4241/2824
f 3031/4325/2890 3018/4305/2877 3025/4315/2884
f 2980/4260/2839 3032/4326/2891 2988/4268/2847
f 3015/4302/2874 2988/4268/2847 3033/4327/2892
f 3016/4303/2875 2981/4261/2840 3025/4315/2884
f 3034/4328/2893 2950/4249/2809 3013/4300/2872
f 3019/4306/2878 2969/4245/2828 3008/4295/2867
f 2942/4214/2801 2933/4204/2792 3035/4329/2894
f 3036/4330/2895 3037/4331/2896 3038/4332/2897
f 2966/4242/2825 2883/4135/2742 3023/4313/2882
f 2981/4261/2840 2965/4241/2824 3027/4319/2886
f 3032/4326/2891 2980/4260/2839 3012/4299/2871
f 3020/4308/2879 3005/4288/2864 3039/4333/2898
f 2926/4334/2785 3030/4324/2889 2955/4323/2814
f 3029/4322/2888 3006/4290/2865 3026/4335/2885
f 3006/4336/2865 2982/4262/2841 3026/4318/2885
f 2947/4337/2806 2977/4291/2836 3040/4338/2899
f 2990/4339/2849 2930/4340/2789 3004/4341/2863
f 2981/4261/2840 3027/4319/2886 3025/4315/2884
f 3039/4333/2898 3005/4288/2864 3041/4342/2900
f 3028/4321/2887 3035/4329/2894 2933/4204/2792
f 3000/4282/2859 3001/4283/2860 3034/4328/2893
f 3034/4328/2893 3001/4283/2860 2950/4249/2809
f 2959/4270/2818 3030/4324/2889 2976/4256/2835
f 3027/4319/2886 3021/4309/2880 3020/4308/2879
f 2996/4278/2855 2972/4252/2831 2989/4269/2848
f 3020/4308/2879 3025/4315/2884 3027/4319/2886
f 3029/4322/2888 3042/4343/2901 2994/4276/2853
f 2994/4276/2853 3043/4344/2902 3017/4304/2876
f 3042/4343/2901 3043/4344/2902 2994/4276/2853
f 2942/4312/2801 3044/4345/2903 3022/4310/2881
f 3044/4346/2903 2942/4214/2801 3035/4329/2894
f 2915/4177/2774 2924/4191/2783 3045/4347/2904
f 3030/4324/2889 2954/4246/2813 2976/4256/2835
f 3046/4348/2905 3041/4342/2900 3005/4288/2864
f 3034/4328/2893 3047/4349/2906 3000/4282/2859
f 3045/4347/2904 2924/4191/2783 2947/4219/2806
f 3036/4330/2895 3038/4332/2897 3048/4350/2907
f 3049/4351/2908 3034/4328/2893 3013/4300/2872
f 3049/4351/2908 3013/4300/2872 3018/4305/2877
f 3012/4299/2871 3017/4304/2876 3043/4344/2902
f 3020/4308/2879 3031/4325/2890 3025/4315/2884
f 3007/4294/2866 2975/4255/2834 3050/4352/2909
f 3023/4313/2882 2936/4207/2795 3011/4298/2870
f 3030/4324/2889 2926/4334/2785 2954/4246/2813
f 3040/4338/2899 2977/4291/2836 2996/4293/2855
f 2975/4255/2834 3015/4302/2874 3050/4352/2909
f 3051/4353/2910 3005/4288/2864 3014/4301/2873
f 3020/4308/2879 3039/4333/2898 3031/4325/2890
f 3047/4349/2906 3034/4328/2893 3049/4351/2908
f 3000/4282/2859 3011/4354/2870 2999/4281/2858
f 3033/4327/2892 2988/4268/2847 3032/4326/2891
f 3050/4352/2909 3015/4302/2874 3033/4327/2892
f 2915/4177/2774 3045/4347/2904 2983/4263/2842
f 3033/4327/2892 3032/4326/2891 3052/4355/2911
f 3040/4338/2899 2996/4293/2855 3053/4356/2912
f 3026/4335/2885 3037/4331/2896 3036/4330/2895
f 2989/4269/2848 3053/4357/2912 2996/4278/2855
f 3026/4335/2885 3042/4343/2901 3029/4322/2888
f 3007/4294/2866 3051/4353/2910 3014/4301/2873
f 3026/4335/2885 3036/4330/2895 3042/4343/2901
f 3039/4333/2898 3049/4351/2908 3031/4325/2890
f 3044/4345/2903 3037/4331/2896 3022/4310/2881
f 3018/4305/2877 3031/4325/2890 3049/4351/2908
f 3047/4349/2906 3049/4351/2908 3041/4342/2900
f 3026/4335/2885 3022/4310/2881 3037/4331/2896
f 3038/4332/2897 3037/4331/2896 3054/4358/2913
f 3043/4344/2902 3042/4343/2901 3055/4359/2914
f 3042/4343/2901 3036/4330/2895 3055/4359/2914
f 3011/4354/2870 3000/4282/2859 3056/4360/2915
f 3023/4361/2882 3057/4362/2916 2966/4363/2825
f 3058/4364/2917 2947/4337/2806 3040/4338/2899
f 3051/4353/2910 3046/4348/2905 3005/4288/2864
f 3050/4352/2909 3033/4327/2892 3059/4365/2918
f 3032/4326/2891 3012/4299/2871 3043/4344/2902
f 3049/4351/2908 3039/4333/2898 3041/4342/2900
f 3011/4354/2870 3060/4366/2919 3023/4361/2882
f 3044/4345/2903 3054/4358/2913 3037/4331/2896
f 3044/4346/2903 3035/4329/2894 3028/4321/2887
f 3036/4330/2895 3048/4350/2907 3055/4359/2914
f 3038/4332/2897 3054/4358/2913 3048/4350/2907
f 2947/4367/2806 3058/4368/2917 3045/4369/2904
f 2990/4339/2849 3004/4341/2863 3061/4370/2920
f 3044/4345/2903 3028/4371/2887 3054/4358/2913
f 3004/4341/2863 2966/4363/2825 3061/4370/2920
f 3061/4370/2920 2966/4363/2825 3057/4362/2916
f 3056/4360/2915 3000/4282/2859 3047/4349/2906
f 3052/4355/2911 3062/4372/2921 3033/4327/2892
f 3007/4294/2866 3059/4365/2918 3051/4353/2910
f 3046/4348/2905 3051/4353/2910 3063/4373/2922
f 3055/4359/2914 3032/4326/2891 3043/4344/2902
f 3059/4365/2918 3033/4327/2892 3062/4372/2921
f 3055/4359/2914 3048/4350/2907 3052/4355/2911
f 3007/4294/2866 3050/4352/2909 3059/4365/2918
f 3047/4349/2906 3064/4374/2923 3056/4360/2915
f 3056/4360/2915 3060/4366/2919 3011/4354/2870
f 3032/4326/2891 3055/4359/2914 3052/4355/2911
f 3052/4355/2911 3048/4350/2907 3062/4372/2921
f 2990/4339/2849 3065/4375/2924 3028/4371/2887
f 3054/4358/2913 3028/4371/2887 3065/4375/2924
f 3061/4370/2920 3065/4375/2924 2990/4339/2849
f 3041/4342/2900 3046/4348/2905 3066/4376/2925
f 3023/4361/2882 3060/4366/2919 3067/4377/2926
f 2987/4317/2846 3053/4357/2912 2989/4269/2848
f 3067/4377/2926 3060/4366/2919 3056/4360/2915
f 3057/4362/2916 3023/4361/2882 3067/4377/2926
f 3068/4378/2927 3048/4350/2907 3054/4358/2913
f 2983/4263/2842 3045/4347/2904 3024/4314/2883
f 3061/4370/2920 3069/4379/2928 3065/4375/2924
f 3064/4374/2923 3047/4349/2906 3070/4380/2929
f 3054/4358/2913 3065/4375/2924 3071/4381/2930
f 3048/4350/2907 3068/4378/2927 3062/4372/2921
f 3047/4349/2906 3041/4342/2900 3070/4380/2929
f 3051/4353/2910 3072/4382/2931 3063/4373/2922
f 3061/4370/2920 3057/4362/2916 3069/4379/2928
f 3069/4379/2928 3057/4362/2916 3067/4377/2926
f 3068/4378/2927 3059/4365/2918 3062/4372/2921
f 3056/4360/2915 3064/4374/2923 3067/4377/2926
f 3072/4382/2931 3051/4353/2910 3059/4365/2918
f 3054/4358/2913 3071/4381/2930 3068/4378/2927
f 3073/4383/2932 3045/4347/2904 3058/4384/2917
f 3074/4385/2933 3067/4377/2926 3064/4374/2923
f 3075/4386/2934 3046/4348/2905 3063/4373/2922
f 3053/4357/2912 2987/4317/2846 3076/4387/2935
f 3076/4387/2935 2987/4317/2846 3024/4388/2883
f 3074/4385/2933 3069/4379/2928 3067/4377/2926
f 3068/4378/2927 3072/4382/2931 3059/4365/2918
f 3071/4381/2930 3065/4375/2924 3069/4379/2928
f 3066/4376/2925 3046/4348/2905 3075/4386/2934
f 3024/4314/2883 3045/4347/2904 3073/4383/2932
f 3068/4378/2927 3071/4381/2930 3077/4389/2936
f 3068/4378/2927 3077/4389/2936 3072/4382/2931
f 3078/4390/2937 3058/4364/2917 3040/4338/2899
f 3071/4381/2930 3069/4379/2928 3077/4389/2936
f 3070/4380/2929 3041/4342/2900 3066/4376/2925
f 3063/4373/2922 3072/4382/2931 3079/4391/2938
f 3074/4385/2933 3077/4389/2936 3069/4379/2928
f 3075/4386/2934 3063/4373/2922 3079/4391/2938
f 3024/4314/2883 3073/4383/2932 3080/4392/2939
f 3077/4389/2936 3079/4391/2938 3072/4382/2931
f 3080/4393/2939 3076/4387/2935 3024/4388/2883
f 3040/4338/2899 3053/4356/2912 3078/4390/2937
f 3075/4386/2934 3070/4380/2929 3066/4376/2925
f 3064/4374/2923 3070/4380/2929 3074/4385/2933
f 3076/4394/2935 3078/4390/2937 3053/4356/2912
f 3073/4383/2932 3058/4384/2917 3081/4395/2940
f 3079/4391/2938 3077/4389/2936 3074/4385/2933
f 3076/4394/2935 3082/4396/2941 3078/4390/2937
f 3070/4380/2929 3075/4386/2934 3079/4391/2938
f 3070/4380/2929 3079/4391/2938 3074/4385/2933
f 3078/4390/2937 3081/4397/2940 3058/4364/2917
f 3080/4393/2939 3082/4398/2941 3076/4387/2935
f 3080/4392/2939 3073/4383/2932 3081/4395/2940
f 3078/4390/2937 3083/4399/2942 3081/4397/2940
f 3082/4398/2941 3080/4393/2939 3083/4400/2942
f 3081/4395/2940 3083/4401/2942 3080/4392/2939
f 3083/4399/2942 3078/4390/2937 3082/4396/2941
f 102/165/30 60/138/30 111/179/30
f 2249/3232/30 2100/3029/30 2099/3028/30
f 160/245/30 159/244/30 177/268/30
f 2381/3408/2255 2380/3407/30 2526/4402/30
f 218/322/163 217/321/30 240/356/30
f 83/128/63 109/176/79 110/177/80
f 545/4403/30 447/4404/379 351/4405/30
f 2385/3412/2256 2384/3411/30 2386/4406/30
f 2383/4407/30 2385/4408/2256 2386/4409/30
f 263/385/30 216/320/30 292/423/230
f 127/203/93 108/199/78 123/198/91
f 2382/4410/30 2381/4411/2255 2526/4412/30
f 1298/1899/1211 1297/1898/30 1353/1971/30
f 2313/3318/2189 2315/3320/2190 2387/4413/2257
f 2314/4414/30 2313/4415/2189 2387/4416/2257
f 2445/3492/2315 2447/3494/2317 2534/4417/30
f 1679/2448/1582 1549/2447/30 1611/4418/30
f 124/200/92 125/201/30 144/225/30
f 657/942/30 594/852/30 757/1106/678
f 144/225/30 143/224/102 142/223/101
f 2450/3499/2318 2449/3498/30 2448/4419/30
f 1611/2346/30 1612/2348/1515 1548/2349/30
f 177/268/30 176/267/130 175/266/129
f 1911/2762/1807 1910/2761/1806 2168/4420/30
f 1299/1900/30 1298/1899/1211 1353/1971/30
f 127/4421/93 123/4422/91 81/4423/30
f 84/4424/30 82/127/62 83/128/63
f 2535/3626/30 2533/3624/30 2536/3632/2397
f 87/4425/30 70/137/30 86/136/30
f 2451/4426/30 2450/4427/2318 2448/4428/30
f 111/4429/30 87/4425/30 86/136/30
f 1548/4430/30 1547/4431/1454 1478/4432/30
f 1740/2533/1641 1678/2446/1581 1679/2448/1582
f 2244/3227/2128 2246/3229/30 2248/3231/30
f 2446/4433/2316 2445/4434/2315 2534/4435/30
f 1095/1605/1013 1034/4436/953 1036/4437/30
f 1096/1606/30 1095/1605/1013 1036/4437/30
f 2535/3626/30 2536/3632/2397 2538/3631/30
f 105/4438/30 104/4439/76 103/4440/30
f 2245/3228/30 2244/3227/2128 2248/3231/30
f 144/225/30 142/223/101 141/222/30
f 402/570/30 349/495/30 495/698/30
f 2168/3124/30 2102/3032/1991 2101/3031/1990
f 261/382/30 238/354/30 260/381/202
f 261/4441/30 260/4442/202 214/4443/30
f 2527/4444/30 2529/3617/2394 2530/3616/2395
f 141/222/30 140/221/30 160/245/30
f 110/177/80 69/104/30 106/172/77
f 130/207/30 94/154/30 129/206/30
f 2170/3126/30 2169/3125/30 2312/3317/30
f 2312/3317/30 2311/3316/2188 2314/3322/30
f 128/205/30 124/200/92 144/225/30
f 262/496/30 403/571/336 401/569/30
f 1481/2242/1388 1479/2146/30 1609/2344/1514
f 655/940/30 546/789/30 545/788/30
f 2104/3036/30 2103/3035/30 2170/4445/30
f 110/177/80 106/172/77 80/123/30
f 1231/1808/1146 1165/1810/1080 1164/4446/30
f 1232/4447/30 1231/4448/1146 1164/4449/30
f 2382/4450/30 2526/3611/30 2527/3612/30
f 126/4451/30 127/4452/93 81/4453/30
f 177/268/30 175/266/129 198/297/147
f 545/4454/30 351/4455/30 261/4456/30
f 145/226/103 105/228/30 103/4457/30
f 1036/4458/30 943/4459/864 862/4460/783
f 754/4461/677 656/941/30 655/940/30
f 755/4462/30 754/4461/677 655/940/30
f 262/496/30 401/569/30 402/570/30
f 1739/2532/30 1738/2531/1640 1799/2615/30
f 945/1382/30 944/1381/30 1163/1705/1079
f 1799/2615/30 1798/2614/30 1797/2613/30
f 1799/2615/30 2168/4420/30 2101/4463/1990
f 1427/4464/1336 1232/4465/30 1164/1706/30
f 1426/4466/30 1427/4464/1336 1164/1706/30
f 2170/3126/30 2312/3317/30 2314/3322/30
f 2104/3036/30 2170/4445/30 2314/4467/30
f 1036/4468/30 862/4469/783 861/4470/782
f 144/225/30 141/222/30 160/245/30
f 1481/2242/1388 1609/2344/1514 1610/2345/30
f 219/323/164 218/322/163 240/356/30
f 1480/2147/1387 1481/2149/1388 1610/2452/30
f 2539/3633/2398 2540/3635/2399 2451/4471/30
f 2534/3625/30 2535/3626/30 2538/3631/30
f 805/1175/726 752/1095/30 945/1382/30
f 1164/1706/30 1035/1604/954 1096/1606/30
f 1164/1706/30 1096/1606/30 1036/4437/30
f 215/318/17 174/292/128 194/291/146
f 2033/2930/30 1976/2849/30 1847/2682/30
f 755/4462/30 655/940/30 545/788/30
f 2451/4472/30 2448/3495/30 2383/3410/30
f 945/1382/30 1163/1705/1079 1162/1704/30
f 2033/2930/30 1847/2682/30 1741/2534/30
f 2538/3631/30 2537/3630/30 2539/4473/2398
f 1162/1704/30 1299/1900/30 1353/1971/30
f 1681/2451/1583 1680/2450/30 1739/2532/30
f 1426/4466/30 1164/1706/30 1036/4437/30
f 1548/4474/30 1478/4475/30 1426/4466/30
f 1548/4474/30 1426/4466/30 1036/4437/30
f 1354/4476/30 1429/2148/1338 1480/2147/1387
f 1353/4477/30 1354/4476/30 1480/2147/1387
f 657/942/30 757/1106/678 756/1105/30
f 2382/4450/30 2527/3612/30 2530/4478/2395
f 2386/3413/30 2310/3315/30 2309/3314/30
f 111/4429/30 86/136/30 85/135/30
f 1610/2452/30 1681/2451/1583 1739/2532/30
f 2451/4472/30 2383/3410/30 2386/4479/30
f 545/4454/30 261/4456/30 214/4480/30
f 2538/3631/30 2539/4473/2398 2451/4481/30
f 2534/3625/30 2538/3631/30 2451/4481/30
f 2534/4482/30 2451/4472/30 2386/4479/30
f 1739/2532/30 1799/2615/30 2101/4463/1990
f 2531/4483/30 2446/4484/2316 2534/4485/30
f 2530/4478/2395 2528/4486/2393 2531/4487/30
f 2382/4450/30 2530/4478/2395 2531/4487/30
f 2382/4450/30 2531/4487/30 2534/4488/30
f 2382/4489/30 2534/4482/30 2386/4479/30
f 1162/4490/30 1353/4477/30 1480/2147/1387
f 945/4491/30 1162/4490/30 1480/2147/1387
f 945/4491/30 1480/2147/1387 1610/2452/30
f 495/698/30 446/629/30 657/942/30
f 84/4424/30 83/128/63 110/177/80
f 129/4492/30 107/204/30 126/202/30
f 130/4493/30 129/4492/30 126/202/30
f 130/4493/30 126/202/30 81/4494/30
f 861/1266/782 755/1265/30 545/4495/30
f 861/4496/782 545/4497/30 214/4498/30
f 110/177/80 80/123/30 128/205/30
f 84/4424/30 110/177/80 128/205/30
f 102/4499/30 111/4429/30 85/135/30
f 195/293/17 158/243/115 157/242/114
f 756/1105/30 805/1175/726 945/1382/30
f 657/942/30 756/1105/30 945/1382/30
f 657/4500/30 945/4491/30 1610/2452/30
f 85/135/30 84/134/30 128/4501/30
f 102/4499/30 85/135/30 128/4501/30
f 2247/3230/30 2249/3232/30 2099/3028/30
f 2248/3231/30 2247/3230/30 2099/3028/30
f 2245/3228/30 2248/3231/30 2099/3028/30
f 1036/4502/30 861/4496/782 214/4498/30
f 1548/4503/30 1036/4502/30 214/4498/30
f 102/4499/30 128/4501/30 144/4504/30
f 102/4499/30 144/4504/30 160/4505/30
f 1610/2452/30 1739/2532/30 2101/4463/1990
f 657/4500/30 1610/2452/30 2101/4463/1990
f 81/4506/30 145/4507/103 103/4508/30
f 130/4509/30 81/4510/30 103/4511/30
f 195/4512/17 157/4513/114 130/4514/30
f 195/4515/17 130/4509/30 103/4511/30
f 194/4516/146 195/4515/17 103/4511/30
f 215/4517/17 194/4516/146 103/4511/30
f 2099/4518/30 2032/2929/30 2031/2928/30
f 2245/4519/30 2099/4518/30 2031/2928/30
f 198/297/147 197/296/30 219/323/164
f 177/268/30 198/297/147 219/323/164
f 160/245/30 177/268/30 219/323/164
f 102/4499/30 160/4505/30 219/4520/164
f 102/4499/30 219/4520/164 240/4521/30
f 2309/4522/30 2245/4519/30 2031/2928/30
f 495/4523/30 657/4500/30 2101/4463/1990
f 402/4524/30 495/4523/30 2101/4463/1990
f 1548/4503/30 214/4498/30 215/4525/17
f 1548/4503/30 215/4525/17 103/4526/30
f 2309/4522/30 2031/2928/30 2033/2930/30
f 2309/4522/30 2033/2930/30 1741/2534/30
f 263/385/30 292/423/230 350/497/286
f 262/4527/30 402/4524/30 2101/4463/1990
f 1740/2533/1641 1679/2448/1582 1611/4418/30
f 2101/3034/1990 2104/3036/30 2314/4467/30
f 262/4528/30 2101/3034/1990 2314/4467/30
f 262/4528/30 2314/4467/30 2387/4529/2257
f 103/4526/30 102/4499/30 240/4521/30
f 1548/4503/30 103/4526/30 240/4521/30
f 2386/4530/30 2309/4522/30 1741/2534/30
f 2382/4531/30 2386/4530/30 1741/2534/30
f 1611/4532/30 1548/4503/30 240/4521/30
f 1740/2533/1641 1611/4418/30 240/4533/30
f 263/385/30 350/497/286 262/384/30
f 263/4534/30 262/4535/30 2387/4536/2257
f 240/4533/30 263/4534/30 2387/4536/2257
f 1740/2533/1641 240/4533/30 2387/4536/2257
f 1740/2533/1641 2387/4536/2257 2382/4531/30
f 1740/2533/1641 2382/4531/30 1741/2534/30
f 158/243/115 195/293/17 174/292/128
f 174/4537/128 130/4538/30 158/4539/115
f 1797/4540/30 2167/3123/2054 2168/3124/30
f 1910/2761/1806 1797/2613/30 2168/4420/30
f 1799/2615/30 1797/2613/30 1911/2762/1807
f 1799/2615/30 1911/2762/1807 2168/4420/30
