# Blender v2.76 (sub 0) OBJ File: 'SkavenRatOgres.blend'
# www.blender.org
mtllib DrawCall_5_014.mtl
o DrawCall_5.014
v 0.539758 1.976092 1.696048
v 0.527850 1.982487 1.654257
v 0.517856 1.964231 1.662391
v 0.533866 1.956822 1.699783
v 0.567377 1.947557 1.698372
v 0.575370 1.936555 1.651726
v 0.551541 2.000004 1.736842
v 0.552896 1.938034 1.706589
v 0.567377 1.947557 1.698372
v 0.554338 1.926465 1.660773
v 0.575370 1.936555 1.651726
v 0.526122 1.920259 1.649609
v 0.613045 1.916684 1.645542
v 0.554338 1.926465 1.660773
v 0.588421 1.941145 1.700945
v 0.606544 1.932241 1.710946
v 0.575929 1.899820 1.649484
v 0.613045 1.916684 1.645542
v -0.211076 2.602719 1.852337
v -0.179554 2.638268 1.835073
v -0.236633 2.640950 1.810796
v -0.264351 2.611332 1.825321
v -0.129921 2.624396 1.819843
v -0.136559 2.573376 1.845074
v -0.083110 2.617881 1.798304
v -0.076124 2.554072 1.813286
v -0.183606 2.639644 1.712441
v -0.220275 2.638045 1.747342
v -0.159852 2.651969 1.694927
v -0.313661 2.677719 1.806272
v -0.332306 2.663452 1.812912
v -0.351411 2.620477 1.774856
v -0.333587 2.639420 1.764108
v -0.308901 2.594760 1.703227
v -0.323083 2.554897 1.713312
v -0.206291 2.551751 1.615247
v -0.190865 2.468414 1.653676
v -0.138112 2.531673 1.817643
v -0.069511 2.481581 1.759086
v -0.076124 2.554072 1.813286
v -0.136559 2.573376 1.845074
v -0.264351 2.611332 1.825321
v -0.202636 2.582384 1.772657
v -0.332306 2.663452 1.812912
v -0.178025 2.529713 1.698704
v -0.351411 2.620477 1.774856
v -0.190865 2.468414 1.653676
v -0.113153 2.488062 1.741988
v -0.323083 2.554897 1.713312
v -0.211076 2.602719 1.852337
v -0.134557 2.393311 1.670733
v 0.451766 2.083220 1.766598
v 0.525190 2.080693 1.811335
v 0.398466 2.075485 1.799881
v 0.496924 2.071875 1.837895
v 0.494674 2.119543 1.879021
v 0.340144 2.194010 1.833994
v 0.321909 2.157172 1.778799
v 0.478266 2.177353 1.935711
v 0.358528 2.238034 1.902262
v 0.210350 2.238807 1.792494
v 0.255807 2.243208 1.883296
v 0.077635 2.298697 1.810297
v 0.029655 2.283243 1.731447
v -0.053427 2.350473 1.728210
v -0.069511 2.481581 1.759086
v 0.509304 2.230367 1.944508
v 0.401735 2.298938 1.910063
v 0.557259 2.333077 1.986756
v 0.451380 2.422396 1.961025
v 0.558266 2.547368 1.933760
v 0.414351 2.451722 1.973974
v 0.427279 2.543294 1.938200
v 0.278380 2.489489 1.957664
v 0.326807 2.546027 1.922306
v 0.384979 2.625256 1.883462
v 0.462132 2.635071 1.887529
v 0.494736 2.607464 1.904959
v 0.148511 2.537174 1.911392
v 0.205291 2.578997 1.868190
v 0.375073 2.702645 1.835986
v 0.081501 2.665979 1.791415
v 0.019450 2.578447 1.846195
v 0.131519 2.496726 1.924049
v -0.083110 2.617881 1.798304
v -0.057566 2.772557 1.669280
v 0.168610 2.758839 1.740245
v 0.248722 2.780808 1.744935
v 0.309169 2.745878 1.790543
v 0.238716 2.458753 1.955879
v -0.159852 2.651969 1.694927
v -0.211636 2.817182 1.491743
v 0.009767 2.541489 1.843622
v -0.076124 2.554072 1.813286
v -0.267136 2.665136 1.528803
v -0.206291 2.551751 1.615247
v -0.299441 2.495763 1.511165
v -0.246651 2.343082 1.492283
v -0.311573 2.882693 1.174269
v -0.431075 2.736819 1.207261
v -0.142102 2.975450 1.149617
v -0.100300 2.929604 1.426962
v -0.190865 2.468414 1.653676
v -0.134557 2.393311 1.670733
v -0.163358 2.254210 1.579848
v -0.264874 2.191724 1.439911
v -0.423965 2.280063 1.320225
v -0.475599 2.520448 1.250504
v 0.019637 2.205407 1.689947
v 0.199163 2.178591 1.768299
v -0.113153 2.488062 1.741988
v 0.037996 2.976155 1.345787
v 0.191966 2.947138 1.504483
v 0.292774 2.968643 1.396003
v 0.173719 2.945866 1.271045
v 0.294501 2.902135 1.284492
v 0.278951 2.852782 1.189209
v 0.355384 2.714970 1.160947
v 0.399672 2.955664 1.479459
v 0.362493 2.862581 1.605827
v 0.256515 2.821204 1.682353
v 0.483064 2.773347 1.684718
v 0.465551 2.681415 1.830259
v 0.549291 2.701682 1.775354
v 0.171370 2.825639 1.686710
v 0.063117 2.888606 1.605412
v 0.564295 2.639145 1.847730
v 0.465091 2.890239 1.551877
v 0.487577 2.875783 1.528056
v 0.454314 2.925204 1.462943
v 0.583027 2.812627 1.625829
v 0.545873 2.815188 1.648946
v 0.615531 2.725387 1.735017
v 0.634425 2.735615 1.694513
v 0.654251 2.619566 1.815568
v 0.663312 2.570677 1.821046
v 0.743883 2.463652 1.863500
v 0.663051 2.436475 1.971608
v 0.703858 2.510306 1.710531
v 0.777743 2.418185 1.767220
v 0.737917 2.503464 1.651684
v 0.805772 2.406478 1.719413
v 0.798153 2.331874 1.678577
v 0.711652 2.453923 1.588646
v 0.647799 2.544858 1.503571
v 0.718824 2.567153 1.577524
v 0.622119 2.679645 1.450701
v 0.568160 2.660014 1.375793
v 0.520603 2.752100 1.349067
v 0.458465 2.850994 1.410362
v 0.762889 2.330447 1.559222
v 0.691217 2.415572 1.534862
v 0.796412 2.281421 1.640064
v 0.769029 2.251304 1.650273
v 0.730782 2.278447 1.582296
v 0.599347 2.652399 1.496931
v 0.649614 2.552989 1.605661
v 0.588881 2.653241 1.538430
v 0.488347 2.791139 1.467757
v 0.502530 2.758856 1.504401
v 0.499907 2.867875 1.515025
v 0.595817 2.666460 1.550092
v 0.569888 2.719422 1.555031
v 0.572324 2.739363 1.593211
v 0.588334 2.721984 1.592879
v 0.589105 2.740360 1.624792
v 0.554723 2.755281 1.584039
v 0.604816 2.721743 1.614708
v 0.613903 2.692228 1.672725
v 0.623001 2.682980 1.657951
v 0.624667 2.643958 1.670152
v 0.620876 2.651230 1.686503
v 0.603772 2.586372 1.694429
v 0.623859 2.615715 1.671438
v 0.630310 2.594210 1.661188
v 0.579086 2.706444 1.575158
v 0.592486 2.678837 1.572876
v 0.646482 2.618672 1.607985
v 0.639011 2.648273 1.615496
v 0.607750 2.767090 1.606118
v 0.642057 2.708301 1.668409
v 0.651106 2.598044 1.747923
v 0.661721 2.628023 1.786144
v 0.623499 2.548451 1.729787
v 0.656214 2.553728 1.750205
v 0.621771 2.579857 1.659943
v 0.649030 2.531518 1.671687
v 0.682752 2.530023 1.681814
v 0.638265 2.593196 1.610019
v 0.440181 2.875198 1.376540
v 0.445190 2.798926 1.287854
v 0.463761 2.692967 1.165679
v 0.444258 2.530040 1.194272
v 0.435644 2.480756 1.235938
v 0.364656 2.716620 1.168085
v 0.381238 2.868683 1.275820
v 0.225130 2.890016 1.142895
v 0.051458 2.967457 1.138661
v 0.586146 2.601774 1.315783
v 0.668147 2.506713 1.458586
v 0.133322 2.326339 1.804736
v 0.287951 2.299952 1.844493
v 0.017014 2.461383 1.779048
v 0.004447 2.521239 1.842252
v 0.145826 2.443901 1.911184
v 0.135596 2.462037 1.860844
v 0.068338 2.455075 1.791166
v 0.178753 2.453253 1.895829
v 0.235670 2.423978 1.936831
v 0.166472 2.357710 1.817435
v 0.167169 2.366563 1.833205
v 0.264731 2.331857 1.856736
v 0.314166 2.364638 1.863127
v 0.355943 2.326459 1.865285
v 0.246161 2.338578 1.872381
v 0.391853 2.386383 1.882798
v 0.337832 2.400325 1.870099
v 0.305639 2.367062 1.875619
v 0.299672 2.388893 1.885578
v 0.232550 2.363899 1.883960
v 0.135882 2.415778 1.841671
v 0.177436 2.388446 1.846983
v 0.405029 2.377995 1.916123
v 0.373680 2.403952 1.931145
v 0.384855 2.434309 1.969035
v 0.288286 2.418529 1.906163
v 0.365228 2.307877 1.891513
v 0.249791 2.437472 1.913176
v 0.279822 2.402679 1.897904
v 0.243961 2.417772 1.908279
v 0.182955 2.426574 1.893297
v 0.165006 2.425817 1.872464
v 0.153682 2.446462 1.869684
v 0.160904 2.413870 1.851341
v 0.470809 2.119199 1.740826
v 0.551106 2.077668 1.773279
v 0.543387 2.089701 1.783779
v 0.469329 2.223852 1.801914
v 0.427241 2.256582 1.760705
v 0.415060 2.165767 1.713810
v 0.537918 2.371995 1.765353
v 0.648906 2.097488 1.845033
v 0.781956 1.998508 1.878814
v 0.496650 2.239650 1.606490
v 0.415060 2.165767 1.713810
v 0.409640 2.115073 1.657038
v 0.712211 1.982900 1.851424
v 0.744778 1.961601 1.856612
v 0.819594 1.922408 1.885993
v 0.656712 2.018861 1.824905
v 0.601622 2.056438 1.802703
v 0.910085 1.990927 1.910229
v 0.853752 1.952680 1.891306
v 0.923758 1.961636 1.903050
v 0.919991 1.999024 1.847564
v 0.879184 2.066546 1.814613
v 0.935715 2.003648 1.809302
v 0.537918 2.371995 1.765353
v 0.785586 2.193116 1.754770
v 0.666022 2.361475 1.672020
v 0.740167 2.209945 1.648406
v 0.685947 2.269732 1.598730
v 0.740664 2.227737 1.653469
v 0.610634 2.384888 1.639567
v 0.632883 2.318173 1.569971
v 0.496650 2.239650 1.606490
v 0.632883 2.318173 1.569971
v 0.625226 2.254347 1.507181
v 0.885585 2.060117 1.763610
v 0.867102 2.091283 1.749085
v 0.821509 2.134155 1.716051
v 0.778314 2.180069 1.686005
v 0.683362 1.981628 1.740495
v 0.781198 1.971623 1.736344
v 0.781969 1.987713 1.750454
v 0.688085 2.000262 1.753567
v 0.589627 2.009665 1.707875
v 0.588247 2.030344 1.718873
v 0.740552 2.040074 1.742445
v 0.656587 2.101820 1.689947
v 0.595568 2.145345 1.650688
v 0.509503 2.051110 1.689698
v 0.497570 2.029914 1.663429
v 0.418565 2.043855 1.638819
v 0.471455 2.012243 1.664425
v 0.489839 2.019239 1.656291
v 0.409640 2.115073 1.657038
v 0.496650 2.239650 1.606490
v 0.777693 2.047620 1.678203
v 0.775940 2.061716 1.695550
v 0.732298 2.109487 1.613671
v 0.727463 2.127760 1.626909
v 0.682467 2.159269 1.541294
v 0.689763 2.177233 1.570635
v 0.652995 2.207882 1.483984
v 0.625226 2.254347 1.507181
v 0.694971 2.168638 1.516810
v 0.683734 2.154886 1.528222
v 0.744778 1.961601 1.856612
v 0.765859 1.936040 1.908445
v 0.749402 1.892532 1.818597
v 0.714586 1.939271 1.888276
v 0.699993 1.962186 1.870265
v 0.744778 1.961601 1.856612
v 0.714586 1.939271 1.888276
v 0.724903 1.964524 1.890185
v 0.699993 1.962186 1.870265
v 0.765859 1.936040 1.908445
v 0.820974 1.945288 1.930066
v 0.820390 1.928064 1.924962
v 0.853690 1.941076 1.911267
v 0.886716 1.928098 1.932847
v 0.897481 1.940990 1.932473
v 0.946169 1.942348 1.936043
v 0.961396 1.950961 1.940483
v 0.923758 1.961636 1.903050
v 0.853752 1.952680 1.891306
v 0.636898 2.013481 1.844161
v 0.963472 1.954450 1.924630
v 0.961346 1.985685 1.890309
v 0.970196 1.986492 1.877693
v 0.956362 2.040022 1.840676
v 0.943932 2.004215 1.851631
v 0.919991 1.999024 1.847564
v 0.963658 2.028298 1.830342
v 0.944802 2.061234 1.790294
v 0.910893 2.094635 1.767345
v 0.926119 2.087277 1.748586
v 0.896213 2.099465 1.740702
v 0.840701 2.156072 1.709577
v 0.891887 2.128361 1.715428
v 0.847910 2.149849 1.700074
v 0.802963 2.199442 1.675630
v 0.769029 2.251304 1.650273
v 0.775741 2.238498 1.641475
v 0.744778 2.262254 1.612633
v 0.730782 2.278447 1.582296
v 0.723063 2.279822 1.591675
v 0.663386 2.328625 1.561463
v 0.718116 2.268649 1.544407
v 0.661621 2.314684 1.535319
v 0.685947 2.269732 1.598730
v 0.632883 2.318173 1.569971
v 0.625226 2.254347 1.507181
v 0.740664 2.227737 1.653469
v 0.744778 2.262254 1.612633
v 0.709825 2.216168 1.516810
v 0.656028 2.245391 1.502035
v 0.652995 2.207882 1.483984
v 0.706978 2.154473 1.491121
v 0.694971 2.168638 1.516810
v 0.744219 2.072855 1.505563
v 0.725350 2.109401 1.525317
v 0.706618 2.107579 1.536190
v 0.683734 2.154886 1.528222
v 0.773330 1.870563 1.644007
v 0.761671 1.882682 1.639608
v 0.799010 1.857224 1.680071
v 0.805511 1.844829 1.683390
v 0.834175 1.877061 1.743233
v 0.790347 1.825388 1.690404
v 0.757171 1.835409 1.641973
v 0.726717 1.846961 1.667952
v 0.767376 1.843265 1.699617
v 0.821285 1.875720 1.751326
v 0.799010 1.857224 1.680071
v 0.834175 1.877061 1.743233
v 0.693952 1.866575 1.665379
v 0.761671 1.882682 1.639608
v 0.575929 1.899820 1.649484
v 0.636687 1.878831 1.708747
v 0.644045 1.886567 1.695301
v 0.613045 1.916684 1.645542
v 0.669440 1.881238 1.663595
v 0.664953 1.869772 1.702314
v 0.676053 1.900525 1.751616
v 0.652212 1.860008 1.712814
v 0.646420 1.851723 1.682436
v 0.669440 1.881238 1.663595
v 0.664953 1.869772 1.702314
v 0.736027 1.839294 1.706340
v 0.726717 1.846961 1.667952
v 0.693952 1.866575 1.665379
v 0.714088 1.848491 1.704389
v 0.754001 1.859957 1.759751
v 0.685773 1.834051 1.718126
v 0.718998 1.817394 1.715926
v 0.736027 1.839294 1.706340
v 0.646420 1.851723 1.682436
v 0.699247 1.818185 1.672642
v 0.726717 1.846961 1.667952
v 0.683362 1.981628 1.740495
v 0.661945 2.062644 1.664466
v 0.696475 2.026665 1.677415
v 0.589627 2.009665 1.707875
v 0.781198 1.971623 1.736344
v 0.777693 2.047620 1.678203
v 0.732298 2.109487 1.613671
v 0.621833 2.082309 1.631349
v 0.497570 2.029914 1.663429
v 0.610236 2.064965 1.602922
v 0.489839 2.019239 1.656291
v 0.682467 2.159269 1.541294
v 0.683734 2.154886 1.528222
v 0.319312 2.064862 1.702522
v 0.315968 2.018964 1.678120
v 0.424668 1.960415 1.673970
v 0.400765 2.009132 1.713851
v 0.222979 2.043443 1.675505
v 0.221276 2.106066 1.701692
v 0.317323 2.103659 1.727588
v 0.199163 2.178591 1.768299
v 0.321909 2.157172 1.778799
v 0.398466 2.075485 1.799881
v 0.386483 2.046692 1.751658
v 0.451766 2.083220 1.766598
v 0.427415 2.065257 1.736386
v 0.051656 2.082292 1.598689
v 0.019637 2.205407 1.689947
v -0.163358 2.254210 1.579848
v -0.264874 2.191724 1.439911
v 0.089469 2.023760 1.545984
v 0.251133 1.982109 1.607902
v 0.366508 1.928046 1.620144
v 0.324967 1.975061 1.511871
v 0.423475 1.933014 1.537103
v 0.207143 2.007069 1.449372
v -0.222363 2.160249 1.396708
v -0.154545 2.164426 1.379611
v 0.457832 2.038819 1.394592
v 0.363960 2.098623 1.328316
v 0.065727 2.174774 1.394924
v 0.525140 1.987146 1.434889
v -0.316085 2.205338 1.353632
v -0.423965 2.280063 1.320225
v 0.497856 1.861487 1.618899
v 0.516414 1.888079 1.560260
v 0.611218 1.796027 1.643052
v 0.619359 1.810982 1.683017
v 0.687153 1.771549 1.654175
v 0.683548 1.779886 1.612509
v 0.610708 1.818907 1.597402
v 0.733914 1.824391 1.557894
v 0.679943 1.867022 1.526562
v 0.743697 1.779422 1.605329
v 0.759881 1.784269 1.642596
v 0.688184 1.790423 1.683058
v 0.763908 1.799792 1.670235
v 0.631914 1.833071 1.670733
v 0.697383 1.810982 1.666998
v 0.775928 1.798365 1.588148
v 0.509540 1.901178 1.654880
v 0.526122 1.920259 1.649609
v 0.797892 1.806393 1.621680
v 0.805113 1.824769 1.645542
v 0.757171 1.835409 1.641973
v 0.460007 1.981662 1.654216
v 0.780688 1.845001 1.632138
v 0.439858 2.027284 1.695093
v 0.607787 2.641638 1.665130
v 0.623001 2.682980 1.657951
v 0.624667 2.643958 1.670152
v 0.606706 2.618225 1.661520
v 0.623859 2.615715 1.671438
v 0.639011 2.648273 1.615496
v 0.620640 2.644612 1.618235
v 0.585575 2.672287 1.583666
v 0.592486 2.678837 1.572876
v 0.571094 2.692520 1.586944
v 0.579086 2.706444 1.575158
v 0.588334 2.721984 1.592879
v 0.573741 2.706169 1.601386
v 0.604816 2.721743 1.614708
v 0.585363 2.706444 1.618318
v 0.608023 2.679473 1.650440
v 0.966902 2.034470 1.902801
v 0.965324 1.984223 1.924049
v 0.970432 2.018964 1.891098
v 0.947288 2.181926 1.835613
v 0.947362 2.158564 1.801292
v 0.964901 2.044423 1.853623
v 0.928804 2.115864 1.760913
v 0.956362 2.040022 1.840676
v 0.961346 1.985685 1.890309
v 0.979494 1.995105 1.897033
v 0.910893 2.094635 1.767345
v 0.886057 2.252215 1.713561
v 0.880762 2.307533 1.765809
v 0.961396 1.950961 1.940483
v 0.975119 1.971795 1.974347
v 0.979892 1.999144 1.955838
v 1.019282 2.035020 1.991113
v 1.002029 2.000072 2.030496
v 0.898338 2.156502 2.031285
v 0.971004 2.112117 1.955423
v 0.946790 1.984292 2.039004
v 0.866381 2.038922 2.024520
v 0.782752 2.134567 2.007796
v 0.722454 2.024620 1.984099
v 0.857332 1.990291 1.989578
v 0.884914 2.026218 1.977542
v 0.941881 1.972534 1.980945
v 0.875219 1.970317 1.963350
v 0.975119 1.971795 1.974347
v 0.925920 1.956650 1.950069
v 0.603225 2.128757 1.978580
v 0.683200 2.254313 2.005638
v 0.767848 2.316884 2.002360
v 0.811937 2.344388 1.920604
v 0.893553 2.212094 1.934590
v 0.873242 2.317675 1.800255
v 0.974907 2.072563 1.911931
v 0.961396 1.950961 1.940483
v 0.876027 1.952920 1.953472
v 0.896735 1.937191 1.951688
v 0.828594 1.949052 1.943637
v 0.710061 1.992543 1.957996
v 0.576314 2.035501 1.918114
v 0.581995 2.098502 1.963142
v 0.897481 1.940990 1.932473
v 0.820974 1.945288 1.930066
v 0.705611 1.959710 1.908320
v 0.595258 1.991185 1.879395
v 0.724903 1.964524 1.890185
v 0.636898 2.013481 1.844161
v 0.884081 2.193254 1.688661
v 0.840701 2.156072 1.709577
v 0.586146 2.601774 1.315783
v 0.668147 2.506713 1.458586
v 0.662268 2.414609 1.410446
v 0.593928 2.461693 1.240544
v 0.463761 2.692967 1.165679
v 0.444258 2.530040 1.194272
v 0.590087 2.374006 1.215354
v 0.668520 2.274132 1.332259
v 0.682653 2.365033 1.371933
v 0.714710 2.171680 1.390193
v 0.701273 2.288538 1.423642
v 0.737084 2.178986 1.467632
v 0.758290 2.043701 1.446924
v 0.400915 2.421915 1.169953
v 0.435644 2.480756 1.235938
v 0.379535 2.368660 1.283456
v 0.260418 2.261309 1.338899
v 0.644033 2.087312 1.391438
v 0.695133 2.316196 1.446924
v 0.685176 2.361028 1.484648
v 0.742777 2.295981 1.516353
v 0.737059 2.244428 1.491743
v 0.718116 2.268649 1.544407
v 0.709825 2.216168 1.516810
v 0.762889 2.330447 1.559222
v 0.691217 2.415572 1.534862
v 0.692970 2.011607 1.443645
v 0.821720 1.943311 1.504028
v 0.769402 1.929920 1.492615
v 0.584431 1.943844 1.472239
v 0.679943 1.867022 1.526562
v 0.525140 1.987146 1.434889
v 0.733914 1.824391 1.557894
v 0.730782 2.278447 1.582296
v 0.807823 1.866833 1.530463
v 0.802404 1.820505 1.566526
v 0.847226 1.883558 1.548433
v 0.844318 1.968374 1.534447
v 0.829538 1.833003 1.596573
v 0.858165 1.909344 1.570801
v 0.841695 1.854215 1.618858
v 0.797892 1.806393 1.621680
v 0.805113 1.824769 1.645542
v 0.775928 1.798365 1.588148
v 0.795020 1.861882 1.616990
v 0.780688 1.845001 1.632138
v 0.831477 1.904805 1.578437
v 0.761173 2.077238 1.488673
v 0.744219 2.072855 1.505563
v 0.819644 1.964420 1.546731
v 0.706978 2.154473 1.491121
v 0.177436 2.388446 1.846983
v 0.190574 2.395924 1.844535
v 0.179735 2.418718 1.845406
v 0.160904 2.413870 1.851341
v 0.232550 2.363899 1.883960
v 0.237174 2.376327 1.871510
v 0.165006 2.425817 1.872464
v 0.182408 2.432384 1.859848
v 0.182955 2.426574 1.893297
v 0.196031 2.434051 1.875452
v 0.240120 2.422070 1.893380
v 0.243961 2.417772 1.908279
v 0.277261 2.410398 1.883420
v 0.279822 2.402679 1.897904
v 0.289877 2.396543 1.870763
v 0.299672 2.388893 1.885578
v 0.470809 2.119199 1.740826
v 0.458453 2.094686 1.766432
v 0.401250 2.145225 1.734560
v 0.543387 2.089701 1.783779
v 0.451766 2.083220 1.766598
v 0.427415 2.065257 1.736386
v 0.389293 2.124150 1.715179
v 0.439858 2.027284 1.695093
v 0.411468 2.085730 1.671065
v 0.409640 2.115073 1.657038
v 0.418565 2.043855 1.638819
v 0.415060 2.165767 1.713810
v 0.460007 1.981662 1.654216
v 0.471455 2.012243 1.664425
v 0.487229 2.082069 1.782741
v 0.525190 2.080693 1.811335
v 0.526545 2.064140 1.806023
v 0.580354 2.043684 1.822623
v 0.622604 1.992199 1.848892
v 0.648620 1.958163 1.876075
v 0.526122 1.920259 1.649609
v 0.517856 1.964231 1.662391
v 0.527850 1.982487 1.654257
v 0.489839 2.019239 1.656291
v 0.706618 2.107579 1.536190
v 0.735244 2.048411 1.546150
v 0.765835 2.086401 1.567315
v 0.744915 2.119629 1.560550
v 0.725350 2.109401 1.525317
v 0.760751 2.115555 1.549968
v 0.744219 2.072855 1.505563
v 0.762180 2.147374 1.597735
v 0.778811 2.096096 1.557396
v 0.749241 2.062833 1.532040
v 0.765835 2.086401 1.567315
v 0.735244 2.048411 1.546150
v 0.808395 1.904118 1.614044
v 0.795020 1.861882 1.616990
v 0.831279 1.910564 1.585450
v 0.831477 1.904805 1.578437
v 0.816785 1.970918 1.569888
v 0.819644 1.964420 1.546731
v 0.744219 2.072855 1.505563
v 0.757867 2.027112 1.529342
v 0.749241 2.062833 1.532040
v 0.743523 2.007980 1.559388
v 0.757867 2.027112 1.529342
v 0.786344 2.058037 1.592215
v 0.772249 2.069761 1.579557
v 0.743523 2.007980 1.559388
v 0.749241 2.062833 1.532040
v 0.846132 1.889042 1.811169
v 0.853752 1.952680 1.891306
v 0.886455 1.892446 1.805691
v 0.857879 1.837971 1.727422
v 0.903397 1.870632 1.823827
v 0.832596 1.843368 1.731530
v 0.861831 1.875909 1.822249
v 0.946169 1.942348 1.936043
v 0.886716 1.928098 1.932847
v 0.846132 1.889042 1.811169
v 0.853752 1.952680 1.891306
v 0.923758 1.961636 1.903050
v 0.832596 1.843368 1.731530
v 0.668358 1.950857 1.808803
v 0.656712 2.018861 1.824905
v 0.705189 1.924849 1.810297
v 0.622604 1.992199 1.848892
v 0.657047 1.864598 1.742154
v 0.648930 1.913143 1.835031
v 0.691963 1.913693 1.828931
v 0.699993 1.962186 1.870265
v 0.648620 1.958163 1.876075
v 0.705189 1.924849 1.810297
v 0.712211 1.982900 1.851424
v 0.712211 1.982900 1.851424
v 0.562480 2.020769 1.770375
v 0.601622 2.056438 1.802703
v 0.541697 2.009046 1.789381
v 0.580354 2.043684 1.822623
v 0.526545 2.064140 1.806023
v 0.520640 2.035192 1.776517
v 0.536861 1.968116 1.728460
v 0.520640 2.035192 1.776517
v 0.526545 2.064140 1.806023
v 0.786096 1.907951 1.864289
v 0.799420 1.882424 1.874830
v 0.765859 1.936040 1.908445
v 0.819594 1.922408 1.885993
v 0.820390 1.928064 1.924962
v 0.853690 1.941076 1.911267
v 0.839793 1.895592 1.856612
v 0.798389 1.864925 1.803865
v 0.839793 1.895592 1.856612
v 0.853752 1.952680 1.891306
v 0.853752 1.952680 1.891306
v 0.743523 2.007980 1.559388
v 0.671391 1.982538 1.610558
v 0.761671 1.882682 1.639608
v 0.781907 1.959934 1.589310
v 0.793156 1.935988 1.599851
v 0.613045 1.916684 1.645542
v 0.669440 1.881238 1.663595
v 0.735244 2.048411 1.546150
v 0.706618 2.107579 1.536190
v 0.683734 2.154886 1.528222
v 0.610236 2.064965 1.602922
v 0.575370 1.936555 1.651726
v 0.693952 1.866575 1.665379
v 0.527850 1.982487 1.654257
v 0.489839 2.019239 1.656291
v 0.970196 1.986492 1.877693
v 0.963472 1.954450 1.924630
v 0.914907 1.913039 1.787182
v 0.897133 1.924729 1.777471
v 0.919991 1.999024 1.847564
v 0.862714 1.864443 1.711611
v 0.919817 1.882115 1.812995
v 0.923758 1.961636 1.903050
v 0.890520 1.895282 1.803035
v 0.863037 1.841581 1.724019
v 0.897133 1.924729 1.777471
v 0.919991 1.999024 1.847564
v 0.862714 1.864443 1.711611
v 0.927599 2.006948 1.770831
v 0.944802 2.061234 1.790294
v 0.953180 1.989999 1.773279
v 0.935715 2.003648 1.809302
v 0.907126 1.940990 1.732070
v 0.929724 1.958524 1.797225
v 0.943932 2.004215 1.851631
v 0.963658 2.028298 1.830342
v 0.929724 1.958524 1.797225
v 0.919991 1.999024 1.847564
v 0.919991 1.999024 1.847564
v 0.900625 1.998319 1.718706
v 0.885585 2.060117 1.763610
v 0.896213 2.099465 1.740702
v 0.926119 2.087277 1.748586
v 0.944802 2.061234 1.790294
v 0.885585 2.060117 1.763610
v 0.635034 1.983329 1.779795
v 0.600814 1.962375 1.803657
v 0.572722 1.936074 1.756306
v 0.583238 1.990154 1.793615
v 0.656712 2.018861 1.824905
v 0.601622 2.056438 1.802703
v 0.601386 2.002067 1.770831
v 0.622604 1.992199 1.848892
v 0.580354 2.043684 1.822623
v 0.601622 2.056438 1.802703
v 0.601386 2.002067 1.770831
v 0.856810 2.004370 1.610226
v 0.853677 2.080522 1.686420
v 0.888631 2.080831 1.676750
v 0.872273 2.041758 1.699949
v 0.821509 2.134155 1.716051
v 0.867102 2.091283 1.749085
v 0.847910 2.149849 1.700074
v 0.891887 2.128361 1.715428
v 0.896213 2.099465 1.740702
v 0.894808 2.055613 1.694969
v 0.872273 2.041758 1.699949
v 0.867102 2.091283 1.749085
v 0.820601 2.109504 1.592589
v 0.830707 2.123204 1.651809
v 0.808395 2.104622 1.665296
v 0.788569 2.133020 1.647202
v 0.778314 2.180069 1.686005
v 0.821509 2.134155 1.716051
v 0.847910 2.149849 1.700074
v 0.814958 2.152273 1.640562
v 0.788569 2.133020 1.647202
v 0.778314 2.180069 1.686005
v 0.802963 2.199442 1.675630
v 0.526122 1.920259 1.649609
v 0.646420 1.851723 1.682436
v 0.575929 1.899820 1.649484
v 0.554338 1.926465 1.660773
v 0.631914 1.833071 1.670733
v 0.697383 1.810982 1.666998
v 0.699247 1.818185 1.672642
v 0.757171 1.835409 1.641973
v 0.726717 1.846961 1.667952
v 0.941284 2.065670 1.940317
v 0.793156 1.935988 1.599851
v 0.761671 1.882682 1.639608
v 0.811589 1.866025 1.671770
v 0.836661 1.891758 1.653843
v 0.808395 1.904118 1.614044
v 0.841136 1.860936 1.656872
v 0.795020 1.861882 1.616990
v 0.773330 1.870563 1.644007
v 0.822553 1.856759 1.672144
v 0.811589 1.866025 1.671770
v 0.849849 1.888011 1.732899
v 0.857282 1.900920 1.727546
v 0.761671 1.882682 1.639608
v 0.849849 1.888011 1.732899
v 0.857667 1.954330 1.604582
v 0.816785 1.970918 1.569888
v 0.793156 1.935988 1.599851
v 0.836984 1.934475 1.623256
v 0.867040 1.920981 1.618152
v 0.831279 1.910564 1.585450
v 0.844703 1.915326 1.634545
v 0.808395 1.904118 1.614044
v 0.874435 1.944205 1.680195
v 0.844703 1.915326 1.634545
v 0.808395 1.904118 1.614044
v 0.836002 1.988589 1.591427
v 0.816785 1.970918 1.569888
v 0.757867 2.027112 1.529342
v 0.820154 2.007189 1.587567
v 0.804094 1.998542 1.589600
v 0.743523 2.007980 1.559388
v 0.781907 1.959934 1.589310
v 0.820999 1.978963 1.599270
v 0.840663 2.015698 1.642886
v 0.781907 1.959934 1.589310
v 0.820999 1.978963 1.599270
v 0.522903 2.227994 1.240835
v 0.363960 2.098623 1.328316
v 0.457832 2.038819 1.394592
v 0.595295 2.164185 1.333339
v 0.065727 2.174774 1.394924
v 0.944802 2.061234 1.790294
v 0.935715 2.003648 1.809302
v 0.885585 2.060117 1.763610
v 0.757171 1.835409 1.641973
v 0.780688 1.845001 1.632138
v 0.773330 1.870563 1.644007
v 0.795020 1.861882 1.616990
v 0.584431 1.943844 1.472239
v 0.778314 2.180069 1.686005
v 0.775741 2.238498 1.641475
v 0.770968 2.210323 1.611181
v 0.775667 2.169927 1.629565
v 0.776549 2.135822 1.570178
v 0.798874 2.188973 1.619522
v 0.770968 2.210323 1.611181
v 0.802963 2.199442 1.675630
v 0.775741 2.238498 1.641475
v 0.744778 2.262254 1.612633
v 0.775741 2.238498 1.641475
v 0.761733 2.215824 1.594083
v 0.740664 2.227737 1.653469
v 0.744778 2.262254 1.612633
v 0.669440 1.881238 1.663595
v 0.646420 1.851723 1.682436
v 0.693952 1.866575 1.665379
v 0.543387 2.089701 1.783779
v 0.526545 2.064140 1.806023
v 0.503052 2.034831 1.764897
v 0.487229 2.082069 1.782741
v 0.487229 2.082069 1.782741
v 0.575370 1.936555 1.651726
v 0.554338 1.926465 1.660773
v 0.613045 1.916684 1.645542
v 0.551106 2.077668 1.773279
v 0.601622 2.056438 1.802703
v 0.526545 2.064140 1.806023
v 0.775741 2.238498 1.641475
v 0.778314 2.180069 1.686005
v 0.740167 2.209945 1.648406
v 0.743523 2.007980 1.559388
v 0.749241 2.062833 1.532040
v 0.735244 2.048411 1.546150
v 0.793156 1.935988 1.599851
v 0.816785 1.970918 1.569888
v 0.781907 1.959934 1.589310
v 0.744778 1.961601 1.856612
v 0.819594 1.922408 1.885993
v 0.765859 1.936040 1.908445
v 0.487229 2.082069 1.782741
v 0.740664 2.227737 1.653469
v 0.775741 2.238498 1.641475
v 0.740167 2.209945 1.648406
v 0.896213 2.099465 1.740702
v 0.885585 2.060117 1.763610
v 0.867102 2.091283 1.749085
v 0.377124 2.918104 1.332052
v 0.402158 3.005533 1.373219
v 0.472611 2.958965 1.414263
v 0.440181 2.875198 1.376540
v 0.425576 3.094027 1.369650
v 0.467179 2.995786 1.446342
v 0.454314 2.925204 1.462943
v 0.458465 2.850994 1.410362
v 0.453407 3.067623 1.413474
v 0.380679 3.162288 1.342052
v 0.381238 2.868683 1.275820
v 0.445190 2.798926 1.287854
v 0.378230 3.130968 1.292958
v 0.371891 3.041133 1.254321
v 0.356950 3.122562 1.308022
v 0.337223 3.046823 1.276523
v 0.344495 3.033191 1.374340
v 0.378230 3.130968 1.292958
v 0.371891 3.041133 1.254321
v 0.294501 2.902135 1.284492
v 0.381238 2.868683 1.275820
v 0.394115 3.082268 1.394218
v 0.365825 3.153126 1.357532
v 0.425576 3.094027 1.369650
v 0.453407 3.067623 1.413474
v 0.380679 3.162288 1.342052
v 0.415781 3.054799 1.441860
v 0.315172 2.988600 1.383055
v 0.412773 3.004089 1.461448
v 0.292774 2.968643 1.396003
v 0.467179 2.995786 1.446342
v 0.399672 2.955664 1.479459
v 0.454314 2.925204 1.462943
v 0.551106 2.077668 1.773279
v 0.526545 2.064140 1.806023
v 0.543387 2.089701 1.783779
v 0.712211 1.982900 1.851424
v 0.744778 1.961601 1.856612
v 0.699993 1.962186 1.870265
v 0.184881 2.408696 1.863583
v 0.230909 2.396096 1.888981
v 0.229828 2.425508 1.899357
v 0.192115 2.437025 1.881262
v 0.192662 2.384836 1.847896
v 0.236006 2.370483 1.871800
v 0.279163 2.417841 1.896161
v 0.166646 2.398296 1.835571
v 0.168101 2.445448 1.856818
v 0.299859 2.390285 1.876116
v 0.610571 2.691901 1.647908
v 0.621684 2.669503 1.630893
v 0.592548 2.693895 1.594332
v 0.588110 2.714077 1.619729
v 0.595680 2.666804 1.581715
v 0.624779 2.642497 1.615040
v 0.613182 2.651539 1.675547
v 0.576650 2.685145 1.564783
v 0.562567 2.721434 1.596323
v 0.615270 2.610954 1.667828
v 0.462132 2.635071 1.887529
v 0.427341 2.738830 1.929734
v 0.384979 2.625256 1.883462
v 0.375073 2.702645 1.835986
v 0.465551 2.681415 1.830259
v 0.462132 2.635071 1.887529
v 0.183887 2.877106 1.744147
v 0.171370 2.825639 1.686710
v 0.168610 2.758839 1.740245
v 0.181649 2.829988 1.774690
v 0.248722 2.780808 1.744935
v 0.236863 2.824660 1.766266
v 0.256515 2.821204 1.682353
v 0.238343 2.869801 1.737133
v 0.248722 2.780808 1.744935
v 0.236863 2.824660 1.766266
v 0.257758 2.937942 1.884541
v 0.586146 2.601774 1.315783
v 0.628632 2.376550 1.207801
v 0.527017 2.450742 1.053047
v 0.463761 2.692967 1.165679
v 0.691888 2.293901 1.344502
v 0.668147 2.506713 1.458586
v 0.444258 2.530040 1.194272
v 0.691217 2.415572 1.534862
v 0.726431 2.245563 1.426174
v 0.762889 2.330447 1.559222
v 0.778289 2.215962 1.482614
v 0.549068 2.021302 1.070975
v 0.624095 2.002255 1.252372
v 0.671764 1.971073 1.525026
v 0.712050 1.964248 1.594207
v 0.654139 1.982092 1.428539
v 0.501448 2.028247 1.006028
v 0.469155 2.474671 0.997022
v 0.435644 2.480756 1.235938
v 0.864330 2.128104 1.506310
v 0.798153 2.331874 1.678577
v 0.886057 2.252215 1.713561
v 0.937232 2.044698 1.559637
v 0.947362 2.158564 1.801292
v 0.993838 1.963269 1.651519
v 0.762889 2.330447 1.559222
v 0.637557 2.561807 1.420239
v 0.604269 2.555155 1.438458
v 0.597072 2.541798 1.407997
v 0.617097 2.545923 1.397082
v 0.667153 2.532412 1.386749
v 0.633666 2.530831 1.378988
v 0.639397 2.594382 1.406420
v 0.587265 2.585048 1.435553
v 0.677669 2.555000 1.362388
v 0.625748 2.594107 1.381852
v 0.575220 2.585667 1.410362
v 0.656401 2.562821 1.346701
v 0.611964 2.564162 1.376083
v 0.581286 2.558919 1.393348
v 0.629204 2.547900 1.356993
v 0.617097 2.545923 1.397082
v 0.597072 2.541798 1.407997
v 0.633666 2.530831 1.378988
v 0.626842 2.502914 1.369693
v 0.655966 2.480670 1.368572
v 0.663759 2.486945 1.338028
v 0.627352 2.453355 1.373676
v 0.609589 2.486566 1.372846
v 0.619409 2.443282 1.345332
v 0.645152 2.508535 1.327404
v 0.602405 2.465784 1.334085
v 0.622343 2.518402 1.346992
v 0.596339 2.492514 1.351101
v 0.626842 2.502914 1.369693
v 0.609589 2.486566 1.372846
v 0.610907 2.608856 1.359359
v 0.577619 2.602204 1.377578
v 0.570410 2.588847 1.347116
v 0.590435 2.592973 1.336201
v 0.640503 2.579461 1.325868
v 0.607004 2.577880 1.318107
v 0.612734 2.641448 1.345540
v 0.560603 2.632114 1.374673
v 0.651019 2.602049 1.301508
v 0.599086 2.641173 1.320971
v 0.548558 2.632716 1.349481
v 0.629738 2.609888 1.285863
v 0.585301 2.611211 1.315202
v 0.554624 2.605985 1.332467
v 0.602542 2.594949 1.296113
v 0.590435 2.592973 1.336201
v 0.570410 2.588847 1.347116
v 0.607004 2.577880 1.318107
v 0.600192 2.549963 1.308812
v 0.629303 2.527719 1.307691
v 0.637110 2.533994 1.277147
v 0.600702 2.500404 1.312796
v 0.582940 2.533615 1.311966
v 0.592759 2.490348 1.284451
v 0.618502 2.555584 1.266523
v 0.575755 2.512833 1.273205
v 0.595680 2.565451 1.286112
v 0.569689 2.539563 1.290220
v 0.600192 2.549963 1.308812
v 0.582940 2.533615 1.311966
v 0.029021 1.960312 1.614625
v 0.019637 2.205407 1.689947
v -0.163358 2.254210 1.579848
v -0.142040 1.993936 1.500624
v 0.199163 2.178591 1.768299
v 0.217137 1.947849 1.660773
v -0.264874 2.191724 1.439911
v 0.321909 2.157172 1.778799
v 0.311866 1.935730 1.718873
v 0.398466 2.075485 1.799881
v 0.367888 1.918162 1.789838
v -0.123308 1.610444 1.508053
v 0.032962 1.602158 1.643758
v 0.294912 1.597929 1.795814
v 0.349616 1.593271 1.856860
v 0.202532 1.599528 1.741407
v -0.173289 1.616924 1.440532
v -0.201083 2.026923 1.436507
v -0.423965 2.280063 1.320225
v 0.576314 2.035501 1.918114
v 0.494674 2.119543 1.879021
v 0.490299 1.866403 1.753359
v 0.589279 1.801253 1.789423
v 0.710061 1.992543 1.957996
v 0.718315 1.770500 1.833496
v 0.398466 2.075485 1.799881
v 0.134540 2.218196 1.713478
v 0.150450 2.237638 1.738170
v 0.131271 2.207573 1.754605
v 0.122967 2.200198 1.723438
v 0.123663 2.152152 1.745682
v 0.118319 2.170271 1.719330
v 0.098368 2.215858 1.763735
v 0.128138 2.263836 1.738751
v 0.088847 2.143024 1.751243
v 0.078555 2.211269 1.743233
v 0.107243 2.258249 1.719454
v 0.070861 2.153167 1.733439
v 0.093757 2.201591 1.718333
v 0.111209 2.230040 1.703808
v 0.089071 2.169996 1.713685
v 0.122967 2.200198 1.723438
v 0.134540 2.218196 1.713478
v 0.118319 2.170271 1.719330
v 0.129344 2.154834 1.698289
v 0.143290 2.121984 1.707170
v 0.114291 2.102508 1.700945
v 0.165540 2.130235 1.678701
v 0.142731 2.159922 1.681191
v 0.149157 2.114283 1.655917
v 0.091234 2.120987 1.693226
v 0.125006 2.131765 1.649360
v 0.100531 2.153322 1.691607
v 0.121053 2.159974 1.665006
v 0.129344 2.154834 1.698289
v 0.142731 2.159922 1.681191
v 0.053683 2.227324 1.688412
v 0.069593 2.246766 1.713105
v 0.050401 2.216701 1.729539
v 0.042110 2.209327 1.698330
v 0.042806 2.161280 1.720616
v 0.037461 2.179399 1.694264
v 0.017511 2.224987 1.738669
v 0.047281 2.272964 1.713685
v 0.007990 2.152152 1.726177
v -0.002315 2.220397 1.718168
v 0.026374 2.267377 1.694388
v -0.009996 2.162294 1.708373
v 0.012900 2.210719 1.693267
v 0.030351 2.239168 1.678742
v 0.008214 2.179124 1.688619
v 0.042110 2.209327 1.698330
v 0.053683 2.227324 1.688412
v 0.037461 2.179399 1.694264
v 0.048474 2.163962 1.673223
v 0.062433 2.131095 1.682104
v 0.033434 2.111636 1.675837
v 0.084671 2.139363 1.653593
v 0.061861 2.169050 1.656125
v 0.068288 2.123394 1.630810
v 0.010376 2.130115 1.668160
v 0.044149 2.140893 1.624295
v 0.019674 2.162449 1.666500
v 0.040184 2.169102 1.639940
v 0.048474 2.163962 1.673223
v 0.061861 2.169050 1.656125
v -0.121767 2.988841 1.054997
v -0.092842 3.000616 1.072966
v -0.113936 3.034205 1.067198
v -0.134346 3.009091 1.051470
v -0.168007 3.047064 1.067198
v -0.163246 3.016964 1.051262
v -0.104415 3.052771 1.041219
v -0.070269 3.000702 1.050141
v -0.175949 3.068723 1.041426
v -0.118386 3.041614 1.018892
v -0.084688 2.991437 1.027442
v -0.175489 3.054490 1.019016
v -0.136882 3.014609 1.025242
v -0.116521 2.984097 1.030429
v -0.167646 3.022499 1.025076
v -0.134346 3.009091 1.051470
v -0.121767 2.988841 1.054997
v -0.163246 3.016964 1.051262
v -0.185334 2.997195 1.056492
v -0.210219 3.011721 1.076618
v -0.187124 2.973576 1.061388
v -0.213413 2.972459 1.084794
v -0.232270 3.022929 1.053793
v -0.238522 2.961423 1.066659
v -0.220399 3.017789 1.028894
v -0.227111 2.958174 1.041384
v -0.191387 3.001888 1.030553
v -0.195353 2.965686 1.038148
v -0.185334 2.997195 1.056492
v -0.187124 2.973576 1.061388
v 0.057784 3.018700 1.118949
v -0.155353 3.028051 1.136835
v -0.142102 2.975450 1.149617
v 0.051458 2.967457 1.138661
v 0.253470 2.927902 1.122683
v 0.225130 2.890016 1.142895
v 0.364656 2.716620 1.168085
v 0.415681 2.735564 1.160699
v 0.435644 2.480756 1.235938
v 0.488409 2.466265 1.231787
v 0.379535 2.368660 1.283456
v 0.420069 2.326012 1.289846
v 0.260418 2.261309 1.338899
v 0.292438 2.219485 1.353881
v -0.168553 2.993225 0.963738
v 0.087070 2.987466 0.949545
v 0.302854 2.895551 0.945852
v 0.482182 2.708988 0.971126
v 0.435383 2.687982 0.965855
v 0.279834 2.853865 0.932490
v 0.515457 2.432023 1.040805
v 0.091805 2.936498 0.943943
v 0.543810 2.430080 1.061057
v 0.407776 2.299264 1.100192
v 0.449155 2.277484 1.123638
v 0.316913 2.168517 1.188794
v 0.284334 2.201969 1.161362
v 0.075075 2.061028 1.263037
v 0.078779 2.125233 1.411608
v 0.062744 2.101734 1.236021
v -0.156384 2.935793 0.958675
v -0.394332 2.875078 0.996774
v -0.343071 2.925118 1.158292
v -0.476445 2.757481 1.194314
v -0.546637 2.697230 1.029143
v -0.530105 2.514758 1.253451
v -0.620657 2.451516 1.079275
v -0.537762 2.177559 1.167131
v -0.465295 2.243603 1.325329
v -0.376395 2.084750 1.204606
v -0.333276 2.150141 1.363758
v -0.199616 2.047929 1.239465
v -0.161816 2.113440 1.398452
v 0.075075 2.061028 1.263037
v 0.078779 2.125233 1.411608
v 0.065727 2.174774 1.394924
v -0.154545 2.164426 1.379611
v 0.062744 2.101734 1.236021
v -0.191176 2.090939 1.208009
v -0.475599 2.520448 1.250504
v -0.571894 2.452822 1.064667
v -0.511969 2.669004 1.010136
v -0.378459 2.826705 0.990092
v -0.316085 2.205338 1.353632
v -0.423965 2.280063 1.320225
v -0.431075 2.736819 1.207261
v -0.311573 2.882693 1.174269
v 0.370126 2.868012 1.038937
v 0.425302 2.851201 1.047113
v 0.403140 2.826310 1.046200
v 0.372947 2.834526 1.041842
v 0.391194 2.819485 1.070145
v 0.362518 2.826877 1.066037
v 0.340654 2.817285 1.039102
v 0.341884 2.814947 1.064336
v 0.446334 2.796055 1.053877
v 0.453643 2.790709 1.080147
v 0.429591 2.732143 1.081558
v 0.408584 2.750983 1.098904
v 0.424606 2.787976 1.098158
v 0.427067 2.859744 1.071598
v 0.405079 2.840732 1.091766
v 0.400815 2.790709 1.073548
v 0.423599 2.738967 1.055371
v 0.391194 2.819485 1.070145
v 0.391070 2.768534 1.074005
v 0.413693 2.796055 1.049810
v 0.399783 2.761452 1.050682
v 0.400815 2.790709 1.073548
v 0.391070 2.768534 1.074005
v 0.362518 2.826877 1.066037
v 0.352338 2.856186 1.083965
v 0.341884 2.814947 1.064336
v 0.317932 2.836572 1.081143
v 0.357957 2.881042 1.061389
v 0.303352 2.851338 1.056783
v 0.316838 2.839769 1.034414
v 0.519509 2.612174 1.100440
v 0.556613 2.569405 1.115380
v 0.525277 2.559847 1.112143
v 0.504456 2.582418 1.104050
v 0.508844 2.562563 1.134513
v 0.488857 2.583656 1.126835
v 0.468671 2.584567 1.097660
v 0.465526 2.584257 1.122851
v 0.545438 2.511904 1.125298
v 0.545761 2.505905 1.152274
v 0.495370 2.468861 1.151443
v 0.485153 2.497654 1.165927
v 0.517670 2.520620 1.166632
v 0.559546 2.578017 1.139782
v 0.528844 2.575318 1.157337
v 0.501883 2.533254 1.139326
v 0.496912 2.475427 1.124717
v 0.508844 2.562563 1.134513
v 0.482269 2.519554 1.138870
v 0.518328 2.528819 1.117330
v 0.488795 2.506747 1.116916
v 0.501883 2.533254 1.139326
v 0.482269 2.519554 1.138870
v 0.488857 2.583656 1.126835
v 0.493083 2.615698 1.143061
v 0.465526 2.584257 1.122851
v 0.454301 2.616918 1.136338
v 0.513195 2.631805 1.121066
v 0.452400 2.634968 1.110276
v 0.460566 2.615887 1.089900
v 0.515420 2.336790 1.167172
v 0.508384 2.285271 1.192902
v 0.480715 2.300708 1.184395
v 0.483599 2.328745 1.170367
v 0.469777 2.320322 1.202572
v 0.472126 2.346880 1.189292
v 0.461610 2.354393 1.156880
v 0.457210 2.363125 1.180701
v 0.458727 2.257544 1.205519
v 0.452412 2.260398 1.232244
v 0.391965 2.271898 1.224857
v 0.404594 2.302341 1.234237
v 0.442916 2.294348 1.239300
v 0.514550 2.295345 1.216349
v 0.490523 2.320391 1.227513
v 0.443637 2.307034 1.208548
v 0.399908 2.268116 1.198629
v 0.469777 2.320322 1.202572
v 0.420629 2.311968 1.205477
v 0.453307 2.286372 1.190868
v 0.417621 2.292887 1.186636
v 0.443637 2.307034 1.208548
v 0.420629 2.311968 1.205477
v 0.472126 2.346880 1.189292
v 0.496663 2.369520 1.202945
v 0.457210 2.363125 1.180701
v 0.472027 2.396646 1.188628
v 0.523586 2.359910 1.184104
v 0.485861 2.403195 1.161321
v 0.479323 2.379163 1.144887
v 0.113570 2.998725 1.046863
v 0.143179 3.001888 1.044124
v 0.154614 3.028601 1.061844
v 0.162408 2.978407 1.044995
v 0.191631 2.986228 1.063172
v 0.161065 2.954289 1.047610
v 0.189617 2.946107 1.067488
v 0.212140 2.996903 1.039019
v 0.210189 2.933850 1.045742
v 0.162731 3.051997 1.037318
v 0.157274 3.041030 1.014037
v 0.196553 2.996955 1.015405
v 0.195322 2.935741 1.021880
v 0.165814 2.985523 1.019099
v 0.164956 2.948376 1.023042
v 0.145192 3.010053 1.018227
v 0.162408 2.978407 1.044995
v 0.161065 2.954289 1.047610
v 0.143179 3.001888 1.044124
v 0.113869 3.007131 1.021091
v 0.113570 2.998725 1.046863
v 0.099388 3.037386 1.019141
v 0.089556 2.979730 1.025947
v 0.090140 3.047665 1.043709
v 0.049233 3.000822 1.051926
v 0.074030 2.994204 1.071970
v 0.099500 3.024562 1.066742
v 0.059189 2.992365 1.027109
v 0.098356 2.980384 1.050017
v 0.098356 2.980384 1.050017
v -0.518234 2.190692 1.142231
v -0.354432 2.121313 1.174974
v 0.065727 2.174774 1.394924
v -0.378434 2.869061 1.096788
v -0.357813 2.893385 1.114301
v -0.394121 2.909320 1.115131
v -0.400211 2.878773 1.097287
v -0.445432 2.888520 1.120693
v -0.428216 2.868477 1.100192
v -0.400783 2.933042 1.091849
v -0.343319 2.909165 1.090439
v -0.467930 2.904765 1.099153
v -0.410205 2.918414 1.069108
v -0.354195 2.895860 1.067655
v -0.463841 2.896015 1.074959
v -0.409857 2.884859 1.072469
v -0.375898 2.871072 1.071598
v -0.439304 2.873599 1.075581
v -0.400211 2.878773 1.097287
v -0.378434 2.869061 1.096788
v -0.428216 2.868477 1.100192
v -0.435115 2.838910 1.103595
v -0.459975 2.834114 1.127084
v -0.487992 2.833461 1.107661
v -0.440435 2.799012 1.129325
v -0.423257 2.817869 1.104922
v -0.458371 2.777765 1.111313
v -0.479664 2.839082 1.081724
v -0.451498 2.784727 1.085335
v -0.446985 2.842451 1.079233
v -0.429795 2.809515 1.081391
v -0.435115 2.838910 1.103595
v -0.423257 2.817869 1.104922
v -0.520298 2.613669 1.148912
v -0.504424 2.644577 1.161818
v -0.542274 2.647327 1.171737
v -0.543057 2.615457 1.154847
v -0.580446 2.610644 1.188420
v -0.564262 2.596428 1.163893
v -0.562758 2.666082 1.151693
v -0.503318 2.663005 1.135923
v -0.612342 2.617073 1.173564
v -0.573113 2.647791 1.131483
v -0.515437 2.645453 1.116045
v -0.612789 2.608839 1.148954
v -0.560944 2.616488 1.133433
v -0.525928 2.614959 1.124096
v -0.583081 2.596067 1.142936
v -0.543057 2.615457 1.154847
v -0.520298 2.613669 1.148912
v -0.564262 2.596428 1.163893
v -0.559924 2.566414 1.167753
v -0.574107 2.554811 1.196098
v -0.604909 2.543568 1.183980
v -0.544362 2.528510 1.192405
v -0.541963 2.550702 1.165512
v -0.558930 2.501367 1.178502
v -0.606686 2.550221 1.157170
v -0.562473 2.508759 1.152066
v -0.578893 2.564334 1.147169
v -0.551982 2.539254 1.144056
v -0.559924 2.566414 1.167753
v -0.541963 2.550702 1.165512
v -0.519291 2.354341 1.219462
v -0.519999 2.389460 1.231912
v -0.552094 2.371686 1.245607
v -0.538657 2.343769 1.227638
v -0.563442 2.320322 1.264490
v -0.545692 2.316368 1.237930
v -0.581540 2.376224 1.228426
v -0.531820 2.405172 1.206847
v -0.595574 2.308340 1.253077
v -0.583566 2.354650 1.208672
v -0.535661 2.383306 1.187590
v -0.594940 2.300553 1.228344
v -0.557066 2.334589 1.208174
v -0.527930 2.351883 1.195392
v -0.564101 2.305521 1.219005
v -0.538657 2.343769 1.227638
v -0.519291 2.354341 1.219462
v -0.545692 2.316368 1.237930
v -0.526214 2.293231 1.240171
v -0.528601 2.276350 1.269262
v -0.550453 2.249980 1.259801
v -0.490540 2.269852 1.261626
v -0.503318 2.289449 1.235564
v -0.490789 2.238635 1.248180
v -0.558806 2.254106 1.233614
v -0.500969 2.242451 1.222575
v -0.543828 2.280837 1.221537
v -0.508700 2.273875 1.214773
v -0.526214 2.293231 1.240171
v -0.503318 2.289449 1.235564
v -0.406314 2.161521 1.265403
v -0.431572 2.185673 1.277272
v -0.438657 2.151155 1.294660
v -0.410702 2.140772 1.275861
v -0.407098 2.110827 1.315576
v -0.394494 2.118546 1.287356
v -0.462622 2.129668 1.280841
v -0.452703 2.184074 1.253409
v -0.420323 2.077083 1.308023
v -0.449608 2.111498 1.261834
v -0.440646 2.164374 1.235108
v -0.416022 2.069451 1.283580
v -0.417514 2.118356 1.258763
v -0.411970 2.150450 1.242536
v -0.400062 2.095081 1.270757
v -0.410702 2.140772 1.275861
v -0.406314 2.161521 1.265403
v -0.394494 2.118546 1.287356
v -0.364575 2.118356 1.287813
v -0.351635 2.108850 1.317237
v -0.347396 2.073663 1.310720
v -0.322400 2.132607 1.305575
v -0.347086 2.132727 1.280758
v -0.300684 2.110174 1.292793
v -0.357850 2.066890 1.285613
v -0.312083 2.101889 1.268432
v -0.368465 2.094514 1.271461
v -0.340759 2.115830 1.261004
v -0.364575 2.118356 1.287813
v -0.347086 2.132727 1.280758
v 0.459746 2.328212 1.203734
v 0.456551 2.300210 1.178585
v 0.483027 2.287523 1.196887
v 0.484917 2.304095 1.211785
v 0.458242 2.328143 1.238967
v 0.484034 2.304043 1.232618
v 0.452934 2.300021 1.263742
v 0.480889 2.287420 1.247268
v 0.439460 2.211251 1.263120
v 0.469876 2.214861 1.246728
v 0.436266 2.183249 1.237971
v 0.467987 2.198308 1.231870
v 0.437770 2.183335 1.202738
v 0.468869 2.198359 1.211037
v 0.443090 2.211457 1.177962
v 0.472014 2.214982 1.196388
v 0.456551 2.300210 1.178585
v 0.483027 2.287523 1.196887
v 0.464593 2.311349 1.292336
v 0.473419 2.358054 1.251252
v 0.475917 2.358174 1.192653
v 0.470597 2.311658 1.150904
v 0.441834 2.149832 1.249799
v 0.444320 2.149969 1.191201
v 0.453158 2.196657 1.150116
v 0.470597 2.311658 1.150904
v 0.511069 2.352570 1.193857
v 0.505762 2.306054 1.152107
v 0.508583 2.352433 1.252455
v 0.499746 2.305745 1.293540
v 0.482306 2.190744 1.292710
v 0.447142 2.196348 1.291507
v 0.476986 2.144228 1.251002
v 0.479485 2.144348 1.192405
v 0.488310 2.191053 1.151319
v 0.505762 2.306054 1.152107
v 0.516638 2.319136 1.205684
v 0.513443 2.291133 1.180535
v 0.515134 2.319067 1.240918
v 0.509814 2.290944 1.265651
v 0.496352 2.202192 1.265030
v 0.493158 2.174190 1.239922
v 0.494649 2.174258 1.204647
v 0.499969 2.202381 1.179912
v 0.513443 2.291133 1.180535
v 0.484917 2.304095 1.211785
v 0.483027 2.287523 1.196887
v 0.484034 2.304043 1.232618
v 0.480889 2.287420 1.247268
v 0.469876 2.214861 1.246728
v 0.467987 2.198308 1.231870
v 0.468869 2.198359 1.211037
v 0.472014 2.214982 1.196388
v 0.483027 2.287523 1.196887
v 0.455420 1.992285 1.192197
v 0.478354 1.959934 1.188919
v 0.461635 1.954037 1.216764
v 0.448074 1.973170 1.218673
v 0.416974 1.998371 1.196554
v 0.425340 1.976780 1.221247
v 0.385539 1.974614 1.199460
v 0.406744 1.962718 1.222948
v 0.372077 1.885845 1.198837
v 0.395744 1.890177 1.222450
v 0.394998 1.853493 1.195558
v 0.409305 1.871044 1.220542
v 0.433444 1.847408 1.191201
v 0.432039 1.867434 1.217969
v 0.464892 1.871165 1.188295
v 0.450635 1.881496 1.216267
v 0.478354 1.959934 1.188919
v 0.461635 1.954037 1.216764
v 0.358168 1.992285 1.212823
v 0.410399 2.031753 1.208050
v 0.474264 2.021646 1.200828
v 0.512362 1.967893 1.195392
v 0.378814 1.823531 1.206597
v 0.442679 1.813441 1.199376
v 0.494910 1.852892 1.194562
v 0.512362 1.967893 1.195392
v 0.478565 2.020683 1.232618
v 0.516650 1.966930 1.227181
v 0.414699 2.030791 1.239838
v 0.362469 1.991323 1.244653
v 0.345017 1.876321 1.243823
v 0.340729 1.877284 1.212034
v 0.383115 1.822569 1.238386
v 0.446980 1.812461 1.231166
v 0.499211 1.851929 1.226393
v 0.516650 1.966930 1.227181
v 0.462381 1.990721 1.243657
v 0.485302 1.958369 1.240378
v 0.423935 1.996806 1.248014
v 0.392487 1.973050 1.250919
v 0.379025 1.884281 1.250296
v 0.401959 1.851929 1.247019
v 0.440405 1.845844 1.242660
v 0.471840 1.869600 1.239797
v 0.485302 1.958369 1.240378
v 0.448074 1.973170 1.218673
v 0.461635 1.954037 1.216764
v 0.425340 1.976780 1.221247
v 0.406744 1.962718 1.222948
v 0.395744 1.890177 1.222450
v 0.409305 1.871044 1.220542
v 0.432039 1.867434 1.217969
v 0.450635 1.881496 1.216267
v 0.461635 1.954037 1.216764
v 0.425476 2.107733 1.206556
v 0.417869 2.080436 1.181615
v 0.447229 2.067337 1.195599
v 0.451728 2.083478 1.210374
v 0.430212 2.106668 1.241582
v 0.454525 2.082842 1.231083
v 0.429292 2.077857 1.266150
v 0.453978 2.065807 1.245607
v 0.415831 1.989088 1.265528
v 0.442978 1.993248 1.245109
v 0.408223 1.961790 1.240544
v 0.438478 1.977106 1.230335
v 0.403500 1.962856 1.205560
v 0.435681 1.977742 1.209627
v 0.404407 1.991666 1.180992
v 0.436228 1.994778 1.195102
v 0.417869 2.080436 1.181615
v 0.447229 2.067337 1.195599
v 0.445849 2.088412 1.292959
v 0.447366 2.136269 1.252165
v 0.439510 2.138056 1.193981
v 0.426881 2.092692 1.152523
v 0.415781 1.928064 1.250712
v 0.407913 1.929834 1.192529
v 0.409429 1.977691 1.151734
v 0.426881 2.092692 1.152523
v 0.474426 2.132521 1.190039
v 0.461797 2.087174 1.148580
v 0.482281 2.130751 1.248180
v 0.480777 2.082894 1.289017
v 0.463326 1.967893 1.288186
v 0.428410 1.973411 1.292170
v 0.450697 1.922528 1.246728
v 0.442841 1.924316 1.188586
v 0.444357 1.972173 1.147750
v 0.461797 2.087174 1.148580
v 0.481983 2.098794 1.200165
v 0.474376 2.071497 1.175224
v 0.486706 2.097728 1.235191
v 0.485799 2.068918 1.259759
v 0.472337 1.980149 1.259136
v 0.464730 1.952851 1.234154
v 0.459994 1.953917 1.199169
v 0.460914 1.982728 1.174601
v 0.474376 2.071497 1.175224
v 0.451728 2.083478 1.210374
v 0.447229 2.067337 1.195599
v 0.454525 2.082842 1.231083
v 0.453978 2.065807 1.245607
v 0.442978 1.993248 1.245109
v 0.438478 1.977106 1.230335
v 0.435681 1.977742 1.209627
v 0.436228 1.994778 1.195102
v 0.447229 2.067337 1.195599
v 0.491480 2.212420 1.196305
v 0.514599 2.180000 1.197052
v 0.493170 2.174877 1.222284
v 0.479510 2.194062 1.221827
v 0.452773 2.218591 1.195019
v 0.456613 2.197706 1.221040
v 0.421151 2.194904 1.193857
v 0.437906 2.183696 1.220375
v 0.407689 2.106152 1.193234
v 0.426906 2.111154 1.219877
v 0.430796 2.073714 1.193981
v 0.440566 2.091970 1.220293
v 0.469503 2.067543 1.195309
v 0.463462 2.088326 1.221081
v 0.501125 2.091231 1.196430
v 0.482170 2.102336 1.221745
v 0.514599 2.180000 1.197052
v 0.493170 2.174877 1.222284
v 0.391828 2.212936 1.202821
v 0.444370 2.252284 1.204688
v 0.508658 2.242039 1.206888
v 0.547054 2.188165 1.208092
v 0.412773 2.044061 1.203235
v 0.477073 2.033816 1.205436
v 0.529615 2.073164 1.207303
v 0.547054 2.188165 1.208092
v 0.507303 2.241953 1.238926
v 0.545699 2.188097 1.240129
v 0.443003 2.252215 1.236727
v 0.390461 2.212867 1.234817
v 0.373022 2.097866 1.234029
v 0.374377 2.097935 1.201991
v 0.411418 2.043993 1.235273
v 0.475706 2.033747 1.237473
v 0.528248 2.073095 1.239341
v 0.545699 2.188097 1.240129
v 0.489280 2.212317 1.248139
v 0.512387 2.179880 1.248886
v 0.450572 2.218488 1.246811
v 0.418951 2.194783 1.245690
v 0.405476 2.106031 1.245068
v 0.428596 2.073611 1.245815
v 0.467303 2.067423 1.247143
v 0.498925 2.091128 1.248263
v 0.512387 2.179880 1.248886
v 0.479510 2.194062 1.221827
v 0.493170 2.174877 1.222284
v 0.456613 2.197706 1.221040
v 0.437906 2.183696 1.220375
v 0.426906 2.111154 1.219877
v 0.440566 2.091970 1.220293
v 0.463462 2.088326 1.221081
v 0.482170 2.102336 1.221745
v 0.493170 2.174877 1.222284
v 0.415942 1.288234 0.667056
v 0.441610 1.600955 0.872356
v 0.279623 1.534842 0.986730
v 0.246136 1.227021 0.766822
v 0.092912 1.215349 0.706398
v 0.376614 1.258427 0.598456
v 0.586880 1.524184 0.493419
v 0.507775 1.446881 0.353523
v 0.669515 1.777238 0.402576
v 0.612809 1.837317 0.284011
v 0.747314 1.875204 0.345846
v 0.695319 1.932189 0.230683
v 0.666966 1.923491 0.080495
v 0.605077 1.992251 -0.142485
v 0.591069 1.795288 -0.029770
v 0.511243 1.896176 -0.240010
v 0.655295 1.943431 -0.003667
v 0.744070 1.983553 0.441047
v 0.669191 1.897861 0.577540
v 0.613182 1.778751 0.682867
v 0.525799 1.643517 0.146563
v 0.657433 2.072150 0.636181
v 0.615494 2.062523 0.715652
v 0.655916 2.210409 0.695733
v 0.573803 2.082859 0.871609
v 0.593244 2.329811 0.741423
v 0.788047 2.455951 0.668342
v 0.592473 2.594331 0.683821
v 0.982477 2.315664 0.498898
v 0.995951 2.522321 0.298785
v 0.865374 2.090096 0.519813
v 0.786145 2.693500 0.488314
v 0.879333 2.674728 0.088214
v 0.654362 2.832103 0.206405
v 0.437695 2.861755 0.006584
v 0.509217 2.797963 0.518942
v 0.513754 2.134859 0.877253
v 0.515457 2.432023 1.040805
v 0.407776 2.299264 1.100192
v 0.284334 2.201969 1.161362
v 0.370299 2.032407 1.029185
v 0.191158 1.976900 1.131483
v 0.251780 1.910117 1.158955
v 0.419100 1.963629 1.055787
v 0.062744 2.101734 1.236021
v 0.125105 1.891758 1.149452
v 0.200046 1.839415 1.171778
v 0.184956 1.530355 1.023416
v 0.164073 1.264306 0.821893
v 0.109083 1.546961 1.000840
v 0.041538 1.238057 0.814049
v 0.009320 1.176843 0.739182
v 0.363712 1.701843 0.956768
v 0.421722 1.732579 0.923816
v 0.453705 1.677588 0.936350
v 0.495606 1.644910 0.875302
v 0.510386 1.687180 0.784874
v 0.502082 1.629318 0.786161
v 0.472201 1.599528 0.819816
v 0.373134 1.645288 0.934648
v -0.081966 1.167079 0.758854
v -0.134508 1.157590 0.906926
v -0.038759 1.230304 0.900576
v 0.086759 1.514936 1.065455
v -0.002203 1.490595 1.107288
v -0.170120 1.496749 1.143061
v 0.052464 1.882888 1.244113
v -0.201095 1.562295 1.167131
v -0.148280 1.886120 1.298188
v -0.155713 1.960552 1.253907
v 0.051893 1.957888 1.190993
v 0.109593 1.827055 1.210416
v -0.191176 2.090939 1.208009
v -0.393748 2.010885 1.264988
v -0.354432 2.121313 1.174974
v -0.518234 2.190692 1.142231
v -0.533436 2.242898 1.274491
v -0.606848 2.511612 1.208299
v -0.571894 2.452822 1.064667
v -0.597923 2.571210 0.961166
v -0.511969 2.669004 1.010136
v -0.540608 2.659652 1.069730
v -0.514629 2.749023 0.987768
v -0.378459 2.826705 0.990092
v -0.447309 2.841041 0.918878
v -0.199082 2.936910 0.791306
v -0.156384 2.935793 0.958675
v 0.091805 2.936498 0.943943
v -0.504412 2.868872 0.856503
v -0.509645 2.922178 0.775619
v -0.291598 3.015571 0.643898
v -0.027286 2.986263 0.488604
v 0.065528 2.925857 0.674816
v 0.275483 2.835317 0.619787
v 0.279834 2.853865 0.932490
v 0.096181 2.911864 0.426273
v 0.376191 2.853779 0.418263
v 0.295794 2.895620 0.321195
v -0.147422 3.034137 0.255500
v 0.358317 2.927163 0.299365
v 0.341810 2.908701 0.233671
v 0.401250 2.897064 0.266456
v 0.346546 2.875438 0.186528
v 0.304582 2.870746 0.223919
v 0.247802 2.864987 0.109669
v 0.008338 2.766918 -0.036867
v 0.396092 2.864901 0.353647
v 0.226460 2.721983 -0.156471
v 0.171308 2.545940 -0.153939
v -0.106118 2.669330 -0.083223
v 0.691317 2.660134 -0.102727
v 0.486172 2.516150 -0.222746
v 0.449640 2.331633 -0.190418
v 0.069568 2.421949 -0.316577
v 0.388335 2.275284 -0.298234
v 0.367229 2.228338 -0.405554
v 0.523400 2.146565 -0.277194
v 0.478714 2.116981 -0.327076
v 0.362133 2.020098 -0.390530
v 0.567700 2.055922 -0.196227
v 0.511243 1.896176 -0.240010
v 0.605077 1.992251 -0.142485
v 0.655295 1.943431 -0.003667
v 0.238566 2.140652 -0.450706
v 0.023291 2.296427 -0.341145
v 0.184819 2.051676 -0.434271
v -0.129884 2.450742 -0.255779
v -0.257689 2.511560 -0.155931
v -0.301840 2.577536 -0.122067
v -0.279317 2.712907 -0.056206
v -0.450056 2.816133 0.032687
v -0.318907 2.810753 0.002890
v -0.222077 2.888279 0.086761
v -0.522597 2.926441 0.204746
v -0.463977 3.031352 0.346965
v -0.384525 3.045568 0.344185
v -0.252531 3.030905 0.402492
v -0.258261 3.016190 0.546704
v -0.326191 3.025989 0.606216
v -0.087224 2.881300 0.081905
v -0.326191 3.025989 0.606216
v -0.404338 2.994617 0.608539
v -0.502920 2.936480 0.722001
v -0.517712 2.990956 0.522593
v -0.552081 2.982378 0.519812
v -0.560111 3.006254 0.422080
v -0.504002 3.028773 0.394773
v -0.522597 2.926441 0.204746
v -0.463977 3.031352 0.346965
v -1.123575 2.315990 0.389420
v -1.312499 2.181324 0.538571
v -1.338490 2.352450 0.466030
v -1.241163 2.466488 0.431667
v -1.176999 2.491792 0.402576
v -1.070238 2.604920 0.409880
v -0.997286 2.613824 0.393281
v -1.026447 2.687139 0.555255
v -1.183525 2.131610 0.250396
v -1.368210 2.029742 0.489519
v -1.425724 1.910736 0.436108
v -1.314065 1.768626 0.255044
v -1.456960 2.027112 0.594307
v -0.850488 2.355218 0.037294
v -0.828673 2.715056 0.232219
v -1.076814 1.846600 0.007746
v -1.433244 1.860610 0.567912
v -1.433716 1.985014 0.706937
v -1.349839 1.801768 0.785165
v -1.271840 1.583215 0.545751
v -1.318204 1.674098 0.341198
v -0.872812 2.729959 0.366678
v -0.803838 2.833942 0.440341
v -0.730924 2.937718 0.505246
v -0.831980 2.859246 0.560733
v -0.753124 2.793459 0.813884
v -0.670862 2.793374 0.835379
v -0.936740 2.777903 0.618252
v -0.799451 2.772986 0.851482
v -0.986771 2.739053 0.645724
v -0.906746 2.735667 0.873809
v -0.804522 2.712495 0.933279
v -0.994589 2.715417 0.608540
v -1.352660 1.968838 0.924978
v -0.796082 2.642136 1.030720
v -0.645244 2.692400 0.977103
v -0.609272 2.850840 0.818655
v -0.615201 2.789901 0.869036
v -0.774168 2.738503 0.194827
v -0.817760 2.550548 0.111703
v -0.609806 2.639523 -0.045997
v -0.631695 2.449522 -0.143937
v -0.405245 2.444090 -0.176349
v -0.789370 1.919623 -0.093723
v -0.550415 2.003252 -0.213367
v -0.421976 2.178848 -0.209507
v -0.296657 2.025960 -0.273792
v -0.320063 2.279994 -0.221294
v -0.321641 2.339403 -0.209050
v -0.213848 2.205286 -0.296076
v -0.033961 2.084939 -0.404765
v -1.166633 1.661653 0.140296
v -0.617525 2.230195 1.273869
v -0.424288 1.948657 1.312340
v -0.394344 2.013859 1.278476
v -0.717450 2.230195 1.299475
v -0.285818 1.919142 1.311634
v -0.704324 2.501230 1.231663
v -0.829096 2.538326 1.298188
v -0.969393 2.734842 1.124054
v -0.807692 2.667010 1.076246
v -1.070574 2.805200 0.765535
v -0.907306 2.751000 0.877212
v -0.201642 1.557928 1.181158
v -0.454108 1.576597 1.170617
v -0.210505 1.492091 1.165139
v -0.366924 1.139747 0.968553
v -0.166192 1.488704 1.155262
v -0.131562 1.145076 0.913897
v -0.358944 1.108255 0.875718
v -0.076298 1.160392 0.771221
v -0.606276 2.579410 0.970546
v -0.595773 2.685437 1.044249
v -0.796965 2.656146 1.038564
v -0.907306 2.751000 0.877212
v -0.647133 2.706014 0.985319
v -0.607730 2.764408 0.925476
v -0.546798 2.669004 1.079857
v -0.520310 2.761383 0.995736
v -0.522162 2.829507 0.902900
v -0.508576 2.881644 0.864554
v -0.558035 2.922367 0.795291
v -0.621764 2.800868 0.878332
v -0.512268 2.937202 0.780723
v -0.506848 2.952226 0.724823
v -0.739811 2.950301 0.505496
v -0.617040 2.862408 0.826167
v -0.556096 2.998089 0.523050
v -0.566475 3.020556 0.421209
v -0.783938 2.748645 0.187980
v -0.527706 2.939970 0.198478
v -0.587519 2.832979 0.053520
v -0.452107 2.827547 0.022768
v -0.609806 2.639523 -0.045997
v -0.303369 2.585942 -0.134559
v -0.407719 2.450278 -0.189504
v -0.328030 2.449212 -0.200751
v -0.325992 2.343872 -0.222413
v -0.260361 2.521084 -0.167385
v -0.135452 2.458822 -0.267193
v 0.019376 2.299986 -0.354757
v -0.036335 2.079799 -0.418501
v 0.187666 2.046743 -0.447966
v 0.152240 1.951132 -0.422237
v -0.817760 2.550548 0.111703
v -0.405245 2.444090 -0.176349
v -0.321641 2.339403 -0.209050
v -0.301840 2.577536 -0.122067
v -0.257689 2.511560 -0.155931
v -0.129884 2.450742 -0.255779
v 0.023291 2.296427 -0.341145
v -0.033961 2.084939 -0.404765
v 0.184819 2.051676 -0.434271
v 0.122918 1.723347 -0.352350
v 0.254340 1.724035 -0.343220
v 0.140804 1.447775 -0.332928
v 0.271854 1.711572 -0.312926
v 0.261935 1.781054 -0.354882
v 0.311506 1.383708 -0.179295
v 0.123079 1.726614 -0.338365
v 0.255869 1.787483 -0.343013
v 0.262991 1.718105 -0.302260
v 0.184819 2.051676 -0.434271
v -0.326191 3.025989 0.606216
v -0.258261 3.016190 0.546704
v -0.364276 3.223742 0.494664
v -0.252531 3.030905 0.402492
v -0.361442 3.231547 0.421416
v -0.384525 3.045568 0.344185
v -0.429844 3.223845 0.381659
v -0.435525 3.208254 0.528154
v -0.404338 2.994617 0.608539
v -0.463977 3.031352 0.346965
v -0.501081 3.208357 0.415108
v -0.504002 3.028773 0.394773
v -0.456557 3.555303 0.517821
v -0.503927 3.200553 0.488355
v -0.501081 3.208357 0.415108
v -0.504002 3.028773 0.394773
v -0.517712 2.990956 0.522593
v -0.306141 2.947275 -0.058075
v -0.252555 2.982240 -0.011719
v -0.289249 3.288359 -0.151615
v -0.318907 2.810753 0.002890
v -0.222077 2.888279 0.086761
v -0.174433 2.991591 -0.031847
v -0.087224 2.881300 0.081905
v -0.281604 2.921679 -0.124557
v -0.279317 2.712907 -0.056206
v -0.149908 2.965995 -0.098371
v -0.203482 2.931031 -0.144727
v -0.281604 2.921679 -0.124557
v -0.279317 2.712907 -0.056206
v -0.106118 2.669330 -0.083223
v 0.008338 2.766918 -0.036867
v -0.920892 2.958432 0.507114
v -0.911880 2.959773 0.433991
v -1.081984 3.263623 0.497859
v -0.973185 2.934830 0.390458
v -0.991221 2.932148 0.536745
v -1.052513 2.907206 0.493254
v -1.043501 2.908547 0.420090
v -0.831980 2.859246 0.560733
v -0.936740 2.777903 0.618252
v -0.803838 2.833942 0.440341
v -0.872812 2.729959 0.366678
v -1.043501 2.908547 0.420090
v -0.997286 2.613824 0.393281
v -1.026447 2.687139 0.555255
v -0.997286 2.613824 0.393281
v -0.994589 2.715417 0.608540
v -0.615201 2.789901 0.869036
v -0.670862 2.793374 0.835379
v -0.771508 2.942669 0.986065
v -0.603032 2.752238 0.916679
v -0.645244 2.692400 0.977103
v -0.804522 2.712495 0.933279
v -0.753124 2.793459 0.813884
v -0.799451 2.772986 0.851482
v -0.753124 2.793459 0.813884
v -0.973234 2.720385 1.119406
v -1.261175 2.698743 1.086620
v -1.118466 2.558455 1.290220
v -1.072339 2.789832 0.768108
v -1.331815 2.733741 0.825254
v -1.360851 2.595431 0.602067
v -1.157223 2.711188 0.597585
v -0.835721 2.529301 1.288477
v -0.719588 2.228115 1.286319
v -1.052824 2.314340 1.326698
v -1.048747 2.149780 1.249467
v -0.778469 2.087483 1.264822
v -0.801526 1.831421 1.227223
v -0.649570 2.021766 1.280841
v -0.877697 1.671847 1.141359
v -0.618283 1.310238 0.975443
v -0.691210 1.245001 0.803300
v -0.364612 1.114925 0.863393
v -0.367185 1.151522 0.961125
v -0.454108 1.576597 1.170617
v -0.519291 1.599030 1.173937
v -0.651993 1.655946 1.160906
v -0.957088 1.740366 1.057737
v -1.142170 2.031908 1.230999
v -1.192301 2.032630 1.104797
v -1.176962 1.781398 0.980173
v -1.141897 1.529719 0.721172
v -1.349839 1.801768 0.785165
v -0.922159 1.426287 0.764829
v -1.352660 1.968838 0.924978
v -1.271840 1.583215 0.545751
v -0.988349 2.754902 0.643152
v -0.906746 2.735667 0.873809
v -0.986771 2.739053 0.645724
v -0.796082 2.642136 1.030720
v -0.645244 2.692400 0.977103
v -0.603032 2.752238 0.916679
v -0.997150 2.730493 0.602772
v -0.994589 2.715417 0.608540
v -1.026447 2.687139 0.555255
v -1.029990 2.701785 0.549154
v -0.615201 2.789901 0.869036
v -1.070238 2.604920 0.409880
v -0.609272 2.850840 0.818655
v -0.730924 2.937718 0.505246
v -0.774168 2.738503 0.194827
v -1.161810 2.723685 0.591858
v -1.176999 2.491792 0.402576
v -1.094303 2.383134 0.200223
v -1.218478 2.336412 0.251682
v -1.241163 2.466488 0.431667
v -1.157223 2.711188 0.597585
v -1.072339 2.789832 0.768108
v -0.973234 2.720385 1.119406
v -0.835721 2.529301 1.288477
v -0.719588 2.228115 1.286319
v -1.276116 2.290016 0.301897
v -0.652938 2.021457 1.294784
v -0.649570 2.021766 1.280841
v -0.651993 1.655946 1.160906
v -1.187465 2.045712 0.093319
v -1.073644 2.094033 0.038912
v -0.519291 1.599030 1.173937
v -0.747381 1.311217 1.059603
v -0.639476 1.270632 1.061887
v -0.454108 1.576597 1.170617
v -0.585655 1.252874 1.056783
v -0.800793 0.971784 1.021508
v -0.694417 0.933502 1.022587
v -0.640434 0.916449 1.016901
v -0.673982 0.551007 1.029392
v -0.789544 0.571154 1.028562
v -0.614430 0.542377 1.022670
v -0.599303 0.195122 1.037069
v -0.537749 0.190000 1.029268
v -0.716107 0.208376 1.037153
v -1.031506 1.738715 -0.123353
v -1.133059 1.694640 -0.072516
v -1.084607 1.482069 -0.157383
v -1.168037 1.653367 -0.023504
v -1.234737 1.999574 0.146107
v -0.977473 1.522568 -0.208428
v -1.115918 1.446468 -0.112771
v -0.393748 2.010885 1.264988
v -0.533436 2.242898 1.274491
v -0.600073 2.167812 1.115505
v -0.606848 2.511612 1.208299
v -0.607208 2.519812 1.220210
v -0.597923 2.571210 0.961166
v -0.540608 2.659652 1.069730
v -0.514629 2.749023 0.987768
v -0.514804 2.816924 0.896301
v -0.504412 2.868872 0.856503
v -0.509645 2.922178 0.775619
v -0.502920 2.936480 0.722001
v -0.552081 2.982378 0.519812
v -0.560111 3.006254 0.422080
v -0.522597 2.926441 0.204746
v -0.450056 2.816133 0.032687
v -0.367185 1.151522 0.961125
v -0.364612 1.114925 0.863393
v -0.334270 1.024402 0.795913
v 0.008761 1.061670 0.700215
v -0.364612 1.114925 0.863393
v -0.081966 1.167079 0.758854
v -0.081966 1.167079 0.758854
v -0.134508 1.157590 0.906926
v -0.170120 1.496749 1.143061
v -0.201095 1.562295 1.167131
v -0.286228 1.916323 1.298105
v -0.817760 2.550548 0.111703
v -0.609806 2.639523 -0.045997
v -0.880159 2.267033 -0.062474
v -0.639389 2.349837 -0.220006
v -0.684709 2.024929 -0.419456
v -0.941364 1.941884 -0.258063
v -0.711856 1.788291 -0.571305
v -0.992948 1.699488 -0.397211
v -0.336508 0.922895 0.639914
v -0.611770 0.991088 0.547661
v -0.617761 0.811487 0.563555
v -0.334618 0.769818 0.648796
v -0.785927 0.851282 0.403697
v -0.766213 1.099729 0.429343
v -0.889953 0.878648 0.201633
v -0.921128 1.210346 0.216075
v -0.919089 1.297861 0.009198
v -0.856156 0.884716 -0.017570
v -0.666014 1.378293 -0.174648
v -0.649259 0.896147 -0.231710
v -0.450677 1.435415 -0.285701
v -0.789370 1.919623 -0.093723
v -0.550415 2.003252 -0.213367
v -1.076814 1.846600 0.007746
v -0.919325 1.546394 -0.045666
v -0.460199 0.906805 -0.350607
v -0.830973 1.257688 0.544797
v -0.630042 1.125222 0.706356
v -0.334270 1.024402 0.795913
v -1.038765 1.376041 0.322273
v -1.092003 1.491145 0.112077
v -0.234619 0.906513 -0.394846
v -0.198845 1.445471 -0.323176
v -0.296657 2.025960 -0.273792
v -0.033961 2.084939 -0.404765
v 0.006859 1.716712 -0.345212
v 0.140804 1.447775 -0.332928
v 0.080680 0.908129 -0.386173
v 0.311506 1.383708 -0.179295
v 0.282494 0.907957 -0.259681
v 0.377708 0.880367 -0.054131
v 0.369380 1.263034 0.068252
v 0.370971 1.117761 0.225870
v 0.395508 0.836808 0.164864
v 0.263240 1.019434 0.441212
v 0.274589 0.785049 0.409092
v -0.013402 0.921159 0.589036
v -0.004552 0.744085 0.579739
v -0.334618 0.769818 0.648796
v -0.336508 0.922895 0.639914
v -0.334270 1.024402 0.795913
v 0.008761 1.061670 0.700215
v 0.320244 1.158811 0.560442
v 0.436079 1.305734 0.336052
v 0.426048 1.459137 0.112782
v 0.391667 1.610426 -0.154769
v 0.262991 1.718105 -0.302260
v 0.436079 1.305734 0.336052
v 0.507775 1.446881 0.353523
v 0.376614 1.258427 0.598456
v 0.320244 1.158811 0.560442
v 0.092912 1.215349 0.706398
v 0.008761 1.061670 0.700215
v 0.426048 1.459137 0.112782
v 0.525799 1.643517 0.146563
v 0.009320 1.176843 0.739182
v -0.081966 1.167079 0.758854
v 0.591069 1.795288 -0.029770
v 0.391667 1.610426 -0.154769
v 0.511243 1.896176 -0.240010
v 0.262991 1.718105 -0.302260
v 0.255869 1.787483 -0.343013
v 0.362133 2.020098 -0.390530
v 0.238566 2.140652 -0.450706
v 0.184819 2.051676 -0.434271
v -1.092003 1.491145 0.112077
v -1.318204 1.674098 0.341198
v -1.314065 1.768626 0.255044
v -1.166633 1.661653 0.140296
v -0.919325 1.546394 -0.045666
v -1.076814 1.846600 0.007746
v -1.038765 1.376041 0.322273
v -1.271840 1.583215 0.545751
v -1.141897 1.529719 0.721172
v -0.830973 1.257688 0.544797
v -0.922159 1.426287 0.764829
v -0.691210 1.245001 0.803300
v -0.630042 1.125222 0.706356
v -0.364612 1.114925 0.863393
v -0.334270 1.024402 0.795913
v -0.320063 2.279994 -0.221294
v -0.213848 2.205286 -0.296076
v -0.357676 2.355097 -0.414767
v -0.421976 2.178848 -0.209507
v -0.296657 2.025960 -0.273792
v -0.296657 2.025960 -0.273792
v 0.435383 2.687982 0.965855
v -0.286228 1.916323 1.298105
v -0.514804 2.816924 0.896301
v 0.123079 1.726614 -0.338365
v 0.123079 1.726614 -0.338365
v 0.006859 1.716712 -0.345212
v -0.033961 2.084939 -0.404765
v -0.729308 0.625921 -0.348035
v -0.712242 0.900393 -0.301679
v -0.492728 0.900720 -0.417879
v -0.511087 0.643936 -0.468302
v -0.977722 0.624821 -0.082144
v -0.940655 0.887226 -0.051766
v -0.975571 0.883186 0.230849
v -1.049492 0.612805 0.255086
v -0.854478 0.851677 0.456277
v -0.913197 0.575623 0.493627
v -0.649259 0.896147 -0.231710
v -0.460199 0.906805 -0.350607
v -0.482473 0.624356 -0.410325
v -0.666077 0.605172 -0.278356
v -0.785927 0.851282 0.403697
v -0.889953 0.878648 0.201633
v -0.617761 0.811487 0.563555
v -0.653448 0.805763 0.634644
v -0.963601 0.589684 0.225537
v -0.839575 0.555356 0.448061
v -0.892949 0.602955 -0.048321
v -0.334618 0.769818 0.648796
v -0.319988 0.768202 0.731962
v -0.690850 0.520701 0.655104
v -0.347160 0.468117 0.722666
v -0.004552 0.744085 0.579739
v 0.027778 0.739719 0.646098
v 0.034130 0.426723 0.643858
v -0.343518 0.470214 0.632279
v 0.003378 0.431021 0.580736
v -0.643603 0.507963 0.579201
v 0.355346 0.485685 0.446234
v 0.332512 0.784499 0.475242
v 0.531343 0.551247 0.174244
v 0.477906 0.834040 0.189516
v 0.437944 0.534986 0.153660
v 0.279150 0.485771 0.387304
v 0.274589 0.785049 0.409092
v 0.395508 0.836808 0.164864
v 0.467055 0.884716 -0.063676
v 0.377708 0.880367 -0.054131
v 0.364209 0.916672 -0.296284
v 0.282494 0.907957 -0.259681
v 0.110028 0.913475 -0.465189
v 0.080680 0.908129 -0.386173
v 0.444929 0.650141 -0.332886
v 0.548347 0.612152 -0.081438
v 0.363488 0.622844 -0.296616
v 0.462083 0.587879 -0.064091
v 0.120916 0.652273 -0.514407
v -0.249100 0.911962 -0.483905
v 0.091843 0.627571 -0.435806
v -0.264327 0.637541 -0.530967
v -0.249622 0.615572 -0.442239
v -0.234619 0.906513 -0.394846
v -0.856156 0.884716 -0.017570
v -0.573423 0.649316 0.653194
v -0.615971 0.700904 0.639458
v -0.613672 0.700680 0.704531
v -0.572280 0.649213 0.692329
v -0.540546 0.688836 0.767195
v -0.534082 0.642990 0.727231
v -0.659364 0.663653 0.729887
v -0.665157 0.664409 0.627838
v -0.561988 0.647752 0.811144
v -0.643094 0.609092 0.733290
v -0.649905 0.610003 0.634312
v -0.565642 0.596457 0.798321
v -0.589259 0.600170 0.710091
v -0.593212 0.600703 0.649999
v -0.548402 0.593518 0.746486
v -0.572280 0.649213 0.692329
v -0.573423 0.649316 0.653194
v -0.534082 0.642990 0.727231
v -0.481068 0.634224 0.717562
v -0.441616 0.672420 0.752130
v -0.431523 0.626230 0.792884
v -0.400087 0.665458 0.699219
v -0.456308 0.630081 0.685607
v -0.364550 0.615022 0.711004
v -0.461640 0.579284 0.783504
v -0.395687 0.568248 0.704655
v -0.492268 0.584235 0.736941
v -0.452392 0.577565 0.688967
v -0.481068 0.634224 0.717562
v -0.456308 0.630081 0.685607
v -0.953670 0.741300 0.306545
v -0.972016 0.791667 0.268075
v -1.023228 0.792320 0.314015
v -0.984633 0.741713 0.334018
v -1.023998 0.783037 0.405108
v -0.986820 0.736865 0.383113
v -1.074700 0.754485 0.302147
v -0.995869 0.753832 0.228608
v -1.073979 0.741988 0.421957
v -1.065925 0.700388 0.316340
v -0.990276 0.699907 0.244253
v -1.065676 0.690469 0.411955
v -1.010251 0.692498 0.336052
v -0.964198 0.692188 0.292435
v -1.011805 0.687289 0.387927
v -0.984633 0.741713 0.334018
v -0.953670 0.741300 0.306545
v -0.986820 0.736865 0.383113
v -0.942681 0.729284 0.411499
v -0.944074 0.768856 0.460220
v -0.969891 0.723440 0.495702
v -0.872713 0.762255 0.451504
v -0.899810 0.725348 0.406062
v -0.857586 0.712868 0.483999
v -0.982445 0.675651 0.470512
v -0.873347 0.665251 0.460220
v -0.965627 0.679279 0.418470
v -0.899413 0.672987 0.412080
v -0.942681 0.729284 0.411499
v -0.899810 0.725348 0.406062
v -0.861911 0.757991 -0.125138
v -0.834329 0.804233 -0.163151
v -0.905354 0.809218 -0.174440
v -0.904583 0.760983 -0.132151
v -0.988809 0.809063 -0.122274
v -0.950550 0.761034 -0.105342
v -0.926833 0.770110 -0.217309
v -0.814926 0.762495 -0.201539
v -1.035633 0.769612 -0.147382
v -0.938281 0.717681 -0.200129
v -0.829481 0.710358 -0.185852
v -1.025254 0.717320 -0.144560
v -0.924534 0.712043 -0.147465
v -0.858518 0.707590 -0.138666
v -0.972663 0.712025 -0.118622
v -0.904583 0.760983 -0.132151
v -0.861911 0.757991 -0.125138
v -0.950550 0.761034 -0.105342
v -0.951295 0.756530 -0.056206
v -0.993483 0.800812 -0.031183
v -1.043526 0.758971 -0.027612
v -0.944894 0.793695 0.016585
v -0.921898 0.752267 -0.027654
v -0.968884 0.747815 0.048748
v -1.031208 0.708811 -0.049027
v -0.959686 0.697947 0.025798
v -0.974216 0.707315 -0.066706
v -0.930637 0.700714 -0.021429
v -0.951295 0.756530 -0.056206
v -0.921898 0.752267 -0.027654
v 0.512064 0.728820 0.261601
v 0.460603 0.727823 0.215909
v 0.444979 0.674758 0.252512
v 0.476104 0.675411 0.279819
v 0.513990 0.715188 0.352278
v 0.478900 0.668311 0.328666
v 0.565202 0.694251 0.248071
v 0.485923 0.693185 0.174949
v 0.566010 0.675944 0.367344
v 0.559136 0.639140 0.260273
v 0.483052 0.638332 0.188561
v 0.560106 0.624597 0.355391
v 0.504059 0.627502 0.279943
v 0.457745 0.626969 0.236493
v 0.506271 0.619870 0.331528
v 0.476104 0.675411 0.279819
v 0.444979 0.674758 0.252512
v 0.478900 0.668311 0.328666
v 0.435395 0.657138 0.356968
v 0.435271 0.694337 0.407100
v 0.463500 0.648594 0.440757
v 0.364246 0.684556 0.398468
v 0.392723 0.651293 0.351531
v 0.351766 0.632934 0.429137
v 0.478155 0.602766 0.413740
v 0.369591 0.587381 0.403531
v 0.460778 0.608060 0.361948
v 0.394898 0.598743 0.355598
v 0.435395 0.657138 0.356968
v 0.392723 0.651293 0.351531
v 0.467962 0.829588 -0.272670
v 0.395806 0.825858 -0.270098
v 0.416713 0.775560 -0.232622
v 0.460094 0.777829 -0.234408
v 0.543101 0.822196 -0.211457
v 0.501772 0.774064 -0.202577
v 0.494699 0.793712 -0.315332
v 0.381325 0.788263 -0.313256
v 0.592374 0.783639 -0.233661
v 0.502493 0.739581 -0.300724
v 0.392437 0.734475 -0.299770
v 0.580628 0.731605 -0.235777
v 0.481113 0.729765 -0.250716
v 0.414314 0.726637 -0.249970
v 0.524630 0.725691 -0.216603
v 0.460094 0.777829 -0.234408
v 0.416713 0.775560 -0.232622
v 0.501772 0.774064 -0.202577
v 0.495296 0.765229 -0.154271
v 0.534351 0.805814 -0.121486
v 0.582604 0.762237 -0.115136
v 0.479099 0.796033 -0.080401
v 0.461909 0.759384 -0.129744
v 0.497309 0.746715 -0.049110
v 0.572511 0.714518 -0.141280
v 0.490535 0.699339 -0.076375
v 0.518540 0.716375 -0.165475
v 0.468646 0.707178 -0.126217
v 0.495296 0.765229 -0.154271
v 0.461909 0.759384 -0.129744
v -0.010767 0.831565 -0.526443
v -0.049536 0.823846 -0.471913
v 0.001974 0.779582 -0.465064
v 0.025094 0.784223 -0.497933
v 0.088387 0.835982 -0.546072
v 0.078120 0.786750 -0.510092
v -0.029574 0.792526 -0.570349
v -0.092320 0.780545 -0.485855
v 0.101252 0.798027 -0.594669
v -0.005696 0.740973 -0.567030
v -0.067609 0.729405 -0.485648
v 0.098580 0.745408 -0.586743
v 0.028102 0.735851 -0.522292
v -0.009313 0.728820 -0.472783
v 0.084285 0.738446 -0.534453
v 0.025094 0.784223 -0.497933
v 0.001974 0.779582 -0.465064
v 0.078120 0.786750 -0.510092
v 0.118853 0.783278 -0.477265
v 0.166112 0.829794 -0.487433
v 0.204645 0.790171 -0.518682
v 0.172364 0.821629 -0.422983
v 0.122358 0.778362 -0.438503
v 0.216677 0.777433 -0.417712
v 0.180829 0.739100 -0.525903
v 0.193731 0.726774 -0.428004
v 0.127815 0.734854 -0.500298
v 0.135435 0.727359 -0.440870
v 0.118853 0.783278 -0.477265
v 0.122358 0.778362 -0.438503
v -0.043421 0.587828 0.633358
v -0.090953 0.631748 0.653111
v -0.041705 0.631026 0.700754
v -0.013974 0.587381 0.662159
v 0.059848 0.630786 0.704115
v 0.040668 0.587192 0.665561
v -0.053004 0.586470 0.742627
v -0.131947 0.587622 0.669214
v 0.080656 0.586057 0.745490
v -0.032209 0.535347 0.730137
v -0.109697 0.536447 0.659669
v 0.074391 0.535037 0.732709
v -0.008082 0.535914 0.680378
v -0.054981 0.536584 0.637466
v 0.049668 0.535725 0.683324
v -0.013974 0.587381 0.662159
v -0.043421 0.587828 0.633358
v 0.040668 0.587192 0.665561
v 0.074055 0.587604 0.626469
v 0.124360 0.631439 0.633441
v 0.166883 0.587020 0.653527
v 0.117386 0.632264 0.568660
v 0.069605 0.588103 0.587541
v 0.158157 0.588344 0.551645
v 0.142905 0.535776 0.659171
v 0.135646 0.537049 0.560235
v 0.085541 0.536155 0.642446
v 0.080917 0.536928 0.582395
v 0.074055 0.587604 0.626469
v 0.069605 0.588103 0.587541
v -0.432778 0.772448 -0.442239
v -0.384811 0.818414 -0.456888
v -0.433648 0.824654 -0.504531
v -0.461988 0.776213 -0.471040
v -0.535164 0.825634 -0.508556
v -0.516593 0.776900 -0.474817
v -0.422275 0.786131 -0.550803
v -0.343953 0.776557 -0.477349
v -0.555910 0.787111 -0.554496
v -0.443493 0.733805 -0.543998
v -0.366601 0.724591 -0.473447
v -0.550067 0.734647 -0.547234
v -0.468042 0.727685 -0.494695
v -0.421516 0.722082 -0.451742
v -0.525767 0.728339 -0.497974
v -0.461988 0.776213 -0.471040
v -0.432778 0.772448 -0.442239
v -0.516593 0.776900 -0.474817
v -0.550304 0.772173 -0.436180
v -0.600272 0.817022 -0.438711
v -0.642907 0.776024 -0.463654
v -0.593846 0.808857 -0.374304
v -0.546189 0.767257 -0.397461
v -0.635039 0.763217 -0.362352
v -0.619203 0.725760 -0.474568
v -0.612777 0.713315 -0.376171
v -0.561975 0.723388 -0.457594
v -0.557873 0.715842 -0.397876
v -0.550304 0.772173 -0.436180
v -0.546189 0.767257 -0.397461
v -0.839575 0.555356 0.448061
v -0.963601 0.589684 0.225537
v -0.974216 0.416014 0.244130
v -0.846336 0.480304 0.358710
v -0.643603 0.507963 0.579201
v -0.675151 0.505024 0.469848
v -1.014079 0.120328 0.005670
v -1.013072 0.449689 -0.018192
v -0.892949 0.602955 -0.048321
v -0.892415 0.206914 -0.269184
v -0.671944 -0.135270 -0.469754
v -0.362685 -0.150878 -0.586992
v -0.679091 0.261166 -0.422237
v -0.134719 -0.044627 -0.566615
v -0.311946 0.232252 -0.463612
v -0.666077 0.605172 -0.278356
v -0.482473 0.624356 -0.410325
v -0.435550 -0.278686 -0.518682
v -0.249622 0.615572 -0.442239
v -0.036224 0.258141 -0.437799
v 0.091843 0.627571 -0.435806
v 0.019214 -0.152700 -0.414891
v 0.135348 0.211470 -0.371440
v -0.053949 -0.028021 -0.520758
v 0.258952 0.146784 -0.469754
v 0.203999 0.480098 -0.497061
v 0.363488 0.622844 -0.296616
v 0.429703 0.446423 -0.272878
v 0.462083 0.587879 -0.064091
v 0.422145 0.521148 -0.109243
v 0.437944 0.534986 0.153660
v 0.390100 0.512570 0.099543
v -0.074421 -0.237327 -0.365629
v -0.060276 0.195449 0.472255
v -0.323357 0.213000 0.510227
v -0.229436 -0.019787 0.395355
v -0.093315 0.010072 0.409300
v -0.370156 -0.230038 0.145899
v -0.230418 -0.252695 0.045801
v -0.365233 -0.264607 -0.150120
v -0.511771 -0.211989 -0.191995
v -0.239032 -0.365994 -0.381690
v -0.435550 -0.278686 -0.518682
v -0.795883 -0.193853 -0.034626
v -0.671944 -0.135270 -0.469754
v -1.014079 0.120328 0.005670
v -0.432940 -0.193716 0.235995
v 0.003378 0.431021 0.580736
v -0.343518 0.470214 0.632279
v -0.533685 0.393237 0.591775
v -0.643603 0.507963 0.579201
v -0.675151 0.505024 0.469848
v -0.496755 0.382012 0.462419
v -0.340535 0.062209 0.442582
v -0.701229 -0.427551 -0.307282
v -0.910736 -0.251543 -0.201248
v -0.671944 -0.135270 -0.469754
v -0.435550 -0.278686 -0.518682
v -0.541727 -0.547297 -0.471705
v -0.673211 -0.740770 -0.177759
v -0.505742 -0.858230 -0.338240
v -0.874789 -0.623741 -0.095548
v -1.014079 0.120328 0.005670
v -0.910736 -0.251543 -0.201248
v -0.671944 -0.135270 -0.469754
v -0.701229 -0.427551 -0.307282
v -0.874789 -0.623741 -0.095548
v -0.673211 -0.740770 -0.177759
v -0.541727 -0.547297 -0.471705
v -0.505742 -0.858230 -0.338240
v -0.435550 -0.278686 -0.518682
v -0.020313 0.141919 0.304969
v -0.169113 -0.239785 -0.003750
v -0.128554 -0.225861 -0.024915
v 0.056952 0.119228 0.271105
v -0.093315 0.010072 0.409300
v -0.230418 -0.252695 0.045801
v 0.092327 0.351139 0.272639
v 0.210238 0.376013 0.197815
v 0.378205 0.416031 0.233007
v 0.279150 0.485771 0.387304
v 0.003378 0.431021 0.580736
v -0.060276 0.195449 0.472255
v 0.390100 0.512570 0.099543
v 0.437944 0.534986 0.153660
v -0.218795 -0.236227 -0.195024
v 0.017723 -0.171334 -0.390240
v -0.074421 -0.237327 -0.365629
v -0.053949 -0.028021 -0.520758
v 0.258952 0.146784 -0.469754
v -0.239032 -0.365994 -0.381690
v -0.365233 -0.264607 -0.150120
v -0.334258 0.125073 0.627091
v -0.343518 0.470214 0.632279
v -0.513461 0.213086 0.562559
v -0.471622 -0.197996 0.593476
v 0.003378 0.431021 0.580736
v -0.318086 -0.276348 0.619870
v 0.003490 0.068157 0.623853
v 0.311680 0.097638 0.496242
v 0.068114 -0.325116 0.607006
v 0.256565 -0.317002 0.520353
v 0.402108 -0.260602 0.440715
v 0.203166 -0.713765 0.524255
v 0.450635 0.170592 0.367924
v 0.279150 0.485771 0.387304
v 0.437944 0.534986 0.153660
v 0.055100 -0.793578 0.618044
v -0.115539 -0.311966 0.638089
v -0.210840 -0.771953 0.658465
v -0.360647 -0.669208 0.610533
v 0.352425 -0.756894 0.443454
v -0.534580 -0.680915 0.576544
v -0.191499 -0.509874 -0.318486
v 0.071234 -0.448661 -0.274413
v 0.139673 -0.819397 -0.211127
v -0.126826 -0.871775 -0.238308
v 0.368460 -0.723099 -0.251838
v -0.074421 -0.237327 -0.365629
v -0.053949 -0.028021 -0.520758
v 0.335831 -0.301050 -0.280430
v 0.258952 0.146784 -0.469754
v -0.053949 -0.028021 -0.520758
v 0.335831 -0.301050 -0.280430
v 0.071234 -0.448661 -0.274413
v 0.368460 -0.723099 -0.251838
v 0.139673 -0.819397 -0.211127
v -0.191499 -0.509874 -0.318486
v -0.126826 -0.871775 -0.238308
v -0.074421 -0.237327 -0.365629
v -0.020326 -0.633333 -0.646378
v -0.142624 -0.542879 -0.726971
v -0.134719 -0.044627 -0.566615
v -0.123395 -0.987670 -0.925840
v -0.240411 -0.914011 -0.935882
v -0.218236 -1.191252 -1.356444
v -0.324575 -1.129454 -1.356526
v -0.545655 -1.239624 -1.835394
v -0.450516 -1.298947 -1.864984
v -0.105782 -1.093870 -0.889070
v -0.021531 -0.715879 -0.562381
v -0.260386 -1.157525 -0.841345
v -0.204849 -0.738553 -0.524658
v -0.074421 -0.237327 -0.365629
v -0.239032 -0.365994 -0.381690
v 0.019214 -0.152700 -0.414891
v -0.199877 -1.295922 -1.326189
v -0.429310 -1.397841 -1.862619
v -0.335066 -1.347801 -1.283320
v -0.882334 -1.273695 -2.328829
v -0.864323 -1.369667 -2.335013
v -0.527917 -1.447245 -1.822197
v -0.980829 -1.232284 -2.259898
v -0.634355 -1.336163 -1.764138
v -1.055832 -1.320658 -2.200013
v -0.633783 -1.436914 -1.750527
v -0.464487 -1.276462 -1.282323
v -0.335066 -1.347801 -1.283320
v -0.527917 -1.447245 -1.822197
v -0.260386 -1.157525 -0.841345
v -0.402088 -1.062223 -0.856243
v -0.436047 -1.175231 -1.320338
v -0.367371 -0.961610 -0.898823
v -0.329957 -0.588054 -0.683811
v -0.379478 -0.663536 -0.605624
v -0.362685 -0.150878 -0.586992
v -0.435550 -0.278686 -0.518682
v -0.204849 -0.738553 -0.524658
v -0.239032 -0.365994 -0.381690
v -1.037982 -1.416664 -2.206072
v -1.531814 -1.330284 -2.383816
v -1.494797 -1.248838 -2.457978
v -2.455077 -1.290627 -2.583059
v -1.505039 -1.399938 -2.441502
v -0.943353 -1.438427 -2.274132
v -1.449937 -1.303021 -2.542761
v -1.505039 -1.399938 -2.441502
v -0.943353 -1.438427 -2.274132
v -0.334258 0.125073 0.627091
v -0.471622 -0.197996 0.593476
v -0.513461 0.213086 0.562559
v -0.318086 -0.276348 0.619870
v -0.115539 -0.311966 0.638089
v 0.003490 0.068157 0.623853
v -0.360647 -0.669208 0.610533
v -0.534580 -0.680915 0.576544
v -0.210840 -0.771953 0.658465
v 0.068114 -0.325116 0.607006
v 0.311680 0.097638 0.496242
v 0.256565 -0.317002 0.520353
v 0.203166 -0.713765 0.524255
v 0.352425 -0.756894 0.443454
v 0.055100 -0.793578 0.618044
v 0.402108 -0.260602 0.440715
v 0.450635 0.170592 0.367924
v -0.643603 0.507963 0.579201
v 0.747314 1.875204 0.345846
v 0.765735 1.941231 0.220682
v 0.780514 1.965228 0.328666
v 0.744070 1.983553 0.441047
v 0.695319 1.932189 0.230683
v 0.669427 1.942297 0.124111
v 0.857108 2.017864 0.369542
v 0.865374 2.090096 0.519813
v 0.993415 2.145379 0.363317
v 0.982477 2.315664 0.498898
v 0.844380 1.981507 0.258073
v 0.966069 1.967342 0.148928
v 0.856872 1.838538 0.223919
v 1.072545 1.823651 0.106225
v 0.909849 1.690497 0.179141
v 0.681572 1.792176 0.129714
v 0.716923 1.668563 0.039533
v 0.648694 1.800376 -0.215982
v 0.607824 1.934699 -0.127047
v 0.655295 1.943431 -0.003667
v 0.666096 1.962340 -0.043715
v 0.754076 1.525783 -0.116713
v 0.786232 1.630264 -0.366211
v 0.896685 1.431564 -0.248185
v 0.912944 1.595041 -0.539100
v 0.981172 1.548233 0.050739
v 1.082899 1.485094 -0.128790
v 1.262152 1.573605 -0.184981
v 1.171102 1.663578 -0.007610
v 1.373239 1.672242 -0.372519
v 1.412505 1.701035 -0.521048
v 1.347061 1.898772 -0.307530
v 1.296285 1.771015 -0.168838
v 1.182314 1.915411 -0.047159
v 1.171102 1.663578 -0.007610
v 1.072545 1.823651 0.106225
v 1.135938 1.979994 -0.013378
v 0.966069 1.967342 0.148928
v 1.120997 2.084836 0.074395
v 1.127324 2.172127 -0.010514
v 1.096671 2.307533 0.193831
v 0.993415 2.145379 0.363317
v 0.982477 2.315664 0.498898
v 1.054708 2.431146 0.035384
v 0.995951 2.522321 0.298785
v 0.879333 2.674728 0.088214
v 0.914199 2.473742 -0.142153
v 1.084316 2.190778 -0.164894
v 1.182053 2.092898 -0.205025
v 0.691317 2.660134 -0.102727
v 0.658676 2.176837 -0.315208
v 0.754660 2.173021 -0.379615
v 0.673393 2.053911 -0.332389
v 0.642206 2.101321 -0.264661
v 0.607824 1.934699 -0.127047
v 0.666096 1.962340 -0.043715
v 0.655295 1.943431 -0.003667
v 0.567700 2.055922 -0.196227
v 0.648694 1.800376 -0.215982
v 0.735940 1.972981 -0.445269
v 0.786232 1.630264 -0.366211
v 0.851974 1.781450 -0.544869
v 0.912944 1.595041 -0.539100
v 1.034658 1.589575 -0.669451
v 1.015727 1.867829 -0.595913
v 1.135391 1.615807 -0.670075
v 1.053229 1.865543 -0.521380
v 1.013018 2.040812 -0.388952
v 1.194694 1.881960 -0.419373
v 1.288081 1.927685 -0.387335
v 1.302587 1.675233 -0.605044
v 1.412505 1.701035 -0.521048
v 1.347061 1.898772 -0.307530
v 1.097902 2.169531 -0.338240
v 0.982862 2.163205 -0.400033
v 0.933093 2.115314 -0.451120
v 0.822267 2.274459 -0.301347
v 1.084316 2.190778 -0.164894
v 0.914199 2.473742 -0.142153
v 0.713057 2.432934 -0.280057
v 0.669490 2.313308 -0.285659
v 0.486172 2.516150 -0.222746
v 1.182053 2.092898 -0.205025
v 0.449640 2.331633 -0.190418
v 0.523400 2.146565 -0.277194
v 0.388335 2.275284 -0.298234
v 0.691317 2.660134 -0.102727
v 1.262152 1.573605 -0.184981
v -1.142170 2.031908 1.230999
v -1.048747 2.149780 1.249467
v -1.193332 2.147442 1.238926
v -1.181661 2.068213 1.020428
v -1.192301 2.032630 1.104797
v -1.156950 2.029656 0.861399
v -1.225364 2.261910 1.292378
v -1.052824 2.314340 1.326698
v -1.255806 2.179226 1.203194
v -1.118466 2.558455 1.290220
v -1.204967 2.060100 1.050972
v -1.375904 1.955997 0.971416
v -1.216676 1.848972 0.957597
v -1.492199 1.806736 0.965980
v -1.293294 1.702084 0.932324
v -1.128448 1.880086 0.813759
v -1.184457 1.742893 0.704323
v -1.314649 1.912695 0.494955
v -1.261449 2.039815 0.601694
v -1.352660 1.968838 0.924978
v -1.255246 2.083083 0.679755
v -1.346482 1.648932 0.592232
v -1.522529 1.753843 0.401788
v -1.516239 1.503969 0.545378
v -1.650632 1.643156 0.366555
v -1.453965 1.622958 0.837455
v -1.616934 1.468334 0.741382
v -1.808257 1.546359 0.780309
v -1.647400 1.663406 0.895430
v -1.984427 1.899253 0.742627
v -2.076931 1.715165 0.596879
v -1.981879 1.632584 0.692453
v -1.853204 1.765635 0.823885
v -1.703969 1.911286 0.897836
v -1.647400 1.663406 0.895430
v -1.492199 1.806736 0.965980
v -1.651428 1.978877 0.916221
v -1.375904 1.955997 0.971416
v -1.581894 2.081450 1.015614
v -1.638886 2.152376 0.963407
v -1.473989 2.348256 1.126129
v -1.255806 2.179226 1.203194
v -1.118466 2.558455 1.290220
v -1.561571 2.446307 0.992581
v -1.261175 2.698743 1.086620
v -1.331815 2.733741 0.825254
v -1.592385 2.480361 0.791722
v -1.710843 2.204083 0.813012
v -1.806902 2.102198 0.785953
v -1.360851 2.595431 0.602067
v -1.466966 2.172419 0.468769
v -1.567861 2.285083 0.470512
v -1.479831 2.331289 0.482796
v -1.416165 2.195196 0.538073
v -1.261449 2.039815 0.601694
v -1.255246 2.083083 0.679755
v -1.352660 1.968838 0.924978
v -1.433716 1.985014 0.706937
v -1.314649 1.912695 0.494955
v -1.545313 2.090750 0.367550
v -1.522529 1.753843 0.401788
v -1.701036 1.887856 0.288700
v -1.650632 1.643156 0.366555
v -1.805783 1.698731 0.311359
v -1.851290 1.955516 0.347008
v -1.909338 1.726133 0.344684
v -1.842887 1.938687 0.427477
v -1.756685 2.098141 0.547163
v -1.911587 1.920225 0.578412
v -1.979294 1.946491 0.652282
v -2.040971 1.745677 0.467814
v -2.076931 1.715165 0.596879
v -1.984427 1.899253 0.742627
v -1.814348 2.205287 0.645351
v -1.748158 2.224539 0.541726
v -1.728655 2.191036 0.469558
v -1.602627 2.337134 0.602689
v -1.710843 2.204083 0.813012
v -1.592385 2.480361 0.791722
v -1.554648 2.449711 0.601735
v -1.503250 2.187924 0.596173
v -1.338490 2.352450 0.466030
v -1.806902 2.102198 0.785953
v -1.312499 2.181324 0.538571
v -1.456960 2.027112 0.594307
v -1.368210 2.029742 0.489519
v -1.360851 2.595431 0.602067
v -1.808257 1.546359 0.780309
v -1.710868 0.705631 0.717520
v -1.669637 0.702502 0.762339
v -1.955602 0.695334 0.791099
v -1.935466 0.695592 0.735739
v -1.610123 0.659768 0.581068
v -1.673267 0.670048 0.590073
v -1.753925 0.655625 0.465366
v -1.713217 0.641443 0.421833
v -2.118112 0.670168 0.598124
v -2.179989 0.664822 0.614517
v -2.091773 0.646738 0.483834
v -2.142562 0.633588 0.449638
v -1.960500 0.623978 0.395024
v -1.962787 0.606496 0.338875
v -1.713217 0.641443 0.421833
v -1.753925 0.655625 0.465366
v -1.683932 1.117538 0.351822
v -1.540415 1.144681 0.499479
v -2.220610 1.109390 0.498483
v -2.131959 1.055413 0.307334
v -1.920040 1.074477 0.238278
v -1.683932 1.117538 0.351822
v -2.218174 1.145901 0.620285
v -2.133177 1.174918 0.743416
v -1.596301 1.153757 0.507363
v -1.717580 1.124671 0.386973
v -2.103320 1.078723 0.383486
v -2.159032 1.114100 0.497653
v -2.107596 1.170586 0.703991
v -1.973178 1.194704 0.772590
v -1.991164 1.200892 0.821187
v -1.768245 1.191352 0.803093
v -1.792632 1.192005 0.754537
v -1.584679 1.169297 0.633441
v -1.639122 1.169555 0.604599
v -2.122786 1.150439 0.599867
v -2.078460 1.073669 0.337628
v -1.920040 1.089965 0.288244
v -1.717580 1.124671 0.386973
v -2.188839 1.515108 0.341198
v -2.083917 1.512461 0.255749
v -2.076447 1.405539 0.296378
v -2.150554 1.415200 0.355016
v -2.007721 1.407413 0.296710
v -1.944738 1.581650 0.284384
v -2.036683 1.651287 0.270275
v -2.103320 1.078723 0.383486
v -1.834969 1.600422 0.246744
v -2.001059 1.400365 0.246329
v -1.892110 1.417675 0.200264
v -2.078460 1.073669 0.337628
v -1.920040 1.089965 0.288244
v -1.805783 1.698731 0.311359
v -1.909338 1.726133 0.344684
v -2.143506 1.666569 0.371202
v -2.173003 1.543179 0.471301
v -2.138149 1.598772 0.512261
v -2.040971 1.745677 0.467814
v -2.076931 1.715165 0.596879
v -1.657866 1.563102 0.311774
v -1.650632 1.643156 0.366555
v -1.679743 1.448067 0.295714
v -2.126987 1.493741 0.661827
v -2.109075 1.583369 0.688885
v -2.199615 1.470431 0.570984
v -2.148217 1.397666 0.494416
v -2.122786 1.150439 0.599867
v -2.107596 1.170586 0.703991
v -2.159032 1.114100 0.497653
v -2.126726 1.426012 0.436730
v -1.973178 1.194704 0.772590
v -1.988219 1.444148 0.772673
v -1.981879 1.632584 0.692453
v -1.890506 1.529479 0.685690
v -1.806231 1.380957 0.748562
v -1.778462 1.433490 0.647509
v -1.808257 1.546359 0.780309
v -1.742925 1.418569 0.580320
v -1.792632 1.192005 0.754537
v -1.731775 1.370162 0.594598
v -1.639122 1.169555 0.604599
v -1.623783 1.355275 0.521847
v -1.649700 1.435123 0.500434
v -1.616934 1.468334 0.741382
v -1.568072 1.383467 0.433908
v -1.596301 1.153757 0.507363
v -1.679743 1.448067 0.295714
v -1.657866 1.563102 0.311774
v -1.603622 1.457487 0.449222
v -1.650632 1.643156 0.366555
v -1.516239 1.503969 0.545378
v -1.717580 1.124671 0.386973
v -1.717580 1.124671 0.386973
v -2.127248 0.526253 0.606715
v -1.931227 0.556456 0.771096
v -1.935466 0.695592 0.735739
v -2.118112 0.670168 0.598124
v -1.682254 0.601494 0.775578
v -1.710868 0.705631 0.717520
v -1.597655 0.602749 0.572892
v -1.673267 0.670048 0.590073
v -2.158758 0.512037 0.489477
v -2.091773 0.646738 0.483834
v -2.114942 0.452525 0.613604
v -1.930817 0.517882 0.766366
v -1.630197 0.535673 0.781388
v -1.540825 0.544182 0.555919
v -1.411106 0.330098 0.585259
v -1.438701 0.261785 0.725902
v -1.648134 0.391260 0.870281
v -1.545064 0.157373 0.764871
v -1.930991 0.395919 0.802097
v -1.552485 0.284080 0.496906
v -1.555915 0.410118 0.520852
v -1.471876 0.093271 0.634270
v -1.569203 0.061883 0.682120
v -1.520627 -0.037235 0.616965
v -1.440926 0.048474 0.468562
v -1.431255 0.160553 0.518030
v -1.598526 -0.051520 0.607379
v -1.693777 0.077869 0.619704
v -1.505350 0.040515 0.426438
v -1.609302 0.171967 0.457606
v -1.607550 0.008473 0.390749
v -1.701682 0.119555 0.412910
v -1.701371 0.074534 0.390665
v -1.691962 -0.075225 0.558865
v -1.702850 -0.020372 0.351947
v -1.747164 0.061590 0.395936
v -1.779668 0.053631 0.557786
v -1.777629 0.000824 0.556873
v -1.816013 -0.012413 0.534380
v -1.778499 -0.108831 0.511099
v -1.588408 -0.038043 0.491096
v -1.990866 0.009694 0.374646
v -1.778263 -0.115071 0.389172
v -1.662080 -0.110946 0.427269
v -1.816013 -0.012413 0.534380
v -1.777629 0.000824 0.556873
v -1.747164 0.061590 0.395936
v -1.990866 0.009694 0.374646
v -1.701371 0.074534 0.390665
v -1.779668 0.053631 0.557786
v -1.701682 0.119555 0.412910
v -1.693777 0.077869 0.619704
v -1.609302 0.171967 0.457606
v -1.661322 0.167051 0.669255
v -1.552485 0.284080 0.496906
v -1.697555 0.238080 0.662201
v -1.555915 0.410118 0.520852
v -1.652472 0.208462 0.731339
v -1.606319 0.085931 0.876714
v -1.758065 0.021864 0.736941
v -1.634846 0.106388 0.892027
v -1.739532 0.020541 0.781346
v -1.615803 0.040894 0.880947
v -1.713503 0.010639 0.785082
v -1.623087 -0.005141 0.730178
v -1.539334 0.057138 0.830731
v -1.588345 -0.006430 0.692495
v -1.481286 0.060439 0.809691
v -1.708966 0.380499 0.466321
v -1.838773 0.187610 0.531600
v -1.540825 0.544182 0.555919
v -1.760078 0.492819 0.378009
v -1.736685 0.575107 0.403697
v -1.597655 0.602749 0.572892
v -1.972743 0.523933 0.329329
v -1.980661 0.429697 0.310115
v -1.968654 0.284940 0.337919
v -1.787027 0.355110 0.402036
v -1.979729 0.147661 0.406892
v -1.960500 0.623978 0.395024
v -1.753925 0.655625 0.465366
v -2.005608 -0.047962 0.446110
v -1.886404 -0.019409 0.611072
v -1.899580 -0.006482 0.628295
v -1.783621 0.025027 0.744079
v -1.774858 0.003540 0.751302
v -1.887225 -0.047996 0.631863
v -1.686729 0.018718 0.636554
v -1.786467 -0.012670 0.535999
v -1.640626 0.012152 0.619870
v -1.771899 -0.023174 0.496948
v -1.933216 -0.032456 0.591941
v -2.022699 -0.052379 0.443951
v -1.999667 -0.072784 0.446151
v -1.920177 -0.059891 0.585425
v -1.834882 -0.056436 0.521142
v -1.903334 -0.052586 0.409383
v -1.779220 -0.061885 0.508651
v -1.872334 -0.053170 0.374979
v -1.669625 0.048870 0.425069
v -1.570720 0.075394 0.527491
v -1.534064 0.073520 0.522801
v -1.662403 0.037851 0.399215
v -1.501696 0.166587 0.460386
v -1.618488 0.132052 0.346095
v -1.578861 0.140372 0.328831
v -1.479707 0.168770 0.427393
v -1.465326 0.374603 0.281521
v -1.703733 -0.009628 0.450302
v -1.778064 -0.009679 0.331404
v -1.672758 -0.006740 0.451297
v -1.764466 -0.005588 0.316879
v -1.646804 0.108089 0.423907
v -1.730383 0.106250 0.300196
v -1.691017 0.125296 0.291896
v -1.618152 0.126414 0.398011
v -1.589290 0.375428 0.299075
v -1.857828 0.161481 0.972496
v -1.850084 -0.025511 0.909042
v -1.891177 -0.081344 1.140115
v -1.875453 -0.038885 0.852602
v -1.901420 0.070753 0.821311
v -2.034694 0.054800 0.837413
v -2.113836 0.333106 0.647924
v -2.023718 0.043799 0.731464
v -2.010381 -0.075242 0.721628
v -2.118286 -0.215616 0.980256
v -2.061431 0.018564 0.659544
v -2.185992 -0.001463 0.646390
v -2.163817 0.000325 0.532637
v -2.161816 0.307304 0.520063
v -2.153165 -0.131849 0.504708
v -2.278123 -0.279339 0.730675
v -2.162437 0.433255 0.499395
v -2.036782 -0.103571 0.684237
v -2.073836 0.285593 0.400709
v -1.980661 0.429697 0.310115
v -2.077590 0.183192 0.438183
v -2.084974 -0.048391 0.442084
v -2.097242 -0.122790 0.443288
v -2.005608 -0.047962 0.446110
v -2.022699 -0.052379 0.443951
v -1.979729 0.147661 0.406892
v -1.968654 0.284940 0.337919
v -1.972743 0.523933 0.329329
v -1.960500 0.623978 0.395024
v -1.675678 -0.092570 0.692994
v -1.686729 0.018718 0.636554
v -1.774858 0.003540 0.751302
v -1.799631 -0.069604 0.782343
v -1.640626 0.012152 0.619870
v -1.602429 -0.131746 0.650995
v -1.568519 -0.104620 0.597667
v -1.740762 -0.190467 0.639416
v -1.874733 -0.152838 0.736568
v -1.816759 -0.138673 0.553470
v -1.929860 -0.092862 0.656100
v -1.679494 -0.260206 0.593268
v -1.761222 -0.183625 0.498318
v -1.771899 -0.023174 0.496948
v -1.707947 -0.140805 0.461423
v -1.786467 -0.012670 0.535999
v -1.887225 -0.047996 0.631863
v -1.875453 -0.038885 0.852602
v -1.783621 0.025027 0.744079
v -1.968256 -0.082703 0.808447
v -2.010381 -0.075242 0.721628
v -1.473604 -0.317140 0.275254
v -1.311144 -0.431660 0.324431
v -1.303475 -0.266807 0.445487
v -1.899580 -0.006482 0.628295
v -1.702677 -0.166212 0.475160
v -1.779220 -0.061885 0.508651
v -1.760426 -0.209410 0.515000
v -1.840351 -0.180806 0.551395
v -1.814012 -0.304264 0.440632
v -1.891849 -0.241057 0.472379
v -1.998237 -0.234164 0.528445
v -1.938958 -0.153010 0.607753
v -1.939953 -0.163736 0.395189
v -1.872881 -0.206918 0.347008
v -1.920177 -0.059891 0.585425
v -2.036782 -0.103571 0.684237
v -1.834882 -0.056436 0.521142
v -1.933216 -0.032456 0.591941
v -1.899580 -0.006482 0.628295
v -2.010381 -0.075242 0.721628
v -2.132133 -0.152786 0.608748
v -2.153165 -0.131849 0.504708
v -2.047323 -0.155124 0.448849
v -2.097242 -0.122790 0.443288
v -1.999667 -0.072784 0.446151
v -2.022699 -0.052379 0.443951
v -1.872334 -0.053170 0.374979
v -1.903334 -0.052586 0.409383
v -1.803210 -0.162395 0.325553
v -1.627786 -0.286748 0.220599
v -1.491155 -0.414074 0.283803
v -1.507016 -0.285682 0.402784
v -1.661322 0.167051 0.669255
v -1.652472 0.208462 0.731339
v -1.604977 0.255855 0.819112
v -1.606319 0.085931 0.876714
v -1.663696 0.135851 0.948841
v -1.682291 0.060989 1.002334
v -1.634846 0.106388 0.892027
v -2.153165 -0.131849 0.504708
v -2.132133 -0.152786 0.608748
v -2.278123 -0.279339 0.730675
v -2.036782 -0.103571 0.684237
v -1.673267 0.670048 0.590073
v -1.615803 0.040894 0.880947
v -1.634846 0.106388 0.892027
v -1.682291 0.060989 1.002334
v -1.624641 -0.000861 0.963989
v -1.787710 -0.012619 0.982622
v -1.539334 0.057138 0.830731
v -1.522081 -0.045245 0.903315
v -1.481286 0.060439 0.809691
v -1.676574 -0.113318 0.920663
v -1.568482 -0.144879 0.853639
v -1.739246 -0.099549 0.840153
v -1.850084 -0.025511 0.909042
v -1.713503 0.010639 0.785082
v -1.739532 0.020541 0.781346
v -1.875453 -0.038885 0.852602
v -1.642565 -0.116618 0.762008
v -1.623087 -0.005141 0.730178
v -1.470136 -0.228732 0.819816
v -1.561745 -0.174308 0.728725
v -1.158653 -0.363381 0.617505
v -1.306781 -0.292249 0.563057
v -1.518986 -0.126726 0.680087
v -1.588345 -0.006430 0.692495
v -1.439247 -0.080468 0.857873
v -1.170387 -0.192323 0.714158
v -1.400491 -0.053445 0.813759
v -1.783621 0.025027 0.744079
v -1.393928 0.116100 0.512884
v -1.436351 0.104668 0.532637
v -1.338577 0.171280 0.641077
v -1.304606 0.170541 0.611072
v -1.474437 0.008439 0.604308
v -1.369105 0.077422 0.720176
v -1.266943 0.350056 0.414695
v -1.398751 0.060920 0.729679
v -1.484145 0.004038 0.627672
v -1.370522 -0.061645 0.549237
v -1.474437 0.008439 0.604308
v -1.364295 -0.009353 0.507239
v -1.436351 0.104668 0.532637
v -1.393928 0.116100 0.512884
v -1.266943 0.350056 0.414695
v -1.380205 -0.121758 0.568618
v -1.443598 -0.114831 0.622195
v -1.484145 0.004038 0.627672
v -1.518986 -0.126726 0.680087
v -1.434847 -0.149314 0.754953
v -1.366781 -0.136335 0.692994
v -1.325575 -0.038026 0.754164
v -1.400491 -0.053445 0.813759
v -1.398751 0.060920 0.729679
v -1.481286 0.060439 0.809691
v -1.588345 -0.006430 0.692495
v -1.369105 0.077422 0.720176
v -1.269690 -0.039779 0.722666
v -1.262095 0.021520 0.673695
v -1.266073 -0.054631 0.592232
v -1.234426 -0.030118 0.556333
v -1.238677 0.075824 0.646348
v -1.223736 0.062003 0.486489
v -1.311131 -0.150534 0.648796
v -1.338577 0.171280 0.641077
v -1.304606 0.170541 0.611072
v -1.803210 -0.162395 0.325553
v -1.731228 -0.218968 0.386557
v -1.627786 -0.286748 0.220599
v -1.491155 -0.414074 0.283803
v -1.507016 -0.285682 0.402784
v -1.702677 -0.166212 0.475160
v -1.850084 -0.025511 0.909042
v -1.787710 -0.012619 0.982622
v -1.891177 -0.081344 1.140115
v -1.682291 0.060989 1.002334
v -1.417047 0.062003 0.446483
v -1.501696 0.166587 0.460386
v -1.534064 0.073520 0.522801
v -1.449092 0.020403 0.470720
v -1.479707 0.168770 0.427393
v -1.465326 0.374603 0.281521
v -1.450099 -0.047790 0.499853
v -1.506108 -0.052947 0.536995
v -1.491764 -0.124491 0.419717
v -1.557432 -0.120366 0.465407
v -1.570720 0.075394 0.527491
v -1.568519 -0.104620 0.597667
v -1.623286 -0.179774 0.526662
v -1.707947 -0.140805 0.461423
v -1.644069 -0.091057 0.395355
v -1.640626 0.012152 0.619870
v -1.669625 0.048870 0.425069
v -1.662403 0.037851 0.399215
v -1.600564 -0.089750 0.350120
v -1.771899 -0.023174 0.496948
v -1.577407 -0.034605 0.334516
v -1.474226 -0.046621 0.378050
v -1.421547 -0.003577 0.328707
v -1.566257 0.018495 0.300154
v -1.578861 0.140372 0.328831
v -1.618488 0.132052 0.346095
v -1.434847 -0.149314 0.754953
v -1.400491 -0.053445 0.813759
v -1.170387 -0.192323 0.714158
v -1.158653 -0.363381 0.617505
v -1.306781 -0.292249 0.563057
v -1.518986 -0.126726 0.680087
v -1.724255 -0.126004 0.283845
v -1.674100 -0.099274 0.248860
v -1.578078 -0.146821 0.315094
v -1.764466 -0.005588 0.316879
v -1.778064 -0.009679 0.331404
v -1.655119 -0.171111 0.350659
v -1.628333 -0.129683 0.435237
v -1.567575 -0.101079 0.411166
v -1.672758 -0.006740 0.451297
v -1.703733 -0.009628 0.450302
v -1.731228 -0.218968 0.386557
v -1.702677 -0.166212 0.475160
v -1.803210 -0.162395 0.325553
v -1.779220 -0.061885 0.508651
v -1.872334 -0.053170 0.374979
v -1.573429 -0.026062 0.403739
v -1.546270 0.025233 0.396890
v -1.646804 0.108089 0.423907
v -1.618152 0.126414 0.398011
v -1.589290 0.375428 0.299075
v -1.516214 0.007734 0.275254
v -1.653329 0.023257 0.237033
v -1.691017 0.125296 0.291896
v -1.660489 -0.039917 0.252015
v -1.730383 0.106250 0.300196
v -1.567451 -0.055903 0.300694
v -1.623286 -0.179774 0.526662
v -1.568519 -0.104620 0.597667
v -1.303475 -0.266807 0.445487
v -1.311144 -0.431660 0.324431
v -1.473604 -0.317140 0.275254
v -1.707947 -0.140805 0.461423
v -2.118286 -0.215616 0.980256
v -1.968256 -0.082703 0.808447
v -1.875453 -0.038885 0.852602
v -2.010381 -0.075242 0.721628
v 1.491809 0.720466 -0.090485
v 1.220375 0.709413 -0.004830
v 1.236223 0.703190 -0.061061
v 1.447906 0.706507 -0.131529
v 1.087796 0.621417 -0.134890
v 1.147498 0.636063 -0.153317
v 1.163793 0.594858 -0.292797
v 1.108679 0.568884 -0.313091
v 1.551286 0.655384 -0.320686
v 1.615214 0.656536 -0.329650
v 1.477315 0.603763 -0.407628
v 1.508689 0.584596 -0.455727
v 1.320735 0.554909 -0.431034
v 1.298833 0.524311 -0.478801
v 1.108679 0.568884 -0.313091
v 1.163793 0.594858 -0.292797
v 0.991091 1.015584 -0.436928
v 0.927387 1.072328 -0.254493
v 1.542958 1.064008 -0.516731
v 1.380958 0.961504 -0.642352
v 1.155925 0.955143 -0.623096
v 0.991091 1.015584 -0.436928
v 1.592927 1.129089 -0.413895
v 1.570192 1.183994 -0.276323
v 0.980190 1.085272 -0.270845
v 1.036833 1.032361 -0.420244
v 1.387757 1.001608 -0.567486
v 1.486601 1.066002 -0.494031
v 1.529397 1.169211 -0.300433
v 1.437465 1.204192 -0.190873
v 1.475463 1.222706 -0.156014
v 1.267770 1.200376 -0.083057
v 1.267025 1.190165 -0.135596
v 1.026479 1.130568 -0.157424
v 1.061979 1.125943 -0.204278
v 1.497092 1.124878 -0.395178
v 1.344700 0.984590 -0.597449
v 1.177255 0.982390 -0.581389
v 1.036833 1.032361 -0.420244
v 1.036200 0.861974 -0.334879
v 1.044801 0.895254 -0.352765
v 0.977865 0.873439 -0.364260
v 0.995901 0.848841 -0.341809
v 1.017256 0.823038 -0.360525
v 0.974385 0.811005 -0.337784
v 1.004528 0.800674 -0.358160
v 0.984242 0.770643 -0.325126
v 1.010370 0.776797 -0.350690
v 1.019705 0.751390 -0.311307
v 1.031339 0.765400 -0.342514
v 1.060003 0.764524 -0.304377
v 1.055168 0.773170 -0.338407
v 1.041085 0.830808 -0.356459
v 0.942129 0.810593 -0.357538
v 0.952334 0.800004 -0.390157
v 0.988071 0.862850 -0.396880
v 1.012421 0.831685 -0.394556
v 0.990905 0.793867 -0.390530
v 1.017256 0.823038 -0.360525
v 1.004528 0.800674 -0.358160
v 1.052706 0.844818 -0.387667
v 1.041085 0.830808 -0.356459
v 1.000762 0.753488 -0.377915
v 1.010370 0.776797 -0.350690
v 1.036224 0.734235 -0.364095
v 1.031339 0.765400 -0.342514
v 1.076522 0.747368 -0.357165
v 1.055168 0.773170 -0.338407
v 1.027623 0.700955 -0.346208
v 1.094558 0.722769 -0.334713
v 0.968705 0.732946 -0.369158
v 0.958500 0.743535 -0.336580
v 1.017418 0.711561 -0.313589
v 1.084353 0.733375 -0.302094
v 1.400448 1.381335 -0.707881
v 1.440771 1.463383 -0.596910
v 1.390778 1.354484 -0.583340
v 1.375526 1.325038 -0.663143
v 1.387757 1.001608 -0.567486
v 1.282786 1.298514 -0.684350
v 1.346142 1.554645 -0.693522
v 1.415799 1.532521 -0.559892
v 1.513313 1.433266 -0.500257
v 1.487384 1.475210 -0.395220
v 1.529397 1.169211 -0.300433
v 1.437465 1.204192 -0.190873
v 1.486601 1.066002 -0.494031
v 1.440436 1.341643 -0.536444
v 1.474916 1.585948 -0.386671
v 1.412505 1.701035 -0.521048
v 1.220909 1.297757 -0.657376
v 1.268069 1.342709 -0.739420
v 1.135776 1.469485 -0.674058
v 1.206105 1.526247 -0.737637
v 1.302587 1.675233 -0.605044
v 1.135391 1.615807 -0.670075
v 1.034658 1.589575 -0.669451
v 1.497092 1.124878 -0.395178
v 1.417937 1.473577 -0.237022
v 1.373239 1.672242 -0.372519
v 1.287310 1.512461 -0.289437
v 1.023049 1.475347 -0.677627
v 1.192345 1.278401 -0.698128
v 1.344700 0.984590 -0.597449
v 1.070817 1.279897 -0.698751
v 1.177255 0.982390 -0.581389
v 0.920489 1.324488 -0.535905
v 1.036833 1.032361 -0.420244
v 0.893155 1.460186 -0.531257
v 1.267025 1.190165 -0.135596
v 0.912944 1.595041 -0.539100
v 1.262152 1.573605 -0.184981
v 1.082899 1.485094 -0.128790
v 1.174135 1.428762 -0.263622
v 0.995466 1.365142 -0.341229
v 1.246204 1.403287 -0.170372
v 1.147833 1.261332 -0.314544
v 1.061979 1.125943 -0.204278
v 0.896685 1.431564 -0.248185
v 0.912944 1.595041 -0.539100
v 0.970768 1.341712 -0.286698
v 1.124651 1.348176 -0.313174
v 0.925771 1.370918 -0.370900
v 0.893155 1.460186 -0.531257
v 0.885287 1.316426 -0.353595
v 0.980190 1.085272 -0.270845
v 0.920489 1.324488 -0.535905
v 1.036833 1.032361 -0.420244
v 1.055006 0.884664 -0.385384
v 1.555885 0.513223 -0.258311
v 1.551286 0.655384 -0.320686
v 1.447906 0.706507 -0.131529
v 1.447881 0.566993 -0.096586
v 1.271039 0.594687 -0.031100
v 1.236223 0.703190 -0.061061
v 1.153576 0.560908 -0.142277
v 1.147498 0.636063 -0.153317
v 1.517887 0.487180 -0.367498
v 1.477315 0.603763 -0.407628
v 1.457179 0.542601 -0.105799
v 1.517489 0.496789 -0.284415
v 1.136099 0.438584 -0.027612
v 1.288367 0.526253 0.075184
v 1.065596 0.191220 0.109255
v 1.203992 0.171400 0.201508
v 1.425383 0.413384 0.139549
v 1.345458 0.117681 0.159303
v 1.525407 0.448486 -0.072848
v 1.111873 0.176884 -0.018316
v 1.101954 0.267836 -0.044047
v 1.220773 0.026230 0.132785
v 1.332568 0.034207 0.109338
v 1.287373 -0.090008 0.096058
v 1.099257 -0.074589 0.032895
v 1.339802 -0.088478 0.041858
v 1.370380 0.058238 -0.013419
v 1.117504 -0.080399 -0.037032
v 1.379218 -0.104345 -0.049815
v 1.395352 0.035943 -0.110239
v 1.088555 0.043455 0.069913
v 1.164912 0.069033 -0.081314
v 1.174794 -0.098053 -0.124350
v 1.217678 0.034361 -0.170954
v 1.217404 -0.014751 -0.184981
v 1.223980 -0.115278 -0.209922
v 1.257379 -0.014699 -0.208678
v 1.411399 -0.014183 -0.107292
v 1.426986 -0.024790 -0.146676
v 1.417713 -0.130835 -0.136301
v 1.247224 -0.114556 -0.037365
v 1.429945 -0.013926 -0.371523
v 1.334805 -0.174858 -0.224821
v 1.279057 -0.185757 -0.125885
v 1.426986 -0.024790 -0.146676
v 1.257379 -0.014699 -0.208678
v 1.411399 -0.014183 -0.107292
v 1.429945 -0.013926 -0.371523
v 1.217404 -0.014751 -0.184981
v 1.395352 0.035943 -0.110239
v 1.217678 0.034361 -0.170954
v 1.370380 0.058238 -0.013419
v 1.164912 0.069033 -0.081314
v 1.331114 0.140853 0.083358
v 1.111873 0.176884 -0.018316
v 1.356309 0.199076 -0.026284
v 1.363494 0.176987 0.100581
v 1.472331 0.058943 0.191299
v 1.516271 0.016638 -0.005452
v 1.505482 0.056863 0.194163
v 1.546128 0.029307 0.038248
v 1.526650 0.045191 0.186901
v 1.535736 0.014851 0.056549
v 1.429621 -0.014596 0.060450
v 1.418385 0.046824 0.186029
v 1.378770 -0.031459 0.051279
v 1.367235 0.038212 0.202712
v 1.254918 -0.058379 0.060865
v 1.244949 -0.002202 0.188519
v 1.230692 -0.061181 0.048373
v 1.211997 0.004966 0.198148
v 1.109686 0.071698 0.154655
v 1.127150 0.007648 0.014925
v 1.079207 0.004932 0.023972
v 1.064465 0.057104 0.150921
v 0.853566 0.180150 0.021025
v 1.551224 0.016191 -0.013378
v 1.564238 0.021589 -0.174191
v 1.543741 -0.008803 -0.177759
v 1.557364 0.015401 -0.005700
v 1.567433 -0.002425 -0.167177
v 1.405023 0.005018 -0.046786
v 1.418397 -0.023294 -0.181578
v 1.361517 -0.015026 -0.033008
v 1.383904 -0.044627 -0.203199
v 1.239629 -0.013152 -0.199257
v 1.229473 0.011052 -0.063510
v 1.199791 0.000102 -0.045997
v 1.219691 -0.030634 -0.214943
v 1.107622 0.069326 -0.075047
v 1.125049 0.039003 -0.230215
v 1.081780 0.034585 -0.220629
v 1.068294 0.059751 -0.087705
v 0.901160 0.224104 -0.190998
v 1.383966 0.150256 -0.210752
v 1.187945 0.272821 -0.181952
v 1.209387 0.247913 -0.282340
v 1.410778 0.115429 -0.387874
v 1.309287 0.200503 -0.420285
v 1.197006 0.358496 -0.275866
v 1.136099 0.438584 -0.027612
v 1.196509 0.510369 -0.302964
v 1.360871 0.457596 -0.412566
v 1.319964 0.357258 -0.416924
v 1.153576 0.560908 -0.142277
v 1.320735 0.554909 -0.431034
v 1.163793 0.594858 -0.292797
v 1.101954 0.267836 -0.044047
v 1.147498 0.636063 -0.153317
v 1.511834 -0.061439 -0.370279
v 1.538620 -0.056711 -0.384430
v 1.568974 -0.032783 -0.219550
v 1.531858 -0.063467 -0.370610
v 1.567744 -0.046122 -0.218306
v 1.457378 -0.060270 -0.218637
v 1.429858 -0.066974 -0.343677
v 1.409385 -0.079746 -0.195605
v 1.383606 -0.081482 -0.351811
v 1.299604 -0.057949 -0.196850
v 1.272556 -0.068762 -0.330729
v 1.276770 -0.061353 -0.178050
v 1.251475 -0.070824 -0.333925
v 1.207634 0.037541 -0.185520
v 1.184589 0.025887 -0.328446
v 1.144763 0.034224 -0.312137
v 1.163818 0.043541 -0.188840
v 1.006964 0.254995 -0.251090
v 1.535736 0.014851 0.056549
v 1.616332 -0.056110 0.078834
v 1.496681 -0.110464 0.073813
v 1.429621 -0.014596 0.060450
v 1.378770 -0.031459 0.051279
v 1.511821 -0.135442 0.186942
v 1.433972 -0.203617 0.196279
v 1.401119 -0.102093 0.264173
v 1.430442 -0.190914 0.094314
v 1.347397 -0.190295 0.187192
v 1.352643 -0.165008 0.081283
v 1.628340 -0.066905 0.176817
v 1.717960 0.028809 0.071904
v 1.718930 0.077353 0.155651
v 1.643405 0.109327 0.238485
v 1.569720 0.174649 0.198106
v 1.651111 0.183897 0.097841
v 1.472331 0.058943 0.191299
v 1.388801 0.257831 0.169346
v 1.505482 0.056863 0.194163
v 1.705965 0.024804 0.010774
v 1.546128 0.029307 0.038248
v 1.551224 0.016191 -0.013378
v 1.666935 0.133909 -0.030311
v 1.700956 0.144945 -0.101691
v 1.571734 0.400508 -0.257190
v 1.700285 0.115807 -0.170290
v 1.758507 0.016587 -0.078657
v 1.723927 -0.007256 -0.167758
v 1.659117 -0.096936 -0.078740
v 1.628141 -0.043509 -0.172199
v 1.569074 0.342200 -0.409911
v 1.474755 0.446543 -0.402233
v 1.487458 -0.133791 -0.185893
v 1.504562 -0.182903 -0.076168
v 1.421343 -0.200626 -0.196269
v 1.383904 -0.044627 -0.203199
v 1.418397 -0.023294 -0.181578
v 1.345085 -0.179035 -0.193820
v 1.425122 -0.232479 -0.077040
v 1.612131 -0.024566 -0.000098
v 1.466190 -0.092656 0.002682
v 1.394420 -0.155227 0.012601
v 1.361517 -0.015026 -0.033008
v 1.405023 0.005018 -0.046786
v 1.325533 -0.147732 -0.008730
v 1.557364 0.015401 -0.005700
v 1.567433 -0.002425 -0.167177
v 1.223868 -0.124560 -0.019230
v 1.231363 -0.192358 -0.103932
v 1.152967 -0.220377 -0.101151
v 1.155863 -0.139756 -0.015412
v 1.199791 0.000102 -0.045997
v 1.229473 0.011052 -0.063510
v 1.338124 -0.222045 -0.094967
v 1.239181 -0.159164 -0.207639
v 1.175913 -0.176904 -0.217267
v 1.219691 -0.030634 -0.214943
v 1.239629 -0.013152 -0.199257
v 1.116361 -0.080537 -0.037074
v 1.064714 -0.052792 -0.037157
v 1.107622 0.069326 -0.075047
v 1.068294 0.059751 -0.087705
v 0.901160 0.224104 -0.190998
v 1.132967 -0.132399 -0.215774
v 1.086616 -0.090988 -0.235611
v 1.125049 0.039003 -0.230215
v 1.081780 0.034585 -0.220629
v 1.005696 -0.138759 -0.130284
v 1.090071 -0.158150 -0.122855
v 1.184365 -0.241332 0.176069
v 1.086006 -0.171283 0.158265
v 1.136099 -0.163221 0.065305
v 1.173141 -0.214636 0.074643
v 1.254371 -0.182611 0.079748
v 1.251487 -0.206024 0.178352
v 1.230692 -0.061181 0.048373
v 1.235030 -0.108539 0.249234
v 1.172842 -0.129373 0.256870
v 1.116957 -0.082428 0.223462
v 1.211997 0.004966 0.198148
v 1.031451 -0.162361 0.148680
v 1.088468 -0.123168 0.036464
v 0.950557 -0.090902 0.100954
v 0.853566 0.180150 0.021025
v 1.079207 0.004932 0.023972
v 1.127150 0.007648 0.014925
v 1.065994 -0.041326 0.215826
v 1.064465 0.057104 0.150921
v 1.109686 0.071698 0.154655
v 1.254918 -0.058379 0.060865
v 1.244949 -0.002202 0.188519
v 1.367235 0.038212 0.202712
v 1.335066 -0.094065 0.252346
v 1.483344 -0.040226 0.251890
v 1.418385 0.046824 0.186029
v 1.587880 0.038023 0.240062
v 1.526650 0.045191 0.186901
v 1.754156 -0.074675 -0.322761
v 1.692354 -0.084851 -0.414725
v 1.676556 0.057636 -0.402316
v 1.687793 0.086327 -0.321682
v 1.685742 0.082528 -0.246401
v 1.724449 -0.045865 -0.210711
v 1.630764 -0.195607 -0.305579
v 1.582784 -0.125471 -0.395469
v 1.515948 -0.236502 -0.286158
v 1.477228 -0.169272 -0.374179
v 1.406576 -0.235161 -0.371150
v 1.383606 -0.081482 -0.351811
v 1.429858 -0.066974 -0.343677
v 1.328528 -0.211507 -0.347577
v 1.435252 -0.288158 -0.269640
v 1.619626 -0.112510 -0.211831
v 1.515985 -0.171953 -0.196891
v 1.440050 -0.223884 -0.177552
v 1.409385 -0.079746 -0.195605
v 1.358472 -0.203084 -0.174937
v 1.457378 -0.060270 -0.218637
v 1.567744 -0.046122 -0.218306
v 1.568974 -0.032783 -0.219550
v 1.531858 -0.063467 -0.370610
v 1.266503 -0.192117 -0.162529
v 1.332928 -0.267306 -0.258270
v 1.239331 -0.244942 -0.241960
v 1.151699 -0.245320 -0.224488
v 1.231972 -0.202018 -0.333842
v 1.197528 -0.182473 -0.145888
v 1.276770 -0.061353 -0.178050
v 1.299604 -0.057949 -0.196850
v 1.163806 -0.194386 -0.331683
v 1.251475 -0.070824 -0.333925
v 1.272556 -0.068762 -0.330729
v 1.176335 -0.110860 -0.156097
v 1.137740 -0.068710 -0.146261
v 1.207634 0.037541 -0.185520
v 1.163818 0.043541 -0.188840
v 1.006964 0.254995 -0.251090
v 1.139828 -0.139498 -0.322221
v 1.107113 -0.083597 -0.330397
v 1.036821 -0.118423 -0.221128
v 1.144763 0.034224 -0.312137
v 1.109251 -0.163375 -0.230672
v 1.184589 0.025887 -0.328446
v 1.614344 -0.091951 -0.429374
v 1.574791 -0.032474 -0.422527
v 1.489484 0.182161 -0.423232
v 1.439367 0.256473 -0.443402
v 1.319964 0.357258 -0.416924
v 1.360871 0.457596 -0.412566
v 1.320735 0.554909 -0.431034
v 1.538620 -0.056711 -0.384430
v 1.511834 -0.061439 -0.370279
v 1.410778 0.115429 -0.387874
v 1.309287 0.200503 -0.420285
v 1.363494 0.176987 0.100581
v 1.331114 0.140853 0.083358
v 1.564238 0.021589 -0.174191
v 0.692199 -1.154344 0.461714
v 0.657060 -1.416784 0.539901
v 0.777867 -1.417454 0.670832
v 0.781248 -1.224256 0.604723
v 0.872099 -1.166945 0.466362
v 0.910893 -1.217208 0.558326
v 0.948928 -1.416853 0.605760
v 0.923161 -1.416406 0.531061
v 0.800576 -1.240999 0.614310
v 0.900986 -1.235533 0.578371
v 0.916772 -1.271305 0.723205
v 0.894199 -1.380977 0.737191
v 0.966977 -1.268572 0.705236
v 0.979730 -1.380685 0.704613
v 1.049947 -1.420583 0.825876
v 1.290579 -1.415787 0.306587
v 1.211612 -1.217690 0.254878
v 1.408304 -1.415942 0.461921
v 1.347248 -1.225906 0.467191
v 1.350554 -1.244695 0.484498
v 1.246552 -1.225752 0.543925
v 1.271562 -1.244557 0.544672
v 1.254582 -1.416732 0.584264
v 1.056423 -1.158195 0.369542
v 1.348665 -1.244540 0.646887
v 1.339516 -1.381046 0.644355
v 1.433872 -1.380754 0.605926
v 1.413574 -1.244592 0.621572
v 1.130953 -1.416096 0.430920
v 1.420287 -1.303278 0.702953
v 1.455289 -1.418572 0.761136
v 1.336272 -1.415787 0.342608
v 1.290579 -1.415787 0.306587
v 1.429969 -1.415220 0.219893
v 1.506538 -1.397669 0.315385
v 1.436271 -1.398064 0.388674
v 1.533710 -1.421855 0.483834
v 1.322711 -1.415615 0.131955
v 0.628868 -1.416870 0.430009
v 0.657060 -1.416784 0.539901
v 1.130953 -1.416096 0.430920
v 0.923161 -1.416406 0.531061
v 0.777867 -1.417454 0.670832
v 1.254582 -1.416732 0.584264
v 1.408304 -1.415942 0.461921
v 1.433872 -1.380754 0.605926
v 1.339516 -1.381046 0.644355
v 0.948928 -1.416853 0.605760
v 0.894199 -1.380977 0.737191
v 0.979730 -1.380685 0.704613
v 1.455289 -1.418572 0.761136
v 1.049947 -1.420583 0.825876
v 1.009139 -1.416612 0.651618
v 1.204738 -1.416062 0.559488
v 1.265110 -1.416045 0.667803
v 1.081706 -1.416836 0.751923
v 1.294047 -1.380479 0.802595
v 1.202339 -1.380891 0.844676
v 1.322972 -1.419964 0.937428
v 0.983397 -1.194328 0.591858
v 1.009139 -1.416612 0.651618
v 1.081706 -1.416836 0.751923
v 1.081283 -1.221712 0.697102
v 1.103868 -1.239469 0.702414
v 1.206801 -1.224823 0.633565
v 1.138324 -1.191509 0.511679
v 1.201991 -1.241893 0.652738
v 1.213426 -1.253771 0.819900
v 1.202339 -1.380891 0.844676
v 1.262475 -1.254974 0.795083
v 1.265110 -1.416045 0.667803
v 1.204738 -1.416062 0.559488
v 1.283892 -1.305410 0.880324
v 1.322972 -1.419964 0.937428
v 1.294047 -1.380479 0.802595
v 0.872099 -1.166945 0.466362
v 1.056423 -1.158195 0.369542
v 1.130953 -1.416096 0.430920
v 0.923161 -1.416406 0.531061
v 1.308031 -1.249268 0.315011
v 1.378969 -1.264893 0.232633
v 1.211612 -1.217690 0.254878
v 1.387111 -1.277683 0.249317
v 1.265210 -1.247497 0.155195
v 1.333823 -1.265942 0.311235
v 1.336272 -1.415787 0.342608
v 1.432381 -1.268262 0.375560
v 1.429969 -1.415220 0.219893
v 1.436271 -1.398064 0.388674
v 1.533710 -1.421855 0.483834
v 1.473773 -1.276462 0.332359
v 1.322711 -1.415615 0.131955
v 1.506538 -1.397669 0.315385
v 1.290579 -1.415787 0.306587
v 0.856536 0.284476 0.262140
v 0.947512 0.070168 0.406726
v 0.978549 -0.031012 0.256413
v 0.911514 0.154090 0.132121
v 0.767724 0.324700 0.390707
v 0.857630 0.093357 0.469391
v 0.635096 0.274712 0.471051
v 0.747165 0.062415 0.527159
v 1.005908 -0.080434 0.342774
v 0.968705 -0.060424 0.408096
v 1.042365 -0.293830 0.300527
v 0.967288 -0.252660 0.181257
v 0.981868 -0.133671 0.273387
v 1.031339 -0.207897 0.415317
v 1.003919 -0.205044 0.494457
v 0.921570 -0.044300 0.469060
v 0.646357 0.002113 0.559819
v 0.781857 -0.089475 0.548698
v 0.711416 -0.136335 0.557911
v 0.639670 -0.187940 0.544880
v 0.551069 -0.096695 0.549985
v 0.515171 -0.267426 0.410337
v 0.777158 -0.290702 0.575258
v 0.695580 -0.335567 0.561438
v 0.416204 0.030923 0.497985
v 0.507378 0.155379 0.518278
v 0.856574 -0.254912 0.590032
v 0.393693 -0.109141 0.409009
v 0.378590 0.278923 0.420338
v 0.304259 0.178396 0.397222
v 0.561498 -0.336289 0.412412
v 0.712323 -0.465747 0.497071
v 0.560802 -0.394890 0.363981
v 0.243688 0.008937 0.291938
v 0.176230 0.263195 0.272722
v 0.089692 0.017790 0.219188
v 0.056952 0.119228 0.271105
v 0.210238 0.376013 0.197815
v 0.308684 0.448658 0.253633
v 0.243327 -0.160848 0.168807
v 0.018158 -0.194077 0.008866
v -0.128554 -0.225861 -0.024915
v 0.407925 -0.233424 0.300444
v 0.506520 0.393117 0.380291
v 0.430784 0.579577 0.157934
v 0.390100 0.512570 0.099543
v 0.507726 0.520357 -0.004705
v 0.716624 0.419589 0.168184
v 0.639720 0.461378 0.303474
v 0.770160 0.261063 -0.005037
v 0.692721 0.016621 -0.090195
v 0.821906 -0.075173 0.042315
v 0.883596 -0.161605 0.193002
v 0.890234 -0.175855 0.193997
v 0.824169 -0.199027 0.183747
v 0.801384 -0.202156 0.193997
v 0.782727 -0.207983 0.100664
v 0.861347 -0.223506 0.120417
v 0.450759 -0.200093 -0.015578
v 0.336950 -0.217094 -0.117501
v 0.513095 0.009126 -0.256112
v 0.581672 -0.225311 0.092862
v 0.243327 -0.160848 0.168807
v 0.407925 -0.233424 0.300444
v 0.775704 -0.195074 0.216283
v 0.792758 -0.187321 0.206530
v 0.773839 -0.239664 0.151833
v 0.606358 -0.255840 0.294012
v 0.556414 -0.269008 0.318456
v 0.604468 -0.277121 0.342443
v 0.557383 -0.301531 0.346843
v 0.515171 -0.267426 0.410337
v 0.606246 -0.332164 0.282600
v 0.542194 -0.349887 0.288742
v 0.560802 -0.394890 0.363981
v 0.017723 -0.171334 -0.390240
v 0.018158 -0.194077 0.008866
v -0.128554 -0.225861 -0.024915
v 0.561498 -0.336289 0.412412
v 0.446881 -0.480531 0.226492
v 0.419000 -0.404482 0.078710
v 0.536849 -0.345744 -0.024376
v 0.705027 -0.282794 -0.100030
v 0.823149 -0.282932 -0.073096
v 0.983397 -0.360854 0.061404
v 1.047362 -0.440873 0.158847
v 1.026566 -0.331407 0.376597
v 1.016461 -0.489040 0.236535
v 0.999966 -0.382771 0.429012
v 1.004453 -0.568131 0.317211
v 0.908655 -0.619340 0.388426
v 0.878102 -0.433825 0.509812
v 0.799271 -0.444036 0.504417
v 0.808208 -0.626594 0.392700
v 0.695531 -0.630513 0.405855
v 0.446881 -0.480531 0.226492
v 0.743063 -0.751703 0.231389
v 0.890992 -0.727775 0.186734
v 0.766394 -0.818503 0.011812
v 0.960041 -0.618842 0.075100
v 0.827065 -0.723787 -0.097083
v 0.633890 -0.834645 0.066385
v 0.644431 -0.771506 0.249358
v 0.410473 -0.636530 0.089915
v 0.467365 -0.770990 -0.044544
v 0.576016 -0.912017 -0.051351
v 0.431269 -0.864745 -0.136592
v 0.698551 -0.923826 -0.086169
v 0.764703 -0.861616 -0.181619
v 0.771938 -0.645125 -0.230548
v 0.752124 -0.878032 -0.317325
v 0.599608 -0.631373 -0.254493
v 0.557520 -0.866223 -0.379118
v 0.465725 -0.701800 -0.160246
v 0.435656 -0.892077 -0.284705
v 0.467365 -0.770990 -0.044544
v 0.431269 -0.864745 -0.136592
v 0.406322 -0.554912 -0.053509
v 0.493568 -0.475288 -0.179337
v 0.410473 -0.636530 0.089915
v 0.662442 -0.423563 -0.240466
v 0.828457 -0.438003 -0.206809
v 0.949463 -0.511576 -0.085339
v 0.993689 -0.572721 0.019034
v 0.546818 0.363997 -0.171203
v 0.422145 0.521148 -0.109243
v 0.429703 0.446423 -0.272878
v 0.258952 0.146784 -0.469754
v 0.694984 -0.987326 -0.084550
v 0.564344 -0.971804 -0.065378
v 0.706916 -1.067449 -0.007486
v 0.783087 -0.971993 -0.187388
v 0.495681 -0.969896 -0.103226
v 0.542418 -1.077677 0.032230
v 0.603312 -1.172635 0.134984
v 0.781335 -1.131293 0.068916
v 0.700304 -1.174164 0.297788
v 0.921669 -1.163146 0.215287
v 1.137479 -1.264893 0.022810
v 1.026740 -1.236874 -0.073844
v 0.872099 -1.166945 0.466362
v 0.692199 -1.154344 0.461714
v 0.877928 -1.217483 -0.170954
v 1.095341 -1.422749 -0.088286
v 0.912049 -1.386152 -0.204195
v 0.628868 -1.416870 0.430009
v 0.377845 -1.124726 -0.117088
v 1.211612 -1.217690 0.254878
v 1.056423 -1.158195 0.369542
v 0.799557 -1.134696 -0.362643
v 0.800999 -1.396912 -0.344300
v 0.606706 -1.395933 -0.464110
v 0.540628 -1.305101 -0.522458
v 0.658514 -1.011736 -0.425017
v 0.334787 -1.389590 -0.321889
v 0.317609 -1.305840 -0.395261
v 0.527514 -1.061450 -0.488595
v 0.377845 -1.124726 -0.117088
v 0.396862 -1.386633 -0.115177
v 0.361971 -1.074067 -0.381732
v 0.403898 -0.959272 -0.210338
v 0.482692 -1.397978 0.021855
v 0.602753 -1.340117 0.146687
v 0.654598 -1.407244 0.309783
v 0.396862 -1.386633 -0.115177
v 0.657060 -1.416784 0.539901
v 0.403898 -0.959272 -0.210338
v 0.376527 -0.949147 -0.137505
v 1.186640 -1.408842 -0.003501
v 1.265210 -1.247497 0.155195
v 1.322711 -1.415615 0.131955
v 1.095341 -1.422749 -0.088286
v 0.767948 -1.418262 0.069871
v 0.912049 -1.386152 -0.204195
v 0.482692 -1.397978 0.021855
v 0.800999 -1.396912 -0.344300
v 0.602753 -1.340117 0.146687
v 0.396862 -1.386633 -0.115177
v 0.606706 -1.395933 -0.464110
v 0.334787 -1.389590 -0.321889
v 0.654598 -1.407244 0.309783
v 1.186640 -1.408842 -0.003501
v 1.322711 -1.415615 0.131955
v 0.628868 -1.416870 0.430009
v 0.900016 -1.056637 -0.442903
v 0.799557 -1.134696 -0.362643
v 0.658514 -1.011736 -0.425017
v 0.820626 -0.981533 -0.501584
v 1.069251 -0.811198 -0.510631
v 0.846021 -0.920475 -0.408168
v 0.906219 -0.966217 -0.362974
v 0.900016 -1.056637 -0.442903
v 0.752124 -0.878032 -0.317325
v 0.783087 -0.971993 -0.187388
v 0.799557 -1.134696 -0.362643
v -1.309192 0.311344 0.650622
v -1.334898 0.307149 0.665396
v -1.215383 0.457871 0.758937
v -1.202506 0.462942 0.746611
v -1.064371 0.520804 0.835670
v -1.206620 0.476832 0.733414
v -0.966124 0.615762 0.699799
v -1.105353 0.564828 0.593518
v -1.243028 0.377680 0.475367
v -1.321448 0.323755 0.632154
v -1.267415 0.047684 0.578827
v -1.360429 0.177864 0.809068
v -1.324879 -0.034450 0.724783
v -0.902184 0.460777 0.882814
v -1.116142 0.360370 0.943944
v -0.982333 0.322277 0.973119
v -0.874316 0.244475 0.986357
v -0.767083 0.324924 0.908710
v -0.694541 0.173514 0.879826
v -0.800271 0.100663 0.963656
v -0.720868 0.008387 0.809401
v -0.850774 -0.127448 0.840775
v -0.795286 -0.139894 0.727065
v -0.685766 -0.108178 0.549611
v -0.603653 0.035307 0.599744
v -0.674044 0.402674 0.764042
v -0.618930 0.273681 0.731962
v -0.806349 0.535966 0.747317
v -1.113370 0.332849 0.935726
v -0.989182 0.297712 0.960460
v -0.888835 0.227250 0.972330
v -0.817387 0.106319 0.955605
v -0.866510 -0.114779 0.843555
v -0.700060 -0.094048 0.542722
v -0.624287 0.050279 0.596631
v -0.637363 0.284442 0.716690
v -0.688500 0.398119 0.743457
v -0.812763 0.523245 0.725197
v -0.960382 0.598297 0.681954
v -1.088224 0.547397 0.586048
v -1.219696 0.372506 0.467232
v -1.202903 0.107505 0.405647
v -1.224407 0.094268 0.404237
v -0.968412 -0.130061 0.439221
v -0.975136 -0.153405 0.443496
v -1.058169 -0.141200 0.575922
v -0.685766 -0.108178 0.549611
v -0.795286 -0.139894 0.727065
v -1.248447 -0.114006 0.711088
v -0.962122 -0.185894 0.754413
v -1.016739 -0.157015 0.753044
v -1.216651 -0.127500 0.725902
v -0.700060 -0.094048 0.542722
v -0.958816 -0.162567 0.765991
v -0.850774 -0.127448 0.840775
v -0.866510 -0.114779 0.843555
v -1.008312 -0.132914 0.764083
v -1.239932 -0.095887 0.728143
v -1.306744 -0.030840 0.743541
v -1.340118 0.162066 0.818614
v -1.227502 0.307717 0.913399
v -1.241026 0.333571 0.915019
v -1.212760 -0.102333 0.736651
v -0.700060 -0.094048 0.542722
v -0.559092 -0.144793 0.378506
v -0.501454 0.011877 0.456527
v -0.432940 -0.193716 0.235995
v -0.340535 0.062209 0.442582
v -0.548638 0.283187 0.538531
v -0.624287 0.050279 0.596631
v -0.496755 0.382012 0.462419
v -0.663354 0.470815 0.545710
v -0.688500 0.398119 0.743457
v -0.812763 0.523245 0.725197
v -0.960382 0.598297 0.681954
v -0.804261 0.599947 0.486033
v -0.637363 0.284442 0.716690
v -0.675151 0.505024 0.469848
v -0.946522 0.539266 0.368878
v -0.846336 0.480304 0.358710
v -1.063526 0.382424 0.244959
v -1.219696 0.372506 0.467232
v -1.093010 0.027692 0.176941
v -1.202903 0.107505 0.405647
v -0.889357 -0.189693 0.243341
v -0.974216 0.416014 0.244130
v -1.014079 0.120328 0.005670
v -1.088224 0.547397 0.586048
v -0.795883 -0.193853 -0.034626
v -0.559092 -0.144793 0.378506
v -0.968412 -0.130061 0.439221
v -0.700060 -0.094048 0.542722
v -0.432940 -0.193716 0.235995
v -1.307862 -0.084232 0.681747
v -1.464828 -0.211817 0.732543
v -1.385090 -0.076944 0.799025
v -1.484555 -0.242226 0.861898
v -1.411852 -0.084868 0.933237
v -1.424841 -0.270228 0.933320
v -1.385090 -0.140753 1.000051
v -1.349006 -0.193853 1.053296
v -1.312325 -0.007376 1.096705
v -1.363089 -0.011055 1.020967
v -1.145626 -0.067111 1.158125
v -1.210274 -0.250391 1.107080
v -1.268447 -0.369518 1.068112
v -1.383573 -0.322039 1.022794
v -1.136552 -0.268217 1.077200
v -1.076602 -0.110774 1.121647
v -1.176278 -0.397572 1.040847
v -1.057224 -0.299623 1.043710
v -1.068659 -0.422514 1.016237
v -1.003700 -0.158992 1.086247
v -1.270262 0.166776 0.962287
v -0.908275 0.036716 0.998849
v -0.866510 -0.114779 0.843555
v -0.817387 0.106319 0.955605
v -0.888835 0.227250 0.972330
v -0.961289 0.108175 1.021466
v -1.041637 0.137811 1.042796
v -0.918555 -0.175236 0.890907
v -0.944670 -0.248999 0.847041
v -1.199585 0.188624 1.002292
v -1.227502 0.307717 0.913399
v -1.326284 0.151580 0.908751
v -1.340118 0.162066 0.818614
v -1.113370 0.332849 0.935726
v -0.989182 0.297712 0.960460
v -1.343934 0.068982 0.850817
v -1.317856 -0.043767 0.776906
v -1.251666 -0.101594 0.655021
v -1.266657 -0.076119 0.750886
v -1.281125 -0.251319 0.477567
v -1.375444 -0.216527 0.539942
v -1.099548 -0.324703 0.506409
v -1.214737 -0.107112 0.686477
v -1.018716 -0.201279 0.791389
v -0.990313 -0.142953 0.826998
v -1.232263 -0.075173 0.762215
v -1.008312 -0.132914 0.764083
v -1.212760 -0.102333 0.736651
v -1.239932 -0.095887 0.728143
v -1.306744 -0.030840 0.743541
v -0.949070 -0.176732 0.824673
v -0.954092 -0.223575 0.766905
v -0.958816 -0.162567 0.765991
v -0.950376 -0.374297 0.574302
v -0.913769 -0.393498 0.734203
v -0.918555 -0.175236 0.890907
v -0.866510 -0.114779 0.843555
v -0.944670 -0.248999 0.847041
v -1.241747 -1.052769 0.771387
v -1.202568 -0.961352 0.735614
v -1.423312 -0.975087 0.729513
v -1.407812 -1.042558 0.737399
v -1.058193 -1.129161 0.569614
v -1.050909 -0.975500 0.581566
v -1.237981 -1.063650 0.786991
v -1.426656 -1.036799 0.758854
v -1.576524 -1.173975 0.552392
v -1.208410 -0.872566 0.733290
v -1.419285 -0.874354 0.742462
v -1.554349 -0.821752 0.572850
v -1.567264 -0.984112 0.545793
v -1.544380 -1.155651 0.359582
v -1.496699 -0.982444 0.369460
v -1.539247 -0.851903 0.361657
v -1.245339 -1.033911 0.171670
v -1.275805 -0.869489 0.231099
v -1.070300 -0.891475 0.341697
v -1.606729 -1.386151 0.526787
v -1.798586 -1.422749 0.681290
v -1.739656 -1.234656 0.666889
v -1.501708 -1.396895 0.382947
v -1.312636 -1.395933 0.256538
v -1.249081 -1.305084 0.195989
v -1.020829 -1.305840 0.315427
v -1.034875 -1.389589 0.389296
v -0.997672 -1.058390 0.309741
v -1.034862 -1.142208 0.578785
v -1.055446 -0.835057 0.590529
v -1.224681 -0.872996 0.687390
v -1.394810 -0.877551 0.690337
v -1.510882 -0.829092 0.544922
v -1.497718 -0.857817 0.385894
v -1.261088 -0.869094 0.291523
v -1.127727 -0.880490 0.366762
v -1.091145 -0.836089 0.566211
v -1.170822 -1.397978 0.751632
v -1.280678 -1.155737 0.886508
v -1.504020 -1.060573 0.866049
v -1.202692 -1.373672 0.775619
v -1.297434 -1.172634 0.887462
v -1.296377 -1.340117 0.899124
v -1.373841 -1.174164 1.021133
v -1.327651 -1.407226 1.031550
v -1.507998 -1.071024 0.870447
v -1.603224 -1.162149 0.948882
v -1.358788 -1.154379 1.184727
v -1.538364 -1.167013 1.195517
v -1.296837 -1.416904 1.150780
v -1.320330 -1.416870 1.261543
v -1.726666 -1.158246 1.105130
v -1.886603 -1.217741 0.995861
v -1.822353 -1.264876 0.761386
v -1.729426 -1.236874 0.693367
v -1.872595 -1.408825 0.736775
v -1.944390 -1.247514 0.898086
v -2.002811 -1.415632 0.876838
v -1.159722 -0.442403 0.425443
v -1.347949 -0.381362 0.383611
v -1.346147 -0.356522 0.366472
v -1.490161 -0.344884 0.447520
v -1.488595 -0.363622 0.459224
v -1.140977 -0.433138 0.411624
v -1.031146 -0.559605 0.495454
v -0.999275 -0.559003 0.484456
v -0.951743 -0.610797 0.653070
v -0.935609 -0.610298 0.669089
v -1.088001 -0.322331 0.486198
v -0.927032 -0.383098 0.574386
v -0.950376 -0.374297 0.574302
v -0.913769 -0.393498 0.734203
v -0.888226 -0.397383 0.725074
v -1.099548 -0.324703 0.506409
v -1.270162 -0.249188 0.455696
v -1.281125 -0.251319 0.477567
v -1.391591 -0.199904 0.526454
v -1.375444 -0.216527 0.539942
v -1.487128 -0.196947 0.713743
v -1.464828 -0.211817 0.732543
v -1.513554 -0.237155 0.860736
v -1.484555 -0.242226 0.861898
v -1.434487 -0.275867 0.935934
v -1.424841 -0.270228 0.933320
v -1.383573 -0.322039 1.022794
v -1.384630 -0.335774 1.025160
v -1.268447 -0.369518 1.068112
v -1.276986 -0.377253 1.073300
v -1.280529 -0.541435 0.991129
v -1.493977 -0.455897 0.918960
v -1.173221 -0.412527 1.050433
v -1.176278 -0.397572 1.040847
v -1.062880 -0.433482 1.017026
v -1.068659 -0.422514 1.016237
v -0.913769 -0.393498 0.734203
v -0.888226 -0.397383 0.725074
v -1.116105 -0.637939 0.950875
v -1.281784 -0.551474 0.967973
v -1.487998 -0.460865 0.895845
v -1.315010 -0.628519 0.927842
v -1.593205 -0.387859 0.769934
v -1.570148 -0.395715 0.767195
v -1.569042 -0.385470 0.621820
v -1.484406 -0.602769 0.818988
v -1.332747 -0.642753 0.945645
v -1.348185 -0.763151 0.760763
v -1.157310 -0.747663 0.872938
v -1.178851 -0.805834 0.739182
v -1.000817 -0.744105 0.624809
v -1.095819 -0.772847 0.579490
v -1.616636 -0.572274 0.695110
v -1.510882 -0.829092 0.544922
v -1.162233 -0.717340 0.834177
v -1.497718 -0.857817 0.385894
v -1.371877 -0.780152 0.813676
v -1.581757 -0.368864 0.616550
v -1.394810 -0.877551 0.690337
v -1.165141 -0.834645 0.764746
v -1.224681 -0.872996 0.687390
v -1.040170 -0.779929 0.606549
v -1.091145 -0.836089 0.566211
v -1.048274 -0.715879 0.616384
v -0.951743 -0.610797 0.653070
v -1.115657 -0.639899 0.943072
v -0.935609 -0.610298 0.669089
v -1.055073 -0.671323 0.421334
v -1.000817 -0.744105 0.624809
v -1.095819 -0.772847 0.579490
v -1.096552 -0.645520 0.437602
v -1.095409 -0.779981 0.386973
v -1.291455 -0.705084 0.317211
v -1.048274 -0.715879 0.616384
v -1.318465 -0.568664 0.291149
v -1.315954 -0.572171 0.347630
v -1.277048 -0.771300 0.234710
v -1.525648 -0.650334 0.414446
v -1.476152 -0.650695 0.432664
v -1.581210 -0.577138 0.560402
v -1.530720 -0.552488 0.411291
v -1.499396 -0.549394 0.440466
v -1.038194 -0.793664 0.385603
v -1.127727 -0.880490 0.366762
v -1.261088 -0.869094 0.291523
v -1.570782 -0.545921 0.692039
v -1.091145 -0.836089 0.566211
v -1.040170 -0.779929 0.606549
v -1.441709 -1.224393 1.330683
v -1.573231 -1.217328 1.288768
v -1.562479 -1.235670 1.308438
v -1.460602 -1.241154 1.340892
v -1.435481 -1.417609 1.396543
v -1.609190 -1.417007 1.337405
v -1.572099 -1.271511 1.453730
v -1.548930 -1.381184 1.466844
v -1.623025 -1.268761 1.437462
v -1.635778 -1.380891 1.437296
v -1.700787 -1.420858 1.560841
v -1.538364 -1.167013 1.195517
v -1.358788 -1.154379 1.184727
v -1.320330 -1.416870 1.261543
v -1.586618 -1.416526 1.261875
v -2.102090 -1.268400 1.124054
v -2.006329 -1.266028 1.056368
v -2.145284 -1.276600 1.082305
v -2.198720 -1.422061 1.235689
v -2.105396 -1.398201 1.137251
v -2.178733 -1.397789 1.066410
v -2.007423 -1.415890 1.087742
v -2.106254 -1.415288 0.968387
v -2.062202 -1.277751 0.996358
v -2.054781 -1.264962 0.979384
v -1.944390 -1.247514 0.898086
v -1.886603 -1.217741 0.995861
v -1.980400 -1.249353 1.059273
v -2.002811 -1.415632 0.876838
v -1.963296 -1.415873 1.050225
v -1.945708 -1.380788 1.545985
v -1.922513 -1.416268 1.410279
v -1.735666 -1.417076 1.488009
v -1.852284 -1.381184 1.584870
v -1.968890 -1.420325 1.681690
v -1.866777 -1.416251 1.299930
v -1.667413 -1.416801 1.385297
v -1.798512 -1.416199 1.168957
v -1.586618 -1.416526 1.261875
v -1.320330 -1.416870 1.261543
v -1.435481 -1.417609 1.396543
v -1.609190 -1.417007 1.337405
v -1.548930 -1.381184 1.466844
v -1.635778 -1.380891 1.437296
v -1.700787 -1.420858 1.560841
v -1.963296 -1.415873 1.050225
v -1.296837 -1.416904 1.150780
v -2.002811 -1.415632 0.876838
v -2.106254 -1.415288 0.968387
v -2.007423 -1.415890 1.087742
v -2.178733 -1.397789 1.066410
v -1.915540 -1.416921 1.326407
v -2.074333 -1.416113 1.209461
v -2.093774 -1.380994 1.354255
v -1.997864 -1.381287 1.389405
v -2.108578 -1.418881 1.510087
v -2.105396 -1.398201 1.137251
v -2.198720 -1.422061 1.235689
v -1.914496 -1.255267 1.537435
v -1.860090 -1.242116 1.393099
v -1.922513 -1.416268 1.410279
v -1.864416 -1.254063 1.560551
v -1.759942 -1.239693 1.439371
v -1.865721 -1.225029 1.374133
v -1.737605 -1.221935 1.433312
v -1.644256 -1.194483 1.324748
v -1.735666 -1.417076 1.488009
v -1.932271 -1.305737 1.623340
v -1.945708 -1.380788 1.545985
v -1.968890 -1.420325 1.681690
v -1.852284 -1.381184 1.584870
v -1.802464 -1.191646 1.249964
v -1.538364 -1.167013 1.195517
v -1.667413 -1.416801 1.385297
v -1.726666 -1.158246 1.105130
v -1.866777 -1.416251 1.299930
v -1.798512 -1.416199 1.168957
v -1.586618 -1.416526 1.261875
v -2.076099 -1.303553 1.450784
v -2.093774 -1.380994 1.354255
v -2.108578 -1.418881 1.510087
v -2.072854 -1.244832 1.369236
v -2.006913 -1.244764 1.392310
v -1.997864 -1.381287 1.389405
v -2.074333 -1.416113 1.209461
v -2.015701 -1.244867 1.230086
v -2.013128 -1.226078 1.212698
v -1.909251 -1.225923 1.285904
v -1.726666 -1.158246 1.105130
v -1.886603 -1.217741 0.995861
v -1.963296 -1.415873 1.050225
v -1.934210 -1.244746 1.287522
v -1.915540 -1.416921 1.326407
v -1.798512 -1.416199 1.168957
v -1.798586 -1.422749 0.681290
v -1.464717 -1.418262 0.828075
v -1.170822 -1.397978 0.751632
v -1.202692 -1.373672 0.775619
v -1.327651 -1.407226 1.031550
v -1.872595 -1.408825 0.736775
v -2.002811 -1.415632 0.876838
v -1.606729 -1.386151 0.526787
v -1.088125 -1.386633 0.598041
v -1.501708 -1.396895 0.382947
v -1.312636 -1.395933 0.256538
v -1.034875 -1.389589 0.389296
v -1.296377 -1.340117 0.899124
v -1.296837 -1.416904 1.150780
v -1.088125 -1.386633 0.598041
v -0.913769 -0.393498 0.734203
vt 0.781740 0.945310
vt 0.784910 0.942630
vt 0.783450 0.941410
vt 0.780520 0.944090
vt 0.784670 0.948000
vt 0.787840 0.945070
vt 0.778560 0.949220
vt 0.778320 0.943360
vt 0.776370 0.943120
vt 0.777590 0.939450
vt 0.775150 0.939210
vt 0.780270 0.938230
vt 0.763430 0.979000
vt 0.768310 0.973880
vt 0.768310 0.980220
vt 0.768310 0.981690
vt 0.772460 0.978270
vt 0.774170 0.980960
vt 0.744380 0.846190
vt 0.742680 0.842040
vt 0.737300 0.845950
vt 0.739260 0.849610
vt 0.744380 0.837650
vt 0.749020 0.840090
vt 0.745360 0.833010
vt 0.751460 0.833740
vt 0.732180 0.835450
vt 0.733150 0.840330
vt 0.732180 0.832520
vt 0.733150 0.851070
vt 0.732910 0.852780
vt 0.727540 0.851320
vt 0.729000 0.849610
vt 0.724370 0.844240
vt 0.720950 0.846190
vt 0.719970 0.832280
vt 0.712160 0.834230
vt 0.720460 0.817140
vt 0.717770 0.806880
vt 0.714360 0.815670
vt 0.718750 0.821780
vt 0.730960 0.827150
vt 0.729490 0.818600
vt 0.738530 0.830810
vt 0.730960 0.809330
vt 0.742430 0.825930
vt 0.734380 0.802730
vt 0.722660 0.807620
vt 0.742920 0.816650
vt 0.724850 0.826660
vt 0.727540 0.796140
vt 0.916750 0.347900
vt 0.911380 0.357420
vt 0.914060 0.341800
vt 0.907960 0.355220
vt 0.900390 0.352540
vt 0.906010 0.332280
vt 0.913570 0.331540
vt 0.892090 0.348140
vt 0.896730 0.332030
vt 0.909420 0.318600
vt 0.900150 0.323000
vt 0.905760 0.306150
vt 0.913570 0.300780
vt 0.910640 0.291260
vt 0.896000 0.284180
vt 0.885740 0.347660
vt 0.888670 0.332030
vt 0.875240 0.347410
vt 0.873050 0.329830
vt 0.859620 0.334230
vt 0.873540 0.324710
vt 0.867190 0.320800
vt 0.875490 0.312740
vt 0.869870 0.312500
vt 0.864260 0.310790
vt 0.859620 0.316410
vt 0.859620 0.321040
vt 0.878170 0.301270
vt 0.871340 0.300540
vt 0.859620 0.303710
vt 0.872560 0.285400
vt 0.882810 0.289310
vt 0.881350 0.302490
vt 0.886720 0.280270
vt 0.873290 0.265140
vt 0.863770 0.284420
vt 0.859620 0.288570
vt 0.859620 0.295650
vt 0.878910 0.311280
vt 0.890380 0.268310
vt 0.876710 0.242680
vt 0.885500 0.290530
vt 0.888920 0.283940
vt 0.896000 0.250980
vt 0.903810 0.263920
vt 0.916260 0.256590
vt 0.929200 0.267580
vt 0.879390 0.223140
vt 0.904790 0.233150
vt 0.859620 0.218020
vt 0.859620 0.239750
vt 0.907710 0.272220
vt 0.912110 0.280270
vt 0.928710 0.280760
vt 0.945310 0.279790
vt 0.948970 0.269530
vt 0.931880 0.247800
vt 0.921880 0.301510
vt 0.915530 0.319580
vt 0.898190 0.279300
vt 0.842530 0.242680
vt 0.845700 0.265140
vt 0.828860 0.268310
vt 0.823000 0.250730
vt 0.815430 0.263920
vt 0.802730 0.256590
vt 0.790040 0.267330
vt 0.832520 0.280270
vt 0.846680 0.285400
vt 0.855710 0.284180
vt 0.847660 0.300540
vt 0.854740 0.310790
vt 0.849370 0.312500
vt 0.859620 0.278560
vt 0.859620 0.264160
vt 0.852050 0.320800
vt 0.836430 0.289310
vt 0.833500 0.290530
vt 0.830080 0.283690
vt 0.837890 0.302490
vt 0.840820 0.301270
vt 0.843750 0.312740
vt 0.840090 0.311280
vt 0.845700 0.324710
vt 0.846190 0.329830
vt 0.843990 0.347410
vt 0.857420 0.350100
vt 0.830570 0.332030
vt 0.833250 0.347660
vt 0.822510 0.332030
vt 0.827150 0.348140
vt 0.818850 0.352540
vt 0.813230 0.332280
vt 0.809810 0.318600
vt 0.818850 0.322750
vt 0.813480 0.305910
vt 0.805660 0.300780
vt 0.808590 0.291260
vt 0.823240 0.284180
vt 0.804930 0.341800
vt 0.805660 0.331540
vt 0.811280 0.355220
vt 0.807860 0.357420
vt 0.802490 0.347900
vt 0.818600 0.308350
vt 0.824950 0.320800
vt 0.822750 0.309330
vt 0.824220 0.292970
vt 0.825680 0.297360
vt 0.831790 0.291260
vt 0.824460 0.309330
vt 0.827390 0.305180
vt 0.830810 0.305420
vt 0.830080 0.307130
vt 0.833250 0.307620
vt 0.831050 0.303220
vt 0.831540 0.308840
vt 0.834960 0.313230
vt 0.833500 0.313720
vt 0.833740 0.316890
vt 0.835450 0.316890
vt 0.833500 0.321290
vt 0.832760 0.318600
vt 0.831050 0.319580
vt 0.828130 0.307130
vt 0.826660 0.309080
vt 0.827880 0.315920
vt 0.829590 0.314210
vt 0.834960 0.305420
vt 0.837160 0.312260
vt 0.839110 0.323490
vt 0.843990 0.323000
vt 0.835210 0.325200
vt 0.837160 0.327390
vt 0.830810 0.320800
vt 0.829590 0.325200
vt 0.828860 0.328370
vt 0.826900 0.317870
vt 0.820800 0.279300
vt 0.807130 0.280270
vt 0.790530 0.280520
vt 0.773930 0.279790
vt 0.770260 0.269530
vt 0.787350 0.247800
vt 0.811280 0.272220
vt 0.814450 0.233150
vt 0.839840 0.223140
vt 0.797360 0.301510
vt 0.803710 0.319580
vt 0.900390 0.308350
vt 0.894040 0.320800
vt 0.894780 0.292970
vt 0.887210 0.291260
vt 0.884280 0.305420
vt 0.888180 0.303220
vt 0.893550 0.297360
vt 0.885990 0.307620
vt 0.881840 0.312260
vt 0.896480 0.309330
vt 0.894780 0.309330
vt 0.892330 0.317870
vt 0.888430 0.320800
vt 0.889650 0.325200
vt 0.891360 0.315920
vt 0.884030 0.325200
vt 0.885500 0.321290
vt 0.887940 0.319580
vt 0.886470 0.318600
vt 0.889650 0.314210
vt 0.891850 0.305180
vt 0.892330 0.309080
vt 0.881840 0.327390
vt 0.879880 0.323490
vt 0.875240 0.323000
vt 0.883790 0.316890
vt 0.890380 0.328370
vt 0.884030 0.313230
vt 0.885250 0.316890
vt 0.885740 0.313720
vt 0.887700 0.308840
vt 0.888920 0.307130
vt 0.888180 0.305420
vt 0.890870 0.307130
vt 0.616700 0.816410
vt 0.613040 0.800540
vt 0.614010 0.804690
vt 0.607420 0.818120
vt 0.606690 0.824710
vt 0.616940 0.823490
vt 0.595700 0.820800
vt 0.604980 0.793950
vt 0.602290 0.777830
vt 0.595460 0.836670
vt 0.609380 0.833250
vt 0.609860 0.841550
vt 0.610600 0.784420
vt 0.607910 0.777830
vt 0.605470 0.772710
vt 0.609860 0.791260
vt 0.610840 0.795170
vt 0.595700 0.767330
vt 0.601810 0.769290
vt 0.599370 0.765630
vt 0.614010 0.805180
vt 0.609620 0.833500
vt 0.609860 0.841800
vt 0.610600 0.784670
vt 0.660400 0.756590
vt 0.654300 0.748290
vt 0.650150 0.748050
vt 0.657230 0.756590
vt 0.664790 0.768070
vt 0.661620 0.769290
vt 0.650150 0.754390
vt 0.650150 0.768550
vt 0.650150 0.782230
vt 0.666260 0.781740
vt 0.671140 0.781250
vt 0.675290 0.790530
vt 0.674320 0.782470
vt 0.672610 0.780520
vt 0.669680 0.796140
vt 0.650150 0.798580
vt 0.796880 0.950680
vt 0.794430 0.956050
vt 0.789790 0.949710
vt 0.789790 0.958500
vt 0.786620 0.958740
vt 0.784420 0.954590
vt 0.583010 0.994870
vt 0.582280 0.990970
vt 0.579350 0.993900
vt 0.588380 0.994630
vt 0.593510 0.991460
vt 0.594970 0.994870
vt 0.599610 0.992190
vt 0.601810 0.990720
vt 0.602290 0.985840
vt 0.608150 0.986330
vt 0.609130 0.984130
vt 0.610350 0.989990
vt 0.600100 0.995120
vt 0.568600 0.990230
vt 0.572750 0.994630
vt 0.567630 0.992190
vt 0.561520 0.990970
vt 0.548830 0.988530
vt 0.552000 0.990230
vt 0.544680 0.989750
vt 0.539790 0.987300
vt 0.539310 0.988530
vt 0.535890 0.987550
vt 0.537350 0.984860
vt 0.535160 0.986570
vt 0.538090 0.989990
vt 0.534670 0.988770
vt 0.532470 0.984620
vt 0.544430 0.992430
vt 0.542720 0.989750
vt 0.535400 0.980960
vt 0.533690 0.983640
vt 0.530760 0.980220
vt 0.533940 0.976560
vt 0.531980 0.975590
vt 0.541020 0.970210
vt 0.536620 0.970700
vt 0.534420 0.969480
vt 0.531010 0.973630
vt 0.735600 0.989750
vt 0.737300 0.990230
vt 0.733890 0.986820
vt 0.732420 0.986820
vt 0.729740 0.980960
vt 0.730960 0.987790
vt 0.733890 0.991700
vt 0.730960 0.993410
vt 0.729250 0.989500
vt 0.729000 0.981450
vt 0.726070 0.989260
vt 0.727540 0.981450
vt 0.730220 0.996340
vt 0.724850 0.993900
vt 0.783200 0.957280
vt 0.777830 0.965820
vt 0.778810 0.968510
vt 0.785400 0.961910
vt 0.782710 0.970950
vt 0.779050 0.971920
vt 0.775150 0.976320
vt 0.775390 0.966550
vt 0.775390 0.961180
vt 0.771000 0.964600
vt 0.773680 0.967290
vt 0.738280 0.989990
vt 0.737060 0.993410
vt 0.739500 0.995610
vt 0.739990 0.991210
vt 0.739990 0.984130
vt 0.743900 0.991210
vt 0.745120 0.988770
vt 0.746340 0.987060
vt 0.745120 0.996090
vt 0.748290 0.991700
vt 0.750000 0.988770
vt 0.688230 0.763920
vt 0.679930 0.775630
vt 0.679930 0.762700
vt 0.692630 0.776120
vt 0.679930 0.755370
vt 0.680180 0.785890
vt 0.696040 0.791500
vt 0.679440 0.789790
vt 0.696040 0.793210
vt 0.737790 0.878910
vt 0.741700 0.878170
vt 0.743900 0.866460
vt 0.737300 0.869630
vt 0.741460 0.887700
vt 0.735110 0.889650
vt 0.731690 0.880130
vt 0.725590 0.892820
vt 0.723630 0.880860
vt 0.724120 0.870610
vt 0.731450 0.871830
vt 0.726810 0.864500
vt 0.731690 0.867190
vt 0.746340 0.906010
vt 0.731930 0.910890
vt 0.738770 0.931640
vt 0.755370 0.932620
vt 0.754150 0.902100
vt 0.750730 0.884770
vt 0.751950 0.871830
vt 0.764160 0.879390
vt 0.763670 0.868650
vt 0.767090 0.893310
vt 0.764890 0.926030
vt 0.778320 0.917720
vt 0.782230 0.872070
vt 0.787600 0.884520
vt 0.796140 0.904050
vt 0.778560 0.863530
vt 0.766850 0.930660
vt 0.759030 0.942870
vt 0.756100 0.857180
vt 0.763430 0.858150
vt 0.756350 0.843260
vt 0.752690 0.842040
vt 0.756840 0.837650
vt 0.760010 0.838620
vt 0.760740 0.844970
vt 0.767330 0.836430
vt 0.770020 0.842290
vt 0.761720 0.834230
vt 0.758790 0.832520
vt 0.754390 0.836910
vt 0.756350 0.831790
vt 0.750490 0.841800
vt 0.752440 0.835450
vt 0.763920 0.831790
vt 0.749760 0.857180
vt 0.747560 0.856200
vt 0.760740 0.829100
vt 0.758060 0.827880
vt 0.753660 0.829350
vt 0.741940 0.862550
vt 0.754880 0.827150
vt 0.736820 0.865230
vt 0.700680 0.903810
vt 0.698240 0.903080
vt 0.699950 0.904790
vt 0.700680 0.903560
vt 0.701420 0.904540
vt 0.700680 0.899660
vt 0.699460 0.900150
vt 0.697020 0.895510
vt 0.696780 0.894780
vt 0.697270 0.896240
vt 0.696040 0.896000
vt 0.696290 0.897460
vt 0.697750 0.897460
vt 0.696290 0.899410
vt 0.697750 0.898930
vt 0.698730 0.902100
vt 0.834720 0.395510
vt 0.836180 0.400630
vt 0.831540 0.396000
vt 0.833250 0.380620
vt 0.829590 0.382080
vt 0.827640 0.393550
vt 0.824460 0.382320
vt 0.825680 0.393550
vt 0.829830 0.400390
vt 0.831050 0.398680
vt 0.821290 0.384520
vt 0.823490 0.368160
vt 0.830570 0.364500
vt 0.835210 0.404050
vt 0.842530 0.403810
vt 0.841310 0.400880
vt 0.842530 0.396240
vt 0.859620 0.399660
vt 0.859620 0.380130
vt 0.840330 0.389400
vt 0.876710 0.396240
vt 0.878660 0.389400
vt 0.876950 0.377930
vt 0.885740 0.380620
vt 0.883060 0.391360
vt 0.879390 0.395020
vt 0.877930 0.400880
vt 0.884520 0.395510
vt 0.876460 0.403810
vt 0.882810 0.400630
vt 0.884770 0.364260
vt 0.875000 0.363040
vt 0.859620 0.365970
vt 0.843990 0.363040
vt 0.842290 0.377930
vt 0.834230 0.364260
vt 0.835940 0.391360
vt 0.883790 0.404050
vt 0.887450 0.396000
vt 0.888180 0.398680
vt 0.891360 0.393550
vt 0.889400 0.382080
vt 0.895510 0.368160
vt 0.888670 0.364500
vt 0.889160 0.400390
vt 0.893310 0.393550
vt 0.894530 0.382320
vt 0.899660 0.371090
vt 0.897710 0.384520
vt 0.902590 0.374020
vt 0.819580 0.371090
vt 0.816410 0.374020
vt 0.607420 0.910890
vt 0.613770 0.892820
vt 0.604250 0.889650
vt 0.593020 0.906010
vt 0.600590 0.931640
vt 0.583980 0.932620
vt 0.585210 0.902100
vt 0.588620 0.884770
vt 0.597900 0.887940
vt 0.587400 0.871830
vt 0.597660 0.878420
vt 0.595700 0.866460
vt 0.583250 0.857420
vt 0.574710 0.926030
vt 0.580320 0.942870
vt 0.572510 0.930660
vt 0.561040 0.917720
vt 0.575680 0.868650
vt 0.601560 0.878910
vt 0.607670 0.880130
vt 0.607910 0.871830
vt 0.602050 0.869630
vt 0.607670 0.867190
vt 0.602540 0.865230
vt 0.615230 0.870610
vt 0.615720 0.880860
vt 0.575930 0.858150
vt 0.583010 0.843260
vt 0.578610 0.845210
vt 0.563960 0.856200
vt 0.569340 0.842530
vt 0.560790 0.863530
vt 0.572020 0.836430
vt 0.612550 0.864500
vt 0.579350 0.838620
vt 0.577640 0.834470
vt 0.582520 0.837650
vt 0.586670 0.842040
vt 0.580570 0.832760
vt 0.584960 0.836910
vt 0.582760 0.831790
vt 0.578610 0.829350
vt 0.581300 0.827880
vt 0.575200 0.831790
vt 0.585690 0.829590
vt 0.584470 0.827150
vt 0.586670 0.835450
vt 0.589600 0.857180
vt 0.591800 0.856200
vt 0.588870 0.841800
vt 0.597410 0.862550
vt 0.781980 0.945310
vt 0.542970 0.986080
vt 0.538090 0.984620
vt 0.546140 0.982670
vt 0.545650 0.981450
vt 0.553220 0.983640
vt 0.553710 0.980470
vt 0.573730 0.981450
vt 0.562500 0.983640
vt 0.571290 0.984380
vt 0.773190 0.985350
vt 0.769290 0.992920
vt 0.776610 0.987060
vt 0.780270 0.978270
vt 0.778810 0.988280
vt 0.781740 0.979740
vt 0.782230 0.988280
vt 0.777340 0.996090
vt 0.782960 0.996090
vt 0.784180 0.987300
vt 0.786380 0.995360
vt 0.774410 0.995360
vt 0.778080 0.978760
vt 0.768800 0.951900
vt 0.771000 0.959230
vt 0.771970 0.949220
vt 0.768070 0.959720
vt 0.766600 0.941160
vt 0.764890 0.951420
vt 0.761960 0.950440
vt 0.757570 0.956050
vt 0.763670 0.958010
vt 0.760010 0.948490
vt 0.776610 0.953370
vt 0.755370 0.954100
vt 0.795170 0.939940
vt 0.791020 0.944820
vt 0.797360 0.941890
vt 0.793460 0.946290
vt 0.799560 0.946290
vt 0.800290 0.943120
vt 0.798340 0.935550
vt 0.792970 0.936770
vt 0.790040 0.938230
vt 0.743410 0.972660
vt 0.747070 0.973390
vt 0.741460 0.980220
vt 0.739010 0.976320
vt 0.747070 0.979250
vt 0.751220 0.978270
vt 0.750240 0.972900
vt 0.746830 0.964360
vt 0.739260 0.969480
vt 0.736330 0.973630
vt 0.753420 0.977290
vt 0.630130 0.784910
vt 0.618650 0.790530
vt 0.618410 0.771730
vt 0.628420 0.777830
vt 0.627440 0.774900
vt 0.632570 0.793210
vt 0.634280 0.799070
vt 0.635740 0.803710
vt 0.618650 0.799800
vt 0.755370 0.996090
vt 0.760740 0.996090
vt 0.755860 0.988280
vt 0.754150 0.987300
vt 0.751950 0.995360
vt 0.756350 0.979740
vt 0.759280 0.988280
vt 0.763920 0.995360
vt 0.761470 0.987060
vt 0.758060 0.978270
vt 0.764890 0.985350
vt 0.769040 0.992920
vt 0.760250 0.978760
vt 0.762700 0.965820
vt 0.760250 0.966310
vt 0.758790 0.960690
vt 0.757320 0.966800
vt 0.765140 0.971920
vt 0.769040 0.968020
vt 0.764890 0.963380
vt 0.761960 0.972660
vt 0.756350 0.972170
vt 0.753170 0.971440
vt 0.754390 0.965580
vt 0.839840 0.395020
vt 0.718260 0.996340
vt 0.723630 0.993900
vt 0.722410 0.989260
vt 0.718990 0.989500
vt 0.717530 0.993410
vt 0.717290 0.987790
vt 0.714600 0.991700
vt 0.712650 0.989750
vt 0.716060 0.986820
vt 0.714360 0.986820
vt 0.718510 0.980960
vt 0.719480 0.981450
vt 0.711180 0.990230
vt 0.720700 0.981450
vt 0.572270 0.893310
vt 0.551760 0.884770
vt 0.557130 0.872070
vt 0.575200 0.879390
vt 0.543210 0.904300
vt 0.577880 0.971680
vt 0.572510 0.974120
vt 0.574710 0.965090
vt 0.591800 0.982420
vt 0.588380 0.982180
vt 0.588380 0.985110
vt 0.585210 0.982420
vt 0.775390 0.856200
vt 0.812260 0.948240
vt 0.807130 0.948970
vt 0.810550 0.943360
vt 0.804690 0.946780
vt 0.805910 0.941410
vt 0.541260 0.975830
vt 0.539060 0.980220
vt 0.538570 0.974120
vt 0.582280 0.979980
vt 0.579590 0.980220
vt 0.584720 0.971680
vt 0.580080 0.965090
vt 0.581050 0.973630
vt 0.576170 0.965820
vt 0.586430 0.965580
vt 0.582030 0.967040
vt 0.587160 0.971440
vt 0.543950 0.975590
vt 0.546880 0.979980
vt 0.542480 0.978760
vt 0.607420 0.856690
vt 0.603520 0.856450
vt 0.603270 0.858890
vt 0.606690 0.859130
vt 0.607420 0.854490
vt 0.603520 0.854250
vt 0.599850 0.857670
vt 0.609620 0.855220
vt 0.609130 0.858890
vt 0.598630 0.854980
vt 0.552490 0.806640
vt 0.561520 0.815430
vt 0.554930 0.802000
vt 0.561280 0.798580
vt 0.567380 0.801760
vt 0.570310 0.806400
vt 0.531490 0.866700
vt 0.531490 0.858890
vt 0.522710 0.860110
vt 0.525880 0.866940
vt 0.517580 0.866210
vt 0.521240 0.869630
vt 0.540040 0.860110
vt 0.536870 0.866940
vt 0.545170 0.865970
vt 0.541500 0.869380
vt 0.531490 0.883540
vt 0.956050 0.375980
vt 0.956790 0.346680
vt 0.933110 0.346680
vt 0.931640 0.374510
vt 0.977050 0.346680
vt 0.977050 0.376950
vt 0.925780 0.356930
vt 0.988040 0.374270
vt 0.988280 0.346680
vt 0.997800 0.369870
vt 0.998050 0.346680
vt 0.933110 0.309330
vt 0.956790 0.309330
vt 0.988280 0.309330
vt 0.998050 0.309330
vt 0.977050 0.309330
vt 0.923100 0.309330
vt 0.923100 0.346680
vt 0.914550 0.356450
vt 0.961910 0.271480
vt 0.961910 0.306150
vt 0.981200 0.301510
vt 0.981200 0.266600
vt 0.997800 0.300290
vt 0.997800 0.265630
vt 0.944820 0.298340
vt 0.710450 0.477780
vt 0.710450 0.485840
vt 0.706300 0.485840
vt 0.706300 0.477780
vt 0.710450 0.469730
vt 0.706300 0.469730
vt 0.714840 0.477780
vt 0.714840 0.485840
vt 0.714840 0.469730
vt 0.719240 0.477780
vt 0.719240 0.485840
vt 0.719240 0.469730
vt 0.723390 0.477780
vt 0.723390 0.485840
vt 0.723390 0.469730
vt 0.727780 0.477780
vt 0.727780 0.485840
vt 0.727780 0.469730
vt 0.800780 0.453610
vt 0.820070 0.453610
vt 0.820070 0.456540
vt 0.800780 0.456540
vt 0.780520 0.453610
vt 0.780520 0.456540
vt 0.764650 0.456540
vt 0.764650 0.453610
vt 0.747070 0.456540
vt 0.747070 0.453610
vt 0.729000 0.456540
vt 0.729000 0.453610
vt 0.717040 0.456540
vt 0.717040 0.453610
vt 0.820070 0.440920
vt 0.800780 0.440920
vt 0.780520 0.440920
vt 0.764650 0.440920
vt 0.764650 0.438230
vt 0.780520 0.438230
vt 0.747070 0.438230
vt 0.800780 0.438230
vt 0.747070 0.440920
vt 0.729000 0.438230
vt 0.729000 0.440920
vt 0.717040 0.440920
vt 0.717040 0.438230
vt 0.695070 0.440920
vt 0.695070 0.453610
vt 0.695070 0.438230
vt 0.820070 0.438230
vt 0.839110 0.440920
vt 0.839110 0.453610
vt 0.859380 0.453610
vt 0.859380 0.440920
vt 0.875240 0.453610
vt 0.875240 0.440920
vt 0.892820 0.440920
vt 0.892820 0.453610
vt 0.907230 0.440920
vt 0.907230 0.453610
vt 0.919190 0.440920
vt 0.919190 0.453610
vt 0.932620 0.440920
vt 0.932620 0.453610
vt 0.932620 0.456540
vt 0.919190 0.456540
vt 0.932620 0.438230
vt 0.919190 0.438230
vt 0.875240 0.456540
vt 0.875240 0.438230
vt 0.859380 0.438230
vt 0.839110 0.438230
vt 0.907230 0.456540
vt 0.892820 0.456540
vt 0.859380 0.456540
vt 0.839110 0.456540
vt 0.892820 0.438230
vt 0.907230 0.438230
vt 0.695070 0.456540
vt 0.734130 0.462160
vt 0.739500 0.462160
vt 0.739500 0.459720
vt 0.734130 0.459720
vt 0.728760 0.462160
vt 0.728760 0.459720
vt 0.723390 0.462160
vt 0.723390 0.459720
vt 0.718260 0.462160
vt 0.718260 0.459720
vt 0.712890 0.462160
vt 0.712890 0.459720
vt 0.707520 0.462160
vt 0.707520 0.459720
vt 0.702390 0.462160
vt 0.702390 0.459720
vt 0.697020 0.462160
vt 0.697020 0.459720
vt 0.723390 0.464840
vt 0.728760 0.464840
vt 0.734130 0.464840
vt 0.739500 0.464840
vt 0.712890 0.464840
vt 0.707520 0.464840
vt 0.702390 0.464840
vt 0.697020 0.464840
vt 0.734130 0.467290
vt 0.739500 0.467290
vt 0.728760 0.467290
vt 0.723390 0.467290
vt 0.718260 0.467290
vt 0.718260 0.464840
vt 0.712890 0.467290
vt 0.707520 0.467290
vt 0.702390 0.467290
vt 0.697020 0.467290
vt 0.734130 0.469970
vt 0.739500 0.469970
vt 0.728760 0.469970
vt 0.723390 0.469970
vt 0.718260 0.469970
vt 0.712890 0.469970
vt 0.707520 0.469970
vt 0.702390 0.469970
vt 0.697020 0.469970
vt 0.734130 0.472410
vt 0.739500 0.472410
vt 0.728760 0.472410
vt 0.723390 0.472410
vt 0.718260 0.472410
vt 0.712890 0.472410
vt 0.707520 0.472410
vt 0.702390 0.472410
vt 0.697020 0.472410
vt 0.864990 0.772220
vt 0.867920 0.795170
vt 0.878420 0.795410
vt 0.876710 0.772710
vt 0.883060 0.764650
vt 0.865970 0.765140
vt 0.848630 0.777830
vt 0.844970 0.765140
vt 0.829100 0.789060
vt 0.820070 0.783690
vt 0.809810 0.796880
vt 0.801510 0.791500
vt 0.804200 0.779790
vt 0.787110 0.771480
vt 0.808110 0.763670
vt 0.793460 0.756590
vt 0.786620 0.781740
vt 0.813960 0.805910
vt 0.831050 0.800780
vt 0.847170 0.798340
vt 0.825200 0.764400
vt 0.828610 0.816410
vt 0.838130 0.815430
vt 0.830570 0.827390
vt 0.850340 0.816160
vt 0.836910 0.830810
vt 0.821780 0.846680
vt 0.834720 0.847660
vt 0.800290 0.845950
vt 0.795650 0.874270
vt 0.810790 0.817630
vt 0.819090 0.872310
vt 0.800540 0.893800
vt 0.821040 0.893070
vt 0.825200 0.912840
vt 0.833740 0.872310
vt 0.854490 0.821290
vt 0.849120 0.834230
vt 0.862060 0.830320
vt 0.873540 0.828610
vt 0.871830 0.820070
vt 0.882810 0.821040
vt 0.880860 0.816410
vt 0.871340 0.813960
vt 0.889400 0.830080
vt 0.889400 0.815920
vt 0.884030 0.812500
vt 0.885740 0.796880
vt 0.884030 0.776860
vt 0.889400 0.798100
vt 0.889400 0.774170
vt 0.889400 0.765630
vt 0.872800 0.804690
vt 0.869630 0.804690
vt 0.868650 0.800050
vt 0.864010 0.795900
vt 0.858890 0.796880
vt 0.860350 0.793950
vt 0.864010 0.793460
vt 0.872070 0.800540
vt 0.895750 0.764650
vt 0.901860 0.772710
vt 0.895510 0.776860
vt 0.893800 0.796880
vt 0.900390 0.795410
vt 0.908690 0.795410
vt 0.897950 0.816410
vt 0.910160 0.799560
vt 0.907470 0.813960
vt 0.906740 0.820070
vt 0.895750 0.821040
vt 0.895510 0.812500
vt 0.905270 0.828610
vt 0.924070 0.821290
vt 0.916500 0.830320
vt 0.929690 0.834230
vt 0.935790 0.832520
vt 0.936770 0.846920
vt 0.929440 0.845950
vt 0.928470 0.858890
vt 0.919920 0.854740
vt 0.925050 0.866210
vt 0.919190 0.873050
vt 0.906250 0.858890
vt 0.910890 0.874270
vt 0.889400 0.875000
vt 0.889400 0.861570
vt 0.872310 0.858890
vt 0.912110 0.885500
vt 0.909180 0.891850
vt 0.889400 0.892330
vt 0.866210 0.891850
vt 0.867680 0.874270
vt 0.851070 0.871830
vt 0.858640 0.854740
vt 0.854980 0.891360
vt 0.838870 0.883790
vt 0.840580 0.892330
vt 0.864500 0.913570
vt 0.835690 0.892820
vt 0.834720 0.897710
vt 0.832030 0.892820
vt 0.833010 0.900150
vt 0.836670 0.899170
vt 0.839360 0.912840
vt 0.846920 0.932370
vt 0.834960 0.887210
vt 0.832520 0.934330
vt 0.834720 0.945800
vt 0.852780 0.942140
vt 0.807130 0.915040
vt 0.816650 0.936040
vt 0.816160 0.948240
vt 0.836430 0.962650
vt 0.816650 0.959230
vt 0.815430 0.971440
vt 0.806640 0.960940
vt 0.805910 0.974370
vt 0.812260 0.989260
vt 0.798830 0.965820
vt 0.796140 0.994870
vt 0.789550 0.980470
vt 0.782960 0.972660
vt 0.822750 0.983150
vt 0.838130 0.971190
vt 0.826170 0.989260
vt 0.850590 0.962650
vt 0.861080 0.956300
vt 0.864990 0.952150
vt 0.865480 0.941410
vt 0.879640 0.934330
vt 0.869870 0.934080
vt 0.865230 0.926510
vt 0.889400 0.925780
vt 0.889400 0.916990
vt 0.883790 0.915040
vt 0.876950 0.908200
vt 0.882810 0.900880
vt 0.889400 0.901610
vt 0.855960 0.925290
vt 0.895020 0.900880
vt 0.906490 0.895020
vt 0.899660 0.907710
vt 0.902100 0.908690
vt 0.898930 0.914790
vt 0.893800 0.915040
vt 0.889400 0.916750
vt 0.943850 0.945800
vt 0.962650 0.948240
vt 0.962160 0.936040
vt 0.951660 0.934810
vt 0.946290 0.934330
vt 0.937010 0.932370
vt 0.932130 0.931400
vt 0.938720 0.920650
vt 0.942380 0.962650
vt 0.962160 0.959230
vt 0.963380 0.971440
vt 0.955810 0.983150
vt 0.972170 0.960940
vt 0.914060 0.962650
vt 0.913090 0.934080
vt 0.937010 0.987550
vt 0.972660 0.974370
vt 0.979980 0.965820
vt 0.989260 0.980470
vt 0.982420 0.994870
vt 0.966550 0.989260
vt 0.920900 0.927980
vt 0.917970 0.919920
vt 0.914310 0.913570
vt 0.924070 0.913330
vt 0.928960 0.894290
vt 0.924560 0.890870
vt 0.934330 0.912840
vt 0.932860 0.893070
vt 0.939210 0.912840
vt 0.943120 0.892820
vt 0.937260 0.887450
vt 0.937260 0.918210
vt 0.995850 0.972660
vt 0.941160 0.879880
vt 0.928710 0.879880
vt 0.918700 0.891360
vt 0.921630 0.887210
vt 0.907960 0.934080
vt 0.910890 0.948490
vt 0.889400 0.949220
vt 0.889400 0.963870
vt 0.871090 0.962890
vt 0.916750 0.990230
vt 0.889400 0.992190
vt 0.873540 0.980710
vt 0.862060 0.990230
vt 0.863530 0.973630
vt 0.864010 0.969480
vt 0.854980 0.979250
vt 0.841800 0.987550
vt 0.948970 0.995120
vt 0.655520 0.450440
vt 0.649170 0.435550
vt 0.641850 0.440920
vt 0.664550 0.446780
vt 0.638670 0.434570
vt 0.655270 0.468750
vt 0.664060 0.468020
vt 0.673340 0.494630
vt 0.662840 0.494630
vt 0.677250 0.515380
vt 0.662840 0.515630
vt 0.627930 0.418950
vt 0.645020 0.417240
vt 0.628660 0.414790
vt 0.632320 0.391600
vt 0.626710 0.414790
vt 0.618900 0.392330
vt 0.632320 0.382570
vt 0.611080 0.382810
vt 0.649170 0.478270
vt 0.648440 0.494140
vt 0.658940 0.502200
vt 0.663820 0.515140
vt 0.649660 0.502200
vt 0.647710 0.507810
vt 0.646000 0.488530
vt 0.644040 0.497800
vt 0.641850 0.501950
vt 0.637940 0.510010
vt 0.639890 0.516600
vt 0.646240 0.512700
vt 0.635740 0.518070
vt 0.632810 0.521730
vt 0.641850 0.537110
vt 0.644290 0.518070
vt 0.631840 0.532470
vt 0.631590 0.539060
vt 0.641360 0.568360
vt 0.628170 0.560790
vt 0.629390 0.569580
vt 0.622800 0.571290
vt 0.630370 0.586670
vt 0.610350 0.597900
vt 0.617190 0.603520
vt 0.610840 0.606450
vt 0.610840 0.612550
vt 0.606450 0.603760
vt 0.600340 0.615480
vt 0.593510 0.628660
vt 0.597900 0.638670
vt 0.588130 0.642330
vt 0.590090 0.648440
vt 0.646240 0.584960
vt 0.618160 0.604250
vt 0.611820 0.613040
vt 0.609130 0.597170
vt 0.605220 0.603270
vt 0.599120 0.614990
vt 0.592530 0.628170
vt 0.599120 0.638670
vt 0.587650 0.641600
vt 0.595700 0.658200
vt 0.587160 0.656490
vt 0.594480 0.677250
vt 0.582760 0.656980
vt 0.584230 0.653080
vt 0.573000 0.683840
vt 0.596680 0.658200
vt 0.577150 0.754640
vt 0.572750 0.753420
vt 0.572020 0.766360
vt 0.564940 0.754640
vt 0.567380 0.766850
vt 0.558590 0.759520
vt 0.563230 0.768550
vt 0.576900 0.767090
vt 0.580320 0.755370
vt 0.555420 0.762450
vt 0.559810 0.771240
vt 0.552730 0.764890
vt 0.572270 0.784910
vt 0.581050 0.768800
vt 0.584470 0.771240
vt 0.590580 0.765380
vt 0.586430 0.759520
vt 0.542970 0.829590
vt 0.538820 0.827880
vt 0.534670 0.845950
vt 0.546390 0.823730
vt 0.541020 0.820070
vt 0.533940 0.827390
vt 0.534420 0.816890
vt 0.546390 0.832030
vt 0.553960 0.824710
vt 0.529300 0.827880
vt 0.525150 0.829590
vt 0.521730 0.832520
vt 0.512450 0.824460
vt 0.517820 0.816160
vt 0.526610 0.815430
vt 0.531490 0.781250
vt 0.527100 0.781740
vt 0.531490 0.799070
vt 0.522950 0.783200
vt 0.536130 0.781980
vt 0.540040 0.783690
vt 0.543210 0.786130
vt 0.531980 0.773930
vt 0.538820 0.772950
vt 0.525390 0.773190
vt 0.517580 0.772460
vt 0.519530 0.785640
vt 0.508790 0.775630
vt 0.545900 0.774410
vt 0.552490 0.777590
vt 0.543950 0.773930
vt 0.514890 0.900880
vt 0.512700 0.903810
vt 0.522950 0.913090
vt 0.518800 0.898930
vt 0.522950 0.896730
vt 0.531250 0.902100
vt 0.510010 0.907960
vt 0.534910 0.907230
vt 0.536620 0.909910
vt 0.959720 0.872310
vt 0.982910 0.874270
vt 0.978270 0.845950
vt 0.957760 0.893070
vt 0.978030 0.893800
vt 0.971680 0.915040
vt 0.953610 0.912840
vt 0.957030 0.846680
vt 0.948240 0.827390
vt 0.968020 0.817630
vt 0.964600 0.805910
vt 0.950200 0.816410
vt 0.947510 0.800780
vt 0.940670 0.815430
vt 0.949710 0.789060
vt 0.930180 0.777830
vt 0.933840 0.765140
vt 0.912840 0.765140
vt 0.913820 0.772220
vt 0.927250 0.797610
vt 0.931640 0.798340
vt 0.939700 0.799560
vt 0.958500 0.783690
vt 0.968990 0.796880
vt 0.977290 0.791500
vt 0.974610 0.779790
vt 0.970460 0.763670
vt 0.991460 0.771480
vt 0.953370 0.764400
vt 0.991940 0.781740
vt 0.985110 0.756590
vt 0.666750 0.535160
vt 0.665530 0.535160
vt 0.658450 0.502930
vt 0.649900 0.502930
vt 0.666260 0.540770
vt 0.665280 0.540770
vt 0.666990 0.543210
vt 0.667720 0.543210
vt 0.647220 0.512940
vt 0.666500 0.555180
vt 0.645020 0.518310
vt 0.642820 0.537110
vt 0.642580 0.568120
vt 0.680910 0.535400
vt 0.675290 0.556640
vt 0.664550 0.579100
vt 0.674320 0.579100
vt 0.680910 0.557130
vt 0.681880 0.535160
vt 0.678220 0.515380
vt 0.674320 0.494380
vt 0.665280 0.467770
vt 0.665530 0.446780
vt 0.680180 0.579100
vt 0.661380 0.434810
vt 0.662350 0.434570
vt 0.658940 0.419430
vt 0.674560 0.602290
vt 0.665040 0.602050
vt 0.649410 0.417720
vt 0.654790 0.397460
vt 0.650150 0.397460
vt 0.647460 0.397460
vt 0.655030 0.377440
vt 0.650150 0.377440
vt 0.647460 0.377440
vt 0.650150 0.355470
vt 0.655760 0.355470
vt 0.648190 0.355470
vt 0.650150 0.328130
vt 0.647950 0.328130
vt 0.655760 0.328130
vt 0.665530 0.629390
vt 0.675050 0.629150
vt 0.675290 0.648930
vt 0.680910 0.629390
vt 0.679930 0.602050
vt 0.666750 0.648440
vt 0.681880 0.649660
vt 0.641110 0.441160
vt 0.646480 0.452390
vt 0.647460 0.452150
vt 0.647220 0.468020
vt 0.648190 0.468020
vt 0.648190 0.478270
vt 0.644780 0.488280
vt 0.643070 0.497310
vt 0.640870 0.501460
vt 0.636960 0.509770
vt 0.634520 0.517330
vt 0.632080 0.521730
vt 0.630860 0.532230
vt 0.630370 0.539060
vt 0.627200 0.560300
vt 0.621580 0.570800
vt 0.633060 0.391600
vt 0.633060 0.382570
vt 0.629880 0.373540
vt 0.603760 0.372800
vt 0.632810 0.382570
vt 0.610600 0.382810
vt 0.609860 0.382570
vt 0.618160 0.392580
vt 0.625730 0.415040
vt 0.626950 0.419680
vt 0.637700 0.434810
vt 0.633300 0.610600
vt 0.653080 0.609130
vt 0.658450 0.632320
vt 0.638430 0.633790
vt 0.663570 0.650390
vt 0.643310 0.655520
vt 0.948730 0.697510
vt 0.930180 0.700930
vt 0.929690 0.676760
vt 0.948730 0.675050
vt 0.913820 0.677490
vt 0.913570 0.705080
vt 0.892090 0.676760
vt 0.892090 0.705080
vt 0.864010 0.707520
vt 0.864260 0.675780
vt 0.837400 0.707760
vt 0.839840 0.676510
vt 0.816650 0.707280
vt 0.833010 0.745360
vt 0.816650 0.744870
vt 0.845950 0.748780
vt 0.850830 0.726070
vt 0.816650 0.673340
vt 0.911870 0.721680
vt 0.929690 0.719970
vt 0.949220 0.720950
vt 0.892580 0.726560
vt 0.867680 0.729250
vt 0.972900 0.698970
vt 0.972900 0.672850
vt 0.997560 0.675050
vt 0.991940 0.697510
vt 0.994630 0.720950
vt 0.972900 0.720210
vt 0.872070 0.728760
vt 0.927730 0.732910
vt 0.946040 0.735110
vt 0.965580 0.734860
vt 0.908200 0.739260
vt 0.972900 0.735110
vt 0.980470 0.734860
vt 0.898680 0.741940
vt 0.886470 0.745850
vt 0.868650 0.732670
vt 0.872800 0.749760
vt 0.861330 0.757320
vt 0.860350 0.750490
vt 0.859620 0.743650
vt 0.529300 0.745120
vt 0.518070 0.746830
vt 0.529300 0.763920
vt 0.541750 0.742920
vt 0.556400 0.748290
vt 0.500980 0.750730
vt 0.849370 0.845950
vt 0.917970 0.815190
vt 0.915770 0.877440
vt 0.859380 0.727540
vt 0.849610 0.415770
vt 0.849610 0.433350
vt 0.871580 0.433350
vt 0.871580 0.415770
vt 0.827150 0.415770
vt 0.827150 0.433350
vt 0.804200 0.433350
vt 0.804200 0.415770
vt 0.778560 0.433350
vt 0.778560 0.415770
vt 0.849610 0.439210
vt 0.871580 0.439210
vt 0.871580 0.409670
vt 0.849610 0.409670
vt 0.778560 0.439210
vt 0.804200 0.439210
vt 0.761470 0.439210
vt 0.761470 0.433350
vt 0.804200 0.409670
vt 0.778560 0.409670
vt 0.827150 0.409670
vt 0.740230 0.439210
vt 0.740230 0.433350
vt 0.761470 0.415770
vt 0.740230 0.415770
vt 0.718020 0.439210
vt 0.718020 0.433350
vt 0.718020 0.415770
vt 0.740230 0.409670
vt 0.718020 0.409670
vt 0.761470 0.409670
vt 0.827150 0.439210
vt 0.599850 0.739990
vt 0.615720 0.739260
vt 0.611570 0.729490
vt 0.597900 0.732180
vt 0.587400 0.739260
vt 0.585210 0.730710
vt 0.623290 0.711910
vt 0.625490 0.729250
vt 0.631590 0.737550
vt 0.630370 0.716800
vt 0.638430 0.701660
vt 0.651860 0.707280
vt 0.643550 0.722660
vt 0.664060 0.714840
vt 0.664060 0.721920
vt 0.650880 0.737300
vt 0.664060 0.738040
vt 0.649900 0.698490
vt 0.681150 0.666990
vt 0.672120 0.667480
vt 0.678220 0.674070
vt 0.683110 0.673340
vt 0.676760 0.688720
vt 0.679440 0.688480
vt 0.677000 0.698000
vt 0.672610 0.697750
vt 0.673830 0.711180
vt 0.666020 0.709230
vt 0.663570 0.697020
vt 0.661620 0.701420
vt 0.655270 0.693120
vt 0.675290 0.688720
vt 0.678960 0.658450
vt 0.667720 0.659910
vt 0.663330 0.663570
vt 0.659420 0.660890
vt 0.659420 0.666020
vt 0.667480 0.669680
vt 0.675540 0.674800
vt 0.940430 0.642090
vt 0.954100 0.649170
vt 0.940430 0.661620
vt 0.928960 0.658450
vt 0.928960 0.639890
vt 0.940430 0.622800
vt 0.928960 0.621090
vt 0.953130 0.626710
vt 0.954830 0.671880
vt 0.683350 0.673340
vt 0.665770 0.709230
vt 0.932370 0.594480
vt 0.932860 0.614990
vt 0.941890 0.599120
vt 0.938960 0.575440
vt 0.913330 0.612300
vt 0.930180 0.571780
vt 0.913330 0.592040
vt 0.894290 0.594480
vt 0.907960 0.570560
vt 0.896480 0.571780
vt 0.887700 0.575440
vt 0.896970 0.549560
vt 0.885010 0.599120
vt 0.893800 0.614990
vt 0.879640 0.617190
vt 0.905520 0.544430
vt 0.918700 0.570560
vt 0.921140 0.544430
vt 0.929690 0.549560
vt 0.887450 0.547850
vt 0.939210 0.547850
vt 0.929200 0.639650
vt 0.940430 0.622560
vt 0.929200 0.621090
vt 0.953370 0.626710
vt 0.954350 0.649170
vt 0.955080 0.671630
vt 0.958740 0.407230
vt 0.967770 0.407470
vt 0.967770 0.382810
vt 0.959960 0.437010
vt 0.967770 0.437260
vt 0.960940 0.469480
vt 0.967770 0.469480
vt 0.967770 0.506350
vt 0.961670 0.506350
vt 0.952390 0.437500
vt 0.951420 0.407230
vt 0.943600 0.438230
vt 0.941160 0.407230
vt 0.951660 0.379640
vt 0.939210 0.380370
vt 0.957760 0.381350
vt 0.954100 0.469970
vt 0.956050 0.506840
vt 0.946290 0.470700
vt 0.962160 0.543460
vt 0.958010 0.543700
vt 0.949220 0.507570
vt 0.967770 0.543460
vt 0.973880 0.506350
vt 0.973390 0.543460
vt 0.979250 0.506840
vt 0.981450 0.469970
vt 0.989260 0.470700
vt 0.986330 0.507570
vt 0.991700 0.438230
vt 0.982910 0.437500
vt 0.974370 0.469480
vt 0.975340 0.437010
vt 0.976560 0.407230
vt 0.983890 0.407230
vt 0.977780 0.381350
vt 0.983890 0.379640
vt 0.994140 0.407230
vt 0.996340 0.380370
vt 0.977290 0.543700
vt 0.972170 0.587160
vt 0.967770 0.586670
vt 0.967770 0.658690
vt 0.978760 0.587650
vt 0.983150 0.544430
vt 0.963130 0.587160
vt 0.956540 0.587650
vt 0.952150 0.544430
vt 0.947270 0.617190
vt 0.389650 0.893550
vt 0.394780 0.884520
vt 0.396240 0.894530
vt 0.392580 0.900880
vt 0.389160 0.886720
vt 0.386720 0.882570
vt 0.402100 0.896240
vt 0.400630 0.905760
vt 0.416260 0.897710
vt 0.412350 0.909910
vt 0.403320 0.884770
vt 0.417480 0.878660
vt 0.404300 0.875490
vt 0.418950 0.866460
vt 0.403560 0.865480
vt 0.391600 0.874510
vt 0.391110 0.864010
vt 0.373290 0.863770
vt 0.373290 0.874760
vt 0.374510 0.883060
vt 0.374510 0.879640
vt 0.390140 0.852540
vt 0.374270 0.848390
vt 0.393550 0.837890
vt 0.375490 0.838380
vt 0.404300 0.853270
vt 0.411380 0.835210
vt 0.422850 0.836180
vt 0.419920 0.853270
vt 0.331540 0.538090
vt 0.346190 0.537840
vt 0.340330 0.555660
vt 0.326420 0.553470
vt 0.325930 0.566650
vt 0.310060 0.555420
vt 0.309330 0.568600
vt 0.325680 0.572510
vt 0.307620 0.580810
vt 0.322270 0.582760
vt 0.329350 0.583500
vt 0.321530 0.599120
vt 0.306400 0.599850
vt 0.302490 0.612060
vt 0.332760 0.600100
vt 0.318850 0.612550
vt 0.334470 0.614260
vt 0.344970 0.600100
vt 0.341800 0.580080
vt 0.342530 0.570800
vt 0.349850 0.614260
vt 0.478760 0.887210
vt 0.478030 0.880370
vt 0.490720 0.880860
vt 0.491700 0.886230
vt 0.504390 0.882570
vt 0.504640 0.888670
vt 0.504880 0.894530
vt 0.491700 0.892090
vt 0.506350 0.872310
vt 0.491460 0.872560
vt 0.507320 0.854980
vt 0.493410 0.855470
vt 0.506840 0.840090
vt 0.493160 0.840090
vt 0.480470 0.855470
vt 0.483400 0.837890
vt 0.476070 0.854980
vt 0.471440 0.865970
vt 0.464840 0.853760
vt 0.457520 0.854740
vt 0.467770 0.836670
vt 0.456050 0.835690
vt 0.450200 0.853270
vt 0.464110 0.871090
vt 0.473630 0.873780
vt 0.476070 0.871090
vt 0.472410 0.886470
vt 0.451420 0.877930
vt 0.454830 0.897950
vt 0.470700 0.896970
vt 0.479250 0.894780
vt 0.473630 0.909180
vt 0.452150 0.868410
vt 0.486330 0.906740
vt 0.485350 0.891600
vt 0.493410 0.904050
vt 0.459720 0.912110
vt 0.312990 0.538330
vt 0.340090 0.554930
vt 0.345950 0.537350
vt 0.331300 0.537600
vt 0.326170 0.552980
vt 0.325440 0.566160
vt 0.309810 0.554930
vt 0.308840 0.567870
vt 0.325440 0.572020
vt 0.307370 0.580320
vt 0.322020 0.582280
vt 0.329100 0.583010
vt 0.321290 0.598630
vt 0.306150 0.599370
vt 0.302250 0.611570
vt 0.332280 0.599370
vt 0.318600 0.611820
vt 0.333980 0.613770
vt 0.344730 0.599610
vt 0.341310 0.579350
vt 0.342040 0.570070
vt 0.349610 0.613770
vt 0.312740 0.537840
vt 0.413090 0.755370
vt 0.413090 0.760010
vt 0.433350 0.760010
vt 0.433350 0.755370
vt 0.398930 0.760010
vt 0.398930 0.755370
vt 0.381100 0.755370
vt 0.381100 0.760010
vt 0.451900 0.755370
vt 0.451900 0.760010
vt 0.468020 0.755370
vt 0.468020 0.760010
vt 0.486570 0.755370
vt 0.486570 0.760010
vt 0.501950 0.760010
vt 0.501950 0.755370
vt 0.381100 0.790530
vt 0.398930 0.790530
vt 0.457030 0.790530
vt 0.469240 0.790530
vt 0.486570 0.790530
vt 0.501950 0.790530
vt 0.452150 0.790530
vt 0.442380 0.790530
vt 0.398930 0.792970
vt 0.381100 0.792970
vt 0.468020 0.792970
vt 0.457030 0.792970
vt 0.442380 0.792970
vt 0.433350 0.792970
vt 0.433350 0.790530
vt 0.418460 0.790530
vt 0.418460 0.792970
vt 0.407470 0.790530
vt 0.407470 0.792970
vt 0.452150 0.792970
vt 0.470950 0.792970
vt 0.486570 0.792970
vt 0.501950 0.792970
vt 0.464840 0.817380
vt 0.472660 0.817380
vt 0.470460 0.811040
vt 0.465580 0.811040
vt 0.473880 0.811040
vt 0.479250 0.819820
vt 0.472170 0.821290
vt 0.468020 0.794920
vt 0.487060 0.820560
vt 0.477540 0.808840
vt 0.487060 0.810790
vt 0.470950 0.794920
vt 0.486570 0.794920
vt 0.465580 0.827640
vt 0.459960 0.819580
vt 0.458980 0.823970
vt 0.501950 0.820070
vt 0.501950 0.810790
vt 0.443850 0.817380
vt 0.443600 0.826420
vt 0.450680 0.817380
vt 0.457280 0.808350
vt 0.452150 0.794920
vt 0.442380 0.794920
vt 0.457030 0.794920
vt 0.460690 0.811040
vt 0.433350 0.794920
vt 0.431640 0.817140
vt 0.441410 0.835940
vt 0.429690 0.827390
vt 0.422360 0.812740
vt 0.416260 0.821780
vt 0.409910 0.817870
vt 0.418460 0.794920
vt 0.411130 0.812990
vt 0.407470 0.794920
vt 0.402100 0.812990
vt 0.400880 0.821780
vt 0.394040 0.812990
vt 0.398930 0.794920
vt 0.381100 0.810790
vt 0.378910 0.824460
vt 0.395020 0.821780
vt 0.381100 0.794920
vt 0.501950 0.794920
vt 0.462160 0.695070
vt 0.446780 0.695800
vt 0.446290 0.686770
vt 0.462890 0.687260
vt 0.426760 0.694090
vt 0.426270 0.687740
vt 0.414310 0.691160
vt 0.415280 0.688230
vt 0.469730 0.695070
vt 0.471440 0.688960
vt 0.462160 0.699710
vt 0.446780 0.699950
vt 0.427250 0.698490
vt 0.410640 0.691650
vt 0.413330 0.703610
vt 0.420410 0.707280
vt 0.430660 0.710690
vt 0.419920 0.712400
vt 0.447020 0.708980
vt 0.405520 0.698490
vt 0.406740 0.690670
vt 0.409670 0.711670
vt 0.410890 0.716550
vt 0.404300 0.716550
vt 0.401610 0.711670
vt 0.406010 0.707280
vt 0.402100 0.718750
vt 0.404050 0.725830
vt 0.398680 0.712400
vt 0.398680 0.705570
vt 0.391600 0.714840
vt 0.387450 0.711430
vt 0.385010 0.714840
vt 0.393070 0.721920
vt 0.385500 0.718260
vt 0.382570 0.717290
vt 0.394040 0.727780
vt 0.392330 0.727540
vt 0.387210 0.727050
vt 0.387940 0.724120
vt 0.394530 0.717290
vt 0.377440 0.726070
vt 0.385740 0.721440
vt 0.387940 0.720210
vt 0.574460 0.621580
vt 0.569580 0.619870
vt 0.579590 0.612550
vt 0.587650 0.623540
vt 0.575680 0.609380
vt 0.564450 0.615230
vt 0.569580 0.606450
vt 0.559810 0.611330
vt 0.564700 0.602050
vt 0.556400 0.609860
vt 0.560300 0.598390
vt 0.542240 0.605220
vt 0.549800 0.593260
vt 0.552250 0.611080
vt 0.549800 0.619630
vt 0.537600 0.617190
vt 0.548830 0.623050
vt 0.539060 0.623050
vt 0.547610 0.625240
vt 0.539550 0.624760
vt 0.539060 0.631100
vt 0.547360 0.631350
vt 0.538330 0.633790
vt 0.548100 0.634770
vt 0.540040 0.591550
vt 0.531490 0.601810
vt 0.552730 0.585690
vt 0.535640 0.585450
vt 0.538090 0.582030
vt 0.552250 0.582280
vt 0.524410 0.581050
vt 0.522710 0.583740
vt 0.522220 0.591800
vt 0.532470 0.590090
vt 0.521000 0.599120
vt 0.526370 0.575680
vt 0.540280 0.578370
vt 0.516850 0.609380
vt 0.527830 0.613770
vt 0.526610 0.618650
vt 0.535640 0.621830
vt 0.535640 0.623290
vt 0.526370 0.620360
vt 0.531740 0.630860
vt 0.523680 0.628660
vt 0.531740 0.633540
vt 0.521970 0.630370
vt 0.523190 0.617680
vt 0.514400 0.613040
vt 0.514160 0.614990
vt 0.522460 0.619380
vt 0.518800 0.624270
vt 0.511960 0.620850
vt 0.518310 0.627200
vt 0.510010 0.622560
vt 0.521000 0.638180
vt 0.528810 0.640380
vt 0.529540 0.642330
vt 0.519530 0.639400
vt 0.527100 0.648190
vt 0.518070 0.645510
vt 0.518070 0.647950
vt 0.525880 0.650150
vt 0.518550 0.661870
vt 0.514650 0.631840
vt 0.507320 0.628170
vt 0.514650 0.633540
vt 0.506590 0.628910
vt 0.510740 0.638670
vt 0.503420 0.634280
vt 0.502930 0.636470
vt 0.509280 0.640380
vt 0.498540 0.650150
vt 0.440920 0.726320
vt 0.447750 0.732180
vt 0.439700 0.746340
vt 0.450680 0.731200
vt 0.450930 0.727290
vt 0.458010 0.727050
vt 0.463130 0.707030
vt 0.463620 0.724370
vt 0.466550 0.728030
vt 0.460940 0.747800
vt 0.468020 0.723390
vt 0.474370 0.722410
vt 0.479000 0.717770
vt 0.470700 0.704830
vt 0.483150 0.720950
vt 0.480220 0.740480
vt 0.469730 0.698730
vt 0.468510 0.728270
vt 0.478520 0.702640
vt 0.482670 0.695560
vt 0.479740 0.706790
vt 0.485110 0.716060
vt 0.486820 0.719480
vt 0.489260 0.713870
vt 0.491460 0.717040
vt 0.484620 0.706050
vt 0.483890 0.700930
vt 0.481690 0.692630
vt 0.481450 0.688960
vt 0.501950 0.701660
vt 0.495610 0.701900
vt 0.497070 0.692630
vt 0.502200 0.690670
vt 0.495610 0.704830
vt 0.501950 0.708010
vt 0.499510 0.710940
vt 0.509030 0.702640
vt 0.508790 0.689940
vt 0.516600 0.701420
vt 0.515380 0.688720
vt 0.509520 0.709470
vt 0.516850 0.707760
vt 0.524170 0.703610
vt 0.519780 0.710690
vt 0.523930 0.700440
vt 0.521730 0.688480
vt 0.503660 0.685060
vt 0.495850 0.692140
vt 0.508300 0.687500
vt 0.513180 0.685060
vt 0.517580 0.732420
vt 0.510010 0.740230
vt 0.501950 0.732420
vt 0.521970 0.688720
vt 0.553470 0.711910
vt 0.556640 0.704830
vt 0.549560 0.708500
vt 0.549560 0.702150
vt 0.542970 0.710450
vt 0.542970 0.703130
vt 0.542970 0.695070
vt 0.549560 0.695070
vt 0.535890 0.701420
vt 0.535890 0.708740
vt 0.555420 0.695310
vt 0.549560 0.688230
vt 0.556150 0.701660
vt 0.556640 0.694340
vt 0.558350 0.690670
vt 0.550290 0.684810
vt 0.542970 0.692630
vt 0.537350 0.686280
vt 0.535890 0.693360
vt 0.532710 0.688720
vt 0.527340 0.695310
vt 0.526120 0.692140
vt 0.527100 0.703610
vt 0.528810 0.703370
vt 0.532470 0.712890
vt 0.535890 0.729980
vt 0.542970 0.735600
vt 0.549560 0.727780
vt 0.416260 0.719240
vt 0.420900 0.722660
vt 0.424800 0.717290
vt 0.424070 0.729000
vt 0.430660 0.726560
vt 0.431880 0.729740
vt 0.424320 0.731690
vt 0.584960 0.706790
vt 0.591800 0.703860
vt 0.591800 0.687740
vt 0.599120 0.706790
vt 0.552730 0.578860
vt 0.537600 0.651610
vt 0.537110 0.648930
vt 0.546140 0.649900
vt 0.545650 0.652340
vt 0.537600 0.642090
vt 0.547360 0.642820
vt 0.540280 0.666500
vt 0.546630 0.641110
vt 0.538330 0.640630
vt 0.422120 0.644780
vt 0.429200 0.643550
vt 0.422850 0.650630
vt 0.429440 0.653320
vt 0.426760 0.657710
vt 0.415280 0.672610
vt 0.422610 0.640870
vt 0.421880 0.635740
vt 0.428710 0.638670
vt 0.423830 0.628170
vt 0.416990 0.627200
vt 0.416260 0.634030
vt 0.410160 0.633540
vt 0.410890 0.626950
vt 0.401120 0.635250
vt 0.403080 0.623780
vt 0.429200 0.627440
vt 0.400630 0.640870
vt 0.409670 0.639400
vt 0.408450 0.644040
vt 0.416020 0.645260
vt 0.416020 0.649170
vt 0.406490 0.649410
vt 0.415770 0.652830
vt 0.416500 0.638670
vt 0.400630 0.651860
vt 0.403560 0.655760
vt 0.562500 0.688960
vt 0.569580 0.693120
vt 0.562500 0.706540
vt 0.569580 0.715820
vt 0.576420 0.704830
vt 0.576420 0.688960
vt 0.437990 0.656250
vt 0.434570 0.662110
vt 0.433590 0.649410
vt 0.438960 0.650880
vt 0.436520 0.666750
vt 0.442870 0.680420
vt 0.439450 0.647220
vt 0.436770 0.643070
vt 0.443600 0.646730
vt 0.443850 0.642090
vt 0.432130 0.644780
vt 0.436770 0.637940
vt 0.444580 0.639160
vt 0.452390 0.638180
vt 0.452640 0.643550
vt 0.432860 0.635500
vt 0.456540 0.646000
vt 0.454830 0.649900
vt 0.448240 0.647460
vt 0.456050 0.636230
vt 0.448240 0.650880
vt 0.443850 0.650880
vt 0.444090 0.656010
vt 0.449950 0.656490
vt 0.451170 0.667240
vt 0.452640 0.662600
vt 0.476070 0.638180
vt 0.477290 0.643310
vt 0.470460 0.644780
vt 0.481930 0.645510
vt 0.480710 0.640140
vt 0.469970 0.637940
vt 0.463380 0.639400
vt 0.464110 0.645510
vt 0.460940 0.648190
vt 0.460210 0.642580
vt 0.468510 0.633060
vt 0.461910 0.634520
vt 0.475100 0.632810
vt 0.458010 0.632080
vt 0.480710 0.629150
vt 0.465090 0.649410
vt 0.467040 0.654540
vt 0.463130 0.658940
vt 0.465330 0.661620
vt 0.474370 0.677980
vt 0.471920 0.653560
vt 0.477050 0.653320
vt 0.480960 0.660160
vt 0.477290 0.646970
vt 0.482420 0.656740
vt 0.471190 0.648190
vt 0.697020 0.477050
vt 0.697020 0.479490
vt 0.702390 0.479490
vt 0.702390 0.477050
vt 0.702390 0.474370
vt 0.707520 0.477050
vt 0.707520 0.474370
vt 0.712890 0.477050
vt 0.712890 0.474370
vt 0.718260 0.477050
vt 0.718260 0.474370
vt 0.723630 0.477050
vt 0.723630 0.474370
vt 0.697020 0.474370
vt 0.707520 0.479490
vt 0.707520 0.482180
vt 0.702390 0.482180
vt 0.702390 0.484860
vt 0.707520 0.484860
vt 0.702390 0.487300
vt 0.707520 0.487300
vt 0.697020 0.484860
vt 0.697020 0.487300
vt 0.712890 0.484860
vt 0.712890 0.487300
vt 0.718260 0.484860
vt 0.718260 0.487300
vt 0.723630 0.484860
vt 0.723630 0.487300
vt 0.718260 0.482180
vt 0.723630 0.482180
vt 0.712890 0.482180
vt 0.712890 0.479490
vt 0.718260 0.479490
vt 0.723630 0.479490
vt 0.697020 0.482180
vt 0.449710 0.554690
vt 0.452150 0.544680
vt 0.432860 0.544430
vt 0.432860 0.554690
vt 0.416990 0.551510
vt 0.416750 0.542480
vt 0.405270 0.541260
vt 0.406490 0.537840
vt 0.459720 0.554690
vt 0.462400 0.546390
vt 0.432370 0.560550
vt 0.451660 0.559570
vt 0.396480 0.544920
vt 0.410890 0.558110
vt 0.392580 0.566160
vt 0.399660 0.571290
vt 0.415280 0.573000
vt 0.400880 0.580080
vt 0.433110 0.569090
vt 0.380370 0.563960
vt 0.384030 0.547610
vt 0.391110 0.576420
vt 0.394290 0.583980
vt 0.386230 0.584470
vt 0.379390 0.575680
vt 0.383540 0.587400
vt 0.388920 0.596440
vt 0.375490 0.577880
vt 0.379390 0.592040
vt 0.382080 0.603030
vt 0.384280 0.569580
vt 0.369870 0.570070
vt 0.370610 0.581300
vt 0.364500 0.574460
vt 0.361820 0.578370
vt 0.363040 0.584960
vt 0.357910 0.580810
vt 0.378660 0.603270
vt 0.375000 0.604490
vt 0.374510 0.596920
vt 0.377440 0.584470
vt 0.355220 0.603760
vt 0.365230 0.593990
vt 0.371580 0.589600
vt 0.432370 0.617190
vt 0.429690 0.611570
vt 0.428220 0.619630
vt 0.430420 0.622310
vt 0.419430 0.617190
vt 0.417480 0.621830
vt 0.409910 0.621090
vt 0.424320 0.622800
vt 0.422120 0.607420
vt 0.431640 0.602540
vt 0.427250 0.598880
vt 0.417720 0.598880
vt 0.418460 0.592530
vt 0.427250 0.592040
vt 0.405520 0.600340
vt 0.408940 0.581540
vt 0.404300 0.606690
vt 0.436280 0.597900
vt 0.434330 0.611570
vt 0.435300 0.611080
vt 0.436770 0.591550
vt 0.442140 0.590330
vt 0.449950 0.569090
vt 0.447020 0.590820
vt 0.442630 0.595700
vt 0.448730 0.597410
vt 0.444090 0.606930
vt 0.450200 0.608150
vt 0.462400 0.571780
vt 0.464360 0.561040
vt 0.452150 0.624760
vt 0.444340 0.624270
vt 0.452150 0.630370
vt 0.456790 0.629150
vt 0.444340 0.629390
vt 0.437500 0.608150
vt 0.436770 0.624510
vt 0.436520 0.630130
vt 0.433110 0.628420
vt 0.436280 0.610110
vt 0.451170 0.609620
vt 0.410400 0.615970
vt 0.403560 0.616700
vt 0.413820 0.606200
vt 0.405030 0.609860
vt 0.459720 0.597410
vt 0.468510 0.597170
vt 0.464110 0.590820
vt 0.457280 0.589840
vt 0.452390 0.591060
vt 0.452150 0.599370
vt 0.462400 0.605470
vt 0.471190 0.605470
vt 0.465820 0.615480
vt 0.472900 0.615480
vt 0.475100 0.625730
vt 0.480220 0.619870
vt 0.467770 0.625730
vt 0.455080 0.608400
vt 0.457520 0.617680
vt 0.460940 0.627440
vt 0.453860 0.617680
vt 0.452880 0.613530
vt 0.451900 0.608890
vt 0.478030 0.608890
vt 0.471440 0.599120
vt 0.471920 0.593750
vt 0.471440 0.579590
vt 0.473140 0.573490
vt 0.479490 0.562990
vt 0.472900 0.555420
vt 0.475590 0.548830
vt 0.476560 0.602050
vt 0.476560 0.596190
vt 0.478270 0.583010
vt 0.483640 0.574460
vt 0.404050 0.590090
vt 0.399170 0.589110
vt 0.450440 0.605710
vt 0.818360 0.622310
vt 0.805910 0.629880
vt 0.809810 0.640140
vt 0.818360 0.633300
vt 0.826170 0.627690
vt 0.824950 0.634030
vt 0.831540 0.642820
vt 0.834230 0.638670
vt 0.818360 0.634770
vt 0.824460 0.635500
vt 0.820310 0.643800
vt 0.815920 0.646970
vt 0.822750 0.644040
vt 0.826660 0.647460
vt 0.822270 0.655030
vt 0.897710 0.637450
vt 0.889400 0.628910
vt 0.893800 0.649170
vt 0.885250 0.644040
vt 0.885010 0.645260
vt 0.877930 0.644040
vt 0.878420 0.645510
vt 0.869380 0.649170
vt 0.877690 0.628170
vt 0.879150 0.652590
vt 0.873290 0.654790
vt 0.887210 0.656490
vt 0.881590 0.653080
vt 0.865970 0.637450
vt 0.879880 0.656980
vt 0.879150 0.664060
vt 0.852540 0.601320
vt 0.851320 0.598630
vt 0.858640 0.597410
vt 0.859620 0.603520
vt 0.855470 0.605470
vt 0.857180 0.612060
vt 0.858640 0.591060
vt 0.823000 0.591060
vt 0.821780 0.596920
vt 0.842530 0.601320
vt 0.832520 0.601810
vt 0.823730 0.605470
vt 0.844240 0.611080
vt 0.852780 0.608400
vt 0.850590 0.615720
vt 0.846190 0.615720
vt 0.831790 0.605960
vt 0.826900 0.611080
vt 0.831050 0.611330
vt 0.848140 0.623540
vt 0.831050 0.618410
vt 0.833250 0.609380
vt 0.842770 0.608890
vt 0.842770 0.615230
vt 0.833980 0.615720
vt 0.841060 0.622310
vt 0.836670 0.622560
vt 0.839360 0.629390
vt 0.845700 0.639160
vt 0.837160 0.646000
vt 0.839840 0.652590
vt 0.846920 0.646730
vt 0.847410 0.647950
vt 0.853760 0.646730
vt 0.854250 0.638920
vt 0.853520 0.647950
vt 0.849610 0.655760
vt 0.845210 0.659420
vt 0.851560 0.655760
vt 0.860840 0.652340
vt 0.863280 0.645750
vt 0.850590 0.659910
vt 0.850830 0.666020
vt 0.855960 0.659180
vt 0.844240 0.629880
vt 0.854740 0.629640
vt 0.865480 0.637700
vt 0.834470 0.638180
vt 0.904050 0.635010
vt 0.909180 0.635250
vt 0.902830 0.629390
vt 0.908940 0.636230
vt 0.911620 0.627440
vt 0.904540 0.635990
vt 0.899170 0.639650
vt 0.905270 0.640630
vt 0.915770 0.640140
vt 0.902100 0.643310
vt 0.905030 0.647710
vt 0.907230 0.640380
vt 0.922850 0.633060
vt 0.910160 0.643070
vt 0.897950 0.637210
vt 0.741700 0.715330
vt 0.742430 0.699710
vt 0.753660 0.698240
vt 0.752440 0.713870
vt 0.731930 0.715090
vt 0.730470 0.702390
vt 0.723140 0.713620
vt 0.723390 0.701660
vt 0.749020 0.694340
vt 0.742430 0.695070
vt 0.746830 0.683350
vt 0.758540 0.683350
vt 0.756840 0.692630
vt 0.740230 0.686520
vt 0.733640 0.687990
vt 0.734620 0.696780
vt 0.716310 0.700200
vt 0.722170 0.696040
vt 0.716060 0.694340
vt 0.708740 0.692630
vt 0.708010 0.697750
vt 0.691650 0.691160
vt 0.716060 0.686520
vt 0.709470 0.684810
vt 0.705320 0.707760
vt 0.713870 0.710210
vt 0.722900 0.687990
vt 0.695560 0.703860
vt 0.711670 0.723140
vt 0.704100 0.722410
vt 0.691410 0.684810
vt 0.708010 0.676760
vt 0.690190 0.678220
vt 0.690430 0.719970
vt 0.700930 0.737060
vt 0.683350 0.730220
vt 0.694580 0.747310
vt 0.712400 0.756100
vt 0.716310 0.740230
vt 0.677000 0.714360
vt 0.671630 0.723390
vt 0.668210 0.729980
vt 0.684810 0.699710
vt 0.721440 0.725340
vt 0.729000 0.744380
vt 0.728520 0.762210
vt 0.741700 0.746580
vt 0.740230 0.728030
vt 0.730960 0.726560
vt 0.754150 0.727540
vt 0.769780 0.725340
vt 0.767330 0.710940
vt 0.767330 0.696290
vt 0.767330 0.689700
vt 0.772460 0.688720
vt 0.774170 0.696290
vt 0.771970 0.681640
vt 0.766600 0.681880
vt 0.790040 0.720700
vt 0.794920 0.729980
vt 0.777590 0.739500
vt 0.785160 0.709720
vt 0.805910 0.713620
vt 0.799800 0.701170
vt 0.776120 0.696040
vt 0.774900 0.689450
vt 0.774660 0.683350
vt 0.788570 0.696780
vt 0.791990 0.696780
vt 0.789550 0.692380
vt 0.792240 0.691410
vt 0.798100 0.694090
vt 0.788090 0.685060
vt 0.792720 0.686280
vt 0.795900 0.688720
vt 0.800540 0.738040
vt 0.813480 0.718990
vt 0.819820 0.721680
vt 0.796140 0.691410
vt 0.805660 0.670170
vt 0.795410 0.668460
vt 0.783450 0.667480
vt 0.771970 0.668210
vt 0.765140 0.668460
vt 0.752930 0.668460
vt 0.744380 0.668460
vt 0.738280 0.680910
vt 0.735600 0.668460
vt 0.731690 0.678710
vt 0.730960 0.668460
vt 0.722660 0.668460
vt 0.722900 0.678710
vt 0.715330 0.677980
vt 0.718260 0.668460
vt 0.709960 0.668460
vt 0.695800 0.669430
vt 0.721920 0.654050
vt 0.729000 0.654050
vt 0.732670 0.642090
vt 0.737550 0.654050
vt 0.740970 0.641110
vt 0.720950 0.641600
vt 0.715090 0.654050
vt 0.702640 0.654050
vt 0.709470 0.640140
vt 0.720700 0.629640
vt 0.707030 0.630130
vt 0.728030 0.628660
vt 0.736820 0.628170
vt 0.754390 0.637210
vt 0.754640 0.620610
vt 0.771730 0.636960
vt 0.774170 0.620120
vt 0.785400 0.636960
vt 0.784670 0.619380
vt 0.794680 0.636960
vt 0.797360 0.623050
vt 0.793210 0.653560
vt 0.782470 0.653560
vt 0.805910 0.653560
vt 0.769290 0.653560
vt 0.759770 0.654050
vt 0.749270 0.654050
vt 0.742680 0.654050
vt 0.756590 0.746830
vt 0.743900 0.764890
vt 0.757810 0.764400
vt 0.781010 0.752690
vt 0.725830 0.621090
vt 0.718260 0.621090
vt 0.724370 0.610600
vt 0.734860 0.621090
vt 0.711180 0.621090
vt 0.713380 0.610600
vt 0.712890 0.600590
vt 0.724370 0.598880
vt 0.712650 0.586180
vt 0.724370 0.584960
vt 0.744380 0.584720
vt 0.740720 0.593510
vt 0.716550 0.573240
vt 0.711430 0.577150
vt 0.739010 0.601810
vt 0.749270 0.591060
vt 0.750240 0.598390
vt 0.699710 0.580320
vt 0.705810 0.613040
vt 0.739500 0.573240
vt 0.728030 0.573000
vt 0.744140 0.612060
vt 0.754640 0.594730
vt 0.763430 0.584470
vt 0.764650 0.594970
vt 0.756590 0.614990
vt 0.783450 0.584960
vt 0.780520 0.593020
vt 0.769040 0.609860
vt 0.798340 0.605960
vt 0.797610 0.587650
vt 0.782960 0.608640
vt 0.793460 0.616700
vt 0.695560 0.600830
vt 0.702390 0.595460
vt 0.700680 0.586180
vt 0.690920 0.610350
vt 0.699460 0.573970
vt 0.700200 0.621090
vt 0.705080 0.621090
vt 0.752930 0.584470
vt 0.747560 0.574710
vt 0.757810 0.574710
vt 0.849370 0.576660
vt 0.833980 0.577390
vt 0.845210 0.568120
vt 0.824220 0.569340
vt 0.843020 0.560550
vt 0.825680 0.577640
vt 0.823970 0.562260
vt 0.838620 0.552250
vt 0.825930 0.552980
vt 0.825200 0.585940
vt 0.853520 0.582280
vt 0.858400 0.591060
vt 0.822750 0.591060
vt 0.567870 0.774170
vt 0.564700 0.768310
vt 0.569340 0.762210
vt 0.571040 0.770750
vt 0.574950 0.784910
vt 0.574950 0.769530
vt 0.578610 0.770260
vt 0.582520 0.774170
vt 0.574950 0.761470
vt 0.579830 0.755130
vt 0.586180 0.766850
vt 0.448970 0.946780
vt 0.449220 0.944580
vt 0.438230 0.944820
vt 0.438230 0.946530
vt 0.428470 0.946290
vt 0.438230 0.947020
vt 0.427490 0.954830
vt 0.436770 0.956050
vt 0.450680 0.955810
vt 0.449220 0.948240
vt 0.463870 0.946290
vt 0.450200 0.931150
vt 0.463870 0.929930
vt 0.419680 0.945560
vt 0.428470 0.931400
vt 0.419920 0.931150
vt 0.410400 0.931150
vt 0.410400 0.945070
vt 0.401610 0.944820
vt 0.401370 0.930420
vt 0.391110 0.944340
vt 0.384030 0.928220
vt 0.379640 0.943600
vt 0.375980 0.954590
vt 0.390380 0.956540
vt 0.411870 0.953860
vt 0.404300 0.955080
vt 0.417970 0.953610
vt 0.375980 0.957520
vt 0.390380 0.959230
vt 0.404300 0.958010
vt 0.411870 0.956790
vt 0.417970 0.956540
vt 0.427490 0.957760
vt 0.436770 0.958980
vt 0.450680 0.958740
vt 0.466310 0.956300
vt 0.466310 0.953610
vt 0.486570 0.955320
vt 0.486570 0.952390
vt 0.481690 0.943120
vt 0.502440 0.953370
vt 0.496340 0.940920
vt 0.470700 0.929440
vt 0.488530 0.929930
vt 0.485110 0.930180
vt 0.472660 0.929200
vt 0.502440 0.956300
vt 0.494630 0.927490
vt 0.438960 0.929440
vt 0.487550 0.956540
vt 0.487790 0.966310
vt 0.491460 0.963620
vt 0.492680 0.957030
vt 0.480220 0.959720
vt 0.483400 0.966310
vt 0.487550 0.955320
vt 0.492920 0.955570
vt 0.501460 0.957280
vt 0.486330 0.970460
vt 0.490230 0.970950
vt 0.495850 0.970950
vt 0.498290 0.964600
vt 0.505130 0.964840
vt 0.502440 0.969240
vt 0.501710 0.972410
vt 0.488040 0.968510
vt 0.486570 0.972660
vt 0.478520 0.970460
vt 0.506350 0.955810
vt 0.506590 0.946040
vt 0.501220 0.948000
vt 0.509030 0.959960
vt 0.489010 0.958980
vt 0.489500 0.962400
vt 0.472410 0.956300
vt 0.472660 0.951170
vt 0.477290 0.965580
vt 0.479740 0.957760
vt 0.483150 0.969970
vt 0.490230 0.972900
vt 0.483150 0.970460
vt 0.481200 0.947270
vt 0.489260 0.948000
vt 0.493900 0.948490
vt 0.482420 0.946530
vt 0.489750 0.947270
vt 0.485350 0.945070
vt 0.490230 0.936280
vt 0.485350 0.936040
vt 0.494140 0.947510
vt 0.495850 0.935790
vt 0.489990 0.927730
vt 0.493410 0.927490
vt 0.482670 0.931400
vt 0.482670 0.926030
vt 0.498050 0.927980
vt 0.502690 0.929200
vt 0.503170 0.937010
vt 0.501220 0.947270
vt 0.506840 0.937260
vt 0.506100 0.931150
vt 0.509280 0.931640
vt 0.429930 0.967530
vt 0.435550 0.966800
vt 0.435300 0.967530
vt 0.439940 0.967290
vt 0.439940 0.966550
vt 0.429930 0.968020
vt 0.424560 0.964360
vt 0.424560 0.964600
vt 0.418950 0.964840
vt 0.418700 0.965090
vt 0.428960 0.973880
vt 0.423340 0.974120
vt 0.423340 0.976070
vt 0.417970 0.977540
vt 0.418700 0.975340
vt 0.428710 0.975590
vt 0.434810 0.973880
vt 0.435550 0.976070
vt 0.439940 0.975590
vt 0.439450 0.977050
vt 0.447020 0.976560
vt 0.447750 0.978270
vt 0.451660 0.976070
vt 0.452390 0.978030
vt 0.455320 0.976070
vt 0.455570 0.978270
vt 0.458250 0.977290
vt 0.458250 0.975340
vt 0.461670 0.977290
vt 0.461430 0.974610
vt 0.462400 0.966550
vt 0.455320 0.967530
vt 0.463870 0.974370
vt 0.464110 0.976810
vt 0.467290 0.974370
vt 0.467040 0.977050
vt 0.476810 0.977290
vt 0.477540 0.975100
vt 0.467770 0.964360
vt 0.462400 0.966310
vt 0.455320 0.966800
vt 0.462160 0.962650
vt 0.449950 0.967290
vt 0.449950 0.967040
vt 0.445310 0.966310
vt 0.455810 0.959720
vt 0.461670 0.961910
vt 0.461430 0.953860
vt 0.470700 0.958250
vt 0.471920 0.953860
vt 0.478270 0.957760
vt 0.479740 0.952640
vt 0.449220 0.958010
vt 0.443850 0.947510
vt 0.470210 0.958980
vt 0.438480 0.948000
vt 0.461670 0.953130
vt 0.445310 0.966800
vt 0.462650 0.947510
vt 0.472410 0.952640
vt 0.473630 0.948490
vt 0.478760 0.952640
vt 0.480220 0.949710
vt 0.478760 0.958250
vt 0.478030 0.964600
vt 0.467770 0.964110
vt 0.478030 0.964840
vt 0.425290 0.958250
vt 0.418700 0.958010
vt 0.420170 0.952880
vt 0.426030 0.958980
vt 0.425780 0.952640
vt 0.431880 0.952880
vt 0.419430 0.958500
vt 0.433590 0.957520
vt 0.433590 0.957760
vt 0.432130 0.951660
vt 0.438230 0.952880
vt 0.438230 0.953610
vt 0.444090 0.957030
vt 0.439450 0.957030
vt 0.439450 0.958010
vt 0.424800 0.951420
vt 0.426510 0.947020
vt 0.430910 0.947510
vt 0.448970 0.959720
vt 0.420410 0.949950
vt 0.419190 0.952880
vt 0.496830 0.954350
vt 0.491460 0.955320
vt 0.488530 0.960940
vt 0.488530 0.959470
vt 0.487300 0.949220
vt 0.496830 0.948240
vt 0.498780 0.944090
vt 0.496580 0.959960
vt 0.489010 0.964600
vt 0.495850 0.964110
vt 0.494630 0.967290
vt 0.490480 0.965090
vt 0.488280 0.955810
vt 0.486330 0.946780
vt 0.477540 0.952640
vn -0.771400 0.558300 0.305200
vn -0.838700 0.339000 0.426300
vn 0.719000 0.687800 -0.099600
vn 0.692700 0.719400 -0.051000
vn -0.946900 0.307600 0.093200
vn 0.635000 0.572300 -0.518900
vn -0.607800 -0.359100 0.708300
vn 0.621400 -0.332700 0.709400
vn 0.617800 -0.757600 0.210700
vn 0.510400 -0.813300 0.279300
vn -0.903900 -0.267000 0.334100
vn 0.114100 -0.962400 0.246600
vn -0.694800 -0.526000 0.490500
vn 0.054300 0.922100 -0.383000
vn 0.502400 0.851100 -0.152500
vn -0.594100 -0.550600 0.586400
vn -0.458900 -0.635100 0.621400
vn 0.422400 -0.871500 0.249300
vn -0.285200 0.611400 0.738100
vn -0.273900 0.617800 0.737100
vn 0.330000 0.159200 0.930400
vn 0.245000 0.404000 0.881300
vn 0.431100 0.354300 0.829800
vn 0.512000 0.249100 0.822100
vn 0.269700 0.962900 0.001900
vn -0.031900 0.999400 0.012300
vn 0.059800 0.997800 -0.030300
vn 0.209100 0.964300 0.162700
vn -0.278900 0.921500 0.270200
vn 0.112700 0.350500 0.929800
vn 0.081900 0.330600 0.940200
vn -0.641900 0.648200 -0.409700
vn -0.766900 0.611900 -0.193400
vn 0.334800 0.613300 -0.715300
vn 0.005600 0.999000 -0.044300
vn -0.735100 0.369000 -0.568800
vn -0.080800 0.787800 -0.610600
vn -0.305500 0.910300 -0.279300
vn -0.824000 0.155300 -0.544800
vn -0.642100 0.034700 -0.765800
vn -0.643700 0.636300 -0.425200
vn -0.222100 0.748400 -0.624900
vn -0.588500 -0.425800 -0.687200
vn 0.258700 -0.563200 0.784800
vn 0.251100 -0.538500 0.804400
vn -0.279300 -0.520400 0.807000
vn -0.533300 -0.828800 -0.169400
vn -0.566000 -0.792300 -0.227900
vn -0.365600 -0.811300 0.456200
vn -0.699100 -0.671600 0.245600
vn -0.014800 -0.659200 0.751800
vn 0.039500 -0.596900 0.801300
vn -0.664400 -0.347000 0.661900
vn -0.287700 -0.867700 0.405300
vn -0.627600 -0.745900 0.222900
vn -0.155600 -0.710900 0.685900
vn -0.315700 -0.885800 0.340100
vn -0.664200 -0.347700 0.661800
vn 0.053600 -0.988200 -0.143800
vn 0.062600 -0.965200 -0.253800
vn -0.299400 -0.631300 0.715400
vn -0.440600 -0.441700 0.781500
vn -0.675300 -0.490700 0.550600
vn -0.487100 -0.678000 0.550400
vn -0.493500 -0.664400 0.561300
vn -0.424900 -0.704300 0.568600
vn -0.425600 -0.681400 0.595400
vn -0.065000 -0.994600 0.080700
vn -0.374300 -0.898100 0.230900
vn -0.339000 -0.862700 0.375300
vn -0.564400 -0.674600 0.475700
vn -0.583400 -0.253300 0.771700
vn -0.269900 -0.001800 0.962900
vn -0.266100 0.065600 0.961700
vn -0.402700 -0.181000 0.897200
vn -0.394800 -0.210400 0.894300
vn -0.033200 0.240100 0.970200
vn 0.297100 -0.046000 0.953700
vn 0.020400 0.361300 0.932200
vn -0.010200 0.365100 0.930900
vn -0.110000 0.593100 0.797600
vn -0.121200 0.507300 0.853200
vn -0.110100 0.512100 0.851800
vn -0.044000 0.495600 0.867400
vn 0.016500 0.446200 0.894800
vn -0.078400 0.576000 0.813700
vn -0.077100 0.765100 0.639300
vn -0.210400 0.550500 0.807900
vn -0.199100 0.493800 0.846500
vn 0.039000 0.691800 0.721000
vn -0.190400 0.614200 0.765800
vn -0.308300 0.399700 0.863300
vn -0.190600 0.365200 0.911200
vn -0.140700 0.595000 0.791300
vn -0.158100 0.647800 0.745300
vn -0.115200 0.560100 0.820400
vn -0.202800 0.611600 0.764700
vn -0.196300 0.541500 0.817400
vn -0.282300 0.543500 0.790500
vn -0.224500 0.522500 0.822600
vn -0.208000 0.213000 0.954700
vn -0.544000 0.588600 0.598000
vn -0.534900 0.583700 0.610900
vn -0.408900 0.043700 0.911600
vn -0.528800 0.079700 0.845000
vn -0.302800 0.186300 0.934700
vn -0.754400 0.401900 0.519000
vn -0.840800 -0.039600 0.539900
vn -0.763500 0.078900 0.640900
vn -0.622600 -0.304400 0.720900
vn -0.849700 0.395200 0.349000
vn -0.632400 0.622400 0.461200
vn -0.873900 0.117600 0.471700
vn -0.421700 0.852600 0.308700
vn -0.627700 0.747300 0.218100
vn -0.940600 -0.017800 0.339000
vn -0.716500 -0.408900 0.565200
vn -0.803300 -0.200200 0.560900
vn -0.777300 -0.120100 0.617500
vn -0.652400 -0.176500 0.737000
vn -0.705100 0.053600 0.707000
vn -0.794500 -0.337200 0.505000
vn -0.785000 0.272700 0.556300
vn -0.653700 -0.314400 0.688400
vn -0.544700 -0.459400 0.701600
vn -0.358700 -0.402800 0.842100
vn -0.416900 -0.385300 0.823300
vn -0.369200 -0.286600 0.884100
vn -0.657700 -0.352200 0.665900
vn -0.385300 -0.256100 0.886500
vn -0.139800 -0.346700 0.927500
vn -0.211000 0.958800 0.190300
vn -0.137600 0.942100 0.305800
vn -0.008000 0.982300 0.187300
vn 0.077700 0.965100 -0.250000
vn 0.345700 0.808200 -0.476700
vn 0.345800 0.808900 -0.475400
vn 0.769900 0.506600 -0.388000
vn -0.019000 0.984000 0.177400
vn 0.039500 0.798900 0.600100
vn 0.079200 0.826900 0.556700
vn 0.154700 0.763500 0.627100
vn 0.167200 0.818700 0.549300
vn 0.148400 0.870200 0.469800
vn 0.186200 0.832400 0.522000
vn 0.224500 0.811400 0.539600
vn 0.154500 0.826800 0.540900
vn 0.071600 0.826100 0.558900
vn 0.061700 0.827200 0.558500
vn 0.217200 0.760400 0.612000
vn 0.212400 0.753400 0.622300
vn 0.234200 0.701500 0.673000
vn 0.109300 0.784700 0.610200
vn 0.627900 0.768000 0.126600
vn 0.533300 0.782500 0.321400
vn 0.546400 0.837500 0.007500
vn 0.311400 0.859500 0.405300
vn 0.370700 0.776300 0.509900
vn 0.114100 0.763300 0.635900
vn 0.137300 0.738900 0.659700
vn 0.525100 0.734200 0.430300
vn 0.377900 0.644300 0.664800
vn 0.380400 0.619100 0.687100
vn 0.288800 0.644600 0.707900
vn 0.694300 0.206000 0.689600
vn 0.506400 0.619300 0.600000
vn 0.507400 0.666000 0.546800
vn -0.095600 0.239400 0.966200
vn 0.078000 0.819100 0.568300
vn -0.007700 0.656500 0.754300
vn -0.112400 0.737800 0.665600
vn 0.804100 0.593700 -0.029300
vn 0.784900 0.619400 -0.016500
vn 0.649100 0.701600 0.294100
vn 0.703100 0.666000 0.249200
vn 0.822900 0.205900 -0.529600
vn 0.831900 0.211600 -0.512900
vn 0.862600 0.155300 -0.481400
vn 0.712100 -0.431400 -0.553900
vn 0.734000 -0.122200 -0.668100
vn 0.817900 -0.068300 -0.571300
vn 0.763800 0.218200 -0.607400
vn 0.726500 0.628600 -0.277600
vn 0.867900 0.422400 -0.261500
vn 0.701200 0.427000 -0.570900
vn 0.869600 0.180900 -0.459400
vn 0.942500 0.181700 -0.280600
vn 0.486500 -0.642900 -0.591600
vn 0.570000 -0.600700 -0.560600
vn 0.190200 0.802000 0.566300
vn 0.106600 0.757900 0.643600
vn 0.780700 0.596900 0.184800
vn 0.750200 0.637300 0.176300
vn 0.618400 0.682400 0.389700
vn 0.552600 0.570000 0.608100
vn 0.681600 0.659400 0.317200
vn 0.946300 0.053800 -0.318800
vn 0.920200 0.095300 -0.379700
vn 0.638600 0.292800 -0.711700
vn 0.688400 0.393800 -0.609100
vn 0.663000 0.645400 -0.379400
vn 0.678700 0.632300 -0.373600
vn 0.676800 0.630800 -0.379500
vn 0.720600 0.565900 -0.400700
vn 0.717000 0.535900 -0.445800
vn 0.835600 0.073200 -0.544400
vn 0.567900 0.707300 -0.421000
vn 0.796600 0.580000 0.170300
vn 0.816700 0.555900 0.154900
vn 0.883400 0.173800 0.435200
vn 0.969000 0.209100 0.131700
vn 0.928700 -0.207300 0.307500
vn 0.747400 0.008900 0.664300
vn 0.786700 -0.057000 0.614700
vn 0.899300 -0.038300 -0.435700
vn 0.887400 0.445500 -0.118300
vn 0.890600 0.441300 -0.109500
vn 0.784700 0.585600 -0.203400
vn 0.933500 0.118800 0.338300
vn 0.746600 0.334400 -0.575200
vn 0.929200 0.148700 0.338200
vn 0.181900 -0.645200 -0.742000
vn 0.402500 -0.696100 -0.594500
vn 0.248500 -0.632400 -0.733700
vn 0.033400 -0.313300 -0.949100
vn 0.599200 -0.435400 -0.671900
vn 0.974300 -0.073600 -0.212900
vn 0.966300 0.256900 0.013700
vn 0.912000 0.386400 -0.137600
vn 0.783400 -0.224100 -0.579700
vn 0.693000 -0.264700 -0.670500
vn 0.527400 0.017000 -0.849400
vn 0.938800 0.091100 -0.332200
vn 0.732700 0.627300 0.263900
vn 0.737300 -0.479900 0.475500
vn 0.858200 -0.512700 0.025100
vn 0.828100 0.518700 0.212700
vn 0.015500 0.961800 -0.273500
vn 0.126500 0.951400 -0.280700
vn -0.053600 0.946400 0.318400
vn -0.069000 0.948900 0.307900
vn 0.838800 0.515500 0.175100
vn 0.995300 -0.028900 -0.092800
vn 0.532200 0.809700 -0.247100
vn 0.677000 0.735900 0.007700
vn 0.573700 0.688500 0.443600
vn 0.511100 0.836300 0.198600
vn 0.908000 0.217500 0.358100
vn 0.884000 0.289300 -0.367200
vn 0.670700 -0.271400 -0.690300
vn 0.931000 -0.281700 0.232300
vn 0.792200 0.113400 -0.599700
vn 0.682900 0.566300 0.461500
vn 0.860800 0.502400 -0.080900
vn 0.775000 0.553100 -0.305600
vn 0.423700 -0.314400 -0.849500
vn 0.545900 0.837800 0.008200
vn 0.670000 0.714800 0.200300
vn 0.859600 0.326600 -0.393000
vn 0.830600 0.554400 -0.052300
vn 0.703600 0.557900 -0.440100
vn 0.696900 0.590900 -0.406500
vn 0.181000 0.756400 -0.628500
vn 0.007700 -0.173700 -0.984800
vn -0.645000 -0.424500 -0.635400
vn -0.614100 0.041900 0.788100
vn 0.587200 0.418900 -0.692600
vn 0.142200 0.577100 -0.804200
vn -0.500800 -0.431600 0.750300
vn 0.733500 0.528100 -0.427900
vn 0.618700 0.780200 -0.091800
vn 0.401300 0.887700 -0.225900
vn 0.203100 0.978800 -0.027900
vn 0.039000 0.998500 -0.039400
vn 0.808300 0.439200 -0.392200
vn 0.895700 0.421700 -0.140800
vn 0.866100 0.462600 -0.189400
vn 0.850400 0.522900 -0.058700
vn 0.930100 0.343700 0.129300
vn -0.177500 0.525000 0.832400
vn -0.101600 0.600100 0.793400
vn 0.003700 0.190000 0.981800
vn -0.198200 0.113200 0.973600
vn -0.311200 -0.720200 0.620100
vn -0.472300 -0.555000 0.684700
vn -0.330000 0.022800 0.943700
vn -0.528300 0.081600 0.845100
vn -0.554800 -0.335700 0.761300
vn -0.369200 -0.895700 -0.247700
vn -0.416600 -0.772400 0.479300
vn -0.241000 -0.728100 0.641600
vn 0.098500 -0.929700 -0.354900
vn -0.370600 -0.313300 0.874300
vn -0.334700 -0.430000 0.838500
vn -0.295500 -0.073300 0.952500
vn -0.264800 -0.108000 0.958200
vn -0.225500 0.035400 0.973600
vn -0.702100 -0.607300 0.371900
vn -0.429500 -0.578600 0.693300
vn 0.080100 -0.305800 0.948700
vn -0.220000 -0.186700 0.957500
vn 0.340700 -0.646800 0.682300
vn -0.282100 -0.956400 0.076100
vn -0.486700 -0.752400 0.443900
vn -0.199000 -0.163200 0.966300
vn -0.236700 -0.032700 0.971000
vn 0.646000 -0.534800 0.544700
vn 0.374200 -0.828700 0.416300
vn 0.132700 -0.381100 0.915000
vn 0.430900 -0.274400 0.859700
vn 0.112700 -0.362500 0.925200
vn -0.684300 -0.522500 0.508600
vn -0.616500 -0.576600 0.536200
vn -0.504100 -0.278300 0.817600
vn -0.827100 0.372600 0.420800
vn -0.622700 -0.780800 0.049700
vn -0.275800 -0.708800 0.649200
vn -0.234300 -0.938700 0.253000
vn -0.272300 -0.956100 0.108600
vn -0.036900 -0.691300 0.721700
vn -0.681700 -0.027600 0.731100
vn -0.461900 -0.048600 0.885600
vn -0.818500 0.290600 0.495700
vn 0.050000 -0.349900 0.935400
vn -0.133700 -0.054100 0.989500
vn -0.081700 0.047600 0.995500
vn -0.146200 -0.986400 -0.075600
vn -0.156100 -0.464000 0.872000
vn -0.084800 -0.765300 0.638100
vn -0.432800 -0.647200 -0.627600
vn -0.052700 -0.439200 0.896900
vn 0.155500 -0.281400 0.946900
vn -0.411000 0.177100 0.894300
vn -0.171000 0.165900 0.971200
vn -0.433900 0.655600 0.618100
vn 0.336200 -0.570100 0.749600
vn 0.417800 -0.192300 0.888000
vn -0.257200 -0.160800 0.952900
vn -0.262700 -0.132100 0.955800
vn -0.742300 -0.178200 0.646000
vn -0.659900 -0.267400 0.702200
vn -0.656100 -0.264700 0.706800
vn -0.633000 -0.340400 0.695400
vn -0.647700 -0.375900 0.662700
vn -0.669000 -0.250700 0.699700
vn -0.039200 -0.813900 -0.579700
vn -0.260700 -0.817800 0.513200
vn -0.358900 -0.375200 0.854700
vn -0.351100 -0.375300 0.857800
vn -0.443000 0.663400 0.603100
vn -0.043100 -0.856500 -0.514300
vn -0.545500 -0.721700 0.426100
vn 0.521700 0.435600 -0.733500
vn 0.778500 0.324600 -0.537200
vn 0.606700 0.299000 -0.736600
vn 0.457600 -0.407000 -0.790600
vn 0.048300 -0.260400 -0.964300
vn 0.480200 0.419500 -0.770400
vn 0.052400 -0.258800 -0.964500
vn 0.663100 -0.650800 0.369900
vn 0.847000 -0.329100 0.417400
vn 0.832400 -0.450400 0.322800
vn 0.336200 0.133700 -0.932300
vn 0.306500 0.244600 -0.919900
vn 0.417300 0.121400 -0.900600
vn 0.547600 0.258100 -0.796000
vn 0.508500 0.260600 -0.820700
vn 0.553800 0.196400 -0.809100
vn 0.227600 -0.143800 -0.963100
vn 0.243100 0.118400 -0.962800
vn 0.164000 -0.011900 -0.986400
vn 0.122200 0.289700 -0.949300
vn -0.906500 -0.376100 -0.191900
vn -0.792400 -0.576400 -0.199700
vn -0.707800 -0.605400 -0.364000
vn -0.586900 -0.716500 -0.377000
vn -0.488300 -0.641100 -0.592100
vn -0.486700 -0.638600 -0.596100
vn -0.841900 -0.456700 0.287300
vn -0.819900 -0.455300 0.347000
vn 0.756600 0.159300 -0.634100
vn -0.580000 -0.581600 0.570400
vn -0.253700 -0.936400 -0.242600
vn -0.727900 -0.596200 0.338800
vn 0.700400 -0.627200 0.340600
vn 0.494800 -0.542900 0.678600
vn 0.518300 -0.630500 0.577700
vn -0.744100 -0.668000 -0.009200
vn -0.850900 -0.523700 -0.040800
vn -0.780000 -0.619300 -0.090000
vn -0.751500 -0.614900 0.239200
vn -0.775000 -0.600800 0.196000
vn -0.719500 -0.664400 0.202100
vn -0.035400 -0.658000 0.752200
vn -0.048300 -0.565400 0.823400
vn -0.410700 -0.451600 0.792100
vn -0.411000 -0.449300 0.793200
vn -0.164400 0.460400 0.872400
vn 0.058700 0.196100 0.978800
vn -0.163600 0.500400 0.850200
vn -0.177500 0.510200 0.841500
vn -0.177200 0.510200 0.841600
vn -0.411800 -0.608700 0.678200
vn -0.467100 -0.439300 0.767400
vn -0.327400 -0.657100 0.678900
vn -0.216100 0.370300 0.903400
vn 0.494200 -0.701400 0.513700
vn -0.452900 -0.273800 0.848500
vn -0.035600 0.409800 0.911500
vn -0.033000 0.395500 0.917900
vn 0.998400 0.002300 -0.057200
vn 0.995000 0.097100 0.021600
vn 0.542100 0.528700 0.653100
vn 0.884500 0.401700 -0.237100
vn 0.883900 0.404300 -0.235200
vn 0.208200 0.799700 0.563100
vn 0.221400 0.788700 0.573500
vn 0.267900 0.781800 0.563000
vn 0.853100 0.434700 -0.288400
vn 0.891700 0.251900 -0.376000
vn 0.208200 0.799500 0.563400
vn 0.927400 0.168600 -0.333900
vn 0.814800 0.560600 -0.147500
vn 0.389500 0.692900 0.606800
vn 0.274700 0.737500 0.617000
vn 0.360900 0.794500 0.488300
vn 0.840300 -0.484200 0.243900
vn 0.937100 0.214300 -0.275400
vn -0.234300 -0.857500 0.458100
vn -0.828500 -0.558600 -0.039300
vn -0.254500 0.453200 -0.854300
vn -0.623500 0.197500 0.756500
vn -0.360800 0.077100 0.929500
vn -0.372900 0.057400 0.926100
vn -0.314500 -0.259900 0.913000
vn 0.454000 -0.267300 0.850000
vn -0.239500 -0.949200 -0.204200
vn -0.028400 0.052700 0.998200
vn -0.075300 0.091700 0.992900
vn -0.057300 -0.375600 0.925000
vn 0.505100 -0.550300 -0.664800
vn -0.011400 -0.864500 -0.502500
vn -0.572900 -0.321000 0.754100
vn -0.055700 -0.973500 -0.221600
vn 0.946900 0.264700 0.182300
vn 0.646700 0.583600 0.491100
vn 0.678900 0.528200 0.510100
vn 0.490800 -0.406200 -0.770800
vn 0.262400 -0.654200 -0.709300
vn 0.772400 -0.075200 0.630700
vn 0.856800 0.515300 0.020400
vn 0.628200 0.758100 0.175000
vn 0.615300 0.762400 0.200400
vn 0.387500 0.920700 -0.046600
vn 0.758400 0.570900 -0.314400
vn 0.274800 0.656000 0.703000
vn 0.484100 0.853700 -0.191800
vn 0.715700 0.692700 0.089400
vn 0.784000 0.231400 -0.575900
vn 0.853600 0.512300 -0.094500
vn 0.741800 0.597700 -0.304000
vn 0.657500 -0.495300 -0.567700
vn -0.453500 -0.856100 -0.247700
vn -0.508300 -0.807300 -0.300000
vn -0.624800 -0.679500 0.384600
vn -0.616300 -0.676900 0.402500
vn -0.013800 -0.538400 -0.842500
vn -0.045900 -0.546700 -0.836100
vn 0.396000 -0.821100 0.411100
vn 0.582100 -0.604600 0.543700
vn 0.079500 -0.750900 -0.655600
vn 0.004700 -0.763900 -0.645300
vn -0.430800 -0.365800 0.825000
vn -0.425200 -0.363800 0.828800
vn 0.024100 -0.434400 0.900400
vn -0.425400 -0.364300 0.828400
vn 0.023900 -0.435100 0.900100
vn -0.436000 -0.328700 0.837800
vn 0.706000 0.705700 -0.059100
vn 0.883900 0.434100 0.173800
vn 0.889500 0.456800 0.004500
vn 0.445400 0.346900 0.825400
vn 0.425200 0.346500 0.836200
vn 0.739200 0.600800 -0.304200
vn 0.825400 0.305800 -0.474600
vn 0.799900 0.277000 -0.532300
vn 0.408500 -0.574500 -0.709200
vn 0.781100 -0.623200 -0.038500
vn 0.752400 -0.312300 -0.580000
vn -0.330900 -0.943100 0.031500
vn -0.425800 -0.781800 0.455500
vn -0.252200 -0.679200 0.689200
vn 0.377200 -0.798900 0.468500
vn -0.448400 0.889200 -0.090700
vn -0.214200 0.959700 -0.182100
vn -0.468800 -0.715100 0.518500
vn -0.007300 0.819300 0.573300
vn 0.001000 0.846800 0.531900
vn -0.124900 0.888000 0.442500
vn -0.270600 0.739600 0.616300
vn 0.464600 0.855600 0.228300
vn 0.535800 0.790700 0.296200
vn -0.588100 0.797100 0.136700
vn 0.636900 0.581500 -0.506100
vn -0.601000 -0.339400 0.723600
vn -0.697200 -0.455500 0.553500
vn -0.630900 -0.709600 0.313800
vn 0.793000 -0.609000 0.014900
vn 0.490500 -0.849400 -0.194700
vn 0.710400 -0.657800 0.250300
vn 0.510300 0.858700 0.047700
vn 0.358100 0.903900 0.234200
vn 0.379900 0.812500 -0.442200
vn -0.409700 0.905800 0.107700
vn -0.193400 0.848200 0.493000
vn -0.245100 -0.590300 0.769100
vn 0.784100 -0.620200 -0.023900
vn -0.445100 -0.894200 0.048100
vn -0.082500 0.854000 0.513800
vn -0.495800 -0.842500 0.210800
vn 0.660700 -0.681900 -0.313900
vn 0.685500 -0.663900 -0.298900
vn -0.477600 -0.665000 -0.574100
vn 0.053700 -0.675700 -0.735200
vn -0.106800 -0.798600 -0.592400
vn 0.078900 -0.269700 -0.959700
vn 0.161200 -0.595000 -0.787400
vn -0.012700 -0.726200 -0.687300
vn 0.100800 -0.797100 -0.595400
vn 0.163100 -0.748900 -0.642300
vn 0.148100 -0.747600 -0.647400
vn 0.437900 -0.835800 0.331300
vn 0.494100 -0.701400 0.513800
vn 0.804100 -0.593600 0.034100
vn 0.096500 -0.787800 -0.608300
vn -0.207700 -0.447400 0.869900
vn -0.533600 -0.676900 0.507000
vn -0.144800 -0.456300 0.878000
vn -0.169100 -0.384100 0.907600
vn -0.232200 -0.536200 0.811500
vn -0.203300 -0.695200 0.689500
vn -0.178800 -0.672200 0.718400
vn -0.670100 -0.482400 0.564100
vn -0.647100 -0.573000 0.502900
vn -0.602700 -0.454600 0.655800
vn -0.539400 -0.690400 0.482100
vn 0.374100 -0.834200 0.405100
vn 0.455300 -0.876800 0.154400
vn 0.494900 -0.515800 0.699400
vn -0.448300 -0.355200 0.820300
vn -0.344400 -0.615200 0.709100
vn -0.374500 -0.686500 0.623200
vn -0.525800 -0.590500 0.612200
vn -0.516800 -0.577000 0.632500
vn -0.489000 -0.736600 0.467200
vn -0.403100 -0.755000 0.517200
vn -0.397800 -0.742400 0.539100
vn -0.408000 -0.754300 0.514400
vn -0.214600 -0.972200 -0.093700
vn -0.342200 -0.919000 -0.195600
vn -0.376200 -0.873100 -0.310300
vn -0.214600 -0.972200 -0.093400
vn -0.305200 -0.928500 -0.211400
vn -0.464100 -0.868100 0.175800
vn -0.145100 -0.660200 -0.736900
vn 0.009200 -0.882900 -0.469500
vn -0.171800 -0.770700 -0.613600
vn -0.157100 -0.679000 -0.717100
vn -0.041500 -0.770300 -0.636300
vn 0.017200 0.695700 -0.718200
vn -0.214300 -0.758800 -0.615000
vn -0.103300 -0.790900 -0.603100
vn -0.533400 -0.841300 0.088100
vn -0.546900 -0.484100 0.683000
vn -0.427200 -0.836600 -0.343100
vn -0.286800 -0.835100 -0.469500
vn -0.213900 -0.759200 -0.614800
vn -0.360900 -0.801100 -0.477500
vn -0.521400 -0.758900 0.390200
vn -0.333800 -0.858500 0.389300
vn -0.280700 -0.945500 -0.164900
vn -0.361400 -0.835200 -0.414600
vn -0.434600 -0.807100 -0.399700
vn -0.202900 -0.659100 -0.724200
vn -0.182100 -0.721500 -0.668000
vn -0.030700 -0.980600 -0.193600
vn -0.086300 -0.731800 -0.676000
vn 0.179800 -0.982500 0.049700
vn 0.227100 -0.818900 0.527000
vn -0.241800 -0.808300 0.536800
vn 0.185400 -0.868100 0.460500
vn 0.126700 0.426100 0.895800
vn 0.226800 0.534500 0.814200
vn 0.061500 0.597200 0.799700
vn 0.053400 -0.719200 -0.692800
vn -0.556500 -0.462100 0.690500
vn -0.254600 -0.607300 0.752600
vn 0.251300 0.048600 0.966700
vn -0.016400 0.279500 0.960000
vn 0.158200 0.409700 0.898400
vn 0.602400 -0.730200 0.322300
vn 0.464800 -0.881100 -0.087200
vn 0.466300 -0.879500 -0.094900
vn 0.629200 -0.696200 0.345700
vn 0.067900 0.628000 0.775300
vn 0.082000 0.629000 0.773100
vn 0.329700 0.287600 0.899200
vn -0.311200 -0.627500 0.713700
vn -0.310900 -0.627800 0.713500
vn -0.179400 -0.597900 0.781300
vn 0.077900 0.614300 0.785300
vn 0.599100 -0.310300 0.738100
vn 0.542900 -0.414600 0.730300
vn 0.553800 -0.523100 0.647900
vn 0.308500 -0.271900 -0.911500
vn 0.265400 0.135000 -0.954600
vn 0.494000 -0.053700 -0.867800
vn -0.143400 0.871700 0.468500
vn -0.098300 0.863500 0.494700
vn -0.052300 0.753000 0.655900
vn 0.053300 0.838100 0.542900
vn 0.664000 0.369900 0.649900
vn 0.638500 0.249700 0.728000
vn 0.863900 -0.503600 -0.009200
vn 0.774500 -0.524400 0.353600
vn 0.544000 -0.727200 -0.418700
vn 0.536100 -0.765600 -0.355500
vn 0.331400 -0.594300 -0.732800
vn 0.474000 -0.547200 -0.689800
vn 0.483500 -0.319500 -0.815000
vn 0.974900 0.060100 0.214500
vn 0.983200 0.165800 0.076900
vn 0.990500 0.114800 -0.076000
vn 0.990400 0.123700 -0.062200
vn 0.921700 -0.035400 -0.386200
vn 0.847600 -0.206200 -0.488900
vn 0.836300 -0.325900 -0.440800
vn 0.512200 -0.477100 -0.714200
vn 0.917400 0.378700 0.121900
vn 0.431400 -0.574700 -0.695500
vn 0.900200 0.360900 -0.243700
vn 0.861500 0.097000 -0.498500
vn 0.905500 0.334000 -0.261900
vn 0.537700 -0.693100 -0.480200
vn 0.623600 0.403400 0.669600
vn 0.994300 -0.086100 0.063400
vn 0.943000 -0.230200 -0.240500
vn 0.906500 -0.333400 -0.258900
vn 0.787400 -0.433800 -0.438000
vn 0.828600 -0.546400 -0.121900
vn 0.635500 0.417900 0.649200
vn 0.720700 0.606600 0.335500
vn 0.129200 0.080600 0.988300
vn -0.181900 -0.007100 0.983300
vn -0.198700 -0.002400 0.980100
vn -0.264100 -0.062600 0.962500
vn -0.173900 -0.553100 0.814800
vn 0.779800 -0.454500 0.430500
vn -0.562200 -0.827000 0.001800
vn -0.678200 -0.707000 0.200500
vn -0.234400 -0.843800 0.482800
vn 0.673700 -0.289500 0.679900
vn 0.017300 -0.980200 0.197100
vn 0.304900 -0.901300 0.307800
vn 0.175000 -0.270700 0.946600
vn 0.065300 -0.900700 0.429600
vn -0.572500 -0.570100 0.589200
vn -0.155400 -0.126000 0.979800
vn -0.156100 -0.112100 0.981400
vn -0.174300 -0.127300 0.976400
vn -0.058500 0.130900 0.989700
vn 0.609800 0.591300 0.527800
vn 0.808500 0.526600 0.262700
vn 0.800100 0.524400 0.291200
vn 0.809300 0.515000 0.282400
vn 0.749500 0.625700 0.216200
vn 0.714900 0.620900 0.321600
vn 0.978500 0.188700 -0.083800
vn 0.871800 0.487700 0.046700
vn 0.004500 -0.852500 0.522700
vn 0.100000 -0.648400 0.754700
vn 0.095700 -0.488100 0.867500
vn 0.151800 0.088200 0.984500
vn -0.166500 -0.324900 0.931000
vn -0.118300 -0.586800 0.801100
vn -0.121200 -0.598000 0.792300
vn -0.389400 -0.486200 0.782300
vn -0.384600 -0.513500 0.767100
vn -0.145400 -0.969500 -0.197300
vn 0.174000 -0.967300 -0.184500
vn -0.062900 -0.952100 0.299400
vn -0.181700 -0.916500 0.356300
vn -0.227800 -0.802800 0.551000
vn -0.398500 -0.748300 0.530300
vn -0.361200 -0.696300 0.620200
vn -0.059200 -0.947400 -0.314400
vn -0.073000 -0.801500 -0.593500
vn -0.228700 -0.852700 -0.469700
vn -0.280700 -0.272600 0.920300
vn -0.058200 -0.494900 0.867000
vn -0.384200 -0.191300 0.903200
vn -0.535900 -0.458400 0.709000
vn -0.213400 -0.691700 -0.689900
vn -0.315000 0.027000 0.948700
vn -0.332700 0.008700 0.943000
vn -0.291500 -0.244300 0.924900
vn -0.339600 -0.723100 -0.601500
vn -0.677100 -0.626600 0.385900
vn -0.724700 -0.469400 0.504400
vn -0.747700 -0.560900 0.355600
vn -0.035000 0.179800 0.983100
vn -0.090100 0.173300 0.980700
vn 0.570900 0.634300 0.521300
vn 0.564300 0.595700 0.571600
vn 0.855100 0.515400 0.057300
vn 0.680100 0.708300 0.189200
vn 0.670300 0.709000 0.219400
vn 0.797700 0.603000 -0.003400
vn 0.814000 0.438100 -0.381400
vn 0.596000 0.337800 -0.728400
vn 0.649700 0.447000 -0.614900
vn 0.661600 0.272800 -0.698500
vn 0.101500 -0.400900 -0.910500
vn 0.026900 -0.513800 -0.857500
vn 0.163000 -0.621300 -0.766400
vn 0.902400 0.141600 -0.406900
vn 0.268100 -0.479400 -0.835600
vn 0.898000 0.157400 -0.410900
vn 0.924800 0.218600 -0.311400
vn 0.820400 0.305200 -0.483500
vn 0.208200 -0.193200 -0.958800
vn 0.384800 0.239200 -0.891400
vn 0.864600 0.103400 -0.491700
vn 0.854900 0.090100 -0.511000
vn 0.841900 0.501300 -0.199700
vn 0.851900 0.092600 -0.515500
vn 0.980000 0.150100 -0.130800
vn 0.938200 0.190600 -0.289000
vn 0.938000 0.191300 -0.289100
vn 0.258700 0.112100 -0.959400
vn -0.924700 0.326800 0.195300
vn -0.884200 0.464300 0.051300
vn -0.579500 0.774300 0.254100
vn 0.327400 -0.287500 -0.900100
vn 0.371800 -0.324300 -0.869900
vn 0.939300 0.337100 0.063200
vn 0.956500 0.280300 -0.080700
vn 0.973600 0.227700 -0.013700
vn 0.954200 0.286000 -0.088100
vn 0.775800 0.498200 -0.387300
vn 0.835000 0.158900 -0.526800
vn 0.847300 0.183900 -0.498200
vn 0.842700 -0.305200 0.443500
vn 0.807200 -0.369600 0.460300
vn 0.717400 0.338600 -0.608800
vn 0.706600 0.435300 -0.557900
vn 0.255400 -0.431500 -0.865200
vn 0.226700 -0.369400 -0.901200
vn 0.274600 -0.292200 -0.916100
vn 0.061600 -0.470200 -0.880400
vn 0.053100 -0.531700 -0.845300
vn 0.118800 -0.510500 -0.851600
vn 0.122900 -0.546400 -0.828500
vn 0.061000 -0.539800 -0.839600
vn 0.854100 -0.519800 0.017200
vn 0.711600 -0.700300 -0.056800
vn 0.285700 -0.359000 -0.888500
vn -0.016800 -0.521900 -0.852800
vn 0.063800 -0.617700 -0.783900
vn 0.509700 -0.362300 -0.780300
vn 0.528600 -0.559100 -0.638700
vn 0.825600 -0.064100 -0.560500
vn 0.699200 -0.605900 -0.379400
vn 0.931400 -0.362100 -0.038000
vn 0.913300 -0.035600 -0.405600
vn 0.913100 -0.386400 -0.130300
vn 0.725200 -0.651000 0.224100
vn 0.556000 -0.815100 -0.163100
vn 0.753700 0.107400 -0.648400
vn 0.716800 -0.640300 0.276100
vn 0.045400 -0.725200 -0.687000
vn 0.550300 -0.818600 -0.164400
vn 0.070600 0.620200 0.781200
vn 0.088800 0.622400 0.777600
vn 0.072800 0.631500 0.771900
vn 0.111200 0.634000 0.765300
vn 0.800100 0.439400 -0.408300
vn 0.466700 0.621100 0.629600
vn 0.312700 0.519400 0.795200
vn 0.299800 0.550300 0.779300
vn 0.162300 0.488300 0.857500
vn 0.634000 0.297700 0.713700
vn 0.959700 0.183100 -0.213400
vn 0.396800 0.332500 0.855600
vn 0.711800 -0.242600 0.659200
vn 0.787900 -0.267300 0.554700
vn 0.161500 0.039100 0.986100
vn 0.294000 0.027400 0.955400
vn -0.219500 0.629700 0.745200
vn -0.093500 0.721800 0.685800
vn 0.346400 -0.843800 0.409900
vn 0.595800 -0.635500 0.491100
vn 0.237600 -0.956400 -0.170000
vn 0.306800 -0.936900 -0.167800
vn -0.070300 -0.900600 -0.428900
vn -0.075500 -0.963100 -0.258300
vn -0.338400 -0.923800 -0.179200
vn -0.448200 -0.819400 -0.357400
vn -0.799900 -0.576800 -0.165900
vn -0.271000 0.729700 0.627800
vn -0.583800 -0.811200 -0.032900
vn -0.295300 0.755200 0.585200
vn -0.183300 -0.664400 -0.724500
vn 0.092300 -0.741100 -0.665000
vn 0.330800 -0.206300 -0.920900
vn 0.695500 0.211900 -0.686600
vn 0.708100 0.216300 -0.672100
vn 0.854000 0.484900 -0.188600
vn 0.889700 0.453600 0.052200
vn 0.934200 0.199600 0.295800
vn 0.908000 0.341100 -0.243100
vn 0.991100 0.102400 0.085100
vn 0.850000 -0.524800 0.046200
vn 0.799900 -0.483600 0.355400
vn -0.172200 -0.640400 -0.748500
vn 0.839100 0.518300 -0.164900
vn -0.484900 -0.108200 0.867900
vn 0.395300 -0.243400 -0.885700
vn -0.026700 -0.999600 -0.012500
vn -0.582300 -0.291200 0.759000
vn -0.386000 -0.310400 0.868700
vn -0.548200 -0.660800 0.512600
vn -0.179100 0.326600 0.928000
vn -0.338800 0.415300 0.844300
vn 0.057400 0.508000 0.859400
vn -0.169800 -0.254300 0.952100
vn -0.288300 -0.316900 0.903600
vn 0.297200 0.248200 0.922000
vn 0.304400 0.264200 0.915200
vn -0.488500 -0.090200 0.867900
vn -0.499500 -0.140500 0.854800
vn -0.194100 0.965700 -0.172500
vn 0.044000 0.952600 -0.301000
vn 0.392100 0.585800 -0.709300
vn -0.151900 0.824700 -0.544800
vn -0.730600 -0.339400 0.592500
vn 0.745100 0.544600 -0.385000
vn 0.676300 0.388800 -0.625700
vn 0.816400 -0.471600 -0.333400
vn 0.669400 -0.723600 0.168500
vn 0.706600 -0.281600 0.649200
vn 0.753800 -0.652100 0.081100
vn 0.786000 -0.208300 0.582100
vn 0.845400 -0.400900 0.353100
vn 0.970800 0.198200 -0.135200
vn 0.973000 0.223600 0.057400
vn 0.829200 0.556400 -0.053700
vn -0.239000 0.390800 0.888900
vn 0.966300 0.240300 -0.092300
vn 0.771100 -0.635600 -0.036600
vn 0.771000 0.359200 -0.525900
vn -0.643900 0.050100 0.763500
vn -0.878800 0.283200 0.384200
vn 0.859100 0.241500 -0.451200
vn -0.148300 0.781300 -0.606300
vn -0.142500 0.836000 -0.529800
vn 0.839500 0.251600 -0.481600
vn -0.135000 -0.917300 0.374500
vn -0.130800 -0.919000 0.371800
vn -0.124900 -0.813700 0.567700
vn 0.195900 -0.903100 0.382100
vn -0.738100 -0.530800 0.416500
vn -0.738200 -0.523400 0.425600
vn -0.816700 -0.411600 0.404500
vn 0.836700 0.241000 -0.491800
vn 0.861400 0.209900 -0.462500
vn -0.007600 0.816500 -0.577300
vn 0.100200 0.855700 -0.507800
vn 0.222100 0.260500 -0.939600
vn -0.614700 0.080500 -0.784600
vn 0.402000 0.526200 -0.749300
vn -0.920800 0.306800 -0.240800
vn -0.711600 -0.115400 -0.693100
vn 0.077500 -0.880800 0.467100
vn 0.114200 -0.655300 0.746600
vn 0.135100 -0.667000 0.732700
vn -0.856000 -0.351500 0.379100
vn 0.719600 -0.687300 0.099300
vn 0.838100 -0.427600 0.338800
vn 0.596800 0.414500 -0.687000
vn 0.916500 -0.299100 0.265600
vn 0.590700 -0.791300 0.157800
vn 0.597000 -0.791600 0.130500
vn -0.398100 -0.363800 0.842100
vn -0.773100 -0.368600 0.516300
vn 0.688200 -0.626300 0.366200
vn -0.803500 -0.462700 0.374600
vn 0.094600 0.609600 -0.787100
vn 0.087400 0.594100 -0.799700
vn 0.041600 0.709000 -0.703900
vn -0.868000 -0.488900 -0.086800
vn -0.012600 0.841100 -0.540800
vn -0.307400 -0.636100 0.707700
vn 0.482300 -0.738700 0.470800
vn 0.463000 -0.735600 0.494400
vn -0.899400 -0.421200 0.116900
vn 0.389200 -0.895600 0.215200
vn 0.108400 0.820100 -0.561900
vn 0.084500 0.764200 -0.639400
vn -0.367800 0.547000 -0.752000
vn 0.978800 -0.178200 -0.100500
vn 0.351700 0.540300 0.764400
vn 0.022400 0.541400 0.840500
vn 0.242300 0.484000 0.840800
vn 0.123200 0.378300 0.917500
vn 0.179800 0.658300 0.730900
vn 0.452100 0.359800 0.816200
vn 0.454500 0.357300 0.816000
vn 0.397100 0.372300 0.838900
vn 0.281100 0.244100 0.928100
vn 0.215900 0.465400 0.858300
vn 0.282600 0.241200 0.928400
vn 0.289500 0.299000 0.909300
vn 0.282600 0.240900 0.928500
vn 0.878700 -0.443500 -0.176800
vn 0.622500 0.376700 -0.686000
vn 0.535700 0.486400 -0.690300
vn 0.624600 0.385500 -0.679200
vn 0.863900 -0.234800 -0.445600
vn 0.947200 -0.103100 -0.303600
vn -0.447200 -0.660700 0.603000
vn -0.489300 -0.643000 0.589200
vn -0.488600 -0.633200 0.600300
vn 0.864500 -0.230300 -0.446800
vn -0.942900 0.312200 0.115700
vn -0.965800 0.255400 0.044300
vn -0.962400 0.190300 0.193600
vn -0.928300 0.167100 0.332100
vn 0.256900 0.253000 -0.932700
vn -0.949900 0.222300 0.219500
vn 0.343000 0.394500 -0.852500
vn 0.763300 -0.639300 -0.092700
vn 0.850900 -0.490000 0.189300
vn 0.835600 -0.514700 0.192000
vn 0.938700 0.180500 -0.293500
vn -0.974600 0.072700 0.211900
vn -0.947500 0.119900 0.296400
vn 0.059900 -0.772100 0.632700
vn -0.912300 0.214500 -0.349000
vn -0.930200 0.038800 -0.364900
vn 0.329700 0.214300 -0.919400
vn 0.883500 -0.099400 -0.457800
vn -0.317000 -0.606800 0.728900
vn 0.573800 -0.811500 0.110300
vn -0.758000 -0.264000 0.596400
vn 0.632300 -0.726700 0.268600
vn 0.587600 0.474000 -0.655800
vn 0.454900 0.448900 -0.769100
vn 0.297900 0.080000 -0.951200
vn 0.673100 -0.723600 0.152800
vn -0.751500 -0.323200 0.575100
vn -0.797700 -0.320000 0.511100
vn -0.741000 0.288600 -0.606300
vn -0.816600 0.294500 -0.496400
vn -0.800700 0.437800 -0.408900
vn -0.198900 0.689100 -0.696900
vn -0.898100 -0.329000 0.291900
vn -0.878900 -0.462500 -0.117100
vn -0.764500 -0.492500 0.415900
vn -0.563200 0.114300 -0.818400
vn -0.264300 0.165100 -0.950200
vn 0.497900 0.526600 -0.689100
vn 0.991100 0.036300 -0.128100
vn 0.979700 0.128900 -0.153700
vn 0.922400 -0.050700 -0.382900
vn 0.514600 -0.626700 0.585100
vn 0.546400 -0.802400 0.240200
vn 0.373200 -0.633500 0.677800
vn 0.660200 -0.748700 0.060600
vn -0.754300 -0.634400 -0.169200
vn -0.861700 -0.421200 0.283000
vn -0.777800 -0.434700 0.453900
vn 0.698700 -0.681900 0.216300
vn 0.592500 -0.775800 0.217100
vn 0.844400 0.281000 -0.456100
vn 0.889300 0.388300 -0.241600
vn -0.569400 0.579200 -0.583400
vn -0.522800 0.471700 -0.710100
vn -0.594900 0.376600 -0.710100
vn 0.767900 0.496300 -0.405000
vn 0.335700 0.815300 0.471800
vn -0.212100 -0.521900 0.826200
vn -0.387100 -0.255000 0.886100
vn -0.107500 -0.467100 0.877700
vn -0.213100 -0.567900 0.795100
vn 0.504900 -0.609600 0.611200
vn 0.518200 -0.369000 0.771500
vn 0.650200 -0.303600 0.696500
vn 0.596300 -0.566500 0.568800
vn 0.893700 -0.082100 -0.441100
vn 0.873200 0.166300 0.458000
vn 0.786700 0.335700 -0.518100
vn 0.580300 0.150000 -0.800500
vn 0.527500 -0.061900 -0.847300
vn -0.233900 0.666300 0.708100
vn -0.189800 0.679000 0.709200
vn 0.827500 0.155400 -0.539500
vn 0.822900 0.064000 -0.564600
vn 0.630300 -0.250800 -0.734700
vn -0.170800 -0.969700 0.174500
vn -0.068600 -0.937900 -0.340000
vn -0.519100 -0.589300 0.619100
vn -0.544200 -0.621100 0.564000
vn 0.412400 -0.872100 0.263300
vn 0.953400 0.110900 -0.280500
vn -0.677400 0.728900 0.098900
vn 0.876700 -0.476100 0.069100
vn -0.584700 -0.287100 0.758800
vn -0.775900 0.564000 0.282800
vn -0.252700 0.722700 0.643300
vn -0.265600 0.792700 0.548600
vn 0.604000 -0.148800 -0.782900
vn 0.678800 -0.026200 -0.733900
vn -0.437900 0.319000 0.840600
vn -0.517500 0.129200 0.845900
vn -0.834500 -0.011600 0.550900
vn 0.962900 0.194300 -0.187500
vn -0.557500 0.797500 0.230400
vn 0.420000 -0.865200 0.273800
vn 0.273500 -0.961000 0.041100
vn 0.276100 -0.961100 0.004300
vn 0.662800 0.168500 -0.729600
vn 0.680100 0.461300 -0.569700
vn -0.321100 0.736400 0.595500
vn -0.112600 0.861600 0.494900
vn -0.406200 0.226800 0.885200
vn -0.323900 0.179100 0.929000
vn -0.726100 -0.328600 0.604100
vn 0.745200 0.559800 -0.362400
vn -0.469900 0.881900 0.038600
vn 0.436400 -0.846400 0.305100
vn 0.466300 -0.867600 -0.172800
vn 0.624300 -0.713000 0.319100
vn -0.357000 -0.510500 -0.782200
vn -0.363800 -0.172000 -0.915400
vn 0.115900 -0.650200 -0.750900
vn 0.296600 -0.661700 -0.688600
vn 0.127900 -0.545100 -0.828600
vn 0.118400 -0.510100 -0.851900
vn 0.471200 -0.321900 -0.821200
vn 0.575100 -0.390100 -0.719100
vn 0.167500 -0.243800 -0.955300
vn -0.238700 -0.089000 -0.967000
vn 0.391200 -0.343500 -0.853800
vn 0.461100 -0.261000 0.848100
vn 0.765400 -0.076400 0.639000
vn 0.761700 0.545200 0.350100
vn 0.932700 0.206000 0.296000
vn -0.170900 -0.767200 -0.618200
vn -0.263400 -0.709800 -0.653300
vn -0.192000 -0.714400 -0.672900
vn -0.992300 0.044200 0.115300
vn -0.994200 -0.087300 0.062300
vn -0.994400 -0.097000 0.040900
vn 0.679700 -0.631600 0.372800
vn 0.657400 -0.746500 0.103300
vn 0.546600 0.434800 -0.715700
vn 0.639700 -0.762700 0.095700
vn 0.592500 0.541200 -0.596700
vn 0.868100 0.472600 -0.151500
vn 0.768100 0.458900 -0.446600
vn 0.373700 -0.874900 0.308100
vn -0.931400 -0.226200 -0.285100
vn 0.187100 0.420700 0.887700
vn 0.813000 -0.580100 -0.051000
vn -0.029500 0.344600 -0.938300
vn -0.598000 -0.450700 0.662800
vn 0.281500 0.245100 0.927700
vn -0.110800 -0.886400 -0.449400
vn 0.307300 -0.568200 -0.763300
vn 0.296800 0.498100 0.814700
vn -0.349300 -0.888900 -0.296300
vn 0.106600 -0.686600 -0.719200
vn -0.383300 0.262700 -0.885500
vn -0.117300 -0.475800 -0.871700
vn 0.588600 0.200200 -0.783200
vn 0.621400 0.108800 -0.775900
vn 0.423000 -0.148000 -0.894000
vn 0.947500 0.277700 -0.158300
vn 0.952800 -0.106900 0.284000
vn 0.954700 -0.134700 0.265400
vn 0.846900 -0.092000 -0.523700
vn 0.807600 -0.110200 -0.579300
vn 0.363800 -0.133400 -0.921900
vn 0.845200 0.009600 -0.534300
vn 0.696700 0.563400 -0.444100
vn 0.697200 0.562500 -0.444400
vn 0.997700 0.007100 0.066800
vn 0.999100 -0.012800 -0.041600
vn 0.975300 0.025500 -0.219400
vn -0.972200 0.210900 0.101700
vn -0.628500 0.432500 -0.646500
vn -0.454200 0.378800 -0.806300
vn -0.523500 0.108000 -0.845100
vn -0.148300 -0.130300 -0.980300
vn -0.694700 0.488600 0.527900
vn -0.553400 0.749500 -0.363500
vn -0.929300 -0.215800 0.299800
vn 0.382900 0.540700 0.749000
vn 0.056300 0.870600 0.488800
vn 0.407100 0.559600 0.721900
vn -0.725800 0.595700 -0.343900
vn 0.061500 0.876500 0.477400
vn -0.680900 0.456400 0.572800
vn -0.660200 0.536800 0.525300
vn -0.814700 0.562900 0.139000
vn -0.958800 0.280600 -0.045100
vn 0.514600 0.282200 0.809600
vn -0.624400 0.313400 0.715500
vn -0.728000 0.583800 -0.359500
vn -0.458900 0.785000 0.416200
vn 0.302000 0.443900 0.843700
vn 0.295100 0.261900 0.918900
vn -0.527000 0.417800 0.740000
vn 0.361900 0.150400 0.920000
vn -0.147900 0.925700 0.348100
vn -0.412700 0.729400 0.545500
vn -0.202400 0.625300 0.753700
vn -0.201100 0.617600 0.760300
vn -0.417300 0.727300 0.544900
vn -0.801400 0.007700 -0.598000
vn -0.246700 -0.568400 -0.784900
vn -0.522500 -0.300700 0.797800
vn -0.491200 -0.367400 0.789800
vn -0.509100 -0.582600 0.633600
vn -0.536400 -0.541200 0.647700
vn 0.117700 -0.536900 0.835400
vn 0.009400 -0.332400 0.943100
vn -0.573700 -0.572300 0.585900
vn -0.769400 -0.242500 0.590900
vn -0.732700 -0.215700 0.645500
vn 0.107700 -0.530600 0.840700
vn 0.783300 0.572600 -0.242200
vn 0.823100 0.505800 -0.258100
vn 0.833500 0.309500 -0.457700
vn 0.816900 0.358700 -0.451600
vn 0.982200 0.002300 0.187900
vn 0.927800 0.249800 0.277100
vn 0.785400 0.333600 -0.521400
vn 0.567900 0.654400 -0.499300
vn 0.593400 0.677500 -0.434600
vn 0.982400 0.015200 0.186000
vn 0.976300 0.078000 -0.202100
vn 0.966100 0.068400 -0.248900
vn -0.000900 -0.377000 0.926200
vn -0.887100 0.153500 0.435300
vn 0.178700 0.880300 -0.439400
vn 0.946300 0.221400 0.235700
vn -0.986800 0.124000 0.103900
vn -0.985300 0.123400 0.118100
vn 0.069800 -0.445000 0.892800
vn 0.098200 -0.413700 0.905100
vn 0.004600 0.744200 -0.667900
vn 0.015600 0.750500 -0.660600
vn 0.969900 0.131100 0.205400
vn 0.957200 0.134100 0.256400
vn -0.895200 0.271600 0.353400
vn 0.035000 -0.724800 0.688000
vn 0.992000 -0.090000 -0.089100
vn 0.066200 0.902400 -0.425900
vn 0.851400 0.348500 -0.392000
vn 0.813400 0.406100 -0.416500
vn 0.922800 0.293700 -0.249500
vn 0.901200 0.278500 -0.332100
vn -0.859400 0.013200 -0.511100
vn 0.981300 0.163700 -0.101200
vn 0.925500 0.320600 -0.201700
vn 0.727900 0.470000 -0.499300
vn 0.766500 0.425200 -0.481300
vn 0.840200 0.020500 -0.541900
vn 0.920400 -0.057200 -0.386700
vn 0.575600 -0.376100 -0.726100
vn 0.766600 -0.417900 -0.487600
vn 0.817500 -0.240100 -0.523400
vn 0.984600 -0.032400 -0.171600
vn 0.837800 -0.234300 -0.493100
vn 0.944000 -0.260800 -0.202200
vn 0.807200 0.016800 -0.590000
vn 0.702900 0.036500 -0.710400
vn -0.890000 -0.193500 -0.412900
vn 0.359800 0.932600 0.026700
vn 0.695300 0.582200 -0.421500
vn 0.804000 0.469200 -0.365300
vn 0.897500 0.383200 -0.218200
vn 0.899100 0.380300 -0.216900
vn 0.836700 0.485600 -0.253000
vn 0.345400 -0.886800 0.307200
vn 0.347500 -0.887800 0.301900
vn -0.085200 -0.784900 0.613700
vn -0.097200 -0.806300 0.583500
vn 0.398600 0.339000 0.852100
vn 0.417800 0.320300 0.850200
vn 0.817700 0.185100 0.545100
vn 0.815600 0.204200 0.541400
vn -0.139700 0.988000 0.066600
vn -0.119400 0.989500 0.081400
vn 0.508700 0.812500 -0.284600
vn 0.502000 0.815500 -0.288000
vn -0.501800 0.380600 -0.776700
vn -0.502100 0.380200 -0.776700
vn -0.502400 0.380200 -0.776500
vn -0.501400 0.380500 -0.777000
vn -0.213200 -0.762800 -0.610400
vn -0.200100 -0.736900 -0.645700
vn -0.798900 -0.542800 -0.259200
vn -0.794300 -0.541200 -0.275900
vn -0.206000 -0.263500 0.942400
vn -0.185200 -0.289800 0.939000
vn 0.950300 -0.263700 0.165700
vn 0.946900 -0.260800 0.188000
vn 0.621800 0.148200 -0.769100
vn 0.692900 -0.720500 0.028800
vn 0.101500 0.079000 0.991700
vn 0.102000 0.083600 0.991300
vn 0.705000 -0.707100 0.053700
vn 0.161500 -0.320200 -0.933500
vn 0.614400 0.148200 -0.775000
vn -0.502400 0.380200 -0.776600
vn 0.181500 -0.326500 -0.927600
vn -0.502100 0.380700 -0.776500
vn -0.502500 0.380200 -0.776500
vn -0.949600 0.123200 0.288200
vn -0.501700 0.380600 -0.776800
vn -0.547900 0.636500 0.542900
vn -0.949300 0.138000 0.282400
vn -0.539800 0.668400 0.511700
vn 0.345300 -0.886800 0.307100
vn 0.347400 -0.887800 0.301800
vn -0.097100 -0.806200 0.583600
vn 0.398700 0.339000 0.852200
vn 0.817600 0.185300 0.545100
vn 0.815500 0.204300 0.541400
vn -0.119900 0.989500 0.081000
vn 0.508700 0.812500 -0.284800
vn 0.502200 0.815300 -0.288100
vn -0.501900 0.380500 -0.776700
vn -0.501700 0.380300 -0.776900
vn -0.501600 0.380400 -0.777000
vn -0.213500 -0.762800 -0.610300
vn -0.200300 -0.736600 -0.645900
vn -0.798900 -0.542800 -0.259100
vn -0.205900 -0.263600 0.942400
vn -0.185300 -0.289800 0.939000
vn 0.950300 -0.263800 0.165600
vn 0.946800 -0.260900 0.188400
vn 0.620700 0.148700 -0.769800
vn 0.693100 -0.720300 0.029200
vn 0.101500 0.079100 0.991700
vn 0.704900 -0.707300 0.053400
vn 0.161400 -0.320200 -0.933500
vn 0.614700 0.148700 -0.774600
vn -0.501800 0.380500 -0.776800
vn 0.181600 -0.326600 -0.927500
vn -0.502000 0.380600 -0.776600
vn -0.502300 0.380100 -0.776700
vn -0.547900 0.636300 0.543000
vn -0.949300 0.137600 0.282600
vn -0.548000 -0.264800 0.793400
vn -0.569800 -0.281700 0.772000
vn -0.418800 -0.281400 0.863400
vn -0.242100 -0.425300 0.872100
vn -0.725400 -0.254100 0.639700
vn -0.150800 -0.427200 0.891500
vn -0.530700 -0.198900 0.823900
vn -0.463100 -0.211900 0.860600
vn -0.767000 0.108700 0.632400
vn -0.556000 -0.011100 0.831100
vn -0.653100 0.054300 0.755400
vn -0.749200 0.182600 0.636700
vn -0.726100 0.177900 0.664200
vn -0.217600 0.228800 0.948800
vn -0.497200 0.064900 0.865200
vn -0.490300 0.216000 0.844400
vn -0.492600 0.216700 0.842800
vn -0.804700 -0.027800 0.593000
vn -0.746100 -0.044100 0.664400
vn -0.773500 -0.310800 0.552400
vn -0.670700 -0.273800 0.689400
vn -0.659300 -0.325100 0.677900
vn -0.544200 -0.426900 0.722300
vn -0.386200 -0.460500 0.799300
vn -0.383300 -0.462500 0.799500
vn -0.474900 -0.384700 0.791500
vn 0.819500 -0.567300 -0.081400
vn 0.816900 -0.570900 -0.082500
vn 0.967300 -0.094900 -0.235200
vn 0.956200 -0.111400 -0.270500
vn 0.322600 0.287200 0.901900
vn 0.333700 0.264200 0.904900
vn 0.217100 -0.192500 0.957000
vn 0.201600 -0.182600 0.962300
vn -0.624700 0.628800 0.463000
vn -0.614800 0.621300 0.485800
vn -0.711000 -0.027600 0.702600
vn -0.716300 -0.022700 0.697400
vn -0.799300 0.201400 -0.566200
vn -0.799500 0.201500 -0.565900
vn -0.799700 0.201300 -0.565700
vn -0.799100 0.201800 -0.566300
vn 0.124300 -0.510600 -0.850800
vn 0.085300 -0.523900 -0.847500
vn 0.187200 0.115700 -0.975500
vn 0.176100 0.107000 -0.978500
vn 0.882600 0.451400 0.131300
vn 0.899200 0.417300 0.131400
vn 0.285900 -0.678200 0.677000
vn 0.298600 -0.663800 0.685700
vn -0.650700 -0.717400 0.248700
vn 0.524500 -0.834700 0.168000
vn 0.641300 0.440000 0.628700
vn 0.638000 0.441400 0.630900
vn 0.531000 -0.824500 0.195500
vn -0.421200 -0.742900 -0.520400
vn -0.654800 -0.716200 0.241400
vn -0.799600 0.201000 -0.565900
vn -0.412500 -0.758800 -0.504000
vn -0.799400 0.201500 -0.566000
vn -0.798900 0.201400 -0.566800
vn 0.101400 0.818500 -0.565500
vn -0.799200 0.202000 -0.566100
vn -0.091900 0.980400 0.174300
vn 0.086500 0.824300 -0.559500
vn -0.135100 0.973600 0.184000
vn 0.819400 -0.567400 -0.081200
vn 0.817100 -0.570700 -0.082200
vn 0.967500 -0.094800 -0.234600
vn 0.956100 -0.111700 -0.270800
vn 0.322700 0.287000 0.901900
vn 0.333700 0.264100 0.904900
vn 0.217200 -0.192500 0.957000
vn -0.624600 0.628800 0.463200
vn -0.614600 0.621300 0.486000
vn -0.716100 -0.022900 0.697600
vn -0.799100 0.201200 -0.566500
vn -0.799300 0.201300 -0.566100
vn -0.799600 0.201100 -0.565800
vn -0.798900 0.201800 -0.566600
vn 0.123200 -0.510200 -0.851200
vn 0.086100 -0.522800 -0.848100
vn 0.174700 0.105900 -0.978900
vn 0.882800 0.451100 0.131100
vn 0.899200 0.417400 0.131200
vn 0.285900 -0.678000 0.677100
vn 0.297800 -0.664500 0.685400
vn -0.650700 -0.717500 0.248600
vn 0.524300 -0.835000 0.166800
vn 0.641900 0.439600 0.628200
vn 0.638000 0.441500 0.630900
vn 0.531100 -0.824300 0.195900
vn -0.421800 -0.742500 -0.520400
vn -0.654600 -0.716400 0.241600
vn -0.413400 -0.758000 -0.504500
vn -0.799500 0.200800 -0.566200
vn -0.799700 0.200900 -0.565800
vn 0.101300 0.818900 -0.564900
vn -0.799000 0.201900 -0.566400
vn -0.092200 0.980400 0.174400
vn 0.087200 0.824400 -0.559200
vn -0.135000 0.973600 0.184000
vn -0.476700 -0.150600 0.866100
vn -0.482000 -0.149000 0.863400
vn -0.109800 -0.461900 0.880100
vn -0.137100 -0.480300 0.866300
vn 0.634500 0.499700 0.589700
vn 0.612400 0.505700 0.607600
vn 0.173500 0.770100 0.613900
vn 0.185400 0.779700 0.598100
vn 0.702500 0.354900 -0.616900
vn 0.707100 0.372400 -0.601100
vn 0.183900 0.831400 -0.524300
vn 0.185500 0.827700 -0.529600
vn -0.046700 -0.198200 -0.979000
vn -0.046400 -0.197400 -0.979200
vn -0.046500 -0.196900 -0.979300
vn -0.045700 -0.198900 -0.979000
vn -0.828300 -0.559100 -0.037500
vn -0.841000 -0.535700 -0.076100
vn -0.244400 -0.956200 -0.161100
vn -0.257600 -0.950300 -0.175000
vn 0.496300 -0.343600 0.797300
vn 0.465100 -0.337300 0.818500
vn -0.390300 0.642000 0.659900
vn 0.661400 0.103900 0.742800
vn 0.659100 0.101500 0.745100
vn -0.651700 0.205100 0.730300
vn -0.371900 0.639200 0.673100
vn -0.625000 0.653100 -0.427600
vn -0.632800 0.219600 0.742500
vn -0.902500 0.001700 -0.430600
vn -0.625700 0.649300 -0.432400
vn -0.053100 -0.198400 -0.978700
vn -0.910500 0.016000 -0.413100
vn -0.053200 -0.199000 -0.978500
vn -0.053100 -0.198900 -0.978600
vn 0.597900 -0.758000 -0.260700
vn -0.052500 -0.199500 -0.978500
vn 0.955000 -0.157300 -0.251300
vn 0.603800 -0.747700 -0.276200
vn 0.947700 -0.132100 -0.290700
vn 0.092000 0.257000 0.962000
vn 0.067400 0.351000 0.934000
vn 0.140200 0.340400 0.929800
vn 0.146300 0.378200 0.914100
vn 0.229900 0.318600 0.919600
vn 0.052700 0.236300 0.970300
vn 0.032700 0.285400 0.957900
vn 0.154200 0.290900 0.944300
vn 0.160400 0.316100 0.935100
vn 0.172100 0.304000 0.937000
vn 0.167200 0.299600 0.939300
vn 0.112000 0.410000 0.905200
vn 0.026300 0.979600 -0.199100
vn 0.420500 0.902400 -0.093700
vn 0.012200 0.983700 -0.179300
vn 0.390300 0.918800 -0.059100
vn 0.752400 0.652500 0.090700
vn 0.702700 0.695700 0.149000
vn 0.120300 -0.018900 -0.992600
vn 0.328100 0.119200 -0.937100
vn 0.204300 -0.215700 -0.954800
vn 0.061800 0.273600 -0.959900
vn 0.030700 0.112000 -0.993200
vn 0.569700 -0.135500 -0.810600
vn 0.914500 0.292300 0.279800
vn 0.921500 0.310400 0.233200
vn 0.421100 -0.632400 -0.650200
vn 0.223500 -0.485300 -0.845300
vn 0.852200 -0.382000 0.357500
vn 0.906400 -0.335500 0.256600
vn 0.691000 -0.652400 0.311400
vn 0.695700 -0.650800 0.304100
vn 0.082100 -0.582900 -0.808400
vn 0.109300 -0.624700 -0.773200
vn 0.465500 -0.823900 0.323400
vn 0.455200 -0.821400 0.343600
vn -0.008800 -0.554800 -0.831900
vn 0.018500 -0.623200 -0.781900
vn -0.059200 0.103600 -0.992900
vn -0.053600 0.076400 -0.995600
vn -0.170500 0.050600 -0.984100
vn -0.474000 0.872300 -0.119800
vn -0.488200 0.862000 -0.136200
vn -0.776100 0.628500 0.051600
vn -0.750000 0.656700 0.079200
vn -0.917100 0.273400 0.290000
vn -0.880500 0.333900 0.336500
vn -0.866100 -0.105400 0.488600
vn -0.889600 -0.094200 0.446800
vn -0.513400 -0.682600 0.520100
vn -0.600900 -0.668900 0.437600
vn -0.264300 -0.864800 0.426900
vn -0.270500 -0.865800 0.421100
vn 0.011600 -0.925500 0.378600
vn 0.023300 -0.917900 0.396100
vn -0.066800 0.302600 0.950800
vn -0.081400 0.355700 0.931100
vn -0.110900 0.358400 0.927000
vn 0.097600 -0.529700 -0.842600
vn 0.112800 -0.600900 -0.791300
vn 0.028500 0.230700 0.972600
vn -0.282600 -0.109300 -0.953000
vn -0.522500 -0.069500 -0.849800
vn -0.353900 0.183000 -0.917200
vn -0.260600 0.047700 -0.964300
vn -0.176900 0.077500 -0.981200
vn -0.103000 0.210400 0.972200
vn -0.127800 0.217300 0.967700
vn -0.114100 0.263500 0.957900
vn -0.088200 0.235500 0.967900
vn 0.022300 0.282900 0.958900
vn -0.170400 0.226700 0.958900
vn -0.125000 0.315100 0.940800
vn -0.100200 0.284600 0.953400
vn -0.040700 0.325500 0.944700
vn -0.016200 0.232200 0.972500
vn 0.124000 -0.074100 -0.989500
vn 0.122300 -0.075500 -0.989600
vn -0.196700 -0.912700 -0.358200
vn -0.182500 -0.912100 -0.367000
vn 0.474500 -0.877200 -0.072800
vn 0.504200 -0.857300 -0.104000
vn 0.924800 0.329400 -0.190300
vn 0.874300 -0.366700 -0.317900
vn 0.516700 -0.192100 0.834400
vn 0.529400 -0.212700 0.821200
vn 0.484900 0.288900 0.825500
vn 0.924900 0.333400 -0.183000
vn 0.502400 0.284900 0.816300
vn -0.716800 -0.183900 0.672600
vn 0.884700 -0.360100 -0.296200
vn -0.743300 -0.172100 0.646400
vn -0.667000 0.307100 0.678900
vn -0.666200 0.302300 0.681700
vn 0.123300 -0.075000 -0.989500
vn 0.124200 -0.074800 -0.989400
vn 0.123300 -0.075100 -0.989500
vn -0.857800 0.335000 -0.389900
vn -0.833900 0.357800 -0.420200
vn -0.800100 -0.338200 -0.495500
vn -0.798000 -0.326700 -0.506500
vn -0.262700 -0.598500 0.756800
vn -0.281200 -0.569900 0.772100
vn 0.089200 0.674400 0.733000
vn 0.195400 -0.461500 0.865400
vn 0.191700 -0.461000 0.866400
vn -0.426500 0.659000 0.619500
vn -0.408400 0.651500 0.639300
vn -0.341200 0.720800 -0.603300
vn 0.319800 0.884400 -0.339900
vn 0.322300 0.886300 -0.332500
vn 0.092400 0.657900 0.747400
vn -0.340200 0.735700 -0.585600
vn 0.123900 -0.075400 -0.989400
vn 0.124000 -0.075000 -0.989400
vn 0.160400 -0.198600 -0.966900
vn 0.160600 -0.198500 -0.966800
vn -0.614600 -0.698400 -0.366700
vn -0.601600 -0.706100 -0.373500
vn -0.062000 -0.998000 0.011800
vn -0.023200 -0.999600 -0.015200
vn 0.160300 -0.197900 -0.967000
vn 0.978200 -0.199800 -0.056200
vn 0.584300 -0.790700 -0.182900
vn 0.251500 -0.362200 0.897500
vn 0.252400 -0.384600 0.887900
vn 0.479100 0.060100 0.875700
vn 0.979500 -0.195700 -0.048700
vn 0.492700 0.047000 0.868900
vn -0.780700 0.256300 0.569900
vn 0.594400 -0.788200 -0.159400
vn -0.794100 0.277400 0.540800
vn -0.475200 0.661100 0.580600
vn -0.477100 0.657600 0.583100
vn 0.160500 -0.198200 -0.966900
vn 0.162100 -0.198700 -0.966600
vn 0.160900 -0.197700 -0.967000
vn -0.507300 0.688600 -0.518200
vn -0.471700 0.693400 -0.544700
vn -0.798800 0.079200 -0.596400
vn -0.789300 0.087600 -0.607800
vn -0.615700 -0.321700 0.719300
vn -0.618000 -0.288800 0.731200
vn 0.365100 0.580600 0.727700
vn -0.162800 -0.428600 0.888700
vn -0.167600 -0.424900 0.889600
vn 0.357900 0.566700 0.742200
vn -0.068700 0.833800 0.547800
vn -0.058800 0.818700 0.571200
vn 0.154800 0.738900 -0.655800
vn 0.161700 0.751800 -0.639300
vn 0.160400 -0.198500 -0.966900
vn 0.160800 -0.198000 -0.966900
vn 0.769900 0.563100 -0.300200
vn 0.772400 0.564100 -0.291900
vn 0.023900 -0.449300 -0.893100
vn -0.901400 -0.116000 -0.417200
vn -0.898300 -0.130400 -0.419600
vn -0.782800 -0.612100 0.112100
vn -0.758000 -0.645000 0.096500
vn 0.024000 -0.449300 -0.893100
vn 0.516800 -0.829700 0.210700
vn -0.193500 -0.979300 0.058800
vn -0.160900 -0.229000 0.960000
vn -0.177500 -0.247600 0.952500
vn 0.304600 -0.111400 0.945900
vn 0.520200 -0.825800 0.218000
vn 0.304200 -0.128900 0.943900
vn -0.383500 0.856900 0.344500
vn -0.185900 -0.978900 0.084900
vn -0.374000 0.874600 0.308700
vn 0.145100 0.913400 0.380200
vn 0.139800 0.912900 0.383500
vn 0.023800 -0.449400 -0.893000
vn 0.023900 -0.449400 -0.893000
vn 0.024100 -0.449300 -0.893000
vn 0.208200 0.690300 -0.692900
vn 0.237000 0.663400 -0.709700
vn -0.429300 0.473400 -0.769200
vn -0.416900 0.470400 -0.777800
vn -0.717400 0.361300 0.595700
vn 0.630500 0.282700 0.722900
vn -0.695300 0.389100 0.604300
vn -0.492200 0.008400 0.870500
vn -0.492600 0.011900 0.870200
vn 0.550900 0.721600 0.419200
vn 0.544900 0.709800 0.446300
vn 0.694000 0.249400 -0.675400
vn 0.961700 -0.215800 -0.169200
vn 0.963200 -0.215100 -0.160800
vn 0.615600 0.281500 0.736100
vn 0.708000 0.257200 -0.657700
vn 0.023700 -0.449300 -0.893100
vn 0.136500 -0.587500 0.797600
vn -0.459500 -0.345900 0.818100
vn -0.426800 -0.346600 0.835300
vn -0.547400 0.120300 0.828200
vn -0.544700 0.116700 0.830400
vn 0.754700 0.032600 0.655300
vn 0.739200 0.048700 0.671800
vn 0.536800 0.502300 0.677900
vn 0.552900 0.503800 0.663600
vn 0.676000 0.592800 -0.437700
vn 0.675500 0.588200 -0.444600
vn 0.831500 -0.084300 -0.549100
vn 0.843900 -0.073200 -0.531500
vn -0.080700 -0.103200 -0.991400
vn -0.081000 -0.103400 -0.991300
vn -0.080700 -0.102700 -0.991400
vn -0.080800 -0.103100 -0.991400
vn -0.991700 0.009300 -0.127900
vn -0.985600 0.037000 -0.165000
vn -0.735700 -0.627500 -0.255100
vn -0.740800 -0.616500 -0.266800
vn 0.061900 -0.953300 -0.295700
vn 0.072800 -0.948400 -0.308500
vn -0.081100 -0.102700 -0.991400
vn -0.081000 -0.102500 -0.991400
vn 0.712500 -0.669500 -0.210100
vn -0.090100 0.908900 -0.407100
vn -0.093500 0.905400 -0.414100
vn -0.699600 0.526100 -0.483500
vn -0.448900 0.519600 0.727000
vn -0.472300 0.519000 0.712500
vn -0.699500 0.542200 -0.465400
vn -0.081300 -0.102800 -0.991400
vn -0.081100 -0.103700 -0.991300
vn 0.724400 -0.643400 -0.247400
vn 0.019600 0.709900 0.704100
vn 0.008500 0.722100 0.691700
vn 0.114000 -0.566100 0.816400
vn 0.537200 -0.310800 0.784100
vn 0.532900 -0.311600 0.786700
vn -0.604700 -0.403200 -0.686900
vn -0.263700 -0.322900 -0.909000
vn -0.282900 -0.738900 -0.611600
vn -0.091400 -0.593300 -0.799800
vn 0.019500 -0.636500 -0.771000
vn 0.051200 -0.596100 -0.801300
vn 0.101800 0.341500 0.934400
vn 0.087700 0.394800 0.914600
vn -0.184800 -0.466200 0.865100
vn -0.188500 -0.467100 0.863900
vn 0.299200 -0.525100 0.796700
vn 0.285000 -0.554700 0.781700
vn 0.324800 0.707400 0.627800
vn 0.305900 0.698000 0.647400
vn -0.197900 0.657700 0.726800
vn -0.195800 0.673700 0.712600
vn 0.294300 0.743700 -0.600300
vn 0.290700 0.759300 -0.582200
vn -0.394400 0.840800 -0.370700
vn -0.391600 0.839100 -0.377500
vn -0.066100 -0.100100 -0.992800
vn -0.066100 -0.100000 -0.992800
vn -0.066400 -0.100300 -0.992700
vn -0.066600 -0.100100 -0.992700
vn -0.376700 -0.922900 -0.079900
vn -0.406900 -0.906400 -0.113300
vn 0.307700 -0.894400 -0.324800
vn 0.294600 -0.895400 -0.334000
vn 0.718600 -0.088300 0.689800
vn 0.693500 -0.101600 0.713200
vn -0.572400 0.244900 0.782600
vn -0.555400 0.250900 0.792800
vn -0.940700 0.235500 -0.244200
vn -0.547100 -0.253600 0.797700
vn 0.595100 0.376600 0.709900
vn 0.595400 0.380200 0.707800
vn -0.537800 -0.232900 0.810300
vn -0.813700 -0.456300 -0.360200
vn -0.939800 0.231300 -0.251600
vn -0.065900 -0.099700 -0.992800
vn -0.825800 -0.450500 -0.339200
vn -0.065400 -0.099800 -0.992900
vn -0.065300 -0.100300 -0.992800
vn 0.857900 -0.263300 -0.441300
vn -0.066500 -0.099700 -0.992800
vn 0.840000 0.415600 -0.348900
vn 0.855100 -0.251700 -0.453300
vn 0.815500 0.435500 -0.381200
vn 0.193400 -0.461000 0.866100
vn 0.189300 -0.463400 0.865700
vn 0.646700 -0.369500 0.667300
vn 0.639900 -0.401700 0.655100
vn 0.203100 0.809900 0.550300
vn 0.193500 0.795400 0.574300
vn -0.230800 0.581600 0.780100
vn -0.237300 0.595800 0.767300
vn -0.127200 0.767000 -0.629000
vn -0.131600 0.781500 -0.609800
vn -0.732200 0.649700 -0.204100
vn -0.730600 0.648800 -0.212800
vn -0.261300 -0.160900 -0.951800
vn -0.260900 -0.161500 -0.951800
vn -0.261700 -0.160300 -0.951700
vn -0.260500 -0.160600 -0.952000
vn -0.046200 -0.998900 -0.009500
vn -0.086600 -0.995700 -0.032100
vn 0.501200 -0.746800 -0.437200
vn 0.486800 -0.753000 -0.442900
vn 0.866100 0.184900 0.464300
vn 0.853400 0.164900 0.494500
vn -0.407800 0.078800 0.909700
vn -0.392900 0.090000 0.915200
vn -0.994400 -0.093600 0.049400
vn -0.218400 -0.373600 0.901500
vn 0.593000 0.594300 0.543300
vn 0.591000 0.598500 0.540700
vn -0.214300 -0.351700 0.911200
vn -0.678700 -0.722000 -0.134200
vn -0.994300 -0.097700 0.041700
vn -0.261800 -0.160600 -0.951600
vn -0.686600 -0.718800 -0.109000
vn -0.260800 -0.160900 -0.951900
vn -0.260600 -0.161400 -0.951900
vn 0.743900 0.009100 -0.668200
vn -0.259900 -0.160700 -0.952200
vn 0.532000 0.639700 -0.554800
vn 0.734300 0.018900 -0.678600
vn 0.495500 0.648800 -0.577500
vn 0.503600 -0.279600 0.817400
vn 0.500700 -0.285100 0.817300
vn 0.821100 0.028200 0.570200
vn 0.831100 -0.004500 0.556100
vn -0.204300 0.801700 0.561800
vn -0.201900 0.784200 0.586800
vn -0.420100 0.385200 0.821700
vn -0.434500 0.393800 0.810000
vn -0.583900 0.577400 -0.570700
vn -0.593600 0.588100 -0.549400
vn -0.981500 0.173900 -0.079900
vn -0.980700 0.173800 -0.089200
vn -0.235800 -0.288500 -0.928000
vn -0.235900 -0.288400 -0.928000
vn -0.234700 -0.288200 -0.928400
vn -0.235900 -0.288600 -0.927900
vn 0.491600 -0.869100 -0.055100
vn 0.454200 -0.888000 -0.072300
vn 0.762400 -0.379800 -0.524000
vn 0.753500 -0.391800 -0.527900
vn 0.692500 0.618900 0.370700
vn 0.695800 0.595000 0.402300
vn -0.289700 -0.126600 0.948700
vn -0.282100 -0.108300 0.953300
vn -0.789300 -0.591100 0.165900
vn 0.110300 -0.415400 0.903000
vn 0.242700 0.828800 0.504200
vn 0.238300 0.831400 0.502000
vn 0.102900 -0.394200 0.913300
vn -0.202800 -0.975200 -0.089000
vn -0.788000 -0.595200 0.157600
vn -0.234700 -0.288000 -0.928400
vn -0.208600 -0.976000 -0.062500
vn -0.235200 -0.287700 -0.928400
vn 0.548600 0.373800 -0.747900
vn 0.048100 0.810100 -0.584300
vn 0.534800 0.377000 -0.756200
vn 0.011000 0.798900 -0.601300
vn 0.601600 0.257500 0.756200
vn 0.602900 0.253700 0.756400
vn 0.565100 0.682600 0.463400
vn 0.595800 0.666400 0.448300
vn -0.707900 0.428300 0.561700
vn -0.692800 0.421400 0.585200
vn -0.517000 0.026400 0.855600
vn -0.534200 0.020200 0.845100
vn -0.861300 -0.094700 -0.499200
vn -0.874400 -0.092600 -0.476400
vn -0.790900 -0.609800 0.051200
vn -0.791100 -0.610300 0.041800
vn 0.011400 -0.452600 -0.891600
vn 0.011100 -0.452700 -0.891600
vn 0.010600 -0.452700 -0.891600
vn 0.011100 -0.451400 -0.892200
vn 0.970700 -0.218400 -0.100400
vn 0.959300 -0.259200 -0.111800
vn 0.753100 0.251400 -0.608000
vn 0.756200 0.235800 -0.610400
vn 0.002100 0.964300 0.264700
vn 0.025100 0.954400 0.297300
vn -0.036600 -0.204600 0.978200
vn -0.045100 -0.187200 0.981300
vn -0.055500 -0.955800 0.288700
vn 0.444700 -0.111000 0.888800
vn -0.448300 0.772500 0.449700
vn -0.452700 0.770900 0.448100
vn 0.424600 -0.101600 0.899600
vn 0.606300 -0.794400 -0.038100
vn -0.052000 -0.958500 0.280200
vn 0.011200 -0.453000 -0.891400
vn 0.604600 -0.796500 -0.012000
vn 0.011300 -0.452500 -0.891700
vn 0.011800 -0.452300 -0.891800
vn 0.028600 0.572800 -0.819200
vn 0.011200 -0.452100 -0.891900
vn -0.618300 0.510600 -0.597400
vn 0.016200 0.563700 -0.825800
vn -0.635500 0.474300 -0.609300
vn -0.643100 -0.469800 0.604700
vn -0.643500 -0.469900 0.604300
vn -0.686400 -0.726600 -0.030700
vn -0.686500 -0.726500 -0.030900
vn -0.595600 -0.464800 -0.655200
vn -0.595600 -0.464700 -0.655200
vn -0.479500 0.078900 -0.874000
vn -0.480200 0.079400 -0.873500
vn -0.424700 0.631300 -0.649000
vn -0.424500 0.631100 -0.649200
vn -0.431300 0.902000 -0.016200
vn -0.431500 0.902000 -0.016100
vn -0.469800 0.631900 0.616400
vn -0.469700 0.632000 0.616400
vn -0.542300 0.076400 0.836700
vn -0.541900 0.076500 0.837000
vn -0.903200 0.366900 0.222900
vn -0.903200 0.366700 0.222900
vn -0.885000 0.464200 -0.036900
vn -0.885000 0.464100 -0.036800
vn -0.882000 0.366500 -0.296100
vn -0.882100 0.366500 -0.296000
vn -0.972300 -0.084900 0.218000
vn -0.983000 -0.178700 -0.042100
vn -0.983100 -0.178300 -0.042400
vn -0.950600 -0.083200 -0.299100
vn -0.950500 -0.083800 -0.299200
vn -0.905000 0.140000 -0.401600
vn -0.905100 0.140100 -0.401400
vn 0.129800 0.654000 -0.745300
vn 0.129700 0.654100 -0.745200
vn 0.157600 0.987500 0.008700
vn 0.157100 0.987500 0.009000
vn 0.077800 0.650200 0.755800
vn 0.078100 0.650200 0.755700
vn -0.034500 -0.002000 0.999400
vn -0.935000 0.139500 0.326000
vn -0.972100 -0.085000 0.218500
vn -0.934900 0.139600 0.326300
vn -0.129700 -0.653700 0.745600
vn -0.157500 -0.987500 -0.009000
vn -0.157100 -0.987500 -0.008700
vn -0.077800 -0.650300 -0.755700
vn -0.078100 -0.650100 -0.755800
vn 0.034400 0.001600 -0.999400
vn 0.034500 0.001600 -0.999400
vn 0.972200 0.084800 -0.218100
vn 0.972200 0.085000 -0.218100
vn 0.983100 0.178400 0.042100
vn 0.983000 0.178700 0.042300
vn 0.950600 0.083200 0.299000
vn 0.950600 0.083200 0.299100
vn 0.905100 -0.140200 0.401300
vn 0.905200 -0.140100 0.401200
vn 0.882000 -0.366500 0.296200
vn 0.882100 -0.366200 0.296200
vn 0.885200 -0.463800 0.036800
vn 0.885000 -0.464200 0.036500
vn 0.903200 -0.366800 -0.223000
vn 0.903200 -0.366800 -0.222700
vn 0.935000 -0.139700 -0.326000
vn 0.935000 -0.139700 -0.325900
vn 0.424200 -0.631400 0.649100
vn 0.423900 -0.631800 0.649000
vn 0.431300 -0.902000 0.016600
vn 0.430900 -0.902300 0.016000
vn 0.469200 -0.631600 -0.617200
vn 0.469800 -0.632000 -0.616300
vn 0.542000 -0.076300 -0.836900
vn 0.541400 -0.076000 -0.837300
vn 0.643200 0.469200 -0.605100
vn 0.643000 0.469600 -0.605000
vn 0.686600 0.726400 0.030500
vn 0.686300 0.726600 0.030900
vn 0.595600 0.464000 0.655700
vn 0.596400 0.464300 0.654800
vn 0.479300 -0.078900 0.874100
vn 0.479600 -0.078800 0.874000
vn -0.717500 -0.455200 -0.527200
vn -0.716900 -0.455500 -0.527800
vn -0.190900 -0.770000 -0.608900
vn -0.191200 -0.770100 -0.608600
vn 0.403600 -0.616700 -0.675900
vn 0.403800 -0.615900 -0.676500
vn 0.711800 -0.103100 -0.694800
vn 0.711900 -0.103200 -0.694600
vn 0.576200 0.475600 -0.664700
vn 0.577000 0.475200 -0.664300
vn 0.059100 0.800600 -0.596300
vn 0.059700 0.800800 -0.596000
vn -0.544800 0.657500 -0.520500
vn -0.862000 0.134200 -0.488900
vn -0.861900 0.134000 -0.489100
vn -0.282400 0.260700 -0.923200
vn -0.282400 0.262100 -0.922800
vn -0.057500 0.314900 -0.947400
vn -0.057200 0.315200 -0.947300
vn 0.138500 0.196500 -0.970700
vn 0.138800 0.196500 -0.970600
vn -0.348000 -0.152800 -0.925000
vn -0.150100 -0.269400 -0.951300
vn -0.150500 -0.269800 -0.951100
vn 0.072400 -0.214700 -0.974000
vn 0.072400 -0.215000 -0.973900
vn 0.191500 -0.022000 -0.981300
vn 0.192000 -0.022200 -0.981200
vn 0.808000 0.582000 -0.091700
vn 0.808100 0.581800 -0.091400
vn 0.157300 0.987500 0.008600
vn -0.593500 0.798000 0.104300
vn -0.593400 0.798100 0.104500
vn -0.979500 0.147700 0.136800
vn -0.979600 0.147600 0.136600
vn -0.402300 0.067300 -0.913000
vn -0.347700 -0.152800 -0.925100
vn -0.402700 0.067500 -0.912800
vn -0.808100 -0.581800 0.091700
vn -0.808100 -0.582000 0.091400
vn -0.157100 -0.987500 -0.009200
vn -0.157300 -0.987500 -0.008600
vn 0.593300 -0.798200 -0.104300
vn 0.593400 -0.798000 -0.104900
vn 0.979600 -0.147700 -0.136600
vn 0.979500 -0.147600 -0.136800
vn 0.347900 0.152900 0.925000
vn 0.347800 0.152600 0.925100
vn 0.150200 0.269700 0.951200
vn 0.150400 0.269200 0.951300
vn -0.072600 0.214800 0.974000
vn -0.072200 0.214700 0.974000
vn -0.191900 0.022000 0.981200
vn -0.191400 0.022100 0.981300
vn -0.138600 -0.196400 0.970700
vn -0.138700 -0.196700 0.970600
vn 0.057300 -0.314900 0.947400
vn 0.057500 -0.315400 0.947200
vn 0.282500 -0.262300 0.922700
vn 0.282200 -0.262200 0.922800
vn 0.402700 -0.067300 0.912900
vn 0.403500 -0.067200 0.912500
vn -0.576500 -0.475800 0.664300
vn -0.576500 -0.475000 0.664900
vn -0.059200 -0.800800 0.596000
vn -0.059600 -0.800400 0.596500
vn 0.544800 -0.657500 0.520500
vn 0.861900 -0.134100 0.489100
vn 0.862000 -0.134100 0.488900
vn 0.717300 0.455100 0.527600
vn 0.717200 0.455800 0.527100
vn 0.190900 0.770100 0.608700
vn 0.191200 0.769900 0.608900
vn -0.404200 0.616300 0.675800
vn -0.712000 0.103400 0.694600
vn -0.712300 0.103300 0.694200
vn -0.542500 -0.479200 0.690000
vn -0.543200 -0.479400 0.689300
vn -0.682400 -0.727600 0.070100
vn -0.682600 -0.727400 0.069900
vn -0.690000 -0.456800 -0.561400
vn -0.690100 -0.456600 -0.561500
vn -0.608000 0.097700 -0.787900
vn -0.607700 0.097500 -0.788100
vn -0.517100 0.651800 -0.554700
vn -0.517200 0.651800 -0.554700
vn -0.427000 0.900200 0.085100
vn -0.427200 0.900100 0.085300
vn -0.370500 0.609400 0.701000
vn -0.370400 0.609500 0.700900
vn -0.409300 0.055700 0.910700
vn -0.409000 0.055800 0.910800
vn -0.851200 0.356000 0.385600
vn -0.851400 0.355600 0.385500
vn -0.877400 0.461000 0.132700
vn -0.877400 0.461100 0.132600
vn -0.919200 0.372600 -0.127400
vn -0.919100 0.372600 -0.127700
vn -0.920300 -0.091600 0.380300
vn -0.975400 -0.180500 0.126400
vn -0.975500 -0.180200 0.126200
vn -0.988100 -0.080300 -0.131000
vn -0.988100 -0.080600 -0.131100
vn -0.960700 0.147400 -0.235300
vn -0.960600 0.147300 -0.235500
vn 0.022700 0.671000 -0.741100
vn 0.022400 0.671200 -0.741000
vn 0.157100 0.987500 0.009100
vn 0.157500 0.987500 0.008800
vn 0.184900 0.634100 0.750800
vn 0.185900 0.634400 0.750300
vn 0.108400 -0.023600 0.993800
vn 0.109700 -0.023400 0.993700
vn -0.865600 0.127900 0.484200
vn -0.920200 -0.091600 0.380500
vn -0.865700 0.127900 0.484000
vn -0.021900 -0.671300 0.740900
vn -0.021500 -0.671200 0.741000
vn -0.157000 -0.987600 -0.008800
vn -0.157600 -0.987500 -0.009100
vn -0.185800 -0.634000 -0.750700
vn -0.184900 -0.634500 -0.750500
vn -0.108500 0.023300 -0.993800
vn -0.109600 0.023800 -0.993700
vn 0.920100 0.091900 -0.380800
vn 0.920200 0.091400 -0.380700
vn 0.975500 0.180400 -0.126300
vn 0.975400 0.180700 -0.126000
vn 0.988100 0.080700 0.131000
vn 0.988100 0.080800 0.131200
vn 0.960600 -0.147500 0.235800
vn 0.960700 -0.147300 0.235300
vn 0.919200 -0.372500 0.127600
vn 0.919000 -0.373000 0.127700
vn 0.877400 -0.461000 -0.132700
vn 0.877300 -0.461100 -0.132800
vn 0.851500 -0.355700 -0.385200
vn 0.851500 -0.355700 -0.385300
vn 0.865700 -0.127800 -0.483900
vn 0.865900 -0.127900 -0.483600
vn 0.517100 -0.651400 0.555200
vn 0.516500 -0.652000 0.555100
vn 0.427200 -0.900100 -0.085000
vn 0.427000 -0.900200 -0.085300
vn 0.371200 -0.609200 -0.700700
vn 0.371300 -0.609300 -0.700600
vn 0.410000 -0.055800 -0.910400
vn 0.410300 -0.056000 -0.910200
vn 0.543200 0.479400 -0.689300
vn 0.682600 0.727400 -0.070200
vn 0.682400 0.727600 -0.069800
vn 0.689600 0.457000 0.561800
vn 0.689500 0.457000 0.561900
vn 0.606900 -0.097600 0.788700
vn 0.607200 -0.097500 0.788500
vn -0.627500 -0.462000 -0.626700
vn -0.627700 -0.461900 -0.626600
vn -0.104600 -0.783500 -0.612600
vn -0.103500 -0.783100 -0.613200
vn 0.499500 -0.638100 -0.585900
vn 0.499200 -0.638800 -0.585400
vn 0.815700 -0.119700 -0.566000
vn 0.815700 -0.119800 -0.565900
vn 0.673500 0.466600 -0.573400
vn 0.673000 0.466800 -0.573800
vn 0.146000 0.786600 -0.600000
vn 0.145800 0.786500 -0.600100
vn -0.455700 0.637700 -0.621100
vn -0.455600 0.637800 -0.621000
vn -0.768400 0.121000 -0.628400
vn -0.768600 0.121200 -0.628100
vn -0.145200 0.240900 -0.959600
vn -0.145100 0.239300 -0.960000
vn 0.078400 0.293000 -0.952900
vn 0.079500 0.294200 -0.952400
vn 0.277800 0.176300 -0.944300
vn 0.277000 0.176300 -0.944600
vn -0.210700 -0.172200 -0.962300
vn -0.013500 -0.290400 -0.956800
vn -0.013400 -0.290300 -0.956800
vn 0.211400 -0.237200 -0.948200
vn 0.211400 -0.237300 -0.948200
vn 0.331800 -0.043900 -0.942300
vn 0.331600 -0.043700 -0.942400
vn 0.813400 0.580500 0.036000
vn 0.813400 0.580700 0.035600
vn 0.157100 0.987500 0.008800
vn 0.157300 0.987500 0.009300
vn -0.598700 0.800600 -0.023900
vn -0.598700 0.800600 -0.023800
vn -0.987800 0.150100 -0.041900
vn -0.987800 0.150200 -0.041500
vn -0.265300 0.047200 -0.963000
vn -0.210500 -0.172200 -0.962300
vn -0.264800 0.046900 -0.963200
vn -0.813400 -0.580600 -0.035600
vn -0.157100 -0.987500 -0.008800
vn 0.598700 -0.800600 0.023800
vn 0.987800 -0.150100 0.041500
vn 0.987800 -0.150200 0.041800
vn 0.210200 0.171400 0.962500
vn 0.210500 0.172100 0.962300
vn 0.013400 0.289200 0.957200
vn 0.013300 0.289500 0.957100
vn -0.211700 0.236700 0.948300
vn -0.210800 0.236300 0.948500
vn -0.331600 0.043800 0.942400
vn -0.331800 0.043800 0.942300
vn -0.277000 -0.175600 0.944700
vn -0.277100 -0.175800 0.944600
vn -0.079400 -0.293400 0.952700
vn -0.079500 -0.293000 0.952800
vn 0.145000 -0.239200 0.960100
vn 0.145400 -0.239400 0.960000
vn 0.264700 -0.046800 0.963200
vn 0.264300 -0.046800 0.963300
vn -0.673300 -0.466400 0.573600
vn -0.673400 -0.465800 0.574100
vn -0.146000 -0.786500 0.600100
vn -0.145800 -0.786600 0.599900
vn 0.456000 -0.637700 0.620800
vn 0.455500 -0.637700 0.621100
vn 0.768100 -0.121000 0.628800
vn 0.768500 -0.120800 0.628400
vn 0.627600 0.462000 0.626700
vn 0.627700 0.460600 0.627600
vn 0.104200 0.783300 0.612900
vn 0.103700 0.783700 0.612400
vn -0.499400 0.638600 0.585500
vn -0.499100 0.638600 0.585700
vn -0.815300 0.119700 0.566500
vn -0.815700 0.119500 0.565900
vn 0.629600 -0.461800 0.624800
vn 0.564300 -0.519700 0.641500
vn 0.179900 -0.944900 -0.273600
vn 0.242900 -0.932800 0.266100
vn 0.746800 -0.648700 -0.146300
vn 0.765900 -0.637900 -0.080600
vn 0.877600 -0.387800 -0.281900
vn 0.788600 -0.307000 -0.532700
vn 0.454000 -0.688200 -0.565900
vn 0.451100 -0.702100 -0.551000
vn 0.723400 -0.683600 -0.097000
vn 0.953500 0.231100 -0.193400
vn 0.909000 -0.253800 -0.330600
vn 0.856800 -0.515600 0.009700
vn 0.821000 -0.326400 -0.468400
vn -0.840600 -0.528500 0.118200
vn 0.806500 -0.376500 0.455900
vn 0.892600 -0.370500 0.257100
vn 0.952900 -0.248900 0.173400
vn 0.943100 -0.255600 0.212500
vn 0.939000 -0.286500 -0.190400
vn 0.914700 -0.404100 -0.009200
vn 0.895400 -0.086600 0.436800
vn 0.885200 -0.093600 0.455800
vn 0.906300 -0.055800 0.418900
vn 0.878700 -0.180700 0.441800
vn 0.935300 -0.218200 0.278500
vn 0.964100 -0.038200 0.262700
vn 0.812800 0.220300 0.539200
vn 0.418300 -0.124700 0.899700
vn 0.222600 0.208100 0.952500
vn 0.553200 -0.207700 0.806700
vn 0.749200 0.434900 0.499600
vn 0.553800 -0.212900 0.805000
vn 0.481200 -0.342300 0.807000
vn 0.354300 -0.782200 0.512500
vn 0.771700 0.388000 0.503800
vn 0.441500 0.544200 0.713400
vn 0.694000 0.708400 0.128400
vn 0.606300 0.788400 0.104200
vn 0.419200 0.846200 -0.328900
vn 0.326900 0.671800 0.664600
vn 0.420500 0.397000 0.815800
vn 0.937600 -0.171700 0.302200
vn 0.734400 -0.330500 0.592800
vn 0.649800 -0.430600 0.626400
vn 0.759600 -0.114000 0.640300
vn 0.543000 -0.327500 0.773200
vn 0.269800 0.565500 0.779300
vn 0.316300 0.529000 0.787400
vn 0.383000 0.556800 0.737100
vn 0.420300 -0.288200 0.860400
vn 0.491900 -0.203000 0.846600
vn -0.113100 0.288400 0.950800
vn 0.488700 0.485600 0.724800
vn -0.108900 0.254000 0.961100
vn 0.650600 -0.354200 0.671700
vn -0.487500 -0.358400 0.796200
vn 0.351000 -0.368900 0.860600
vn 0.316300 -0.588500 0.744100
vn -0.346500 -0.549000 0.760600
vn -0.337500 -0.359300 0.870000
vn 0.058300 -0.525900 0.848600
vn 0.114600 -0.734900 0.668400
vn 0.255300 -0.580300 0.773400
vn -0.005800 -0.979000 0.203800
vn 0.508600 -0.760800 0.403200
vn 0.570400 -0.393400 0.721000
vn 0.718800 -0.245200 0.650500
vn 0.602400 -0.390700 0.696000
vn 0.816600 -0.279300 0.505100
vn 0.300000 0.374400 0.877400
vn 0.804700 0.529300 0.269000
vn 0.802400 0.479600 0.355300
vn 0.776700 -0.251100 0.577700
vn 0.985600 -0.139300 0.096000
vn 0.785100 -0.250000 0.566700
vn 0.782200 -0.601600 0.162000
vn 0.578100 -0.734000 0.356500
vn 0.461700 -0.610400 0.643600
vn 0.796200 -0.376400 0.473800
vn 0.832700 -0.357900 0.422600
vn 0.242900 -0.644100 0.725400
vn 0.118400 -0.344500 0.931300
vn 0.610400 -0.150000 0.777800
vn 0.636900 -0.186500 0.748100
vn 0.859800 -0.347700 0.373900
vn 0.800000 -0.409200 0.438800
vn 0.939400 -0.127700 0.318000
vn 0.207100 -0.799200 0.564300
vn 0.459300 -0.881900 0.106400
vn 0.557500 -0.694300 0.455100
vn 0.660900 -0.488900 0.569500
vn 0.891600 -0.444100 0.087900
vn 0.489600 -0.588600 0.643300
vn 0.470700 -0.584600 0.660800
vn 0.154100 -0.553600 0.818400
vn 0.183300 -0.346400 0.920000
vn 0.475200 -0.348100 0.808100
vn 0.095400 -0.303100 0.948200
vn 0.232700 -0.397200 0.887700
vn 0.230800 0.514400 0.825900
vn 0.246600 0.561400 0.790000
vn 0.702700 0.414800 0.578100
vn 0.955000 -0.153700 0.253700
vn 0.716400 0.379700 0.585300
vn 0.113900 -0.425300 0.897800
vn 0.985100 -0.126300 0.116700
vn 0.245100 -0.306400 0.919800
vn -0.092700 -0.291100 0.952200
vn 0.272200 0.384500 0.882100
vn 0.118900 0.358300 0.926000
vn -0.036500 0.639200 0.768200
vn 0.099600 0.607100 0.788300
vn 0.850000 0.516100 -0.106000
vn 0.964200 0.265000 0.006200
vn 0.961700 0.237400 0.136900
vn 0.947300 0.301800 0.107000
vn -0.731700 0.350300 0.584700
vn 0.677500 -0.703300 0.215200
vn 0.880800 0.154400 0.447500
vn -0.164800 0.260400 0.951300
vn -0.420400 0.720500 0.551500
vn -0.173700 0.919400 0.353000
vn -0.424900 0.898000 0.114400
vn -0.002400 1.000000 0.007300
vn -0.093300 0.874600 0.475700
vn -0.067300 0.831100 0.552100
vn -0.066300 0.862400 0.501800
vn 0.281800 0.908700 0.308100
vn 0.145300 0.960100 0.239000
vn 0.023300 0.998900 -0.041800
vn 0.378600 0.922600 -0.073400
vn 0.398600 0.915200 -0.059800
vn 0.395300 0.918500 -0.003000
vn 0.522100 0.852700 0.016400
vn 0.204600 0.960200 0.190200
vn 0.203700 0.949100 0.240300
vn 0.240400 0.918300 0.314600
vn 0.487600 0.870000 -0.072600
vn -0.223500 0.814100 0.536000
vn -0.480900 0.868100 -0.123100
vn 0.355400 0.872800 -0.334600
vn 0.421400 0.760400 -0.494200
vn -0.538500 0.662100 -0.521200
vn -0.661100 0.710400 -0.241400
vn 0.319700 0.924500 -0.207500
vn 0.319900 0.924900 -0.205600
vn -0.108000 0.994100 0.003600
vn 0.152800 0.922600 -0.354200
vn 0.303600 0.903600 0.302300
vn 0.139700 0.990200 -0.004500
vn -0.033300 0.995200 -0.092500
vn -0.169600 0.924500 -0.341500
vn 0.274300 0.896800 0.347100
vn 0.687500 0.667100 0.286800
vn 0.660000 0.679600 0.320200
vn 0.222200 0.947100 0.231500
vn 0.362300 0.923500 0.126000
vn -0.127900 0.828800 -0.544700
vn -0.456000 0.130200 -0.880400
vn -0.025500 0.453200 -0.891000
vn 0.171300 0.627300 -0.759700
vn 0.163700 0.483500 -0.859900
vn -0.208600 0.051300 -0.976700
vn -0.223100 -0.125200 -0.966700
vn 0.376500 0.608000 -0.699000
vn 0.366300 0.722800 -0.586000
vn 0.397300 0.809500 -0.432200
vn 0.662900 0.629300 -0.405600
vn 0.678600 0.177000 -0.712900
vn 0.523500 -0.074100 -0.848800
vn 0.780300 -0.158900 -0.604800
vn 0.599000 -0.215800 -0.771100
vn 0.775200 -0.129600 -0.618200
vn 0.830600 0.017800 -0.556600
vn 0.909400 0.364300 -0.200800
vn 0.375800 -0.075800 -0.923600
vn 0.016600 0.438400 -0.898600
vn -0.267400 0.279100 -0.922300
vn -0.407000 0.077700 -0.910100
vn -0.244400 0.272300 -0.930700
vn -0.060000 0.811600 -0.581200
vn 0.072200 0.613200 -0.786700
vn -0.284300 0.612900 -0.737200
vn -0.028900 0.441100 -0.897000
vn -0.028900 0.441200 -0.896900
vn -0.179600 0.454400 -0.872500
vn -0.179600 0.454300 -0.872500
vn -0.105500 0.788000 -0.606600
vn -0.121300 0.811600 -0.571500
vn -0.115000 0.821500 -0.558600
vn -0.162400 0.793100 -0.587100
vn -0.184700 0.782500 -0.594700
vn 0.076600 0.994100 0.076600
vn 0.146200 0.981200 0.126100
vn 0.154000 0.982300 0.106400
vn 0.141900 0.988400 0.055000
vn 0.208800 0.974900 0.077800
vn 0.015300 0.753100 -0.657700
vn 0.090200 0.762800 -0.640300
vn 0.090700 0.752800 -0.652000
vn -0.308400 0.805600 0.505800
vn -0.253900 0.932400 0.257100
vn -0.236600 0.932700 0.272300
vn -0.253700 0.928100 0.272400
vn -0.253500 0.934700 0.249200
vn -0.253800 0.934600 0.249300
vn -0.496300 0.783700 -0.373500
vn -0.496500 0.783600 -0.373400
vn -0.271100 0.937900 0.216200
vn -0.367200 -0.409700 -0.835000
vn -0.335400 0.002400 -0.942100
vn -0.395400 -0.051500 -0.917000
vn -0.008200 0.072100 -0.997400
vn -0.233400 0.111500 -0.966000
vn -0.205800 0.877100 -0.434000
vn -0.722600 0.550400 -0.418300
vn -0.793700 0.430700 -0.429500
vn -0.764400 0.532500 -0.363500
vn -0.722900 0.251800 -0.643400
vn -0.644100 0.549900 -0.531700
vn -0.763200 0.330800 -0.555000
vn -0.678900 0.569900 -0.463000
vn -0.748300 0.350400 -0.563200
vn -0.656300 0.331400 -0.677900
vn -0.736600 0.256900 -0.625700
vn -0.986800 -0.124200 -0.103500
vn -0.976700 -0.161500 0.141200
vn -0.914100 -0.303700 0.268700
vn -0.842600 -0.505200 0.186700
vn -0.920600 -0.344600 -0.183600
vn -0.899700 -0.271800 -0.341500
vn -0.865000 -0.501200 -0.026600
vn -0.684400 0.665200 -0.298400
vn -0.684300 0.665300 -0.298400
vn -0.682400 0.666800 -0.299500
vn -0.682300 0.666800 -0.299600
vn -0.445400 0.823000 0.352600
vn -0.107400 0.903600 0.414600
vn -0.271800 0.945400 0.179900
vn -0.477600 0.826300 0.298600
vn -0.303600 0.945100 0.120600
vn -0.156900 0.798700 0.580900
vn -0.680700 0.674600 -0.285700
vn -0.906500 -0.279900 0.316200
vn -0.161600 0.793400 0.586900
vn -0.059900 0.806800 0.587800
vn -0.557600 0.718600 0.415600
vn -0.381500 0.610800 0.693900
vn -0.574400 0.723000 -0.383900
vn -0.629100 0.431800 -0.646300
vn -0.785800 0.330800 -0.522700
vn -0.656600 0.362100 -0.661600
vn -0.681000 0.396000 -0.616000
vn -0.114400 0.465600 -0.877600
vn -0.664800 0.128100 -0.736000
vn -0.462000 0.053600 -0.885300
vn -0.373700 0.218700 -0.901400
vn -0.143500 0.126600 -0.981500
vn -0.243800 0.199200 -0.949100
vn -0.196600 0.084300 -0.976800
vn -0.134100 0.196600 -0.971300
vn -0.134300 0.196100 -0.971300
vn -0.488400 0.163700 -0.857200
vn -0.462400 0.104100 -0.880500
vn -0.327800 0.314600 -0.890800
vn -0.681500 -0.177800 -0.709900
vn 0.299400 0.327900 0.896000
vn 0.237600 0.289800 0.927100
vn 0.095000 0.424100 0.900600
vn 0.241900 0.224500 0.944000
vn 0.504800 0.186400 0.842900
vn 0.471100 0.749100 0.465800
vn 0.456400 0.743200 0.489200
vn 0.402400 0.913100 0.065600
vn 0.061300 0.930200 0.361900
vn -0.070600 -0.353400 0.932800
vn -0.064900 -0.350700 0.934200
vn -0.057500 -0.228700 0.971800
vn -0.131800 -0.437700 0.889400
vn 0.145600 -0.530500 0.835100
vn 0.191600 -0.256300 0.947400
vn 0.200800 -0.549400 0.811000
vn 0.097300 -0.939900 0.327200
vn 0.166500 -0.985200 -0.041300
vn 0.538400 0.730100 0.420800
vn 0.170800 -0.573700 0.801000
vn -0.128500 0.942600 -0.308300
vn 0.670700 0.741400 -0.022800
vn -0.141800 0.889600 0.434200
vn -0.317300 0.774700 0.547000
vn -0.622700 -0.404100 0.670000
vn -0.259800 0.689800 0.675700
vn -0.403800 0.742600 0.534400
vn -0.412200 0.730600 0.544300
vn -0.272800 0.615100 0.739700
vn -0.375000 0.657000 0.654000
vn -0.422200 0.651900 0.629900
vn -0.092400 0.828100 0.552900
vn -0.232600 0.944700 0.231300
vn -0.228500 0.944900 0.234400
vn -0.536900 0.738400 0.408000
vn -0.265900 0.635100 0.725200
vn -0.266600 0.923700 0.275000
vn -0.265600 0.935400 0.233400
vn -0.506900 0.757800 -0.410800
vn -0.546700 0.752400 -0.367400
vn -0.555300 0.762000 -0.333300
vn -0.095500 0.819300 -0.565300
vn -0.178100 0.466300 -0.866500
vn -0.628500 0.411800 -0.659800
vn -0.170800 0.461600 -0.870500
vn -0.166000 0.477200 -0.863000
vn -0.118900 0.449900 -0.885100
vn -0.134400 0.197100 -0.971100
vn -0.023400 0.439000 -0.898200
vn -0.285200 0.611300 -0.738300
vn -0.331300 0.183900 -0.925400
vn -0.328700 0.189700 -0.925200
vn -0.299800 0.334500 -0.893400
vn -0.081500 0.296100 -0.951700
vn -0.157000 -0.202000 -0.966700
vn -0.656700 0.366000 -0.659400
vn -0.805000 -0.580600 -0.121800
vn -0.735300 -0.656000 -0.170300
vn -0.774500 -0.631300 0.041000
vn 0.860400 0.465300 0.207800
vn 0.858400 0.474700 0.194400
vn 0.630800 0.662700 0.403700
vn 0.587500 0.767400 0.256600
vn 0.710300 0.703600 -0.020400
vn 0.735800 0.667600 0.113600
vn -0.469800 -0.797100 0.379500
vn -0.673000 -0.739200 -0.028100
vn 0.827300 0.560900 -0.030100
vn 0.816300 0.571300 -0.085500
vn -0.198800 -0.264000 -0.943800
vn -0.893900 -0.346600 0.284200
vn 0.067700 -0.300600 -0.951300
vn 0.069500 -0.065600 -0.995400
vn 0.751900 -0.330300 -0.570600
vn 0.802500 -0.220300 -0.554500
vn 0.118400 -0.298700 -0.947000
vn 0.232900 -0.224500 -0.946200
vn 0.598400 -0.239300 -0.764600
vn -0.918000 -0.383700 0.100200
vn -0.997700 -0.062900 0.026200
vn 0.904400 0.307600 0.295600
vn 0.814400 0.353800 0.460000
vn 0.815900 0.300100 0.494200
vn 0.898000 0.346100 0.271500
vn 0.952800 0.288700 0.094000
vn 0.618200 0.473100 0.627700
vn 0.878900 0.469700 0.082800
vn 0.879100 0.469200 0.084000
vn 0.413000 0.305100 -0.858100
vn 0.455700 0.292600 -0.840700
vn 0.271700 0.512000 0.814900
vn -0.107200 0.336400 0.935600
vn -0.068000 0.188600 -0.979700
vn -0.454600 0.235400 -0.859000
vn -0.766300 0.084600 -0.636900
vn 0.962500 0.263300 0.065300
vn 0.434800 0.371900 -0.820100
vn -0.458300 0.305900 -0.834500
vn 0.415500 0.052200 0.908100
vn -0.502500 -0.004700 0.864600
vn -0.990600 0.134300 -0.024200
vn -0.999100 0.020400 -0.036700
vn -0.994500 0.050400 -0.091800
vn -0.595400 0.205300 0.776700
vn -0.509800 0.171200 0.843100
vn -0.715900 0.217400 0.663500
vn -0.731800 0.333800 0.594200
vn -0.756400 0.340200 0.558700
vn 0.085700 0.734000 0.673800
vn 0.177400 0.426600 0.886900
vn 0.062400 0.740000 0.669700
vn -0.943600 -0.057400 -0.326100
vn -0.942600 -0.044100 -0.330900
vn -0.912500 -0.136300 -0.385700
vn 0.894000 0.414500 0.170100
vn 0.765900 0.642000 0.035300
vn 0.599500 0.128700 -0.789900
vn -0.240700 -0.076400 -0.967600
vn -0.203400 -0.306700 -0.929800
vn -0.220300 -0.300100 -0.928100
vn 0.779100 0.626500 0.023500
vn 0.416900 -0.058100 -0.907100
vn 0.563200 0.200000 -0.801700
vn 0.876900 0.466400 0.116600
vn 0.414800 0.403600 -0.815500
vn 0.317700 0.195800 0.927800
vn -0.562200 -0.057100 0.825000
vn -0.989100 -0.080200 -0.123300
vn 0.134100 0.561600 0.816500
vn 0.713200 0.693700 0.100600
vn 0.094300 0.491000 0.866100
vn -0.617700 0.185600 0.764200
vn 0.447400 0.342400 -0.826200
vn 0.757100 0.652100 0.039900
vn 0.434200 0.310900 -0.845400
vn -0.364700 -0.070900 -0.928400
vn -0.430600 0.148300 -0.890300
vn -0.251800 0.048400 -0.966600
vn -0.980800 -0.151000 -0.123600
vn -0.983200 -0.144000 -0.111800
vn -0.494600 0.333100 0.802700
vn -0.866400 0.037700 0.498000
vn 0.363600 0.771700 -0.521700
vn 0.768100 0.583100 0.264700
vn 0.625800 0.289800 0.724200
vn -0.281700 -0.175900 0.943200
vn 0.166800 0.753900 -0.635500
vn -0.990300 0.133500 0.037300
vn -0.663300 0.529000 -0.529300
vn -0.128900 0.772100 0.622300
vn -0.098000 0.970700 0.219500
vn -0.170800 0.969500 0.176000
vn -0.284900 0.830900 -0.477900
vn -0.491000 0.857900 -0.151200
vn -0.359600 0.605000 -0.710400
vn -0.635200 0.332000 -0.697400
vn 0.075700 0.690700 0.719100
vn 0.005700 -0.005000 1.000000
vn 0.166300 0.189300 0.967700
vn -0.000200 -0.424900 0.905300
vn -0.083100 -0.116500 0.989700
vn -0.087600 -0.137000 0.986700
vn -0.185500 -0.126400 0.974500
vn -0.163800 -0.081700 0.983100
vn -0.331500 -0.319400 0.887700
vn -0.059100 -0.451000 0.890600
vn -0.584500 -0.645100 0.492100
vn -0.400000 -0.788000 0.468100
vn -0.499000 -0.815800 0.292400
vn -0.247800 -0.468600 0.847900
vn -0.139100 -0.528100 0.837700
vn -0.285300 -0.474500 0.832700
vn -0.180500 -0.478600 0.859300
vn 0.055300 -0.311400 0.948700
vn -0.778900 -0.561500 0.279300
vn 0.059100 -0.200100 0.978000
vn -0.759500 -0.612400 0.219200
vn -0.724100 -0.628500 0.284000
vn -0.370700 -0.430800 0.822800
vn -0.351100 -0.694800 0.627700
vn -0.629800 -0.598000 0.495800
vn -0.720400 -0.343000 0.602800
vn -0.428300 -0.641300 0.636600
vn -0.563300 -0.596200 0.572100
vn -0.512400 -0.556200 0.654300
vn -0.708600 -0.620600 0.335700
vn 0.384600 0.915500 -0.117900
vn 0.940200 0.106200 -0.323800
vn 0.943000 0.040300 -0.330300
vn 0.854000 0.142200 -0.500400
vn 0.854800 0.293400 -0.428000
vn -0.425000 0.421600 -0.801000
vn -0.425400 0.423600 -0.799700
vn -0.885200 0.144100 -0.442300
vn -0.844600 0.058500 -0.532100
vn 0.967800 0.056600 -0.245200
vn 0.966400 0.069500 -0.247400
vn 0.867300 -0.042500 -0.496000
vn 0.854900 -0.009300 -0.518700
vn -0.933000 -0.359800 -0.000500
vn -0.892600 -0.435600 -0.116300
vn 0.938800 0.088400 -0.332800
vn -0.900500 -0.221700 -0.374200
vn -0.854300 -0.296400 -0.427000
vn -0.780400 -0.610800 0.133600
vn -0.805900 -0.572200 0.151700
vn -0.731300 -0.525200 0.435200
vn -0.779100 -0.472600 0.411800
vn -0.673800 -0.162500 0.720800
vn -0.005400 0.882900 -0.469400
vn -0.044700 0.826200 -0.561700
vn -0.001100 0.855900 -0.517100
vn -0.542000 0.552400 -0.633300
vn -0.586300 0.589200 -0.556000
vn -0.484800 0.672500 -0.559200
vn -0.509700 0.665500 -0.545200
vn -0.515100 0.562000 -0.647200
vn -0.846100 -0.068200 0.528700
vn -0.863700 -0.089800 0.495900
vn -0.044500 0.913100 -0.405200
vn -0.911200 0.167600 0.376300
vn -0.941800 0.157900 0.296900
vn -0.942400 0.155100 0.296400
vn -0.774500 0.002400 0.632600
vn -0.803700 -0.048200 0.593100
vn -0.680700 -0.243700 0.690900
vn -0.912900 -0.353500 0.204200
vn -0.763600 0.473800 -0.438700
vn -0.935200 -0.293500 0.198400
vn -0.092600 -0.051000 0.994400
vn -0.923400 -0.307200 -0.229900
vn -0.969100 0.082600 -0.232300
vn -0.744000 0.256700 -0.616900
vn -0.472800 0.382100 -0.794000
vn -0.526000 0.385400 -0.758100
vn -0.233300 -0.335000 0.912900
vn -0.173800 -0.321300 0.930900
vn -0.191400 -0.227600 0.954800
vn -0.125100 -0.279100 0.952100
vn -0.056200 -0.303900 0.951000
vn -0.017700 -0.325300 0.945500
vn -0.059400 -0.102100 0.993000
vn 0.053000 -0.124100 0.990800
vn -0.048900 -0.107800 0.993000
vn 0.063900 -0.127700 0.989700
vn 0.112100 0.023700 0.993400
vn -0.004100 0.017600 0.999800
vn -0.003800 0.017500 0.999800
vn 0.115500 0.023300 0.993000
vn 0.118700 0.046300 0.991900
vn 0.129400 0.046700 0.990500
vn 0.003200 0.022200 0.999700
vn -0.003200 0.023000 0.999700
vn -0.528000 0.300200 -0.794400
vn -0.510400 0.216000 -0.832400
vn -0.827300 0.035300 -0.560700
vn -0.846100 0.094000 -0.524700
vn -0.484700 0.212800 -0.848400
vn -0.798500 0.151500 -0.582600
vn -0.512200 0.300700 -0.804500
vn -0.807100 0.185700 -0.560500
vn -0.829700 0.031400 -0.557300
vn 0.852800 0.516600 -0.076200
vn -0.736300 -0.438200 0.515600
vn -0.889400 -0.135400 0.436700
vn 0.999700 0.014200 0.020500
vn 0.999500 0.028600 0.010600
vn 0.781900 0.599000 0.172700
vn -0.032200 -0.766500 0.641400
vn -0.067700 -0.753300 0.654200
vn 0.895200 0.131200 0.426000
vn 0.893300 0.133900 0.429100
vn 0.932800 0.299200 0.200900
vn 0.885800 0.373500 0.275600
vn 0.833200 0.221500 0.506700
vn 0.917700 0.050700 0.394100
vn 0.963000 0.249600 0.102200
vn 0.986600 0.152600 0.057700
vn 0.983300 0.127600 0.129600
vn 0.962000 0.208400 0.176200
vn 0.948400 0.267200 -0.170800
vn 0.946400 0.276300 -0.167400
vn 0.967800 0.251100 -0.018200
vn 0.913700 0.406400 -0.003500
vn 0.913300 0.407100 0.011700
vn 0.931000 0.364100 0.027000
vn 0.907500 0.400900 0.125600
vn 0.925400 0.329200 0.187500
vn 0.888700 0.381100 0.254800
vn 0.883800 0.431000 0.181900
vn -0.979700 -0.122000 -0.159000
vn -0.996000 -0.062700 -0.064400
vn -0.873100 -0.463600 0.150600
vn 0.374500 -0.579000 0.724200
vn 0.286600 -0.384300 0.877600
vn -0.886400 -0.428200 0.175900
vn 0.759000 0.651000 0.004100
vn 0.492300 0.839900 0.228500
vn 0.838300 0.402300 0.367900
vn 0.979500 0.172200 -0.104700
vn 0.961900 0.217000 -0.166600
vn 0.891700 0.452400 0.011300
vn 0.914000 0.375900 0.152600
vn 0.975200 0.197700 0.099600
vn 0.963600 0.254300 -0.082200
vn 0.676900 0.716200 -0.169800
vn 0.677100 0.724400 -0.129800
vn 0.684000 0.701300 -0.200900
vn 0.993300 -0.014100 0.115000
vn 0.081400 0.178800 0.980500
vn -0.156900 0.960800 0.228800
vn -0.649300 0.496700 -0.575900
vn -0.591600 0.458700 -0.663000
vn -0.589900 0.480600 -0.648900
vn -0.571200 0.499400 -0.651400
vn -0.572300 0.488400 -0.658800
vn -0.564900 0.497900 -0.658000
vn -0.295400 0.094000 0.950800
vn -0.280800 0.052100 0.958300
vn -0.675400 0.087300 0.732300
vn -0.621700 -0.031500 0.782600
vn -0.887600 0.022900 0.460100
vn -0.829200 -0.101900 0.549500
vn -0.994600 -0.091400 -0.048500
vn -0.978100 -0.139000 -0.154700
vn -0.579900 -0.035600 -0.813900
vn -0.719500 0.056900 -0.692100
vn -0.474800 0.087100 -0.875800
vn -0.463800 0.026700 -0.885500
vn -0.456700 0.033000 -0.889000
vn -0.346000 0.061100 -0.936200
vn -0.511000 -0.116500 -0.851700
vn -0.539400 -0.182000 -0.822100
vn -0.533500 0.112500 -0.838300
vn -0.789500 -0.538700 0.294100
vn -0.706700 -0.582900 0.401000
vn -0.712700 -0.574100 0.403200
vn -0.372900 -0.729400 0.573500
vn -0.411300 -0.761300 0.501300
vn -0.686100 -0.669500 0.284600
vn -0.837100 -0.540500 -0.084000
vn -0.783900 -0.569000 -0.248400
vn -0.635300 -0.167000 -0.754000
vn -0.190800 0.123000 -0.973900
vn -0.151200 0.140200 -0.978500
vn -0.237800 0.081500 -0.967900
vn -0.149200 0.058800 -0.987100
vn -0.446400 0.000900 -0.894900
vn 0.091200 -0.149100 -0.984600
vn -0.029300 0.133700 -0.990600
vn 0.026900 0.095200 -0.995100
vn 0.668700 -0.001100 -0.743500
vn 0.527900 0.110100 -0.842100
vn 0.908100 0.015300 -0.418600
vn 0.978600 0.081700 -0.188900
vn 0.999800 0.019300 0.007700
vn 0.993100 0.099900 -0.060800
vn 0.897300 -0.017400 0.441000
vn 0.897500 -0.016900 0.440800
vn 0.495100 -0.094400 0.863700
vn 0.523500 -0.018600 0.851800
vn 0.201500 -0.041300 0.978600
vn 0.155600 0.059100 0.986100
vn 0.081000 -0.836000 0.542800
vn 0.272300 -0.623100 0.733200
vn 0.841200 -0.506300 0.189700
vn 0.476500 -0.590500 0.651400
vn 0.521200 -0.667800 0.531400
vn 0.889600 -0.417200 0.186100
vn 0.955800 -0.211300 -0.204400
vn 0.952400 -0.229700 -0.200600
vn 0.928900 -0.197300 -0.313300
vn 0.913500 -0.292400 -0.282700
vn 0.681100 -0.163600 -0.713700
vn 0.879700 -0.461200 0.116200
vn 0.849400 -0.518400 0.099000
vn 0.372700 -0.507400 0.777000
vn 0.465400 -0.288500 0.836700
vn 0.861900 -0.399100 -0.312900
vn 0.858400 -0.407200 -0.312100
vn 0.461300 -0.286400 0.839800
vn 0.231900 -0.312800 0.921100
vn 0.882700 -0.464200 -0.072800
vn 0.745300 -0.534700 -0.398200
vn 0.736400 -0.457000 -0.498900
vn 0.498700 -0.432700 -0.751000
vn 0.485100 -0.405400 -0.774900
vn 0.480700 -0.380900 -0.789800
vn 0.187500 -0.278100 -0.942100
vn 0.173800 -0.279400 -0.944300
vn -0.791700 -0.392200 -0.468400
vn -0.682700 -0.181700 -0.707800
vn -0.638800 -0.154900 -0.753600
vn -0.648200 -0.209800 -0.732000
vn -0.723100 -0.666400 -0.181800
vn -0.727200 -0.673200 -0.134300
vn -0.560300 -0.811200 0.167700
vn -0.603100 -0.784100 0.146200
vn -0.453600 -0.788200 0.415900
vn -0.619500 -0.725700 0.299300
vn -0.693800 -0.632700 0.344000
vn -0.387600 -0.691400 0.609700
vn -0.413700 -0.629200 0.658000
vn 0.642700 0.748100 0.165400
vn -0.627400 0.677000 0.384800
vn -0.742500 -0.375300 -0.554900
vn 0.406300 -0.295100 -0.864800
vn 0.241000 0.948100 0.207300
vn 0.265000 0.925200 0.271500
vn 0.733600 0.677700 -0.050400
vn 0.798200 0.540900 0.265000
vn 0.883100 0.102300 0.457900
vn 0.934800 0.330500 0.130000
vn 0.138900 0.464300 0.874700
vn 0.112500 0.516300 0.849000
vn -0.080000 -0.362700 0.928500
vn -0.438300 0.600200 0.669000
vn -0.437400 0.721700 0.536600
vn 0.416500 0.778500 -0.469600
vn 0.069600 -0.133100 -0.988700
vn -0.028500 -0.021300 -0.999400
vn 0.071000 -0.151600 -0.985900
vn -0.072900 -0.349900 0.933900
vn -0.460800 0.175600 -0.870000
vn -0.485500 0.201700 -0.850700
vn -0.721800 0.158700 -0.673700
vn -0.730800 0.179500 -0.658500
vn -0.981100 0.152400 -0.119000
vn -0.950600 0.242500 -0.193700
vn -0.831700 0.270800 0.484600
vn -0.825000 0.244400 0.509500
vn 0.020700 0.998900 0.042000
vn -0.086400 0.995100 -0.048200
vn -0.077800 -0.955600 -0.284300
vn -0.064400 -0.970900 -0.230700
vn 0.079400 0.992200 0.096000
vn 0.083700 0.992300 0.091300
vn 0.060300 0.997900 0.021700
vn 0.107300 0.985400 0.132400
vn 0.107000 0.985300 0.133000
vn -0.615200 0.232800 0.753200
vn -0.260500 -0.965500 -0.001700
vn -0.289200 -0.952500 -0.095500
vn -0.265800 -0.964000 -0.000600
vn -0.210400 -0.972400 -0.101400
vn 0.105200 0.985600 0.132200
vn 0.112000 0.993700 -0.000400
vn -0.267800 0.103900 0.957800
vn -0.560900 0.132200 0.817300
vn -0.253600 -0.967100 0.020300
vn -0.194700 -0.012700 0.980800
vn 0.078900 0.996900 0.005500
vn 0.087300 0.995900 0.023000
vn 0.235400 -0.051400 0.970500
vn 0.202100 -0.002900 0.979400
vn -0.113500 -0.993200 -0.027600
vn -0.114000 -0.993400 -0.012100
vn -0.180800 -0.968200 -0.172900
vn -0.148600 -0.976500 -0.155900
vn -0.119900 -0.992400 -0.027900
vn -0.163200 -0.984500 0.063700
vn -0.242500 -0.970100 0.011800
vn 0.523400 0.004500 0.852100
vn 0.493700 -0.046600 0.868400
vn -0.085600 0.990600 0.106900
vn 0.838300 0.011100 0.545100
vn 0.872500 0.139600 0.468200
vn 0.193900 -0.974900 -0.109500
vn 0.104500 -0.985100 -0.136500
vn 0.100300 -0.986300 -0.131200
vn 0.110900 -0.986400 -0.121200
vn -0.117700 0.986800 0.111200
vn -0.091500 0.991900 0.088400
vn -0.025500 0.980400 0.195200
vn -0.026100 0.980000 0.197300
vn -0.026600 0.980000 0.197100
vn -0.032100 0.988200 0.149900
vn -0.038100 0.987900 0.150200
vn -0.068400 0.994100 0.084100
vn -0.033600 0.997900 0.055000
vn 0.883200 0.315200 -0.347200
vn 0.899800 0.289600 -0.326300
vn 0.977900 0.179000 0.107700
vn 0.958400 0.284800 0.015900
vn 0.214800 -0.948800 -0.231700
vn 0.219100 -0.946900 -0.235300
vn 0.225100 -0.951100 -0.211600
vn 0.212200 -0.954800 -0.208400
vn 0.473400 0.259000 -0.841900
vn 0.543100 0.177300 -0.820700
vn 0.171500 -0.932800 -0.317000
vn 0.050300 0.187000 -0.981100
vn -0.007600 0.997900 0.064700
vn 0.115800 -0.959000 -0.258600
vn 0.048800 -0.957900 -0.283000
vn 0.036000 0.167000 -0.985300
vn -0.265000 0.177300 -0.947800
vn -0.236000 0.203500 -0.950200
vn 0.038700 -0.968400 -0.246200
vn -0.068000 -0.971000 -0.229100
vn -0.094900 -0.956400 -0.276100
vn -0.006800 0.998000 0.062200
vn -0.028200 0.997400 0.065600
vn -0.015000 0.996400 -0.082900
vn 0.003900 0.998400 0.057100
vn 0.006100 0.998300 0.058200
vn 0.017400 0.999400 0.030300
vn 0.774500 0.632100 -0.025200
vn 0.776600 0.629600 -0.021000
vn 0.576000 0.595900 -0.559500
vn 0.602500 0.571000 -0.557600
vn -0.621100 0.783300 0.024600
vn -0.601500 0.797900 0.040100
vn -0.326300 0.774100 0.542500
vn -0.344200 0.763800 0.546000
vn -0.957900 -0.282400 0.052300
vn -0.962900 -0.262300 0.063900
vn -0.647800 -0.141000 0.748700
vn -0.650000 -0.147300 0.745500
vn -0.162600 -0.986700 0.002100
vn -0.162400 -0.986700 0.001900
vn -0.162500 -0.986700 0.001900
vn -0.162600 -0.986700 0.002200
vn 0.935500 -0.347300 -0.064600
vn 0.926500 -0.375300 -0.028100
vn 0.557900 -0.436300 -0.706000
vn 0.562700 -0.446700 -0.695500
vn -0.029600 0.654400 -0.755500
vn -0.001300 0.671800 -0.740800
vn 0.218900 0.657200 0.721200
vn 0.210200 0.672200 0.709800
vn 0.094100 -0.247800 0.964200
vn 0.686000 0.559900 0.464700
vn -0.406100 0.808900 -0.425200
vn -0.411000 0.807500 -0.423200
vn 0.667800 0.579700 0.466900
vn 0.626000 -0.518000 0.582900
vn 0.095300 -0.253500 0.962600
vn -0.162700 -0.986700 0.001900
vn 0.628800 -0.499500 0.595900
vn -0.162800 -0.986700 0.002200
vn -0.208100 -0.301900 -0.930400
vn -0.162700 -0.986700 0.002000
vn -0.771900 -0.071900 -0.631600
vn -0.219900 -0.309400 -0.925200
vn -0.792800 -0.097600 -0.601600
vn 0.523300 0.629400 0.574400
vn 0.521800 0.626700 0.578700
vn 0.779700 0.622300 0.070000
vn 0.796900 0.596700 0.094400
vn -0.436500 0.749800 -0.497200
vn -0.434400 0.766800 -0.472500
vn -0.602900 0.793100 0.086400
vn -0.617800 0.782800 0.074500
vn -0.654200 -0.289500 -0.698700
vn -0.665000 -0.270900 -0.696000
vn -0.987500 -0.157100 -0.010400
vn -0.986400 -0.163800 -0.014400
vn -0.103900 -0.989300 -0.102500
vn -0.103600 -0.989300 -0.102400
vn -0.104100 -0.989300 -0.102400
vn -0.103900 -0.989300 -0.102400
vn 0.652400 -0.311100 0.691100
vn 0.622500 -0.336500 0.706600
vn 0.892100 -0.451400 -0.018600
vn 0.886900 -0.461900 -0.006100
vn 0.482600 0.661900 -0.573600
vn 0.493300 0.682100 -0.539900
vn -0.333400 0.675800 0.657400
vn -0.332100 0.690700 0.642400
vn -0.589200 -0.244500 0.770100
vn 0.151200 0.553800 0.818800
vn -0.004900 0.777600 -0.628700
vn -0.008700 0.776100 -0.630600
vn 0.138100 0.573600 0.807400
vn 0.046800 -0.475400 0.878500
vn -0.586500 -0.251700 0.769900
vn 0.040300 -0.457000 0.888500
vn -0.104000 -0.989300 -0.102600
vn -0.103800 -0.989300 -0.102500
vn 0.482700 -0.322300 -0.814300
vn -0.103900 -0.989300 -0.102700
vn -0.104200 -0.090300 -0.990500
vn 0.469900 -0.329800 -0.818800
vn -0.135300 -0.114100 -0.984200
vn -0.072800 0.658900 0.748700
vn -0.077300 0.656600 0.750300
vn 0.422700 0.601200 0.678100
vn 0.412000 0.576900 0.705300
vn 0.160800 0.687700 -0.707900
vn 0.145700 0.705600 -0.693500
vn -0.345500 0.773000 -0.532100
vn -0.345400 0.760200 -0.550300
vn 0.109500 -0.331000 -0.937200
vn 0.102800 -0.312800 -0.944200
vn -0.534000 -0.150900 -0.831900
vn -0.531300 -0.156800 -0.832600
vn -0.054800 -0.994200 -0.092100
vn -0.054800 -0.994200 -0.092000
vn -0.054700 -0.994300 -0.092100
vn -0.054900 -0.994200 -0.092100
vn -0.144200 -0.241500 0.959600
vn -0.174400 -0.266200 0.948000
vn 0.466300 -0.421200 0.777900
vn 0.454600 -0.429500 0.780300
vn 0.768100 0.636500 0.070000
vn 0.747600 0.656900 0.097900
vn -0.654800 0.755000 0.034800
vn -0.640100 0.767800 0.026000
vn -0.976700 -0.198300 -0.082000
vn -0.490600 0.637500 0.594000
vn 0.523100 0.740700 -0.421700
vn 0.521800 0.738500 -0.427000
vn -0.488500 0.657500 0.573600
vn -0.678100 -0.423100 0.601000
vn -0.975400 -0.205800 -0.079100
vn -0.054700 -0.994300 -0.092000
vn -0.689900 -0.403800 0.600800
vn -0.054700 -0.994200 -0.092100
vn -0.054600 -0.994300 -0.091800
vn 0.912500 -0.409000 -0.009800
vn 0.696300 -0.175800 -0.695900
vn 0.908200 -0.417800 -0.024500
vn 0.667600 -0.199800 -0.717200
vn -0.547900 0.578300 0.604500
vn -0.546200 0.575400 0.608800
vn -0.808100 0.579700 0.104300
vn -0.823800 0.552400 0.127500
vn 0.396900 0.791800 -0.464300
vn 0.394200 0.807400 -0.439100
vn 0.562800 0.817600 0.121700
vn 0.578300 0.808500 0.109300
vn 0.661400 -0.230800 -0.713700
vn 0.671600 -0.211400 -0.710100
vn 0.993800 -0.108800 -0.023400
vn 0.992900 -0.115400 -0.027800
vn 0.152500 -0.976700 -0.150800
vn 0.152800 -0.976700 -0.150900
vn 0.152600 -0.976700 -0.150900
vn 0.152400 -0.976700 -0.151000
vn -0.633900 -0.368100 0.680200
vn -0.601600 -0.393700 0.695100
vn -0.869200 -0.493200 -0.035700
vn -0.863400 -0.503900 -0.023800
vn -0.520900 0.661600 -0.539400
vn -0.532000 0.679400 -0.505400
vn 0.301600 0.662900 0.685300
vn 0.299400 0.678400 0.670900
vn 0.606900 -0.245700 0.755900
vn -0.172800 0.512300 0.841200
vn -0.038600 0.804100 -0.593300
vn -0.034000 0.802600 -0.595600
vn -0.161100 0.532600 0.830900
vn -0.017600 -0.511900 0.858900
vn 0.604900 -0.251900 0.755400
vn 0.152700 -0.976700 -0.151000
vn -0.011800 -0.493500 0.869700
vn 0.152600 -0.976700 -0.151000
vn -0.469900 -0.314300 -0.824800
vn 0.152700 -0.976700 -0.150900
vn 0.102500 -0.047800 -0.993600
vn -0.457300 -0.320700 -0.829500
vn 0.135600 -0.070900 -0.988200
vn -0.002300 0.596900 0.802300
vn 0.002000 0.594200 0.804300
vn -0.486500 0.566000 0.665600
vn -0.479700 0.539600 0.691900
vn -0.062200 0.744300 -0.664900
vn -0.048400 0.761100 -0.646800
vn 0.426400 0.806000 -0.410600
vn 0.428300 0.794900 -0.429800
vn -0.005100 -0.261200 -0.965300
vn 0.002800 -0.242700 -0.970100
vn 0.630700 -0.111100 -0.768000
vn 0.627700 -0.117300 -0.769600
vn 0.044100 -0.983700 -0.174200
vn 0.044300 -0.983700 -0.174100
vn 0.044400 -0.983700 -0.174100
vn 0.025200 -0.311300 0.950000
vn 0.056300 -0.336100 0.940100
vn -0.572400 -0.466100 0.674600
vn -0.560700 -0.475300 0.678000
vn -0.756900 0.653300 0.018000
vn -0.739600 0.671100 0.050300
vn 0.657600 0.727300 0.196400
vn 0.644700 0.741200 0.187000
vn 0.974300 -0.221600 0.040300
vn 0.422600 0.570600 0.704200
vn -0.454000 0.783700 -0.423900
vn -0.452200 0.781900 -0.429200
vn 0.423400 0.591600 0.686100
vn 0.589900 -0.480400 0.649100
vn 0.972600 -0.228800 0.042200
vn 0.601700 -0.461300 0.652100
vn 0.044200 -0.983700 -0.174200
vn 0.044200 -0.983800 -0.174000
vn -0.908700 -0.378000 -0.177100
vn 0.044300 -0.983700 -0.174200
vn -0.602800 -0.105500 -0.790900
vn -0.902600 -0.385500 -0.191500
vn -0.572400 -0.128600 -0.809800
vn 0.534700 0.696300 0.478700
vn 0.538300 0.694900 0.476800
vn 0.132700 0.583200 0.801500
vn 0.159600 0.560600 0.812600
vn -0.628800 0.695000 -0.348700
vn -0.607500 0.713000 -0.350100
vn -0.147800 0.769700 -0.621100
vn -0.159200 0.757200 -0.633500
vn -0.719600 -0.371100 -0.587000
vn -0.720600 -0.350600 -0.598100
vn -0.175400 -0.137900 -0.974800
vn -0.177800 -0.145000 -0.973300
vn 0.018100 -0.991700 -0.127200
vn 0.018100 -0.991700 -0.127100
vn 0.018200 -0.991700 -0.127100
vn 0.018300 -0.991700 -0.127300
vn 0.791200 -0.235100 0.564500
vn 0.806700 -0.260100 0.530700
vn 0.210500 -0.418600 0.883400
vn 0.221300 -0.427600 0.876400
vn -0.480300 0.580600 0.657400
vn -0.450100 0.601500 0.660000
vn 0.426100 0.764300 -0.484100
vn 0.410500 0.776400 -0.478300
vn 0.578100 -0.150200 -0.802100
vn 0.723500 0.690100 0.017200
vn -0.673600 0.722300 0.156900
vn -0.676400 0.720600 0.152600
vn 0.705800 0.708300 0.005200
vn 0.903300 -0.398900 -0.158000
vn 0.579500 -0.157200 -0.799700
vn 0.018000 -0.991700 -0.127100
vn 0.910400 -0.378300 -0.167600
vn 0.018000 -0.991700 -0.127200
vn -0.580300 -0.424600 0.695000
vn 0.018200 -0.991700 -0.127400
vn -0.969600 -0.225100 0.095900
vn -0.587500 -0.433700 0.683200
vn -0.966500 -0.250400 0.055600
vn 0.477700 0.734100 -0.482700
vn 0.482000 0.732000 -0.481500
vn 0.026100 0.671500 -0.740600
vn 0.049500 0.649300 -0.758900
vn -0.523300 0.650300 0.550800
vn -0.502000 0.667200 0.550300
vn -0.013500 0.686600 0.726900
vn -0.022900 0.673100 0.739200
vn -0.622700 -0.415300 0.663100
vn -0.620800 -0.396100 0.676500
vn -0.021500 -0.240500 0.970400
vn -0.024100 -0.246500 0.968800
vn -0.002700 -0.999900 -0.012700
vn -0.002600 -0.999900 -0.012600
vn -0.002600 -0.999900 -0.012700
vn 0.662400 -0.181500 -0.726800
vn 0.682000 -0.210000 -0.700500
vn 0.047300 -0.318500 -0.946800
vn 0.057600 -0.327300 -0.943200
vn -0.567000 0.671400 -0.477200
vn -0.536200 0.692200 -0.483100
vn 0.527000 0.696100 0.487500
vn 0.510800 0.708900 0.486300
vn 0.707200 -0.252300 0.660500
vn 0.736300 0.672900 -0.070700
vn -0.659200 0.747600 0.080500
vn -0.661300 0.745300 0.085100
vn 0.721600 0.690300 -0.052800
vn 0.899100 -0.429800 -0.082600
vn 0.708000 -0.258900 0.657000
vn -0.002700 -0.999900 -0.012600
vn 0.908800 -0.410900 -0.072000
vn -0.002900 -0.999900 -0.012600
vn -0.002800 -0.999900 -0.013000
vn -0.705500 -0.338300 -0.622700
vn -0.002900 -0.999900 -0.012700
vn -0.978000 -0.195700 0.072800
vn -0.710900 -0.348400 -0.610900
vn -0.968400 -0.224900 0.107800
vn -0.470600 0.673000 0.570600
vn -0.474700 0.671300 0.569200
vn -0.026700 0.579000 0.814900
vn -0.050400 0.555400 0.830000
vn 0.537100 0.708500 -0.457800
vn 0.515700 0.725900 -0.455200
vn 0.023200 0.771100 -0.636300
vn 0.033100 0.758400 -0.650900
vn 0.619900 -0.343100 -0.705700
vn 0.618400 -0.323300 -0.716200
vn 0.026400 -0.134200 -0.990600
vn 0.028900 -0.140400 -0.989700
vn -0.004000 -0.992100 -0.125200
vn -0.004100 -0.992100 -0.125000
vn -0.004000 -0.992100 -0.125100
vn -0.004100 -0.992100 -0.125200
vn -0.672300 -0.254900 0.695000
vn -0.692000 -0.280300 0.665200
vn -0.056200 -0.421100 0.905300
vn -0.067700 -0.430300 0.900100
vn 0.562000 0.604800 0.564300
vn 0.531500 0.624400 0.572400
vn -0.524200 0.754100 -0.395700
vn -0.507700 0.766900 -0.392600
vn -0.700500 -0.173800 -0.692100
vn -0.730700 0.664300 0.157100
vn 0.665100 0.746200 0.028200
vn 0.667100 0.744600 0.023700
vn -0.716000 0.683500 0.142000
vn -0.903000 -0.429300 0.015900
vn -0.701400 -0.181100 -0.689400
vn -0.912400 -0.409200 0.007800
vn 0.703500 -0.409800 0.580600
vn -0.003800 -0.992100 -0.125100
vn 0.976800 -0.193500 -0.091500
vn 0.709000 -0.418700 0.567400
vn 0.967000 -0.218700 -0.130500
vn -0.861600 0.105800 0.496500
vn -0.199100 -0.742900 0.639100
vn -0.531900 -0.628200 0.567900
vn 0.154300 -0.987900 -0.018000
vn -0.994400 0.069400 0.080200
vn -0.981700 0.016700 0.189600
vn -0.791300 0.585600 -0.175800
vn -0.910900 -0.027000 -0.411700
vn -0.643000 0.372400 -0.669300
vn -0.844400 -0.274300 -0.460200
vn -0.322400 0.315400 -0.892500
vn -0.562300 -0.103700 -0.820400
vn -0.600300 0.388900 -0.698800
vn -0.067400 0.325400 -0.943200
vn -0.083500 0.300100 -0.950300
vn -0.073100 0.387200 -0.919100
vn -0.679600 0.304800 -0.667300
vn -0.568700 -0.137100 -0.811100
vn -0.352800 -0.276600 -0.893900
vn -0.132500 0.076700 -0.988200
vn 0.089300 0.041000 -0.995200
vn 0.051200 0.376800 -0.924900
vn 0.018900 -0.001200 -0.999800
vn 0.721400 0.058900 -0.690000
vn 0.359900 -0.003500 -0.933000
vn 0.332300 -0.110200 -0.936700
vn -0.722100 0.149700 0.675400
vn -0.241100 0.643500 -0.726500
vn -0.666300 -0.169300 -0.726200
vn -0.645000 -0.182200 -0.742200
vn 0.377800 0.585300 -0.717400
vn 0.755200 0.071100 -0.651600
vn 0.636100 0.136500 -0.759500
vn 0.895800 0.291000 -0.336100
vn 0.699400 -0.637400 0.323400
vn 0.865300 -0.500500 -0.025700
vn 0.401700 -0.915400 0.024000
vn -0.124800 0.598600 0.791200
vn 0.104000 -0.406100 0.907900
vn -0.027600 -0.317000 0.948000
vn 0.111500 -0.790000 0.602900
vn 0.231800 -0.827800 0.511000
vn -0.078700 -0.990300 0.114300
vn -0.361900 -0.926600 0.102200
vn -0.379400 -0.905600 0.189700
vn -0.449100 -0.890200 0.077000
vn 0.055200 -0.975700 0.212100
vn -0.539600 -0.800300 -0.261500
vn -0.801500 -0.518400 -0.298100
vn -0.036400 -0.998100 0.049300
vn -0.376400 -0.920100 0.108600
vn 0.281100 -0.806100 0.520800
vn 0.099700 -0.438300 0.893300
vn 0.086500 -0.421600 0.902700
vn -0.018300 -0.429800 0.902700
vn -0.181900 -0.066800 0.981000
vn -0.715800 -0.661300 0.224300
vn -0.567900 -0.818100 -0.091100
vn -0.673700 -0.727700 -0.129200
vn -0.515000 -0.301300 0.802500
vn 0.078600 -0.415500 0.906200
vn -0.106800 -0.600900 0.792200
vn -0.631100 -0.327600 -0.703100
vn -0.416400 -0.409500 -0.811700
vn -0.661500 0.132400 -0.738100
vn -0.784300 -0.295700 -0.545400
vn -0.763300 -0.327400 -0.556900
vn -0.525300 -0.364900 -0.768700
vn -0.606100 -0.270900 -0.747800
vn -0.768600 0.134400 -0.625400
vn 0.768600 -0.134400 0.625400
vn 0.631100 0.327600 0.703100
vn 0.606100 0.270900 0.747800
vn 0.525300 0.364900 0.768700
vn 0.784300 0.295700 0.545400
vn 0.763300 0.327400 0.556900
vn 0.416400 0.409500 0.811700
vn 0.661500 -0.132400 0.738100
vn 0.514600 -0.651500 0.557500
vn 0.116200 -0.681900 0.722100
vn 0.900200 -0.425500 0.092200
vn 0.479500 -0.787100 0.388100
vn 0.384600 -0.064800 0.920800
vn 0.547000 -0.088900 0.832400
vn 0.225400 -0.973800 0.031500
vn 0.256900 -0.808000 0.530200
vn 0.405300 -0.849700 0.337300
vn 0.852600 -0.390300 0.347400
vn 0.914800 -0.266200 0.303700
vn 0.850700 -0.406500 0.333300
vn 0.300500 -0.785300 -0.541300
vn 0.830700 -0.047200 0.554700
vn 0.704900 -0.603100 -0.373400
vn 0.280700 -0.955500 -0.090700
vn 0.219900 -0.973800 -0.057300
vn 0.588200 -0.634100 0.501900
vn 0.219300 -0.594700 -0.773400
vn 0.403200 -0.497700 -0.767900
vn 0.523200 -0.725300 0.447500
vn 0.313300 -0.795300 0.518900
vn 0.171300 -0.983200 -0.062800
vn 0.164400 -0.985000 -0.053200
vn -0.348900 -0.023400 0.936900
vn -0.321800 0.038400 0.946000
vn 0.145800 -0.011000 0.989300
vn -0.181800 -0.025000 0.983000
vn 0.029400 0.118000 0.992600
vn 0.371300 0.109700 0.922000
vn 0.380600 0.022900 0.924500
vn 0.417900 -0.002700 0.908500
vn 0.484000 -0.013500 0.875000
vn 0.419000 -0.047500 0.906800
vn 0.662800 0.051500 0.747000
vn 0.575200 0.265400 0.773800
vn 0.516000 0.271300 0.812500
vn 0.733100 0.363500 0.574800
vn 0.533100 0.005100 0.846000
vn 0.165800 -0.015000 0.986000
vn 0.168100 0.018600 0.985600
vn 0.015100 0.032700 0.999400
vn -0.093300 -0.021700 0.995400
vn 0.151200 0.012400 0.988400
vn -0.244700 0.093400 0.965100
vn -0.092000 -0.013700 0.995700
vn 0.492800 -0.044500 0.869000
vn 0.463300 -0.053700 0.884600
vn -0.191600 -0.002600 0.981500
vn -0.175200 -0.011700 0.984500
vn 0.193500 -0.130300 -0.972400
vn 0.136700 -0.190900 -0.972000
vn -0.096300 -0.184700 -0.978100
vn 0.217700 -0.256400 -0.941700
vn -0.306300 -0.547300 -0.778900
vn 0.226400 -0.441200 -0.868400
vn 0.014400 -0.066500 -0.997700
vn 0.324200 -0.320600 -0.890000
vn -0.324200 0.320600 0.890000
vn -0.226400 0.441200 0.868400
vn -0.014400 0.066500 0.997700
vn 0.096300 0.184700 0.978100
vn -0.193500 0.130300 0.972400
vn -0.136700 0.190900 0.972000
vn 0.306300 0.547300 0.778900
vn -0.217700 0.256400 0.941700
vn 0.646500 0.224400 -0.729200
vn 0.676100 0.324900 -0.661300
vn 0.324100 0.397800 -0.858300
vn 0.501500 0.734300 -0.457600
vn 0.441800 0.759500 -0.477400
vn 0.461700 0.793900 -0.395800
vn 0.408700 0.837000 -0.363900
vn 0.927400 0.024600 -0.373200
vn 0.965900 0.074400 -0.247900
vn 0.986100 -0.125500 -0.109100
vn 0.454600 -0.638300 0.621300
vn 0.231600 -0.606000 0.761100
vn 0.230100 -0.348200 0.908800
vn 0.174600 -0.338800 0.924500
vn 0.613600 -0.241300 0.751800
vn 0.997200 -0.060400 -0.045000
vn 0.760300 0.230000 -0.607500
vn 0.440500 -0.847300 0.296800
vn 0.963000 0.096100 -0.251700
vn 0.906000 0.037000 -0.421700
vn 0.891300 0.181200 -0.415600
vn 0.364100 -0.931100 0.021200
vn 0.422800 -0.856100 0.297100
vn 0.728500 0.140200 -0.670600
vn 0.729000 0.179400 -0.660600
vn 0.307900 -0.889900 -0.336600
vn 0.449300 -0.893400 0.004100
vn 0.396100 0.830500 -0.391600
vn 0.262500 0.945500 -0.192900
vn -0.447600 0.759600 0.471900
vn -0.475700 0.733100 0.486100
vn -0.714400 0.089700 0.694000
vn -0.943900 0.039000 0.328000
vn -0.433600 -0.792700 0.428500
vn 0.021700 -0.984500 0.173900
vn -0.436300 -0.797300 0.417000
vn -0.532300 -0.722500 0.441200
vn -0.962300 0.271900 0.004200
vn -0.895100 0.353500 0.271800
vn -0.711000 0.700300 0.063700
vn -0.946500 0.322600 -0.009300
vn -0.945600 0.228200 -0.231900
vn -0.909200 0.257400 -0.327400
vn -0.399700 -0.471500 0.786100
vn -0.863600 0.046500 -0.502000
vn -0.727300 0.048700 -0.684600
vn -0.495700 -0.259500 0.828800
vn -0.529000 -0.466000 0.709200
vn -0.306900 0.497700 -0.811200
vn -0.450100 0.824000 -0.344200
vn -0.388700 0.920800 -0.032400
vn -0.416400 0.840300 -0.347100
vn -0.414200 0.526900 -0.742200
vn -0.633900 -0.327100 0.700900
vn -0.013100 0.215300 -0.976500
vn -0.282000 0.298000 -0.912000
vn -0.079500 -0.996500 0.026200
vn -0.739900 -0.178500 0.648600
vn -0.355200 -0.124500 0.926400
vn -0.265300 0.712300 0.649800
vn -0.279600 0.689800 0.667800
vn -0.122300 0.698000 0.705600
vn -0.184300 -0.668000 0.721000
vn -0.351800 -0.673600 0.650000
vn -0.113600 -0.981200 0.155700
vn -0.144400 -0.983000 0.113600
vn 0.031600 0.849700 -0.526300
vn 0.018500 -0.727300 -0.686000
vn 0.142400 -0.752600 -0.642900
vn 0.136600 0.865900 -0.481100
vn 0.344300 0.124600 -0.930600
vn 0.117800 0.916500 -0.382300
vn 0.143700 -0.743500 -0.653200
vn 0.411400 -0.821800 -0.394200
vn 0.321800 -0.038400 -0.946000
vn 0.181800 0.025000 -0.983000
vn 0.093300 0.021700 -0.995400
vn -0.015100 -0.032700 -0.999400
vn 0.092000 0.013700 -0.995700
vn 0.175200 0.011700 -0.984500
vn 0.191600 0.002600 -0.981500
vn 0.244700 -0.093400 -0.965100
vn -0.165800 0.015000 -0.986000
vn -0.380600 -0.022900 -0.924500
vn -0.417900 0.002700 -0.908500
vn -0.419000 0.047500 -0.906800
vn -0.463300 0.053700 -0.884600
vn -0.533100 -0.005100 -0.846000
vn -0.151200 -0.012400 -0.988400
vn -0.168100 -0.018600 -0.985600
vn -0.484000 0.013500 -0.875000
vn -0.492800 0.044500 -0.869000
vn -0.662800 -0.051500 -0.747000
vn -0.189400 -0.138400 0.972100
vn 0.934000 -0.353900 -0.049200
vn 0.902600 -0.268600 0.336500
vn 0.048400 -0.886400 -0.460400
vn 0.109600 -0.986700 -0.120200
vn 0.437100 -0.854400 0.281100
vn 0.472300 -0.804300 0.360600
vn 0.659800 -0.690800 0.295800
vn 0.780700 -0.357800 0.512400
vn 0.678500 -0.717700 0.156600
vn 0.467200 -0.854900 0.225500
vn 0.394300 -0.907000 0.147600
vn 0.409800 -0.726800 0.551200
vn 0.654900 -0.121000 0.745900
vn -0.310300 -0.246400 0.918100
vn 0.481900 0.098300 0.870700
vn 0.471700 -0.096300 0.876500
vn -0.355800 -0.384900 0.851600
vn -0.383900 -0.313300 0.868600
vn -0.707900 -0.030900 0.705600
vn -0.417600 -0.610400 0.673000
vn -0.940900 -0.328700 0.081700
vn -0.937300 -0.338900 0.081100
vn -0.968400 -0.069400 0.239600
vn 0.544000 0.837400 -0.052700
vn 0.769700 -0.631900 -0.090700
vn -0.549800 0.828000 0.109800
vn -0.939900 -0.331900 0.079800
vn -0.853200 -0.432700 -0.291200
vn -0.717900 -0.604300 -0.345600
vn -0.692100 -0.612000 -0.382600
vn -0.357200 -0.730200 0.582400
vn -0.352500 -0.718200 0.599900
vn -0.108100 -0.955400 0.274700
vn -0.086400 -0.851800 0.516700
vn 0.503400 -0.685300 0.526300
vn 0.544700 -0.601200 0.584600
vn 0.494400 -0.432600 0.753900
vn 0.549700 -0.232200 0.802400
vn 0.964400 0.036300 0.262000
vn 0.936700 0.007800 0.350100
vn 0.829900 0.224600 0.510700
vn 0.766300 0.066300 0.639100
vn 0.794600 0.059500 0.604200
vn 0.739300 0.193600 0.644900
vn 0.653500 0.274600 0.705400
vn 0.637500 -0.439100 0.633000
vn 0.992100 0.042700 0.117800
vn 0.991900 0.044300 0.119400
vn 0.896900 -0.128900 0.423100
vn 0.667900 -0.612200 0.423200
vn 0.912100 -0.217900 0.347200
vn 0.960300 0.276100 -0.038900
vn 0.915500 0.396600 0.066900
vn 0.906000 0.262500 0.332100
vn 0.809000 0.587400 -0.022900
vn 0.696000 0.589900 -0.409300
vn 0.739500 0.482300 -0.469500
vn 0.963700 0.047100 -0.262800
vn 0.927800 0.299500 -0.222300
vn 0.712300 0.516300 0.475500
vn 0.826900 0.374400 0.419500
vn 0.486000 0.693600 -0.531600
vn 0.780100 0.416500 0.467000
vn -0.555200 0.049600 -0.830300
vn -0.921300 -0.056500 -0.384700
vn -0.928800 -0.102400 -0.356000
vn -0.784800 0.482900 0.388600
vn -0.337500 -0.812800 -0.474800
vn 0.043800 -0.853800 -0.518700
vn -0.459900 -0.422500 -0.781000
vn -0.939500 -0.063000 -0.336600
vn -0.900100 -0.106300 -0.422500
vn -0.747500 0.269200 -0.607200
vn -0.835200 -0.237000 -0.496200
vn -0.828500 -0.238500 -0.506700
vn -0.800900 -0.278300 -0.530200
vn -0.712400 -0.253200 -0.654500
vn -0.390300 0.210300 -0.896300
vn -0.071200 0.250300 -0.965500
vn 0.786800 0.485700 -0.381000
vn 0.793000 0.472500 -0.384500
vn 0.417300 0.606800 -0.676400
vn 0.439900 0.561900 -0.700500
vn 0.148000 0.346700 -0.926200
vn -0.058400 0.650000 -0.757700
vn 0.043100 0.679900 -0.732000
vn 0.381900 0.616100 -0.688900
vn 0.733900 0.595600 -0.326600
vn 0.125300 0.291100 -0.948500
vn 0.718000 0.626300 -0.303700
vn 0.471300 0.036300 -0.881200
vn 0.665900 0.097100 -0.739700
vn 0.771800 0.492800 -0.401800
vn -0.438700 0.340200 -0.831800
vn 0.051300 0.703200 -0.709200
vn 0.239200 0.814400 -0.528800
vn -0.094100 0.646700 -0.756900
vn 0.344100 0.934800 -0.087600
vn 0.519500 0.374100 -0.768300
vn 0.454200 0.418700 -0.786400
vn -0.082600 0.076600 -0.993600
vn 0.064800 0.582200 -0.810500
vn -0.201900 0.119100 -0.972100
vn 0.738000 0.670000 -0.080800
vn 0.700600 0.712900 -0.032500
vn -0.260200 0.323000 -0.909900
vn -0.257100 0.318700 -0.912300
vn -0.401900 -0.080300 -0.912200
vn -0.537700 0.218900 -0.814200
vn -0.309900 0.224600 -0.923900
vn 0.058100 -0.101300 -0.993200
vn -0.103800 0.904500 -0.413700
vn -0.053500 -0.679600 -0.731600
vn 0.027500 0.616700 -0.786700
vn 0.369800 0.593400 -0.714900
vn 0.885200 -0.187900 0.425600
vn 0.832300 -0.186600 0.521900
vn -0.070800 -0.099400 0.992500
vn -0.907300 -0.408600 0.099700
vn -0.603500 0.759100 0.244100
vn -0.988800 -0.043600 -0.143100
vn -0.058400 -0.435800 0.898200
vn -0.050500 -0.425300 0.903600
vn -0.095600 0.746000 -0.659000
vn -0.514700 -0.010300 0.857300
vn 0.160600 -0.750500 0.641000
vn -0.907000 -0.357600 0.222300
vn 0.633700 -0.715800 0.293400
vn 0.159100 -0.751000 0.640900
vn -0.183200 -0.389100 0.902800
vn 0.797600 -0.280400 0.534100
vn 0.040800 -0.068100 0.996800
vn 0.060400 -0.199800 0.978000
vn 0.790900 -0.478200 0.381700
vn 0.846100 -0.267300 0.461200
vn 0.981800 0.150100 0.116200
vn 0.790100 -0.545500 0.279500
vn 0.864600 0.046100 -0.500300
vn 0.864600 0.057300 -0.499100
vn 0.894000 0.281400 -0.348700
vn -0.313100 0.948000 -0.057100
vn -0.167900 0.917400 0.360700
vn 0.832900 0.453300 -0.317400
vn 0.658800 -0.329000 -0.676500
vn 0.589100 -0.341200 -0.732500
vn 0.548600 -0.406200 -0.730800
vn 0.550900 -0.405400 -0.729500
vn 0.445800 -0.889400 0.101200
vn 0.422500 -0.905500 0.039600
vn 0.615200 -0.765500 0.188500
vn 0.611400 -0.772100 0.173700
vn -0.030100 -0.504400 0.862900
vn 0.049500 -0.734100 0.677200
vn 0.021300 -0.785200 0.618900
vn -0.052500 -0.394700 0.917300
vn -0.756300 -0.127900 0.641600
vn -0.626400 -0.149900 0.765000
vn -0.485300 0.054100 0.872700
vn -0.367800 -0.092900 0.925200
vn -0.344100 -0.087600 0.934900
vn -0.313000 -0.015000 0.949600
vn -0.186500 0.109700 0.976300
vn -0.204300 -0.606300 0.768600
vn -0.749200 -0.122900 0.650900
vn -0.689500 -0.021100 0.724000
vn -0.449100 -0.180800 0.875000
vn -0.231100 -0.638200 0.734400
vn -0.382000 -0.073100 0.921300
vn -0.776100 0.143200 0.614100
vn -0.577900 0.429200 0.694100
vn -0.574800 0.427700 0.697600
vn -0.667600 0.692600 0.273200
vn -0.694200 0.684500 0.222500
vn -0.893800 0.399000 0.204800
vn -0.907400 -0.048000 0.417600
vn -0.861900 0.179700 0.474200
vn -0.498200 0.249200 0.830500
vn -0.535800 0.192900 0.822000
vn -0.630100 0.694100 -0.348100
vn -0.478100 0.237700 0.845500
vn 0.088600 0.094700 -0.991500
vn 0.782200 0.117400 -0.611900
vn 0.666800 0.408800 -0.623100
vn 0.729100 0.572400 -0.375200
vn 0.182800 0.861400 0.473900
vn -0.868200 0.352800 0.348900
vn 0.500600 0.516400 0.694800
vn 0.649400 0.310900 -0.694000
vn 0.626100 0.294400 -0.722100
vn 0.491400 0.451600 -0.744700
vn 0.446400 -0.060500 -0.892800
vn 0.505500 -0.053300 -0.861200
vn 0.414700 -0.197200 -0.888300
vn 0.244700 -0.247800 -0.937400
vn -0.332700 0.071600 -0.940300
vn -0.285600 0.081900 -0.954800
vn -0.958800 0.241100 0.150500
vn -0.914800 0.365500 0.172000
vn -0.749500 0.605700 -0.267100
vn -0.852200 0.398500 -0.339100
vn -0.600000 0.400800 -0.692400
vn -0.400600 0.683500 -0.610200
vn -0.437300 0.689800 -0.577000
vn -0.897100 0.415000 -0.151800
vn -0.924100 0.357800 0.134600
vn -0.585400 0.353600 -0.729600
vn -0.818000 0.527500 0.229300
vn -0.845100 0.034100 -0.533500
vn -0.957600 0.052400 -0.283100
vn -0.906600 0.395900 0.146400
vn -0.106900 0.502200 -0.858100
vn -0.406700 0.781700 -0.472800
vn -0.546600 0.813700 -0.198000
vn -0.454600 0.781500 -0.427300
vn -0.462600 0.837200 0.291600
vn -0.900700 0.368400 -0.230300
vn -0.894100 0.379000 -0.238700
vn -0.047700 0.011900 -0.998800
vn 0.832300 0.554300 0.000600
vn -0.558900 -0.092200 -0.824100
vn -0.722100 0.539100 0.433500
vn -0.708500 0.550700 0.441300
vn -0.247000 0.431100 -0.867800
vn -0.205500 0.487500 -0.848600
vn -0.276600 -0.410400 -0.869000
vn -0.412800 0.605500 0.680400
vn 0.846600 0.238200 0.476000
vn -0.744000 -0.206800 -0.635300
vn -0.255100 0.381300 -0.888500
vn -0.979300 0.000500 0.202300
vn -0.328100 0.438300 -0.836800
vn -0.583000 0.775900 -0.241000
vn -0.537900 -0.269000 0.798900
vn -0.429700 -0.259900 0.864700
vn 0.016500 -0.996300 -0.084700
vn 0.045600 -0.998900 0.011900
vn -0.235100 -0.960400 0.149200
vn -0.123800 -0.964600 0.232800
vn -0.130200 -0.971800 0.196600
vn -0.129400 -0.972100 0.195700
vn 0.111200 -0.993100 0.035800
vn 0.098300 -0.994100 0.046900
vn 0.144200 -0.962300 0.230500
vn 0.110700 -0.971600 0.209200
vn 0.041200 -0.951500 0.304700
vn 0.038300 -0.954500 0.295600
vn 0.035400 -0.954600 0.295800
vn 0.030200 -0.941700 0.335000
vn 0.839100 -0.129300 -0.528400
vn 0.719800 -0.214600 -0.660200
vn -0.971000 -0.139400 -0.194000
vn -0.913200 -0.109500 -0.392600
vn -0.534700 -0.258000 -0.804700
vn 0.335700 -0.227200 -0.914200
vn -0.290700 -0.175600 -0.940600
vn 0.451100 -0.156900 -0.878600
vn -0.995900 -0.079600 0.043800
vn -0.812900 -0.071500 0.578000
vn -0.599800 -0.143800 0.787100
vn 0.114200 0.951400 -0.285900
vn -0.019200 0.976100 -0.216500
vn -0.027100 0.958700 -0.283300
vn -0.076400 0.941200 -0.329000
vn -0.092200 0.981500 -0.167700
vn -0.091000 0.981800 -0.166900
vn -0.092500 0.982900 -0.159400
vn -0.466500 -0.085200 0.880400
vn 0.033200 0.992900 -0.114100
vn 0.078500 -0.053700 0.995500
vn 0.015500 0.999900 0.005700
vn 0.090100 0.995400 -0.031900
vn 0.054200 0.994200 -0.093400
vn 0.072800 0.989000 -0.128600
vn 0.681700 0.076800 0.727600
vn 0.101400 -0.062300 0.992900
vn 0.941200 -0.080700 0.328000
vn 0.941900 -0.080500 0.326000
vn 0.140400 0.981000 -0.133900
vn -0.084600 0.980500 -0.177400
vn -0.106000 0.953100 -0.283600
vn -0.076700 0.947700 -0.309800
vn -0.203700 0.955000 -0.215700
vn -0.172300 0.948100 -0.267100
vn -0.187200 0.938300 -0.290800
vn -0.031800 0.954700 -0.295900
vn -0.047900 0.969000 -0.242500
vn -0.603200 -0.319800 -0.730700
vn -0.611300 -0.333500 -0.717700
vn 0.014200 -0.354300 -0.935000
vn 0.277800 -0.167300 -0.946000
vn 0.181800 0.041000 -0.982500
vn -0.601400 0.282800 -0.747200
vn 0.011700 -0.258400 -0.966000
vn -0.625400 -0.152500 -0.765300
vn -0.332100 0.053400 -0.941700
vn -0.755500 0.627600 -0.187700
vn -0.958400 0.236500 -0.159800
vn -0.411500 0.343400 -0.844200
vn -0.360600 -0.170800 -0.917000
vn -0.873500 0.072400 -0.481500
vn -0.268200 -0.228400 -0.935900
vn -0.350800 0.584800 -0.731400
vn -0.177100 0.415700 -0.892100
vn 0.352900 0.285400 -0.891100
vn -0.268100 0.869200 -0.415400
vn -0.623800 0.327300 -0.709800
vn -0.959500 0.275800 0.057300
vn -0.891400 0.394300 0.223400
vn -0.268100 0.865100 -0.423900
vn -0.746700 0.588000 0.311000
vn -0.844000 0.524700 -0.111100
vn 0.389500 0.422300 -0.818500
vn 0.364500 0.120900 -0.923300
vn 0.441500 0.479200 -0.758600
vn 0.403400 0.050800 -0.913600
vn 0.426600 -0.268200 -0.863700
vn -0.919100 0.287000 0.270100
vn -0.977100 0.208300 -0.043000
vn -0.718300 0.543000 0.434900
vn -0.876300 0.469400 0.108600
vn -0.893100 -0.214900 -0.395300
vn -0.896900 -0.248400 -0.366000
vn -0.959800 -0.214100 0.181400
vn -0.784800 0.033600 0.618800
vn -0.946100 0.039800 0.321400
vn -0.941700 0.032100 -0.335100
vn -0.874700 -0.217800 -0.432900
vn -0.465200 0.087000 0.880900
vn -0.683100 -0.082600 0.725700
vn -0.897800 0.007000 -0.440300
vn -0.597300 -0.036300 0.801200
vn -0.176500 0.390600 0.903500
vn -0.251500 0.594500 0.763800
vn 0.443300 0.338400 0.830000
vn 0.283600 0.505800 0.814700
vn 0.659100 0.577800 0.481500
vn -0.578200 -0.551800 0.601000
vn 0.869600 0.297800 0.393800
vn 0.145500 0.041700 0.988500
vn 0.099600 0.005700 0.995000
vn 0.899600 0.078300 0.429600
vn 0.862800 0.315300 0.395100
vn 0.680900 0.346600 0.645200
vn 0.556000 0.350400 0.753700
vn 0.561300 0.297700 0.772200
vn 0.562200 0.379500 0.734800
vn 0.503300 -0.748100 0.432400
vn 0.144700 -0.982700 0.115800
vn -0.287400 -0.624400 0.726300
vn -0.276400 -0.875500 0.396400
vn -0.950400 -0.108700 0.291500
vn 0.801700 0.186800 0.567800
vn 0.916000 0.015600 0.400900
vn 0.668700 -0.299800 -0.680500
vn 0.763800 -0.055500 -0.643100
vn 0.899600 0.436200 -0.019900
vn 0.777900 0.254700 0.574500
vn 0.597400 0.382900 0.704700
vn 0.556300 0.451500 0.697700
vn 0.950700 0.112000 -0.289200
vn 0.440500 -0.895500 0.063500
vn 0.489800 -0.470300 -0.734100
vn 0.710400 -0.266900 -0.651200
vn -0.903000 -0.304000 0.303600
vn -0.890700 -0.409900 0.196800
vn 0.459200 -0.290600 -0.839500
vn -0.648500 0.168900 0.742300
vn -0.607100 0.085700 0.790000
vn -0.061600 0.244100 0.967800
vn 0.048100 0.496400 0.866700
vn 0.834400 0.424900 0.350900
vn 0.663100 0.748400 -0.013300
vn -0.965200 0.076200 0.250200
vn -0.863100 0.417300 -0.284500
vn -0.639000 -0.034900 0.768400
vn -0.613300 -0.102600 0.783100
vn 0.732400 0.606500 0.309400
vn -0.042300 -0.122000 0.991600
vn -0.029600 0.064600 0.997500
vn 0.725600 0.614000 0.310800
vn 0.786100 0.521700 0.331300
vn 0.791000 0.474900 0.385800
vn 0.665500 0.329600 0.669700
vn -0.073600 0.529400 0.845200
vn 0.484200 -0.173200 0.857700
vn -0.221100 0.274500 0.935800
vn -0.667400 0.210300 0.714400
vn 0.480700 0.173500 -0.859600
vn 0.448500 0.178600 -0.875800
vn 0.663500 -0.454000 0.594700
vn 0.495700 -0.636900 0.590400
vn 0.496400 -0.293700 0.816900
vn 0.891000 -0.368100 0.265900
vn 0.956200 -0.183200 0.228100
vn 0.980300 -0.161600 0.113800
vn 0.945500 -0.278200 0.169400
vn -0.001900 -0.550000 0.835200
vn 0.212700 -0.891300 -0.400500
vn -0.450400 -0.407200 0.794600
vn -0.434200 -0.524800 0.732200
vn 0.308000 -0.902700 -0.300500
vn 0.491600 0.315800 -0.811500
vn 0.313100 0.446400 -0.838300
vn 0.323000 0.315400 -0.892300
vn 0.521500 0.034500 -0.852500
vn 0.199600 0.372700 -0.906200
vn 0.225500 0.370800 -0.900900
vn 0.299500 0.424300 -0.854500
vn -0.360900 -0.348100 0.865200
vn 0.255500 0.361800 -0.896600
vn -0.209300 0.372200 -0.904300
vn -0.490200 -0.326900 0.808000
vn -0.039900 -0.018800 0.999000
vn -0.363200 -0.387000 0.847500
vn -0.347100 -0.345500 0.871900
vn 0.351000 -0.936100 0.022700
vn 0.406000 -0.797100 -0.447000
vn 0.420800 -0.789800 -0.446400
vn 0.286600 -0.954200 -0.085700
vn 0.675900 -0.736500 -0.026500
vn -0.643600 -0.406900 0.648200
vn -0.021400 0.463800 -0.885700
vn -0.507800 -0.860400 0.043000
vn -0.105200 -0.290100 -0.951200
vn 0.745300 -0.194800 -0.637700
vn 0.347600 -0.791500 0.502700
vn 0.018700 -0.998500 0.051100
vn 0.280100 -0.536100 -0.796300
vn -0.440400 0.864300 0.243000
vn -0.224300 0.901400 0.370300
vn -0.226100 0.924700 0.306300
vn -0.903900 -0.027500 -0.426900
vn -0.898000 0.189900 -0.396900
vn -0.394600 0.897700 0.196000
vn -0.551200 0.813600 0.185100
vn -0.877400 0.433500 -0.205600
vn -0.845200 0.497100 -0.196200
vn -0.635400 -0.390300 -0.666300
vn -0.761500 0.100900 -0.640300
vn -0.838800 -0.390200 0.379800
vn 0.614600 -0.496200 -0.613300
vn 0.706600 -0.399600 -0.584000
vn -0.228300 -0.767100 0.599500
vn 0.785300 -0.515300 -0.343100
vn 0.569200 0.295300 -0.767400
vn 0.359200 0.720300 -0.593400
vn -0.010100 0.956500 -0.291600
vn -0.359100 0.897300 -0.256600
vn -0.300900 0.902400 -0.308300
vn -0.181500 0.916300 -0.357000
vn 0.346200 -0.749100 -0.564800
vn 0.649400 -0.596600 -0.471600
vn 0.695100 -0.400800 -0.596800
vn 0.291500 0.211200 -0.933000
vn 0.644100 -0.269800 -0.715800
vn 0.618900 0.068300 -0.782500
vn 0.522100 0.662400 -0.537300
vn 0.248400 0.223600 -0.942500
vn 0.243900 0.174000 -0.954100
vn 0.330100 -0.151600 -0.931700
vn 0.402600 -0.233200 -0.885200
vn 0.662700 -0.252700 -0.704900
vn 0.618500 -0.591300 -0.517500
vn 0.622300 -0.590100 -0.514300
vn 0.443800 -0.430600 -0.785900
vn 0.148100 0.530100 -0.834900
vn 0.165400 0.621800 -0.765500
vn 0.588400 0.567300 -0.576200
vn 0.680600 -0.229500 -0.695800
vn 0.781700 -0.372000 -0.500500
vn 0.705700 -0.389600 -0.591800
vn -0.201600 -0.851200 0.484600
vn -0.035600 -0.954700 0.295500
vn -0.117500 -0.992900 0.019400
vn 0.699600 0.045600 -0.713100
vn 0.689000 0.144000 -0.710300
vn -0.311300 0.943400 -0.114300
vn -0.316000 0.948600 0.017400
vn 0.020600 0.948400 -0.316400
vn -0.012300 0.964400 -0.264000
vn -0.017200 -0.805900 0.591800
vn 0.252000 -0.967600 -0.014600
vn 0.284600 -0.957700 -0.043100
vn 0.613700 0.643400 -0.457700
vn 0.748500 0.467400 -0.470400
vn -0.076800 0.995900 -0.048400
vn -0.156000 0.979300 0.129300
vn 0.092400 0.995500 -0.022300
vn 0.051400 0.998300 0.029300
vn -0.447500 0.864300 0.229500
vn -0.467500 0.853400 0.230500
vn 0.015400 0.964200 -0.264600
vn 0.096600 0.925100 -0.367300
vn -0.647800 0.566700 0.509100
vn -0.651000 0.579800 0.490000
vn -0.229600 0.971500 -0.058900
vn -0.206700 0.975700 -0.073200
vn -0.691200 0.449400 0.565900
vn -0.365800 0.876800 0.312000
vn -0.329900 0.921300 0.205800
vn -0.094500 0.993800 0.058700
vn -0.165200 0.978800 0.121100
vn -0.785200 0.305900 0.538400
vn -0.787600 0.318700 0.527400
vn -0.380300 0.892200 0.243700
vn -0.361100 0.901500 0.238400
vn -0.786700 0.304500 0.537000
vn -0.985100 0.017200 -0.171000
vn -0.879100 -0.185400 0.439100
vn -0.931500 -0.122900 0.342300
vn -0.947100 -0.067600 0.313700
vn 0.111500 0.068700 0.991400
vn 0.080300 0.291100 0.953300
vn -0.673200 0.275700 0.686100
vn -0.947200 -0.314000 -0.065500
vn -0.990400 -0.103400 -0.091900
vn -0.937500 0.116600 -0.327800
vn 0.162600 0.421100 0.892300
vn -0.189100 0.538000 0.821400
vn -0.860000 -0.125000 0.494800
vn -0.856700 -0.137100 0.497300
vn -0.108000 0.018700 0.994000
vn -0.960700 0.208000 -0.184000
vn -0.937400 0.020400 0.347700
vn -0.980700 -0.038500 -0.191800
vn -0.906200 0.185100 -0.380300
vn -0.938400 0.051400 0.341700
vn -0.924700 0.097200 0.368100
vn -0.670800 0.199100 0.714400
vn -0.801300 -0.041000 0.596900
vn -0.130600 0.171100 0.976600
vn -0.035800 0.300900 0.953000
vn -0.809500 -0.099000 -0.578700
vn -0.720600 0.030500 -0.692600
vn -0.720700 -0.053400 -0.691200
vn -0.714800 -0.024000 -0.698900
vn -0.807400 -0.176400 -0.563000
vn -0.750700 0.012800 -0.660500
vn -0.728400 0.085000 -0.679900
vn -0.742900 0.111800 -0.659900
vn 0.050800 -0.024500 -0.998400
vn -0.165700 0.166300 0.972100
vn -0.306600 -0.006300 -0.951800
vn 0.050700 -0.202800 -0.977900
vn -0.404800 -0.384200 -0.829800
vn -0.492900 -0.283000 -0.822800
vn -0.502800 -0.203100 -0.840200
vn -0.965200 0.076600 0.250100
vn -0.910200 -0.114700 0.397900
vn -0.646200 0.204200 -0.735400
vn -0.635600 0.286100 -0.717000
vn -0.407500 0.535600 -0.739700
vn 0.711500 0.372800 0.595700
vn 0.595700 0.134300 0.791900
vn 0.359900 0.450200 0.817200
vn 0.593700 0.317500 0.739400
vn 0.715100 0.323800 0.619400
vn 0.377000 -0.624800 0.683700
vn 0.311900 -0.658300 0.685100
vn -0.393100 -0.898800 -0.194000
vn -0.539500 -0.809000 -0.233400
vn -0.680500 -0.712100 0.172600
vn 0.211300 -0.503300 0.837900
vn 0.063600 -0.511300 0.857100
vn -0.654900 -0.754400 -0.044700
vn -0.725300 -0.054100 -0.686300
vn -0.545000 -0.043400 -0.837300
vn -0.908700 0.165300 -0.383400
vn -0.700400 0.069900 -0.710400
vn -0.620900 0.177600 -0.763500
vn 0.340200 -0.669900 0.660000
vn 0.693100 0.069700 0.717500
vn 0.528500 0.456200 0.715900
vn 0.003500 -0.713500 0.700700
vn -0.443600 -0.837100 -0.320000
vn -0.503300 -0.846900 0.171500
vn -0.603900 0.151000 -0.782600
vn -0.596700 0.052400 -0.800800
vn -0.531900 -0.821600 -0.204800
vn -0.528200 -0.828700 -0.185000
vn 0.290500 -0.575100 0.764800
vn 0.300800 -0.535200 0.789400
vn 0.635100 0.446000 0.630700
vn -0.539400 -0.230200 -0.810000
vn 0.512100 0.101900 0.852900
vn 0.440400 0.094500 0.892800
vn 0.109200 -0.650800 0.751400
vn -0.267000 -0.674500 0.688300
vn 0.210400 -0.838700 0.502400
vn 0.158500 -0.746900 0.645800
vn -0.671100 -0.689500 -0.272500
vn -0.659700 -0.688600 -0.301200
vn 0.514900 0.100300 0.851400
vn 0.632800 0.057500 0.772200
vn 0.138000 -0.742000 0.656100
vn 0.589200 0.166400 0.790700
vn 0.234100 0.220100 0.947000
vn 0.618500 0.109200 0.778200
vn 0.586800 -0.809000 0.035100
vn 0.612000 -0.775400 0.155300
vn -0.095500 -0.774400 0.625500
vn -0.543900 -0.837100 -0.058500
vn -0.426300 -0.759500 -0.491300
vn -0.339000 -0.763700 -0.549400
vn -0.337400 -0.761900 -0.552900
vn -0.430000 -0.750300 -0.502200
vn 0.065300 -0.070400 -0.995400
vn -0.422600 0.215700 -0.880300
vn 0.053400 -0.047200 -0.997500
vn -0.508100 0.155900 -0.847100
vn -0.389900 0.241900 -0.888500
vn -0.702900 0.313100 -0.638700
vn -0.385800 0.166500 -0.907400
vn -0.399400 0.193000 -0.896200
vn -0.479000 -0.744700 -0.464700
vn 0.136100 -0.657700 0.740800
vn 0.125200 -0.666000 0.735400
vn 0.447200 0.205000 0.870600
vn -0.482300 -0.741000 -0.467200
vn -0.633300 -0.186800 0.751100
vn -0.493500 -0.689500 0.530200
vn -0.488200 -0.629800 0.604200
vn 0.900900 -0.145700 -0.408800
vn 0.506000 -0.159100 0.847800
vn 0.870800 0.095300 0.482300
vn 0.826000 0.175100 0.535800
vn 0.152700 0.282000 0.947200
vn 0.826200 0.176900 0.534800
vn 0.171900 0.544100 0.821200
vn -0.665000 -0.545200 -0.510400
vn 0.171500 0.543600 0.821600
vn 0.494600 -0.827300 -0.266500
vn 0.557400 -0.811600 -0.175000
vn 0.542000 0.719700 -0.433800
vn 0.875100 0.178400 0.449800
vn 0.783700 0.517500 0.343600
vn 0.133000 -0.429700 0.893100
vn 0.111800 0.883000 0.455900
vn 0.589800 0.530800 0.608600
vn 0.245900 0.587800 0.770700
vn 0.296500 -0.459500 0.837300
vn 0.132700 -0.409100 0.902800
vn 0.324700 -0.538800 0.777400
vn -0.259100 -0.965200 0.036600
vn -0.452900 -0.867900 0.204100
vn -0.419600 -0.764300 0.489600
vn -0.619900 -0.230100 -0.750200
vn -0.241800 -0.827000 -0.507500
vn 0.413500 -0.910000 0.029800
vn -0.248200 -0.963900 -0.096600
vn -0.636400 -0.220700 -0.739100
vn -0.531900 -0.145300 -0.834200
vn -0.052500 -0.425900 0.903200
vn -0.583700 -0.778100 0.231900
vn -0.560200 -0.825400 0.070300
vn -0.442800 -0.892300 -0.087800
vn -0.428100 -0.903600 -0.015700
vn -0.603800 -0.235700 -0.761500
vn -0.519700 -0.258100 -0.814500
vn -0.734800 -0.064400 -0.675200
vn -0.585900 -0.258600 -0.768000
vn 0.421600 -0.306900 0.853300
vn 0.261400 -0.461200 0.847900
vn 0.356900 -0.301300 0.884200
vn 0.555600 0.396400 0.730900
vn 0.544300 0.412200 0.730700
vn 0.566700 0.412900 0.713000
vn 0.210100 -0.909800 -0.358000
vn -0.354000 0.904800 -0.236600
vn -0.240000 0.925000 -0.294500
vn -0.758000 0.555100 0.342500
vn -0.754800 0.548600 0.359600
vn -0.744000 0.558000 0.367400
vn -0.500100 0.863900 -0.059800
vn -0.511000 0.858100 -0.050700
vn -0.270400 0.919200 -0.286200
vn -0.273200 0.921500 -0.276200
vn -0.633300 -0.437300 -0.638500
vn -0.661600 -0.261600 -0.702800
vn -0.409100 -0.055700 -0.910800
vn -0.510600 -0.082100 -0.855900
vn -0.550400 -0.174600 -0.816400
vn -0.639200 -0.264700 -0.722100
vn -0.867700 -0.277000 -0.412700
vn -0.584600 -0.162800 -0.794800
vn -0.038400 -0.967800 -0.248800
vn -0.041800 -0.967700 -0.248600
vn 0.602900 -0.588100 0.539100
vn 0.581200 -0.566600 0.584100
vn 0.463500 0.520300 0.717300
vn 0.616600 0.460200 0.638800
vn -0.502400 -0.203000 -0.840400
vn 0.121600 0.322200 0.938800
vn 0.458400 0.405700 0.790800
vn 0.548200 0.479500 0.685300
vn 0.995000 -0.092800 0.038200
vn 0.798100 -0.459100 0.390200
vn 0.226300 -0.885700 -0.405300
vn 0.917900 -0.234800 0.319700
vn 0.482700 0.218900 0.848000
vn 0.994400 -0.042200 0.096600
vn 0.918100 -0.390100 0.069900
vn 0.340600 -0.591200 -0.731100
vn 0.375500 -0.607400 0.700000
vn 0.398600 -0.599100 0.694400
vn 0.655500 -0.325300 -0.681500
vn -0.229700 -0.962000 -0.147400
vn -0.257600 -0.966200 -0.014000
vn 0.432700 0.494500 0.753800
vn 0.538600 0.596500 0.595100
vn 0.504400 0.587000 0.633300
vn 0.983000 0.166700 0.077500
vn -0.019000 -0.244500 -0.969500
vn 0.185000 -0.628700 -0.755300
vn 0.194300 -0.606900 -0.770700
vn 0.594700 0.802800 0.042800
vn 0.653000 0.750600 0.100500
vn 0.250900 0.674500 -0.694400
vn 0.273800 0.785000 -0.555700
vn 0.372000 -0.915200 -0.155000
vn 0.570400 -0.821200 0.016300
vn 0.538000 0.332400 0.774700
vn 0.549500 0.062100 0.833200
vn 0.703600 0.502700 0.502200
vn 0.559900 0.452700 0.694000
vn 0.627300 0.298100 0.719500
vn 0.527000 0.208900 0.823800
vn 0.408600 -0.756100 0.511200
vn 0.929600 -0.156300 -0.333700
vn 0.313500 -0.793100 0.522200
vn 0.132700 0.139500 0.981300
vn 0.709400 -0.690400 0.141700
vn 0.512800 0.317200 0.797700
vn 0.732100 -0.666500 0.140700
vn 0.121600 -0.774700 -0.620600
vn 0.128800 -0.848000 -0.514100
vn -0.183900 -0.966900 -0.177000
vn 0.664500 0.278500 0.693500
vn -0.724200 0.014200 -0.689500
vn -0.967900 -0.131200 -0.214400
vn -0.717200 -0.081300 -0.692100
vn -0.179400 -0.963200 -0.200300
vn -0.551400 -0.048200 -0.832900
vn -0.593800 0.021700 -0.804400
vn 0.399300 -0.401000 -0.824500
vn 0.286100 -0.501400 -0.816600
vn 0.963400 -0.257200 -0.075200
vn 0.741900 -0.622500 0.249000
vn 0.141500 -0.815900 -0.560600
vn 0.079200 -0.553300 -0.829200
vn -0.717200 -0.266200 -0.644100
vn 0.831800 -0.497800 0.245400
vn 0.990200 0.102800 -0.095000
vn 0.177600 -0.101600 -0.978800
vn -0.591900 0.126100 -0.796100
vn -0.422900 0.165900 -0.890800
vn -0.721700 -0.052700 -0.690200
vn -0.043500 0.533700 -0.844600
vn -0.054900 0.488300 -0.870900
vn 0.497200 0.821200 -0.279900
vn 0.482300 0.825500 -0.293000
vn 0.012900 -0.803400 -0.595400
vn -0.582100 0.028600 -0.812600
vn -0.721700 -0.051600 -0.690300
vn 0.002000 -0.827800 -0.561000
vn 0.408200 -0.864200 0.294000
vn 0.505200 -0.799300 0.325300
vn 0.364200 0.010000 0.931200
vn -0.019100 -0.136300 0.990500
vn 0.587100 -0.784800 0.198500
vn 0.153900 -0.737800 -0.657300
vn 0.543800 -0.786400 0.293000
vn 0.411600 0.145600 0.899700
vn -0.013200 -0.740900 -0.671500
vn -0.505200 0.115900 -0.855200
vn 0.545800 0.135000 0.827000
vn -0.458200 0.109200 -0.882100
vn 0.447900 0.122600 0.885600
vn 0.988400 0.063400 -0.138300
vn 0.414100 -0.098500 0.904900
vn 0.361700 0.138200 0.922000
vn 0.498200 0.345100 0.795400
vn 0.423800 0.291600 0.857500
vn 0.864500 -0.421100 0.274200
vn 0.961100 0.177300 0.212000
vn 0.279000 0.117200 -0.953100
vn -0.532400 0.239800 -0.811800
vn 0.233700 -0.249400 -0.939800
vn -0.348900 0.340600 -0.873100
vn -0.592800 0.060900 -0.803100
vn -0.555600 -0.131700 -0.820900
vn -0.484900 0.156900 -0.860400
vn 0.308100 -0.556500 -0.771600
vn 0.800800 -0.561200 0.209000
vn 0.991000 -0.102100 0.087100
vn 0.429300 -0.190000 -0.882900
vn 0.539200 -0.079100 -0.838500
vn 0.002000 0.686000 -0.727600
vn -0.042900 0.592600 -0.804300
vn 0.591300 0.801900 -0.086100
vn 0.510600 0.845200 -0.157800
vn 0.498600 -0.839900 -0.214400
vn 0.433100 -0.855500 -0.283700
vn 0.082000 -0.987800 0.132400
vn 0.092100 -0.968600 0.230900
vn 0.390000 -0.896700 0.209200
vn 0.320900 -0.885600 0.335800
vn 0.314100 -0.899900 0.302500
vn 0.313100 -0.900400 0.302100
vn 0.041400 -0.958600 0.281700
vn 0.057200 -0.956700 0.285300
vn 0.080100 -0.885500 0.457600
vn 0.103300 -0.899000 0.425600
vn 0.197700 -0.859500 0.471400
vn 0.197300 -0.864100 0.463000
vn 0.199900 -0.864100 0.461900
vn 0.217200 -0.844000 0.490400
vn -0.964000 -0.263500 -0.035300
vn -0.905300 -0.375000 -0.199500
vn 0.793100 -0.132300 -0.594600
vn 0.660900 -0.141000 -0.737100
vn 0.207500 -0.376700 -0.902800
vn -0.649000 -0.426300 -0.630100
vn -0.070800 -0.337800 -0.938500
vn -0.754600 -0.352100 -0.553800
vn 0.906800 -0.032200 -0.420300
vn 0.988300 0.070700 0.135100
vn 0.891600 0.030400 0.451900
vn -0.330200 0.862500 -0.383600
vn -0.188100 0.901200 -0.390500
vn -0.203600 0.870600 -0.447900
vn -0.174000 0.844600 -0.506300
vn -0.105700 0.917400 -0.383600
vn -0.106600 0.917800 -0.382500
vn -0.102600 0.920500 -0.377000
vn 0.797400 0.103500 0.594500
vn -0.199600 0.938700 -0.281000
vn 0.315700 0.132900 0.939500
vn -0.140600 0.972200 -0.187000
vn -0.220700 0.958000 -0.183100
vn -0.336900 0.179800 0.924200
vn 0.294100 0.122600 0.947900
vn -0.682400 -0.049900 0.729300
vn -0.683700 -0.050100 0.728000
vn -0.301700 0.921400 -0.244800
vn -0.211000 0.944200 -0.253000
vn -0.240200 0.931300 -0.273900
vn -0.116000 0.914200 -0.388200
vn -0.132400 0.865400 -0.483300
vn -0.167600 0.854700 -0.491300
vn -0.021200 0.882100 -0.470600
vn -0.067100 0.864300 -0.498500
vn -0.061400 0.849700 -0.523700
vn -0.203300 0.864100 -0.460500
vn -0.171100 0.889000 -0.424800
vn -0.304500 0.510800 0.804000
vn -0.304700 0.510500 0.804100
vn 0.041900 -0.563700 0.824900
vn 0.501900 -0.195800 0.842500
vn 0.502000 -0.196600 0.842200
vn 0.604000 0.369000 0.706400
vn 0.604200 0.368800 0.706300
vn 0.268900 0.837100 0.476300
vn 0.269300 0.837100 0.476200
vn -0.340400 0.898700 0.276500
vn -0.340700 0.898500 0.276700
vn 0.043200 -0.564200 0.824500
vn -0.490300 0.363500 0.792200
vn -0.490000 0.363000 0.792500
vn -0.816900 0.422500 -0.392700
vn -0.023900 -0.092900 -0.995400
vn -0.024300 -0.092200 -0.995400
vn 0.831300 -0.499000 -0.244900
vn 0.340300 -0.898700 -0.276700
vn 0.153700 0.046400 -0.987000
vn 0.910000 0.096200 -0.403200
vn 0.909800 0.096400 -0.403600
vn 0.542600 0.533800 -0.648600
vn 0.542900 0.533900 -0.648200
vn -0.042100 0.564300 -0.824500
vn -0.042000 0.564500 -0.824300
vn 0.304700 -0.510800 -0.803900
vn 0.074700 -0.487000 -0.870200
vn 0.304500 -0.510600 -0.804100
vn 0.074500 -0.487100 -0.870200
vn -0.059800 -0.310900 -0.948500
vn -0.508900 -0.852700 0.117800
vn -0.936000 -0.290600 -0.198700
vn -0.508800 -0.852700 0.118100
vn 0.231100 -0.901700 0.365500
vn -0.153900 -0.047900 0.986900
vn -0.154200 -0.047700 0.986900
vn -0.378200 -0.031700 0.925200
vn -0.377600 -0.031300 0.925400
vn -0.518600 0.137200 0.843900
vn -0.519900 0.137500 0.843100
vn -0.936000 -0.290700 -0.198500
vn -0.058700 -0.311300 -0.948500
vn 0.907700 -0.419200 -0.019900
vn 0.908400 -0.417600 -0.019500
vn 0.983200 -0.016600 -0.181800
vn 0.342400 -0.672800 -0.655900
vn 0.285700 -0.261800 -0.921900
vn 0.807000 0.295200 -0.511500
vn 0.809600 0.476200 -0.343200
vn 0.761000 0.497700 -0.416100
vn 0.736100 0.671300 -0.086400
vn 0.968800 0.184300 0.165600
vn 0.777500 0.281000 0.562600
vn 0.612900 -0.040700 -0.789100
vn 0.687000 0.003300 -0.726600
vn 0.709300 -0.315100 -0.630500
vn 0.589400 -0.360700 -0.722900
vn 0.938800 0.079800 0.335200
vn 0.937200 0.130500 -0.323500
vn 0.924800 0.102500 -0.366300
vn -0.352700 -0.448000 -0.821500
vn -0.238200 -0.787500 -0.568400
vn -0.683800 -0.398400 -0.611300
vn -0.572400 -0.185500 -0.798700
vn 0.208900 0.080000 -0.974700
vn 0.351800 -0.681900 -0.641300
vn 0.266400 0.162200 -0.950100
vn 0.566000 0.195700 -0.800800
vn 0.788300 0.522800 -0.324400
vn 0.089400 0.610000 -0.787300
vn 0.105100 0.650400 -0.752300
vn -0.678500 0.018200 -0.734300
vn -0.013300 0.027200 -0.999500
vn 0.973700 0.134800 -0.183600
vn 0.955400 -0.139100 -0.260700
vn 0.677800 -0.268800 -0.684300
vn 0.885800 0.140000 0.442400
vn 0.554100 0.550500 0.624400
vn 0.640500 0.704500 0.305900
vn -0.176600 0.527200 0.831200
vn 0.027200 -0.083300 -0.996200
vn 0.035100 0.067800 -0.997100
vn 0.548500 0.538100 -0.640000
vn 0.743200 0.227800 -0.629100
vn 0.567800 0.012400 -0.823100
vn 0.000900 -0.323800 -0.946100
vn 0.006400 0.109000 -0.994000
vn -0.082800 -0.391200 -0.916600
vn -0.710800 -0.463100 -0.529400
vn -0.728900 -0.482600 -0.485600
vn -0.746000 -0.127900 -0.653600
vn -0.737900 -0.108400 -0.666100
vn 0.289800 0.182000 0.939600
vn -0.748600 0.122700 -0.651600
vn -0.727900 0.067100 -0.682400
vn 0.883400 -0.279400 0.376300
vn 0.503500 -0.687300 0.523600
vn 0.555900 -0.563100 0.611400
vn 0.119400 -0.884800 0.450400
vn -0.423600 0.735800 0.528400
vn -0.830400 0.009800 0.557000
vn -0.412600 0.718100 0.560400
vn -0.086300 -0.851900 0.516500
vn -0.731200 -0.576400 -0.364800
vn -0.045900 0.744100 0.666500
vn 0.290300 0.181700 0.939500
vn 0.336900 0.456900 0.823300
vn 0.031600 0.913100 0.406600
vn 0.168300 0.029400 0.985300
vn -0.775500 0.092200 0.624600
vn -0.244200 -0.394700 0.885800
vn -0.706900 -0.199400 0.678700
vn -0.077900 0.928300 0.363600
vn -0.283000 0.565300 0.774800
vn -0.947600 0.155300 0.279200
vn -0.629400 0.617500 0.471800
vn -0.593000 0.608100 0.527800
vn -0.622400 0.035500 0.781900
vn -0.635700 0.015300 0.771800
vn -0.962900 -0.187300 -0.194200
vn -0.882600 -0.430200 -0.189400
vn -0.885600 -0.425900 -0.184900
vn -0.231200 0.901800 -0.365100
vn 0.154000 0.047700 -0.986900
vn 0.880300 0.214200 0.423200
vn 0.844000 0.130200 0.520300
vn 0.369200 0.225700 0.901500
vn 0.292200 0.340500 0.893700
vn -0.684500 -0.018400 0.728800
vn -0.734600 0.040100 0.677300
vn 0.946800 -0.103100 -0.304900
vn 0.751000 0.034400 -0.659400
vn 0.843800 0.124400 0.522100
vn 0.192500 -0.932900 0.304300
vn -0.645500 0.569400 0.509000
vn -0.658100 0.579600 0.480500
vn 0.730200 0.020400 0.682900
vn 0.306300 0.822300 0.479500
vn -0.663600 0.498000 0.558200
vn -0.470400 0.393100 0.790100
vn -0.136200 0.360800 0.922600
vn 0.422700 0.778100 0.464600
vn 0.281700 -0.012000 0.959400
vn 0.661500 0.624800 0.414800
vn 0.786200 0.608200 0.109400
vn -0.934800 0.074200 -0.347400
vn -0.771700 0.093800 0.629000
vn 0.112000 -0.414600 0.903100
vn 0.210400 -0.525800 0.824200
vn 0.214200 -0.180600 0.960000
vn -0.317500 -0.446300 0.836700
vn 0.685600 -0.319400 0.654200
vn -0.054500 -0.995200 -0.080800
vn 0.956400 -0.095400 0.275900
vn 0.931000 -0.282300 0.231500
vn -0.060000 -0.995900 0.067100
vn 0.915400 -0.039900 0.400500
vn 0.968100 -0.003500 0.250500
vn -0.967700 -0.008800 -0.251800
vn -0.441100 -0.304700 0.844100
vn -0.433200 -0.426100 0.794200
vn -0.892000 0.157400 -0.423800
vn -0.823300 0.095400 -0.559500
vn -0.843500 0.086600 -0.530000
vn -0.886900 0.131400 -0.442800
vn -0.858700 0.069800 -0.507600
vn -0.502000 0.177200 -0.846500
vn 0.629900 0.245000 0.737000
vn 0.918900 -0.082100 0.385800
vn 0.908400 -0.038700 0.416200
vn 0.103900 -0.937100 0.333300
vn -0.254500 -0.966700 0.028500
vn -0.267500 -0.962700 0.040100
vn 0.095000 -0.973200 0.209300
vn -0.215700 -0.824300 0.523400
vn -0.891300 -0.017900 -0.453100
vn -0.559000 -0.293300 0.775600
vn -0.913600 -0.273700 -0.300700
vn 0.996200 -0.086200 0.008900
vn -0.668400 0.230700 -0.707200
vn 0.676700 -0.672800 -0.299200
vn -0.372000 -0.495600 -0.784900
vn -0.845000 -0.522000 0.116000
vn 0.318700 -0.679300 0.661000
vn 0.373100 -0.921400 0.108800
vn -0.479000 -0.801400 -0.358200
vn 0.133700 0.968900 -0.208000
vn 0.041500 0.997900 0.048800
vn -0.002300 1.000000 -0.001600
vn 0.370800 0.064200 -0.926500
vn 0.310200 0.259500 -0.914600
vn 0.062600 0.976000 -0.208600
vn 0.143200 0.948500 -0.282600
vn 0.231400 0.784300 -0.575600
vn 0.415200 0.602400 -0.681700
vn 0.065700 -0.887500 -0.456200
vn 0.770900 -0.618700 -0.151400
vn -0.699600 -0.709600 -0.083900
vn -0.750200 -0.660700 -0.025500
vn -0.078000 -0.978100 0.192900
vn 0.116600 -0.972400 0.202200
vn -0.474200 -0.879800 0.031900
vn -0.887100 0.432100 -0.162400
vn -0.267900 0.934100 -0.236100
vn 0.017100 0.898800 -0.438100
vn -0.208700 0.871000 -0.444700
vn -0.281900 0.863300 -0.418700
vn -0.223600 0.878900 -0.421400
vn -0.243800 0.880500 -0.406500
vn 0.097700 0.913700 -0.394500
vn 0.084100 0.915400 -0.393800
vn 0.602400 0.755200 -0.258300
vn 0.592200 0.758000 -0.273400
vn -0.131200 0.894900 -0.426600
vn -0.252900 0.884200 -0.392700
vn 0.596700 0.764200 -0.244800
vn 0.044300 -0.967200 0.250100
vn -0.020800 -0.999200 -0.035200
vn 0.798800 -0.563500 0.210600
vn -0.078500 -0.996100 -0.039800
vn -0.988400 -0.144800 -0.045600
vn -0.037500 0.993000 -0.112000
vn -0.115000 0.969800 -0.215100
vn -0.465700 0.855600 -0.225900
vn -0.416500 0.884900 -0.208700
vn 0.207300 0.968000 -0.141100
vn 0.225700 0.961900 -0.154600
vn -0.436300 0.879600 -0.189500
vn -0.544800 0.811400 -0.211800
vn 0.613200 0.786700 -0.070900
vn 0.599500 0.795500 -0.088100
vn -0.144300 0.968000 -0.205400
vn -0.170500 0.964800 -0.200000
vn 0.718100 0.693500 -0.058400
vn -0.704700 -0.709500 -0.007600
vn -0.753900 -0.654200 0.060100
vn -0.508600 -0.848200 0.148200
vn -0.516800 -0.850200 0.100600
vn -0.514000 -0.853000 0.089900
vn -0.601500 -0.781200 -0.167100
vn -0.817900 -0.058100 -0.572400
vn -0.977900 -0.098700 -0.184400
vn -0.972600 -0.117200 -0.200800
vn -0.973400 -0.043300 -0.224900
vn -0.580700 -0.144800 -0.801100
vn -0.713300 0.317900 -0.624600
vn -0.751900 0.065300 -0.656000
vn -0.969000 -0.080500 -0.233600
vn -0.594500 -0.379700 -0.708800
vn -0.675500 -0.175400 -0.716200
vn -0.928900 -0.342800 -0.140400
vn -0.832100 0.215600 -0.511000
vn -0.244200 -0.951600 -0.186700
vn -0.006600 -0.272900 -0.962000
vn -0.991700 -0.093200 -0.088300
vn -0.866400 -0.498300 -0.033200
vn -0.704200 -0.646500 0.293500
vn 0.276700 -0.937600 0.210500
vn -0.467200 -0.858700 0.210600
vn 0.601100 -0.480400 0.638600
vn -0.685300 0.727900 0.020500
vn -0.970200 0.109700 0.216100
vn -0.126500 0.988500 -0.082800
vn -0.045800 0.998000 -0.043400
vn -0.363400 0.931100 0.030100
vn -0.305400 0.951400 0.039800
vn 0.195000 0.979800 -0.043100
vn 0.094600 0.990600 -0.099100
vn -0.181600 0.982500 -0.042700
vn -0.090400 0.994900 -0.045800
vn 0.814100 0.556600 -0.165900
vn 0.804900 0.566700 -0.176000
vn 0.161900 0.981100 -0.106100
vn 0.142200 0.985100 -0.096400
vn 0.814800 0.555000 -0.167900
vn 0.119100 -0.171800 -0.977900
vn 0.001600 -0.137000 -0.990600
vn 0.180900 -0.010600 -0.983400
vn 0.409200 -0.877900 -0.248600
vn 0.621400 -0.743400 -0.247300
vn 0.442600 -0.395100 0.805000
vn 0.754000 -0.648100 -0.106800
vn 0.012700 -0.256700 -0.966400
vn -0.139000 -0.983300 -0.117700
vn -0.271100 -0.933100 -0.236200
vn 0.084300 -0.234100 -0.968600
vn 0.490900 -0.857400 -0.154600
vn 0.626400 -0.762800 -0.160800
vn 0.832700 -0.483200 0.270500
vn 0.643900 -0.301200 0.703300
vn 0.576100 0.786800 0.221600
vn 0.565700 0.641300 0.518400
vn 0.872500 0.418300 -0.252600
vn -0.317600 0.212900 0.924000
vn -0.132700 0.053500 0.989700
vn -0.105100 -0.465900 0.878600
vn 0.637100 0.523900 0.565500
vn -0.062500 0.201900 0.977400
vn 0.886800 0.415900 -0.201300
vn -0.016300 -0.997500 0.068600
vn 0.015300 -0.968700 0.247600
vn 0.943100 0.332400 -0.013200
vn 0.913300 0.404800 -0.045100
vn 0.683800 0.596200 0.420600
vn 0.793800 0.417000 0.442800
vn 0.865800 0.492200 0.089500
vn 0.916900 0.364100 -0.163600
vn 0.910300 0.377800 -0.169400
vn 0.790400 0.442300 0.423700
vn 0.786400 0.431900 0.441600
vn 0.903700 0.165500 -0.395000
vn 0.747400 -0.654300 -0.115000
vn 0.672100 -0.588800 0.449000
vn 0.318200 -0.773700 -0.547800
vn 0.857900 0.507000 0.083600
vn 0.877700 0.442400 -0.184200
vn 0.630000 0.605300 -0.486600
vn 0.169900 -0.927200 0.333800
vn 0.718900 -0.689800 -0.085700
vn 0.488500 -0.677900 -0.549400
vn 0.435000 -0.794700 -0.423500
vn 0.685600 -0.618600 -0.383800
vn 0.160300 -0.005400 -0.987000
vn 0.383400 0.274000 -0.882000
vn -0.047800 -0.055800 -0.997300
vn 0.516300 -0.823200 -0.236300
vn -0.271600 -0.931900 -0.240400
vn 0.337000 -0.583800 0.738600
vn 0.248800 -0.634100 0.732200
vn 0.277300 -0.562600 0.778800
vn 0.327700 -0.538800 0.776100
vn 0.550800 -0.529600 0.645100
vn -0.115000 0.282800 0.952300
vn 0.056700 0.479100 0.875900
vn -0.262900 0.242100 0.934000
vn -0.262700 -0.773600 0.576700
vn -0.109500 -0.010800 0.993900
vn -0.267500 0.296800 0.916700
vn -0.028100 0.100900 0.994500
vn -0.080600 0.982900 0.165600
vn 0.083200 0.090700 -0.992400
vn -0.056800 0.194500 0.979200
vn -0.236600 -0.768700 0.594300
vn 0.284800 -0.735900 0.614300
vn 0.197800 -0.717400 0.667900
vn 0.007700 0.211300 0.977400
vn 0.414800 0.266900 0.869900
vn -0.154800 0.312400 0.937200
vn -0.259600 -0.750000 0.608400
vn 0.315900 -0.910300 -0.267600
vn -0.213700 -0.890200 -0.402400
vn -0.135900 -0.940600 -0.311300
vn 0.298600 -0.911700 -0.282300
vn 0.159100 -0.031900 -0.986700
vn 0.593400 0.044300 -0.803700
vn -0.014800 0.057300 -0.998200
vn 0.110100 -0.100800 -0.988800
vn -0.143400 0.254200 0.956500
vn -0.822200 -0.400500 0.404400
vn 0.037100 0.072000 0.996700
vn -0.061600 0.315400 0.946900
vn -0.366900 0.390800 0.844200
vn -0.153800 0.408900 0.899500
vn -0.014000 0.020100 -0.999700
vn 0.235400 -0.192800 -0.952600
vn 0.155700 -0.005000 -0.987800
vn -0.225500 0.106900 -0.968400
vn -0.040200 0.116800 -0.992300
vn -0.682100 -0.307500 -0.663500
vn -0.370900 -0.704800 -0.604700
vn -0.317200 -0.588200 0.744000
vn -0.782700 -0.123400 0.610000
vn -0.182100 -0.922700 -0.339800
vn -0.219200 -0.689100 0.690700
vn -0.654700 -0.449800 0.607600
vn -0.674100 -0.638000 -0.372100
vn -0.545800 -0.708000 -0.448200
vn -0.503800 -0.793900 -0.340300
vn -0.803800 -0.591200 -0.066700
vn 0.367600 -0.888500 -0.274500
vn 0.462000 -0.865800 -0.192100
vn 0.009400 -0.172100 -0.985000
vn 0.147500 -0.220400 -0.964200
vn 0.256600 -0.539700 0.801800
vn 0.279100 -0.542900 0.792000
vn -0.505600 -0.538500 0.674100
vn -0.656400 -0.284100 0.698800
vn -0.164000 0.434800 0.885400
vn -0.023900 0.406300 0.913400
vn -0.229700 -0.522500 0.821100
vn -0.132600 -0.978800 -0.156300
vn -0.382400 -0.794500 -0.471800
vn 0.235600 -0.367700 -0.899600
vn -0.405800 -0.778800 -0.478200
vn -0.463400 -0.399100 -0.791200
vn -0.065900 -0.101600 -0.992600
vn -0.178400 -0.108300 -0.978000
vn 0.171800 -0.209300 -0.962600
vn -0.636000 -0.227500 0.737400
vn 0.043300 0.234200 0.971200
vn -0.409000 -0.350600 0.842500
vn -0.696600 -0.038000 0.716400
vn -0.191500 0.538200 0.820800
vn -0.238800 0.532000 0.812400
vn -0.050100 0.490300 0.870100
vn 0.466400 -0.134900 -0.874200
vn -0.043900 -0.149900 -0.987700
vn 0.338900 0.442500 0.830300
vn 0.056300 -0.229300 -0.971700
vn 0.175300 -0.959000 -0.222600
vn 0.177600 -0.959200 -0.220200
vn 0.021400 -0.585600 0.810300
vn -0.260300 0.496900 0.827800
vn -0.082000 0.367500 0.926400
vn 0.054500 -0.555000 0.830100
vn -0.119200 0.374100 0.919700
vn -0.140100 0.368700 0.918900
vn 0.130900 0.658400 0.741200
vn -0.247900 0.460100 0.852600
vn 0.014000 0.992900 0.117700
vn -0.374000 -0.873000 0.313000
vn -0.400400 0.330700 0.854600
vn 0.372800 -0.369300 0.851200
vn 0.446500 -0.329300 0.832000
vn 0.340800 -0.458100 0.821000
vn 0.432600 -0.416200 0.799800
vn -0.211200 -0.589700 0.779500
vn -0.171800 -0.567300 0.805400
vn 0.814700 0.139300 -0.562900
vn 0.893100 0.369900 -0.256100
vn 0.923700 0.380500 0.044400
vn 0.931200 0.326100 0.163000
vn 0.952400 0.232300 -0.197200
vn 0.949500 0.177100 -0.258900
vn 0.631200 -0.693400 -0.347500
vn 0.680800 -0.645400 0.346400
vn 0.157200 -0.736200 -0.658300
vn 0.151800 -0.738300 -0.657100
vn 0.178000 -0.742700 -0.645600
vn 0.501000 -0.567200 -0.653600
vn -0.138500 0.103200 -0.985000
vn 0.068100 0.313900 -0.947000
vn -0.265500 0.081200 -0.960700
vn 0.387100 -0.767900 -0.510300
vn -0.366500 -0.863200 -0.347200
vn 0.411200 -0.657400 0.631500
vn 0.455700 -0.638600 0.620200
vn 0.361500 -0.755600 0.546200
vn 0.538300 -0.683000 0.493700
vn 0.579900 -0.681900 0.445700
vn 0.144300 0.153100 0.977600
vn 0.066900 0.138000 0.988200
vn -0.186000 -0.801100 0.568800
vn 0.296200 0.330000 0.896300
vn -0.025800 0.178000 0.983700
vn 0.060200 0.143400 0.987800
vn -0.048400 0.059400 0.997100
vn -0.048300 0.097200 0.994100
vn -0.257100 0.164900 -0.952200
vn -0.261000 0.166800 -0.950800
vn 0.145200 0.104900 0.983800
vn -0.011600 -0.790300 0.612600
vn -0.088600 -0.775600 0.624900
vn -0.225800 -0.831100 -0.508200
vn -0.094500 -0.813700 0.573500
vn 0.108200 -0.844500 0.524600
vn -0.079200 -0.905600 -0.416700
vn -0.277600 -0.878700 -0.388300
vn 0.036800 -0.790900 0.610900
vn 0.246000 0.095200 0.964600
vn 0.631300 0.042400 0.774400
vn -0.156300 -0.841100 -0.517800
vn -0.113700 -0.892300 -0.436800
vn -0.031200 0.004000 -0.999500
vn 0.152100 -0.023200 -0.988100
vn 0.036500 0.239200 0.970300
vn -0.177400 0.077000 -0.981100
vn -0.138300 0.026300 -0.990000
vn 0.126300 0.176500 0.976100
vn -0.796100 -0.152100 0.585800
vn 0.224000 -0.022300 0.974300
vn 0.206700 0.216600 0.954100
vn -0.021500 0.359000 0.933100
vn 0.081800 0.336800 0.938000
vn -0.163200 0.098000 -0.981700
vn -0.010800 -0.150900 -0.988500
vn -0.664400 -0.473400 -0.578300
vn -0.819400 -0.110600 -0.562400
vn -0.343500 -0.500000 0.795000
vn -0.600800 0.016100 0.799200
vn -0.125400 0.190900 -0.973600
vn -0.298700 -0.632900 0.714300
vn -0.524100 -0.764900 -0.374500
vn -0.323100 0.244900 -0.914100
vn -0.027700 0.037400 -0.998900
vn -0.617300 -0.263900 0.741100
vn -0.806900 -0.447100 -0.386100
vn -0.899300 -0.346900 -0.266400
vn 0.183500 -0.779100 -0.599500
vn 0.160900 0.217800 -0.962600
vn 0.109400 0.098300 -0.989100
vn 0.147200 0.055300 -0.987600
vn 0.124600 0.020600 -0.992000
vn 0.926500 0.346000 -0.148200
vn 0.289100 -0.064300 -0.955100
vn 0.127800 0.187200 -0.974000
vn -0.032800 0.217400 -0.975500
vn -0.425000 0.805000 -0.414000
vn 0.288300 -0.076100 -0.954500
vn 0.306400 -0.212800 -0.927800
vn 0.180700 -0.110900 -0.977300
vn -0.613000 -0.196700 -0.765200
vn -0.599600 -0.563100 -0.568700
vn 0.477500 -0.088800 0.874100
vn -0.539700 -0.267000 -0.798400
vn -0.314100 -0.127900 -0.940700
vn -0.492100 -0.360000 -0.792600
vn -0.057000 -0.414100 -0.908400
vn -0.045100 -0.289900 -0.956000
vn -0.189000 0.033900 -0.981400
vn 0.887500 0.381000 -0.259300
vn 0.940000 0.338500 0.042700
vn 0.898800 0.311800 -0.308100
vn 0.955400 -0.295200 -0.004600
vn -0.927400 0.268100 0.261100
vn 0.776600 -0.546500 -0.313400
vn 0.889300 0.456400 -0.028700
vn -0.768200 -0.257900 0.586000
vn 0.182800 -0.295300 -0.937700
vn -0.356900 -0.623800 -0.695400
vn -0.097300 -0.642500 0.760100
vn -0.159300 -0.735200 0.658900
vn -0.012300 -0.281800 -0.959400
vn 0.000100 0.121400 -0.992600
vn 0.009600 0.135300 -0.990800
vn -0.027300 -0.915900 -0.400400
vn -0.218000 -0.754800 0.618600
vn -0.703100 0.287900 0.650200
vn -0.778200 0.215500 0.589900
vn 0.053100 0.909800 0.411700
vn 0.109300 0.890900 0.440800
vn 0.934900 0.097000 -0.341400
vn 0.940000 0.108500 -0.323600
vn 0.219900 0.663400 0.715200
vn -0.182700 0.321200 0.929200
vn 0.219900 0.663500 0.715200
vn 0.728600 0.286600 0.622100
vn -0.604900 0.312500 0.732400
vn 0.031700 0.971100 0.236400
vn -0.533800 0.214200 0.818000
vn 0.891500 0.172500 -0.418800
vn 0.937100 0.108400 -0.331700
vn -0.445100 0.202800 0.872200
vn 0.215300 0.676500 0.704300
vn 0.875100 0.102200 -0.473100
vn 0.787000 0.158100 -0.596300
vn 0.814800 0.275900 -0.509900
vn 0.943200 0.299000 0.144500
vn 0.465000 0.642700 0.608900
vn 0.465000 0.642600 0.609000
vn 0.129100 0.210100 0.969100
vn -0.644100 0.132100 0.753400
vn 0.267100 0.954400 -0.133700
vn 0.156600 0.966400 0.203600
vn -0.780200 0.212300 0.588500
vn -0.584100 0.024100 0.811300
vn 0.908700 0.338600 -0.244100
vn 0.893600 0.180400 -0.411000
vn 0.000900 1.000000 -0.001200
vn 0.000600 1.000000 -0.000600
vn -0.776400 -0.075500 0.625700
vn 0.989200 0.144800 0.022900
vn 0.218600 0.799900 0.558800
vn -0.603100 0.025600 0.797300
vn -0.675200 0.158500 0.720400
vn 0.963800 0.257100 -0.070300
vn 0.002300 -1.000000 -0.002900
vn 0.119100 -0.989100 0.086300
vn 0.122900 -0.986000 0.112500
vn -0.121500 -0.985100 -0.121800
vn 0.003900 -1.000000 -0.000300
vn 0.001500 -1.000000 -0.000700
vn 0.001700 -1.000000 0.000300
vn 0.001200 -1.000000 -0.000900
vn 0.001400 -1.000000 -0.000100
vn 0.001200 -1.000000 -0.006200
vn -0.000800 -1.000000 -0.003500
vn 0.002700 -1.000000 -0.003100
vn 0.168600 -0.964000 0.205600
vn 0.144100 -0.926800 0.346800
vn 0.001100 -1.000000 -0.006400
vn 0.120400 -0.943800 0.307800
vn 0.120500 -0.943800 0.307800
vn -0.088300 -0.970500 -0.224300
vn -0.095900 -0.960700 -0.260500
vn 0.000500 -1.000000 -0.002100
vn 0.002300 -1.000000 -0.001100
vn 0.002500 -1.000000 -0.004000
vn 0.110300 -0.966600 0.231400
vn 0.110400 -0.966700 0.231100
vn -0.113500 -0.959800 -0.256700
vn -0.808500 0.063700 0.585100
vn -0.692700 0.193700 0.694700
vn -0.013800 0.270400 0.962600
vn 0.355200 0.652100 0.669800
vn 0.123600 0.972700 0.196400
vn 0.077000 0.980000 0.183300
vn 0.355200 0.652200 0.669700
vn -0.686600 0.273800 0.673600
vn 0.058400 0.996100 0.066800
vn -0.634000 0.200800 0.746800
vn 0.058200 0.996100 0.066800
vn 0.889600 0.292100 -0.351200
vn 0.877300 0.188500 -0.441400
vn 0.800800 0.333300 0.497600
vn 0.863200 0.152900 -0.481200
vn 0.247100 0.859900 0.446700
vn -0.545700 0.205900 0.812300
vn -0.550800 0.214200 0.806700
vn 0.956400 0.262300 -0.128400
vn 0.966100 0.236900 -0.102600
vn 0.940000 0.220900 -0.260100
vn 0.064000 0.985300 0.158300
vn 0.056800 0.978800 0.196700
vn 0.871100 0.158700 -0.464700
vn 0.859800 0.131000 -0.493500
vn -0.814100 -0.016100 0.580500
vn -0.734300 0.095600 0.672100
vn 0.278100 0.958800 0.057600
vn 0.546900 0.771700 0.324600
vn 0.249600 0.956400 -0.151800
vn 0.546600 0.772200 0.324000
vn 0.268200 0.201600 0.942000
vn -0.515500 0.054300 0.855100
vn -0.536400 0.164500 0.827800
vn 0.923100 0.329900 -0.197600
vn 0.570200 0.259500 -0.779400
vn -0.428500 0.078100 0.900200
vn -0.691200 0.052100 0.720800
vn 0.089900 0.990700 -0.102000
vn 0.646400 0.346800 -0.679600
vn 0.090900 0.989800 -0.109400
vn 0.584600 0.688400 0.429400
vn 0.602500 0.307900 -0.736300
vn 0.722000 0.283600 -0.631100
vn 0.954800 0.274200 -0.114700
vn -0.618600 -0.041800 0.784600
vn 0.931200 0.361000 -0.050800
vn 0.932400 0.360000 0.033200
vn 0.755300 0.555400 0.348000
vn 0.585200 0.455600 0.670800
vn 0.348900 0.420500 0.837500
vn 0.333600 0.401500 0.852900
vn 0.919700 0.386400 -0.070200
vn 0.878200 0.147300 0.455000
vn 0.874700 0.054100 0.481600
vn 0.857000 0.237000 -0.457600
vn 0.812300 0.291600 -0.505100
vn 0.949600 -0.021000 -0.312800
vn 0.906300 0.375400 -0.194000
vn 0.875800 0.386200 0.289500
vn 0.756900 0.461000 0.463300
vn 0.412800 0.189600 0.890900
vn 0.596600 0.275300 0.753800
vn 0.800900 0.136100 0.583200
vn 0.118800 0.311900 0.942700
vn 0.202400 0.182700 0.962100
vn 0.383500 0.332600 0.861500
vn 0.427700 0.221900 0.876200
vn 0.106000 0.036100 0.993700
vn -0.127000 -0.073300 0.989200
vn -0.022400 -0.077600 0.996700
vn -0.470200 -0.497400 0.729000
vn -0.196900 0.026300 0.980100
vn -0.187700 0.039000 0.981500
vn -0.670000 -0.172700 0.722000
vn -0.241000 0.136800 0.960800
vn -0.255900 0.029900 0.966300
vn 0.059800 0.311300 0.948400
vn -0.026500 0.231000 0.972600
vn -0.194700 0.027300 0.980500
vn 0.404800 0.389500 0.827300
vn -0.608500 -0.353500 0.710500
vn -0.579900 -0.439300 0.686100
vn -0.464600 0.199700 0.862700
vn -0.511400 0.185200 0.839200
vn -0.669400 -0.432100 0.604300
vn -0.682800 -0.392500 0.616200
vn 0.085900 -0.432700 0.897400
vn -0.698700 -0.450800 0.555500
vn -0.753200 -0.131300 0.644600
vn -0.719400 -0.286400 0.632900
vn -0.737700 -0.145900 0.659200
vn -0.582900 0.253500 0.772000
vn -0.428800 -0.045600 0.902200
vn 0.377400 -0.322500 0.868100
vn -0.662100 0.542700 0.516800
vn -0.679600 0.536800 0.500000
vn -0.545900 0.461800 0.699100
vn -0.738000 -0.395200 0.547000
vn -0.384400 -0.541400 0.747700
vn -0.421700 -0.563100 0.710700
vn -0.011700 -0.702500 0.711600
vn -0.320600 -0.511500 0.797200
vn -0.658600 -0.536400 0.527700
vn -0.304700 0.600600 0.739200
vn -0.231000 0.705300 0.670200
vn -0.777000 0.609300 -0.157800
vn -0.599300 0.800400 0.015300
vn -0.484300 0.723200 -0.492400
vn 0.489000 0.868200 -0.084800
vn -0.018400 0.763000 0.646100
vn 0.488200 0.872700 0.007900
vn 0.641600 0.755700 0.131300
vn 0.641700 0.736800 0.212800
vn 0.757000 0.593000 -0.274500
vn 0.746200 0.589700 -0.309100
vn 0.644500 0.652800 -0.398200
vn 0.705300 0.023400 -0.708600
vn 0.714300 -0.005000 -0.699800
vn 0.876000 -0.164900 -0.453200
vn 0.714400 -0.192900 -0.672600
vn 0.647300 -0.103900 -0.755200
vn 0.580800 0.215700 -0.785000
vn 0.152600 0.002000 -0.988300
vn -0.363600 0.722800 -0.587700
vn 0.357700 -0.739300 -0.570500
vn -0.339600 0.938100 0.068300
vn 0.403500 0.528700 -0.746700
vn 0.513200 0.614300 -0.599300
vn 0.297300 0.743900 -0.598500
vn 0.317700 -0.605800 -0.729400
vn 0.513700 -0.729200 -0.452000
vn 0.499500 -0.700900 -0.509100
vn 0.677000 0.041500 -0.734800
vn 0.339500 -0.739100 -0.581800
vn 0.343000 -0.742600 -0.575200
vn -0.187600 -0.982200 -0.002000
vn -0.020200 -0.982300 0.186400
vn -0.231900 -0.944900 -0.231000
vn -0.025700 -0.960900 0.275800
vn 0.418700 -0.431600 0.799000
vn 0.573800 -0.307600 0.759000
vn -0.704500 0.651700 0.281100
vn -0.190500 0.741300 -0.643500
vn 0.259900 -0.949500 -0.176000
vn 0.173300 -0.970300 -0.168500
vn -0.204000 -0.956600 -0.208100
vn 0.045300 -0.915200 -0.400400
vn 0.343200 -0.929000 -0.138300
vn 0.145300 -0.907900 -0.393300
vn -0.619500 0.663000 -0.420200
vn 0.258700 -0.630800 -0.731600
vn -0.855100 -0.355200 -0.377700
vn -0.222700 -0.971300 -0.083200
vn -0.404300 0.667200 -0.625600
vn -0.684300 0.526500 -0.504600
vn -0.269100 0.773700 -0.573600
vn -0.969400 0.009600 0.245500
vn 0.412300 -0.687400 -0.597900
vn -0.094200 -0.993900 -0.056500
vn 0.006400 -0.980800 0.194800
vn 0.223600 -0.973100 -0.055700
vn -0.998500 -0.027800 0.047900
vn -0.802200 -0.546900 -0.239600
vn -0.813900 0.387400 0.433000
vn -0.825000 0.423800 0.373800
vn -0.265100 0.964100 0.017300
vn -0.432400 0.901500 0.019300
vn -0.445300 0.893300 0.061200
vn -0.587000 0.730000 0.350000
vn -0.412700 0.894200 -0.173500
vn 0.277400 0.860200 -0.428000
vn 0.070800 0.949500 -0.305600
vn 0.426500 0.837600 -0.341400
vn 0.666200 0.595900 -0.448400
vn 0.803300 0.491700 -0.335900
vn 0.890300 0.331300 -0.312400
vn 0.982600 -0.110600 0.149400
vn 0.942500 -0.253700 0.217600
vn 0.939800 -0.258700 0.223400
vn 0.993300 -0.040900 0.107700
vn 0.673500 -0.369800 0.640100
vn 0.615500 -0.358000 0.702100
vn 0.932100 -0.143200 0.332700
vn 0.934100 -0.139100 0.328700
vn 0.983100 -0.088300 0.160500
vn 0.588000 -0.291000 0.754700
vn 0.607300 -0.263100 0.749700
vn -0.009300 -0.410000 0.912000
vn 0.018900 -0.417100 0.908700
vn 0.074600 -0.537400 0.840000
vn 0.009200 -0.521600 0.853100
vn 0.117100 -0.514200 0.849600
vn 0.027100 -0.416000 0.908900
vn 0.048100 -0.487500 0.871800
vn -0.671300 -0.305400 0.675300
vn -0.696200 -0.186800 0.693200
vn 0.083100 -0.803400 0.589600
vn 0.270700 -0.857600 0.437300
vn 0.623100 -0.710400 0.327300
vn 0.241300 -0.921000 0.305800
vn 0.734100 -0.653700 -0.183800
vn 0.733600 -0.659300 -0.164700
vn 0.238200 -0.921800 0.305800
vn 0.240500 -0.921700 0.304200
vn 0.101800 -0.755400 0.647300
vn 0.258400 -0.811100 0.524700
vn -0.681400 -0.385600 0.622100
vn -0.664800 -0.434000 0.608100
vn -0.644300 -0.659600 0.387000
vn -0.511100 -0.803000 0.306500
vn -0.604700 -0.496000 0.623200
vn -0.557200 -0.462600 0.689600
vn 0.841300 -0.540600 -0.001500
vn 0.328600 -0.748100 0.576600
vn 0.067300 -0.848700 0.524600
vn 0.823700 -0.516400 0.234300
vn 0.887100 -0.129700 -0.442900
vn 0.994900 -0.052600 -0.085900
vn 0.155800 0.333200 -0.929900
vn 0.298900 0.405000 -0.864100
vn -0.660100 0.441000 -0.608100
vn -0.593200 0.504200 -0.627600
vn -0.991300 0.106000 0.077400
vn -0.887100 0.448600 -0.109100
vn -0.949700 -0.274500 -0.150700
vn -0.837000 0.057000 -0.544300
vn -0.576300 0.002000 -0.817200
vn -0.855000 0.381200 -0.351700
vn -0.986000 -0.055400 0.157500
vn -0.984900 0.136800 0.106300
vn -0.952900 -0.274500 -0.128700
vn -0.653000 0.660800 -0.370000
vn -0.487900 0.731900 -0.475600
vn -0.422600 0.701000 -0.574500
vn -0.382400 0.176900 -0.906900
vn 0.165600 0.671000 -0.722800
vn 0.205500 0.643100 -0.737700
vn 0.199200 0.005900 -0.979900
vn 0.688200 0.487200 -0.537700
vn 0.760900 0.356500 -0.542100
vn 0.886800 0.204000 -0.414600
vn 0.925500 0.024100 -0.378000
vn 0.891700 -0.445900 0.078200
vn 0.738900 -0.396000 -0.545100
vn 0.741400 -0.397700 -0.540600
vn 0.674000 -0.100000 -0.732000
vn 0.859000 -0.501500 0.103000
vn 0.715400 -0.685600 -0.134600
vn 0.143000 0.074100 -0.986900
vn 0.956200 -0.267000 -0.119500
vn 0.827700 -0.560100 -0.034500
vn -0.147100 0.496100 0.855700
vn 0.087700 0.664300 0.742300
vn 0.197600 0.652200 0.731900
vn -0.174100 0.493800 0.851900
vn 0.627500 0.635700 -0.449600
vn 0.628500 0.124000 -0.767900
vn 0.587800 0.654000 -0.476200
vn 0.699800 0.661500 -0.269800
vn -0.034400 0.998800 0.035700
vn 0.686200 0.083700 -0.722600
vn 0.674000 0.110700 -0.730400
vn 0.389700 -0.490400 -0.779500
vn 0.184500 0.695500 0.694500
vn 0.111800 -0.247600 0.962400
vn 0.274100 0.009100 0.961600
vn 0.831300 -0.032500 0.554900
vn 0.749600 0.090600 0.655700
vn 0.546900 0.621200 0.561200
vn 0.979300 0.168900 -0.111200
vn -0.482100 -0.109800 0.869200
vn -0.342000 0.674300 0.654500
vn 0.138400 0.655700 0.742300
vn 0.107200 0.761000 0.639800
vn 0.045100 0.787700 0.614400
vn -0.182800 0.976000 0.118100
vn 0.022600 0.981200 0.191800
vn 0.335300 0.934700 -0.118100
vn 0.336000 0.935000 -0.113900
vn -0.047600 0.998900 0.005700
vn 0.072400 0.990600 -0.116200
vn 0.270300 0.935600 -0.227300
vn 0.551000 0.264800 -0.791400
vn 0.552600 0.267400 -0.789400
vn 0.655500 0.755200 -0.007400
vn 0.788300 0.338900 0.513600
vn -0.967100 0.242600 -0.077100
vn -0.666400 0.454200 0.591300
vn 0.212700 0.942000 -0.259500
vn 0.208600 0.954500 -0.212900
vn -0.044100 0.999000 0.006400
vn 0.930200 0.242500 -0.275600
vn 0.913400 0.337600 -0.227600
vn 0.784500 -0.039000 -0.618900
vn 0.523800 -0.056600 -0.849900
vn 0.572000 -0.106400 -0.813300
vn 0.474100 0.100100 -0.874800
vn -0.354600 -0.674200 -0.647900
vn -0.373400 -0.653500 -0.658500
vn -0.493500 0.093600 -0.864700
vn 0.386000 0.147300 -0.910600
vn 0.249100 0.444300 -0.860600
vn 0.293300 0.466700 -0.834400
vn -0.976000 -0.009600 0.217600
vn -0.955300 -0.067300 0.287800
vn -0.501200 0.480600 -0.719600
vn -0.544200 0.152300 -0.825000
vn -0.976500 0.199700 0.081400
vn -0.976500 0.180000 0.118300
vn -0.580300 0.553500 -0.597400
vn -0.919000 0.392300 -0.038000
vn -0.935400 0.341700 -0.090800
vn -0.742300 0.117100 0.659700
vn -0.842800 0.040300 0.536700
vn -0.858300 0.038600 0.511700
vn -0.908000 0.197100 0.369700
vn -0.684500 0.104300 0.721500
vn -0.848200 -0.057800 0.526500
vn -0.964800 0.179300 -0.192100
vn -0.949200 0.199600 0.243300
vn -0.937200 -0.047200 -0.345600
vn -0.779700 0.509600 -0.363900
vn -0.248900 0.151100 0.956700
vn -0.257100 0.109700 0.960100
vn -0.518100 -0.046400 0.854100
vn 0.664900 0.347900 -0.661000
vn 0.652100 0.346000 -0.674600
vn 0.107900 0.966900 -0.231100
vn 0.627800 0.287900 -0.723200
vn 0.675800 0.322700 -0.662700
vn -0.092600 -0.982200 -0.163700
vn -0.046700 -0.989000 -0.140400
vn 0.047900 -0.998100 0.038700
vn -0.148600 -0.834900 0.529900
vn -0.053300 -0.997400 -0.049200
vn -0.015700 -0.999700 0.017200
vn -0.013700 -0.999700 0.018400
vn -0.491500 -0.849100 -0.193200
vn 0.033200 -0.997600 0.061500
vn 0.042800 -0.992200 0.116700
vn -0.020400 -0.999400 -0.029500
vn -0.035700 -0.995500 -0.087400
vn -0.168500 -0.592800 -0.787500
vn -0.183200 -0.718200 -0.671300
vn 0.252800 -0.415400 -0.873800
vn -0.537300 0.765400 -0.354200
vn -0.010800 0.695600 0.718400
vn 0.795500 -0.431000 0.425900
vn 0.524200 0.838200 0.150200
vn -0.398900 0.728200 -0.557300
vn -0.120800 0.845600 -0.519900
vn 0.723800 -0.484200 0.491600
vn 0.541600 0.737200 0.404000
vn 0.744200 -0.453200 0.490700
vn -0.685600 -0.521900 0.507600
vn -0.438800 0.698700 -0.565100
vn -0.628400 0.680700 -0.376500
vn -0.378300 0.925600 -0.014500
vn -0.818900 0.248800 0.517200
vn -0.609500 0.443700 0.657000
vn -0.454100 0.850300 0.266000
vn -0.468600 0.860000 0.201700
vn -0.753000 0.642800 -0.140700
vn -0.742400 0.653800 -0.146500
vn -0.767000 0.165200 0.620000
vn -0.875700 -0.251100 0.412400
vn -0.879800 -0.081800 -0.468200
vn -0.510900 0.149600 -0.846500
vn -0.943200 -0.145700 -0.298700
vn -0.928800 -0.008500 -0.370400
vn 0.107200 0.776900 0.620500
vn -0.030100 0.565800 0.824000
vn -0.547900 0.582200 0.600700
vn -0.023100 0.555400 0.831300
vn 0.213200 0.444100 0.870300
vn 0.283000 0.443500 0.850400
vn 0.535300 0.096400 0.839100
vn 0.547600 0.152100 0.822800
vn 0.719900 -0.366200 0.589600
vn 0.638500 -0.469800 0.609700
vn 0.705100 -0.580200 0.407600
vn 0.741100 -0.569400 0.355600
vn 0.754700 -0.554400 0.350700
vn 0.844200 -0.318500 0.431100
vn 0.751300 0.242900 0.613700
vn 0.807000 0.207300 0.553000
vn 0.917400 -0.146400 0.370000
vn 0.505300 0.581600 0.637500
vn 0.467400 0.590300 0.658100
vn 0.215800 0.781000 0.586000
vn -0.284100 -0.300500 0.910500
vn -0.282200 -0.376100 0.882600
vn -0.356600 -0.347500 0.867200
vn -0.367800 -0.380900 0.848300
vn -0.493400 -0.377700 0.783500
vn -0.399100 -0.352800 0.846300
vn -0.192200 -0.432100 0.881100
vn -0.486200 -0.306700 0.818300
vn 0.466800 0.041500 -0.883400
vn 0.286300 0.199700 -0.937100
vn 0.446800 0.455700 -0.769900
vn 0.711100 0.440200 -0.548200
vn 0.710400 0.352100 -0.609400
vn 0.684100 0.444000 -0.578700
vn 0.622700 0.548000 -0.558600
vn 0.499400 0.680600 -0.536200
vn 0.645400 0.566200 -0.512700
vn 0.503500 0.692900 -0.516100
vn 0.223900 0.731600 -0.643900
vn 0.304200 0.611800 -0.730200
vn 0.103100 0.475700 -0.873600
vn -0.130900 0.622600 -0.771500
vn -0.282700 0.200100 -0.938100
vn -0.082700 0.237500 -0.967900
vn 0.094400 -0.047400 -0.994400
vn -0.018700 -0.174900 -0.984400
vn -0.636900 -0.694200 -0.335400
vn -0.632400 -0.695400 -0.341300
vn -0.970700 -0.003500 -0.240100
vn 0.098000 -0.983500 0.152100
vn 0.078600 -0.988600 -0.128200
vn -0.527100 -0.574300 -0.626400
vn 0.198500 -0.920300 -0.337200
vn -0.467800 -0.883300 0.030600
vn -0.291100 -0.930400 -0.222600
vn -0.138400 -0.988800 -0.055900
vn 0.355600 -0.093600 -0.929900
vn 0.377800 -0.270900 -0.885300
vn -0.236200 -0.404900 0.883300
vn -0.456800 -0.342700 0.820900
vn 0.294800 -0.923600 0.245000
vn -0.330900 -0.575200 0.748100
vn -0.236000 -0.335200 0.912100
vn -0.525800 -0.438900 0.728700
vn -0.404900 -0.518600 0.753100
vn -0.647100 -0.526800 -0.551200
vn -0.486800 -0.640600 0.593900
vn -0.629800 -0.373900 0.680800
vn -0.617700 -0.377300 0.689900
vn -0.514500 -0.151500 0.844000
vn -0.415700 -0.271800 0.867900
vn -0.190000 -0.160100 0.968600
vn -0.120400 -0.295200 0.947800
vn -0.351500 -0.321200 0.879300
vn -0.176600 -0.358200 0.916800
vn -0.177800 -0.363200 0.914600
vn -0.843900 0.464700 0.268200
vn -0.828600 0.496300 0.259100
vn -0.296100 0.770300 0.564800
vn 0.558700 -0.525200 0.641900
vn 0.539200 -0.525900 0.657800
vn 0.267700 -0.661900 0.700200
vn 0.163600 -0.259300 0.951900
vn 0.739800 -0.073500 0.668800
vn 0.559500 -0.531300 0.636100
vn 0.613900 0.253500 0.747600
vn 0.551600 0.307600 0.775300
vn 0.822500 0.492000 0.285400
vn 0.643700 0.688100 0.334800
vn 0.429000 0.898300 0.094700
vn 0.512900 0.751500 0.415000
vn 0.564600 0.762300 0.316500
vn 0.858500 0.286000 0.425600
vn 0.880600 -0.176300 0.439800
vn 0.505200 0.757600 -0.413300
vn 0.345300 0.593700 -0.726800
vn 0.330500 0.675300 -0.659300
vn 0.211500 0.503900 -0.837500
vn -0.577600 0.725900 -0.373400
vn -0.809300 0.174800 -0.560800
vn -0.893900 0.047000 -0.445900
vn -0.711000 -0.696200 -0.098700
vn -0.350100 0.927700 -0.129800
vn -0.243300 0.628600 -0.738700
vn -0.926000 0.143900 -0.348900
vn -0.244500 0.949800 -0.195100
vn -0.241200 0.952800 -0.184200
vn -0.578200 0.709000 -0.403800
vn -0.713400 -0.423900 -0.558000
vn -0.678300 -0.701900 -0.217600
vn 0.113200 -0.992200 0.052900
vn -0.705000 -0.705800 -0.069700
vn 0.009300 -0.955600 0.294700
vn 0.010700 -0.952700 0.303600
vn -0.149100 -0.968300 0.200400
vn -0.644600 0.609000 -0.462300
vn -0.858500 0.512700 -0.010400
vn -0.871200 0.468700 -0.146000
vn -0.755700 0.053300 0.652700
vn -0.906900 0.063700 0.416600
vn -0.838300 -0.023400 0.544800
vn -0.815400 0.025800 0.578300
vn -0.830700 0.051500 0.554300
vn -0.899100 0.083200 0.429700
vn -0.385200 -0.136700 0.912600
vn -0.398800 -0.112800 0.910100
vn -0.396300 -0.104800 0.912100
vn -0.402300 -0.107800 0.909100
vn -0.872300 0.122600 0.473300
vn 0.278800 -0.347700 0.895200
vn 0.255300 -0.411000 0.875200
vn 0.254100 -0.351200 0.901200
vn 0.179100 -0.316800 0.931400
vn 0.244100 -0.348400 0.905000
vn 0.251900 -0.332800 0.908700
vn 0.166000 -0.229800 0.959000
vn 0.207900 -0.354800 0.911500
vn -0.718300 0.525400 0.456000
vn 0.503800 0.135400 0.853200
vn 0.865600 -0.221600 0.449000
vn 0.642100 -0.455300 0.616800
vn 0.370200 0.090900 0.924500
vn 0.473800 0.073800 0.877500
vn 0.517400 0.115500 0.847900
vn 0.519500 0.113800 0.846800
vn 0.351000 0.317600 0.880900
vn 0.316900 0.190500 0.929100
vn 0.826200 -0.402900 0.393700
vn 0.814800 -0.428300 0.390800
vn 0.806700 -0.485800 0.336600
vn 0.872900 -0.182400 0.452600
vn -0.118300 0.531900 0.838500
vn -0.527200 0.595300 0.606300
vn -0.075400 0.467600 0.880700
vn -0.541900 0.417400 0.729400
vn -0.684800 0.415400 0.598700
vn -0.698600 0.319100 0.640400
vn -0.932500 0.320200 -0.167000
vn -0.872600 0.481800 0.079700
vn -0.832500 0.521100 0.188400
vn -0.274000 0.533200 0.800400
vn 0.177500 0.403900 0.897400
vn -0.072000 0.475200 0.876900
vn -0.052500 0.444200 0.894400
vn -0.927300 0.326500 -0.182900
vn -0.982100 0.096300 0.161900
vn -0.461000 0.409400 -0.787300
vn -0.507000 0.772800 -0.381900
vn 0.103200 0.919200 -0.380000
vn 0.469000 0.869000 -0.157600
vn -0.065700 0.768000 -0.637100
vn -0.142700 0.756700 -0.637900
vn 0.374300 0.677200 -0.633500
vn 0.526400 0.689900 -0.496900
vn 0.308500 0.930200 -0.199000
vn 0.571900 0.681100 -0.457200
vn 0.542600 0.229100 -0.808100
vn 0.331100 0.894500 -0.300600
vn 0.095800 0.924900 -0.367900
vn -0.248200 -0.965200 -0.083000
vn -0.197000 -0.743200 0.639400
vn -0.351000 -0.763000 0.542800
vn -0.154600 -0.828400 0.538400
vn -0.704400 -0.664200 -0.250300
vn -0.629300 -0.630800 -0.454000
vn -0.947600 -0.009800 -0.319400
vn 0.277300 0.398700 -0.874200
vn -0.630700 -0.774000 0.056900
vn 0.145700 0.892100 -0.427700
vn 0.028400 0.775200 -0.631100
vn -0.506600 -0.853500 -0.121900
vn 0.475800 0.697100 -0.536300
vn 0.947400 0.260600 -0.185600
vn 0.640700 -0.715300 -0.279000
vn 0.613100 -0.741400 -0.272800
vn 0.906400 -0.073600 -0.415900
vn 0.970600 0.237800 -0.038700
vn 0.993800 0.027000 -0.108300
vn -0.958600 -0.057200 -0.279000
vn -0.049300 0.382200 0.922800
vn -0.195900 0.069300 0.978200
vn 0.730200 -0.046200 0.681700
vn 0.705800 -0.088100 0.702900
vn -0.069300 0.810400 0.581800
vn 0.645600 0.690700 0.325800
vn 0.157900 0.979600 -0.124200
vn -0.216800 0.878300 -0.426200
vn -0.707400 -0.080400 0.702200
vn -0.029100 0.024200 0.999300
vn 0.714100 0.065200 0.697000
vn 0.044200 -0.129100 0.990600
vn -0.788500 -0.047300 0.613200
vn -0.785500 -0.040400 0.617500
vn -0.787200 0.059700 0.613800
vn -0.986100 0.042500 -0.160400
vn -0.920400 0.134400 -0.367100
vn -0.895600 0.266800 -0.355900
vn -0.950100 -0.311100 -0.023500
vn -0.629900 -0.249300 -0.735600
vn -0.579100 0.204400 -0.789200
vn -0.418300 0.239200 -0.876200
vn 0.470000 0.375800 -0.798700
vn -0.976500 0.156900 -0.147900
vn -0.637600 0.181100 -0.748800
vn -0.601200 0.128000 -0.788800
vn -0.473300 0.852300 -0.222700
vn -0.798800 -0.196400 -0.568600
vn -0.546500 -0.176000 -0.818800
vn -0.541900 -0.169600 -0.823200
vn -0.510200 -0.069800 -0.857200
vn 0.340500 -0.674700 -0.654900
vn 0.338400 -0.653700 -0.676800
vn 0.478700 -0.085000 -0.873800
vn 0.462500 -0.063600 -0.884300
vn 0.480900 0.362100 -0.798500
vn 0.972400 -0.086000 0.216700
vn 0.980600 -0.061000 0.186500
vn 0.562800 0.715200 -0.414400
vn 0.991900 -0.077300 0.100900
vn 0.452700 0.885200 0.107600
vn 0.982300 0.019800 0.186300
vn 0.896100 0.418300 -0.148300
vn 0.685300 -0.024300 0.727900
vn -0.187100 0.980700 0.057200
vn -0.026800 0.999600 0.000100
vn -0.011400 0.997700 -0.066500
vn 0.280800 0.957000 0.073200
vn 0.243400 0.961700 0.126200
vn 0.054900 0.983400 -0.173100
vn 0.210100 0.969800 -0.123400
vn 0.100700 0.992500 0.069600
vn 0.041000 0.999000 -0.016500
vn 0.102800 0.994200 -0.031500
vn 0.151200 0.984800 -0.085200
vn -0.132200 0.979400 0.152600
vn 0.126400 0.965800 -0.226500
vn 0.084400 0.969200 -0.231300
vn 0.727700 0.074000 0.681900
vn 0.865900 0.122600 0.485000
vn 0.003000 0.733300 0.679900
vn 0.322700 0.847800 0.420900
vn -0.491800 0.854900 -0.165300
vn 0.430000 -0.282500 0.857500
vn 0.366800 -0.314300 0.875600
vn -0.047200 0.102900 0.993600
vn 0.801900 0.046500 0.595600
vn 0.867300 0.040000 0.496200
vn 0.926800 0.197900 0.319200
vn 0.405800 0.881400 0.242000
vn 0.096100 0.354800 0.930000
vn -0.745500 0.478800 0.463500
vn -0.167300 0.737800 0.654000
vn 0.975600 0.188300 -0.112500
vn -0.076500 0.990700 -0.112800
vn 0.050300 0.998700 0.006500
vn 0.941900 0.251100 -0.223000
vn 0.958500 0.199900 0.203200
vn 0.042400 0.999100 0.008600
vn -0.220200 0.955200 -0.197800
vn -0.226300 0.941100 -0.251200
vn -0.352300 0.930700 -0.098200
vn -0.720500 0.610200 0.329500
vn -0.645200 0.757800 0.097100
vn -0.620500 0.278500 -0.733100
vn -0.529300 0.319100 -0.786100
vn -0.677200 0.347300 -0.648700
vn -0.115700 0.967200 -0.226100
vn -0.700700 0.323800 -0.635700
vn -0.879900 0.303700 0.365400
vn -0.001200 -0.567800 -0.823100
vn -0.459000 -0.481700 -0.746500
vn -0.458500 -0.498000 -0.736000
vn -0.127800 -0.734900 -0.666100
vn -0.207200 -0.659100 -0.722900
vn -0.231100 -0.669000 -0.706400
vn -0.076100 -0.959000 -0.273100
vn 0.392800 -0.842200 -0.369400
vn 0.598700 0.230100 -0.767200
vn 0.911500 -0.187100 -0.366300
vn 0.528500 0.204200 -0.824000
vn 0.352800 0.935700 0.000800
vn 0.352500 0.935300 0.031600
vn 0.167700 0.984600 0.050200
vn 0.954900 -0.144200 -0.259600
vn 0.210300 0.949800 0.231700
vn 0.315300 0.904700 0.286400
vn 0.347100 0.441900 -0.827200
vn 0.312300 0.423100 -0.850500
vn 0.327700 0.910300 0.253000
vn 0.515400 0.788600 0.335200
vn 0.517300 0.782900 0.345600
vn 0.567100 0.775700 0.277000
vn 0.435700 0.881800 0.180600
vn 0.337400 0.890800 0.304300
vn 0.157200 0.955800 0.248600
vn 0.150500 0.934400 0.322800
vn -0.302000 0.774300 0.556100
vn -0.290400 0.763900 0.576300
vn -0.812500 0.159100 0.560800
vn -0.293300 0.184200 0.938100
vn -0.102000 0.629300 0.770400
vn -0.495700 -0.380100 0.780900
vn -0.423400 -0.352400 0.834600
vn -0.788800 0.206100 0.579100
vn 0.297300 0.283400 0.911800
vn 0.044500 -0.447900 0.893000
vn 0.386600 0.552400 0.738500
vn 0.156500 -0.517300 0.841400
vn 0.322400 0.235800 0.916800
vn 0.305700 0.557300 0.772000
vn 0.768000 0.438300 0.466900
vn 0.234200 0.937900 0.256000
vn 0.820100 -0.357900 0.446400
vn 0.045100 -0.318100 0.947000
vn -0.396000 -0.834500 0.383200
vn -0.451300 -0.809500 0.375400
vn -0.425200 -0.901200 0.083700
vn -0.421300 -0.269400 0.866000
vn -0.587500 -0.808900 0.021900
vn -0.338600 -0.908700 -0.244000
vn -0.329100 -0.941800 -0.068900
vn -0.536000 -0.412500 0.736600
vn -0.187400 0.849800 0.492700
vn -0.575200 -0.662700 0.479600
vn -0.253900 -0.800700 0.542600
vn 0.523200 0.330500 0.785500
vn -0.172000 -0.892900 0.416000
vn 0.472800 -0.833300 0.286300
vn 0.305700 -0.951400 -0.037600
vn -0.586200 -0.665600 0.461900
vn -0.680400 -0.362300 0.637100
vn -0.556900 -0.578100 0.596400
vn 0.635300 0.645400 0.424200
vn -0.926400 -0.376400 -0.008700
vn -0.461100 0.883900 0.077500
vn 0.271600 0.874200 0.402500
vn -0.765500 -0.629100 -0.135000
vn -0.656700 -0.633000 -0.410000
vn -0.772100 -0.421000 0.476000
vn -0.057200 -0.778300 0.625300
vn 0.333900 0.709500 0.620600
vn 0.588200 0.675100 0.445300
vn 0.031600 -0.905000 0.424300
vn 0.473700 -0.877800 0.070600
vn -0.028100 0.951300 0.306800
vn 0.542100 -0.755800 0.367200
vn 0.449100 0.843300 0.295300
vn 0.635900 -0.698600 0.328000
vn 0.609400 -0.745600 0.269600
vn 0.083200 -0.995100 -0.052800
vn 0.499000 -0.833300 0.237900
vn 0.814000 -0.310300 0.491000
vn -0.437800 -0.877600 0.195300
vn -0.794600 -0.368000 -0.482800
vn -0.093100 -0.428100 0.898900
vn -0.091300 -0.792700 0.602800
vn 0.710200 0.595400 0.375600
vn -0.346500 0.619200 -0.704600
vn -0.135800 0.688400 -0.712500
vn -0.708900 0.641500 -0.293100
vn -0.708800 0.599900 -0.371000
vn -0.874800 0.484500 -0.005300
vn -0.877100 0.479600 -0.026500
vn -0.702400 -0.056300 0.709600
vn -0.771800 0.198000 0.604300
vn 0.436000 -0.804200 -0.403900
vn 0.562300 0.814700 0.141500
vn 0.935800 -0.352100 0.015000
vn 0.381000 0.147200 -0.912800
vn 0.472100 0.856300 0.209500
vn 0.841400 -0.385400 -0.378900
vn 0.713500 -0.476000 -0.514100
vn 0.412300 -0.091500 -0.906400
vn 0.344300 0.937900 0.042900
vn 0.412700 0.857400 -0.307500
vn 0.459000 0.730300 -0.506000
vn -0.082600 0.770100 -0.632500
vn 0.108600 0.955000 -0.276100
vn -0.565800 -0.261400 -0.782000
vn 0.152400 0.905500 -0.396100
vn -0.784300 -0.512000 -0.350200
vn 0.107800 0.992500 0.056800
vn -0.469500 -0.428800 -0.771800
vn 0.045100 0.987200 -0.153100
vn -0.187800 0.977300 0.098000
vn -0.941400 -0.238100 -0.239000
vn -0.440100 0.094600 -0.892900
vn 0.222600 0.951800 -0.211200
vn 0.483800 -0.322400 -0.813600
vn 0.423500 -0.402400 -0.811600
vn -0.832600 0.103400 -0.544100
vn -0.459000 0.115600 -0.880900
vn -0.889900 0.189400 -0.414900
vn -0.996800 0.041100 0.069200
vn -0.499800 0.850800 -0.162200
vn -0.999900 0.007800 -0.007100
vn -0.500100 0.852400 -0.152600
vn -0.868900 -0.218600 0.444100
vn 0.692100 -0.721000 0.033600
vn 0.721600 -0.690500 0.049400
vn 0.230900 0.971200 -0.058300
vn 0.143500 0.989000 -0.036300
vn 0.279800 0.223000 -0.933800
vn 0.398200 0.069100 -0.914700
vn 0.560000 0.125100 -0.819000
vn -0.338900 -0.513300 -0.788400
vn -0.574200 0.035300 -0.817900
vn -0.954500 -0.089300 -0.284600
vn -0.195100 0.661900 0.723800
vn -0.195200 0.661200 0.724400
vn 0.213400 0.321400 0.922600
vn -0.703800 0.285200 0.650600
vn 0.631900 0.313500 0.708800
vn 0.563300 0.214400 0.797900
vn -0.908000 0.172900 -0.381700
vn -0.023500 0.971000 0.238000
vn -0.023600 0.971000 0.237900
vn -0.950200 0.108500 -0.292100
vn 0.476500 0.203000 0.855400
vn -0.191100 0.675400 0.712200
vn -0.893600 0.102300 -0.437100
vn -0.094100 0.890400 0.445300
vn -0.948300 0.097200 -0.302100
vn 0.800700 0.216200 0.558600
vn -0.039100 0.909400 0.414000
vn 0.727600 0.288700 0.622200
vn -0.952600 0.108700 -0.284000
vn -0.093600 0.990800 -0.097700
vn -0.568400 0.686700 0.453200
vn 0.718400 0.052200 0.693700
vn -0.958800 0.274300 -0.073900
vn 0.566600 0.164900 0.807300
vn 0.460800 0.078100 0.884000
vn -0.745800 0.284800 -0.602300
vn -0.671700 0.348100 -0.654000
vn -0.094900 0.989900 -0.105000
vn -0.534400 0.770700 0.347000
vn -0.930600 0.330200 -0.158000
vn -0.598900 0.260500 -0.757300
vn -0.254800 0.956700 -0.140700
vn 0.546700 0.054100 0.835600
vn -0.276000 0.958600 0.069700
vn -0.534500 0.770600 0.347100
vn -0.235600 0.200800 0.950900
vn -0.629800 0.308900 -0.712700
vn 0.647200 -0.041700 0.761200
vn -0.102100 -0.966600 0.235300
vn -0.102000 -0.966500 0.235300
vn 0.104800 -0.959500 -0.261600
vn -0.003500 -1.000000 -0.001900
vn -0.001300 -1.000000 -0.003500
vn -0.002100 -1.000000 -0.001500
vn -0.000400 -1.000000 -0.002500
vn -0.001300 -1.000000 -0.000600
vn -0.001300 -1.000000 -0.006600
vn -0.001200 -1.000000 -0.006700
vn -0.109500 -0.943700 0.312200
vn -0.109400 -0.943700 0.312100
vn 0.086900 -0.960300 -0.264900
vn -0.001200 -1.000000 -0.001100
vn -0.001500 -1.000000 -0.000000
vn -0.001400 -1.000000 -0.001100
vn -0.003800 -1.000000 -0.000500
vn -0.002300 -1.000000 -0.003100
vn -0.115800 -0.989100 0.090900
vn 0.000900 -1.000000 -0.003900
vn -0.002600 -1.000000 -0.003300
vn -0.161100 -0.963900 0.212100
vn -0.131800 -0.926700 0.351900
vn 0.080700 -0.970300 -0.228200
vn -0.118800 -0.986000 0.117200
vn 0.117500 -0.984900 -0.127300
vn -0.903200 0.292800 -0.313800
vn -0.056100 0.996000 0.069600
vn -0.056300 0.996000 0.069600
vn -0.331700 0.649800 0.683900
vn -0.779900 0.331900 0.530600
vn -0.331500 0.650200 0.683600
vn -0.099000 0.981600 0.163100
vn 0.719000 0.194200 0.667300
vn 0.046200 0.270000 0.961700
vn 0.711900 0.274700 0.646300
vn -0.231500 0.859000 0.456800
vn -0.969600 0.236900 -0.061400
vn -0.950000 0.221200 -0.220200
vn -0.961000 0.262400 -0.087700
vn 0.575300 0.206300 0.791500
vn 0.580300 0.214600 0.785600
vn 0.661800 0.201300 0.722200
vn -0.085500 0.972200 0.217800
vn -0.894600 0.189100 -0.404900
vn -0.058600 0.985200 0.161400
vn 0.759800 0.096000 0.643000
vn 0.831100 0.063900 0.552400
vn -0.050200 0.978600 0.199400
vn -0.882000 0.153500 -0.445500
vn -0.889300 0.159300 -0.428700
vn -0.879100 0.131500 -0.458100
vn 0.836600 -0.016100 0.547600
vn -0.966000 0.257000 -0.029300
vn -0.987400 0.144600 0.064800
vn -0.199400 0.799000 0.567400
vn 0.632600 0.025500 0.774100
vn 0.702300 0.159000 0.693900
vn -0.970800 0.168000 -0.171100
vn -0.869600 0.340800 -0.357300
vn -0.936500 0.298500 0.184000
vn -0.442800 0.640900 0.627000
vn -0.149700 0.966100 0.210400
vn -0.271800 0.954600 -0.121900
vn -0.834500 0.276900 -0.476300
vn -0.810000 0.158600 -0.564600
vn -0.442800 0.641000 0.626900
vn -0.001000 1.000000 -0.000700
vn -0.000900 1.000000 -0.000500
vn 0.672200 0.132300 0.728500
vn -0.094900 0.209500 0.973200
vn 0.802800 0.212800 0.557000
vn 0.614100 0.023900 0.788900
vn 0.800400 -0.075800 0.594600
vn -0.048200 0.995700 0.079100
vn -0.250700 0.493300 -0.833000
vn 0.014800 0.997800 -0.064100
vn 0.076100 0.986300 -0.146000
vn -0.019400 0.999300 0.030500
vn -0.057100 0.985100 0.162500
vn -0.008600 0.997600 0.069100
vn 0.010100 0.997700 -0.067100
vn -0.016200 0.999700 -0.016600
vn -0.014300 0.999700 -0.017800
vn -0.232800 0.879300 -0.415500
vn -0.501700 0.813600 0.293800
vn -0.032900 0.995500 0.089300
vn 0.874600 -0.154400 0.459500
vn 0.951100 -0.187900 0.245300
vn -0.657700 0.681000 -0.321900
vn 0.870700 -0.173300 0.460300
usemtl material_43
s off
f 1/1/1 2/2/1 3/3/1
f 1/1/2 3/3/2 4/4/2
f 1/1/3 5/5/3 2/2/3
f 5/5/4 6/6/4 2/2/4
f 1/1/5 4/4/5 7/7/5
f 5/5/6 1/1/6 7/7/6
f 4/4/7 8/8/7 7/7/7
f 8/8/8 9/9/8 7/7/8
f 8/8/9 10/10/9 9/9/9
f 10/10/10 11/11/10 9/9/10
f 4/4/11 3/3/11 12/12/11
f 8/8/12 12/12/12 10/10/12
f 4/4/13 12/12/13 8/8/13
f 13/13/14 14/14/14 15/15/14
f 16/16/15 13/13/15 15/15/15
f 17/17/16 16/16/16 15/15/16
f 14/14/17 17/17/17 15/15/17
f 16/16/18 17/17/18 18/18/18
f 19/19/19 20/20/19 21/21/19
f 19/19/20 21/21/20 22/22/20
f 20/20/21 19/19/21 23/23/21
f 19/19/22 24/24/22 23/23/22
f 23/23/23 24/24/23 25/25/23
f 24/24/24 26/26/24 25/25/24
f 20/20/25 23/23/25 27/27/25
f 20/20/26 27/27/26 28/28/26
f 20/20/27 28/28/27 21/21/27
f 23/23/28 25/25/28 29/29/28
f 29/29/29 27/27/29 23/23/29
f 22/22/30 21/21/30 30/30/30
f 22/22/31 30/30/31 31/31/31
f 31/31/32 30/30/32 32/32/32
f 30/30/33 33/33/33 32/32/33
f 30/30/34 21/21/34 33/33/34
f 21/21/35 28/28/35 33/33/35
f 33/33/36 34/34/36 32/32/36
f 28/28/37 34/34/37 33/33/37
f 34/34/38 28/28/38 27/27/38
f 34/34/39 35/35/39 32/32/39
f 35/35/40 34/34/40 36/36/40
f 27/27/41 29/29/41 36/36/41
f 36/36/42 34/34/42 27/27/42
f 36/36/43 37/37/43 35/35/43
f 38/38/44 39/39/44 40/40/44
f 40/40/45 41/41/45 38/38/45
f 42/42/46 38/38/46 41/41/46
f 42/42/47 43/43/47 38/38/47
f 42/42/48 44/44/48 43/43/48
f 45/45/49 43/43/49 44/44/49
f 38/38/50 43/43/50 45/45/50
f 44/44/51 46/46/51 45/45/51
f 47/47/52 45/45/52 46/46/52
f 45/45/53 47/47/53 48/48/53
f 48/48/54 39/39/54 38/38/54
f 48/48/55 38/38/55 45/45/55
f 46/46/56 49/49/56 47/47/56
f 41/41/57 50/50/57 42/42/57
f 47/47/58 51/51/58 48/48/58
f 52/52/59 53/53/59 54/54/59
f 53/53/60 55/55/60 54/54/60
f 56/56/61 54/54/61 55/55/61
f 56/56/62 57/57/62 54/54/62
f 54/54/63 57/57/63 58/58/63
f 57/57/64 56/56/64 59/59/64
f 57/57/65 59/59/65 60/60/65
f 61/61/66 57/57/66 60/60/66
f 58/58/67 57/57/67 61/61/67
f 60/60/68 62/62/68 61/61/68
f 63/63/69 61/61/69 62/62/69
f 63/63/70 64/64/70 61/61/70
f 64/64/71 63/63/71 65/65/71
f 66/66/72 65/65/72 63/63/72
f 59/59/73 67/67/73 60/60/73
f 67/67/74 68/68/74 60/60/74
f 67/67/75 69/69/75 68/68/75
f 69/69/76 70/70/76 68/68/76
f 70/70/77 69/69/77 71/71/77
f 72/72/78 70/70/78 71/71/78
f 71/71/79 73/73/79 72/72/79
f 74/74/80 72/72/80 73/73/80
f 75/75/81 74/74/81 73/73/81
f 76/76/82 75/75/82 73/73/82
f 77/77/83 76/76/83 73/73/83
f 78/78/84 77/77/84 73/73/84
f 78/78/85 73/73/85 71/71/85
f 79/79/86 74/74/86 75/75/86
f 80/80/87 79/79/87 75/75/87
f 80/80/88 75/75/88 76/76/88
f 76/76/89 81/81/89 80/80/89
f 80/80/90 82/82/90 79/79/90
f 82/82/91 83/83/91 79/79/91
f 79/79/92 83/83/92 84/84/92
f 74/74/93 79/79/93 84/84/93
f 83/83/94 82/82/94 85/85/94
f 82/82/95 86/86/95 85/85/95
f 87/87/96 82/82/96 80/80/96
f 86/86/97 82/82/97 87/87/97
f 88/88/98 87/87/98 80/80/98
f 80/80/99 89/89/99 88/88/99
f 81/81/100 89/89/100 80/80/100
f 90/90/101 74/74/101 84/84/101
f 91/91/102 85/85/102 86/86/102
f 91/91/103 86/86/103 92/92/103
f 93/93/104 83/83/104 85/85/104
f 83/83/105 93/93/105 84/84/105
f 85/85/106 94/94/106 93/93/106
f 91/91/107 92/92/107 95/95/107
f 96/96/108 91/91/108 95/95/108
f 97/97/109 96/96/109 95/95/109
f 98/98/110 96/96/110 97/97/110
f 92/92/111 99/99/111 95/95/111
f 99/99/112 100/100/112 95/95/112
f 97/97/113 95/95/113 100/100/113
f 101/101/114 99/99/114 92/92/114
f 92/92/115 102/102/115 101/101/115
f 103/103/116 96/96/116 98/98/116
f 104/104/117 103/103/117 98/98/117
f 98/98/118 105/105/118 104/104/118
f 105/105/119 98/98/119 106/106/119
f 106/106/120 98/98/120 107/107/120
f 98/98/121 108/108/121 107/107/121
f 98/98/122 97/97/122 108/108/122
f 100/100/123 108/108/123 97/97/123
f 105/105/124 65/65/124 104/104/124
f 105/105/125 109/109/125 65/65/125
f 109/109/126 64/64/126 65/65/126
f 64/64/127 109/109/127 110/110/127
f 64/64/128 110/110/128 61/61/128
f 111/111/129 104/104/129 65/65/129
f 66/66/130 111/111/130 65/65/130
f 110/110/131 58/58/131 61/61/131
f 101/101/132 102/102/132 112/112/132
f 112/112/133 102/102/133 113/113/133
f 112/112/134 113/113/134 114/114/134
f 115/115/135 112/112/135 114/114/135
f 115/115/136 114/114/136 116/116/136
f 115/115/137 116/116/137 117/117/137
f 117/117/138 116/116/138 118/118/138
f 113/113/139 119/119/139 114/114/139
f 119/119/140 113/113/140 120/120/140
f 121/121/141 120/120/141 113/113/141
f 122/122/142 120/120/142 121/121/142
f 122/122/143 121/121/143 88/88/143
f 88/88/144 89/89/144 122/122/144
f 122/122/145 89/89/145 81/81/145
f 122/122/146 81/81/146 123/123/146
f 123/123/147 124/124/147 122/122/147
f 125/125/148 121/121/148 113/113/148
f 125/125/149 113/113/149 126/126/149
f 127/127/150 124/124/150 123/123/150
f 127/127/151 123/123/151 77/77/151
f 78/78/152 127/127/152 77/77/152
f 119/119/153 120/120/153 128/128/153
f 119/119/154 128/128/154 129/129/154
f 129/129/155 130/130/155 119/119/155
f 131/131/156 129/129/156 128/128/156
f 131/131/157 128/128/157 132/132/157
f 131/131/158 132/132/158 133/133/158
f 127/127/159 133/133/159 124/124/159
f 124/124/160 133/133/160 132/132/160
f 134/134/161 131/131/161 133/133/161
f 127/127/162 135/135/162 133/133/162
f 135/135/163 127/127/163 71/71/163
f 71/71/164 127/127/164 78/78/164
f 71/71/165 136/136/165 135/135/165
f 136/136/166 71/71/166 137/137/166
f 71/71/167 138/138/167 137/137/167
f 69/69/168 138/138/168 71/71/168
f 132/132/169 128/128/169 120/120/169
f 122/122/170 132/132/170 120/120/170
f 124/124/171 132/132/171 122/122/171
f 139/139/172 136/136/172 137/137/172
f 139/139/173 137/137/173 140/140/173
f 141/141/174 139/139/174 140/140/174
f 142/142/175 141/141/175 140/140/175
f 141/141/176 142/142/176 143/143/176
f 143/143/177 144/144/177 141/141/177
f 141/141/178 144/144/178 145/145/178
f 145/145/179 146/146/179 141/141/179
f 147/147/180 146/146/180 145/145/180
f 147/147/181 145/145/181 148/148/181
f 149/149/182 147/147/182 148/148/182
f 147/147/183 149/149/183 150/150/183
f 151/151/184 144/144/184 143/143/184
f 152/152/185 144/144/185 151/151/185
f 145/145/186 144/144/186 152/152/186
f 153/153/187 151/151/187 143/143/187
f 151/151/188 153/153/188 154/154/188
f 151/151/189 154/154/189 155/155/189
f 146/146/190 147/147/190 156/156/190
f 146/146/191 156/156/191 157/157/191
f 157/157/192 156/156/192 158/158/192
f 158/158/193 156/156/193 159/159/193
f 147/147/194 150/150/194 159/159/194
f 147/147/195 159/159/195 156/156/195
f 159/159/196 160/160/196 158/158/196
f 160/160/197 159/159/197 161/161/197
f 161/161/198 159/159/198 150/150/198
f 162/162/199 158/158/199 160/160/199
f 163/163/200 162/162/200 160/160/200
f 164/164/201 163/163/201 160/160/201
f 163/163/202 164/164/202 165/165/202
f 165/165/203 164/164/203 166/166/203
f 164/164/204 167/167/204 166/166/204
f 160/160/205 167/167/205 164/164/205
f 160/160/206 161/161/206 167/167/206
f 168/168/207 165/165/207 166/166/207
f 168/168/208 166/166/208 169/169/208
f 168/168/209 169/169/209 170/170/209
f 171/171/210 170/170/210 169/169/210
f 169/169/211 172/172/211 171/171/211
f 171/171/212 172/172/212 173/173/212
f 171/171/213 173/173/213 174/174/213
f 175/175/214 174/174/214 173/173/214
f 176/176/215 163/163/215 165/165/215
f 162/162/216 163/163/216 176/176/216
f 162/162/217 176/176/217 177/177/217
f 178/178/218 162/162/218 177/177/218
f 178/178/219 174/174/219 175/175/219
f 179/179/220 178/178/220 177/177/220
f 178/178/221 179/179/221 174/174/221
f 169/169/222 166/166/222 180/180/222
f 180/180/223 166/166/223 167/167/223
f 180/180/224 181/181/224 169/169/224
f 169/169/225 181/181/225 172/172/225
f 172/172/226 181/181/226 182/182/226
f 182/182/227 181/181/227 183/183/227
f 181/181/228 134/134/228 183/183/228
f 181/181/229 180/180/229 134/134/229
f 172/172/230 182/182/230 184/184/230
f 172/172/231 184/184/231 173/173/231
f 184/184/232 182/182/232 185/185/232
f 182/182/233 183/183/233 185/185/233
f 186/186/234 173/173/234 184/184/234
f 173/173/235 186/186/235 175/175/235
f 178/178/236 175/175/236 186/186/236
f 184/184/237 187/187/237 186/186/237
f 187/187/238 184/184/238 185/185/238
f 185/185/239 188/188/239 187/187/239
f 187/187/240 188/188/240 146/146/240
f 187/187/241 146/146/241 157/157/241
f 186/186/242 187/187/242 157/157/242
f 183/183/243 136/136/243 185/185/243
f 185/185/244 136/136/244 139/139/244
f 139/139/245 188/188/245 185/185/245
f 141/141/246 146/146/246 188/188/246
f 139/139/247 141/141/247 188/188/247
f 189/189/248 186/186/248 157/157/248
f 157/157/249 158/158/249 189/189/249
f 178/178/250 189/189/250 158/158/250
f 186/186/251 189/189/251 178/178/251
f 162/162/252 178/178/252 158/158/252
f 183/183/253 134/134/253 133/133/253
f 180/180/254 131/131/254 134/134/254
f 131/131/255 180/180/255 161/161/255
f 167/167/256 161/161/256 180/180/256
f 161/161/257 129/129/257 131/131/257
f 161/161/258 130/130/258 129/129/258
f 161/161/259 150/150/259 130/130/259
f 150/150/260 149/149/260 190/190/260
f 149/149/261 191/191/261 190/190/261
f 191/191/262 149/149/262 192/192/262
f 191/191/263 192/192/263 118/118/263
f 193/193/264 118/118/264 192/192/264
f 193/193/265 194/194/265 118/118/265
f 194/194/266 195/195/266 118/118/266
f 118/118/267 196/196/267 191/191/267
f 118/118/268 116/116/268 196/196/268
f 195/195/269 117/117/269 118/118/269
f 117/117/270 195/195/270 197/197/270
f 197/197/271 115/115/271 117/117/271
f 115/115/272 197/197/272 198/198/272
f 115/115/273 198/198/273 112/112/273
f 112/112/274 198/198/274 101/101/274
f 149/149/275 199/199/275 192/192/275
f 149/149/276 148/148/276 199/199/276
f 200/200/277 199/199/277 148/148/277
f 145/145/278 200/200/278 148/148/278
f 200/200/279 145/145/279 152/152/279
f 201/201/280 63/63/280 62/62/280
f 202/202/281 201/201/281 62/62/281
f 201/201/282 203/203/282 63/63/282
f 203/203/283 66/66/283 63/63/283
f 204/204/284 66/66/284 203/203/284
f 204/204/285 94/94/285 66/66/285
f 93/93/286 94/94/286 204/204/286
f 84/84/287 93/93/287 204/204/287
f 204/204/288 205/205/288 84/84/288
f 205/205/289 204/204/289 206/206/289
f 206/206/290 204/204/290 207/207/290
f 204/204/291 203/203/291 207/207/291
f 206/206/292 208/208/292 205/205/292
f 90/90/293 84/84/293 205/205/293
f 209/209/294 90/90/294 205/205/294
f 203/203/295 201/201/295 210/210/295
f 210/210/296 201/201/296 202/202/296
f 210/210/297 207/207/297 203/203/297
f 207/207/298 210/210/298 211/211/298
f 212/212/299 210/210/299 202/202/299
f 202/202/300 213/213/300 212/212/300
f 202/202/301 214/214/301 213/213/301
f 215/215/302 212/212/302 213/213/302
f 210/210/303 212/212/303 215/215/303
f 210/210/304 215/215/304 211/211/304
f 213/213/305 214/214/305 216/216/305
f 216/216/306 217/217/306 213/213/306
f 218/218/307 213/213/307 217/217/307
f 213/213/308 218/218/308 215/215/308
f 218/218/309 219/219/309 215/215/309
f 217/217/310 219/219/310 218/218/310
f 219/219/311 220/220/311 215/215/311
f 207/207/312 211/211/312 221/221/312
f 222/222/313 215/215/313 220/220/313
f 222/222/314 211/211/314 215/215/314
f 223/223/315 216/216/315 214/214/315
f 223/223/316 224/224/316 216/216/316
f 223/223/317 225/225/317 224/224/317
f 216/216/318 224/224/318 226/226/318
f 217/217/319 216/216/319 226/226/319
f 223/223/320 70/70/320 225/225/320
f 68/68/321 70/70/321 223/223/321
f 223/223/322 227/227/322 68/68/322
f 214/214/323 227/227/323 223/223/323
f 225/225/324 70/70/324 72/72/324
f 225/225/325 72/72/325 74/74/325
f 225/225/326 74/74/326 90/90/326
f 224/224/327 209/209/327 226/226/327
f 225/225/328 90/90/328 209/209/328
f 224/224/329 225/225/329 209/209/329
f 226/226/330 209/209/330 228/228/330
f 229/229/331 226/226/331 228/228/331
f 228/228/332 230/230/332 229/229/332
f 68/68/333 227/227/333 60/60/333
f 227/227/334 62/62/334 60/60/334
f 62/62/335 227/227/335 214/214/335
f 217/217/336 226/226/336 229/229/336
f 219/219/337 217/217/337 229/229/337
f 230/230/338 228/228/338 231/231/338
f 228/228/339 208/208/339 231/231/339
f 208/208/340 232/232/340 231/231/340
f 208/208/341 233/233/341 232/232/341
f 232/232/342 233/233/342 221/221/342
f 208/208/343 206/206/343 233/233/343
f 233/233/344 206/206/344 207/207/344
f 207/207/345 221/221/345 233/233/345
f 205/205/346 208/208/346 228/228/346
f 234/234/347 232/232/347 221/221/347
f 234/234/348 221/221/348 211/211/348
f 222/222/349 234/234/349 211/211/349
f 202/202/350 62/62/350 214/214/350
f 228/228/351 209/209/351 205/205/351
f 235/235/352 236/236/352 237/237/352
f 235/235/353 238/238/353 236/236/353
f 239/239/354 238/238/354 235/235/354
f 240/240/355 239/239/355 235/235/355
f 239/239/356 241/241/356 238/238/356
f 238/238/357 241/241/357 242/242/357
f 236/236/358 238/238/358 242/242/358
f 241/241/359 243/243/359 242/242/359
f 244/244/360 241/241/360 239/239/360
f 244/244/361 239/239/361 245/245/361
f 245/245/362 246/246/362 244/244/362
f 242/242/363 243/243/363 247/247/363
f 247/247/364 243/243/364 248/248/364
f 243/243/365 249/249/365 248/248/365
f 242/242/366 247/247/366 250/250/366
f 251/251/367 242/242/367 250/250/367
f 236/236/368 242/242/368 251/251/368
f 241/241/369 252/252/369 243/243/369
f 243/243/370 252/252/370 253/253/370
f 249/249/371 243/243/371 253/253/371
f 253/253/372 252/252/372 254/254/372
f 254/254/373 252/252/373 255/253/373
f 255/253/374 252/252/374 256/243/374
f 255/253/375 256/243/375 257/249/375
f 256/243/376 252/252/376 258/241/376
f 259/242/377 256/243/377 258/241/377
f 259/242/378 258/241/378 260/238/378
f 259/242/379 260/238/379 261/236/379
f 261/236/380 260/238/380 262/235/380
f 263/255/381 261/236/381 262/235/381
f 262/235/382 260/238/382 264/239/382
f 260/238/383 258/241/383 264/239/383
f 262/235/384 264/239/384 265/240/384
f 264/239/385 258/241/385 266/244/385
f 267/256/386 264/239/386 266/244/386
f 266/244/387 268/257/387 267/256/387
f 269/248/388 257/249/388 256/243/388
f 270/258/389 269/248/389 256/243/389
f 270/258/390 256/243/390 259/242/390
f 271/250/391 270/258/391 259/242/391
f 271/250/392 259/242/392 272/251/392
f 272/251/393 259/242/393 261/236/393
f 273/259/394 274/260/394 275/261/394
f 276/262/395 273/259/395 275/261/395
f 276/262/396 277/263/396 273/259/396
f 276/262/397 278/264/397 277/263/397
f 278/264/398 276/262/398 279/265/398
f 276/262/399 275/261/399 279/265/399
f 279/265/400 280/266/400 278/264/400
f 281/267/401 278/264/401 280/266/401
f 281/267/402 282/268/402 278/264/402
f 282/268/403 283/269/403 278/264/403
f 283/269/404 277/263/404 278/264/404
f 284/270/405 283/269/405 282/268/405
f 283/269/406 284/270/406 285/271/406
f 283/269/407 285/271/407 286/272/407
f 282/268/408 287/273/408 284/270/408
f 287/273/409 282/268/409 281/267/409
f 281/267/410 288/274/410 287/273/410
f 275/261/411 274/260/411 289/259/411
f 290/262/412 275/261/412 289/259/412
f 279/265/413 275/261/413 290/262/413
f 289/259/414 291/263/414 290/262/414
f 291/263/415 292/264/415 290/262/415
f 280/266/416 292/264/416 281/267/416
f 292/264/417 280/266/417 279/265/417
f 279/265/418 290/262/418 292/264/418
f 292/264/419 291/263/419 293/269/419
f 294/268/420 292/264/420 293/269/420
f 292/264/421 294/268/421 281/267/421
f 294/268/422 293/269/422 295/270/422
f 295/270/423 296/273/423 294/268/423
f 296/273/424 288/274/424 281/267/424
f 281/267/425 294/268/425 296/273/425
f 297/271/426 295/270/426 293/269/426
f 298/272/427 297/271/427 293/269/427
f 299/275/428 300/276/428 301/277/428
f 300/276/429 302/278/429 301/277/429
f 302/278/430 303/279/430 301/277/430
f 303/279/431 304/280/431 301/277/431
f 305/281/432 306/282/432 307/283/432
f 308/284/433 306/282/433 305/281/433
f 308/284/434 309/285/434 306/282/434
f 309/285/435 308/284/435 310/286/435
f 309/285/436 310/286/436 311/287/436
f 311/287/437 312/288/437 309/285/437
f 312/288/438 313/289/438 309/285/438
f 313/289/439 312/288/439 314/290/439
f 313/289/440 314/290/440 315/291/440
f 316/292/441 315/291/441 314/290/441
f 317/293/442 312/288/442 311/287/442
f 307/283/443 306/282/443 318/294/443
f 319/290/444 315/291/444 316/292/444
f 315/291/445 319/290/445 320/289/445
f 319/290/446 321/288/446 320/289/446
f 322/285/447 320/289/447 321/288/447
f 323/287/448 322/285/448 321/288/448
f 323/287/449 321/288/449 324/293/449
f 323/287/450 325/286/450 322/285/450
f 325/286/451 326/284/451 322/285/451
f 327/282/452 322/285/452 326/284/452
f 328/281/453 327/282/453 326/284/453
f 329/283/454 327/282/454 328/281/454
f 330/294/455 327/282/455 329/283/455
f 331/295/456 330/294/456 329/283/456
f 332/296/457 330/294/457 331/295/457
f 333/297/458 330/294/458 332/296/458
f 333/297/459 334/298/459 330/294/459
f 335/299/460 334/298/460 333/297/460
f 336/300/461 334/298/461 335/299/461
f 337/301/462 334/298/462 336/300/462
f 338/302/463 337/301/463 336/300/463
f 338/302/464 339/303/464 337/301/464
f 340/304/465 337/301/465 339/303/465
f 341/305/466 340/304/466 339/303/466
f 339/303/467 338/302/467 342/306/467
f 339/303/468 342/306/468 343/307/468
f 341/305/469 339/303/469 343/307/469
f 344/308/470 341/305/470 343/307/470
f 345/309/471 342/306/471 338/302/471
f 338/302/472 346/310/472 345/309/472
f 340/304/473 341/305/473 347/311/473
f 341/305/474 348/312/474 347/311/474
f 341/305/475 344/308/475 348/312/475
f 348/312/476 349/313/476 347/311/476
f 344/308/477 349/313/477 348/312/477
f 349/313/478 350/314/478 347/311/478
f 349/313/479 351/315/479 350/314/479
f 352/316/480 350/314/480 351/315/480
f 353/317/481 352/316/481 351/315/481
f 354/318/482 353/317/482 351/315/482
f 354/318/483 351/315/483 355/319/483
f 356/320/484 357/321/484 358/322/484
f 359/323/485 356/320/485 358/322/485
f 360/324/486 359/323/486 358/322/486
f 361/325/487 356/320/487 359/323/487
f 360/324/488 361/325/488 359/323/488
f 361/325/489 362/326/489 356/320/489
f 363/327/490 362/326/490 361/325/490
f 363/327/491 361/325/491 364/328/491
f 365/329/492 364/328/492 361/325/492
f 360/324/493 365/329/493 361/325/493
f 366/330/494 364/328/494 365/329/494
f 367/331/495 366/330/495 365/329/495
f 364/328/496 368/332/496 363/327/496
f 364/328/497 366/330/497 368/332/497
f 366/330/498 369/333/498 368/332/498
f 370/334/499 371/335/499 372/336/499
f 373/337/500 370/334/500 372/336/500
f 374/338/501 373/337/501 372/336/501
f 375/339/502 374/338/502 372/336/502
f 372/336/503 371/335/503 376/340/503
f 375/339/504 372/336/504 376/340/504
f 371/335/505 377/341/505 376/340/505
f 371/335/506 370/334/506 377/341/506
f 370/334/507 378/342/507 377/341/507
f 377/341/508 378/342/508 379/343/508
f 380/344/509 377/341/509 379/343/509
f 377/341/510 380/344/510 376/340/510
f 381/345/511 382/346/511 383/347/511
f 384/348/512 381/345/512 383/347/512
f 381/345/513 384/348/513 385/349/513
f 384/348/514 386/350/514 385/349/514
f 384/348/515 383/347/515 386/350/515
f 386/350/516 387/351/516 385/349/516
f 387/351/517 388/352/517 385/349/517
f 386/350/518 389/353/518 387/351/518
f 383/347/519 389/353/519 386/350/519
f 389/353/520 390/354/520 387/351/520
f 387/351/521 390/354/521 391/355/521
f 388/352/522 387/351/522 391/355/522
f 392/356/523 393/357/523 394/358/523
f 392/356/524 395/359/524 393/357/524
f 392/356/525 394/358/525 396/360/525
f 394/358/526 393/357/526 397/356/526
f 396/360/527 394/358/527 397/356/527
f 393/357/528 398/359/528 397/356/528
f 393/357/529 399/361/529 398/359/529
f 395/359/530 399/361/530 393/357/530
f 395/359/531 400/362/531 399/361/531
f 399/361/532 400/362/532 401/363/532
f 400/362/533 402/364/533 401/363/533
f 401/363/534 403/362/534 399/361/534
f 399/361/535 403/362/535 398/359/535
f 401/363/427 404/364/427 403/362/427
f 405/365/536 406/366/536 407/367/536
f 408/368/537 405/365/537 407/367/537
f 405/365/538 409/369/538 406/366/538
f 410/370/539 409/369/539 405/365/539
f 411/371/540 410/370/540 405/365/540
f 410/370/541 411/371/541 412/372/541
f 411/371/542 413/373/542 412/372/542
f 414/374/543 413/373/543 411/371/543
f 415/375/544 414/374/544 411/371/544
f 415/375/545 411/371/545 405/365/545
f 408/368/546 415/375/546 405/365/546
f 416/376/547 414/374/547 415/375/547
f 416/376/548 415/375/548 417/377/548
f 415/375/549 408/368/549 417/377/549
f 410/370/550 418/378/550 409/369/550
f 419/379/551 418/378/551 410/370/551
f 410/370/552 412/372/552 419/379/552
f 420/380/553 418/378/553 419/379/553
f 420/380/554 421/381/554 418/378/554
f 422/382/555 418/378/555 421/381/555
f 423/383/556 409/369/556 418/378/556
f 423/383/557 418/378/557 422/382/557
f 409/369/558 423/383/558 424/384/558
f 425/385/559 423/383/559 422/382/559
f 423/383/560 425/385/560 426/386/560
f 424/384/561 423/383/561 426/386/561
f 427/387/562 425/385/562 422/382/562
f 427/387/563 422/382/563 428/388/563
f 422/382/564 421/381/564 428/388/564
f 427/387/565 428/388/565 429/389/565
f 425/385/566 427/387/566 430/390/566
f 426/386/567 425/385/567 430/390/567
f 431/391/568 427/387/568 429/389/568
f 427/387/569 431/391/569 430/390/569
f 429/389/570 432/392/570 431/391/570
f 430/390/571 433/393/571 426/386/571
f 428/388/572 434/394/572 429/389/572
f 428/388/573 421/381/573 435/395/573
f 428/388/574 435/395/574 434/394/574
f 436/396/575 424/384/575 426/386/575
f 437/397/576 436/396/576 426/386/576
f 437/397/577 426/386/577 433/393/577
f 438/398/578 436/396/578 437/397/578
f 438/398/579 439/399/579 436/396/579
f 439/399/580 438/398/580 440/400/580
f 440/400/581 438/398/581 441/401/581
f 438/398/582 442/402/582 441/401/582
f 438/398/583 437/397/583 442/402/583
f 443/403/584 441/401/584 442/402/584
f 442/402/585 444/404/585 443/403/585
f 441/401/586 445/405/586 440/400/586
f 445/405/587 441/401/587 443/403/587
f 445/405/588 446/406/588 440/400/588
f 440/400/589 446/406/589 447/407/589
f 447/407/590 439/399/590 440/400/590
f 446/406/591 448/408/591 447/407/591
f 449/409/592 439/399/592 447/407/592
f 450/410/593 449/409/593 447/407/593
f 450/410/594 447/407/594 448/408/594
f 445/405/595 443/403/595 451/411/595
f 439/399/596 452/412/596 436/396/596
f 436/396/597 452/412/597 407/367/597
f 407/367/598 452/412/598 453/413/598
f 453/413/599 452/412/599 439/399/599
f 453/413/600 439/399/600 449/409/600
f 454/414/601 448/408/601 446/406/601
f 454/414/602 446/406/602 445/405/602
f 451/411/603 454/414/603 445/405/603
f 454/414/604 455/415/604 448/408/604
f 448/408/605 456/416/605 450/410/605
f 456/416/606 448/408/606 455/415/606
f 457/417/607 407/367/607 453/413/607
f 407/367/608 424/384/608 436/396/608
f 406/366/609 424/384/609 407/367/609
f 406/366/610 409/369/610 424/384/610
f 458/418/611 456/416/611 455/415/611
f 408/368/612 407/367/612 457/417/612
f 459/419/613 408/368/613 457/417/613
f 408/368/614 459/419/614 417/377/614
f 460/420/615 461/421/615 462/422/615
f 460/420/616 462/422/616 463/423/616
f 462/422/617 464/424/617 463/423/617
f 463/423/618 464/424/618 465/425/618
f 466/426/619 463/423/619 465/425/619
f 467/427/620 466/426/620 465/425/620
f 465/425/621 468/428/621 467/427/621
f 469/429/622 467/427/622 468/428/622
f 468/428/623 470/430/623 469/429/623
f 469/429/624 470/430/624 471/431/624
f 472/432/625 469/429/625 471/431/625
f 472/432/626 471/431/626 473/433/626
f 474/434/627 472/432/627 473/433/627
f 473/433/628 475/435/628 474/434/628
f 473/433/629 461/421/629 475/435/629
f 460/420/630 475/435/630 461/421/630
f 476/436/631 477/437/631 478/438/631
f 476/436/632 478/438/632 479/439/632
f 478/438/633 480/440/633 479/439/633
f 480/440/634 478/438/634 481/441/634
f 482/442/635 480/440/635 481/441/635
f 482/442/636 481/441/636 483/443/636
f 484/444/637 483/443/637 481/441/637
f 484/444/638 481/441/638 485/445/638
f 485/445/639 481/441/639 478/438/639
f 486/446/640 482/442/640 483/443/640
f 487/447/641 479/439/641 480/440/641
f 487/447/642 480/440/642 482/442/642
f 487/447/643 488/448/643 479/439/643
f 489/449/644 484/444/644 485/445/644
f 478/438/645 489/449/645 485/445/645
f 477/437/646 489/449/646 478/438/646
f 490/450/647 489/449/647 477/437/647
f 490/450/648 477/437/648 491/451/648
f 491/451/649 492/452/649 490/450/649
f 492/452/650 493/453/650 490/450/650
f 494/454/651 493/453/651 492/452/651
f 495/455/652 494/454/652 492/452/652
f 496/456/653 493/453/653 494/454/653
f 496/456/654 494/454/654 497/457/654
f 497/457/655 494/454/655 498/458/655
f 497/457/656 498/458/656 499/459/656
f 499/459/657 500/460/657 497/457/657
f 497/457/658 500/460/658 501/461/658
f 496/456/659 497/457/659 501/461/659
f 502/462/660 496/456/660 501/461/660
f 499/459/661 503/463/661 500/460/661
f 500/460/662 503/463/662 501/461/662
f 502/462/663 504/464/663 496/456/663
f 504/464/664 493/453/664 496/456/664
f 501/461/665 503/463/665 505/465/665
f 502/462/666 505/465/666 504/464/666
f 501/461/667 505/465/667 502/462/667
f 499/459/668 498/458/668 506/466/668
f 498/458/669 507/467/669 506/466/669
f 498/458/670 494/454/670 507/467/670
f 494/454/671 508/468/671 507/467/671
f 509/469/672 508/468/672 494/454/672
f 510/470/673 509/469/673 494/454/673
f 511/471/674 509/469/674 510/470/674
f 479/439/675 511/471/675 510/470/675
f 479/439/676 510/470/676 495/455/676
f 510/470/677 494/454/677 495/455/677
f 495/455/678 512/472/678 479/439/678
f 488/448/679 511/471/679 479/439/679
f 505/465/680 513/473/680 504/464/680
f 514/474/681 513/473/681 505/465/681
f 514/474/682 505/465/682 503/463/682
f 515/475/683 513/473/683 514/474/683
f 514/474/684 516/476/684 515/475/684
f 516/476/685 514/474/685 517/477/685
f 499/459/686 517/477/686 514/474/686
f 517/477/687 499/459/687 518/478/687
f 499/459/688 519/479/688 518/478/688
f 515/475/689 516/476/689 520/480/689
f 515/475/690 520/480/690 513/473/690
f 516/476/691 521/481/691 520/480/691
f 521/481/692 516/476/692 522/482/692
f 516/476/693 517/477/693 522/482/693
f 522/482/694 517/477/694 518/478/694
f 518/478/695 523/483/695 522/482/695
f 521/481/696 522/482/696 524/484/696
f 522/482/697 523/483/697 525/485/697
f 524/484/698 522/482/698 525/485/698
f 499/459/699 506/466/699 519/479/699
f 503/463/700 499/459/700 514/474/700
f 519/479/701 506/466/701 59/59/701
f 518/478/702 519/479/702 59/59/702
f 53/53/703 525/485/703 523/483/703
f 506/466/704 67/67/704 59/59/704
f 67/67/705 506/466/705 507/467/705
f 507/467/706 69/69/706 67/67/706
f 523/483/707 55/55/707 53/53/707
f 55/55/708 523/483/708 518/478/708
f 56/56/709 55/55/709 518/478/709
f 56/56/710 518/478/710 59/59/710
f 138/138/711 69/69/711 507/467/711
f 138/138/712 507/467/712 508/468/712
f 509/469/713 138/138/713 508/468/713
f 509/469/714 137/137/714 138/138/714
f 140/140/715 137/137/715 509/469/715
f 509/469/716 511/471/716 140/140/716
f 142/142/717 140/140/717 511/471/717
f 488/448/718 142/142/718 511/471/718
f 142/142/719 488/448/719 487/447/719
f 143/143/720 142/142/720 487/447/720
f 487/447/721 153/153/721 143/143/721
f 487/447/722 526/486/722 153/153/722
f 154/154/723 153/153/723 526/486/723
f 526/486/724 527/487/724 154/154/724
f 527/487/725 526/486/725 482/442/725
f 482/442/726 526/486/726 487/447/726
f 486/446/727 527/487/727 482/442/727
f 528/488/728 529/489/728 530/490/728
f 530/490/729 531/491/729 528/488/729
f 528/488/730 531/491/730 532/492/730
f 531/491/731 533/493/731 532/492/731
f 533/493/732 531/491/732 534/494/732
f 534/494/733 531/491/733 535/495/733
f 531/491/734 536/496/734 535/495/734
f 536/496/735 531/491/735 530/490/735
f 537/497/736 535/495/736 536/496/736
f 537/497/737 536/496/737 538/498/737
f 539/499/738 537/497/738 538/498/738
f 540/500/739 537/497/739 539/499/739
f 541/501/740 533/493/740 534/494/740
f 542/502/741 533/493/741 541/501/741
f 543/503/742 542/502/742 541/501/742
f 544/504/743 543/503/743 541/501/743
f 545/505/744 537/497/744 540/500/744
f 537/497/745 545/505/745 535/495/745
f 546/506/746 536/496/746 530/490/746
f 539/499/747 538/498/747 546/506/747
f 538/498/748 536/496/748 546/506/748
f 547/507/749 546/506/749 530/490/749
f 546/506/750 547/507/750 548/508/750
f 549/509/751 546/506/751 548/508/751
f 539/499/752 546/506/752 549/509/752
f 550/510/753 549/509/753 548/508/753
f 550/510/754 551/511/754 549/509/754
f 548/508/755 547/507/755 552/512/755
f 547/507/756 553/513/756 552/512/756
f 554/514/757 545/505/757 540/500/757
f 554/514/758 540/500/758 555/515/758
f 556/516/759 554/514/759 555/515/759
f 557/517/760 554/514/760 556/516/760
f 557/517/761 556/516/761 558/518/761
f 559/519/762 545/505/762 554/514/762
f 559/519/763 554/514/763 557/517/763
f 560/520/764 558/518/764 556/516/764
f 548/508/765 552/512/765 561/521/765
f 550/510/766 548/508/766 561/521/766
f 562/522/767 556/516/767 555/515/767
f 556/516/768 562/522/768 560/520/768
f 560/520/769 562/522/769 563/523/769
f 562/522/770 555/515/770 564/524/770
f 564/524/771 563/523/771 562/522/771
f 564/524/772 555/515/772 565/525/772
f 564/524/773 566/526/773 563/523/773
f 567/527/774 566/526/774 564/524/774
f 567/527/775 564/524/775 565/525/775
f 567/527/776 568/528/776 566/526/776
f 566/526/777 568/528/777 569/529/777
f 563/523/778 566/526/778 569/529/778
f 540/500/779 565/525/779 555/515/779
f 568/528/780 570/530/780 569/529/780
f 571/531/781 560/520/781 563/523/781
f 563/523/782 569/529/782 571/531/782
f 570/530/783 568/528/783 572/532/783
f 573/533/784 570/530/784 572/532/784
f 574/534/785 572/532/785 568/528/785
f 568/528/786 567/527/786 574/534/786
f 540/500/787 575/535/787 565/525/787
f 565/525/788 575/535/788 576/536/788
f 577/537/789 565/525/789 576/536/789
f 567/527/790 565/525/790 577/537/790
f 574/534/791 567/527/791 577/537/791
f 576/536/792 575/535/792 539/499/792
f 539/499/793 575/535/793 540/500/793
f 578/538/794 576/536/794 539/499/794
f 578/538/795 539/499/795 549/509/795
f 551/511/796 578/538/796 549/509/796
f 579/428/797 580/427/797 581/429/797
f 581/429/798 582/430/798 579/428/798
f 580/427/799 579/428/799 583/425/799
f 583/425/800 584/426/800 580/427/800
f 585/431/801 582/430/801 581/429/801
f 586/432/802 585/431/802 581/429/802
f 587/433/803 585/431/803 586/432/803
f 587/433/804 586/432/804 588/434/804
f 588/434/805 589/435/805 587/433/805
f 589/435/806 590/421/806 587/433/806
f 591/420/807 590/421/807 589/435/807
f 591/420/808 592/422/808 590/421/808
f 593/423/809 592/422/809 591/420/809
f 583/425/810 593/423/810 584/426/810
f 593/423/811 594/424/811 592/422/811
f 583/425/812 594/424/812 593/423/812
f 595/306/813 596/302/813 597/303/813
f 596/302/814 595/306/814 598/309/814
f 599/301/815 597/303/815 596/302/815
f 597/303/816 599/301/816 600/304/816
f 597/303/817 600/304/817 601/305/817
f 600/304/818 602/311/818 601/305/818
f 602/311/819 603/312/819 601/305/819
f 603/312/820 604/308/820 601/305/820
f 603/312/821 602/311/821 605/313/821
f 603/312/822 605/313/822 604/308/822
f 606/307/823 597/303/823 601/305/823
f 604/308/824 606/307/824 601/305/824
f 606/307/825 595/306/825 597/303/825
f 602/311/826 607/314/826 605/313/826
f 607/314/827 608/315/827 605/313/827
f 596/302/828 609/300/828 599/301/828
f 609/300/829 610/298/829 599/301/829
f 611/299/830 610/298/830 609/300/830
f 612/297/831 610/298/831 611/299/831
f 318/294/832 610/298/832 612/297/832
f 613/296/833 318/294/833 612/297/833
f 614/295/834 318/294/834 613/296/834
f 307/283/835 318/294/835 614/295/835
f 608/315/836 607/314/836 615/316/836
f 608/315/837 615/316/837 616/317/837
f 608/315/838 616/317/838 617/318/838
f 618/319/839 608/315/839 617/318/839
f 619/2/840 620/6/840 621/5/840
f 622/539/841 619/2/841 621/5/841
f 623/3/842 619/2/842 622/539/842
f 624/4/843 623/3/843 622/539/843
f 625/12/844 623/3/844 624/4/844
f 626/7/845 624/4/845 622/539/845
f 626/7/846 622/539/846 621/5/846
f 626/7/847 627/8/847 624/4/847
f 627/8/848 625/12/848 624/4/848
f 628/10/849 625/12/849 627/8/849
f 629/9/850 628/10/850 627/8/850
f 626/7/851 629/9/851 627/8/851
f 629/9/852 630/11/852 628/10/852
f 631/540/853 632/541/853 633/542/853
f 632/541/854 634/543/854 633/542/854
f 635/544/855 633/542/855 634/543/855
f 635/544/856 634/543/856 636/545/856
f 635/544/857 636/545/857 637/546/857
f 638/547/858 635/544/858 637/546/858
f 639/548/859 638/547/859 637/546/859
f 640/18/860 641/17/860 642/16/860
f 643/15/861 642/16/861 641/17/861
f 642/16/862 643/15/862 644/13/862
f 643/15/863 645/14/863 644/13/863
f 643/15/864 641/17/864 645/14/864
f 646/549/865 647/550/865 648/551/865
f 646/549/866 648/551/866 649/552/866
f 649/552/867 648/551/867 650/553/867
f 651/554/868 649/552/868 650/553/868
f 651/554/869 650/553/869 652/555/869
f 652/555/870 650/553/870 653/556/870
f 652/555/871 653/556/871 654/557/871
f 655/558/872 652/555/872 654/557/872
f 651/554/873 652/555/873 655/558/873
f 655/558/874 654/557/874 656/559/874
f 648/551/875 657/560/875 650/553/875
f 657/560/876 653/556/876 650/553/876
f 647/550/877 657/560/877 648/551/877
f 658/561/878 646/549/878 649/552/878
f 659/562/879 660/563/879 661/564/879
f 659/562/880 662/565/880 660/563/880
f 659/562/881 661/564/881 663/566/881
f 664/567/882 659/562/882 663/566/882
f 659/562/883 664/567/883 662/565/883
f 663/566/884 665/568/884 664/567/884
f 664/567/885 665/568/885 666/569/885
f 666/569/886 667/570/886 664/567/886
f 664/567/887 667/570/887 662/565/887
f 668/571/888 665/568/888 663/566/888
f 668/571/889 666/569/889 665/568/889
f 660/563/890 669/572/890 661/564/890
f 670/573/891 666/569/891 668/571/891
f 671/574/892 672/575/892 673/576/892
f 672/575/893 674/577/893 673/576/893
f 673/576/894 674/577/894 675/578/894
f 673/576/895 675/578/895 676/579/895
f 671/574/896 673/576/896 677/580/896
f 673/576/897 676/579/897 677/580/897
f 678/581/898 672/575/898 671/574/898
f 678/581/899 671/574/899 677/580/899
f 678/581/900 679/582/900 672/575/900
f 680/583/901 681/584/901 682/585/901
f 680/583/902 682/585/902 683/586/902
f 681/584/903 684/587/903 682/585/903
f 681/584/904 685/588/904 684/587/904
f 681/584/905 686/589/905 685/588/905
f 687/590/906 681/584/906 680/583/906
f 686/589/907 681/584/907 687/590/907
f 680/583/908 688/591/908 687/590/908
f 680/583/909 683/586/909 688/591/909
f 683/586/910 689/592/910 688/591/910
f 686/589/911 690/593/911 685/588/911
f 691/594/912 692/595/912 693/596/912
f 694/597/913 691/594/913 693/596/913
f 695/598/914 694/597/914 693/596/914
f 693/596/915 692/595/915 696/594/915
f 693/596/916 696/594/916 697/597/916
f 691/594/917 698/599/917 692/595/917
f 692/595/918 698/599/918 699/600/918
f 699/600/918 700/601/918 692/595/918
f 700/601/919 701/602/919 692/595/919
f 692/595/920 702/599/920 696/594/920
f 703/598/921 693/596/921 697/597/921
f 704/600/922 702/599/922 692/595/922
f 692/595/923 701/602/923 705/601/923
f 692/595/924 705/601/924 704/600/924
f 706/603/925 707/604/925 708/605/925
f 706/603/926 708/605/926 709/606/926
f 710/607/927 706/603/927 709/606/927
f 709/606/928 708/605/928 711/608/928
f 708/605/929 712/609/929 711/608/929
f 707/604/930 712/609/930 708/605/930
f 712/609/931 707/604/931 713/610/931
f 712/609/932 713/610/932 714/611/932
f 712/609/933 714/611/933 715/612/933
f 712/609/934 715/612/934 711/608/934
f 715/612/935 714/611/935 716/613/935
f 714/611/936 717/614/936 716/613/936
f 714/611/937 713/610/937 717/614/937
f 715/612/938 716/613/938 718/615/938
f 719/583/939 720/585/939 721/584/939
f 722/586/940 720/585/940 719/583/940
f 719/583/941 721/584/941 723/590/941
f 723/590/942 721/584/942 724/589/942
f 725/588/943 724/589/943 721/584/943
f 726/587/944 725/588/944 721/584/944
f 720/585/945 726/587/945 721/584/945
f 719/583/946 727/591/946 722/586/946
f 723/590/947 727/591/947 719/583/947
f 725/588/948 728/593/948 724/589/948
f 727/591/949 729/592/949 722/586/949
f 730/277/950 731/280/950 732/279/950
f 730/277/951 732/279/951 733/278/951
f 730/277/952 733/278/952 734/276/952
f 730/277/953 734/276/953 735/275/953
f 736/616/954 737/617/954 738/618/954
f 738/618/955 737/617/955 739/619/955
f 736/616/956 740/620/956 737/617/956
f 741/621/957 740/620/957 736/616/957
f 742/622/958 741/621/958 736/616/958
f 742/622/959 736/616/959 738/618/959
f 740/620/960 743/623/960 737/617/960
f 737/617/961 743/623/961 744/624/961
f 739/619/962 737/617/962 744/624/962
f 739/619/963 744/624/963 745/625/963
f 745/625/964 746/626/964 739/619/964
f 739/619/965 746/626/965 738/618/965
f 747/566/966 748/562/966 749/567/966
f 747/566/967 750/564/967 748/562/967
f 748/562/968 750/564/968 751/563/968
f 750/564/969 752/572/969 751/563/969
f 751/563/970 753/565/970 748/562/970
f 753/565/971 749/567/971 748/562/971
f 753/565/972 754/570/972 749/567/972
f 749/567/973 754/570/973 755/569/973
f 755/569/974 756/568/974 749/567/974
f 749/567/975 756/568/975 747/566/975
f 756/568/976 755/569/976 757/571/976
f 747/566/977 756/568/977 757/571/977
f 757/571/978 755/569/978 758/573/978
f 759/618/979 760/617/979 761/616/979
f 759/618/980 761/616/980 762/622/980
f 762/622/981 761/616/981 763/621/981
f 761/616/982 764/620/982 763/621/982
f 764/620/983 761/616/983 760/617/983
f 760/617/984 765/623/984 764/620/984
f 766/619/985 765/623/985 760/617/985
f 766/619/986 760/617/986 759/618/986
f 759/618/987 767/626/987 766/619/987
f 766/619/988 767/626/988 768/625/988
f 768/625/989 769/624/989 766/619/989
f 766/619/990 769/624/990 765/623/990
f 770/546/991 771/544/991 772/547/991
f 773/548/992 770/546/992 772/547/992
f 770/546/993 774/545/993 771/544/993
f 774/545/994 775/543/994 771/544/994
f 775/543/995 776/542/995 771/544/995
f 776/542/996 775/543/996 777/541/996
f 776/542/997 777/541/997 778/540/997
f 779/627/998 476/436/998 512/472/998
f 779/627/999 512/472/999 495/455/999
f 512/472/1000 476/436/1000 479/439/1000
f 477/437/1001 476/436/1001 779/627/1001
f 491/451/1002 477/437/1002 779/627/1002
f 779/627/1003 492/452/1003 491/451/1003
f 779/627/1004 495/455/1004 492/452/1004
f 780/628/1005 781/629/1005 782/630/1005
f 783/631/1006 780/628/1006 782/630/1006
f 784/632/1007 780/628/1007 783/631/1007
f 783/631/1008 785/633/1008 784/632/1008
f 785/633/1009 786/634/1009 784/632/1009
f 787/635/1010 786/634/1010 785/633/1010
f 788/636/1011 787/635/1011 785/633/1011
f 789/637/1012 787/635/1012 788/636/1012
f 789/637/1013 788/636/1013 790/638/1013
f 788/636/1014 785/633/1014 790/638/1014
f 785/633/1015 783/631/1015 791/639/1015
f 791/639/1016 783/631/1016 782/630/1016
f 785/633/1017 791/639/1017 790/638/1017
f 789/637/1018 792/640/1018 787/635/1018
f 791/639/1019 782/630/1019 793/641/1019
f 794/350/1020 795/353/1020 796/347/1020
f 794/350/1021 796/347/1021 797/348/1021
f 794/350/1022 798/351/1022 795/353/1022
f 798/351/1023 799/354/1023 795/353/1023
f 797/348/1024 796/347/1024 800/345/1024
f 796/347/1025 801/346/1025 800/345/1025
f 802/349/1026 797/348/1026 800/345/1026
f 802/349/1027 798/351/1027 794/350/1027
f 802/349/1028 794/350/1028 797/348/1028
f 802/349/1029 803/352/1029 798/351/1029
f 803/352/1030 804/355/1030 798/351/1030
f 804/355/1031 799/354/1031 798/351/1031
f 805/341/1032 806/342/1032 807/334/1032
f 808/335/1033 805/341/1033 807/334/1033
f 809/336/1034 808/335/1034 807/334/1034
f 809/336/1035 807/334/1035 810/337/1035
f 809/336/1036 810/337/1036 811/338/1036
f 809/336/1037 811/338/1037 812/339/1037
f 813/340/1038 809/336/1038 812/339/1038
f 813/340/1039 805/341/1039 808/335/1039
f 813/340/1040 808/335/1040 809/336/1040
f 814/343/1041 806/342/1041 805/341/1041
f 815/344/1042 814/343/1042 805/341/1042
f 813/340/1043 815/344/1043 805/341/1043
f 816/642/1044 544/504/1044 541/501/1044
f 544/504/1045 816/642/1045 817/643/1045
f 818/644/1046 817/643/1046 816/642/1046
f 819/645/1047 818/644/1047 816/642/1047
f 818/644/1048 819/645/1048 545/505/1048
f 545/505/1049 559/519/1049 818/644/1049
f 545/505/1050 819/645/1050 535/495/1050
f 816/642/1051 534/494/1051 819/645/1051
f 816/642/1052 541/501/1052 534/494/1052
f 534/494/1051 535/495/1051 819/645/1051
f 817/643/1053 820/646/1053 544/504/1053
f 821/647/1054 822/648/1054 823/649/1054
f 824/650/1055 825/651/1055 826/652/1055
f 826/652/1056 825/651/1056 827/653/1056
f 183/183/1057 133/133/1057 135/135/1057
f 135/135/1058 136/136/1058 183/183/1058
f 828/654/1059 437/397/1059 433/393/1059
f 442/402/1060 437/397/1060 828/654/1060
f 444/404/1061 442/402/1061 828/654/1061
f 829/575/1062 830/582/1062 831/581/1062
f 832/574/1063 829/575/1063 831/581/1063
f 833/580/1064 832/574/1064 831/581/1064
f 833/580/1065 834/576/1065 832/574/1065
f 832/574/1066 834/576/1066 829/575/1066
f 833/580/1067 835/579/1067 834/576/1067
f 834/576/1068 836/577/1068 829/575/1068
f 835/579/1069 837/578/1069 834/576/1069
f 837/578/1070 836/577/1070 834/576/1070
f 838/655/1071 839/656/1071 840/657/1071
f 840/657/1072 839/656/1072 841/658/1072
f 841/658/1073 842/659/1073 840/657/1073
f 843/660/1074 844/661/1074 845/662/1074
f 846/658/1075 847/656/1075 848/657/1075
f 848/657/1076 849/659/1076 846/658/1076
f 848/657/1077 847/656/1077 850/655/1077
f 851/663/1078 852/664/1078 853/665/1078
f 854/666/1079 855/667/1079 856/668/1079
f 857/668/1080 858/667/1080 859/666/1080
f 860/665/917 861/664/917 862/663/917
f 863/662/1081 864/661/1081 865/660/1081
f 866/649/1082 867/648/1082 868/647/1082
f 598/309/1083 869/310/1083 596/302/1083
f 870/669/1084 871/670/1084 872/671/1084
f 873/672/1085 874/673/1085 875/674/1085
f 876/45/1086 877/43/1086 878/38/1086
f 879/48/1087 876/45/1087 878/38/1087
f 878/38/1088 877/43/1088 880/42/1088
f 881/41/1089 878/38/1089 880/42/1089
f 878/38/1090 881/41/1090 882/40/1090
f 882/40/1091 883/39/1091 878/38/1091
f 878/38/1092 883/39/1092 879/48/1092
f 880/42/1093 884/50/1093 881/41/1093
f 877/43/1094 885/44/1094 880/42/1094
f 885/44/1095 877/43/1095 876/45/1095
f 879/48/1096 886/47/1096 876/45/1096
f 879/48/1097 887/51/1097 886/47/1097
f 888/46/1098 876/45/1098 886/47/1098
f 876/45/1099 888/46/1099 885/44/1099
f 886/47/1100 889/49/1100 888/46/1100
f 890/33/1101 891/34/1101 892/28/1101
f 893/32/1102 891/34/1102 890/33/1102
f 893/32/1103 894/35/1103 891/34/1103
f 895/36/1104 891/34/1104 894/35/1104
f 894/35/1105 896/37/1105 895/36/1105
f 890/33/1106 892/28/1106 897/21/1106
f 893/32/1107 890/33/1107 898/30/1107
f 890/33/1108 897/21/1108 898/30/1108
f 898/30/1109 897/21/1109 899/22/1109
f 899/22/1110 897/21/1110 900/19/1110
f 901/31/1111 898/30/1111 899/22/1111
f 893/32/1112 898/30/1112 901/31/1112
f 897/21/1113 902/20/1113 900/19/1113
f 897/21/1114 892/28/1114 902/20/1114
f 892/28/1115 903/27/1115 902/20/1115
f 903/27/1116 892/28/1116 891/34/1116
f 895/36/1117 903/27/1117 891/34/1117
f 902/20/1118 904/23/1118 900/19/1118
f 903/27/1119 904/23/1119 902/20/1119
f 895/36/1120 905/29/1120 903/27/1120
f 904/23/1121 903/27/1121 905/29/1121
f 904/23/1122 906/24/1122 900/19/1122
f 907/25/1123 906/24/1123 904/23/1123
f 905/29/1124 907/25/1124 904/23/1124
f 907/25/1125 908/26/1125 906/24/1125
f 102/102/1126 126/126/1126 113/113/1126
f 86/86/1127 126/126/1127 102/102/1127
f 126/126/1128 86/86/1128 125/125/1128
f 86/86/1129 87/87/1129 125/125/1129
f 86/86/1130 102/102/1130 92/92/1130
f 909/671/1131 910/670/1131 911/669/1131
f 912/674/1132 913/673/1132 914/672/1132
f 915/675/1133 916/676/1133 917/677/1133
f 918/678/1134 915/675/1134 917/677/1134
f 916/676/1135 915/675/1135 919/679/1135
f 916/676/1136 919/679/1136 920/680/1136
f 921/681/1137 916/676/1137 920/680/1137
f 917/677/1138 916/676/1138 921/681/1138
f 915/675/1139 922/682/1139 919/679/1139
f 915/675/1140 923/683/1140 922/682/1140
f 918/678/1141 923/683/1141 915/675/1141
f 920/680/1142 924/684/1142 921/681/1142
f 925/677/1143 926/676/1143 927/675/1143
f 925/677/1144 927/675/1144 928/678/1144
f 929/679/1145 927/675/1145 926/676/1145
f 930/680/1146 929/679/1146 926/676/1146
f 930/680/1147 926/676/1147 931/681/1147
f 931/681/1148 926/676/1148 925/677/1148
f 929/679/1149 932/682/1149 927/675/1149
f 932/682/1150 933/683/1150 927/675/1150
f 927/675/1151 933/683/1151 928/678/1151
f 931/681/1152 934/684/1152 930/680/1152
f 529/489/1153 553/513/1153 547/507/1153
f 530/490/1154 529/489/1154 547/507/1154
f 935/685/1155 936/686/1155 937/687/1155
f 937/687/1156 936/686/1156 938/688/1156
f 938/688/1157 936/686/1157 939/689/1157
f 939/689/1158 936/686/1158 940/690/1158
f 941/691/1159 942/692/1159 943/693/1159
f 941/691/1160 943/693/1160 944/694/1160
f 944/694/1161 943/693/1161 945/695/1161
f 944/694/1162 945/695/1162 946/696/1162
f 947/697/1163 942/692/1163 941/691/1163
f 948/698/1164 947/697/1164 941/691/1164
f 949/699/1165 947/697/1165 948/698/1165
f 950/700/1166 949/699/1166 948/698/1166
f 941/691/1167 944/694/1167 951/701/1167
f 944/694/1168 946/696/1168 951/701/1168
f 950/700/1169 948/698/1169 951/701/1169
f 948/698/1170 941/691/1170 951/701/1170
f 952/702/1171 953/703/1171 954/704/1171
f 955/705/1172 952/702/1172 954/704/1172
f 953/703/1173 952/702/1173 956/706/1173
f 952/702/1174 957/707/1174 956/706/1174
f 954/704/1175 958/708/1175 955/705/1175
f 956/706/1176 957/707/1176 959/709/1176
f 960/710/1177 956/706/1177 959/709/1177
f 960/710/1178 959/709/1178 961/711/1178
f 962/712/1179 960/710/1179 961/711/1179
f 963/713/1180 954/704/1180 953/703/1180
f 963/713/1181 953/703/1181 964/714/1181
f 965/715/1182 960/710/1182 962/712/1182
f 966/716/1183 965/715/1183 962/712/1183
f 953/703/1184 956/706/1184 967/717/1184
f 964/714/1185 953/703/1185 967/717/1185
f 967/717/1186 956/706/1186 960/710/1186
f 965/715/1187 967/717/1187 960/710/1187
f 963/713/1188 968/718/1188 954/704/1188
f 968/718/1189 969/719/1189 954/704/1189
f 970/720/1190 958/708/1190 954/704/1190
f 970/720/1191 954/704/1191 969/719/1191
f 971/721/1192 972/722/1192 973/723/1192
f 974/724/1193 971/721/1193 973/723/1193
f 974/724/1194 973/723/1194 975/725/1194
f 976/726/1195 974/724/1195 975/725/1195
f 972/722/1196 971/721/1196 977/727/1196
f 978/728/1197 979/729/1197 980/730/1197
f 980/730/1198 981/731/1198 978/728/1198
f 982/732/1199 978/728/1199 981/731/1199
f 981/731/1200 983/733/1200 982/732/1200
f 979/729/1201 978/728/1201 984/734/1201
f 984/734/1202 985/735/1202 979/729/1202
f 986/736/1203 984/734/1203 978/728/1203
f 978/728/1204 982/732/1204 986/736/1204
f 985/735/1205 984/734/1205 987/737/1205
f 988/738/1206 985/735/1206 987/737/1206
f 984/734/1207 986/736/1207 989/739/1207
f 987/737/1208 984/734/1208 989/739/1208
f 988/738/1209 987/737/1209 990/740/1209
f 991/741/1210 988/738/1210 990/740/1210
f 987/737/1211 989/739/1211 992/742/1211
f 990/740/1212 987/737/1212 992/742/1212
f 991/741/1213 990/740/1213 993/743/1213
f 994/744/1214 991/741/1214 993/743/1214
f 990/740/1215 992/742/1215 995/745/1215
f 993/743/1216 990/740/1216 995/745/1216
f 982/732/1217 983/733/1217 996/731/1217
f 996/731/1218 997/728/1218 982/732/1218
f 986/736/1219 982/732/1219 997/728/1219
f 997/728/1220 998/734/1220 986/736/1220
f 989/739/1221 986/736/1221 998/734/1221
f 998/734/1222 997/728/1222 999/729/1222
f 1000/730/1223 999/729/1223 997/728/1223
f 997/728/1224 996/731/1224 1000/730/1224
f 999/729/1225 1001/735/1225 998/734/1225
f 1002/737/1226 998/734/1226 1001/735/1226
f 1002/737/1227 989/739/1227 998/734/1227
f 992/742/1228 989/739/1228 1002/737/1228
f 1003/738/1229 1002/737/1229 1001/735/1229
f 1004/740/1230 1002/737/1230 1003/738/1230
f 1004/740/1231 992/742/1231 1002/737/1231
f 995/745/1232 992/742/1232 1004/740/1232
f 1005/741/1233 1004/740/1233 1003/738/1233
f 1006/743/1234 1004/740/1234 1005/741/1234
f 1006/743/1235 995/745/1235 1004/740/1235
f 1007/744/1236 1006/743/1236 1005/741/1236
f 1008/728/1237 1009/729/1237 1010/730/1237
f 1010/730/1238 1011/731/1238 1008/728/1238
f 1012/732/1199 1008/728/1199 1011/731/1199
f 1011/731/1239 1013/733/1239 1012/732/1239
f 1009/729/1240 1008/728/1240 1014/734/1240
f 1014/734/1202 1015/735/1202 1009/729/1202
f 1016/736/1241 1014/734/1241 1008/728/1241
f 1008/728/1242 1012/732/1242 1016/736/1242
f 1015/735/1205 1014/734/1205 1017/737/1205
f 1018/738/1243 1015/735/1243 1017/737/1243
f 1014/734/1244 1016/736/1244 1019/739/1244
f 1017/737/1245 1014/734/1245 1019/739/1245
f 1018/738/1246 1017/737/1246 1020/740/1246
f 1021/741/1246 1018/738/1246 1020/740/1246
f 1017/737/1247 1019/739/1247 1022/742/1247
f 1020/740/1248 1017/737/1248 1022/742/1248
f 1021/741/1249 1020/740/1249 1023/743/1249
f 1024/744/1250 1021/741/1250 1023/743/1250
f 1020/740/1251 1022/742/1251 1025/745/1251
f 1023/743/1216 1020/740/1216 1025/745/1216
f 1012/732/1252 1013/733/1252 1026/731/1252
f 1026/731/1253 1027/728/1253 1012/732/1253
f 1016/736/1254 1012/732/1254 1027/728/1254
f 1027/728/1255 1028/734/1255 1016/736/1255
f 1019/739/1256 1016/736/1256 1028/734/1256
f 1028/734/1257 1027/728/1257 1029/729/1257
f 1030/730/1258 1029/729/1258 1027/728/1258
f 1027/728/1224 1026/731/1224 1030/730/1224
f 1029/729/1259 1031/735/1259 1028/734/1259
f 1032/737/1260 1028/734/1260 1031/735/1260
f 1032/737/1261 1019/739/1261 1028/734/1261
f 1022/742/1262 1019/739/1262 1032/737/1262
f 1033/738/1263 1032/737/1263 1031/735/1263
f 1034/740/1264 1032/737/1264 1033/738/1264
f 1034/740/1265 1022/742/1265 1032/737/1265
f 1025/745/1232 1022/742/1232 1034/740/1232
f 1035/741/1209 1034/740/1209 1033/738/1209
f 1036/743/1266 1034/740/1266 1035/741/1266
f 1036/743/1267 1025/745/1267 1034/740/1267
f 1037/744/1236 1036/743/1236 1035/741/1236
f 1038/703/1268 1039/702/1268 1040/705/1268
f 1041/704/1269 1038/703/1269 1040/705/1269
f 1038/703/1270 1042/707/1270 1039/702/1270
f 1038/703/1271 1043/706/1271 1042/707/1271
f 1040/705/1272 1044/708/1272 1041/704/1272
f 1045/709/1273 1042/707/1273 1043/706/1273
f 1046/710/1274 1045/709/1274 1043/706/1274
f 1047/711/1275 1045/709/1275 1046/710/1275
f 1048/712/1276 1047/711/1276 1046/710/1276
f 1049/713/1277 1038/703/1277 1041/704/1277
f 1049/713/1278 1050/714/1278 1038/703/1278
f 1048/712/1279 1046/710/1279 1051/715/1279
f 1052/716/1280 1048/712/1280 1051/715/1280
f 1053/717/1281 1043/706/1281 1038/703/1281
f 1050/714/1282 1053/717/1282 1038/703/1282
f 1046/710/1283 1043/706/1283 1053/717/1283
f 1051/715/1284 1046/710/1284 1053/717/1284
f 1049/713/1285 1041/704/1285 1054/718/1285
f 1041/704/1286 1055/719/1286 1054/718/1286
f 1055/719/1287 1041/704/1287 1044/708/1287
f 1044/708/1288 1056/720/1288 1055/719/1288
f 1057/723/1289 1058/722/1289 1059/721/1289
f 1060/724/1290 1057/723/1290 1059/721/1290
f 1061/725/1291 1057/723/1291 1060/724/1291
f 1062/726/1292 1061/725/1292 1060/724/1292
f 1063/727/1293 1059/721/1293 1058/722/1293
f 1064/730/1294 1065/729/1294 1066/728/1294
f 1066/728/1295 1067/731/1295 1064/730/1295
f 1067/731/1296 1066/728/1296 1068/732/1296
f 1068/732/1297 1069/733/1297 1067/731/1297
f 1070/734/1298 1066/728/1298 1065/729/1298
f 1065/729/1299 1071/735/1299 1070/734/1299
f 1066/728/1300 1070/734/1300 1072/736/1300
f 1072/736/1301 1068/732/1301 1066/728/1301
f 1073/737/1302 1070/734/1302 1071/735/1302
f 1074/738/1303 1073/737/1303 1071/735/1303
f 1075/739/1304 1072/736/1304 1070/734/1304
f 1073/737/1305 1075/739/1305 1070/734/1305
f 1076/740/1306 1073/737/1306 1074/738/1306
f 1077/741/1307 1076/740/1307 1074/738/1307
f 1078/742/1308 1075/739/1308 1073/737/1308
f 1076/740/1309 1078/742/1309 1073/737/1309
f 1079/743/1310 1076/740/1310 1077/741/1310
f 1080/744/1311 1079/743/1311 1077/741/1311
f 1081/745/1312 1078/742/1312 1076/740/1312
f 1079/743/1313 1081/745/1313 1076/740/1313
f 1082/731/1314 1069/733/1314 1068/732/1314
f 1068/732/1315 1083/728/1315 1082/731/1315
f 1083/728/1316 1068/732/1316 1072/736/1316
f 1072/736/1317 1084/734/1317 1083/728/1317
f 1084/734/1318 1072/736/1318 1075/739/1318
f 1085/729/1319 1083/728/1319 1084/734/1319
f 1083/728/1320 1085/729/1320 1086/730/1320
f 1086/730/1321 1082/731/1321 1083/728/1321
f 1084/734/1322 1087/735/1322 1085/729/1322
f 1087/735/1323 1084/734/1323 1088/737/1323
f 1088/737/1324 1084/734/1324 1075/739/1324
f 1088/737/1325 1075/739/1325 1078/742/1325
f 1089/738/1326 1087/735/1326 1088/737/1326
f 1089/738/1327 1088/737/1327 1090/740/1327
f 1090/740/1328 1088/737/1328 1078/742/1328
f 1090/740/1329 1078/742/1329 1081/745/1329
f 1091/741/1330 1089/738/1330 1090/740/1330
f 1091/741/1331 1090/740/1331 1092/743/1331
f 1092/743/1332 1090/740/1332 1081/745/1332
f 1093/744/1333 1091/741/1333 1092/743/1333
f 1094/730/1334 1095/729/1334 1096/728/1334
f 1096/728/1335 1097/731/1335 1094/730/1335
f 1097/731/1336 1096/728/1336 1098/732/1336
f 1098/732/1337 1099/733/1337 1097/731/1337
f 1100/734/1338 1096/728/1338 1095/729/1338
f 1095/729/1339 1101/735/1339 1100/734/1339
f 1096/728/1340 1100/734/1340 1102/736/1340
f 1102/736/1301 1098/732/1301 1096/728/1301
f 1103/737/1341 1100/734/1341 1101/735/1341
f 1104/738/1342 1103/737/1342 1101/735/1342
f 1105/739/1304 1102/736/1304 1100/734/1304
f 1103/737/1343 1105/739/1343 1100/734/1343
f 1106/740/1344 1103/737/1344 1104/738/1344
f 1107/741/1345 1106/740/1345 1104/738/1345
f 1108/742/1346 1105/739/1346 1103/737/1346
f 1106/740/1347 1108/742/1347 1103/737/1347
f 1109/743/1348 1106/740/1348 1107/741/1348
f 1110/744/1349 1109/743/1349 1107/741/1349
f 1111/745/1312 1108/742/1312 1106/740/1312
f 1109/743/1350 1111/745/1350 1106/740/1350
f 1112/731/1351 1099/733/1351 1098/732/1351
f 1098/732/1352 1113/728/1352 1112/731/1352
f 1113/728/1353 1098/732/1353 1102/736/1353
f 1102/736/1354 1114/734/1354 1113/728/1354
f 1114/734/1355 1102/736/1355 1105/739/1355
f 1115/729/1356 1113/728/1356 1114/734/1356
f 1113/728/1357 1115/729/1357 1116/730/1357
f 1116/730/1358 1112/731/1358 1113/728/1358
f 1114/734/1359 1117/735/1359 1115/729/1359
f 1117/735/1360 1114/734/1360 1118/737/1360
f 1118/737/1361 1114/734/1361 1105/739/1361
f 1118/737/1325 1105/739/1325 1108/742/1325
f 1119/738/1362 1117/735/1362 1118/737/1362
f 1119/738/1363 1118/737/1363 1120/740/1363
f 1120/740/1364 1118/737/1364 1108/742/1364
f 1120/740/1365 1108/742/1365 1111/745/1365
f 1121/741/1366 1119/738/1366 1120/740/1366
f 1121/741/1367 1120/740/1367 1122/743/1367
f 1122/743/1368 1120/740/1368 1111/745/1368
f 1123/744/1369 1121/741/1369 1122/743/1369
f 1124/730/1370 1125/729/1370 1126/728/1370
f 1126/728/1371 1127/731/1371 1124/730/1371
f 1127/731/1372 1126/728/1372 1128/732/1372
f 1128/732/1373 1129/733/1373 1127/731/1373
f 1130/734/1374 1126/728/1374 1125/729/1374
f 1125/729/1375 1131/735/1375 1130/734/1375
f 1126/728/1376 1130/734/1376 1132/736/1376
f 1132/736/1377 1128/732/1377 1126/728/1377
f 1133/737/1378 1130/734/1378 1131/735/1378
f 1134/738/1379 1133/737/1379 1131/735/1379
f 1135/739/1380 1132/736/1380 1130/734/1380
f 1133/737/1381 1135/739/1381 1130/734/1381
f 1136/740/1382 1133/737/1382 1134/738/1382
f 1137/741/1383 1136/740/1383 1134/738/1383
f 1138/742/1384 1135/739/1384 1133/737/1384
f 1136/740/1385 1138/742/1385 1133/737/1385
f 1139/743/1386 1136/740/1386 1137/741/1386
f 1140/744/1387 1139/743/1387 1137/741/1387
f 1141/745/1388 1138/742/1388 1136/740/1388
f 1139/743/1389 1141/745/1389 1136/740/1389
f 1142/731/1390 1129/733/1390 1128/732/1390
f 1128/732/1391 1143/728/1391 1142/731/1391
f 1143/728/1392 1128/732/1392 1132/736/1392
f 1144/730/1393 1142/731/1393 1143/728/1393
f 1143/728/1394 1145/729/1394 1144/730/1394
f 1145/729/1395 1143/728/1395 1146/734/1395
f 1132/736/1396 1146/734/1396 1143/728/1396
f 1146/734/1397 1132/736/1397 1135/739/1397
f 1146/734/1398 1147/735/1398 1145/729/1398
f 1147/735/1399 1146/734/1399 1148/737/1399
f 1148/737/1400 1146/734/1400 1135/739/1400
f 1148/737/1401 1135/739/1401 1138/742/1401
f 1149/738/1402 1147/735/1402 1148/737/1402
f 1149/738/1403 1148/737/1403 1150/740/1403
f 1150/740/1404 1148/737/1404 1138/742/1404
f 1150/740/1405 1138/742/1405 1141/745/1405
f 1151/741/1406 1149/738/1406 1150/740/1406
f 1151/741/1407 1150/740/1407 1152/743/1407
f 1152/743/1408 1150/740/1408 1141/745/1408
f 1153/744/1409 1151/741/1409 1152/743/1409
f 1154/746/1410 1155/747/1410 1156/748/1410
f 1154/746/1411 1156/748/1411 1157/749/1411
f 1158/750/1412 1154/746/1412 1157/749/1412
f 1158/750/1413 1157/749/1413 1159/751/1413
f 1158/750/1414 1159/751/1414 1160/752/1414
f 1160/752/1415 1161/753/1415 1158/750/1415
f 1161/753/1416 1160/752/1416 1162/754/1416
f 1162/754/1417 1163/755/1417 1161/753/1417
f 1163/755/1418 1162/754/1418 1164/756/1418
f 1164/756/1419 1165/757/1419 1163/755/1419
f 1165/757/1420 1164/756/1420 1166/758/1420
f 1166/758/1421 1167/759/1421 1165/757/1421
f 1155/747/1422 1154/746/1422 1168/760/1422
f 1154/746/1423 1158/750/1423 1169/761/1423
f 1154/746/1424 1169/761/1424 1168/760/1424
f 1158/750/1425 1170/762/1425 1169/761/1425
f 1161/753/1426 1170/762/1426 1158/750/1426
f 1161/753/1427 1171/763/1427 1170/762/1427
f 1170/762/1428 1171/763/1428 1172/764/1428
f 1170/762/1429 1172/764/1429 1173/765/1429
f 1171/763/1430 1174/766/1430 1172/764/1430
f 1170/762/1431 1173/765/1431 1175/767/1431
f 1175/767/1432 1169/761/1432 1170/762/1432
f 1171/763/1433 1176/768/1433 1174/766/1433
f 1176/768/1434 1171/763/1434 1161/753/1434
f 1163/755/1435 1176/768/1435 1161/753/1435
f 1176/768/1436 1177/769/1436 1174/766/1436
f 1176/768/1437 1178/770/1437 1177/769/1437
f 1178/770/1438 1176/768/1438 1163/755/1438
f 1165/757/1439 1178/770/1439 1163/755/1439
f 1179/771/1440 1178/770/1440 1165/757/1440
f 1179/771/1441 1165/757/1441 1167/759/1441
f 1178/770/1442 1179/771/1442 1180/772/1442
f 1178/770/1443 1180/772/1443 1177/769/1443
f 1181/773/1444 1179/771/1444 1167/759/1444
f 1182/774/1445 1181/773/1445 1167/759/1445
f 1179/771/1446 1181/773/1446 1183/775/1446
f 1179/771/1447 1183/775/1447 1180/772/1447
f 1169/761/1448 1175/767/1448 1184/776/1448
f 1184/776/1449 1168/760/1449 1169/761/1449
f 1185/777/1450 1168/760/1450 1184/776/1450
f 1168/760/1451 1185/777/1451 1186/778/1451
f 1168/760/1452 1186/778/1452 1155/747/1452
f 1185/777/1453 1187/779/1453 1186/778/1453
f 1185/777/1454 1188/780/1454 1187/779/1454
f 1187/779/1455 1188/780/1455 1189/781/1455
f 1188/780/1456 1190/782/1456 1189/781/1456
f 1189/781/1457 1190/782/1457 1191/783/1457
f 1189/781/1458 1191/783/1458 1192/784/1458
f 1192/784/1459 1191/783/1459 1193/785/1459
f 1194/786/1460 1192/784/1460 1193/785/1460
f 1195/787/1461 1194/786/1461 1193/785/1461
f 1195/787/1462 1196/788/1462 1194/786/1462
f 1196/788/1463 1195/787/1463 1197/789/1463
f 1198/790/1464 1196/788/1464 1197/789/1464
f 1196/788/1465 1198/790/1465 1199/791/1465
f 1199/791/1466 1200/792/1466 1196/788/1466
f 1194/786/1467 1196/788/1467 1200/792/1467
f 1201/793/1468 1197/789/1468 1195/787/1468
f 1202/794/1469 1201/793/1469 1195/787/1469
f 1187/779/1470 1189/781/1470 1203/795/1470
f 1204/796/1471 1190/782/1471 1188/780/1471
f 1205/797/1472 1204/796/1472 1188/780/1472
f 1206/798/1473 1205/797/1473 1188/780/1473
f 1188/780/1474 1185/777/1474 1206/798/1474
f 1184/776/1475 1206/798/1475 1185/777/1475
f 1200/792/1476 1207/799/1476 1194/786/1476
f 1192/784/1477 1194/786/1477 1207/799/1477
f 1207/799/1478 1208/800/1478 1192/784/1478
f 1189/781/1479 1192/784/1479 1208/800/1479
f 1208/800/1480 1203/795/1480 1189/781/1480
f 1203/795/1481 1209/801/1481 1187/779/1481
f 1209/801/1482 1210/802/1482 1187/779/1482
f 1210/802/1483 1186/778/1483 1187/779/1483
f 1210/802/1484 1156/748/1484 1186/778/1484
f 1156/748/1485 1155/747/1485 1186/778/1485
f 1211/737/1486 1212/739/1486 1213/742/1486
f 1214/740/1487 1211/737/1487 1213/742/1487
f 1214/740/1488 1213/742/1488 1215/745/1488
f 1216/743/1489 1214/740/1489 1215/745/1489
f 1217/741/1490 1214/740/1490 1216/743/1490
f 1218/744/1491 1217/741/1491 1216/743/1491
f 1213/742/1486 1212/739/1486 1219/737/1486
f 1219/737/1492 1212/739/1492 1220/734/1492
f 1219/737/1493 1220/734/1493 1221/735/1493
f 1222/729/1494 1221/735/1494 1220/734/1494
f 1220/734/1495 1223/728/1495 1222/729/1495
f 1223/728/1496 1220/734/1496 1224/736/1496
f 1212/739/1497 1224/736/1497 1220/734/1497
f 1224/736/1498 1225/732/1498 1223/728/1498
f 1226/731/1499 1223/728/1499 1225/732/1499
f 1227/738/1500 1219/737/1500 1221/735/1500
f 1225/732/1501 1228/733/1501 1226/731/1501
f 1223/728/1502 1226/731/1502 1229/730/1502
f 1229/730/1503 1222/729/1503 1223/728/1503
f 1230/740/1504 1219/737/1504 1227/738/1504
f 1231/741/1505 1230/740/1505 1227/738/1505
f 1230/740/1506 1213/742/1506 1219/737/1506
f 1232/743/1507 1230/740/1507 1231/741/1507
f 1233/744/1508 1232/743/1508 1231/741/1508
f 1215/745/1509 1213/742/1509 1230/740/1509
f 1232/743/1510 1215/745/1510 1230/740/1510
f 1234/731/1511 1228/733/1511 1225/732/1511
f 1225/732/1512 1235/728/1512 1234/731/1512
f 1235/728/1513 1225/732/1513 1224/736/1513
f 1236/730/1514 1234/731/1514 1235/728/1514
f 1235/728/1515 1237/729/1515 1236/730/1515
f 1237/729/1516 1235/728/1516 1238/734/1516
f 1238/734/1517 1239/735/1517 1237/729/1517
f 1239/735/1518 1238/734/1518 1211/737/1518
f 1211/737/1519 1238/734/1519 1212/739/1519
f 1238/734/1520 1224/736/1520 1212/739/1520
f 1224/736/1521 1238/734/1521 1235/728/1521
f 1240/738/1522 1239/735/1522 1211/737/1522
f 1240/738/1523 1211/737/1523 1214/740/1523
f 1217/741/1524 1240/738/1524 1214/740/1524
f 1241/737/1525 1242/739/1525 1243/742/1525
f 1244/740/1526 1241/737/1526 1243/742/1526
f 1244/740/1527 1243/742/1527 1245/745/1527
f 1246/743/1528 1244/740/1528 1245/745/1528
f 1247/741/1529 1244/740/1529 1246/743/1529
f 1248/744/1530 1247/741/1530 1246/743/1530
f 1243/742/1531 1242/739/1531 1249/737/1531
f 1249/737/1532 1242/739/1532 1250/734/1532
f 1249/737/1533 1250/734/1533 1251/735/1533
f 1252/729/1534 1251/735/1534 1250/734/1534
f 1250/734/1535 1253/728/1535 1252/729/1535
f 1253/728/1536 1250/734/1536 1254/736/1536
f 1242/739/1537 1254/736/1537 1250/734/1537
f 1254/736/1538 1255/732/1538 1253/728/1538
f 1256/731/1539 1253/728/1539 1255/732/1539
f 1257/738/1540 1249/737/1540 1251/735/1540
f 1255/732/1541 1258/733/1541 1256/731/1541
f 1253/728/1542 1256/731/1542 1259/730/1542
f 1259/730/1543 1252/729/1543 1253/728/1543
f 1260/740/1544 1249/737/1544 1257/738/1544
f 1261/741/1545 1260/740/1545 1257/738/1545
f 1260/740/1546 1243/742/1546 1249/737/1546
f 1262/743/1547 1260/740/1547 1261/741/1547
f 1263/744/1548 1262/743/1548 1261/741/1548
f 1245/745/1549 1243/742/1549 1260/740/1549
f 1262/743/1550 1245/745/1550 1260/740/1550
f 1264/731/1551 1258/733/1551 1255/732/1551
f 1255/732/1552 1265/728/1552 1264/731/1552
f 1265/728/1553 1255/732/1553 1254/736/1553
f 1266/730/1554 1264/731/1554 1265/728/1554
f 1265/728/1555 1267/729/1555 1266/730/1555
f 1254/736/1556 1268/734/1556 1265/728/1556
f 1267/729/1557 1265/728/1557 1268/734/1557
f 1268/734/1558 1269/735/1558 1267/729/1558
f 1269/735/1559 1268/734/1559 1241/737/1559
f 1270/738/1560 1269/735/1560 1241/737/1560
f 1270/738/1561 1241/737/1561 1244/740/1561
f 1247/741/1562 1270/738/1562 1244/740/1562
f 1241/737/1563 1268/734/1563 1242/739/1563
f 1268/734/1564 1254/736/1564 1242/739/1564
f 1271/737/1565 1272/739/1565 1273/742/1565
f 1274/740/1565 1271/737/1565 1273/742/1565
f 1274/740/1566 1273/742/1566 1275/745/1566
f 1276/743/1567 1274/740/1567 1275/745/1567
f 1277/741/1568 1274/740/1568 1276/743/1568
f 1278/744/1569 1277/741/1569 1276/743/1569
f 1273/742/1570 1272/739/1570 1279/737/1570
f 1279/737/1571 1272/739/1571 1280/734/1571
f 1279/737/1572 1280/734/1572 1281/735/1572
f 1282/729/1573 1281/735/1573 1280/734/1573
f 1280/734/1574 1283/728/1574 1282/729/1574
f 1283/728/1575 1280/734/1575 1284/736/1575
f 1272/739/1576 1284/736/1576 1280/734/1576
f 1284/736/1577 1285/732/1577 1283/728/1577
f 1286/731/1578 1283/728/1578 1285/732/1578
f 1287/738/1579 1279/737/1579 1281/735/1579
f 1285/732/1580 1288/733/1580 1286/731/1580
f 1283/728/1581 1286/731/1581 1289/730/1581
f 1289/730/1582 1282/729/1582 1283/728/1582
f 1290/740/1583 1279/737/1583 1287/738/1583
f 1291/741/1584 1290/740/1584 1287/738/1584
f 1290/740/1585 1273/742/1585 1279/737/1585
f 1292/743/1586 1290/740/1586 1291/741/1586
f 1293/744/1587 1292/743/1587 1291/741/1587
f 1275/745/1588 1273/742/1588 1290/740/1588
f 1292/743/1589 1275/745/1589 1290/740/1589
f 1294/731/1590 1288/733/1590 1285/732/1590
f 1295/728/1591 1285/732/1591 1284/736/1591
f 1285/732/1592 1295/728/1592 1294/731/1592
f 1296/730/1593 1294/731/1593 1295/728/1593
f 1295/728/1594 1297/729/1594 1296/730/1594
f 1297/729/1595 1295/728/1595 1298/734/1595
f 1298/734/1596 1299/735/1596 1297/729/1596
f 1299/735/1597 1298/734/1597 1271/737/1597
f 1271/737/1598 1298/734/1598 1272/739/1598
f 1298/734/1599 1284/736/1599 1272/739/1599
f 1284/736/1600 1298/734/1600 1295/728/1600
f 1300/738/1601 1299/735/1601 1271/737/1601
f 1300/738/1565 1271/737/1565 1274/740/1565
f 1277/741/1602 1300/738/1602 1274/740/1602
f 1301/731/1603 1302/733/1603 1303/732/1603
f 1303/732/1604 1302/733/1604 1304/731/1604
f 1304/731/1605 1305/728/1605 1303/732/1605
f 1305/728/1606 1304/731/1606 1306/730/1606
f 1306/730/1607 1307/729/1607 1305/728/1607
f 1308/734/1608 1305/728/1608 1307/729/1608
f 1307/729/1609 1309/735/1609 1308/734/1609
f 1305/728/1610 1308/734/1610 1310/736/1610
f 1310/736/1611 1303/732/1611 1305/728/1611
f 1311/739/1612 1310/736/1612 1308/734/1612
f 1312/737/1613 1311/739/1613 1308/734/1613
f 1312/737/1614 1308/734/1614 1309/735/1614
f 1313/738/1615 1312/737/1615 1309/735/1615
f 1314/740/1616 1312/737/1616 1313/738/1616
f 1315/741/1617 1314/740/1617 1313/738/1617
f 1316/742/1618 1311/739/1618 1312/737/1618
f 1314/740/1619 1316/742/1619 1312/737/1619
f 1317/743/1620 1314/740/1620 1315/741/1620
f 1318/744/1621 1317/743/1621 1315/741/1621
f 1319/745/1622 1316/742/1622 1314/740/1622
f 1317/743/1623 1319/745/1623 1314/740/1623
f 1320/740/1624 1316/742/1624 1319/745/1624
f 1321/743/1625 1320/740/1625 1319/745/1625
f 1320/740/1626 1322/737/1626 1316/742/1626
f 1322/737/1627 1311/739/1627 1316/742/1627
f 1323/741/1628 1320/740/1628 1321/743/1628
f 1324/734/1629 1310/736/1629 1311/739/1629
f 1322/737/1630 1324/734/1630 1311/739/1630
f 1325/735/1631 1324/734/1631 1322/737/1631
f 1324/734/1632 1325/735/1632 1326/729/1632
f 1326/729/1633 1327/728/1633 1324/734/1633
f 1328/738/1634 1325/735/1634 1322/737/1634
f 1328/738/1635 1322/737/1635 1320/740/1635
f 1323/741/1636 1328/738/1636 1320/740/1636
f 1329/744/1637 1323/741/1637 1321/743/1637
f 1310/736/1638 1324/734/1638 1327/728/1638
f 1327/728/1639 1303/732/1639 1310/736/1639
f 1303/732/1640 1327/728/1640 1301/731/1640
f 1330/730/1641 1301/731/1641 1327/728/1641
f 1327/728/1642 1326/729/1642 1330/730/1642
f 1331/803/1643 1191/783/1643 1190/782/1643
f 1204/796/1644 1331/803/1644 1190/782/1644
f 1193/785/1645 1191/783/1645 1331/803/1645
f 1331/803/1646 1332/804/1646 1193/785/1646
f 1195/787/1647 1193/785/1647 1332/804/1647
f 1332/804/1648 1202/794/1648 1195/787/1648
f 1333/805/1649 1182/774/1649 1167/759/1649
f 1167/759/1650 1166/758/1650 1333/805/1650
f 1334/730/1651 1335/729/1651 1336/728/1651
f 1336/728/1652 1337/731/1652 1334/730/1652
f 1337/731/1653 1336/728/1653 1338/732/1653
f 1338/732/1654 1339/733/1654 1337/731/1654
f 1340/734/1655 1336/728/1655 1335/729/1655
f 1335/729/1656 1341/735/1656 1340/734/1656
f 1336/728/1657 1340/734/1657 1342/736/1657
f 1342/736/1658 1338/732/1658 1336/728/1658
f 1343/737/1659 1340/734/1659 1341/735/1659
f 1344/738/1660 1343/737/1660 1341/735/1660
f 1345/739/1661 1342/736/1661 1340/734/1661
f 1343/737/1662 1345/739/1662 1340/734/1662
f 1346/740/1663 1343/737/1663 1344/738/1663
f 1347/741/1664 1346/740/1664 1344/738/1664
f 1348/742/1665 1345/739/1665 1343/737/1665
f 1346/740/1666 1348/742/1666 1343/737/1666
f 1349/743/1667 1346/740/1667 1347/741/1667
f 1350/744/1668 1349/743/1668 1347/741/1668
f 1351/745/1669 1348/742/1669 1346/740/1669
f 1349/743/1670 1351/745/1670 1346/740/1670
f 1352/731/1671 1339/733/1671 1338/732/1671
f 1338/732/1672 1353/728/1672 1352/731/1672
f 1353/728/1673 1338/732/1673 1342/736/1673
f 1342/736/1674 1354/734/1674 1353/728/1674
f 1354/734/1675 1342/736/1675 1345/739/1675
f 1355/729/1676 1353/728/1676 1354/734/1676
f 1353/728/1677 1355/729/1677 1356/730/1677
f 1356/730/1678 1352/731/1678 1353/728/1678
f 1354/734/1679 1357/735/1679 1355/729/1679
f 1357/735/1680 1354/734/1680 1358/737/1680
f 1358/737/1681 1354/734/1681 1345/739/1681
f 1358/737/1682 1345/739/1682 1348/742/1682
f 1359/738/1683 1357/735/1683 1358/737/1683
f 1359/738/1684 1358/737/1684 1360/740/1684
f 1360/740/1685 1358/737/1685 1348/742/1685
f 1360/740/1686 1348/742/1686 1351/745/1686
f 1361/741/1687 1359/738/1687 1360/740/1687
f 1361/741/1688 1360/740/1688 1362/743/1688
f 1362/743/1689 1360/740/1689 1351/745/1689
f 1363/744/1690 1361/741/1690 1362/743/1690
f 1364/730/1691 1365/729/1691 1366/728/1691
f 1366/728/1692 1367/731/1692 1364/730/1692
f 1367/731/1693 1366/728/1693 1368/732/1693
f 1368/732/1694 1369/733/1694 1367/731/1694
f 1370/734/1695 1366/728/1695 1365/729/1695
f 1365/729/1696 1371/735/1696 1370/734/1696
f 1366/728/1697 1370/734/1697 1372/736/1697
f 1372/736/1698 1368/732/1698 1366/728/1698
f 1373/737/1699 1370/734/1699 1371/735/1699
f 1374/738/1700 1373/737/1700 1371/735/1700
f 1375/739/1701 1372/736/1701 1370/734/1701
f 1373/737/1702 1375/739/1702 1370/734/1702
f 1376/740/1703 1373/737/1703 1374/738/1703
f 1377/741/1704 1376/740/1704 1374/738/1704
f 1378/742/1705 1375/739/1705 1373/737/1705
f 1376/740/1706 1378/742/1706 1373/737/1706
f 1379/743/1707 1376/740/1707 1377/741/1707
f 1380/744/1708 1379/743/1708 1377/741/1708
f 1381/745/1709 1378/742/1709 1376/740/1709
f 1379/743/1710 1381/745/1710 1376/740/1710
f 1382/731/1711 1369/733/1711 1368/732/1711
f 1368/732/1712 1383/728/1712 1382/731/1712
f 1383/728/1713 1368/732/1713 1372/736/1713
f 1372/736/1714 1384/734/1714 1383/728/1714
f 1384/734/1715 1372/736/1715 1375/739/1715
f 1385/729/1716 1383/728/1716 1384/734/1716
f 1383/728/1717 1385/729/1717 1386/730/1717
f 1386/730/1718 1382/731/1718 1383/728/1718
f 1384/734/1719 1387/735/1719 1385/729/1719
f 1387/735/1720 1384/734/1720 1388/737/1720
f 1388/737/1721 1384/734/1721 1375/739/1721
f 1388/737/1722 1375/739/1722 1378/742/1722
f 1389/738/1723 1387/735/1723 1388/737/1723
f 1389/738/1724 1388/737/1724 1390/740/1724
f 1390/740/1725 1388/737/1725 1378/742/1725
f 1390/740/1726 1378/742/1726 1381/745/1726
f 1391/741/1727 1389/738/1727 1390/740/1727
f 1391/741/1728 1390/740/1728 1392/743/1728
f 1392/743/1729 1390/740/1729 1381/745/1729
f 1393/744/1730 1391/741/1730 1392/743/1730
f 1394/730/1731 1395/729/1731 1396/728/1731
f 1396/728/1732 1397/731/1732 1394/730/1732
f 1397/731/1733 1396/728/1733 1398/732/1733
f 1398/732/1734 1399/733/1734 1397/731/1734
f 1400/734/1735 1396/728/1735 1395/729/1735
f 1395/729/1736 1401/735/1736 1400/734/1736
f 1396/728/1737 1400/734/1737 1402/736/1737
f 1402/736/1738 1398/732/1738 1396/728/1738
f 1403/737/1739 1400/734/1739 1401/735/1739
f 1404/738/1740 1403/737/1740 1401/735/1740
f 1405/739/1741 1402/736/1741 1400/734/1741
f 1403/737/1742 1405/739/1742 1400/734/1742
f 1406/740/1743 1403/737/1743 1404/738/1743
f 1407/741/1744 1406/740/1744 1404/738/1744
f 1408/742/1745 1405/739/1745 1403/737/1745
f 1406/740/1746 1408/742/1746 1403/737/1746
f 1409/743/1747 1406/740/1747 1407/741/1747
f 1410/744/1748 1409/743/1748 1407/741/1748
f 1411/745/1749 1408/742/1749 1406/740/1749
f 1409/743/1750 1411/745/1750 1406/740/1750
f 1412/731/1751 1399/733/1751 1398/732/1751
f 1398/732/1752 1413/728/1752 1412/731/1752
f 1413/728/1753 1398/732/1753 1402/736/1753
f 1402/736/1754 1414/734/1754 1413/728/1754
f 1414/734/1755 1402/736/1755 1405/739/1755
f 1415/729/1756 1413/728/1756 1414/734/1756
f 1413/728/1757 1415/729/1757 1416/730/1757
f 1416/730/1758 1412/731/1758 1413/728/1758
f 1414/734/1759 1417/735/1759 1415/729/1759
f 1417/735/1760 1414/734/1760 1418/737/1760
f 1418/737/1761 1414/734/1761 1405/739/1761
f 1418/737/1762 1405/739/1762 1408/742/1762
f 1419/738/1763 1417/735/1763 1418/737/1763
f 1419/738/1764 1418/737/1764 1420/740/1764
f 1420/740/1762 1418/737/1762 1408/742/1762
f 1420/740/1765 1408/742/1765 1411/745/1765
f 1421/741/1744 1419/738/1744 1420/740/1744
f 1421/741/1766 1420/740/1766 1422/743/1766
f 1422/743/1767 1420/740/1767 1411/745/1767
f 1423/744/1768 1421/741/1768 1422/743/1768
f 1424/730/1769 1425/729/1769 1426/728/1769
f 1426/728/1770 1427/731/1770 1424/730/1770
f 1427/731/1771 1426/728/1771 1428/732/1771
f 1428/732/1772 1429/733/1772 1427/731/1772
f 1430/734/1773 1426/728/1773 1425/729/1773
f 1425/729/1774 1431/735/1774 1430/734/1774
f 1426/728/1775 1430/734/1775 1432/736/1775
f 1432/736/1776 1428/732/1776 1426/728/1776
f 1433/737/1777 1430/734/1777 1431/735/1777
f 1434/738/1778 1433/737/1778 1431/735/1778
f 1435/739/1779 1432/736/1779 1430/734/1779
f 1433/737/1780 1435/739/1780 1430/734/1780
f 1436/740/1781 1433/737/1781 1434/738/1781
f 1437/741/1782 1436/740/1782 1434/738/1782
f 1438/742/1783 1435/739/1783 1433/737/1783
f 1436/740/1784 1438/742/1784 1433/737/1784
f 1439/743/1785 1436/740/1785 1437/741/1785
f 1440/744/1786 1439/743/1786 1437/741/1786
f 1441/745/1787 1438/742/1787 1436/740/1787
f 1439/743/1788 1441/745/1788 1436/740/1788
f 1442/731/1789 1429/733/1789 1428/732/1789
f 1428/732/1790 1443/728/1790 1442/731/1790
f 1443/728/1791 1428/732/1791 1432/736/1791
f 1432/736/1792 1444/734/1792 1443/728/1792
f 1444/734/1793 1432/736/1793 1435/739/1793
f 1445/729/1794 1443/728/1794 1444/734/1794
f 1443/728/1795 1445/729/1795 1446/730/1795
f 1446/730/1796 1442/731/1796 1443/728/1796
f 1444/734/1797 1447/735/1797 1445/729/1797
f 1447/735/1798 1444/734/1798 1448/737/1798
f 1448/737/1799 1444/734/1799 1435/739/1799
f 1448/737/1800 1435/739/1800 1438/742/1800
f 1449/738/1801 1447/735/1801 1448/737/1801
f 1449/738/1802 1448/737/1802 1450/740/1802
f 1450/740/1803 1448/737/1803 1438/742/1803
f 1450/740/1804 1438/742/1804 1441/745/1804
f 1451/741/1805 1449/738/1805 1450/740/1805
f 1451/741/1806 1450/740/1806 1452/743/1806
f 1452/743/1807 1450/740/1807 1441/745/1807
f 1453/744/1808 1451/741/1808 1452/743/1808
f 1454/806/1809 1455/807/1809 1456/808/1809
f 1456/808/1810 1457/809/1810 1454/806/1810
f 1458/810/1811 1454/806/1811 1457/809/1811
f 1457/809/1812 1459/811/1812 1458/810/1812
f 1460/812/1813 1458/810/1813 1459/811/1813
f 1459/811/1814 1461/813/1814 1460/812/1814
f 1462/814/1815 1460/812/1815 1461/813/1815
f 1461/813/1816 1463/815/1816 1462/814/1816
f 1464/816/1817 1462/814/1817 1463/815/1817
f 1463/815/1818 1465/817/1818 1464/816/1818
f 1466/818/1819 1464/816/1819 1465/817/1819
f 1465/817/1820 1467/819/1820 1466/818/1820
f 1468/820/1821 1466/818/1821 1467/819/1821
f 1467/819/1822 1469/821/1822 1468/820/1822
f 1470/822/1823 1468/820/1823 1469/821/1823
f 1469/821/1824 1471/823/1824 1470/822/1824
f 1458/810/1825 1460/812/1825 1472/824/1825
f 1472/824/1826 1473/825/1826 1458/810/1826
f 1454/806/1827 1458/810/1827 1473/825/1827
f 1473/825/1828 1474/826/1828 1454/806/1828
f 1455/807/1829 1454/806/1829 1474/826/1829
f 1474/826/1830 1475/827/1830 1455/807/1830
f 1462/814/1831 1464/816/1831 1476/828/1831
f 1477/829/1832 1476/828/1832 1464/816/1832
f 1464/816/1833 1466/818/1833 1477/829/1833
f 1478/830/1834 1477/829/1834 1466/818/1834
f 1466/818/1835 1468/820/1835 1478/830/1835
f 1479/831/1836 1478/830/1836 1468/820/1836
f 1468/820/1837 1470/822/1837 1479/831/1837
f 1475/827/1838 1474/826/1838 1480/832/1838
f 1481/833/1839 1475/827/1839 1480/832/1839
f 1474/826/1840 1473/825/1840 1482/834/1840
f 1480/832/1841 1474/826/1841 1482/834/1841
f 1473/825/1842 1472/824/1842 1483/835/1842
f 1482/834/1843 1473/825/1843 1483/835/1843
f 1483/835/1844 1472/824/1844 1484/836/1844
f 1472/824/1844 1485/837/1844 1484/836/1844
f 1485/837/1845 1472/824/1845 1460/812/1845
f 1476/828/1846 1485/837/1846 1462/814/1846
f 1460/812/1847 1462/814/1847 1485/837/1847
f 1485/837/1848 1476/828/1848 1486/838/1848
f 1484/836/1848 1485/837/1848 1486/838/1848
f 1476/828/1849 1477/829/1849 1487/839/1849
f 1486/838/1850 1476/828/1850 1487/839/1850
f 1477/829/1851 1478/830/1851 1488/840/1851
f 1487/839/1852 1477/829/1852 1488/840/1852
f 1478/830/1853 1479/831/1853 1489/841/1853
f 1488/840/1854 1478/830/1854 1489/841/1854
f 1481/833/1855 1480/832/1855 1490/842/1855
f 1491/843/1856 1481/833/1856 1490/842/1856
f 1480/832/1857 1482/834/1857 1492/844/1857
f 1490/842/1858 1480/832/1858 1492/844/1858
f 1482/834/1859 1483/835/1859 1493/845/1859
f 1492/844/1860 1482/834/1860 1493/845/1860
f 1483/835/1861 1484/836/1861 1494/846/1861
f 1493/845/1862 1483/835/1862 1494/846/1862
f 1484/836/1863 1486/838/1863 1495/847/1863
f 1494/846/1864 1484/836/1864 1495/847/1864
f 1486/838/1865 1487/839/1865 1496/848/1865
f 1495/847/1866 1486/838/1866 1496/848/1866
f 1487/839/1867 1488/840/1867 1497/849/1867
f 1496/848/1868 1487/839/1868 1497/849/1868
f 1488/840/1869 1489/841/1869 1498/850/1869
f 1497/849/1870 1488/840/1870 1498/850/1870
f 1491/843/1871 1490/842/1871 1499/851/1871
f 1500/852/1872 1491/843/1872 1499/851/1872
f 1490/842/1873 1492/844/1873 1501/853/1873
f 1499/851/1874 1490/842/1874 1501/853/1874
f 1492/844/1875 1493/845/1875 1502/854/1875
f 1501/853/1876 1492/844/1876 1502/854/1876
f 1493/845/1877 1494/846/1877 1503/855/1877
f 1502/854/1878 1493/845/1878 1503/855/1878
f 1494/846/1879 1495/847/1879 1504/856/1879
f 1503/855/1880 1494/846/1880 1504/856/1880
f 1495/847/1881 1496/848/1881 1505/857/1881
f 1504/856/1882 1495/847/1882 1505/857/1882
f 1496/848/1883 1497/849/1883 1506/858/1883
f 1505/857/1884 1496/848/1884 1506/858/1884
f 1497/849/1885 1498/850/1885 1507/859/1885
f 1506/858/1886 1497/849/1886 1507/859/1886
f 1508/806/1887 1509/807/1887 1510/808/1887
f 1510/808/1888 1511/809/1888 1508/806/1888
f 1512/810/1889 1508/806/1889 1511/809/1889
f 1511/809/1890 1513/811/1890 1512/810/1890
f 1514/812/1891 1512/810/1891 1513/811/1891
f 1513/811/1892 1515/813/1892 1514/812/1892
f 1516/814/1893 1514/812/1893 1515/813/1893
f 1515/813/1894 1517/815/1894 1516/814/1894
f 1518/816/1895 1516/814/1895 1517/815/1895
f 1517/815/1896 1519/817/1896 1518/816/1896
f 1520/818/1897 1518/816/1897 1519/817/1897
f 1519/817/1898 1521/819/1898 1520/818/1898
f 1522/820/1899 1520/818/1899 1521/819/1899
f 1521/819/1899 1523/821/1899 1522/820/1899
f 1524/822/1900 1522/820/1900 1523/821/1900
f 1523/821/1901 1525/823/1901 1524/822/1901
f 1512/810/1902 1514/812/1902 1526/824/1902
f 1526/824/1903 1527/825/1903 1512/810/1903
f 1508/806/1904 1512/810/1904 1527/825/1904
f 1527/825/1905 1528/826/1905 1508/806/1905
f 1509/807/1906 1508/806/1906 1528/826/1906
f 1528/826/1907 1529/827/1907 1509/807/1907
f 1516/814/1908 1518/816/1908 1530/828/1908
f 1531/829/1909 1530/828/1909 1518/816/1909
f 1518/816/1910 1520/818/1910 1531/829/1910
f 1532/830/1911 1531/829/1911 1520/818/1911
f 1520/818/1912 1522/820/1912 1532/830/1912
f 1533/831/1913 1532/830/1913 1522/820/1913
f 1522/820/1914 1524/822/1914 1533/831/1914
f 1529/827/1915 1528/826/1915 1534/832/1915
f 1535/833/1916 1529/827/1916 1534/832/1916
f 1528/826/1917 1527/825/1917 1536/834/1917
f 1534/832/1917 1528/826/1917 1536/834/1917
f 1527/825/1918 1526/824/1918 1537/835/1918
f 1536/834/1919 1527/825/1919 1537/835/1919
f 1537/835/1920 1526/824/1920 1538/836/1920
f 1526/824/1921 1539/837/1921 1538/836/1921
f 1539/837/1922 1526/824/1922 1514/812/1922
f 1530/828/1923 1539/837/1923 1516/814/1923
f 1514/812/1924 1516/814/1924 1539/837/1924
f 1539/837/1925 1530/828/1925 1540/838/1925
f 1538/836/1926 1539/837/1926 1540/838/1926
f 1530/828/1927 1531/829/1927 1541/839/1927
f 1540/838/1928 1530/828/1928 1541/839/1928
f 1531/829/1929 1532/830/1929 1542/840/1929
f 1541/839/1930 1531/829/1930 1542/840/1930
f 1532/830/1931 1533/831/1931 1543/841/1931
f 1542/840/1932 1532/830/1932 1543/841/1932
f 1535/833/1933 1534/832/1933 1544/842/1933
f 1545/843/1934 1535/833/1934 1544/842/1934
f 1534/832/1935 1536/834/1935 1546/844/1935
f 1544/842/1936 1534/832/1936 1546/844/1936
f 1536/834/1937 1537/835/1937 1547/845/1937
f 1546/844/1938 1536/834/1938 1547/845/1938
f 1537/835/1939 1538/836/1939 1548/846/1939
f 1547/845/1940 1537/835/1940 1548/846/1940
f 1538/836/1941 1540/838/1941 1549/847/1941
f 1548/846/1942 1538/836/1942 1549/847/1942
f 1540/838/1943 1541/839/1943 1550/848/1943
f 1549/847/1944 1540/838/1944 1550/848/1944
f 1541/839/1945 1542/840/1945 1551/849/1945
f 1550/848/1946 1541/839/1946 1551/849/1946
f 1542/840/1947 1543/841/1947 1552/850/1947
f 1551/849/1948 1542/840/1948 1552/850/1948
f 1545/843/1949 1544/842/1949 1553/851/1949
f 1554/852/1950 1545/843/1950 1553/851/1950
f 1544/842/1951 1546/844/1951 1555/853/1951
f 1553/851/1952 1544/842/1952 1555/853/1952
f 1546/844/1953 1547/845/1953 1556/854/1953
f 1555/853/1953 1546/844/1953 1556/854/1953
f 1547/845/1954 1548/846/1954 1557/855/1954
f 1556/854/1955 1547/845/1955 1557/855/1955
f 1548/846/1956 1549/847/1956 1558/856/1956
f 1557/855/1957 1548/846/1957 1558/856/1957
f 1549/847/1958 1550/848/1958 1559/857/1958
f 1558/856/1959 1549/847/1959 1559/857/1959
f 1550/848/1960 1551/849/1960 1560/858/1960
f 1559/857/1960 1550/848/1960 1560/858/1960
f 1551/849/1961 1552/850/1961 1561/859/1961
f 1560/858/1962 1551/849/1962 1561/859/1962
f 1562/806/1963 1563/807/1963 1564/808/1963
f 1564/808/1964 1565/809/1964 1562/806/1964
f 1566/810/1965 1562/806/1965 1565/809/1965
f 1565/809/1966 1567/811/1966 1566/810/1966
f 1568/812/1967 1566/810/1967 1567/811/1967
f 1567/811/1968 1569/813/1968 1568/812/1968
f 1570/814/1969 1568/812/1969 1569/813/1969
f 1569/813/1970 1571/815/1970 1570/814/1970
f 1572/816/1971 1570/814/1971 1571/815/1971
f 1571/815/1972 1573/817/1972 1572/816/1972
f 1574/818/1973 1572/816/1973 1573/817/1973
f 1573/817/1974 1575/819/1974 1574/818/1974
f 1576/820/1975 1574/818/1975 1575/819/1975
f 1575/819/1976 1577/821/1976 1576/820/1976
f 1578/822/1977 1576/820/1977 1577/821/1977
f 1577/821/1978 1579/823/1978 1578/822/1978
f 1566/810/1979 1568/812/1979 1580/824/1979
f 1580/824/1980 1581/825/1980 1566/810/1980
f 1562/806/1981 1566/810/1981 1581/825/1981
f 1581/825/1982 1582/826/1982 1562/806/1982
f 1563/807/1983 1562/806/1983 1582/826/1983
f 1582/826/1984 1583/827/1984 1563/807/1984
f 1570/814/1985 1572/816/1985 1584/828/1985
f 1585/829/1986 1584/828/1986 1572/816/1986
f 1572/816/1987 1574/818/1987 1585/829/1987
f 1586/830/1988 1585/829/1988 1574/818/1988
f 1574/818/1989 1576/820/1989 1586/830/1989
f 1587/831/1990 1586/830/1990 1576/820/1990
f 1576/820/1991 1578/822/1991 1587/831/1991
f 1583/827/1992 1582/826/1992 1588/832/1992
f 1589/833/1993 1583/827/1993 1588/832/1993
f 1582/826/1994 1581/825/1994 1590/834/1994
f 1588/832/1995 1582/826/1995 1590/834/1995
f 1581/825/1996 1580/824/1996 1591/835/1996
f 1590/834/1997 1581/825/1997 1591/835/1997
f 1591/835/1998 1580/824/1998 1592/836/1998
f 1580/824/1999 1593/837/1999 1592/836/1999
f 1593/837/2000 1580/824/2000 1568/812/2000
f 1584/828/2001 1593/837/2001 1570/814/2001
f 1568/812/2002 1570/814/2002 1593/837/2002
f 1593/837/2003 1584/828/2003 1594/838/2003
f 1592/836/2004 1593/837/2004 1594/838/2004
f 1584/828/2005 1585/829/2005 1595/839/2005
f 1594/838/2006 1584/828/2006 1595/839/2006
f 1585/829/2007 1586/830/2007 1596/840/2007
f 1595/839/2008 1585/829/2008 1596/840/2008
f 1586/830/2009 1587/831/2009 1597/841/2009
f 1596/840/2010 1586/830/2010 1597/841/2010
f 1589/833/2011 1588/832/2011 1598/842/2011
f 1599/843/2012 1589/833/2012 1598/842/2012
f 1588/832/2013 1590/834/2013 1600/844/2013
f 1598/842/2014 1588/832/2014 1600/844/2014
f 1590/834/2015 1591/835/2015 1601/845/2015
f 1600/844/2016 1590/834/2016 1601/845/2016
f 1591/835/2017 1592/836/2017 1602/846/2017
f 1601/845/2018 1591/835/2018 1602/846/2018
f 1592/836/2019 1594/838/2019 1603/847/2019
f 1602/846/2020 1592/836/2020 1603/847/2020
f 1594/838/2021 1595/839/2021 1604/848/2021
f 1603/847/2022 1594/838/2022 1604/848/2022
f 1595/839/2023 1596/840/2023 1605/849/2023
f 1604/848/2024 1595/839/2024 1605/849/2024
f 1596/840/2025 1597/841/2025 1606/850/2025
f 1605/849/2026 1596/840/2026 1606/850/2026
f 1599/843/2027 1598/842/2027 1607/851/2027
f 1608/852/2028 1599/843/2028 1607/851/2028
f 1598/842/2029 1600/844/2029 1609/853/2029
f 1607/851/2030 1598/842/2030 1609/853/2030
f 1600/844/2031 1601/845/2031 1610/854/2031
f 1609/853/2032 1600/844/2032 1610/854/2032
f 1601/845/2033 1602/846/2033 1611/855/2033
f 1610/854/2034 1601/845/2034 1611/855/2034
f 1602/846/2035 1603/847/2035 1612/856/2035
f 1611/855/2035 1602/846/2035 1612/856/2035
f 1603/847/2036 1604/848/2036 1613/857/2036
f 1612/856/2037 1603/847/2037 1613/857/2037
f 1604/848/2038 1605/849/2038 1614/858/2038
f 1613/857/2039 1604/848/2039 1614/858/2039
f 1605/849/2040 1606/850/2040 1615/859/2040
f 1614/858/2041 1605/849/2041 1615/859/2041
f 1616/806/2042 1617/807/2042 1618/808/2042
f 1618/808/2043 1619/809/2043 1616/806/2043
f 1620/810/2044 1616/806/2044 1619/809/2044
f 1619/809/2045 1621/811/2045 1620/810/2045
f 1622/812/2046 1620/810/2046 1621/811/2046
f 1621/811/2047 1623/813/2047 1622/812/2047
f 1624/814/2048 1622/812/2048 1623/813/2048
f 1623/813/2049 1625/815/2049 1624/814/2049
f 1626/816/2050 1624/814/2050 1625/815/2050
f 1625/815/2051 1627/817/2051 1626/816/2051
f 1628/818/2052 1626/816/2052 1627/817/2052
f 1627/817/2053 1629/819/2053 1628/818/2053
f 1630/820/2054 1628/818/2054 1629/819/2054
f 1629/819/2055 1631/821/2055 1630/820/2055
f 1632/822/2056 1630/820/2056 1631/821/2056
f 1631/821/2057 1633/823/2057 1632/822/2057
f 1620/810/2058 1622/812/2058 1634/824/2058
f 1634/824/2059 1635/825/2059 1620/810/2059
f 1616/806/2060 1620/810/2060 1635/825/2060
f 1635/825/2061 1636/826/2061 1616/806/2061
f 1617/807/2062 1616/806/2062 1636/826/2062
f 1636/826/2063 1637/827/2063 1617/807/2063
f 1624/814/2064 1626/816/2064 1638/828/2064
f 1639/829/2065 1638/828/2065 1626/816/2065
f 1626/816/2066 1628/818/2066 1639/829/2066
f 1640/830/2067 1639/829/2067 1628/818/2067
f 1628/818/2068 1630/820/2068 1640/830/2068
f 1641/831/2069 1640/830/2069 1630/820/2069
f 1630/820/2070 1632/822/2070 1641/831/2070
f 1637/827/2071 1636/826/2071 1642/832/2071
f 1643/833/2072 1637/827/2072 1642/832/2072
f 1636/826/2073 1635/825/2073 1644/834/2073
f 1642/832/2074 1636/826/2074 1644/834/2074
f 1635/825/2075 1634/824/2075 1645/835/2075
f 1644/834/2076 1635/825/2076 1645/835/2076
f 1645/835/2077 1634/824/2077 1646/836/2077
f 1634/824/2078 1647/837/2078 1646/836/2078
f 1647/837/2079 1634/824/2079 1622/812/2079
f 1638/828/2080 1647/837/2080 1624/814/2080
f 1622/812/2081 1624/814/2081 1647/837/2081
f 1647/837/2082 1638/828/2082 1648/838/2082
f 1646/836/2082 1647/837/2082 1648/838/2082
f 1638/828/2005 1639/829/2005 1649/839/2005
f 1648/838/2083 1638/828/2083 1649/839/2083
f 1639/829/2084 1640/830/2084 1650/840/2084
f 1649/839/2084 1639/829/2084 1650/840/2084
f 1640/830/2085 1641/831/2085 1651/841/2085
f 1650/840/2086 1640/830/2086 1651/841/2086
f 1643/833/2087 1642/832/2087 1652/842/2087
f 1653/843/2088 1643/833/2088 1652/842/2088
f 1642/832/2089 1644/834/2089 1654/844/2089
f 1652/842/2090 1642/832/2090 1654/844/2090
f 1644/834/2091 1645/835/2091 1655/845/2091
f 1654/844/2092 1644/834/2092 1655/845/2092
f 1645/835/2093 1646/836/2093 1656/846/2093
f 1655/845/2094 1645/835/2094 1656/846/2094
f 1646/836/2095 1648/838/2095 1657/847/2095
f 1656/846/2096 1646/836/2096 1657/847/2096
f 1648/838/2097 1649/839/2097 1658/848/2097
f 1657/847/2098 1648/838/2098 1658/848/2098
f 1649/839/2099 1650/840/2099 1659/849/2099
f 1658/848/2100 1649/839/2100 1659/849/2100
f 1650/840/2101 1651/841/2101 1660/850/2101
f 1659/849/2102 1650/840/2102 1660/850/2102
f 1653/843/2103 1652/842/2103 1661/851/2103
f 1662/852/2104 1653/843/2104 1661/851/2104
f 1652/842/2105 1654/844/2105 1663/853/2105
f 1661/851/2106 1652/842/2106 1663/853/2106
f 1654/844/2107 1655/845/2107 1664/854/2107
f 1663/853/2108 1654/844/2108 1664/854/2108
f 1655/845/2109 1656/846/2109 1665/855/2109
f 1664/854/2110 1655/845/2110 1665/855/2110
f 1656/846/2111 1657/847/2111 1666/856/2111
f 1665/855/2112 1656/846/2112 1666/856/2112
f 1657/847/2113 1658/848/2113 1667/857/2113
f 1666/856/2114 1657/847/2114 1667/857/2114
f 1658/848/2115 1659/849/2115 1668/858/2115
f 1667/857/2116 1658/848/2116 1668/858/2116
f 1659/849/2117 1660/850/2117 1669/859/2117
f 1668/858/2118 1659/849/2118 1669/859/2118
f 1670/860/2119 1671/861/2119 1672/862/2119
f 1670/860/2120 1672/862/2120 1673/863/2120
f 1673/863/2121 1674/864/2121 1670/860/2121
f 1674/864/2122 1675/865/2122 1670/860/2122
f 1670/860/2123 1675/865/2123 1676/866/2123
f 1675/865/2124 1677/867/2124 1676/866/2124
f 1676/866/2125 1677/867/2125 1678/868/2125
f 1677/867/2126 1679/869/2126 1678/868/2126
f 1680/870/2127 1678/868/2127 1679/869/2127
f 1681/871/2128 1680/870/2128 1679/869/2128
f 1682/872/2129 1681/871/2129 1679/869/2129
f 1681/871/2130 1682/872/2130 1683/873/2130
f 1683/873/2131 1682/872/2131 1684/874/2131
f 1679/869/2132 1684/874/2132 1682/872/2132
f 1685/875/2133 1683/873/2133 1684/874/2133
f 1686/876/2134 1681/871/2134 1683/873/2134
f 1678/868/2135 1680/870/2135 1687/877/2135
f 1688/878/2136 1678/868/2136 1687/877/2136
f 1688/878/2137 1676/866/2137 1678/868/2137
f 1688/878/2138 1689/879/2138 1676/866/2138
f 1677/867/2139 1690/880/2139 1679/869/2139
f 1679/869/2140 1690/880/2140 1684/874/2140
f 1688/878/2141 1687/877/2141 1691/881/2141
f 1692/882/2142 1688/878/2142 1691/881/2142
f 1689/879/2143 1688/878/2143 1692/882/2143
f 1693/883/2144 1692/882/2144 1691/881/2144
f 1693/883/2145 1694/884/2145 1692/882/2145
f 1694/884/2146 1689/879/2146 1692/882/2146
f 1694/884/2147 1693/883/2147 1695/885/2147
f 1693/883/2148 1696/886/2148 1695/885/2148
f 1696/886/2149 1697/887/2149 1695/885/2149
f 1698/888/2150 1696/886/2150 1693/883/2150
f 1698/888/2151 1699/889/2151 1696/886/2151
f 1700/890/2152 1698/888/2152 1693/883/2152
f 1700/890/2153 1693/883/2153 1691/881/2153
f 1687/877/2154 1700/890/2154 1691/881/2154
f 1699/889/2155 1701/891/2155 1696/886/2155
f 1697/887/2156 1696/886/2156 1701/891/2156
f 1699/889/2157 1702/892/2157 1701/891/2157
f 1702/892/2158 1703/893/2158 1701/891/2158
f 1704/894/2159 1703/893/2159 1702/892/2159
f 1697/887/2160 1701/891/2160 1705/895/2160
f 1706/896/2161 1694/884/2161 1695/885/2161
f 1706/896/2162 1695/885/2162 1707/897/2162
f 1706/896/2163 1707/897/2163 1708/898/2163
f 1708/898/2164 1709/899/2164 1706/896/2164
f 1709/899/2165 1710/900/2165 1706/896/2165
f 1710/900/2166 1709/899/2166 1711/901/2166
f 1710/900/2167 1711/901/2167 1712/902/2167
f 1712/902/2168 1713/903/2168 1710/900/2168
f 1710/900/2169 1713/903/2169 1706/896/2169
f 1709/899/2170 1714/904/2170 1711/901/2170
f 1714/904/2171 1715/905/2171 1711/901/2171
f 1712/902/2172 1711/901/2172 1715/905/2172
f 1713/903/2173 1694/884/2173 1706/896/2173
f 1716/906/2174 1712/902/2174 1715/905/2174
f 1712/902/2175 1716/906/2175 1717/907/2175
f 1716/906/2176 1715/905/2176 1717/907/2176
f 1717/907/2177 1672/862/2177 1712/902/2177
f 1672/862/2178 1717/907/2178 1718/908/2178
f 1717/907/2179 1719/909/2179 1718/908/2179
f 1715/905/2180 1719/909/2180 1717/907/2180
f 1719/909/2181 1720/910/2181 1718/908/2181
f 1718/908/2182 1720/910/2182 1673/863/2182
f 1718/908/2183 1673/863/2183 1672/862/2183
f 1720/910/2184 1674/864/2184 1673/863/2184
f 1721/911/2185 1674/864/2185 1720/910/2185
f 1713/903/2186 1712/902/2186 1722/912/2186
f 1722/912/2187 1712/902/2187 1672/862/2187
f 1723/913/2188 1713/903/2188 1722/912/2188
f 1694/884/2189 1713/903/2189 1723/913/2189
f 1723/913/2190 1722/912/2190 1724/914/2190
f 1723/913/2191 1724/914/2191 1725/915/2191
f 1725/915/2192 1726/916/2192 1723/913/2192
f 1694/884/2193 1723/913/2193 1726/916/2193
f 1725/915/2194 1727/917/2194 1726/916/2194
f 1694/884/2195 1726/916/2195 1689/879/2195
f 1728/918/2196 1727/917/2196 1725/915/2196
f 1671/861/2197 1728/918/2197 1725/915/2197
f 1724/914/2198 1671/861/2198 1725/915/2198
f 1671/861/2199 1670/860/2199 1728/918/2199
f 1727/917/2200 1728/918/2200 1670/860/2200
f 1729/919/2201 1671/861/2201 1724/914/2201
f 1724/914/2202 1722/912/2202 1729/919/2202
f 1672/862/2203 1671/861/2203 1729/919/2203
f 1729/919/2204 1722/912/2204 1672/862/2204
f 1727/917/2205 1670/860/2205 1676/866/2205
f 1676/866/2206 1689/879/2206 1726/916/2206
f 1727/917/2207 1676/866/2207 1726/916/2207
f 1720/910/2208 1730/920/2208 1721/911/2208
f 1731/921/2209 1730/920/2209 1720/910/2209
f 1732/922/2210 1731/921/2210 1720/910/2210
f 1732/922/2211 1720/910/2211 1719/909/2211
f 1732/922/2212 1719/909/2212 1733/923/2212
f 1732/922/2213 1733/923/2213 1731/921/2213
f 1733/923/2214 1734/924/2214 1731/921/2214
f 1731/921/2215 1734/924/2215 1735/925/2215
f 1735/925/2216 1734/924/2216 1736/926/2216
f 1736/926/2217 1734/924/2217 1733/923/2217
f 1735/925/2218 1736/926/2218 1737/927/2218
f 1736/926/2219 1738/928/2219 1737/927/2219
f 1739/929/2220 1738/928/2220 1736/926/2220
f 1736/926/2221 1740/930/2221 1739/929/2221
f 1715/905/2222 1740/930/2222 1736/926/2222
f 1733/923/2223 1719/909/2223 1715/905/2223
f 1715/905/2224 1736/926/2224 1741/931/2224
f 1733/923/2225 1741/931/2225 1736/926/2225
f 1733/923/2226 1715/905/2226 1741/931/2226
f 1740/930/2227 1715/905/2227 1714/904/2227
f 1740/930/2228 1714/904/2228 1742/932/2228
f 1739/929/2229 1740/930/2229 1742/932/2229
f 1743/933/2230 1739/929/2230 1742/932/2230
f 1744/934/2231 1743/933/2231 1742/932/2231
f 1744/934/2232 1745/935/2232 1743/933/2232
f 1745/935/2233 1746/936/2233 1743/933/2233
f 1745/935/2234 1747/937/2234 1746/936/2234
f 1745/935/2235 1748/938/2235 1747/937/2235
f 1749/939/2236 1747/937/2236 1748/938/2236
f 1749/939/2237 1748/938/2237 1750/940/2237
f 1749/939/2238 1750/940/2238 1751/941/2238
f 1751/941/2239 1750/940/2239 1752/942/2239
f 1750/940/2240 1753/943/2240 1752/942/2240
f 1753/943/2241 1754/944/2241 1752/942/2241
f 1755/945/2242 1754/944/2242 1753/943/2242
f 1756/946/2243 1755/945/2243 1753/943/2243
f 1756/946/2244 1757/947/2244 1755/945/2244
f 1754/944/2245 1755/945/2245 1758/948/2245
f 1755/945/2246 1759/949/2246 1758/948/2246
f 1755/945/2247 1760/950/2247 1759/949/2247
f 1761/951/2248 1760/950/2248 1755/945/2248
f 1762/952/2249 1761/951/2249 1755/945/2249
f 1757/947/2250 1762/952/2250 1755/945/2250
f 1763/953/2251 1762/952/2251 1757/947/2251
f 1763/953/2252 1757/947/2252 1764/954/2252
f 1762/952/2253 1763/953/2253 1765/955/2253
f 1761/951/2254 1762/952/2254 1765/955/2254
f 1765/955/2255 1763/953/2255 1766/956/2255
f 1767/957/2256 1765/955/2256 1766/956/2256
f 1768/958/2257 1765/955/2257 1767/957/2257
f 1761/951/2258 1765/955/2258 1768/958/2258
f 1767/957/2259 1766/956/2259 1769/959/2259
f 1770/960/2260 1767/957/2260 1769/959/2260
f 1771/961/2261 1770/960/2261 1769/959/2261
f 1771/961/2262 1772/962/2262 1770/960/2262
f 1770/960/2263 1772/962/2263 1773/963/2263
f 1770/960/2264 1773/963/2264 1767/957/2264
f 1767/957/2265 1773/963/2265 1768/958/2265
f 1773/963/2266 1774/964/2266 1768/958/2266
f 1774/964/2267 1773/963/2267 1772/962/2267
f 1771/961/2268 1703/893/2268 1772/962/2268
f 1701/891/2269 1703/893/2269 1771/961/2269
f 1703/893/2270 1704/894/2270 1772/962/2270
f 1772/962/2271 1704/894/2271 1774/964/2271
f 1704/894/2272 1775/965/2272 1774/964/2272
f 1771/961/2273 1776/966/2273 1701/891/2273
f 1771/961/2274 1769/959/2274 1776/966/2274
f 1769/959/2275 1766/956/2275 1776/966/2275
f 1705/895/2276 1776/966/2276 1766/956/2276
f 1776/966/2277 1705/895/2277 1701/891/2277
f 1704/894/2278 1777/967/2278 1775/965/2278
f 1777/967/2279 1778/968/2279 1775/965/2279
f 1775/965/2280 1778/968/2280 1779/969/2280
f 1777/967/2281 1704/894/2281 1780/970/2281
f 1781/971/2282 1777/967/2282 1780/970/2282
f 1777/967/2283 1781/971/2283 1778/968/2283
f 1781/971/2284 1782/972/2284 1778/968/2284
f 1783/973/2285 1778/968/2285 1782/972/2285
f 1783/973/2286 1782/972/2286 1784/974/2286
f 1784/974/2287 1785/975/2287 1783/973/2287
f 1786/976/2288 1785/975/2288 1784/974/2288
f 1787/977/2289 1785/975/2289 1786/976/2289
f 1785/975/2290 1787/977/2290 1788/978/2290
f 1787/977/2291 1786/976/2291 1789/979/2291
f 1788/978/2292 1787/977/2292 1790/980/2292
f 1787/977/2293 1791/981/2293 1790/980/2293
f 1791/981/2294 1787/977/2294 1789/979/2294
f 1791/981/2295 1789/979/2295 1792/982/2295
f 1785/975/2296 1788/978/2296 1793/983/2296
f 1785/975/2297 1793/983/2297 1783/973/2297
f 1794/984/2298 1783/973/2298 1793/983/2298
f 1793/983/2299 1795/985/2299 1794/984/2299
f 1783/973/2300 1794/984/2300 1796/986/2300
f 1778/968/2301 1783/973/2301 1796/986/2301
f 1796/986/2302 1779/969/2302 1778/968/2302
f 1796/986/2303 1797/987/2303 1779/969/2303
f 1779/969/2304 1797/987/2304 1798/988/2304
f 1799/989/2305 1779/969/2305 1798/988/2305
f 1799/989/2306 1798/988/2306 1800/990/2306
f 1801/991/2307 1799/989/2307 1800/990/2307
f 1802/992/2308 1801/991/2308 1800/990/2308
f 1802/992/2309 1800/990/2309 1803/993/2309
f 1802/992/2310 1803/993/2310 1804/994/2310
f 1802/992/2311 1804/994/2311 1805/995/2311
f 1768/958/2312 1802/992/2312 1805/995/2312
f 1806/996/2313 1768/958/2313 1805/995/2313
f 1761/951/2314 1768/958/2314 1806/996/2314
f 1807/997/2315 1761/951/2315 1806/996/2315
f 1760/950/2316 1761/951/2316 1807/997/2316
f 1807/997/2317 1808/998/2317 1760/950/2317
f 1768/958/2318 1809/999/2318 1802/992/2318
f 1809/999/2319 1768/958/2319 1774/964/2319
f 1809/999/2320 1774/964/2320 1775/965/2320
f 1760/950/2321 1810/998/2321 1811/1000/2321
f 1811/1000/2322 1812/1001/2322 1760/950/2322
f 1813/1002/2323 1812/1001/2323 1811/1000/2323
f 1813/1002/2324 1814/1003/2324 1812/1001/2324
f 1814/1003/2325 1813/1002/2325 1815/1004/2325
f 1813/1002/2326 1816/1005/2326 1815/1004/2326
f 1817/993/2327 1815/1004/2327 1816/1005/2327
f 1818/1006/2328 1817/993/2328 1816/1005/2328
f 1812/1001/2329 1759/949/2329 1760/950/2329
f 1819/1007/2330 1820/1008/2330 1821/1009/2330
f 1819/1007/2331 1821/1009/2331 1822/1010/2331
f 1823/1011/2332 1819/1007/2332 1822/1010/2332
f 1824/1012/2333 1819/1007/2333 1823/1011/2333
f 1824/1012/2334 1825/1013/2334 1819/1007/2334
f 1824/1012/2335 1826/1014/2335 1825/1013/2335
f 1820/1008/2336 1819/1007/2336 1827/1015/2336
f 1828/1016/2337 1820/1008/2337 1827/1015/2337
f 1828/1016/2338 1827/1015/2338 1829/1017/2338
f 1827/1015/2339 1830/1018/2339 1829/1017/2339
f 1828/1016/2340 1829/1017/2340 1831/1019/2340
f 1819/1007/2341 1825/1013/2341 1832/1020/2341
f 1832/1020/2342 1827/1015/2342 1819/1007/2342
f 1832/1020/2343 1825/1013/2343 1833/1021/2343
f 1834/1022/2344 1827/1015/2344 1832/1020/2344
f 1830/1018/2345 1827/1015/2345 1834/1022/2345
f 1831/1019/2346 1829/1017/2346 1835/1023/2346
f 1836/1024/2347 1831/1019/2347 1835/1023/2347
f 1836/1024/2348 1835/1023/2348 1837/1025/2348
f 1838/1026/2349 1837/1025/2349 1835/1023/2349
f 1839/1027/2350 1835/1023/2350 1829/1017/2350
f 1830/1018/2351 1839/1027/2351 1829/1017/2351
f 1838/1026/2352 1835/1023/2352 1839/1027/2352
f 1840/1028/2353 1833/1021/2353 1825/1013/2353
f 1840/1028/2354 1841/1029/2354 1833/1021/2354
f 1841/1029/2355 1842/1030/2355 1833/1021/2355
f 1843/1031/2356 1842/1030/2356 1841/1029/2356
f 1843/1031/2357 1844/1032/2357 1842/1030/2357
f 1842/1030/2358 1844/1032/2358 1845/1033/2358
f 1846/1034/2357 1844/1032/2357 1843/1031/2357
f 1844/1032/2359 1846/1034/2359 1847/1035/2359
f 1846/1034/2360 1848/1036/2360 1847/1035/2360
f 1847/1035/2361 1848/1036/2361 1849/1037/2361
f 1849/1037/2362 1850/1038/2362 1847/1035/2362
f 1848/1036/2363 1846/1034/2363 1851/1039/2363
f 1852/1040/2364 1836/1024/2364 1837/1025/2364
f 1849/1037/2365 1853/1041/2365 1850/1038/2365
f 1853/1041/2366 1854/1042/2366 1850/1038/2366
f 1842/1030/2367 1845/1033/2367 1855/1043/2367
f 1856/1044/2368 1855/1043/2368 1845/1033/2368
f 1842/1030/2369 1857/1045/2369 1833/1021/2369
f 1857/1045/2370 1858/1046/2370 1833/1021/2370
f 1858/1046/2371 1832/1020/2371 1833/1021/2371
f 1859/1047/2372 1832/1020/2372 1858/1046/2372
f 1859/1047/2373 1860/1048/2373 1832/1020/2373
f 1859/1047/2374 1861/1049/2374 1860/1048/2374
f 1860/1048/2375 1862/1050/2375 1832/1020/2375
f 1860/1048/2376 1863/1051/2376 1862/1050/2376
f 1862/1050/2377 1834/1022/2377 1832/1020/2377
f 1864/1052/2378 1863/1051/2378 1860/1048/2378
f 1864/1052/2379 1865/1053/2379 1863/1051/2379
f 1866/1054/2380 1864/1052/2380 1860/1048/2380
f 1867/1055/2381 1866/1054/2381 1860/1048/2381
f 1861/1049/2382 1867/1055/2382 1860/1048/2382
f 1866/1054/2383 1867/1055/2383 1868/1056/2383
f 1868/1056/2384 1869/1057/2384 1865/1053/2384
f 1867/1055/2385 1869/1057/2385 1868/1056/2385
f 1834/1022/2386 1870/1058/2386 1830/1018/2386
f 1871/1059/2387 1872/1060/2387 1873/1061/2387
f 1871/1059/2388 1874/1062/2388 1872/1060/2388
f 1873/1061/2389 1872/1060/2389 1875/1063/2389
f 1871/1059/2390 1876/1064/2390 1874/1062/2390
f 1876/1064/2391 1877/1065/2391 1874/1062/2391
f 1876/1064/2392 1878/1066/2392 1877/1065/2392
f 1876/1064/2393 1879/1067/2393 1878/1066/2393
f 1880/1068/2394 1878/1066/2394 1879/1067/2394
f 1879/1067/2395 1881/1069/2395 1880/1068/2395
f 1875/1063/2396 1872/1060/2396 1882/1070/2396
f 1872/1060/2397 1883/1071/2397 1882/1070/2397
f 1883/1071/2398 1884/1072/2398 1882/1070/2398
f 1883/1071/2399 1885/1073/2399 1884/1072/2399
f 1886/1074/2400 1884/1072/2400 1885/1073/2400
f 1886/1074/2401 1882/1070/2401 1884/1072/2401
f 1887/1075/2402 1886/1074/2402 1885/1073/2402
f 1885/1073/2403 1888/1076/2403 1887/1075/2403
f 1888/1076/2404 1889/1077/2404 1887/1075/2404
f 1890/1078/2405 1879/1067/2405 1876/1064/2405
f 1890/1078/2406 1891/1079/2406 1879/1067/2406
f 1892/1080/2407 1879/1067/2407 1891/1079/2407
f 1893/1081/2408 1879/1067/2408 1892/1080/2408
f 1894/1082/2409 1892/1080/2409 1891/1079/2409
f 1894/1082/2410 1891/1079/2410 1895/1083/2410
f 1890/1078/2411 1896/1084/2411 1891/1079/2411
f 1896/1084/2412 1897/1085/2412 1891/1079/2412
f 1895/1083/2413 1891/1079/2413 1897/1085/2413
f 1897/1085/2414 1898/1086/2414 1895/1083/2414
f 1895/1083/2415 1898/1086/2415 1899/1087/2415
f 1895/1083/2416 1899/1087/2416 1900/1088/2416
f 1901/1089/2417 1895/1083/2417 1900/1088/2417
f 1899/1087/2418 1902/1090/2418 1900/1088/2418
f 1903/1091/2419 1900/1088/2419 1902/1090/2419
f 1904/1092/2420 1900/1088/2420 1903/1091/2420
f 1904/1092/2421 1905/1093/2421 1900/1088/2421
f 1901/1089/2422 1900/1088/2422 1905/1093/2422
f 1906/1094/2423 1904/1092/2423 1903/1091/2423
f 1906/1094/2424 1907/1095/2424 1904/1092/2424
f 1908/1096/2425 1904/1092/2425 1907/1095/2425
f 1907/1095/2426 1909/1097/2426 1908/1096/2426
f 1909/1097/2427 1910/1098/2427 1908/1096/2427
f 1911/1099/2428 1910/1098/2428 1909/1097/2428
f 1910/1098/2429 1911/1099/2429 1912/1100/2429
f 1910/1098/2430 1912/1100/2430 1908/1096/2430
f 1911/1099/2431 1913/1101/2431 1912/1100/2431
f 1913/1101/2432 1914/1102/2432 1912/1100/2432
f 1913/1101/2433 1915/1103/2433 1914/1102/2433
f 1916/1104/2434 1914/1102/2434 1915/1103/2434
f 1913/1101/2435 1917/1105/2435 1915/1103/2435
f 1917/1105/2436 1918/1106/2436 1915/1103/2436
f 1919/1107/2437 1916/1104/2437 1915/1103/2437
f 1918/1106/2438 1919/1107/2438 1915/1103/2438
f 1919/1107/2439 1920/1108/2439 1916/1104/2439
f 1920/1108/2440 1919/1107/2440 1921/1109/2440
f 1921/1109/2441 1922/1110/2441 1920/1108/2441
f 1912/1100/2442 1923/1111/2442 1908/1096/2442
f 1924/1112/2443 1914/1102/2443 1916/1104/2443
f 1924/1112/2444 1912/1100/2444 1914/1102/2444
f 1925/1113/2445 1924/1112/2445 1916/1104/2445
f 1913/1101/2446 1926/1114/2446 1917/1105/2446
f 1926/1114/2447 1927/1115/2447 1917/1105/2447
f 1917/1105/2448 1927/1115/2448 1928/1116/2448
f 1917/1105/2449 1928/1116/2449 1918/1106/2449
f 1929/1117/2450 1919/1107/2450 1918/1106/2450
f 1928/1116/2451 1929/1117/2451 1918/1106/2451
f 1916/1104/2452 1920/1108/2452 1930/1118/2452
f 1930/1118/2453 1925/1113/2453 1916/1104/2453
f 1931/1119/2454 1921/1109/2454 1919/1107/2454
f 1929/1117/2455 1931/1119/2455 1919/1107/2455
f 1932/1120/2456 1920/1108/2456 1922/1110/2456
f 1932/1120/2457 1930/1118/2457 1920/1108/2457
f 1933/1121/2458 1932/1120/2458 1922/1110/2458
f 1933/1121/2459 1934/1122/2459 1932/1120/2459
f 1934/1122/2460 1933/1121/2460 1935/1123/2460
f 1935/1123/2461 1933/1121/2461 1936/1124/2461
f 1922/1110/2462 1921/1109/2462 1936/1124/2462
f 1922/1110/2463 1936/1124/2463 1933/1121/2463
f 1937/1125/2464 1934/1122/2464 1935/1123/2464
f 1932/1120/2465 1938/1126/2465 1930/1118/2465
f 1934/1122/2466 1938/1126/2466 1932/1120/2466
f 1935/1123/2467 1936/1124/2467 1939/1124/2467
f 1939/1124/2468 1940/1123/2468 1935/1123/2468
f 1940/1123/2469 1937/1125/2469 1935/1123/2469
f 1939/1124/2470 1936/1124/2470 1921/1109/2470
f 1941/1109/2471 1939/1124/2471 1921/1109/2471
f 1942/1127/2472 1943/1128/2472 1944/1129/2472
f 1944/1129/2473 1943/1128/2473 1945/1130/2473
f 1944/1129/2474 1945/1130/2474 1946/1131/2474
f 1946/1131/2475 1945/1130/2475 1947/1132/2475
f 1946/1131/2476 1947/1132/2476 1948/1133/2476
f 1942/1127/2477 1944/1129/2477 1949/1134/2477
f 1950/1135/2478 1942/1127/2478 1949/1134/2478
f 1947/1132/2479 1951/1136/2479 1948/1133/2479
f 1951/1136/2480 1952/1137/2480 1948/1133/2480
f 1951/1136/2481 1953/1138/2481 1952/1137/2481
f 1944/1129/2482 1946/1131/2482 1954/1139/2482
f 1946/1131/2483 1948/1133/2483 1954/1139/2483
f 1948/1133/2484 1952/1137/2484 1954/1139/2484
f 1949/1134/2485 1944/1129/2485 1954/1139/2485
f 1955/1140/2486 1949/1134/2486 1954/1139/2486
f 1956/1141/2487 1955/1140/2487 1954/1139/2487
f 1956/1141/2488 1957/1142/2488 1955/1140/2488
f 1957/1142/2489 1958/1143/2489 1955/1140/2489
f 1958/1143/2490 1950/1135/2490 1949/1134/2490
f 1955/1140/2491 1958/1143/2491 1949/1134/2491
f 1959/1144/2492 1960/1145/2492 1961/1146/2492
f 1959/1144/2493 1962/1147/2493 1960/1145/2493
f 1962/1147/2494 1963/1148/2494 1960/1145/2494
f 1960/1145/2495 1963/1148/2495 1964/1149/2495
f 1960/1145/2496 1964/1149/2496 1961/1146/2496
f 1963/1148/2497 1965/1150/2497 1964/1149/2497
f 1966/1151/2498 1962/1147/2498 1959/1144/2498
f 1966/1151/2499 1959/1144/2499 1961/1146/2499
f 1966/1151/2500 1967/1152/2500 1962/1147/2500
f 1964/1149/2501 1968/1153/2501 1961/1146/2501
f 1964/1149/2502 1965/1150/2502 1968/1153/2502
f 1968/1153/2503 1969/1154/2503 1961/1146/2503
f 1969/1154/2504 1970/1155/2504 1961/1146/2504
f 1969/1154/2505 1971/1156/2505 1970/1155/2505
f 1969/1154/2506 1972/1157/2506 1971/1156/2506
f 1965/1150/2507 1973/1158/2507 1968/1153/2507
f 1973/1158/2508 1972/1157/2508 1969/1154/2508
f 1968/1153/2509 1973/1158/2509 1969/1154/2509
f 1974/1159/2510 1975/1160/2510 1976/1161/2510
f 1975/1160/2511 1977/1162/2511 1976/1161/2511
f 1978/1163/2512 1974/1159/2512 1976/1161/2512
f 1979/1164/2513 1978/1163/2513 1976/1161/2513
f 1980/1165/2514 1979/1164/2514 1976/1161/2514
f 1978/1163/2515 1981/1166/2515 1974/1159/2515
f 1974/1159/2516 1981/1166/2516 1975/1160/2516
f 1978/1163/2517 1982/1167/2517 1981/1166/2517
f 1979/1164/2518 1982/1167/2518 1978/1163/2518
f 1975/1160/2519 1983/1168/2519 1977/1162/2519
f 1981/1166/2520 1983/1168/2520 1975/1160/2520
f 1983/1168/2521 1984/1169/2521 1977/1162/2521
f 1977/1162/2522 1984/1169/2522 1985/1170/2522
f 1977/1162/2523 1985/1170/2523 1976/1161/2523
f 1984/1169/2524 1986/1171/2524 1985/1170/2524
f 1980/1165/2525 1987/1172/2525 1979/1164/2525
f 1980/1165/2526 1988/1173/2526 1987/1172/2526
f 1979/1164/2527 1989/1174/2527 1982/1167/2527
f 1987/1172/2528 1989/1174/2528 1979/1164/2528
f 1990/1175/2529 1991/1176/2529 1992/1177/2529
f 1993/1178/2530 1990/1175/2530 1992/1177/2530
f 1994/1179/2531 1993/1178/2531 1992/1177/2531
f 1995/1180/2532 1994/1179/2532 1992/1177/2532
f 1991/1176/2533 1996/1181/2533 1992/1177/2533
f 1997/1182/2534 1995/1180/2534 1992/1177/2534
f 1998/1183/2535 1997/1182/2535 1992/1177/2535
f 1999/1184/2536 2000/1185/2536 2001/1186/2536
f 2000/1185/2537 1999/1184/2537 2002/1187/2537
f 2002/1187/2538 2003/1188/2538 2000/1185/2538
f 2004/1189/2539 2003/1188/2539 2002/1187/2539
f 2002/1187/2540 2005/1190/2540 2004/1189/2540
f 2004/1189/2541 2005/1190/2541 1822/1010/2541
f 2004/1189/2542 1822/1010/2542 1821/1009/2542
f 2006/1191/2543 1999/1184/2543 2001/1186/2543
f 2007/1192/2544 2006/1191/2544 2001/1186/2544
f 2007/1192/2545 2001/1186/2545 2008/1193/2545
f 2007/1192/2546 2008/1193/2546 2009/1194/2546
f 2010/1195/2547 2007/1192/2547 2009/1194/2547
f 2010/1195/2548 2009/1194/2548 2011/1196/2548
f 2010/1195/2549 2011/1196/2549 2012/1197/2549
f 2012/1197/2550 2007/1192/2550 2010/1195/2550
f 2009/1194/2551 2013/1198/2551 2011/1196/2551
f 2011/1196/2552 2013/1198/2552 2014/1199/2552
f 2013/1198/2553 2015/1200/2553 2014/1199/2553
f 2014/1199/2554 2015/1200/2554 2016/1201/2554
f 2017/1202/2555 2014/1199/2555 2016/1201/2555
f 2014/1199/2556 2017/1202/2556 2018/1203/2556
f 2018/1203/2557 2019/1204/2557 2014/1199/2557
f 2014/1199/2558 2019/1204/2558 2020/1205/2558
f 2011/1196/2559 2014/1199/2559 2020/1205/2559
f 2020/1205/2560 2012/1197/2560 2011/1196/2560
f 2013/1198/2561 2021/1206/2561 2015/1200/2561
f 2009/1194/2562 2022/1207/2562 2013/1198/2562
f 2021/1206/2563 2013/1198/2563 2022/1207/2563
f 2021/1206/2564 2022/1207/2564 2023/1208/2564
f 2021/1206/2565 2023/1208/2565 2024/1209/2565
f 2024/1209/2566 2025/1210/2566 2021/1206/2566
f 2025/1210/2567 2024/1209/2567 2026/1211/2567
f 2026/1211/2568 2024/1209/2568 2023/1208/2568
f 2025/1210/2569 2027/1212/2569 2021/1206/2569
f 2021/1206/2570 2027/1212/2570 2015/1200/2570
f 2026/1211/2571 2023/1208/2571 2028/1213/2571
f 2029/1214/2572 2025/1210/2572 2026/1211/2572
f 1893/1081/2573 2030/1215/2573 1880/1068/2573
f 2030/1215/2574 1893/1081/2574 2031/1069/2574
f 2031/1069/2575 2032/1216/2575 2030/1215/2575
f 2031/1069/2576 1893/1081/2576 1892/1080/2576
f 2033/1217/2577 2031/1069/2577 1892/1080/2577
f 1894/1082/2578 2033/1217/2578 1892/1080/2578
f 1894/1082/2579 2034/1218/2579 2033/1217/2579
f 1895/1083/2580 2034/1218/2580 1894/1082/2580
f 1895/1083/2581 2035/1083/2581 2034/1218/2581
f 2036/1219/2582 2030/1215/2582 2032/1216/2582
f 2032/1216/2583 2037/1220/2583 2036/1219/2583
f 2037/1220/2584 2038/1221/2584 2036/1219/2584
f 2038/1221/2585 2039/1222/2585 2036/1219/2585
f 1901/1089/2586 2035/1083/2586 1895/1083/2586
f 1901/1089/2587 2040/1223/2587 2035/1083/2587
f 2038/1221/2588 2041/1224/2588 2039/1222/2588
f 2042/1225/2589 2040/1223/2589 1901/1089/2589
f 1901/1089/2590 1905/1093/2590 2042/1225/2590
f 2043/1226/2591 2042/1225/2591 1905/1093/2591
f 1905/1093/2592 1904/1092/2592 2043/1226/2592
f 2043/1226/2593 1904/1092/2593 1908/1096/2593
f 2044/1227/2594 2043/1226/2594 1908/1096/2594
f 1923/1111/2595 2044/1227/2595 1908/1096/2595
f 2036/1219/2596 2039/1222/2596 2045/1228/2596
f 2041/1224/2597 2045/1228/2597 2039/1222/2597
f 2036/1219/2598 2045/1228/2598 2030/1215/2598
f 2041/1224/2599 2046/1229/2599 2045/1228/2599
f 2047/1230/2600 2046/1229/2600 2041/1224/2600
f 2047/1230/2601 2048/1231/2601 2046/1229/2601
f 2048/1231/2602 2049/1232/2602 2046/1229/2602
f 2045/1228/2603 2046/1229/2603 2049/1232/2603
f 2049/1232/2604 2050/1233/2604 2045/1228/2604
f 1880/1068/2605 2045/1228/2605 2050/1233/2605
f 2030/1215/2606 2045/1228/2606 1880/1068/2606
f 2050/1233/2607 2051/1234/2607 1880/1068/2607
f 2051/1234/2608 2052/1235/2608 1880/1068/2608
f 2052/1235/2609 1878/1066/2609 1880/1068/2609
f 2052/1235/2610 2053/1236/2610 1878/1066/2610
f 2053/1236/2611 1877/1065/2611 1878/1066/2611
f 1874/1062/2612 1877/1065/2612 2053/1236/2612
f 2053/1236/2613 2054/1237/2613 1874/1062/2613
f 2048/1231/2614 2055/1238/2614 2049/1232/2614
f 1874/1062/2615 2054/1237/2615 2056/1239/2615
f 1872/1060/2616 1874/1062/2616 2056/1239/2616
f 2054/1237/2617 2057/1240/2617 2056/1239/2617
f 2057/1240/2618 2058/1241/2618 2056/1239/2618
f 2059/1242/2619 2055/1238/2619 2048/1231/2619
f 2059/1242/2620 2048/1231/2620 2047/1230/2620
f 2060/1243/2621 2059/1242/2621 2047/1230/2621
f 2061/1244/2622 2056/1239/2622 2058/1241/2622
f 2061/1244/2623 1872/1060/2623 2056/1239/2623
f 2061/1244/2624 2058/1241/2624 2062/1245/2624
f 2063/1246/2625 2061/1244/2625 2062/1245/2625
f 2064/1071/2626 2061/1244/2626 2063/1246/2626
f 2065/1247/2627 2064/1071/2627 2063/1246/2627
f 2063/1246/2628 2062/1245/2628 2066/1248/2628
f 2065/1247/2629 2063/1246/2629 2067/1249/2629
f 2067/1249/2630 2063/1246/2630 2066/1248/2630
f 2068/1250/2631 2065/1247/2631 2067/1249/2631
f 2068/1250/2632 2067/1249/2632 2069/1251/2632
f 2070/1252/2633 2069/1251/2633 2067/1249/2633
f 2067/1249/2634 2066/1248/2634 2070/1252/2634
f 2071/1253/2635 2068/1250/2635 2069/1251/2635
f 2071/1253/2636 2069/1251/2636 2072/1254/2636
f 2073/1255/2637 2071/1253/2637 2072/1254/2637
f 2072/1254/2638 2069/1251/2638 2074/1256/2638
f 2069/1251/2639 2070/1252/2639 2074/1256/2639
f 2075/1257/2640 2076/1258/2640 2060/1243/2640
f 2077/1259/2641 2076/1258/2641 2075/1257/2641
f 2078/1260/2642 2076/1258/2642 2077/1259/2642
f 2078/1260/2643 2079/1261/2643 2076/1258/2643
f 2075/1257/2644 2080/1262/2644 2077/1259/2644
f 2079/1261/2645 2059/1242/2645 2076/1258/2645
f 2076/1258/2646 2059/1242/2646 2060/1243/2646
f 2059/1242/2647 2079/1261/2647 2055/1238/2647
f 2081/1263/2648 2078/1260/2648 2077/1259/2648
f 1873/1061/2649 2082/1264/2649 2083/1265/2649
f 1873/1061/2650 2083/1265/2650 2084/1266/2650
f 2083/1265/2651 2085/1267/2651 2084/1266/2651
f 2085/1267/2652 2086/1268/2652 2084/1266/2652
f 1890/1078/2653 2086/1268/2653 2085/1267/2653
f 2085/1267/2654 2087/1269/2654 1890/1078/2654
f 2087/1269/2655 2088/1270/2655 1890/1078/2655
f 2088/1270/2656 1896/1084/2656 1890/1078/2656
f 1897/1085/2657 1896/1084/2657 2088/1270/2657
f 2088/1270/2658 2089/1271/2658 1897/1085/2658
f 1898/1086/2659 1897/1085/2659 2089/1271/2659
f 2089/1271/2660 2090/1272/2660 1898/1086/2660
f 2090/1272/2661 2091/1273/2661 1898/1086/2661
f 2091/1273/2662 1899/1087/2662 1898/1086/2662
f 2091/1273/2663 2092/1274/2663 1899/1087/2663
f 2092/1274/2664 1902/1090/2664 1899/1087/2664
f 1903/1091/2665 1902/1090/2665 2092/1274/2665
f 2092/1274/2666 2093/1275/2666 1903/1091/2666
f 1906/1094/2667 1903/1091/2667 2093/1275/2667
f 2093/1275/2668 2094/1276/2668 1906/1094/2668
f 2094/1276/2669 2095/1277/2669 1906/1094/2669
f 2095/1277/2670 1907/1095/2670 1906/1094/2670
f 1909/1097/2671 1907/1095/2671 2095/1277/2671
f 2095/1277/2672 2096/1278/2672 1909/1097/2672
f 2096/1278/2673 2097/1279/2673 1909/1097/2673
f 2097/1279/2674 1911/1099/2674 1909/1097/2674
f 1913/1101/2675 1911/1099/2675 2097/1279/2675
f 2097/1279/2676 1926/1114/2676 1913/1101/2676
f 1883/1071/2677 2098/1280/2677 1885/1073/2677
f 1885/1073/2678 2098/1280/2678 1888/1076/2678
f 2098/1280/2679 2099/1281/2679 1888/1076/2679
f 1888/1076/2680 2100/1282/2680 1889/1077/2680
f 2100/1282/2681 2101/1283/2681 1889/1077/2681
f 2102/1284/2682 2100/1282/2682 1888/1076/2682
f 2101/1283/2683 2103/1285/2683 1889/1077/2683
f 1889/1077/2684 2104/1286/2684 2105/1287/2684
f 1889/1077/2685 2105/1287/2685 1887/1075/2685
f 1886/1074/2686 1887/1075/2686 2105/1287/2686
f 2105/1287/2687 2106/1288/2687 1886/1074/2687
f 1882/1070/2688 1886/1074/2688 2106/1288/2688
f 2106/1288/2689 2107/1289/2689 1882/1070/2689
f 2107/1289/2690 2108/1290/2690 1882/1070/2690
f 2108/1290/2691 1875/1063/2691 1882/1070/2691
f 1873/1061/2692 1875/1063/2692 2108/1290/2692
f 2108/1290/2693 2082/1264/2693 1873/1061/2693
f 1873/1061/2694 2084/1266/2694 1871/1059/2694
f 1871/1059/2695 2084/1266/2695 2086/1268/2695
f 2086/1268/2696 1876/1064/2696 1871/1059/2696
f 1876/1064/2697 2086/1268/2697 1890/1078/2697
f 2109/1100/2698 2110/1111/2698 2111/1291/2698
f 2110/1111/2699 2112/1292/2699 2111/1291/2699
f 2111/1291/2700 2112/1292/2700 2113/1293/2700
f 2113/1293/2701 2114/1294/2701 2111/1291/2701
f 2114/1294/2702 2113/1293/2702 2115/1295/2702
f 2115/1295/2703 2116/1296/2703 2114/1294/2703
f 2117/1297/2704 2118/1298/2704 2119/1299/2704
f 2117/1297/2705 2119/1299/2705 2120/1300/2705
f 2118/1298/2706 2121/1301/2706 2119/1299/2706
f 2118/1298/2707 2122/1302/2707 2121/1301/2707
f 2122/1302/2708 2123/1303/2708 2121/1301/2708
f 2122/1302/2709 2124/1304/2709 2123/1303/2709
f 2124/1304/2710 2125/1305/2710 2123/1303/2710
f 2125/1305/2711 2126/1306/2711 2123/1303/2711
f 2126/1306/2712 2125/1305/2712 2127/1307/2712
f 2128/1308/2713 2126/1306/2713 2127/1307/2713
f 2128/1308/2714 2127/1307/2714 2129/1309/2714
f 2130/1310/2715 2129/1309/2715 2127/1307/2715
f 2130/1310/2716 2131/1311/2716 2129/1309/2716
f 2132/1312/2717 2130/1310/2717 2127/1307/2717
f 2133/1313/2718 2132/1312/2718 2127/1307/2718
f 2133/1313/2719 2127/1307/2719 2125/1305/2719
f 2129/1309/2720 2134/1314/2720 2128/1308/2720
f 2124/1304/2721 2122/1302/2721 2135/1315/2721
f 2136/1316/2722 2135/1315/2722 2122/1302/2722
f 2122/1302/2723 2118/1298/2723 2136/1316/2723
f 2136/1316/2724 2118/1298/2724 2117/1297/2724
f 2117/1297/2725 2137/1317/2725 2136/1316/2725
f 2135/1315/2726 2138/1318/2726 2124/1304/2726
f 2138/1318/2727 2139/1319/2727 2124/1304/2727
f 2139/1319/2728 2125/1305/2728 2124/1304/2728
f 2133/1313/2729 2125/1305/2729 2139/1319/2729
f 2140/1308/2730 2134/1314/2730 2129/1309/2730
f 2129/1309/2731 2141/1307/2731 2140/1308/2731
f 2129/1309/2732 2131/1311/2732 2142/1310/2732
f 2141/1307/2733 2129/1309/2733 2142/1310/2733
f 2141/1307/2734 2142/1310/2734 2143/1312/2734
f 2141/1307/2735 2143/1312/2735 2144/1313/2735
f 2140/1308/2736 2141/1307/2736 2145/1305/2736
f 2140/1308/2737 2145/1305/2737 2146/1306/2737
f 2147/1304/2738 2146/1306/2738 2145/1305/2738
f 2147/1304/2739 2148/1303/2739 2146/1306/2739
f 2149/1301/2740 2148/1303/2740 2147/1304/2740
f 2147/1304/2741 2150/1302/2741 2149/1301/2741
f 2149/1301/2742 2150/1302/2742 2151/1298/2742
f 2152/1299/2743 2149/1301/2743 2151/1298/2743
f 2152/1299/2744 2151/1298/2744 2153/1297/2744
f 2154/1300/2745 2152/1299/2745 2153/1297/2745
f 2155/1320/2746 2154/1300/2746 2153/1297/2746
f 2155/1320/2747 2156/1321/2747 2154/1300/2747
f 2157/1322/2748 2156/1321/2748 2155/1320/2748
f 2158/1323/2749 2157/1322/2749 2155/1320/2749
f 2159/1324/2750 2158/1323/2750 2155/1320/2750
f 2155/1320/2751 2160/1325/2751 2159/1324/2751
f 2161/1317/2752 2153/1297/2752 2151/1298/2752
f 2161/1317/2753 2160/1325/2753 2155/1320/2753
f 2155/1320/2754 2153/1297/2754 2161/1317/2754
f 2161/1317/2755 2151/1298/2755 2162/1316/2755
f 2162/1316/2756 2151/1298/2756 2150/1302/2756
f 2150/1302/2757 2163/1315/2757 2162/1316/2757
f 2163/1315/2758 2150/1302/2758 2147/1304/2758
f 2147/1304/2759 2164/1318/2759 2163/1315/2759
f 2147/1304/2760 2165/1326/2760 2164/1318/2760
f 2166/1316/2761 2167/1327/2761 2168/1328/2761
f 2169/1317/2762 2166/1316/2762 2168/1328/2762
f 2168/1328/2763 2170/1329/2763 2169/1317/2763
f 2170/1329/2764 2171/1325/2764 2169/1317/2764
f 2167/1327/2765 2166/1316/2765 2172/1315/2765
f 2172/1315/2766 2173/1330/2766 2167/1327/2766
f 2174/1331/2767 2171/1325/2767 2170/1329/2767
f 2175/1332/2768 2171/1325/2768 2174/1331/2768
f 2173/1330/2769 2172/1315/2769 2176/1333/2769
f 2172/1315/2770 2177/1318/2770 2176/1333/2770
f 2178/1334/2771 2176/1333/2771 2177/1318/2771
f 2178/1334/2772 2177/1318/2772 2179/1326/2772
f 2178/1334/2773 2179/1326/2773 2180/1335/2773
f 2181/1336/2774 2178/1334/2774 2180/1335/2774
f 2182/1337/2775 2181/1336/2775 2180/1335/2775
f 2182/1337/2776 2180/1335/2776 2183/1338/2776
f 2184/1319/2777 2185/1336/2777 2186/1337/2777
f 2186/1337/2778 2187/1339/2778 2184/1319/2778
f 2187/1339/2779 2188/1313/2779 2184/1319/2779
f 2187/1339/2780 2189/1312/2780 2188/1313/2780
f 2185/1336/2781 2184/1319/2781 2190/1318/2781
f 2190/1318/2782 2191/1334/2782 2185/1336/2782
f 2190/1318/2783 2192/1333/2783 2191/1334/2783
f 2192/1333/2784 2190/1318/2784 2193/1315/2784
f 2192/1333/2785 2193/1315/2785 2194/1330/2785
f 2195/1327/2786 2194/1330/2786 2193/1315/2786
f 2193/1315/2787 2196/1316/2787 2195/1327/2787
f 2197/1328/2788 2195/1327/2788 2196/1316/2788
f 2197/1328/2789 2196/1316/2789 2198/1317/2789
f 2199/1340/2790 2200/1341/2790 2201/1342/2790
f 2202/1343/2791 2199/1340/2791 2201/1342/2791
f 2203/1344/2792 2202/1343/2792 2201/1342/2792
f 2200/1341/2793 2204/1345/2793 2201/1342/2793
f 1766/956/2794 1763/953/2794 1705/895/2794
f 1705/895/2795 1763/953/2795 2205/1346/2795
f 1763/953/2796 1764/954/2796 2205/1346/2796
f 1697/887/2797 1705/895/2797 2205/1346/2797
f 1695/885/2798 1697/887/2798 2205/1346/2798
f 1707/897/2799 1695/885/2799 2205/1346/2799
f 1739/929/2800 1743/933/2800 2206/1347/2800
f 1739/929/2801 2206/1347/2801 1738/928/2801
f 2206/1347/2802 1737/927/2802 1738/928/2802
f 2207/1348/2803 1754/944/2803 1758/948/2803
f 1752/942/2804 1754/944/2804 2207/1348/2804
f 1780/970/2805 1704/894/2805 1702/892/2805
f 2144/1313/2806 2208/1349/2806 2141/1307/2806
f 2208/1349/2807 2145/1305/2807 2141/1307/2807
f 2209/1349/2808 2210/1313/2808 2211/1312/2808
f 1872/1060/2809 2061/1244/2809 1883/1071/2809
f 2212/1350/2810 2213/1351/2810 2214/1352/2810
f 2214/1352/2811 2215/1353/2811 2212/1350/2811
f 2213/1351/2812 2212/1350/2812 2216/1354/2812
f 2216/1354/2813 2217/1355/2813 2213/1351/2813
f 2217/1355/2814 2216/1354/2814 2218/1356/2814
f 2216/1354/2815 2219/1357/2815 2218/1356/2815
f 2220/1358/2816 2218/1356/2816 2219/1357/2816
f 2219/1357/2817 2221/1359/2817 2220/1358/2817
f 2214/1352/2818 2213/1351/2818 2222/1360/2818
f 2222/1360/2819 2223/1361/2819 2214/1352/2819
f 2212/1350/2820 2215/1353/2820 2224/1362/2820
f 2224/1362/2821 2225/1363/2821 2212/1350/2821
f 2218/1356/2822 2220/1358/2822 2226/1364/2822
f 2226/1364/2823 2227/1365/2823 2218/1356/2823
f 2217/1355/2824 2218/1356/2824 2227/1365/2824
f 2228/1366/2825 2226/1364/2825 2220/1358/2825
f 2220/1358/2826 2229/1367/2826 2228/1366/2826
f 2220/1358/2827 2221/1359/2827 2229/1367/2827
f 2221/1359/2828 2219/1357/2828 2230/1368/2828
f 2230/1368/2829 2219/1357/2829 2216/1354/2829
f 2230/1368/2830 2231/1369/2830 2221/1359/2830
f 2232/1370/2831 2230/1368/2831 2216/1354/2831
f 2233/1371/2832 2228/1366/2832 2229/1367/2832
f 2229/1367/2833 2234/1372/2833 2233/1371/2833
f 2235/1373/2834 2234/1372/2834 2229/1367/2834
f 2221/1359/2835 2235/1373/2835 2229/1367/2835
f 2235/1373/2836 2221/1359/2836 2231/1369/2836
f 2235/1373/2837 2236/1374/2837 2234/1372/2837
f 2237/1375/2838 2233/1371/2838 2234/1372/2838
f 2234/1372/2839 2238/1376/2839 2237/1375/2839
f 2238/1376/2840 2234/1372/2840 2236/1374/2840
f 2236/1374/2841 2239/1377/2841 2238/1376/2841
f 2239/1377/2842 2236/1374/2842 2240/1378/2842
f 2240/1378/2843 2241/1379/2843 2239/1377/2843
f 2232/1370/2844 2216/1354/2844 2212/1350/2844
f 2225/1363/2845 2232/1370/2845 2212/1350/2845
f 2242/1380/2846 2240/1378/2846 2236/1374/2846
f 2236/1374/2847 2235/1373/2847 2242/1380/2847
f 2231/1369/2848 2242/1380/2848 2235/1373/2848
f 2238/1376/2849 2239/1377/2849 2243/1374/2849
f 2243/1374/2850 2244/1372/2850 2238/1376/2850
f 2237/1375/2851 2238/1376/2851 2244/1372/2851
f 2244/1372/2852 2243/1374/2852 2245/1373/2852
f 2246/1367/2853 2244/1372/2853 2245/1373/2853
f 2247/1380/2854 2245/1373/2854 2243/1374/2854
f 2243/1374/2855 2248/1378/2855 2247/1380/2855
f 2248/1378/2856 2243/1374/2856 2239/1377/2856
f 2239/1377/2857 2241/1379/2857 2248/1378/2857
f 2249/1371/2858 2244/1372/2858 2246/1367/2858
f 2244/1372/2859 2249/1371/2859 2237/1375/2859
f 2246/1367/2860 2250/1366/2860 2249/1371/2860
f 2250/1366/2861 2246/1367/2861 2251/1358/2861
f 2251/1358/2862 2252/1364/2862 2250/1366/2862
f 2252/1364/2863 2251/1358/2863 2253/1356/2863
f 2253/1356/2864 2254/1365/2864 2252/1364/2864
f 2254/1365/2865 2253/1356/2865 2255/1355/2865
f 2255/1355/2866 2256/1381/2866 2254/1365/2866
f 2257/1357/2867 2253/1356/2867 2251/1358/2867
f 2251/1358/2868 2258/1359/2868 2257/1357/2868
f 2246/1367/2869 2245/1373/2869 2258/1359/2869
f 2246/1367/2870 2258/1359/2870 2251/1358/2870
f 2259/1368/2871 2257/1357/2871 2258/1359/2871
f 2258/1359/2872 2260/1369/2872 2259/1368/2872
f 2260/1369/2873 2258/1359/2873 2245/1373/2873
f 2245/1373/2874 2247/1380/2874 2260/1369/2874
f 2253/1356/2875 2257/1357/2875 2261/1354/2875
f 2255/1355/2876 2253/1356/2876 2261/1354/2876
f 2261/1354/2877 2257/1357/2877 2259/1368/2877
f 2262/1351/2878 2255/1355/2878 2261/1354/2878
f 2256/1381/2879 2255/1355/2879 2262/1351/2879
f 2261/1354/2880 2259/1368/2880 2263/1370/2880
f 2264/1350/2881 2261/1354/2881 2263/1370/2881
f 2261/1354/2882 2264/1350/2882 2262/1351/2882
f 2214/1352/2883 2262/1351/2883 2264/1350/2883
f 2264/1350/2884 2215/1353/2884 2214/1352/2884
f 2264/1350/2885 2263/1370/2885 2265/1363/2885
f 2264/1350/2886 2265/1363/2886 2224/1362/2886
f 2224/1362/2887 2215/1353/2887 2264/1350/2887
f 2262/1351/2888 2266/1360/2888 2256/1381/2888
f 2266/1360/2889 2262/1351/2889 2214/1352/2889
f 2214/1352/2890 2223/1361/2890 2266/1360/2890
f 2267/1381/2891 2222/1360/2891 2213/1351/2891
f 2213/1351/2892 2217/1355/2892 2267/1381/2892
f 2227/1365/2893 2267/1381/2893 2217/1355/2893
f 2268/730/2894 2269/729/2894 2270/728/2894
f 2270/728/2895 2271/731/2895 2268/730/2895
f 2271/731/2896 2270/728/2896 2272/732/2896
f 2272/732/2897 2273/733/2897 2271/731/2897
f 2274/734/2898 2270/728/2898 2269/729/2898
f 2269/729/2899 2275/735/2899 2274/734/2899
f 2270/728/2900 2274/734/2900 2276/736/2900
f 2276/736/2901 2272/732/2901 2270/728/2901
f 2277/737/2902 2274/734/2902 2275/735/2902
f 2278/738/2903 2277/737/2903 2275/735/2903
f 2279/739/2904 2276/736/2904 2274/734/2904
f 2277/737/2905 2279/739/2905 2274/734/2905
f 2280/740/2906 2277/737/2906 2278/738/2906
f 2281/741/2907 2280/740/2907 2278/738/2907
f 2282/742/2908 2279/739/2908 2277/737/2908
f 2280/740/2909 2282/742/2909 2277/737/2909
f 2283/743/2910 2280/740/2910 2281/741/2910
f 2284/744/2911 2283/743/2911 2281/741/2911
f 2285/745/2912 2282/742/2912 2280/740/2912
f 2283/743/2913 2285/745/2913 2280/740/2913
f 2286/731/2914 2273/733/2914 2272/732/2914
f 2272/732/2915 2287/728/2915 2286/731/2915
f 2287/728/2916 2272/732/2916 2276/736/2916
f 2276/736/2917 2288/734/2917 2287/728/2917
f 2288/734/2918 2276/736/2918 2279/739/2918
f 2289/729/2919 2287/728/2919 2288/734/2919
f 2287/728/2920 2289/729/2920 2290/730/2920
f 2290/730/2921 2286/731/2921 2287/728/2921
f 2288/734/2922 2291/735/2922 2289/729/2922
f 2291/735/2923 2288/734/2923 2292/737/2923
f 2292/737/2924 2288/734/2924 2279/739/2924
f 2292/737/2925 2279/739/2925 2282/742/2925
f 2293/738/2926 2291/735/2926 2292/737/2926
f 2293/738/2906 2292/737/2906 2294/740/2906
f 2294/740/2927 2292/737/2927 2282/742/2927
f 2294/740/2928 2282/742/2928 2285/745/2928
f 2295/741/2929 2293/738/2929 2294/740/2929
f 2295/741/2930 2294/740/2930 2296/743/2930
f 2296/743/2931 2294/740/2931 2285/745/2931
f 2297/744/2932 2295/741/2932 2296/743/2932
f 2298/730/2933 2299/729/2933 2300/728/2933
f 2300/728/2934 2301/731/2934 2298/730/2934
f 2301/731/2935 2300/728/2935 2302/732/2935
f 2302/732/2936 2303/733/2936 2301/731/2936
f 2304/734/2937 2300/728/2937 2299/729/2937
f 2299/729/2938 2305/735/2938 2304/734/2938
f 2300/728/2939 2304/734/2939 2306/736/2939
f 2306/736/2940 2302/732/2940 2300/728/2940
f 2307/737/2941 2304/734/2941 2305/735/2941
f 2308/738/2942 2307/737/2942 2305/735/2942
f 2309/739/2943 2306/736/2943 2304/734/2943
f 2307/737/2944 2309/739/2944 2304/734/2944
f 2310/740/2945 2307/737/2945 2308/738/2945
f 2311/741/2946 2310/740/2946 2308/738/2946
f 2312/742/2947 2309/739/2947 2307/737/2947
f 2310/740/2948 2312/742/2948 2307/737/2948
f 2313/743/2949 2310/740/2949 2311/741/2949
f 2314/744/2950 2313/743/2950 2311/741/2950
f 2315/745/2951 2312/742/2951 2310/740/2951
f 2313/743/2952 2315/745/2952 2310/740/2952
f 2316/731/2953 2303/733/2953 2302/732/2953
f 2302/732/2954 2317/728/2954 2316/731/2954
f 2317/728/2955 2302/732/2955 2306/736/2955
f 2306/736/2956 2318/734/2956 2317/728/2956
f 2318/734/2957 2306/736/2957 2309/739/2957
f 2319/729/2958 2317/728/2958 2318/734/2958
f 2317/728/2959 2319/729/2959 2320/730/2959
f 2320/730/2960 2316/731/2960 2317/728/2960
f 2318/734/2961 2321/735/2961 2319/729/2961
f 2321/735/2962 2318/734/2962 2322/737/2962
f 2322/737/2963 2318/734/2963 2309/739/2963
f 2322/737/2947 2309/739/2947 2312/742/2947
f 2323/738/2964 2321/735/2964 2322/737/2964
f 2323/738/2965 2322/737/2965 2324/740/2965
f 2324/740/2966 2322/737/2966 2312/742/2966
f 2324/740/2967 2312/742/2967 2315/745/2967
f 2325/741/2968 2323/738/2968 2324/740/2968
f 2325/741/2969 2324/740/2969 2326/743/2969
f 2326/743/2970 2324/740/2970 2315/745/2970
f 2327/744/2971 2325/741/2971 2326/743/2971
f 2328/730/2972 2329/729/2972 2330/728/2972
f 2330/728/2973 2331/731/2973 2328/730/2973
f 2331/731/2974 2330/728/2974 2332/732/2974
f 2332/732/2975 2333/733/2975 2331/731/2975
f 2334/734/2976 2330/728/2976 2329/729/2976
f 2329/729/2977 2335/735/2977 2334/734/2977
f 2330/728/2978 2334/734/2978 2336/736/2978
f 2336/736/2979 2332/732/2979 2330/728/2979
f 2337/737/2980 2334/734/2980 2335/735/2980
f 2338/738/2981 2337/737/2981 2335/735/2981
f 2339/739/2982 2336/736/2982 2334/734/2982
f 2337/737/2983 2339/739/2983 2334/734/2983
f 2340/740/2984 2337/737/2984 2338/738/2984
f 2341/741/2985 2340/740/2985 2338/738/2985
f 2342/742/2986 2339/739/2986 2337/737/2986
f 2340/740/2987 2342/742/2987 2337/737/2987
f 2343/743/2988 2340/740/2988 2341/741/2988
f 2344/744/2989 2343/743/2989 2341/741/2989
f 2345/745/2990 2342/742/2990 2340/740/2990
f 2343/743/2991 2345/745/2991 2340/740/2991
f 2346/731/2992 2333/733/2992 2332/732/2992
f 2332/732/2993 2347/728/2993 2346/731/2993
f 2347/728/2994 2332/732/2994 2336/736/2994
f 2336/736/2995 2348/734/2995 2347/728/2995
f 2348/734/2996 2336/736/2996 2339/739/2996
f 2349/729/2997 2347/728/2997 2348/734/2997
f 2347/728/2998 2349/729/2998 2350/730/2998
f 2350/730/2999 2346/731/2999 2347/728/2999
f 2348/734/3000 2351/735/3000 2349/729/3000
f 2351/735/3001 2348/734/3001 2352/737/3001
f 2352/737/3002 2348/734/3002 2339/739/3002
f 2352/737/3003 2339/739/3003 2342/742/3003
f 2353/738/3004 2351/735/3004 2352/737/3004
f 2353/738/3005 2352/737/3005 2354/740/3005
f 2354/740/3006 2352/737/3006 2342/742/3006
f 2354/740/3007 2342/742/3007 2345/745/3007
f 2355/741/2987 2353/738/2987 2354/740/2987
f 2355/741/3008 2354/740/3008 2356/743/3008
f 2356/743/3009 2354/740/3009 2345/745/3009
f 2357/744/3010 2355/741/3010 2356/743/3010
f 2358/728/3011 2359/729/3011 2360/730/3011
f 2360/730/3012 2361/731/3012 2358/728/3012
f 2362/732/3013 2358/728/3013 2361/731/3013
f 2361/731/3014 2363/733/3014 2362/732/3014
f 2359/729/3015 2358/728/3015 2364/734/3015
f 2364/734/3016 2365/735/3016 2359/729/3016
f 2366/736/3017 2364/734/3017 2358/728/3017
f 2358/728/3018 2362/732/3018 2366/736/3018
f 2365/735/3019 2364/734/3019 2367/737/3019
f 2368/738/3020 2365/735/3020 2367/737/3020
f 2364/734/3021 2366/736/3021 2369/739/3021
f 2367/737/3022 2364/734/3022 2369/739/3022
f 2368/738/3023 2367/737/3023 2370/740/3023
f 2371/741/3024 2368/738/3024 2370/740/3024
f 2367/737/3025 2369/739/3025 2372/742/3025
f 2370/740/3026 2367/737/3026 2372/742/3026
f 2371/741/3027 2370/740/3027 2373/743/3027
f 2374/744/3028 2371/741/3028 2373/743/3028
f 2370/740/3029 2372/742/3029 2375/745/3029
f 2373/743/3030 2370/740/3030 2375/745/3030
f 2362/732/3031 2363/733/3031 2376/731/3031
f 2376/731/3032 2377/728/3032 2362/732/3032
f 2366/736/3033 2362/732/3033 2377/728/3033
f 2377/728/3034 2378/734/3034 2366/736/3034
f 2369/739/3035 2366/736/3035 2378/734/3035
f 2378/734/3036 2377/728/3036 2379/729/3036
f 2380/730/3037 2379/729/3037 2377/728/3037
f 2377/728/3038 2376/731/3038 2380/730/3038
f 2379/729/3039 2381/735/3039 2378/734/3039
f 2382/737/3040 2378/734/3040 2381/735/3040
f 2382/737/3041 2369/739/3041 2378/734/3041
f 2372/742/3042 2369/739/3042 2382/737/3042
f 2383/738/3043 2382/737/3043 2381/735/3043
f 2384/740/3044 2382/737/3044 2383/738/3044
f 2384/740/3044 2372/742/3044 2382/737/3044
f 2375/745/3045 2372/742/3045 2384/740/3045
f 2385/741/3046 2384/740/3046 2383/738/3046
f 2386/743/3047 2384/740/3047 2385/741/3047
f 2386/743/3048 2375/745/3048 2384/740/3048
f 2387/744/3049 2386/743/3049 2385/741/3049
f 2388/728/3050 2389/729/3050 2390/730/3050
f 2390/730/3051 2391/731/3051 2388/728/3051
f 2392/732/3052 2388/728/3052 2391/731/3052
f 2391/731/3053 2393/733/3053 2392/732/3053
f 2389/729/3054 2388/728/3054 2394/734/3054
f 2394/734/3055 2395/735/3055 2389/729/3055
f 2396/736/3056 2394/734/3056 2388/728/3056
f 2388/728/3057 2392/732/3057 2396/736/3057
f 2395/735/3058 2394/734/3058 2397/737/3058
f 2398/738/3059 2395/735/3059 2397/737/3059
f 2394/734/3060 2396/736/3060 2399/739/3060
f 2397/737/3061 2394/734/3061 2399/739/3061
f 2398/738/3062 2397/737/3062 2400/740/3062
f 2401/741/3062 2398/738/3062 2400/740/3062
f 2397/737/3063 2399/739/3063 2402/742/3063
f 2400/740/3064 2397/737/3064 2402/742/3064
f 2401/741/3065 2400/740/3065 2403/743/3065
f 2404/744/3066 2401/741/3066 2403/743/3066
f 2400/740/3067 2402/742/3067 2405/745/3067
f 2403/743/3068 2400/740/3068 2405/745/3068
f 2392/732/3069 2393/733/3069 2406/731/3069
f 2406/731/3070 2407/728/3070 2392/732/3070
f 2396/736/3071 2392/732/3071 2407/728/3071
f 2407/728/3072 2408/734/3072 2396/736/3072
f 2399/739/3073 2396/736/3073 2408/734/3073
f 2408/734/3074 2407/728/3074 2409/729/3074
f 2410/730/3075 2409/729/3075 2407/728/3075
f 2407/728/3076 2406/731/3076 2410/730/3076
f 2409/729/3077 2411/735/3077 2408/734/3077
f 2412/737/3078 2408/734/3078 2411/735/3078
f 2412/737/3079 2399/739/3079 2408/734/3079
f 2402/742/3063 2399/739/3063 2412/737/3063
f 2413/738/3080 2412/737/3080 2411/735/3080
f 2414/740/3081 2412/737/3081 2413/738/3081
f 2414/740/3082 2402/742/3082 2412/737/3082
f 2405/745/3083 2402/742/3083 2414/740/3083
f 2415/741/3084 2414/740/3084 2413/738/3084
f 2416/743/3085 2414/740/3085 2415/741/3085
f 2416/743/3086 2405/745/3086 2414/740/3086
f 2417/744/3087 2416/743/3087 2415/741/3087
f 2418/728/3088 2419/729/3088 2420/730/3088
f 2420/730/3089 2421/731/3089 2418/728/3089
f 2422/732/3090 2418/728/3090 2421/731/3090
f 2421/731/3091 2423/733/3091 2422/732/3091
f 2419/729/3092 2418/728/3092 2424/734/3092
f 2424/734/3093 2425/735/3093 2419/729/3093
f 2426/736/3094 2424/734/3094 2418/728/3094
f 2418/728/3095 2422/732/3095 2426/736/3095
f 2425/735/3096 2424/734/3096 2427/737/3096
f 2428/738/3097 2425/735/3097 2427/737/3097
f 2424/734/3098 2426/736/3098 2429/739/3098
f 2427/737/3099 2424/734/3099 2429/739/3099
f 2428/738/3100 2427/737/3100 2430/740/3100
f 2431/741/3101 2428/738/3101 2430/740/3101
f 2427/737/3102 2429/739/3102 2432/742/3102
f 2430/740/3103 2427/737/3103 2432/742/3103
f 2431/741/3104 2430/740/3104 2433/743/3104
f 2434/744/3105 2431/741/3105 2433/743/3105
f 2430/740/3106 2432/742/3106 2435/745/3106
f 2433/743/3107 2430/740/3107 2435/745/3107
f 2422/732/3108 2423/733/3108 2436/731/3108
f 2436/731/3109 2437/728/3109 2422/732/3109
f 2426/736/3110 2422/732/3110 2437/728/3110
f 2437/728/3111 2438/734/3111 2426/736/3111
f 2429/739/3112 2426/736/3112 2438/734/3112
f 2438/734/3113 2437/728/3113 2439/729/3113
f 2440/730/3114 2439/729/3114 2437/728/3114
f 2437/728/3115 2436/731/3115 2440/730/3115
f 2439/729/3116 2441/735/3116 2438/734/3116
f 2442/737/3117 2438/734/3117 2441/735/3117
f 2442/737/3118 2429/739/3118 2438/734/3118
f 2432/742/3119 2429/739/3119 2442/737/3119
f 2443/738/3120 2442/737/3120 2441/735/3120
f 2444/740/3121 2442/737/3121 2443/738/3121
f 2444/740/3121 2432/742/3121 2442/737/3121
f 2435/745/3122 2432/742/3122 2444/740/3122
f 2445/741/3123 2444/740/3123 2443/738/3123
f 2446/743/3124 2444/740/3124 2445/741/3124
f 2446/743/3125 2435/745/3125 2444/740/3125
f 2447/744/3126 2446/743/3126 2445/741/3126
f 2448/730/3127 2449/729/3127 2450/728/3127
f 2450/728/3128 2451/731/3128 2448/730/3128
f 2451/731/3129 2450/728/3129 2452/732/3129
f 2452/732/3130 2453/733/3130 2451/731/3130
f 2454/734/3131 2450/728/3131 2449/729/3131
f 2449/729/3132 2455/735/3132 2454/734/3132
f 2450/728/3133 2454/734/3133 2456/736/3133
f 2456/736/3134 2452/732/3134 2450/728/3134
f 2457/737/3135 2454/734/3135 2455/735/3135
f 2458/738/3136 2457/737/3136 2455/735/3136
f 2459/739/3137 2456/736/3137 2454/734/3137
f 2457/737/3138 2459/739/3138 2454/734/3138
f 2460/740/3139 2457/737/3139 2458/738/3139
f 2461/741/3139 2460/740/3139 2458/738/3139
f 2462/742/3140 2459/739/3140 2457/737/3140
f 2460/740/3141 2462/742/3141 2457/737/3141
f 2463/743/3142 2460/740/3142 2461/741/3142
f 2464/744/3143 2463/743/3143 2461/741/3143
f 2465/745/3144 2462/742/3144 2460/740/3144
f 2463/743/3145 2465/745/3145 2460/740/3145
f 2466/731/3146 2453/733/3146 2452/732/3146
f 2452/732/3147 2467/728/3147 2466/731/3147
f 2467/728/3148 2452/732/3148 2456/736/3148
f 2456/736/3149 2468/734/3149 2467/728/3149
f 2468/734/3150 2456/736/3150 2459/739/3150
f 2469/729/3151 2467/728/3151 2468/734/3151
f 2467/728/3152 2469/729/3152 2470/730/3152
f 2470/730/3153 2466/731/3153 2467/728/3153
f 2468/734/3154 2471/735/3154 2469/729/3154
f 2471/735/3155 2468/734/3155 2472/737/3155
f 2472/737/3156 2468/734/3156 2459/739/3156
f 2472/737/3157 2459/739/3157 2462/742/3157
f 2473/738/3158 2471/735/3158 2472/737/3158
f 2473/738/3159 2472/737/3159 2474/740/3159
f 2474/740/3160 2472/737/3160 2462/742/3160
f 2474/740/3161 2462/742/3161 2465/745/3161
f 2475/741/3162 2473/738/3162 2474/740/3162
f 2475/741/3163 2474/740/3163 2476/743/3163
f 2476/743/3164 2474/740/3164 2465/745/3164
f 2477/744/3165 2475/741/3165 2476/743/3165
f 2478/730/3166 2479/729/3166 2480/728/3166
f 2480/728/3167 2481/731/3167 2478/730/3167
f 2481/731/3168 2480/728/3168 2482/732/3168
f 2482/732/3169 2483/733/3169 2481/731/3169
f 2484/734/3170 2480/728/3170 2479/729/3170
f 2479/729/3171 2485/735/3171 2484/734/3171
f 2480/728/3172 2484/734/3172 2486/736/3172
f 2486/736/3173 2482/732/3173 2480/728/3173
f 2487/737/3174 2484/734/3174 2485/735/3174
f 2488/738/3175 2487/737/3175 2485/735/3175
f 2489/739/3176 2486/736/3176 2484/734/3176
f 2487/737/3177 2489/739/3177 2484/734/3177
f 2490/740/3178 2487/737/3178 2488/738/3178
f 2491/741/3179 2490/740/3179 2488/738/3179
f 2492/742/3180 2489/739/3180 2487/737/3180
f 2490/740/3181 2492/742/3181 2487/737/3181
f 2493/743/3182 2490/740/3182 2491/741/3182
f 2494/744/3183 2493/743/3183 2491/741/3183
f 2495/745/3184 2492/742/3184 2490/740/3184
f 2493/743/3185 2495/745/3185 2490/740/3185
f 2496/731/3186 2483/733/3186 2482/732/3186
f 2482/732/3187 2497/728/3187 2496/731/3187
f 2497/728/3188 2482/732/3188 2486/736/3188
f 2486/736/3189 2498/734/3189 2497/728/3189
f 2498/734/3190 2486/736/3190 2489/739/3190
f 2499/729/3191 2497/728/3191 2498/734/3191
f 2497/728/3192 2499/729/3192 2500/730/3192
f 2500/730/3193 2496/731/3193 2497/728/3193
f 2498/734/3194 2501/735/3194 2499/729/3194
f 2501/735/3195 2498/734/3195 2502/737/3195
f 2502/737/3196 2498/734/3196 2489/739/3196
f 2502/737/3180 2489/739/3180 2492/742/3180
f 2503/738/3197 2501/735/3197 2502/737/3197
f 2503/738/3178 2502/737/3178 2504/740/3178
f 2504/740/3178 2502/737/3178 2492/742/3178
f 2504/740/3198 2492/742/3198 2495/745/3198
f 2505/741/3199 2503/738/3199 2504/740/3199
f 2505/741/3200 2504/740/3200 2506/743/3200
f 2506/743/3201 2504/740/3201 2495/745/3201
f 2507/744/3202 2505/741/3202 2506/743/3202
f 2508/1382/3203 2509/1383/3203 2510/1384/3203
f 2511/1385/3204 2508/1382/3204 2510/1384/3204
f 2508/1382/3205 2511/1385/3205 2512/1386/3205
f 2511/1385/3206 2513/1387/3206 2512/1386/3206
f 2514/1388/3207 2510/1384/3207 2509/1383/3207
f 2514/1388/3208 2509/1383/3208 2515/1389/3208
f 2515/1389/3209 2509/1383/3209 2516/1390/3209
f 2515/1389/3210 2517/1391/3210 2514/1388/3210
f 2515/1389/3211 2516/1390/3211 2517/1391/3211
f 2517/1391/3212 2518/1392/3212 2514/1388/3212
f 2519/1393/3213 2518/1392/3213 2517/1391/3213
f 2517/1391/3214 2520/1394/3214 2519/1393/3214
f 2516/1390/3215 2520/1394/3215 2517/1391/3215
f 2521/1395/3216 2519/1393/3216 2520/1394/3216
f 2522/1396/3217 2521/1395/3217 2520/1394/3217
f 2522/1396/3218 2520/1394/3218 2523/1397/3218
f 2523/1397/3219 2520/1394/3219 2516/1390/3219
f 2523/1397/3220 2524/1398/3220 2522/1396/3220
f 2518/1392/3221 2519/1393/3221 2525/1399/3221
f 2522/1396/3222 2524/1398/3222 2526/1397/3222
f 2526/1397/3223 2527/1394/3223 2522/1396/3223
f 2522/1396/3224 2527/1394/3224 2521/1395/3224
f 2528/1390/3225 2527/1394/3225 2526/1397/3225
f 2527/1394/3226 2529/1393/3226 2521/1395/3226
f 2529/1393/3227 2527/1394/3227 2530/1391/3227
f 2530/1391/3228 2527/1394/3228 2528/1390/3228
f 2530/1391/3229 2531/1392/3229 2529/1393/3229
f 2532/1388/3230 2531/1392/3230 2530/1391/3230
f 2532/1388/3231 2530/1391/3231 2533/1389/3231
f 2533/1389/3232 2530/1391/3232 2528/1390/3232
f 2528/1390/3233 2534/1383/3233 2533/1389/3233
f 2533/1389/3234 2534/1383/3234 2532/1388/3234
f 2534/1383/3235 2535/1384/3235 2532/1388/3235
f 2535/1384/3236 2534/1383/3236 2536/1382/3236
f 2537/1385/3237 2535/1384/3237 2536/1382/3237
f 2538/1386/3238 2537/1385/3238 2536/1382/3238
f 2538/1386/3239 2539/1387/3239 2537/1385/3239
f 2540/1399/3240 2529/1393/3240 2531/1392/3240
f 2541/1400/3241 2542/1401/3241 2543/1402/3241
f 2544/1403/3242 2541/1400/3242 2543/1402/3242
f 2544/1403/3243 2543/1402/3243 2545/1404/3243
f 2546/1405/3244 2544/1403/3244 2545/1404/3244
f 2545/1404/3245 2547/1406/3245 2546/1405/3245
f 2545/1404/3246 2548/1407/3246 2547/1406/3246
f 2547/1406/3247 2548/1407/3247 2549/1408/3247
f 2548/1407/3248 2550/1409/3248 2549/1408/3248
f 2550/1409/3249 2548/1407/3249 2551/1410/3249
f 2552/1411/3250 2550/1409/3250 2551/1410/3250
f 2553/1412/3251 2552/1411/3251 2551/1410/3251
f 2551/1410/3252 2548/1407/3252 2554/1413/3252
f 2548/1407/3253 2545/1404/3253 2554/1413/3253
f 2554/1413/3254 2545/1404/3254 2543/1402/3254
f 2541/1400/3255 2555/1414/3255 2542/1401/3255
f 2555/1414/3256 2556/1415/3256 2542/1401/3256
f 2542/1401/3257 2556/1415/3257 2557/1416/3257
f 2557/1416/3258 2556/1415/3258 2558/1417/3258
f 2558/1417/3259 2559/1418/3259 2557/1416/3259
f 2559/1418/3260 2560/1419/3260 2557/1416/3260
f 2560/1419/3261 2542/1401/3261 2557/1416/3261
f 2542/1401/3262 2560/1419/3262 2561/1420/3262
f 2543/1402/3263 2542/1401/3263 2561/1420/3263
f 2543/1402/3264 2561/1420/3264 2554/1413/3264
f 2562/1421/3265 2563/1422/3265 2564/1423/3265
f 2562/1421/3266 2564/1423/3266 2565/1424/3266
f 2566/1425/3267 2562/1421/3267 2565/1424/3267
f 2567/1426/3268 2562/1421/3268 2566/1425/3268
f 2568/1427/3269 2567/1426/3269 2566/1425/3269
f 2567/1426/3270 2569/1428/3270 2562/1421/3270
f 2569/1428/3271 2563/1422/3271 2562/1421/3271
f 2563/1422/3272 2570/1429/3272 2564/1423/3272
f 2571/1422/3273 2572/1423/3273 2570/1429/3273
f 2573/1421/3274 2572/1423/3274 2571/1422/3274
f 2574/1428/3275 2573/1421/3275 2571/1422/3275
f 2575/1426/3276 2573/1421/3276 2574/1428/3276
f 2575/1426/3277 2576/1425/3277 2573/1421/3277
f 2577/1427/3278 2576/1425/3278 2575/1426/3278
f 2573/1421/3279 2578/1424/3279 2572/1423/3279
f 2576/1425/3280 2578/1424/3280 2573/1421/3280
f 2579/1402/3281 2580/1404/3281 2581/1413/3281
f 2581/1413/3282 2582/1420/3282 2579/1402/3282
f 2580/1404/3283 2579/1402/3283 2583/1430/3283
f 2584/1405/3284 2580/1404/3284 2583/1430/3284
f 2582/1420/3285 2585/1401/3285 2579/1402/3285
f 2582/1420/3286 2586/1419/3286 2585/1401/3286
f 2587/1416/3287 2585/1401/3287 2586/1419/3287
f 2587/1416/3288 2588/1415/3288 2585/1401/3288
f 2585/1401/3289 2588/1415/3289 2589/1414/3289
f 2585/1401/3290 2589/1414/3290 2590/1400/3290
f 2579/1402/3291 2590/1400/3291 2583/1430/3291
f 2579/1402/3292 2585/1401/3292 2590/1400/3292
f 2587/1416/3293 2586/1419/3293 2591/1418/3293
f 2592/1417/3294 2588/1415/3294 2587/1416/3294
f 2587/1416/3295 2591/1418/3295 2592/1417/3295
f 2581/1413/3296 2580/1404/3296 2593/1407/3296
f 2594/1410/3297 2581/1413/3297 2593/1407/3297
f 2594/1410/3298 2593/1407/3298 2595/1431/3298
f 2596/1411/3299 2594/1410/3299 2595/1431/3299
f 2594/1410/3300 2596/1411/3300 2597/1412/3300
f 2598/1408/3301 2595/1431/3301 2593/1407/3301
f 2598/1408/3302 2593/1407/3302 2599/1406/3302
f 2599/1406/3303 2593/1407/3303 2580/1404/3303
f 2584/1405/3304 2599/1406/3304 2580/1404/3304
f 2600/1432/3305 2601/1433/3305 2602/1434/3305
f 2600/1432/3306 2602/1434/3306 2603/1435/3306
f 2604/1436/3307 2601/1433/3307 2600/1432/3307
f 2605/1437/3308 2600/1432/3308 2603/1435/3308
f 2606/1438/3309 2604/1436/3309 2600/1432/3309
f 2606/1438/3310 2607/1439/3310 2604/1436/3310
f 2607/1439/3311 2606/1438/3311 2608/1440/3311
f 2609/1441/3312 2607/1439/3312 2608/1440/3312
f 2609/1441/3313 2610/1442/3313 2607/1439/3313
f 2611/1443/3314 2609/1441/3314 2608/1440/3314
f 2610/1442/3315 2612/1444/3315 2607/1439/3315
f 2607/1439/3316 2612/1444/3316 2613/1445/3316
f 2607/1439/3317 2613/1445/3317 2604/1436/3317
f 2612/1444/3318 2614/1446/3318 2613/1445/3318
f 2608/1440/3319 2615/1447/3319 2611/1443/3319
f 2606/1438/3320 2616/1448/3320 2608/1440/3320
f 2608/1440/3321 2616/1448/3321 2615/1447/3321
f 2616/1448/3322 2606/1438/3322 2600/1432/3322
f 2616/1448/3323 2600/1432/3323 2605/1437/3323
f 2616/1448/3324 2617/1449/3324 2615/1447/3324
f 2618/1450/3325 2617/1449/3325 2616/1448/3325
f 2616/1448/3326 2605/1437/3326 2618/1450/3326
f 2619/1451/3327 2610/1442/3327 2609/1441/3327
f 2611/1443/3328 2619/1451/3328 2609/1441/3328
f 2618/1450/3329 2605/1437/3329 2620/1452/3329
f 2605/1437/3330 2603/1435/3330 2620/1452/3330
f 2621/1453/3331 2622/1421/3331 2623/1454/3331
f 2624/1455/3332 2621/1453/3332 2623/1454/3332
f 2623/1454/3333 2622/1421/3333 2625/1456/3333
f 2621/1453/3334 2626/1424/3334 2622/1421/3334
f 2626/1424/3335 2627/1423/3335 2622/1421/3335
f 2622/1421/3336 2627/1423/3336 2628/1457/3336
f 2622/1421/3337 2628/1457/3337 2625/1456/3337
f 2627/1423/3338 2629/1458/3338 2628/1457/3338
f 2630/1423/3339 2631/1457/3339 2629/1458/3339
f 2632/1421/3340 2631/1457/3340 2630/1423/3340
f 2632/1421/3341 2633/1456/3341 2631/1457/3341
f 2634/1454/3342 2633/1456/3342 2632/1421/3342
f 2635/1453/3343 2634/1454/3343 2632/1421/3343
f 2636/1455/3344 2634/1454/3344 2635/1453/3344
f 2637/1424/3345 2632/1421/3345 2630/1423/3345
f 2635/1453/3346 2632/1421/3346 2637/1424/3346
f 2638/1459/3347 2639/1460/3347 2640/1461/3347
f 2639/1460/3348 2638/1459/3348 2641/1462/3348
f 2641/1462/3349 2642/1463/3349 2639/1460/3349
f 2642/1463/3350 2641/1462/3350 2643/1464/3350
f 2642/1463/3351 2643/1464/3351 2644/1465/3351
f 2645/1466/3352 2644/1465/3352 2643/1464/3352
f 2643/1464/3353 2646/1467/3353 2645/1466/3353
f 2647/1468/3354 2641/1462/3354 2638/1459/3354
f 2641/1462/3355 2647/1468/3355 2643/1464/3355
f 2638/1459/3356 2648/1469/3356 2647/1468/3356
f 2647/1468/3357 2648/1469/3357 2649/1470/3357
f 2648/1469/3358 2650/1471/3358 2649/1470/3358
f 2651/1472/3359 2650/1471/3359 2648/1469/3359
f 2651/1472/3360 2652/1473/3360 2650/1471/3360
f 2653/1474/3361 2651/1472/3361 2648/1469/3361
f 2648/1469/3362 2638/1459/3362 2653/1474/3362
f 2640/1461/3363 2653/1474/3363 2638/1459/3363
f 2654/1475/3364 2647/1468/3364 2649/1470/3364
f 2647/1468/3365 2654/1475/3365 2643/1464/3365
f 2646/1467/3366 2643/1464/3366 2654/1475/3366
f 2655/1476/3367 2646/1467/3367 2654/1475/3367
f 2655/1476/3368 2654/1475/3368 2656/1477/3368
f 2649/1470/3369 2656/1477/3369 2654/1475/3369
f 2655/1476/3370 2657/1478/3370 2646/1467/3370
f 2655/1476/3371 2658/1479/3371 2657/1478/3371
f 2658/1479/3372 2655/1476/3372 2659/1480/3372
f 2655/1476/3373 2656/1477/3373 2659/1480/3373
f 2660/1481/3374 2645/1466/3374 2646/1467/3374
f 2657/1478/3375 2660/1481/3375 2646/1467/3375
f 2661/1482/3376 2645/1466/3376 2660/1481/3376
f 2662/1483/3377 2661/1482/3377 2660/1481/3377
f 2663/1484/3378 2661/1482/3378 2662/1483/3378
f 2664/1485/3379 2661/1482/3379 2663/1484/3379
f 2665/1486/3380 2664/1485/3380 2663/1484/3380
f 2666/1487/3381 2665/1486/3381 2663/1484/3381
f 2664/1485/3382 2665/1486/3382 2667/1488/3382
f 2667/1488/3383 2668/1489/3383 2664/1485/3383
f 2669/1490/3384 2664/1485/3384 2668/1489/3384
f 2664/1485/3385 2669/1490/3385 2661/1482/3385
f 2645/1466/3386 2661/1482/3386 2669/1490/3386
f 2670/1491/3387 2669/1490/3387 2668/1489/3387
f 2671/1492/3388 2670/1491/3388 2668/1489/3388
f 2668/1489/3389 2672/1493/3389 2671/1492/3389
f 2668/1489/3390 2667/1488/3390 2672/1493/3390
f 2673/1494/3391 2671/1492/3391 2672/1493/3391
f 2672/1493/3392 2674/1495/3392 2673/1494/3392
f 2672/1493/3393 2675/1496/3393 2674/1495/3393
f 2667/1488/3394 2675/1496/3394 2672/1493/3394
f 2670/1491/3395 2671/1492/3395 2639/1460/3395
f 2644/1465/3396 2669/1490/3396 2670/1491/3396
f 2669/1490/3397 2644/1465/3397 2645/1466/3397
f 2670/1491/3398 2642/1463/3398 2644/1465/3398
f 2639/1460/3399 2642/1463/3399 2670/1491/3399
f 2675/1496/3400 2676/1497/3400 2674/1495/3400
f 2671/1492/3401 2673/1494/3401 2640/1461/3401
f 2640/1461/3402 2639/1460/3402 2671/1492/3402
f 2677/1498/3403 2666/1487/3403 2663/1484/3403
f 2663/1484/3404 2662/1483/3404 2677/1498/3404
f 2678/1499/3405 2677/1498/3405 2662/1483/3405
f 2662/1483/3406 2679/1500/3406 2678/1499/3406
f 2662/1483/3407 2660/1481/3407 2679/1500/3407
f 2678/1499/3408 2679/1500/3408 2680/1501/3408
f 2681/1502/3409 2678/1499/3409 2680/1501/3409
f 2677/1498/3410 2678/1499/3410 2681/1502/3410
f 2681/1502/3411 2682/1503/3411 2677/1498/3411
f 2677/1498/3412 2682/1503/3412 2666/1487/3412
f 2680/1501/3413 2679/1500/3413 2683/1504/3413
f 2680/1501/3414 2683/1504/3414 2684/1505/3414
f 2684/1505/3415 2683/1504/3415 2658/1479/3415
f 2683/1504/3416 2679/1500/3416 2657/1478/3416
f 2657/1478/3417 2658/1479/3417 2683/1504/3417
f 2679/1500/3418 2660/1481/3418 2657/1478/3418
f 2658/1479/3419 2685/1506/3419 2684/1505/3419
f 2658/1479/3420 2659/1480/3420 2685/1506/3420
f 2686/1432/3421 2687/1435/3421 2688/1434/3421
f 2689/1437/3422 2687/1435/3422 2686/1432/3422
f 2690/1448/3423 2689/1437/3423 2686/1432/3423
f 2690/1448/3424 2686/1432/3424 2691/1438/3424
f 2690/1448/3425 2692/1450/3425 2689/1437/3425
f 2689/1437/3426 2693/1452/3426 2687/1435/3426
f 2692/1450/3427 2693/1452/3427 2689/1437/3427
f 2692/1450/3428 2690/1448/3428 2694/1449/3428
f 2691/1438/3429 2695/1440/3429 2690/1448/3429
f 2696/1439/3430 2695/1440/3430 2691/1438/3430
f 2697/1441/3431 2695/1440/3431 2696/1439/3431
f 2698/1443/3432 2695/1440/3432 2697/1441/3432
f 2698/1443/3433 2697/1441/3433 2699/1451/3433
f 2695/1440/3434 2698/1443/3434 2700/1447/3434
f 2690/1448/3435 2700/1447/3435 2694/1449/3435
f 2695/1440/3436 2700/1447/3436 2690/1448/3436
f 2697/1441/3437 2696/1439/3437 2701/1442/3437
f 2699/1451/3438 2697/1441/3438 2701/1442/3438
f 2701/1442/3439 2696/1439/3439 2702/1444/3439
f 2601/1433/3440 2703/1507/3440 2602/1434/3440
f 2704/1508/3441 2705/1509/3441 2706/1510/3441
f 2704/1508/3442 2706/1510/3442 2707/1511/3442
f 2705/1509/3443 2704/1508/3443 2708/1512/3443
f 2705/1509/3444 2708/1512/3444 2709/1513/3444
f 2706/1510/3445 2710/1514/3445 2707/1511/3445
f 2710/1514/3446 2711/1515/3446 2707/1511/3446
f 2710/1514/3447 2712/1516/3447 2711/1515/3447
f 2712/1516/3448 2713/1517/3448 2711/1515/3448
f 2710/1514/3449 2714/1518/3449 2712/1516/3449
f 2710/1514/3450 2706/1510/3450 2714/1518/3450
f 2714/1518/3451 2706/1510/3451 2705/1509/3451
f 2714/1518/3452 2715/1519/3452 2712/1516/3452
f 2714/1518/3453 2716/1520/3453 2715/1519/3453
f 2714/1518/3454 2705/1509/3454 2716/1520/3454
f 2715/1519/3455 2716/1520/3455 2717/1521/3455
f 2716/1520/3456 2718/1522/3456 2717/1521/3456
f 2716/1520/3457 2719/1523/3457 2718/1522/3457
f 2705/1509/3458 2719/1523/3458 2716/1520/3458
f 2705/1509/3459 2709/1513/3459 2719/1523/3459
f 2719/1523/3460 2720/1524/3460 2718/1522/3460
f 2720/1524/3461 2719/1523/3461 2721/1525/3461
f 2719/1523/3462 2722/1526/3462 2721/1525/3462
f 2722/1526/3463 2719/1523/3463 2709/1513/3463
f 2709/1513/3464 2708/1512/3464 2723/1527/3464
f 2724/1528/3465 2709/1513/3465 2723/1527/3465
f 2724/1528/3466 2722/1526/3466 2709/1513/3466
f 2725/1529/3467 2720/1524/3467 2721/1525/3467
f 2721/1525/3468 2726/1530/3468 2725/1529/3468
f 2727/1531/3469 2725/1529/3469 2726/1530/3469
f 2727/1531/3470 2726/1530/3470 2728/1532/3470
f 2720/1524/3471 2725/1529/3471 2729/1533/3471
f 2729/1533/3472 2718/1522/3472 2720/1524/3472
f 2730/1534/3473 2729/1533/3473 2725/1529/3473
f 2730/1534/3474 2725/1529/3474 2727/1531/3474
f 2731/1535/3475 2729/1533/3475 2730/1534/3475
f 2731/1535/3476 2732/1536/3476 2729/1533/3476
f 2718/1522/3477 2729/1533/3477 2732/1536/3477
f 2717/1521/3478 2718/1522/3478 2732/1536/3478
f 2733/1537/3479 2734/1538/3479 2735/1539/3479
f 2735/1539/3480 2736/1540/3480 2733/1537/3480
f 2737/1541/3481 2736/1540/3481 2735/1539/3481
f 2737/1541/3482 2738/1542/3482 2736/1540/3482
f 2737/1541/3483 2739/1543/3483 2738/1542/3483
f 2737/1541/3484 2740/1544/3484 2739/1543/3484
f 2740/1544/3485 2741/1545/3485 2739/1543/3485
f 2741/1545/3486 2740/1544/3486 2742/1546/3486
f 2740/1544/3487 2743/1547/3487 2742/1546/3487
f 2742/1546/3488 2743/1547/3488 2744/1548/3488
f 2742/1546/3489 2744/1548/3489 2745/1549/3489
f 2741/1545/3490 2742/1546/3490 2745/1549/3490
f 2744/1548/3491 2746/1550/3491 2745/1549/3491
f 2743/1547/3492 2747/1551/3492 2744/1548/3492
f 2747/1551/3493 2748/1552/3493 2744/1548/3493
f 2744/1548/3494 2748/1552/3494 2746/1550/3494
f 2747/1551/3495 2749/1553/3495 2748/1552/3495
f 2750/1554/3496 2749/1553/3496 2747/1551/3496
f 2751/1555/3497 2750/1554/3497 2747/1551/3497
f 2740/1544/3498 2751/1555/3498 2743/1547/3498
f 2743/1547/3499 2751/1555/3499 2747/1551/3499
f 2752/1556/3500 2751/1555/3500 2740/1544/3500
f 2737/1541/3501 2752/1556/3501 2740/1544/3501
f 2750/1554/3502 2753/1557/3502 2749/1553/3502
f 2735/1539/3503 2752/1556/3503 2737/1541/3503
f 2754/1558/3504 2755/1559/3504 2756/1560/3504
f 2757/1561/3505 2754/1558/3505 2756/1560/3505
f 2757/1561/3506 2756/1560/3506 2758/1562/3506
f 2757/1561/3507 2758/1562/3507 2759/1563/3507
f 2760/1564/3508 2757/1561/3508 2759/1563/3508
f 2760/1564/3509 2761/1565/3509 2757/1561/3509
f 2754/1558/3510 2757/1561/3510 2761/1565/3510
f 2762/1566/3511 2758/1562/3511 2756/1560/3511
f 2756/1560/3512 2763/1567/3512 2762/1566/3512
f 2755/1559/3513 2763/1567/3513 2756/1560/3513
f 2764/1568/3514 2762/1566/3514 2763/1567/3514
f 2765/1569/3515 2764/1568/3515 2763/1567/3515
f 2766/1570/3516 2764/1568/3516 2765/1569/3516
f 2767/1571/3517 2766/1570/3517 2765/1569/3517
f 2767/1571/3518 2765/1569/3518 2768/1572/3518
f 2769/1573/3519 2767/1571/3519 2768/1572/3519
f 2770/1574/3520 2769/1573/3520 2768/1572/3520
f 2770/1574/3521 2768/1572/3521 2771/1575/3521
f 2770/1574/3522 2771/1575/3522 2772/1576/3522
f 2770/1574/3523 2772/1576/3523 2769/1573/3523
f 2772/1576/3524 2771/1575/3524 2773/1577/3524
f 2774/1578/3525 2772/1576/3525 2773/1577/3525
f 2772/1576/3526 2774/1578/3526 2769/1573/3526
f 2775/1579/3527 2774/1578/3527 2773/1577/3527
f 2775/1579/3528 2773/1577/3528 2776/1580/3528
f 2771/1575/3529 2777/1581/3529 2773/1577/3529
f 2773/1577/3530 2777/1581/3530 2776/1580/3530
f 2771/1575/3531 2778/1582/3531 2777/1581/3531
f 2771/1575/3532 2779/1583/3532 2778/1582/3532
f 2768/1572/3533 2779/1583/3533 2771/1575/3533
f 2768/1572/3534 2765/1569/3534 2779/1583/3534
f 2778/1582/3535 2779/1583/3535 2780/1584/3535
f 2778/1582/3536 2780/1584/3536 2777/1581/3536
f 2779/1583/3537 2755/1559/3537 2780/1584/3537
f 2777/1581/3538 2780/1584/3538 2781/1585/3538
f 2782/1586/3539 2781/1585/3539 2780/1584/3539
f 2783/1587/3540 2782/1586/3540 2780/1584/3540
f 2784/1588/3541 2783/1587/3541 2780/1584/3541
f 2784/1588/3542 2780/1584/3542 2755/1559/3542
f 2785/1589/3543 2783/1587/3543 2784/1588/3543
f 2777/1581/3544 2786/1590/3544 2776/1580/3544
f 2786/1590/3545 2777/1581/3545 2781/1585/3545
f 2755/1559/3546 2779/1583/3546 2763/1567/3546
f 2765/1569/3547 2763/1567/3547 2779/1583/3547
f 2784/1588/3548 2787/1591/3548 2785/1589/3548
f 2754/1558/3549 2784/1588/3549 2755/1559/3549
f 2784/1588/3550 2754/1558/3550 2788/1592/3550
f 2789/1593/3551 2784/1588/3551 2788/1592/3551
f 2789/1593/3552 2787/1591/3552 2784/1588/3552
f 2761/1565/3553 2788/1592/3553 2754/1558/3553
f 2783/1587/3554 2785/1589/3554 2790/1594/3554
f 2783/1587/3555 2790/1594/3555 2782/1586/3555
f 2733/1537/3556 2736/1540/3556 2791/1595/3556
f 2736/1540/3557 2738/1542/3557 2791/1595/3557
f 2792/1508/3558 2793/1511/3558 2794/1510/3558
f 2792/1508/3559 2794/1510/3559 2795/1509/3559
f 2796/1512/3560 2792/1508/3560 2795/1509/3560
f 2797/1513/3561 2796/1512/3561 2795/1509/3561
f 2794/1510/3562 2793/1511/3562 2798/1514/3562
f 2793/1511/3563 2799/1515/3563 2798/1514/3563
f 2799/1515/3564 2800/1516/3564 2798/1514/3564
f 2799/1515/3565 2801/1517/3565 2800/1516/3565
f 2798/1514/3566 2800/1516/3566 2802/1518/3566
f 2802/1518/3567 2794/1510/3567 2798/1514/3567
f 2795/1509/3568 2794/1510/3568 2802/1518/3568
f 2800/1516/3569 2803/1519/3569 2802/1518/3569
f 2803/1519/3570 2804/1520/3570 2802/1518/3570
f 2804/1520/3571 2795/1509/3571 2802/1518/3571
f 2803/1519/3572 2805/1521/3572 2804/1520/3572
f 2805/1521/3573 2806/1522/3573 2804/1520/3573
f 2806/1522/3574 2807/1523/3574 2804/1520/3574
f 2804/1520/3575 2807/1523/3575 2795/1509/3575
f 2807/1523/3576 2797/1513/3576 2795/1509/3576
f 2806/1522/3577 2808/1524/3577 2807/1523/3577
f 2808/1524/3578 2809/1525/3578 2807/1523/3578
f 2809/1525/3579 2810/1526/3579 2807/1523/3579
f 2797/1513/3580 2807/1523/3580 2810/1526/3580
f 2811/1527/3581 2796/1512/3581 2797/1513/3581
f 2811/1527/3582 2797/1513/3582 2812/1528/3582
f 2797/1513/3583 2810/1526/3583 2812/1528/3583
f 2809/1525/3584 2808/1524/3584 2813/1529/3584
f 2813/1529/3585 2814/1530/3585 2809/1525/3585
f 2814/1530/3586 2813/1529/3586 2815/1531/3586
f 2816/1532/3587 2814/1530/3587 2815/1531/3587
f 2817/1533/3588 2813/1529/3588 2808/1524/3588
f 2808/1524/3589 2806/1522/3589 2817/1533/3589
f 2813/1529/3590 2817/1533/3590 2818/1534/3590
f 2815/1531/3591 2813/1529/3591 2818/1534/3591
f 2819/1535/3592 2818/1534/3592 2817/1533/3592
f 2819/1535/3593 2817/1533/3593 2820/1536/3593
f 2820/1536/3594 2817/1533/3594 2806/1522/3594
f 2805/1521/3595 2820/1536/3595 2806/1522/3595
f 2821/1596/3596 2822/1597/3596 2823/1598/3596
f 2823/1598/3597 2824/1599/3597 2821/1596/3597
f 2821/1596/3598 2824/1599/3598 2825/1600/3598
f 2824/1599/3599 2826/1601/3599 2825/1600/3599
f 2826/1601/3600 2827/1602/3600 2825/1600/3600
f 2827/1602/3601 2828/1603/3601 2825/1600/3601
f 2827/1602/3602 2829/1604/3602 2828/1603/3602
f 2830/1605/3603 2828/1603/3603 2829/1604/3603
f 2830/1605/3604 2831/1606/3604 2828/1603/3604
f 2830/1605/3605 2832/1607/3605 2831/1606/3605
f 2833/1608/3606 2832/1607/3606 2830/1605/3606
f 2833/1608/3607 2830/1605/3607 2829/1604/3607
f 2833/1608/3608 2834/1609/3608 2832/1607/3608
f 2832/1607/3609 2835/1610/3609 2831/1606/3609
f 2832/1607/3610 2836/1611/3610 2835/1610/3610
f 2834/1609/3611 2836/1611/3611 2832/1607/3611
f 2836/1611/3612 2837/1612/3612 2835/1610/3612
f 2835/1610/3613 2837/1612/3613 2838/1613/3613
f 2835/1610/3614 2838/1613/3614 2839/1614/3614
f 2831/1606/3615 2839/1614/3615 2828/1603/3615
f 2831/1606/3616 2835/1610/3616 2839/1614/3616
f 2828/1603/3617 2839/1614/3617 2840/1615/3617
f 2828/1603/3618 2840/1615/3618 2825/1600/3618
f 2837/1612/3619 2841/1616/3619 2838/1613/3619
f 2825/1600/3620 2840/1615/3620 2821/1596/3620
f 2842/1560/3621 2843/1559/3621 2844/1558/3621
f 2842/1560/3622 2844/1558/3622 2845/1561/3622
f 2846/1562/3623 2842/1560/3623 2845/1561/3623
f 2847/1563/3624 2846/1562/3624 2845/1561/3624
f 2847/1563/3625 2845/1561/3625 2848/1564/3625
f 2845/1561/3626 2849/1565/3626 2848/1564/3626
f 2849/1565/3627 2845/1561/3627 2844/1558/3627
f 2842/1560/3628 2846/1562/3628 2850/1566/3628
f 2850/1566/3629 2851/1567/3629 2842/1560/3629
f 2842/1560/3630 2851/1567/3630 2843/1559/3630
f 2851/1567/3631 2850/1566/3631 2852/1568/3631
f 2853/1569/3632 2851/1567/3632 2852/1568/3632
f 2853/1569/3633 2852/1568/3633 2854/1570/3633
f 2855/1571/3634 2853/1569/3634 2854/1570/3634
f 2856/1572/3635 2853/1569/3635 2855/1571/3635
f 2856/1572/3636 2855/1571/3636 2857/1573/3636
f 2856/1572/3637 2857/1573/3637 2858/1574/3637
f 2859/1575/3638 2856/1572/3638 2858/1574/3638
f 2860/1576/3639 2859/1575/3639 2858/1574/3639
f 2857/1573/3640 2860/1576/3640 2858/1574/3640
f 2861/1577/3641 2859/1575/3641 2860/1576/3641
f 2861/1577/3642 2860/1576/3642 2862/1578/3642
f 2857/1573/3643 2862/1578/3643 2860/1576/3643
f 2861/1577/3644 2862/1578/3644 2863/1579/3644
f 2864/1580/3645 2861/1577/3645 2863/1579/3645
f 2861/1577/3646 2865/1581/3646 2859/1575/3646
f 2864/1580/3647 2865/1581/3647 2861/1577/3647
f 2865/1581/3648 2866/1582/3648 2859/1575/3648
f 2866/1582/3649 2867/1583/3649 2859/1575/3649
f 2859/1575/3650 2867/1583/3650 2856/1572/3650
f 2867/1583/3651 2853/1569/3651 2856/1572/3651
f 2866/1582/3652 2868/1584/3652 2867/1583/3652
f 2865/1581/3653 2868/1584/3653 2866/1582/3653
f 2868/1584/3654 2843/1559/3654 2867/1583/3654
f 2869/1585/3655 2868/1584/3655 2865/1581/3655
f 2868/1584/3656 2869/1585/3656 2870/1586/3656
f 2868/1584/3657 2870/1586/3657 2871/1587/3657
f 2868/1584/3658 2871/1587/3658 2872/1588/3658
f 2843/1559/3659 2868/1584/3659 2872/1588/3659
f 2872/1588/3660 2871/1587/3660 2873/1589/3660
f 2864/1580/3661 2874/1590/3661 2865/1581/3661
f 2874/1590/3662 2869/1585/3662 2865/1581/3662
f 2851/1567/3663 2867/1583/3663 2843/1559/3663
f 2867/1583/3664 2851/1567/3664 2853/1569/3664
f 2873/1589/3665 2875/1591/3665 2872/1588/3665
f 2844/1558/3666 2843/1559/3666 2872/1588/3666
f 2876/1592/3667 2844/1558/3667 2872/1588/3667
f 2876/1592/3668 2872/1588/3668 2877/1593/3668
f 2872/1588/3669 2875/1591/3669 2877/1593/3669
f 2844/1558/3670 2876/1592/3670 2849/1565/3670
f 2878/1594/3671 2873/1589/3671 2871/1587/3671
f 2870/1586/3672 2878/1594/3672 2871/1587/3672
f 2879/1617/3673 2824/1599/3673 2823/1598/3673
f 2879/1617/3674 2826/1601/3674 2824/1599/3674
f 2880/1618/3675 2881/1619/3675 2882/1620/3675
f 2882/1620/3676 2883/1621/3676 2880/1618/3676
f 2884/1622/3677 2881/1619/3677 2880/1618/3677
f 2884/1622/3678 2880/1618/3678 2885/1623/3678
f 2886/1624/3679 2884/1622/3679 2885/1623/3679
f 2886/1624/3680 2887/1625/3680 2884/1622/3680
f 2882/1620/3681 2888/1626/3681 2883/1621/3681
f 2882/1620/3682 2889/1627/3682 2888/1626/3682
f 2888/1626/3683 2889/1627/3683 2890/1628/3683
f 2889/1627/3684 2891/1629/3684 2890/1628/3684
f 2891/1629/3685 2892/1630/3685 2890/1628/3685
f 2891/1629/3686 2893/1631/3686 2892/1630/3686
f 2892/1630/3687 2893/1631/3687 2894/1632/3687
f 2895/1633/3688 2892/1630/3688 2894/1632/3688
f 2884/1622/3689 2887/1625/3689 2896/1634/3689
f 2896/1634/3690 2897/1635/3690 2884/1622/3690
f 2891/1629/3691 2889/1627/3691 2898/1636/3691
f 2899/1637/3692 2891/1629/3692 2898/1636/3692
f 2899/1637/3693 2893/1631/3693 2891/1629/3693
f 2893/1631/3694 2900/1638/3694 2894/1632/3694
f 2899/1637/3695 2900/1638/3695 2893/1631/3695
f 2900/1638/3696 2901/1639/3696 2894/1632/3696
f 2889/1627/3697 2902/1640/3697 2898/1636/3697
f 2903/1641/3698 2902/1640/3698 2889/1627/3698
f 2889/1627/3699 2882/1620/3699 2903/1641/3699
f 2904/1642/3700 2897/1635/3700 2896/1634/3700
f 2905/1643/3701 2904/1642/3701 2896/1634/3701
f 2906/1644/3702 2899/1637/3702 2898/1636/3702
f 2907/1645/3703 2906/1644/3703 2898/1636/3703
f 2902/1640/3704 2903/1641/3704 2908/1646/3704
f 2909/1647/3705 2908/1646/3705 2903/1641/3705
f 2903/1641/3706 2910/1648/3706 2909/1647/3706
f 2903/1641/3707 2882/1620/3707 2910/1648/3707
f 2909/1647/3708 2910/1648/3708 2911/1649/3708
f 2910/1648/3709 2882/1620/3709 2911/1649/3709
f 2912/1650/3710 2909/1647/3710 2911/1649/3710
f 2912/1650/3711 2911/1649/3711 2913/1651/3711
f 2914/1652/3712 2912/1650/3712 2913/1651/3712
f 2904/1642/3713 2914/1652/3713 2913/1651/3713
f 2881/1619/3714 2913/1651/3714 2911/1649/3714
f 2882/1620/3715 2881/1619/3715 2911/1649/3715
f 2913/1651/3716 2881/1619/3716 2884/1622/3716
f 2913/1651/3717 2884/1622/3717 2897/1635/3717
f 2913/1651/3718 2897/1635/3718 2904/1642/3718
f 2908/1646/3719 2915/1653/3719 2902/1640/3719
f 2898/1636/3720 2902/1640/3720 2915/1653/3720
f 2915/1653/3721 2907/1645/3721 2898/1636/3721
f 2906/1644/3722 2916/1654/3722 2899/1637/3722
f 2900/1638/3723 2899/1637/3723 2916/1654/3723
f 2916/1654/3724 2917/1655/3724 2900/1638/3724
f 2901/1639/3725 2900/1638/3725 2917/1655/3725
f 2917/1655/3726 2918/1656/3726 2901/1639/3726
f 2919/1657/3727 2920/1658/3727 2921/1659/3727
f 2919/1657/3728 2921/1659/3728 2922/1660/3728
f 2923/1661/3729 2921/1659/3729 2920/1658/3729
f 2920/1658/3730 2924/1662/3730 2923/1661/3730
f 2920/1658/3731 2925/1663/3731 2924/1662/3731
f 2925/1663/3732 2920/1658/3732 2919/1657/3732
f 2923/1661/3733 2926/1664/3733 2921/1659/3733
f 2921/1659/3734 2926/1664/3734 2922/1660/3734
f 2924/1662/3735 2927/1665/3735 2923/1661/3735
f 2927/1665/3736 2928/1666/3736 2923/1661/3736
f 2926/1664/3737 2923/1661/3737 2928/1666/3737
f 2928/1666/3738 2927/1665/3738 2929/1667/3738
f 2930/1668/3739 2928/1666/3739 2929/1667/3739
f 2930/1668/3740 2926/1664/3740 2928/1666/3740
f 2929/1667/3741 2931/1669/3741 2930/1668/3741
f 2924/1662/3742 2932/1571/3742 2927/1665/3742
f 2924/1662/3743 2933/1573/3743 2932/1571/3743
f 2924/1662/3744 2925/1663/3744 2933/1573/3744
f 2925/1663/3745 2934/1670/3745 2933/1573/3745
f 2919/1657/3746 2934/1670/3746 2925/1663/3746
f 2919/1657/3747 2935/1671/3747 2934/1670/3747
f 2935/1671/3748 2936/1672/3748 2934/1670/3748
f 2934/1670/3749 2937/1578/3749 2933/1573/3749
f 2937/1578/3750 2934/1670/3750 2936/1672/3750
f 2937/1578/3751 2936/1672/3751 2938/1579/3751
f 2939/1673/3752 2927/1665/3752 2932/1571/3752
f 2929/1667/3753 2927/1665/3753 2939/1673/3753
f 2939/1673/3754 2932/1571/3754 2940/1570/3754
f 2939/1673/3755 2941/1674/3755 2929/1667/3755
f 2931/1669/3756 2929/1667/3756 2941/1674/3756
f 2938/1579/3757 2936/1672/3757 2942/1675/3757
f 2943/1676/3758 2938/1579/3758 2942/1675/3758
f 2944/1677/3759 2942/1675/3759 2936/1672/3759
f 2935/1671/3760 2944/1677/3760 2936/1672/3760
f 2935/1671/3761 2945/1678/3761 2944/1677/3761
f 2946/1679/3762 2944/1677/3762 2945/1678/3762
f 2946/1679/3763 2947/1680/3763 2944/1677/3763
f 2942/1675/3764 2944/1677/3764 2947/1680/3764
f 2948/1681/3765 2946/1679/3765 2945/1678/3765
f 2949/1682/3766 2948/1681/3766 2945/1678/3766
f 2935/1671/3767 2949/1682/3767 2945/1678/3767
f 2947/1680/3768 2950/1683/3768 2942/1675/3768
f 2942/1675/3769 2950/1683/3769 2943/1676/3769
f 2949/1682/3770 2926/1664/3770 2948/1681/3770
f 2950/1683/3771 2951/1684/3771 2943/1676/3771
f 2952/1685/3772 2943/1676/3772 2951/1684/3772
f 2943/1676/3773 2952/1685/3773 2938/1579/3773
f 2951/1684/3774 2953/1686/3774 2952/1685/3774
f 2953/1686/3775 2951/1684/3775 2954/1687/3775
f 2955/1688/3776 2953/1686/3776 2954/1687/3776
f 2952/1685/3777 2953/1686/3777 2956/1535/3777
f 2955/1688/3778 2954/1687/3778 2957/1689/3778
f 2954/1687/3779 2951/1684/3779 2958/1690/3779
f 2951/1684/3780 2950/1683/3780 2958/1690/3780
f 2959/1691/3781 2954/1687/3781 2958/1690/3781
f 2954/1687/3782 2959/1691/3782 2957/1689/3782
f 2959/1691/3783 2958/1690/3783 2960/1692/3783
f 2961/1693/3784 2957/1689/3784 2959/1691/3784
f 2959/1691/3785 2960/1692/3785 2961/1693/3785
f 2961/1693/3786 2962/1694/3786 2957/1689/3786
f 2957/1689/3787 2962/1694/3787 2955/1688/3787
f 2955/1688/3788 2962/1694/3788 2963/1534/3788
f 2953/1686/3789 2955/1688/3789 2963/1534/3789
f 2956/1535/3790 2953/1686/3790 2963/1534/3790
f 2926/1664/3791 2949/1682/3791 2922/1660/3791
f 2961/1693/3792 2960/1692/3792 2964/1695/3792
f 2960/1692/3793 2965/1696/3793 2964/1695/3793
f 2964/1695/3794 2965/1696/3794 2966/1697/3794
f 2964/1695/3795 2966/1697/3795 2967/1698/3795
f 2968/1699/3796 2964/1695/3796 2967/1698/3796
f 2961/1693/3797 2964/1695/3797 2968/1699/3797
f 2961/1693/3798 2968/1699/3798 2962/1694/3798
f 2969/1532/3799 2962/1694/3799 2968/1699/3799
f 2967/1698/3800 2969/1532/3800 2968/1699/3800
f 2962/1694/3801 2970/1531/3801 2963/1534/3801
f 2962/1694/3802 2969/1532/3802 2970/1531/3802
f 2965/1696/3803 2971/1700/3803 2966/1697/3803
f 2922/1660/3804 2949/1682/3804 2919/1657/3804
f 2949/1682/3805 2935/1671/3805 2919/1657/3805
f 2972/1701/3806 2931/1669/3806 2941/1674/3806
f 2973/1702/3807 2974/1703/3807 2975/1704/3807
f 2976/1705/3808 2973/1702/3808 2975/1704/3808
f 2975/1704/3809 2974/1703/3809 2977/1706/3809
f 2975/1704/3810 2977/1706/3810 2978/1707/3810
f 2978/1707/3811 2977/1706/3811 2979/1708/3811
f 2978/1707/3812 2979/1708/3812 2980/1709/3812
f 2976/1705/3813 2981/1710/3813 2973/1702/3813
f 2976/1705/3814 2982/1711/3814 2981/1710/3814
f 2974/1703/3815 2973/1702/3815 2983/1712/3815
f 2984/1713/3816 2974/1703/3816 2983/1712/3816
f 2977/1706/3817 2985/1714/3817 2979/1708/3817
f 2974/1703/3818 2984/1713/3818 2985/1714/3818
f 2974/1703/3819 2985/1714/3819 2977/1706/3819
f 2985/1714/3820 2986/1715/3820 2979/1708/3820
f 2987/1716/3821 2986/1715/3821 2985/1714/3821
f 2988/1717/3822 2987/1716/3822 2985/1714/3822
f 2988/1717/3823 2985/1714/3823 2989/1718/3823
f 2989/1718/3824 2985/1714/3824 2984/1713/3824
f 2989/1718/3825 2990/1719/3825 2988/1717/3825
f 2989/1718/3826 2984/1713/3826 2991/1720/3826
f 2991/1720/3827 2984/1713/3827 2983/1712/3827
f 2986/1715/3828 2987/1716/3828 2992/1721/3828
f 2992/1721/3829 2993/1722/3829 2986/1715/3829
f 2994/1723/3830 2988/1717/3830 2990/1719/3830
f 2994/1723/3831 2990/1719/3831 2995/1724/3831
f 2994/1723/3832 2995/1724/3832 2996/1725/3832
f 2994/1723/3833 2996/1725/3833 2997/1726/3833
f 2998/1727/3834 2994/1723/3834 2997/1726/3834
f 2998/1727/3835 2987/1716/3835 2988/1717/3835
f 2998/1727/3836 2988/1717/3836 2994/1723/3836
f 2996/1725/3837 2995/1724/3837 2999/1728/3837
f 2996/1725/3838 2999/1728/3838 2997/1726/3838
f 2995/1724/3839 3000/1729/3839 2999/1728/3839
f 2995/1724/3840 2990/1719/3840 3000/1729/3840
f 2999/1728/3841 3001/1730/3841 2997/1726/3841
f 2998/1727/3842 2997/1726/3842 3001/1730/3842
f 3001/1730/3843 3002/1731/3843 2998/1727/3843
f 2987/1716/3844 2998/1727/3844 3002/1731/3844
f 2992/1721/3845 2987/1716/3845 3002/1731/3845
f 3002/1731/3846 3001/1730/3846 3003/1732/3846
f 3003/1732/3847 3004/1733/3847 3002/1731/3847
f 3005/1734/3848 3004/1733/3848 3003/1732/3848
f 3006/1735/3849 2999/1728/3849 3000/1729/3849
f 3005/1734/3850 3003/1732/3850 3007/1736/3850
f 3008/1737/3851 3005/1734/3851 3007/1736/3851
f 3006/1735/3852 3000/1729/3852 3009/1738/3852
f 3010/1739/3853 3006/1735/3853 3009/1738/3853
f 3006/1735/3854 3010/1739/3854 3011/1740/3854
f 3011/1740/3855 3012/1741/3855 3006/1735/3855
f 3013/1742/3856 3006/1735/3856 3012/1741/3856
f 3003/1732/3857 3001/1730/3857 3013/1742/3857
f 3003/1732/3858 3013/1742/3858 3007/1736/3858
f 3013/1742/3859 2999/1728/3859 3006/1735/3859
f 3013/1742/3860 3001/1730/3860 2999/1728/3860
f 3012/1741/3861 3011/1740/3861 3014/1743/3861
f 3008/1737/3862 3007/1736/3862 3014/1743/3862
f 3015/1744/3863 3012/1741/3863 3014/1743/3863
f 3015/1744/3864 3014/1743/3864 3007/1736/3864
f 3007/1736/3865 3013/1742/3865 3016/1745/3865
f 3013/1742/3866 3012/1741/3866 3016/1745/3866
f 3016/1745/3867 3012/1741/3867 3015/1744/3867
f 3015/1744/3868 3007/1736/3868 3016/1745/3868
f 3017/1746/3869 3018/1747/3869 3019/1748/3869
f 3017/1746/3870 3019/1748/3870 3020/1749/3870
f 3018/1747/3871 3021/1750/3871 3019/1748/3871
f 3021/1750/3872 3018/1747/3872 3022/1751/3872
f 3023/1752/3873 3021/1750/3873 3022/1751/3873
f 3023/1752/3874 3022/1751/3874 3024/1753/3874
f 3024/1753/3875 3025/1754/3875 3023/1752/3875
f 3026/1755/3876 3025/1754/3876 3024/1753/3876
f 3026/1755/3877 3027/1756/3877 3025/1754/3877
f 3027/1756/3878 3026/1755/3878 3028/1757/3878
f 3029/1758/3879 3027/1756/3879 3028/1757/3879
f 3030/1759/3880 3028/1757/3880 3026/1755/3880
f 3031/1760/3881 3028/1757/3881 3030/1759/3881
f 3031/1760/3882 3032/1761/3882 3028/1757/3882
f 3032/1761/3883 3031/1760/3883 3033/1762/3883
f 3034/1763/3884 3032/1761/3884 3033/1762/3884
f 3034/1763/3885 3033/1762/3885 3035/1764/3885
f 3036/1765/3886 3034/1763/3886 3035/1764/3886
f 3037/1766/3887 3036/1765/3887 3035/1764/3887
f 3037/1766/3888 3035/1764/3888 3038/1767/3888
f 3037/1766/3889 3038/1767/3889 3039/1768/3889
f 3038/1767/3890 3040/1769/3890 3039/1768/3890
f 3028/1757/3891 3041/1770/3891 3029/1758/3891
f 3041/1770/3892 3028/1757/3892 3042/1771/3892
f 3042/1771/3893 3028/1757/3893 3032/1761/3893
f 3041/1770/3894 3043/1772/3894 3029/1758/3894
f 3044/1773/3895 3043/1772/3895 3041/1770/3895
f 3043/1772/3896 3044/1773/3896 3045/1774/3896
f 3045/1774/3897 3046/1775/3897 3043/1772/3897
f 3047/1776/3898 3045/1774/3898 3044/1773/3898
f 3048/1777/3899 3047/1776/3899 3044/1773/3899
f 3049/1778/3900 3048/1777/3900 3044/1773/3900
f 3050/1779/3901 3049/1778/3901 3044/1773/3901
f 3044/1773/3902 3041/1770/3902 3050/1779/3902
f 3050/1779/3903 3041/1770/3903 3042/1771/3903
f 3050/1779/3904 3042/1771/3904 3051/1780/3904
f 3049/1778/3905 3050/1779/3905 3051/1780/3905
f 3045/1774/3906 3047/1776/3906 3052/1781/3906
f 3053/1782/3907 3045/1774/3907 3052/1781/3907
f 3046/1775/3908 3045/1774/3908 3053/1782/3908
f 3054/1783/3909 3051/1780/3909 3042/1771/3909
f 3042/1771/3910 3055/1784/3910 3054/1783/3910
f 3055/1784/3911 3042/1771/3911 3032/1761/3911
f 3056/1785/3912 3055/1784/3912 3032/1761/3912
f 3056/1785/3913 3032/1761/3913 3057/1786/3913
f 3057/1786/3914 3032/1761/3914 3034/1763/3914
f 3056/1785/3915 3057/1786/3915 3058/1787/3915
f 3058/1787/3916 3059/1788/3916 3056/1785/3916
f 3059/1788/3917 3058/1787/3917 3060/1789/3917
f 3061/1790/3918 3059/1788/3918 3060/1789/3918
f 3061/1790/3919 3060/1789/3919 3062/1791/3919
f 3062/1791/3920 3063/1792/3920 3061/1790/3920
f 3064/1793/3921 3055/1784/3921 3056/1785/3921
f 3065/1794/3922 3054/1783/3922 3055/1784/3922
f 3065/1794/3923 3055/1784/3923 3064/1793/3923
f 3066/1795/3924 3065/1794/3924 3064/1793/3924
f 3066/1795/3925 3064/1793/3925 3067/1796/3925
f 3066/1795/3926 3067/1796/3926 3068/1797/3926
f 3069/1798/3927 3066/1795/3927 3068/1797/3927
f 3069/1798/3928 3068/1797/3928 3070/1799/3928
f 3070/1799/3929 3071/1800/3929 3069/1798/3929
f 3072/1801/3930 3063/1792/3930 3062/1791/3930
f 3073/1802/3931 3072/1801/3931 3062/1791/3931
f 3073/1802/3932 3074/1803/3932 3072/1801/3932
f 3074/1803/3933 3075/1804/3933 3072/1801/3933
f 3075/1804/3934 3074/1803/3934 3076/1805/3934
f 3077/1806/3935 3075/1804/3935 3076/1805/3935
f 3078/1807/3936 3077/1806/3936 3076/1805/3936
f 3076/1805/3937 3079/1808/3937 3078/1807/3937
f 3080/1809/3938 3078/1807/3938 3079/1808/3938
f 3071/1800/3939 3070/1799/3939 3081/1810/3939
f 3081/1810/3940 3082/1811/3940 3071/1800/3940
f 3081/1810/3941 3083/1812/3941 3082/1811/3941
f 3083/1812/3942 3084/1813/3942 3082/1811/3942
f 3084/1813/3943 3083/1812/3943 3085/1814/3943
f 3086/1815/3944 3084/1813/3944 3085/1814/3944
f 3087/1816/3945 3086/1815/3945 3085/1814/3945
f 3085/1814/3946 3088/1817/3946 3087/1816/3946
f 3089/1818/3947 3087/1816/3947 3088/1817/3947
f 3090/1819/3948 3091/1820/3948 3092/1821/3948
f 3090/1819/3949 3093/1822/3949 3091/1820/3949
f 3090/1819/3950 3094/1823/3950 3093/1822/3950
f 2991/1720/3951 3094/1823/3951 3090/1819/3951
f 2991/1720/3952 3095/1824/3952 3094/1823/3952
f 3093/1822/3953 3094/1823/3953 3095/1824/3953
f 3095/1824/3954 2991/1720/3954 3096/1825/3954
f 3096/1825/3955 3097/1826/3955 3095/1824/3955
f 3095/1824/3956 3097/1826/3956 3098/1827/3956
f 3098/1827/3957 3099/1828/3957 3095/1824/3957
f 3093/1822/3958 3095/1824/3958 3099/1828/3958
f 2989/1718/3959 2991/1720/3959 3090/1819/3959
f 3096/1825/3960 3100/1829/3960 3097/1826/3960
f 3098/1827/3961 3097/1826/3961 3100/1829/3961
f 3096/1825/3962 3101/1830/3962 3100/1829/3962
f 3102/1831/3963 3101/1830/3963 3096/1825/3963
f 3103/1832/3964 3102/1831/3964 3096/1825/3964
f 3101/1830/3965 3102/1831/3965 3104/1833/3965
f 3104/1833/3966 3105/1834/3966 3101/1830/3966
f 3106/1835/3967 3103/1832/3967 3096/1825/3967
f 3096/1825/3968 2983/1712/3968 3106/1835/3968
f 2983/1712/3969 3096/1825/3969 2991/1720/3969
f 3100/1829/3970 3107/1836/3970 3098/1827/3970
f 3107/1836/3971 3100/1829/3971 3101/1830/3971
f 3107/1836/3972 3101/1830/3972 3105/1834/3972
f 3103/1832/3973 3106/1835/3973 3108/1837/3973
f 3106/1835/3974 3109/1838/3974 3108/1837/3974
f 3109/1838/3975 3106/1835/3975 2981/1710/3975
f 3102/1831/3976 3103/1832/3976 3110/1839/3976
f 3110/1839/3977 3103/1832/3977 3108/1837/3977
f 3111/1840/3978 3102/1831/3978 3110/1839/3978
f 3104/1833/3979 3102/1831/3979 3111/1840/3979
f 3112/1841/3980 3104/1833/3980 3111/1840/3980
f 3112/1841/3981 3111/1840/3981 3113/1842/3981
f 3113/1842/3982 3114/1843/3982 3112/1841/3982
f 3111/1840/3983 3110/1839/3983 3115/1844/3983
f 3113/1842/3984 3111/1840/3984 3115/1844/3984
f 3116/1845/3985 3115/1844/3985 3110/1839/3985
f 3110/1839/3986 3108/1837/3986 3116/1845/3986
f 3108/1837/3987 3109/1838/3987 3116/1845/3987
f 3106/1835/3988 2973/1702/3988 2981/1710/3988
f 3106/1835/3989 2983/1712/3989 2973/1702/3989
f 2981/1710/3990 3117/1846/3990 3109/1838/3990
f 3117/1846/3991 2981/1710/3991 2982/1711/3991
f 3118/1847/3992 3117/1846/3992 2982/1711/3992
f 3119/1848/3993 3120/1849/3993 3121/1850/3993
f 3121/1850/3994 3122/1851/3994 3119/1848/3994
f 3120/1849/3995 3119/1848/3995 3123/1852/3995
f 3119/1848/3996 3124/1853/3996 3123/1852/3996
f 3125/1854/3997 3123/1852/3997 3124/1853/3997
f 3122/1851/3998 3126/1855/3998 3119/1848/3998
f 3122/1851/3999 3127/1856/3999 3126/1855/3999
f 3128/1857/4000 3126/1855/4000 3127/1856/4000
f 3129/1858/4001 3128/1857/4001 3127/1856/4001
f 3126/1855/4002 3128/1857/4002 3130/1859/4002
f 3130/1859/4003 3124/1853/4003 3119/1848/4003
f 3126/1855/4004 3130/1859/4004 3119/1848/4004
f 3128/1857/4005 3131/1860/4005 3130/1859/4005
f 3132/1861/4006 3131/1860/4006 3128/1857/4006
f 3132/1861/4007 3133/1862/4007 3131/1860/4007
f 3134/1863/4008 3132/1861/4008 3128/1857/4008
f 3135/1864/4009 3134/1863/4009 3128/1857/4009
f 3129/1858/4010 3135/1864/4010 3128/1857/4010
f 3127/1856/4011 3122/1851/4011 3136/1865/4011
f 3122/1851/4012 3121/1850/4012 3136/1865/4012
f 3121/1850/4013 3137/1866/4013 3136/1865/4013
f 3138/1867/4014 3127/1856/4014 3136/1865/4014
f 3139/1868/4015 3129/1858/4015 3127/1856/4015
f 3138/1867/4016 3139/1868/4016 3127/1856/4016
f 3135/1864/4017 3129/1858/4017 3139/1868/4017
f 3131/1860/4018 3133/1862/4018 3140/1869/4018
f 3141/1870/4019 3130/1859/4019 3131/1860/4019
f 3141/1870/4020 3131/1860/4020 3140/1869/4020
f 3130/1859/4021 3141/1870/4021 3142/1871/4021
f 3124/1853/4022 3130/1859/4022 3142/1871/4022
f 3125/1854/4023 3124/1853/4023 3142/1871/4023
f 3139/1868/4024 3143/1872/4024 3135/1864/4024
f 3144/1873/4025 3145/1874/4025 3146/1875/4025
f 3147/1876/4026 3146/1875/4026 3145/1874/4026
f 3148/1877/4027 3146/1875/4027 3147/1876/4027
f 3149/1878/4028 3148/1877/4028 3147/1876/4028
f 3150/1879/4029 3149/1878/4029 3147/1876/4029
f 3147/1876/4030 3151/1880/4030 3150/1879/4030
f 3149/1878/4031 3152/1881/4031 3148/1877/4031
f 3152/1881/4032 3153/1882/4032 3148/1877/4032
f 3154/1883/4033 3151/1880/4033 3147/1876/4033
f 3151/1880/4034 3154/1883/4034 3155/1884/4034
f 3150/1879/4035 3151/1880/4035 3155/1884/4035
f 3147/1876/4036 3156/1885/4036 3154/1883/4036
f 3156/1885/4037 3147/1876/4037 3145/1874/4037
f 3154/1883/4038 3157/1886/4038 3155/1884/4038
f 3157/1886/4039 3158/1887/4039 3155/1884/4039
f 3158/1887/4040 3159/1888/4040 3155/1884/4040
f 3160/1889/4041 3150/1879/4041 3155/1884/4041
f 3160/1889/4042 3161/1890/4042 3150/1879/4042
f 3161/1890/4043 3162/1891/4043 3150/1879/4043
f 3149/1878/4044 3150/1879/4044 3162/1891/4044
f 3162/1891/4045 3152/1881/4045 3149/1878/4045
f 3163/1892/4046 3162/1891/4046 3161/1890/4046
f 3164/1893/4047 3162/1891/4047 3163/1892/4047
f 3152/1881/4048 3162/1891/4048 3164/1893/4048
f 3165/1894/4049 3164/1893/4049 3163/1892/4049
f 3166/1895/4050 3153/1882/4050 3152/1881/4050
f 3152/1881/4051 3164/1893/4051 3167/1896/4051
f 3167/1896/4052 3166/1895/4052 3152/1881/4052
f 3166/1895/4053 3168/1897/4053 3153/1882/4053
f 3153/1882/4054 3168/1897/4054 3169/1898/4054
f 3169/1898/4055 3170/1899/4055 3148/1877/4055
f 3146/1875/4056 3148/1877/4056 3170/1899/4056
f 3171/1900/4057 3146/1875/4057 3170/1899/4057
f 3144/1873/4058 3146/1875/4058 3171/1900/4058
f 3148/1877/4059 3153/1882/4059 3169/1898/4059
f 2990/1719/4060 3172/1901/4060 3000/1729/4060
f 3173/1902/4061 3172/1901/4061 2990/1719/4061
f 2990/1719/4062 3174/1903/4062 3173/1902/4062
f 3175/1904/4063 3173/1902/4063 3174/1903/4063
f 3174/1903/4064 2990/1719/4064 2989/1718/4064
f 3176/1905/4065 3174/1903/4065 2989/1718/4065
f 3174/1903/4066 3176/1905/4066 3175/1904/4066
f 3176/1905/4067 2989/1718/4067 3090/1819/4067
f 3176/1905/4068 3177/1906/4068 3175/1904/4068
f 3177/1906/4069 3176/1905/4069 3090/1819/4069
f 3177/1906/4070 3178/1907/4070 3175/1904/4070
f 3092/1821/4071 3177/1906/4071 3090/1819/4071
f 3179/1908/4072 3180/1909/4072 3181/1910/4072
f 3181/1910/4073 3180/1909/4073 3182/1911/4073
f 3183/1912/4074 3046/1775/4074 3053/1782/4074
f 3184/1893/4075 3185/1894/4075 3186/1890/4075
f 3187/1891/4076 3184/1893/4076 3186/1890/4076
f 3187/1891/4077 3186/1890/4077 3188/1889/4077
f 3184/1893/4078 3187/1891/4078 3189/1896/4078
f 3187/1891/4079 3190/1881/4079 3189/1896/4079
f 3189/1896/4080 3190/1881/4080 3191/1895/4080
f 3187/1891/4081 3192/1879/4081 3190/1881/4081
f 3188/1889/4082 3192/1879/4082 3187/1891/4082
f 3192/1879/4083 3193/1878/4083 3190/1881/4083
f 3192/1879/4084 3194/1880/4084 3193/1878/4084
f 3195/1884/4085 3194/1880/4085 3192/1879/4085
f 3188/1889/4086 3195/1884/4086 3192/1879/4086
f 3196/1883/4087 3194/1880/4087 3195/1884/4087
f 3195/1884/4088 3197/1886/4088 3196/1883/4088
f 3197/1886/4089 3195/1884/4089 3198/1888/4089
f 3194/1880/4090 3199/1876/4090 3193/1878/4090
f 3199/1876/4091 3194/1880/4091 3196/1883/4091
f 3199/1876/4092 3196/1883/4092 3200/1885/4092
f 3193/1878/4093 3201/1877/4093 3190/1881/4093
f 3201/1877/4094 3193/1878/4094 3199/1876/4094
f 3199/1876/4095 3202/1875/4095 3201/1877/4095
f 3203/1899/4096 3201/1877/4096 3202/1875/4096
f 3203/1899/4097 3202/1875/4097 3204/1900/4097
f 3202/1875/4098 3205/1873/4098 3204/1900/4098
f 3206/1874/4099 3202/1875/4099 3199/1876/4099
f 3200/1885/4100 3206/1874/4100 3199/1876/4100
f 3206/1874/4101 3205/1873/4101 3202/1875/4101
f 3207/1882/4102 3201/1877/4102 3203/1899/4102
f 3208/1898/4103 3207/1882/4103 3203/1899/4103
f 3201/1877/4104 3207/1882/4104 3190/1881/4104
f 3209/1897/4105 3207/1882/4105 3208/1898/4105
f 3209/1897/4106 3191/1895/4106 3207/1882/4106
f 3190/1881/4107 3207/1882/4107 3191/1895/4107
f 3210/1887/4108 3197/1886/4108 3198/1888/4108
f 3211/1913/4109 3212/1914/4109 3213/1915/4109
f 3213/1915/4110 3214/1916/4110 3211/1913/4110
f 3212/1914/4111 3215/1917/4111 3213/1915/4111
f 3215/1917/4112 3216/1918/4112 3213/1915/4112
f 3217/1919/4113 3211/1913/4113 3214/1916/4113
f 3218/1920/4114 3216/1918/4114 3215/1917/4114
f 3218/1920/4115 3215/1917/4115 3219/1921/4115
f 3218/1920/4116 3219/1921/4116 3039/1768/4116
f 3039/1768/4117 3040/1769/4117 3218/1920/4117
f 3220/1922/4118 3221/1923/4118 3222/1924/4118
f 3221/1923/4119 3223/1925/4119 3222/1924/4119
f 3222/1924/4120 3223/1925/4120 3224/1926/4120
f 3222/1924/4121 3224/1926/4121 3225/1927/4121
f 3226/1928/4122 3221/1923/4122 3220/1922/4122
f 3227/1929/4123 3221/1923/4123 3226/1928/4123
f 3227/1929/4124 3228/1930/4124 3221/1923/4124
f 3228/1930/4125 3227/1929/4125 3229/1931/4125
f 3230/1932/4126 3229/1931/4126 3227/1929/4126
f 3227/1929/4127 3231/1933/4127 3230/1932/4127
f 3230/1932/4128 3231/1933/4128 3232/1934/4128
f 3230/1932/4129 3232/1934/4129 3233/1935/4129
f 3232/1934/4130 3234/1936/4130 3233/1935/4130
f 3234/1936/4131 3235/1937/4131 3233/1935/4131
f 3229/1931/4132 3236/1938/4132 3228/1930/4132
f 3234/1936/4133 3232/1934/4133 3237/1939/4133
f 3232/1934/4134 3238/1940/4134 3237/1939/4134
f 3237/1939/4135 3238/1940/4135 3239/1941/4135
f 3240/1942/4136 3239/1941/4136 3238/1940/4136
f 3240/1942/4137 3241/1943/4137 3239/1941/4137
f 3240/1942/4138 3220/1922/4138 3241/1943/4138
f 3241/1943/4139 3242/1944/4139 3239/1941/4139
f 3237/1939/4140 3239/1941/4140 3242/1944/4140
f 3243/1945/4141 3242/1944/4141 3241/1943/4141
f 3238/1940/4142 3244/1946/4142 3240/1942/4142
f 3220/1922/4143 3240/1942/4143 3244/1946/4143
f 3244/1946/4144 3238/1940/4144 3232/1934/4144
f 3231/1933/4145 3244/1946/4145 3232/1934/4145
f 3226/1928/4146 3220/1922/4146 3244/1946/4146
f 3227/1929/4147 3226/1928/4147 3244/1946/4147
f 3227/1929/4148 3244/1946/4148 3231/1933/4148
f 3242/1944/4149 3245/1947/4149 3237/1939/4149
f 3242/1944/4150 3246/1948/4150 3245/1947/4150
f 3225/1927/4151 3246/1948/4151 3242/1944/4151
f 3225/1927/4152 3242/1944/4152 3243/1945/4152
f 3243/1945/4153 3222/1924/4153 3225/1927/4153
f 3220/1922/4154 3222/1924/4154 3241/1943/4154
f 3243/1945/4155 3241/1943/4155 3222/1924/4155
f 3247/1949/4156 3248/1950/4156 3249/1951/4156
f 3248/1950/4157 3250/1952/4157 3249/1951/4157
f 3251/1953/4158 3250/1952/4158 3248/1950/4158
f 3248/1950/4159 3252/1954/4159 3251/1953/4159
f 3253/1908/4160 3254/1909/4160 3255/1910/4160
f 3255/1910/4161 3254/1909/4161 3256/1911/4161
f 3257/1955/4162 3258/1956/4162 3259/1957/4162
f 3259/1957/4163 3260/1958/4163 3257/1955/4163
f 3261/1959/4164 3258/1956/4164 3257/1955/4164
f 3262/1960/4165 3261/1959/4165 3257/1955/4165
f 3259/1957/4166 3263/1961/4166 3260/1958/4166
f 3259/1957/4167 3264/1962/4167 3263/1961/4167
f 3265/1963/4168 3263/1961/4168 3264/1962/4168
f 3265/1963/4169 3260/1958/4169 3263/1961/4169
f 3266/1964/4170 3265/1963/4170 3264/1962/4170
f 3259/1957/4171 3267/1965/4171 3264/1962/4171
f 3266/1964/4172 3264/1962/4172 3268/1966/4172
f 3264/1962/4173 3267/1965/4173 3268/1966/4173
f 3268/1966/4174 3269/1967/4174 3266/1964/4174
f 3270/1968/4175 3266/1964/4175 3269/1967/4175
f 3270/1968/4176 3271/1969/4176 3266/1964/4176
f 3271/1969/4177 3265/1963/4177 3266/1964/4177
f 3267/1965/4178 3272/1970/4178 3268/1966/4178
f 3273/1971/4179 3271/1969/4179 3270/1968/4179
f 3271/1969/4180 3273/1971/4180 3274/1972/4180
f 3271/1969/4181 3274/1972/4181 3275/1973/4181
f 3271/1969/4182 3275/1973/4182 3265/1963/4182
f 3270/1968/4183 3276/1974/4183 3273/1971/4183
f 3275/1973/4184 3274/1972/4184 3277/1975/4184
f 3265/1963/4185 3275/1973/4185 3277/1975/4185
f 3277/1975/4186 3278/1976/4186 3265/1963/4186
f 3265/1963/4187 3278/1976/4187 3260/1958/4187
f 3278/1976/4188 3279/1977/4188 3260/1958/4188
f 3278/1976/4189 3277/1975/4189 3279/1977/4189
f 3277/1975/4190 3280/1978/4190 3279/1977/4190
f 3277/1975/4191 3274/1972/4191 3280/1978/4191
f 3279/1977/4192 3257/1955/4192 3260/1958/4192
f 3262/1960/4193 3257/1955/4193 3279/1977/4193
f 3262/1960/4194 3279/1977/4194 3280/1978/4194
f 3280/1978/4195 3281/1979/4195 3262/1960/4195
f 3280/1978/4196 3282/1980/4196 3281/1979/4196
f 3274/1972/4197 3282/1980/4197 3280/1978/4197
f 3283/1950/4198 3284/1954/4198 3285/1953/4198
f 3285/1953/4199 3286/1952/4199 3283/1950/4199
f 3283/1950/4200 3286/1952/4200 3287/1951/4200
f 3288/1949/4201 3283/1950/4201 3287/1951/4201
f 3289/1981/4202 3290/1982/4202 3291/1983/4202
f 3289/1981/4203 3292/1984/4203 3290/1982/4203
f 3289/1981/4204 3293/1985/4204 3292/1984/4204
f 3289/1981/4205 3291/1983/4205 3294/1986/4205
f 3295/1987/4206 3294/1986/4206 3291/1983/4206
f 3291/1983/4207 3296/1988/4207 3295/1987/4207
f 3295/1987/4208 3296/1988/4208 3297/1989/4208
f 3298/1990/4209 3295/1987/4209 3297/1989/4209
f 3294/1986/4210 3295/1987/4210 3299/1991/4210
f 3289/1981/4211 3294/1986/4211 3299/1991/4211
f 3295/1987/4212 3300/1992/4212 3299/1991/4212
f 3295/1987/4213 3298/1990/4213 3300/1992/4213
f 3299/1991/4214 3301/1993/4214 3289/1981/4214
f 3293/1985/4215 3289/1981/4215 3301/1993/4215
f 3298/1990/4216 3302/1994/4216 3300/1992/4216
f 3301/1993/4217 3303/1995/4217 3293/1985/4217
f 3297/1989/4218 3296/1988/4218 3304/1996/4218
f 3291/1983/4219 3304/1996/4219 3296/1988/4219
f 3297/1989/4220 3304/1996/4220 3305/1997/4220
f 3305/1997/4221 3306/1998/4221 3297/1989/4221
f 3307/1999/4222 3306/1998/4222 3305/1997/4222
f 3308/2000/4223 3307/1999/4223 3305/1997/4223
f 3309/2001/4224 3305/1997/4224 3304/1996/4224
f 3308/2000/4225 3305/1997/4225 3309/2001/4225
f 3308/2000/4226 3309/2001/4226 3310/2002/4226
f 3310/2002/4227 3311/2003/4227 3308/2000/4227
f 3312/2004/4228 3310/2002/4228 3309/2001/4228
f 3310/2002/4229 3313/2005/4229 3311/2003/4229
f 3292/1984/4230 3313/2005/4230 3310/2002/4230
f 3312/2004/4231 3292/1984/4231 3310/2002/4231
f 3290/1982/4232 3292/1984/4232 3312/2004/4232
f 3314/2006/4233 3312/2004/4233 3309/2001/4233
f 3314/2006/4234 3309/2001/4234 3304/1996/4234
f 3291/1983/4235 3314/2006/4235 3304/1996/4235
f 3312/2004/4236 3314/2006/4236 3291/1983/4236
f 3290/1982/4237 3312/2004/4237 3291/1983/4237
f 3315/1950/4238 3316/1954/4238 3317/1953/4238
f 3317/1953/4239 3318/1952/4239 3315/1950/4239
f 3315/1950/4240 3318/1952/4240 3319/1951/4240
f 3320/1949/4241 3315/1950/4241 3319/1951/4241
f 3321/1910/4242 3322/1909/4242 3323/1911/4242
f 3324/1908/4243 3322/1909/4243 3321/1910/4243
f 3325/1620/4244 3326/1619/4244 3327/1618/4244
f 3327/1618/4245 3328/1621/4245 3325/1620/4245
f 3327/1618/4246 3326/1619/4246 3329/1622/4246
f 3330/1623/4247 3327/1618/4247 3329/1622/4247
f 3330/1623/4248 3329/1622/4248 3331/1624/4248
f 3329/1622/4249 3332/1625/4249 3331/1624/4249
f 3328/1621/4250 3333/1626/4250 3325/1620/4250
f 3333/1626/4251 3334/1627/4251 3325/1620/4251
f 3333/1626/4252 3335/1628/4252 3334/1627/4252
f 3335/1628/4253 3336/1629/4253 3334/1627/4253
f 3335/1628/4254 3337/1630/4254 3336/1629/4254
f 3337/1630/4255 3338/1631/4255 3336/1629/4255
f 3339/1632/4256 3338/1631/4256 3337/1630/4256
f 3339/1632/4257 3337/1630/4257 3340/1633/4257
f 3341/1634/4258 3332/1625/4258 3329/1622/4258
f 3329/1622/4259 3342/1635/4259 3341/1634/4259
f 3343/1636/4260 3334/1627/4260 3336/1629/4260
f 3344/1637/4261 3343/1636/4261 3336/1629/4261
f 3336/1629/4262 3338/1631/4262 3344/1637/4262
f 3339/1632/4263 3345/1638/4263 3338/1631/4263
f 3338/1631/4264 3345/1638/4264 3344/1637/4264
f 3339/1632/4265 3346/1639/4265 3345/1638/4265
f 3343/1636/4266 3347/1640/4266 3334/1627/4266
f 3334/1627/4267 3347/1640/4267 3348/1641/4267
f 3348/1641/4268 3325/1620/4268 3334/1627/4268
f 3341/1634/4269 3342/1635/4269 3349/1642/4269
f 3341/1634/4270 3349/1642/4270 3350/1643/4270
f 3343/1636/4271 3344/1637/4271 3351/1644/4271
f 3343/1636/4272 3351/1644/4272 3352/1645/4272
f 3353/1646/4273 3348/1641/4273 3347/1640/4273
f 3348/1641/4274 3353/1646/4274 3354/1647/4274
f 3354/1647/4275 3355/1648/4275 3348/1641/4275
f 3355/1648/4276 3325/1620/4276 3348/1641/4276
f 3356/1649/4277 3355/1648/4277 3354/1647/4277
f 3356/1649/4278 3325/1620/4278 3355/1648/4278
f 3356/1649/4279 3354/1647/4279 3357/1650/4279
f 3358/1651/4280 3356/1649/4280 3357/1650/4280
f 3356/1649/4281 3358/1651/4281 3326/1619/4281
f 3356/1649/4282 3326/1619/4282 3325/1620/4282
f 3329/1622/4283 3326/1619/4283 3358/1651/4283
f 3342/1635/4284 3329/1622/4284 3358/1651/4284
f 3349/1642/4285 3342/1635/4285 3358/1651/4285
f 3358/1651/4286 3357/1650/4286 3359/1652/4286
f 3358/1651/4287 3359/1652/4287 3349/1642/4287
f 3347/1640/4288 3360/1653/4288 3353/1646/4288
f 3360/1653/4289 3347/1640/4289 3343/1636/4289
f 3343/1636/4290 3352/1645/4290 3360/1653/4290
f 3344/1637/4291 3361/1654/4291 3351/1644/4291
f 3361/1654/4292 3344/1637/4292 3345/1638/4292
f 3345/1638/4293 3362/1655/4293 3361/1654/4293
f 3362/1655/4294 3345/1638/4294 3346/1639/4294
f 3346/1639/4295 3363/1656/4295 3362/1655/4295
f 3364/2007/4296 3365/2008/4296 3366/2009/4296
f 3367/2010/4297 3364/2007/4297 3366/2009/4297
f 3364/2007/4298 3367/2010/4298 3368/2011/4298
f 3368/2011/4299 3367/2010/4299 3369/2012/4299
f 3370/2013/4300 3368/2011/4300 3369/2012/4300
f 3370/2013/4301 3369/2012/4301 3371/2014/4301
f 3372/2015/4302 3370/2013/4302 3371/2014/4302
f 3372/2015/4303 3371/2014/4303 3373/2016/4303
f 3374/2017/4304 3372/2015/4304 3373/2016/4304
f 3374/2017/4305 3373/2016/4305 3375/2018/4305
f 3376/2019/4306 3374/2017/4306 3375/2018/4306
f 3377/2020/4307 3364/2007/4307 3368/2011/4307
f 3367/2010/4308 3366/2009/4308 3378/2021/4308
f 3369/2012/4309 3367/2010/4309 3378/2021/4309
f 3378/2021/4310 3366/2009/4310 3379/2022/4310
f 3366/2009/4310 3380/2023/4310 3379/2022/4310
f 3379/2022/4311 3380/2023/4311 3381/2024/4311
f 3379/2022/4312 3381/2024/4312 3382/2025/4312
f 3382/2025/4313 3381/2024/4313 3383/2026/4313
f 3382/2025/4313 3383/2026/4313 3384/2027/4313
f 3383/2026/4314 3381/2024/4314 3385/2028/4314
f 3380/2023/4315 3385/2028/4315 3381/2024/4315
f 3385/2028/4314 3386/2029/4314 3383/2026/4314
f 3387/2030/4316 3382/2025/4316 3384/2027/4316
f 3387/2030/4317 3384/2027/4317 3388/2031/4317
f 3389/2032/4318 3387/2030/4318 3388/2031/4318
f 3389/2032/4319 3388/2031/4319 3390/2033/4319
f 3391/2034/4320 3389/2032/4320 3390/2033/4320
f 3391/2034/4321 3390/2033/4321 3392/2035/4321
f 3393/2036/4322 3389/2032/4322 3391/2034/4322
f 3393/2036/4323 3387/2030/4323 3389/2032/4323
f 3391/2034/4324 3394/2037/4324 3393/2036/4324
f 3393/2036/4325 3395/2038/4325 3387/2030/4325
f 3395/2038/4326 3382/2025/4326 3387/2030/4326
f 3396/2039/4327 3395/2038/4327 3393/2036/4327
f 3396/2039/4328 3378/2021/4328 3395/2038/4328
f 3397/2040/4329 3396/2039/4329 3393/2036/4329
f 3397/2040/4330 3393/2036/4330 3394/2037/4330
f 3398/2041/4330 3397/2040/4330 3394/2037/4330
f 3397/2040/4331 3398/2041/4331 3375/2018/4331
f 3373/2016/4332 3397/2040/4332 3375/2018/4332
f 3371/2014/4333 3396/2039/4333 3397/2040/4333
f 3373/2016/4334 3371/2014/4334 3397/2040/4334
f 3369/2012/4335 3378/2021/4335 3396/2039/4335
f 3371/2014/4336 3369/2012/4336 3396/2039/4336
f 3378/2021/4337 3379/2022/4337 3395/2038/4337
f 3395/2038/4338 3379/2022/4338 3382/2025/4338
f 3399/1657/4339 3400/1671/4339 3401/1682/4339
f 3399/1657/4340 3401/1682/4340 3402/1660/4340
f 3402/1660/4341 3401/1682/4341 3403/1664/4341
f 3402/1660/4342 3404/1659/4342 3399/1657/4342
f 3402/1660/4343 3403/1664/4343 3404/1659/4343
f 3405/1670/4344 3400/1671/4344 3399/1657/4344
f 3405/1670/4345 3406/1672/4345 3400/1671/4345
f 3406/1672/4346 3407/1677/4346 3400/1671/4346
f 3406/1672/4347 3408/1675/4347 3407/1677/4347
f 3409/1680/4348 3407/1677/4348 3408/1675/4348
f 3408/1675/4349 3410/1683/4349 3409/1680/4349
f 3411/1681/4350 3403/1664/4350 3401/1682/4350
f 3412/1678/4351 3411/1681/4351 3401/1682/4351
f 3407/1677/4352 3412/1678/4352 3400/1671/4352
f 3412/1678/4353 3401/1682/4353 3400/1671/4353
f 3408/1675/4354 3413/1676/4354 3410/1683/4354
f 3413/1676/4355 3408/1675/4355 3414/1579/4355
f 3408/1675/4356 3406/1672/4356 3414/1579/4356
f 3404/1659/4357 3403/1664/4357 3415/1661/4357
f 3416/1658/4358 3404/1659/4358 3415/1661/4358
f 3415/1661/4359 3417/1662/4359 3416/1658/4359
f 3417/1662/4360 3418/1663/4360 3416/1658/4360
f 3399/1657/4361 3416/1658/4361 3418/1663/4361
f 3404/1659/4362 3416/1658/4362 3399/1657/4362
f 3418/1663/4363 3405/1670/4363 3399/1657/4363
f 3414/1579/4364 3406/1672/4364 3419/1578/4364
f 3406/1672/4365 3405/1670/4365 3419/1578/4365
f 3420/1573/4366 3419/1578/4366 3405/1670/4366
f 3418/1663/4367 3420/1573/4367 3405/1670/4367
f 3420/1573/4368 3418/1663/4368 3417/1662/4368
f 3421/1571/4369 3420/1573/4369 3417/1662/4369
f 3412/1678/4370 3422/1679/4370 3411/1681/4370
f 3407/1677/4371 3409/1680/4371 3422/1679/4371
f 3412/1678/4372 3407/1677/4372 3422/1679/4372
f 3413/1676/4373 3423/1684/4373 3410/1683/4373
f 3423/1684/4374 3413/1676/4374 3424/1685/4374
f 3414/1579/4375 3424/1685/4375 3413/1676/4375
f 3424/1685/4376 3425/1686/4376 3423/1684/4376
f 3415/1661/4377 3426/1665/4377 3417/1662/4377
f 3426/1665/4378 3421/1571/4378 3417/1662/4378
f 3415/1661/4379 3427/1666/4379 3426/1665/4379
f 3427/1666/4380 3415/1661/4380 3403/1664/4380
f 3428/1668/4381 3427/1666/4381 3403/1664/4381
f 3429/1667/4382 3427/1666/4382 3428/1668/4382
f 3429/1667/4383 3426/1665/4383 3427/1666/4383
f 3428/1668/4384 3430/1669/4384 3429/1667/4384
f 3431/1674/4385 3429/1667/4385 3430/1669/4385
f 3432/1701/4386 3431/1674/4386 3430/1669/4386
f 3429/1667/4387 3431/1674/4387 3433/1673/4387
f 3433/1673/4388 3426/1665/4388 3429/1667/4388
f 3434/1690/4389 3410/1683/4389 3423/1684/4389
f 3433/1673/4390 3421/1571/4390 3426/1665/4390
f 3433/1673/4391 3435/1570/4391 3421/1571/4391
f 3436/1535/4392 3425/1686/4392 3424/1685/4392
f 3436/1535/4393 3437/1534/4393 3425/1686/4393
f 3437/1534/4394 3438/1688/4394 3425/1686/4394
f 3437/1534/4395 3439/1694/4395 3438/1688/4395
f 3438/1688/4396 3440/1687/4396 3425/1686/4396
f 3434/1690/4397 3440/1687/4397 3441/1691/4397
f 3442/1692/4398 3434/1690/4398 3441/1691/4398
f 3437/1534/4399 3443/1531/4399 3439/1694/4399
f 3443/1531/4400 3444/1532/4400 3439/1694/4400
f 3440/1687/4401 3423/1684/4401 3425/1686/4401
f 3434/1690/4402 3423/1684/4402 3440/1687/4402
f 3445/1693/4403 3442/1692/4403 3441/1691/4403
f 3446/1689/4404 3439/1694/4404 3445/1693/4404
f 3441/1691/4405 3446/1689/4405 3445/1693/4405
f 3446/1689/4406 3440/1687/4406 3438/1688/4406
f 3438/1688/4407 3439/1694/4407 3446/1689/4407
f 3446/1689/4408 3441/1691/4408 3440/1687/4408
f 3439/1694/4409 3447/1699/4409 3445/1693/4409
f 3447/1699/4410 3439/1694/4410 3444/1532/4410
f 3448/1698/4411 3447/1699/4411 3444/1532/4411
f 3448/1698/4412 3449/1695/4412 3447/1699/4412
f 3447/1699/4413 3449/1695/4413 3445/1693/4413
f 3449/1695/4414 3442/1692/4414 3445/1693/4414
f 3449/1695/4415 3450/1696/4415 3442/1692/4415
f 3448/1698/4416 3451/1697/4416 3449/1695/4416
f 3451/1697/4417 3450/1696/4417 3449/1695/4417
f 3451/1697/4418 3452/1700/4418 3450/1696/4418
f 3366/2009/4419 3365/2008/4419 3380/2023/4419
f 3365/2008/4419 3453/2042/4419 3380/2023/4419
f 3380/2023/4420 3453/2042/4420 3385/2028/4420
f 3454/2043/4421 3455/2044/4421 3456/2045/4421
f 3456/2045/4422 3457/2046/4422 3454/2043/4422
f 3456/2045/4423 3458/2047/4423 3457/2046/4423
f 3456/2045/4424 3459/2048/4424 3458/2047/4424
f 3460/2049/4425 3458/2047/4425 3459/2048/4425
f 3461/2050/4426 3460/2049/4426 3459/2048/4426
f 3455/2044/4427 3454/2043/4427 3462/2051/4427
f 3455/2044/4428 3462/2051/4428 3463/2052/4428
f 3454/2043/4429 3457/2046/4429 3464/2053/4429
f 3465/2054/4430 3454/2043/4430 3464/2053/4430
f 3460/2049/4431 3466/2055/4431 3458/2047/4431
f 3466/2055/4432 3467/2056/4432 3458/2047/4432
f 3467/2056/4433 3464/2053/4433 3457/2046/4433
f 3458/2047/4434 3467/2056/4434 3457/2046/4434
f 3467/2056/4435 3466/2055/4435 3468/2057/4435
f 3467/2056/4436 3468/2057/4436 3469/2058/4436
f 3470/2059/4437 3467/2056/4437 3469/2058/4437
f 3464/2053/4438 3467/2056/4438 3470/2059/4438
f 3469/2058/4439 3471/2060/4439 3470/2059/4439
f 3472/2061/4440 3464/2053/4440 3470/2059/4440
f 3465/2054/4441 3464/2053/4441 3472/2061/4441
f 3473/2062/4442 3468/2057/4442 3466/2055/4442
f 3466/2055/4443 3474/2063/4443 3473/2062/4443
f 3471/2060/4444 3469/2058/4444 3475/2064/4444
f 3476/2065/4445 3471/2060/4445 3475/2064/4445
f 3477/2066/4446 3476/2065/4446 3475/2064/4446
f 3478/2067/4447 3477/2066/4447 3475/2064/4447
f 3477/2066/4448 3479/2068/4448 3476/2065/4448
f 3477/2066/4449 3478/2067/4449 3479/2068/4449
f 3479/2068/4450 3480/2069/4450 3476/2065/4450
f 3480/2069/4451 3471/2060/4451 3476/2065/4451
f 3478/2067/4452 3481/2070/4452 3479/2068/4452
f 3480/2069/4453 3479/2068/4453 3482/2071/4453
f 3483/2072/4454 3480/2069/4454 3482/2071/4454
f 3481/2070/4455 3478/2067/4455 3484/2073/4455
f 3478/2067/4456 3475/2064/4456 3484/2073/4456
f 3475/2064/4457 3469/2058/4457 3484/2073/4457
f 3484/2073/4458 3485/2074/4458 3481/2070/4458
f 3486/2075/4459 3481/2070/4459 3485/2074/4459
f 3485/2074/4460 3487/2076/4460 3486/2075/4460
f 3486/2075/4461 3487/2076/4461 3488/2077/4461
f 3489/2078/4462 3486/2075/4462 3488/2077/4462
f 3490/2079/4463 3489/2078/4463 3488/2077/4463
f 3483/2072/4464 3482/2071/4464 3491/2080/4464
f 3492/2081/4465 3491/2080/4465 3482/2071/4465
f 3482/2071/4466 3493/2082/4466 3492/2081/4466
f 3493/2082/4467 3482/2071/4467 3494/2083/4467
f 3494/2083/4468 3481/2070/4468 3486/2075/4468
f 3489/2078/4469 3494/2083/4469 3486/2075/4469
f 3482/2071/4470 3479/2068/4470 3494/2083/4470
f 3479/2068/4471 3481/2070/4471 3494/2083/4471
f 3485/2074/4472 3484/2073/4472 3468/2057/4472
f 3469/2058/4473 3468/2057/4473 3484/2073/4473
f 3485/2074/4474 3468/2057/4474 3473/2062/4474
f 3495/2084/4475 3492/2081/4475 3493/2082/4475
f 3495/2084/4476 3489/2078/4476 3490/2079/4476
f 3495/2084/4477 3493/2082/4477 3496/2085/4477
f 3489/2078/4478 3495/2084/4478 3496/2085/4478
f 3497/2086/4479 3494/2083/4479 3489/2078/4479
f 3497/2086/4480 3493/2082/4480 3494/2083/4480
f 3496/2085/4481 3493/2082/4481 3497/2086/4481
f 3497/2086/4482 3489/2078/4482 3496/2085/4482
f 3498/1746/4483 3499/1748/4483 3500/1747/4483
f 3501/1749/4484 3499/1748/4484 3498/1746/4484
f 3499/1748/4485 3502/1750/4485 3500/1747/4485
f 3503/1751/4486 3500/1747/4486 3502/1750/4486
f 3504/1752/4487 3503/1751/4487 3502/1750/4487
f 3505/1753/4488 3503/1751/4488 3504/1752/4488
f 3504/1752/4489 3506/1754/4489 3505/1753/4489
f 3505/1753/4490 3506/1754/4490 3507/1755/4490
f 3506/1754/4491 3508/1756/4491 3507/1755/4491
f 3509/1757/4492 3507/1755/4492 3508/1756/4492
f 3507/1755/4493 3509/1757/4493 3510/1759/4493
f 3510/1759/4494 3509/1757/4494 3511/1760/4494
f 3509/1757/4495 3512/1761/4495 3511/1760/4495
f 3513/1762/4496 3511/1760/4496 3512/1761/4496
f 3514/1763/4497 3513/1762/4497 3512/1761/4497
f 3515/1764/4498 3513/1762/4498 3514/1763/4498
f 3516/1765/4499 3515/1764/4499 3514/1763/4499
f 3517/1766/4500 3515/1764/4500 3516/1765/4500
f 3517/1766/4501 3518/1767/4501 3515/1764/4501
f 3519/1768/4502 3518/1767/4502 3517/1766/4502
f 3519/1768/4503 3520/1769/4503 3518/1767/4503
f 3520/1769/4504 3519/1768/4504 3521/1921/4504
f 3520/1769/4505 3521/1921/4505 3522/1920/4505
f 3521/1921/4506 3523/1917/4506 3522/1920/4506
f 3523/1917/4507 3524/1918/4507 3522/1920/4507
f 3525/1915/4508 3524/1918/4508 3523/1917/4508
f 3526/1914/4509 3525/1915/4509 3523/1917/4509
f 3525/1915/4510 3526/1914/4510 3527/1913/4510
f 3527/1913/4511 3528/1916/4511 3525/1915/4511
f 3528/1916/4512 3527/1913/4512 3529/1919/4512
f 3514/1763/4513 3512/1761/4513 3530/1786/4513
f 3530/1786/4514 3512/1761/4514 3531/1785/4514
f 3512/1761/4515 3532/1784/4515 3531/1785/4515
f 3533/1787/4516 3530/1786/4516 3531/1785/4516
f 3531/1785/4517 3534/1788/4517 3533/1787/4517
f 3535/1789/4518 3533/1787/4518 3534/1788/4518
f 3536/1790/4519 3535/1789/4519 3534/1788/4519
f 3537/1791/4520 3535/1789/4520 3536/1790/4520
f 3536/1790/4521 3538/1792/4521 3537/1791/4521
f 3537/1791/4522 3538/1792/4522 3539/1801/4522
f 3537/1791/4523 3539/1801/4523 3540/1802/4523
f 3540/1802/4524 3539/1801/4524 3541/1803/4524
f 3539/1801/4525 3542/1804/4525 3541/1803/4525
f 3543/1805/4526 3541/1803/4526 3542/1804/4526
f 3544/1806/4527 3543/1805/4527 3542/1804/4527
f 3543/1805/4528 3544/1806/4528 3545/1807/4528
f 3545/1807/4529 3546/1808/4529 3543/1805/4529
f 3546/1808/4530 3545/1807/4530 3547/1809/4530
f 3512/1761/4531 3548/1771/4531 3532/1784/4531
f 3512/1761/4532 3509/1757/4532 3548/1771/4532
f 3548/1771/4533 3509/1757/4533 3549/1770/4533
f 3550/1779/4534 3548/1771/4534 3549/1770/4534
f 3551/1780/4535 3548/1771/4535 3550/1779/4535
f 3552/1778/4536 3551/1780/4536 3550/1779/4536
f 3550/1779/4537 3553/1773/4537 3552/1778/4537
f 3550/1779/4538 3549/1770/4538 3553/1773/4538
f 3549/1770/4539 3554/1772/4539 3553/1773/4539
f 3555/1774/4540 3553/1773/4540 3554/1772/4540
f 3553/1773/4541 3555/1774/4541 3556/1776/4541
f 3553/1773/4542 3556/1776/4542 3557/1777/4542
f 3553/1773/4543 3557/1777/4543 3552/1778/4543
f 3554/1772/4544 3558/1775/4544 3555/1774/4544
f 3556/1776/4545 3555/1774/4545 3559/1781/4545
f 3555/1774/4546 3560/1782/4546 3559/1781/4546
f 3560/1782/4547 3555/1774/4547 3558/1775/4547
f 3561/1758/4548 3554/1772/4548 3549/1770/4548
f 3561/1758/4549 3549/1770/4549 3509/1757/4549
f 3509/1757/4550 3508/1756/4550 3561/1758/4550
f 3562/1912/4551 3560/1782/4551 3558/1775/4551
f 3548/1771/4552 3551/1780/4552 3563/1783/4552
f 3563/1783/4553 3532/1784/4553 3548/1771/4553
f 3532/1784/4554 3563/1783/4554 3564/1794/4554
f 3565/1793/4555 3532/1784/4555 3564/1794/4555
f 3531/1785/4556 3532/1784/4556 3565/1793/4556
f 3565/1793/4557 3564/1794/4557 3566/1795/4557
f 3567/1796/4558 3565/1793/4558 3566/1795/4558
f 3568/1797/4559 3567/1796/4559 3566/1795/4559
f 3569/1798/4560 3568/1797/4560 3566/1795/4560
f 3570/1799/4561 3568/1797/4561 3569/1798/4561
f 3569/1798/4562 3571/1800/4562 3570/1799/4562
f 3572/1810/4563 3570/1799/4563 3571/1800/4563
f 3571/1800/4564 3573/1811/4564 3572/1810/4564
f 3572/1810/4565 3573/1811/4565 3574/1812/4565
f 3573/1811/4566 3575/1813/4566 3574/1812/4566
f 3576/1814/4567 3574/1812/4567 3575/1813/4567
f 3577/1815/4568 3576/1814/4568 3575/1813/4568
f 3576/1814/4569 3577/1815/4569 3578/1816/4569
f 3578/1816/4570 3579/1817/4570 3576/1814/4570
f 3579/1817/4571 3578/1816/4571 3580/1818/4571
f 3581/2087/4572 3582/2088/4572 3583/2089/4572
f 3584/2090/4573 3581/2087/4573 3583/2089/4573
f 3583/2089/4574 3585/1938/4574 3584/2090/4574
f 3586/2091/4575 3583/2089/4575 3582/2088/4575
f 3583/2089/4576 3586/2091/4576 3587/2092/4576
f 3588/2093/4577 3587/2092/4577 3586/2091/4577
f 3587/2092/4578 3589/2094/4578 3583/2089/4578
f 3583/2089/4579 3589/2094/4579 3585/1938/4579
f 3587/2092/4580 3590/1932/4580 3589/2094/4580
f 3590/1932/4581 3591/1931/4581 3589/2094/4581
f 3589/2094/4582 3591/1931/4582 3585/1938/4582
f 3592/2095/4583 3586/2091/4583 3582/2088/4583
f 3592/2095/4584 3582/2088/4584 3593/2096/4584
f 3593/2096/4585 3594/2097/4585 3592/2095/4585
f 3592/2095/4586 3594/2097/4586 3595/2098/4586
f 3596/2099/4587 3595/2098/4587 3594/2097/4587
f 3594/2097/4588 3597/2100/4588 3596/2099/4588
f 3594/2097/4589 3593/2096/4589 3597/2100/4589
f 3596/2099/4590 3598/2101/4590 3595/2098/4590
f 3598/2101/4591 3596/2099/4591 3599/2102/4591
f 3598/2101/4592 3600/2103/4592 3595/2098/4592
f 3596/2099/4593 3597/2100/4593 3470/2059/4593
f 3470/2059/4594 3599/2102/4594 3596/2099/4594
f 3593/2096/4595 3601/2104/4595 3597/2100/4595
f 3601/2104/4596 3593/2096/4596 3602/2105/4596
f 3603/2106/4597 3601/2104/4597 3602/2105/4597
f 3601/2104/4598 3604/2107/4598 3597/2100/4598
f 3597/2100/4599 3604/2107/4599 3472/2061/4599
f 3597/2100/4600 3472/2061/4600 3470/2059/4600
f 3604/2107/4601 3605/2108/4601 3472/2061/4601
f 3606/2109/4602 3472/2061/4602 3605/2108/4602
f 3605/2108/4603 3607/2110/4603 3606/2109/4603
f 3605/2108/4604 3608/2111/4604 3607/2110/4604
f 3604/2107/4605 3601/2104/4605 3608/2111/4605
f 3608/2111/4606 3605/2108/4606 3604/2107/4606
f 3608/2111/4607 3609/2112/4607 3607/2110/4607
f 3608/2111/4608 3610/2113/4608 3609/2112/4608
f 3601/2104/4609 3610/2113/4609 3608/2111/4609
f 3610/2113/4610 3611/2114/4610 3609/2112/4610
f 3472/2061/4611 3606/2109/4611 3465/2054/4611
f 3465/2054/4612 3606/2109/4612 3612/2115/4612
f 3613/2116/4613 3465/2054/4613 3612/2115/4613
f 3454/2043/4614 3465/2054/4614 3613/2116/4614
f 3462/2051/4615 3454/2043/4615 3613/2116/4615
f 3610/2113/4616 3614/2117/4616 3611/2114/4616
f 3610/2113/4617 3615/2118/4617 3614/2117/4617
f 3615/2118/4618 3616/2119/4618 3614/2117/4618
f 3614/2117/4619 3616/2119/4619 3617/1974/4619
f 3614/2117/4620 3617/1974/4620 3618/2120/4620
f 3616/2119/4621 3619/1968/4621 3617/1974/4621
f 3615/2118/4622 3620/2121/4622 3616/2119/4622
f 3619/1968/4623 3616/2119/4623 3620/2121/4623
f 3615/2118/4624 3610/2113/4624 3621/2122/4624
f 3601/2104/4625 3621/2122/4625 3610/2113/4625
f 3622/2123/4626 3615/2118/4626 3621/2122/4626
f 3622/2123/4627 3620/2121/4627 3615/2118/4627
f 3622/2123/4628 3623/2124/4628 3620/2121/4628
f 3624/1970/4629 3623/2124/4629 3622/2123/4629
f 3624/1970/4630 3622/2123/4630 3625/2125/4630
f 3623/2124/4631 3624/1970/4631 3626/1966/4631
f 3620/2121/4632 3623/2124/4632 3626/1966/4632
f 3621/2122/4633 3601/2104/4633 3627/2126/4633
f 3627/2126/4634 3625/2125/4634 3622/2123/4634
f 3622/2123/4635 3621/2122/4635 3627/2126/4635
f 3601/2104/4636 3603/2106/4636 3627/2126/4636
f 3614/2117/4637 3618/2120/4637 3628/2127/4637
f 3626/1966/4638 3624/1970/4638 3629/1962/4638
f 3626/1966/4639 3629/1962/4639 3630/1964/4639
f 3630/1964/4640 3629/1962/4640 3631/1963/4640
f 3629/1962/4641 3632/1961/4641 3631/1963/4641
f 3633/1957/4642 3632/1961/4642 3629/1962/4642
f 3633/1957/4643 3629/1962/4643 3634/1965/4643
f 3624/1970/4644 3634/1965/4644 3629/1962/4644
f 3630/1964/4645 3635/1967/4645 3626/1966/4645
f 3630/1964/4646 3631/1963/4646 3636/1969/4646
f 3619/1968/4647 3635/1967/4647 3630/1964/4647
f 3619/1968/4648 3630/1964/4648 3636/1969/4648
f 3631/1963/4649 3637/1973/4649 3636/1969/4649
f 3637/1973/4650 3638/1972/4650 3636/1969/4650
f 3638/1972/4651 3639/1971/4651 3636/1969/4651
f 3636/1969/4652 3639/1971/4652 3617/1974/4652
f 3619/1968/4653 3636/1969/4653 3617/1974/4653
f 3640/1958/4654 3632/1961/4654 3633/1957/4654
f 3632/1961/4655 3640/1958/4655 3631/1963/4655
f 3641/1955/4656 3640/1958/4656 3633/1957/4656
f 3633/1957/4657 3642/1956/4657 3641/1955/4657
f 3641/1955/4658 3642/1956/4658 3643/1959/4658
f 3641/1955/4659 3643/1959/4659 3644/1960/4659
f 3645/1975/4660 3638/1972/4660 3637/1973/4660
f 3645/1975/4661 3646/1978/4661 3638/1972/4661
f 3646/1978/4662 3647/1980/4662 3638/1972/4662
f 3648/1979/4663 3647/1980/4663 3646/1978/4663
f 3644/1960/4664 3648/1979/4664 3646/1978/4664
f 3646/1978/4665 3649/1977/4665 3644/1960/4665
f 3649/1977/4666 3646/1978/4666 3645/1975/4666
f 3640/1958/4667 3641/1955/4667 3649/1977/4667
f 3649/1977/4668 3641/1955/4668 3644/1960/4668
f 3650/1976/4669 3649/1977/4669 3645/1975/4669
f 3650/1976/4670 3640/1958/4670 3649/1977/4670
f 3640/1958/4671 3650/1976/4671 3631/1963/4671
f 3645/1975/4672 3637/1973/4672 3631/1963/4672
f 3631/1963/4673 3650/1976/4673 3645/1975/4673
f 3651/1946/4674 3652/1942/4674 3653/1922/4674
f 3654/1928/4675 3651/1946/4675 3653/1922/4675
f 3651/1946/4676 3654/1928/4676 3655/1929/4676
f 3656/1933/4677 3651/1946/4677 3655/1929/4677
f 3653/1922/4678 3657/1923/4678 3654/1928/4678
f 3654/1928/4679 3657/1923/4679 3655/1929/4679
f 3656/1933/4680 3658/1934/4680 3651/1946/4680
f 3658/1934/4681 3659/1940/4681 3651/1946/4681
f 3652/1942/4682 3651/1946/4682 3659/1940/4682
f 3659/1940/4683 3660/1941/4683 3652/1942/4683
f 3660/1941/4684 3659/1940/4684 3661/1939/4684
f 3661/1939/4685 3659/1940/4685 3658/1934/4685
f 3652/1942/4686 3660/1941/4686 3662/1943/4686
f 3652/1942/4687 3662/1943/4687 3653/1922/4687
f 3662/1943/4688 3663/1924/4688 3653/1922/4688
f 3653/1922/4689 3663/1924/4689 3657/1923/4689
f 3663/1924/4690 3662/1943/4690 3664/1945/4690
f 3665/1927/4691 3663/1924/4691 3664/1945/4691
f 3665/1927/4692 3666/1926/4692 3663/1924/4692
f 3666/1926/4693 3667/1925/4693 3663/1924/4693
f 3663/1924/4694 3667/1925/4694 3657/1923/4694
f 3662/1943/4695 3668/1944/4695 3664/1945/4695
f 3668/1944/4696 3660/1941/4696 3661/1939/4696
f 3660/1941/4697 3668/1944/4697 3662/1943/4697
f 3664/1945/4698 3668/1944/4698 3665/1927/4698
f 3668/1944/4699 3669/1948/4699 3665/1927/4699
f 3670/1947/4700 3669/1948/4700 3668/1944/4700
f 3661/1939/4701 3670/1947/4701 3668/1944/4701
f 3657/1923/4702 3671/1930/4702 3655/1929/4702
f 3655/1929/4703 3671/1930/4703 3585/1938/4703
f 3661/1939/4704 3658/1934/4704 3672/1936/4704
f 3591/1931/4705 3655/1929/4705 3585/1938/4705
f 3591/1931/4706 3656/1933/4706 3655/1929/4706
f 3591/1931/4707 3590/1932/4707 3656/1933/4707
f 3658/1934/4708 3656/1933/4708 3590/1932/4708
f 3673/1937/4709 3672/1936/4709 3658/1934/4709
f 3674/1935/4710 3673/1937/4710 3658/1934/4710
f 3674/1935/4711 3658/1934/4711 3590/1932/4711
f 3588/2093/4712 3673/1937/4712 3674/1935/4712
f 3673/1937/4713 3588/2093/4713 3675/2128/4713
f 3673/1937/4714 3675/2128/4714 3676/2129/4714
f 3676/2129/4715 3675/2128/4715 3677/2130/4715
f 3676/2129/4716 3677/2130/4716 3678/2131/4716
f 3677/2130/4717 3600/2103/4717 3678/2131/4717
f 3677/2130/4718 3595/2098/4718 3600/2103/4718
f 3677/2130/4719 3675/2128/4719 3592/2095/4719
f 3677/2130/4720 3592/2095/4720 3595/2098/4720
f 3675/2128/4721 3586/2091/4721 3592/2095/4721
f 3675/2128/4722 3588/2093/4722 3586/2091/4722
f 3588/2093/4723 3674/1935/4723 3587/2092/4723
f 3674/1935/4724 3590/1932/4724 3587/2092/4724
f 3679/2132/4725 3680/2133/4725 3681/2134/4725
f 3682/2135/4726 3679/2132/4726 3681/2134/4726
f 3679/2132/4727 3682/2135/4727 3683/2136/4727
f 3683/2136/4728 3684/2137/4728 3679/2132/4728
f 3609/2112/4729 3684/2137/4729 3683/2136/4729
f 3683/2136/4730 3607/2110/4730 3609/2112/4730
f 3679/2132/4731 3685/2138/4731 3680/2133/4731
f 3684/2137/4732 3685/2138/4732 3679/2132/4732
f 3685/2138/4733 3686/2139/4733 3680/2133/4733
f 3686/2139/4734 3685/2138/4734 3687/2140/4734
f 3687/2140/4735 3688/2141/4735 3686/2139/4735
f 3687/2140/4736 3689/2142/4736 3688/2141/4736
f 3688/2141/4737 3689/2142/4737 3690/1995/4737
f 3688/2141/4738 3690/1995/4738 3691/2143/4738
f 3689/2142/4739 3692/1993/4739 3690/1995/4739
f 3687/2140/4740 3693/2144/4740 3689/2142/4740
f 3689/2142/4741 3693/2144/4741 3692/1993/4741
f 3684/2137/4742 3694/2145/4742 3685/2138/4742
f 3685/2138/4743 3694/2145/4743 3695/2146/4743
f 3695/2146/4744 3687/2140/4744 3685/2138/4744
f 3695/2146/4745 3693/2144/4745 3687/2140/4745
f 3695/2146/4746 3696/2147/4746 3693/2144/4746
f 3697/1994/4747 3696/2147/4747 3695/2146/4747
f 3696/2147/4748 3697/1994/4748 3698/1992/4748
f 3693/2144/4749 3696/2147/4749 3698/1992/4749
f 3697/1994/4750 3695/2146/4750 3699/2148/4750
f 3700/2149/4751 3699/2148/4751 3695/2146/4751
f 3695/2146/4752 3694/2145/4752 3700/2149/4752
f 3694/2145/4753 3684/2137/4753 3700/2149/4753
f 3684/2137/4754 3701/2150/4754 3700/2149/4754
f 3691/2143/4755 3702/2151/4755 3688/2141/4755
f 3702/2151/4756 3686/2139/4756 3688/2141/4756
f 3698/1992/4757 3697/1994/4757 3703/1987/4757
f 3704/1991/4758 3698/1992/4758 3703/1987/4758
f 3698/1992/4759 3704/1991/4759 3693/2144/4759
f 3693/2144/4760 3704/1991/4760 3692/1993/4760
f 3704/1991/4761 3703/1987/4761 3705/1986/4761
f 3706/1983/4762 3705/1986/4762 3703/1987/4762
f 3705/1986/4763 3706/1983/4763 3707/1981/4763
f 3704/1991/4764 3705/1986/4764 3707/1981/4764
f 3703/1987/4765 3708/1988/4765 3706/1983/4765
f 3709/1989/4766 3708/1988/4766 3703/1987/4766
f 3709/1989/4767 3703/1987/4767 3710/1990/4767
f 3707/1981/4768 3692/1993/4768 3704/1991/4768
f 3706/1983/4769 3711/1982/4769 3707/1981/4769
f 3711/1982/4770 3712/1984/4770 3707/1981/4770
f 3712/1984/4771 3713/1985/4771 3707/1981/4771
f 3697/1994/4772 3710/1990/4772 3703/1987/4772
f 3707/1981/4773 3713/1985/4773 3690/1995/4773
f 3692/1993/4774 3707/1981/4774 3690/1995/4774
f 3714/1996/4775 3708/1988/4775 3709/1989/4775
f 3708/1988/4776 3714/1996/4776 3706/1983/4776
f 3715/1997/4777 3714/1996/4777 3709/1989/4777
f 3709/1989/4778 3716/1998/4778 3715/1997/4778
f 3715/1997/4779 3716/1998/4779 3717/1999/4779
f 3715/1997/4780 3717/1999/4780 3718/2000/4780
f 3719/2004/4781 3712/1984/4781 3711/1982/4781
f 3719/2004/4782 3720/2002/4782 3712/1984/4782
f 3721/2001/4783 3720/2002/4783 3719/2004/4783
f 3720/2002/4784 3721/2001/4784 3718/2000/4784
f 3714/1996/4785 3715/1997/4785 3721/2001/4785
f 3721/2001/4786 3715/1997/4786 3718/2000/4786
f 3718/2000/4787 3722/2003/4787 3720/2002/4787
f 3723/2006/4788 3714/1996/4788 3721/2001/4788
f 3723/2006/4789 3721/2001/4789 3719/2004/4789
f 3722/2003/4790 3724/2005/4790 3720/2002/4790
f 3720/2002/4791 3724/2005/4791 3712/1984/4791
f 3714/1996/4792 3723/2006/4792 3706/1983/4792
f 3706/1983/4793 3723/2006/4793 3719/2004/4793
f 3711/1982/4794 3706/1983/4794 3719/2004/4794
f 3680/2133/4795 3686/2139/4795 3725/2152/4795
f 3725/2152/4796 3726/2153/4796 3680/2133/4796
f 3726/2153/4797 3681/2134/4797 3680/2133/4797
f 3726/2153/4798 3727/2154/4798 3681/2134/4798
f 3727/2154/4799 3612/2115/4799 3681/2134/4799
f 3681/2134/4800 3612/2115/4800 3606/2109/4800
f 3728/2155/4801 3612/2115/4801 3727/2154/4801
f 3728/2155/4802 3613/2116/4802 3612/2115/4802
f 3728/2155/4803 3729/2156/4803 3613/2116/4803
f 3462/2051/4804 3613/2116/4804 3729/2156/4804
f 3729/2156/4805 3730/2157/4805 3462/2051/4805
f 3463/2052/4806 3462/2051/4806 3730/2157/4806
f 3463/2052/4807 3730/2157/4807 3731/2158/4807
f 3725/2152/4808 3686/2139/4808 3702/2151/4808
f 3732/2159/4809 3725/2152/4809 3702/2151/4809
f 3725/2152/4810 3732/2159/4810 3733/2160/4810
f 3733/2160/4811 3726/2153/4811 3725/2152/4811
f 3734/2161/4812 3727/2154/4812 3726/2153/4812
f 3733/2160/4813 3734/2161/4813 3726/2153/4813
f 3727/2154/4814 3734/2161/4814 3735/2162/4814
f 3735/2162/4815 3728/2155/4815 3727/2154/4815
f 3735/2162/4816 3729/2156/4816 3728/2155/4816
f 3682/2135/4817 3681/2134/4817 3606/2109/4817
f 3683/2136/4818 3682/2135/4818 3606/2109/4818
f 3607/2110/4819 3683/2136/4819 3606/2109/4819
f 3736/2163/4820 3599/2102/4820 3471/2060/4820
f 3470/2059/4821 3471/2060/4821 3599/2102/4821
f 3471/2060/4822 3737/2164/4822 3736/2163/4822
f 3480/2069/4823 3737/2164/4823 3471/2060/4823
f 3599/2102/4824 3736/2163/4824 3598/2101/4824
f 3602/2105/4825 3593/2096/4825 3582/2088/4825
f 3602/2105/4826 3582/2088/4826 3581/2087/4826
f 3701/2150/4827 3684/2137/4827 3738/2165/4827
f 3684/2137/4828 3609/2112/4828 3738/2165/4828
f 3628/2127/4829 3738/2165/4829 3609/2112/4829
f 3609/2112/4830 3611/2114/4830 3628/2127/4830
f 3614/2117/4831 3628/2127/4831 3611/2114/4831
f 3620/2121/4832 3635/1967/4832 3619/1968/4832
f 3626/1966/4833 3635/1967/4833 3620/2121/4833
f 3739/2166/4834 3740/2167/4834 3741/2168/4834
f 3739/2166/4835 3741/2168/4835 3742/2169/4835
f 3743/2170/4836 3739/2166/4836 3742/2169/4836
f 3743/2170/4837 3742/2169/4837 3744/2171/4837
f 3744/2171/4838 3745/2172/4838 3743/2170/4838
f 3745/2172/4839 3746/2173/4839 3743/2170/4839
f 3744/2171/4840 3742/2169/4840 3747/2174/4840
f 3747/2174/4841 3742/2169/4841 3741/2168/4841
f 3748/2175/4842 3744/2171/4842 3747/2174/4842
f 3748/2175/4843 3745/2172/4843 3744/2171/4843
f 3749/2176/4844 3747/2174/4844 3741/2168/4844
f 3748/2175/4845 3747/2174/4845 3749/2176/4845
f 3750/2177/4846 3749/2176/4846 3741/2168/4846
f 3745/2172/4847 3748/2175/4847 3751/2178/4847
f 3751/2178/4845 3748/2175/4845 3749/2176/4845
f 3752/2179/4848 3745/2172/4848 3751/2178/4848
f 3753/2180/4849 3749/2176/4849 3750/2177/4849
f 3753/2180/4850 3751/2178/4850 3749/2176/4850
f 3753/2180/4851 3752/2179/4851 3751/2178/4851
f 3754/2181/4852 3755/2182/4852 3756/2183/4852
f 3755/2182/4853 3757/2184/4853 3756/2183/4853
f 3758/2185/4854 3756/2183/4854 3757/2184/4854
f 3758/2185/4855 3757/2184/4855 3759/2186/4855
f 3760/2187/4856 3758/2185/4856 3759/2186/4856
f 3760/2187/4857 3759/2186/4857 3761/2188/4857
f 3759/2186/4858 3762/2189/4858 3761/2188/4858
f 3757/2184/4859 3755/2182/4859 3762/2189/4859
f 3759/2186/4860 3757/2184/4860 3762/2189/4860
f 3763/2190/4861 3760/2187/4861 3761/2188/4861
f 3764/2191/4862 3763/2190/4862 3761/2188/4862
f 3765/2192/4863 3756/2183/4863 3758/2185/4863
f 3766/2193/4864 3765/2192/4864 3758/2185/4864
f 3766/2193/4865 3758/2185/4865 3760/2187/4865
f 3763/2190/4866 3766/2193/4866 3760/2187/4866
f 3762/2189/4867 3767/2194/4867 3761/2188/4867
f 3768/2195/4868 3765/2192/4868 3766/2193/4868
f 3768/2195/4869 3766/2193/4869 3763/2190/4869
f 3768/2195/4870 3763/2190/4870 3764/2191/4870
f 3769/2196/4871 3768/2195/4871 3764/2191/4871
f 3769/2196/4872 3765/2192/4872 3768/2195/4872
f 3770/2197/4873 3771/2198/4873 3772/2199/4873
f 3770/2197/4874 3772/2199/4874 3773/2200/4874
f 3774/2201/4875 3770/2197/4875 3773/2200/4875
f 3775/2202/4876 3774/2201/4876 3773/2200/4876
f 3771/2198/4877 3776/2203/4877 3772/2199/4877
f 3777/2204/4878 3776/2203/4878 3771/2198/4878
f 3778/2205/4879 3777/2204/4879 3771/2198/4879
f 3778/2205/4880 3771/2198/4880 3779/2206/4880
f 3780/2207/4881 3778/2205/4881 3779/2206/4881
f 3781/2208/4882 3778/2205/4882 3780/2207/4882
f 3782/2209/4883 3779/2206/4883 3771/2198/4883
f 3782/2209/4884 3771/2198/4884 3783/2210/4884
f 3782/2209/4885 3783/2210/4885 3784/2211/4885
f 3785/2212/4886 3782/2209/4886 3784/2211/4886
f 3781/2208/4887 3780/2207/4887 3786/2213/4887
f 3787/2214/4888 3781/2208/4888 3786/2213/4888
f 3788/2215/4889 3787/2214/4889 3786/2213/4889
f 3789/2216/4890 3785/2212/4890 3784/2211/4890
f 3790/2217/4891 3787/2214/4891 3788/2215/4891
f 3791/2218/4892 3780/2207/4892 3779/2206/4892
f 3791/2218/4893 3779/2206/4893 3792/2219/4893
f 3791/2218/4893 3792/2219/4893 3793/2220/4893
f 3794/2221/4894 3791/2218/4894 3793/2220/4894
f 3794/2221/4895 3793/2220/4895 3795/2222/4895
f 3796/2223/4896 3794/2221/4896 3795/2222/4896
f 3797/2224/4897 3796/2223/4897 3795/2222/4897
f 3798/2225/4898 3799/2226/4898 3800/2227/4898
f 3801/2228/4899 3798/2225/4899 3800/2227/4899
f 3802/2229/4900 3801/2228/4900 3800/2227/4900
f 3803/2230/4901 3801/2228/4901 3802/2229/4901
f 3801/2228/4902 3803/2230/4902 3804/2231/4902
f 3804/2231/4903 3798/2225/4903 3801/2228/4903
f 3805/2232/4904 3803/2230/4904 3802/2229/4904
f 3806/2233/4905 3802/2229/4905 3800/2227/4905
f 3805/2232/4906 3802/2229/4906 3806/2233/4906
f 3807/2234/4907 3806/2233/4907 3800/2227/4907
f 3808/2235/4908 3805/2232/4908 3806/2233/4908
f 3809/2236/4909 3805/2232/4909 3808/2235/4909
f 3804/2231/4910 3803/2230/4910 3809/2236/4910
f 3805/2232/4911 3809/2236/4911 3803/2230/4911
f 3809/2236/4912 3810/2237/4912 3804/2231/4912
f 3811/2238/4913 3808/2235/4913 3806/2233/4913
f 3811/2238/4914 3806/2233/4914 3807/2234/4914
f 3812/2239/4915 3811/2238/4915 3807/2234/4915
f 3812/2239/4916 3813/2240/4916 3811/2238/4916
f 3811/2238/4917 3813/2240/4917 3808/2235/4917
f 3813/2240/4918 3809/2236/4918 3808/2235/4918
f 3798/2225/4919 3804/2231/4919 3814/2241/4919
f 3804/2231/4920 3815/2242/4920 3814/2241/4920
f 3815/2242/4921 3804/2231/4921 3810/2237/4921
f 3810/2237/4922 3816/2243/4922 3815/2242/4922
f 3814/2241/4923 3817/2244/4923 3799/2226/4923
f 3798/2225/4924 3814/2241/4924 3799/2226/4924
f 3818/2245/4925 3819/2246/4925 3820/2247/4925
f 3821/2248/4926 3819/2246/4926 3818/2245/4926
f 3819/2246/4927 3822/2249/4927 3820/2247/4927
f 3823/2250/4928 3821/2248/4928 3818/2245/4928
f 3823/2250/4929 3818/2245/4929 3824/2251/4929
f 3818/2245/4930 3820/2247/4930 3824/2251/4930
f 3825/2252/4931 3823/2250/4931 3824/2251/4931
f 3821/2248/4932 3826/2253/4932 3819/2246/4932
f 3819/2246/4933 3826/2253/4933 3822/2249/4933
f 3827/2254/4934 3825/2252/4934 3824/2251/4934
f 3828/2255/4935 3825/2252/4935 3827/2254/4935
f 3825/2252/4936 3829/2256/4936 3823/2250/4936
f 3826/2253/4937 3821/2248/4937 3829/2256/4937
f 3829/2256/4938 3821/2248/4938 3823/2250/4938
f 3828/2255/4939 3829/2256/4939 3825/2252/4939
f 3826/2253/4940 3830/2257/4940 3822/2249/4940
f 3831/2258/4941 3826/2253/4941 3829/2256/4941
f 3828/2255/4942 3831/2258/4942 3829/2256/4942
f 3820/2247/4943 3832/2259/4943 3824/2251/4943
f 3833/2260/4944 3834/2261/4944 3835/2262/4944
f 3836/2263/4945 3833/2260/4945 3835/2262/4945
f 3834/2261/4946 3833/2260/4946 3837/2264/4946
f 3838/2265/4947 3834/2261/4947 3837/2264/4947
f 3838/2265/4948 3837/2264/4948 3839/2266/4948
f 3840/2267/4949 3838/2265/4949 3839/2266/4949
f 3841/2268/4950 3835/2262/4950 3834/2261/4950
f 3834/2261/4951 3842/2269/4951 3841/2268/4951
f 3843/2270/4952 3841/2268/4952 3842/2269/4952
f 3841/2268/4953 3843/2270/4953 3844/2271/4953
f 3845/2272/4954 3841/2268/4954 3844/2271/4954
f 3841/2268/4955 3845/2272/4955 3835/2262/4955
f 3842/2269/4956 3846/2273/4956 3843/2270/4956
f 3847/2274/4957 3846/2273/4957 3842/2269/4957
f 3848/2275/4958 3847/2274/4958 3842/2269/4958
f 3848/2275/4959 3838/2265/4959 3840/2267/4959
f 3834/2261/4960 3838/2265/4960 3848/2275/4960
f 3842/2269/4961 3834/2261/4961 3848/2275/4961
f 3840/2267/4962 3839/2266/4962 3849/2276/4962
f 3850/2277/4963 3840/2267/4963 3849/2276/4963
f 3847/2274/4964 3848/2275/4964 3850/2277/4964
f 3840/2267/4965 3850/2277/4965 3848/2275/4965
f 3850/2277/4966 3849/2276/4966 3851/2278/4966
f 3851/2278/4967 3849/2276/4967 3852/2279/4967
f 3849/2276/4968 3853/2280/4968 3852/2279/4968
f 3852/2279/4969 3853/2280/4969 3854/2281/4969
f 3851/2278/4970 3852/2279/4970 3855/2282/4970
f 3852/2279/4971 3856/2283/4971 3855/2282/4971
f 3856/2283/4972 3852/2279/4972 3854/2281/4972
f 3849/2276/4973 3857/2284/4973 3853/2280/4973
f 3849/2276/4974 3858/2285/4974 3857/2284/4974
f 3839/2266/4975 3858/2285/4975 3849/2276/4975
f 3859/2286/4976 3850/2277/4976 3851/2278/4976
f 3855/2282/4977 3859/2286/4977 3851/2278/4977
f 3850/2277/4978 3859/2286/4978 3847/2274/4978
f 3857/2284/4979 3860/2287/4979 3853/2280/4979
f 3854/2281/4980 3853/2280/4980 3860/2287/4980
f 3857/2284/4981 3858/2285/4981 3861/2288/4981
f 3862/2289/4982 3857/2284/4982 3861/2288/4982
f 3854/2281/4983 3863/2290/4983 3856/2283/4983
f 3864/2291/4984 3856/2283/4984 3863/2290/4984
f 3856/2283/4985 3864/2291/4985 3855/2282/4985
f 3865/2292/4986 3864/2291/4986 3863/2290/4986
f 3857/2284/4987 3862/2289/4987 3866/2293/4987
f 3860/2287/4988 3857/2284/4988 3866/2293/4988
f 3862/2289/4989 3867/2294/4989 3866/2293/4989
f 3867/2294/4990 3862/2289/4990 3861/2288/4990
f 3867/2294/4991 3868/2295/4991 3866/2293/4991
f 3867/2294/4992 3869/2296/4992 3868/2295/4992
f 3870/2297/4993 3869/2296/4993 3867/2294/4993
f 3871/2298/4994 3870/2297/4994 3867/2294/4994
f 3871/2298/4995 3867/2294/4995 3861/2288/4995
f 3860/2287/4996 3866/2293/4996 3872/2299/4996
f 3872/2299/4997 3866/2293/4997 3868/2295/4997
f 3868/2295/4998 3873/2300/4998 3872/2299/4998
f 3874/2301/4999 3873/2300/4999 3868/2295/4999
f 3869/2296/5000 3874/2301/5000 3868/2295/5000
f 3875/2302/5001 3860/2287/5001 3872/2299/5001
f 3876/2303/5002 3871/2298/5002 3861/2288/5002
f 3877/2304/5003 3871/2298/5003 3876/2303/5003
f 3877/2304/5004 3878/2305/5004 3871/2298/5004
f 3878/2305/5005 3870/2297/5005 3871/2298/5005
f 3877/2304/5006 3879/2306/5006 3878/2305/5006
f 3880/2307/5007 3879/2306/5007 3877/2304/5007
f 3876/2303/5008 3881/2308/5008 3877/2304/5008
f 3880/2307/5009 3877/2304/5009 3881/2308/5009
f 3833/2260/5010 3880/2307/5010 3881/2308/5010
f 3837/2264/5011 3833/2260/5011 3881/2308/5011
f 3833/2260/5012 3836/2263/5012 3880/2307/5012
f 3836/2263/5013 3882/2309/5013 3880/2307/5013
f 3882/2309/5014 3879/2306/5014 3880/2307/5014
f 3883/2310/5015 3882/2309/5015 3836/2263/5015
f 3884/2311/5016 3883/2310/5016 3836/2263/5016
f 3885/2312/5017 3884/2311/5017 3836/2263/5017
f 3885/2312/5018 3836/2263/5018 3835/2262/5018
f 3885/2312/5019 3835/2262/5019 3845/2272/5019
f 3886/2313/5020 3885/2312/5020 3845/2272/5020
f 3886/2313/5021 3887/2314/5021 3885/2312/5021
f 3887/2314/5022 3888/2315/5022 3885/2312/5022
f 3885/2312/5023 3888/2315/5023 3884/2311/5023
f 3886/2313/5024 3889/2316/5024 3887/2314/5024
f 3886/2313/5025 3845/2272/5025 3844/2271/5025
f 3886/2313/5026 3844/2271/5026 3890/2317/5026
f 3886/2313/5027 3890/2317/5027 3889/2316/5027
f 3891/2318/5028 3883/2310/5028 3884/2311/5028
f 3883/2310/5029 3891/2318/5029 3892/2319/5029
f 3892/2319/5030 3893/2320/5030 3883/2310/5030
f 3883/2310/5031 3893/2320/5031 3882/2309/5031
f 3884/2311/5032 3894/2321/5032 3891/2318/5032
f 3888/2315/5033 3894/2321/5033 3884/2311/5033
f 3894/2321/5034 3895/2322/5034 3891/2318/5034
f 3895/2322/5035 3892/2319/5035 3891/2318/5035
f 3894/2321/5036 3896/2323/5036 3895/2322/5036
f 3897/2324/5037 3894/2321/5037 3888/2315/5037
f 3888/2315/5038 3887/2314/5038 3898/2325/5038
f 3888/2315/5039 3898/2325/5039 3897/2324/5039
f 3887/2314/5040 3889/2316/5040 3899/2326/5040
f 3887/2314/5041 3899/2326/5041 3898/2325/5041
f 3900/2327/5042 3894/2321/5042 3897/2324/5042
f 3901/2328/5043 3894/2321/5043 3900/2327/5043
f 3896/2323/5044 3894/2321/5044 3901/2328/5044
f 3902/2329/5045 3901/2328/5045 3900/2327/5045
f 3897/2324/5046 3898/2325/5046 3902/2329/5046
f 3897/2324/5047 3902/2329/5047 3900/2327/5047
f 3902/2329/5048 3898/2325/5048 3899/2326/5048
f 3902/2329/5049 3903/2330/5049 3901/2328/5049
f 3904/2331/5050 3901/2328/5050 3903/2330/5050
f 3896/2323/5051 3901/2328/5051 3904/2331/5051
f 3902/2329/5052 3905/2332/5052 3903/2330/5052
f 3899/2326/5053 3905/2332/5053 3902/2329/5053
f 3905/2332/5054 3906/2333/5054 3903/2330/5054
f 3903/2330/5055 3906/2333/5055 3907/2334/5055
f 3908/2335/5056 3893/2320/5056 3892/2319/5056
f 3909/2336/5057 3908/2335/5057 3892/2319/5057
f 3895/2322/5058 3909/2336/5058 3892/2319/5058
f 3909/2336/5059 3910/2337/5059 3908/2335/5059
f 3903/2330/5060 3907/2334/5060 3911/2338/5060
f 3904/2331/5061 3903/2330/5061 3911/2338/5061
f 3907/2334/5062 3906/2333/5062 3912/2339/5062
f 3906/2333/5063 3913/2340/5063 3912/2339/5063
f 3906/2333/5064 3905/2332/5064 3914/2341/5064
f 3906/2333/5065 3914/2341/5065 3913/2340/5065
f 3899/2326/5066 3914/2341/5066 3905/2332/5066
f 3914/2341/5067 3899/2326/5067 3889/2316/5067
f 3915/2342/5068 3914/2341/5068 3889/2316/5068
f 3890/2317/5069 3915/2342/5069 3889/2316/5069
f 3890/2317/5070 3916/2343/5070 3915/2342/5070
f 3890/2317/5071 3844/2271/5071 3916/2343/5071
f 3844/2271/5072 3917/2344/5072 3916/2343/5072
f 3917/2344/5073 3844/2271/5073 3843/2270/5073
f 3843/2270/5074 3918/2345/5074 3917/2344/5074
f 3918/2345/5075 3843/2270/5075 3919/2346/5075
f 3919/2346/5076 3920/2347/5076 3918/2345/5076
f 3919/2346/5077 3921/2348/5077 3920/2347/5077
f 3921/2348/5078 3922/2349/5078 3920/2347/5078
f 3922/2349/5079 3921/2348/5079 3923/2350/5079
f 3921/2348/5080 3924/2351/5080 3923/2350/5080
f 3847/2274/5081 3921/2348/5081 3919/2346/5081
f 3919/2346/5082 3846/2273/5082 3847/2274/5082
f 3846/2273/5083 3919/2346/5083 3843/2270/5083
f 3921/2348/5084 3847/2274/5084 3859/2286/5084
f 3924/2351/5085 3921/2348/5085 3859/2286/5085
f 3925/2352/5086 3924/2351/5086 3859/2286/5086
f 3855/2282/5087 3925/2352/5087 3859/2286/5087
f 3926/2353/5088 3923/2350/5088 3924/2351/5088
f 3925/2352/5089 3926/2353/5089 3924/2351/5089
f 3927/2354/5090 3926/2353/5090 3925/2352/5090
f 3864/2291/5091 3925/2352/5091 3855/2282/5091
f 3927/2354/5092 3925/2352/5092 3864/2291/5092
f 3928/2355/5093 3927/2354/5093 3864/2291/5093
f 3865/2292/5094 3928/2355/5094 3864/2291/5094
f 3929/2356/5095 3923/2350/5095 3926/2353/5095
f 3929/2356/5096 3930/2357/5096 3923/2350/5096
f 3930/2357/5097 3922/2349/5097 3923/2350/5097
f 3931/2358/5098 3930/2357/5098 3929/2356/5098
f 3932/2359/5099 3930/2357/5099 3931/2358/5099
f 3932/2359/5100 3931/2358/5100 3933/2360/5100
f 3929/2356/5101 3934/2361/5101 3931/2358/5101
f 3935/2362/5102 3934/2361/5102 3929/2356/5102
f 3926/2353/5103 3927/2354/5103 3935/2362/5103
f 3935/2362/5104 3929/2356/5104 3926/2353/5104
f 3927/2354/5105 3928/2355/5105 3936/2363/5105
f 3935/2362/5106 3927/2354/5106 3936/2363/5106
f 3935/2362/5107 3936/2363/5107 3937/2364/5107
f 3937/2364/5108 3934/2361/5108 3935/2362/5108
f 3938/2365/5109 3934/2361/5109 3937/2364/5109
f 3939/2366/5110 3938/2365/5110 3937/2364/5110
f 3933/2360/5111 3931/2358/5111 3940/2367/5111
f 3940/2367/5112 3931/2358/5112 3934/2361/5112
f 3934/2361/5113 3938/2365/5113 3940/2367/5113
f 3941/2368/5114 3933/2360/5114 3940/2367/5114
f 3942/2369/5115 3933/2360/5115 3941/2368/5115
f 3941/2368/5116 3943/2370/5116 3942/2369/5116
f 3943/2370/5117 3944/2371/5117 3942/2369/5117
f 3943/2370/5118 3945/2372/5118 3944/2371/5118
f 3946/2373/5119 3944/2371/5119 3945/2372/5119
f 3945/2372/5120 3947/2374/5120 3946/2373/5120
f 3948/2375/5121 3946/2373/5121 3947/2374/5121
f 3947/2374/5122 3949/2376/5122 3948/2375/5122
f 3950/2377/5123 3946/2373/5123 3948/2375/5123
f 3951/2378/5124 3946/2373/5124 3950/2377/5124
f 3944/2371/5125 3946/2373/5125 3951/2378/5125
f 3913/2340/5126 3951/2378/5126 3950/2377/5126
f 3913/2340/5127 3950/2377/5127 3912/2339/5127
f 3950/2377/5128 3952/2379/5128 3912/2339/5128
f 3948/2375/5129 3952/2379/5129 3950/2377/5129
f 3913/2340/5130 3914/2341/5130 3951/2378/5130
f 3951/2378/5131 3914/2341/5131 3915/2342/5131
f 3953/2380/5132 3951/2378/5132 3915/2342/5132
f 3953/2380/5133 3944/2371/5133 3951/2378/5133
f 3916/2343/5134 3953/2380/5134 3915/2342/5134
f 3916/2343/5135 3954/2381/5135 3953/2380/5135
f 3953/2380/5136 3954/2381/5136 3944/2371/5136
f 3954/2381/5137 3916/2343/5137 3917/2344/5137
f 3917/2344/5138 3955/2382/5138 3954/2381/5138
f 3955/2382/5139 3917/2344/5139 3918/2345/5139
f 3918/2345/5140 3956/2383/5140 3955/2382/5140
f 3918/2345/5141 3920/2347/5141 3956/2383/5141
f 3956/2383/5142 3933/2360/5142 3955/2382/5142
f 3933/2360/5143 3942/2369/5143 3955/2382/5143
f 3954/2381/5144 3955/2382/5144 3942/2369/5144
f 3920/2347/5145 3932/2359/5145 3956/2383/5145
f 3956/2383/5146 3932/2359/5146 3933/2360/5146
f 3954/2381/5147 3942/2369/5147 3944/2371/5147
f 3920/2347/5148 3922/2349/5148 3932/2359/5148
f 3922/2349/5149 3930/2357/5149 3932/2359/5149
f 3839/2266/5150 3876/2303/5150 3858/2285/5150
f 3839/2266/5151 3881/2308/5151 3876/2303/5151
f 3839/2266/5152 3837/2264/5152 3881/2308/5152
f 3876/2303/5153 3861/2288/5153 3858/2285/5153
f 3882/2309/5154 3957/2384/5154 3879/2306/5154
f 3893/2320/5155 3957/2384/5155 3882/2309/5155
f 3958/2385/5156 3879/2306/5156 3957/2384/5156
f 3957/2384/5157 3959/2386/5157 3958/2385/5157
f 3879/2306/5158 3958/2385/5158 3878/2305/5158
f 3960/2387/5159 3959/2386/5159 3957/2384/5159
f 3960/2387/5160 3957/2384/5160 3893/2320/5160
f 3908/2335/5161 3960/2387/5161 3893/2320/5161
f 3961/2388/5162 3962/2389/5162 3963/2390/5162
f 3938/2365/5163 3962/2389/5163 3961/2388/5163
f 3938/2365/5164 3961/2388/5164 3940/2367/5164
f 3961/2388/5165 3941/2368/5165 3940/2367/5165
f 3961/2388/5166 3964/2391/5166 3941/2368/5166
f 3964/2391/5167 3961/2388/5167 3963/2390/5167
f 3943/2370/5168 3941/2368/5168 3964/2391/5168
f 3965/2392/5169 3962/2389/5169 3938/2365/5169
f 3965/2392/5170 3966/2393/5170 3962/2389/5170
f 3962/2389/5171 3966/2393/5171 3963/2390/5171
f 3966/2393/5172 3967/2394/5172 3963/2390/5172
f 3967/2394/5173 3968/2395/5173 3963/2390/5173
f 3969/2396/5174 3968/2395/5174 3967/2394/5174
f 3969/2396/5175 3970/2397/5175 3968/2395/5175
f 3968/2395/5176 3970/2397/5176 3971/2398/5176
f 3968/2395/5177 3971/2398/5177 3972/2399/5177
f 3973/2400/5178 3970/2397/5178 3969/2396/5178
f 3974/2401/5179 3973/2400/5179 3969/2396/5179
f 3968/2395/5180 3972/2399/5180 3975/2402/5180
f 3975/2402/5181 3972/2399/5181 3976/2403/5181
f 3976/2403/5182 3977/2404/5182 3975/2402/5182
f 3968/2395/5183 3975/2402/5183 3963/2390/5183
f 3964/2391/5184 3963/2390/5184 3975/2402/5184
f 3978/2405/5185 3974/2401/5185 3969/2396/5185
f 3965/2392/5186 3979/2406/5186 3966/2393/5186
f 3980/2407/5187 3971/2398/5187 3970/2397/5187
f 3980/2407/5188 3970/2397/5188 3981/2408/5188
f 3981/2408/5189 3970/2397/5189 3973/2400/5189
f 3975/2402/5190 3977/2404/5190 3982/2409/5190
f 3964/2391/5191 3975/2402/5191 3982/2409/5191
f 3977/2404/5192 3983/2410/5192 3982/2409/5192
f 3983/2410/5193 3984/2411/5193 3982/2409/5193
f 3984/2411/5194 3985/2412/5194 3982/2409/5194
f 3986/2413/5195 3982/2409/5195 3985/2412/5195
f 3985/2412/5196 3984/2411/5196 3987/2414/5196
f 3985/2412/5197 3987/2414/5197 3988/2415/5197
f 3989/2416/5198 3985/2412/5198 3988/2415/5198
f 3986/2413/5199 3985/2412/5199 3989/2416/5199
f 3986/2413/5200 3989/2416/5200 3945/2372/5200
f 3945/2372/5201 3943/2370/5201 3986/2413/5201
f 3990/2417/5202 3988/2415/5202 3987/2414/5202
f 3991/2418/5203 3990/2417/5203 3987/2414/5203
f 3945/2372/5204 3989/2416/5204 3992/2419/5204
f 3992/2419/5205 3989/2416/5205 3988/2415/5205
f 3988/2415/5206 3990/2417/5206 3993/2420/5206
f 3992/2419/5207 3988/2415/5207 3993/2420/5207
f 3947/2374/5208 3945/2372/5208 3992/2419/5208
f 3947/2374/5209 3992/2419/5209 3993/2420/5209
f 3949/2376/5210 3947/2374/5210 3993/2420/5210
f 3966/2393/5211 3994/2421/5211 3995/2422/5211
f 3967/2394/5212 3966/2393/5212 3995/2422/5212
f 3967/2394/5213 3995/2422/5213 3969/2396/5213
f 3995/2422/5214 3996/2423/5214 3969/2396/5214
f 3994/2421/5215 3966/2393/5215 3979/2406/5215
f 3997/2424/5216 3994/2421/5216 3979/2406/5216
f 3978/2405/5217 3969/2396/5217 3996/2423/5217
f 3974/2401/5218 3978/2405/5218 3998/2425/5218
f 3999/2426/5219 3979/2406/5219 4000/2427/5219
f 4000/2427/5220 3939/2366/5220 3999/2426/5220
f 4000/2427/5221 3965/2392/5221 3939/2366/5221
f 4000/2427/5222 3979/2406/5222 3965/2392/5222
f 3938/2365/5223 3939/2366/5223 3965/2392/5223
f 3971/2398/5224 4001/2428/5224 3972/2399/5224
f 3971/2398/5225 4002/2429/5225 4001/2428/5225
f 3971/2398/5226 3980/2407/5226 4002/2429/5226
f 4001/2428/5227 3976/2403/5227 3972/2399/5227
f 4002/2429/5228 4003/2430/5228 4001/2428/5228
f 4004/2431/5229 4005/2432/5229 4006/2433/5229
f 4005/2432/5230 4007/2434/5230 4006/2433/5230
f 4008/2435/5231 4006/2433/5231 4007/2434/5231
f 4005/2432/5232 4009/2436/5232 4007/2434/5232
f 4010/2437/5233 4008/2435/5233 4007/2434/5233
f 4011/2438/5234 4008/2435/5234 4010/2437/5234
f 4012/2439/5235 4011/2438/5235 4010/2437/5235
f 4009/2436/5236 4005/2432/5236 4013/2440/5236
f 4014/2441/5237 4013/2440/5237 4005/2432/5237
f 4004/2431/5238 4014/2441/5238 4005/2432/5238
f 4014/2441/5239 4015/2442/5239 4013/2440/5239
f 4015/2442/5240 4016/2443/5240 4013/2440/5240
f 4017/2444/5241 4018/2445/5241 4019/2446/5241
f 4020/2447/5242 4017/2444/5242 4019/2446/5242
f 4021/2448/5243 4017/2444/5243 4020/2447/5243
f 4021/2448/5244 4020/2447/5244 4022/2449/5244
f 4021/2448/5245 4022/2449/5245 4023/2450/5245
f 4021/2448/5246 4023/2450/5246 4024/2451/5246
f 4022/2449/5247 4025/2452/5247 4023/2450/5247
f 4020/2447/5248 4019/2446/5248 4025/2452/5248
f 4022/2449/5249 4020/2447/5249 4025/2452/5249
f 4023/2450/5250 4026/2453/5250 4024/2451/5250
f 4025/2452/5251 4026/2453/5251 4023/2450/5251
f 4026/2453/5252 4027/2454/5252 4024/2451/5252
f 3854/2281/5253 3860/2287/5253 3875/2302/5253
f 4028/2455/5254 4029/2456/5254 4030/2457/5254
f 4028/2455/5255 4030/2457/5255 4031/2458/5255
f 4032/2459/5256 4031/2458/5256 4030/2457/5256
f 4031/2458/5257 4033/2460/5257 4028/2455/5257
f 4031/2458/5258 4032/2459/5258 4033/2460/5258
f 4032/2459/5259 4034/2461/5259 4033/2460/5259
f 4034/2461/5260 4035/2462/5260 4033/2460/5260
f 4033/2460/5261 4035/2462/5261 4036/2463/5261
f 4033/2460/5262 4036/2463/5262 4037/2464/5262
f 4033/2460/5263 4037/2464/5263 4028/2455/5263
f 4028/2455/5264 4037/2464/5264 4038/2465/5264
f 4037/2464/5265 4036/2463/5265 4038/2465/5265
f 4029/2456/5266 4028/2455/5266 4038/2465/5266
f 4039/2466/5267 4029/2456/5267 4038/2465/5267
f 4040/2467/5268 4039/2466/5268 4038/2465/5268
f 4034/2461/5269 4032/2459/5269 4041/2468/5269
f 4041/2468/5270 4032/2459/5270 4042/2469/5270
f 4042/2469/5271 4032/2459/5271 4030/2457/5271
f 4043/2470/5272 4041/2468/5272 4042/2469/5272
f 4044/2471/5273 4041/2468/5273 4043/2470/5273
f 4044/2471/5274 4045/2472/5274 4041/2468/5274
f 4046/2473/5275 4045/2472/5275 4044/2471/5275
f 4047/2474/5276 4046/2473/5276 4044/2471/5276
f 4047/2474/5277 4048/2475/5277 4046/2473/5277
f 4048/2475/5278 4047/2474/5278 4049/2476/5278
f 4050/2477/5279 4048/2475/5279 4049/2476/5279
f 4050/2477/5280 4051/2478/5280 4048/2475/5280
f 4051/2478/5281 4052/2479/5281 4048/2475/5281
f 4048/2475/5282 4052/2479/5282 4046/2473/5282
f 4053/2480/5283 4045/2472/5283 4046/2473/5283
f 4053/2480/5284 4046/2473/5284 4054/2481/5284
f 4052/2479/5285 4054/2481/5285 4046/2473/5285
f 4045/2472/5286 4053/2480/5286 4055/2482/5286
f 4045/2472/5287 4055/2482/5287 4041/2468/5287
f 4055/2482/5288 4034/2461/5288 4041/2468/5288
f 4043/2470/5289 4042/2469/5289 4056/2469/5289
f 4043/2470/5290 4056/2469/5290 4057/2470/5290
f 4044/2471/5291 4043/2470/5291 4057/2470/5291
f 4044/2471/5292 4057/2470/5292 4058/2471/5292
f 4059/2474/5293 4047/2474/5293 4044/2471/5293
f 4044/2471/5294 4058/2471/5294 4059/2474/5294
f 4060/2476/5295 4049/2476/5295 4047/2474/5295
f 4047/2474/5296 4059/2474/5296 4060/2476/5296
f 4052/2479/5297 4051/2478/5297 4061/2483/5297
f 4052/2479/5298 4061/2483/5298 4062/2484/5298
f 4054/2481/5299 4052/2479/5299 4062/2484/5299
f 4053/2480/5300 4054/2481/5300 4063/2485/5300
f 4054/2481/5301 4062/2484/5301 4063/2485/5301
f 4053/2480/5302 4063/2485/5302 4064/2486/5302
f 4055/2482/5303 4053/2480/5303 4064/2486/5303
f 4034/2461/5304 4055/2482/5304 4065/2487/5304
f 4055/2482/5305 4064/2486/5305 4065/2487/5305
f 4034/2461/5306 4065/2487/5306 4066/2488/5306
f 4035/2462/5307 4034/2461/5307 4066/2488/5307
f 4035/2462/5308 4066/2488/5308 4067/2489/5308
f 4036/2463/5309 4035/2462/5309 4067/2489/5309
f 4036/2463/5310 4067/2489/5310 4068/2490/5310
f 4036/2463/5311 4068/2490/5311 4069/2491/5311
f 4069/2491/5312 4070/2492/5312 4036/2463/5312
f 4070/2492/5313 4069/2491/5313 4071/2493/5313
f 4071/2493/5314 4072/2494/5314 4070/2492/5314
f 4070/2492/5315 4072/2494/5315 4073/2495/5315
f 4070/2492/5316 4073/2495/5316 4038/2465/5316
f 4036/2463/5317 4070/2492/5317 4038/2465/5317
f 4072/2494/5318 4074/2496/5318 4073/2495/5318
f 4074/2496/5319 4075/2497/5319 4073/2495/5319
f 4038/2465/5320 4073/2495/5320 4076/2498/5320
f 4077/2499/5321 4073/2495/5321 4075/2497/5321
f 4078/2500/5322 4073/2495/5322 4077/2499/5322
f 4076/2498/5323 4073/2495/5323 4079/2501/5323
f 4079/2501/5324 4073/2495/5324 4078/2500/5324
f 4080/2502/5325 4074/2496/5325 4072/2494/5325
f 4072/2494/5326 4071/2493/5326 4080/2502/5326
f 4078/2500/5327 4077/2499/5327 4081/2499/5327
f 4081/2499/5328 4077/2499/5328 4082/2503/5328
f 4082/2503/5329 4077/2499/5329 4075/2497/5329
f 4082/2503/5330 4083/2503/5330 4081/2499/5330
f 4078/2500/5331 4081/2499/5331 4084/2500/5331
f 4085/2498/5332 4076/2498/5332 4079/2501/5332
f 4040/2467/5333 4076/2498/5333 4085/2498/5333
f 4038/2465/5334 4076/2498/5334 4040/2467/5334
f 4040/2467/5335 4085/2498/5335 4086/2467/5335
f 4040/2467/5336 4086/2467/5336 4087/2466/5336
f 4087/2466/5337 4039/2466/5337 4040/2467/5337
f 4039/2466/5338 4087/2466/5338 4088/2504/5338
f 4088/2504/5339 4089/2504/5339 4039/2466/5339
f 4042/2469/5340 4089/2504/5340 4088/2504/5340
f 4042/2469/5341 4088/2504/5341 4056/2469/5341
f 4079/2501/5342 4090/2501/5342 4085/2498/5342
f 4078/2500/5343 4084/2500/5343 4090/2501/5343
f 4079/2501/5344 4078/2500/5344 4090/2501/5344
f 4029/2456/5345 4039/2466/5345 4089/2504/5345
f 4029/2456/5346 4089/2504/5346 4030/2457/5346
f 4089/2504/5347 4042/2469/5347 4030/2457/5347
f 4091/2299/5348 4092/2300/5348 4093/2295/5348
f 4093/2295/5349 4092/2300/5349 4094/2301/5349
f 4093/2295/5350 4094/2301/5350 4095/2296/5350
f 4093/2295/5351 4095/2296/5351 4096/2294/5351
f 4097/2293/5352 4093/2295/5352 4096/2294/5352
f 4093/2295/5353 4097/2293/5353 4091/2299/5353
f 4096/2294/5354 4095/2296/5354 4098/2297/5354
f 4099/2298/5355 4096/2294/5355 4098/2297/5355
f 4100/2288/5356 4096/2294/5356 4099/2298/5356
f 4100/2288/5357 4099/2298/5357 4101/2303/5357
f 4101/2303/5358 4099/2298/5358 4102/2308/5358
f 4099/2298/5359 4103/2304/5359 4102/2308/5359
f 4099/2298/5360 4098/2297/5360 4103/2304/5360
f 4100/2288/5361 4104/2289/5361 4096/2294/5361
f 4104/2289/5362 4097/2293/5362 4096/2294/5362
f 4098/2297/5363 4105/2305/5363 4103/2304/5363
f 4105/2305/5364 4106/2306/5364 4103/2304/5364
f 4105/2305/5365 4107/2385/5365 4106/2306/5365
f 4108/2384/5366 4106/2306/5366 4107/2385/5366
f 4109/2309/5367 4106/2306/5367 4108/2384/5367
f 4109/2309/5368 4108/2384/5368 4110/2320/5368
f 4111/2310/5369 4109/2309/5369 4110/2320/5369
f 4111/2310/5370 4110/2320/5370 4112/2319/5370
f 4107/2385/5371 4113/2386/5371 4108/2384/5371
f 4108/2384/5372 4113/2386/5372 4114/2387/5372
f 4110/2320/5373 4108/2384/5373 4114/2387/5373
f 4103/2304/5374 4106/2306/5374 4115/2307/5374
f 4102/2308/5375 4103/2304/5375 4115/2307/5375
f 4109/2309/5376 4115/2307/5376 4106/2306/5376
f 4110/2320/5377 4114/2387/5377 4116/2335/5377
f 4112/2319/5378 4110/2320/5378 4116/2335/5378
f 4112/2319/5379 4116/2335/5379 4117/2336/5379
f 4112/2319/5380 4118/2318/5380 4111/2310/5380
f 4118/2318/5381 4112/2319/5381 4117/2336/5381
f 4119/2322/5382 4118/2318/5382 4117/2336/5382
f 4116/2335/5383 4120/2337/5383 4117/2336/5383
f 4121/2317/5384 4122/2344/5384 4123/2271/5384
f 4123/2271/5385 4122/2344/5385 4124/2345/5385
f 4123/2271/5386 4124/2345/5386 4125/2270/5386
f 4125/2270/5387 4124/2345/5387 4126/2347/5387
f 4125/2270/5388 4126/2347/5388 4127/2346/5388
f 4127/2346/5389 4126/2347/5389 4128/2348/5389
f 4127/2346/5390 4128/2348/5390 4129/2274/5390
f 4129/2274/5391 4130/2273/5391 4127/2346/5391
f 4125/2270/5392 4127/2346/5392 4130/2273/5392
f 4131/2286/5393 4129/2274/5393 4128/2348/5393
f 4132/2351/5394 4131/2286/5394 4128/2348/5394
f 4133/2350/5395 4132/2351/5395 4128/2348/5395
f 4133/2350/5396 4128/2348/5396 4134/2349/5396
f 4126/2347/5397 4134/2349/5397 4128/2348/5397
f 4131/2286/5398 4132/2351/5398 4135/2352/5398
f 4132/2351/5399 4133/2350/5399 4135/2352/5399
f 4131/2286/5400 4135/2352/5400 4136/2282/5400
f 4133/2350/5401 4137/2353/5401 4135/2352/5401
f 4136/2282/5402 4135/2352/5402 4138/2291/5402
f 4138/2291/5403 4135/2352/5403 4137/2353/5403
f 4137/2353/5404 4139/2354/5404 4138/2291/5404
f 4140/2283/5405 4136/2282/5405 4138/2291/5405
f 4141/2269/5406 4130/2273/5406 4129/2274/5406
f 4136/2282/5407 4140/2283/5407 4142/2279/5407
f 4143/2281/5408 4142/2279/5408 4140/2283/5408
f 4142/2279/5409 4143/2281/5409 4144/2280/5409
f 4142/2279/5410 4144/2280/5410 4145/2276/5410
f 4146/2278/5411 4142/2279/5411 4145/2276/5411
f 4146/2278/5412 4136/2282/5412 4142/2279/5412
f 4146/2278/5413 4131/2286/5413 4136/2282/5413
f 4146/2278/5414 4147/2277/5414 4131/2286/5414
f 4146/2278/5415 4145/2276/5415 4147/2277/5415
f 4140/2283/5416 4148/2290/5416 4143/2281/5416
f 4148/2290/5417 4140/2283/5417 4138/2291/5417
f 4149/2292/5418 4148/2290/5418 4138/2291/5418
f 4138/2291/5419 4139/2354/5419 4149/2292/5419
f 4129/2274/5420 4131/2286/5420 4147/2277/5420
f 4141/2269/5421 4129/2274/5421 4150/2275/5421
f 4147/2277/5422 4150/2275/5422 4129/2274/5422
f 4150/2275/5423 4151/2261/5423 4141/2269/5423
f 4152/2268/5424 4141/2269/5424 4151/2261/5424
f 4141/2269/5425 4152/2268/5425 4125/2270/5425
f 4123/2271/5426 4125/2270/5426 4152/2268/5426
f 4125/2270/5427 4130/2273/5427 4141/2269/5427
f 4151/2261/5428 4153/2262/5428 4152/2268/5428
f 4150/2275/5429 4154/2265/5429 4151/2261/5429
f 4145/2276/5430 4155/2267/5430 4147/2277/5430
f 4150/2275/5431 4147/2277/5431 4155/2267/5431
f 4155/2267/5432 4154/2265/5432 4150/2275/5432
f 4156/2272/5433 4123/2271/5433 4152/2268/5433
f 4153/2262/5434 4156/2272/5434 4152/2268/5434
f 4123/2271/5435 4156/2272/5435 4157/2313/5435
f 4121/2317/5436 4123/2271/5436 4157/2313/5436
f 4158/2316/5437 4121/2317/5437 4157/2313/5437
f 4159/2314/5438 4158/2316/5438 4157/2313/5438
f 4158/2316/5439 4160/2342/5439 4121/2317/5439
f 4160/2342/5440 4161/2343/5440 4121/2317/5440
f 4158/2316/5441 4162/2341/5441 4160/2342/5441
f 4158/2316/5442 4163/2326/5442 4162/2341/5442
f 4163/2326/5443 4158/2316/5443 4159/2314/5443
f 4164/2332/5444 4162/2341/5444 4163/2326/5444
f 4165/2329/5445 4164/2332/5445 4163/2326/5445
f 4163/2326/5446 4166/2325/5446 4165/2329/5446
f 4166/2325/5447 4163/2326/5447 4159/2314/5447
f 4167/2327/5448 4165/2329/5448 4166/2325/5448
f 4168/2324/5449 4167/2327/5449 4166/2325/5449
f 4168/2324/5450 4166/2325/5450 4169/2315/5450
f 4166/2325/5451 4159/2314/5451 4169/2315/5451
f 4170/2312/5452 4169/2315/5452 4159/2314/5452
f 4170/2312/5453 4159/2314/5453 4157/2313/5453
f 4156/2272/5454 4170/2312/5454 4157/2313/5454
f 4165/2329/5455 4171/2330/5455 4164/2332/5455
f 4165/2329/5456 4167/2327/5456 4171/2330/5456
f 4162/2341/5457 4164/2332/5457 4172/2333/5457
f 4171/2330/5458 4172/2333/5458 4164/2332/5458
f 4167/2327/5459 4173/2328/5459 4171/2330/5459
f 4174/2340/5460 4162/2341/5460 4172/2333/5460
f 4175/2339/5461 4174/2340/5461 4172/2333/5461
f 4176/2338/5462 4171/2330/5462 4173/2328/5462
f 4173/2328/5463 4177/2331/5463 4176/2338/5463
f 4176/2338/5464 4178/2334/5464 4171/2330/5464
f 4178/2334/5465 4175/2339/5465 4172/2333/5465
f 4178/2334/5466 4172/2333/5466 4171/2330/5466
f 4156/2272/5467 4153/2262/5467 4170/2312/5467
f 4179/2505/5468 4180/2506/5468 4181/2507/5468
f 4182/2508/5469 4179/2505/5469 4181/2507/5469
f 4180/2506/5470 4179/2505/5470 4183/2509/5470
f 4180/2506/5471 4183/2509/5471 4184/2510/5471
f 4182/2508/5472 4185/2511/5472 4179/2505/5472
f 4183/2509/5473 4179/2505/5473 4185/2511/5473
f 4182/2508/5474 4186/2512/5474 4185/2511/5474
f 4182/2508/5475 4187/2513/5475 4186/2512/5475
f 4187/2513/5476 4182/2508/5476 4181/2507/5476
f 4181/2507/5477 4180/2506/5477 4188/2514/5477
f 4188/2514/5478 4180/2506/5478 4184/2510/5478
f 4189/2515/5479 4181/2507/5479 4188/2514/5479
f 4189/2515/5480 4190/2516/5480 4181/2507/5480
f 4190/2516/5481 4191/2517/5481 4181/2507/5481
f 4181/2507/5482 4191/2517/5482 4187/2513/5482
f 4192/2518/5483 4187/2513/5483 4191/2517/5483
f 4191/2517/5484 4190/2516/5484 4193/2519/5484
f 4193/2519/5485 4192/2518/5485 4191/2517/5485
f 4190/2516/5486 4194/2520/5486 4193/2519/5486
f 4195/2521/5487 4193/2519/5487 4194/2520/5487
f 4195/2521/5488 4192/2518/5488 4193/2519/5488
f 4196/2522/5489 4195/2521/5489 4194/2520/5489
f 4195/2521/5490 4196/2522/5490 4197/2523/5490
f 4187/2513/5491 4192/2518/5491 4198/2524/5491
f 4187/2513/5492 4198/2524/5492 4199/2525/5492
f 4199/2525/5493 4200/2526/5493 4187/2513/5493
f 4186/2512/5494 4187/2513/5494 4200/2526/5494
f 4192/2518/5495 4201/2527/5495 4198/2524/5495
f 4201/2527/5496 4192/2518/5496 4202/2528/5496
f 4192/2518/5497 4203/2529/5497 4202/2528/5497
f 4195/2521/5498 4203/2529/5498 4192/2518/5498
f 4203/2529/5499 4204/2530/5499 4202/2528/5499
f 4204/2530/5500 4205/2531/5500 4202/2528/5500
f 4203/2529/5501 4195/2521/5501 4206/2532/5501
f 4206/2532/5502 4204/2530/5502 4203/2529/5502
f 4197/2523/5503 4206/2532/5503 4195/2521/5503
f 4204/2530/5504 4206/2532/5504 4184/2510/5504
f 4183/2509/5505 4204/2530/5505 4184/2510/5505
f 4207/2533/5506 4204/2530/5506 4183/2509/5506
f 4205/2531/5507 4204/2530/5507 4207/2533/5507
f 4185/2511/5508 4207/2533/5508 4183/2509/5508
f 4208/2534/5509 4184/2510/5509 4206/2532/5509
f 4206/2532/5510 4197/2523/5510 4208/2534/5510
f 4184/2510/5511 4208/2534/5511 4188/2514/5511
f 4209/2514/5512 4188/2514/5512 4208/2534/5512
f 4209/2514/5513 4210/2535/5513 4188/2514/5513
f 4210/2535/5514 4189/2515/5514 4188/2514/5514
f 4190/2516/5515 4189/2515/5515 4210/2535/5515
f 4210/2535/5516 4211/2516/5516 4190/2516/5516
f 4211/2516/5517 4212/2520/5517 4190/2516/5517
f 4212/2520/5518 4194/2520/5518 4190/2516/5518
f 4196/2522/5519 4194/2520/5519 4212/2520/5519
f 4212/2520/5520 4213/2522/5520 4196/2522/5520
f 4213/2522/5521 4214/2523/5521 4196/2522/5521
f 4214/2523/5522 4197/2523/5522 4196/2522/5522
f 4215/2536/5523 4209/2514/5523 4208/2534/5523
f 4215/2536/5524 4208/2534/5524 4197/2523/5524
f 4214/2523/5525 4215/2536/5525 4197/2523/5525
f 4207/2533/5526 4185/2511/5526 4216/2537/5526
f 4217/2538/5527 4216/2537/5527 4185/2511/5527
f 4186/2512/5528 4217/2538/5528 4185/2511/5528
f 4186/2512/5529 4218/2539/5529 4217/2538/5529
f 4200/2526/5530 4218/2539/5530 4186/2512/5530
f 4219/2540/5531 4216/2537/5531 4217/2538/5531
f 4217/2538/5532 4220/2541/5532 4219/2540/5532
f 4220/2541/5533 4217/2538/5533 4218/2539/5533
f 4219/2540/5534 4220/2541/5534 4221/2542/5534
f 4222/2543/5535 4221/2542/5535 4220/2541/5535
f 4222/2543/5536 4223/2544/5536 4221/2542/5536
f 4222/2543/5537 4220/2541/5537 4224/2545/5537
f 4224/2545/5538 4220/2541/5538 4218/2539/5538
f 4224/2545/5539 4218/2539/5539 4200/2526/5539
f 4222/2543/5540 4224/2545/5540 4225/2546/5540
f 4223/2544/5541 4222/2543/5541 4226/2547/5541
f 4222/2543/5542 4227/2548/5542 4226/2547/5542
f 4222/2543/5543 4225/2546/5543 4227/2548/5543
f 4226/2547/5544 4228/2549/5544 4223/2544/5544
f 4229/2550/5545 4228/2549/5545 4226/2547/5545
f 4227/2548/5546 4225/2546/5546 4230/2551/5546
f 4230/2551/5547 4225/2546/5547 4231/2552/5547
f 4225/2546/5548 4232/2553/5548 4231/2552/5548
f 4233/2554/5549 4232/2553/5549 4225/2546/5549
f 4224/2545/5550 4200/2526/5550 4233/2554/5550
f 4225/2546/5551 4224/2545/5551 4233/2554/5551
f 4232/2553/5552 4233/2554/5552 4199/2525/5552
f 4232/2553/5553 4199/2525/5553 4234/2555/5553
f 4234/2555/5554 4235/2556/5554 4232/2553/5554
f 4235/2556/5555 4231/2552/5555 4232/2553/5555
f 4234/2555/5556 4236/2557/5556 4235/2556/5556
f 4199/2525/5557 4233/2554/5557 4200/2526/5557
f 4237/2558/5558 4238/2559/5558 4239/2560/5558
f 4240/2561/5559 4239/2560/5559 4238/2559/5559
f 4238/2559/5560 4241/2562/5560 4240/2561/5560
f 4239/2560/5561 4242/2563/5561 4237/2558/5561
f 4243/2564/5562 4237/2558/5562 4242/2563/5562
f 4242/2563/5563 4244/2565/5563 4243/2564/5563
f 4245/2566/5564 4243/2564/5564 4244/2565/5564
f 4244/2565/5565 4246/2567/5565 4245/2566/5565
f 4244/2565/5566 4242/2563/5566 4247/2568/5566
f 4246/2567/5567 4244/2565/5567 4248/2569/5567
f 4247/2568/5568 4248/2569/5568 4244/2565/5568
f 4249/2570/5569 4248/2569/5569 4247/2568/5569
f 4248/2569/5570 4249/2570/5570 4250/2571/5570
f 4248/2569/5571 4250/2571/5571 4251/2572/5571
f 4246/2567/5572 4248/2569/5572 4251/2572/5572
f 4252/2573/5573 4249/2570/5573 4247/2568/5573
f 4252/2573/5574 4247/2568/5574 4253/2574/5574
f 4242/2563/5575 4239/2560/5575 4253/2574/5575
f 4247/2568/5576 4242/2563/5576 4253/2574/5576
f 4254/2575/5577 4252/2573/5577 4253/2574/5577
f 4254/2575/5578 4253/2574/5578 4255/2576/5578
f 4256/2577/5579 4254/2575/5579 4255/2576/5579
f 4257/2578/5580 4256/2577/5580 4255/2576/5580
f 4257/2578/5581 4258/2579/5581 4256/2577/5581
f 4258/2579/5582 4257/2578/5582 4259/2580/5582
f 4260/2581/5583 4258/2579/5583 4259/2580/5583
f 4260/2581/5584 4259/2580/5584 4261/2582/5584
f 4262/2583/5585 4260/2581/5585 4261/2582/5585
f 4262/2583/5586 4261/2582/5586 4263/2584/5586
f 4261/2582/5587 4264/2585/5587 4263/2584/5587
f 4265/2586/5588 4263/2584/5588 4264/2585/5588
f 4265/2586/5589 4264/2585/5589 4266/2587/5589
f 4266/2587/5590 4264/2585/5590 4267/2588/5590
f 4264/2585/5591 4268/2589/5591 4267/2588/5591
f 4268/2589/5592 4264/2585/5592 4261/2582/5592
f 4265/2586/5593 4266/2587/5593 4269/2590/5593
f 4266/2587/5594 4267/2588/5594 4269/2590/5594
f 4270/2591/5595 4265/2586/5595 4269/2590/5595
f 4269/2590/5596 4267/2588/5596 4271/2592/5596
f 4269/2590/5597 4271/2592/5597 4272/2593/5597
f 4272/2593/5598 4270/2591/5598 4269/2590/5598
f 4273/2594/5599 4272/2593/5599 4271/2592/5599
f 4271/2592/5600 4274/2595/5600 4273/2594/5600
f 4275/2596/5601 4274/2595/5601 4271/2592/5601
f 4267/2588/5602 4275/2596/5602 4271/2592/5602
f 4267/2588/5603 4276/2597/5603 4275/2596/5603
f 4276/2597/5604 4267/2588/5604 4268/2589/5604
f 4277/2598/5605 4276/2597/5605 4268/2589/5605
f 4278/2599/5606 4276/2597/5606 4277/2598/5606
f 4277/2598/5607 4268/2589/5607 4279/2600/5607
f 4280/2601/5608 4277/2598/5608 4279/2600/5608
f 4281/2602/5609 4280/2601/5609 4279/2600/5609
f 4278/2599/5610 4277/2598/5610 4282/2603/5610
f 4278/2599/5611 4282/2603/5611 4283/2604/5611
f 4283/2604/5612 4282/2603/5612 4284/2605/5612
f 4285/2606/5613 4283/2604/5613 4284/2605/5613
f 4278/2599/5614 4283/2604/5614 4285/2606/5614
f 4284/2605/5615 4286/2607/5615 4285/2606/5615
f 4287/2608/5616 4285/2606/5616 4286/2607/5616
f 4287/2608/5617 4286/2607/5617 4288/2609/5617
f 4282/2603/5618 4289/2610/5618 4284/2605/5618
f 4277/2598/5619 4289/2610/5619 4282/2603/5619
f 4289/2610/5620 4290/2611/5620 4284/2605/5620
f 4291/2612/5621 4278/2599/5621 4285/2606/5621
f 4290/2611/5622 4289/2610/5622 4292/2613/5622
f 4284/2605/5623 4290/2611/5623 4293/2614/5623
f 4284/2605/5624 4293/2614/5624 4286/2607/5624
f 4279/2600/5625 4294/2615/5625 4281/2602/5625
f 4241/2562/5626 4281/2602/5626 4294/2615/5626
f 4293/2614/5627 4290/2611/5627 4295/2616/5627
f 4296/2617/5628 4293/2614/5628 4295/2616/5628
f 4293/2614/5629 4296/2617/5629 4286/2607/5629
f 4288/2609/5630 4286/2607/5630 4296/2617/5630
f 4295/2616/5631 4297/2618/5631 4296/2617/5631
f 4298/2619/5632 4296/2617/5632 4297/2618/5632
f 4296/2617/5633 4298/2619/5633 4288/2609/5633
f 4299/2620/5634 4298/2619/5634 4297/2618/5634
f 4285/2606/5635 4287/2608/5635 4300/2621/5635
f 4301/2622/5636 4291/2612/5636 4300/2621/5636
f 4301/2622/5637 4302/2623/5637 4291/2612/5637
f 4302/2623/5638 4301/2622/5638 4303/2624/5638
f 4303/2624/5639 4275/2596/5639 4302/2623/5639
f 4275/2596/5640 4303/2624/5640 4274/2595/5640
f 4276/2597/5641 4302/2623/5641 4275/2596/5641
f 4294/2615/5642 4240/2561/5642 4241/2562/5642
f 4302/2623/5643 4276/2597/5643 4278/2599/5643
f 4278/2599/5644 4291/2612/5644 4302/2623/5644
f 4291/2612/5645 4285/2606/5645 4300/2621/5645
f 4239/2560/5646 4240/2561/5646 4255/2576/5646
f 4253/2574/5647 4239/2560/5647 4255/2576/5647
f 4240/2561/5648 4294/2615/5648 4255/2576/5648
f 4294/2615/5649 4257/2578/5649 4255/2576/5649
f 4257/2578/5650 4294/2615/5650 4279/2600/5650
f 4257/2578/5651 4279/2600/5651 4259/2580/5651
f 4259/2580/5652 4279/2600/5652 4261/2582/5652
f 4279/2600/5653 4268/2589/5653 4261/2582/5653
f 4304/2625/5654 4305/2626/5654 4306/2627/5654
f 4305/2626/5655 4304/2625/5655 4307/2628/5655
f 4308/2629/5656 4304/2625/5656 4306/2627/5656
f 4309/2630/5657 4304/2625/5657 4308/2629/5657
f 4305/2626/5658 4307/2628/5658 4310/2631/5658
f 4310/2631/5659 4307/2628/5659 4243/2564/5659
f 4310/2631/5660 4243/2564/5660 4245/2566/5660
f 4309/2630/5661 4311/2632/5661 4304/2625/5661
f 4304/2625/5662 4311/2632/5662 4312/2633/5662
f 4312/2633/5663 4307/2628/5663 4304/2625/5663
f 4309/2630/5664 4308/2629/5664 4313/2634/5664
f 4309/2630/5665 4313/2634/5665 4314/2635/5665
f 4315/2636/5666 4309/2630/5666 4314/2635/5666
f 4311/2632/5667 4309/2630/5667 4315/2636/5667
f 4314/2635/5668 4316/2637/5668 4315/2636/5668
f 4315/2636/5669 4316/2637/5669 4317/2638/5669
f 4312/2633/5670 4311/2632/5670 4317/2638/5670
f 4315/2636/5671 4317/2638/5671 4311/2632/5671
f 4318/2639/5672 4312/2633/5672 4317/2638/5672
f 4317/2638/5673 4316/2637/5673 4318/2639/5673
f 4314/2635/5674 4289/2610/5674 4316/2637/5674
f 4238/2559/5675 4312/2633/5675 4318/2639/5675
f 4308/2629/5676 4319/2640/5676 4313/2634/5676
f 4313/2634/5677 4319/2640/5677 4320/2641/5677
f 4313/2634/5678 4320/2641/5678 4321/2642/5678
f 4316/2637/5679 4241/2562/5679 4318/2639/5679
f 4238/2559/5680 4318/2639/5680 4241/2562/5680
f 4316/2637/5681 4281/2602/5681 4241/2562/5681
f 4281/2602/5682 4316/2637/5682 4322/2643/5682
f 4289/2610/5683 4322/2643/5683 4316/2637/5683
f 4322/2643/5684 4280/2601/5684 4281/2602/5684
f 4277/2598/5685 4322/2643/5685 4289/2610/5685
f 4322/2643/5686 4277/2598/5686 4280/2601/5686
f 4319/2640/5687 4323/2644/5687 4320/2641/5687
f 4319/2640/5688 4324/2645/5688 4323/2644/5688
f 4324/2645/5689 4319/2640/5689 4308/2629/5689
f 4306/2627/5690 4324/2645/5690 4308/2629/5690
f 4237/2558/5691 4312/2633/5691 4238/2559/5691
f 4237/2558/5692 4307/2628/5692 4312/2633/5692
f 4237/2558/5693 4243/2564/5693 4307/2628/5693
f 4292/2613/5694 4313/2634/5694 4321/2642/5694
f 4292/2613/5695 4314/2635/5695 4313/2634/5695
f 4289/2610/5696 4314/2635/5696 4292/2613/5696
f 4325/2169/5697 4326/2171/5697 4327/2175/5697
f 4328/2174/5698 4325/2169/5698 4327/2175/5698
f 4329/2168/5699 4325/2169/5699 4328/2174/5699
f 4326/2171/5700 4330/2172/5700 4327/2175/5700
f 4329/2168/5701 4328/2174/5701 4331/2176/5701
f 4332/2177/5702 4329/2168/5702 4331/2176/5702
f 4333/2178/5703 4327/2175/5703 4330/2172/5703
f 4328/2174/5704 4327/2175/5704 4333/2178/5704
f 4331/2176/5705 4328/2174/5705 4333/2178/5705
f 4333/2178/5706 4330/2172/5706 4334/2179/5706
f 4332/2177/5707 4331/2176/5707 4335/2180/5707
f 4331/2176/5708 4333/2178/5708 4335/2180/5708
f 4333/2178/5709 4334/2179/5709 4335/2180/5709
f 4326/2171/5710 4325/2169/5710 4336/2170/5710
f 4326/2171/5711 4336/2170/5711 4330/2172/5711
f 4325/2169/5712 4329/2168/5712 4337/2166/5712
f 4325/2169/5713 4337/2166/5713 4336/2170/5713
f 4329/2168/5714 4338/2167/5714 4337/2166/5714
f 4336/2170/5715 4339/2173/5715 4330/2172/5715
f 4340/2252/5716 4341/2250/5716 4342/2256/5716
f 4340/2252/5717 4342/2256/5717 4343/2255/5717
f 4344/2254/5718 4340/2252/5718 4343/2255/5718
f 4342/2256/5719 4345/2258/5719 4343/2255/5719
f 4346/2251/5720 4341/2250/5720 4340/2252/5720
f 4344/2254/5721 4346/2251/5721 4340/2252/5721
f 4342/2256/5722 4347/2253/5722 4345/2258/5722
f 4342/2256/5723 4348/2248/5723 4347/2253/5723
f 4341/2250/5724 4348/2248/5724 4342/2256/5724
f 4341/2250/5725 4349/2246/5725 4348/2248/5725
f 4349/2246/5726 4347/2253/5726 4348/2248/5726
f 4349/2246/5727 4350/2249/5727 4347/2253/5727
f 4351/2247/5728 4350/2249/5728 4349/2246/5728
f 4352/2245/5729 4346/2251/5729 4351/2247/5729
f 4351/2247/5730 4349/2246/5730 4352/2245/5730
f 4341/2250/5731 4352/2245/5731 4349/2246/5731
f 4346/2251/5732 4352/2245/5732 4341/2250/5732
f 4350/2249/5733 4353/2257/5733 4347/2253/5733
f 4346/2251/5734 4354/2259/5734 4351/2247/5734
f 4355/2222/5735 4356/2220/5735 4357/2221/5735
f 4355/2222/5736 4357/2221/5736 4358/2223/5736
f 4355/2222/5737 4358/2223/5737 4359/2224/5737
f 4356/2220/5738 4360/2219/5738 4357/2221/5738
f 4360/2219/5739 4361/2218/5739 4357/2221/5739
f 4360/2219/5740 4362/2206/5740 4361/2218/5740
f 4362/2206/5741 4363/2207/5741 4361/2218/5741
f 4362/2206/5742 4364/2205/5742 4363/2207/5742
f 4363/2207/5743 4364/2205/5743 4365/2208/5743
f 4366/2213/5744 4363/2207/5744 4365/2208/5744
f 4366/2213/5745 4365/2208/5745 4367/2214/5745
f 4368/2215/5746 4366/2213/5746 4367/2214/5746
f 4368/2215/5747 4367/2214/5747 4369/2217/5747
f 4362/2206/5748 4370/2198/5748 4364/2205/5748
f 4370/2198/5749 4371/2204/5749 4364/2205/5749
f 4370/2198/5750 4372/2203/5750 4371/2204/5750
f 4373/2199/5751 4372/2203/5751 4370/2198/5751
f 4373/2199/5752 4370/2198/5752 4374/2197/5752
f 4375/2200/5753 4373/2199/5753 4374/2197/5753
f 4370/2198/5754 4362/2206/5754 4376/2209/5754
f 4377/2210/5755 4370/2198/5755 4376/2209/5755
f 4378/2211/5756 4377/2210/5756 4376/2209/5756
f 4378/2211/5757 4376/2209/5757 4379/2212/5757
f 4378/2211/5758 4379/2212/5758 4380/2216/5758
f 4375/2200/5759 4374/2197/5759 4381/2201/5759
f 4375/2200/5760 4381/2201/5760 4382/2202/5760
f 4383/2235/5761 4384/2232/5761 4385/2236/5761
f 4386/2233/5762 4384/2232/5762 4383/2235/5762
f 4386/2233/5763 4387/2229/5763 4384/2232/5763
f 4387/2229/5764 4388/2230/5764 4384/2232/5764
f 4388/2230/5765 4385/2236/5765 4384/2232/5765
f 4387/2229/5766 4389/2228/5766 4388/2230/5766
f 4390/2225/5767 4388/2230/5767 4389/2228/5767
f 4389/2228/5768 4391/2227/5768 4390/2225/5768
f 4391/2227/5769 4389/2228/5769 4387/2229/5769
f 4391/2227/5770 4387/2229/5770 4386/2233/5770
f 4386/2233/5771 4383/2235/5771 4392/2238/5771
f 4383/2235/5772 4393/2240/5772 4392/2238/5772
f 4383/2235/5773 4385/2236/5773 4393/2240/5773
f 4392/2238/5774 4393/2240/5774 4394/2239/5774
f 4395/2234/5775 4386/2233/5775 4392/2238/5775
f 4395/2234/5776 4392/2238/5776 4394/2239/5776
f 4395/2234/5777 4391/2227/5777 4386/2233/5777
f 4390/2225/5778 4396/2231/5778 4388/2230/5778
f 4385/2236/5779 4388/2230/5779 4396/2231/5779
f 4397/2241/5780 4396/2231/5780 4390/2225/5780
f 4390/2225/5781 4398/2226/5781 4397/2241/5781
f 4391/2227/5782 4398/2226/5782 4390/2225/5782
f 4397/2241/5783 4399/2242/5783 4396/2231/5783
f 4396/2231/5784 4400/2237/5784 4385/2236/5784
f 4400/2237/5785 4396/2231/5785 4399/2242/5785
f 4399/2242/5786 4401/2243/5786 4400/2237/5786
f 4398/2226/5787 4402/2244/5787 4397/2241/5787
f 4403/2195/5788 4404/2192/5788 4405/2196/5788
f 4406/2193/5789 4404/2192/5789 4403/2195/5789
f 4407/2190/5790 4406/2193/5790 4403/2195/5790
f 4408/2191/5791 4407/2190/5791 4403/2195/5791
f 4408/2191/5792 4403/2195/5792 4405/2196/5792
f 4406/2193/5793 4409/2183/5793 4404/2192/5793
f 4406/2193/5794 4410/2185/5794 4409/2183/5794
f 4411/2184/5795 4409/2183/5795 4410/2185/5795
f 4412/2186/5796 4411/2184/5796 4410/2185/5796
f 4413/2189/5797 4411/2184/5797 4412/2186/5797
f 4413/2189/5798 4414/2182/5798 4411/2184/5798
f 4409/2183/5799 4411/2184/5799 4414/2182/5799
f 4415/2181/5800 4409/2183/5800 4414/2182/5800
f 4416/2187/5801 4412/2186/5801 4410/2185/5801
f 4416/2187/5802 4410/2185/5802 4406/2193/5802
f 4407/2190/5803 4416/2187/5803 4406/2193/5803
f 4412/2186/5804 4417/2188/5804 4413/2189/5804
f 4417/2188/5805 4412/2186/5805 4416/2187/5805
f 4417/2188/5806 4416/2187/5806 4407/2190/5806
f 4408/2191/5807 4417/2188/5807 4407/2190/5807
f 4417/2188/5808 4418/2194/5808 4413/2189/5808
f 4419/2646/5809 4420/2647/5809 4421/2648/5809
f 4420/2647/5810 4422/2649/5810 4421/2648/5810
f 4420/2647/5811 4419/2646/5811 4423/2650/5811
f 4419/2646/5812 4424/2651/5812 4423/2650/5812
f 4424/2651/5813 4425/2652/5813 4423/2650/5813
f 4421/2648/5814 4426/2653/5814 4419/2646/5814
f 4426/2653/5815 4421/2648/5815 4427/2654/5815
f 4427/2654/5816 4428/2655/5816 4426/2653/5816
f 4429/2656/5817 4428/2655/5817 4427/2654/5817
f 4430/2657/5818 4429/2656/5818 4427/2654/5818
f 4420/2647/5819 4431/2658/5819 4422/2649/5819
f 4431/2658/5820 4420/2647/5820 4423/2650/5820
f 4425/2652/5821 4432/2659/5821 4423/2650/5821
f 4433/2660/5822 4207/2533/5822 4216/2537/5822
f 4433/2660/5823 4205/2531/5823 4207/2533/5823
f 4121/2317/5824 4161/2343/5824 4122/2344/5824
f 4139/2354/5825 4434/2355/5825 4149/2292/5825
# --- zbase: round base added by build_models.py (r=1.78822, t=0.16666, model units) ---
s off
v 1.585240 -1.447240 0.470080
v 1.569942 -1.447240 0.703490
v 1.524308 -1.447240 0.932905
v 1.449120 -1.447240 1.154402
v 1.345664 -1.447240 1.364190
v 1.215710 -1.447240 1.558679
v 1.061482 -1.447240 1.734542
v 0.885619 -1.447240 1.888770
v 0.691130 -1.447240 2.018724
v 0.481342 -1.447240 2.122180
v 0.259845 -1.447240 2.197368
v 0.030430 -1.447240 2.243002
v -0.202980 -1.447240 2.258300
v -0.436390 -1.447240 2.243002
v -0.665805 -1.447240 2.197368
v -0.887302 -1.447240 2.122180
v -1.097090 -1.447240 2.018724
v -1.291579 -1.447240 1.888770
v -1.467442 -1.447240 1.734542
v -1.621670 -1.447240 1.558679
v -1.751624 -1.447240 1.364190
v -1.855080 -1.447240 1.154402
v -1.930268 -1.447240 0.932905
v -1.975902 -1.447240 0.703490
v -1.991200 -1.447240 0.470080
v -1.975902 -1.447240 0.236670
v -1.930268 -1.447240 0.007255
v -1.855080 -1.447240 -0.214242
v -1.751624 -1.447240 -0.424030
v -1.621670 -1.447240 -0.618519
v -1.467442 -1.447240 -0.794382
v -1.291579 -1.447240 -0.948610
v -1.097090 -1.447240 -1.078564
v -0.887302 -1.447240 -1.182020
v -0.665805 -1.447240 -1.257208
v -0.436390 -1.447240 -1.302842
v -0.202980 -1.447240 -1.318140
v 0.030430 -1.447240 -1.302842
v 0.259845 -1.447240 -1.257208
v 0.481342 -1.447240 -1.182020
v 0.691130 -1.447240 -1.078564
v 0.885619 -1.447240 -0.948610
v 1.061482 -1.447240 -0.794382
v 1.215710 -1.447240 -0.618519
v 1.345664 -1.447240 -0.424030
v 1.449120 -1.447240 -0.214242
v 1.524308 -1.447240 0.007255
v 1.569942 -1.447240 0.236670
v 1.585240 -1.322245 0.470080
v 1.569942 -1.322245 0.703490
v 1.524308 -1.322245 0.932905
v 1.449120 -1.322245 1.154402
v 1.345664 -1.322245 1.364190
v 1.215710 -1.322245 1.558679
v 1.061482 -1.322245 1.734542
v 0.885619 -1.322245 1.888770
v 0.691130 -1.322245 2.018724
v 0.481342 -1.322245 2.122180
v 0.259845 -1.322245 2.197368
v 0.030430 -1.322245 2.243002
v -0.202980 -1.322245 2.258300
v -0.436390 -1.322245 2.243002
v -0.665805 -1.322245 2.197368
v -0.887302 -1.322245 2.122180
v -1.097090 -1.322245 2.018724
v -1.291579 -1.322245 1.888770
v -1.467442 -1.322245 1.734542
v -1.621670 -1.322245 1.558679
v -1.751624 -1.322245 1.364190
v -1.855080 -1.322245 1.154402
v -1.930268 -1.322245 0.932905
v -1.975902 -1.322245 0.703490
v -1.991200 -1.322245 0.470080
v -1.975902 -1.322245 0.236670
v -1.930268 -1.322245 0.007255
v -1.855080 -1.322245 -0.214242
v -1.751624 -1.322245 -0.424030
v -1.621670 -1.322245 -0.618519
v -1.467442 -1.322245 -0.794382
v -1.291579 -1.322245 -0.948610
v -1.097090 -1.322245 -1.078564
v -0.887302 -1.322245 -1.182020
v -0.665805 -1.322245 -1.257208
v -0.436390 -1.322245 -1.302842
v -0.202980 -1.322245 -1.318140
v 0.030430 -1.322245 -1.302842
v 0.259845 -1.322245 -1.257208
v 0.481342 -1.322245 -1.182020
v 0.691130 -1.322245 -1.078564
v 0.885619 -1.322245 -0.948610
v 1.061482 -1.322245 -0.794382
v 1.215710 -1.322245 -0.618519
v 1.345664 -1.322245 -0.424030
v 1.449120 -1.322245 -0.214242
v 1.524308 -1.322245 0.007255
v 1.569942 -1.322245 0.236670
v 1.531593 -1.280580 0.470080
v 1.516754 -1.280580 0.696487
v 1.472489 -1.280580 0.919021
v 1.399557 -1.280580 1.133873
v 1.299205 -1.280580 1.337367
v 1.173150 -1.280580 1.526021
v 1.023549 -1.280580 1.696609
v 0.852961 -1.280580 1.846210
v 0.664307 -1.280580 1.972265
v 0.460813 -1.280580 2.072617
v 0.245961 -1.280580 2.145549
v 0.023427 -1.280580 2.189814
v -0.202980 -1.280580 2.204653
v -0.429387 -1.280580 2.189814
v -0.651921 -1.280580 2.145549
v -0.866773 -1.280580 2.072617
v -1.070267 -1.280580 1.972265
v -1.258921 -1.280580 1.846210
v -1.429509 -1.280580 1.696609
v -1.579110 -1.280580 1.526021
v -1.705165 -1.280580 1.337367
v -1.805517 -1.280580 1.133873
v -1.878449 -1.280580 0.919021
v -1.922714 -1.280580 0.696487
v -1.937553 -1.280580 0.470080
v -1.922714 -1.280580 0.243673
v -1.878449 -1.280580 0.021139
v -1.805517 -1.280580 -0.193713
v -1.705165 -1.280580 -0.397207
v -1.579110 -1.280580 -0.585861
v -1.429509 -1.280580 -0.756449
v -1.258921 -1.280580 -0.906050
v -1.070267 -1.280580 -1.032105
v -0.866773 -1.280580 -1.132457
v -0.651921 -1.280580 -1.205389
v -0.429387 -1.280580 -1.249654
v -0.202980 -1.280580 -1.264493
v 0.023427 -1.280580 -1.249654
v 0.245961 -1.280580 -1.205389
v 0.460813 -1.280580 -1.132457
v 0.664307 -1.280580 -1.032105
v 0.852961 -1.280580 -0.906050
v 1.023549 -1.280580 -0.756449
v 1.173150 -1.280580 -0.585861
v 1.299205 -1.280580 -0.397207
v 1.399557 -1.280580 -0.193713
v 1.472489 -1.280580 0.021139
v 1.516754 -1.280580 0.243673
v -0.202980 -1.447240 0.470080
v -0.202980 -1.280580 0.470080
vt 0.464844 0.417969
vn 0 -1 0
vn 0 1 0
vn 1.000000 0 0.000000
vn 0.991445 0 0.130526
vn 0.965926 0 0.258819
vn 0.923880 0 0.382683
vn 0.866025 0 0.500000
vn 0.793353 0 0.608761
vn 0.707107 0 0.707107
vn 0.608761 0 0.793353
vn 0.500000 0 0.866025
vn 0.382683 0 0.923880
vn 0.258819 0 0.965926
vn 0.130526 0 0.991445
vn 0.000000 0 1.000000
vn -0.130526 0 0.991445
vn -0.258819 0 0.965926
vn -0.382683 0 0.923880
vn -0.500000 0 0.866025
vn -0.608761 0 0.793353
vn -0.707107 0 0.707107
vn -0.793353 0 0.608761
vn -0.866025 0 0.500000
vn -0.923880 0 0.382683
vn -0.965926 0 0.258819
vn -0.991445 0 0.130526
vn -1.000000 0 0.000000
vn -0.991445 0 -0.130526
vn -0.965926 0 -0.258819
vn -0.923880 0 -0.382683
vn -0.866025 0 -0.500000
vn -0.793353 0 -0.608761
vn -0.707107 0 -0.707107
vn -0.608761 0 -0.793353
vn -0.500000 0 -0.866025
vn -0.382683 0 -0.923880
vn -0.258819 0 -0.965926
vn -0.130526 0 -0.991445
vn -0.000000 0 -1.000000
vn 0.130526 0 -0.991445
vn 0.258819 0 -0.965926
vn 0.382683 0 -0.923880
vn 0.500000 0 -0.866025
vn 0.608761 0 -0.793353
vn 0.707107 0 -0.707107
vn 0.793353 0 -0.608761
vn 0.866025 0 -0.500000
vn 0.923880 0 -0.382683
vn 0.965926 0 -0.258819
vn 0.991445 0 -0.130526
vn 0.613389 0.789781 0.000000
vn 0.608141 0.789781 0.080063
vn 0.592488 0.789781 0.158757
vn 0.566697 0.789781 0.234734
vn 0.531210 0.789781 0.306694
vn 0.486634 0.789781 0.373407
vn 0.433731 0.789781 0.433731
vn 0.373407 0.789781 0.486634
vn 0.306694 0.789781 0.531210
vn 0.234734 0.789781 0.566697
vn 0.158757 0.789781 0.592488
vn 0.080063 0.789781 0.608141
vn 0.000000 0.789781 0.613389
vn -0.080063 0.789781 0.608141
vn -0.158757 0.789781 0.592488
vn -0.234734 0.789781 0.566697
vn -0.306694 0.789781 0.531210
vn -0.373407 0.789781 0.486634
vn -0.433731 0.789781 0.433731
vn -0.486634 0.789781 0.373407
vn -0.531210 0.789781 0.306694
vn -0.566697 0.789781 0.234734
vn -0.592488 0.789781 0.158757
vn -0.608141 0.789781 0.080063
vn -0.613389 0.789781 0.000000
vn -0.608141 0.789781 -0.080063
vn -0.592488 0.789781 -0.158757
vn -0.566697 0.789781 -0.234734
vn -0.531210 0.789781 -0.306694
vn -0.486634 0.789781 -0.373407
vn -0.433731 0.789781 -0.433731
vn -0.373407 0.789781 -0.486634
vn -0.306694 0.789781 -0.531210
vn -0.234734 0.789781 -0.566697
vn -0.158757 0.789781 -0.592488
vn -0.080063 0.789781 -0.608141
vn -0.000000 0.789781 -0.613389
vn 0.080063 0.789781 -0.608141
vn 0.158757 0.789781 -0.592488
vn 0.234734 0.789781 -0.566697
vn 0.306694 0.789781 -0.531210
vn 0.373407 0.789781 -0.486634
vn 0.433731 0.789781 -0.433731
vn 0.486634 0.789781 -0.373407
vn 0.531210 0.789781 -0.306694
vn 0.566697 0.789781 -0.234734
vn 0.592488 0.789781 -0.158757
vn 0.608141 0.789781 -0.080063
f 4579/2661/5826 4435/2661/5826 4436/2661/5826
f 4435/2661/5828 4483/2661/5828 4484/2661/5829 4436/2661/5829
f 4483/2661/5876 4531/2661/5876 4532/2661/5877 4484/2661/5877
f 4580/2661/5827 4532/2661/5827 4531/2661/5827
f 4579/2661/5826 4436/2661/5826 4437/2661/5826
f 4436/2661/5829 4484/2661/5829 4485/2661/5830 4437/2661/5830
f 4484/2661/5877 4532/2661/5877 4533/2661/5878 4485/2661/5878
f 4580/2661/5827 4533/2661/5827 4532/2661/5827
f 4579/2661/5826 4437/2661/5826 4438/2661/5826
f 4437/2661/5830 4485/2661/5830 4486/2661/5831 4438/2661/5831
f 4485/2661/5878 4533/2661/5878 4534/2661/5879 4486/2661/5879
f 4580/2661/5827 4534/2661/5827 4533/2661/5827
f 4579/2661/5826 4438/2661/5826 4439/2661/5826
f 4438/2661/5831 4486/2661/5831 4487/2661/5832 4439/2661/5832
f 4486/2661/5879 4534/2661/5879 4535/2661/5880 4487/2661/5880
f 4580/2661/5827 4535/2661/5827 4534/2661/5827
f 4579/2661/5826 4439/2661/5826 4440/2661/5826
f 4439/2661/5832 4487/2661/5832 4488/2661/5833 4440/2661/5833
f 4487/2661/5880 4535/2661/5880 4536/2661/5881 4488/2661/5881
f 4580/2661/5827 4536/2661/5827 4535/2661/5827
f 4579/2661/5826 4440/2661/5826 4441/2661/5826
f 4440/2661/5833 4488/2661/5833 4489/2661/5834 4441/2661/5834
f 4488/2661/5881 4536/2661/5881 4537/2661/5882 4489/2661/5882
f 4580/2661/5827 4537/2661/5827 4536/2661/5827
f 4579/2661/5826 4441/2661/5826 4442/2661/5826
f 4441/2661/5834 4489/2661/5834 4490/2661/5835 4442/2661/5835
f 4489/2661/5882 4537/2661/5882 4538/2661/5883 4490/2661/5883
f 4580/2661/5827 4538/2661/5827 4537/2661/5827
f 4579/2661/5826 4442/2661/5826 4443/2661/5826
f 4442/2661/5835 4490/2661/5835 4491/2661/5836 4443/2661/5836
f 4490/2661/5883 4538/2661/5883 4539/2661/5884 4491/2661/5884
f 4580/2661/5827 4539/2661/5827 4538/2661/5827
f 4579/2661/5826 4443/2661/5826 4444/2661/5826
f 4443/2661/5836 4491/2661/5836 4492/2661/5837 4444/2661/5837
f 4491/2661/5884 4539/2661/5884 4540/2661/5885 4492/2661/5885
f 4580/2661/5827 4540/2661/5827 4539/2661/5827
f 4579/2661/5826 4444/2661/5826 4445/2661/5826
f 4444/2661/5837 4492/2661/5837 4493/2661/5838 4445/2661/5838
f 4492/2661/5885 4540/2661/5885 4541/2661/5886 4493/2661/5886
f 4580/2661/5827 4541/2661/5827 4540/2661/5827
f 4579/2661/5826 4445/2661/5826 4446/2661/5826
f 4445/2661/5838 4493/2661/5838 4494/2661/5839 4446/2661/5839
f 4493/2661/5886 4541/2661/5886 4542/2661/5887 4494/2661/5887
f 4580/2661/5827 4542/2661/5827 4541/2661/5827
f 4579/2661/5826 4446/2661/5826 4447/2661/5826
f 4446/2661/5839 4494/2661/5839 4495/2661/5840 4447/2661/5840
f 4494/2661/5887 4542/2661/5887 4543/2661/5888 4495/2661/5888
f 4580/2661/5827 4543/2661/5827 4542/2661/5827
f 4579/2661/5826 4447/2661/5826 4448/2661/5826
f 4447/2661/5840 4495/2661/5840 4496/2661/5841 4448/2661/5841
f 4495/2661/5888 4543/2661/5888 4544/2661/5889 4496/2661/5889
f 4580/2661/5827 4544/2661/5827 4543/2661/5827
f 4579/2661/5826 4448/2661/5826 4449/2661/5826
f 4448/2661/5841 4496/2661/5841 4497/2661/5842 4449/2661/5842
f 4496/2661/5889 4544/2661/5889 4545/2661/5890 4497/2661/5890
f 4580/2661/5827 4545/2661/5827 4544/2661/5827
f 4579/2661/5826 4449/2661/5826 4450/2661/5826
f 4449/2661/5842 4497/2661/5842 4498/2661/5843 4450/2661/5843
f 4497/2661/5890 4545/2661/5890 4546/2661/5891 4498/2661/5891
f 4580/2661/5827 4546/2661/5827 4545/2661/5827
f 4579/2661/5826 4450/2661/5826 4451/2661/5826
f 4450/2661/5843 4498/2661/5843 4499/2661/5844 4451/2661/5844
f 4498/2661/5891 4546/2661/5891 4547/2661/5892 4499/2661/5892
f 4580/2661/5827 4547/2661/5827 4546/2661/5827
f 4579/2661/5826 4451/2661/5826 4452/2661/5826
f 4451/2661/5844 4499/2661/5844 4500/2661/5845 4452/2661/5845
f 4499/2661/5892 4547/2661/5892 4548/2661/5893 4500/2661/5893
f 4580/2661/5827 4548/2661/5827 4547/2661/5827
f 4579/2661/5826 4452/2661/5826 4453/2661/5826
f 4452/2661/5845 4500/2661/5845 4501/2661/5846 4453/2661/5846
f 4500/2661/5893 4548/2661/5893 4549/2661/5894 4501/2661/5894
f 4580/2661/5827 4549/2661/5827 4548/2661/5827
f 4579/2661/5826 4453/2661/5826 4454/2661/5826
f 4453/2661/5846 4501/2661/5846 4502/2661/5847 4454/2661/5847
f 4501/2661/5894 4549/2661/5894 4550/2661/5895 4502/2661/5895
f 4580/2661/5827 4550/2661/5827 4549/2661/5827
f 4579/2661/5826 4454/2661/5826 4455/2661/5826
f 4454/2661/5847 4502/2661/5847 4503/2661/5848 4455/2661/5848
f 4502/2661/5895 4550/2661/5895 4551/2661/5896 4503/2661/5896
f 4580/2661/5827 4551/2661/5827 4550/2661/5827
f 4579/2661/5826 4455/2661/5826 4456/2661/5826
f 4455/2661/5848 4503/2661/5848 4504/2661/5849 4456/2661/5849
f 4503/2661/5896 4551/2661/5896 4552/2661/5897 4504/2661/5897
f 4580/2661/5827 4552/2661/5827 4551/2661/5827
f 4579/2661/5826 4456/2661/5826 4457/2661/5826
f 4456/2661/5849 4504/2661/5849 4505/2661/5850 4457/2661/5850
f 4504/2661/5897 4552/2661/5897 4553/2661/5898 4505/2661/5898
f 4580/2661/5827 4553/2661/5827 4552/2661/5827
f 4579/2661/5826 4457/2661/5826 4458/2661/5826
f 4457/2661/5850 4505/2661/5850 4506/2661/5851 4458/2661/5851
f 4505/2661/5898 4553/2661/5898 4554/2661/5899 4506/2661/5899
f 4580/2661/5827 4554/2661/5827 4553/2661/5827
f 4579/2661/5826 4458/2661/5826 4459/2661/5826
f 4458/2661/5851 4506/2661/5851 4507/2661/5852 4459/2661/5852
f 4506/2661/5899 4554/2661/5899 4555/2661/5900 4507/2661/5900
f 4580/2661/5827 4555/2661/5827 4554/2661/5827
f 4579/2661/5826 4459/2661/5826 4460/2661/5826
f 4459/2661/5852 4507/2661/5852 4508/2661/5853 4460/2661/5853
f 4507/2661/5900 4555/2661/5900 4556/2661/5901 4508/2661/5901
f 4580/2661/5827 4556/2661/5827 4555/2661/5827
f 4579/2661/5826 4460/2661/5826 4461/2661/5826
f 4460/2661/5853 4508/2661/5853 4509/2661/5854 4461/2661/5854
f 4508/2661/5901 4556/2661/5901 4557/2661/5902 4509/2661/5902
f 4580/2661/5827 4557/2661/5827 4556/2661/5827
f 4579/2661/5826 4461/2661/5826 4462/2661/5826
f 4461/2661/5854 4509/2661/5854 4510/2661/5855 4462/2661/5855
f 4509/2661/5902 4557/2661/5902 4558/2661/5903 4510/2661/5903
f 4580/2661/5827 4558/2661/5827 4557/2661/5827
f 4579/2661/5826 4462/2661/5826 4463/2661/5826
f 4462/2661/5855 4510/2661/5855 4511/2661/5856 4463/2661/5856
f 4510/2661/5903 4558/2661/5903 4559/2661/5904 4511/2661/5904
f 4580/2661/5827 4559/2661/5827 4558/2661/5827
f 4579/2661/5826 4463/2661/5826 4464/2661/5826
f 4463/2661/5856 4511/2661/5856 4512/2661/5857 4464/2661/5857
f 4511/2661/5904 4559/2661/5904 4560/2661/5905 4512/2661/5905
f 4580/2661/5827 4560/2661/5827 4559/2661/5827
f 4579/2661/5826 4464/2661/5826 4465/2661/5826
f 4464/2661/5857 4512/2661/5857 4513/2661/5858 4465/2661/5858
f 4512/2661/5905 4560/2661/5905 4561/2661/5906 4513/2661/5906
f 4580/2661/5827 4561/2661/5827 4560/2661/5827
f 4579/2661/5826 4465/2661/5826 4466/2661/5826
f 4465/2661/5858 4513/2661/5858 4514/2661/5859 4466/2661/5859
f 4513/2661/5906 4561/2661/5906 4562/2661/5907 4514/2661/5907
f 4580/2661/5827 4562/2661/5827 4561/2661/5827
f 4579/2661/5826 4466/2661/5826 4467/2661/5826
f 4466/2661/5859 4514/2661/5859 4515/2661/5860 4467/2661/5860
f 4514/2661/5907 4562/2661/5907 4563/2661/5908 4515/2661/5908
f 4580/2661/5827 4563/2661/5827 4562/2661/5827
f 4579/2661/5826 4467/2661/5826 4468/2661/5826
f 4467/2661/5860 4515/2661/5860 4516/2661/5861 4468/2661/5861
f 4515/2661/5908 4563/2661/5908 4564/2661/5909 4516/2661/5909
f 4580/2661/5827 4564/2661/5827 4563/2661/5827
f 4579/2661/5826 4468/2661/5826 4469/2661/5826
f 4468/2661/5861 4516/2661/5861 4517/2661/5862 4469/2661/5862
f 4516/2661/5909 4564/2661/5909 4565/2661/5910 4517/2661/5910
f 4580/2661/5827 4565/2661/5827 4564/2661/5827
f 4579/2661/5826 4469/2661/5826 4470/2661/5826
f 4469/2661/5862 4517/2661/5862 4518/2661/5863 4470/2661/5863
f 4517/2661/5910 4565/2661/5910 4566/2661/5911 4518/2661/5911
f 4580/2661/5827 4566/2661/5827 4565/2661/5827
f 4579/2661/5826 4470/2661/5826 4471/2661/5826
f 4470/2661/5863 4518/2661/5863 4519/2661/5864 4471/2661/5864
f 4518/2661/5911 4566/2661/5911 4567/2661/5912 4519/2661/5912
f 4580/2661/5827 4567/2661/5827 4566/2661/5827
f 4579/2661/5826 4471/2661/5826 4472/2661/5826
f 4471/2661/5864 4519/2661/5864 4520/2661/5865 4472/2661/5865
f 4519/2661/5912 4567/2661/5912 4568/2661/5913 4520/2661/5913
f 4580/2661/5827 4568/2661/5827 4567/2661/5827
f 4579/2661/5826 4472/2661/5826 4473/2661/5826
f 4472/2661/5865 4520/2661/5865 4521/2661/5866 4473/2661/5866
f 4520/2661/5913 4568/2661/5913 4569/2661/5914 4521/2661/5914
f 4580/2661/5827 4569/2661/5827 4568/2661/5827
f 4579/2661/5826 4473/2661/5826 4474/2661/5826
f 4473/2661/5866 4521/2661/5866 4522/2661/5867 4474/2661/5867
f 4521/2661/5914 4569/2661/5914 4570/2661/5915 4522/2661/5915
f 4580/2661/5827 4570/2661/5827 4569/2661/5827
f 4579/2661/5826 4474/2661/5826 4475/2661/5826
f 4474/2661/5867 4522/2661/5867 4523/2661/5868 4475/2661/5868
f 4522/2661/5915 4570/2661/5915 4571/2661/5916 4523/2661/5916
f 4580/2661/5827 4571/2661/5827 4570/2661/5827
f 4579/2661/5826 4475/2661/5826 4476/2661/5826
f 4475/2661/5868 4523/2661/5868 4524/2661/5869 4476/2661/5869
f 4523/2661/5916 4571/2661/5916 4572/2661/5917 4524/2661/5917
f 4580/2661/5827 4572/2661/5827 4571/2661/5827
f 4579/2661/5826 4476/2661/5826 4477/2661/5826
f 4476/2661/5869 4524/2661/5869 4525/2661/5870 4477/2661/5870
f 4524/2661/5917 4572/2661/5917 4573/2661/5918 4525/2661/5918
f 4580/2661/5827 4573/2661/5827 4572/2661/5827
f 4579/2661/5826 4477/2661/5826 4478/2661/5826
f 4477/2661/5870 4525/2661/5870 4526/2661/5871 4478/2661/5871
f 4525/2661/5918 4573/2661/5918 4574/2661/5919 4526/2661/5919
f 4580/2661/5827 4574/2661/5827 4573/2661/5827
f 4579/2661/5826 4478/2661/5826 4479/2661/5826
f 4478/2661/5871 4526/2661/5871 4527/2661/5872 4479/2661/5872
f 4526/2661/5919 4574/2661/5919 4575/2661/5920 4527/2661/5920
f 4580/2661/5827 4575/2661/5827 4574/2661/5827
f 4579/2661/5826 4479/2661/5826 4480/2661/5826
f 4479/2661/5872 4527/2661/5872 4528/2661/5873 4480/2661/5873
f 4527/2661/5920 4575/2661/5920 4576/2661/5921 4528/2661/5921
f 4580/2661/5827 4576/2661/5827 4575/2661/5827
f 4579/2661/5826 4480/2661/5826 4481/2661/5826
f 4480/2661/5873 4528/2661/5873 4529/2661/5874 4481/2661/5874
f 4528/2661/5921 4576/2661/5921 4577/2661/5922 4529/2661/5922
f 4580/2661/5827 4577/2661/5827 4576/2661/5827
f 4579/2661/5826 4481/2661/5826 4482/2661/5826
f 4481/2661/5874 4529/2661/5874 4530/2661/5875 4482/2661/5875
f 4529/2661/5922 4577/2661/5922 4578/2661/5923 4530/2661/5923
f 4580/2661/5827 4578/2661/5827 4577/2661/5827
f 4579/2661/5826 4482/2661/5826 4435/2661/5826
f 4482/2661/5875 4530/2661/5875 4483/2661/5828 4435/2661/5828
f 4530/2661/5923 4578/2661/5923 4531/2661/5876 4483/2661/5876
f 4580/2661/5827 4531/2661/5827 4578/2661/5827
