# Blender v2.78 (sub 0) OBJ File: 'Minotaur.blend'
# www.blender.org
mtllib Minotaur.mtl
o Minotaur
v 3.124774 2.961514 -3.613897
v 3.057148 3.019079 -3.464353
v 3.119764 2.939320 -3.440137
v 3.025506 2.972066 -3.363519
v 3.115847 3.088789 -3.337872
v 3.136531 3.015466 -3.265246
v 2.958037 3.069958 -3.227190
v 3.112056 3.000281 -3.154510
v 3.001777 2.960340 -3.053838
v 3.075415 3.097278 -3.185490
v 0.655127 0.089033 -2.932305
v 0.884917 0.010601 -2.889196
v 0.463250 0.010601 -2.944517
v 2.970492 3.172703 -3.074045
v 0.482352 0.067102 -2.912111
v 0.503010 0.181402 -2.909789
v 3.069928 3.183219 -3.093914
v 1.029689 0.010600 -2.881561
v 1.220872 0.102034 -2.785551
v 0.907794 0.205015 -2.845175
v 1.258172 0.010601 -2.815004
v 0.812198 0.010601 -2.825234
v 0.266694 0.193429 -2.892634
v 0.120117 0.010710 -2.913753
v 0.210878 0.010601 -2.879635
v 1.082799 0.010600 -2.630348
v 3.093340 2.924796 -2.941772
v 0.748391 0.010600 -2.732263
v 0.474219 0.010601 -2.739928
v 0.475171 0.211327 -2.836511
v 2.904064 3.065222 -2.981520
v 1.350403 0.010601 -2.732353
v 1.250717 0.211602 -2.723902
v 0.352703 0.010601 -2.756625
v 3.153565 3.067465 -2.930010
v 0.019387 0.200986 -2.835856
v 0.789939 0.201483 -2.650833
v -0.241447 0.010601 -2.852034
v -0.125971 0.139056 -2.860386
v 0.296824 0.201882 -2.701066
v 0.026376 0.010601 -2.704523
v 0.569782 0.198935 -2.711808
v 1.519244 0.114207 -2.663209
v 0.825003 0.010601 -2.710210
v 0.808512 0.010601 -2.702635
v 0.942145 0.010601 -2.671438
v 1.026759 0.010601 -2.674415
v 0.698208 0.010600 -2.729496
v 0.612370 0.010600 -2.753416
v 0.565333 0.010601 -2.730435
v 0.523991 0.010601 -2.735482
v 0.490202 0.010600 -2.727822
v 0.373948 0.010601 -2.745239
v 0.221565 0.010601 -2.755346
v 0.258200 0.010601 -2.756673
v 0.147289 0.010600 -2.746535
v 1.502375 0.194634 -2.607886
v -0.398161 0.010601 -2.744776
v 2.854395 3.175662 -2.922388
v 2.949320 2.966447 -2.841729
v -0.376937 0.202396 -2.747257
v 1.063167 0.201770 -2.556331
v -0.358821 0.088134 -2.786884
v 1.685220 0.010601 -2.522093
v 0.171420 0.010601 -2.737675
v 1.443421 0.010600 -2.495592
v 1.296265 0.010600 -2.580279
v 0.080764 0.010600 -2.700771
v 1.194303 0.010601 -2.604811
v 1.044070 0.010601 -2.636679
v 3.036353 3.199031 -2.891532
v 1.632816 0.042556 -2.580705
v -0.533284 0.010709 -2.733799
v 2.826782 3.049037 -2.787981
v 1.671458 0.207042 -2.540019
v 0.144820 0.207944 -2.623159
v 1.385403 0.010600 -2.520161
v -0.031886 0.010601 -2.672857
v -0.093130 0.010600 -2.659018
v -0.146875 0.010601 -2.637082
v 1.818876 0.069333 -2.504003
v 3.054486 3.041411 -2.785598
v -0.615283 0.010600 -2.663735
v -0.293023 0.203282 -2.586383
v -0.733295 0.010600 -2.625220
v 0.582502 0.204023 -2.524760
v 1.336592 0.199936 -2.423449
v 2.833054 3.384844 -2.760383
v 1.815543 0.010669 -2.378698
v -0.555621 0.010601 -2.587500
v 1.899260 0.010601 -2.188108
v 1.496417 0.010601 -2.459304
v 1.574672 0.010601 -2.434150
v -0.215268 0.010601 -2.612732
v -0.275550 0.010601 -2.607913
v 2.938111 3.013183 -2.721855
v 0.790909 0.205209 -2.369881
v 2.704561 3.109232 -2.668278
v 2.758012 3.349727 -2.819565
v 1.952025 0.043717 -2.393383
v 2.032576 0.204767 -2.247202
v 2.957874 3.235651 -2.728285
v -0.797126 0.181057 -2.555047
v 0.320884 0.213118 -2.448574
v -0.380499 0.010600 -2.563180
v -0.336359 0.010601 -2.553796
v -0.543610 0.010601 -2.483680
v 2.925806 3.111997 -2.603882
v -0.774111 0.010601 -2.536698
v 2.809203 3.036167 -2.585288
v -0.453122 0.206360 -2.483864
v -0.920239 0.010600 -2.504389
v 0.010889 0.208613 -2.467287
v 2.817991 3.443652 -2.606265
v 1.750683 0.196206 -2.183567
v 1.973914 0.010601 -2.274199
v 1.688496 0.010601 -2.314567
v 1.756058 0.010601 -2.248920
v -0.426863 0.010601 -2.538290
v 1.618276 0.010601 -2.363851
v -0.486681 0.010600 -2.493599
v -0.279672 0.192620 -2.437163
v 1.175943 0.202875 -2.299923
v 2.124774 0.010600 -2.218257
v 0.534725 0.206182 -2.320740
v 0.933430 0.195169 -2.271986
v -0.912126 0.010601 -2.560429
v 2.669713 3.360886 -2.642386
v 2.115112 0.096507 -2.244821
v -0.741221 4.647621 -3.176113
v -0.692188 4.577294 -3.310807
v -0.803213 4.558886 -3.144841
v -0.710086 0.208777 -2.285028
v 0.195892 0.194451 -2.282603
v 1.791320 0.010601 -2.240750
v 1.724432 0.010601 -2.320390
v -0.654302 0.010601 -2.457682
v -0.580406 0.010601 -2.453791
v 2.220271 3.263513 -2.706237
v 2.302065 3.095096 -2.689392
v 2.085435 3.082751 -2.681903
v 2.190205 2.975285 -2.598491
v 2.921827 3.278835 -2.493300
v -1.056461 0.010601 -2.462438
v 2.033714 3.234897 -2.691578
v -1.025303 0.176249 -2.412663
v 2.475821 3.127913 -2.585647
v 2.071575 0.010692 -2.158382
v 2.560017 2.885529 -2.490294
v 1.959304 0.010600 -2.141156
v 1.904688 0.010601 -2.167155
v -0.744259 0.010600 -2.388027
v 1.865162 0.010601 -2.199977
v 2.407374 2.950927 -2.494370
v 2.054432 2.975986 -2.541477
v 2.226276 3.462458 -2.610377
v 2.852167 3.029653 -2.506446
v 0.396353 0.175462 -2.290674
v 1.454258 0.199476 -2.057097
v 2.533281 3.231816 -2.566210
v -0.687101 4.611355 -2.907235
v -0.094339 0.192805 -2.227485
v -2.684110 4.065686 -3.307937
v -2.767042 3.974515 -3.010795
v -2.807895 4.098976 -2.943902
v 2.259774 0.163717 -2.063900
v 2.402403 3.382761 -2.509097
v -2.665582 3.948158 -3.004688
v 2.150016 0.010677 -2.120517
v 2.994663 3.185105 -2.491046
v -0.794014 4.485307 -2.958215
v -0.697890 4.826512 -2.992261
v -0.741538 4.795734 -3.177238
v -0.776246 4.847495 -3.048085
v 1.982985 3.308827 -2.609299
v -2.721894 4.110436 -3.009409
v 2.727835 3.498981 -2.523466
v 2.539326 3.430130 -2.538030
v -0.785043 0.010601 -2.344633
v -0.801448 0.010600 -2.358311
v 2.023648 0.010601 -2.100290
v -0.857006 0.010601 -2.361073
v 1.954364 3.081609 -2.561597
v 0.802791 0.205678 -2.202567
v 2.245545 0.010601 -2.088746
v -0.404228 0.207556 -2.314067
v -0.711356 4.511310 -2.891618
v 2.965686 3.125187 -2.420683
v 2.216233 0.216761 -1.934999
v -1.199456 0.054121 -2.291499
v 2.822066 3.472857 -2.413172
v -1.061010 0.208265 -2.291365
v 2.702120 2.787869 -2.344612
v 2.529447 3.731123 -2.618299
v 1.753628 0.199112 -1.834875
v 1.260498 0.208613 -2.048591
v -0.711490 4.752546 -2.898555
v 1.085786 0.202872 -1.970786
v 2.838195 2.866856 -2.360836
v -0.892229 0.202197 -2.227061
v 2.394906 3.579445 -2.570075
v -0.887039 4.548822 -2.905274
v -1.257123 0.010601 -2.275469
v -0.963239 0.010600 -2.261442
v 2.668055 3.821899 -2.542521
v 2.750580 3.708689 -2.526847
v 2.540736 3.899018 -2.530809
v 2.013215 3.529267 -2.529104
v 0.958446 0.210909 -2.050184
v -0.124413 5.251920 -2.906730
v -0.192917 5.203003 -2.887356
v -0.120682 5.259748 -3.128314
v -0.771185 4.675523 -2.919318
v 2.264220 3.733762 -2.555628
v 3.027943 3.178097 -2.365007
v 3.065751 3.184566 -2.500515
v 0.408006 0.209507 -2.110371
v -0.091473 5.394145 -2.970856
v 2.154266 3.625129 -2.589980
v 2.091054 3.745338 -2.635102
v 1.905504 3.242511 -2.429128
v 2.112561 2.888731 -2.392315
v 0.589823 0.199443 -2.037366
v 2.276607 0.010690 -1.988814
v -0.858377 4.715780 -2.847009
v 2.401789 0.010647 -1.796612
v -0.180265 5.442068 -3.023998
v 2.382054 0.010704 -1.948967
v 2.001839 3.706823 -2.575696
v 2.062662 0.010601 -2.003662
v -1.038051 0.010601 -2.238439
v -1.148816 0.010600 -2.105925
v -1.222021 0.186178 -2.226431
v -0.737407 4.341745 -2.864810
v 1.894412 3.078674 -2.382653
v -2.001773 3.351230 -2.833818
v -2.089469 3.462940 -2.910919
v -1.959761 3.437528 -2.819673
v 2.494552 2.780194 -2.210469
v 1.958987 3.778420 -2.489986
v 0.084627 0.198357 -2.085523
v -0.312446 0.210315 -2.041399
v 2.125903 0.196763 -1.816653
v -0.435873 0.308431 -2.241240
v 2.367029 0.189569 -1.931327
v -0.678907 0.338122 -2.222502
v -2.213715 3.697687 -2.822632
v -2.318255 3.604716 -2.876941
v -1.288733 0.010600 -2.233785
v -2.534259 3.874669 -3.003163
v -2.560474 3.696483 -2.855344
v -2.619730 3.705476 -3.002263
v -1.977630 3.663579 -2.839869
v -2.456930 4.098369 -2.893459
v -2.457764 3.940738 -2.889494
v -0.671821 4.598060 -2.733276
v -2.755288 3.752779 -2.891929
v 2.301343 2.920419 -2.305247
v 3.676917 2.507207 -2.226869
v 3.557414 2.639888 -2.191421
v 3.614250 2.595785 -2.109682
v 2.184502 3.865714 -2.453067
v 1.878041 3.658115 -2.418120
v 2.418744 2.850988 -2.280814
v 2.719734 3.880424 -2.428275
v -2.154945 3.351634 -2.762363
v 0.737274 0.206641 -1.974419
v 2.826482 3.705661 -2.398130
v -0.277673 5.590091 -2.888610
v 2.162995 0.010600 -1.900338
v 2.104306 0.010600 -1.968874
v -2.290532 3.413076 -2.742385
v -0.164248 5.026366 -2.841810
v -0.220212 4.955070 -2.927958
v -0.190814 5.055755 -2.895409
v 2.955622 3.366556 -2.297490
v -0.904866 4.320765 -2.821446
v 2.525103 0.043381 -1.752311
v 1.883699 3.422539 -2.386297
v -0.326602 5.364788 -2.878322
v -2.641910 4.114246 -2.870548
v -2.944654 3.866377 -2.819714
v 2.930402 2.995655 -2.190735
v 2.359197 3.903267 -2.394168
v -0.301558 4.951614 -2.805279
v -0.770676 4.270276 -2.721188
v -1.816094 3.569095 -2.697327
v 2.057878 2.769153 -2.334739
v 0.953973 0.192307 -1.902628
v -0.677215 4.480556 -2.660060
v -2.376234 3.445390 -2.759315
v -2.494881 3.798672 -2.826597
v -2.889580 4.132724 -2.892663
v -0.457279 0.534000 -2.071248
v -0.490918 5.600141 -3.031306
v -0.327346 5.648974 -2.937115
v 0.287774 0.196014 -1.916915
v 2.010178 2.783098 -2.293158
v -2.941322 4.332976 -3.070844
v -2.976965 4.424322 -3.079617
v -2.923994 4.359469 -2.923034
v -0.782892 4.806840 -2.777694
v -1.402626 0.010601 -2.136304
v 2.830353 2.932831 -2.143077
v 2.228716 2.687402 -2.262871
v 3.398229 2.658819 -2.074877
v -0.191970 5.636177 -2.741138
v -1.907658 3.916353 -2.847781
v -0.837683 4.067550 -2.749891
v -2.335596 4.055649 -2.788002
v -1.024800 0.213191 -2.084236
v 2.226897 0.010601 -1.814808
v 2.176465 0.010601 -1.857875
v 2.204244 0.010601 -1.826162
v -1.036194 0.010600 -2.194803
v -1.068761 0.010600 -2.122256
v 1.863627 3.288820 -2.327187
v -0.337115 5.160570 -2.789434
v -0.429970 5.509009 -2.882334
v -0.347166 0.353337 -2.043974
v -1.654443 4.010759 -2.792509
v -1.526960 3.887523 -2.791759
v -2.558463 3.581379 -2.729780
v -2.944067 4.176485 -2.860953
v -1.712781 3.729834 -2.723163
v -0.112448 5.524243 -2.704494
v -0.054733 0.207041 -1.937531
v 1.824017 2.876864 -2.273074
v -1.404104 0.010601 -2.097158
v 2.532493 3.930733 -2.280193
v 3.481981 2.769585 -2.023664
v 3.476369 2.744570 -2.124346
v -2.150745 3.898064 -2.816424
v -0.947318 4.126592 -2.743183
v -1.086025 4.364810 -2.750248
v 2.912861 3.389423 -2.181728
v 2.818432 3.684359 -2.227861
v 2.701281 3.875961 -2.224389
v -2.242791 3.369319 -2.640640
v -1.489629 3.808375 -2.729429
v -0.693503 0.478794 -2.106389
v -1.248507 0.206083 -1.896416
v 2.780576 2.810275 -2.176974
v -0.648474 5.458953 -2.801294
v 2.378840 2.059963 -2.187912
v 2.355916 2.162236 -2.131084
v 2.497310 2.231903 -2.126439
v 1.885475 2.733586 -2.145220
v 0.646851 4.754755 -2.679210
v 0.520021 4.622811 -2.685054
v 0.404415 4.708087 -2.719110
v -1.121729 4.498266 -2.776172
v -1.906440 3.467602 -2.644952
v 1.508389 3.828234 -2.424237
v 1.711995 3.719823 -2.364506
v 1.508795 3.707374 -2.467980
v 2.373495 2.151208 -2.081214
v 0.486406 4.938222 -2.679996
v 1.718759 3.568655 -2.392475
v -1.128016 4.099363 -2.751769
v -1.045500 4.797641 -2.768411
v 3.018122 3.190218 -2.129221
v -0.138691 5.164001 -2.685122
v -0.518408 5.271889 -2.820502
v -2.927023 3.746633 -2.810022
v -2.861175 3.425973 -2.838859
v -2.862789 3.442323 -2.785877
v -2.852909 3.626434 -2.770622
v -2.798605 4.250567 -2.807413
v -1.216606 4.268356 -2.779742
v 3.290989 2.809615 -2.096712
v -1.385931 0.193422 -2.035919
v 1.626775 3.373999 -2.311185
v 1.452274 3.461962 -2.340223
v -2.148433 3.406394 -2.596650
v 2.346564 2.505819 -2.128909
v 0.788460 4.705865 -2.590135
v 2.056278 2.552920 -2.142199
v 0.232548 4.875574 -2.634541
v 1.974979 3.948264 -2.372269
v -2.739805 3.571608 -2.766601
v -0.284184 0.454492 -1.962805
v -1.216046 0.010600 -2.060734
v -0.886787 0.445335 -1.979792
v -0.856696 3.903570 -2.640708
v 2.903187 3.574145 -2.144083
v 2.202058 3.941277 -2.362401
v 1.281106 0.195552 -1.782057
v -0.358127 0.266245 -1.942452
v 1.711873 3.057664 -2.253482
v 1.293487 3.712686 -2.403444
v 0.627672 4.430862 -2.554653
v 0.743064 4.541685 -2.580586
v 0.394280 4.471075 -2.626969
v 2.515971 2.334387 -1.999365
v 2.356670 2.301323 -2.091803
v 0.295427 4.349454 -2.611000
v 2.499716 2.612060 -2.118941
v 0.260342 4.597344 -2.613029
v -1.230576 3.991674 -2.657164
v 3.340680 2.875047 -2.024882
v 2.518235 0.199330 -1.661020
v -1.386981 4.160255 -2.679995
v -0.719432 3.999708 -2.594503
v 0.508524 4.208159 -2.595227
v 0.321350 4.173371 -2.565875
v -1.984535 4.028875 -2.731316
v 1.568768 0.202190 -1.672075
v 1.817851 3.794759 -2.319203
v -1.170255 4.569886 -2.667909
v -1.558717 4.084430 -2.720787
v 2.592239 2.777689 -2.055720
v -1.417634 4.326369 -2.709364
v -0.638362 0.627571 -2.018151
v -1.306572 3.742742 -2.481399
v 0.709587 4.940629 -2.573733
v 2.230493 3.942792 -2.208990
v -2.918894 4.279356 -2.713630
v -2.205583 4.153159 -2.652262
v -2.424497 4.150981 -2.701032
v -1.035640 3.883557 -2.589974
v 0.455206 4.064821 -2.466429
v -0.666187 5.563170 -2.857785
v -0.510002 5.747036 -2.705928
v -0.264989 5.034415 -2.586951
v -1.244953 4.456739 -2.639916
v 2.534715 2.395434 -2.075691
v 0.158231 4.387752 -2.556648
v -2.526780 3.470287 -2.626557
v 0.333144 5.015818 -2.619086
v 0.164098 4.705314 -2.583701
v 0.476846 0.195833 -1.765369
v 3.127575 2.763664 -2.014591
v 3.114172 3.030779 -2.116133
v 0.258825 4.057803 -2.552584
v -0.385841 5.064909 -2.631490
v -2.505163 4.298730 -2.689255
v 1.708280 3.216966 -2.225846
v 1.816318 3.950452 -2.227040
v 3.315762 2.718200 -1.963512
v -1.486352 0.010601 -2.003261
v 2.339971 0.010601 -1.695734
v 2.345157 0.010601 -1.718324
v 2.267945 0.010601 -1.762151
v 2.920095 2.876952 -2.055841
v 0.657491 4.191967 -2.494955
v -3.071376 3.797548 -2.758589
v 1.573816 3.908685 -2.228904
v 3.081414 2.915710 -2.075118
v 2.304099 2.482315 -1.985491
v -0.801373 4.973260 -2.703721
v 2.097764 4.011776 -2.213436
v -1.656780 3.696269 -2.559138
v -1.505853 3.674547 -2.520282
v -1.700602 4.251551 -2.688961
v -1.975951 4.204238 -2.695206
v 2.725342 2.861189 -2.054305
v -2.406323 3.404388 -2.532262
v 2.374880 2.333928 -2.006672
v -2.715557 3.472480 -2.579686
v 0.052454 4.609060 -2.600625
v 1.713661 2.866890 -2.116356
v -0.574405 4.196600 -2.502180
v 2.944233 3.283015 -2.017539
v 1.218177 3.575933 -2.286320
v -0.829174 3.862788 -2.412286
v 2.209735 0.187852 -1.595141
v -0.084483 4.531045 -2.561886
v -1.791522 3.591326 -2.535410
v 3.197001 2.725848 -1.934232
v 2.155719 2.506587 -1.986684
v 2.620836 0.010707 -1.559423
v 1.124474 3.858489 -2.275312
v 3.192826 3.108149 -1.996897
v 0.148603 4.046682 -2.465617
v 0.146862 4.310780 -2.485783
v -1.849202 4.743042 -2.739146
v -1.649904 4.635277 -2.776695
v -1.698439 4.531808 -2.731449
v 2.530372 2.611314 -1.986948
v 0.687470 0.196376 -1.761180
v -0.411000 0.696684 -2.033405
v -0.256952 0.662156 -2.013717
v -2.977008 3.699108 -2.643694
v -1.477302 0.049397 -1.942256
v 0.878848 4.741993 -2.427528
v -1.452880 4.550040 -2.712367
v 0.847351 0.195438 -1.768368
v -0.074579 5.314687 -2.540094
v -0.281694 0.822361 -2.069575
v -0.349691 5.729931 -2.692632
v 0.715334 4.117458 -2.364118
v 2.851506 2.815387 -1.976180
v -1.635233 4.711340 -2.690337
v 1.011987 0.195870 -1.726856
v -2.053094 3.538156 -2.478608
v -0.766828 5.397980 -2.693974
v -1.227540 4.712479 -2.597000
v -2.718060 4.332548 -2.650435
v -2.863309 3.538012 -2.702714
v 0.372682 4.033902 -2.384504
v 1.937684 2.714894 -2.008470
v -0.165309 4.437000 -2.495720
v -0.053568 5.430827 -2.592788
v -0.569257 4.517163 -2.507569
v -0.611223 4.787895 -2.589408
v -1.093861 0.225166 -1.938048
v 2.501220 0.010601 -1.345373
v -1.248432 0.010601 -2.031302
v -1.310610 0.010601 -1.963661
v -1.337889 0.010600 -1.905427
v 0.728028 4.390670 -2.358707
v 2.629600 0.147818 -1.490570
v -1.821535 4.332266 -2.612212
v 1.609057 3.210813 -2.097117
v -0.167371 0.187990 -1.841458
v -0.952499 3.771749 -2.377455
v -0.531290 0.927831 -1.917022
v -0.656147 0.765600 -2.008831
v 3.329677 2.849925 -1.956044
v -1.800267 4.490455 -2.668143
v -1.764567 4.619144 -2.639066
v -0.000249 4.191832 -2.496680
v 1.271788 3.922870 -2.270360
v -0.084624 4.275196 -2.446662
v -0.651718 4.418258 -2.545971
v -0.661996 5.622846 -2.627307
v -1.130537 4.910219 -2.613188
v -1.447685 4.707966 -2.673914
v -1.152004 3.885846 -2.456569
v -0.103851 0.834425 -1.906799
v 1.416634 3.378903 -2.174422
v 2.479132 2.585532 -1.923329
v 0.508886 5.116267 -2.466896
v -1.581099 3.576403 -2.474074
v 1.994338 2.603604 -1.951529
v 1.773230 2.794830 -2.030991
v -0.069193 5.699401 -2.673007
v -0.208221 0.648010 -1.909508
v -3.172522 3.954437 -2.590458
v -3.140285 4.162592 -2.590931
v -0.319489 1.088593 -1.946420
v -0.143042 0.928913 -1.955927
v -0.578630 5.040418 -2.593578
v -0.685140 4.956159 -2.510504
v -1.528361 0.010600 -1.872341
v -0.725008 5.202981 -2.616513
v 0.228282 3.918028 -2.402659
v 0.097855 3.855725 -2.351029
v 2.853117 3.876611 -2.072438
v 2.598559 3.958705 -2.089235
v -2.251127 3.484004 -2.515336
v 1.924231 3.996054 -2.209911
v 0.109949 0.193715 -1.760954
v -0.603651 4.753641 -2.476173
v 1.139834 4.161612 -2.308853
v 1.352468 4.004086 -2.206775
v 1.013310 4.105176 -2.410682
v -0.943307 4.981964 -2.551255
v 2.430393 3.892859 -2.119977
v 0.096647 4.814783 -2.450736
v -2.599181 3.516179 -2.569678
v -2.933674 4.346018 -2.516755
v 0.835322 3.989098 -2.366550
v 2.945357 3.697476 -2.064943
v -0.693365 3.882537 -2.382307
v -2.006971 4.307529 -2.550842
v -2.466130 4.252707 -2.594025
v 3.215509 3.113021 -1.829832
v 2.939175 3.437572 -1.965783
v 2.382052 2.515777 -1.907002
v -0.032511 3.871543 -2.410083
v -0.389165 0.225388 -1.843223
v 2.979223 2.806432 -1.932764
v 2.567230 0.010675 -1.521605
v 2.399886 0.010600 -1.574043
v 2.351360 0.010600 -1.631021
v 0.977676 4.283889 -2.301843
v -0.207902 5.787869 -2.616027
v 0.520322 3.998624 -2.210611
v -0.599875 4.021987 -2.388705
v 1.340387 0.201392 -1.564710
v -2.439606 3.467318 -2.485051
v 1.634801 2.983952 -2.002941
v 1.610584 3.090576 -2.024351
v -0.200473 0.487650 -1.811747
v -0.610336 0.820094 -1.947711
v 3.142927 3.235898 -1.929997
v 0.729109 3.946476 -2.301755
v 0.674281 5.005240 -2.481527
v -0.215312 4.052463 -2.421703
v 0.143997 5.019233 -2.407514
v -0.454920 4.062754 -2.424609
v -0.849911 0.640161 -1.891196
v 3.020897 3.325154 -1.924389
v 2.687511 2.839791 -1.893603
v -0.437832 5.847076 -2.664837
v 0.026627 3.726291 -2.270679
v 2.236299 4.018435 -2.123856
v 0.949291 3.770518 -2.262007
v -1.976205 3.618376 -2.451071
v 1.132648 3.658063 -2.188476
v 0.000792 0.727928 -1.882453
v -0.324067 0.370387 -1.736816
v 2.247736 2.538077 -1.901646
v -0.355736 4.144363 -2.411147
v 0.861108 4.523576 -2.282071
v -0.758338 0.819759 -1.887967
v 0.857746 4.959830 -2.381057
v -0.068258 0.234987 -1.674100
v 1.272845 3.500669 -2.098725
v 0.375756 3.913097 -2.221374
v -0.311527 5.835011 -2.644312
v 2.747983 4.022439 -2.057084
v 1.337984 3.189357 -2.118021
v -0.098291 4.846134 -2.381195
v -0.345137 4.529222 -2.416265
v -0.217906 5.164771 -2.437570
v 3.244623 2.813061 -1.867991
v -2.629360 3.525266 -2.449077
v -1.502323 4.837832 -2.518667
v -2.426174 4.257355 -2.496987
v -0.334966 0.237723 -1.780126
v -0.221871 1.167908 -1.791336
v -1.062813 0.279948 -1.806295
v 1.696277 4.462903 -2.350812
v 1.810267 4.309596 -2.209641
v 1.743838 4.187402 -2.196657
v -1.211220 3.643689 -2.367327
v -1.300042 3.636279 -2.328560
v -0.108514 0.642771 -1.804360
v -1.748064 3.594953 -2.403965
v 2.413727 0.010601 -1.519286
v -0.597879 5.847768 -2.633824
v -0.144725 3.731756 -2.224297
v 2.058460 4.171027 -2.100621
v -1.295944 4.865968 -2.502878
v 1.852335 4.139869 -2.192341
v -1.769613 4.654806 -2.442709
v -0.166821 5.794783 -2.443585
v -1.841390 4.391463 -2.450033
v 1.909555 0.193894 -1.364528
v -1.581206 0.113456 -1.835280
v -0.351747 3.920630 -2.305185
v 0.802633 5.073258 -2.377004
v 1.693183 4.376207 -2.234879
v -1.026626 3.738603 -2.342664
v -1.450094 3.655484 -2.369844
v -0.234137 0.433372 -1.727493
v -2.817294 3.574073 -2.436799
v -0.657667 4.866895 -2.410236
v 2.930641 2.804264 -1.825037
v 2.612583 2.758794 -1.884489
v -0.672696 5.234269 -2.480035
v -0.817608 5.033583 -2.422588
v -0.787870 5.800445 -2.635732
v -0.722298 5.449517 -2.522730
v 1.623895 4.071843 -2.112039
v 0.896696 3.702124 -2.135255
v 0.683866 5.148413 -2.409072
v 0.269304 5.159926 -2.360915
v -1.254685 4.994015 -2.539339
v -0.846860 0.541062 -1.755085
v 2.764217 2.703710 -1.778612
v 3.048192 2.767519 -1.819400
v 1.191314 4.249738 -2.179971
v 0.966076 4.326537 -2.229836
v 0.890476 4.733587 -2.232563
v -0.391042 4.701493 -2.393748
v -0.379332 1.117480 -1.826018
v -1.682322 4.848157 -2.428772
v -2.196788 4.187164 -2.429000
v -2.836973 4.330132 -2.508437
v -0.734722 3.634971 -2.281192
v 2.701089 0.055053 -1.383335
v -0.047378 5.584706 -2.428893
v 1.967667 2.714005 -1.811037
v 3.020115 3.692005 -1.847894
v 2.848573 4.054229 -2.009249
v 1.717182 4.296108 -2.109757
v 1.360578 4.062729 -2.086851
v -3.128584 3.753267 -2.476054
v -2.975442 3.675692 -2.367869
v 1.529328 3.121903 -1.941144
v -3.136769 4.273480 -2.521859
v -0.172643 0.996217 -1.803618
v 2.314907 2.630736 -1.663590
v 0.265396 3.826440 -2.128486
v 0.066443 4.871191 -2.352510
v -0.298221 5.820806 -2.498343
v 0.810969 0.195446 -1.418077
v -0.075401 0.730748 -1.699736
v 1.767646 2.873220 -1.909189
v -2.643177 3.452464 -2.310238
v -0.379448 5.044859 -2.465861
v -1.359588 0.010601 -1.842378
v -1.416066 0.010601 -1.780147
v 2.700119 0.010676 -1.306024
v -1.525357 0.010600 -1.605768
v 2.444780 0.010600 -1.435310
v 2.664067 0.196730 -1.320426
v 2.257769 4.116714 -1.967049
v -0.500299 3.868839 -2.249948
v -0.826244 5.590676 -2.535207
v 1.964922 4.363501 -2.140427
v 1.659910 4.169379 -2.083881
v 1.289684 3.295429 -1.990242
v -0.213785 0.556171 -1.674151
v 1.176496 3.623487 -2.035503
v 2.991995 3.999320 -1.906650
v 2.657749 4.082837 -1.973307
v 1.866650 4.278167 -2.123128
v -1.419578 0.208173 -1.618587
v 2.563427 2.730732 -1.780087
v 2.964376 3.872683 -1.894192
v -0.333541 3.726162 -2.228456
v 1.172860 0.196375 -1.383625
v -1.905912 3.702408 -2.297083
v 0.308862 0.196414 -1.526959
v -3.305241 4.015062 -2.471678
v -1.622222 3.757011 -2.247041
v -0.868073 3.591976 -2.205361
v -2.422221 4.236270 -2.369490
v 2.427926 2.623617 -1.728240
v 1.307631 3.221879 -1.908489
v -0.270570 0.222912 -1.612468
v -1.633079 0.171391 -1.632509
v 0.209833 3.724442 -2.067438
v 2.197585 2.638710 -1.699001
v 2.999625 3.508140 -1.824440
v 2.408298 3.979449 -1.942718
v 3.128936 3.017326 -1.624198
v -0.525456 4.887478 -2.332954
v 2.343162 0.188177 -1.203265
v -0.600415 5.851293 -2.497651
v -0.777231 5.858365 -2.455910
v 0.040649 3.610148 -2.199841
v -0.098890 5.237739 -2.407646
v -3.236167 4.210590 -2.565066
v 3.143723 2.860686 -1.752030
v -0.513225 5.069283 -2.432433
v -1.699196 0.010601 -1.508220
v -0.621447 0.961701 -1.759528
v -0.775306 0.802057 -1.775578
v 0.979395 4.549468 -2.193627
v 0.630614 3.841291 -2.085102
v 0.514535 5.209837 -2.283221
v 0.070753 5.101145 -2.378239
v 2.166427 0.191861 -1.312193
v -0.030333 0.207994 -1.523446
v -2.202000 3.525980 -2.301390
v -0.474423 3.712575 -2.145207
v 3.083315 3.252336 -1.740566
v 2.247895 2.579054 -1.775404
v -2.099969 3.687954 -2.265218
v -1.032129 3.495538 -2.041242
v -0.091720 5.062647 -2.418362
v -0.302852 4.979648 -2.394393
v -0.341287 5.083172 -2.380050
v -0.379502 0.270530 -1.637305
v -1.436263 0.010601 -1.729494
v -1.502018 0.010601 -1.650451
v 2.470307 0.010601 -1.384166
v -1.139817 0.207880 -1.643811
v 2.823876 4.240031 -1.936491
v 0.540534 0.204954 -1.440611
v 1.824072 4.233834 -2.090423
v -0.346647 1.328211 -1.754383
v -0.410645 4.857885 -2.317541
v -1.622928 0.010709 -1.736940
v 0.526208 3.773396 -2.048342
v -0.860917 5.747710 -2.474101
v 2.962912 4.423994 -1.989723
v 3.054698 4.560952 -2.014169
v 3.072094 4.434786 -1.974740
v -0.841212 1.606115 -1.916072
v -0.796535 1.458288 -1.902591
v -0.946136 1.331948 -1.899432
v 1.640260 2.969245 -1.831734
v -1.613956 4.927364 -2.296092
v 3.024366 4.170392 -1.946735
v 2.988860 4.292336 -1.994191
v 2.015654 4.270285 -2.048636
v -0.620350 5.030985 -2.383844
v -0.402224 5.937884 -2.391298
v -1.030996 1.491588 -1.907970
v -1.762165 4.854323 -2.297441
v -0.066599 5.668135 -2.297298
v 0.745312 3.768626 -1.992957
v 2.913886 2.718036 -1.679496
v -2.352573 3.444672 -2.255801
v 1.157867 4.314090 -2.034191
v 1.682657 0.189573 -1.320360
v -1.217426 5.097119 -2.400935
v -1.341672 5.077791 -2.336610
v -1.997270 4.404390 -2.354844
v -3.374529 4.159576 -2.457768
v 1.202676 3.425006 -1.906381
v 1.201638 3.547264 -1.925859
v 0.835045 5.107338 -2.223246
v -0.884605 5.518564 -2.400115
v 3.092389 4.321477 -1.909583
v -2.608878 4.295136 -2.371663
v -0.688149 3.490944 -2.121712
v -0.410507 0.368872 -1.581486
v 1.717968 4.222923 -1.896227
v 0.967735 3.696690 -1.940441
v 3.081635 2.917210 -1.614131
v 3.070467 3.381387 -1.708341
v 0.904695 4.888340 -2.146530
v -0.760759 1.352653 -1.839713
v -0.683532 5.100425 -2.360162
v -0.873831 5.369774 -2.382663
v 0.373871 5.179480 -2.169930
v -1.153640 1.851825 -1.952607
v -1.200418 2.107177 -1.998930
v -1.040910 2.051017 -1.989979
v -0.466362 5.001982 -2.305401
v -0.864297 0.407158 -1.631918
v -0.034824 5.519858 -2.342222
v 0.075731 3.581573 -1.973938
v -0.991514 2.316759 -1.978364
v -0.880313 2.145967 -1.987028
v -2.271081 4.217480 -2.304970
v 1.509738 3.049265 -1.826601
v -0.558957 1.468313 -1.770007
v -3.190786 3.759090 -2.375659
v -1.384193 3.636682 -2.190689
v -2.565760 3.464980 -2.170131
v -1.459869 0.010601 -1.694153
v -0.921522 0.227082 -1.524776
v -1.156832 1.455746 -1.834336
v -1.376678 1.824141 -1.923052
v 1.021604 4.807895 -2.180269
v -2.910256 3.593296 -2.261784
v -1.176209 2.399734 -2.011987
v -1.127558 2.495224 -2.084766
v -1.055409 2.473342 -2.048200
v -0.639010 2.025446 -1.878538
v -0.794085 1.871675 -1.906408
v -3.071821 4.308196 -2.372415
v -1.718017 0.055562 -1.617569
v 1.774857 2.807898 -1.764005
v 0.236973 5.225428 -2.216815
v 0.145648 5.235125 -2.280642
v 1.427542 0.202587 -1.383245
v -1.045666 1.848581 -1.887200
v -0.285277 0.535419 -1.533478
v -0.146358 1.042712 -1.605740
v -0.302116 3.624275 -1.909117
v -0.144220 3.560104 -1.968594
v -3.421764 4.032110 -2.453202
v -0.110378 1.359614 -1.658187
v 2.897847 4.280648 -1.869752
v -1.752006 4.830136 -2.171502
v -0.550370 1.583170 -1.762311
v 1.548975 4.133838 -1.957484
v -3.235144 4.340755 -2.402464
v -1.609362 3.790522 -2.140985
v 2.559499 2.724124 -1.609128
v -0.789637 5.231109 -2.294807
v -1.847883 4.511615 -2.316487
v -1.313818 2.084699 -1.932644
v -0.550963 1.143509 -1.696049
v 2.020066 4.240942 -1.941654
v -0.934092 2.475140 -1.929601
v -3.412723 3.924687 -2.338211
v 3.066543 3.108422 -1.612270
v 2.758151 0.147553 -1.202371
v -0.989476 1.705808 -1.813944
v -0.820589 1.717618 -1.809020
v -1.063127 5.127116 -2.249185
v -1.255960 1.767338 -1.839802
v -1.259139 2.386764 -2.027300
v 1.183983 4.554585 -1.999469
v 1.020628 4.739839 -2.026055
v -0.756208 2.356063 -1.910529
v -0.406842 0.205869 -1.557455
v 0.655803 3.815315 -1.965312
v 2.393285 2.735152 -1.613847
v -1.179252 1.255207 -1.753553
v 3.004371 4.251338 -1.854307
v 2.961628 4.114779 -1.815612
v 2.950142 3.906804 -1.758511
v -1.972899 3.726190 -2.176832
v -0.067975 0.713301 -1.516259
v -2.128761 4.470376 -2.210973
v 1.151592 3.691674 -1.834032
v -0.552435 0.737670 -1.544778
v -0.667966 0.705051 -1.599030
v 2.125356 2.702051 -1.656618
v 0.433297 3.676824 -1.918699
v -0.126532 1.566809 -1.707347
v 1.413463 4.164185 -1.887678
v 1.387556 3.149776 -1.729885
v -0.618108 1.359917 -1.702396
v -1.282491 3.558309 -2.021100
v -0.995263 1.291120 -1.738629
v 2.571930 0.010601 -1.175870
v 2.504315 0.010601 -1.303419
v 2.532688 0.010601 -1.224364
v 2.528409 0.010601 -1.271341
v -0.933633 5.092777 -2.223785
v -0.645992 0.546232 -1.552059
v -0.251141 0.205608 -1.451540
v 2.316523 4.123777 -1.849986
v 2.079720 4.251225 -1.782959
v -2.262462 3.612377 -2.134718
v -0.324392 1.541100 -1.775112
v 0.733192 5.247650 -2.184931
v -1.239292 1.339494 -1.804494
v -1.033632 5.872399 -2.439191
v -0.540708 1.113626 -1.608161
v -2.892818 4.332252 -2.285461
v -1.086018 2.524198 -1.877646
v 2.968361 2.822155 -1.527012
v 1.815874 2.832654 -1.589865
v -0.982500 5.502364 -2.321667
v -0.890234 5.937598 -2.413615
v -1.321631 1.514470 -1.792002
v -1.823957 4.525351 -2.192902
v -1.253777 5.098856 -2.218021
v 2.656153 4.084065 -1.810903
v -0.513130 1.325472 -1.694469
v -2.775039 3.531940 -2.180342
v -0.403117 5.940346 -2.296891
v -1.038375 5.655067 -2.369183
v 2.964204 3.540134 -1.652626
v 2.481763 4.024049 -1.805924
v -0.151508 0.907906 -1.556559
v -1.804344 3.730998 -2.040069
v -1.659016 0.196231 -1.508362
v -0.602433 1.912614 -1.767512
v -0.851506 3.439127 -1.930762
v -0.705367 1.310184 -1.646282
v 0.879925 3.784830 -1.922467
v 2.034147 0.192765 -1.137944
v -1.796464 4.694060 -2.186998
v -1.471610 1.898586 -1.808342
v -2.167006 3.807746 -2.169099
v -3.549574 3.966906 -2.345458
v 2.796051 0.062512 -1.111698
v -0.115650 5.849435 -2.280602
v -1.244596 1.649517 -1.794960
v -1.487068 4.998516 -2.309599
v -1.299742 2.374910 -1.791602
v 1.292639 3.273573 -1.728558
v -0.710306 2.402331 -1.825192
v -0.770710 2.545203 -1.867205
v -3.538048 4.228699 -2.363107
v 1.869872 2.765432 -1.570385
v -0.384750 1.759561 -1.598086
v -0.555966 0.395815 -1.490867
v 0.826099 5.387875 -2.028251
v -2.312299 4.099130 -2.258610
v -0.785862 5.963448 -2.315594
v 0.528409 5.250005 -2.100159
v 1.703903 2.814990 -1.640500
v 1.556104 3.015479 -1.677133
v 1.582064 2.942698 -1.662014
v -1.447890 5.116527 -2.373355
v 2.983392 3.741891 -1.677187
v 0.300883 0.201692 -1.314395
v 2.827606 4.089324 -1.759758
v 0.114577 0.203535 -1.270157
v 0.032121 0.207939 -1.403087
v -0.547296 3.433897 -1.913652
v -2.513478 4.185701 -2.220901
v -0.202798 1.694696 -1.644647
v 0.976900 5.174933 -2.058807
v 2.881824 2.791069 -1.570129
v -0.507778 0.212053 -1.574926
v 2.556033 0.010601 -1.173735
v -0.123383 1.260957 -1.544552
v -0.324120 0.727231 -1.412805
v -1.448426 2.035460 -1.772737
v -1.392389 1.270292 -1.749212
v 0.259611 3.665172 -1.869619
v -3.297135 3.837470 -2.254177
v -1.173915 3.532368 -2.043938
v -0.775950 0.314549 -1.507748
v -1.126874 5.583876 -2.312092
v -0.471669 1.742709 -1.599711
v -1.469219 3.769402 -2.029369
v -2.691810 3.576303 -2.058187
v 0.947379 4.873115 -1.997726
v -2.222589 3.942639 -2.180180
v -2.353066 3.951473 -2.268043
v -0.642011 1.747657 -1.687218
v 2.214198 2.750174 -1.611027
v -1.181895 5.912666 -2.320383
v 2.513250 0.192306 -1.052576
v 0.144494 5.431360 -2.182932
v 0.583780 3.735666 -1.814144
v -0.381542 3.602401 -1.896547
v -0.438739 2.374719 -1.712742
v -0.702890 3.390935 -1.891245
v 1.405918 4.162152 -1.810736
v -1.166969 0.193657 -1.464211
v -1.346770 1.724721 -1.649422
v 2.284899 4.114117 -1.776791
v -2.283668 3.831696 -2.152490
v 1.123336 3.737921 -1.800808
v 0.928221 3.801138 -1.831900
v -2.469585 4.005415 -2.190428
v -0.578035 1.242656 -1.600680
v -2.687757 4.172131 -2.244000
v 0.802070 3.905498 -1.858587
v -3.069617 4.371665 -2.199155
v -0.644548 0.290697 -1.473075
v -0.565202 0.201863 -1.433156
v -0.949333 5.319861 -2.260373
v -1.271560 1.238304 -1.675090
v 1.526351 3.079020 -1.686062
v 2.687639 2.755863 -1.516587
v 1.613669 4.203355 -1.770536
v -0.507690 0.900576 -1.470939
v -0.940805 5.138551 -2.143122
v 3.015501 3.296810 -1.485387
v -1.562411 5.131801 -2.171802
v -1.763758 0.135002 -1.435993
v 1.419252 0.194050 -1.187511
v -2.293835 4.218966 -2.176179
v 0.617726 0.210426 -1.283188
v 1.192242 4.734036 -1.906436
v -0.213152 0.772038 -1.484788
v 0.603830 5.381260 -2.068303
v 3.187765 3.052839 -1.402948
v 2.711485 0.196750 -1.025121
v -1.618532 4.999388 -2.116351
v 2.893179 3.599746 -1.519057
v -1.413482 1.576596 -1.670289
v 0.361961 3.634586 -1.782256
v 1.263457 3.516220 -1.711183
v 1.218939 4.313705 -1.827591
v -0.427968 0.576713 -1.488357
v -3.352004 4.439981 -2.277843
v 2.459991 2.731539 -1.413089
v -0.361578 0.194332 -1.310112
v -1.046396 1.231078 -1.639360
v -1.555140 0.010601 -1.489218
v -1.567879 0.010600 -1.482394
v 2.586432 0.010600 -1.079711
v 2.573830 0.010601 -1.113354
v 1.712686 0.180971 -1.132708
v 0.900949 0.192192 -1.242903
v 2.773344 4.011841 -1.649799
v -0.038004 3.478931 -1.797224
v -0.189329 1.184099 -1.458837
v 1.327876 3.410787 -1.565003
v -0.077696 1.539432 -1.563932
v -3.235561 4.383564 -2.236675
v -0.761309 0.199733 -1.388679
v -1.402261 1.854122 -1.693044
v 2.520556 3.932060 -1.559865
v -1.096401 5.752643 -2.261026
v -0.326081 2.303115 -1.598258
v -2.849509 3.662120 -2.088631
v -1.550100 3.837468 -2.018289
v -1.079061 6.012830 -2.244532
v -0.076483 5.711863 -2.152622
v -0.156660 5.914947 -2.184073
v 2.416757 4.051255 -1.665986
v -2.427990 3.618197 -2.009205
v -0.371614 2.134900 -1.649828
v -2.612659 4.015195 -2.137658
v -0.606334 2.613551 -1.749712
v -1.828345 0.010600 -1.449483
v -2.240587 4.058579 -2.068718
v 2.244738 2.756664 -1.413755
v 3.108692 2.961616 -1.430578
v 2.796999 3.924260 -1.541169
v 2.289699 4.181086 -1.690112
v 2.131741 4.293131 -1.661979
v 1.234658 3.687287 -1.683172
v -0.089864 1.423700 -1.408233
v -3.028937 3.708738 -2.078790
v -3.674860 4.138101 -2.253095
v -3.499836 4.461655 -2.251250
v -1.454611 0.196813 -1.344225
v 2.634358 3.943674 -1.540276
v 1.876126 4.214756 -1.646252
v -1.360027 2.213398 -1.705747
v 1.621829 3.104347 -1.632054
v -2.321859 3.787376 -2.062212
v -2.153924 3.952628 -1.947131
v 1.513351 2.761196 -1.608927
v -1.175413 3.505484 -1.885407
v -0.559418 1.914562 -1.559895
v -1.103142 2.580868 -1.807695
v -0.284463 6.040805 -2.145859
v -1.909928 4.551911 -2.052986
v -0.967855 2.751176 -1.783079
v 1.447297 3.167756 -1.601059
v -0.343592 0.988968 -1.468047
v 1.247886 4.521127 -1.781634
v 0.958755 5.078465 -1.915635
v -3.575478 3.951053 -2.142042
v 5.420418 2.062397 -1.174988
v 5.313276 2.081106 -1.180140
v 5.234892 2.239349 -1.157996
v 1.182356 0.195834 -1.040026
v 1.444786 2.871614 -1.503011
v -2.890808 4.198074 -2.142903
v -0.992794 3.395043 -1.784398
v -0.554024 6.000097 -2.227093
v -3.645823 3.977622 -2.215145
v -1.072704 5.329306 -2.080808
v -0.646499 1.714493 -1.567700
v 0.847139 3.871881 -1.743069
v 0.772023 3.814430 -1.670434
v -0.654255 1.325478 -1.499406
v 2.563231 0.010601 -1.040713
v -1.582823 0.010601 -1.420506
v -1.617027 0.010601 -1.390573
v -1.380814 1.386609 -1.544975
v -1.240509 2.472637 -1.662073
v 0.416592 5.339408 -1.995978
v 0.161386 3.557619 -1.773911
v 0.895742 5.328722 -1.946527
v 0.062693 5.621315 -2.059261
v -1.294055 5.245527 -2.180134
v -1.376016 5.174081 -2.139449
v -0.358847 2.500403 -1.665593
v -0.173820 0.203149 -1.289129
v -0.792891 2.768553 -1.699148
v 1.136453 3.783370 -1.678716
v -1.188708 1.230256 -1.539534
v 2.738954 2.813473 -1.368136
v 5.330679 2.302595 -1.115179
v 0.174319 5.341435 -1.968545
v -2.165025 4.503201 -2.050332
v -2.759489 3.974971 -2.049128
v -1.956180 3.778440 -1.968094
v 0.488961 3.660075 -1.673646
v 1.777500 2.957532 -1.526184
v 1.586545 2.971216 -1.581870
v -0.418983 1.115634 -1.444226
v -0.493078 1.282251 -1.431139
v 1.544965 4.098036 -1.681980
v -3.637410 4.460431 -2.126542
v 2.619234 2.763036 -1.415748
v 1.640926 2.855713 -1.520956
v -1.135595 5.152423 -2.009564
v 0.606370 3.707851 -1.628211
v -0.411238 1.723686 -1.495039
v 2.093752 2.681385 -1.445848
v 1.892657 2.732279 -1.452251
v 5.153992 2.107840 -1.011110
v 2.814961 3.687782 -1.466823
v -1.481888 4.017641 -1.957546
v -0.528666 0.197165 -1.230941
v -1.227670 5.598915 -2.147153
v 1.078184 4.802824 -1.864150
v 5.476547 2.285295 -1.055666
v -1.372457 1.591906 -1.546824
v 2.941615 3.311165 -1.349900
v 0.333429 0.198367 -1.095675
v -0.777465 2.982903 -1.769829
v -0.591242 3.041712 -1.753095
v -0.487636 2.960676 -1.788783
v 1.394678 4.282969 -1.605821
v -0.406694 2.093624 -1.476178
v 2.765954 0.010708 -0.998835
v 2.792239 0.142687 -0.959107
v 5.161549 2.401372 -1.097396
v 0.210866 5.389168 -1.896046
v -0.202969 2.837984 -1.718515
v -0.254371 3.007991 -1.693201
v -0.629723 2.805803 -1.728081
v -3.173900 3.840760 -2.084238
v -1.338114 3.634919 -1.859239
v -3.797694 4.134649 -2.194552
v -1.002623 0.197069 -1.284067
v 1.736283 3.082682 -1.538436
v 1.238832 3.669124 -1.515201
v 5.540831 2.105957 -1.049246
v -1.322553 5.783654 -2.156376
v -0.139765 2.928816 -1.713033
v -0.039163 5.989412 -2.013111
v 2.879717 3.553557 -1.396233
v -0.375037 2.745434 -1.661370
v -2.617219 3.883389 -1.993001
v -0.122112 1.601948 -1.372026
v 1.736189 4.171632 -1.688628
v 1.201808 4.689017 -1.699798
v 1.432818 2.740578 -1.464575
v -0.665974 3.342543 -1.729808
v 2.924983 2.788974 -1.381425
v 2.622792 0.010601 -0.982430
v 2.834256 0.010661 -0.774068
v 0.549259 5.417374 -1.854418
v 4.869896 2.403720 -1.164801
v 4.686507 2.381321 -1.181980
v 4.736070 2.579027 -1.234069
v -2.245718 4.254232 -2.024797
v -1.737960 4.986358 -1.994386
v -0.193076 1.714305 -1.402725
v -2.637852 3.650818 -1.935636
v -3.343989 3.931492 -2.057371
v -3.516345 3.995910 -1.984852
v -0.510383 3.369212 -1.688489
v 1.283666 2.712757 -1.508651
v 5.039182 2.294464 -1.132851
v -1.810725 4.819895 -2.021500
v -0.131101 2.635283 -1.659680
v 0.639604 0.195687 -1.074195
v 0.529980 0.195309 -1.168563
v 1.757420 0.193805 -0.974104
v -2.859727 3.819554 -2.017369
v -1.421141 3.866898 -1.881945
v -0.671649 6.112484 -2.087778
v -3.788230 4.309908 -2.091912
v 5.624325 2.012972 -0.964714
v 1.232243 4.384993 -1.711226
v -0.031608 2.809146 -1.638977
v -1.820837 4.679364 -2.005621
v -0.217209 2.413085 -1.540598
v -1.456728 1.980635 -1.605207
v -2.509447 3.741088 -1.961697
v -1.093534 2.589748 -1.713624
v -0.415584 6.114949 -2.095783
v -3.580917 4.577482 -2.261617
v -1.023171 1.243227 -1.489334
v 1.333535 3.548409 -1.494432
v 4.989229 2.506431 -1.058810
v -1.704384 3.842783 -1.890082
v 4.524751 2.539466 -1.116842
v -0.096281 0.183305 -1.139787
v -0.222826 2.552838 -1.609858
v -3.139529 4.402207 -2.078938
v -3.491258 4.536838 -2.129964
v -0.960366 2.879622 -1.545118
v 1.503146 4.120644 -1.627367
v -0.974063 6.089210 -2.119513
v 5.300400 1.982902 -0.931562
v 0.265121 3.522313 -1.655622
v 5.052097 2.237139 -1.002430
v 0.059226 2.674670 -1.552063
v 0.951597 5.302774 -1.862019
v 0.513306 3.600562 -1.546393
v -0.221456 1.280492 -1.352011
v -3.738245 3.877320 -2.053885
v -3.201687 4.486447 -2.113095
v 4.593279 2.640972 -1.119526
v -2.200260 4.208113 -1.846174
v -0.168038 3.445831 -1.551095
v -0.322548 3.501311 -1.618538
v -0.018375 2.467968 -1.556853
v -2.951530 3.888640 -2.059155
v -0.328448 1.250003 -1.338707
v 2.172995 4.245111 -1.578418
v -3.808546 4.047754 -2.076243
v -1.264885 5.909766 -2.183923
v 5.605689 2.190165 -0.896460
v 1.093577 4.842818 -1.691697
v 1.606599 3.225462 -1.478620
v -1.158493 5.237004 -1.971423
v 0.752987 5.392384 -1.864961
v 3.184202 3.224991 -1.264485
v -0.939531 3.066269 -1.610138
v -0.992547 2.789786 -1.588250
v 2.382507 3.982189 -1.545732
v 2.274878 4.071877 -1.522741
v -3.184738 3.957232 -2.015252
v -0.691285 6.157444 -1.979429
v 2.839457 2.867899 -1.308421
v -0.583576 1.717688 -1.420096
v -1.678599 0.010600 -1.259714
v -1.845036 0.010601 -1.292558
v -1.640783 0.010600 -1.302548
v -1.252797 1.460754 -1.422243
v 1.519690 3.352503 -1.460517
v 1.883819 3.068852 -1.396879
v -2.947144 4.109226 -2.016039
v -0.898578 2.985734 -1.688671
v -0.523939 1.389386 -1.414926
v -1.487473 1.711347 -1.511563
v 1.068606 5.021593 -1.687043
v -0.132615 2.977675 -1.553858
v 2.847373 0.079514 -0.891100
v 1.224171 2.738827 -1.438898
v -0.678087 3.139957 -1.634326
v -1.331721 3.968751 -1.812804
v 4.889066 2.329736 -0.979379
v 3.210362 2.888512 -1.294136
v -0.430066 3.068116 -1.616487
v 1.977445 4.083673 -1.494280
v 1.082772 5.192922 -1.794296
v 0.301054 5.332128 -1.786392
v 0.074310 5.450918 -1.895789
v 0.088001 5.723979 -1.882949
v -2.751285 3.822919 -1.923167
v -0.415485 0.199873 -1.105613
v 3.297177 3.014638 -1.295710
v -1.570493 5.179422 -1.915951
v -1.290721 2.350139 -1.579389
v -3.123463 4.265448 -1.918962
v 0.941096 0.196822 -0.950002
v -1.180697 3.502619 -1.744505
v 4.583622 2.377632 -1.090838
v 4.773942 2.701458 -1.050622
v 0.004070 0.205637 -1.108188
v 2.594158 2.842824 -1.263890
v 1.916685 2.904936 -1.307913
v 1.776109 3.964324 -1.523809
v -0.353342 1.712630 -1.351606
v -0.566703 1.686125 -1.365351
v 1.878856 3.147105 -1.354913
v -0.930167 1.249306 -1.357658
v 3.103100 2.796234 -1.208931
v -0.720393 0.200364 -1.092706
v -1.536281 0.197069 -1.145674
v 2.293951 0.184585 -0.778027
v 1.481216 0.191179 -0.941407
v -2.002617 3.957262 -1.781979
v -3.308714 4.030308 -1.906763
v -1.354006 4.156800 -1.755070
v 5.327383 2.361633 -0.924671
v -1.549288 5.829290 -2.099502
v 0.348809 3.573123 -1.592606
v 0.052184 5.828779 -1.877805
v -1.058362 2.699197 -1.526505
v 0.212882 0.202205 -1.021725
v -0.197021 0.200917 -1.043182
v -3.839707 3.957009 -1.982733
v 5.577983 1.917435 -0.850880
v 4.686080 2.340451 -1.024814
v 2.822186 0.010705 -0.841453
v 5.074009 2.430441 -0.954121
v 1.639096 3.267773 -1.327149
v -1.861778 0.186910 -1.087574
v -1.879671 0.142630 -1.173409
v -2.094435 4.466479 -1.884898
v -0.067792 6.288497 -2.000674
v -3.688297 3.964862 -1.929527
v -1.327858 3.753964 -1.747838
v -3.732849 4.471831 -2.015453
v -1.305439 0.197039 -1.147246
v 1.068981 5.144237 -1.702965
v 0.097884 3.478221 -1.579091
v -1.433440 2.214683 -1.514117
v -0.527464 3.171502 -1.638601
v -0.652351 1.776200 -1.380323
v 0.652856 3.796629 -1.607738
v -0.776888 1.323550 -1.307478
v 2.662664 0.010600 -0.812724
v 2.623849 0.010600 -0.937099
v 1.529273 3.472561 -1.451461
v -1.496158 1.934484 -1.458965
v -1.505722 1.740005 -1.417426
v 1.038933 5.277453 -1.725709
v -1.288561 5.508241 -2.033009
v 2.532145 0.184584 -0.823694
v -3.111437 4.068381 -1.973651
v 0.177822 2.738821 -1.411544
v 1.603868 3.980941 -1.504213
v -0.811043 3.321035 -1.591115
v -0.596855 1.473747 -1.331400
v -0.408153 2.044822 -1.406090
v -1.173954 6.116212 -1.948700
v -1.591412 4.123611 -1.785309
v 4.462549 2.629662 -1.080056
v 3.228586 3.125823 -1.260831
v 2.777250 3.432324 -1.210329
v -1.814628 3.958879 -1.790649
v 2.414396 2.785964 -1.288449
v -0.253549 6.372677 -1.979137
v -1.052099 1.331111 -1.303847
v -0.359700 2.133722 -1.338497
v 0.052003 2.864050 -1.491181
v 5.659240 1.936823 -0.832810
v -0.260219 3.069159 -1.532362
v 2.112828 2.804992 -1.276901
v -0.752741 3.102549 -1.611771
v 1.242910 4.441059 -1.526483
v -1.245818 5.198761 -1.886235
v -1.390926 6.008771 -2.110997
v 2.095485 0.181752 -0.841759
v 2.515235 3.871485 -1.338881
v -1.239987 2.531561 -1.416989
v -3.535668 4.578143 -1.931004
v -1.124400 3.543884 -1.636209
v 5.540467 2.301464 -0.855684
v 3.327193 2.894404 -1.180860
v 0.269092 3.415910 -1.585819
v 1.258304 3.809399 -1.464815
v -0.062449 2.317060 -1.365268
v 2.882540 2.814039 -1.182492
v 0.849404 3.829339 -1.442027
v 4.927645 2.544175 -0.968063
v -1.540989 6.050928 -2.106014
v 2.320603 2.844224 -1.181034
v 2.614592 3.732238 -1.331890
v 0.027084 3.428702 -1.468401
v -0.259051 1.415392 -1.263023
v -0.895085 3.409811 -1.586197
v 5.758011 2.017658 -0.818998
v -0.222042 2.264019 -1.346832
v -1.844834 4.527038 -1.891462
v -1.159903 5.290333 -1.915466
v -0.457785 1.458243 -1.297266
v -1.875723 0.010601 -1.197632
v 2.333492 3.919478 -1.414932
v 5.160617 2.106396 -0.868880
v 5.038772 2.312995 -0.933827
v -0.745140 1.431601 -1.256544
v -0.502749 1.923204 -1.312175
v 4.542650 2.442688 -0.984505
v 1.035517 3.805643 -1.484028
v -0.447876 6.265123 -1.937006
v -0.240513 1.555404 -1.256094
v 1.735379 3.870192 -1.516392
v 1.164234 4.651904 -1.579824
v 3.544058 2.791773 -1.101427
v 3.612930 2.878252 -1.181190
v 3.680705 2.790459 -1.264677
v -1.766271 4.727920 -1.880547
v -0.627542 1.823872 -1.319763
v 2.821665 0.188833 -0.746086
v 1.251469 5.394374 -1.770065
v 0.359202 3.540905 -1.505290
v 2.732166 2.960773 -1.187173
v 0.116995 2.529968 -1.392384
v 5.196815 2.330356 -0.887492
v 3.369535 2.721611 -1.125136
v 3.500830 2.943796 -1.241222
v 3.457988 2.983276 -1.208185
v 0.914148 5.266105 -1.680301
v 0.082917 6.185659 -1.916895
v -0.273256 3.334685 -1.536952
v -0.730768 1.702498 -1.344045
v -1.905728 0.010601 -1.071573
v 1.627507 3.582938 -1.432392
v 1.398270 3.855137 -1.513669
v 4.419999 2.732078 -0.972833
v 1.372061 3.648812 -1.462215
v -1.813139 4.825080 -1.809105
v -0.435622 1.621265 -1.298009
v 3.400059 3.114950 -1.218165
v 1.112931 3.858116 -1.321060
v -1.097795 1.534855 -1.269028
v -1.376072 1.542536 -1.349549
v 0.153668 3.384401 -1.457627
v -3.880668 4.426252 -1.991566
v 0.568547 0.184788 -0.889578
v 3.775585 2.882821 -1.130726
v 1.441230 4.217494 -1.426047
v 3.252500 2.786642 -1.153130
v 2.568606 2.930237 -1.174023
v -0.113156 2.959163 -1.431833
v -1.711016 4.534073 -1.767663
v -1.214445 3.700850 -1.625709
v -1.423857 4.216049 -1.747002
v -1.372403 2.257295 -1.434735
v -2.134147 4.195476 -1.778274
v -3.414092 4.013502 -1.839578
v -3.308824 4.574523 -1.874644
v 0.723096 5.376739 -1.696094
v 4.220041 2.647410 -1.053510
v 4.188711 2.727822 -1.054469
v 3.679594 2.756281 -1.073995
v 3.040016 3.348321 -1.165878
v 2.893757 3.361863 -1.157089
v 2.746194 3.604516 -1.288285
v 2.126649 4.015751 -1.352452
v -1.305963 3.947221 -1.610012
v -0.970782 6.191805 -2.015797
v 4.382813 2.527143 -0.962484
v 0.645369 3.791391 -1.474172
v 0.071959 5.517774 -1.800859
v -0.224936 3.158939 -1.454308
v 3.187175 2.763848 -1.080353
v -1.069656 3.013919 -1.465522
v 4.940063 2.427838 -0.942094
v -1.317583 6.119021 -1.943866
v 4.301728 2.810439 -0.963326
v 3.325894 3.205675 -1.177320
v -0.924942 1.385934 -1.240376
v -1.552700 5.548272 -1.950868
v -1.753070 5.773897 -1.955962
v 2.094276 2.987848 -1.235536
v 1.932555 3.901523 -1.300184
v -0.971313 0.196667 -0.998479
v 4.624422 2.727123 -0.944172
v -1.465562 2.031936 -1.352608
v 1.034837 4.734074 -1.544166
v 3.778711 3.129225 -1.056222
v 3.611850 3.155990 -1.009073
v -0.815168 3.161535 -1.549213
v 2.870633 2.905747 -1.113665
v 5.290654 2.075035 -0.801914
v -0.048876 3.411330 -1.421400
v 5.265315 2.293638 -0.801538
v 4.739997 2.415317 -0.926135
v 0.232265 3.441239 -1.421249
v -0.006935 0.195804 -0.900807
v 1.827684 3.713916 -1.383177
v 4.785001 2.570802 -0.895531
v -1.597811 4.186779 -1.609736
v -0.842945 1.644968 -1.298633
v 2.039953 0.193051 -0.652147
v 0.130418 6.046790 -1.777195
v -0.019059 2.954366 -1.317551
v -3.849747 4.320170 -1.952849
v 5.454490 2.024167 -0.759344
v 2.948326 2.886763 -1.018611
v 2.682251 0.010601 -0.728975
v 2.681808 0.010601 -0.752959
v 5.799186 1.925366 -0.674217
v 5.787063 2.132991 -0.698217
v 5.619892 2.182737 -0.740386
v -1.334953 5.216900 -1.743847
v -1.616590 6.014648 -1.971522
v 3.348057 3.435581 -1.194100
v -2.008972 4.498137 -1.718035
v 1.008245 4.905122 -1.503379
v 0.168873 2.933563 -1.335140
v 0.447354 5.363686 -1.659655
v 0.238175 5.248977 -1.653689
v -3.978922 4.577317 -2.023244
v 1.777864 3.306516 -1.284881
v -1.309761 5.374074 -1.871832
v 1.758447 3.577091 -1.359337
v 3.505913 2.701136 -1.000019
v 1.611322 3.473891 -1.264638
v 3.167659 3.494283 -1.185549
v 2.858389 0.075172 -0.699912
v -3.944043 4.170215 -1.893738
v -0.450231 1.997564 -1.223541
v 2.503326 3.679765 -1.239998
v -1.223758 1.615621 -1.183019
v 3.894903 2.802729 -1.039490
v 3.920067 2.921464 -1.011095
v 3.507257 3.237516 -0.997407
v 5.456337 2.297698 -0.758207
v 3.680660 2.613435 -0.955550
v 1.376886 4.042564 -1.364478
v 0.248614 3.533470 -1.356281
v 0.247047 2.529624 -1.243969
v 3.189347 2.647324 -1.045420
v -1.406515 2.000324 -1.284075
v 5.572583 1.999232 -0.738740
v 4.196479 2.623464 -0.922008
v 5.348669 2.120368 -0.730006
v 2.296877 3.718559 -1.285670
v -1.695535 4.683056 -1.702390
v 1.910574 3.418274 -1.272829
v 2.583992 0.185744 -0.587395
v 2.883166 3.001081 -1.079851
v 1.695919 0.196403 -0.700367
v -1.047702 3.422618 -1.442741
v -0.322791 0.191970 -0.915521
v 4.630773 2.566224 -0.869665
v 0.472740 3.630616 -1.382783
v 0.888381 5.171168 -1.570138
v -3.217104 4.211128 -1.793119
v 0.040497 5.791389 -1.741468
v 0.000258 6.215489 -1.860812
v -3.885787 4.038412 -1.822985
v -0.973103 3.097987 -1.338653
v 2.102359 3.137881 -1.158964
v 1.243983 0.189413 -0.653634
v 0.828952 0.195145 -0.773252
v 4.482930 2.556564 -0.888341
v 2.051408 3.932852 -1.292178
v -1.065862 6.229383 -1.831717
v 1.277769 4.439860 -1.339157
v 0.290904 2.957959 -1.262583
v -3.824089 4.480748 -1.902390
v -0.219400 6.360455 -1.886055
v 0.452798 0.197797 -0.799429
v 4.001601 2.846026 -1.055023
v -1.654352 5.605675 -1.808574
v 3.596733 2.479741 -1.077950
v 3.540959 2.564414 -0.939639
v -1.810899 4.162825 -1.662639
v 3.276482 3.557016 -1.136978
v 0.682938 3.920761 -1.442109
v 0.785627 5.332529 -1.575442
v 0.592323 5.317894 -1.603862
v 0.945617 3.845877 -1.340181
v 3.058998 2.756885 -0.994195
v -1.693860 0.010600 -1.118987
v -1.719900 0.010601 -1.065559
v -1.702693 0.010601 -1.122851
v 2.703361 0.010601 -0.604459
v 2.697585 0.010601 -0.677332
v 2.504053 2.937377 -1.086058
v -0.987806 3.362151 -1.401753
v 2.185473 2.966852 -1.166036
v 4.048376 2.796055 -1.026644
v 0.604692 3.804587 -1.383967
v 3.948486 2.623921 -0.979328
v 3.447543 3.369623 -0.999494
v -1.100516 2.832601 -1.332796
v 2.588199 3.479620 -1.176620
v 4.509325 2.033991 -0.805887
v 4.383614 1.949600 -0.871141
v 4.278934 2.153390 -0.809378
v -0.561910 0.194706 -0.911153
v 2.031541 3.674861 -1.289737
v -1.259294 0.192101 -0.975129
v -1.954411 4.270442 -1.673041
v 2.837544 0.010699 -0.619413
v -1.485884 6.173263 -1.917859
v 0.242784 0.192984 -0.794700
v -0.663101 1.804045 -1.217116
v 5.890486 2.044138 -0.676709
v -1.283055 3.581505 -1.440409
v -1.524956 5.558535 -1.865007
v -0.992495 1.745685 -1.173977
v 1.252402 3.977005 -1.274393
v -3.298672 4.088237 -1.779257
v -0.124725 3.206044 -1.358318
v -0.676739 6.234923 -1.784728
v -0.086224 2.237114 -1.193596
v -0.355506 2.158133 -1.148603
v 3.836854 2.547239 -0.908735
v 3.430545 2.613004 -0.914646
v -3.903572 4.210994 -1.776277
v -1.431038 4.213693 -1.625179
v -1.948115 0.010601 -0.773637
v 2.817939 0.194910 -0.557585
v 5.517109 2.169227 -0.723504
v 2.662803 3.101715 -1.102571
v 4.242964 2.914508 -0.901197
v 3.936264 2.995655 -0.943506
v -3.266053 4.421182 -1.759971
v -1.589271 0.193671 -0.840222
v -0.058980 5.647699 -1.663073
v 4.467662 2.667845 -0.791150
v 4.323869 2.577851 -0.802040
v -0.942443 3.187981 -1.346410
v 3.989989 2.548514 -0.852777
v -1.737186 5.033641 -1.758448
v 0.329190 2.700624 -1.244933
v 2.743219 3.314899 -1.159177
v -3.655222 4.544312 -1.837095
v -1.360456 5.436836 -1.805672
v -1.302815 5.573263 -1.858326
v 2.123412 3.530697 -1.129346
v 2.933049 3.189592 -1.100298
v -0.047574 3.086350 -1.272749
v 5.972649 1.975735 -0.476251
v -1.054030 3.052284 -1.303806
v 0.113066 5.879555 -1.683083
v -0.833606 6.268325 -1.851771
v -0.567664 6.365385 -1.799286
v 4.432582 2.154931 -0.712809
v 3.163941 3.694807 -1.018593
v -3.363489 4.519931 -1.743544
v 0.566170 4.032678 -1.392133
v 4.178531 2.527639 -0.799722
v -0.599933 1.863176 -1.133760
v 3.586699 2.487285 -0.807856
v -3.532988 3.977265 -1.656740
v 2.817714 0.010651 -0.473722
v -1.735084 0.010601 -1.007509
v 0.066338 5.402258 -1.579265
v -1.346640 5.366103 -1.729255
v -1.506437 5.661467 -1.859309
v 2.440898 3.377149 -1.144171
v 2.196986 3.033088 -0.999441
v 0.055395 2.338108 -1.155786
v 2.407666 3.613521 -1.123824
v -1.267007 2.411930 -1.256533
v -3.832022 4.330103 -1.737138
v 0.992540 4.599145 -1.416358
v 3.765841 2.507400 -0.835049
v 0.028114 3.415314 -1.304889
v -1.321504 3.813707 -1.378212
v 0.094619 6.108679 -1.695493
v 4.385166 1.887197 -0.808974
v 4.416756 2.805366 -0.826846
v -1.384823 4.143450 -1.533332
v -0.179346 2.161197 -1.074597
v -1.307260 1.816057 -1.104598
v 2.416222 3.054586 -1.038863
v -1.350557 2.166794 -1.247628
v 0.078756 2.985580 -1.175918
v 0.902890 4.766678 -1.412906
v -0.730587 1.777345 -1.108641
v -1.408364 4.069428 -1.431718
v -1.232857 6.073487 -1.785840
v 4.258329 1.925406 -0.663945
v -1.340163 5.677266 -1.816703
v -1.696543 5.948518 -1.839359
v -1.571937 4.238992 -1.505894
v 3.388632 3.625551 -0.956604
v 3.291467 3.730233 -1.053172
v 2.282145 3.565140 -1.145836
v 1.267169 4.271072 -1.282141
v 4.116426 2.982667 -0.836993
v 1.356483 4.163421 -1.298142
v -0.406251 2.037258 -1.128355
v 3.884745 2.298159 -0.823747
v 3.832717 2.422673 -0.833124
v 3.972498 2.353296 -0.880584
v 3.241858 2.557882 -0.838700
v -1.762084 4.380758 -1.627301
v -1.117505 5.455717 -1.668649
v -1.156131 2.689934 -1.231083
v 5.752585 1.972982 -0.576353
v 4.080087 2.570153 -0.813528
v -3.648235 3.925697 -1.715352
v -3.806401 3.901459 -1.734791
v -3.741944 3.861866 -1.614597
v 4.609821 1.862530 -0.607358
v 4.103906 2.328456 -0.829497
v 3.019672 3.340430 -1.015667
v -3.970909 3.871213 -1.639548
v 0.358715 5.193358 -1.548176
v 0.125526 5.145323 -1.498049
v 5.906787 2.082038 -0.418669
v 4.150841 2.142611 -0.766146
v -1.565869 5.187322 -1.692170
v -1.619264 5.745576 -1.851830
v 2.989554 2.787951 -0.929062
v 5.737095 2.072466 -0.560783
v -1.163021 5.415956 -1.715118
v 3.674193 3.211341 -0.853477
v -1.638498 5.855461 -1.796234
v 3.063940 3.131355 -0.933107
v 3.040200 3.519538 -1.043591
v 1.048488 4.519701 -1.290165
v -3.779083 4.476892 -1.785362
v -0.463709 6.388045 -1.660344
v 2.312303 0.186244 -0.420763
v -3.595295 4.618261 -1.777102
v -0.037865 3.234680 -1.258418
v 0.556949 5.229742 -1.484452
v 0.018168 0.197469 -0.757962
v -1.953538 0.059028 -0.960465
v -1.752827 0.010601 -0.942352
v -1.739763 0.010601 -0.966922
v 2.679452 0.010601 -0.559574
v 2.695106 0.010601 -0.575069
v 2.680926 0.010601 -0.540810
v 3.962352 2.206200 -0.698390
v -1.507202 6.033248 -1.804509
v 3.371050 2.473933 -0.846446
v -3.217231 4.224257 -1.648032
v 2.232680 3.241145 -1.105844
v -0.777383 0.196964 -0.783787
v 0.836118 3.941060 -1.281361
v 0.449408 3.637845 -1.207659
v 4.540130 2.057606 -0.670761
v 4.208891 2.312977 -0.728388
v 0.494777 3.892473 -1.223347
v -1.615140 4.408679 -1.511664
v -0.531949 0.193602 -0.698417
v -1.374184 5.269746 -1.642346
v -1.705797 5.026893 -1.630770
v -1.327186 1.973695 -1.198001
v 4.478061 1.843128 -0.549720
v 3.136498 2.610197 -0.824508
v 0.122132 3.504703 -1.260833
v 5.956887 2.075645 -0.468990
v 4.668702 1.992995 -0.583533
v -1.224369 5.657722 -1.661852
v 2.863653 0.079063 -0.459874
v -1.420754 5.812278 -1.744406
v 2.203157 3.094116 -0.968199
v 0.165522 6.386061 -1.474007
v -0.199087 0.190235 -0.702933
v -0.584966 1.976595 -1.069045
v 0.606067 5.190034 -1.450556
v -0.037815 6.506374 -1.638189
v -0.225694 6.528063 -1.652040
v 0.259924 2.430842 -1.080455
v 1.084252 4.052982 -1.198060
v -0.920432 1.832379 -1.032566
v 0.972951 4.636270 -1.256043
v 0.705149 5.039668 -1.408180
v 0.402377 2.845094 -1.034479
v 0.214742 5.103185 -1.445552
v -1.680975 4.852092 -1.589772
v -1.526893 5.105775 -1.565051
v -4.036021 4.037601 -1.530184
v 5.894661 1.946480 -0.462252
v -0.093873 2.192543 -0.961963
v 0.373206 2.538148 -0.991617
v 4.007470 3.006796 -0.807926
v -1.167175 1.871242 -1.140312
v -1.079557 2.877237 -1.222482
v -1.390782 4.275342 -1.396381
v -1.515099 6.013558 -1.681484
v 0.882275 0.191786 -0.465902
v 0.662619 0.189072 -0.596382
v -1.273244 5.323022 -1.640857
v 2.975985 2.872782 -0.861194
v 0.103035 3.381335 -1.200312
v -1.554371 5.316092 -1.705907
v -1.689363 5.339455 -1.681263
v -1.911076 0.183966 -0.747979
v 0.311698 3.062419 -1.131315
v -1.177798 2.095730 -1.142128
v -0.011849 5.844663 -1.510839
v 4.174362 2.447855 -0.704188
v 2.661875 0.188658 -0.376058
v 0.844355 4.138420 -1.202919
v 0.535305 4.149243 -1.329816
v 0.485470 3.956708 -1.253629
v -0.589545 6.243885 -1.603944
v 0.433025 5.190837 -1.318640
v -1.621857 4.737310 -1.634684
v -1.139411 5.338769 -1.609585
v -3.678114 4.523263 -1.674554
v -3.227439 4.085077 -1.614906
v 2.652890 0.010601 -0.515840
v 2.650089 0.010600 -0.479416
v -1.752663 0.010601 -0.900664
v 4.371083 2.782134 -0.681065
v -0.754393 6.156590 -1.626665
v -0.465942 2.103299 -1.048753
v -0.961081 1.937667 -0.918507
v 1.827806 0.188327 -0.516174
v -1.321255 5.725959 -1.650434
v 0.133205 3.209363 -1.132575
v -3.258278 4.471899 -1.587044
v 0.092890 6.003068 -1.620010
v 0.058167 2.247950 -0.939059
v 3.153639 3.573695 -0.921558
v 4.139607 2.070285 -0.651119
v 4.236076 2.629662 -0.693515
v 3.817066 2.297896 -0.673875
v -1.598453 4.551823 -1.426870
v -1.503579 4.669137 -1.398025
v 0.421097 3.014547 -1.090443
v 0.168422 3.077252 -1.016287
v -0.101095 5.590401 -1.554169
v 1.145632 4.385011 -1.229966
v -1.258502 3.480739 -1.243337
v 3.834392 3.111507 -0.776288
v -0.754557 1.890313 -0.977136
v 3.367039 3.936975 -1.005857
v -0.981490 6.067576 -1.716028
v -1.561916 5.919111 -1.651549
v 0.367965 3.614599 -1.096821
v 3.159874 3.978763 -0.982660
v 4.597660 2.033056 -0.529659
v -1.050139 0.190074 -0.708870
v -1.241470 0.203571 -0.821398
v 0.507197 4.054579 -1.117119
v -0.023213 5.216721 -1.465786
v -1.040983 2.466101 -1.118566
v 4.310849 2.181470 -0.622078
v -1.307940 0.192651 -0.543810
v 3.534465 3.387592 -0.838065
v 3.055556 2.986809 -0.764565
v -3.300925 3.982617 -1.555850
v -0.588367 6.379999 -1.672544
v 0.761067 4.882162 -1.272548
v -1.310827 5.981676 -1.675826
v 4.434719 2.112601 -0.564854
v 4.279948 2.903399 -0.663864
v 3.614718 2.269560 -0.615402
v -1.014924 3.021776 -1.122147
v -1.150174 2.927595 -1.115368
v 3.239789 2.452898 -0.699084
v 3.142901 3.196527 -0.782712
v -1.139508 3.457174 -1.190401
v -0.893072 6.155439 -1.681380
v -3.453667 3.965946 -1.523310
v -1.770814 0.010600 -0.825425
v 2.771434 0.010601 -0.209955
v 2.660796 0.010601 -0.415518
v -1.049849 3.347258 -1.194302
v 0.189514 0.195922 -0.585474
v 4.173454 2.308640 -0.545640
v -1.081277 5.996122 -1.620880
v -1.091058 2.058895 -0.977264
v 3.052711 2.796705 -0.763415
v -0.962183 2.404352 -0.972482
v 4.924850 1.781044 -0.482968
v 4.672520 1.762908 -0.503779
v -1.963578 0.062472 -0.813651
v -0.088932 5.265873 -1.389006
v -3.203472 4.296847 -1.489884
v 4.542050 1.876081 -0.481241
v -1.241042 5.620200 -1.491882
v -1.245116 5.415133 -1.561393
v 0.212628 3.503431 -1.083308
v 3.430449 2.427513 -0.660295
v 0.426961 0.197101 -0.633012
v 2.816053 0.010705 -0.355836
v 2.805095 0.179559 -0.244385
v -1.411421 3.743112 -1.263940
v 3.191167 3.770964 -0.860513
v 4.278170 2.123198 -0.576398
v 3.229507 4.071063 -0.919566
v 4.813926 1.996762 -0.475685
v 4.508130 1.970700 -0.507300
v 3.567267 3.269477 -0.779279
v -1.324431 3.903296 -1.269517
v -3.605771 4.011641 -1.480857
v -3.426280 4.531554 -1.571805
v -3.908699 4.205083 -1.506510
v -1.463440 5.334782 -1.533550
v -1.477071 5.829642 -1.574781
v 3.196787 2.597991 -0.707732
v -0.439112 6.427791 -1.494357
v 3.095088 3.406695 -0.852262
v 4.904650 1.697684 -0.495138
v -0.574435 2.110319 -0.946903
v 0.539208 4.294600 -1.148904
v 4.119541 2.479415 -0.594002
v 0.220184 3.362088 -1.039663
v 5.991920 2.025072 -0.273438
v 3.158587 3.060347 -0.732708
v -1.140368 5.488824 -1.545092
v -3.011574 4.092542 -1.399927
v 4.221130 2.657562 -0.624103
v -0.644989 2.037855 -0.929515
v -3.198766 4.054903 -1.515718
v 1.194297 0.189755 -0.468657
v 1.130226 4.250724 -1.132676
v 0.424239 4.231665 -1.169537
v -1.591236 5.242876 -1.526427
v -1.617295 5.865257 -1.510627
v 3.398128 3.565611 -0.810085
v -0.026765 5.755283 -1.437886
v 1.589819 0.192672 -0.422219
v 3.460213 3.902049 -0.845072
v -0.308219 0.194214 -0.572053
v 0.716313 4.731381 -1.170132
v 0.818975 4.238404 -1.103682
v 0.366289 3.165073 -0.910019
v -3.812137 4.359036 -1.534077
v -0.674324 1.965201 -0.951790
v 2.830504 0.010691 -0.222190
v -1.765465 0.010601 -0.757434
v -1.794781 0.010601 -0.699518
v 4.755422 2.045826 -0.397525
v 4.127077 2.181762 -0.553451
v -0.662174 6.190893 -1.557532
v -0.936342 6.082695 -1.557166
v 0.656525 5.128135 -1.265874
v 3.413877 3.741145 -0.823076
v 0.105404 5.051397 -1.272921
v 0.040363 5.935562 -1.389114
v -1.011266 3.207994 -1.025394
v 0.256318 2.338638 -0.849187
v 4.136786 2.969233 -0.606173
v -1.488293 4.760674 -1.261871
v -1.397357 5.010494 -1.441539
v -1.486572 5.109444 -1.461594
v 3.702186 3.104234 -0.692889
v -3.112135 4.229592 -1.383806
v 4.750245 1.649068 -0.357725
v 3.878518 2.222796 -0.540560
v -3.772203 3.833767 -1.450017
v 4.632906 1.760353 -0.353863
v 1.069833 4.398232 -1.123737
v 3.949776 2.995606 -0.614755
v -1.500451 5.940967 -1.569403
v 4.942964 1.942910 -0.380464
v 0.391755 0.195556 -0.387889
v 1.781104 0.186996 -0.382074
v 3.406411 4.067836 -0.778041
v -1.559950 4.439401 -1.293162
v -1.482990 4.912260 -1.391391
v 0.415345 3.041889 -0.898554
v 0.011428 6.563131 -1.436154
v 3.465059 2.219761 -0.603949
v 3.286228 2.385993 -0.601006
v -4.028589 3.823753 -1.457736
v -1.010567 2.779871 -1.035871
v 3.202904 3.589841 -0.815219
v 3.175828 3.941669 -0.851912
v 4.983802 1.702779 -0.346722
v 4.179812 2.835920 -0.575631
v 3.350193 2.271963 -0.614432
v -1.741374 0.190186 -0.638764
v -0.120427 5.449337 -1.327082
v 3.260968 2.826073 -0.629193
v 0.342880 2.912820 -0.866230
v -0.914119 2.276634 -0.887994
v -1.391975 5.444599 -1.389737
v 4.030002 2.278277 -0.492758
v -3.409309 4.009382 -1.328082
v -1.370384 3.664789 -1.121960
v -0.497817 6.306294 -1.504232
v 0.011988 0.197103 -0.451998
v -1.129716 5.784194 -1.538328
v 3.778586 3.035018 -0.598597
v 0.746976 4.601035 -1.161716
v -0.239624 5.747334 -1.338534
v 1.961610 0.188346 -0.277673
v -0.657108 2.169993 -0.926655
v 0.612479 5.063186 -1.160749
v 3.356705 3.370835 -0.749995
v -1.345076 5.791353 -1.521385
v 2.633652 0.010601 -0.308351
v 2.615236 0.010600 -0.366599
v -1.368042 4.042609 -1.149735
v -0.812297 5.978793 -1.510750
v 0.936057 4.405410 -1.071107
v 0.874755 4.563837 -1.104056
v 0.214253 3.281101 -0.870926
v 0.380311 3.681197 -1.037799
v 0.404230 4.160357 -1.017309
v 3.147158 2.885806 -0.669605
v 0.362866 3.802689 -0.980503
v -0.643357 6.033113 -1.405846
v -0.956966 5.800647 -1.483443
v -1.619048 5.262240 -1.408621
v -3.185484 4.079946 -1.311560
v 4.144180 2.909207 -0.523272
v -0.200594 5.619147 -1.362461
v -0.142944 6.685184 -1.237159
v -3.727248 4.497418 -1.443538
v 3.355667 3.756348 -0.772496
v -1.369772 4.195237 -1.175612
v 4.647437 1.966098 -0.357917
v 3.320379 4.124731 -0.771885
v 0.315320 5.160678 -1.185369
v 0.188988 6.279613 -1.314577
v 0.254472 3.507590 -0.985529
v 4.995443 1.671044 -0.167594
v -1.221469 5.454855 -1.416417
v -0.168300 2.144054 -0.757718
v 3.270913 3.884543 -0.720708
v 0.381876 2.743547 -0.814650
v -0.775813 2.105612 -0.884962
v 3.539187 3.092996 -0.637510
v 3.995182 2.701036 -0.506514
v 3.243310 4.131156 -0.695914
v -3.501381 4.446028 -1.390414
v 3.836528 2.221435 -0.478166
v 4.908565 1.975175 -0.272847
v -0.759601 5.730427 -1.427739
v 3.613803 2.051831 -0.485548
v 3.369352 2.172030 -0.514989
v 3.261457 2.480546 -0.521590
v -1.457825 4.364588 -1.174264
v -0.190526 5.851519 -1.354108
v -3.878077 3.752192 -1.318905
v 0.333273 2.471609 -0.798699
v -0.943980 2.093288 -0.899431
v -1.428640 3.945129 -1.093606
v 3.990199 2.458235 -0.484801
v -1.975699 0.010710 -0.617111
v 3.430398 2.944006 -0.604181
v -0.136970 5.246335 -1.278411
v 3.315239 2.291755 -0.457848
v -3.037126 3.991853 -1.311655
v -1.917486 0.010600 -0.527430
v -1.800730 0.010601 -0.642883
v -1.816301 0.010601 -0.574991
v 2.617743 0.010600 -0.225468
v 5.086121 1.875119 -0.207859
v 3.472197 3.922671 -0.726809
v -0.635128 6.258152 -1.414683
v 0.739914 0.185499 -0.405525
v 0.571801 4.463686 -1.100194
v 0.206730 2.334036 -0.732005
v -1.162413 5.485758 -1.335949
v -0.826746 0.196103 -0.488507
v 0.414593 5.089384 -1.077854
v -1.524690 0.187779 -0.466047
v 0.285870 3.190462 -0.841126
v 3.303246 3.161097 -0.653202
v -0.157019 0.185784 -0.384910
v 3.906450 2.585843 -0.424948
v -0.935569 5.532002 -1.344926
v 0.622718 4.892509 -1.041514
v 3.299651 2.670275 -0.559747
v -3.020072 4.197470 -1.341226
v -1.027453 2.851930 -0.916913
v -4.082775 3.975168 -1.234610
v -0.298583 6.634176 -1.302958
v 0.088127 2.231412 -0.786728
v 5.118430 1.724313 -0.198154
v -0.697062 5.816095 -1.409158
v -0.573085 0.191130 -0.525705
v 0.134798 6.131771 -1.232948
v -1.316723 4.952833 -1.258962
v -3.933239 4.241811 -1.301281
v 1.096279 0.187995 -0.274911
v 3.829624 2.168621 -0.423762
v -1.391743 5.159736 -1.260561
v 0.317376 4.346274 -0.954889
v -0.857054 2.747380 -0.870488
v -0.980160 3.347446 -0.941985
v -0.537772 2.112198 -0.665869
v -0.970428 2.983904 -0.882543
v -0.501605 5.539709 -1.337083
v -0.369936 5.674810 -1.341804
v -1.595384 5.195528 -1.333333
v -3.300518 4.115969 -1.320400
v -4.169335 3.871596 -1.280364
v 4.665667 1.878129 -0.235564
v 3.425669 2.171621 -0.417147
v -0.629358 5.625786 -1.302202
v -0.780809 2.244098 -0.807340
v 3.203884 4.028084 -0.708205
v 3.770127 2.033951 -0.378694
v 0.366550 3.633220 -0.899825
v 0.081479 4.993492 -1.197921
v 0.126525 5.000149 -1.040792
v 3.580077 2.874241 -0.521152
v -2.964424 4.067567 -1.238251
v -0.513348 5.717240 -1.298918
v -0.595844 5.838467 -1.419006
v 0.381646 3.994801 -0.946500
v 3.956810 2.902160 -0.515863
v 1.510508 0.183503 -0.201316
v 3.763829 2.938769 -0.499311
v -3.768968 3.881952 -1.272782
v 2.617412 0.010600 -0.187444
v -1.405780 4.895940 -1.234122
v -1.275402 5.376652 -1.290317
v -0.200739 5.097182 -1.168576
v 2.809843 0.010702 -0.153447
v -0.245800 5.284572 -1.136352
v 2.430633 0.179728 -0.095531
v -0.410852 5.826297 -1.228835
v 0.475139 4.771481 -1.035964
v -0.492231 6.229135 -1.376171
v -1.084612 3.461398 -0.979272
v 0.533626 0.186634 -0.247245
v 0.416996 2.531178 -0.653589
v 4.754549 1.740655 -0.181761
v 3.617408 1.974139 -0.338605
v -0.578670 2.174521 -0.796324
v 3.705343 2.657738 -0.455998
v 3.755879 2.346790 -0.413854
v -1.936969 0.181598 -0.422734
v -1.513009 5.355680 -1.229257
v -1.027747 2.789553 -0.841386
v -4.079789 3.677741 -1.300489
v -0.382523 5.711899 -1.170997
v -1.151964 0.185524 -0.417990
v -0.534675 6.032466 -1.369030
v -0.915043 2.350399 -0.791998
v -0.052020 5.956732 -1.172068
v 3.442578 2.679045 -0.467232
v -0.665167 5.535892 -1.218207
v 4.815640 1.665441 -0.208036
v -0.025727 2.187253 -0.646363
v 0.418119 4.624525 -0.927520
v -0.504117 5.364744 -1.246405
v -0.347891 5.300251 -1.116495
v -0.480239 5.964229 -1.264643
v 3.883976 2.085749 -0.338982
v 0.428013 2.880631 -0.555724
v 0.144348 6.525313 -1.123112
v -3.640925 4.041581 -1.281858
v -0.374229 6.024861 -1.222152
v -0.400068 0.189982 -0.354578
v 3.719211 1.898250 -0.308919
v 0.430249 3.197977 -0.682952
v 0.044601 4.985937 -1.067679
v 3.292202 2.487601 -0.362465
v -1.117893 3.651111 -0.957183
v -1.364949 3.712650 -0.964565
v -1.378709 5.474734 -1.273486
v -3.439862 4.331274 -1.254141
v -3.906666 4.346517 -1.211137
v 3.520698 4.126562 -0.636642
v 3.652129 2.408104 -0.370718
v -1.293003 5.049733 -1.200340
v -0.837912 2.645164 -0.774957
v -3.798195 4.521424 -1.300328
v 3.413586 3.920975 -0.612846
v -0.274645 2.213260 -0.593228
v -0.352619 2.172589 -0.613249
v -1.818922 0.010600 -0.508099
v -1.820275 0.010601 -0.456616
v 2.621332 0.010601 -0.109681
v 2.608655 0.010601 -0.169135
v 4.838454 1.963798 -0.141224
v 3.957347 1.850245 -0.292533
v -0.683443 0.190403 -0.348717
v 3.905214 1.746161 -0.261088
v -1.481713 4.639647 -1.106405
v -2.855555 4.085667 -0.954278
v -0.412848 6.362211 -1.174167
v -0.888144 4.964383 -1.248986
v -0.719628 5.151709 -1.161589
v -0.888667 5.241670 -1.222652
v 0.350093 2.347331 -0.680927
v 3.998066 1.974579 -0.265129
v 3.712364 2.198557 -0.257896
v -0.178996 5.936952 -1.180303
v 0.426395 2.743718 -0.649561
v 3.393809 4.260447 -0.655003
v -1.111140 5.024096 -1.205139
v -1.113994 4.947771 -1.207669
v 3.564785 2.496108 -0.342812
v -1.415474 4.580864 -1.108240
v 0.253808 3.722901 -0.799743
v -3.229064 4.235102 -1.235985
v -3.918731 3.650931 -1.163731
v -4.099784 4.128852 -1.169548
v -0.625331 5.325652 -1.215045
v -0.768374 2.281594 -0.717665
v 2.711527 0.190727 0.090429
v -2.996164 4.121054 -1.055009
v 3.583814 4.050948 -0.472368
v -3.567819 4.137497 -1.132952
v 0.320783 2.129126 -0.607554
v 0.196088 3.581909 -0.762450
v -0.831375 5.446873 -1.192759
v -0.980011 5.319491 -1.179772
v -0.925817 2.885082 -0.766356
v 0.353425 4.859979 -0.954457
v 0.005974 2.128172 -0.583785
v 3.288524 4.029491 -0.577989
v -1.997566 0.010707 -0.400991
v 4.873361 1.793856 -0.094199
v 3.537777 2.174386 -0.263147
v -0.821510 2.421139 -0.714801
v -1.144832 4.837214 -1.130041
v -1.251004 4.872190 -1.118450
v 4.066967 1.849407 -0.194695
v 3.430999 2.558936 -0.351291
v 0.756128 0.183709 -0.128407
v 2.779217 0.158454 0.069558
v -1.080323 5.261773 -1.157010
v 0.381379 3.951722 -0.818006
v 5.077071 1.944749 -0.054819
v -1.040379 3.508517 -0.761018
v -1.352304 4.076612 -1.034971
v 1.995107 0.187606 -0.055236
v 3.657682 2.031682 -0.233987
v 3.929494 2.081351 -0.204671
v 0.200987 3.415972 -0.684768
v 0.239076 3.840297 -0.711956
v 0.465053 2.181435 -0.574893
v 0.350515 3.063443 -0.636871
v -3.650485 4.482489 -1.142132
v 0.125044 1.976060 -0.531396
v -0.617393 4.935688 -1.006574
v 5.162196 1.710741 -0.007287
v -0.759555 2.208827 -0.612486
v 0.167485 6.425080 -1.029846
v -1.060598 2.794075 -0.699171
v -1.065553 3.650285 -0.805326
v 2.822830 0.054222 -0.014109
v 2.753877 0.010696 0.140721
v 0.186178 0.186570 -0.212788
v -1.305357 4.263891 -1.003000
v 0.242214 4.484082 -0.849728
v -1.740529 0.196269 -0.284882
v -3.381235 4.234988 -1.241193
v -0.012693 6.677102 -1.073990
v 4.050853 1.965915 -0.147386
v -0.924621 3.059182 -0.626085
v 0.317767 0.193365 -0.135708
v -1.326554 3.965557 -0.865089
v 0.539268 2.330704 -0.546049
v -0.791103 4.954295 -1.072587
v -4.121372 3.638238 -1.055537
v -3.017987 4.039856 -1.064008
v -3.770797 3.970905 -1.129199
v 5.220086 1.805604 -0.014986
v -1.394879 0.190676 -0.233906
v 0.308597 3.305650 -0.647634
v 0.980847 0.194240 -0.049540
v -4.081135 3.571342 -1.173163
v -0.924341 0.187102 -0.229458
v 0.086654 6.179985 -0.993003
v 3.321577 2.312437 -0.239611
v 1.660618 0.187645 -0.022824
v 0.224018 4.177086 -0.768503
v -0.455456 4.996298 -0.889384
v -1.242497 4.687972 -1.068156
v -0.981093 3.422510 -0.727707
v -0.517092 5.003279 -0.922349
v 3.776101 1.800152 -0.129974
v -0.189496 2.134758 -0.524531
v -1.818208 0.010600 -0.394441
v -1.826127 0.010601 -0.325606
v 2.559978 0.010600 0.040113
v 2.642290 0.010649 0.325501
v 2.584730 0.010601 -0.047907
v -1.229342 4.523573 -0.974707
v -1.382718 4.179525 -0.933100
v 3.558480 4.268764 -0.566538
v -0.936472 2.549392 -0.624181
v 3.960992 1.758217 -0.094222
v 3.581967 2.261752 -0.195227
v 1.412373 0.182503 -0.061197
v -0.986960 3.243656 -0.681609
v -4.054940 3.789034 -1.061909
v 0.317547 4.649345 -0.802601
v -0.613569 2.110195 -0.516620
v 4.079486 1.808060 -0.054279
v -0.303972 6.161907 -0.960719
v 3.519185 2.539109 -0.208404
v -0.406961 6.545142 -1.046282
v 3.243972 4.237443 -0.542359
v 0.566275 2.107551 -0.500348
v 0.131186 4.347945 -0.816200
v -3.982965 3.734196 -1.015623
v -0.541933 0.187408 -0.120559
v 3.801656 2.032207 -0.110457
v -1.281209 4.429343 -0.926966
v -1.024528 4.744790 -0.912213
v -0.861525 4.952470 -0.991251
v -3.870247 3.364719 -0.997189
v 3.502902 3.989945 -0.435938
v 3.324973 4.374812 -0.531288
v -1.959918 0.010601 -0.109330
v 4.039584 1.760747 0.116275
v 3.596052 2.367066 -0.177506
v 0.245653 4.017179 -0.679485
v -0.368742 0.193690 -0.204568
v -3.861340 3.957429 -0.976639
v 0.439993 1.894310 -0.395986
v 5.019057 1.933586 0.044694
v -3.679744 4.340655 -0.929467
v 0.569241 2.540844 -0.432059
v 5.030474 1.727717 0.103699
v -0.095206 0.196189 -0.089607
v -0.069086 4.868783 -0.899317
v 3.336647 4.081988 -0.380684
v -0.361070 4.843765 -0.813176
v 5.149627 1.951144 0.094912
v -2.833588 4.024971 -1.081088
v -3.875386 3.541322 -1.044411
v -4.042083 3.447927 -1.013765
v -1.092819 3.909106 -0.787912
v -0.115343 2.071310 -0.432743
v 3.437004 4.398218 -0.443658
v 0.623620 1.968413 -0.302587
v -0.077515 2.019291 -0.414393
v 3.266376 2.448136 -0.233097
v -0.428400 2.167879 -0.504339
v 5.270729 1.797601 0.117127
v 4.109338 1.912709 0.016388
v 3.993021 1.992726 -0.001862
v -1.271297 4.215901 -0.787590
v 3.320742 2.550437 -0.088771
v 3.650525 4.174461 -0.279291
v -3.929477 4.537789 -1.119068
v 0.073363 4.836976 -0.816774
v -4.134271 3.970000 -1.066248
v -4.037025 4.392701 -1.060767
v -0.914478 2.394238 -0.587607
v 3.368930 2.404483 -0.041962
v 3.420880 2.613110 -0.135323
v -3.877957 3.592156 -0.980536
v -2.879931 3.896372 -0.871986
v 3.866222 1.970365 0.045956
v -0.926811 2.918355 -0.578574
v 1.798329 0.183864 0.140345
v 0.725306 2.322893 -0.253088
v -0.807211 2.218943 -0.439322
v -1.938927 0.131640 -0.220587
v -3.679465 4.160232 -0.972625
v -3.821646 4.586182 -1.060914
v -1.025323 2.799295 -0.520251
v -3.618781 3.425964 -0.977190
v 0.550273 2.846194 -0.368604
v -0.301045 2.262353 -0.463943
v 0.233365 3.349102 -0.551208
v 0.305331 3.077543 -0.472819
v -1.160731 4.325126 -0.760639
v 0.033738 3.634392 -0.570491
v -0.972223 4.551075 -0.815990
v 3.456387 2.303221 -0.071286
v 2.537126 0.185935 0.198149
v -0.106241 4.366279 -0.648297
v -3.748112 4.509764 -0.973479
v -1.023703 2.857785 -0.507235
v 0.227205 1.873228 -0.339962
v 5.052426 1.802085 0.193243
v 1.119663 0.182208 0.095477
v 2.223575 0.183515 0.169017
v 0.701608 2.112523 -0.254745
v 0.201669 4.538533 -0.805058
v -1.238681 4.007414 -0.761301
v -0.025334 6.193971 -0.851710
v 3.586921 4.360379 -0.375975
v -0.379795 6.321018 -1.003855
v -1.828681 7.125900 -1.331618
v -2.018052 7.113772 -1.425619
v -1.923751 7.155121 -1.293193
v 0.041305 4.720315 -0.811209
v 0.201321 4.128930 -0.621481
v 0.297807 3.219597 -0.465480
v 0.725159 0.183092 0.041971
v 0.427462 0.191839 0.086948
v -1.864490 7.054607 -1.284714
v -3.710070 3.290156 -0.813609
v -3.009689 4.034826 -0.893389
v -3.737905 3.525923 -0.872310
v -0.211339 2.108382 -0.369695
v -0.580934 4.854615 -0.781662
v -0.874063 4.698577 -0.809566
v -0.203429 4.649650 -0.716266
v -3.994779 3.539128 -0.874730
v 0.141054 3.928301 -0.637012
v -0.779195 0.188781 -0.006975
v -4.017452 3.791991 -0.984874
v -3.067014 3.969557 -0.791426
v 0.010320 1.890318 -0.269132
v 1.476702 0.191649 0.221656
v 3.884698 1.841376 0.047550
v 1.271341 0.184844 0.078159
v 3.527543 4.082727 -0.279918
v -0.940762 3.623416 -0.604152
v -4.114850 4.179451 -1.040171
v 0.043848 4.223629 -0.628968
v 0.634472 2.501403 -0.296053
v -1.823941 7.196207 -1.290590
v 3.370626 4.325044 -0.344334
v -0.170139 6.169674 -0.842843
v -0.629108 2.190697 -0.355732
v 2.540463 0.010601 0.153636
v 3.571043 2.369290 -0.025669
v 2.011300 0.185689 0.222583
v -3.684227 3.341966 -0.782739
v -0.937771 2.436534 -0.436488
v -0.687495 4.763031 -0.775503
v 0.419006 3.013028 -0.306588
v -2.843803 3.959144 -0.753399
v -0.922726 3.267368 -0.562889
v -1.745599 7.016494 -1.202451
v -0.382068 6.633740 -0.954696
v -1.072240 4.056541 -0.743178
v -3.905372 3.415334 -0.857780
v 1.138472 1.191763 -0.091940
v 1.094909 1.359848 -0.178820
v 1.313799 1.361992 -0.094430
v -2.946297 4.054079 -0.745716
v 3.714632 4.300326 -0.191498
v 0.668724 2.660587 -0.248389
v -1.294454 0.186664 -0.045950
v -4.159823 3.838118 -0.949847
v -4.059258 4.602462 -1.026951
v 5.105477 1.916683 0.293188
v 0.274641 3.068127 -0.300280
v 1.689713 0.194713 0.178900
v 3.489497 2.447872 0.008075
v 1.215912 1.464529 -0.133724
v 2.670180 0.178038 0.340551
v -4.069254 4.030833 -0.810077
v 0.215936 3.160932 -0.366738
v -1.676453 7.045530 -1.183261
v 3.421216 4.197046 -0.292823
v 0.100634 6.437221 -0.752943
v 5.177121 1.731538 0.293177
v 0.974189 1.528254 -0.049803
v 3.524328 4.433416 -0.261401
v -1.155998 4.163999 -0.686593
v 1.359990 1.137883 0.012093
v 1.001477 1.290759 -0.082544
v -0.800939 3.461044 -0.581656
v -0.504452 2.311414 -0.356505
v -4.043396 3.727470 -0.841053
v 5.225846 1.879936 0.220850
v -0.273981 2.253743 -0.271887
v 5.286259 1.810194 0.255731
v 0.430518 1.850574 -0.136312
v -1.784898 0.010601 -0.252503
v -1.752892 0.010600 -0.184734
v 2.517040 0.010601 0.246675
v 2.524347 0.010600 0.192784
v -0.609250 4.663553 -0.675704
v 3.489464 2.562264 0.001262
v 3.334204 2.639790 -0.001509
v -0.843574 4.694758 -0.654210
v 2.345072 0.180791 0.377494
v -0.166049 2.086530 -0.221552
v -3.790793 4.126406 -0.884247
v -4.199982 3.942035 -0.858494
v -0.054664 3.474425 -0.405276
v -0.003702 4.003892 -0.480694
v -0.177888 3.844054 -0.505579
v -0.902919 3.910712 -0.635626
v 4.205397 1.806700 0.183217
v 1.394094 1.248575 0.003508
v 0.054183 6.614692 -0.727849
v -0.432657 2.450854 -0.342851
v -2.894477 3.879262 -0.644714
v 0.546397 1.829931 -0.048511
v -0.720039 3.015679 -0.349941
v -0.487378 4.600246 -0.689464
v -1.678791 7.204151 -1.167225
v 0.193918 1.906142 -0.113995
v -0.378173 6.729335 -0.775660
v -0.852006 2.908833 -0.344735
v -4.126930 4.245422 -0.796019
v -1.803023 0.187401 0.167355
v 4.121074 2.067788 0.194141
v -0.054567 4.206714 -0.492856
v 2.699929 0.061187 0.370163
v -0.264603 4.472569 -0.610694
v -0.803160 3.246390 -0.464498
v 1.383939 1.608351 -0.036197
v -4.000319 3.847844 -0.791659
v -3.954999 4.655615 -0.886348
v -1.808004 7.210048 -1.105491
v -0.343091 2.444082 -0.264922
v -0.856845 2.677655 -0.376260
v -0.678941 2.317752 -0.272350
v -0.202716 6.766466 -0.765553
v 0.068919 3.351717 -0.335042
v 1.299129 0.988601 0.066437
v 1.071678 1.179383 0.050837
v -0.156343 3.647361 -0.473292
v 1.053242 1.710860 0.031732
v -4.138484 3.722547 -0.802212
v -4.194690 4.593162 -0.953491
v -0.766230 3.728702 -0.564677
v -1.745711 0.010601 -0.058481
v 2.472474 0.010600 0.307459
v 0.567334 0.175158 0.278749
v -0.979013 4.570466 -0.628471
v 0.794217 2.159914 -0.031866
v -0.663533 3.559430 -0.481005
v -4.137263 4.172209 -0.833784
v -4.014466 4.323774 -0.889732
v -0.856001 4.179991 -0.562369
v 1.253137 0.182850 0.282849
v 0.106734 0.188765 0.240735
v 1.464605 1.520459 -0.012506
v -3.877253 4.172950 -0.832658
v -1.685629 6.965577 -1.075747
v -1.944860 0.076488 -0.012779
v 0.854186 0.183500 0.200788
v 0.175435 3.229066 -0.289660
v 0.930478 1.379175 0.013029
v 0.610061 2.855224 -0.151780
v 3.493863 4.268952 -0.138672
v 5.205849 1.951673 0.355488
v 5.112447 1.819672 0.278798
v -0.625524 3.929602 -0.508325
v -0.234989 4.391301 -0.503223
v -4.243086 4.554128 -0.843290
v -1.593588 7.100366 -1.061574
v 4.248904 1.919445 0.210634
v -0.656718 3.457912 -0.392466
v -1.628704 0.187365 0.107718
v 3.719840 4.242137 -0.132942
v 0.806982 2.466878 -0.170902
v -0.324340 3.991266 -0.563843
v -0.333681 3.840758 -0.504436
v -0.460865 2.585155 -0.332529
v -4.085662 4.743831 -0.915687
v -0.420042 6.389288 -0.775990
v -0.458026 6.553288 -0.811205
v 1.610416 0.175411 0.316231
v 3.348173 2.716845 0.041962
v -0.316322 0.187406 0.199139
v 1.167206 1.079842 0.097121
v 1.001094 1.299034 0.089533
v 1.609033 0.624975 0.156591
v 1.763005 0.695011 0.141473
v 1.793330 0.562149 0.184906
v 1.498670 0.835856 0.102461
v 1.484337 0.684414 0.136874
v 0.816613 2.312628 -0.077216
v 1.572850 1.015910 0.137750
v 1.523495 1.290233 0.187247
v 3.651609 4.158521 -0.086975
v -4.073117 4.445049 -0.883165
v 4.064730 1.704079 0.297492
v 5.229861 1.916381 0.408569
v 0.386386 0.187453 0.269354
v -0.457024 3.869940 -0.435976
v -4.040277 4.055398 -0.762817
v 3.976336 2.100197 0.282371
v 1.758776 0.203460 0.379167
v 0.018459 4.065784 -0.433056
v -0.384520 3.581426 -0.464095
v -0.398111 2.700850 -0.334722
v -0.587502 2.816383 -0.331268
v 3.969709 1.765869 0.282771
v 2.465577 0.010601 0.355416
v 3.334281 2.622167 0.172287
v -0.686978 3.782495 -0.479156
v -0.960815 4.318213 -0.533605
v 1.460138 0.529996 0.184243
v -0.492069 4.444360 -0.530278
v -0.614506 4.574476 -0.542201
v -0.744579 4.569918 -0.500473
v -0.491868 2.921988 -0.354175
v 3.511921 4.336897 -0.129344
v -0.666715 2.576738 -0.285592
v -0.348234 6.286743 -0.684352
v -0.388439 2.938675 -0.287364
v 5.181372 1.805824 0.365279
v 3.874285 2.035089 0.330515
v 1.600412 0.542280 0.267297
v -0.465049 4.030732 -0.499127
v -0.502833 3.625005 -0.444667
v 3.697635 4.383565 -0.141842
v 0.785159 1.496012 0.031175
v -3.938054 4.291066 -0.840014
v 0.714033 1.927681 -0.001924
v -1.762464 7.018536 -1.009277
v -4.019525 4.490873 -0.824342
v 3.875584 1.953367 0.302874
v 1.507668 1.478414 0.167588
v -3.881531 4.462032 -0.821772
v 0.053268 1.989749 -0.049921
v -1.571187 6.910757 -0.911494
v -0.068654 6.322230 -0.548828
v -4.146875 3.861715 -0.708002
v 4.210531 1.758996 0.272461
v 1.193909 1.056974 0.263183
v -0.397360 3.427880 -0.354821
v -0.666773 3.219354 -0.362373
v -0.806366 2.810881 -0.257920
v 1.341131 1.717027 0.090180
v -0.073046 6.724854 -0.723614
v 1.244501 0.793891 0.220856
v -0.335586 4.243762 -0.446951
v 0.698113 1.667746 -0.001769
v 0.702540 2.682504 -0.123189
v -1.715981 7.113581 -0.863393
v -0.622688 4.233284 -0.508710
v 0.968336 0.175127 0.332811
v 0.735438 1.754360 -0.002639
v -0.774488 0.184122 0.283079
v -0.314182 2.877134 -0.250400
v 1.434109 0.145704 0.338253
v -1.650437 6.896368 -0.924518
v -0.446077 4.263719 -0.466613
v -0.787562 4.347421 -0.564986
v -0.114211 2.130214 -0.066649
v -1.245743 0.185960 0.171626
v -1.871869 0.010600 0.265567
v -1.700009 0.010601 0.128104
v 2.399531 0.010601 0.472911
v 2.426604 0.010601 0.424655
v 2.406817 0.010601 0.432933
v -1.716006 0.010600 -0.002904
v -1.695794 0.010601 0.092317
v 1.800803 0.715631 0.355400
v -1.629501 7.175956 -0.880857
v 3.669434 4.398183 -0.026683
v -0.247294 6.271630 -0.498298
v 0.065949 3.118634 -0.200164
v 3.418880 2.726601 0.234920
v 1.814860 0.874481 0.293343
v -0.228304 2.564045 -0.138194
v -0.705677 2.801964 -0.231871
v 1.733095 0.586026 0.311405
v -0.179809 3.290019 -0.262536
v -0.302000 3.223364 -0.292402
v -0.467603 3.172103 -0.296313
v 5.107398 1.878528 0.456907
v 1.174103 1.721257 0.150990
v -4.074584 3.888174 -0.694344
v -0.584849 4.322324 -0.436770
v 1.329438 0.605376 0.280027
v 0.848547 1.458010 0.136732
v -1.462679 6.997715 -0.821814
v 0.411605 2.997605 -0.114974
v 1.107891 1.166759 0.181324
v -0.676057 2.936853 -0.163102
v -3.996807 3.567030 -0.612497
v -3.988473 3.761370 -0.654935
v -4.090452 3.522603 -0.666210
v -4.204103 3.624214 -0.653426
v -4.401284 4.726303 -0.763182
v 4.191522 1.844531 0.396481
v 4.164811 1.985345 0.360528
v -4.117550 4.540600 -0.751407
v 0.817176 1.832082 0.055763
v 0.599705 2.762096 -0.056560
v -0.138597 2.345976 -0.019903
v 1.473091 0.423545 0.480808
v 2.629908 0.010704 0.526728
v 5.202260 1.864441 0.477723
v -0.459810 2.958354 -0.178676
v -0.573829 3.059933 -0.199336
v 1.214913 0.197783 0.439418
v 1.799096 0.200218 0.607052
v -1.860083 0.128889 0.186774
v -1.696017 6.953364 -0.804520
v -1.560406 7.161903 -0.913532
v -4.025697 4.149573 -0.593778
v -4.188386 4.083812 -0.680379
v 1.605173 1.099203 0.298955
v 3.980221 1.937632 0.464274
v -0.025291 3.269578 -0.162374
v 0.523719 1.729180 0.073216
v 0.844364 1.956894 0.070137
v 0.310261 1.874443 0.073787
v 0.799265 2.522435 0.057618
v -4.147133 4.757715 -0.742651
v 2.097169 0.180426 0.609495
v 4.019652 1.887135 0.468543
v 0.586621 1.552175 0.120709
v -0.338206 3.145005 -0.160985
v 1.391012 0.170856 0.431777
v -4.135630 4.034468 -0.591829
v 1.200394 0.948577 0.339541
v -0.111450 3.125478 -0.152047
v 3.277281 2.868192 0.276390
v 3.811361 4.224836 0.032406
v 5.218550 1.963803 0.582019
v -0.284458 3.043581 -0.207137
v -4.036760 3.679904 -0.555832
v -4.259359 4.193455 -0.651140
v -4.237017 4.562100 -0.706049
v 1.712516 0.571455 0.417312
v 1.581342 0.484547 0.404069
v 0.991876 1.442407 0.269831
v 1.101865 1.375912 0.300093
v 4.030109 2.054134 0.457423
v 1.331454 1.575840 0.288993
v -4.135742 3.804947 -0.561661
v -4.302106 4.858164 -0.730985
v -0.215031 2.714037 -0.031220
v 0.828172 2.262413 0.088611
v -1.491250 7.074592 -0.823412
v 1.175988 0.762647 0.310104
v -4.118271 3.380198 -0.550928
v -4.153550 4.328304 -0.585462
v -4.388938 4.594678 -0.718200
v 1.228500 0.611333 0.426874
v -0.147020 2.959484 -0.063637
v 1.812546 1.070922 0.440321
v 0.475459 1.778110 0.198816
v 1.402580 0.365364 0.544482
v -3.958510 3.424561 -0.533392
v 2.553280 0.010703 0.652671
v 2.356761 0.010601 0.538938
v 2.337289 0.010601 0.549402
v -4.183706 3.628535 -0.544010
v 3.346002 2.729062 0.271213
v 2.545256 0.170304 0.625428
v -0.062657 2.090377 0.075108
v 0.307521 2.896291 0.058238
v 0.062194 2.981206 -0.044755
v 1.412748 1.342661 0.271517
v 3.750223 4.133781 0.143405
v 0.799554 0.194144 0.446844
v 0.659699 1.516135 0.232805
v 0.323419 1.847514 0.211603
v -0.522164 6.342805 -0.495884
v 1.191791 1.605545 0.274850
v 0.664107 2.677030 0.079752
v -0.599307 6.561832 -0.597817
v -1.537764 6.841423 -0.768606
v -4.162875 3.408970 -0.431638
v -4.186478 4.686224 -0.656186
v 0.133464 1.908303 0.091276
v 4.201695 1.935719 0.497803
v 4.165756 1.883928 0.582727
v -4.040955 4.248378 -0.570964
v 0.926448 0.179947 0.565150
v 1.311952 1.146691 0.393461
v -4.023642 3.559522 -0.427904
v 1.719424 1.087905 0.382193
v 3.759367 4.303288 0.179131
v 0.447743 0.175771 0.407504
v 1.587239 0.179210 0.588961
v 2.455716 0.180476 0.719268
v 0.811653 2.078880 0.218880
v 0.761608 2.499836 0.195293
v 1.878026 0.839198 0.519606
v 1.247027 0.139577 0.543282
v 2.329094 0.010601 0.581965
v 3.336941 2.861564 0.331578
v -4.072816 3.309565 -0.399661
v -0.234058 2.549946 0.023310
v 1.557582 1.056213 0.444299
v 1.049388 1.886737 0.308446
v 0.967753 2.014008 0.267857
v -1.089415 0.182236 0.534245
v 4.121730 2.054714 0.596200
v -4.420626 4.791380 -0.560314
v -0.088490 0.184369 0.514476
v 1.435606 0.173975 0.577845
v 0.511545 1.680914 0.330161
v 1.221453 1.370881 0.332213
v 0.324226 0.184019 0.518865
v 0.604325 2.791743 0.103088
v 0.163186 1.905346 0.248282
v 1.818843 0.673008 0.498219
v 1.245162 0.789830 0.503841
v -0.082410 2.863175 0.089195
v -1.399839 6.829848 -0.697819
v -1.680211 7.037367 -0.666519
v 1.522595 0.314928 0.548435
v 2.365521 0.010685 0.947585
v -1.615951 0.010601 0.312480
v -1.680579 0.010601 0.190197
v -1.627850 0.010600 0.232363
v 2.275297 0.010600 0.672342
v 2.300227 0.010600 0.614442
v 3.826001 4.176381 0.273213
v -0.148281 6.707949 -0.472552
v -0.596403 6.747220 -0.483846
v -0.411113 6.804639 -0.312950
v 1.791031 0.408752 0.612547
v -4.282954 4.150324 -0.486658
v -0.082723 6.493037 -0.439978
v 4.004654 2.148023 0.762030
v -0.531382 6.822934 -0.381134
v -1.485038 7.093784 -0.669992
v 1.652196 0.301219 0.579618
v 0.588166 0.175581 0.638055
v 0.494293 2.789116 0.210852
v -0.485575 0.181845 0.539236
v 0.998899 1.635940 0.361274
v 4.171471 1.970966 0.651803
v 0.733499 2.665845 0.188476
v -4.076769 4.076430 -0.424530
v 1.416905 0.974618 0.503087
v 1.247621 0.545911 0.636459
v 0.392420 2.869896 0.174481
v 0.830948 1.602023 0.364522
v -1.441833 6.699533 -0.548921
v 1.611994 0.941869 0.682170
v -1.390019 0.184295 0.475929
v -1.821753 0.010706 0.410024
v -4.436990 4.538362 -0.537447
v -4.255374 4.617982 -0.519547
v 4.076156 1.935189 0.697036
v 0.152239 2.795848 0.216819
v 1.211672 0.185960 0.621590
v 2.464667 0.010705 0.806951
v 0.811128 2.343664 0.287274
v 1.698184 0.992948 0.563246
v -0.141110 2.429568 0.161530
v -1.565242 6.778232 -0.531662
v -4.315121 4.526943 -0.481589
v 1.284454 0.246447 0.649547
v -1.567059 0.010601 0.443064
v -1.604336 0.010601 0.607371
v 0.016574 2.798797 0.135308
v 2.201029 0.183249 0.845659
v 1.940119 0.194068 0.746262
v 0.010336 2.048109 0.253765
v 0.000536 2.150957 0.383655
v -4.353244 4.014352 -0.382892
v -4.176996 4.217790 -0.455472
v 0.252070 1.852305 0.368038
v -1.548637 7.087852 -0.588013
v -4.252576 3.952131 -0.461899
v 1.262128 0.399894 0.649911
v 1.198711 0.616922 0.524520
v 0.741874 2.212201 0.344761
v 1.773347 0.796352 0.605847
v -4.306640 4.745279 -0.447106
v 1.805398 0.761749 0.712603
v 0.568192 2.635953 0.276398
v -1.684195 0.184324 0.519442
v 3.984665 2.014709 0.745621
v 1.247856 0.785960 0.636395
v -1.346874 6.985406 -0.582721
v 0.849225 1.992222 0.400856
v -4.487538 4.615301 -0.447628
v 0.379060 1.833636 0.367169
v 0.994730 0.187515 0.752362
v -0.791811 6.482334 -0.429805
v -0.813234 6.639362 -0.459724
v -1.238745 6.745668 -0.534552
v -4.169208 3.891388 -0.346991
v -0.782757 0.181187 0.677816
v 2.134636 0.010600 0.865854
v 2.249797 0.010600 0.722557
v -1.577002 0.010601 0.366523
v -0.338937 6.354538 -0.306837
v 0.706129 2.028383 0.440819
v 0.365839 2.741352 0.234467
v 0.601461 1.707817 0.492603
v 1.831144 0.580680 0.724089
v -0.029917 2.335140 0.327968
v -0.282163 6.506176 -0.238507
v -4.226582 4.184729 -0.318945
v 0.828856 1.781995 0.451229
v -1.591912 6.890070 -0.448732
v 0.565042 2.476485 0.385940
v -0.740780 6.403571 -0.321564
v -0.329814 6.661845 -0.207113
v 0.664525 2.288307 0.443450
v 1.512752 0.890390 0.771756
v 1.301135 0.816774 0.796013
v -4.141949 4.044956 -0.277638
v -4.322474 4.663438 -0.366413
v 0.189237 2.575313 0.319584
v -0.017304 2.558998 0.240854
v -4.427864 4.773054 -0.409972
v -4.428043 4.584679 -0.337259
v -1.542715 0.010601 0.466213
v -1.509597 0.010600 0.517633
v -4.328351 4.087313 -0.261365
v -0.569290 6.351104 -0.244331
v 2.390716 0.081590 0.870696
v 1.139540 0.200186 0.786695
v -1.024128 6.735681 -0.456052
v -0.763161 6.779756 -0.412134
v 0.384115 2.649759 0.373152
v -1.083878 6.536041 -0.396463
v -1.181655 6.918807 -0.410261
v 0.244476 0.179251 0.793125
v -1.388980 6.621423 -0.428241
v -4.524737 4.662504 -0.270454
v 0.477108 0.180552 0.874125
v -0.017784 2.484604 0.320849
v 0.561972 2.183579 0.438028
v -1.487603 6.726059 -0.323148
v 0.299009 1.976405 0.451578
v 0.046924 2.259546 0.411133
v 0.307014 2.617400 0.315218
v 2.266347 0.171419 0.983972
v 1.977093 0.205107 0.842469
v 1.882881 0.400424 0.903621
v 4.133473 2.057175 0.811714
v 0.161944 2.066293 0.488123
v 0.705915 0.184720 0.845844
v -4.310413 3.842461 -0.224548
v -0.812596 6.406873 -0.163291
v -1.723222 0.010710 0.595436
v -1.506502 0.010600 0.538258
v -1.477462 0.010600 0.595967
v 0.658463 2.006870 0.612397
v -1.465149 7.017619 -0.414830
v -0.865119 6.858629 -0.285148
v 0.292852 2.404731 0.357699
v 1.781307 0.608577 0.879445
v 0.721830 1.794367 0.591644
v 1.172260 0.352913 0.869974
v 2.147162 0.010671 1.141324
v 0.399347 1.847010 0.593897
v -4.138462 3.936207 -0.159809
v -4.314735 3.808773 -0.067436
v -1.133006 6.499496 -0.243985
v -0.033882 2.168837 0.462311
v 0.125668 2.366625 0.415338
v 0.452477 2.200296 0.428600
v 1.266977 0.598387 0.836416
v 0.308376 2.179995 0.435414
v -1.460538 0.010601 0.635115
v 3.932270 2.152919 0.903184
v -0.166876 0.184292 0.831214
v -0.493256 0.178732 0.906011
v 0.422998 2.373818 0.472280
v -4.369178 3.910018 -0.037166
v -1.636730 0.010601 0.664971
v 4.024908 2.109311 0.918301
v 1.448407 0.817709 0.955818
v -0.580405 6.505599 -0.087576
v -1.487536 0.186474 0.844118
v -4.204398 4.056856 -0.174664
v 0.910734 0.174769 0.962779
v 0.570794 1.804755 0.706508
v -1.168028 0.181714 0.949314
v 0.460525 2.065632 0.595598
v 1.150921 0.207043 1.018382
v 1.617856 0.786917 0.975697
v 2.017127 0.010601 1.004919
v 2.045461 0.010601 0.957108
v -0.854200 6.827373 -0.137754
v 2.217055 0.078731 1.093520
v -0.949724 0.181124 0.898992
v 1.871721 0.192380 1.109112
v -1.194833 6.553930 -0.182264
v -1.247123 6.929685 -0.233746
v -1.394374 6.840837 -0.215670
v 1.961873 0.010601 1.085521
v -1.321844 0.010601 0.800188
v -1.367581 0.010600 0.716619
v -1.402670 0.010601 0.693265
v 1.204960 0.335146 1.061553
v -1.506473 0.156300 0.880044
v 1.385491 0.613978 0.989091
v 1.657303 0.536712 1.015351
v 0.413641 0.178025 1.090711
v -1.603097 0.010601 0.814903
v -1.245355 6.699306 -0.117577
v 1.797831 0.367483 1.131790
v -0.029899 0.182432 1.077438
v -0.853101 6.527863 -0.043820
v -0.704551 6.718932 -0.075231
v -1.304597 0.010601 0.808910
v -1.289172 0.010601 0.847670
v 1.899924 0.010600 1.175598
v 1.933302 0.010600 1.128378
v -1.396308 0.010601 0.935809
v 1.606959 0.706409 1.062775
v -1.166929 6.808852 -0.103118
v -1.465779 0.010600 0.953466
v 2.062583 0.010698 1.284443
v -1.254398 0.010601 0.871282
v -1.223574 0.010600 0.910704
v -1.210324 0.010601 0.965816
v -1.257868 0.010601 0.881548
v -0.953203 6.706314 -0.032143
v 1.502216 0.544940 1.071395
v 1.994930 0.170154 1.259652
v 0.778593 0.179690 1.273262
v 1.315768 0.179766 1.236484
v 1.074864 0.175498 1.306710
v 0.213149 0.178687 1.231396
v 1.626551 0.260269 1.200873
v 1.474762 0.357438 1.261643
v 1.827722 0.010600 1.253264
v 1.834642 0.010600 1.233115
v -0.832281 0.187196 1.133921
v 1.639136 0.191756 1.296354
v -1.236075 0.171825 1.163165
v -1.177257 0.010601 1.005464
v 1.928450 0.093615 1.371149
v -0.463614 0.177441 1.114041
v -1.391894 0.010708 1.056489
v 1.494206 0.178711 1.323079
v 1.696276 0.010601 1.323285
v 1.740676 0.010601 1.293784
v 1.710925 0.010601 1.301495
v 1.808860 0.010694 1.470267
v -1.094707 0.010601 1.046590
v -1.067173 0.010601 1.082478
v -1.137206 0.010601 1.028257
v -0.122916 0.174799 1.326314
v -0.518628 0.179713 1.295011
v -1.136742 0.010600 1.267933
v 1.408031 0.010600 1.589879
v -1.003319 0.010601 1.122983
v -0.949297 0.010601 1.193394
v 1.639192 0.010601 1.346642
v 1.513328 0.010600 1.383575
v 1.676348 0.162629 1.498981
v 0.379066 0.173167 1.444750
v -1.165428 0.052469 1.312535
v 1.444120 0.010601 1.462421
v 1.460088 0.010601 1.427780
v -0.799826 0.010600 1.282771
v -0.886668 0.010601 1.205651
v 1.660551 0.010695 1.548518
v -0.944646 0.180907 1.418277
v 1.328087 0.010600 1.484759
v 1.388050 0.010601 1.485422
v 0.059215 0.182317 1.454003
v -0.332077 0.179918 1.507222
v 1.009009 0.175202 1.662901
v 0.542130 0.171494 1.552553
v -0.814231 0.010642 1.447085
v -0.709569 0.010600 1.394457
v 1.200342 0.010601 1.556789
v 1.258401 0.010601 1.540746
v 1.499368 0.173324 1.607967
v -0.996845 0.010708 1.415477
v 1.451947 0.010699 1.680003
v -0.648826 0.182349 1.583674
v -0.610492 0.010600 1.483364
v 0.017874 0.177682 1.586049
v -0.851266 0.040814 1.539430
v 1.079775 0.010601 1.664146
v 1.106319 0.010600 1.615357
v -0.564742 0.010600 1.501339
v -0.534807 0.010601 1.538206
v 1.369721 0.098134 1.722090
v -0.575960 0.010676 1.655242
v 0.911678 0.010600 1.690369
v 0.993802 0.172839 1.798005
v 0.995937 0.010601 1.668046
v 0.924504 0.010601 1.674304
v 0.841934 0.010601 1.672895
v 0.771627 0.010601 1.694834
v 0.469554 0.010601 1.775422
v 0.469550 0.010601 1.688764
v 0.411296 0.010601 1.671263
v -0.301719 0.010601 1.575458
v -0.375987 0.010601 1.542628
v -0.475070 0.010601 1.540920
v 0.218699 0.010601 1.652345
v 0.256827 0.010601 1.668714
v 0.144209 0.010600 1.665691
v 0.086096 0.010601 1.640213
v 0.098389 0.010601 1.627786
v -0.052139 0.010601 1.629012
v -0.040118 0.010600 1.611695
v -0.007177 0.010601 1.624074
v -0.127052 0.010600 1.604247
v -0.163902 0.010601 1.586981
v -0.242639 0.010601 1.580316
v -0.254364 0.010601 1.590610
v 1.203120 0.010693 1.779394
v 0.536838 0.183489 1.785760
v -0.596003 0.089863 1.660192
v 0.409518 0.010658 1.871542
v 0.664835 0.010600 1.688956
v 0.531631 0.010601 1.691925
v 0.593750 0.010601 1.696675
v 0.298873 0.010601 1.650880
v 0.338638 0.010600 1.684416
v 1.013614 0.010706 1.834381
v -0.340719 0.168562 1.737763
v -0.455983 0.010697 1.702172
v -0.111039 0.174153 1.787049
v 0.126305 0.010669 1.846441
v 0.224001 0.175241 1.850292
v -0.099645 0.010679 1.822206
v 0.745422 0.010696 1.878891
v -0.306410 0.060779 1.776432
v 0.779232 0.076580 1.880848
v 0.560184 0.162394 1.879959
v 0.474580 0.010696 1.889091
v 0.339555 0.061963 1.905820
v 0.139683 0.060192 1.877098
v -1.694419 0.010600 -1.157507
vt 0.0400 0.8997
vt 0.0410 0.8988
vt 0.0407 0.9074
vt 0.0371 0.8956
vt 0.0484 0.8950
vt 0.9589 0.7843
vt 0.9593 0.7728
vt 0.9648 0.7821
vt 0.0403 0.8851
vt 0.9531 0.7771
vt 0.9559 0.7904
vt 0.9715 0.3332
vt 0.9810 0.3273
vt 0.9751 0.3454
vt 0.9623 0.7912
vt 0.0487 0.8846
vt 0.1522 0.4024
vt 0.1478 0.4142
vt 0.1460 0.3925
vt 0.0451 0.8739
vt 0.1361 0.2273
vt 0.1400 0.2382
vt 0.1358 0.2370
vt 0.9835 0.3411
vt 0.1293 0.2355
vt 0.9646 0.7983
vt 0.4927 0.8775
vt 0.4961 0.8689
vt 0.5023 0.8896
vt 0.1299 0.2108
vt 0.1420 0.2135
vt 0.4937 0.8916
vt 0.1465 0.4220
vt 0.1384 0.4115
vt 0.0512 0.8767
vt 0.1278 0.2473
vt 0.1351 0.2550
vt 0.1449 0.3791
vt 0.1517 0.3750
vt 0.1470 0.4348
vt 0.1294 0.4278
vt 0.1375 0.1917
vt 0.9785 0.3522
vt 0.1279 0.4096
vt 0.1270 0.3930
vt 0.6774 0.0119
vt 0.6893 0.0196
vt 0.6771 0.0169
vt 0.9617 0.3389
vt 0.9659 0.3475
vt 0.4917 0.8996
vt 0.1301 0.1883
vt 0.1427 0.4403
vt 0.1303 0.3850
vt 0.9864 0.3554
vt 0.9531 0.8043
vt 0.1260 0.2598
vt 0.6552 0.0190
vt 0.6535 0.0053
vt 0.1347 0.2730
vt 0.1293 0.2669
vt 0.6829 0.0284
vt 0.1321 0.3659
vt 0.1543 0.3514
vt 0.6689 0.0211
vt 0.5057 0.9086
vt 0.1275 0.4145
vt 0.1267 0.4138
vt 0.1263 0.4198
vt 0.1285 0.4261
vt 0.1266 0.4064
vt 0.1266 0.4022
vt 0.1250 0.3999
vt 0.1251 0.3967
vt 0.1259 0.3956
vt 0.1287 0.3856
vt 0.1320 0.3782
vt 0.1311 0.3801
vt 0.1332 0.3733
vt 0.1310 0.1705
vt 0.1488 0.3393
vt 0.9580 0.3499
vt 0.9702 0.3571
vt 0.1240 0.2790
vt 0.6999 0.0290
vt 0.6379 0.0179
vt 0.6312 0.0039
vt 0.1376 0.1710
vt 0.1589 0.3422
vt 0.1668 0.3396
vt 0.4944 0.9230
vt 0.1317 0.3745
vt 0.1263 0.4475
vt 0.1287 0.4387
vt 0.1324 0.3706
vt 0.1286 0.4338
vt 0.1284 0.4267
vt 0.0400 0.8624
vt 0.0849 0.2615
vt 0.0981 0.2622
vt 0.0896 0.2714
vt 0.5025 0.9174
vt 0.0523 0.8632
vt 0.1549 0.3300
vt 0.2131 0.5283
vt 0.2124 0.5185
vt 0.2230 0.5259
vt 0.1307 0.1581
vt 0.1421 0.1613
vt 0.6887 0.0361
vt 0.2240 0.5183
vt 0.4775 0.9136
vt 0.5039 0.5201
vt 0.5032 0.5238
vt 0.5010 0.5299
vt 0.1304 0.3624
vt 0.1305 0.3599
vt 0.1296 0.3547
vt 0.5059 0.9290
vt 0.1401 0.1475
vt 0.0782 0.2699
vt 0.1484 0.3240
vt 0.7173 0.0425
vt 0.7100 0.0484
vt 0.1503 0.3153
vt 0.6637 0.0308
vt 0.9779 0.3631
vt 0.6139 0.0046
vt 0.6192 0.0191
vt 0.0432 0.8452
vt 0.9395 0.9571
vt 0.9525 0.9571
vt 0.9465 0.9665
vt 0.1427 0.3265
vt 0.9395 0.9488
vt 0.9395 0.9229
vt 0.9586 0.9493
vt 0.8080 0.1307
vt 0.8084 0.1293
vt 0.8080 0.1315
vt 0.1286 0.3490
vt 0.1311 0.3447
vt 0.9691 0.3656
vt 0.6487 0.0345
vt 0.2068 0.5060
vt 0.0371 0.8479
vt 0.8097 0.7888
vt 0.8192 0.7831
vt 0.8192 0.7935
vt 0.1273 0.1261
vt 0.9399 0.9832
vt 0.0952 0.2895
vt 0.0852 0.2822
vt 0.6022 0.0049
vt 0.7283 0.0416
vt 0.7342 0.0580
vt 0.6757 0.0409
vt 0.2271 0.5060
vt 0.2066 0.5247
vt 0.1302 0.3379
vt 0.1294 0.3406
vt 0.1254 0.3282
vt 0.9688 0.3760
vt 0.1396 0.3111
vt 0.0739 0.2835
vt 0.7375 0.0482
vt 0.1972 0.5145
vt 0.7158 0.0565
vt 0.1404 0.1354
vt 0.1495 0.2991
vt 0.6919 0.0471
vt 0.0456 0.8345
vt 0.5900 0.0240
vt 0.8104 0.8002
vt 0.8312 0.3901
vt 0.8330 0.4055
vt 0.8304 0.3958
vt 0.1278 0.3338
vt 0.8330 0.3855
vt 0.7225 0.3529
vt 0.7199 0.3498
vt 0.7189 0.3479
vt 0.7974 0.8018
vt 0.7059 0.0553
vt 0.6257 0.0297
vt 0.1396 0.1183
vt 0.5748 0.0144
vt 0.6616 0.0428
vt 0.6387 0.0367
vt 0.1426 0.3011
vt 0.6920 0.9934
vt 0.6777 0.9960
vt 0.6845 0.9861
vt 0.7451 0.0569
vt 0.8191 0.8082
vt 0.2220 0.4959
vt 0.1342 0.1192
vt 0.7822 0.4267
vt 0.7743 0.4338
vt 0.7772 0.4218
vt 0.7260 0.0710
vt 0.6783 0.0522
vt 0.8887 0.9976
vt 0.8887 0.9879
vt 0.8894 0.9952
vt 0.8281 0.3910
vt 0.1250 0.3205
vt 0.7157 0.3465
vt 0.7140 0.3415
vt 0.2077 0.4698
vt 0.2007 0.4749
vt 0.1991 0.4662
vt 0.1932 0.4706
vt 0.0771 0.2963
vt 0.0914 0.2990
vt 0.1973 0.5251
vt 0.1378 0.2906
vt 0.2043 0.4626
vt 0.7437 0.0676
vt 0.2036 0.4869
vt 0.7827 0.9897
vt 0.7840 0.9849
vt 0.7943 0.9874
vt 0.1856 0.4943
vt 0.7991 0.8062
vt 0.7972 0.8030
vt 0.7084 0.3378
vt 0.7113 0.3167
vt 0.7949 0.7961
vt 0.7967 0.8008
vt 0.1885 0.4839
vt 0.1919 0.4636
vt 0.2182 0.4663
vt 0.1905 0.5175
vt 0.6683 0.0475
vt 0.6045 0.0376
vt 0.2117 0.4887
vt 0.8663 0.1782
vt 0.8589 0.1731
vt 0.8553 0.1562
vt 0.6917 0.0615
vt 0.9463 0.8861
vt 0.9540 0.9036
vt 0.9472 0.9091
vt 0.1240 0.1051
vt 0.2194 0.4786
vt 0.9594 0.9004
vt 0.0683 0.9849
vt 0.0719 0.9805
vt 0.0719 0.9948
vt 0.0699 0.2929
vt 0.7829 0.9946
vt 0.7686 0.9946
vt 0.7553 0.0590
vt 0.7726 0.4091
vt 0.8403 0.1610
vt 0.8389 0.1719
vt 0.8353 0.1632
vt 0.7784 0.9840
vt 0.2066 0.4579
vt 0.3760 0.8576
vt 0.3963 0.8616
vt 0.3910 0.8641
vt 0.6977 0.9859
vt 0.2237 0.4858
vt 0.7070 0.3338
vt 0.7069 0.3325
vt 0.8148 0.8139
vt 0.8007 0.8106
vt 0.7041 0.3317
vt 0.1964 0.4586
vt 0.6444 0.0434
vt 0.1884 0.9967
vt 0.1983 0.9925
vt 0.2029 0.9967
vt 0.7098 0.0647
vt 0.8612 0.1539
vt 0.7654 0.4086
vt 0.0634 0.2903
vt 0.6879 0.9760
vt 0.5572 0.0199
vt 0.5577 0.0290
vt 0.7559 0.0739
vt 0.8182 0.8193
vt 0.7045 0.9935
vt 0.1859 0.5284
vt 0.7443 0.0748
vt 0.1745 0.5023
vt 0.7023 0.9666
vt 0.5826 0.0441
vt 0.6154 0.0421
vt 0.8456 0.1566
vt 0.6235 0.0503
vt 0.1766 0.5115
vt 0.7346 0.0758
vt 0.6912 0.9639
vt 0.7807 0.4066
vt 0.7630 0.0726
vt 0.6954 0.3283
vt 0.7107 0.9700
vt 0.7088 0.9772
vt 0.7108 0.9626
vt 0.2174 0.4533
vt 0.6810 0.9708
vt 0.6325 0.0484
vt 0.9782 0.2348
vt 0.9728 0.2335
vt 0.9850 0.2221
vt 0.8502 0.1606
vt 0.6963 0.9522
vt 0.0654 0.2992
vt 0.0670 0.2940
vt 0.6637 0.0567
vt 0.0843 0.0716
vt 0.0769 0.0675
vt 0.0870 0.0608
vt 0.6801 0.9580
vt 0.0849 0.3089
vt 0.6869 0.9497
vt 0.6909 0.9439
vt 0.2012 0.4496
vt 0.1812 0.4643
vt 0.6777 0.9439
vt 0.6524 0.0569
vt 0.8254 0.5150
vt 0.8254 0.5043
vt 0.8315 0.5139
vt 0.8245 0.2144
vt 0.8194 0.2207
vt 0.8204 0.1984
vt 0.8156 0.9484
vt 0.8082 0.9663
vt 0.8053 0.9484
vt 0.8108 0.8389
vt 0.0903 0.0723
vt 0.0498 0.9957
vt 0.0540 0.9834
vt 0.0587 0.9886
vt 0.6877 0.9395
vt 0.8115 0.9148
vt 0.8139 0.9206
vt 0.8115 0.9357
vt 0.7973 0.8166
vt 0.6922 0.3242
vt 0.1438 0.9303
vt 0.1598 0.9498
vt 0.1416 0.9405
vt 0.1623 0.9339
vt 0.7897 0.4124
vt 0.9079 0.5631
vt 0.9166 0.5540
vt 0.9232 0.5674
vt 0.7518 0.0813
vt 0.7667 0.3988
vt 0.1917 0.4503
vt 0.9547 0.1980
vt 0.9487 0.2035
vt 0.9499 0.1955
vt 0.1650 0.4888
vt 0.6918 0.9337
vt 0.6799 0.0645
vt 0.6976 0.0748
vt 0.5607 0.0377
vt 0.7103 0.0720
vt 0.5488 0.0264
vt 0.7218 0.0769
vt 0.9371 0.2115
vt 0.9439 0.2165
vt 0.7611 0.0776
vt 0.9275 0.2346
vt 0.9403 0.2313
vt 0.9352 0.2365
vt 0.9373 0.1980
vt 0.3784 0.8768
vt 0.3919 0.8832
vt 0.3831 0.8844
vt 0.8550 0.1456
vt 0.9379 0.2434
vt 0.1773 0.4763
vt 0.9753 0.4533
vt 0.9752 0.4535
vt 0.9752 0.4533
vt 0.7033 0.9429
vt 0.5434 0.0177
vt 0.8655 0.5078
vt 0.8551 0.5047
vt 0.8645 0.4948
vt 0.1724 0.4835
vt 0.7185 0.9708
vt 0.9581 0.2068
vt 0.6431 0.0574
vt 0.8313 0.2217
vt 0.8157 0.2046
vt 0.7155 0.9832
vt 0.9014 0.5742
vt 0.7985 0.8252
vt 0.2541 0.7382
vt 0.2506 0.7400
vt 0.2539 0.7320
vt 0.9564 0.2145
vt 0.9655 0.2424
vt 0.9628 0.2414
vt 0.9644 0.2383
vt 0.9259 0.2275
vt 0.0729 0.3088
vt 0.7751 0.3923
vt 0.1835 0.5344
vt 0.5316 0.0282
vt 0.8496 0.4929
vt 0.9149 0.5757
vt 0.3829 0.8696
vt 0.3957 0.8725
vt 0.9258 0.2415
vt 0.9249 0.2469
vt 0.9369 0.2563
vt 0.3727 0.5769
vt 0.3938 0.5858
vt 0.3763 0.5928
vt 0.7122 0.9504
vt 0.9580 0.2437
vt 0.7646 0.3899
vt 0.9421 0.1849
vt 0.2096 0.4449
vt 0.8708 0.5030
vt 0.1736 0.4608
vt 0.6296 0.0569
vt 0.8705 0.1514
vt 0.8611 0.1406
vt 0.0623 0.9738
vt 0.9547 0.2192
vt 0.9342 0.2272
vt 0.9219 0.2586
vt 0.7089 0.0855
vt 0.9024 0.5851
vt 0.8983 0.5788
vt 0.6663 0.0693
vt 0.1732 0.4570
vt 0.4209 0.3829
vt 0.4160 0.3808
vt 0.4246 0.3746
vt 0.8411 0.1478
vt 0.7699 0.0820
vt 0.3646 0.5724
vt 0.3664 0.5910
vt 0.1640 0.4685
vt 0.9833 0.4486
vt 0.8743 0.1430
vt 0.8103 0.2198
vt 0.0848 0.0903
vt 0.3659 0.2356
vt 0.3864 0.2359
vt 0.3745 0.2418
vt 0.9223 0.1966
vt 0.7669 0.3781
vt 0.3913 0.8931
vt 0.7402 0.0845
vt 0.7980 0.8316
vt 0.7971 0.8277
vt 0.7972 0.8302
vt 0.0061 0.1882
vt 0.0063 0.1919
vt 0.0049 0.1875
vt 0.0074 0.1899
vt 0.2019 0.4434
vt 0.9281 0.5772
vt 0.9078 0.5817
vt 0.7022 0.0791
vt 0.8106 0.7606
vt 0.8171 0.7521
vt 0.8184 0.7753
vt 0.9310 0.5649
vt 0.9500 0.2305
vt 0.0381 0.9610
vt 0.0381 0.9412
vt 0.0417 0.9458
vt 0.9308 0.1810
vt 0.0779 0.0865
vt 0.6842 0.0743
vt 0.1787 0.4463
vt 0.7658 0.0863
vt 0.7231 0.9570
vt 0.9463 0.9151
vt 0.3925 0.7074
vt 0.3960 0.7038
vt 0.4084 0.7156
vt 0.9390 0.5705
vt 0.0505 0.9693
vt 0.9639 0.4541
vt 0.9728 0.4581
vt 0.9255 0.2101
vt 0.7739 0.3790
vt 0.7878 0.3894
vt 0.0710 0.3160
vt 0.9169 0.1751
vt 0.0951 0.3180
vt 0.0880 0.3259
vt 0.7829 0.4978
vt 0.7740 0.5043
vt 0.7753 0.4912
vt 0.3506 0.5325
vt 0.3593 0.5322
vt 0.3551 0.5423
vt 0.9210 0.1708
vt 0.7200 0.0851
vt 0.7501 0.0985
vt 0.3607 0.5832
vt 0.9108 0.5924
vt 0.9676 0.8396
vt 0.9711 0.8424
vt 0.9622 0.8393
vt 0.1678 0.4467
vt 0.8074 0.0682
vt 0.8180 0.0725
vt 0.8157 0.0813
vt 0.7924 0.3964
vt 0.9504 0.1853
vt 0.8714 0.4672
vt 0.8692 0.4825
vt 0.8638 0.4687
vt 0.9688 0.8382
vt 0.0434 0.7048
vt 0.0576 0.7095
vt 0.0468 0.7196
vt 0.3799 0.9027
vt 0.8595 0.4842
vt 0.7831 0.3740
vt 0.8159 0.2346
vt 0.3906 0.5990
vt 0.9738 0.2503
vt 0.9199 0.5859
vt 0.9425 0.2529
vt 0.3717 0.4937
vt 0.3706 0.4928
vt 0.3751 0.4867
vt 0.4012 0.8587
vt 0.8275 0.4289
vt 0.8288 0.4127
vt 0.8377 0.4289
vt 0.4240 0.3630
vt 0.7917 0.3802
vt 0.9833 0.4698
vt 0.7587 0.0925
vt 0.2061 0.4303
vt 0.2264 0.4255
vt 0.2173 0.4359
vt 0.2122 0.4215
vt 0.3478 0.5574
vt 0.3437 0.5366
vt 0.3540 0.5544
vt 0.1456 0.4720
vt 0.8079 0.0578
vt 0.1572 0.4555
vt 0.0541 0.6943
vt 0.1061 0.3236
vt 0.0993 0.3338
vt 0.7029 0.9284
vt 0.9502 0.2409
vt 0.9484 0.2475
vt 0.7015 0.0841
vt 0.1656 0.5078
vt 0.1450 0.9257
vt 0.1625 0.9221
vt 0.7274 0.0917
vt 0.7646 0.3674
vt 0.0777 0.3255
vt 0.3742 0.2472
vt 0.7101 0.9403
vt 0.6086 0.0570
vt 0.6977 0.0799
vt 0.1870 0.4384
vt 0.2254 0.4140
vt 0.8274 0.0592
vt 0.8177 0.0568
vt 0.8306 0.0749
vt 0.9618 0.8291
vt 0.2918 0.9934
vt 0.2998 0.9885
vt 0.3007 0.9970
vt 0.8398 0.0769
vt 0.1505 0.4858
vt 0.8278 0.0859
vt 0.0375 0.6933
vt 0.8073 0.7340
vt 0.3774 0.4989
vt 0.4074 0.8662
vt 0.4369 0.3737
vt 0.0332 0.3002
vt 0.0255 0.2931
vt 0.0283 0.2889
vt 0.5352 0.0390
vt 0.7979 0.3696
vt 0.7859 0.3646
vt 0.1250 0.4785
vt 0.1304 0.4708
vt 0.8862 0.1455
vt 0.8893 0.1337
vt 0.8964 0.1411
vt 0.8424 0.0628
vt 0.8490 0.0712
vt 0.3866 0.9148
vt 0.3786 0.9336
vt 0.3760 0.9171
vt 0.5899 0.0573
vt 0.8756 0.4894
vt 0.8291 0.2445
vt 0.2333 0.4239
vt 0.8046 0.7547
vt 0.9079 0.1582
vt 0.1569 0.4981
vt 0.8035 0.3777
vt 0.7150 0.0907
vt 0.0368 0.2948
vt 0.9253 0.1533
vt 0.0594 0.7244
vt 0.3354 0.5529
vt 0.7196 0.9382
vt 0.4362 0.3630
vt 0.8831 0.5019
vt 0.0584 0.3109
vt 0.7666 0.7139
vt 0.7751 0.7280
vt 0.7717 0.7357
vt 0.3833 0.9406
vt 0.3985 0.9039
vt 0.4006 0.8908
vt 0.7733 0.3615
vt 0.8532 0.0602
vt 0.9051 0.5925
vt 0.8906 0.5945
vt 0.9630 0.2571
vt 0.8004 0.3897
vt 0.7986 0.7448
vt 0.1344 0.4853
vt 0.9553 0.8297
vt 0.8422 0.0856
vt 0.3588 0.5114
vt 0.3716 0.5119
vt 0.3634 0.5267
vt 0.0626 0.6997
vt 0.0447 0.6877
vt 0.6531 0.0740
vt 0.3806 0.6233
vt 0.3807 0.6341
vt 0.3688 0.6195
vt 0.3823 0.6057
vt 0.8560 0.0705
vt 0.9739 0.8314
vt 0.7939 0.0634
vt 0.9387 0.5848
vt 0.4087 0.8848
vt 0.1953 0.4342
vt 0.8882 0.4889
vt 0.9730 0.4307
vt 0.7716 0.0907
vt 0.8001 0.8414
vt 0.2833 0.9915
vt 0.2856 0.9867
vt 0.2856 0.9927
vt 0.7984 0.8356
vt 0.3645 0.6017
vt 0.8415 0.0530
vt 0.9438 0.2612
vt 0.8850 0.4722
vt 0.3748 0.6091
vt 0.1405 0.4620
vt 0.8031 0.2260
vt 0.7161 0.9292
vt 0.9359 0.1716
vt 0.9328 0.1632
vt 0.3954 0.9350
vt 0.3969 0.9182
vt 0.3543 0.5907
vt 0.3492 0.5190
vt 0.9739 0.8165
vt 0.9698 0.8264
vt 0.3598 0.4969
vt 0.7889 0.7484
vt 0.0385 0.6810
vt 0.8329 0.0973
vt 0.1745 0.4368
vt 0.8752 0.1239
vt 0.0607 0.3192
vt 0.2171 0.4084
vt 0.9046 0.1295
vt 0.5516 0.0488
vt 0.8411 0.1025
vt 0.9445 0.1758
vt 0.3666 0.6269
vt 0.1465 0.4553
vt 0.0498 0.9564
vt 0.7958 0.7647
vt 0.2318 0.4025
vt 0.0503 0.3044
vt 0.0453 0.3122
vt 0.8623 0.0763
vt 0.8481 0.0843
vt 0.7666 0.7771
vt 0.7716 0.7648
vt 0.7789 0.7670
vt 0.1461 0.4944
vt 0.6414 0.0701
vt 0.7067 0.0913
vt 0.7021 0.0900
vt 0.3675 0.4773
vt 0.7687 0.0953
vt 0.8035 0.0469
vt 0.7759 0.7524
vt 0.6327 0.0664
vt 0.9850 0.2589
vt 0.7023 0.0945
vt 0.3590 0.2445
vt 0.3568 0.2540
vt 0.7795 0.7385
vt 0.8464 0.0444
vt 0.3551 0.6025
vt 0.8351 0.2604
vt 0.8363 0.2736
vt 0.8293 0.2740
vt 0.6227 0.0655
vt 0.3290 0.5373
vt 0.9142 0.5997
vt 0.8202 0.2499
vt 0.4148 0.8740
vt 0.3676 0.4893
vt 0.3787 0.4791
vt 0.3761 0.4702
vt 0.8606 0.0612
vt 0.9059 0.1459
vt 0.2968 0.5498
vt 0.3100 0.5541
vt 0.2969 0.5582
vt 0.8494 0.1047
vt 0.0691 0.0864
vt 0.0627 0.0828
vt 0.8563 0.1308
vt 0.0449 0.6282
vt 0.0312 0.6249
vt 0.0413 0.6140
vt 0.7422 0.0936
vt 0.3718 0.6328
vt 0.0718 0.9460
vt 0.3459 0.5836
vt 0.0067 0.1951
vt 0.0067 0.1969
vt 0.0061 0.1940
vt 0.0079 0.2073
vt 0.0722 0.9691
vt 0.1447 0.9142
vt 0.0232 0.3023
vt 0.8289 0.0444
vt 0.5216 0.0375
vt 0.5242 0.0455
vt 0.7932 0.7735
vt 0.1911 0.4254
vt 0.6883 0.0809
vt 0.9142 0.1332
vt 0.7093 0.0993
vt 0.7135 0.0950
vt 0.0302 0.3039
vt 0.7838 0.7729
vt 0.7766 0.7756
vt 0.8568 0.0875
vt 0.7862 0.2911
vt 0.7762 0.2917
vt 0.7646 0.2774
vt 0.8568 0.0954
vt 0.8635 0.1335
vt 0.9002 0.6044
vt 0.9467 0.5820
vt 0.8076 0.2439
vt 0.8259 0.2629
vt 0.8332 0.2869
vt 0.9153 0.1474
vt 0.6318 0.6900
vt 0.6194 0.6963
vt 0.6249 0.6829
vt 0.2034 0.4168
vt 0.9570 0.8121
vt 0.9512 0.8137
vt 0.8498 0.3810
vt 0.8639 0.3733
vt 0.8613 0.3897
vt 0.8496 0.3704
vt 0.3527 0.8465
vt 0.3517 0.8563
vt 0.3453 0.8524
vt 0.3029 0.5633
vt 0.2881 0.5529
vt 0.2853 0.5467
vt 0.0797 0.0948
vt 0.6185 0.6842
vt 0.5150 0.7945
vt 0.5210 0.8059
vt 0.5142 0.8074
vt 0.9402 0.2739
vt 0.3959 0.6822
vt 0.6353 0.7066
vt 0.6250 0.6994
vt 0.9332 0.5950
vt 0.7923 0.2209
vt 0.3136 0.5642
vt 0.7769 0.0965
vt 0.9240 0.5997
vt 0.8687 0.0682
vt 0.8767 0.0728
vt 0.3440 0.8398
vt 0.0889 0.3417
vt 0.7865 0.4875
vt 0.3396 0.5264
vt 0.8919 0.4957
vt 0.6731 0.0809
vt 0.0327 0.6398
vt 0.0465 0.6352
vt 0.9298 0.2778
vt 0.0564 0.6260
vt 0.7810 0.3087
vt 0.7698 0.2966
vt 0.7900 0.3072
vt 0.7985 0.2353
vt 0.3217 0.5554
vt 0.7299 0.9474
vt 0.0540 0.6809
vt 0.3554 0.5043
vt 0.4493 0.3580
vt 0.8012 0.3033
vt 0.0786 0.3347
vt 0.8995 0.1217
vt 0.4037 0.9293
vt 0.4077 0.9178
vt 0.8816 0.4523
vt 0.4502 0.3852
vt 0.4573 0.3861
vt 0.4532 0.3949
vt 0.0396 0.3192
vt 0.0642 0.3271
vt 0.9658 0.8134
vt 0.8777 0.0812
vt 0.4476 0.3724
vt 0.6976 0.0842
vt 0.3584 0.6122
vt 0.5049 0.0172
vt 0.5161 0.0336
vt 0.0078 0.2747
vt 0.0086 0.2665
vt 0.0086 0.2894
vt 0.9756 0.7746
vt 0.9730 0.7788
vt 0.9726 0.7700
vt 0.7874 0.3188
vt 0.8058 0.3131
vt 0.3542 0.2355
vt 0.8635 0.0474
vt 0.7780 0.4811
vt 0.8885 0.1186
vt 0.6009 0.0681
vt 0.3457 0.5138
vt 0.1774 0.4274
vt 0.1832 0.4252
vt 0.4639 0.4025
vt 0.5058 0.7995
vt 0.7121 0.0972
vt 0.0489 0.3197
vt 0.8544 0.0360
vt 0.8466 0.0332
vt 0.8658 0.3846
vt 0.8736 0.0964
vt 0.0662 0.6834
vt 0.7096 0.9203
vt 0.8886 0.4563
vt 0.8807 0.1120
vt 0.7208 0.0967
vt 0.0559 0.3244
vt 0.3336 0.5799
vt 0.3442 0.5962
vt 0.3514 0.2488
vt 0.8869 0.0729
vt 0.7253 0.9342
vt 0.8425 0.0127
vt 0.8535 0.0181
vt 0.3216 0.5410
vt 0.2203 0.4009
vt 0.6139 0.6936
vt 0.5140 0.7829
vt 0.5005 0.7891
vt 0.3667 0.6383
vt 0.3221 0.5676
vt 0.3162 0.5719
vt 0.8730 0.1075
vt 0.8177 0.0370
vt 0.7156 0.0991
vt 0.8752 0.3926
vt 0.0853 0.1001
vt 0.6811 0.0888
vt 0.5230 0.6329
vt 0.5104 0.6348
vt 0.5199 0.6247
vt 0.8712 0.0544
vt 0.3526 0.2419
vt 0.0986 0.3470
vt 0.1942 0.4104
vt 0.0344 0.6721
vt 0.0566 0.6685
vt 0.8504 0.1179
vt 0.8536 0.0039
vt 0.9721 0.2667
vt 0.5085 0.7796
vt 0.3619 0.6328
vt 0.3490 0.4993
vt 0.8010 0.3288
vt 0.7944 0.4930
vt 0.8147 0.2687
vt 0.4638 0.3850
vt 0.6960 0.0867
vt 0.0253 0.3095
vt 0.6278 0.7192
vt 0.7380 0.1005
vt 0.8702 0.4049
vt 0.9531 0.8669
vt 0.9504 0.8641
vt 0.9629 0.8651
vt 0.9292 0.1436
vt 0.9340 0.1465
vt 0.6095 0.6881
vt 0.5121 0.6470
vt 0.3378 0.8457
vt 0.9747 0.7664
vt 0.9742 0.7540
vt 0.1600 0.9052
vt 0.6484 0.6984
vt 0.3487 0.2576
vt 0.8933 0.0818
vt 0.7246 0.9199
vt 0.8100 0.2565
vt 0.9005 0.4914
vt 0.1839 0.5679
vt 0.1998 0.5567
vt 0.1961 0.5667
vt 0.0789 0.1072
vt 0.1999 0.5833
vt 0.1961 0.5938
vt 0.1899 0.5834
vt 0.5641 0.0681
vt 0.7691 0.1044
vt 0.3245 0.5741
vt 0.8879 0.0998
vt 0.8756 0.3855
vt 0.7136 0.9114
vt 0.9516 0.8673
vt 0.9195 0.1353
vt 0.3333 0.8320
vt 0.9376 0.1552
vt 0.5005 0.7960
vt 0.3520 0.4869
vt 0.0544 0.6335
vt 0.3504 0.6132
vt 0.2757 0.5497
vt 0.3378 0.5928
vt 0.9279 0.6072
vt 0.7882 0.2308
vt 0.3487 0.2688
vt 0.8889 0.6132
vt 0.9135 0.6104
vt 0.8996 0.4746
vt 0.8630 0.0166
vt 0.8723 0.3789
vt 0.8622 0.3581
vt 0.8031 0.2521
vt 0.5061 0.8108
vt 0.3695 0.4578
vt 0.7240 0.1001
vt 0.3382 0.6071
vt 0.3440 0.8629
vt 0.3531 0.6216
vt 0.7731 0.3140
vt 0.7848 0.3234
vt 0.8816 0.4076
vt 0.0465 0.6501
vt 0.9604 0.8529
vt 0.3284 0.5802
vt 0.6407 0.7137
vt 0.8123 0.2803
vt 0.8517 0.3540
vt 0.4783 0.4102
vt 0.4754 0.3952
vt 0.9053 0.4861
vt 0.4522 0.3628
vt 0.9158 0.1159
vt 0.0361 0.6537
vt 0.5143 0.0476
vt 0.0672 0.0997
vt 0.2945 0.5702
vt 0.0683 0.3434
vt 0.0941 0.3521
vt 0.9456 0.8697
vt 0.8974 0.4554
vt 0.3587 0.4656
vt 0.3504 0.4745
vt 0.1824 0.4187
vt 0.4037 0.6790
vt 0.6211 0.7089
vt 0.7913 0.3360
vt 0.3118 0.5871
vt 0.8811 0.0565
vt 0.0593 0.6774
vt 0.3455 0.2381
vt 0.6279 0.0869
vt 0.6052 0.6967
vt 0.4440 0.3455
vt 0.2824 0.5587
vt 0.3398 0.4965
vt 0.9466 0.5935
vt 0.1442 0.9058
vt 0.1443 0.9034
vt 0.9556 0.7505
vt 0.9596 0.7650
vt 0.1451 0.8915
vt 0.9751 0.7606
vt 0.5201 0.0558
vt 0.7707 0.4705
vt 0.7781 0.4627
vt 0.8973 0.1060
vt 0.9037 0.6165
vt 0.7287 0.9073
vt 0.9460 0.8783
vt 0.2524 0.5260
vt 0.2596 0.5350
vt 0.2510 0.5389
vt 0.4970 0.8032
vt 0.5099 0.6241
vt 0.7886 0.3488
vt 0.8003 0.3490
vt 0.0838 0.3568
vt 0.7979 0.4856
vt 0.9456 0.8582
vt 0.5035 0.7803
vt 0.7558 0.1158
vt 0.3290 0.5957
vt 0.0783 0.3504
vt 0.8986 0.0922
vt 0.6067 0.0817
vt 0.3252 0.8412
vt 0.6579 0.0903
vt 0.3651 0.4483
vt 0.3789 0.4508
vt 0.3299 0.8589
vt 0.9246 0.1201
vt 0.4707 0.3816
vt 0.9346 0.8507
vt 0.3191 0.5882
vt 0.2658 0.5483
vt 0.2529 0.5446
vt 0.6914 0.0951
vt 0.9502 0.7560
vt 0.7681 0.1172
vt 0.8891 0.0568
vt 0.3061 0.5824
vt 0.0605 0.3361
vt 0.7857 0.4723
vt 0.4989 0.6429
vt 0.0294 0.3283
vt 0.0569 0.6411
vt 0.5359 0.0687
vt 0.3407 0.2570
vt 0.3366 0.2680
vt 0.8934 0.0696
vt 0.9067 0.4774
vt 0.9812 0.2683
vt 0.3975 0.6763
vt 0.3525 0.6320
vt 0.9589 0.2671
vt 0.9409 0.6007
vt 0.1564 0.8824
vt 0.1703 0.9010
vt 0.5163 0.7158
vt 0.5222 0.7291
vt 0.5096 0.7241
vt 0.7170 0.1013
vt 0.7821 0.3376
vt 0.8718 0.0346
vt 0.8742 0.3672
vt 0.0717 0.6784
vt 0.5483 0.0660
vt 0.6765 0.0966
vt 0.3250 0.5214
vt 0.6575 0.7039
vt 0.9075 0.0980
vt 0.0448 0.3305
vt 0.3120 0.5793
vt 0.3132 0.5272
vt 0.9400 0.1221
vt 0.0699 0.6689
vt 0.0651 0.6558
vt 0.0729 0.6505
vt 0.0764 0.6620
vt 0.0716 0.6558
vt 0.5230 0.6111
vt 0.4943 0.7812
vt 0.6982 0.0944
vt 0.1431 0.9003
vt 0.1444 0.8953
vt 0.9748 0.7568
vt 0.0234 0.3184
vt 0.7408 0.1108
vt 0.8105 0.4946
vt 0.7984 0.4983
vt 0.3184 0.8305
vt 0.6435 0.0908
vt 0.8341 0.3558
vt 0.8341 0.3663
vt 0.8281 0.3618
vt 0.6398 0.7311
vt 0.3853 0.6723
vt 0.0565 0.6475
vt 0.7748 0.1101
vt 0.8792 0.0393
vt 0.3406 0.2759
vt 0.8950 0.6233
vt 0.9782 0.5696
vt 0.9765 0.5701
vt 0.9747 0.5688
vt 0.8320 0.3700
vt 0.0794 0.6692
vt 0.0538 0.0836
vt 0.4999 0.8172
vt 0.6770 0.7544
vt 0.6746 0.7456
vt 0.6831 0.7387
vt 0.2722 0.5587
vt 0.8026 0.2786
vt 0.0914 0.3652
vt 0.0992 0.3679
vt 0.7305 0.9156
vt 0.8308 0.3777
vt 0.0641 0.6329
vt 0.3365 0.2437
vt 0.6873 0.7475
vt 0.1715 0.5583
vt 0.1780 0.5515
vt 0.1061 0.3716
vt 0.1025 0.3770
vt 0.0663 0.1088
vt 0.8745 0.0240
vt 0.3392 0.6190
vt 0.3294 0.5112
vt 0.7680 0.3222
vt 0.5763 0.0751
vt 0.7938 0.2539
vt 0.0419 0.0826
vt 0.0326 0.0883
vt 0.0370 0.0791
vt 0.7945 0.2622
vt 0.1834 0.5919
vt 0.8128 0.5056
vt 0.7646 0.4592
vt 0.3934 0.6665
vt 0.4974 0.6327
vt 0.5014 0.6263
vt 0.5177 0.7340
vt 0.0656 0.6201
vt 0.8851 0.3839
vt 0.9108 0.6245
vt 0.0951 0.3747
vt 0.8200 0.5052
vt 0.4651 0.3717
vt 0.4276 0.9928
vt 0.4158 0.9895
vt 0.4269 0.9842
vt 0.9250 0.1068
vt 0.4927 0.6452
vt 0.4884 0.7861
vt 0.4054 0.9922
vt 0.4064 0.9798
vt 0.5113 0.6094
vt 0.5205 0.5992
vt 0.9173 0.8470
vt 0.9080 0.8541
vt 0.9080 0.8477
vt 0.0498 0.3365
vt 0.8898 0.3996
vt 0.6720 0.7387
vt 0.9383 0.6114
vt 0.9206 0.6228
vt 0.8744 0.3571
vt 0.7010 0.7715
vt 0.7077 0.7836
vt 0.6982 0.7836
vt 0.0694 0.6294
vt 0.0728 0.6411
vt 0.0638 0.6432
vt 0.7256 0.1050
vt 0.0607 0.1006
vt 0.9018 0.0609
vt 0.7018 0.7984
vt 0.6919 0.7922
vt 0.1855 0.6152
vt 0.1925 0.6083
vt 0.1945 0.6218
vt 0.2642 0.5556
vt 0.6570 0.7441
vt 0.3534 0.4613
vt 0.7869 0.1192
vt 0.9436 0.1458
vt 0.3305 0.4977
vt 0.1435 0.8975
vt 0.7284 0.1137
vt 0.6951 0.7453
vt 0.7102 0.7683
vt 0.7647 0.4527
vt 0.7805 0.3537
vt 0.3429 0.4788
vt 0.7128 0.7982
vt 0.7111 0.8029
vt 0.7089 0.8032
vt 0.6739 0.7924
vt 0.6791 0.7785
vt 0.4543 0.3465
vt 0.7768 0.1186
vt 0.2812 0.5679
vt 0.8686 0.3510
vt 0.0357 0.0964
vt 0.0409 0.0926
vt 0.5922 0.0766
vt 0.6939 0.7708
vt 0.4879 0.8002
vt 0.6096 0.7182
vt 0.9158 0.0799
vt 0.9091 0.0715
vt 0.3852 0.6651
vt 0.3453 0.2297
vt 0.6210 0.7364
vt 0.9803 0.5770
vt 0.1635 0.5615
vt 0.6543 0.7526
vt 0.9102 0.4664
vt 0.8931 0.4388
vt 0.4071 0.6698
vt 0.3242 0.8634
vt 0.3198 0.6039
vt 0.9321 0.6211
vt 0.1788 0.5806
vt 0.7129 0.7801
vt 0.9668 0.5686
vt 0.6558 0.7171
vt 0.4246 0.9776
vt 0.7029 0.8086
vt 0.3542 0.4445
vt 0.0337 0.3328
vt 0.5056 0.0477
vt 0.5119 0.0601
vt 0.6876 0.7616
vt 0.6749 0.7648
vt 0.7823 0.2491
vt 0.7052 0.7629
vt 0.7158 0.7953
vt 0.7646 0.3363
vt 0.7715 0.3494
vt 0.8908 0.4090
vt 0.6899 0.8070
vt 0.6984 0.1009
vt 0.8783 0.0292
vt 0.3119 0.5958
vt 0.6980 0.7345
vt 0.0883 0.3720
vt 0.0821 0.3659
vt 0.0728 0.3572
vt 0.3161 0.8408
vt 0.4911 0.8147
vt 0.1737 0.5985
vt 0.4994 0.6148
vt 0.9019 0.4354
vt 0.4986 0.7397
vt 0.5068 0.7419
vt 0.2997 0.5836
vt 0.8172 0.4945
vt 0.8907 0.0401
vt 0.6274 0.7461
vt 0.9193 0.4765
vt 0.9135 0.4560
vt 0.2541 0.5559
vt 0.6607 0.7353
vt 0.9483 0.1344
vt 0.4499 0.3370
vt 0.3392 0.8735
vt 0.7373 0.6711
vt 0.7429 0.6778
vt 0.7353 0.6843
vt 0.4909 0.7759
vt 0.3435 0.6362
vt 0.9722 0.7432
vt 0.9741 0.7515
vt 0.9739 0.7468
vt 0.9750 0.7496
vt 0.0794 0.6147
vt 0.5050 0.7518
vt 0.5220 0.7496
vt 0.7428 0.6634
vt 0.6878 0.1042
vt 0.7853 0.4605
vt 0.4255 0.9678
vt 0.3154 0.5124
vt 0.6382 0.7458
vt 0.8863 0.3734
vt 0.5191 0.7598
vt 0.6993 0.7401
vt 0.3304 0.2826
vt 0.9715 0.5772
vt 0.6616 0.7170
vt 0.4631 0.3546
vt 0.7166 0.8098
vt 0.3329 0.6310
vt 0.2790 0.5777
vt 0.7784 0.2418
vt 0.9134 0.6327
vt 0.3292 0.2735
vt 0.7047 0.7464
vt 0.1709 0.5806
vt 0.7851 0.2607
vt 0.8053 0.4777
vt 0.7780 0.4467
vt 0.6533 0.7311
vt 0.3353 0.4855
vt 0.3633 0.4420
vt 0.3306 0.2420
vt 0.9020 0.6356
vt 0.8880 0.6345
vt 0.4813 0.9412
vt 0.4916 0.9368
vt 0.4857 0.9513
vt 0.7962 0.4686
vt 0.6024 0.7116
vt 0.3139 0.8540
vt 0.7677 0.1255
vt 0.6635 0.7867
vt 0.9400 0.1086
vt 0.7258 0.6879
vt 0.7241 0.6818
vt 0.5124 0.6021
vt 0.5525 0.0786
vt 0.1671 0.5705
vt 0.7163 0.7688
vt 0.3062 0.8285
vt 0.3552 0.4360
vt 0.5051 0.0620
vt 0.0748 0.1160
vt 0.7036 0.7552
vt 0.1680 0.5401
vt 0.1687 0.5312
vt 0.1683 0.5488
vt 0.4870 0.8248
vt 0.7282 0.7936
vt 0.4839 0.6384
vt 0.6865 0.8126
vt 0.6947 0.8178
vt 0.9006 0.4089
vt 0.3956 0.6546
vt 0.2827 0.5809
vt 0.6352 0.7613
vt 0.4774 0.7838
vt 0.8973 0.3706
vt 0.1809 0.6255
vt 0.3252 0.2659
vt 0.8829 0.3618
vt 0.2748 0.5727
vt 0.2636 0.5643
vt 0.2667 0.5673
vt 0.1648 0.5344
vt 0.4969 0.9461
vt 0.5060 0.9397
vt 0.6544 0.1023
vt 0.9808 0.5952
vt 0.6640 0.1082
vt 0.6709 0.1021
vt 0.3166 0.8162
vt 0.9303 0.0928
vt 0.4986 0.7167
vt 0.4772 0.3732
vt 0.6287 0.7537
vt 0.5221 0.5935
vt 0.8977 0.3831
vt 0.3314 0.6239
vt 0.4850 0.7733
vt 0.9297 0.8012
vt 0.9309 0.8015
vt 0.9303 0.8052
vt 0.9711 0.5888
vt 0.6120 0.7336
vt 0.4783 0.8102
vt 0.7210 0.7726
vt 0.7064 0.7374
vt 0.8985 0.0477
vt 0.3477 0.4523
vt 0.9453 0.1287
vt 0.3799 0.6556
vt 0.7208 0.1094
vt 0.9074 0.6416
vt 0.8168 0.4806
vt 0.6397 0.7645
vt 0.3244 0.8760
vt 0.3259 0.4866
vt 0.9002 0.4000
vt 0.1704 0.6333
vt 0.1785 0.6358
vt 0.6553 0.7724
vt 0.4990 0.7611
vt 0.3025 0.5899
vt 0.0662 0.5085
vt 0.0773 0.5062
vt 0.0707 0.5168
vt 0.8872 0.6459
vt 0.5232 0.0739
vt 0.0457 0.1051
vt 0.8897 0.0282
vt 0.9195 0.0835
vt 0.6698 0.8199
vt 0.9374 0.0993
vt 0.9182 0.4533
vt 0.7399 0.1205
vt 0.7150 0.7551
vt 0.7877 0.4565
vt 0.4118 0.5802
vt 0.4155 0.5737
vt 0.4222 0.5799
vt 0.4986 0.6110
vt 0.5065 0.6017
vt 0.1865 0.6374
vt 0.6622 0.7252
vt 0.4487 0.5916
vt 0.4394 0.5987
vt 0.4368 0.5885
vt 0.5108 0.5934
vt 0.4649 0.3428
vt 0.7046 0.1012
vt 0.7136 0.1082
vt 0.7062 0.1106
vt 0.9262 0.6309
vt 0.7046 0.7320
vt 0.2602 0.5624
vt 0.3206 0.6149
vt 0.3366 0.2245
vt 0.4736 0.7760
vt 0.5115 0.7672
vt 0.1945 0.6314
vt 0.9244 0.4676
vt 0.4926 0.7306
vt 0.9407 0.6326
vt 0.9446 0.6283
vt 0.7178 0.6871
vt 0.0381 0.3467
vt 0.4736 0.9493
vt 0.1564 0.5404
vt 0.7739 0.1309
vt 0.2960 0.8257
vt 0.3024 0.8205
vt 0.5887 0.0880
vt 0.1757 0.6163
vt 0.6362 0.0982
vt 0.9108 0.4129
vt 0.9051 0.4219
vt 0.4846 0.8156
vt 0.3400 0.8867
vt 0.8906 0.3629
vt 0.0209 0.3381
vt 0.5112 0.0711
vt 0.1572 0.5488
vt 0.4922 0.9593
vt 0.9668 0.6052
vt 0.7128 0.7468
vt 0.9005 0.0394
vt 0.4873 0.6241
vt 0.9147 0.4368
vt 0.4914 0.7508
vt 0.4121 0.6595
vt 0.3065 0.6079
vt 0.6919 0.1143
vt 0.7343 0.6656
vt 0.1420 0.8836
vt 0.1430 0.8828
vt 0.9304 0.7957
vt 0.9304 0.7986
vt 0.5709 0.0853
vt 0.1683 0.5228
vt 0.6194 0.0950
vt 0.5191 0.9400
vt 0.5169 0.9484
vt 0.9154 0.0608
vt 0.6040 0.7311
vt 0.4765 0.6278
vt 0.4786 0.7981
vt 0.6200 0.7479
vt 0.4598 0.3339
vt 0.5034 0.7681
vt 0.7166 0.1172
vt 0.7187 0.7627
vt 0.8179 0.4723
vt 0.8105 0.4578
vt 0.8981 0.6440
vt 0.6581 0.8213
vt 0.7834 0.9192
vt 0.7798 0.9290
vt 0.7750 0.9200
vt 0.3181 0.8716
vt 0.3218 0.2894
vt 0.3164 0.2817
vt 0.0640 0.1178
vt 0.3296 0.2252
vt 0.7989 0.4576
vt 0.3152 0.4996
vt 0.6575 0.8090
vt 0.4270 0.5972
vt 0.6865 0.8272
vt 0.7825 0.1304
vt 0.1669 0.6252
vt 0.7419 0.6571
vt 0.2972 0.5997
vt 0.8973 0.8497
vt 0.5112 0.9539
vt 0.7904 0.4509
vt 0.7839 0.4425
vt 0.4889 0.6137
vt 0.4258 0.5878
vt 0.6091 0.7466
vt 0.3351 0.4678
vt 0.3889 0.6449
vt 0.4560 0.3266
vt 0.4105 0.6509
vt 0.7536 0.1316
vt 0.8159 0.4618
vt 0.4116 0.9630
vt 0.7291 0.7815
vt 0.0741 0.5295
vt 0.0674 0.5323
vt 0.0710 0.5265
vt 0.3036 0.8134
vt 0.1578 0.6297
vt 0.7686 0.9266
vt 0.3370 0.6455
vt 0.9546 0.9798
vt 0.9651 0.9855
vt 0.9541 0.9904
vt 0.9532 0.1246
vt 0.6488 0.7909
vt 0.8540 0.7410
vt 0.8630 0.7552
vt 0.8577 0.7567
vt 0.3209 0.2320
vt 0.1617 0.5860
vt 0.2921 0.8407
vt 0.4078 0.5850
vt 0.8584 0.7749
vt 0.8707 0.7641
vt 0.0638 0.5218
vt 0.4736 0.8254
vt 0.9181 0.4243
vt 0.9057 0.3881
vt 0.3428 0.4328
vt 0.2015 0.2893
vt 0.2047 0.2944
vt 0.2023 0.3036
vt 0.5994 0.1011
vt 0.9664 0.9954
vt 0.4403 0.6126
vt 0.9524 0.1101
vt 0.3228 0.2503
vt 0.3566 0.4227
vt 0.3486 0.4288
vt 0.9305 0.6445
vt 0.6446 0.7763
vt 0.1660 0.8728
vt 0.1695 0.8880
vt 0.7859 0.6803
vt 0.7913 0.6871
vt 0.7841 0.6899
vt 0.7892 0.7059
vt 0.7793 0.7009
vt 0.7969 0.6924
vt 0.7152 0.6792
vt 0.9753 0.7188
vt 0.9775 0.7199
vt 0.9744 0.7271
vt 0.1416 0.8787
vt 0.1432 0.8766
vt 0.7155 0.7353
vt 0.8643 0.7416
vt 0.8870 0.3526
vt 0.9088 0.0498
vt 0.0755 0.1230
vt 0.7750 0.9390
vt 0.4516 0.6092
vt 0.9026 0.3736
vt 0.8949 0.8564
vt 0.0519 0.1191
vt 0.1578 0.5229
vt 0.1545 0.5294
vt 0.3041 0.5060
vt 0.6692 0.8301
vt 0.6808 0.1122
vt 0.8757 0.7746
vt 0.8644 0.7851
vt 0.3985 0.9743
vt 0.7097 0.7037
vt 0.7063 0.7144
vt 0.6974 0.7027
vt 0.4925 0.6065
vt 0.7340 0.6574
vt 0.3144 0.6242
vt 0.1953 0.3026
vt 0.0340 0.1119
vt 0.1656 0.6007
vt 0.4245 0.6076
vt 0.8804 0.3398
vt 0.3054 0.8488
vt 0.9015 0.0286
vt 0.4824 0.7424
vt 0.0829 0.5515
vt 0.0772 0.5556
vt 0.0701 0.5485
vt 0.9496 0.9917
vt 0.9550 0.9954
vt 0.4865 0.7182
vt 0.7075 0.6867
vt 0.7186 0.6937
vt 0.9304 0.4597
vt 0.4097 0.6400
vt 0.3126 0.6155
vt 0.0919 0.5439
vt 0.0807 0.5433
vt 0.7700 0.2583
vt 0.8989 0.0205
vt 0.6321 0.7664
vt 0.2910 0.5933
vt 0.2814 0.5875
vt 0.2145 0.3003
vt 0.4996 0.9623
vt 0.0755 0.5361
vt 0.4824 0.7262
vt 0.7088 0.6963
vt 0.3088 0.8795
vt 0.7003 0.1218
vt 0.9108 0.6529
vt 0.9107 0.4055
vt 0.7221 0.8938
vt 0.7064 0.8939
vt 0.7102 0.8860
vt 0.7195 0.7463
vt 0.0349 0.3560
vt 0.6487 0.1141
vt 0.8871 0.7809
vt 0.8887 0.7915
vt 0.8826 0.7960
vt 0.9316 0.4433
vt 0.6461 0.8084
vt 0.4995 0.0662
vt 0.5039 0.0725
vt 0.1978 0.3139
vt 0.8858 0.3388
vt 0.7808 0.2696
vt 0.8750 0.8107
vt 0.8842 0.8092
vt 0.8754 0.7853
vt 0.3361 0.4571
vt 0.3298 0.8922
vt 0.3525 0.4164
vt 0.7279 0.1275
vt 0.0642 0.5414
vt 0.4793 0.6117
vt 0.7199 0.8835
vt 0.8985 0.6595
vt 0.8792 0.8147
vt 0.0708 0.1344
vt 0.4908 0.9670
vt 0.6789 0.8417
vt 0.6936 0.8360
vt 0.6934 0.8488
vt 0.6753 0.8532
vt 0.4161 0.6017
vt 0.6132 0.7572
vt 0.4033 0.9667
vt 0.9217 0.4139
vt 0.7381 0.6456
vt 0.3880 0.6371
vt 0.0908 0.5365
vt 0.9444 0.0919
vt 0.3224 0.6343
vt 0.9734 0.7150
vt 0.9570 0.7339
vt 0.9570 0.7003
vt 0.8985 0.3549
vt 0.2094 0.3314
vt 0.2150 0.3406
vt 0.2049 0.3461
vt 0.8517 0.7302
vt 0.4765 0.9728
vt 0.1658 0.6140
vt 0.1491 0.5552
vt 0.6193 0.7622
vt 0.5184 0.9594
vt 0.3161 0.4856
vt 0.3912 0.9687
vt 0.3357 0.4460
vt 0.3328 0.4347
vt 0.9407 0.0825
vt 0.0963 0.5320
vt 0.2087 0.3162
vt 0.1537 0.5662
vt 0.7967 0.6688
vt 0.6640 0.8468
vt 0.6310 0.1096
vt 0.6389 0.1063
vt 0.5651 0.0936
vt 0.7876 0.9365
vt 0.4532 0.6210
vt 0.3164 0.8854
vt 0.3100 0.2553
vt 0.3992 0.6326
vt 0.7255 0.8764
vt 0.9224 0.4326
vt 0.6756 0.8597
vt 0.6654 0.8583
vt 0.1553 0.5760
vt 0.6552 0.8324
vt 0.7274 0.7654
vt 0.3085 0.4927
vt 0.8680 0.7527
vt 0.3137 0.2393
vt 0.4591 0.3134
vt 0.4544 0.3173
vt 0.4590 0.3068
vt 0.0861 0.5324
vt 0.8269 0.4349
vt 0.8367 0.4367
vt 0.8269 0.4484
vt 0.7274 0.6625
vt 0.4852 0.0743
vt 0.4746 0.6192
vt 0.1967 0.3272
vt 0.3073 0.8638
vt 0.2185 0.3528
vt 0.6738 0.1192
vt 0.6638 0.8386
vt 0.4705 0.3364
vt 0.4633 0.3152
vt 0.8884 0.7632
vt 0.4272 0.9598
vt 0.9328 0.4559
vt 0.3091 0.2741
vt 0.2163 0.2896
vt 0.0532 0.5095
vt 0.9127 0.0410
vt 0.2177 0.3105
vt 0.6553 0.8558
vt 0.9083 0.3750
vt 0.9088 0.0235
vt 0.4062 0.5976
vt 0.6952 0.6959
vt 0.7738 0.9505
vt 0.3394 0.4232
vt 0.4684 0.3305
vt 0.9436 0.6471
vt 0.2117 0.3561
vt 0.1563 0.6157
vt 0.9326 0.0601
vt 0.9322 0.0711
vt 0.6517 0.8444
vt 0.7858 0.9440
vt 0.3416 0.8980
vt 0.6999 0.6932
vt 0.7895 0.4416
vt 0.3445 0.4164
vt 0.8889 0.6566
vt 0.7138 0.8743
vt 0.9211 0.4026
vt 0.0551 0.5313
vt 0.7666 0.2632
vt 0.9030 0.3644
vt 0.0205 0.3502
vt 0.8974 0.7724
vt 0.8823 0.7603
vt 0.8050 0.4513
vt 0.7997 0.4457
vt 0.7781 0.9574
vt 0.7686 0.9604
vt 0.3026 0.2553
vt 0.2090 0.2737
vt 0.3133 0.6323
vt 0.6340 0.7769
vt 0.1448 0.8682
vt 0.1608 0.8644
vt 0.1436 0.8714
vt 0.7345 0.6351
vt 0.7271 0.6450
vt 0.0485 0.5234
vt 0.0565 0.5524
vt 0.7986 0.9409
vt 0.4325 0.6188
vt 0.4511 0.6292
vt 0.8910 0.7741
vt 0.7052 0.6810
vt 0.7412 0.6280
vt 0.7312 0.6272
vt 0.9200 0.3916
vt 0.6722 0.8687
vt 0.4975 0.0747
vt 0.7919 0.9199
vt 0.7950 0.9541
vt 0.0920 0.5339
vt 0.8988 0.7882
vt 0.3097 0.8901
vt 0.2221 0.3241
vt 0.3290 0.6535
vt 0.8923 0.8021
vt 0.4120 0.9496
vt 0.7355 0.6132
vt 0.9152 0.3824
vt 0.8944 0.3406
vt 0.0367 0.1211
vt 0.0503 0.1330
vt 0.3220 0.2149
vt 0.8029 0.9307
vt 0.7940 0.9312
vt 0.6914 0.1269
vt 0.6856 0.6974
vt 0.8851 0.8577
vt 0.9393 0.6514
vt 0.1439 0.5156
vt 0.1417 0.5411
vt 0.8630 0.7323
vt 0.4390 0.6324
vt 0.6114 0.1109
vt 0.3492 0.9110
vt 0.3365 0.9052
vt 0.2209 0.3437
vt 0.6705 0.9258
vt 0.6720 0.9149
vt 0.6816 0.9226
vt 0.6674 0.1193
vt 0.3040 0.6209
vt 0.0603 0.5626
vt 0.3981 0.9516
vt 0.8004 0.7043
vt 0.6780 0.6725
vt 0.6827 0.6781
vt 0.6773 0.6840
vt 0.6856 0.6664
vt 0.6885 0.6688
vt 0.0516 0.5503
vt 0.7198 0.6632
vt 0.3189 0.6510
vt 0.7086 0.1330
vt 0.7551 0.1440
vt 0.5301 0.0941
vt 0.8871 0.8187
vt 0.8467 0.7161
vt 0.5803 0.1009
vt 0.2917 0.8534
vt 0.3141 0.2941
vt 0.8023 0.9191
vt 0.7760 0.9686
vt 0.4272 0.9537
vt 0.3004 0.8893
vt 0.6992 0.8851
vt 0.8966 0.6744
vt 0.9117 0.0339
vt 0.0563 0.1375
vt 0.0729 0.5664
vt 0.8814 0.7518
vt 0.6541 0.1205
vt 0.6778 0.1265
vt 0.3373 0.4171
vt 0.2176 0.2747
vt 0.2228 0.3377
vt 0.4931 0.0759
vt 0.6853 0.8946
vt 0.6952 0.8986
vt 0.6841 0.9043
vt 0.0465 0.5354
vt 0.8868 0.8483
vt 0.7723 0.1521
vt 0.7758 0.1475
vt 0.7865 0.1401
vt 0.1565 0.6014
vt 0.3065 0.2180
vt 0.3313 0.4239
vt 0.3205 0.8966
vt 0.4103 0.6313
vt 0.7421 0.1402
vt 0.9194 0.3852
vt 0.9211 0.0474
vt 0.8597 0.7212
vt 0.9533 0.0808
vt 0.6316 0.7839
vt 0.8017 0.6985
vt 0.7130 0.6666
vt 0.9734 0.7066
vt 0.9743 0.7127
vt 0.0411 0.5195
vt 0.7271 0.6164
vt 0.7266 0.6262
vt 0.9178 0.3761
vt 0.9188 0.6597
vt 0.5173 0.0867
vt 0.7864 0.9601
vt 0.6484 0.8644
vt 0.3536 0.4054
vt 0.3887 0.9559
vt 0.9561 0.0942
vt 0.7013 0.6729
vt 0.6408 0.8067
vt 0.2966 0.2850
vt 0.2969 0.8784
vt 0.2194 0.3600
vt 0.8900 0.8647
vt 0.8944 0.8693
vt 0.4886 0.9816
vt 0.2968 0.8626
vt 0.2990 0.6114
vt 0.3007 0.2263
vt 0.7196 0.6565
vt 0.6377 0.8141
vt 0.6593 0.8665
vt 0.8984 0.7980
vt 0.9112 0.7950
vt 0.2175 0.2700
vt 0.8929 0.8124
vt 0.0701 0.5784
vt 0.0580 0.5752
vt 0.8995 0.7825
vt 0.9348 0.4283
vt 0.1388 0.5217
vt 0.8839 0.6669
vt 0.5430 0.0943
vt 0.9582 0.0740
vt 0.8200 0.4489
vt 0.8782 0.7347
vt 0.4736 0.3089
vt 0.3328 0.9129
vt 0.7067 0.8763
vt 0.8776 0.8504
vt 0.9186 0.0392
vt 0.9128 0.7847
vt 0.4789 0.6032
vt 0.0301 0.1153
vt 0.6398 0.8372
vt 0.3113 0.6402
vt 0.8101 0.6868
vt 0.6771 0.9031
vt 0.0447 0.5058
vt 0.3285 0.6628
vt 0.8828 0.6765
vt 0.0522 0.5923
vt 0.0477 0.5844
vt 0.0630 0.5857
vt 0.5191 0.9733
vt 0.5091 0.9739
vt 0.9303 0.0461
vt 0.6919 0.6894
vt 0.3461 0.9239
vt 0.2141 0.2632
vt 0.3060 0.3000
vt 0.6397 0.8264
vt 0.1503 0.5881
vt 0.9366 0.6554
vt 0.6968 0.6808
vt 0.7824 0.1462
vt 0.8100 0.4445
vt 0.2213 0.2979
vt 0.2245 0.3133
vt 0.7068 0.6653
vt 0.6333 0.7987
vt 0.2275 0.3469
vt 0.8080 0.6756
vt 0.2999 0.2387
vt 0.6869 0.6863
vt 0.4139 0.2571
vt 0.4130 0.2670
vt 0.4074 0.2649
vt 0.9292 0.4145
vt 0.3275 0.6771
vt 0.3351 0.6771
vt 0.3334 0.6809
vt 0.1454 0.5743
vt 0.6306 0.7896
vt 0.4993 0.0852
vt 0.9169 0.3818
vt 0.9168 0.0307
vt 0.3026 0.6317
vt 0.6430 0.8531
vt 0.7951 0.9688
vt 0.4276 0.9414
vt 0.6911 0.8855
vt 0.6803 0.6900
vt 0.3209 0.6695
vt 0.3362 0.6697
vt 0.8716 0.8596
vt 0.8509 0.7072
vt 0.9172 0.3687
vt 0.3097 0.2080
vt 0.9415 0.0648
vt 0.6236 0.7812
vt 0.7841 0.1542
vt 0.1601 0.8506
vt 0.4295 0.2750
vt 0.4271 0.2545
vt 0.6650 0.9320
vt 0.6556 0.9294
vt 0.4369 0.2615
vt 0.1403 0.5681
vt 0.6890 0.6773
vt 0.8792 0.8666
vt 0.8184 0.6715
vt 0.8099 0.6622
vt 0.7135 0.6473
vt 0.7246 0.6370
vt 0.9249 0.0409
vt 0.4049 0.6236
vt 0.6315 0.1214
vt 0.3381 0.6846
vt 0.9431 0.4641
vt 0.9435 0.4463
vt 0.3208 0.6613
vt 0.4348 0.2503
vt 0.0452 0.6012
vt 0.0388 0.5971
vt 0.8906 0.8242
vt 0.8816 0.8294
vt 0.1389 0.5873
vt 0.7252 0.8638
vt 0.3219 0.9075
vt 0.2968 0.8875
vt 0.0312 0.5194
vt 0.0381 0.5042
vt 0.8655 0.7213
vt 0.1514 0.6159
vt 0.3237 0.4393
vt 0.4807 0.3213
vt 0.9103 0.3589
vt 0.6573 0.9449
vt 0.6520 0.9444
vt 0.3297 0.6848
vt 0.8677 0.8576
vt 0.0243 0.3618
vt 0.0309 0.3670
vt 0.4803 0.9846
vt 0.4979 0.9750
vt 0.4145 0.9371
vt 0.3527 0.9274
vt 0.3068 0.9010
vt 0.3008 0.2721
vt 0.2308 0.3585
vt 0.8092 0.6991
vt 0.8051 0.7124
vt 0.0350 0.1288
vt 0.7713 0.9745
vt 0.8989 0.8156
vt 0.3146 0.6599
vt 0.9000 0.7616
vt 0.2308 0.3053
vt 0.6813 0.8878
vt 0.6769 0.8958
vt 0.2954 0.2941
vt 0.6483 0.9348
vt 0.2290 0.3729
vt 0.0425 0.4967
vt 0.8847 0.8724
vt 0.7136 0.6591
vt 0.9149 0.6775
vt 0.9022 0.6857
vt 0.9521 0.0591
vt 0.0492 0.5677
vt 0.4629 0.2994
vt 0.3942 0.2682
vt 0.4033 0.2792
vt 0.2299 0.3214
vt 0.7211 0.1428
vt 0.6619 0.9175
vt 0.8593 0.7088
vt 0.9324 0.4059
vt 0.6223 0.9640
vt 0.6361 0.9678
vt 0.6282 0.9848
vt 0.8649 0.8792
vt 0.9050 0.7793
vt 0.3051 0.6402
vt 0.2247 0.2909
vt 0.9356 0.0484
vt 0.6936 0.8797
vt 0.2295 0.3343
vt 0.6924 0.6598
vt 0.0343 0.4930
vt 0.9251 0.0362
vt 0.6644 0.1313
vt 0.4158 0.2799
vt 0.2396 0.3319
vt 0.2868 0.8834
vt 0.6675 0.9049
vt 0.6992 0.6550
vt 0.5425 0.1065
vt 0.0656 0.1514
vt 0.0346 0.6061
vt 0.2766 0.8494
vt 0.8925 0.8315
vt 0.2295 0.8565
vt 0.2212 0.8630
vt 0.2230 0.8542
vt 0.2256 0.2810
vt 0.3036 0.6470
vt 0.9732 0.7001
vt 0.9735 0.7043
vt 0.2231 0.2594
vt 0.7170 0.8567
vt 0.7084 0.8652
vt 0.8033 0.4338
vt 0.1303 0.5273
vt 0.8874 0.6862
vt 0.8908 0.8840
vt 0.1475 0.6003
vt 0.9323 0.3958
vt 0.6520 0.8758
vt 0.9050 0.3445
vt 0.4092 0.0503
vt 0.4010 0.0565
vt 0.4012 0.0421
vt 0.0214 0.1160
vt 0.4121 0.6154
vt 0.0421 0.5429
vt 0.9443 0.6578
vt 0.9323 0.6662
vt 0.4249 0.2828
vt 0.6146 0.9699
vt 0.3199 0.6796
vt 0.0345 0.5312
vt 0.9007 0.8837
vt 0.4917 0.0844
vt 0.3387 0.4044
vt 0.6292 0.8048
vt 0.5109 0.9829
vt 0.7134 0.6381
vt 0.6419 0.9590
vt 0.6347 0.9554
vt 0.8720 0.8825
vt 0.9059 0.8741
vt 0.7009 0.8744
vt 0.3912 0.2802
vt 0.3216 0.6907
vt 0.4205 0.2429
vt 0.9283 0.0309
vt 0.6338 0.8591
vt 0.3107 0.6651
vt 0.8633 0.7046
vt 0.3470 0.4000
vt 0.3032 0.3080
vt 0.2253 0.2737
vt 0.6574 0.9532
vt 0.2299 0.2883
vt 0.3833 0.2912
vt 0.3945 0.3001
vt 0.3786 0.3020
vt 0.1341 0.5789
vt 0.4364 0.2971
vt 0.4397 0.3084
vt 0.4256 0.2981
vt 0.7152 0.6154
vt 0.5093 0.0993
vt 0.4061 0.3551
vt 0.4000 0.3627
vt 0.3948 0.3588
vt 0.5633 0.1105
vt 0.3346 0.9287
vt 0.6828 0.1361
vt 0.2388 0.3421
vt 0.8149 0.7124
vt 0.3840 0.0050
vt 0.3914 0.0071
vt 0.3827 0.0179
vt 0.7882 0.9752
vt 0.0488 0.1443
vt 0.3039 0.2095
vt 0.3303 0.4085
vt 0.9101 0.7636
vt 0.0400 0.5633
vt 0.6910 0.8690
vt 0.5884 0.1221
vt 0.6145 0.1232
vt 0.3521 0.7881
vt 0.3614 0.7850
vt 0.3573 0.7955
vt 0.3978 0.2822
vt 0.2903 0.2755
vt 0.9468 0.4293
vt 0.6454 0.8804
vt 0.4556 0.2852
vt 0.4669 0.2917
vt 0.3906 0.0146
vt 0.3772 0.0039
vt 0.0774 0.1472
vt 0.2966 0.2226
vt 0.6365 0.1287
vt 0.3877 0.3108
vt 0.6412 0.9524
vt 0.9141 0.6893
vt 0.3168 0.6870
vt 0.3137 0.6847
vt 0.2837 0.8698
vt 0.8964 0.8901
vt 0.0549 0.9258
vt 0.0587 0.9332
vt 0.0462 0.9334
vt 0.9181 0.3591
vt 0.9124 0.3498
vt 0.8863 0.8396
vt 0.3516 0.7803
vt 0.2376 0.3707
vt 0.6833 0.6600
vt 0.8166 0.6814
vt 0.3060 0.6565
vt 0.2779 0.9829
vt 0.2768 0.9873
vt 0.2771 0.9827
vt 0.4932 0.6613
vt 0.5074 0.6548
vt 0.4967 0.6682
vt 0.4947 0.6650
vt 0.0379 0.5909
vt 0.9218 0.7733
vt 0.0451 0.5736
vt 0.4370 0.2833
vt 0.6447 0.9502
vt 0.0632 0.9296
vt 0.8184 0.7262
vt 0.6538 0.9584
vt 0.8787 0.8880
vt 0.8974 0.7478
vt 0.4984 0.9886
vt 0.8772 0.5482
vt 0.8752 0.5427
vt 0.8848 0.5375
vt 0.9461 0.6686
vt 0.6964 0.1406
vt 0.4086 0.2918
vt 0.7367 0.1491
vt 0.2747 0.8630
vt 0.4095 0.2405
vt 0.4855 0.0872
vt 0.2929 0.3025
vt 0.6483 0.1329
vt 0.6840 0.6541
vt 0.2182 0.2528
vt 0.3379 0.9337
vt 0.3193 0.9214
vt 0.0798 0.1531
vt 0.3413 0.7043
vt 0.3432 0.7126
vt 0.3348 0.7161
vt 0.9194 0.6809
vt 0.6998 0.6417
vt 0.4282 0.2380
vt 0.7798 0.9762
vt 0.9039 0.8219
vt 0.9495 0.0510
vt 0.2883 0.2530
vt 0.6290 0.8340
vt 0.6253 0.8166
vt 0.3225 0.7000
vt 0.3119 0.6791
vt 0.2322 0.8500
vt 0.8356 0.4532
vt 0.8333 0.4639
vt 0.8264 0.4624
vt 0.3354 0.3983
vt 0.2927 0.8915
vt 0.1530 0.8340
vt 0.7240 0.8515
vt 0.4949 0.0958
vt 0.2347 0.2791
vt 0.4027 0.3447
vt 0.4142 0.3501
vt 0.4271 0.3199
vt 0.6403 0.9356
vt 0.6288 0.9519
vt 0.3370 0.6937
vt 0.4426 0.6477
vt 0.7532 0.1621
vt 0.7014 0.8666
vt 0.0360 0.1444
vt 0.6587 0.9072
vt 0.6484 0.9138
vt 0.3418 0.7842
vt 0.9137 0.7675
vt 0.3252 0.7084
vt 0.3305 0.7020
vt 0.1344 0.5556
vt 0.6366 0.8691
vt 0.3840 0.3316
vt 0.3902 0.3366
vt 0.3812 0.3397
vt 0.3918 0.3231
vt 0.4756 0.2996
vt 0.9316 0.6736
vt 0.8092 0.5573
vt 0.8031 0.5502
vt 0.8144 0.5431
vt 0.4107 0.3051
vt 0.4385 0.2388
vt 0.0725 0.9382
vt 0.3851 0.3506
vt 0.4324 0.6397
vt 0.2941 0.3131
vt 0.9000 0.8302
vt 0.2291 0.2459
vt 0.9086 0.7577
vt 0.0536 0.1519
vt 0.2921 0.2633
vt 0.2877 0.2419
vt 0.8853 0.5485
vt 0.9071 0.8972
vt 0.4824 0.8861
vt 0.4779 0.8677
vt 0.4840 0.8611
vt 0.0592 0.9165
vt 0.3669 0.0111
vt 0.9255 0.5372
vt 0.9105 0.5326
vt 0.9195 0.5286
vt 0.6694 0.6585
vt 0.6783 0.6511
vt 0.6751 0.6619
vt 0.3097 0.6923
vt 0.3130 0.4321
vt 0.5155 0.6631
vt 0.5095 0.6737
vt 0.3918 0.9963
vt 0.3913 0.9911
vt 0.3913 0.9876
vt 0.4078 0.0697
vt 0.9384 0.6745
vt 0.8087 0.5384
vt 0.4025 0.3228
vt 0.0353 0.5739
vt 0.6275 0.8443
vt 0.3962 0.3119
vt 0.8806 0.7225
vt 0.1408 0.6095
vt 0.4481 0.6539
vt 0.2221 0.8414
vt 0.9424 0.4100
vt 0.3916 0.0245
vt 0.3170 0.6992
vt 0.9382 0.0405
vt 0.3061 0.9166
vt 0.0668 0.1586
vt 0.8719 0.5430
vt 0.3451 0.7937
vt 0.6464 0.9233
vt 0.2935 0.8989
vt 0.6216 0.8276
vt 0.7112 0.6284
vt 0.0312 0.5857
vt 0.4163 0.3366
vt 0.8710 0.7109
vt 0.3951 0.3678
vt 0.8967 0.8398
vt 0.3563 0.0168
vt 0.3586 0.0051
vt 0.6858 0.6475
vt 0.2940 0.9063
vt 0.2851 0.2881
vt 0.8681 0.5342
vt 0.8000 0.5447
vt 0.8953 0.6945
vt 0.2817 0.8884
vt 0.3397 0.3916
vt 0.8886 0.9021
vt 0.9002 0.9017
vt 0.4027 0.3090
vt 0.4059 0.2242
vt 0.4153 0.2286
vt 0.0381 0.9312
vt 0.6315 0.9389
vt 0.4172 0.2362
vt 0.6241 0.8087
vt 0.8963 0.5130
vt 0.9039 0.5110
vt 0.8993 0.5190
vt 0.3022 0.6737
vt 0.1335 0.5990
vt 0.7953 0.5595
vt 0.8952 0.7351
vt 0.2296 0.2599
vt 0.9112 0.5262
vt 0.9102 0.5209
vt 0.3170 0.4244
vt 0.3192 0.4145
vt 0.3111 0.4172
vt 0.8637 0.5567
vt 0.8969 0.5270
vt 0.3478 0.0080
vt 0.3712 0.3483
vt 0.3147 0.4044
vt 0.3918 0.0516
vt 0.3919 0.0657
vt 0.0195 0.1360
vt 0.7159 0.8374
vt 0.8840 0.5289
vt 0.3727 0.3376
vt 0.1283 0.5421
vt 0.8193 0.5338
vt 0.8045 0.5134
vt 0.8097 0.5283
vt 0.9173 0.5402
vt 0.6650 0.6546
vt 0.3008 0.6541
vt 0.2350 0.2620
vt 0.7981 0.5608
vt 0.8073 0.5649
vt 0.6091 0.9603
vt 0.9124 0.5116
vt 0.8034 0.5217
vt 0.3780 0.3633
vt 0.9115 0.8850
vt 0.9496 0.4153
vt 0.4743 0.2904
vt 0.7086 0.8487
vt 0.2796 0.2343
vt 0.9084 0.5066
vt 0.2700 0.8763
vt 0.5218 0.1145
vt 0.4818 0.3027
vt 0.9079 0.8281
vt 0.3856 0.0398
vt 0.3942 0.0355
vt 0.3206 0.4467
vt 0.6604 0.1390
vt 0.7854 0.1728
vt 0.7797 0.1610
vt 0.3916 0.9836
vt 0.3910 0.9852
vt 0.9686 0.6565
vt 0.9686 0.6919
vt 0.9620 0.6780
vt 0.4952 0.6715
vt 0.4964 0.6704
vt 0.4955 0.6720
vt 0.8862 0.5156
vt 0.2844 0.3055
vt 0.3040 0.6816
vt 0.9832 0.1649
vt 0.9734 0.1576
vt 0.9821 0.1563
vt 0.4167 0.3212
vt 0.7064 0.1515
vt 0.0417 0.9226
vt 0.2719 0.0142
vt 0.2862 0.0161
vt 0.2830 0.0263
vt 0.8791 0.5547
vt 0.8967 0.5362
vt 0.0722 0.9207
vt 0.1230 0.5958
vt 0.6909 0.1522
vt 0.9467 0.6764
vt 0.3868 0.2063
vt 0.3769 0.2153
vt 0.3752 0.2083
vt 0.9182 0.8245
vt 0.8683 0.7001
vt 0.8591 0.5479
vt 0.2989 0.6679
vt 0.2575 0.0125
vt 0.2630 0.0177
vt 0.7202 0.8386
vt 0.8722 0.5621
vt 0.7915 0.5507
vt 0.3600 0.3417
vt 0.4850 0.0992
vt 0.7950 0.5357
vt 0.0317 0.5726
vt 0.4736 0.8500
vt 0.2317 0.8426
vt 0.0746 0.1796
vt 0.6720 0.1460
vt 0.6723 0.6471
vt 0.3818 0.0373
vt 0.2836 0.2075
vt 0.2801 0.2176
vt 0.6234 0.8572
vt 0.4316 0.2280
vt 0.6905 0.6374
vt 0.3429 0.0161
vt 0.3719 0.0309
vt 0.6295 0.8822
vt 0.3871 0.0619
vt 0.3654 0.2219
vt 0.3653 0.2069
vt 0.3554 0.2141
vt 0.3814 0.1983
vt 0.3172 0.3932
vt 0.2316 0.2500
vt 0.5219 0.6721
vt 0.6154 0.8331
vt 0.6200 0.8669
vt 0.6255 0.9425
vt 0.7035 0.6291
vt 0.6574 0.8852
vt 0.8381 0.3419
vt 0.8297 0.3480
vt 0.8281 0.3350
vt 0.9055 0.7447
vt 0.2821 0.9020
vt 0.2769 0.3057
vt 0.2849 0.3185
vt 0.7264 0.8370
vt 0.6055 0.1398
vt 0.6206 0.1364
vt 0.8043 0.5733
vt 0.7998 0.5674
vt 0.3963 0.3764
vt 0.3901 0.3757
vt 0.2551 0.0197
vt 0.1230 0.5297
vt 0.2986 0.0189
vt 0.6601 0.9732
vt 0.6558 0.9668
vt 0.6681 0.9709
vt 0.7705 0.1721
vt 0.6440 0.8898
vt 0.8794 0.7024
vt 0.4459 0.7588
vt 0.4350 0.7644
vt 0.4405 0.7526
vt 0.0420 0.1614
vt 0.8604 0.8880
vt 0.8381 0.3258
vt 0.9041 0.5380
vt 0.5003 0.1102
vt 0.4470 0.2246
vt 0.4388 0.2161
vt 0.4578 0.2114
vt 0.4538 0.2051
vt 0.0697 0.9173
vt 0.0606 0.9086
vt 0.2757 0.2481
vt 0.3780 0.0502
vt 0.3576 0.2079
vt 0.7956 0.5639
vt 0.2776 0.3196
vt 0.4833 0.2930
vt 0.9750 0.1687
vt 0.4953 0.6730
vt 0.4946 0.6766
vt 0.0179 0.3735
vt 0.0179 0.3670
vt 0.0185 0.3710
vt 0.9590 0.6723
vt 0.6380 0.9180
vt 0.2772 0.2593
vt 0.6633 0.6488
vt 0.6869 0.6299
vt 0.2707 0.8880
vt 0.7101 0.6199
vt 0.5521 0.1185
vt 0.7895 0.5441
vt 0.2442 0.0230
vt 0.2469 0.0107
vt 0.4464 0.2335
vt 0.4369 0.6568
vt 0.0579 0.1594
vt 0.6140 0.8424
vt 0.6998 0.6169
vt 0.3509 0.3484
vt 0.3470 0.3393
vt 0.1901 0.7665
vt 0.1750 0.7429
vt 0.1839 0.7522
vt 0.3330 0.7848
vt 0.3168 0.7052
vt 0.3164 0.7125
vt 0.3070 0.7115
vt 0.3450 0.1993
vt 0.3377 0.2053
vt 0.3518 0.1946
vt 0.6368 0.8897
vt 0.2391 0.0089
vt 0.2343 0.0276
vt 0.2314 0.0160
vt 0.0288 0.1484
vt 0.4146 0.2187
vt 0.4092 0.2102
vt 0.3184 0.9336
vt 0.6147 0.9493
vt 0.6811 0.6397
vt 0.9029 0.9140
vt 0.2799 0.2745
vt 0.7893 0.5223
vt 0.6179 0.8107
vt 0.6494 0.9782
vt 0.2767 0.0331
vt 0.9140 0.9123
vt 0.3563 0.7473
vt 0.3533 0.7402
vt 0.3578 0.7380
vt 0.7207 0.1604
vt 0.7334 0.1575
vt 0.0745 0.9085
vt 0.3959 0.0741
vt 0.8956 0.7178
vt 0.3400 0.7671
vt 0.3417 0.7547
vt 0.3514 0.7548
vt 0.3114 0.7204
vt 0.7327 0.1744
vt 0.8709 0.8956
vt 0.3809 0.3765
vt 0.4796 0.8424
vt 0.9668 0.1709
vt 0.2805 0.2412
vt 0.3589 0.0309
vt 0.2764 0.2933
vt 0.3471 0.7470
vt 0.6319 0.9245
vt 0.3345 0.7735
vt 0.2965 0.7039
vt 0.9192 0.7522
vt 0.9138 0.7444
vt 0.2939 0.6790
vt 0.3680 0.3694
vt 0.2976 0.0312
vt 0.3219 0.9404
vt 0.0903 0.1735
vt 0.2804 0.2672
vt 0.3072 0.4456
vt 0.3054 0.4371
vt 0.9099 0.9857
vt 0.9229 0.9951
vt 0.9058 0.9880
vt 0.5078 0.6901
vt 0.4963 0.6795
vt 0.3449 0.9418
vt 0.3301 0.9447
vt 0.6476 0.1458
vt 0.3302 0.7612
vt 0.3346 0.7967
vt 0.2733 0.2794
vt 0.6911 0.6218
vt 0.3890 0.3837
vt 0.6901 0.5980
vt 0.6810 0.6028
vt 0.4271 0.7581
vt 0.8578 0.5797
vt 0.8550 0.5636
vt 0.7787 0.1691
vt 0.3952 0.0809
vt 0.3975 0.2065
vt 0.2722 0.3102
vt 0.4320 0.7460
vt 0.8548 0.5522
vt 0.7814 0.5554
vt 0.7926 0.5682
vt 0.2632 0.0304
vt 0.2971 0.6895
vt 0.6348 0.1387
vt 0.4717 0.0968
vt 0.4800 0.1062
vt 0.4889 0.1152
vt 0.2396 0.2502
vt 0.3054 0.9253
vt 0.3372 0.3450
vt 0.1739 0.7251
vt 0.1899 0.7425
vt 0.3383 0.0092
vt 0.9113 0.9191
vt 0.8726 0.5739
vt 0.1833 0.7242
vt 0.6002 0.9705
vt 0.6008 0.9624
vt 0.2237 0.0270
vt 0.4170 0.0808
vt 0.2985 0.9191
vt 0.3021 0.4284
vt 0.4446 0.6642
vt 0.3264 0.3864
vt 0.6573 0.9836
vt 0.7847 0.5320
vt 0.3943 0.3982
vt 0.4033 0.3961
vt 0.4002 0.4060
vt 0.3988 0.3910
vt 0.2689 0.2309
vt 0.3602 0.3568
vt 0.1562 0.7050
vt 0.1607 0.7041
vt 0.1673 0.7141
vt 0.6633 0.6394
vt 0.4434 0.1974
vt 0.3265 0.7728
vt 0.2530 0.0326
vt 0.7179 0.8258
vt 0.3730 0.3773
vt 0.7898 0.5617
vt 0.9832 0.1869
vt 0.4916 0.8532
vt 0.3286 0.7860
vt 0.6703 0.6378
vt 0.7983 0.5817
vt 0.9737 0.1759
vt 0.5876 0.1337
vt 0.3484 0.7374
vt 0.3386 0.7507
vt 0.4231 0.2209
vt 0.0680 0.8984
vt 0.3909 0.1972
vt 0.7858 0.5278
vt 0.8795 0.9060
vt 0.0337 0.1608
vt 0.5639 0.1287
vt 0.8954 0.9203
vt 0.6758 0.1555
vt 0.3320 0.3303
vt 0.3475 0.0346
vt 0.4341 0.2099
vt 0.2278 0.0413
vt 0.2177 0.0312
vt 0.2101 0.8308
vt 0.2208 0.8292
vt 0.6749 0.6393
vt 0.5178 0.6880
vt 0.9123 0.9824
vt 0.9164 0.9817
vt 0.2395 0.2399
vt 0.3628 0.7303
vt 0.3582 0.7278
vt 0.1940 0.7529
vt 0.2729 0.2537
vt 0.2723 0.2698
vt 0.0610 0.8948
vt 0.3704 0.0402
vt 0.8873 0.9140
vt 0.3784 0.0709
vt 0.6670 0.9836
vt 0.0465 0.1718
vt 0.3494 0.9453
vt 0.3340 0.9586
vt 0.2352 0.8340
vt 0.6091 0.8553
vt 0.6233 0.9284
vt 0.3556 0.1859
vt 0.3753 0.1878
vt 0.3820 0.1913
vt 0.6053 0.9492
vt 0.4436 0.7320
vt 0.4340 0.7362
vt 0.1688 0.7033
vt 0.3018 0.7194
vt 0.3130 0.7327
vt 0.3013 0.4137
vt 0.1748 0.7082
vt 0.4194 0.2141
vt 0.6152 0.9354
vt 0.2689 0.3046
vt 0.8694 0.5843
vt 0.6323 0.1535
vt 0.5521 0.1273
vt 0.9032 0.9287
vt 0.3379 0.1923
vt 0.3673 0.1899
vt 0.2198 0.0423
vt 0.2733 0.2003
vt 0.2889 0.6985
vt 0.5908 0.9804
vt 0.3049 0.7326
vt 0.2895 0.6846
vt 0.3049 0.3982
vt 0.9137 0.7308
vt 0.3456 0.3546
vt 0.3283 0.3379
vt 0.1602 0.6964
vt 0.1779 0.7196
vt 0.3289 0.7528
vt 0.3216 0.7951
vt 0.2872 0.6916
vt 0.7589 0.1760
vt 0.4036 0.0894
vt 0.3781 0.3938
vt 0.2112 0.0446
vt 0.6758 0.6120
vt 0.4761 0.1148
vt 0.7846 0.5803
vt 0.3209 0.7574
vt 0.3140 0.7498
vt 0.2944 0.4403
vt 0.3057 0.9338
vt 0.2684 0.2402
vt 0.6554 0.1566
vt 0.4304 0.1618
vt 0.4439 0.1593
vt 0.4445 0.1728
vt 0.6060 0.9408
vt 0.3395 0.0314
vt 0.4243 0.0991
vt 0.4290 0.0847
vt 0.5396 0.1297
vt 0.6249 0.9193
vt 0.6643 0.6323
vt 0.3649 0.0439
vt 0.2639 0.8192
vt 0.2780 0.8178
vt 0.2627 0.8316
vt 0.7803 0.5410
vt 0.3503 0.3720
vt 0.3394 0.3662
vt 0.4305 0.1748
vt 0.4390 0.1841
vt 0.4941 0.6852
vt 0.4952 0.6807
vt 0.2884 0.9224
vt 0.4549 0.1412
vt 0.4478 0.1499
vt 0.4420 0.1417
vt 0.4237 0.2080
vt 0.3349 0.0240
vt 0.2436 0.0429
vt 0.2797 0.0383
vt 0.3054 0.0401
vt 0.3156 0.0422
vt 0.3093 0.0490
vt 0.3801 0.3859
vt 0.4194 0.1999
vt 0.3018 0.0315
vt 0.2862 0.0451
vt 0.4440 0.1286
vt 0.4561 0.1347
vt 0.4303 0.1505
vt 0.6681 0.9912
vt 0.7803 0.5254
vt 0.2939 0.4531
vt 0.6206 0.9231
vt 0.4158 0.0951
vt 0.9695 0.1890
vt 0.2576 0.2044
vt 0.2287 0.8216
vt 0.8837 0.9173
vt 0.3305 0.3579
vt 0.2801 0.9171
vt 0.3515 0.7274
vt 0.9098 0.9289
vt 0.3942 0.1912
vt 0.3725 0.0582
vt 0.0652 0.1849
vt 0.2634 0.0385
vt 0.1651 0.6874
vt 0.7828 0.5683
vt 0.6470 0.6668
vt 0.6419 0.6751
vt 0.6373 0.6560
vt 0.6558 0.6648
vt 0.3241 0.3492
vt 0.6146 0.8821
vt 0.6725 0.6282
vt 0.3468 0.9587
vt 0.2789 0.8038
vt 0.2884 0.8086
vt 0.1870 0.7107
vt 0.3121 0.7838
vt 0.9163 0.9306
vt 0.5000 0.8436
vt 0.3100 0.7518
vt 0.8759 0.5882
vt 0.4256 0.1377
vt 0.2841 0.7117
vt 0.2812 0.6969
vt 0.3919 0.4129
vt 0.2695 0.9114
vt 0.0309 0.1732
vt 0.2936 0.4055
vt 0.6071 0.8654
vt 0.6819 0.6230
vt 0.6219 0.8903
vt 0.2927 0.9280
vt 0.3159 0.7683
vt 0.7785 0.1822
vt 0.3656 0.3956
vt 0.3905 0.0870
vt 0.0867 0.1864
vt 0.4204 0.1689
vt 0.3316 0.1851
vt 0.4112 0.7516
vt 0.2976 0.7195
vt 0.3994 0.4133
vt 0.4057 0.4175
vt 0.3984 0.4232
vt 0.9779 0.1912
vt 0.9845 0.0813
vt 0.9770 0.0895
vt 0.9771 0.0744
vt 0.9193 0.9798
vt 0.9231 0.9779
vt 0.9670 0.0754
vt 0.4938 0.6906
vt 0.8671 0.5990
vt 0.8543 0.5901
vt 0.8923 0.9270
vt 0.3124 0.3366
vt 0.2636 0.2505
vt 0.6126 0.1460
vt 0.3302 0.0423
vt 0.6015 0.8534
vt 0.4076 0.1633
vt 0.4352 0.1919
vt 0.0586 0.8845
vt 0.7041 0.1692
vt 0.3650 0.0547
vt 0.7437 0.1824
vt 0.2347 0.0437
vt 0.3617 0.3808
vt 0.4313 0.0969
vt 0.6639 0.1635
vt 0.3076 0.7744
vt 0.4112 0.1486
vt 0.3548 0.0450
vt 0.3827 0.4043
vt 0.2941 0.8025
vt 0.6501 0.9933
vt 0.4368 0.7304
vt 0.9246 0.7334
vt 0.3062 0.3806
vt 0.2586 0.2145
vt 0.6050 0.8438
vt 0.8582 0.6021
vt 0.4305 0.1333
vt 0.6902 0.1628
vt 0.0552 0.1855
vt 0.3688 0.1748
vt 0.2069 0.8185
vt 0.5896 0.1468
vt 0.3633 0.7193
vt 0.4094 0.1697
vt 0.2939 0.7217
vt 0.3850 0.1776
vt 0.3196 0.0570
vt 0.9223 0.7174
vt 0.4385 0.6755
vt 0.3241 0.9602
vt 0.6328 0.6728
vt 0.6462 0.6302
vt 0.4063 0.4256
vt 0.4577 0.1261
vt 0.3173 0.7987
vt 0.3425 0.9723
vt 0.2638 0.8050
vt 0.4105 0.1157
vt 0.4189 0.1069
vt 0.3906 0.1870
vt 0.2904 0.4476
vt 0.3009 0.3858
vt 0.1821 0.7031
vt 0.2766 0.7013
vt 0.4158 0.1270
vt 0.6652 0.6184
vt 0.3179 0.3406
vt 0.2851 0.7224
vt 0.2744 0.0460
vt 0.3731 0.0741
vt 0.3639 0.0717
vt 0.2740 0.7933
vt 0.2844 0.7894
vt 0.6721 0.5823
vt 0.4423 0.7218
vt 0.4904 0.8332
vt 0.4240 0.1210
vt 0.4322 0.1272
vt 0.2984 0.0507
vt 0.3045 0.8034
vt 0.3066 0.7955
vt 0.5643 0.1431
vt 0.2948 0.7944
vt 0.2906 0.4154
vt 0.4943 0.6930
vt 0.3633 0.1797
vt 0.4035 0.4315
vt 0.3989 0.1706
vt 0.3786 0.0918
vt 0.4775 0.1198
vt 0.3888 0.0986
vt 0.5085 0.1313
vt 0.4288 0.1122
vt 0.3470 0.0509
vt 0.2589 0.2429
vt 0.3170 0.9534
vt 0.6215 0.1589
vt 0.5991 0.8743
vt 0.1757 0.6977
vt 0.2768 0.7172
vt 0.9821 0.1960
vt 0.6558 0.6290
vt 0.2947 0.7769
vt 0.3020 0.7578
vt 0.3082 0.7477
vt 0.7669 0.1917
vt 0.4055 0.1801
vt 0.3953 0.1813
vt 0.9288 0.7273
vt 0.9313 0.7421
vt 0.2932 0.3934
vt 0.4225 0.1137
vt 0.7216 0.1789
vt 0.4439 0.1215
vt 0.6697 0.6070
vt 0.0400 0.1852
vt 0.2785 0.7759
vt 0.4073 0.1292
vt 0.1711 0.6963
vt 0.6276 0.6629
vt 0.3375 0.0560
vt 0.3743 0.4108
vt 0.3970 0.1169
vt 0.3881 0.1054
vt 0.4380 0.1163
vt 0.2903 0.7279
vt 0.6037 0.8972
vt 0.0729 0.2004
vt 0.2902 0.4274
vt 0.4409 0.1096
vt 0.6773 0.1695
vt 0.2761 0.7245
vt 0.2278 0.0547
vt 0.3658 0.0770
vt 0.3862 0.4206
vt 0.3057 0.9504
vt 0.2995 0.9384
vt 0.3998 0.1777
vt 0.4116 0.7406
vt 0.2114 0.8109
vt 0.8995 0.9397
vt 0.4548 0.1177
vt 0.2944 0.7601
vt 0.3769 0.1708
vt 0.6668 0.5883
vt 0.2249 0.8130
vt 0.8855 0.9315
vt 0.8496 0.6013
vt 0.6293 0.6430
vt 0.6348 0.6392
vt 0.9673 0.0731
vt 0.9686 0.0687
vt 0.4959 0.6979
vt 0.4939 0.6942
vt 0.3575 0.7143
vt 0.2800 0.7373
vt 0.6935 0.1748
vt 0.2735 0.7377
vt 0.3465 0.1799
vt 0.4352 0.7051
vt 0.2481 0.2320
vt 0.3723 0.1449
vt 0.3807 0.1325
vt 0.3878 0.1438
vt 0.5961 0.8616
vt 0.5972 0.8367
vt 0.5570 0.9832
vt 0.5630 0.9738
vt 0.5715 0.9755
vt 0.2967 0.7455
vt 0.9497 0.3330
vt 0.9357 0.3362
vt 0.9392 0.3297
vt 0.6049 0.8869
vt 0.9102 0.9406
vt 0.3742 0.1588
vt 0.3689 0.1587
vt 0.2876 0.7638
vt 0.3425 0.1776
vt 0.2766 0.0573
vt 0.4226 0.7322
vt 0.2846 0.4000
vt 0.1881 0.8234
vt 0.1926 0.8142
vt 0.3932 0.1255
vt 0.6586 0.6135
vt 0.1890 0.6933
vt 0.4887 0.1366
vt 0.4301 0.7141
vt 0.8904 0.9459
vt 0.2810 0.4328
vt 0.5858 0.8525
vt 0.2641 0.0588
vt 0.4012 0.1399
vt 0.3934 0.1500
vt 0.9372 0.7350
vt 0.3514 0.0598
vt 0.5921 0.8366
vt 0.3104 0.3468
vt 0.7758 0.1960
vt 0.1783 0.6887
vt 0.2684 0.7077
vt 0.6620 0.6026
vt 0.3581 0.1602
vt 0.3594 0.1677
vt 0.5688 0.9670
vt 0.9431 0.3181
vt 0.2790 0.7659
vt 0.6065 0.1617
vt 0.4847 0.1341
vt 0.3896 0.1567
vt 0.3147 0.3571
vt 0.2930 0.0568
vt 0.8751 0.6065
vt 0.3096 0.9651
vt 0.2837 0.9281
vt 0.2704 0.7623
vt 0.5333 0.1422
vt 0.2698 0.7179
vt 0.4648 0.1156
vt 0.5545 0.9744
vt 0.2488 0.0608
vt 0.2833 0.0649
vt 0.5826 0.8602
vt 0.9502 0.3035
vt 0.9361 0.2997
vt 0.5546 0.9916
vt 0.5424 0.9853
vt 0.9776 0.4027
vt 0.9649 0.4229
vt 0.9639 0.4158
vt 0.2194 0.0577
vt 0.3957 0.7447
vt 0.5821 0.8396
vt 0.9278 0.7113
vt 0.3629 0.1264
vt 0.8575 0.6142
vt 0.6498 0.6149
vt 0.0655 0.2023
vt 0.9380 0.7252
vt 0.3026 0.9594
vt 0.4793 0.1282
vt 0.4743 0.1378
vt 0.6410 0.1673
vt 0.2721 0.9266
vt 0.3275 0.0657
vt 0.7532 0.1963
vt 0.4265 0.5555
vt 0.4082 0.5655
vt 0.4107 0.5549
vt 0.6145 0.9044
vt 0.2521 0.1935
vt 0.5615 0.9658
vt 0.3323 0.9843
vt 0.6319 0.1693
vt 0.2860 0.9401
vt 0.5843 0.8693
vt 0.3640 0.1376
vt 0.2847 0.3840
vt 0.9871 0.0684
vt 0.9757 0.2039
vt 0.2819 0.4189
vt 0.8646 0.6138
vt 0.7324 0.1936
vt 0.0827 0.2087
vt 0.2365 0.0597
vt 0.5920 0.1620
vt 0.4014 0.5590
vt 0.4018 0.7617
vt 0.2851 0.3910
vt 0.7052 0.1858
vt 0.3672 0.7057
vt 0.0517 0.1989
vt 0.2694 0.6829
vt 0.2770 0.6921
vt 0.2652 0.6940
vt 0.9744 0.4211
vt 0.5521 0.1506
vt 0.4112 0.5473
vt 0.3065 0.0676
vt 0.3614 0.1128
vt 0.3474 0.1663
vt 0.9731 0.4005
vt 0.3139 0.9704
vt 0.3637 0.1171
vt 0.3956 0.7702
vt 0.4088 0.7775
vt 0.3985 0.7822
vt 0.8281 0.2947
vt 0.8371 0.3025
vt 0.8281 0.3180
vt 0.6215 0.6497
vt 0.9693 0.0655
vt 0.9706 0.0609
vt 0.4248 0.7937
vt 0.4280 0.7723
vt 0.4451 0.8005
vt 0.4932 0.7080
vt 0.4940 0.7022
vt 0.3358 0.1652
vt 0.2770 0.9322
vt 0.9031 0.9479
vt 0.9389 0.7087
vt 0.5778 0.9630
vt 0.2876 0.7473
vt 0.5673 0.1531
vt 0.3233 0.9768
vt 0.1872 0.8319
vt 0.1729 0.8258
vt 0.3855 0.7722
vt 0.9715 0.5239
vt 0.9776 0.5463
vt 0.9668 0.5565
vt 0.6220 0.6638
vt 0.3378 0.0647
vt 0.6406 0.6216
vt 0.5707 0.9585
vt 0.9242 0.3153
vt 0.9733 0.4776
vt 0.9816 0.4789
vt 0.9748 0.4863
vt 0.2422 0.2203
vt 0.9474 0.7427
vt 0.3017 0.3376
vt 0.5753 0.8615
vt 0.3182 0.0716
vt 0.3935 0.7573
vt 0.2754 0.4022
vt 0.1676 0.8342
vt 0.6814 0.1854
vt 0.3760 0.7651
vt 0.3851 0.7842
vt 0.3290 0.1673
vt 0.3457 0.1498
vt 0.3586 0.1403
vt 0.2686 0.3954
vt 0.3019 0.3614
vt 0.9173 0.9483
vt 0.5793 0.9744
vt 0.9866 0.0503
vt 0.5774 0.9493
vt 0.9636 0.4849
vt 0.9580 0.4822
vt 0.2950 0.0688
vt 0.6729 0.1776
vt 0.2954 0.3307
vt 0.2731 0.4153
vt 0.5688 0.8504
vt 0.3626 0.7020
vt 0.4336 0.5403
vt 0.4215 0.5338
vt 0.5850 0.8829
vt 0.1748 0.6725
vt 0.6550 0.1794
vt 0.2266 0.9779
vt 0.2118 0.9821
vt 0.2057 0.9725
vt 0.2020 0.9793
vt 0.3531 0.0862
vt 0.8843 0.9440
vt 0.2983 0.3502
vt 0.3495 0.1063
vt 0.8763 0.6175
vt 0.4425 0.7088
vt 0.9701 0.6130
vt 0.9808 0.6183
vt 0.9672 0.6237
vt 0.9580 0.6314
vt 0.2752 0.3885
vt 0.6555 0.5910
vt 0.2873 0.9547
vt 0.4073 0.8021
vt 0.6127 0.6545
vt 0.1882 0.6765
vt 0.5452 0.9695
vt 0.9125 0.9551
vt 0.5635 0.8595
vt 0.3214 0.1748
vt 0.5841 0.8274
vt 0.3680 0.6972
vt 0.2627 0.6864
vt 0.1641 0.6710
vt 0.6097 0.6576
vt 0.6323 0.6302
vt 0.8656 0.6215
vt 0.5636 0.9543
vt 0.5546 0.9580
vt 0.2705 0.9399
vt 0.9909 0.4776
vt 0.9888 0.4944
vt 0.8901 0.9604
vt 0.2202 0.7988
vt 0.3481 0.0774
vt 0.1803 0.8158
vt 0.2049 0.7970
vt 0.6514 0.5994
vt 0.2530 0.6936
vt 0.9816 0.4924
vt 0.9721 0.6260
vt 0.1290 0.8968
vt 0.1230 0.9104
vt 0.1230 0.8858
vt 0.3897 0.7944
vt 0.9479 0.7335
vt 0.5409 0.1574
vt 0.5677 0.8784
vt 0.6414 0.6096
vt 0.7650 0.2041
vt 0.4359 0.5500
vt 0.2289 0.7983
vt 0.9484 0.7225
vt 0.2617 0.4064
vt 0.2753 0.4015
vt 0.5903 0.9004
vt 0.6207 0.6352
vt 0.2397 0.0681
vt 0.2196 0.0672
vt 0.3190 0.1574
vt 0.2640 0.0800
vt 0.1707 0.9551
vt 0.1763 0.9618
vt 0.1725 0.9729
vt 0.3334 0.1479
vt 0.1908 0.9770
vt 0.4966 0.1463
vt 0.3175 0.0895
vt 0.3853 0.7399
vt 0.3828 0.7475
vt 0.9501 0.7257
vt 0.5698 0.8392
vt 0.1798 0.6663
vt 0.5812 0.1678
vt 0.5154 0.1508
vt 0.5632 0.8681
vt 0.3306 0.0696
vt 0.2811 0.9463
vt 0.3127 0.1648
vt 0.0461 0.2074
vt 0.9035 0.9594
vt 0.1918 0.9635
vt 0.9261 0.3035
vt 0.4381 0.5642
vt 0.1727 0.3080
vt 0.1687 0.3196
vt 0.1669 0.3101
vt 0.6077 0.9115
vt 0.3414 0.0803
vt 0.3002 0.0746
vt 0.2278 0.0695
vt 0.6051 0.1721
vt 0.6216 0.1802
vt 0.8980 0.1840
vt 0.8924 0.1844
vt 0.8957 0.1718
vt 0.2559 0.3965
vt 0.9782 0.3917
vt 0.9595 0.6408
vt 0.9697 0.6366
vt 0.6103 0.6465
vt 0.3494 0.1205
vt 0.3398 0.1401
vt 0.4420 0.5748
vt 0.4433 0.5797
vt 0.4351 0.5799
vt 0.3355 0.0964
vt 0.2733 0.3801
vt 0.1826 0.9744
vt 0.2874 0.0745
vt 0.6931 0.1962
vt 0.4470 0.5600
vt 0.4468 0.5754
vt 0.7706 0.2143
vt 0.9764 0.3838
vt 0.6015 0.6759
vt 0.5992 0.6632
vt 0.5581 0.1683
vt 0.3980 0.7947
vt 0.5728 0.1639
vt 0.1990 0.9855
vt 0.8824 0.9548
vt 0.2998 0.9728
vt 0.1900 0.8055
vt 0.3077 0.0816
vt 0.5765 0.8852
vt 0.1696 0.3051
vt 0.2874 0.3405
vt 0.9148 0.3221
vt 0.6334 0.6157
vt 0.9693 0.4109
vt 0.9639 0.3869
vt 0.4288 0.7993
vt 0.5454 0.9580
vt 0.1891 0.9857
vt 0.9618 0.4936
vt 0.5269 0.1581
vt 0.2899 0.3599
vt 0.9692 0.6487
vt 0.9692 0.6453
vt 0.9283 0.2900
vt 0.9850 0.6345
vt 0.9928 0.6196
vt 0.6429 0.5951
vt 0.3436 0.1271
vt 0.5956 0.9121
vt 0.4337 0.6914
vt 0.2861 0.3317
vt 0.3195 0.9837
vt 0.8919 0.1936
vt 0.2372 0.2143
vt 0.2777 0.9556
vt 0.8886 0.1785
vt 0.2647 0.3887
vt 0.0738 0.4325
vt 0.0767 0.4241
vt 0.0871 0.4304
vt 0.4260 0.6955
vt 0.4317 0.5304
vt 0.8943 0.9697
vt 0.5770 0.8947
vt 0.7235 0.2027
vt 0.1694 0.8170
vt 0.2179 0.7869
vt 0.1881 0.6595
vt 0.9855 0.3853
vt 0.2079 0.0685
vt 0.2137 0.0760
vt 0.9484 0.7001
vt 0.5465 0.1618
vt 0.9671 0.4978
vt 0.0843 0.4221
vt 0.4858 0.1521
vt 0.9928 0.6417
vt 0.9800 0.6424
vt 0.1727 0.8015
vt 0.2220 0.0768
vt 0.8948 0.1972
vt 0.1787 0.2971
vt 0.2885 0.3498
vt 0.0596 0.2162
vt 0.9128 0.3310
vt 0.1758 0.6554
vt 0.0734 0.4118
vt 0.9085 0.9668
vt 0.2707 0.9499
vt 0.0806 0.4446
vt 0.1285 0.9167
vt 0.0701 0.4254
vt 0.3065 0.9828
vt 0.6246 0.6188
vt 0.1594 0.8225
vt 0.8713 0.6262
vt 0.6051 0.6341
vt 0.8665 0.6286
vt 0.8596 0.6324
vt 0.5562 0.8466
vt 0.9682 0.0559
vt 0.9673 0.0527
vt 0.4326 0.8040
vt 0.4306 0.8018
vt 0.3620 0.6886
vt 0.3348 0.1218
vt 0.9737 0.4991
vt 0.9868 0.5006
vt 0.3331 0.1348
vt 0.5042 0.1607
vt 0.5998 0.6474
vt 0.4440 0.5490
vt 0.1696 0.8097
vt 0.2492 0.0926
vt 0.2921 0.0880
vt 0.2796 0.0973
vt 0.2837 0.9693
vt 0.4582 0.5754
vt 0.5691 0.9431
vt 0.0868 0.4409
vt 0.0677 0.2222
vt 0.6141 0.6142
vt 0.1240 0.9240
vt 0.5500 0.8516
vt 0.2334 0.1462
vt 0.2466 0.1622
vt 0.2388 0.1648
vt 0.2745 0.3384
vt 0.3316 0.1139
vt 0.1702 0.2963
vt 0.5880 0.6711
vt 0.2264 0.2078
vt 0.2286 0.1549
vt 0.1826 0.7897
vt 0.7495 0.2236
vt 0.5557 0.9438
vt 0.3043 0.0904
vt 0.9776 0.5608
vt 0.3227 0.1004
vt 0.2502 0.1469
vt 0.0979 0.4186
vt 0.2555 0.1543
vt 0.2320 0.1687
vt 0.4602 0.5673
vt 0.2295 0.7840
vt 0.1627 0.2984
vt 0.6054 0.6182
vt 0.2291 0.1708
vt 0.2061 0.1752
vt 0.2162 0.1624
vt 0.6288 0.6082
vt 0.2299 0.1973
vt 0.2364 0.0876
vt 0.1821 0.9831
vt 0.0712 0.4493
vt 0.4779 0.1537
vt 0.0657 0.4334
vt 0.2648 0.0970
vt 0.0836 0.4028
vt 0.2643 0.1449
vt 0.1576 0.8161
vt 0.2129 0.7786
vt 0.2913 0.9808
vt 0.8260 0.4737
vt 0.8379 0.4687
vt 0.8376 0.4823
vt 0.9674 0.0450
vt 0.4329 0.8085
vt 0.6099 0.1888
vt 0.3266 0.1412
vt 0.5520 0.8757
vt 0.2781 0.1377
vt 0.2658 0.1332
vt 0.1804 0.7950
vt 0.1936 0.7883
vt 0.2900 0.1446
vt 0.3048 0.1379
vt 0.2999 0.1549
vt 0.5699 0.1761
vt 0.6375 0.1949
vt 0.1112 0.0066
vt 0.1180 0.0200
vt 0.1115 0.0185
vt 0.4496 0.5446
vt 0.8879 0.2020
vt 0.5585 0.8337
vt 0.7630 0.2171
vt 0.5947 0.1790
vt 0.2254 0.0830
vt 0.0646 0.4188
vt 0.5794 0.9075
vt 0.2769 0.3520
vt 0.8761 0.6343
vt 0.1817 0.6592
vt 0.2877 0.1266
vt 0.3147 0.1003
vt 0.2079 0.7732
vt 0.1749 0.2885
vt 0.1903 0.1624
vt 0.5637 0.9416
vt 0.2577 0.1329
vt 0.7403 0.2172
vt 0.3082 0.1563
vt 0.8895 0.9716
vt 0.3701 0.7433
vt 0.5656 0.8878
vt 0.2890 0.1066
vt 0.2799 0.1081
vt 0.6105 0.6056
vt 0.2232 0.7775
vt 0.9111 0.2986
vt 0.9146 0.2884
vt 0.5487 0.1713
vt 0.9852 0.5052
vt 0.6627 0.2000
vt 0.0660 0.4415
vt 0.0608 0.4267
vt 0.0687 0.4790
vt 0.0784 0.4829
vt 0.0735 0.4902
vt 0.0735 0.4648
vt 0.0664 0.4710
vt 0.5577 0.8827
vt 0.0851 0.4609
vt 0.0963 0.0202
vt 0.8825 0.9696
vt 0.2003 0.7834
vt 0.5793 0.9374
vt 0.8735 0.6377
vt 0.6206 0.1915
vt 0.2819 0.1167
vt 0.8972 0.2063
vt 0.4670 0.5508
vt 0.5475 0.9419
vt 0.5388 0.1722
vt 0.2964 0.0881
vt 0.2633 0.1138
vt 0.1976 0.1424
vt 0.2016 0.1357
vt 0.2119 0.1416
vt 0.4071 0.8132
vt 0.4011 0.8105
vt 0.4345 0.8110
vt 0.3660 0.6838
vt 0.1660 0.9872
vt 0.2790 0.1305
vt 0.3137 0.1414
vt 0.0596 0.4759
vt 0.3192 0.1146
vt 0.3255 0.1222
vt 0.3238 0.1288
vt 0.0980 0.4497
vt 0.2749 0.3646
vt 0.2133 0.1354
vt 0.2735 0.3489
vt 0.2041 0.1539
vt 0.1843 0.1525
vt 0.9048 0.3070
vt 0.2279 0.2198
vt 0.2135 0.1296
vt 0.8647 0.6371
vt 0.1811 0.6522
vt 0.3844 0.8107
vt 0.1662 0.9773
vt 0.0619 0.4843
vt 0.2924 0.1156
vt 0.2670 0.1215
vt 0.8979 0.9743
vt 0.0603 0.4069
vt 0.4480 0.5361
vt 0.5472 0.8624
vt 0.8811 0.1992
vt 0.7776 0.8520
vt 0.7812 0.8621
vt 0.7762 0.8599
vt 0.3893 0.8096
vt 0.1053 0.0245
vt 0.4396 0.5172
vt 0.4425 0.5284
vt 0.5855 0.6601
vt 0.8851 0.2147
vt 0.0468 0.2264
vt 0.8772 0.1860
vt 0.1612 0.8056
vt 0.5710 0.9384
vt 0.5681 0.7505
vt 0.5726 0.7593
vt 0.5573 0.7552
vt 0.2512 0.1175
vt 0.2441 0.1383
vt 0.5400 0.9411
vt 0.2206 0.1527
vt 0.1327 0.0343
vt 0.1174 0.0290
vt 0.2311 0.1886
vt 0.0578 0.4571
vt 0.4526 0.5331
vt 0.4484 0.5239
vt 0.3058 0.1064
vt 0.0621 0.3940
vt 0.5711 0.8995
vt 0.8700 0.2012
vt 0.3060 0.1239
vt 0.5855 0.1845
vt 0.0670 0.3905
vt 0.6878 0.2129
vt 0.0750 0.2283
vt 0.2088 0.1263
vt 0.2172 0.9359
vt 0.2242 0.9363
vt 0.2139 0.9446
vt 0.8819 0.2109
vt 0.3075 0.1131
vt 0.3130 0.1326
vt 0.5887 0.6459
vt 0.7170 0.2146
vt 0.7575 0.2340
vt 0.9871 0.0272
vt 0.9668 0.0336
vt 0.4370 0.8185
vt 0.4737 0.9901
vt 0.4737 0.9981
vt 0.4733 0.9949
vt 0.2544 0.7092
vt 0.2542 0.7125
vt 0.2533 0.7102
vt 0.9658 0.0412
vt 0.5469 0.3429
vt 0.5448 0.3436
vt 0.5516 0.3394
vt 0.5915 0.9868
vt 0.6017 0.9971
vt 0.5894 0.9957
vt 0.1830 0.8857
vt 0.1820 0.8779
vt 0.1953 0.8789
vt 0.1645 0.2819
vt 0.9704 0.3045
vt 0.9673 0.3195
vt 0.9630 0.3002
vt 0.2610 0.3503
vt 0.8922 0.3137
vt 0.2177 0.0914
vt 0.9795 0.5161
vt 0.1612 0.9795
vt 0.1777 0.8577
vt 0.1920 0.8688
vt 0.6050 0.5984
vt 0.5903 0.6129
vt 0.5940 0.5891
vt 0.2171 0.1479
vt 0.5643 0.7720
vt 0.1878 0.8963
vt 0.1912 0.8881
vt 0.2351 0.1060
vt 0.2360 0.1158
vt 0.2362 0.1273
vt 0.0589 0.3799
vt 0.0712 0.3800
vt 0.1875 0.6515
vt 0.4302 0.6833
vt 0.1224 0.0375
vt 0.4678 0.5649
vt 0.3116 0.1206
vt 0.0533 0.4691
vt 0.0551 0.4132
vt 0.8909 0.2228
vt 0.1642 0.9960
vt 0.1995 0.0746
vt 0.5619 0.7446
vt 0.5668 0.7328
vt 0.2227 0.1422
vt 0.1421 0.8256
vt 0.4680 0.5728
vt 0.1421 0.8188
vt 0.1462 0.8109
vt 0.4711 0.5533
vt 0.2147 0.7631
vt 0.3650 0.6804
vt 0.5671 0.9314
vt 0.5583 0.9345
vt 0.4537 0.5182
vt 0.1583 0.2828
vt 0.0750 0.3886
vt 0.9794 0.1377
vt 0.9778 0.1485
vt 0.9750 0.1362
vt 0.1840 0.0565
vt 0.1928 0.0630
vt 0.1859 0.0638
vt 0.5841 0.6312
vt 0.0453 0.4852
vt 0.4648 0.1547
vt 0.4772 0.1650
vt 0.8708 0.6434
vt 0.2204 0.1313
vt 0.2281 0.1350
vt 0.2031 0.9556
vt 0.2055 0.9409
vt 0.5321 0.1850
vt 0.7538 0.2264
vt 0.8734 0.2108
vt 0.1689 0.2817
vt 0.4663 0.5355
vt 0.1693 0.7920
vt 0.1785 0.8420
vt 0.1865 0.8524
vt 0.3903 0.8223
vt 0.2277 0.0972
vt 0.0518 0.3865
vt 0.4710 0.5825
vt 0.5411 0.8681
vt 0.5470 0.8373
vt 0.5566 0.8965
vt 0.2287 0.7688
vt 0.5143 0.1793
vt 0.7789 0.8696
vt 0.3945 0.8233
vt 0.0506 0.3975
vt 0.2263 0.1196
vt 0.2124 0.9327
vt 0.4745 0.5369
vt 0.5542 0.7642
vt 0.2188 0.1048
vt 0.1523 0.9940
vt 0.8841 0.9821
vt 0.7696 0.8703
vt 0.3601 0.6727
vt 0.2178 0.1197
vt 0.8930 0.3260
vt 0.4740 0.5763
vt 0.0804 0.3827
vt 0.1711 0.7853
vt 0.7751 0.8763
vt 0.1981 0.8907
vt 0.1957 0.9015
vt 0.1974 0.9106
vt 0.5752 0.6767
vt 0.1861 0.6472
vt 0.1940 0.6452
vt 0.5649 0.7183
vt 0.5540 0.7249
vt 0.5508 0.7329
vt 0.5480 0.9308
vt 0.1080 0.0348
vt 0.9711 0.2859
vt 0.9789 0.1277
vt 0.2219 0.7632
vt 0.5808 0.6041
vt 0.2253 0.9279
vt 0.5483 0.8842
vt 0.4500 0.5059
vt 0.1755 0.2718
vt 0.1714 0.2740
vt 0.8257 0.4995
vt 0.8380 0.4875
vt 0.8380 0.4997
vt 0.0508 0.4562
vt 0.1326 0.8171
vt 0.9668 0.1238
vt 0.7961 0.6512
vt 0.7908 0.6544
vt 0.7822 0.6348
vt 0.1447 0.0474
vt 0.2081 0.7620
vt 0.0432 0.4658
vt 0.1760 0.7768
vt 0.2064 0.1101
vt 0.7676 0.8818
vt 0.1995 0.8573
vt 0.0433 0.3841
vt 0.0388 0.4848
vt 0.1323 0.8262
vt 0.5585 0.7756
vt 0.4783 0.1746
vt 0.0055 0.3512
vt 0.0057 0.3465
vt 0.0064 0.3524
vt 0.9718 0.1193
vt 0.1614 0.9927
vt 0.4873 0.1713
vt 0.5791 0.6493
vt 0.1918 0.0845
vt 0.2041 0.0957
vt 0.0964 0.0293
vt 0.2605 0.3723
vt 0.5933 0.1943
vt 0.0457 0.4038
vt 0.5804 0.6937
vt 0.5659 0.6764
vt 0.1630 0.7931
vt 0.8913 0.2954
vt 0.0827 0.0166
vt 0.1119 0.0413
vt 0.1771 0.0657
vt 0.1693 0.0575
vt 0.4067 0.8255
vt 0.2131 0.2227
vt 0.1868 0.2806
vt 0.1828 0.2780
vt 0.1856 0.2690
vt 0.4758 0.5682
vt 0.9668 0.1054
vt 0.4570 0.5073
vt 0.5756 0.6653
vt 0.5607 0.9259
vt 0.3996 0.8344
vt 0.7974 0.6322
vt 0.7910 0.6334
vt 0.1918 0.9513
vt 0.5437 0.7532
vt 0.4808 0.5826
vt 0.4750 0.5903
vt 0.0714 0.0072
vt 0.0763 0.0118
vt 0.2529 0.3639
vt 0.1941 0.1194
vt 0.6146 0.1985
vt 0.8793 0.6488
vt 0.2291 0.9199
vt 0.2138 0.9172
vt 0.4908 0.1786
vt 0.4606 0.5154
vt 0.9590 0.2834
vt 0.5371 0.8783
vt 0.1653 0.0638
vt 0.2052 0.8700
vt 0.2228 0.9092
vt 0.2022 0.9349
vt 0.9371 0.9957
vt 0.9379 0.9898
vt 0.9379 0.9976
vt 0.1596 0.9939
vt 0.1230 0.8178
vt 0.5794 0.6158
vt 0.1285 0.8112
vt 0.0750 0.0226
vt 0.1276 0.0520
vt 0.1349 0.0544
vt 0.5634 0.9200
vt 0.5622 0.7043
vt 0.7018 0.2329
vt 0.5513 0.9210
vt 0.3817 0.8226
vt 0.5836 0.1989
vt 0.2195 0.7539
vt 0.6440 0.2143
vt 0.1940 0.2768
vt 0.2075 0.9242
vt 0.0387 0.3749
vt 0.0368 0.3920
vt 0.0975 0.0409
vt 0.6198 0.2072
vt 0.9672 0.2761
vt 0.9838 0.2796
vt 0.1820 0.0707
vt 0.5662 0.6654
vt 0.9811 0.1186
vt 0.2052 0.8812
vt 0.5464 0.7769
vt 0.0839 0.0366
vt 0.1430 0.0580
vt 0.1953 0.1065
vt 0.1818 0.2609
vt 0.1547 0.0536
vt 0.8639 0.2123
vt 0.2051 0.9131
vt 0.4848 0.5954
vt 0.4243 0.3907
vt 0.4384 0.4080
vt 0.4400 0.4293
vt 0.5374 0.3534
vt 0.5410 0.3469
vt 0.5409 0.3511
vt 0.4407 0.8320
vt 0.8847 0.9929
vt 0.8849 0.9881
vt 0.8849 0.9976
vt 0.2529 0.7228
vt 0.2536 0.7202
vt 0.2533 0.7265
vt 0.9653 0.2813
vt 0.0985 0.0476
vt 0.0663 0.2417
vt 0.9003 0.2822
vt 0.2036 0.2130
vt 0.1993 0.1966
vt 0.2167 0.8977
vt 0.9785 0.1086
vt 0.1628 0.7806
vt 0.0543 0.2358
vt 0.5403 0.9121
vt 0.1990 0.2052
vt 0.1663 0.2663
vt 0.0384 0.4547
vt 0.2126 0.9090
vt 0.6022 0.2094
vt 0.1799 0.0780
vt 0.6666 0.2228
vt 0.1134 0.0548
vt 0.1010 0.0546
vt 0.5571 0.9167
vt 0.1712 0.0681
vt 0.4725 0.5276
vt 0.0708 0.0327
vt 0.2152 0.1853
vt 0.0312 0.4718
vt 0.5371 0.7655
vt 0.1852 0.0816
vt 0.5483 0.7101
vt 0.8823 0.2297
vt 0.8729 0.2364
vt 0.8785 0.2214
vt 0.0585 0.0229
vt 0.7203 0.2347
vt 0.7512 0.2415
vt 0.2047 0.7512
vt 0.1981 0.9164
vt 0.4674 0.5061
vt 0.7812 0.8863
vt 0.3915 0.8388
vt 0.3760 0.8410
vt 0.1848 0.0956
vt 0.9683 0.0974
vt 0.7964 0.6198
vt 0.1965 0.9351
vt 0.4821 0.1858
vt 0.1559 0.0645
vt 0.0645 0.0161
vt 0.5705 0.6268
vt 0.8674 0.2302
vt 0.7785 0.8926
vt 0.7705 0.8931
vt 0.1952 0.9283
vt 0.4820 0.1978
vt 0.4170 0.4223
vt 0.5335 0.3582
vt 0.5221 0.3586
vt 0.1107 0.0642
vt 0.1892 0.1030
vt 0.5036 0.1916
vt 0.5213 0.1902
vt 0.1541 0.2707
vt 0.1854 0.1235
vt 0.5677 0.6534
vt 0.5598 0.6483
vt 0.1748 0.1199
vt 0.1529 0.7805
vt 0.1668 0.7743
vt 0.5581 0.6695
vt 0.1607 0.2640
vt 0.1541 0.7876
vt 0.1841 0.9132
vt 0.1887 0.9205
vt 0.0369 0.4655
vt 0.1482 0.0674
vt 0.2121 0.8729
vt 0.7845 0.6239
vt 0.2283 0.7497
vt 0.2181 0.8749
vt 0.1714 0.0755
vt 0.7367 0.2421
vt 0.3842 0.8400
vt 0.0611 0.0466
vt 0.0686 0.0482
vt 0.0645 0.0583
vt 0.0567 0.0039
vt 0.1712 0.2556
vt 0.1332 0.0632
vt 0.4684 0.4971
vt 0.2099 0.7452
vt 0.0312 0.3812
vt 0.2323 0.9057
vt 0.1847 0.9443
vt 0.8848 0.2763
vt 0.8916 0.2690
vt 0.1847 0.2472
vt 0.4838 0.5251
vt 0.1464 0.7916
vt 0.6815 0.2360
vt 0.9870 0.0179
vt 0.9378 0.8772
vt 0.9357 0.8801
vt 0.9375 0.8823
vt 0.5362 0.3564
vt 0.8789 0.3078
vt 0.1372 0.0704
vt 0.1791 0.0855
vt 0.5568 0.6895
vt 0.5448 0.6920
vt 0.2209 0.8850
vt 0.5603 0.6361
vt 0.0481 0.2509
vt 0.1594 0.7708
vt 0.1217 0.0661
vt 0.5547 0.6764
vt 0.5606 0.9105
vt 0.8593 0.2281
vt 0.0387 0.2466
vt 0.9709 0.0039
vt 0.1619 0.0776
vt 0.8788 0.2825
vt 0.1984 0.2273
vt 0.8821 0.2440
vt 0.0526 0.0111
vt 0.0551 0.2580
vt 0.1520 0.0742
vt 0.7837 0.6142
vt 0.0537 0.0295
vt 0.0534 0.0415
vt 0.8047 0.6077
vt 0.7935 0.6095
vt 0.4741 0.4996
vt 0.1714 0.0975
vt 0.1758 0.1091
vt 0.2212 0.7453
vt 0.7763 0.9038
vt 0.5326 0.3602
vt 0.5304 0.3627
vt 0.1516 0.7731
vt 0.8755 0.2937
vt 0.4875 0.1906
vt 0.1855 0.9367
vt 0.8884 0.2558
vt 0.0559 0.0597
vt 0.1932 0.2193
vt 0.1709 0.0855
vt 0.8768 0.2603
vt 0.1732 0.2401
vt 0.6196 0.2246
vt 0.8698 0.2441
vt 0.7693 0.9007
vt 0.2150 0.7344
vt 0.6045 0.2252
vt 0.1698 0.1098
vt 0.1459 0.0793
vt 0.8610 0.2407
vt 0.5498 0.6654
vt 0.5550 0.6428
vt 0.1720 0.0904
vt 0.4967 0.1987
vt 0.1871 0.2344
vt 0.5181 0.1958
vt 0.5306 0.2036
vt 0.5573 0.6271
vt 0.4735 0.5092
vt 0.5497 0.9074
vt 0.5536 0.6561
vt 0.5915 0.2195
vt 0.1412 0.7822
vt 0.8690 0.2803
vt 0.9852 0.0054
vt 0.5303 0.3636
vt 0.5283 0.3661
vt 0.4198 0.4365
vt 0.2349 0.8914
vt 0.1323 0.0770
vt 0.1596 0.2523
vt 0.3883 0.8483
vt 0.1815 0.2193
vt 0.1605 0.0944
vt 0.2292 0.8800
vt 0.1155 0.0796
vt 0.1233 0.0747
vt 0.1777 0.9303
vt 0.4811 0.5012
vt 0.7419 0.2511
vt 0.4383 0.4469
vt 0.5399 0.6755
vt 0.1954 0.1853
vt 0.7964 0.6017
vt 0.7988 0.5901
vt 0.7822 0.6047
vt 0.8679 0.2619
vt 0.5761 0.2087
vt 0.5561 0.6483
vt 0.1601 0.1042
vt 0.1494 0.2554
vt 0.1468 0.0862
vt 0.5486 0.6373
vt 0.0458 0.0519
vt 0.1467 0.0949
vt 0.4731 0.4911
vt 0.1328 0.7794
vt 0.5265 0.3678
vt 0.3797 0.8443
vt 0.6429 0.2342
vt 0.6606 0.2443
vt 0.5560 0.2100
vt 0.5409 0.2034
vt 0.5477 0.1924
vt 0.5409 0.6526
vt 0.1570 0.0856
vt 0.5376 0.6380
vt 0.0462 0.0127
vt 0.7726 0.9114
vt 0.1351 0.7722
vt 0.1354 0.0973
vt 0.7487 0.2643
vt 0.7386 0.2575
vt 0.4848 0.4937
vt 0.3797 0.8498
vt 0.0451 0.0355
vt 0.8618 0.2937
vt 0.7198 0.2579
vt 0.7907 0.6031
vt 0.9010 0.9925
vt 0.8926 0.9976
vt 0.8926 0.9879
vt 0.5773 0.2227
vt 0.1250 0.0901
vt 0.1253 0.0813
vt 0.6993 0.2586
vt 0.1355 0.0854
vt 0.5669 0.2081
vt 0.5619 0.2217
vt 0.0410 0.0287
vt 0.0386 0.2684
vt 0.9361 0.8955
vt 0.9346 0.8875
vt 0.4213 0.4474
vt 0.1747 0.2128
vt 0.4937 0.2082
vt 0.7909 0.5895
vt 0.6874 0.2518
vt 0.5177 0.2147
vt 0.8631 0.2594
vt 0.1627 0.2352
vt 0.8515 0.2440
vt 0.4467 0.4416
vt 0.4239 0.4520
vt 0.5233 0.3771
vt 0.5246 0.3744
vt 0.5255 0.3727
vt 0.5528 0.2218
vt 0.0339 0.0178
vt 0.7206 0.2609
vt 0.0376 0.0436
vt 0.1528 0.2378
vt 0.0286 0.0279
vt 0.6044 0.2391
vt 0.7308 0.2637
vt 0.8547 0.2561
vt 0.0256 0.0603
vt 0.0157 0.0237
vt 0.0062 0.0190
vt 0.0214 0.0117
vt 0.6305 0.2461
vt 0.8600 0.2784
vt 0.1760 0.2006
vt 0.5234 0.3784
vt 0.5203 0.3815
vt 0.4244 0.4588
vt 0.4234 0.4552
vt 0.5060 0.3788
vt 0.5033 0.3597
vt 0.0367 0.0317
vt 0.1591 0.2240
vt 0.4980 0.3716
vt 0.4433 0.4565
vt 0.5201 0.3860
vt 0.5170 0.3913
vt 0.5130 0.3935
vt 0.5186 0.3860
vt 0.0468 0.2811
vt 0.8477 0.2583
vt 0.1634 0.2098
vt 0.0298 0.0380
vt 0.8506 0.2726
vt 0.5074 0.2214
vt 0.5797 0.2434
vt 0.8499 0.2867
vt 0.5483 0.2322
vt 0.5616 0.2403
vt 0.6136 0.2509
vt 0.4964 0.2251
vt 0.0105 0.0341
vt 0.0152 0.0434
vt 0.4252 0.4653
vt 0.4243 0.4642
vt 0.7214 0.2714
vt 0.6764 0.2635
vt 0.0096 0.0560
vt 0.0214 0.0683
vt 0.0039 0.0364
vt 0.6995 0.2723
vt 0.5111 0.3964
vt 0.5070 0.2309
vt 0.6553 0.2559
vt 0.7253 0.2807
vt 0.7138 0.2742
vt 0.0046 0.0451
vt 0.4226 0.4745
vt 0.4231 0.4710
vt 0.4216 0.4729
vt 0.4410 0.4761
vt 0.5105 0.4010
vt 0.5091 0.4055
vt 0.5109 0.3996
vt 0.5280 0.2304
vt 0.6316 0.2624
vt 0.6553 0.2675
vt 0.0573 0.8236
vt 0.0447 0.8267
vt 0.0546 0.8029
vt 0.4247 0.4981
vt 0.5085 0.4103
vt 0.5054 0.4149
vt 0.4207 0.4780
vt 0.4190 0.4837
vt 0.5079 0.2428
vt 0.5360 0.2344
vt 0.5221 0.2422
vt 0.6001 0.2604
vt 0.6949 0.2841
vt 0.4173 0.4888
vt 0.4170 0.4863
vt 0.5014 0.4254
vt 0.5063 0.4192
vt 0.0371 0.8045
vt 0.0387 0.7948
vt 0.0625 0.8036
vt 0.5156 0.2514
vt 0.5173 0.2722
vt 0.6779 0.2819
vt 0.7983 0.8570
vt 0.7956 0.8636
vt 0.7949 0.8598
vt 0.6187 0.2667
vt 0.6407 0.2767
vt 0.5595 0.2625
vt 0.5886 0.2639
vt 0.0518 0.7803
vt 0.0396 0.7842
vt 0.0415 0.7757
vt 0.7963 0.8724
vt 0.1226 0.9802
vt 0.1240 0.9751
vt 0.1240 0.9839
vt 0.5316 0.2515
vt 0.0625 0.7916
vt 0.8064 0.8629
vt 0.8180 0.8492
vt 0.8180 0.8640
vt 0.5279 0.2628
vt 0.6580 0.2867
vt 0.0439 0.7683
vt 0.6835 0.2895
vt 0.6188 0.2752
vt 0.6721 0.2932
vt 0.0643 0.7800
vt 0.4383 0.8425
vt 0.4426 0.8507
vt 0.4390 0.8481
vt 0.0450 0.7646
vt 0.0465 0.7630
vt 0.5359 0.2622
vt 0.0592 0.7615
vt 0.7949 0.8914
vt 0.8056 0.9830
vt 0.8092 0.9737
vt 0.8092 0.9927
vt 0.5582 0.2708
vt 0.4409 0.8563
vt 0.4409 0.8627
vt 0.4403 0.8618
vt 0.7671 0.7891
vt 0.7680 0.7849
vt 0.7693 0.7932
vt 0.3272 0.9929
vt 0.3184 0.9938
vt 0.3182 0.9900
vt 0.0412 0.7498
vt 0.0415 0.7545
vt 0.0442 0.7601
vt 0.7673 0.8266
vt 0.7682 0.8242
vt 0.7689 0.8309
vt 0.7677 0.8345
vt 0.7666 0.8339
vt 0.7682 0.8428
vt 0.7670 0.8423
vt 0.7675 0.8402
vt 0.0078 0.2445
vt 0.0095 0.2308
vt 0.0087 0.2485
vt 0.0088 0.2493
vt 0.0095 0.2587
vt 0.0087 0.2494
vt 0.8151 0.8797
vt 0.5849 0.2775
vt 0.5411 0.2736
vt 0.0678 0.7627
vt 0.7844 0.8136
vt 0.0371 0.7358
vt 0.7676 0.7998
vt 0.5210 0.5309
vt 0.5111 0.5106
vt 0.5175 0.5208
vt 0.7688 0.8077
vt 0.8818 0.9977
vt 0.8798 0.9953
vt 0.8818 0.9927
vt 0.7687 0.8193
vt 0.6541 0.2938
vt 0.5531 0.2785
vt 0.6372 0.2903
vt 0.8146 0.8916
vt 0.6538 0.3027
vt 0.6454 0.2999
vt 0.6229 0.2893
vt 0.0612 0.7537
vt 0.7863 0.8306
vt 0.6020 0.2870
vt 0.0559 0.7322
vt 0.8094 0.9070
vt 0.7877 0.7929
vt 0.6346 0.2974
vt 0.6221 0.3051
vt 0.5677 0.2824
vt 0.5677 0.2873
vt 0.5818 0.2827
vt 0.7877 0.8442
vt 0.5835 0.2936
vt 0.5850 0.3012
vt 0.5929 0.2929
vt 0.1308 0.8510
vt 0.1231 0.8647
vt 0.1230 0.8511
vt 0.6057 0.2953
vt 0.1230 0.8340
vt 0.1324 0.8390
vt 0.1273 0.8780
vt 0.6901 0.3258
vt 0.2835 0.9967
vt 0.2775 0.9808
vt 0.3182 0.9976
vt 0.3069 0.9895
vt 0.3141 0.9966
vt 0.3046 0.9966
vt 0.7974 0.8547
vt 0.0055 0.3543
vt 0.8071 0.1377
vt 0.9412 0.9888
vt 0.9453 0.9922
vt 0.9447 0.9974
vt 0.0877 0.6364
vt 0.0897 0.6418
vt 0.0877 0.6450
vt 0.8809 0.9883
vt 0.7957 0.8195
vt 0.7675 0.8474
vt 0.0058 0.3339
vt 0.0077 0.3407
vt 0.0058 0.3432
vt 0.0881 0.6215
vt 0.0904 0.6247
vt 0.0881 0.6325
vt 0.4387 0.8655
vt 0.4837 0.9976
vt 0.4763 0.9953
vt 0.4761 0.9900
vt 0.2540 0.7045
vt 0.3908 0.9812
vt 0.8460 0.7473
vt 0.8446 0.7413
vt 0.8460 0.7381
vt 0.4386 0.8990
vt 0.4358 0.8872
vt 0.4386 0.8830
vt 0.9311 0.8076
vt 0.9659 0.0726
vt 0.6086 0.9896
vt 0.6070 0.9790
vt 0.6086 0.9770
vt 0.4102 0.9972
vt 0.4067 0.9979
vt 0.4045 0.9972
vt 0.2529 0.7018
vt 0.0079 0.3296
vt 0.0064 0.3257
vt 0.0079 0.3173
vt 0.4365 0.8399
vt 0.4993 0.4338
vt 0.5012 0.5361
vt 0.4980 0.4546
vt 0.2539 0.7172
vt 0.9346 0.8660
vt 0.7972 0.8448
vt 0.7673 0.8151
vt 0.0111 0.1743
vt 0.8604 0.9611
vt 0.8620 0.9663
vt 0.8621 0.9732
vt 0.0111 0.2230
vt 0.1240 0.9665
vt 0.9326 0.8131
vt 0.4365 0.8759
vt 0.0070 0.2964
vt 0.0080 0.3070
vt 0.0070 0.3118
vt 0.5000 0.4689
vt 0.8604 0.9034
vt 0.8630 0.9169
vt 0.8604 0.9533
vt 0.0049 0.0761
vt 0.0124 0.1172
vt 0.0049 0.1665
vt 0.0380 0.9687
vt 0.0390 0.9761
vt 0.0380 0.9876
vt 0.8615 0.9831
vt 0.5014 0.5517
vt 0.5039 0.5743
vt 0.7988 0.0892
vt 0.8082 0.1254
vt 0.8715 0.9462
vt 0.8701 0.9247
vt 0.8715 0.9138
vt 0.0898 0.5593
vt 0.0912 0.5738
vt 0.0898 0.5866
vt 0.6595 0.3146
vt 0.1230 0.9318
vt 0.1243 0.9559
vt 0.1230 0.9591
vt 0.6075 0.5806
vt 0.5832 0.5768
vt 0.7294 0.3617
vt 0.6204 0.5813
vt 0.5596 0.3331
vt 0.5792 0.3205
vt 0.2082 0.9897
vt 0.2155 0.9891
vt 0.2238 0.9897
vt 0.8058 0.1485
vt 0.7988 0.1721
vt 0.8604 0.9914
vt 0.6468 0.5781
vt 0.6446 0.3130
vt 0.1436 0.9615
vt 0.1446 0.9804
vt 0.1436 0.9960
vt 0.3908 0.9967
vt 0.0905 0.6153
vt 0.0898 0.6037
vt 0.0905 0.5945
vt 0.4619 0.6172
vt 0.4619 0.5976
vt 0.4634 0.5903
vt 0.2695 0.9634
vt 0.2703 0.9784
vt 0.2695 0.9885
vt 0.5027 0.4776
vt 0.6584 0.5743
vt 0.3770 0.9485
vt 0.3817 0.9696
vt 0.3770 0.9946
vt 0.9353 0.7676
vt 0.9385 0.7606
vt 0.7500 0.3982
vt 0.3992 0.9975
vt 0.3988 0.9889
vt 0.3992 0.9860
vt 0.4634 0.6340
vt 0.6326 0.3130
vt 0.5888 0.3174
vt 0.9349 0.8214
vt 0.9428 0.8429
vt 0.9428 0.7505
vt 0.7350 0.5101
vt 0.7939 0.0787
vt 0.7939 0.1851
vt 0.2768 0.9755
vt 0.7684 0.8115
vt 0.9518 0.9382
vn 0.269761 -0.083900 -0.959190
vn -0.342735 0.598500 -0.724007
vn 0.642548 -0.737500 -0.207677
vn -0.635618 -0.764500 -0.106844
vn 0.516542 0.814600 -0.263680
vn 0.942573 -0.307600 0.130108
vn -0.870731 0.327200 -0.367130
vn 0.870378 -0.484800 -0.085065
vn -0.421224 -0.885600 -0.195374
vn 0.550553 0.796600 -0.249609
vn 0.101965 0.136100 -0.985424
vn 0.168574 -0.638000 -0.751372
vn 0.019021 -0.593000 -0.804900
vn -0.484368 0.787400 -0.381131
vn 0.492146 0.151300 -0.857296
vn 0.050063 0.640400 -0.766362
vn 0.419385 0.822400 -0.384313
vn 0.085843 -0.395400 -0.914430
vn 0.344007 0.369500 -0.863165
vn 0.134916 0.777200 -0.614617
vn 0.442649 -0.483400 -0.755190
vn -0.000000 -1.000000 0.000000
vn -0.085984 0.741600 -0.665246
vn -0.105854 -0.606000 -0.788353
vn -0.000354 -1.000000 -0.000919
vn -0.000071 -1.000000 0.000071
vn 0.448235 -0.885500 0.122400
vn 0.053104 0.985800 -0.158887
vn -0.874762 -0.331200 -0.353624
vn 0.324774 -0.711800 -0.622749
vn 0.226840 0.834400 -0.502187
vn 0.968171 0.118700 0.220193
vn -0.056498 0.830800 -0.553594
vn -0.007707 0.999900 -0.013223
vn -0.272095 -0.605700 -0.747695
vn -0.179110 0.391600 -0.902480
vn 0.000919 0.999600 -0.028638
vn 0.000000 -1.000000 -0.000141
vn -0.015627 0.998400 0.054942
vn 0.450639 0.163400 -0.877590
vn -0.287156 -0.008300 0.957776
vn -0.188868 0.007500 0.981959
vn -0.899581 0.258800 -0.351856
vn -0.121269 0.007500 0.992566
vn 0.354968 0.000000 -0.934795
vn 0.085489 0.035000 -0.995677
vn 0.161645 0.875000 -0.456225
vn -0.124946 -0.870400 -0.476095
vn -0.652447 0.290600 -0.699824
vn -0.387353 -0.917300 0.092490
vn -0.237305 0.784900 -0.572332
vn -0.008202 0.999800 0.017253
vn -0.393010 0.079300 -0.916128
vn 0.223516 -0.902200 -0.368898
vn 0.020011 0.017500 0.999637
vn -0.229385 -0.007400 0.973262
vn -0.180242 0.019300 -0.983373
vn 0.584282 0.810100 0.048154
vn -0.027789 -0.722600 -0.690631
vn -0.309783 -0.598800 -0.738573
vn -0.645235 -0.718200 -0.260569
vn 0.303066 0.778500 -0.549563
vn 0.001838 0.999800 -0.016829
vn -0.375898 0.007500 -0.926593
vn 0.564413 -0.249700 -0.786727
vn 0.768766 -0.195600 0.608819
vn -0.000424 -1.000000 -0.001273
vn 0.003818 0.999800 0.016829
vn -0.385868 -0.636400 -0.667862
vn 0.010394 0.999700 -0.019870
vn 0.008485 0.999900 0.005657
vn 0.365150 0.848900 -0.381979
vn 0.119784 -0.976400 -0.179464
vn -0.778312 0.052700 0.625577
vn 0.129471 -0.891100 0.434800
vn 0.020930 0.999800 0.000849
vn -0.547442 -0.448400 -0.706541
vn -0.464569 0.513800 -0.721249
vn 0.573959 -0.429500 -0.697137
vn 0.373070 0.817000 -0.439538
vn 0.862387 0.446900 0.237588
vn -0.363665 0.718300 -0.593050
vn -0.007849 0.998200 0.059326
vn 0.888409 -0.019400 0.458629
vn 0.889470 -0.412100 0.197354
vn 0.230234 -0.904300 -0.359493
vn -0.000636 0.999800 -0.020011
vn -0.313743 0.745400 -0.588101
vn -0.002828 0.999500 0.030547
vn 0.427729 0.838700 -0.336936
vn -0.007071 0.999800 0.014001
vn 0.061660 -0.988900 -0.135340
vn -0.006364 -0.999900 -0.006364
vn 0.707107 0.000000 0.707107
vn 0.568443 0.010300 0.822577
vn 0.022415 0.999500 0.019021
vn -0.006364 0.999900 -0.006788
vn 0.530825 -0.701700 -0.475105
vn -0.039598 0.999100 0.017819
vn 0.025173 0.999600 -0.011314
vn 0.148068 0.022800 0.988677
vn -0.570282 0.438200 -0.694874
vn 0.292742 -0.037000 -0.955443
vn -0.091075 0.928400 -0.360342
vn 0.276408 -0.054000 -0.959473
vn -0.846831 -0.275300 -0.454953
vn -0.115258 0.852700 -0.509400
vn 0.011950 0.999700 0.021991
vn 0.725350 0.399600 0.560453
vn -0.045467 0.997900 -0.045467
vn 0.184979 0.234200 -0.954453
vn 0.298470 -0.311800 -0.902056
vn -0.423628 -0.415500 -0.804900
vn -0.010465 -0.800500 -0.599202
vn 0.854256 0.467400 -0.227476
vn -0.445194 -0.522300 -0.727330
vn -0.493278 0.100300 -0.864084
vn -0.420799 0.708900 -0.565898
vn 0.095247 -0.087600 -0.991576
vn 0.618931 -0.001500 -0.785384
vn -0.147220 -0.738900 -0.657468
vn -0.027719 -0.798900 -0.600758
vn -0.501056 -0.751300 -0.429355
vn 0.106207 0.215200 -0.970716
vn 0.707390 -0.601700 -0.370807
vn -0.070640 0.997200 0.025951
vn 0.015698 0.999800 -0.000849
vn -0.328451 0.197000 -0.923694
vn 0.974393 0.135900 -0.178898
vn 0.011526 0.999900 -0.009263
vn 0.156271 0.118500 -0.980616
vn -0.586333 -0.555400 -0.589586
vn -0.335734 0.739700 -0.583222
vn 0.643255 0.485500 -0.591919
vn 0.205768 0.070600 -0.976090
vn 0.261700 -0.211000 -0.941796
vn 0.349028 -0.908200 -0.230658
vn 0.767706 0.187300 -0.612708
vn -0.113986 -0.786500 -0.606980
vn 0.864650 0.502200 -0.010889
vn 0.091005 0.011400 -0.995818
vn -0.444699 0.858200 -0.256185
vn -0.738078 0.287700 -0.610375
vn 0.356382 0.914500 -0.191626
vn 0.358786 0.405700 -0.840609
vn -0.184696 0.030500 -0.982313
vn 0.609455 0.168200 -0.774777
vn 0.589586 0.004800 -0.807657
vn 0.000141 -1.000000 -0.000141
vn -0.748119 -0.401500 -0.528209
vn 0.012869 0.999800 -0.016263
vn 0.544119 -0.595800 -0.590646
vn 0.172393 0.953400 -0.247487
vn 0.903682 -0.348200 -0.249184
vn 0.712410 -0.644300 -0.277964
vn 0.048154 0.996300 -0.071347
vn -0.594535 0.438400 -0.674014
vn 0.872640 0.394200 -0.288287
vn -0.273155 0.943500 -0.187313
vn 0.224719 -0.932100 -0.283974
vn 0.045043 0.126600 -0.990869
vn 0.011455 0.999900 -0.001556
vn 0.013364 0.999900 0.006859
vn 0.995606 0.091200 -0.017112
vn -0.012092 0.999600 0.026375
vn 0.623102 -0.755200 -0.203364
vn -0.216092 0.950300 -0.224153
vn 0.015910 -0.131700 -0.991152
vn -0.662559 0.030500 -0.748402
vn -0.696783 -0.419800 -0.581525
vn 0.460892 0.467900 -0.754059
vn 0.667367 0.151000 -0.729169
vn 0.013364 0.810600 -0.585414
vn -0.582161 -0.011600 -0.812961
vn 0.043346 0.999000 0.005303
vn 0.899723 -0.414500 -0.136472
vn -0.335381 -0.322600 -0.885086
vn 0.147502 -0.404300 -0.902693
vn -0.199404 0.183100 -0.962655
vn 0.072337 0.404700 -0.911531
vn 0.995253 -0.029400 -0.092419
vn 0.752644 0.166700 -0.636962
vn -0.019233 0.999800 -0.010748
vn 0.938119 0.256800 -0.232143
vn 0.010536 -0.099200 -0.994970
vn -0.105430 0.323000 -0.940523
vn -0.920370 0.026500 -0.390182
vn -0.105995 -0.767100 -0.632648
vn -0.010607 0.999800 0.013859
vn 0.566534 0.506500 -0.649973
vn -0.526441 0.436100 -0.729805
vn 0.117592 -0.992300 -0.039244
vn -0.242679 0.468200 -0.849660
vn 0.543694 -0.651300 -0.529411
vn -0.656690 0.048400 -0.752574
vn 0.000071 -1.000000 -0.000071
vn -0.415072 0.746000 -0.520713
vn 0.551755 -0.625600 -0.551473
vn -0.719552 -0.258800 -0.644316
vn 0.516542 -0.799600 -0.306389
vn 0.010182 -0.246000 -0.969161
vn 0.773787 -0.454300 -0.441447
vn 0.233062 -0.778300 -0.582939
vn -0.584424 0.471000 -0.660791
vn 0.013859 0.999500 -0.027153
vn 0.538462 0.835300 -0.110804
vn -0.036275 0.997900 0.052962
vn 0.442720 0.561900 -0.698834
vn 0.576928 0.668000 -0.470014
vn -0.206970 0.560900 -0.801506
vn 0.028850 0.214400 -0.976232
vn -0.135411 -0.090400 -0.986626
vn -0.421718 0.817600 -0.391879
vn 0.454811 -0.098100 -0.885156
vn 0.130673 -0.666000 -0.734401
vn -0.035780 -0.617500 -0.785737
vn 0.286944 -0.013900 -0.957847
vn 0.426173 0.487200 -0.762190
vn 0.651811 -0.148000 -0.743735
vn 0.963362 0.023300 -0.267004
vn -0.354614 -0.464900 -0.811264
vn 0.057841 -0.765400 -0.640922
vn 0.642124 -0.600100 -0.476944
vn 0.145735 0.351900 -0.924542
vn 0.745715 -0.161300 0.646437
vn 0.046669 0.731700 -0.679954
vn -0.589939 0.086800 -0.802778
vn -0.138876 -0.705100 -0.695227
vn 0.604081 0.763300 -0.228749
vn -0.213546 -0.940200 -0.265165
vn -0.008061 0.999600 0.025597
vn 0.948442 0.252600 -0.191414
vn 0.464781 0.199500 -0.862600
vn 0.654710 -0.013300 -0.755685
vn -0.333118 -0.802200 -0.495470
vn 0.872428 -0.484200 -0.065761
vn -0.024395 -0.603300 -0.797121
vn 0.271105 0.073500 -0.959685
vn 0.842235 0.539000 -0.002333
vn -0.206758 -0.420600 -0.883318
vn 0.785596 -0.363900 -0.500349
vn -0.566393 -0.146300 -0.811051
vn -0.161220 -0.164000 -0.973120
vn 0.181514 0.690400 -0.700248
vn -0.565968 -0.078800 -0.820668
vn 0.685681 -0.642900 -0.341320
vn -0.063852 0.918300 -0.390676
vn -0.398879 -0.874400 -0.276125
vn 0.736947 -0.325300 -0.592555
vn 0.755756 -0.534000 -0.379009
vn -0.334674 -0.603300 -0.723865
vn -0.012233 0.998600 0.051124
vn 0.893147 -0.313400 -0.322511
vn -0.329370 -0.732900 -0.595242
vn 0.451558 -0.181500 -0.873560
vn -0.363241 -0.024700 -0.931330
vn 0.237517 0.334100 -0.912097
vn -0.139300 0.066500 -0.987970
vn 0.472277 0.517600 -0.713400
vn -0.002404 0.999800 0.016971
vn -0.431901 -0.546800 -0.717289
vn 0.099702 -0.162800 -0.981606
vn -0.284257 0.752100 -0.594535
vn -0.131310 0.966600 0.219839
vn 0.418183 0.728600 -0.542492
vn 0.765585 0.532400 -0.361119
vn 0.516612 -0.833900 -0.194030
vn 0.104652 -0.476800 -0.872711
vn -0.299106 -0.953800 0.028143
vn 0.493419 0.607200 -0.622678
vn 0.031678 0.261700 -0.964635
vn 0.262195 -0.386900 -0.884025
vn 0.397748 0.576600 -0.713683
vn -0.464711 0.767000 -0.442366
vn 0.823355 0.000000 0.567524
vn -0.659518 -0.153000 -0.735886
vn -0.538886 -0.369200 -0.757099
vn 0.007707 -0.496800 -0.867832
vn 0.909693 0.131800 -0.393788
vn 0.088035 0.488100 -0.868256
vn 0.292884 -0.155500 -0.943422
vn -0.145169 -0.659800 -0.737300
vn -0.902693 -0.202600 -0.379575
vn 0.415072 -0.626500 -0.659589
vn 0.887702 0.158100 -0.432467
vn -0.007495 0.999000 0.043982
vn -0.522623 -0.489400 -0.698127
vn -0.465771 0.815500 -0.343300
vn 0.074812 0.995000 -0.065478
vn 0.710713 0.364300 0.601819
vn 0.424123 0.721800 -0.546876
vn 0.028567 0.285800 -0.957847
vn -0.122400 -0.303800 -0.944765
vn -0.305753 -0.063100 -0.949927
vn 0.934583 0.348500 -0.071206
vn 0.892157 0.309500 -0.328875
vn 0.545674 0.776800 -0.314309
vn -0.096591 -0.985000 0.143118
vn 0.361332 -0.647700 -0.670761
vn -0.315299 0.580300 -0.750877
vn -0.117733 0.991200 -0.060033
vn 0.700106 -0.712400 0.048720
vn -0.440103 -0.438500 -0.783616
vn -0.120915 -0.830000 -0.544472
vn -0.892581 0.094200 -0.441022
vn 0.690985 -0.476600 -0.543341
vn -0.591990 -0.749200 -0.296985
vn 0.395838 0.010600 -0.918249
vn 0.132370 -0.325900 -0.936068
vn -0.170483 -0.149000 -0.974040
vn -0.605213 0.141500 -0.783404
vn 0.497237 -0.839900 0.217365
vn 0.138169 0.625800 -0.767635
vn 0.300520 0.362400 -0.882186
vn 0.021355 0.006300 -0.999708
vn -0.326966 -0.557900 0.762685
vn 0.107480 0.457000 -0.882894
vn 0.004384 -0.117300 -0.993061
vn -0.082237 -0.339900 -0.936846
vn -0.458983 0.414600 -0.785808
vn 0.849447 0.382200 -0.363806
vn 0.893005 -0.430900 0.129896
vn -0.339128 -0.418600 -0.842447
vn -0.499076 -0.441100 -0.745856
vn -0.304622 -0.624300 -0.719410
vn -0.774565 -0.599100 0.202515
vn -0.491863 -0.235200 -0.838204
vn 0.429285 0.744300 -0.511450
vn -0.125582 0.059500 -0.990232
vn -0.049073 0.063700 -0.996738
vn -0.513430 0.763000 -0.392656
vn -0.262478 -0.563200 -0.783474
vn -0.301581 -0.622900 -0.721885
vn 0.225284 -0.818800 0.527926
vn -0.179110 -0.487900 -0.854256
vn 0.723582 -0.026900 -0.689641
vn -0.437204 -0.797000 -0.416557
vn -0.573746 0.237800 -0.783757
vn -0.277186 0.746400 -0.605001
vn 0.269408 -0.503900 -0.820668
vn 0.815577 -0.291200 -0.499924
vn -0.684904 0.569600 -0.454245
vn 0.257458 -0.784100 -0.564625
vn 0.885015 0.065900 -0.460751
vn 0.158321 0.902200 -0.401142
vn -0.003253 1.000000 0.004950
vn 0.948089 0.303600 0.094328
vn -0.765938 -0.118000 -0.632012
vn -0.443285 -0.042100 -0.895409
vn 0.486136 -0.361800 -0.795424
vn 0.604081 -0.424100 -0.674651
vn -0.022557 -0.247700 -0.968524
vn 0.630810 -0.414600 0.655842
vn -0.892086 -0.352900 -0.282277
vn -0.254205 -0.130800 -0.958200
vn 0.706258 -0.249900 -0.662418
vn -0.252084 -0.149400 -0.956079
vn 0.103874 -0.526000 -0.844073
vn 0.800021 0.566300 -0.198131
vn 0.512582 0.815500 -0.268771
vn -0.005091 -0.150700 -0.988535
vn 0.685116 -0.496000 -0.533512
vn 0.233204 -0.351500 -0.906652
vn -0.174797 -0.293700 -0.939745
vn -0.089378 0.479900 -0.872711
vn 0.002758 1.000000 0.007000
vn -0.348109 0.435900 -0.829931
vn -0.450498 0.232500 -0.861892
vn 0.127067 0.293200 -0.947594
vn 0.672388 -0.719000 -0.175433
vn -0.038537 0.059000 -0.997516
vn -0.277398 0.289000 -0.916198
vn 0.435861 -0.656300 -0.615749
vn 0.544543 0.534000 -0.646791
vn 0.340189 0.887100 -0.312046
vn -0.529977 0.824300 -0.198909
vn -0.011809 0.799400 -0.600546
vn 0.527997 0.704100 -0.474822
vn -0.150967 -0.843800 -0.514986
vn 0.225214 -0.829400 -0.511167
vn -0.800303 0.214000 -0.560029
vn -0.227547 0.633600 -0.739351
vn 0.393576 -0.869600 0.298258
vn -0.150967 0.130700 -0.979838
vn 0.983515 -0.032800 -0.177696
vn -0.245861 -0.386200 -0.889045
vn -0.350230 -0.907900 -0.230163
vn -0.266084 0.627000 -0.732209
vn -0.441588 0.231400 -0.866842
vn -0.011102 0.999900 -0.002051
vn -0.348604 -0.770300 -0.534007
vn 0.426103 0.059800 -0.902693
vn -0.220688 -0.530400 -0.818476
vn -0.312753 -0.834500 -0.453609
vn 0.423416 0.873600 -0.239851
vn -0.657114 -0.279200 -0.700106
vn -0.259367 0.497700 -0.827598
vn 0.303349 -0.467500 0.830285
vn -0.780151 -0.328800 -0.532239
vn 0.860903 -0.000900 -0.508763
vn 0.745503 0.000000 -0.666448
vn 0.053245 -0.757300 -0.650892
vn 0.671539 -0.364800 -0.644952
vn -0.766221 -0.318600 -0.557907
vn 0.084641 0.711700 -0.697278
vn -0.125087 -0.340800 -0.931755
vn -0.515057 -0.803900 0.297126
vn 0.256750 0.784400 -0.564483
vn 0.187525 0.803200 -0.565261
vn 0.285742 -0.748600 -0.598142
vn 0.301298 -0.784700 -0.541715
vn -0.137249 0.130800 -0.981818
vn -0.183848 0.486300 -0.854185
vn 0.358998 -0.931700 0.055791
vn -0.185121 -0.887300 0.422284
vn -0.398596 -0.688400 0.605920
vn -0.151321 -0.979400 0.133219
vn -0.245012 0.176800 -0.953251
vn -0.789697 -0.546400 -0.278883
vn 0.630386 -0.131500 -0.765019
vn 0.748755 0.555500 -0.361685
vn -0.677620 -0.547600 -0.490944
vn 0.304622 -0.776800 -0.551119
vn -0.005798 0.999800 0.019940
vn -0.368261 -0.003900 -0.929704
vn 0.359422 -0.933100 -0.004879
vn -0.000990 -0.934300 0.356523
vn -0.289277 -0.932200 0.217435
vn 0.697632 -0.667700 -0.259508
vn -0.059397 -0.171200 -0.983444
vn 0.762685 0.485300 -0.427517
vn -0.119925 -0.371400 -0.920653
vn -0.246992 -0.357900 -0.900500
vn -0.727118 0.345200 -0.593333
vn 0.149129 0.161800 -0.975454
vn -0.323572 -0.222500 -0.919663
vn 0.919097 -0.379000 0.107056
vn 0.010960 0.999800 0.013789
vn -0.074034 0.153400 -0.985353
vn 0.567665 -0.240800 -0.787293
vn -0.688015 -0.705500 -0.169988
vn -0.798677 0.291300 -0.526441
vn 0.943280 -0.005600 -0.331916
vn 0.188303 0.077700 -0.978989
vn 0.003041 0.999900 -0.010819
vn 0.941654 -0.335200 0.029911
vn 0.149977 0.085800 -0.984929
vn 0.239638 0.688100 -0.684833
vn 0.175716 -0.359400 -0.916481
vn 0.004879 -0.904000 -0.427587
vn 0.200606 0.742800 -0.638730
vn -0.009405 0.999900 0.000495
vn 0.348745 -0.747200 0.565685
vn -0.944200 -0.080100 -0.319542
vn -0.268630 0.377600 -0.886076
vn 0.123602 0.970400 -0.207324
vn -0.593121 -0.571900 0.566675
vn 0.280368 -0.856600 -0.433103
vn -0.714319 -0.690500 0.113844
vn -0.311905 -0.223700 -0.923411
vn 0.990162 -0.062600 -0.125087
vn 0.621688 0.018400 -0.783050
vn 0.924330 0.231800 -0.303066
vn -0.415001 0.875400 -0.247841
vn 0.000212 -1.000000 -0.000071
vn 0.737442 -0.010100 0.675358
vn 0.866771 0.247100 0.433032
vn 0.712905 -0.188900 -0.675287
vn 0.845841 0.380000 -0.374201
vn -0.559463 0.481900 -0.674297
vn -0.455518 -0.596700 -0.660579
vn 0.092560 0.991900 -0.087186
vn 0.048649 -0.705700 -0.706683
vn -0.424193 0.586600 -0.689783
vn -0.328098 0.392000 -0.859418
vn 0.892864 -0.046900 0.447952
vn -0.883530 0.083000 -0.460963
vn -0.965059 -0.231600 -0.122329
vn -0.519229 -0.370200 -0.770251
vn -0.183989 0.716500 -0.672883
vn -0.093338 -0.221200 -0.970716
vn 0.718703 -0.169300 -0.674297
vn -0.743240 0.127400 -0.656831
vn -0.347543 0.521100 -0.779444
vn 0.156766 0.487600 -0.858781
vn 0.129966 -0.765100 -0.630598
vn 0.734684 0.200900 -0.647993
vn -0.501268 -0.583900 -0.638588
vn 0.621900 -0.540800 0.566322
vn 0.091146 0.808500 -0.581312
vn 0.279802 -0.942700 -0.181656
vn -0.689995 -0.697900 0.191767
vn -0.619355 -0.768800 0.158887
vn 0.726835 0.467900 -0.502682
vn 0.728461 -0.387200 -0.565120
vn -0.740977 -0.164700 -0.651033
vn -0.610162 0.188800 -0.769403
vn -0.072691 0.696700 -0.713612
vn 0.757029 0.316600 -0.571625
vn -0.450498 -0.872200 -0.190565
vn 0.662488 0.635700 -0.396192
vn -0.555503 -0.754600 -0.349311
vn -0.866206 -0.477600 -0.146937
vn 0.274640 -0.651300 -0.707390
vn 0.318764 -0.676200 -0.664115
vn 0.681934 0.344300 -0.645306
vn -0.188020 0.860900 -0.472701
vn 0.211354 -0.845600 0.490096
vn -0.027860 0.660300 -0.750382
vn 0.042144 0.999000 -0.012304
vn 0.789626 0.349500 -0.504238
vn 0.526017 0.448800 -0.722310
vn 0.421789 0.574700 -0.701238
vn 0.185616 0.094500 -0.977999
vn -0.058124 0.902000 -0.427800
vn 0.072620 0.980900 -0.180524
vn -0.555362 0.516600 -0.651670
vn -0.021920 -0.925500 0.378019
vn -0.104652 0.994300 -0.019233
vn -0.172675 -0.390800 -0.904107
vn 0.874125 0.146500 -0.463014
vn 0.450993 -0.553100 -0.700460
vn -0.374979 0.801800 -0.465347
vn 0.380141 0.917100 -0.119925
vn 0.889257 0.378500 0.256821
vn 0.922138 0.094100 -0.375120
vn -0.007000 -0.262600 0.964847
vn -0.063357 -0.494800 -0.866630
vn 0.860973 0.508200 -0.020223
vn -0.228608 -0.949600 -0.214324
vn 0.931472 0.090600 0.352351
vn 0.922986 -0.019600 -0.384171
vn 0.313885 0.636000 -0.704915
vn 0.351079 0.835500 -0.422638
vn 0.103874 -0.734200 -0.670974
vn 0.442012 -0.560500 -0.700389
vn -0.005869 1.000000 -0.003323
vn -0.180100 -0.950300 0.253639
vn -0.842659 -0.511100 -0.169493
vn -0.803203 -0.281300 -0.525027
vn 0.840043 -0.520500 -0.152594
vn -0.602738 0.684900 -0.409273
vn 0.722380 0.666500 -0.184413
vn -0.378373 -0.554200 -0.741401
vn 0.451346 0.662800 -0.597435
vn -0.191131 -0.264100 -0.945331
vn -0.538745 0.321800 -0.778595
vn 0.183989 -0.449600 -0.874125
vn -0.891944 0.330200 -0.308864
vn 0.725987 0.544100 -0.420516
vn 0.247134 -0.849500 -0.466054
vn 0.062296 0.759800 -0.647073
vn 0.212768 -0.633300 -0.744088
vn 0.452478 0.676100 -0.581454
vn -0.234689 -0.590700 -0.771948
vn 0.204990 -0.770700 0.603374
vn -0.569362 -0.715900 -0.404041
vn 0.902622 -0.166000 -0.397182
vn 0.833608 -0.537000 0.129047
vn -0.118794 -0.869600 0.479136
vn 0.049215 -0.220700 -0.974110
vn 0.750665 -0.116600 -0.650255
vn -0.682429 0.607900 -0.405809
vn 0.862670 0.294800 -0.410829
vn 0.109389 0.993300 -0.036557
vn -0.796061 -0.546400 -0.260074
vn 0.338068 -0.739900 -0.581595
vn 0.308016 0.808600 -0.501197
vn 0.094894 0.584500 -0.805819
vn -0.558756 -0.565700 -0.606415
vn -0.027860 0.178900 -0.983444
vn -0.011384 0.130100 -0.991434
vn 0.641134 -0.687200 -0.341462
vn 0.648417 -0.466300 0.601748
vn -0.213263 -0.966800 -0.140431
vn -0.094116 0.849300 -0.519370
vn 0.325906 0.945400 -0.001061
vn 0.580605 0.743500 -0.331704
vn 0.422850 0.403500 -0.811334
vn -0.580605 0.808600 0.095247
vn -0.161503 0.736600 -0.656761
vn 0.716582 0.545500 -0.434588
vn -0.305399 -0.330900 -0.892864
vn 0.163978 -0.752100 -0.638305
vn -0.097227 -0.939100 -0.329582
vn 0.727471 -0.683200 -0.062791
vn -0.025880 -0.904800 0.424971
vn -0.098359 0.862400 -0.496601
vn -0.241689 -0.733200 -0.635548
vn 0.492288 0.479000 -0.726764
vn -0.409273 0.470600 -0.781636
vn 0.107975 0.100800 -0.989030
vn -0.996667 0.081000 0.014071
vn 0.607688 0.763700 -0.217789
vn -0.659236 0.638800 -0.396475
vn -0.000990 0.999900 0.015132
vn -0.852134 0.202900 -0.482318
vn -0.140856 -0.503900 -0.852205
vn 0.661498 0.520900 -0.539452
vn -0.444982 0.733800 0.513289
vn 0.121410 -0.658200 -0.742957
vn -0.086903 -0.990200 0.109107
vn 0.766857 -0.627700 0.133855
vn -0.514491 -0.855900 -0.051760
vn 0.794788 0.311300 -0.520996
vn 0.016829 -0.825000 -0.564837
vn 0.614971 -0.786800 -0.052538
vn -0.838982 -0.511500 -0.185474
vn 0.049285 0.871500 -0.487833
vn -0.586050 0.393200 -0.708380
vn -0.909339 -0.183700 -0.373211
vn -0.366211 0.545800 -0.753564
vn -0.378939 -0.880000 -0.286166
vn 0.329653 0.773700 -0.540937
vn -0.078418 0.847600 -0.524885
vn -0.480620 0.474500 -0.737442
vn -0.834952 0.414300 0.362180
vn 0.034648 -0.959900 -0.278176
vn 0.143896 -0.986200 0.081671
vn 0.603798 0.699700 -0.381767
vn 0.558756 0.534400 -0.634133
vn 0.813244 0.078900 -0.576504
vn 0.127209 0.232900 -0.964140
vn -0.383110 0.617500 -0.686884
vn -0.202940 0.916000 -0.346058
vn -0.331775 0.889000 -0.315511
vn 0.127279 0.986500 0.102955
vn 0.202798 -0.601100 -0.773009
vn 0.902480 -0.209400 -0.376252
vn 0.983091 0.178700 -0.039103
vn -0.539593 -0.820000 0.190565
vn 0.996101 0.052900 -0.070216
vn 0.361685 0.219300 -0.906157
vn -0.262124 0.644900 0.717784
vn 0.430487 0.785400 -0.444629
vn -0.562716 -0.745800 -0.356523
vn -0.533300 -0.842600 -0.074529
vn -0.540371 -0.754900 -0.371655
vn -0.238861 0.826300 -0.509965
vn 0.966827 0.255000 -0.013081
vn -0.017961 -0.672300 0.739917
vn 0.312117 -0.720300 -0.619426
vn -0.321097 0.384500 -0.865428
vn 0.376746 0.906600 -0.189787
vn 0.025173 0.999600 -0.008061
vn 0.977717 -0.141400 0.155069
vn -0.655417 -0.754400 0.036275
vn -0.238083 -0.969200 -0.062579
vn 0.182434 -0.980600 -0.070994
vn -0.933735 0.000000 -0.357867
vn 0.000636 -1.000000 0.000354
vn 0.565898 -0.806500 -0.170766
vn 0.474964 0.856100 -0.203435
vn 0.552180 0.754600 -0.354614
vn 0.138239 -0.524700 -0.839972
vn -0.708167 -0.280300 -0.648063
vn 0.153371 0.947300 -0.281075
vn -0.754907 0.611800 -0.236315
vn -0.896046 -0.291300 -0.334886
vn 0.807587 -0.475800 0.348392
vn -0.644033 -0.764900 0.008061
vn 0.963716 -0.110000 -0.243174
vn -0.438053 0.792300 -0.424618
vn -0.265731 0.955300 -0.129825
vn -0.057205 0.998300 -0.011950
vn 0.306743 -0.945100 0.112289
vn 0.973403 0.065400 -0.219486
vn -0.078842 -0.774500 -0.627557
vn -0.012021 0.999900 0.009192
vn 0.026234 -0.923200 0.383323
vn -0.001768 0.999800 -0.019870
vn -0.530613 -0.211300 -0.820810
vn 0.002616 -0.914800 0.403829
vn -0.141492 -0.782000 -0.606910
vn 0.271953 0.912000 0.307026
vn 0.401849 -0.797100 0.450639
vn -0.743028 -0.668400 -0.033234
vn 0.068024 0.985100 0.157543
vn -0.548008 0.760900 -0.347189
vn 0.449649 -0.736900 -0.504662
vn -0.280226 -0.751000 0.597859
vn 0.979767 0.131600 -0.150897
vn 0.263185 0.877800 -0.400222
vn 0.971423 0.037700 0.234194
vn 0.382686 0.246800 -0.890247
vn -0.006435 0.999900 0.004738
vn -0.058124 0.967200 -0.247346
vn -0.175928 0.784000 -0.595242
vn 0.227901 -0.768200 -0.598283
vn 0.560311 -0.236300 -0.793798
vn -0.403899 0.315300 -0.858710
vn 0.535138 -0.618000 0.575868
vn -0.381060 -0.914300 -0.137108
vn -0.626921 0.179600 -0.758018
vn -0.803910 0.594500 -0.019728
vn -0.801930 0.501500 0.324491
vn 0.672176 0.106500 -0.732704
vn -0.116460 -0.849900 -0.513854
vn -0.047023 0.953200 -0.298753
vn 0.121057 0.164400 -0.978919
vn 0.016688 0.999800 -0.004101
vn 0.044831 0.997900 0.045821
vn 0.555362 -0.744600 0.370383
vn 0.248831 -0.718600 -0.649336
vn 0.922562 0.335700 0.190424
vn -0.182787 -0.922000 0.341320
vn 0.367130 -0.694900 0.618294
vn -0.088954 -0.902300 -0.421860
vn 0.092419 -0.033100 -0.995111
vn -0.192050 -0.118100 -0.974252
vn 0.489601 -0.389000 -0.780363
vn 0.802425 0.406000 0.437275
vn 0.881196 -0.015500 0.472489
vn -0.148846 0.980200 0.130461
vn -0.612284 0.682700 -0.398879
vn -0.001131 0.999600 -0.026163
vn -0.135340 0.827200 0.545321
vn -0.122612 0.093000 -0.988111
vn -0.266296 0.246600 -0.931825
vn 0.432537 -0.165200 -0.886358
vn 0.294298 -0.807500 -0.511238
vn -0.649124 0.077700 -0.756604
vn -0.634133 0.436700 -0.638093
vn 0.236881 0.915500 -0.325128
vn 0.742391 -0.070600 -0.666165
vn 0.132512 0.346300 -0.928714
vn 0.319754 -0.150400 -0.935502
vn 0.002828 -0.635600 -0.772019
vn -0.664539 -0.717700 -0.208031
vn -0.449437 0.820200 -0.353836
vn 0.885086 -0.286800 -0.366493
vn 0.196222 -0.064400 -0.978424
vn 0.373918 0.918800 0.126148
vn 0.471923 0.430300 -0.769474
vn 0.215385 0.969000 -0.121057
vn -0.354968 0.102500 -0.929138
vn -0.807728 0.588700 0.031608
vn 0.877166 0.418100 -0.235820
vn -0.383747 -0.886100 0.259862
vn 0.309996 -0.922900 0.228254
vn 0.244588 -0.932100 0.267216
vn 0.794222 0.442200 -0.416769
vn 0.011102 0.999200 0.036982
vn -0.115612 0.919000 -0.376817
vn -0.080044 0.747400 -0.659448
vn -0.198131 0.821800 -0.534148
vn -0.448589 0.235800 -0.862105
vn -0.978353 -0.201900 -0.044972
vn -0.967888 -0.251200 0.005233
vn 0.710854 0.469300 -0.523754
vn -0.617941 -0.264300 -0.740412
vn 0.946533 0.065000 0.315935
vn 0.196859 0.936300 0.290904
vn 0.170130 -0.801500 -0.573181
vn 0.666731 -0.274100 0.693035
vn -0.233699 0.971200 -0.046315
vn -0.352563 -0.863200 0.361473
vn 0.774989 -0.566000 0.281004
vn 0.958766 0.277900 0.058619
vn 0.900147 0.266500 -0.344502
vn 0.357796 -0.714800 -0.600758
vn -0.368191 0.004800 -0.929775
vn -0.619991 -0.350300 -0.702016
vn -0.002192 0.944200 -0.329441
vn 0.156341 -0.567200 -0.808577
vn -0.208526 -0.042600 -0.977009
vn 0.080115 -0.176700 -0.980969
vn -0.083863 -0.427400 -0.900147
vn -0.597222 0.531300 0.600899
vn 0.874833 0.159700 -0.457215
vn 0.375898 -0.880400 -0.288924
vn 0.229032 0.013900 -0.973332
vn 0.221890 -0.008600 -0.974959
vn -0.629608 0.775400 -0.047800
vn -0.643467 -0.724800 -0.246073
vn 0.617021 -0.193500 -0.762685
vn -0.486914 -0.872200 -0.046669
vn -0.477863 -0.878000 0.027577
vn -0.103874 -0.919700 0.378656
vn -0.329229 0.841700 0.427941
vn -0.306107 -0.041700 -0.950988
vn -0.530966 -0.511200 -0.675782
vn 0.768130 0.460200 -0.445124
vn -0.580181 -0.812300 0.058619
vn -0.141280 0.195800 -0.970433
vn -0.318552 0.389800 -0.864014
vn 0.463933 0.150700 -0.872923
vn 0.558968 -0.174200 -0.810698
vn 0.305682 -0.423200 -0.852841
vn 0.021496 0.979400 -0.200677
vn -0.839689 -0.139400 -0.524885
vn -0.486560 -0.862000 -0.142058
vn 0.523966 0.767400 -0.369534
vn 0.457569 0.509500 -0.728674
vn 0.019799 0.999800 0.008485
vn 0.115612 -0.525100 -0.843083
vn 0.646791 -0.367700 0.668145
vn 0.995536 0.028700 0.089732
vn -0.120137 -0.910200 -0.396333
vn -0.290621 -0.866100 -0.406586
vn -0.362180 -0.297500 -0.883318
vn 0.944978 -0.096100 -0.312683
vn -0.331421 0.644300 0.689217
vn -0.837073 0.521400 -0.165746
vn 0.290409 0.322400 -0.900925
vn -0.222668 0.908300 -0.354048
vn -0.063640 0.850000 -0.522835
vn 0.000212 -0.954000 0.299601
vn -0.005020 -0.998200 0.059326
vn -0.725279 -0.467200 -0.505652
vn -0.671822 0.698300 -0.247134
vn -0.683914 0.147500 -0.714461
vn -0.891450 0.359700 -0.275418
vn -0.387848 0.911900 0.134138
vn 0.273085 0.511700 -0.814587
vn -0.434305 -0.792300 -0.428507
vn 0.900147 0.423300 0.102813
vn 0.850862 0.453300 -0.265519
vn -0.123744 -0.032600 -0.991788
vn 0.335946 0.097300 -0.936846
vn 0.089590 0.985200 -0.146159
vn -0.191838 -0.731100 -0.654710
vn -0.489459 0.318200 -0.811900
vn 0.825476 0.146200 -0.545179
vn 0.790333 0.469200 -0.394071
vn 0.551473 0.204000 -0.808859
vn 0.214748 0.821100 0.528704
vn 0.167019 -0.985100 -0.039315
vn 0.064488 -0.926800 0.369958
vn -0.072125 -0.797700 -0.598637
vn 0.479913 0.183500 0.857933
vn 0.690702 0.065500 0.720118
vn 0.869883 0.286000 0.401919
vn -0.150119 -0.944300 0.292671
vn 0.808789 -0.215000 0.547301
vn -0.513854 0.774900 -0.368049
vn -0.610940 -0.681900 0.402061
vn -0.619001 0.118500 0.776403
vn -0.589161 0.356000 0.725350
vn -0.138169 -0.943900 0.299955
vn 0.251023 -0.915600 -0.314097
vn 0.676277 0.320000 -0.663549
vn -0.410970 0.900100 -0.144391
vn -0.658599 -0.735300 0.159948
vn 0.147361 -0.724800 -0.672883
vn -0.510248 -0.859100 -0.039457
vn 0.191555 -0.931900 -0.307804
vn -0.992142 0.000000 0.124663
vn -0.911956 -0.005000 0.410193
vn 0.456296 0.000000 -0.889752
vn -0.025880 0.948600 -0.315370
vn -0.470650 0.193000 0.860973
vn -0.023829 0.997800 0.062296
vn 0.538391 0.839100 -0.076650
vn 0.157190 0.974700 -0.158887
vn 0.594323 -0.398100 0.698692
vn 0.132795 0.225800 -0.965059
vn 0.207324 0.619900 -0.756746
vn -0.598212 -0.552800 -0.580110
vn -0.399162 0.258000 -0.879853
vn -0.943351 0.040400 0.329300
vn 0.198485 0.939200 0.280085
vn -0.358503 0.772500 -0.524108
vn 0.529835 -0.848000 0.011950
vn -0.603586 -0.709600 0.363311
vn -0.602667 -0.416500 -0.680590
vn 0.037618 0.747700 -0.662983
vn -0.516259 0.110100 -0.849306
vn -0.678964 0.708800 -0.190919
vn 0.289277 0.861000 -0.418395
vn -0.369110 0.880400 0.297692
vn -0.335593 -0.290400 -0.896046
vn -0.402273 -0.839600 0.364938
vn 0.175504 0.877500 -0.446184
vn -0.560453 -0.211500 -0.800728
vn 0.928007 0.257500 0.269266
vn 0.095035 0.995500 0.000707
vn 0.767847 0.145800 0.623739
vn 0.104581 -0.943000 0.315865
vn -0.333684 0.928500 -0.162705
vn 0.721602 -0.479000 -0.499854
vn -0.123178 -0.912900 -0.389192
vn 0.061660 -0.972400 -0.224860
vn -0.450356 -0.620700 0.641699
vn -0.000354 0.999900 0.010677
vn -0.962089 0.220800 -0.160089
vn -0.966332 -0.231800 -0.111299
vn -0.169988 -0.441300 0.881055
vn -0.534714 -0.616400 -0.578131
vn 0.956291 -0.246100 -0.157826
vn 0.753210 0.610300 -0.245366
vn -0.442720 0.003300 -0.896682
vn -0.675994 0.566000 -0.471923
vn -0.865569 0.486900 -0.116602
vn -0.855458 -0.423200 0.298540
vn 0.626779 0.163900 -0.761695
vn 0.360271 0.354400 -0.862882
vn -0.511662 0.265900 -0.816991
vn -0.596940 -0.796600 -0.094894
vn 0.106632 0.979400 -0.171544
vn 0.042921 0.004100 0.999071
vn 0.418466 0.845700 -0.331209
vn -0.515481 0.213600 0.829861
vn 0.076226 0.853700 -0.515057
vn -0.252649 0.750500 -0.610587
vn -0.104510 -0.994000 0.029698
vn -0.921360 -0.283800 0.265589
vn -0.858074 -0.255200 -0.445689
vn -0.239426 0.351700 -0.904955
vn 0.900076 0.180600 0.396475
vn -0.002687 1.000000 -0.001131
vn 0.126431 0.555700 0.821658
vn -0.009758 0.999900 0.007354
vn 0.009405 0.999700 0.021001
vn 0.472842 -0.782900 -0.404394
vn 0.170908 0.620700 0.765160
vn 0.432184 0.798200 -0.419597
vn 0.921855 0.264500 -0.283338
vn 0.173524 -0.904700 0.389192
vn 0.193040 0.446900 0.873418
vn 0.960392 -0.242000 0.138027
vn 0.121622 -0.153400 0.980616
vn -0.951978 0.237000 -0.193535
vn -0.667297 -0.602700 -0.437487
vn 0.257245 -0.880900 -0.397253
vn -0.477792 -0.870300 0.119713
vn -0.337219 0.242700 -0.909551
vn -0.305117 0.618500 0.724007
vn -0.608748 -0.398400 -0.686106
vn -0.067246 0.977800 -0.198626
vn -0.669064 -0.574400 0.471640
vn -0.372787 -0.727100 0.576433
vn 0.895126 0.248300 -0.370170
vn -0.751442 -0.087200 0.654003
vn 0.085560 0.332900 0.939038
vn 0.763817 0.218900 -0.607122
vn 0.157402 -0.919400 0.360483
vn -0.670267 0.304700 -0.676630
vn -0.022486 0.999600 0.014142
vn 0.851427 0.414400 -0.321380
vn 0.482954 -0.850900 -0.206758
vn 0.426810 -0.793900 -0.433032
vn 0.534431 0.025400 -0.844851
vn -0.029062 -0.944600 -0.326754
vn 0.517319 0.836200 -0.181868
vn -0.022557 0.998600 0.048013
vn -0.862034 -0.178300 -0.474398
vn 0.555150 0.829600 -0.058902
vn 0.311198 0.444200 0.840114
vn -0.480620 -0.752200 0.450781
vn -0.481469 -0.779700 0.400152
vn 0.333896 -0.205800 0.919805
vn -0.738927 -0.654700 -0.158958
vn 0.207182 0.597200 0.774848
vn -0.016900 -0.978800 0.204283
vn 0.341320 0.939300 -0.033022
vn 0.178898 0.425300 0.887136
vn 0.195161 0.950800 0.240416
vn -0.648912 -0.586100 -0.485146
vn -0.281711 -0.958200 0.049497
vn -0.571201 -0.631800 0.523966
vn 0.177767 -0.947100 0.267004
vn -0.290126 0.916600 0.274852
vn -0.622466 0.062000 0.780151
vn -0.541007 0.375200 -0.752715
vn 0.836790 0.534200 0.119501
vn -0.633143 0.661200 -0.402202
vn -0.723582 0.598000 -0.344573
vn 0.014001 0.999800 0.015839
vn -0.970645 0.227200 0.078135
vn 0.009829 0.999700 0.021850
vn 0.759433 0.541600 -0.360483
vn 0.390323 0.338200 0.856306
vn -0.189646 0.792800 -0.579120
vn 0.840255 0.077800 -0.536623
vn 0.286378 0.957200 -0.041154
vn -0.757311 0.350300 -0.551119
vn 0.836366 0.357500 0.415496
vn -0.948867 0.235700 -0.209940
vn 0.276337 -0.901900 -0.332057
vn -0.946109 -0.172500 0.273933
vn 0.861115 0.418200 -0.289065
vn -0.100197 -0.169700 0.980404
vn 0.112501 0.796300 -0.594323
vn 0.036416 -0.968000 0.248124
vn -0.018455 0.999800 0.008415
vn 0.139229 -0.976000 -0.167655
vn 0.435083 -0.900300 -0.013930
vn 0.938401 -0.006300 -0.345563
vn 0.013364 0.999500 -0.028638
vn 0.013011 0.999900 0.005657
vn 0.256892 0.795000 0.549493
vn 0.061094 -0.954500 -0.291894
vn 0.730300 -0.367400 0.575868
vn -0.751018 -0.273900 0.600687
vn 0.966403 0.243400 -0.082237
vn 0.412668 0.818400 -0.399940
vn -0.064135 0.945400 0.319400
vn -0.914148 -0.403900 0.033234
vn 0.077075 0.920700 0.382686
vn -0.749250 -0.175100 -0.638659
vn 0.775413 -0.317700 -0.545604
vn -0.341038 -0.617500 0.708733
vn 0.089308 -0.676400 0.731078
vn -0.271034 0.835700 -0.477651
vn 0.837780 0.470900 -0.276479
vn 0.610870 0.600500 -0.515834
vn 0.583010 0.778000 0.234123
vn 0.373494 -0.451600 0.810203
vn 0.872640 -0.307200 -0.379504
vn 0.266014 0.582300 0.768201
vn 0.308086 0.201900 -0.929633
vn -0.770393 -0.518700 -0.370595
vn -0.916905 -0.263200 0.300025
vn 0.096520 -0.963700 0.248831
vn 0.771453 -0.487100 -0.409273
vn 0.406091 0.533600 0.741826
vn 0.652942 0.748000 -0.118653
vn 0.148280 0.988300 0.036416
vn -0.879924 -0.403400 0.251023
vn 0.900995 -0.160400 0.403051
vn -0.383959 -0.671300 0.633992
vn -0.498157 -0.294400 -0.815648
vn -0.143472 0.564000 -0.813244
vn 0.000990 0.999900 0.011314
vn 0.079479 0.806500 0.585767
vn -0.276974 0.834200 0.476802
vn -0.909127 0.406000 0.092560
vn -0.549139 -0.318500 0.772585
vn 0.631517 0.322000 0.705339
vn -0.726552 -0.502800 0.468175
vn -0.131168 -0.741400 -0.658104
vn -0.508693 -0.858900 -0.058266
vn 0.818618 -0.567400 -0.088600
vn -0.685469 0.642800 -0.341957
vn 0.250599 0.557900 -0.791111
vn -0.457145 0.886700 -0.068519
vn -0.276054 0.768400 -0.577282
vn -0.496035 -0.632500 0.594889
vn 0.167301 -0.116100 0.979060
vn 0.995182 0.072800 -0.064771
vn 0.957352 0.073400 -0.279236
vn -0.039598 -0.999200 0.003818
vn 0.298753 -0.429600 -0.852134
vn -0.282913 -0.452000 -0.845912
vn -0.144886 0.028300 -0.989030
vn 0.004808 1.000000 0.005091
vn -0.508834 0.789600 0.342947
vn 0.507703 0.600200 0.618011
vn -0.342240 -0.938500 -0.045255
vn 0.059680 0.801300 -0.595242
vn -0.484156 -0.696800 -0.529128
vn -0.689924 -0.351400 -0.632790
vn 0.764453 0.630200 0.135835
vn -0.073963 -0.992000 -0.101965
vn 0.453892 -0.887100 -0.084075
vn -0.023829 -0.911600 0.410334
vn 0.880843 0.008500 -0.473267
vn 0.955372 0.006900 0.295359
vn -0.795495 -0.327200 0.509965
vn -0.813385 0.572900 -0.101328
vn -0.199616 0.863800 -0.462519
vn 0.343654 -0.864800 -0.365998
vn 0.726976 0.681200 -0.086762
vn 0.862953 0.459300 -0.210576
vn 0.102389 0.946600 -0.305753
vn -0.358574 0.933400 -0.009970
vn 0.455660 -0.040400 -0.889257
vn 0.011455 0.999200 0.037477
vn -0.152028 0.345000 -0.926168
vn -0.422213 -0.863100 0.277115
vn -0.259225 -0.856200 0.446891
vn 0.133643 -0.883300 0.449296
vn 0.319895 0.633500 -0.704561
vn 0.571484 0.758200 -0.313814
vn -0.637032 0.765700 0.088176
vn 0.119077 0.513500 0.849801
vn -0.266438 -0.820100 0.506288
vn 0.465701 -0.825100 -0.319895
vn -0.466125 -0.266800 0.843578
vn -0.646791 0.495900 0.579474
vn -0.537118 -0.237200 0.809496
vn -0.568090 -0.374900 0.732563
vn 0.143472 0.886600 0.439750
vn -0.620981 0.590000 -0.515905
vn 0.208031 -0.917800 0.338280
vn 0.275842 -0.347600 0.896116
vn 0.005162 0.613500 -0.789626
vn 0.656549 -0.753700 -0.027648
vn 0.007354 0.987300 0.158816
vn 0.053245 -0.969500 0.239073
vn -0.613415 -0.731300 0.298187
vn -0.668852 -0.687300 -0.283196
vn 0.622537 0.459600 0.633426
vn -0.140644 -0.501700 0.853549
vn 0.008485 0.999900 -0.005091
vn -0.611435 -0.504000 -0.609880
vn 0.655629 0.658900 -0.368685
vn 0.550058 0.639300 -0.537330
vn -0.959120 -0.282000 0.023900
vn 0.626214 0.767000 0.139583
vn 0.026234 0.999600 0.011526
vn -0.343512 0.214100 -0.914430
vn 0.044901 0.666500 -0.744088
vn 0.122259 0.087400 -0.988606
vn 0.742745 0.641300 -0.192192
vn 0.863802 -0.483400 -0.141704
vn 0.810910 0.568100 -0.140431
vn 0.854892 0.449300 -0.259508
vn 0.327603 0.773000 -0.543270
vn 0.306672 0.928800 -0.207819
vn 0.145735 -0.166100 -0.975312
vn 0.331633 0.688800 -0.644599
vn -0.003253 -0.160700 -0.986980
vn -0.342452 -0.604100 0.719481
vn -0.780646 -0.551900 0.293166
vn -0.817981 -0.065000 -0.571484
vn -0.008980 0.999900 -0.004031
vn -0.559816 -0.313300 0.767140
vn -0.852276 -0.201500 0.482600
vn 0.756675 0.170400 -0.631234
vn -0.437133 -0.100400 -0.893783
vn 0.481257 0.394100 -0.782909
vn 0.722451 0.117500 -0.681297
vn 0.759645 0.454400 0.465206
vn 0.117945 -0.244100 -0.962514
vn 0.267074 0.584700 0.766009
vn 0.820032 0.361100 0.443992
vn -0.333896 0.559100 0.758867
vn 0.883742 0.385300 0.265589
vn 0.297904 -0.588300 0.751725
vn -0.037406 -0.797000 -0.602809
vn -0.037052 -0.998400 0.041154
vn 0.642477 -0.759000 -0.105500
vn -0.126360 0.992000 -0.000495
vn 0.215950 -0.413300 -0.884591
vn -0.200041 -0.642000 -0.740129
vn 0.061518 0.347100 -0.935785
vn -0.942856 0.166400 0.288641
vn -0.816638 0.487500 -0.308794
vn 0.486843 0.828100 0.277822
vn -0.129471 -0.450100 0.883530
vn -0.146583 -0.872200 0.466620
vn 0.006859 -0.980600 0.195656
vn 0.480338 -0.518100 -0.707743
vn -0.561584 -0.616700 -0.551543
vn -0.269266 -0.442100 -0.855599
vn -0.956715 0.265700 -0.118511
vn 0.181161 -0.316500 -0.931118
vn -0.019728 0.999100 0.037406
vn -0.023759 0.997800 0.061235
vn 0.005445 0.999600 -0.026658
vn -0.380848 -0.015900 0.924471
vn -0.828305 -0.063800 0.556493
vn -0.053033 0.845600 -0.531179
vn -0.735391 0.289300 -0.612779
vn 0.589939 -0.388400 -0.707885
vn 0.939179 0.270100 -0.211991
vn 0.635265 0.177600 -0.751655
vn -0.953109 0.258100 0.158180
vn 0.426456 -0.542300 -0.723865
vn -0.970433 0.050900 -0.235749
vn 0.335381 0.140300 0.931613
vn -0.725350 0.677500 -0.121764
vn -0.059751 0.651300 -0.756392
vn -0.326330 0.692500 -0.643396
vn -0.087186 -0.967400 0.237517
vn -0.569362 -0.328500 0.753634
vn 0.568726 0.743900 -0.350796
vn 0.279449 -0.675300 0.682499
vn -0.617304 -0.183800 -0.764948
vn -0.003394 0.996300 -0.085984
vn 0.156553 -0.353900 -0.922067
vn 0.715521 0.691200 0.101046
vn 0.050134 0.972400 -0.227901
vn -0.755190 0.079700 -0.650538
vn 0.731785 0.681400 -0.013647
vn -0.096308 0.832400 -0.545745
vn -0.358079 -0.933400 0.023617
vn 0.356311 -0.753900 -0.551897
vn -0.691338 -0.678400 0.248407
vn 0.701167 -0.138600 -0.699329
vn 0.656549 0.704000 -0.270468
vn 0.558826 -0.828000 -0.045184
vn 0.502612 -0.435400 0.746846
vn -0.225426 -0.969800 -0.092772
vn 0.591212 0.746500 -0.305258
vn -0.249679 0.653900 -0.714107
vn -0.847609 0.040300 0.529128
vn 0.141633 -0.831900 -0.536482
vn 0.289772 -0.705700 -0.646437
vn 0.470155 -0.535500 -0.701521
vn -0.066044 0.055100 0.996313
vn -0.141421 -0.427100 0.893076
vn 0.280863 0.727900 0.625507
vn -0.820032 -0.258000 -0.510885
vn -0.564908 0.484300 -0.668004
vn 0.786303 0.497000 -0.366988
vn 0.910824 0.374200 0.174443
vn -0.560948 -0.650400 0.512157
vn -0.596232 0.643100 -0.480550
vn 0.267074 0.958500 0.099207
vn 0.518026 0.431700 -0.738361
vn -0.647073 0.531600 -0.546523
vn -0.663973 0.605300 -0.439113
vn 0.476024 0.704400 0.526512
vn 0.474327 0.644100 0.600051
vn 0.097864 -0.551400 0.828446
vn -0.073468 0.894900 -0.440174
vn -0.387848 -0.812300 0.435507
vn 0.277539 0.922500 0.268064
vn -0.631658 -0.768400 -0.102177
vn -0.539593 -0.600900 0.589656
vn -0.633638 -0.231900 0.738007
vn -0.709087 -0.153700 0.688156
vn 0.447740 0.135800 0.883742
vn -0.663690 -0.080400 -0.743593
vn -0.362887 -0.555700 0.747978
vn -0.866277 -0.338100 -0.367766
vn 0.978424 0.139000 0.152523
vn 0.649902 0.712500 -0.264387
vn 0.954736 -0.038500 -0.295005
vn -0.905804 -0.084100 0.415213
vn -0.263468 0.249100 -0.931967
vn -0.881904 -0.054900 0.468246
vn -0.250669 -0.848700 0.465630
vn 0.568726 -0.632600 -0.525592
vn 0.325764 0.579900 -0.746775
vn -0.252508 0.681100 0.687237
vn 0.778525 -0.041500 -0.626214
vn 0.119713 0.965900 0.229315
vn 0.863024 0.501000 -0.064559
vn 0.976302 0.200400 -0.081388
vn -0.302500 0.160700 0.939462
vn -0.004808 0.999900 0.007071
vn 0.572049 -0.044200 -0.818971
vn -0.434659 0.894400 -0.105430
vn -0.893783 0.437800 -0.097156
vn 0.776686 0.241100 0.581807
vn 0.002546 1.000000 0.001273
vn -0.609314 -0.728000 0.314168
vn -0.641134 -0.724900 -0.251801
vn 0.371231 0.922200 -0.107763
vn -0.062720 0.996700 -0.051690
vn 0.192545 -0.768700 0.609880
vn -0.621193 -0.133900 0.772090
vn -0.345917 0.515500 0.783899
vn 0.006293 0.848400 0.529269
vn 0.027506 0.674000 0.738149
vn -0.497945 -0.436800 0.749109
vn 0.005374 -0.927900 0.372787
vn 0.093621 -0.973500 -0.208455
vn 0.000141 1.000000 0.005233
vn -0.010819 0.999900 0.007425
vn 0.003182 1.000000 0.000212
vn -0.003394 1.000000 0.004384
vn -0.332057 -0.551800 0.764948
vn 0.383888 -0.761900 0.521633
vn -0.730088 -0.574300 0.370312
vn 0.120137 0.985400 0.120703
vn -0.480620 -0.125200 -0.867974
vn 0.532310 -0.772700 -0.345775
vn 0.955018 0.073400 -0.287085
vn -0.798819 0.509300 -0.320107
vn 0.023405 0.999400 0.023829
vn 0.003677 0.999900 0.013576
vn -0.687237 -0.724500 -0.051690
vn -0.001202 -0.999900 -0.011667
vn -0.222032 -0.949000 0.223870
vn 0.402273 0.729900 0.552604
vn 0.339411 0.659000 0.671186
vn -0.537684 -0.502800 0.676843
vn -0.569009 0.816000 -0.101187
vn -0.879924 0.427900 -0.206334
vn -0.631022 0.699200 0.335876
vn 0.523825 0.661800 -0.536270
vn 0.113915 -0.988500 0.099207
vn -0.845063 -0.245900 0.474681
vn -0.329158 0.789100 -0.518521
vn -0.001061 0.999900 0.010112
vn 0.818335 0.031100 0.573817
vn 0.059185 -0.907900 -0.415001
vn -0.863095 0.481300 -0.152594
vn 0.037123 -0.264900 -0.963574
vn 0.878368 -0.323900 0.351432
vn 0.568938 -0.756500 0.322299
vn 0.427800 -0.686400 0.588030
vn 0.978282 -0.001700 -0.207253
vn 0.955443 0.023900 -0.293874
vn -0.580323 -0.001600 0.814375
vn -0.994616 0.091100 0.049497
vn -0.959049 -0.196000 0.204425
vn 0.294934 0.877000 0.379221
vn -0.467751 -0.575800 -0.670549
vn -0.008910 0.999800 0.018668
vn 0.399798 -0.439800 0.804122
vn 0.740765 0.003800 -0.671751
vn 0.365433 0.298700 0.881621
vn -0.632295 -0.580500 -0.513077
vn 0.133007 -0.388500 0.911814
vn 0.841881 -0.519600 -0.145523
vn -0.329653 0.893100 -0.306036
vn 0.278812 -0.730800 0.623032
vn -0.333896 0.185500 -0.924189
vn 0.593828 0.420500 -0.685894
vn 0.398596 0.504900 0.765585
vn 0.138593 -0.574500 0.806667
vn 0.064064 -0.869000 0.490591
vn 0.031113 0.858400 -0.511945
vn -0.461034 -0.595400 0.658034
vn 0.812819 -0.576400 -0.084075
vn 0.588101 0.627900 -0.509612
vn 0.266650 -0.947600 -0.175857
vn 0.352634 0.692300 -0.629537
vn -0.185969 -0.631700 0.752503
vn -0.374272 0.919700 -0.118723
vn 0.751089 0.657800 0.055296
vn -0.419597 0.865800 -0.272519
vn 0.056003 0.548600 -0.834103
vn 0.009334 0.999900 -0.006505
vn 0.229810 0.695000 0.681227
vn -0.878085 0.473400 -0.068731
vn -0.151957 0.953700 -0.259579
vn -0.661569 -0.745400 0.081317
vn 0.579403 0.813900 0.042144
vn 0.169211 -0.483200 -0.858923
vn 0.371231 -0.827400 -0.421436
vn -0.048508 -0.671500 0.739351
vn 0.448235 -0.780600 -0.435648
vn -0.569292 -0.774100 0.276832
vn -0.149058 -0.941300 0.302642
vn 0.557624 0.610500 0.562433
vn -0.437346 0.498600 -0.748331
vn -0.087045 -0.773600 0.627699
vn 0.499217 0.541500 0.676418
vn 0.085772 -0.989800 -0.113349
vn 0.223729 -0.235700 0.945685
vn -0.638376 -0.766200 -0.072691
vn 0.743099 -0.125000 -0.657397
vn 0.440528 -0.812700 -0.381272
vn -0.425961 0.848400 0.314238
vn -0.781777 -0.090300 -0.616880
vn -0.319471 -0.273100 0.907359
vn -0.695510 -0.690600 -0.198273
vn 0.289772 0.676100 0.677408
vn -0.712622 -0.387700 0.584636
vn -0.213122 -0.339500 0.916128
vn 0.355038 -0.195000 0.914218
vn 0.705693 -0.708500 0.000141
vn -0.537613 -0.768700 0.346412
vn -0.013364 -0.992600 0.120279
vn -0.389757 0.635500 -0.666377
vn 0.289560 0.198900 0.936280
vn -0.320814 0.215100 0.922421
vn 0.717784 0.495100 0.489530
vn 0.074600 -0.809200 -0.582727
vn 0.000424 -0.160800 -0.986980
vn 0.150826 -0.321300 -0.934866
vn -0.937482 -0.228500 0.262619
vn 0.690843 -0.719000 0.075802
vn 0.598990 0.799200 -0.049144
vn 0.712552 0.694000 -0.102884
vn 0.593475 -0.802500 0.061448
vn -0.126006 -0.688600 0.714036
vn 0.723441 -0.472700 -0.503106
vn -0.312046 0.587600 0.746493
vn 0.115188 -0.664900 -0.738007
vn 0.032456 0.107100 -0.993697
vn 0.196434 0.334400 -0.921643
vn 0.421718 0.774500 0.471499
vn 0.856589 0.448300 -0.255407
vn 0.529057 -0.279800 -0.801152
vn 0.466549 -0.084400 0.880489
vn -0.703642 -0.682400 -0.197919
vn -0.344149 0.453400 0.822153
vn 0.267286 -0.177500 0.947099
vn 0.268771 0.821800 -0.502258
vn -0.182009 -0.013400 0.983161
vn -0.974181 -0.071500 0.213900
vn -0.183494 0.321700 0.928926
vn 0.523047 0.417600 -0.742957
vn 0.113066 -0.778300 0.617516
vn -0.117309 -0.439800 0.890318
vn -0.631093 -0.705800 0.321804
vn -0.110238 -0.934600 0.338068
vn -0.934371 -0.206500 -0.290055
vn 0.009475 0.999500 -0.030688
vn 0.550624 -0.051100 -0.833184
vn 0.832760 0.398200 0.384454
vn 0.019587 -0.558300 -0.829366
vn 0.285742 -0.626400 0.725138
vn 0.705339 0.645000 -0.293944
vn -0.715309 0.453000 0.532027
vn -0.917330 -0.392800 0.064559
vn -0.192192 -0.838500 0.509824
vn -0.862600 0.467800 0.192404
vn -0.652235 -0.077500 0.754059
vn 0.276620 -0.942500 0.187242
vn 0.546452 0.818500 0.177060
vn 0.155846 0.954000 0.256114
vn -0.527855 -0.489000 -0.694450
vn -0.281711 0.060300 -0.957564
vn 0.207253 -0.785100 -0.583717
vn -0.255266 0.820100 -0.512087
vn -0.014849 0.855300 0.517885
vn 0.502965 0.566800 0.652447
vn 0.159735 0.678400 0.717077
vn -0.966049 -0.252800 -0.051336
vn -0.149907 0.813300 -0.562150
vn -0.301793 -0.937300 -0.174231
vn 0.620345 -0.680600 0.389828
vn 0.893924 0.448100 -0.006505
vn 0.660862 0.152400 -0.734825
vn -0.417829 -0.681800 -0.600546
vn -0.869600 0.321200 -0.374908
vn 0.067670 -0.024800 0.997374
vn 0.155846 0.958300 -0.239568
vn 0.353483 0.675300 -0.647356
vn 0.554372 0.291800 -0.779373
vn -0.038891 -0.259500 0.964918
vn -0.524532 -0.743500 -0.414647
vn -0.946887 -0.121500 -0.297621
vn -0.524461 -0.264200 0.809425
vn -0.422991 0.319400 0.847962
vn -0.012021 0.999800 0.011455
vn 0.328451 0.917400 0.224506
vn -0.816284 0.234700 0.527785
vn 0.716723 0.319000 0.620133
vn 0.449437 0.710500 -0.541361
vn 0.219981 0.776100 -0.590929
vn -0.623668 0.277400 -0.730724
vn -0.723936 -0.403800 0.559321
vn -0.539381 -0.481200 0.690985
vn 0.414365 -0.794200 -0.444487
vn -0.516329 0.438700 0.735391
vn -0.093197 -0.506800 0.857013
vn 0.358645 -0.690800 0.627769
vn -0.008273 0.999600 0.025102
vn -0.492076 0.206500 0.845629
vn 0.323289 0.287500 0.901561
vn 0.118582 -0.924200 0.362958
vn 0.255478 -0.300400 0.918885
vn 0.015698 0.999800 -0.002546
vn 0.988394 0.112300 -0.102530
vn 0.484227 0.719500 -0.497803
vn -0.977999 0.173000 -0.116319
vn -0.252508 -0.579500 0.774777
vn -0.873277 -0.333400 0.355250
vn -0.997516 -0.057600 0.040376
vn 0.218567 -0.960300 -0.173453
vn 0.530118 0.807400 -0.258872
vn 0.266296 0.886000 0.379575
vn -0.612213 0.650300 -0.449720
vn -0.802708 0.551800 -0.225991
vn 0.582232 0.247500 -0.774423
vn -0.461175 0.675200 0.575585
vn 0.709299 0.216500 0.670832
vn 0.283974 0.748300 -0.599485
vn -0.210364 0.847200 0.487833
vn 0.200323 0.699600 0.685823
vn -0.764453 0.587000 -0.266226
vn -0.024537 -0.306400 0.951554
vn -0.654215 -0.595000 -0.466832
vn -0.222809 0.496000 0.839265
vn 0.041931 -0.647100 -0.761200
vn -0.515269 0.258400 0.817062
vn -0.264387 0.461300 -0.846902
vn 0.999425 -0.009200 0.032810
vn -0.993344 0.061900 -0.097015
vn 0.754907 -0.655600 0.014001
vn 0.253144 0.558500 0.789980
vn -0.127774 -0.561100 0.817769
vn 0.178969 -0.231500 -0.956221
vn 0.394495 0.403100 -0.825689
vn 0.589444 0.437300 -0.679105
vn 0.090934 0.698400 0.709935
vn 0.285530 -0.557900 -0.779232
vn 0.639790 -0.269900 0.719552
vn 0.421577 -0.838500 0.345210
vn 0.683843 -0.518800 -0.512865
vn -0.356311 -0.718500 -0.597293
vn -0.808152 0.160400 0.566746
vn -0.394990 -0.628200 0.670337
vn -0.380918 -0.741100 -0.552887
vn -0.380070 -0.174100 0.908420
vn -0.032173 0.558900 0.828517
vn -0.876317 -0.124400 0.465347
vn -0.336300 0.082000 0.938189
vn -0.014920 0.999800 -0.007990
vn -0.445053 -0.029700 0.895056
vn -0.004384 0.999800 0.017678
vn -0.498864 -0.789200 -0.358150
vn -0.002051 0.999600 0.027224
vn 0.117875 -0.161200 0.979838
vn 0.603445 -0.768200 0.213971
vn 0.524390 0.407600 0.747553
vn 0.896753 -0.234600 0.375191
vn 0.926805 -0.290400 0.238083
vn 0.689288 0.719200 -0.086691
vn -0.863165 -0.413300 -0.289984
vn -0.762120 0.616700 -0.197000
vn -0.699187 -0.106400 0.706965
vn 0.001909 1.000000 0.005445
vn -0.004101 0.999900 0.009899
vn -0.021637 -0.738900 0.673448
vn -0.007566 0.405100 0.914218
vn -0.426103 0.871600 0.242396
vn 0.618860 0.682900 0.388060
vn 0.515057 0.516300 -0.684197
vn -0.630739 0.709000 0.315228
vn 0.258235 0.933900 -0.247205
vn 0.017748 0.999700 -0.015061
vn 0.169069 0.169600 -0.970928
vn -0.447528 -0.514100 0.731643
vn 0.035072 -0.622200 -0.782060
vn -0.662913 -0.585400 -0.466620
vn -0.126219 -0.554800 0.822294
vn 0.270398 0.561400 -0.782060
vn -0.003606 -0.469100 0.883106
vn 0.324633 0.737600 0.592061
vn -0.107197 0.805600 0.582656
vn -0.132017 -0.823200 0.552180
vn -0.612496 -0.697200 -0.372504
vn -0.970575 0.000000 -0.240982
vn 0.156058 0.975300 0.156058
vn 0.500490 -0.378300 0.778666
vn -0.707460 -0.588500 -0.391384
vn -0.660296 -0.598200 0.453963
vn 0.247770 -0.195000 -0.948937
vn 0.809920 -0.261400 0.524956
vn 0.201950 -0.572700 -0.794505
vn 0.803344 0.262800 -0.534361
vn -0.940947 0.297100 -0.162422
vn 0.257175 0.269800 0.927936
vn 0.646296 0.219700 -0.730724
vn -0.069579 -0.325000 -0.943139
vn 0.033093 0.154000 -0.987545
vn 0.011597 0.999800 0.015981
vn -0.309501 0.241400 0.919734
vn -0.004525 0.999900 0.008061
vn -0.394848 -0.071200 0.915986
vn 0.684409 -0.728200 0.035850
vn -0.283338 0.954000 0.097651
vn -0.003889 1.000000 0.002475
vn 0.614052 -0.781100 0.112996
vn 0.846124 0.150800 -0.511097
vn -0.796697 -0.472500 -0.376817
vn -0.237517 -0.570800 0.785949
vn -0.017395 -0.641500 0.766928
vn 0.430982 -0.390700 0.813385
vn 0.693247 -0.720700 -0.000000
vn 0.733128 -0.110900 -0.670903
vn -0.319612 0.947200 -0.024749
vn 0.450781 -0.849200 -0.274852
vn 0.576928 -0.811500 -0.092702
vn -0.011738 -0.632000 -0.774848
vn -0.126289 -0.622100 -0.772585
vn -0.936139 0.351400 -0.007707
vn -0.372009 -0.924800 0.079691
vn -0.703359 -0.710300 0.026799
vn 0.596445 0.802500 -0.010677
vn -0.123107 0.169000 0.977858
vn 0.054730 -0.090900 0.994334
vn 0.438972 0.779800 -0.446326
vn 0.506076 0.722700 -0.470580
vn 0.867196 0.486300 0.106915
vn -0.012021 0.999900 0.006647
vn 0.880701 0.017100 0.473267
vn 0.546099 -0.148700 0.824416
vn 0.391313 -0.772200 0.500490
vn -0.918390 -0.062900 -0.390606
vn 0.265236 -0.421400 -0.867125
vn -0.865428 0.484500 0.127067
vn 0.847397 -0.146900 -0.510248
vn 0.010041 0.298000 0.954453
vn -0.506147 0.851500 -0.136896
vn -0.760705 -0.101100 0.641063
vn -0.471923 -0.045200 0.880489
vn -0.291964 0.323100 0.900218
vn -0.490096 0.166700 0.855528
vn 0.759645 0.160400 -0.630244
vn 0.849235 -0.508700 -0.141280
vn -0.751655 0.658500 0.036345
vn 0.920653 -0.379200 0.092207
vn 0.049002 0.997900 -0.043063
vn -0.548927 0.760000 -0.347967
vn 0.548998 0.817700 -0.172958
vn -0.812112 0.377000 -0.445265
vn 0.463508 0.854800 0.233275
vn 0.353341 -0.258900 0.898945
vn 0.077782 -0.709500 -0.700319
vn 0.612072 -0.687400 0.391030
vn -0.007071 -0.835500 -0.549281
vn 0.237234 -0.971400 0.002051
vn 0.450710 -0.891900 0.035780
vn 0.612920 0.422000 0.667933
vn -0.847467 0.438900 0.298611
vn 0.000707 -0.200000 0.979767
vn 0.099631 0.136400 0.985636
vn -0.461529 -0.537000 0.706046
vn 0.556493 -0.762600 -0.329795
vn 0.060528 0.435200 0.898308
vn -0.789626 0.294000 0.538603
vn -0.873701 0.477800 0.091358
vn 0.747765 0.562700 0.352351
vn -0.278247 -0.624400 -0.729805
vn 0.656195 -0.639400 -0.400647
vn -0.945472 -0.065100 -0.319259
vn 0.980545 0.153700 -0.122117
vn -0.098783 -0.823900 -0.557978
vn 0.666731 0.742900 0.059185
vn -0.962302 -0.253500 -0.098359
vn 0.308723 -0.929200 -0.203081
vn -0.326118 -0.014500 0.945260
vn 0.204637 -0.099900 0.973686
vn -0.761059 0.237800 0.603516
vn 0.355816 0.748900 -0.559039
vn 0.676136 0.384800 0.628194
vn 0.352846 -0.798600 0.487621
vn -0.984646 -0.149500 -0.089873
vn -0.196010 0.848400 0.491722
vn -0.696712 -0.700900 0.152664
vn -0.500207 -0.555000 0.664539
vn -0.837285 0.427000 0.341603
vn -0.265448 -0.608300 0.747978
vn 0.911249 0.174400 -0.372999
vn 0.242255 0.195400 -0.950352
vn -0.099914 0.371600 0.922986
vn 0.597293 0.158400 0.786232
vn 0.305399 0.947500 -0.094257
vn 0.605425 0.068200 0.792950
vn 0.754907 -0.528400 0.388484
vn -0.447457 -0.631400 -0.633285
vn -0.390323 -0.379700 -0.838770
vn -0.030476 -0.232000 -0.972201
vn -0.448023 -0.792000 -0.414789
vn -0.374767 0.412200 0.830426
vn -0.947311 -0.084700 0.308794
vn -0.883389 0.260300 0.389545
vn -0.570140 -0.608400 0.552038
vn 0.268488 -0.616900 -0.739846
vn 0.465559 -0.879500 -0.098005
vn -0.005091 -0.950100 -0.311976
vn 0.339765 -0.933200 -0.117026
vn 0.259720 -0.717000 -0.646791
vn 0.454882 0.019000 -0.890318
vn -0.877095 0.246300 0.412385
vn -0.585909 -0.667900 -0.458912
vn -0.271812 0.836100 0.476449
vn 0.368191 0.725500 0.581454
vn -0.364019 0.760300 0.537825
vn -0.312470 -0.510000 -0.801364
vn -0.770817 0.510900 -0.380494
vn 0.083368 -0.116200 0.989737
vn -0.836154 -0.547700 -0.030052
vn -0.643184 0.118900 0.756463
vn -0.541502 0.209000 0.814304
vn 0.583505 0.812000 0.001414
vn -0.670196 -0.363000 0.647286
vn -0.847680 0.174500 0.500914
vn -0.908349 0.417900 -0.014284
vn 0.638517 0.673100 0.373070
vn -0.680095 0.662000 0.314945
vn -0.330290 0.943000 -0.039103
vn 0.004738 0.999900 0.007283
vn -0.243598 0.948700 0.201596
vn 0.672246 -0.210900 -0.709582
vn -0.055932 0.862800 0.502399
vn -0.010182 0.999900 0.004667
vn -0.980333 -0.021700 -0.196151
vn -0.707107 0.000000 -0.707107
vn -0.492358 -0.785400 -0.375120
vn -0.313036 0.862900 0.396758
vn -0.175716 -0.761800 -0.623456
vn 0.960039 0.054600 -0.274428
vn -0.166312 0.295800 0.940593
vn -0.002899 0.999900 0.007566
vn -0.316501 -0.567000 0.760423
vn 0.716016 -0.597500 0.361049
vn 0.581525 0.804000 -0.123602
vn 0.827739 0.493100 -0.267711
vn 0.820456 0.147800 0.552321
vn -0.819183 -0.113300 0.562221
vn 0.008344 0.999900 0.004950
vn -0.385444 0.771000 -0.506925
vn -0.810344 0.346000 0.472772
vn -0.507986 0.233300 0.829153
vn -0.274852 -0.854400 0.440881
vn -0.673166 -0.737500 0.053457
vn 0.661993 -0.748000 -0.046386
vn 0.638305 0.752300 -0.162847
vn 0.555503 0.616800 -0.557624
vn -0.756604 -0.643500 0.115541
vn 0.996526 -0.068500 0.046033
vn -0.527148 -0.771200 0.356735
vn -0.294510 0.150800 0.943634
vn 0.902834 0.322300 -0.284398
vn -0.005162 1.000000 -0.005303
vn 0.542917 -0.530000 0.651387
vn 0.360059 0.732600 0.577565
vn 0.426315 0.764600 -0.483307
vn -0.179959 0.876100 -0.447104
vn 0.644811 -0.674500 -0.359564
vn 0.141775 -0.352200 0.925108
vn -0.105217 -0.773600 0.624800
vn 0.667367 0.618500 0.414647
vn 0.723229 0.498700 0.477721
vn 0.997374 -0.020000 -0.068801
vn -0.153159 0.940800 0.302217
vn -0.822789 -0.126500 0.554089
vn -0.802566 -0.011300 0.596374
vn -0.928007 0.276100 -0.250174
vn -0.228890 -0.859000 0.457852
vn 0.424900 -0.894900 -0.136542
vn 0.927653 -0.347800 -0.135694
vn 0.349381 0.936200 -0.038396
vn -0.263892 -0.181800 0.947240
vn -0.999142 0.015100 -0.037052
vn -0.847821 -0.481400 0.222314
vn -0.328239 0.855200 0.401212
vn -0.009758 0.999800 0.015415
vn 0.006718 0.999800 0.019587
vn -0.311056 0.949600 -0.037123
vn -0.938826 0.018400 0.343866
vn 0.792384 -0.202200 -0.575443
vn 0.180171 0.654000 -0.734684
vn -0.819678 0.478000 -0.315652
vn -0.598354 0.800800 -0.025597
vn 0.153230 0.828400 -0.538745
vn -0.647286 0.138900 0.749392
vn 0.838841 -0.427200 0.337361
vn 0.957069 -0.025000 0.288712
vn 0.000071 0.999600 0.026092
vn -0.191909 -0.537100 0.821375
vn 0.416627 -0.481300 0.771171
vn 0.904390 0.056900 0.422850
vn -0.719764 0.674800 0.162988
vn -0.055579 0.975800 0.211425
vn -0.766292 -0.172600 0.618931
vn -0.586192 0.776400 -0.231224
vn -0.431618 0.878900 0.202940
vn 0.737017 -0.487100 -0.468458
vn 0.987050 0.000000 0.160584
vn -0.994404 -0.012200 -0.104440
vn 0.984788 -0.003700 0.173595
vn 0.721532 0.101700 0.684762
vn -0.324491 0.788800 0.522057
vn 0.397394 -0.828600 0.394283
vn -0.255973 -0.445500 0.857862
vn 0.003111 0.999800 0.020789
vn -0.653791 -0.746800 0.121481
vn 0.795495 -0.215100 -0.566393
vn 0.729946 0.652900 0.201879
vn 0.977646 -0.165700 0.129542
vn 0.414294 -0.873300 -0.256326
vn -0.874408 0.309200 0.373777
vn -0.416274 -0.595400 0.687096
vn 0.681792 -0.469100 0.561301
vn -0.326188 -0.826600 -0.458559
vn -0.871509 0.231100 0.432396
vn -0.941301 0.064400 0.331209
vn 0.907572 0.234500 -0.348250
vn 0.444629 0.625800 -0.640780
vn 0.864862 0.101700 0.491651
vn 0.613698 0.469600 0.634628
vn -0.610799 -0.778200 0.145947
vn 0.418961 0.872300 0.251942
vn 0.262761 -0.632000 0.729027
vn 0.502470 0.356900 -0.787434
vn -0.545109 0.702300 0.457852
vn -0.982313 0.088000 0.165180
vn 0.740765 -0.643500 0.192757
vn -0.736593 0.370800 -0.565615
vn 0.518521 0.480500 0.707177
vn 0.001838 0.999900 0.012162
vn -0.085843 0.995600 -0.037618
vn 0.942785 0.018300 0.332835
vn 0.647215 0.647000 0.402980
vn -0.726976 0.112100 0.677479
vn 0.478570 0.676200 0.560029
vn 0.004313 0.999800 0.016334
vn 0.833962 0.543800 0.093197
vn -0.740058 0.335100 0.583080
vn 0.338492 -0.926300 -0.165534
vn -0.726199 0.677700 0.115541
vn 0.828234 0.338200 0.446821
vn -0.022910 0.752600 0.658034
vn 0.245790 0.723800 0.644740
vn 0.619708 0.675100 0.400222
vn 0.000212 -0.608200 -0.793727
vn -0.841386 0.521700 0.140785
vn -0.995465 0.058300 0.075236
vn -0.699682 -0.681800 -0.213193
vn -0.765797 0.089100 0.636820
vn -0.607617 -0.739900 0.288712
vn -0.390818 0.734200 0.555150
vn -0.016829 -0.999600 0.020789
vn 0.000919 -1.000000 0.000212
vn -0.868822 -0.490400 -0.067953
vn -0.002263 1.000000 -0.003536
vn 0.638376 0.226500 0.735674
vn -0.364160 0.622500 0.692682
vn -0.726057 0.040800 0.686318
vn -0.756604 -0.256600 0.601324
vn -0.866630 0.139600 0.478994
vn 0.637598 0.036200 -0.769544
vn -0.358008 -0.769700 -0.528562
vn -0.991152 0.067800 0.114198
vn 0.796344 0.409100 0.445477
vn 0.766150 0.642300 0.019021
vn -0.733270 -0.483800 0.477721
vn -0.893217 -0.099200 0.438548
vn -0.251376 0.757500 -0.602526
vn 0.761413 -0.515100 -0.393576
vn -0.140856 -0.710000 -0.689995
vn 0.014142 0.999800 0.007212
vn 0.763392 0.637300 0.105217
vn 0.671822 0.737400 0.068519
vn -0.961100 -0.082400 -0.263609
vn -0.942715 0.009300 0.333330
vn -0.049710 -0.021300 0.998505
vn -0.217152 0.838100 -0.500419
vn 0.519016 0.679900 -0.518026
vn -0.404889 0.210200 0.889823
vn 0.506713 0.537900 0.673731
vn -0.978070 0.038900 -0.204637
vn 0.289207 -0.939600 0.182858
vn 0.123885 0.958800 0.255548
vn -0.830850 0.547300 -0.100126
vn -0.331421 0.892900 -0.304834
vn -0.326966 -0.737300 0.591141
vn -0.886924 -0.297600 0.353200
vn -0.809637 0.584400 -0.053740
vn -0.771524 0.222900 0.595879
vn 0.368049 -0.547600 -0.751442
vn 0.129330 -0.853200 0.505228
vn -0.056851 -0.481800 0.874408
vn 0.735886 0.093900 0.670549
vn 0.918532 -0.222800 -0.326683
vn 0.322229 0.011700 0.946604
vn -0.572827 0.287100 0.767706
vn -0.915067 -0.083400 -0.394636
vn 0.829012 -0.128900 -0.544189
vn 0.629042 -0.326200 0.705551
vn 0.449578 -0.323500 0.832548
vn 0.440740 -0.867900 -0.229032
vn 0.002192 0.999900 0.007566
vn 0.503814 -0.129600 0.853973
vn 0.776969 -0.105700 0.620557
vn -0.970645 0.033600 0.238224
vn -0.732492 -0.156100 0.662630
vn 0.591778 0.267600 0.760352
vn 0.825194 -0.201000 0.527926
vn 0.007354 0.999900 0.013576
vn 0.962160 0.075400 -0.261700
vn 0.001061 1.000000 0.003182
vn 0.692258 0.103400 0.714178
vn -0.099702 -0.455800 0.884449
vn 0.482954 0.807000 -0.339836
vn -0.847185 0.521500 -0.101470
vn 0.454740 -0.546700 0.703076
vn 0.793162 -0.603000 0.084641
vn 0.919168 0.000000 0.393929
vn 0.010536 0.998400 0.055508
vn 0.047164 -0.451000 0.891308
vn -0.733553 0.639400 0.230093
vn -0.332835 0.623400 0.707460
vn 0.635477 0.698500 0.328875
vn 0.893359 -0.260700 0.365857
vn -0.034719 0.908400 0.416698
vn 0.693460 -0.684200 0.225779
vn -0.989667 -0.024400 0.141563
vn 0.695864 -0.718000 -0.011102
vn 0.314804 0.900700 0.299248
vn -0.903117 0.264700 0.338138
vn -0.774565 0.133200 0.618294
vn -0.705056 -0.649900 0.283621
vn 0.252508 0.801100 0.542563
vn 0.560665 0.823300 -0.088318
vn -0.344927 -0.936600 -0.060670
vn -0.122400 -0.991700 0.038396
vn 0.480691 -0.874100 -0.070004
vn -0.846619 -0.484700 0.219698
vn 0.519229 0.477200 0.709016
vn 0.224011 0.859100 0.460185
vn -0.112359 0.640300 0.759786
vn 0.665670 0.625900 -0.406304
vn 0.012940 0.999800 0.016476
vn 0.003677 0.999900 0.012162
vn 0.638235 0.489600 -0.594111
vn -0.898591 -0.206500 0.387070
vn -0.609385 0.567300 0.553806
vn 0.992354 -0.114000 0.046669
vn 0.493702 0.811700 -0.311834
vn -0.094399 -0.516500 -0.851003
vn -0.780292 -0.519900 -0.347402
vn -0.493773 -0.649200 -0.578484
vn -0.836649 -0.369900 0.403899
vn -0.570069 0.085200 0.817133
vn -0.964847 -0.028200 0.260993
vn 0.700531 -0.596200 -0.392091
vn 0.558826 -0.138400 0.817628
vn -0.547230 -0.444800 -0.709016
vn -0.021496 0.999800 -0.001273
vn 0.834245 0.270500 0.480550
vn -0.444912 0.093300 0.890672
vn 0.995465 -0.027300 0.091075
vn -0.747836 -0.133600 0.650255
vn -0.277327 0.949000 -0.149624
vn 0.177060 -0.265700 0.947665
vn 0.160513 -0.856600 0.490308
vn -0.788707 -0.562600 0.247629
vn -0.671044 0.689800 0.271529
vn -0.011172 0.999900 0.005940
vn -0.198909 0.469600 0.860195
vn 0.167655 0.787300 0.593333
vn 0.275206 0.484100 0.830568
vn 0.193889 -0.023300 0.980757
vn 0.001202 1.000000 0.003465
vn -0.074529 -0.621300 0.779939
vn 0.564908 0.548100 0.616809
vn 0.003323 0.344200 0.938826
vn -0.321946 -0.077000 0.943634
vn 0.987192 0.000000 -0.159170
vn -0.992566 0.110000 -0.051972
vn -0.298965 0.366900 0.880914
vn 0.222385 0.157000 0.962160
vn 0.246497 0.535400 0.807799
vn 0.950917 0.127700 -0.281853
vn 0.938189 -0.272200 0.213971
vn 0.839194 0.268300 0.473054
vn -0.482105 0.025200 0.875681
vn 0.917259 -0.108700 0.383110
vn -0.567736 0.179800 0.803344
vn -0.226133 0.396400 0.889823
vn -0.980899 0.175700 -0.082590
vn -0.281641 -0.884700 0.371302
vn 0.409627 0.327600 0.851427
vn 0.584919 0.322500 0.744159
vn 0.076438 0.962800 -0.259155
vn -0.262124 0.957700 -0.118299
vn 0.259791 -0.399500 0.879217
vn -0.970363 -0.140500 0.196788
vn -0.681368 0.533000 0.501622
vn 0.056639 0.813800 -0.578343
vn -0.191485 0.933200 0.303914
vn 0.995889 -0.090000 -0.000990
vn 0.892652 -0.450600 -0.006081
vn 0.040447 -0.991100 0.126289
vn -0.671044 0.732200 0.116248
vn 0.182787 -0.982900 0.021425
vn -0.642972 -0.409300 0.647356
vn 0.994616 0.022400 -0.101258
vn 0.179605 -0.332900 0.925603
vn 0.041649 0.505500 0.861751
vn 0.344149 0.057300 0.937129
vn -0.853124 0.508500 -0.116743
vn 0.340401 0.883000 0.323148
vn 0.648488 -0.719600 0.247982
vn 0.366493 0.930400 -0.000778
vn -0.338633 0.395600 0.853690
vn -0.026587 -0.772600 -0.634275
vn -0.662488 -0.733200 -0.153371
vn -0.977222 -0.064200 0.202374
vn -0.832053 -0.324600 0.449791
vn 0.305258 -0.503900 0.808011
vn 0.482247 -0.804500 -0.346624
vn 0.893147 -0.403900 -0.197919
vn -0.326188 -0.090800 0.940947
vn -0.982171 0.187000 -0.014849
vn 0.456720 0.012800 0.889470
vn -0.803839 -0.588100 -0.089661
vn -0.281358 0.303300 0.910400
vn 0.736027 0.305600 0.604081
vn -0.911461 -0.407000 0.059397
vn 0.230517 -0.964700 -0.126996
vn -0.000778 -1.000000 -0.000071
vn 0.761413 0.463200 -0.453538
vn 0.954665 -0.296700 -0.022415
vn -0.624587 0.596500 0.503955
vn -0.009687 0.999800 0.015768
vn 0.300520 -0.261900 0.917117
vn 0.508127 -0.773000 -0.379858
vn -0.402344 0.573600 0.713471
vn -0.005940 0.999800 0.015839
vn 0.134138 0.693900 0.707460
vn 0.001061 1.000000 -0.002899
vn 0.437558 0.766500 -0.469943
vn -0.278671 0.234500 0.931330
vn -0.025951 0.999600 0.012657
vn 0.304904 0.189100 0.933381
vn -0.228466 0.572900 0.787081
vn 0.567453 0.098300 0.817486
vn -0.705693 0.332800 0.625507
vn 0.651316 0.712200 -0.261559
vn -0.961595 0.058000 0.268206
vn -0.958059 0.273800 -0.084216
vn -0.498086 0.831600 -0.245790
vn 0.469590 -0.882900 0.004879
vn 0.742533 -0.476500 -0.470721
vn -0.360695 0.246500 0.899511
vn 0.007283 0.999800 0.014213
vn 0.872994 -0.448400 0.191909
vn -0.522764 0.298700 0.798394
vn -0.752927 0.570900 -0.327249
vn 0.005869 1.000000 0.002333
vn 0.975171 -0.072800 -0.208950
vn -0.473408 -0.246700 0.845629
vn 0.710077 -0.074800 0.700177
vn -0.810627 -0.585300 0.017678
vn -0.937906 -0.283300 0.199828
vn -0.123885 -0.992200 0.013576
vn -0.933310 0.119900 0.338351
vn 0.189717 0.104700 0.976161
vn 0.501339 -0.273500 0.820810
vn -0.776898 -0.490800 0.394353
vn -0.005020 -0.356300 0.934300
vn -0.989667 0.135600 -0.045396
vn -0.800303 0.161200 0.577423
vn -0.625507 -0.734000 0.264599
vn -0.109248 0.424800 0.898662
vn -0.319542 -0.706800 0.631093
vn -0.945755 0.018900 0.324208
vn 0.279661 -0.466700 -0.838982
vn 0.875964 -0.295000 0.381555
vn -0.237446 0.886200 0.397677
vn -0.190282 0.848800 0.493348
vn -0.261983 0.419500 0.869105
vn 0.885510 -0.361300 -0.292106
vn -0.541644 0.440500 0.715875
vn -0.337290 0.191900 0.921643
vn 0.898874 0.089500 0.428931
vn 0.104652 0.409900 0.906087
vn -0.006364 0.999900 0.012304
vn 0.028426 0.450600 0.892227
vn 0.769969 -0.588700 0.245861
vn -0.552816 0.651200 0.519865
vn -0.052255 0.580500 0.812536
vn 0.495470 0.477200 0.725704
vn 0.678893 -0.732700 0.047871
vn 0.461599 0.175200 0.869600
vn -0.001273 1.000000 0.000141
vn 0.144603 0.025800 0.989172
vn 0.523330 -0.007100 0.852134
vn -0.688793 0.312800 0.654003
vn -0.870590 -0.420200 0.255831
vn 0.026799 0.999500 0.012799
vn 0.839972 -0.073500 -0.537613
vn -0.607546 -0.420600 0.673731
vn -0.529199 -0.846900 -0.051336
vn -0.872570 -0.403400 0.275489
vn 0.056710 0.297300 0.953039
vn 0.546028 0.115700 0.829719
vn -0.622820 0.782300 -0.003394
vn -0.494056 0.383000 0.780434
vn -0.780292 -0.567100 -0.263539
vn -0.416132 -0.704000 -0.575514
vn 0.438901 -0.035600 0.897813
vn 0.005233 0.999900 0.007354
vn -0.406728 0.430600 0.805677
vn -0.807940 -0.232900 0.541220
vn 0.362887 -0.811900 0.457215
vn -0.257953 0.523200 0.812183
vn 0.143472 0.441300 0.885793
vn -0.293591 -0.838300 0.459478
vn 0.211566 -0.914100 -0.345775
vn 0.669347 -0.035400 0.742038
vn -0.090651 0.541900 0.835517
vn 0.088247 0.500700 0.861115
vn -0.596727 0.162300 0.785808
vn 0.714461 0.396500 -0.576433
vn 0.889611 0.362800 -0.277398
vn 0.858428 0.510100 -0.054164
vn 0.444629 -0.837600 0.317350
vn -0.571413 -0.294600 0.765867
vn 0.000283 1.000000 0.001838
vn -0.561726 -0.654100 -0.506571
vn 0.947594 0.314900 0.053245
vn -0.090227 0.965300 0.244942
vn -0.931825 0.334800 0.139866
vn -0.719198 -0.430700 0.545109
vn -0.626426 -0.530400 0.571130
vn 0.087540 0.896200 0.434871
vn 0.546169 0.636400 0.544614
vn -0.726482 0.451000 -0.518309
vn 0.792879 0.145000 -0.591778
vn 0.488894 0.320500 0.811334
vn -0.347755 -0.216200 0.912309
vn -0.904814 -0.340700 -0.255266
vn -0.328663 0.897400 -0.294439
vn 0.087823 -0.840100 0.535280
vn -0.180029 -0.948000 0.262337
vn 0.294086 -0.884500 0.362109
vn -0.999425 0.001600 -0.034224
vn -0.366918 0.725300 0.582444
vn 0.486772 -0.358900 -0.796344
vn 0.004738 0.999800 0.018173
vn 0.154715 -0.864500 -0.478287
vn -0.648841 0.042800 0.759716
vn 0.672246 0.731200 0.116036
vn -0.977363 -0.063700 0.201525
vn -0.166241 0.572400 0.802920
vn -0.455094 0.280400 0.845134
vn 0.048790 -0.091500 0.994616
vn 0.514279 -0.329100 -0.791889
vn 0.753564 0.294500 -0.587676
vn 0.410900 0.568400 0.712693
vn -0.146018 -0.818600 0.555432
vn 0.934866 0.108900 -0.337926
vn 0.116955 0.645900 -0.754342
vn 0.049497 -0.146300 0.987970
vn -0.163907 0.480000 0.861822
vn 0.584989 0.578400 0.568585
vn -0.457215 -0.158100 0.875115
vn 0.780999 -0.120600 0.612708
vn -0.016617 0.560500 0.827951
vn 0.843578 -0.462100 -0.273650
vn -0.906228 0.232700 -0.352988
vn -0.062296 0.321700 0.944765
vn -0.737937 -0.665600 0.111016
vn 0.217647 0.974500 0.053457
vn -0.438194 0.799300 0.411183
vn 0.879570 -0.469600 -0.076155
vn 0.553170 -0.566600 0.610728
vn 0.181373 -0.480000 -0.858357
vn 0.832053 -0.043400 0.552887
vn -0.171968 0.321900 0.930977
vn 0.039103 0.206200 0.977717
vn -0.888833 0.427800 0.164190
vn 0.355463 0.411000 0.839406
vn -0.180595 -0.663100 -0.726340
vn -0.752927 -0.457200 0.473337
vn -0.831911 -0.554800 0.004879
vn -0.626850 -0.287200 0.724289
vn -0.412597 -0.601400 0.684126
vn -0.950139 -0.281000 0.134704
vn -0.292530 0.531600 0.794859
vn -0.090227 0.497900 0.862529
vn 0.836154 -0.346000 -0.425466
vn -0.056144 0.937500 0.343230
vn -0.012233 0.999900 -0.000071
vn 0.809779 0.532700 0.245932
vn -0.017395 0.166600 0.985848
vn 0.909834 0.117700 0.397889
vn 0.383959 0.913200 -0.136330
vn -0.875398 -0.255400 0.410263
vn -0.982101 0.169900 0.081247
vn 0.006505 1.000000 0.004243
vn -0.704066 -0.394100 0.590646
vn 0.546735 0.798900 0.250740
vn 0.891096 0.437200 0.121340
vn 0.701309 -0.240000 0.671186
vn 0.438335 -0.262000 -0.859771
vn 0.983020 -0.090100 0.159806
vn 0.522905 0.822700 0.223092
vn -0.185050 -0.714500 -0.674651
vn -0.427305 0.696500 0.576363
vn 0.471711 -0.881400 -0.023264
vn -0.697349 -0.672900 -0.246780
vn 0.987050 0.039600 0.155351
vn -0.989101 0.141900 -0.038467
vn -0.912380 -0.106600 0.395061
vn 0.967393 -0.190500 0.166524
vn 0.663549 -0.705300 0.249467
vn -0.002546 0.999800 -0.016122
vn -0.921784 0.147500 0.358362
vn 0.544614 -0.316400 0.776686
vn -0.026658 0.999600 -0.000636
vn 0.352705 -0.063300 0.933522
vn 0.492429 0.862500 -0.116814
vn 0.801223 0.588500 -0.107975
vn -0.930411 -0.041500 0.364160
vn 0.002475 1.000000 -0.004738
vn -0.747270 -0.216100 0.628335
vn 0.734118 0.016100 -0.678823
vn 0.053811 0.997900 0.035709
vn -0.932674 -0.006500 0.360624
vn -0.863731 -0.498600 0.073327
vn 0.689217 -0.629100 0.359422
vn 0.922562 0.080200 -0.377383
vn 0.009617 0.999900 0.005515
vn 0.702369 0.708600 -0.067670
vn -0.008344 0.999700 0.021920
vn -0.513501 -0.632200 -0.580252
vn -0.004879 0.999900 0.008132
vn 0.767847 -0.530400 0.359281
vn -0.792808 -0.565100 0.228254
vn -0.002899 0.999900 -0.012233
vn 0.730300 0.440200 0.522410
vn -0.036062 0.636700 0.770181
vn -0.412668 0.440800 0.797051
vn -0.886641 -0.137200 0.441588
vn -0.492500 0.176900 0.852134
vn -0.734825 -0.626700 0.259367
vn -0.486136 -0.867100 -0.108682
vn 0.794576 -0.002600 0.607193
vn 0.250952 -0.963900 0.088742
vn -0.556210 0.438900 0.705693
vn -0.951978 0.292600 0.089873
vn 0.705339 0.422700 -0.569009
vn -0.863095 -0.353200 -0.360907
vn 0.892722 -0.215000 -0.395909
vn 0.612354 -0.288300 0.736098
vn -0.002687 1.000000 -0.007071
vn -0.975949 -0.127800 0.176777
vn -0.915420 -0.238000 0.324562
vn 0.487055 0.012100 0.873277
vn -0.131027 -0.980200 0.148139
vn 0.770039 -0.563200 -0.299530
vn -0.652942 -0.671800 0.349735
vn 0.731856 0.681100 0.018950
vn -0.968100 0.223700 -0.112925
vn -0.971353 0.214500 0.102036
vn 0.635901 -0.327600 -0.698834
vn 0.583222 0.128200 0.802142
vn 0.272731 0.073100 0.959332
vn -0.008768 0.999900 0.008485
vn -0.355392 0.552300 0.754059
vn -0.732138 0.323500 0.599344
vn -0.519087 0.447000 0.728532
vn -0.215597 0.878900 0.425466
vn -0.086267 -0.828400 -0.553382
vn 0.203435 -0.917800 0.340896
vn -0.441376 0.865100 -0.238295
vn -0.767918 -0.636600 0.070286
vn -0.013152 -0.990000 -0.140573
vn 0.987970 -0.025800 0.152452
vn 0.745503 0.040900 0.665175
vn -0.017112 0.999800 -0.004667
vn 0.702581 -0.503600 0.502753
vn 0.260215 -0.825700 -0.500490
vn -0.518309 0.781900 0.346341
vn 0.612142 0.202200 0.764453
vn 0.863872 0.165000 -0.475954
vn -0.283479 -0.800700 0.527714
vn -0.003323 1.000000 0.002758
vn 0.003394 0.703600 0.710501
vn -0.670267 -0.475100 0.569999
vn 0.162281 0.541600 0.824840
vn 0.365079 0.924700 -0.107834
vn 0.869176 -0.096900 -0.484934
vn 0.827456 0.266700 -0.493985
vn -0.724502 -0.689200 0.004384
vn -0.539381 -0.273600 0.796344
vn -0.482247 -0.723800 -0.493561
vn -0.047518 0.980800 -0.189080
vn 0.698975 -0.587000 -0.408354
vn -0.549634 -0.733400 -0.399869
vn -0.998223 -0.025500 0.053669
vn 0.352068 -0.830400 0.431689
vn 0.977222 -0.122700 -0.173241
vn 0.823850 0.349200 -0.446397
vn 0.219910 0.960400 -0.171261
vn -0.732492 0.348300 0.584848
vn -0.963079 0.248800 0.103096
vn 0.879004 -0.429100 -0.207819
vn -0.467893 0.577500 -0.668994
vn -0.074670 0.485700 0.870873
vn -0.975454 -0.040800 -0.216163
vn -0.852983 0.153400 -0.498864
vn -0.811334 -0.471900 -0.344785
vn -0.592768 -0.296300 0.748897
vn 0.060175 0.961800 -0.267216
vn 0.712339 0.469600 -0.521562
vn 0.309713 -0.928400 -0.205344
vn -0.818618 0.537800 0.201738
vn -0.791535 0.589800 0.159806
vn 0.031749 0.999000 -0.031325
vn 0.838204 -0.009000 -0.545179
vn -0.673731 -0.686900 0.272378
vn -0.862600 0.489200 0.128481
vn 0.705410 -0.374600 0.601748
vn 0.404112 0.896000 -0.183918
vn -0.901844 -0.151000 0.404748
vn 0.884025 0.012100 -0.467115
vn 0.817486 0.427100 -0.386292
vn -0.447386 -0.767800 0.458559
vn 0.681015 0.639300 0.357018
vn 0.883813 0.393500 0.252932
vn -0.703359 0.405100 0.584141
vn 0.598000 0.240900 0.764453
vn -0.709864 0.560600 0.426315
vn -0.114481 -0.741000 0.661640
vn -0.005303 0.999800 0.019021
vn 0.536694 0.511800 0.670761
vn 0.683914 0.568000 0.457922
vn -0.820668 0.430900 0.375191
vn -0.112289 -0.969800 -0.216233
vn -0.798465 -0.367800 0.476590
vn 0.001061 0.999500 0.031891
vn 0.007212 1.000000 0.002546
vn 0.884591 -0.247000 -0.395414
vn 0.329158 -0.120100 0.936563
vn -0.454458 -0.365400 0.812395
vn 0.333047 -0.830000 0.447457
vn 0.700319 0.615600 -0.361332
vn -0.952331 -0.304400 0.018809
vn 0.429780 0.056300 -0.901137
vn -0.753705 -0.011300 -0.657114
vn -0.832548 0.548700 0.076085
vn 0.042214 0.263100 0.963857
vn 0.742816 0.349200 0.571130
vn 0.785949 0.326400 0.525168
vn -0.001485 0.999800 0.016476
vn 0.022981 0.999500 0.019304
vn -0.340048 -0.900300 -0.271741
vn 0.160018 -0.922600 0.350796
vn -0.742886 0.652700 0.148492
vn 0.466408 0.763800 0.446184
vn -0.721390 -0.692200 -0.021355
vn -0.078206 0.439600 0.894773
vn -0.547796 0.625000 0.556139
vn 0.205344 0.460900 0.863377
vn -0.519441 0.134000 0.843861
vn 0.537825 -0.179200 0.823779
vn 0.003889 1.000000 0.005303
vn 0.470721 -0.819400 0.327178
vn -0.962443 -0.146600 0.228183
vn -0.433951 -0.900600 -0.025668
vn -0.028850 0.996500 0.078206
vn -0.805324 -0.477900 0.350654
vn -0.021213 0.999600 -0.018950
vn -0.001131 -0.836600 0.547725
vn -0.557766 -0.069400 0.827032
vn -0.981181 0.165300 -0.099561
vn 0.526865 0.717600 0.455589
vn 0.796909 0.208700 -0.566958
vn 0.135128 0.804800 -0.577918
vn -0.792950 0.411800 0.449013
vn -0.084570 -0.911200 0.403192
vn 0.033375 -0.715200 0.698056
vn 0.000212 -1.000000 0.000071
vn 0.704915 -0.270900 0.655559
vn 0.019728 0.999800 -0.006435
vn 0.495823 -0.168100 0.851922
vn -0.867691 -0.257700 0.425183
vn -0.147573 0.624400 0.766999
vn 0.581100 0.810400 -0.074670
vn 0.936563 0.103500 0.334815
vn -0.733765 0.111700 0.670125
vn 0.093197 -0.885300 -0.455518
vn -0.872428 0.441800 -0.208879
vn -0.306036 -0.359400 0.881479
vn -0.543624 -0.478300 0.689712
vn -0.171615 -0.637600 -0.751018
vn -0.202869 -0.044800 -0.978141
vn 0.500561 -0.160300 -0.850720
vn -0.065973 0.786500 0.613981
vn 0.927936 0.178100 -0.327320
vn 0.814375 0.264200 -0.516683
vn 0.003677 0.999900 0.009334
vn -0.831275 -0.447400 -0.329795
vn -0.255124 0.517800 -0.816567
vn -0.774777 0.597300 0.206829
vn 0.429285 0.851500 0.301015
vn 0.006576 0.999900 -0.012516
vn 0.392798 -0.242800 0.886924
vn 0.164614 0.298700 -0.940028
vn 0.595172 0.769900 0.230305
vn -0.984646 -0.000400 0.174302
vn 0.796414 0.201700 0.570140
vn 0.698904 -0.353500 -0.621688
vn -0.704420 -0.246900 0.665387
vn 0.921714 -0.095100 0.375969
vn -0.035850 -0.888400 0.457710
vn -0.297056 0.157400 -0.941796
vn -0.099843 0.993300 0.058690
vn -0.491581 -0.135500 0.860266
vn 0.344149 -0.288700 -0.893429
vn -0.763463 -0.407400 -0.501127
vn -0.612920 0.165100 0.772726
vn 0.372221 -0.321800 0.870590
vn 0.464852 -0.772500 -0.432608
vn 0.799243 0.582400 -0.148563
vn -0.880914 -0.386400 0.273085
vn 0.978706 -0.159000 0.129896
vn -0.118087 -0.990800 -0.066468
vn 0.234406 0.702200 0.672246
vn 0.933947 0.348600 0.078347
vn -0.909127 0.326200 -0.258872
vn -0.370948 0.825800 0.424688
vn 0.003960 0.999900 0.010889
vn -0.750523 -0.610800 0.252296
vn 0.481469 -0.385100 0.787363
vn -0.932815 0.348400 0.092772
vn 0.272165 0.548200 0.790758
vn 0.278459 -0.520300 0.807233
vn 0.097156 0.099900 0.990232
vn -0.513713 -0.007800 0.857933
vn 0.784394 -0.529000 -0.323643
vn 0.692540 -0.050300 -0.719552
vn 0.830497 0.491600 0.261700
vn -0.253003 -0.312100 0.915703
vn 0.175928 -0.523700 0.833537
vn -0.031466 -0.855700 -0.516400
vn -0.646366 0.528200 0.550624
vn 0.194454 0.446400 0.873418
vn 0.554513 0.714300 -0.426951
vn -0.278954 -0.945700 0.166524
vn -0.513218 0.785600 -0.345492
vn -0.701521 0.523300 0.483732
vn -0.791252 0.533700 -0.298258
vn -0.398172 0.904800 0.150967
vn 0.477651 0.852000 -0.214183
vn 0.412455 0.554000 0.723158
vn 0.927795 -0.205100 0.311481
vn 0.344644 0.575900 0.741331
vn -0.672600 0.146200 0.725350
vn 0.494409 0.552400 -0.671044
vn 0.957705 -0.086900 0.274216
vn 0.591000 0.746600 0.305329
vn -0.564837 0.764200 0.311127
vn -0.759291 -0.422200 0.495258
vn -0.628689 -0.165400 0.759786
vn -0.100268 -0.268000 0.958130
vn 0.093904 0.989700 -0.108187
vn 0.404960 0.733800 0.545533
vn -0.377241 -0.529100 -0.760069
vn -0.743240 -0.669000 0.002192
vn 0.207536 0.338600 0.917754
vn 0.195161 0.582100 -0.789273
vn -0.675570 -0.544300 -0.497237
vn -0.667297 0.047400 -0.743240
vn -0.499712 0.062800 0.863872
vn 0.000071 -1.000000 0.000071
vn 0.004243 1.000000 0.006081
vn -0.702723 0.561800 0.436426
vn 0.941018 -0.196300 -0.275489
vn -0.545745 0.263700 0.795354
vn -0.942220 -0.112500 -0.315582
vn -0.664044 0.535700 0.521633
vn -0.274004 -0.157600 0.948725
vn 0.029204 0.999600 0.000778
vn 0.000141 0.999800 0.017112
vn 0.809354 0.239900 -0.536128
vn 0.578625 -0.122300 0.806314
vn 0.055508 -0.916800 -0.395485
vn -0.934017 0.303800 0.187595
vn 0.007778 0.999900 -0.001980
vn 0.708026 0.260500 0.656407
vn -0.769261 -0.509000 -0.386151
vn 0.809142 0.587100 0.023264
vn -0.787788 -0.205600 0.580605
vn 0.208031 0.925800 0.315370
vn -0.807375 -0.365200 0.463438
vn -0.323006 0.138600 0.936209
vn 0.298046 0.593800 0.747341
vn -0.614052 -0.762700 -0.202940
vn 0.877944 0.001000 -0.478711
vn 0.974817 0.173000 -0.140856
vn -0.440315 0.339400 0.831204
vn 0.005869 0.999900 0.012657
vn 0.894419 -0.321100 -0.311339
vn 0.899369 0.150200 -0.410475
vn 0.110379 -0.034300 0.993273
vn 0.258660 0.218200 0.941018
vn -0.197212 0.025200 0.979979
vn 0.184767 0.842800 -0.505511
vn -0.890318 -0.411100 -0.195656
vn -0.929350 0.072300 -0.361968
vn -0.074317 0.995800 0.052538
vn -0.324562 0.837200 -0.440103
vn -0.008344 0.999800 0.013859
vn -0.674438 -0.727900 -0.123461
vn -0.772302 -0.589400 0.237022
vn 0.044831 -0.481500 -0.875257
vn 0.603233 -0.019500 -0.797263
vn 0.647922 -0.651600 -0.394495
vn 0.004384 -0.171500 -0.985141
vn -0.184201 -0.228400 -0.955938
vn 0.972201 -0.082900 -0.219132
vn 0.642619 0.231000 -0.730441
vn 0.957918 0.287000 0.007000
vn 0.059114 -0.996600 0.056427
vn -0.575161 -0.703500 0.417476
vn -0.065690 -0.973400 0.219274
vn 0.890460 0.444000 0.099914
vn 0.038042 0.998700 0.032385
vn 0.132229 0.201600 0.970433
vn 0.571979 -0.569500 0.590363
vn -0.172605 0.985000 0.001626
vn -0.044901 0.998900 -0.013789
vn 0.382474 -0.154300 0.910966
vn 0.116673 0.369800 0.921784
vn -0.416274 0.085100 0.905167
vn 0.438053 -0.145500 0.887065
vn -0.671398 -0.706900 0.222668
vn -0.631164 -0.585300 0.508975
vn -0.564130 0.185700 0.804546
vn -0.353907 -0.049900 0.933876
vn -0.199121 -0.713600 -0.671610
vn 0.237305 0.510900 0.826184
vn 0.342452 0.604800 0.718915
vn -0.096591 0.437600 0.893924
vn 0.047871 -0.565400 0.823426
vn -0.725845 0.421300 0.543694
vn -0.021496 -0.049900 0.998435
vn -0.544402 -0.838200 0.030618
vn -0.237164 -0.600500 0.763534
vn 0.096167 -0.821700 0.561726
vn -0.846973 0.439300 0.299248
vn 0.251518 -0.896800 -0.364089
vn 0.075236 0.029800 0.996738
vn -0.039103 0.184300 0.982101
vn 0.694379 0.671700 -0.258094
vn -0.464145 -0.664800 -0.585343
vn 0.415779 0.376200 0.828022
vn 0.620486 -0.283400 -0.731219
vn -0.851781 -0.489900 0.185403
vn 0.066468 -0.221400 0.972838
vn -0.939886 -0.233800 0.248619
vn 0.906299 0.310800 0.286308
vn 0.457003 0.043700 0.888338
vn -0.552675 -0.816000 0.168857
vn 0.545674 -0.650400 -0.528279
vn 0.615819 -0.587700 0.524744
vn -0.826184 0.440900 0.350584
vn 0.790758 -0.611800 0.018738
vn -0.927371 -0.187100 0.324067
vn -0.026729 0.358500 0.933098
vn -0.396687 0.171100 0.901844
vn -0.606061 -0.116700 0.786798
vn 0.445053 0.894800 -0.033800
vn 0.500632 0.862000 0.079620
vn -0.692611 -0.261100 -0.672388
vn -0.037689 0.063400 0.997233
vn -0.271812 -0.263300 -0.925603
vn 0.838134 0.543800 -0.041931
vn -0.808082 0.429600 0.402909
vn -0.274075 -0.200400 0.940593
vn 0.017466 0.999800 -0.011384
vn 0.191626 0.113700 -0.974817
vn -0.000071 0.999900 0.010819
vn -0.690985 -0.032500 0.722097
vn -0.599980 0.778000 -0.186323
vn -0.371090 -0.897200 -0.239144
vn -0.060882 0.061200 0.996243
vn -0.132583 -0.153400 0.979272
vn -0.807021 -0.473100 0.353341
vn 0.001131 1.000000 0.006788
vn -0.763746 -0.592100 0.257175
vn 0.000141 -1.000000 0.000141
vn 0.941866 -0.307900 -0.134350
vn -0.035072 0.952500 0.302359
vn 0.085489 0.930500 0.356170
vn 0.071347 -0.940900 0.331138
vn 0.315440 0.621500 0.717077
vn 0.890389 0.100800 0.443780
vn 0.864509 0.212800 -0.455377
vn -0.883318 0.010400 0.468670
vn 0.163695 -0.350500 0.922138
vn 0.616173 -0.764800 0.188090
vn -0.318198 0.709000 0.629184
vn -0.288924 0.655600 0.697632
vn -0.322016 0.560700 0.762827
vn -0.852205 -0.181800 0.490591
vn 0.485358 0.870400 0.082307
vn 0.247700 0.675500 0.694450
vn -0.072832 -0.089100 0.993344
vn -0.638942 -0.608200 -0.470933
vn -0.460256 -0.879400 0.121976
vn 0.923128 -0.004800 -0.384454
vn 0.266933 0.916000 0.299460
vn -0.816072 -0.466000 0.341745
vn -0.213263 0.010800 0.976939
vn 0.939462 -0.093200 -0.329512
vn 0.929350 0.256400 0.265801
vn 0.046810 -0.531100 -0.845983
vn -0.948654 -0.161300 -0.272095
vn -0.795778 0.212600 -0.567100
vn 0.774070 -0.484500 0.407506
vn 0.789131 0.603500 0.114127
vn 0.273862 -0.576100 0.770110
vn 0.254912 0.203900 -0.945190
vn 0.918744 0.353900 0.175150
vn -0.939533 -0.299100 0.166665
vn -0.124239 -0.731300 -0.670691
vn 0.710784 -0.619700 0.332764
vn 0.446114 -0.752300 0.484722
vn 0.128552 -0.613900 0.778807
vn -0.373070 0.578900 0.725067
vn 0.108470 0.991700 0.069014
vn 0.290550 0.779700 -0.554584
vn -0.760847 0.568400 0.313107
vn -0.883601 -0.454100 0.114410
vn 0.651670 0.758300 0.015274
vn 0.906157 -0.289500 0.308228
vn -0.764736 -0.615400 -0.190848
vn 0.702935 0.707300 -0.074176
vn -0.900147 -0.208300 0.382403
vn 0.126714 0.449400 0.884308
vn -0.811264 -0.394500 -0.431406
vn 0.637103 0.267700 -0.722805
vn -0.271883 -0.957900 -0.091995
vn 0.915067 0.376000 0.145735
vn 0.715663 0.571900 0.400717
vn 0.034931 0.999300 -0.010041
vn -0.476236 -0.764400 0.434659
vn -0.661923 -0.674700 -0.326330
vn -0.158675 0.368900 0.915845
vn -0.004950 0.999900 0.008202
vn 0.057064 -0.968700 -0.241477
vn -0.965625 0.143800 0.216658
vn -0.092207 0.435700 0.895339
vn -0.622325 0.771900 0.129471
vn 0.961312 -0.111700 -0.251801
vn 0.264246 0.424500 0.865994
vn -0.219839 -0.235900 0.946604
vn 0.575090 0.383200 0.722734
vn -0.952826 0.102300 -0.285742
vn 0.071418 -0.925300 0.372362
vn 0.635123 -0.760900 0.132370
vn 0.362180 -0.807200 -0.466125
vn -0.400222 -0.622700 0.672317
vn -0.443639 -0.241700 0.862953
vn -0.235537 0.966500 0.101470
vn 0.351856 0.455800 0.817557
vn -0.306460 0.576100 0.757736
vn -0.103520 0.971900 -0.211284
vn -0.893005 0.157500 0.421506
vn 0.999283 -0.020800 0.031254
vn 0.834952 0.524700 -0.165604
vn -0.954665 -0.168200 -0.245437
vn -0.361614 -0.764500 -0.533583
vn -0.206334 0.948900 0.238861
vn -0.635477 -0.678500 -0.368473
vn -0.871721 -0.430300 -0.234477
vn -0.705975 0.352900 0.614052
vn 0.616102 0.781500 0.097793
vn -0.699894 -0.686600 -0.196717
vn -0.427800 -0.447200 -0.785454
vn 0.901278 -0.394900 -0.178474
vn 0.645023 -0.662700 0.380565
vn -0.507208 0.696700 -0.507208
vn -0.506996 0.697000 -0.506996
vn -0.763817 0.294800 0.574171
vn -0.189222 -0.539000 0.820810
vn 0.657044 0.644000 0.391879
vn -0.832335 -0.535700 0.142058
vn -0.087752 0.846600 0.524885
vn 0.042921 0.750000 0.660084
vn 0.483095 0.316400 0.816425
vn -0.159240 -0.929300 0.333189
vn 0.019092 0.999700 0.016829
vn -0.384808 -0.878900 0.281711
vn -0.344078 -0.932300 -0.111016
vn -0.473054 -0.839100 -0.268418
vn 0.294086 0.367000 0.882540
vn 0.739987 0.654500 0.154927
vn -0.693672 -0.050200 -0.718562
vn -0.016971 -0.856100 -0.516471
vn -0.808435 -0.217300 0.546947
vn 0.859771 -0.085000 0.503531
vn -0.430274 -0.896500 -0.105005
vn 0.989949 0.130000 0.056569
vn 0.478782 -0.797200 0.367766
vn 0.736452 0.490100 0.466337
vn -0.003606 1.000000 0.002616
vn -0.364584 0.215700 0.905804
vn 0.412173 0.424600 0.806031
vn 0.236103 0.967900 -0.085913
vn 0.048508 0.685900 0.726057
vn 0.037052 0.999200 0.014284
vn 0.033800 0.646500 -0.762120
vn 0.433456 0.829800 0.351432
vn 0.854751 0.503400 0.126431
vn 0.852912 0.345800 0.390889
vn 0.936422 0.037200 0.348816
vn 0.317632 0.941300 -0.113986
vn 0.160725 0.645000 0.747058
vn 0.064488 -0.819100 0.569928
vn -0.956857 -0.046800 0.286661
vn 0.048790 0.821100 0.568655
vn 0.733765 0.405600 0.545109
vn 0.605566 0.794000 0.052043
vn 0.003323 1.000000 0.005586
vn 0.636255 0.762700 -0.115824
vn -0.606485 0.794700 0.026517
vn -0.000566 0.999900 0.009475
vn -0.174726 0.674600 -0.717218
vn -0.726199 -0.660100 0.191909
vn -0.020011 0.199300 0.979696
vn 0.021213 0.999700 0.008061
vn 0.743593 0.539700 0.394707
vn -0.560311 -0.816600 0.138452
vn 0.941301 -0.300700 -0.153301
vn -0.902763 0.360200 0.234972
vn -0.458064 0.472500 0.752927
vn 0.598071 -0.343800 -0.723936
vn -0.863872 0.325700 0.384171
vn 0.076014 -0.388300 -0.918320
vn 0.645518 -0.571400 0.506642
vn 0.363594 -0.258200 0.895056
vn 0.653932 0.638300 0.406021
vn -0.380848 0.686800 -0.619001
vn 0.320744 0.883400 0.341533
vn 0.694662 -0.114700 -0.710077
vn -0.924613 0.307900 -0.224153
vn 0.784818 -0.029600 0.618931
vn -0.250669 0.945100 -0.209374
vn -0.015627 0.987200 -0.158463
vn 0.594606 0.803900 0.014354
vn 0.193323 -0.060200 -0.979201
vn -0.006223 1.000000 0.001697
vn 0.383464 0.655900 0.650185
vn -0.004313 0.999900 0.009405
vn 0.277327 -0.162400 0.946957
vn 0.931047 -0.080500 0.355887
vn 0.712410 0.683600 0.158745
vn 0.953958 -0.100100 0.282489
vn -0.404819 0.698200 0.590363
vn -0.979626 -0.171500 -0.104369
vn -0.108894 0.737600 0.666377
vn 0.038891 -0.616700 0.786161
vn -0.177201 -0.858200 -0.481681
vn 0.290055 0.683300 0.670054
vn 0.004243 1.000000 0.003111
vn -0.792525 -0.509200 0.335593
vn -0.569433 -0.801800 -0.180949
vn 0.881904 -0.386800 0.269549
vn -0.053104 -0.841900 0.536906
vn -0.167089 0.586600 0.792455
vn -0.174302 0.950800 -0.255902
vn 0.663903 -0.585900 0.464640
vn 0.888409 0.164900 0.428224
vn 0.358220 0.683000 0.636538
vn -0.863943 -0.011600 0.503460
vn -0.770959 -0.636800 -0.009546
vn 0.479489 -0.864700 0.149412
vn -0.543058 0.290300 -0.787858
vn -0.000283 -1.000000 0.000000
vn -0.465913 0.091400 0.880136
vn 0.049710 0.998500 0.020577
vn 0.501622 0.822200 -0.268842
vn -0.742816 -0.608000 0.280085
vn -0.890955 -0.386900 0.237588
vn -0.920229 -0.163000 -0.355816
vn -0.256468 0.909500 0.327037
vn -0.386222 -0.821900 0.418607
vn -0.192121 0.890700 0.411890
vn -0.471640 -0.703600 -0.531461
vn -0.765797 -0.067600 -0.639507
vn -0.973120 -0.227300 -0.037335
vn 0.795778 -0.044600 0.603869
vn 0.770251 0.441200 0.460539
vn 0.607546 0.632600 0.480267
vn 0.810274 0.555600 0.186323
vn 0.422638 0.599100 0.680025
vn -0.508127 0.821900 0.257528
vn -0.800657 -0.503300 0.325057
vn -0.866206 0.483000 0.127703
vn 0.687379 0.631100 -0.359422
vn 0.521208 0.609000 0.597859
vn -0.949503 -0.300400 -0.090793
vn -0.525522 -0.828000 0.195727
vn -0.039315 0.999100 -0.014142
vn -0.380353 -0.592900 -0.709723
vn -0.222739 0.079600 -0.971565
vn 0.407011 -0.247600 -0.879217
vn 0.467539 -0.844800 -0.260215
vn 0.002333 1.000000 0.005586
vn 0.662842 -0.348200 0.662842
vn 0.330643 -0.707100 0.624941
vn 0.543412 0.727800 0.418254
vn -0.145381 0.668200 0.729593
vn -0.253427 -0.843300 0.473903
vn 0.986909 0.161100 -0.000636
vn -0.710359 0.106200 0.695793
vn 0.576999 -0.225200 0.785030
vn -0.029698 0.835000 0.549422
vn 0.646225 -0.087400 0.758089
vn -0.872711 0.047800 0.485924
vn 0.412455 0.429400 0.803344
vn -0.319188 -0.923000 -0.214678
vn 0.541290 0.360400 0.759645
vn 0.456155 0.017500 0.889752
vn 0.044618 0.917500 0.395061
vn -0.704985 0.584900 0.401071
vn 0.851781 0.347100 0.392444
vn 0.674297 0.077500 0.734401
vn -0.141563 0.389500 0.910046
vn -0.584919 0.488900 0.647144
vn -0.151816 0.909300 0.387424
vn -0.015768 -0.766700 0.641699
vn 0.983586 -0.065700 -0.167726
vn -0.635406 0.695500 0.335451
vn -0.044548 -0.922100 0.384242
vn 0.765231 0.333100 0.550836
vn -0.541078 0.818400 -0.193606
vn 0.203576 0.200200 -0.958342
vn -0.099773 0.666200 -0.738997
vn -0.191131 0.540900 0.819042
vn -0.150826 -0.726400 -0.670549
vn 0.443568 0.814200 -0.374554
vn 0.001344 0.999900 0.008132
vn -0.387989 -0.885800 -0.254488
vn -0.616809 0.031100 0.786515
vn -0.000212 1.000000 0.007283
vn -0.559675 0.398900 0.726411
vn 0.229173 0.370800 0.899935
vn -0.770959 -0.443500 0.457003
vn -0.406516 -0.220900 0.886500
vn -0.373352 0.346200 0.860690
vn -0.346977 0.401100 0.847750
vn 0.479065 0.781300 0.400010
vn 0.486207 0.871900 -0.057276
vn 0.905097 0.371600 0.206617
vn 0.785030 0.014200 0.619284
vn -0.237588 -0.244600 0.940028
vn -0.010819 0.999400 0.031608
vn -0.468812 -0.823200 -0.320037
vn -0.169847 -0.908900 0.380848
vn -0.709087 -0.549700 0.441517
vn 0.891662 0.005900 -0.452548
vn 0.465488 0.503900 0.727542
vn -0.180383 0.853600 0.488681
vn 0.151957 0.972400 -0.176989
vn -0.209586 0.198700 0.957423
vn 0.783757 0.408700 0.467539
vn 0.579898 -0.353700 0.733906
vn -0.955160 0.295800 -0.011879
vn 0.415567 -0.861900 0.290409
vn -0.724007 -0.410600 0.554301
vn 0.865569 -0.162900 0.473549
vn -0.137108 -0.819000 0.557129
vn -0.363029 -0.929700 0.061377
vn -0.867337 -0.013000 0.497520
vn 0.014849 0.086100 0.996172
vn -0.181585 0.259500 0.948513
vn -0.893076 0.324700 0.311268
vn 0.063074 0.234600 0.970009
vn -0.676913 0.451100 0.581595
vn -0.002687 1.000000 0.006223
vn -0.000212 1.000000 0.003748
vn -0.255124 0.042700 0.965908
vn -0.588030 0.035600 0.808082
vn -0.344573 -0.878600 0.330714
vn 0.284257 0.041200 0.957847
vn -0.339482 0.688900 0.640427
vn 0.254276 -0.319400 0.912875
vn -0.358503 0.914800 0.185686
vn 0.335027 0.775200 0.535563
vn -0.041719 0.998800 0.026022
vn -0.021284 -0.388100 0.921289
vn -0.005020 0.999800 0.016758
vn -0.337856 0.538500 0.771878
vn -0.541644 0.807000 0.235042
vn 0.458912 0.699300 0.548008
vn -0.860973 0.000000 -0.508551
vn 0.152947 0.830000 0.536340
vn 0.709794 0.143400 0.689571
vn 0.002051 0.999900 -0.010536
vn 0.424335 0.828400 0.365645
vn -0.482105 -0.695300 0.533017
vn -0.012657 0.881600 0.471711
vn -0.556069 0.277000 0.783616
vn 0.825406 0.001100 0.564483
vn 0.755544 -0.009800 -0.654993
vn 0.716794 0.016000 -0.697137
vn -0.765090 0.295200 0.572191
vn -0.711067 0.514200 0.479560
vn -0.571272 0.449600 0.686671
vn 0.421365 0.408600 0.809567
vn 0.003394 0.999900 0.007071
vn -0.801152 -0.489400 0.344361
vn -0.474681 -0.197500 0.857650
vn 0.496460 0.418500 0.760493
vn 0.002192 0.999900 0.012799
vn -0.072620 -0.410400 0.908986
vn 0.250952 0.423100 0.870661
vn 0.821022 0.000900 0.570847
vn -0.000071 -1.000000 0.000212
vn 0.384737 0.337900 0.858923
vn -0.188232 0.453600 0.871014
vn -0.563776 -0.691200 0.452053
vn 0.584282 -0.557100 0.590081
vn -0.058407 0.215300 0.974817
vn 0.051336 0.477800 0.876954
vn 0.409486 0.798400 0.441447
vn 0.001414 1.000000 0.002263
vn -0.303278 0.875000 0.377241
vn -0.009051 0.999500 0.029133
vn 0.009475 0.999900 0.007778
vn 0.443073 0.611800 0.655205
vn -0.031891 0.554700 0.831487
vn 0.000212 -1.000000 0.000212
vn -0.001980 1.000000 0.001556
vn 0.200111 0.901400 0.383818
vn -0.449508 0.793400 0.410334
vn 0.567100 0.342100 0.749250
vn 0.004525 1.000000 -0.003394
vn -0.594818 -0.613100 0.519865
vn -0.067175 0.854400 0.515198
vn 0.410900 -0.599500 0.686813
vn 0.012657 0.999800 0.012657
vn -0.602243 0.038200 0.797404
vn -0.002192 1.000000 -0.003465
vn 0.008839 0.999900 -0.001344
vn -0.217506 -0.947300 0.235042
vn 0.000212 -1.000000 0.000495
vn -0.375332 0.014100 -0.926734
vn 0.337290 0.751500 0.566958
vn 0.006435 1.000000 0.004172
vn -0.658458 -0.182800 0.730017
vn -0.602950 -0.000900 0.797687
vn 0.391666 -0.632400 0.668287
vn -0.368615 0.777800 0.509046
vn -0.863802 0.000000 0.503743
vn -0.068448 0.000000 -0.997586
vn 0.006718 0.999900 0.007707
vn 0.003606 0.999900 0.011526
vn 0.007142 0.999900 0.008132
vn 0.011950 0.999800 -0.018314
vn -0.051619 -0.992500 0.110450
vn -0.000141 -1.000000 0.000141
vn 0.452124 -0.003400 0.891944
vn 0.853195 0.081900 0.515057
vn 0.335522 0.779500 0.528845
vn -0.417476 -0.674300 0.609102
vn 0.401637 -0.640200 0.654781
vn -0.255195 0.838600 0.481328
vn 0.005657 0.999700 0.021779
vn -0.481398 -0.392900 0.783474
vn 0.087823 0.000000 0.996172
vn 0.368756 0.014000 -0.929350
vn -0.000141 -1.000000 0.000283
vn 0.383464 0.284300 0.878722
vn -0.255761 -0.754900 0.603798
vn 0.000000 -1.000000 0.000283
vn 0.165463 0.777800 0.606273
vn 0.000000 -1.000000 0.000141
vn 0.048295 -0.041000 -0.997940
vn -0.007707 0.009500 0.999920
vn 0.209374 0.031700 -0.977292
vn -0.004384 -0.285700 0.958271
vn -0.288500 0.000000 0.957423
vn -0.342876 -0.002000 0.939391
vn -0.015486 0.012100 0.999778
vn -0.034648 0.998800 -0.034648
vn -0.292954 0.000000 0.956079
vn 0.203859 -0.637000 0.743381
vn 0.007000 0.996500 0.082944
vn -0.411607 0.152300 0.898521
vn -0.080398 -0.926000 0.368756
vn 0.081529 -0.131700 -0.987899
vn -0.221324 -0.009200 -0.975100
vn 0.206758 -0.613100 0.762403
vn -0.203081 0.751900 0.627204
vn -0.240275 -0.773500 0.586474
vn -0.133077 0.793200 0.594253
vn -0.056922 -0.868900 0.491651
vn -0.084641 0.808000 0.583010
vn -0.154644 -0.712900 0.683984
vn 0.057064 -0.718200 0.693460
vn -0.293732 -0.064000 0.953746
vn 0.144108 0.150400 0.978070
vn 0.037901 0.649300 0.759574
vn 0.029628 -0.713400 0.700106
vn -0.070499 -0.130600 0.988889
vn -0.155988 -0.081100 0.984434
usemtl Minotaur
s 1
f 1/1/1 2/2/2 3/3/3
f 2/2/2 1/1/1 4/4/4
f 5/5/5 3/3/3 2/2/2
f 4/4/4 1/1/1 3/3/3
f 6/6/6 3/7/3 5/8/5
f 5/5/5 2/2/2 7/9/7
f 7/9/7 2/2/2 4/4/4
f 6/6/6 4/10/4 3/7/3
f 4/10/4 6/6/6 8/11/8
f 7/12/7 4/13/4 9/14/9
f 6/6/6 5/8/5 10/15/10
f 7/9/7 10/16/10 5/5/5
f 10/15/10 8/11/8 6/6/6
f 11/17/11 12/18/12 13/19/13
f 14/20/14 10/16/10 7/9/7
f 11/21/11 13/22/13 15/23/15
f 4/13/4 8/24/8 9/14/9
f 16/25/16 15/23/15 13/22/13
f 17/26/17 8/11/8 10/15/10
f 18/27/18 12/28/12 19/29/19
f 11/21/11 15/23/15 16/25/16
f 11/21/11 20/30/20 12/31/12
f 21/32/21 18/27/18 19/29/19
f 12/18/12 18/33/18 22/34/22
f 22/34/22 13/19/13 12/18/12
f 17/35/17 10/16/10 14/20/14
f 23/36/23 13/22/13 24/37/24
f 13/22/13 23/36/23 16/25/16
f 13/19/13 25/38/25 24/39/24
f 21/40/21 26/41/26 18/33/18
f 20/30/20 11/21/11 16/25/16
f 12/31/12 20/30/20 19/42/19
f 9/14/9 8/24/8 27/43/27
f 13/19/13 22/34/22 28/44/22
f 29/45/22 13/19/13 28/44/22
f 22/34/22 18/33/18 26/41/26
f 16/46/16 23/47/23 30/48/28
f 14/49/14 7/12/7 31/50/29
f 21/32/21 19/29/19 32/51/30
f 19/42/19 20/30/20 33/52/31
f 26/41/26 21/40/21 32/53/30
f 28/44/22 22/34/22 26/41/26
f 13/19/13 29/45/22 25/38/25
f 25/38/25 29/45/22 34/54/22
f 35/55/32 27/43/27 8/24/8
f 35/56/32 8/11/8 17/26/17
f 36/57/33 23/36/23 24/37/24
f 16/46/16 37/58/34 20/59/20
f 16/46/16 30/48/28 37/58/34
f 24/37/24 38/60/35 39/61/36
f 36/57/33 24/37/24 39/61/36
f 23/47/23 40/62/37 30/48/28
f 25/38/25 41/63/38 24/39/24
f 24/39/24 41/63/38 38/64/35
f 7/12/7 9/14/9 31/50/29
f 42/65/39 37/58/34 30/48/28
f 32/51/30 19/29/19 43/66/40
f 26/41/26 44/67/41 28/44/22
f 45/68/22 28/44/22 44/67/41
f 46/69/22 26/41/26 47/70/42
f 44/67/41 26/41/26 46/69/22
f 48/71/22 49/72/43 28/44/22
f 28/44/22 49/72/43 29/45/22
f 49/72/43 50/73/22 29/45/22
f 50/73/22 51/74/44 52/75/45
f 52/75/45 29/45/22 50/73/22
f 53/76/22 34/54/22 29/45/22
f 34/54/22 54/77/22 25/38/25
f 55/78/46 54/77/22 34/54/22
f 56/79/22 25/38/25 54/77/22
f 25/38/25 56/79/22 41/63/38
f 33/52/31 57/80/47 19/42/19
f 58/81/48 38/64/35 41/63/38
f 31/50/29 59/82/49 14/49/14
f 9/14/9 60/83/50 31/50/29
f 39/61/36 38/60/35 61/84/51
f 23/47/23 36/85/33 40/62/37
f 62/86/52 33/87/31 20/59/20
f 19/42/19 57/80/47 43/88/40
f 36/57/33 39/61/36 61/84/51
f 63/89/53 38/64/35 58/81/48
f 27/43/27 60/83/50 9/14/9
f 38/64/35 63/89/53 61/90/51
f 43/66/40 64/91/54 32/51/30
f 65/92/22 56/79/22 54/77/22
f 66/93/22 67/94/22 32/53/30
f 26/41/26 32/53/30 67/94/22
f 41/63/38 56/79/22 68/95/55
f 67/94/22 69/96/56 26/41/26
f 70/97/57 47/70/42 26/41/26
f 17/35/17 14/20/14 59/98/49
f 35/99/32 17/100/17 71/101/58
f 43/66/40 72/102/59 64/91/54
f 62/86/52 20/59/20 37/58/34
f 59/98/49 71/103/58 17/35/17
f 63/89/53 58/81/48 73/104/60
f 60/105/50 74/106/61 31/107/29
f 42/65/39 30/48/28 40/62/37
f 43/88/40 75/108/62 72/109/59
f 43/88/40 57/80/47 75/108/62
f 36/85/33 76/110/63 40/62/37
f 59/111/49 31/107/29 74/106/61
f 32/51/30 64/91/54 66/112/22
f 66/113/22 77/114/22 67/115/22
f 41/63/38 78/116/22 79/117/64
f 80/118/22 41/63/38 79/117/64
f 58/81/48 41/63/38 80/118/22
f 81/119/65 64/91/54 72/102/59
f 75/108/62 81/120/65 72/109/59
f 35/99/32 71/101/58 82/121/66
f 73/104/60 58/81/48 83/122/67
f 36/85/33 61/123/51 84/124/68
f 83/122/67 85/125/69 73/104/60
f 42/65/39 40/62/37 86/126/70
f 27/43/27 35/55/32 82/127/66
f 63/89/53 73/104/60 61/90/51
f 57/128/47 33/87/31 87/129/71
f 62/86/52 87/129/71 33/87/31
f 71/103/58 59/98/49 88/130/72
f 64/131/54 81/132/65 89/133/73
f 90/134/22 83/122/67 58/81/48
f 64/135/54 91/136/22 66/137/22
f 92/138/22 66/139/22 93/140/74
f 80/118/22 94/141/22 58/81/48
f 58/81/48 94/141/22 95/142/22
f 37/58/34 42/65/39 86/126/70
f 60/83/50 27/43/27 96/143/75
f 62/86/52 37/58/34 97/144/76
f 76/110/63 36/85/33 84/124/68
f 74/106/61 98/145/77 59/111/49
f 59/98/49 99/146/78 88/130/72
f 89/147/73 81/148/65 100/149/79
f 81/120/65 75/108/62 101/150/80
f 27/43/27 82/127/66 96/143/75
f 64/131/54 89/133/73 91/151/22
f 71/101/58 88/152/72 102/153/81
f 87/129/71 75/154/62 57/128/47
f 61/123/51 73/155/60 103/156/82
f 97/144/76 37/58/34 86/126/70
f 86/126/70 40/62/37 104/157/83
f 99/158/78 59/111/49 98/145/77
f 96/159/75 74/106/61 60/105/50
f 95/142/22 105/160/22 58/81/48
f 106/161/84 105/160/22 95/142/22
f 105/160/22 107/162/22 58/81/48
f 107/162/22 90/134/22 58/81/48
f 82/127/66 108/163/85 96/143/75
f 82/121/66 71/101/58 102/153/81
f 104/157/83 40/62/37 76/110/63
f 85/125/69 83/122/67 109/164/22
f 102/153/81 108/165/85 82/121/66
f 85/166/69 103/156/82 73/155/60
f 96/159/75 110/167/86 74/106/61
f 84/124/68 61/123/51 111/168/87
f 111/168/87 61/123/51 103/156/82
f 101/150/80 100/169/79 81/120/65
f 85/125/69 109/164/22 112/170/88
f 76/110/63 84/124/68 113/171/89
f 88/130/72 99/146/78 114/172/90
f 87/129/71 115/173/91 75/154/62
f 89/147/73 100/149/79 116/174/92
f 90/134/22 109/164/22 83/122/67
f 117/175/93 91/176/22 118/177/94
f 119/178/22 107/162/22 105/160/22
f 120/179/22 91/176/22 117/175/93
f 119/180/22 121/181/95 107/182/22
f 91/183/22 89/147/73 116/174/92
f 113/171/89 84/124/68 122/184/96
f 87/129/71 62/86/52 123/185/97
f 100/169/79 101/150/80 124/186/98
f 115/173/91 101/187/80 75/154/62
f 104/157/83 125/188/99 86/126/70
f 126/189/100 123/185/97 62/86/52
f 62/86/52 97/144/76 126/189/100
f 127/190/101 112/170/88 109/164/22
f 110/167/86 98/145/77 74/106/61
f 114/191/90 99/192/78 128/193/102
f 85/166/69 112/194/88 103/156/82
f 124/195/98 116/174/92 100/149/79
f 128/196/102 99/158/78 98/145/77
f 124/186/98 101/150/80 129/197/103
f 130/198/104 131/199/105 132/200/106
f 86/126/70 125/188/99 97/144/76
f 103/156/82 133/201/107 111/168/87
f 104/157/83 76/110/63 134/202/108
f 109/164/22 90/134/22 107/162/22
f 118/203/94 91/204/22 135/205/109
f 136/206/110 117/175/93 118/177/94
f 137/207/22 109/164/22 107/162/22
f 138/208/22 137/209/22 107/182/22
f 111/168/87 122/184/96 84/124/68
f 76/110/63 113/171/89 134/202/108
f 139/210/111 140/211/112 141/212/113
f 142/213/114 141/212/113 140/211/112
f 102/153/81 88/152/72 143/214/115
f 114/215/90 143/214/115 88/152/72
f 96/159/75 108/216/85 110/167/86
f 112/170/88 127/190/101 144/217/116
f 141/212/113 145/218/117 139/210/111
f 146/219/118 103/156/82 112/194/88
f 139/210/111 147/220/119 140/211/112
f 124/221/98 148/222/120 116/223/92
f 147/220/119 98/145/77 149/224/121
f 109/164/22 144/217/116 127/190/101
f 150/225/22 151/226/22 91/183/22
f 152/227/22 144/228/116 137/209/22
f 116/174/92 150/225/22 91/183/22
f 144/217/116 109/164/22 137/207/22
f 135/229/109 91/183/22 153/230/22
f 98/145/77 110/167/86 149/224/121
f 142/213/114 140/211/112 154/231/122
f 142/213/114 155/232/123 141/212/113
f 156/233/124 139/210/111 145/218/117
f 110/167/86 108/216/85 157/234/125
f 104/157/83 134/202/108 158/235/126
f 102/153/81 143/214/115 108/165/85
f 115/173/91 87/129/71 159/236/127
f 128/196/102 98/145/77 160/237/128
f 131/238/105 130/239/104 161/240/129
f 113/171/89 162/241/130 134/202/108
f 163/242/131 164/243/132 165/244/133
f 101/150/80 166/245/134 129/197/103
f 98/145/77 147/220/119 160/237/128
f 147/220/119 139/210/111 167/246/135
f 164/243/132 163/242/131 168/247/136
f 104/157/83 158/235/126 125/188/99
f 148/248/120 169/249/137 116/250/92
f 147/220/119 149/224/121 154/231/122
f 145/218/117 141/212/113 155/232/123
f 143/214/115 170/251/138 108/165/85
f 147/220/119 154/231/122 140/211/112
f 124/221/98 129/252/103 166/253/134
f 144/254/116 146/219/118 112/194/88
f 132/200/106 131/199/105 171/255/139
f 87/129/71 123/185/97 159/236/127
f 172/256/140 173/257/141 174/258/142
f 148/222/120 124/221/98 169/259/137
f 162/241/130 113/171/89 122/184/96
f 156/233/124 145/218/117 175/260/143
f 169/259/137 124/221/98 166/253/134
f 163/261/131 165/262/133 176/263/144
f 114/191/90 128/193/102 177/264/145
f 178/265/146 128/196/102 160/237/128
f 144/228/116 179/266/147 180/267/148
f 179/266/147 144/228/116 152/227/22
f 116/174/92 169/268/137 181/269/149
f 182/270/22 144/228/116 180/267/148
f 116/174/92 181/269/149 150/225/22
f 175/260/143 145/218/117 183/271/150
f 145/218/117 155/232/123 183/271/150
f 133/201/107 103/156/82 146/219/118
f 126/189/100 97/144/76 184/272/151
f 97/144/76 125/188/99 184/272/151
f 166/273/134 185/274/152 169/275/137
f 111/168/87 186/276/153 122/184/96
f 131/238/105 161/240/129 187/277/154
f 131/199/105 187/278/154 171/255/139
f 108/165/85 170/251/138 188/279/155
f 177/264/145 128/193/102 178/280/146
f 186/276/153 111/168/87 133/201/107
f 166/281/134 101/187/80 189/282/156
f 146/219/118 144/254/116 190/283/157
f 160/237/128 147/220/119 167/246/135
f 169/268/137 185/284/152 181/269/149
f 177/264/145 191/285/158 114/191/90
f 139/210/111 156/233/124 167/246/135
f 157/234/125 108/216/85 188/286/155
f 192/287/159 133/201/107 146/219/118
f 193/288/160 149/224/121 110/167/86
f 160/237/128 167/246/135 178/265/146
f 178/280/146 194/289/161 177/264/145
f 195/290/162 115/173/91 159/236/127
f 196/291/163 159/236/127 123/185/97
f 172/256/140 197/292/164 173/257/141
f 123/185/97 126/189/100 198/293/165
f 110/167/86 157/234/125 199/294/166
f 192/287/159 200/295/167 133/201/107
f 178/280/146 201/296/168 194/289/161
f 130/198/104 132/200/106 202/297/169
f 190/283/157 144/254/116 203/298/170
f 144/228/116 182/270/22 204/299/22
f 205/300/171 206/301/172 194/289/161
f 205/300/171 194/289/161 207/302/173
f 208/303/174 156/233/124 175/260/143
f 201/296/168 178/280/146 167/304/135
f 198/293/165 126/189/100 209/305/175
f 210/306/176 211/307/177 212/308/178
f 173/257/141 197/292/164 213/309/179
f 161/240/129 130/239/104 213/309/179
f 177/264/145 194/289/161 206/301/172
f 214/310/180 194/289/161 201/296/168
f 170/251/138 215/311/181 216/312/182
f 134/202/108 217/313/183 158/235/126
f 170/251/138 216/312/182 188/279/155
f 162/241/130 122/184/96 186/276/153
f 199/294/166 193/288/160 110/167/86
f 218/314/184 210/315/176 212/316/178
f 201/296/168 167/304/135 156/317/124
f 143/214/115 114/215/90 191/318/158
f 214/310/180 219/319/185 220/320/186
f 183/271/150 221/321/187 175/260/143
f 142/213/114 154/231/122 222/322/188
f 219/319/185 156/317/124 208/323/174
f 214/310/180 201/296/168 156/317/124
f 214/310/180 156/317/124 219/319/185
f 184/272/151 125/188/99 223/324/189
f 185/325/152 166/326/134 224/327/190
f 213/328/179 225/329/191 173/330/141
f 198/293/165 196/291/163 123/185/97
f 222/322/188 155/232/123 142/213/114
f 168/331/136 163/332/131 176/333/144
f 185/284/152 226/334/192 181/269/149
f 199/294/166 157/234/125 188/286/155
f 146/219/118 190/283/157 192/287/159
f 212/316/178 227/335/193 218/314/184
f 219/319/185 208/323/174 220/320/186
f 166/336/134 228/337/194 224/338/190
f 208/323/174 229/339/195 220/320/186
f 171/255/139 202/297/169 132/200/106
f 207/302/173 194/289/161 214/310/180
f 188/279/155 216/312/182 215/311/181
f 185/340/152 224/341/190 226/342/192
f 230/343/196 181/269/149 226/334/192
f 144/228/116 204/299/22 231/344/22
f 232/345/22 144/346/116 231/347/22
f 203/348/170 144/346/116 232/345/22
f 202/297/169 213/349/179 130/198/104
f 215/311/181 170/251/138 143/214/115
f 125/188/99 158/235/126 217/313/183
f 227/350/193 212/351/178 211/352/177
f 190/283/157 233/353/197 192/287/159
f 126/189/100 184/272/151 209/305/175
f 234/354/198 171/255/139 187/278/154
f 221/321/187 183/271/150 235/355/199
f 236/356/200 237/357/201 238/358/202
f 149/224/121 193/288/160 239/359/203
f 220/320/186 229/339/195 240/360/204
f 134/202/108 162/241/130 241/361/205
f 162/241/130 186/276/153 242/362/206
f 189/282/156 101/187/80 243/363/207
f 244/364/208 186/276/153 133/201/107
f 177/264/145 206/301/172 191/285/158
f 208/303/174 175/260/143 221/321/187
f 245/365/209 166/281/134 189/282/156
f 243/363/207 101/187/80 115/173/91
f 246/366/210 244/364/208 133/201/107
f 247/367/211 237/357/201 248/368/212
f 190/283/157 203/298/170 249/369/213
f 250/370/214 251/371/215 252/372/216
f 253/373/217 238/358/202 237/357/201
f 253/373/217 237/357/201 247/367/211
f 250/374/214 254/375/218 255/376/219
f 187/277/154 161/240/129 256/377/220
f 183/271/150 155/232/123 222/322/188
f 250/370/214 252/372/216 257/378/221
f 235/355/199 183/271/150 222/322/188
f 233/353/197 190/283/157 249/369/213
f 222/322/188 154/231/122 258/379/222
f 259/380/223 260/381/224 261/382/225
f 186/276/153 244/364/208 242/362/206
f 214/310/180 220/320/186 262/383/226
f 166/281/134 245/365/209 228/384/194
f 229/385/195 208/386/174 263/387/227
f 149/224/121 264/388/228 154/231/122
f 205/300/171 265/389/229 206/301/172
f 248/368/212 237/357/201 266/390/230
f 197/292/164 161/240/129 213/309/179
f 184/272/151 267/391/231 209/305/175
f 213/328/179 202/392/169 225/329/191
f 174/393/142 173/330/141 225/329/191
f 206/301/172 268/394/232 191/285/158
f 211/352/177 269/395/233 227/350/193
f 205/300/171 207/302/173 265/389/229
f 264/388/228 258/379/222 154/231/122
f 230/343/196 226/334/192 270/396/149
f 271/397/234 230/398/196 270/399/149
f 266/390/230 272/400/235 248/368/212
f 273/401/236 274/402/237 275/403/238
f 250/370/214 255/404/219 251/371/215
f 143/214/115 191/318/158 276/405/239
f 267/391/231 184/272/151 223/324/189
f 234/354/198 277/406/240 171/255/139
f 199/294/166 188/286/155 215/407/181
f 240/360/204 262/383/226 220/320/186
f 200/295/167 192/287/159 233/353/197
f 245/365/209 278/408/241 228/384/194
f 208/386/174 279/409/242 263/387/227
f 223/324/189 125/188/99 217/313/183
f 211/352/177 280/410/243 269/395/233
f 250/374/214 168/411/136 281/412/244
f 168/411/136 176/263/144 281/412/244
f 250/370/214 257/378/221 168/413/136
f 164/414/132 168/413/136 282/415/245
f 202/297/169 171/255/139 277/406/240
f 199/416/166 215/417/181 283/418/246
f 207/302/173 214/310/180 284/419/247
f 214/310/180 262/383/226 284/419/247
f 275/403/238 274/402/237 285/420/248
f 277/406/240 234/354/198 286/421/249
f 237/357/201 236/356/200 266/390/230
f 257/378/221 252/372/216 251/371/215
f 238/358/202 253/373/217 287/422/250
f 208/303/174 221/321/187 279/423/242
f 240/424/204 229/385/195 263/387/227
f 200/295/167 246/366/210 133/201/107
f 222/322/188 258/379/222 288/425/251
f 289/426/252 198/293/165 209/305/175
f 234/427/198 187/277/154 290/428/253
f 228/337/194 226/429/192 224/338/190
f 291/430/254 248/368/212 272/400/235
f 292/431/255 251/371/215 255/404/219
f 282/415/245 293/432/256 164/414/132
f 246/366/210 294/433/257 244/364/208
f 206/301/172 265/389/229 268/394/232
f 269/395/233 295/434/258 296/435/259
f 134/202/108 297/436/260 217/313/183
f 288/425/251 298/437/261 222/322/188
f 299/438/262 300/439/263 301/440/264
f 172/256/140 174/258/142 302/441/265
f 203/298/170 303/442/266 249/369/213
f 193/443/160 199/416/166 304/444/267
f 302/441/265 197/292/164 172/256/140
f 211/307/177 273/401/236 275/403/238
f 143/214/115 276/405/239 215/311/181
f 258/379/222 305/445/268 288/425/251
f 254/375/218 250/374/214 281/412/244
f 306/446/269 260/381/224 259/380/223
f 234/427/198 290/428/253 286/447/249
f 174/393/142 225/329/191 302/448/265
f 218/314/184 227/335/193 307/449/270
f 307/450/270 227/451/193 269/452/233
f 308/453/271 253/373/217 247/367/211
f 277/406/240 286/421/249 309/454/272
f 305/445/268 298/437/261 288/425/251
f 254/375/218 310/455/273 255/376/219
f 246/366/210 200/295/167 311/456/274
f 210/306/176 273/401/236 211/307/177
f 259/380/223 261/382/225 306/446/269
f 270/396/149 226/334/192 312/457/149
f 313/458/22 270/396/149 312/457/149
f 312/457/149 314/459/22 313/458/22
f 315/460/22 232/461/22 231/462/22
f 316/463/275 232/461/22 315/460/22
f 235/355/199 317/464/276 221/321/187
f 280/410/243 211/352/177 318/465/277
f 269/395/233 319/466/278 295/434/258
f 264/388/228 149/224/121 239/359/203
f 241/361/205 297/436/260 134/202/108
f 242/362/206 244/364/208 320/467/279
f 298/437/261 235/355/199 222/322/188
f 321/468/280 322/469/281 308/470/271
f 211/352/177 275/471/238 318/465/277
f 291/430/254 323/472/282 248/368/212
f 251/371/215 248/368/212 323/472/282
f 292/431/255 248/368/212 251/371/215
f 281/412/244 176/263/144 165/262/133
f 282/415/245 168/413/136 257/378/221
f 324/473/283 300/474/263 299/475/262
f 161/240/129 197/292/164 256/377/220
f 308/453/271 325/476/284 253/373/217
f 326/477/285 218/314/184 307/449/270
f 242/362/206 327/478/286 162/241/130
f 294/433/257 320/467/279 244/364/208
f 298/437/261 328/479/287 235/355/199
f 233/353/197 249/369/213 329/480/288
f 207/302/173 284/419/247 330/481/289
f 165/244/133 164/243/132 293/482/256
f 293/483/256 324/484/283 299/485/262
f 285/486/248 318/465/277 275/471/238
f 303/442/266 329/480/288 249/369/213
f 278/487/241 226/429/192 228/337/194
f 304/444/267 199/416/166 283/418/246
f 331/488/290 260/381/224 332/489/291
f 247/367/211 333/490/292 308/453/271
f 292/431/255 247/367/211 248/368/212
f 264/388/228 305/445/268 258/379/222
f 277/406/240 309/454/272 334/491/293
f 335/492/294 277/406/240 334/491/293
f 276/405/239 191/318/158 336/493/295
f 221/321/187 317/464/276 279/423/242
f 322/494/281 325/476/284 308/453/271
f 333/490/292 247/367/211 292/431/255
f 264/388/228 239/359/203 305/445/268
f 292/431/255 255/404/219 333/490/292
f 268/495/232 337/496/296 191/318/158
f 338/497/297 265/498/229 330/499/289
f 207/302/173 330/481/289 265/389/229
f 287/422/250 253/373/217 325/476/284
f 339/500/298 272/501/235 266/502/230
f 325/476/284 322/494/281 340/503/299
f 246/366/210 341/504/300 294/433/257
f 200/295/167 233/353/197 342/505/301
f 193/443/160 304/444/267 343/506/302
f 285/420/248 274/402/237 273/401/236
f 260/381/224 331/488/290 261/382/225
f 256/377/220 197/292/164 302/441/265
f 243/363/207 115/173/91 195/290/162
f 344/507/303 295/434/258 319/466/278
f 345/508/304 346/509/305 347/510/306
f 328/479/287 298/437/261 348/511/307
f 349/512/308 350/513/309 351/514/310
f 277/406/240 352/515/311 202/297/169
f 352/515/311 277/406/240 335/492/294
f 238/358/202 287/422/250 353/516/312
f 354/517/313 355/518/314 356/519/315
f 187/277/154 256/377/220 290/428/253
f 345/508/304 347/510/306 357/520/316
f 351/521/310 358/522/317 349/523/308
f 310/455/273 333/524/292 255/376/219
f 241/361/205 162/241/130 327/478/286
f 263/387/227 279/409/242 359/525/318
f 335/492/294 334/491/293 360/526/319
f 225/329/191 202/392/169 361/527/320
f 215/417/181 362/528/321 283/418/246
f 355/518/314 359/525/318 356/519/315
f 273/401/236 210/306/176 363/529/322
f 191/318/158 337/496/296 336/493/295
f 280/410/243 318/465/277 364/530/323
f 257/378/221 365/531/324 282/415/245
f 366/532/325 367/533/326 368/534/327
f 281/412/244 165/262/133 293/535/256
f 293/536/256 299/537/262 369/538/328
f 301/440/264 300/439/263 324/539/283
f 335/492/294 360/526/319 370/540/329
f 332/489/291 260/381/224 371/541/330
f 233/353/197 329/480/288 372/542/331
f 215/311/181 276/405/239 336/493/295
f 373/543/332 356/544/315 359/545/318
f 356/544/315 373/543/332 374/546/333
f 238/547/202 375/548/334 236/549/200
f 305/445/268 239/359/203 376/550/335
f 349/512/308 377/551/336 350/513/309
f 378/552/337 298/437/261 305/445/268
f 319/466/278 269/395/233 280/410/243
f 319/466/278 280/410/243 364/530/323
f 379/553/338 358/522/317 351/521/310
f 268/495/232 265/554/229 338/555/297
f 323/472/282 257/378/221 251/371/215
f 262/383/226 240/360/204 380/556/339
f 257/378/221 381/557/340 368/558/327
f 279/423/242 317/464/276 359/545/318
f 320/467/279 294/433/257 382/559/341
f 266/502/230 236/549/200 339/500/298
f 343/560/302 239/359/203 193/288/160
f 232/345/22 383/561/22 303/562/266
f 232/345/22 303/562/266 203/348/170
f 371/541/330 260/381/224 306/446/269
f 317/464/276 373/543/332 359/545/318
f 246/366/210 384/563/342 341/504/300
f 345/508/304 357/520/316 346/509/305
f 309/454/272 385/564/343 334/491/293
f 336/493/295 337/496/296 386/565/344
f 269/452/233 296/566/259 307/450/270
f 323/472/282 381/557/340 257/378/221
f 284/419/247 262/383/226 387/567/345
f 387/567/345 262/383/226 380/556/339
f 198/293/165 388/568/346 196/291/163
f 242/362/206 320/467/279 389/569/347
f 390/570/348 235/355/199 328/479/287
f 384/563/342 246/366/210 311/456/274
f 374/546/333 391/571/349 356/544/315
f 392/572/350 350/513/309 393/573/351
f 360/526/319 334/491/293 385/564/343
f 394/574/352 350/513/309 392/572/350
f 357/520/316 347/510/306 395/575/353
f 347/576/306 346/577/305 396/578/354
f 394/574/352 392/572/350 397/579/355
f 376/550/335 239/359/203 398/580/356
f 344/507/303 319/466/278 364/530/323
f 351/514/310 350/513/309 399/581/357
f 399/582/357 379/553/338 351/521/310
f 217/313/183 297/436/260 223/324/189
f 321/468/280 400/583/358 322/469/281
f 368/534/327 381/584/340 366/532/325
f 365/531/324 257/378/221 368/558/327
f 369/585/328 281/412/244 293/535/256
f 369/586/328 299/438/262 301/440/264
f 339/500/298 236/549/200 375/548/334
f 209/305/175 267/391/231 289/426/252
f 401/587/359 331/588/290 332/589/291
f 402/590/360 245/365/209 189/282/156
f 403/591/361 360/526/319 400/592/358
f 350/513/309 377/551/336 393/573/351
f 376/550/335 347/593/306 396/594/354
f 309/595/272 404/596/362 385/597/343
f 397/579/355 405/598/363 406/599/364
f 407/600/365 321/601/280 308/602/271
f 397/579/355 392/572/350 405/598/363
f 378/552/337 305/445/268 376/550/335
f 333/524/292 407/600/365 308/602/271
f 338/555/297 337/496/296 268/495/232
f 326/477/285 210/315/176 218/314/184
f 408/603/366 195/290/162 159/236/127
f 409/604/367 240/424/204 263/387/227
f 241/361/205 327/478/286 297/436/260
f 410/605/368 361/527/320 202/392/169
f 354/606/313 356/544/315 391/571/349
f 342/505/301 311/456/274 200/295/167
f 400/583/358 321/468/280 411/607/369
f 322/494/281 400/608/358 340/503/299
f 350/513/309 394/574/352 399/581/357
f 390/570/348 317/464/276 235/355/199
f 306/446/269 261/382/225 331/488/290
f 412/609/370 239/359/203 343/560/302
f 359/525/318 409/604/367 263/387/227
f 413/610/371 335/492/294 370/540/329
f 294/433/257 341/504/300 414/611/372
f 371/612/330 401/587/359 332/589/291
f 415/613/373 340/503/299 400/608/358
f 349/523/308 358/522/317 416/614/374
f 238/547/202 353/615/312 375/548/334
f 284/419/247 387/567/345 417/616/375
f 301/440/264 324/539/283 418/617/376
f 309/595/272 286/447/249 404/596/362
f 380/618/339 240/424/204 409/604/367
f 355/518/314 409/604/367 359/525/318
f 215/311/181 336/493/295 362/619/321
f 202/620/169 352/621/311 410/622/368
f 278/408/241 245/365/209 402/590/360
f 370/540/329 360/526/319 403/591/361
f 372/542/331 342/505/301 233/353/197
f 298/437/261 378/552/337 348/511/307
f 411/623/369 321/601/280 407/600/365
f 407/600/365 333/524/292 419/624/377
f 310/455/273 254/375/218 420/625/378
f 385/564/343 421/626/379 360/526/319
f 406/599/364 405/598/363 422/627/380
f 408/603/366 159/236/127 388/568/346
f 159/236/127 196/291/163 388/568/346
f 295/434/258 344/507/303 423/628/381
f 423/628/381 424/629/382 295/434/258
f 425/630/383 285/420/248 273/401/236
f 413/610/371 426/631/384 335/492/294
f 400/592/358 360/526/319 421/626/379
f 411/607/369 403/632/361 400/583/358
f 427/633/385 347/593/306 398/580/356
f 347/510/306 427/634/385 395/575/353
f 397/579/355 428/635/386 394/574/352
f 429/636/387 323/637/282 291/638/254
f 376/550/335 398/580/356 347/593/306
f 419/624/377 333/524/292 310/455/273
f 379/553/338 430/639/388 358/522/317
f 379/553/338 399/582/357 431/640/389
f 267/391/231 223/324/189 432/641/390
f 223/324/189 297/436/260 432/641/390
f 371/642/330 306/643/269 433/644/391
f 362/528/321 434/645/392 283/418/246
f 243/363/207 402/590/360 189/282/156
f 406/599/364 422/627/380 435/646/393
f 396/647/354 346/509/305 357/520/316
f 416/648/374 377/551/336 349/512/308
f 318/465/277 285/486/248 436/649/394
f 420/625/378 254/375/218 437/650/395
f 438/651/396 317/464/276 390/570/348
f 409/604/367 439/652/397 380/618/339
f 331/488/290 440/653/398 306/446/269
f 329/480/288 303/442/266 441/654/399
f 312/457/149 226/334/192 442/655/400
f 443/656/401 444/657/22 442/658/400
f 442/655/400 444/659/22 312/457/149
f 434/645/392 445/660/402 283/418/246
f 403/591/361 413/610/371 370/540/329
f 392/572/350 446/661/403 405/598/363
f 446/661/403 422/627/380 405/598/363
f 373/543/332 317/464/276 438/651/396
f 447/662/404 282/415/245 365/531/324
f 225/329/191 361/527/320 302/448/265
f 296/435/259 295/434/258 424/629/382
f 355/518/314 354/517/313 448/663/405
f 434/645/392 371/642/330 449/664/406
f 449/664/406 445/660/402 434/645/392
f 376/550/335 396/594/354 450/665/407
f 451/666/408 302/448/265 361/527/320
f 387/567/345 380/556/339 452/667/409
f 453/668/410 340/503/299 454/669/411
f 325/476/284 340/503/299 453/668/410
f 455/670/412 407/600/365 456/671/413
f 457/672/414 343/506/302 304/444/267
f 291/638/254 272/501/235 458/673/415
f 450/674/407 396/647/354 459/675/416
f 367/533/326 366/532/325 460/676/417
f 433/644/391 449/664/406 371/642/330
f 413/677/371 403/632/361 411/607/369
f 399/582/357 461/678/418 431/640/389
f 399/581/357 394/574/352 428/635/386
f 399/581/357 428/635/386 461/679/418
f 328/479/287 348/511/307 462/680/419
f 254/375/218 281/412/244 437/650/395
f 330/481/289 284/419/247 417/616/375
f 381/584/340 323/637/282 429/636/387
f 286/447/249 463/681/420 404/596/362
f 304/444/267 283/418/246 445/660/402
f 336/493/295 464/682/421 362/619/321
f 465/683/422 391/571/349 374/546/333
f 466/684/423 385/597/343 404/596/362
f 467/685/424 243/363/207 195/290/162
f 428/635/386 468/686/425 461/679/418
f 455/670/412 411/623/369 407/600/365
f 287/422/250 469/687/426 353/516/312
f 306/643/269 470/688/427 433/644/391
f 378/552/337 376/550/335 471/689/428
f 460/676/417 366/532/325 381/584/340
f 226/429/192 278/487/241 472/690/429
f 455/691/412 413/677/371 411/607/369
f 473/692/430 354/606/313 391/571/349
f 434/693/392 474/694/431 371/612/330
f 435/646/393 475/695/432 406/599/364
f 397/579/355 406/599/364 476/696/433
f 477/697/434 478/698/435 479/699/436
f 427/633/385 398/580/356 480/700/437
f 412/609/370 398/580/356 239/359/203
f 429/636/387 291/638/254 458/673/415
f 289/426/252 267/391/231 481/701/438
f 364/530/323 318/465/277 436/649/394
f 419/624/377 456/671/413 407/600/365
f 482/702/439 483/703/440 294/433/257
f 484/704/441 368/534/327 367/533/326
f 335/492/294 426/631/384 352/515/311
f 485/705/442 372/542/331 329/480/288
f 377/551/336 486/706/443 393/573/351
f 406/599/364 475/695/432 476/696/433
f 478/698/435 487/707/444 479/699/436
f 357/520/316 395/575/353 396/647/354
f 488/708/445 289/426/252 481/701/438
f 363/529/322 210/306/176 489/709/446
f 294/433/257 483/703/440 382/559/341
f 490/710/447 483/703/440 482/702/439
f 491/711/448 296/566/259 424/712/382
f 414/611/372 482/702/439 294/433/257
f 352/621/311 426/713/384 410/622/368
f 422/627/380 446/661/403 492/714/449
f 476/696/433 428/635/386 397/579/355
f 487/707/444 426/713/384 413/677/371
f 413/677/371 455/691/412 487/707/444
f 415/613/373 454/669/411 340/503/299
f 304/444/267 445/660/402 493/715/450
f 487/716/444 478/717/435 494/718/451
f 455/691/412 479/699/436 487/707/444
f 287/422/250 325/476/284 469/687/426
f 388/568/346 198/293/165 495/719/452
f 496/720/453 375/548/334 353/615/312
f 198/293/165 289/426/252 495/719/452
f 423/628/381 344/507/303 497/721/454
f 410/605/368 498/722/455 361/527/320
f 499/723/456 281/412/244 369/585/328
f 484/704/441 367/533/326 500/724/457
f 365/725/324 368/534/327 484/704/441
f 447/726/404 365/725/324 484/704/441
f 369/586/328 301/440/264 418/617/376
f 474/694/431 401/587/359 371/612/330
f 475/695/432 435/646/393 501/727/458
f 421/728/379 385/597/343 466/684/423
f 348/729/307 378/730/337 502/731/459
f 468/686/425 428/635/386 503/732/460
f 210/315/176 504/733/461 489/734/446
f 419/624/377 310/455/273 420/625/378
f 290/428/253 256/377/220 505/735/462
f 506/736/463 256/737/220 302/738/265
f 500/724/457 367/533/326 460/676/417
f 384/563/342 311/456/274 507/739/464
f 273/401/236 363/529/322 425/630/383
f 457/672/414 304/444/267 493/715/450
f 470/688/427 306/643/269 440/740/398
f 508/741/465 226/429/192 472/690/429
f 343/506/302 457/672/414 412/742/370
f 509/743/466 510/744/467 383/745/22
f 383/745/22 510/744/467 511/746/22
f 442/747/400 226/429/192 508/741/465
f 511/748/22 303/562/266 383/561/22
f 331/588/290 401/587/359 440/749/398
f 446/661/403 392/572/350 512/750/468
f 434/693/392 362/619/321 474/694/431
f 410/622/368 426/713/384 487/707/444
f 472/751/429 278/408/241 513/752/469
f 402/590/360 513/752/469 278/408/241
f 402/590/360 243/363/207 467/685/424
f 455/691/412 514/753/470 479/699/436
f 210/315/176 326/477/285 504/733/461
f 459/675/416 396/647/354 395/575/353
f 390/570/348 328/479/287 462/680/419
f 373/543/332 438/651/396 515/754/471
f 327/478/286 242/362/206 516/755/472
f 517/756/473 400/608/358 421/728/379
f 473/692/430 391/571/349 465/683/422
f 482/702/439 518/757/474 490/710/447
f 519/758/475 482/702/439 414/611/372
f 437/650/395 281/412/244 499/723/456
f 491/711/448 307/450/270 296/566/259
f 401/587/359 520/759/476 440/749/398
f 521/760/477 479/699/436 514/753/470
f 477/697/434 479/699/436 522/761/478
f 422/627/380 501/727/458 435/646/393
f 476/696/433 475/695/432 523/762/479
f 473/763/430 524/764/480 354/765/313
f 525/766/481 428/635/386 476/696/433
f 460/676/417 381/584/340 429/636/387
f 526/767/482 286/447/249 290/428/253
f 527/768/483 423/628/381 497/721/454
f 329/480/288 441/654/399 485/705/442
f 425/769/383 436/649/394 285/486/248
f 389/569/347 320/467/279 382/559/341
f 458/673/415 272/501/235 339/500/298
f 424/629/382 423/628/381 527/768/483
f 449/664/406 433/644/391 445/660/402
f 528/770/484 361/527/320 498/722/455
f 494/718/451 529/771/485 487/716/444
f 428/635/386 525/766/481 503/732/460
f 478/717/435 477/772/434 494/718/451
f 325/476/284 453/668/410 469/687/426
f 400/608/358 517/756/473 530/773/486
f 415/613/373 400/608/358 530/773/486
f 432/641/390 481/701/438 267/391/231
f 490/774/447 531/775/487 483/776/440
f 532/777/488 373/543/332 515/754/471
f 533/778/489 427/634/385 480/779/437
f 486/706/443 377/551/336 416/648/374
f 358/780/317 534/781/490 416/782/374
f 534/781/490 358/780/317 430/783/388
f 453/784/410 454/785/411 535/786/491
f 536/787/492 502/731/459 378/730/337
f 537/788/493 348/729/307 502/731/459
f 462/789/419 348/729/307 537/788/493
f 307/449/270 538/790/494 326/477/285
f 417/616/375 387/567/345 452/667/409
f 483/776/440 531/775/487 539/791/495
f 382/792/341 483/793/440 539/794/495
f 540/795/496 293/432/256 282/415/245
f 293/483/256 541/796/497 324/484/283
f 490/774/447 542/797/498 543/798/499
f 436/649/394 544/799/500 364/530/323
f 532/777/488 374/546/333 373/543/332
f 302/448/265 451/666/408 545/800/501
f 341/504/300 384/563/342 414/611/372
f 339/500/298 375/548/334 458/673/415
f 471/689/428 376/550/335 450/665/407
f 536/787/492 378/730/337 471/801/428
f 441/654/399 303/442/266 546/802/502
f 344/507/303 364/530/323 547/803/503
f 547/803/503 497/721/454 344/507/303
f 501/727/458 548/804/504 475/695/432
f 548/804/504 549/805/505 475/695/432
f 487/716/444 498/722/455 410/605/368
f 398/580/356 412/609/370 480/700/437
f 529/771/485 498/722/455 487/716/444
f 523/762/479 525/766/481 476/696/433
f 521/760/477 522/761/478 479/699/436
f 453/784/410 535/786/491 469/806/426
f 337/496/296 338/555/297 550/807/506
f 551/808/507 338/497/297 330/499/289
f 552/809/508 458/673/415 375/548/334
f 439/652/397 553/810/509 380/618/339
f 297/436/260 327/478/286 554/811/510
f 463/681/420 286/447/249 526/767/482
f 543/798/499 531/775/487 490/774/447
f 505/812/462 256/737/220 555/813/511
f 555/813/511 256/737/220 506/736/463
f 541/814/497 293/432/256 540/795/496
f 506/736/463 302/738/265 545/815/501
f 519/758/475 518/757/474 482/702/439
f 556/816/512 557/817/513 558/818/514
f 451/666/408 361/527/320 559/819/515
f 469/820/426 496/720/453 353/615/312
f 560/821/516 330/481/289 417/616/375
f 431/640/389 561/822/517 379/553/338
f 409/604/367 355/518/314 439/652/397
f 458/673/415 562/823/518 429/636/387
f 418/617/376 324/539/283 563/824/519
f 242/362/206 389/569/347 516/755/472
f 547/803/503 364/530/323 544/799/500
f 289/426/252 488/708/445 495/719/452
f 395/575/353 427/634/385 533/778/489
f 558/818/514 473/763/430 564/825/520
f 386/565/344 337/496/296 565/826/521
f 466/684/423 404/596/362 566/827/522
f 439/652/397 355/518/314 448/663/405
f 514/828/470 455/670/412 456/671/413
f 456/671/413 419/624/377 567/829/523
f 448/663/405 354/517/313 524/830/480
f 437/831/395 568/832/524 420/833/378
f 282/415/245 447/662/404 540/795/496
f 401/587/359 474/694/431 569/834/525
f 464/682/421 336/493/295 570/835/526
f 361/527/320 528/770/484 559/819/515
f 571/836/527 459/675/416 395/575/353
f 475/695/432 549/805/505 572/837/528
f 466/684/423 517/756/473 421/728/379
f 392/572/350 393/573/351 512/750/468
f 465/683/422 374/546/333 532/777/488
f 499/838/456 369/586/328 418/617/376
f 461/678/418 561/822/517 431/640/389
f 327/478/286 516/755/472 554/811/510
f 516/755/472 389/569/347 573/839/529
f 433/644/391 574/840/530 445/660/402
f 493/715/450 445/660/402 574/840/530
f 460/676/417 429/636/387 562/823/518
f 508/841/465 472/751/429 575/842/531
f 576/843/532 442/844/400 508/845/465
f 577/846/22 442/847/400 576/848/532
f 526/767/482 290/428/253 505/735/462
f 556/816/512 558/818/514 578/849/533
f 564/825/520 492/850/449 558/818/514
f 579/851/534 307/450/270 491/711/448
f 580/852/535 422/627/380 492/714/449
f 492/714/449 446/661/403 512/750/468
f 450/674/407 459/675/416 571/836/527
f 523/762/479 475/695/432 525/766/481
f 560/853/516 551/808/507 330/499/289
f 463/681/420 581/854/536 404/596/362
f 375/548/334 496/720/453 552/809/508
f 408/603/366 388/568/346 582/855/537
f 583/856/538 458/673/415 552/809/508
f 390/570/348 462/680/419 584/857/539
f 585/858/540 390/570/348 584/857/539
f 390/570/348 585/858/540 438/651/396
f 420/833/378 568/832/524 419/859/377
f 539/794/495 586/860/541 382/792/341
f 518/757/474 519/758/475 587/861/542
f 588/862/543 474/694/431 362/619/321
f 578/849/533 558/818/514 492/850/449
f 589/863/544 492/714/449 564/864/520
f 416/782/374 534/781/490 590/865/545
f 525/766/481 572/837/528 591/866/546
f 430/639/388 379/553/338 592/867/547
f 452/667/409 380/556/339 553/868/509
f 504/733/461 326/477/285 538/790/494
f 524/830/480 557/869/513 448/663/405
f 557/817/513 473/763/430 558/818/514
f 463/681/420 526/767/482 593/870/548
f 485/705/442 441/654/399 546/802/502
f 569/834/525 520/759/476 401/587/359
f 414/611/372 384/563/342 594/871/549
f 507/739/464 311/456/274 342/505/301
f 501/727/458 422/627/380 580/852/535
f 572/837/528 525/766/481 475/695/432
f 550/807/506 565/826/521 337/496/296
f 362/619/321 595/872/550 588/862/543
f 414/611/372 594/871/549 519/758/475
f 480/873/437 412/742/370 596/874/551
f 395/575/353 533/778/489 571/836/527
f 597/875/552 491/711/448 424/712/382
f 549/805/505 598/876/553 572/837/528
f 560/821/516 417/616/375 599/877/554
f 564/864/520 473/878/430 600/879/555
f 469/820/426 601/880/556 496/720/453
f 591/866/546 503/732/460 525/766/481
f 473/692/430 465/683/422 602/881/557
f 460/676/417 484/704/441 500/724/457
f 524/764/480 473/763/430 557/817/513
f 544/799/500 436/649/394 425/769/383
f 531/775/487 603/882/558 539/791/495
f 389/883/347 382/792/341 604/884/559
f 470/688/427 440/740/398 520/885/476
f 471/801/428 450/886/407 605/887/560
f 382/792/341 586/860/541 604/884/559
f 526/767/482 606/888/561 593/870/548
f 512/750/468 393/573/351 607/889/562
f 587/861/542 519/758/475 608/890/563
f 416/782/374 590/865/545 609/891/564
f 503/732/460 591/866/546 606/888/561
f 538/790/494 307/449/270 579/892/534
f 554/811/510 516/755/472 610/893/565
f 465/894/422 611/895/566 602/896/557
f 548/804/504 501/727/458 612/897/567
f 491/711/448 597/875/552 613/898/568
f 336/493/295 386/565/344 570/835/526
f 550/807/506 338/555/297 614/899/569
f 514/828/470 456/671/413 567/829/523
f 532/777/488 515/754/471 615/900/570
f 461/678/418 468/901/425 616/902/571
f 617/903/572 468/686/425 503/732/460
f 600/879/555 473/878/430 602/904/557
f 425/630/383 363/529/322 618/905/573
f 573/906/529 389/883/347 604/884/559
f 470/688/427 520/885/476 619/907/574
f 596/874/551 412/742/370 457/672/414
f 460/676/417 562/823/518 620/908/575
f 451/666/408 559/819/515 545/800/501
f 512/909/468 578/849/533 492/850/449
f 338/497/297 551/808/507 614/910/569
f 529/771/485 494/718/451 621/911/576
f 458/673/415 583/856/538 562/823/518
f 585/858/540 515/754/471 438/651/396
f 419/859/377 568/832/524 622/912/577
f 516/755/472 573/839/529 623/913/578
f 616/902/571 561/822/517 461/678/418
f 619/914/574 520/759/476 569/834/525
f 543/798/499 542/797/498 624/915/579
f 595/872/550 362/619/321 464/682/421
f 384/563/342 507/739/464 625/916/580
f 609/891/564 486/917/443 416/782/374
f 613/898/568 579/851/534 491/711/448
f 626/918/581 627/919/582 628/920/583
f 629/921/584 415/613/373 530/773/486
f 454/669/411 415/613/373 630/922/585
f 603/882/558 631/923/586 539/791/495
f 465/894/422 532/924/488 611/895/566
f 489/709/446 618/905/573 363/529/322
f 457/672/414 493/715/450 596/874/551
f 535/786/491 632/925/587 469/806/426
f 633/926/22 576/848/532 508/927/465
f 303/562/266 511/748/22 546/928/502
f 617/903/572 606/888/561 526/767/482
f 526/767/482 505/735/462 617/903/572
f 490/774/447 518/929/474 542/797/498
f 634/930/588 597/875/552 424/712/382
f 572/837/528 598/876/553 635/931/589
f 452/667/409 553/868/509 636/932/590
f 637/933/591 498/722/455 529/771/485
f 553/810/509 439/652/397 638/934/592
f 639/935/593 477/936/434 522/937/478
f 640/938/594 538/790/494 579/892/534
f 463/681/420 593/870/548 581/854/536
f 404/596/362 581/854/536 566/827/522
f 514/939/470 567/940/523 641/941/595
f 499/838/456 568/832/524 437/831/395
f 543/798/499 624/915/579 531/775/487
f 606/888/561 617/903/572 503/732/460
f 467/685/424 195/290/162 642/942/596
f 393/573/351 486/706/443 607/889/562
f 643/943/597 485/705/442 546/802/502
f 589/863/544 580/852/535 492/714/449
f 450/886/407 571/944/527 605/887/560
f 591/866/546 644/945/598 606/888/561
f 609/891/564 590/865/545 645/946/599
f 599/877/554 417/616/375 452/667/409
f 636/932/590 553/868/509 638/947/592
f 637/933/591 528/770/484 498/722/455
f 627/919/582 626/918/581 646/948/600
f 517/756/473 647/949/601 530/773/486
f 601/950/556 469/806/426 632/925/587
f 630/922/585 648/951/602 454/669/411
f 604/884/559 586/860/541 649/952/603
f 460/676/417 650/953/604 484/704/441
f 555/813/511 506/736/463 651/954/605
f 493/715/450 574/840/530 652/955/606
f 584/956/539 462/789/419 537/788/493
f 620/908/575 562/823/518 583/856/538
f 506/736/463 545/815/501 651/954/605
f 653/957/607 480/873/437 596/874/551
f 547/803/503 544/799/500 654/958/608
f 545/800/501 559/819/515 655/959/609
f 634/930/588 424/712/382 656/960/610
f 424/629/382 527/768/483 656/961/610
f 497/721/454 547/803/503 657/962/611
f 566/827/522 517/756/473 466/684/423
f 448/663/405 658/963/612 439/652/397
f 647/949/601 629/921/584 530/773/486
f 432/641/390 297/436/260 554/811/510
f 659/964/613 600/879/555 602/904/557
f 660/965/614 645/946/599 590/865/545
f 534/781/490 660/965/614 590/865/545
f 534/781/490 430/783/388 661/966/615
f 662/967/616 528/770/484 637/933/591
f 586/860/541 539/794/495 631/968/586
f 540/969/496 447/726/404 484/704/441
f 608/890/563 519/758/475 594/871/549
f 594/871/549 384/563/342 663/970/617
f 372/542/331 485/705/442 643/943/597
f 644/945/598 591/866/546 572/837/528
f 664/971/618 596/874/551 493/715/450
f 535/786/491 454/785/411 648/972/602
f 665/973/619 470/688/427 619/907/574
f 433/644/391 470/688/427 665/973/619
f 574/840/530 433/644/391 665/973/619
f 557/817/513 556/816/512 666/974/620
f 512/909/468 667/975/621 578/849/533
f 668/976/622 486/917/443 609/891/564
f 549/805/505 548/804/504 612/897/567
f 379/553/338 561/822/517 592/867/547
f 555/813/511 669/977/623 505/812/462
f 593/870/548 606/888/561 644/945/598
f 628/920/583 627/919/582 638/978/592
f 533/979/489 605/887/560 571/944/527
f 542/797/498 518/929/474 670/980/624
f 518/757/474 587/861/542 608/890/563
f 621/911/576 637/933/591 529/771/485
f 621/911/576 494/718/451 671/981/625
f 661/966/615 430/783/388 592/982/547
f 567/983/523 419/859/377 672/984/626
f 572/837/528 635/931/589 644/945/598
f 628/985/583 638/934/592 658/963/612
f 439/652/397 658/963/612 638/934/592
f 673/986/627 568/832/524 499/838/456
f 610/893/565 516/755/472 623/913/578
f 566/827/522 674/987/628 517/756/473
f 468/901/425 617/988/572 616/902/571
f 652/955/606 574/840/530 665/973/619
f 472/751/429 675/989/629 575/842/531
f 474/694/431 588/862/543 569/834/525
f 666/974/620 556/816/512 578/849/533
f 600/879/555 659/964/613 564/864/520
f 501/727/458 580/852/535 612/897/567
f 504/733/461 538/790/494 676/990/630
f 677/991/631 502/731/459 536/787/492
f 678/992/632 386/565/344 565/826/521
f 614/899/569 679/993/633 550/807/506
f 630/922/585 415/613/373 629/921/584
f 521/760/477 514/753/470 522/761/478
f 627/919/582 646/948/600 680/994/634
f 681/995/635 448/663/405 557/869/513
f 682/996/636 484/704/441 683/997/637
f 615/900/570 515/754/471 684/998/638
f 324/484/283 541/796/497 685/999/639
f 531/775/487 624/915/579 686/1000/640
f 670/980/624 624/915/579 542/797/498
f 512/909/468 607/1001/562 667/975/621
f 687/1002/641 605/887/560 533/979/489
f 536/787/492 471/801/428 605/887/560
f 612/897/567 688/1003/642 549/805/505
f 592/867/547 561/822/517 689/1004/643
f 690/1005/644 613/898/568 597/875/552
f 495/719/452 488/708/445 691/1006/645
f 684/998/638 515/754/471 585/858/540
f 631/923/586 603/882/558 692/1007/646
f 484/704/441 650/953/604 683/997/637
f 685/1008/639 563/824/519 324/539/283
f 537/788/493 693/1009/647 584/956/539
f 583/856/538 694/1010/648 620/908/575
f 650/953/604 460/676/417 620/908/575
f 425/769/383 695/1011/649 544/799/500
f 696/1012/650 697/1013/651 511/748/22
f 698/1014/652 508/927/465 575/1015/531
f 511/748/22 697/1013/651 699/1016/22
f 633/926/22 508/927/465 700/1017/22
f 699/1016/22 546/928/502 511/748/22
f 513/752/469 402/590/360 701/1018/653
f 667/975/621 666/974/620 578/849/533
f 589/863/544 564/864/520 659/964/613
f 560/853/516 599/1019/554 702/1020/654
f 593/870/548 644/945/598 703/1021/655
f 656/961/610 527/768/483 704/1022/656
f 705/1023/657 636/932/590 638/947/592
f 626/918/581 628/920/583 706/1024/658
f 582/855/537 388/568/346 495/719/452
f 646/948/600 626/918/581 706/1024/658
f 671/981/625 494/718/451 477/772/434
f 532/1025/488 615/1026/570 707/1027/659
f 689/1004/643 561/822/517 616/902/571
f 586/860/541 631/968/586 708/1028/660
f 603/882/558 531/775/487 686/1000/640
f 602/896/557 611/895/566 709/1029/661
f 675/989/629 472/751/429 513/752/469
f 579/851/534 613/898/568 690/1005/644
f 701/1018/653 402/590/360 467/685/424
f 668/1030/622 607/1001/562 486/1031/443
f 507/739/464 342/505/301 625/916/580
f 497/721/454 657/962/611 527/768/483
f 408/603/366 642/942/596 195/290/162
f 528/770/484 662/967/616 559/819/515
f 710/1032/662 550/807/506 679/993/633
f 614/910/569 551/808/507 711/1033/663
f 538/790/494 640/938/594 676/990/630
f 599/877/554 452/667/409 636/932/590
f 638/978/592 627/919/582 712/1034/664
f 540/969/496 484/704/441 682/996/636
f 617/988/572 505/812/462 669/977/623
f 693/1009/647 537/788/493 502/731/459
f 604/884/559 623/1035/578 573/906/529
f 713/1036/665 342/505/301 372/542/331
f 653/957/607 714/1037/666 480/873/437
f 565/826/521 550/807/506 715/1038/667
f 716/1039/668 644/945/598 635/931/589
f 593/870/548 703/1021/655 581/854/536
f 717/1040/669 582/855/537 495/719/452
f 680/994/634 712/1034/664 627/919/582
f 632/925/587 718/1041/670 601/950/556
f 432/641/390 554/811/510 719/1042/671
f 581/854/536 703/1021/655 566/827/522
f 540/969/496 720/1043/672 541/1044/497
f 669/977/623 616/902/571 617/988/572
f 384/563/342 625/916/580 663/970/617
f 570/835/526 595/872/550 464/682/421
f 710/1032/662 715/1038/667 550/807/506
f 632/925/587 535/786/491 721/1045/673
f 722/1046/674 517/756/473 674/987/628
f 419/859/377 622/912/577 723/1047/675
f 712/1034/664 705/1048/657 638/978/592
f 499/838/456 418/617/376 563/824/519
f 653/957/607 596/874/551 664/971/618
f 533/979/489 480/873/437 724/1049/676
f 687/1002/641 533/979/489 724/1049/676
f 615/1026/570 684/1050/638 725/1051/677
f 610/893/565 623/913/578 726/1052/678
f 575/1015/531 675/1053/629 698/1014/652
f 652/955/606 664/971/618 493/715/450
f 727/1054/679 713/1036/665 372/542/331
f 728/1055/680 598/876/553 549/805/505
f 605/887/560 729/1056/681 536/787/492
f 386/565/344 730/1057/682 570/835/526
f 703/1021/655 644/945/598 716/1039/668
f 711/1033/663 551/808/507 731/1058/683
f 611/895/566 532/924/488 707/1059/659
f 569/834/525 732/1060/684 619/914/574
f 669/977/623 555/813/511 733/1061/685
f 701/1018/653 467/685/424 734/1062/686
f 597/875/552 634/930/588 735/1063/687
f 634/930/588 656/960/610 736/1064/688
f 724/1049/676 480/873/437 714/1037/666
f 549/805/505 688/1003/642 728/1055/680
f 737/1065/689 598/876/553 728/1055/680
f 678/992/632 730/1057/682 386/565/344
f 678/992/632 565/826/521 715/1038/667
f 560/853/516 731/1058/683 551/808/507
f 706/1066/658 628/985/583 658/963/612
f 681/995/635 658/963/612 448/663/405
f 649/952/603 586/860/541 708/1028/660
f 618/905/573 489/709/446 738/1067/690
f 685/999/639 541/796/497 739/1068/691
f 665/973/619 619/907/574 740/1069/692
f 695/1070/649 425/630/383 618/905/573
f 741/1071/693 654/958/608 544/799/500
f 714/1037/666 653/957/607 664/971/618
f 646/948/600 706/1024/658 680/994/634
f 546/928/502 742/1072/694 643/1073/597
f 518/1074/474 608/1075/563 743/1076/695
f 608/890/563 594/871/549 744/1077/696
f 667/975/621 607/1001/562 745/1078/697
f 727/1054/679 372/542/331 643/943/597
f 589/863/544 659/964/613 746/1079/698
f 580/852/535 589/863/544 746/1079/698
f 747/1080/699 660/965/614 534/781/490
f 657/962/611 547/803/503 654/958/608
f 657/962/611 704/1022/656 527/768/483
f 592/867/547 689/1004/643 748/1081/700
f 467/685/424 642/942/596 749/1082/701
f 481/701/438 691/1006/645 488/708/445
f 721/1045/673 535/786/491 648/972/602
f 595/872/550 570/835/526 730/1057/682
f 719/1042/671 554/811/510 750/1083/702
f 750/1083/702 554/811/510 610/893/565
f 751/1084/703 552/809/508 496/720/453
f 686/1000/640 692/1007/646 603/882/558
f 670/980/624 518/929/474 743/1085/695
f 707/1027/659 615/1026/570 725/1051/677
f 752/1086/704 674/987/628 566/827/522
f 588/862/543 753/1087/705 569/834/525
f 605/887/560 754/1088/706 729/1056/681
f 514/939/470 641/941/595 522/937/478
f 731/1058/683 560/853/516 702/1020/654
f 496/720/453 601/880/556 755/1089/707
f 419/859/377 723/1047/675 672/984/626
f 752/1086/704 566/827/522 703/1021/655
f 629/921/584 647/949/601 756/1090/708
f 585/858/540 584/857/539 684/998/638
f 499/838/456 563/824/519 673/986/627
f 757/1091/709 748/1081/700 616/902/571
f 757/1091/709 616/902/571 669/977/623
f 669/977/623 758/1092/710 757/1091/709
f 695/1093/649 618/1094/573 759/1095/711
f 659/1096/613 602/896/557 709/1029/661
f 760/1097/712 623/1035/578 604/884/559
f 623/913/578 760/1098/712 726/1052/678
f 761/1099/22 762/1100/713 697/1013/651
f 699/1016/22 697/1013/651 762/1100/713
f 763/1101/22 700/1017/22 508/927/465
f 699/1016/22 742/1072/694 546/928/502
f 732/1060/684 740/1102/692 619/914/574
f 758/1092/710 695/1093/649 759/1095/711
f 764/1103/714 625/916/580 342/505/301
f 607/1001/562 668/1030/622 745/1078/697
f 749/1082/701 734/1062/686 467/685/424
f 580/852/535 746/1079/698 612/897/567
f 634/930/588 736/1064/688 735/1063/687
f 677/991/631 693/1009/647 502/731/459
f 765/1104/715 679/1105/633 614/910/569
f 718/1041/670 755/1106/707 601/950/556
f 691/1006/645 481/701/438 766/1107/716
f 748/1081/700 689/1004/643 616/902/571
f 706/1108/658 767/1109/717 680/1110/634
f 670/980/624 768/1111/718 624/915/579
f 720/1112/672 739/1068/691 541/796/497
f 758/1092/710 669/977/623 769/1113/719
f 643/943/597 770/1114/720 727/1054/679
f 688/1003/642 612/897/567 771/1115/721
f 746/1079/698 771/1115/721 612/897/567
f 772/1116/722 736/1064/688 656/960/610
f 656/961/610 704/1022/656 772/1117/722
f 773/1118/723 774/1119/724 775/1120/725
f 718/1041/670 632/925/587 721/1045/673
f 712/1121/664 680/1110/634 767/1109/717
f 748/1081/700 757/1091/709 738/1122/690
f 757/1091/709 758/1092/710 738/1122/690
f 738/1123/690 489/734/446 504/733/461
f 708/1028/660 631/968/586 692/1124/646
f 759/1095/711 618/1094/573 758/1092/710
f 753/1087/705 588/862/543 595/872/550
f 744/1077/696 594/871/549 663/970/617
f 776/1125/726 777/1126/727 778/1127/728
f 584/956/539 693/1009/647 779/1128/729
f 621/911/576 671/981/625 780/1129/730
f 598/876/553 737/1065/689 635/931/589
f 710/1032/662 679/993/633 781/1130/731
f 679/993/633 782/1131/732 781/1130/731
f 636/932/590 705/1023/657 783/1132/733
f 705/1133/657 712/1121/664 767/1109/717
f 618/1094/573 738/1122/690 758/1092/710
f 684/1050/638 584/956/539 779/1128/729
f 651/954/605 545/815/501 784/1134/734
f 735/1063/687 785/1135/735 597/875/552
f 776/1125/726 778/1127/728 786/1136/736
f 477/936/434 787/1137/737 671/1138/625
f 773/1139/723 775/1140/725 782/1131/732
f 676/990/630 640/938/594 788/1141/738
f 765/1104/715 614/910/569 711/1033/663
f 746/1079/698 659/964/613 789/1142/739
f 754/1088/706 605/887/560 687/1002/641
f 665/973/619 740/1069/692 790/1143/740
f 664/971/618 652/955/606 665/973/619
f 583/856/538 552/809/508 791/1144/741
f 695/1011/649 741/1071/693 544/799/500
f 733/1061/685 769/1113/719 669/977/623
f 666/974/620 667/975/621 792/1145/742
f 642/942/596 408/603/366 793/1146/743
f 677/991/631 536/787/492 729/1056/681
f 747/1080/699 534/781/490 661/966/615
f 662/967/616 794/1147/744 655/959/609
f 748/1148/700 661/1149/615 592/1150/547
f 662/967/616 795/1151/745 794/1147/744
f 408/603/366 582/855/537 793/1146/743
f 755/1089/707 751/1084/703 496/720/453
f 641/941/595 567/940/523 796/1152/746
f 782/1153/732 679/1105/633 765/1104/715
f 702/1020/654 599/1019/554 636/1154/590
f 739/1068/691 720/1112/672 797/1155/747
f 707/1059/659 798/1156/748 611/895/566
f 752/1086/704 703/1021/655 716/1039/668
f 709/1029/661 611/895/566 799/1157/749
f 744/1158/696 743/1076/695 608/1075/563
f 784/1134/734 545/815/501 655/1159/609
f 609/891/564 645/946/599 800/1160/750
f 704/1022/656 657/962/611 801/1161/751
f 559/819/515 662/967/616 655/959/609
f 802/1162/752 782/1131/732 775/1140/725
f 641/941/595 639/935/593 522/937/478
f 773/1163/723 782/1153/732 765/1104/715
f 673/986/627 803/1164/753 568/832/524
f 705/1165/657 767/1166/717 783/1167/733
f 752/1086/704 804/1168/754 674/987/628
f 725/1169/677 798/1156/748 707/1059/659
f 651/954/605 733/1061/685 555/813/511
f 791/1144/741 552/809/508 751/1084/703
f 649/952/603 805/1170/755 604/884/559
f 706/1171/658 806/1172/756 767/1166/717
f 659/1096/613 709/1029/661 807/1173/757
f 807/1173/757 789/1174/739 659/1096/613
f 740/1175/692 732/1176/684 808/1177/758
f 809/1178/759 753/1087/705 595/872/550
f 810/1179/760 609/891/564 800/1160/750
f 777/1126/727 811/1180/761 778/1127/728
f 812/1181/762 813/1182/763 654/958/608
f 645/946/599 660/965/614 800/1160/750
f 660/965/614 747/1080/699 800/1160/750
f 657/962/611 654/958/608 801/1161/751
f 814/1183/764 747/1080/699 661/966/615
f 801/1161/751 772/1117/722 704/1022/656
f 738/1123/690 504/733/461 676/990/630
f 781/1130/731 782/1131/732 802/1162/752
f 637/933/591 795/1151/745 662/967/616
f 815/1184/765 816/1185/766 817/1186/767
f 611/895/566 798/1156/748 799/1157/749
f 722/1046/674 647/949/601 517/756/473
f 812/1187/762 741/1188/693 818/1189/768
f 812/1181/762 654/958/608 741/1071/693
f 701/1018/653 675/989/629 513/752/469
f 663/970/617 625/916/580 819/1190/769
f 738/1123/690 676/990/630 820/1191/770
f 809/1178/759 595/872/550 730/1057/682
f 728/1055/680 821/1192/771 737/1065/689
f 766/1107/716 481/701/438 432/641/390
f 817/1186/767 822/1193/772 823/1194/773
f 824/1195/774 672/1196/626 723/1197/675
f 622/912/577 568/832/524 803/1164/753
f 825/1198/775 684/1050/638 779/1128/729
f 743/1085/695 768/1111/718 670/980/624
f 811/1180/761 777/1126/727 826/1199/776
f 682/996/636 683/997/637 827/1200/777
f 643/943/597 742/1201/694 770/1114/720
f 630/922/585 828/1202/778 648/951/602
f 829/1203/779 694/1010/648 583/856/538
f 650/953/604 620/908/575 694/1010/648
f 830/1204/22 762/1100/713 761/1099/22
f 764/1103/714 831/1205/780 625/916/580
f 786/1136/736 778/1127/728 832/1206/781
f 833/1207/782 816/1185/766 815/1184/765
f 702/1020/654 636/1154/590 783/1208/733
f 813/1182/763 801/1161/751 654/958/608
f 722/1046/674 674/987/628 804/1168/754
f 776/1125/726 826/1199/776 777/1126/727
f 834/1209/783 745/1078/697 668/1030/622
f 784/1134/734 818/1189/768 651/954/605
f 733/1061/685 651/954/605 818/1189/768
f 812/1187/762 818/1189/768 784/1134/734
f 835/1210/784 650/953/604 694/1010/648
f 668/976/622 609/891/564 810/1179/760
f 477/936/434 639/935/593 787/1137/737
f 822/1193/772 817/1186/767 816/1185/766
f 822/1193/772 816/1185/766 836/1211/785
f 836/1211/785 837/1212/786 838/1213/787
f 839/1214/788 840/1215/789 823/1194/773
f 630/922/585 629/921/584 756/1090/708
f 817/1186/767 823/1194/773 840/1215/789
f 745/1078/697 792/1145/742 667/975/621
f 563/824/519 685/1008/639 841/1216/790
f 784/1134/734 655/1159/609 812/1187/762
f 770/1114/720 742/1201/694 842/1217/791
f 693/1009/647 677/991/631 843/1218/792
f 814/1183/764 661/966/615 844/1219/793
f 844/1220/793 661/1149/615 845/1221/794
f 661/1149/615 748/1148/700 845/1221/794
f 713/1036/665 764/1103/714 342/505/301
f 582/855/537 846/1222/795 793/1146/743
f 843/1218/792 779/1128/729 693/1009/647
f 847/1223/796 815/1184/765 817/1186/767
f 649/952/603 708/1028/660 848/1224/797
f 692/1007/646 686/1000/640 849/1225/798
f 850/1226/799 737/1065/689 851/1227/800
f 716/1039/668 635/931/589 752/1086/704
f 852/1228/801 797/1155/747 720/1112/672
f 579/851/534 690/1005/644 640/1229/594
f 624/915/579 853/1230/802 686/1000/640
f 773/1118/723 854/1231/803 774/1119/724
f 637/933/591 621/911/576 780/1129/730
f 787/1137/737 639/935/593 855/1232/804
f 826/1199/776 776/1125/726 856/1233/805
f 706/1066/658 658/963/612 857/1234/806
f 666/1235/620 681/995/635 557/869/513
f 847/1223/796 817/1186/767 840/1215/789
f 723/1047/675 622/912/577 803/1164/753
f 685/999/639 739/1068/691 858/1236/807
f 838/1213/787 822/1193/772 836/1211/785
f 721/1045/673 648/972/602 859/1237/808
f 760/1097/712 604/884/559 805/1170/755
f 818/1189/768 695/1093/649 758/1092/710
f 741/1188/693 695/1093/649 818/1189/768
f 664/971/618 665/973/619 790/1143/740
f 714/1037/666 664/971/618 860/1238/809
f 690/1005/644 597/875/552 785/1135/735
f 819/1190/769 625/916/580 831/1205/780
f 845/1221/794 748/1148/700 820/1191/770
f 813/1182/763 812/1181/762 861/1239/810
f 738/1123/690 820/1191/770 748/1148/700
f 641/941/595 862/1240/811 639/935/593
f 833/1207/782 863/1241/812 816/1185/766
f 726/1052/678 750/1083/702 610/893/565
f 802/1242/752 775/1120/725 774/1119/724
f 816/1185/766 863/1241/812 836/1211/785
f 851/1227/800 737/1065/689 821/1192/771
f 635/931/589 737/1065/689 850/1226/799
f 768/1111/718 743/1085/695 864/1243/813
f 767/1166/717 865/1244/814 783/1167/733
f 822/1193/772 838/1213/787 866/1245/815
f 658/963/612 681/995/635 857/1234/806
f 650/953/604 835/1210/784 683/997/637
f 720/1043/672 540/969/496 867/1246/816
f 818/1189/768 769/1113/719 733/1061/685
f 732/1060/684 569/834/525 868/1247/817
f 569/834/525 753/1087/705 868/1247/817
f 698/1248/652 675/989/629 869/1249/818
f 788/1141/738 820/1191/770 676/990/630
f 719/1042/671 766/1107/716 432/641/390
f 776/1125/726 870/1250/819 871/1251/820
f 655/959/609 794/1147/744 872/1252/821
f 833/1207/782 815/1184/765 873/1253/822
f 874/1254/823 836/1211/785 863/1241/812
f 875/1255/824 745/1078/697 876/1256/825
f 834/1257/783 668/976/622 810/1179/760
f 862/1240/811 641/941/595 796/1152/746
f 823/1194/773 822/1193/772 877/1258/826
f 673/986/627 563/824/519 841/1216/790
f 540/969/496 682/996/636 867/1246/816
f 818/1189/768 758/1092/710 769/1113/719
f 878/1259/827 726/1052/678 760/1098/712
f 829/1203/779 583/856/538 791/1144/741
f 746/1079/698 789/1142/739 879/1260/828
f 869/1249/818 675/989/629 701/1018/653
f 714/1037/666 880/1261/829 724/1049/676
f 832/1206/781 778/1127/728 881/1262/830
f 781/1130/731 802/1162/752 882/1263/831
f 882/1263/831 883/1264/832 781/1130/731
f 717/1040/669 495/719/452 691/1006/645
f 715/1038/667 884/1265/833 678/992/632
f 688/1003/642 771/1115/721 728/1055/680
f 718/1041/670 885/1266/834 755/1106/707
f 886/1267/835 708/1028/660 692/1124/646
f 877/1258/826 839/1214/788 823/1194/773
f 567/940/523 672/1196/626 887/1268/836
f 807/1173/757 709/1029/661 888/1269/837
f 681/995/635 666/1235/620 792/1270/742
f 875/1255/824 792/1145/742 745/1078/697
f 744/1158/696 889/1271/838 743/1076/695
f 889/1271/838 744/1158/696 890/1272/839
f 677/991/631 729/1056/681 891/1273/840
f 883/1264/832 710/1032/662 781/1130/731
f 847/1223/796 873/1253/822 815/1184/765
f 765/1104/715 854/1274/803 773/1163/723
f 802/1242/752 774/1119/724 854/1231/803
f 771/1115/721 892/1275/841 728/1055/680
f 893/1276/842 853/1230/802 624/915/579
f 857/1234/806 806/1277/756 706/1066/658
f 624/915/579 768/1111/718 893/1276/842
f 857/1234/806 681/995/635 894/1278/843
f 725/1051/677 684/1050/638 895/1279/844
f 796/1152/746 567/940/523 887/1268/836
f 834/1209/783 876/1256/825 745/1078/697
f 811/1180/761 826/1199/776 896/1280/845
f 722/1046/674 756/1090/708 647/949/601
f 897/1281/846 630/922/585 756/1090/708
f 858/1282/807 841/1216/790 685/1008/639
f 859/1237/808 648/972/602 828/1283/778
f 898/1284/847 778/1285/728 811/1286/761
f 888/1269/837 709/1029/661 799/1157/749
f 878/1287/827 760/1097/712 805/1170/755
f 790/1143/740 740/1069/692 808/1288/758
f 664/971/618 790/1143/740 860/1238/809
f 698/1014/652 899/1289/465 508/927/465
f 900/1290/848 508/927/465 899/1289/465
f 901/1291/849 900/1290/848 899/1289/465
f 902/1292/850 900/1290/848 901/1291/849
f 870/1250/819 840/1215/789 871/1251/820
f 812/1187/762 655/1159/609 903/1293/851
f 904/1294/852 890/1272/839 663/1295/617
f 890/1272/839 744/1158/696 663/1295/617
f 846/1222/795 582/855/537 717/1040/669
f 729/1056/681 754/1088/706 687/1002/641
f 881/1296/830 778/1285/728 898/1284/847
f 847/1223/796 840/1215/789 870/1250/819
f 884/1265/833 715/1038/667 710/1032/662
f 750/1083/702 726/1052/678 905/1297/853
f 731/1058/683 702/1020/654 906/1298/854
f 783/1167/733 865/1244/814 907/1299/855
f 791/1144/741 751/1084/703 908/1300/856
f 672/1196/626 824/1195/774 887/1268/836
f 684/1050/638 825/1198/775 895/1279/844
f 909/1301/857 893/1276/842 768/1111/718
f 837/1212/786 866/1245/815 838/1213/787
f 909/1301/857 768/1111/718 856/1233/805
f 747/1080/699 910/1302/858 800/1160/750
f 897/1281/846 828/1202/778 630/922/585
f 904/1294/852 663/1295/617 819/1303/769
f 832/1206/781 881/1262/830 911/1304/859
f 772/1116/722 912/1305/860 736/1064/688
f 882/1306/831 802/1242/752 854/1231/803
f 776/1125/726 786/1136/736 870/1250/819
f 786/1136/736 832/1206/781 870/1250/819
f 770/1114/720 842/1217/791 727/1054/679
f 913/1307/861 864/1243/813 743/1085/695
f 841/1216/790 914/1308/862 673/986/627
f 866/1245/815 837/1212/786 915/1309/863
f 808/1288/758 916/1310/864 790/1143/740
f 843/1218/792 677/991/631 917/1311/865
f 879/1260/828 771/1115/721 746/1079/698
f 655/959/609 872/1252/821 903/1312/851
f 813/1182/763 918/1313/866 801/1161/751
f 919/1314/867 736/1064/688 912/1305/860
f 687/1002/641 724/1049/676 880/1261/829
f 920/1315/868 832/1206/781 911/1304/859
f 862/1240/811 921/1316/869 639/935/593
f 922/1317/870 794/1147/744 795/1151/745
f 884/1265/833 710/1032/662 883/1264/832
f 711/1033/663 731/1058/683 923/1318/871
f 765/1104/715 711/1033/663 923/1318/871
f 702/1020/654 783/1208/733 907/1319/855
f 856/1233/805 768/1111/718 924/1320/872
f 835/1210/784 694/1010/648 925/1321/873
f 752/1086/704 635/931/589 850/1226/799
f 852/1322/801 720/1043/672 867/1246/816
f 926/1323/874 640/1229/594 690/1005/644
f 801/1161/751 927/1324/875 772/1117/722
f 912/1325/860 772/1117/722 927/1324/875
f 637/933/591 780/1129/730 795/1151/745
f 730/1326/682 678/1327/632 928/1328/876
f 854/1274/803 765/1104/715 923/1318/871
f 929/1329/877 923/1318/871 731/1058/683
f 849/1225/798 930/1330/878 692/1007/646
f 718/1041/670 721/1045/673 931/1331/879
f 713/1036/665 727/1054/679 932/1332/880
f 856/1233/805 924/1320/872 826/1199/776
f 840/1215/789 839/1214/788 933/1333/881
f 866/1245/815 877/1258/826 822/1193/772
f 804/1168/754 934/1334/882 722/1046/674
f 722/1046/674 934/1334/882 756/1090/708
f 905/1297/853 726/1052/678 878/1259/827
f 811/1286/761 896/1335/845 935/1336/883
f 789/1174/739 807/1173/757 936/1337/884
f 749/1082/701 642/942/596 937/1338/885
f 938/1339/886 855/1232/804 639/935/593
f 863/1241/812 833/1207/782 939/1340/887
f 929/1329/877 731/1058/683 906/1298/854
f 908/1300/856 751/1084/703 755/1089/707
f 885/1266/834 940/1341/888 755/1106/707
f 864/1243/813 924/1320/872 768/1111/718
f 933/1333/881 871/1251/820 840/1215/789
f 941/1342/889 852/1322/801 867/1246/816
f 690/1005/644 785/1135/735 926/1323/874
f 869/1249/818 942/1343/890 698/1248/652
f 788/1141/738 640/938/594 943/1344/891
f 847/1223/796 870/1250/819 873/1253/822
f 832/1206/781 944/1345/892 870/1250/819
f 945/1346/893 795/1347/745 780/1348/730
f 930/1349/878 886/1267/835 692/1124/646
f 836/1211/785 874/1254/823 915/1309/863
f 874/1254/823 863/1241/812 946/1350/894
f 887/1268/836 862/1240/811 796/1152/746
f 798/1156/748 725/1169/677 947/1351/895
f 839/1214/788 877/1258/826 948/1352/896
f 924/1320/872 896/1280/845 826/1199/776
f 866/1245/815 949/1353/897 877/1258/826
f 834/1257/783 810/1179/760 876/1354/825
f 867/1246/816 682/996/636 827/1200/777
f 852/1228/801 950/1355/898 797/1155/747
f 880/1261/829 714/1037/666 860/1238/809
f 917/1311/865 677/991/631 951/1356/899
f 944/1345/892 873/1253/822 870/1250/819
f 729/1056/681 687/1002/641 880/1261/829
f 649/952/603 848/1224/797 805/1170/755
f 639/935/593 921/1316/869 938/1339/886
f 909/1301/857 856/1233/805 952/1357/900
f 915/1309/863 837/1212/786 836/1211/785
f 878/1287/827 805/1170/755 953/1358/901
f 800/1160/750 910/1302/858 954/1359/902
f 955/1360/903 824/1195/774 723/1197/675
f 735/1063/687 736/1064/688 956/1361/904
f 858/1236/807 739/1068/691 797/1155/747
f 927/1324/875 801/1161/751 918/1313/866
f 910/1302/858 747/1080/699 957/1362/905
f 845/1221/794 820/1191/770 788/1141/738
f 779/1128/729 843/1218/792 958/1363/906
f 959/1364/907 779/1128/729 960/1365/908
f 961/1366/909 795/1347/745 945/1346/893
f 920/1315/868 911/1304/859 881/1262/830
f 928/1328/876 678/1327/632 962/1367/910
f 962/1367/910 678/1327/632 884/1368/833
f 963/1369/911 766/1107/716 719/1042/671
f 854/1231/803 964/1370/912 882/1306/831
f 965/1371/913 719/1042/671 966/1372/914
f 750/1083/702 966/1372/914 719/1042/671
f 940/1341/888 908/1373/856 755/1106/707
f 865/1244/814 767/1166/717 806/1172/756
f 752/1086/704 967/1374/915 804/1168/754
f 913/1375/861 743/1076/695 889/1271/838
f 723/1047/675 803/1164/753 968/1376/916
f 969/1377/917 909/1301/857 952/1357/900
f 879/1378/828 789/1174/739 936/1337/884
f 800/1160/750 970/1379/918 810/1179/760
f 916/1310/864 971/1380/919 790/1143/740
f 898/1284/847 811/1286/761 935/1336/883
f 972/1381/920 878/1287/827 953/1358/901
f 721/1045/673 859/1237/808 931/1331/879
f 899/1382/465 973/1383/22 901/1384/849
f 883/1385/832 882/1306/831 964/1370/912
f 832/1206/781 920/1315/868 944/1345/892
f 686/1000/640 853/1230/802 974/1386/921
f 849/1225/798 686/1000/640 974/1386/921
f 708/1028/660 975/1387/922 848/1224/797
f 939/1340/887 976/1388/923 863/1241/812
f 920/1315/868 881/1262/830 977/1389/924
f 892/1275/841 978/1390/925 728/1055/680
f 978/1390/925 821/1192/771 728/1055/680
f 969/1377/917 893/1276/842 909/1301/857
f 877/1258/826 949/1353/897 948/1352/896
f 915/1309/863 949/1353/897 866/1245/815
f 673/986/627 914/1308/862 803/1164/753
f 979/1391/926 827/1200/777 683/997/637
f 756/1090/708 980/1392/927 897/1281/846
f 950/1355/898 852/1228/801 941/1393/889
f 819/1190/769 831/1205/780 981/1394/928
f 918/1313/866 982/1395/929 927/1324/875
f 956/1361/904 736/1064/688 919/1314/867
f 854/1274/803 923/1318/871 964/1396/912
f 906/1298/854 702/1020/654 907/1319/855
f 983/1397/930 952/1357/900 856/1233/805
f 859/1237/808 828/1283/778 984/1398/931
f 694/1010/648 829/1203/779 985/1399/932
f 986/1400/933 876/1354/825 810/1179/760
f 987/1401/934 955/1360/903 988/1402/935
f 776/1125/726 989/1403/936 856/1233/805
f 989/1403/936 776/1125/726 871/1251/820
f 953/1404/901 904/1294/852 819/1303/769
f 891/1273/840 729/1056/681 990/1405/937
f 951/1356/899 677/991/631 891/1273/840
f 825/1198/775 779/1128/729 959/1364/907
f 947/1406/895 725/1407/677 895/1408/844
f 991/1409/938 912/1325/860 927/1324/875
f 701/1018/653 734/1062/686 992/1410/939
f 946/1350/894 915/1309/863 874/1254/823
f 993/1411/940 845/1221/794 788/1141/738
f 925/1321/873 694/1010/648 985/1399/932
f 975/1387/922 708/1028/660 886/1267/835
f 979/1391/926 867/1246/816 827/1200/777
f 892/1275/841 771/1115/721 994/1412/941
f 913/1307/861 924/1320/872 864/1243/813
f 995/1413/942 752/1086/704 850/1226/799
f 839/1214/788 948/1352/896 996/1414/943
f 752/1086/704 995/1413/942 967/1374/915
f 934/1334/882 804/1168/754 997/1415/944
f 729/1056/681 880/1261/829 990/1405/937
f 894/1278/843 681/995/635 998/1416/945
f 970/1379/918 800/1160/750 954/1359/902
f 747/1080/699 814/1183/764 957/1362/905
f 764/1103/714 713/1036/665 999/1417/946
f 872/1252/821 794/1147/744 922/1317/870
f 1000/1418/947 833/1207/782 873/1253/822
f 787/1137/737 780/1348/730 671/1138/625
f 963/1369/911 719/1042/671 965/1371/913
f 906/1298/854 1001/1419/948 929/1329/877
f 1002/1420/949 987/1421/934 988/1422/935
f 807/1173/757 888/1269/837 1003/1423/950
f 807/1173/757 1004/1424/951 936/1337/884
f 681/995/635 792/1270/742 998/1416/945
f 955/1360/903 1005/1425/952 988/1402/935
f 1006/1426/953 924/1320/872 913/1307/861
f 896/1280/845 924/1320/872 1006/1426/953
f 803/1427/753 1007/1428/954 968/1429/916
f 879/1378/828 936/1337/884 1008/1430/955
f 933/1333/881 989/1403/936 871/1251/820
f 926/1323/874 785/1135/735 735/1063/687
f 914/1308/862 841/1216/790 1009/1431/956
f 972/1432/920 1010/1433/957 1011/1434/958
f 1012/1435/959 813/1182/763 861/1239/810
f 918/1313/866 813/1182/763 1012/1435/959
f 885/1266/834 718/1041/670 931/1331/879
f 1013/1436/960 977/1389/924 881/1262/830
f 959/1364/907 1014/1437/961 825/1198/775
f 848/1224/797 953/1358/901 805/1170/755
f 895/1279/844 825/1198/775 1014/1437/961
f 1015/1438/962 790/1143/740 971/1380/919
f 860/1238/809 790/1143/740 1015/1438/962
f 943/1439/891 640/1229/594 926/1323/874
f 873/1253/822 944/1345/892 1000/1418/947
f 972/1381/920 953/1358/901 1010/1440/957
f 819/1303/769 981/1441/928 953/1404/901
f 955/1360/903 723/1197/675 968/1442/916
f 845/1221/794 993/1411/940 844/1220/793
f 831/1205/780 764/1103/714 999/1417/946
f 946/1350/894 863/1241/812 976/1388/923
f 862/1240/811 887/1268/836 921/1316/869
f 806/1277/756 857/1234/806 1016/1443/963
f 913/1375/861 889/1271/838 1017/1444/964
f 997/1415/944 804/1168/754 967/1374/915
f 1018/1445/965 812/1181/762 903/1446/851
f 1006/1447/953 935/1336/883 896/1335/845
f 1011/1434/958 878/1259/827 972/1432/920
f 868/1247/817 753/1087/705 1019/1448/966
f 809/1449/759 730/1326/682 928/1328/876
f 961/1366/909 945/1346/893 1020/1450/967
f 1021/1451/968 727/1054/679 842/1217/791
f 907/1319/855 1001/1419/948 906/1298/854
f 940/1341/888 987/1452/934 1002/1453/949
f 846/1222/795 1022/1454/969 793/1146/743
f 955/1360/903 1023/1455/970 824/1195/774
f 691/1006/645 766/1107/716 1024/1456/971
f 1005/1425/952 955/1360/903 968/1442/916
f 1025/1457/972 875/1458/824 876/1354/825
f 936/1337/884 1004/1424/951 1008/1430/955
f 930/1349/878 1026/1459/973 886/1267/835
f 984/1398/931 828/1283/778 897/1460/846
f 1027/1461/974 954/1359/902 910/1302/858
f 983/1397/930 856/1233/805 989/1403/936
f 732/1060/684 868/1247/817 1028/1462/975
f 753/1087/705 809/1178/759 1019/1448/966
f 869/1249/818 701/1018/653 1029/1463/976
f 937/1338/885 734/1062/686 749/1082/701
f 1030/1464/977 945/1346/893 780/1348/730
f 928/1328/876 962/1367/910 1031/1465/978
f 884/1466/833 883/1385/832 964/1370/912
f 1032/1467/979 920/1315/868 977/1389/924
f 824/1195/774 1023/1455/970 887/1268/836
f 978/1390/925 892/1275/841 1033/1468/980
f 799/1157/749 798/1156/748 1034/1469/981
f 1004/1424/951 807/1173/757 1003/1423/950
f 998/1416/945 792/1270/742 1035/1470/982
f 1036/1471/983 904/1294/852 953/1404/901
f 1037/1472/984 858/1236/807 797/1155/747
f 1038/1473/985 880/1261/829 860/1238/809
f 917/1311/865 958/1363/906 843/1218/792
f 1039/1474/986 878/1259/827 1011/1434/958
f 994/1412/941 771/1115/721 879/1260/828
f 898/1284/847 935/1336/883 1040/1475/987
f 1041/1476/22 1042/1477/22 699/1016/22
f 1043/1478/988 1044/1479/989 899/1382/465
f 642/942/596 793/1146/743 1045/1480/990
f 958/1363/906 960/1365/908 779/1128/729
f 795/1347/745 961/1366/909 922/1481/870
f 717/1040/669 1022/1454/969 846/1222/795
f 691/1006/645 1046/1482/991 717/1040/669
f 964/1483/912 1047/1484/992 884/1368/833
f 851/1227/800 821/1192/771 1048/1485/993
f 1049/1486/994 849/1225/798 974/1386/921
f 886/1267/835 1026/1459/973 975/1387/922
f 798/1156/748 947/1351/895 1050/1487/995
f 953/1358/901 848/1224/797 1036/1488/983
f 810/1179/760 970/1379/918 986/1400/933
f 1051/1489/996 893/1276/842 969/1377/917
f 1018/1445/965 861/1239/810 812/1181/762
f 841/1216/790 858/1282/807 1052/1490/997
f 1010/1491/957 953/1404/901 981/1441/928
f 890/1272/839 904/1294/852 889/1271/838
f 1029/1463/976 701/1018/653 992/1410/939
f 1053/1492/998 981/1394/928 831/1205/780
f 1046/1482/991 691/1006/645 1024/1456/971
f 944/1345/892 920/1315/868 1000/1418/947
f 833/1207/782 1054/1493/999 939/1340/887
f 1047/1494/992 964/1396/912 923/1318/871
f 923/1318/871 929/1329/877 1055/1495/1000
f 806/1172/756 907/1299/855 865/1244/814
f 927/1324/875 1056/1496/1001 991/1409/938
f 853/1230/802 893/1276/842 1051/1489/996
f 792/1270/742 875/1458/824 1035/1470/982
f 839/1214/788 996/1414/943 1057/1497/1002
f 908/1373/856 940/1341/888 1002/1453/949
f 985/1498/932 1058/1499/1003 925/1500/873
f 926/1323/874 735/1063/687 956/1361/904
f 881/1296/830 898/1284/847 1040/1475/987
f 931/1331/879 859/1237/808 1059/1501/1004
f 905/1297/853 878/1259/827 1039/1474/986
f 912/1305/860 991/1502/938 1060/1503/1005
f 788/1141/738 943/1344/891 1061/1504/1006
f 943/1439/891 926/1323/874 1062/1505/1007
f 920/1315/868 1032/1467/979 1000/1418/947
f 929/1329/877 1001/1419/948 1063/1506/1008
f 889/1271/838 904/1294/852 1036/1471/983
f 791/1144/741 908/1300/856 1064/1507/1009
f 839/1214/788 1057/1497/1002 1065/1508/1010
f 968/1429/916 1007/1428/954 1066/1509/1011
f 949/1353/897 1067/1510/1012 948/1352/896
f 1021/1451/968 842/1217/791 1068/1511/1013
f 1036/1488/983 848/1224/797 975/1387/922
f 955/1360/903 987/1401/934 1069/1512/1014
f 1069/1512/1014 1023/1455/970 955/1360/903
f 919/1314/867 912/1305/860 1060/1503/1005
f 1015/1438/962 1038/1473/985 860/1238/809
f 1013/1513/960 881/1296/830 1040/1475/987
f 1070/1514/1015 891/1273/840 990/1405/937
f 808/1177/758 732/1176/684 1071/1515/1016
f 1027/1461/974 910/1302/858 957/1362/905
f 962/1367/910 884/1368/833 1072/1516/1017
f 1073/1517/1018 1001/1419/948 1074/1518/1019
f 829/1203/779 791/1144/741 1064/1507/1009
f 1016/1443/963 857/1234/806 894/1278/843
f 799/1157/749 1034/1469/981 1075/1519/1020
f 1075/1519/1020 888/1269/837 799/1157/749
f 1067/1510/1012 996/1414/943 948/1352/896
f 1005/1520/952 1066/1509/1011 988/1422/935
f 1076/1521/1021 853/1230/802 1051/1489/996
f 933/1333/881 839/1214/788 1065/1508/1010
f 835/1210/784 1077/1522/1022 683/997/637
f 979/1391/926 683/997/637 1077/1522/1022
f 950/1355/898 941/1393/889 1078/1523/1023
f 858/1282/807 1037/1524/984 1052/1490/997
f 797/1155/747 950/1355/898 1079/1525/1024
f 1080/1526/1025 713/1036/665 932/1332/880
f 1047/1494/992 923/1318/871 1081/1527/1026
f 1074/1518/1019 1001/1419/948 907/1319/855
f 907/1299/855 806/1172/756 1082/1528/1027
f 976/1388/923 1083/1529/1028 946/1350/894
f 959/1530/907 1084/1531/1029 1014/1532/961
f 1049/1486/994 930/1330/878 849/1225/798
f 908/1373/856 1002/1453/949 1085/1533/1030
f 987/1401/934 1086/1534/1031 1069/1512/1014
f 1005/1520/952 968/1429/916 1066/1509/1011
f 1010/1433/957 981/1394/928 1053/1492/998
f 835/1535/784 925/1500/873 1058/1499/1003
f 916/1310/864 808/1288/758 1071/1536/1016
f 990/1405/937 880/1261/829 1070/1514/1015
f 958/1537/906 1087/1538/1032 960/1539/908
f 897/1281/846 980/1392/927 1088/1540/1033
f 1089/1541/1034 989/1403/936 933/1333/881
f 1054/1493/999 833/1207/782 1000/1418/947
f 946/1542/894 1090/1543/1035 915/1544/863
f 926/1323/874 1091/1545/1036 1062/1505/1007
f 1072/1516/1017 884/1368/833 1047/1484/992
f 929/1329/877 1063/1506/1008 1055/1495/1000
f 887/1268/836 1092/1546/1037 921/1316/869
f 1086/1547/1031 987/1452/934 940/1341/888
f 1002/1420/949 988/1422/935 1085/1548/1030
f 949/1549/897 915/1544/863 1093/1550/1038
f 1090/1543/1035 1093/1550/1038 915/1544/863
f 1094/1551/1039 895/1408/844 1014/1532/961
f 975/1387/922 930/1349/878 1095/1552/1040
f 1035/1470/982 875/1458/824 1096/1553/1041
f 853/1230/802 1076/1521/1021 974/1386/921
f 986/1400/933 970/1379/918 1097/1554/1042
f 1098/1555/1043 867/1246/816 979/1391/926
f 797/1155/747 1079/1525/1024 1037/1472/984
f 1053/1492/998 1011/1434/958 1010/1433/957
f 999/1417/946 1053/1492/998 831/1205/780
f 1099/1556/1044 1100/1557/1045 1101/1558/1046
f 780/1348/730 787/1137/737 855/1232/804
f 976/1388/923 939/1340/887 1054/1493/999
f 1022/1454/969 717/1040/669 1102/1559/1047
f 960/1539/908 1087/1538/1032 1103/1560/1048
f 923/1318/871 1055/1495/1000 1081/1527/1026
f 1026/1459/973 930/1349/878 975/1387/922
f 1007/1428/954 803/1427/753 1104/1561/1049
f 756/1090/708 934/1334/882 1105/1562/1050
f 956/1361/904 1106/1563/1051 926/1323/874
f 1078/1564/1023 941/1342/889 1107/1565/1052
f 1012/1435/959 861/1239/810 1108/1566/1053
f 1109/1567/1054 983/1397/930 989/1403/936
f 1089/1541/1034 1109/1567/1054 989/1403/936
f 1068/1568/1013 842/1569/791 742/1072/694
f 1004/1570/951 1110/1571/1055 1008/1572/955
f 994/1573/941 879/1574/828 1111/1575/1056
f 1111/1575/1056 879/1574/828 1008/1572/955
f 935/1336/883 1006/1447/953 1112/1576/1057
f 1113/1577/1058 1043/1578/988 899/1579/465
f 1114/1580/22 1115/1581/1059 1042/1477/22
f 699/1016/22 1042/1477/22 1115/1581/1059
f 982/1395/929 1056/1496/1001 927/1324/875
f 977/1389/924 1013/1436/960 1116/1582/1060
f 1117/1583/1061 1090/1543/1035 946/1542/894
f 932/1332/880 727/1054/679 1021/1451/968
f 814/1183/764 1118/1584/1062 957/1362/905
f 821/1192/771 978/1390/925 1119/1585/1063
f 1061/1504/1006 943/1344/891 1062/1586/1007
f 1102/1559/1047 717/1040/669 1046/1482/991
f 1077/1587/1022 835/1535/784 1058/1499/1003
f 1104/1561/1049 803/1427/753 914/1588/862
f 859/1237/808 984/1398/931 1059/1501/1004
f 1075/1519/1020 1003/1423/950 888/1269/837
f 1009/1431/956 841/1216/790 1052/1490/997
f 1120/1589/1064 970/1379/918 954/1359/902
f 1028/1590/975 1071/1515/1016 732/1176/684
f 993/1411/940 788/1141/738 1121/1591/1065
f 1122/1592/1066 961/1366/909 1123/1593/1067
f 1064/1507/1009 908/1300/856 1085/1594/1030
f 1072/1516/1017 1031/1465/978 962/1367/910
f 1067/1510/1012 1124/1595/1068 996/1414/943
f 750/1083/702 905/1297/853 1125/1596/1069
f 949/1549/897 1126/1597/1070 1067/1598/1012
f 806/1172/756 1016/1599/963 1082/1528/1027
f 1017/1444/964 889/1271/838 1036/1471/983
f 1095/1600/1040 930/1601/878 1049/1602/994
f 1105/1562/1050 980/1392/927 756/1090/708
f 1091/1545/1036 926/1323/874 1106/1563/1051
f 1003/1423/950 1127/1603/1071 1004/1424/951
f 867/1246/816 1098/1555/1043 941/1342/889
f 1013/1513/960 1040/1475/987 1128/1604/1072
f 642/942/596 1045/1480/990 937/1338/885
f 971/1380/919 1129/1605/1073 1015/1438/962
f 963/1369/911 1024/1456/971 766/1107/716
f 1039/1474/986 1125/1596/1069 905/1297/853
f 1101/1558/1046 1130/1606/1074 1099/1556/1044
f 1019/1448/966 1028/1462/975 868/1247/817
f 844/1220/793 993/1411/940 1131/1607/1075
f 1092/1546/1037 887/1268/836 1132/1608/1076
f 949/1549/897 1093/1550/1038 1126/1597/1070
f 1007/1428/954 1133/1609/1077 1066/1509/1011
f 1034/1469/981 798/1156/748 1050/1487/995
f 1098/1555/1043 1107/1565/1052 941/1342/889
f 918/1313/866 1012/1435/959 1108/1566/1053
f 1131/1610/1075 814/1183/764 844/1219/793
f 1122/1592/1066 922/1481/870 961/1366/909
f 1020/1450/967 945/1346/893 1030/1464/977
f 885/1266/834 931/1331/879 1134/1611/1078
f 892/1275/841 1135/1612/1079 1033/1468/980
f 1119/1585/1063 1048/1485/993 821/1192/771
f 1132/1608/1076 887/1268/836 1023/1455/970
f 1036/1471/983 975/1613/922 1017/1444/964
f 1066/1509/1011 1085/1548/1030 988/1422/935
f 958/1614/906 917/1615/865 1136/1616/1080
f 959/1617/907 960/1539/908 1137/1618/1081
f 1007/1428/954 1104/1561/1049 1133/1609/1077
f 1138/1619/1082 913/1375/861 1017/1444/964
f 1139/1620/1083 1006/1447/953 913/1621/861
f 1001/1419/948 1073/1517/1018 1063/1506/1008
f 933/1333/881 1065/1508/1010 1089/1541/1034
f 1016/1443/963 894/1278/843 1140/1622/1084
f 950/1355/898 1141/1623/1085 1079/1525/1024
f 1129/1605/1073 1142/1624/1086 1015/1438/962
f 1038/1473/985 1015/1438/962 1142/1624/1086
f 1087/1625/1032 958/1614/906 1143/1626/1087
f 872/1252/821 922/1317/870 1144/1627/1088
f 994/1412/941 1145/1628/1089 892/1275/841
f 983/1397/930 1109/1567/1054 1146/1629/1090
f 891/1273/840 1070/1514/1015 1147/1630/1091
f 951/1356/899 891/1273/840 1148/1631/1092
f 1100/1557/1045 1149/1632/1093 1101/1558/1046
f 957/1362/905 1118/1584/1062 1027/1461/974
f 978/1390/925 1033/1468/980 1119/1585/1063
f 1123/1593/1067 961/1366/909 1020/1450/967
f 809/1449/759 928/1328/876 1031/1465/978
f 1031/1465/978 1072/1516/1017 1150/1633/1094
f 959/1530/907 1137/1634/1081 1084/1531/1029
f 1095/1635/1040 1017/1444/964 975/1613/922
f 1088/1540/1033 980/1392/927 1105/1562/1050
f 913/1621/861 1138/1636/1082 1139/1620/1083
f 984/1398/931 1151/1637/1095 1059/1501/1004
f 1108/1566/1053 861/1239/810 1018/1445/965
f 1152/1638/1096 1011/1434/958 1053/1492/998
f 918/1313/866 1153/1639/1097 982/1395/929
f 1060/1503/1005 956/1361/904 919/1314/867
f 1154/1640/1098 1025/1457/972 876/1354/825
f 876/1354/825 986/1400/933 1154/1640/1098
f 1099/1641/1044 1130/1642/1074 1155/1643/1099
f 1032/1467/979 977/1389/924 1116/1582/1060
f 1000/1418/947 1032/1467/979 1156/1644/1100
f 1121/1591/1065 788/1141/738 1061/1504/1006
f 1019/1448/966 809/1178/759 1157/1645/1101
f 1045/1480/990 793/1146/743 1022/1454/969
f 885/1266/834 1134/1611/1078 940/1341/888
f 965/1371/913 1158/1646/1102 963/1369/911
f 750/1083/702 1125/1596/1069 966/1372/914
f 1159/1647/1103 1160/1648/1104 1161/1649/1105
f 998/1416/945 1035/1470/982 1162/1650/1106
f 875/1458/824 1025/1457/972 1096/1553/1041
f 1017/1444/964 1095/1635/1040 1138/1619/1082
f 947/1406/895 895/1408/844 1094/1551/1039
f 969/1377/917 952/1357/900 1146/1629/1090
f 1089/1541/1034 1065/1508/1010 1163/1651/1107
f 1152/1638/1096 1039/1474/986 1011/1434/958
f 1164/1652/1108 942/1343/890 1165/1653/1109
f 1038/1473/985 1070/1514/1015 880/1261/829
f 1103/1560/1048 1137/1618/1081 960/1539/908
f 986/1400/933 1097/1554/1042 1154/1640/1098
f 1130/1606/1074 1101/1558/1046 1166/1654/1110
f 1118/1584/1062 814/1183/764 1167/1655/1111
f 1144/1627/1088 922/1317/870 1122/1656/1066
f 1168/1657/1112 1161/1649/1105 1169/1658/1113
f 1170/1659/1114 1159/1647/1103 1161/1649/1105
f 1077/1522/1022 1171/1660/1115 979/1391/926
f 984/1398/931 897/1460/846 1172/1661/1116
f 1173/1662/1117 1078/1564/1023 1107/1565/1052
f 1174/1663/1118 1053/1492/998 999/1417/946
f 1143/1626/1087 1136/1616/1080 1175/1664/1119
f 1136/1616/1080 1143/1626/1087 958/1614/906
f 1014/1532/961 1084/1531/1029 1094/1551/1039
f 1075/1519/1020 1034/1469/981 1176/1665/1120
f 1075/1519/1020 1127/1603/1071 1003/1423/950
f 1155/1643/1099 1177/1666/1121 1099/1641/1044
f 991/1409/938 1056/1496/1001 1178/1667/1122
f 1168/1657/1112 1169/1658/1113 1179/1668/1123
f 1062/1586/1007 1180/1669/1124 1061/1504/1006
f 1181/1670/1125 809/1449/759 1031/1465/978
f 1124/1595/1068 1067/1510/1012 1182/1671/1126
f 1182/1671/1126 1067/1510/1012 1170/1672/1114
f 1126/1597/1070 1170/1659/1114 1067/1598/1012
f 1161/1673/1105 1168/1674/1112 1182/1671/1126
f 1133/1609/1077 1183/1675/1127 1066/1509/1011
f 1051/1489/996 969/1377/917 1184/1676/1128
f 1185/1677/1129 1082/1528/1027 1016/1599/963
f 1140/1622/1084 894/1278/843 998/1416/945
f 1096/1553/1041 1025/1457/972 1186/1678/1130
f 999/1417/946 713/1036/665 1080/1526/1025
f 1116/1679/1060 1013/1513/960 1128/1604/1072
f 1173/1680/1117 950/1355/898 1078/1523/1023
f 1143/1626/1087 1187/1681/1131 1087/1625/1032
f 1188/1682/1132 934/1334/882 997/1415/944
f 1139/1620/1083 1112/1576/1057 1006/1447/953
f 1111/1575/1056 1008/1572/955 1110/1571/1055
f 971/1380/919 916/1310/864 1189/1683/1133
f 698/1248/652 942/1343/890 1164/1652/1108
f 1189/1683/1133 1129/1605/1073 971/1380/919
f 1113/1577/1058 899/1579/465 1190/1684/465
f 1068/1568/1013 742/1072/694 699/1016/22
f 899/1579/465 698/1685/652 1191/1686/1134
f 1056/1496/1001 982/1395/929 1178/1667/1122
f 954/1359/902 1027/1461/974 1192/1687/1135
f 1193/1688/1136 1194/1689/1137 1195/1690/1138
f 1131/1607/1075 993/1411/940 1121/1591/1065
f 1117/1583/1061 946/1542/894 1083/1691/1028
f 809/1449/759 1181/1670/1125 1157/1692/1101
f 1165/1653/1109 942/1343/890 869/1249/818
f 1196/1693/1139 1023/1455/970 1069/1512/1014
f 1169/1658/1113 1161/1649/1105 1160/1648/1104
f 1161/1673/1105 1182/1671/1126 1170/1672/1114
f 1143/1626/1087 1175/1664/1119 1137/1634/1081
f 1066/1509/1011 1183/1675/1127 1085/1548/1030
f 1051/1489/996 1184/1676/1128 1076/1521/1021
f 997/1415/944 967/1374/915 1188/1682/1132
f 1097/1554/1042 970/1379/918 1120/1589/1064
f 780/1348/730 855/1232/804 1030/1464/977
f 1197/1694/1140 1020/1450/967 1030/1464/977
f 1137/1634/1081 1175/1664/1119 1084/1531/1029
f 1184/1676/1128 969/1377/917 1198/1695/1141
f 969/1377/917 1146/1629/1090 1198/1695/1141
f 1072/1516/1017 1047/1484/992 1081/1696/1026
f 829/1203/779 1064/1507/1009 1199/1697/1142
f 985/1399/932 829/1203/779 1199/1697/1142
f 1185/1677/1129 1016/1599/963 1140/1698/1084
f 979/1391/926 1171/1660/1115 1200/1699/1143
f 1098/1555/1043 979/1391/926 1201/1700/1144
f 1159/1647/1103 1170/1659/1114 1126/1597/1070
f 967/1374/915 995/1413/942 1202/1701/1145
f 903/1312/851 872/1252/821 1144/1627/1088
f 1135/1612/1079 892/1275/841 1145/1628/1089
f 1203/1702/1146 1087/1625/1032 1187/1681/1131
f 1032/1467/979 1116/1582/1060 1156/1644/1100
f 1149/1632/1093 1204/1703/1147 1101/1558/1046
f 1204/1703/1147 1166/1654/1110 1101/1558/1046
f 855/1232/804 938/1339/886 1205/1704/1148
f 1004/1570/951 1127/1705/1071 1110/1571/1055
f 1131/1610/1075 1167/1655/1111 814/1183/764
f 1206/1706/1149 1182/1671/1126 1168/1674/1112
f 1046/1482/991 1024/1456/971 1207/1707/1150
f 1024/1456/971 1208/1708/1151 1207/1707/1150
f 1045/1480/990 1209/1709/1152 937/1338/885
f 1058/1499/1003 1210/1710/1153 1077/1587/1022
f 914/1588/862 1009/1711/956 1104/1561/1049
f 979/1391/926 1200/1699/1143 1201/1700/1144
f 1151/1637/1095 984/1398/931 1211/1712/1154
f 1106/1563/1051 956/1361/904 1212/1713/1155
f 950/1355/898 1173/1680/1117 1213/1714/1156
f 1099/1641/1044 1177/1666/1121 1214/1715/1157
f 982/1395/929 1153/1639/1097 1178/1667/1122
f 1162/1650/1106 1035/1470/982 1215/1716/1158
f 1035/1470/982 1096/1553/1041 1215/1716/1158
f 1179/1717/1123 1216/1718/1159 1168/1674/1112
f 1216/1718/1159 1206/1706/1149 1168/1674/1112
f 938/1339/886 921/1316/869 1217/1719/1160
f 996/1414/943 1124/1595/1068 1218/1720/1161
f 1083/1529/1028 976/1388/923 1219/1721/1162
f 1054/1493/999 1219/1721/1162 976/1388/923
f 1023/1455/970 1196/1693/1139 1132/1608/1076
f 1085/1594/1030 1220/1722/1163 1064/1507/1009
f 1093/1550/1038 1090/1543/1035 1221/1723/1164
f 1091/1545/1036 1106/1563/1051 1222/1724/1165
f 1219/1721/1162 1054/1493/999 1000/1418/947
f 1223/1725/1166 1079/1726/1024 1141/1727/1085
f 1141/1623/1085 950/1355/898 1213/1714/1156
f 1137/1634/1081 1103/1728/1048 1143/1626/1087
f 1103/1729/1048 1087/1730/1032 1203/1731/1146
f 1040/1475/987 1224/1732/1167 1128/1604/1072
f 1148/1631/1092 891/1273/840 1147/1630/1091
f 952/1357/900 983/1397/930 1146/1629/1090
f 1040/1475/987 935/1336/883 1224/1732/1167
f 698/1248/652 1164/1652/1108 1191/1733/1134
f 1176/1665/1120 1034/1469/981 1225/1734/1168
f 1193/1688/1136 1195/1690/1138 1226/1735/1169
f 1227/1736/1170 1134/1611/1078 931/1331/879
f 1195/1690/1138 1194/1689/1137 1228/1737/1171
f 966/1372/914 1125/1596/1069 1229/1738/1172
f 1230/1739/1173 1218/1720/1161 1124/1595/1068
f 1182/1671/1126 1206/1706/1149 1230/1739/1173
f 1009/1431/956 1052/1490/997 1231/1740/1174
f 1182/1671/1126 1230/1739/1173 1124/1595/1068
f 1065/1508/1010 1057/1497/1002 1163/1651/1107
f 1232/1741/1175 1079/1726/1024 1223/1725/1166
f 1233/1742/1176 1159/1647/1103 1126/1597/1070
f 1188/1682/1132 967/1374/915 1202/1701/1145
f 1082/1528/1027 1074/1743/1019 907/1299/855
f 1140/1622/1084 998/1416/945 1234/1744/1177
f 918/1313/866 1108/1566/1053 1153/1639/1097
f 1212/1713/1155 956/1361/904 1235/1745/1178
f 956/1361/904 1060/1503/1005 1235/1745/1178
f 1149/1632/1093 1100/1557/1045 1236/1746/1179
f 1050/1747/995 947/1406/895 1094/1551/1039
f 1237/1748/1180 1119/1585/1063 1033/1468/980
f 1193/1688/1136 1204/1703/1147 1238/1749/1181
f 1206/1706/1149 1216/1718/1159 1239/1750/1182
f 1090/1543/1035 1117/1583/1061 1221/1723/1164
f 1097/1554/1042 1120/1589/1064 1240/1751/1183
f 1135/1612/1079 1241/1752/1184 1033/1468/980
f 1027/1461/974 1118/1584/1062 1192/1687/1135
f 1059/1501/1004 1227/1736/1170 931/1331/879
f 1085/1548/1030 1183/1675/1127 1220/1753/1163
f 985/1498/932 1210/1710/1153 1058/1499/1003
f 1187/1681/1131 1143/1626/1087 1103/1728/1048
f 1095/1600/1040 1049/1602/994 1242/1754/1185
f 1171/1755/1115 1077/1587/1022 1210/1710/1153
f 934/1334/882 1188/1682/1132 1105/1562/1050
f 1098/1555/1043 1243/1756/1186 1107/1565/1052
f 1211/1712/1154 984/1398/931 1172/1661/1116
f 1052/1490/997 1037/1524/984 1244/1757/1187
f 1018/1445/965 903/1446/851 1144/1758/1088
f 1166/1654/1110 1204/1703/1147 1193/1688/1136
f 1245/1759/1188 1195/1690/1138 1228/1737/1171
f 1196/1693/1139 1069/1512/1014 1246/1760/1189
f 850/1226/799 851/1227/800 1247/1761/1190
f 850/1226/799 1248/1762/1191 995/1413/942
f 1206/1706/1149 1249/1763/1192 1230/1739/1173
f 1171/1755/1115 1210/1710/1153 1250/1764/1193
f 1088/1765/1033 1172/1661/1116 897/1460/846
f 1049/1486/994 974/1386/921 1076/1521/1021
f 1138/1636/1082 1095/1600/1040 1251/1766/1194
f 1073/1517/1018 1074/1518/1019 1252/1767/1195
f 1253/1768/1196 1173/1662/1117 1107/1565/1052
f 1222/1724/1165 1106/1563/1051 1212/1713/1155
f 991/1409/938 1178/1667/1122 1254/1769/1197
f 1255/1770/1198 1177/1666/1121 1155/1643/1099
f 1256/1771/1199 1186/1678/1130 1025/1457/972
f 1094/1551/1039 1084/1531/1029 1257/1772/1200
f 1258/1773/1201 1144/1627/1088 1122/1656/1066
f 1226/1735/1169 1166/1654/1110 1193/1688/1136
f 954/1359/902 1192/1687/1135 1259/1774/1202
f 1260/1775/1203 1028/1462/975 1019/1448/966
f 869/1249/818 1029/1463/976 1165/1653/1109
f 1045/1480/990 1022/1454/969 1209/1709/1152
f 963/1369/911 1208/1708/1151 1024/1456/971
f 1160/1648/1104 1159/1647/1103 1261/1776/1204
f 1229/1738/1172 965/1371/913 966/1372/914
f 1262/1777/1205 1093/1550/1038 1221/1723/1164
f 1139/1620/1083 1138/1636/1082 1251/1766/1194
f 1063/1506/1008 1263/1778/1206 1055/1495/1000
f 1073/1517/1018 1264/1779/1207 1063/1506/1008
f 1265/1780/1208 1200/1781/1143 1171/1755/1115
f 1212/1713/1155 1235/1745/1178 1266/1782/1209
f 1236/1746/1179 1099/1556/1044 1214/1783/1157
f 1099/1556/1044 1236/1746/1179 1100/1557/1045
f 1267/1784/1210 1129/1605/1073 1189/1683/1133
f 1146/1629/1090 1109/1567/1054 1268/1785/1211
f 1190/1684/465 899/1579/465 1191/1686/1134
f 935/1336/883 1112/1576/1057 1224/1732/1167
f 1269/1786/22 1068/1568/1013 699/1016/22
f 1270/1787/1212 1068/1568/1013 1269/1786/22
f 1271/1788/22 699/1016/22 1115/1581/1059
f 1271/1788/22 1269/1786/22 699/1016/22
f 1030/1464/977 855/1232/804 1205/1704/1148
f 1156/1789/1100 1116/1679/1060 1272/1790/1213
f 1025/1457/972 1154/1640/1098 1256/1771/1199
f 1084/1531/1029 1175/1664/1119 1257/1772/1200
f 1050/1747/995 1094/1551/1039 1273/1791/1214
f 1097/1554/1042 1256/1771/1199 1154/1640/1098
f 1120/1589/1064 954/1359/902 1259/1774/1202
f 1175/1664/1119 1136/1616/1080 1274/1792/1215
f 1210/1710/1153 1133/1793/1077 1250/1764/1193
f 1133/1609/1077 1104/1561/1049 1275/1794/1216
f 1218/1720/1161 1057/1497/1002 996/1414/943
f 1104/1561/1049 1009/1711/956 1231/1795/1174
f 1261/1776/1204 1159/1647/1103 1276/1796/1217
f 1277/1797/1218 1112/1576/1057 1139/1620/1083
f 1244/1757/1187 1231/1740/1174 1052/1490/997
f 921/1316/869 1092/1546/1037 1217/1719/1160
f 1205/1704/1148 938/1339/886 1217/1719/1160
f 1000/1798/947 1156/1789/1100 1278/1799/1219
f 1256/1771/1199 1097/1554/1042 1279/1800/1220
f 1206/1706/1149 1239/1750/1182 1249/1763/1192
f 1216/1718/1159 1179/1717/1123 1280/1801/1221
f 1164/1652/1108 1165/1653/1109 1281/1802/1222
f 1210/1710/1153 985/1498/932 1199/1803/1142
f 1250/1764/1193 1133/1793/1077 1275/1804/1216
f 1250/1764/1193 1265/1780/1208 1171/1755/1115
f 1103/1728/1048 1203/1702/1146 1282/1805/1223
f 1242/1754/1185 1251/1766/1194 1095/1600/1040
f 1181/1670/1125 1031/1465/978 1150/1633/1094
f 1243/1756/1186 1253/1768/1196 1107/1565/1052
f 1261/1776/1204 1283/1806/1224 1160/1648/1104
f 1108/1566/1053 1018/1445/965 1144/1758/1088
f 1211/1712/1154 1284/1807/1225 1151/1637/1095
f 1285/1808/1226 1193/1688/1136 1238/1749/1181
f 1286/1809/1227 916/1310/864 1071/1536/1016
f 1247/1761/1190 851/1227/800 1048/1485/993
f 1169/1658/1113 1160/1648/1104 1287/1810/1228
f 1288/1811/1229 1082/1528/1027 1185/1677/1129
f 1128/1604/1072 1272/1790/1213 1116/1679/1060
f 1219/1812/1162 1000/1798/947 1278/1799/1219
f 1257/1772/1200 1273/1791/1214 1094/1551/1039
f 1289/1813/1230 1279/1800/1220 1097/1554/1042
f 1097/1554/1042 1240/1751/1183 1289/1813/1230
f 1202/1701/1145 995/1413/942 1248/1762/1191
f 1290/1814/1231 1192/1687/1135 1118/1584/1062
f 1131/1607/1075 1121/1591/1065 1291/1815/1232
f 1121/1591/1065 1061/1504/1006 1292/1816/1233
f 1180/1817/1124 1062/1505/1007 1091/1545/1036
f 1183/1818/1127 1133/1793/1077 1293/1819/1234
f 1125/1596/1069 1039/1474/986 1294/1820/1235
f 1076/1821/1021 1242/1754/1185 1049/1602/994
f 1071/1515/1016 1028/1590/975 1295/1822/1236
f 1108/1566/1053 1144/1758/1088 1258/1823/1201
f 1265/1780/1208 1250/1764/1193 1275/1804/1216
f 1037/1524/984 1079/1726/1024 1244/1757/1187
f 1063/1506/1008 1264/1779/1207 1263/1778/1206
f 1122/1592/1066 1123/1593/1067 1258/1824/1201
f 1020/1450/967 1296/1825/1237 1123/1593/1067
f 1117/1583/1061 1083/1691/1028 1297/1826/1238
f 1093/1550/1038 1262/1777/1205 1126/1597/1070
f 1104/1561/1049 1298/1827/1239 1275/1794/1216
f 1046/1482/991 1207/1707/1150 1299/1828/1240
f 1088/1765/1033 1105/1829/1050 1300/1830/1241
f 1208/1708/1151 963/1369/911 1158/1646/1102
f 1228/1737/1171 1194/1689/1137 1301/1831/1242
f 1245/1832/1188 1302/1833/1243 1195/1834/1138
f 1229/1738/1172 1303/1835/1244 965/1371/913
f 1079/1726/1024 1232/1741/1175 1244/1757/1187
f 1019/1448/966 1157/1645/1101 1260/1775/1203
f 1304/1836/1245 1142/1624/1086 1129/1605/1073
f 917/1615/865 1305/1837/1246 1136/1616/1080
f 1150/1633/1094 1072/1516/1017 1081/1696/1026
f 1288/1811/1229 1185/1677/1129 1306/1838/1247
f 1306/1838/1247 1185/1677/1129 1140/1698/1084
f 994/1573/941 1111/1575/1056 1145/1839/1089
f 1194/1689/1137 1193/1688/1136 1285/1808/1226
f 1146/1840/1090 1307/1841/1248 1198/1842/1141
f 1146/1840/1090 1268/1843/1211 1308/1844/1249
f 1175/1664/1119 1274/1792/1215 1309/1845/1250
f 1282/1805/1223 1203/1702/1146 1187/1681/1131
f 1224/1732/1167 1112/1576/1057 1310/1846/1251
f 1311/1847/1252 916/1310/864 1286/1809/1227
f 1189/1683/1133 916/1310/864 1311/1847/1252
f 1164/1652/1108 1281/1802/1222 1191/1733/1134
f 1294/1820/1235 1039/1474/986 1152/1638/1096
f 1312/1848/1253 1152/1638/1096 1053/1492/998
f 1151/1637/1095 1227/1736/1170 1059/1501/1004
f 1050/1487/995 1225/1734/1168 1034/1469/981
f 1313/1849/1254 1080/1526/1025 932/1332/880
f 992/1410/939 734/1062/686 1314/1850/1255
f 1179/1668/1123 1169/1658/1113 1280/1851/1221
f 917/1311/865 951/1356/899 1148/1631/1092
f 1083/1691/1028 1219/1852/1162 1297/1826/1238
f 1172/1661/1116 1088/1765/1033 1300/1830/1241
f 1022/1454/969 1315/1853/1256 1209/1709/1152
f 940/1341/888 1134/1611/1078 1316/1854/1257
f 1060/1503/1005 991/1502/938 1254/1855/1197
f 1251/1766/1194 1277/1797/1218 1139/1620/1083
f 1220/1856/1163 1183/1818/1127 1293/1819/1234
f 1293/1819/1234 1133/1793/1077 1210/1710/1153
f 1200/1781/1143 1265/1780/1208 1317/1857/1258
f 1074/1743/1019 1082/1528/1027 1252/1858/1195
f 1214/1715/1157 1177/1666/1121 1255/1770/1198
f 1151/1637/1095 1284/1807/1225 1318/1859/1259
f 1155/1643/1099 1130/1642/1074 1319/1860/1260
f 1178/1667/1122 1153/1639/1097 1320/1861/1261
f 1237/1748/1180 1033/1468/980 1321/1862/1262
f 1322/1863/1263 1061/1504/1006 1180/1669/1124
f 1287/1810/1228 1160/1648/1104 1283/1806/1224
f 1305/1837/1246 917/1615/865 1148/1864/1092
f 1220/1722/1163 1199/1697/1142 1064/1507/1009
f 1262/1777/1205 1221/1723/1164 1323/1865/1264
f 1158/1646/1102 965/1371/913 1324/1866/1265
f 1125/1596/1069 1294/1820/1235 1325/1867/1266
f 1326/1868/1267 1253/1768/1196 1243/1756/1186
f 1214/1783/1157 1327/1869/1268 1236/1746/1179
f 1301/1831/1242 1194/1689/1137 1328/1870/1269
f 1191/1733/1134 1281/1802/1222 1329/1871/1270
f 1330/1872/1271 1166/1873/1110 1226/1874/1169
f 1257/1772/1200 1175/1664/1119 1331/1875/1272
f 1226/1874/1169 1195/1834/1138 1302/1833/1243
f 1128/1604/1072 1224/1732/1167 1272/1790/1213
f 1286/1876/1227 1071/1515/1016 1295/1822/1236
f 1313/1849/1254 932/1332/880 1332/1877/1273
f 1068/1511/1013 1333/1878/1274 1021/1451/968
f 1333/1878/1274 1068/1511/1013 1270/1879/1212
f 1246/1760/1189 1069/1512/1014 1086/1534/1031
f 1292/1816/1233 1061/1504/1006 1322/1863/1263
f 1092/1546/1037 1132/1608/1076 1334/1880/1275
f 1038/1473/985 1142/1624/1086 1304/1836/1245
f 1335/1881/1276 1180/1817/1124 1091/1545/1036
f 1276/1796/1217 1159/1647/1103 1233/1742/1176
f 1293/1819/1234 1210/1710/1153 1199/1803/1142
f 1299/1828/1240 1102/1559/1047 1046/1482/991
f 1103/1728/1048 1282/1805/1223 1187/1681/1131
f 1117/1583/1061 1323/1865/1264 1221/1723/1164
f 1104/1561/1049 1231/1795/1174 1298/1827/1239
f 1098/1555/1043 1201/1700/1144 1336/1882/1277
f 1172/1661/1116 1337/1883/1278 1211/1712/1154
f 1338/1884/1279 1141/1623/1085 1213/1714/1156
f 1234/1744/1177 998/1416/945 1162/1650/1106
f 1339/1885/1280 999/1417/946 1080/1526/1025
f 1021/1451/968 1332/1877/1273 932/1332/880
f 1289/1813/1230 1340/1886/1281 1279/1800/1220
f 1048/1485/993 1119/1585/1063 1341/1887/1282
f 1297/1826/1238 1219/1852/1162 1342/1888/1283
f 1274/1792/1215 1136/1616/1080 1305/1837/1246
f 1293/1819/1234 1199/1803/1142 1220/1856/1163
f 1073/1517/1018 1252/1767/1195 1264/1779/1207
f 1202/1701/1145 1343/1889/1284 1188/1682/1132
f 1243/1756/1186 1098/1555/1043 1336/1882/1277
f 1211/1712/1154 1337/1883/1278 1284/1807/1225
f 1268/1785/1211 1109/1567/1054 1344/1890/1285
f 1109/1567/1054 1089/1541/1034 1344/1890/1285
f 1149/1632/1093 1238/1749/1181 1204/1703/1147
f 1145/1839/1089 1111/1575/1056 1345/1891/1286
f 1346/1892/1287 1310/1846/1251 1112/1576/1057
f 1347/1893/1288 1190/1684/465 1191/1686/1134
f 1348/1894/1289 1190/1684/465 1347/1893/1288
f 1349/1895/1290 1050/1747/995 1273/1791/1214
f 1350/1896/1291 1278/1799/1219 1351/1897/1292
f 1289/1813/1230 1240/1751/1183 1352/1898/1293
f 1320/1861/1261 1153/1639/1097 1353/1899/1294
f 1205/1704/1148 1197/1694/1140 1030/1464/977
f 1354/1900/1295 1029/1463/976 992/1410/939
f 734/1062/686 937/1338/885 1314/1850/1255
f 1275/1804/1216 1355/1901/1296 1265/1780/1208
f 1341/1887/1282 1119/1585/1063 1237/1748/1180
f 1356/1902/1297 1239/1750/1182 1216/1718/1159
f 1213/1903/1156 1173/1662/1117 1253/1768/1196
f 1357/1904/1298 1306/1838/1247 1140/1698/1084
f 1105/1562/1050 1188/1682/1132 1358/1905/1299
f 1277/1797/1218 1359/1906/1300 1112/1576/1057
f 1089/1541/1034 1163/1651/1107 1360/1907/1301
f 1060/1503/1005 1254/1855/1197 1361/1908/1302
f 1318/1859/1259 1362/1909/1303 1151/1637/1095
f 1363/1910/1304 1245/1759/1188 1228/1737/1171
f 1153/1639/1097 1108/1566/1053 1353/1899/1294
f 1295/1822/1236 1028/1590/975 1364/1911/1305
f 1364/1911/1305 1028/1590/975 1260/1912/1203
f 1157/1692/1101 1181/1670/1125 1365/1913/1306
f 1120/1589/1064 1259/1774/1202 1240/1751/1183
f 1366/1914/1307 1134/1611/1078 1227/1736/1170
f 1291/1815/1232 1121/1591/1065 1292/1816/1233
f 1367/1915/1308 1038/1473/985 1304/1836/1245
f 1070/1514/1015 1038/1473/985 1367/1915/1308
f 940/1341/888 1316/1854/1257 1086/1547/1031
f 1091/1545/1036 1368/1916/1309 1335/1881/1276
f 1334/1880/1275 1132/1608/1076 1196/1693/1139
f 1022/1454/969 1102/1559/1047 1315/1853/1256
f 1303/1835/1244 1324/1866/1265 965/1371/913
f 1249/1763/1192 1218/1720/1161 1230/1739/1173
f 1272/1790/1213 1224/1732/1167 1369/1917/1310
f 1163/1651/1107 1057/1497/1002 1370/1918/1311
f 1033/1468/980 1241/1752/1184 1321/1862/1262
f 1216/1718/1159 1280/1801/1221 1371/1919/1312
f 1343/1920/1284 1283/1806/1224 1188/1921/1132
f 1337/1883/1278 1172/1661/1116 1300/1830/1241
f 1214/1783/1157 1372/1922/1313 1327/1869/1268
f 1146/1840/1090 1308/1844/1249 1307/1841/1248
f 1194/1689/1137 1285/1808/1226 1328/1870/1269
f 1280/1851/1221 1169/1658/1113 1373/1923/1314
f 1148/1864/1092 1147/1924/1091 1374/1925/1315
f 1375/1926/1316 1283/1806/1224 1261/1776/1204
f 1319/1860/1260 1130/1642/1074 1166/1873/1110
f 1227/1736/1170 1151/1637/1095 1362/1909/1303
f 1215/1716/1158 1096/1553/1041 1376/1927/1317
f 1258/1824/1201 1123/1593/1067 1377/1928/1318
f 1254/1769/1197 1178/1667/1122 1378/1929/1319
f 937/1338/885 1209/1709/1152 1379/1930/1320
f 1202/1701/1145 1287/1931/1228 1343/1889/1284
f 1283/1806/1224 1343/1920/1284 1287/1810/1228
f 1081/1527/1026 1055/1495/1000 1380/1932/1321
f 1323/1865/1264 1117/1583/1061 1381/1933/1322
f 1243/1756/1186 1336/1882/1277 1326/1868/1267
f 1244/1757/1187 1232/1741/1175 1382/1934/1323
f 1383/1935/1324 1300/1830/1241 1105/1829/1050
f 1155/1643/1099 1319/1860/1260 1384/1936/1325
f 1312/1848/1253 1053/1492/998 1174/1663/1118
f 1286/1876/1227 1295/1822/1236 1385/1937/1326
f 1386/1938/1327 1237/1748/1180 1321/1862/1262
f 1356/1902/1297 1216/1718/1159 1371/1919/1312
f 1358/1939/1299 1188/1921/1132 1283/1806/1224
f 1082/1528/1027 1288/1811/1229 1252/1858/1195
f 1141/1727/1085 1232/1741/1175 1223/1725/1166
f 1127/1603/1071 1075/1519/1020 1387/1940/1328
f 1167/1941/1111 1131/1607/1075 1291/1815/1232
f 1249/1763/1192 1388/1942/1329 1218/1720/1161
f 1224/1732/1167 1310/1846/1251 1369/1917/1310
f 1267/1784/1210 1189/1683/1133 1389/1943/1330
f 1169/1658/1113 1287/1810/1228 1373/1923/1314
f 1390/1944/1331 1111/1575/1056 1110/1571/1055
f 1302/1833/1243 1391/1945/1332 1226/1874/1169
f 1349/1895/1290 1225/1946/1168 1050/1747/995
f 1385/1947/1326 1311/1847/1252 1286/1809/1227
f 1392/1948/1333 1378/1929/1319 1178/1667/1122
f 1392/1948/1333 1178/1667/1122 1320/1861/1261
f 1174/1663/1118 999/1417/946 1339/1885/1280
f 1367/1949/1308 1393/1950/1334 1070/1951/1015
f 1147/1924/1091 1070/1951/1015 1374/1925/1315
f 1081/1696/1026 1380/1952/1321 1394/1953/1335
f 1229/1738/1172 1125/1596/1069 1325/1867/1266
f 1341/1887/1282 1395/1954/1336 1048/1485/993
f 1175/1664/1119 1309/1845/1250 1331/1875/1272
f 1076/1821/1021 1396/1955/1337 1242/1754/1185
f 1383/1935/1324 1105/1829/1050 1397/1956/1338
f 1372/1922/1313 1214/1783/1157 1398/1957/1339
f 1255/1770/1198 1155/1643/1099 1384/1936/1325
f 1361/1908/1302 1235/1745/1178 1060/1503/1005
f 1378/1958/1319 1361/1908/1302 1254/1855/1197
f 1057/1497/1002 1399/1959/1340 1370/1918/1311
f 1217/1719/1160 1092/1546/1037 1400/1960/1341
f 1108/1566/1053 1258/1823/1201 1401/1961/1342
f 1277/1797/1218 1251/1766/1194 1402/1962/1343
f 1359/1906/1300 1277/1797/1218 1402/1962/1343
f 1314/1850/1255 1354/1900/1295 992/1410/939
f 1332/1877/1273 1021/1451/968 1333/1878/1274
f 1270/1879/1212 1403/1963/1344 1333/1878/1274
f 1386/1938/1327 1341/1887/1282 1237/1748/1180
f 1222/1724/1165 1368/1916/1309 1091/1545/1036
f 1055/1495/1000 1263/1778/1206 1404/1964/1345
f 1261/1776/1204 1276/1796/1217 1233/1742/1176
f 1149/1632/1093 1236/1746/1179 1405/1965/1346
f 1406/1966/1347 1285/1808/1226 1238/1749/1181
f 1112/1576/1057 1359/1906/1300 1407/1967/1348
f 1346/1892/1287 1112/1576/1057 1407/1967/1348
f 1387/1940/1328 1075/1519/1020 1176/1665/1120
f 1089/1541/1034 1360/1907/1301 1408/1968/1349
f 1301/1831/1242 1328/1870/1269 1409/1969/1350
f 1410/1970/1351 1110/1571/1055 1127/1705/1071
f 1411/1971/1352 1222/1724/1165 1212/1713/1155
f 1396/1955/1337 1076/1821/1021 1412/1972/1353
f 1357/1973/1298 1413/1974/1354 1306/1975/1247
f 1163/1651/1107 1370/1918/1311 1360/1907/1301
f 1096/1553/1041 1186/1678/1130 1414/1976/1355
f 1415/1977/1356 1416/1978/1357 1417/1979/1358
f 1418/1980/1359 1205/1704/1148 1217/1719/1160
f 1089/1541/1034 1419/1981/1360 1344/1890/1285
f 1414/1976/1355 1376/1927/1317 1096/1553/1041
f 1219/1812/1162 1278/1799/1219 1350/1896/1291
f 1029/1463/976 1420/1982/1361 1165/1653/1109
f 1352/1898/1293 1421/1983/1362 1289/1813/1230
f 1314/1850/1255 937/1338/885 1379/1930/1320
f 1321/1862/1262 1241/1752/1184 1422/1984/1363
f 1423/1985/1364 1129/1605/1073 1267/1784/1210
f 1424/1986/1365 1239/1750/1182 1356/1902/1297
f 1092/1546/1037 1334/1880/1275 1400/1960/1341
f 1355/1901/1296 1275/1804/1216 1298/1987/1239
f 1264/1988/1207 1252/1858/1195 1288/1811/1229
f 1249/1763/1192 1239/1750/1182 1424/1986/1365
f 1319/1860/1260 1166/1873/1110 1425/1989/1366
f 1425/1989/1366 1166/1873/1110 1330/1872/1271
f 1226/1874/1169 1391/1945/1332 1330/1872/1271
f 1412/1972/1353 1076/1821/1021 1184/1990/1128
f 1353/1899/1294 1108/1566/1053 1401/1961/1342
f 1396/1955/1337 1251/1766/1194 1242/1754/1185
f 1416/1978/1357 1426/1991/1367 1427/1992/1368
f 1295/1822/1236 1428/1993/1369 1385/1937/1326
f 1312/1848/1253 1294/1820/1235 1152/1638/1096
f 1421/1983/1362 1340/1886/1281 1289/1813/1230
f 1219/1852/1162 1350/1994/1291 1342/1888/1283
f 1352/1898/1293 1240/1751/1183 1429/1995/1370
f 1129/1605/1073 1423/1985/1364 1304/1836/1245
f 1374/1925/1315 1070/1951/1015 1393/1950/1334
f 1180/1817/1124 1335/1881/1276 1430/1996/1371
f 1181/1670/1125 1150/1633/1094 1394/1953/1335
f 1150/1633/1094 1081/1696/1026 1394/1953/1335
f 1202/1701/1145 1248/1762/1191 1431/1997/1372
f 1233/1742/1176 1126/1597/1070 1262/1777/1205
f 1268/1785/1211 1344/1890/1285 1432/1998/1373
f 1403/1963/1344 1270/1879/1212 1433/1999/1374
f 1395/1954/1336 1247/1761/1190 1048/1485/993
f 1390/1944/1331 1345/1891/1286 1111/1575/1056
f 1389/1943/1330 1189/1683/1133 1311/1847/1252
f 1270/1787/1212 1269/1786/22 1433/2000/1374
f 1337/1883/1278 1300/1830/1241 1383/1935/1324
f 1405/1965/1346 1238/1749/1181 1149/1632/1093
f 1434/2001/1375 1413/1974/1354 1435/2002/1376
f 1245/1832/1188 1363/2003/1304 1436/2004/1377
f 1057/1497/1002 1218/1720/1161 1399/1959/1340
f 1357/1973/1298 1435/2002/1376 1413/1974/1354
f 1435/2002/1376 1437/2005/1378 1434/2001/1375
f 1251/1766/1194 1396/1955/1337 1402/1962/1343
f 1197/1694/1140 1205/1704/1148 1438/2006/1379
f 1439/2007/1380 1307/1841/1248 1308/1844/1249
f 1440/2008/1381 1428/1993/1369 1295/1822/1236
f 1295/1822/1236 1364/1911/1305 1440/2008/1381
f 1441/2009/1382 1127/1705/1071 1387/2010/1328
f 1272/1790/1213 1369/1917/1310 1442/2011/1383
f 1156/1789/1100 1272/1790/1213 1443/2012/1384
f 1341/1887/1282 1386/1938/1327 1444/2013/1385
f 1202/1701/1145 1431/1997/1372 1287/1931/1228
f 1338/1884/1279 1213/1714/1156 1445/2014/1386
f 850/1226/799 1247/1761/1190 1248/1762/1191
f 1208/1708/1151 1446/2015/1387 1207/1707/1150
f 1417/1979/1358 1416/1978/1357 1447/2016/1388
f 1140/1622/1084 1234/1744/1177 1357/2017/1298
f 1234/1744/1177 1162/1650/1106 1448/2018/1389
f 1399/1959/1340 1218/1720/1161 1388/1942/1329
f 1273/1791/1214 1257/1772/1200 1331/1875/1272
f 1449/2019/1390 1311/1847/1252 1385/1947/1326
f 1437/2005/1378 1435/2002/1376 1387/2020/1328
f 1145/1628/1089 1241/1752/1184 1135/1612/1079
f 1367/1949/1308 1304/2021/1245 1450/2022/1391
f 1411/1971/1352 1368/1916/1309 1222/1724/1165
f 1280/1851/1221 1451/2023/1392 1371/2024/1312
f 1400/1960/1341 1452/2025/1393 1217/1719/1160
f 1134/1611/1078 1366/1914/1307 1316/1854/1257
f 1196/1693/1139 1246/1760/1189 1334/1880/1275
f 1255/1770/1198 1398/2026/1339 1214/1715/1157
f 1228/1737/1171 1301/1831/1242 1409/1969/1350
f 1446/2015/1387 1208/1708/1151 1158/1646/1102
f 1337/1883/1278 1383/1935/1324 1453/2027/1394
f 1412/1972/1353 1184/1990/1128 1198/1842/1141
f 1263/1778/1206 1264/1779/1207 1404/1964/1345
f 1362/1909/1303 1318/1859/1259 1454/2028/1395
f 1418/1980/1359 1438/2006/1379 1205/1704/1148
f 1419/1981/1360 1089/1541/1034 1408/1968/1349
f 1381/1933/1322 1117/1583/1061 1297/1826/1238
f 1434/2029/1375 1437/2030/1378 1349/1895/1290
f 1349/1895/1290 1437/2030/1378 1225/1946/1168
f 1297/1826/1238 1342/1888/1283 1455/2031/1396
f 1086/1534/1031 1456/2032/1397 1246/1760/1189
f 1422/1984/1363 1386/1938/1327 1321/1862/1262
f 1201/1700/1144 1200/1699/1143 1457/2033/1398
f 1231/1740/1174 1244/1757/1187 1458/2034/1399
f 1240/1751/1183 1259/1774/1202 1459/2035/1400
f 1459/2035/1400 1259/1774/1202 1192/1687/1135
f 1290/1814/1231 1118/1584/1062 1167/1655/1111
f 1363/2003/1304 1460/2036/1401 1461/2037/1402
f 1462/2038/1403 1417/1979/1358 1447/2016/1388
f 1428/1993/1369 1427/2039/1368 1385/1937/1326
f 1260/1775/1203 1157/1645/1101 1463/2040/1404
f 1463/2040/1404 1157/1645/1101 1464/2041/1405
f 1464/2042/1405 1157/1692/1101 1365/1913/1306
f 1281/1802/1222 1165/1653/1109 1420/1982/1361
f 1365/1913/1306 1181/1670/1125 1465/2043/1406
f 1181/1670/1125 1394/1953/1335 1465/2043/1406
f 1466/2044/1407 1264/1988/1207 1288/1811/1229
f 1105/1829/1050 1358/2045/1299 1397/1956/1338
f 1284/1807/1225 1337/1883/1278 1467/2046/1408
f 1468/2047/1409 1266/1782/1209 1235/1745/1178
f 1228/1737/1171 1469/2048/1410 1363/1910/1304
f 1162/1650/1106 1215/1716/1158 1376/1927/1317
f 1447/2016/1388 1416/1978/1357 1427/1992/1368
f 1426/1991/1367 1385/1947/1326 1427/1992/1368
f 1449/2019/1390 1385/1947/1326 1426/1991/1367
f 1470/2049/1411 1241/2050/1184 1145/1839/1089
f 1420/1982/1361 1029/1463/976 1354/1900/1295
f 1339/1885/1280 1080/1526/1025 1313/1849/1254
f 1292/1816/1233 1471/2051/1412 1291/1815/1232
f 1457/2052/1398 1200/1781/1143 1317/1857/1258
f 1374/1925/1315 1305/1837/1246 1148/1864/1092
f 1472/2053/1413 1280/1851/1221 1373/1923/1314
f 1415/1977/1356 1417/1979/1358 1462/2038/1403
f 1311/1847/1252 1449/2019/1390 1473/2054/1414
f 1380/1932/1321 1055/1495/1000 1404/1964/1345
f 1261/1776/1204 1233/1742/1176 1474/2055/1415
f 1238/1749/1181 1405/1965/1346 1425/2056/1366
f 1406/2057/1347 1330/1872/1271 1475/2058/1416
f 1330/1872/1271 1391/1945/1332 1475/2058/1416
f 1378/1958/1319 1476/2059/1417 1361/1908/1302
f 1439/2007/1380 1359/1906/1300 1402/1962/1343
f 1436/2004/1377 1363/2003/1304 1477/2060/1418
f 1461/2037/1402 1477/2060/1418 1363/2003/1304
f 1469/2048/1410 1460/2061/1401 1363/1910/1304
f 1359/1906/1300 1439/2007/1380 1308/1844/1249
f 1225/1946/1168 1437/2030/1378 1176/2062/1120
f 1364/1911/1305 1478/2063/1419 1440/2008/1381
f 1346/1892/1287 1479/2064/1420 1310/1846/1251
f 1320/1861/1261 1353/1899/1294 1480/2065/1421
f 1369/1917/1310 1310/1846/1251 1479/2064/1420
f 1481/2066/1422 1320/1861/1261 1480/2065/1421
f 1340/1886/1281 1421/1983/1362 1352/1898/1293
f 1020/1450/967 1197/1694/1140 1296/1825/1237
f 1156/1789/1100 1443/2012/1384 1278/1799/1219
f 1373/1923/1314 1287/1810/1228 1472/2053/1413
f 1431/1997/1372 1472/2067/1413 1287/1931/1228
f 1482/2068/1423 1274/1792/1215 1305/1837/1246
f 1248/1762/1191 1247/1761/1190 1431/1997/1372
f 1232/1741/1175 1141/1727/1085 1338/2069/1279
f 1249/1763/1192 1424/1986/1365 1388/1942/1329
f 1227/1736/1170 1362/1909/1303 1366/1914/1307
f 1288/2070/1229 1306/1975/1247 1483/2071/1424
f 1413/1974/1354 1483/2071/1424 1306/1975/1247
f 1406/1966/1347 1475/2072/1416 1285/1808/1226
f 1339/1885/1280 1484/2073/1425 1174/1663/1118
f 1302/1833/1243 1245/1832/1188 1485/2074/1426
f 1342/1888/1283 1350/1994/1291 1486/2075/1427
f 1487/2076/1428 1186/1678/1130 1256/1771/1199
f 1488/2077/1429 1447/2078/1388 1427/2079/1368
f 1426/1991/1367 1416/1978/1357 1415/1977/1356
f 1355/1901/1296 1317/1857/1258 1265/1780/1208
f 1428/1993/1369 1489/2080/1430 1427/2039/1368
f 1260/1912/1203 1478/2063/1419 1364/1911/1305
f 1283/1806/1224 1375/1926/1316 1490/2081/1431
f 1267/1784/1210 1491/2082/1432 1423/1985/1364
f 1405/1965/1346 1236/1746/1179 1492/2083/1433
f 1228/1737/1171 1409/1969/1350 1469/2048/1410
f 1247/1761/1190 1395/1954/1336 1493/2084/1434
f 1490/2081/1431 1375/1926/1316 1261/1776/1204
f 1467/2046/1408 1337/1883/1278 1453/2027/1394
f 1319/1860/1260 1425/1989/1366 1494/2085/1435
f 1307/1841/1248 1412/1972/1353 1198/1842/1141
f 1396/1955/1337 1412/1972/1353 1402/1962/1343
f 1285/1808/1226 1475/2072/1416 1495/2086/1436
f 1328/1870/1269 1285/1808/1226 1495/2086/1436
f 1452/2025/1393 1418/1980/1359 1217/1719/1160
f 1448/2018/1389 1357/2017/1298 1234/1744/1177
f 1308/1844/1249 1268/1843/1211 1432/2087/1373
f 1437/2030/1378 1387/2088/1328 1176/2062/1120
f 1422/1984/1363 1496/2089/1437 1386/1938/1327
f 1324/1866/1265 1303/1835/1244 1497/2090/1438
f 1425/1989/1366 1330/1872/1271 1406/2057/1347
f 1425/2056/1366 1406/1966/1347 1238/1749/1181
f 1468/2047/1409 1235/1745/1178 1361/1908/1302
f 1434/2001/1375 1498/2091/1439 1413/1974/1354
f 1495/2086/1436 1475/2072/1416 1499/2092/1440
f 1362/1909/1303 1454/2028/1395 1500/2093/1441
f 1409/1969/1350 1328/1870/1269 1495/2086/1436
f 1391/1945/1332 1302/1833/1243 1499/2094/1440
f 1302/1833/1243 1485/2074/1426 1499/2094/1440
f 1359/1906/1300 1308/1844/1249 1407/1967/1348
f 1501/2095/1442 1308/1844/1249 1432/2087/1373
f 1312/1848/1253 1174/1663/1118 1484/2073/1425
f 1209/1709/1152 1502/2096/1443 1379/1930/1320
f 1503/2097/1444 1322/1863/1263 1180/1669/1124
f 1304/2021/1245 1423/2098/1364 1450/2022/1391
f 1367/1949/1308 1450/2022/1391 1393/1950/1334
f 1333/1878/1274 1403/1963/1344 1433/1999/1374
f 1305/1837/1246 1374/1925/1315 1482/2068/1423
f 1444/2013/1385 1386/1938/1327 1496/2089/1437
f 1316/1854/1257 1456/2099/1397 1086/1547/1031
f 1371/2024/1312 1451/2023/1392 1504/2100/1445
f 1232/1741/1175 1338/2069/1279 1382/1934/1323
f 1445/2101/1386 1213/2102/1156 1505/2103/1446
f 1345/1891/1286 1390/1944/1331 1470/2049/1411
f 1145/1839/1089 1345/1891/1286 1470/2049/1411
f 1341/1887/1282 1444/2013/1385 1395/1954/1336
f 1327/1869/1268 1506/2104/1447 1236/1746/1179
f 1311/1847/1252 1507/2105/1448 1389/1943/1330
f 1347/1893/1288 1191/1686/1134 1508/2106/465
f 1509/2107/1449 1347/1893/1288 1508/2106/465
f 1510/2108/1450 1372/1922/1313 1398/1957/1339
f 1398/2026/1339 1255/1770/1198 1511/2109/1451
f 1512/2110/1452 1255/1770/1198 1384/1936/1325
f 1466/2111/1407 1404/1964/1345 1264/1779/1207
f 1412/1972/1353 1439/2007/1380 1402/1962/1343
f 1123/1593/1067 1513/2112/1453 1377/1928/1318
f 1392/1948/1333 1320/1861/1261 1514/2113/1454
f 1273/1791/1214 1331/1875/1272 1349/1895/1290
f 1515/2114/1455 1478/2063/1419 1260/1912/1203
f 1400/1960/1341 1334/1880/1275 1516/2115/1456
f 1256/1771/1199 1279/1800/1220 1517/2116/1457
f 1356/1902/1297 1371/1919/1312 1518/2117/1458
f 1459/2035/1400 1192/1687/1135 1519/2118/1459
f 1290/2119/1231 1520/2120/1460 1519/2121/1459
f 1471/2051/1412 1290/2122/1231 1291/1815/1232
f 1445/2014/1386 1521/2123/1461 1338/1884/1279
f 1358/1939/1299 1283/1806/1224 1490/2081/1431
f 1492/2083/1433 1425/2056/1366 1405/1965/1346
f 1391/1945/1332 1499/2094/1440 1475/2058/1416
f 1309/1845/1250 1522/2124/1462 1331/1875/1272
f 1307/1841/1248 1439/2007/1380 1412/1972/1353
f 1308/1844/1249 1501/2095/1442 1407/1967/1348
f 1258/1823/1201 1377/2125/1318 1401/1961/1342
f 1353/1899/1294 1523/2126/1463 1480/2065/1421
f 1498/2091/1439 1434/2001/1375 1524/2127/1464
f 1488/2077/1429 1427/2079/1368 1489/2128/1430
f 1415/1977/1356 1525/2129/1465 1426/1991/1367
f 1526/2130/1466 1434/2029/1375 1349/1895/1290
f 1442/2011/1383 1443/2012/1384 1272/1790/1213
f 1527/2131/1467 1515/2114/1455 1260/1912/1203
f 1329/1871/1270 1281/1802/1222 1528/2132/1468
f 1167/1941/1111 1291/1815/1232 1290/2122/1231
f 1213/1903/1156 1253/1768/1196 1529/2133/1469
f 1492/2083/1433 1236/1746/1179 1506/2104/1447
f 1360/1907/1301 1530/2134/1470 1408/1968/1349
f 1432/1998/1373 1344/1890/1285 1419/1981/1360
f 1110/1571/1055 1410/1970/1351 1390/1944/1331
f 1457/2033/1398 1336/1882/1277 1201/1700/1144
f 1389/1943/1330 1491/2082/1432 1267/1784/1210
f 1309/1845/1250 1274/1792/1215 1482/2068/1423
f 1531/2135/1471 1465/2043/1406 1394/1953/1335
f 1443/2012/1384 1442/2011/1383 1532/2136/1472
f 1331/1875/1272 1526/2130/1466 1349/1895/1290
f 1485/2074/1426 1245/1832/1188 1436/2004/1377
f 1533/2137/1473 1447/2078/1388 1534/2138/1474
f 1192/1687/1135 1290/1814/1231 1519/2118/1459
f 1244/1757/1187 1382/1934/1323 1458/2034/1399
f 1428/1993/1369 1440/2008/1381 1535/2139/1475
f 1440/2008/1381 1478/2063/1419 1535/2139/1475
f 1527/2131/1467 1260/1912/1203 1463/2140/1404
f 1529/2133/1469 1253/1768/1196 1326/1868/1267
f 1329/1871/1270 1528/2132/1468 1191/1733/1134
f 1319/1860/1260 1536/2141/1476 1384/1936/1325
f 1483/2071/1424 1466/2142/1407 1288/2070/1229
f 1462/2038/1403 1447/2016/1388 1537/2143/1477
f 1357/1973/1298 1538/2144/1478 1435/2002/1376
f 1241/1752/1184 1539/2145/1479 1422/1984/1363
f 1428/1993/1369 1535/2139/1475 1489/2080/1430
f 1356/1902/1297 1540/2146/1480 1424/1986/1365
f 1449/2019/1390 1426/1991/1367 1541/2147/1481
f 1449/2019/1390 1541/2147/1481 1473/2054/1414
f 1281/1802/1222 1420/1982/1361 1528/2132/1468
f 1455/2031/1396 1381/1933/1322 1297/1826/1238
f 1455/2031/1396 1342/1888/1283 1542/2148/1482
f 1529/2133/1469 1505/2149/1446 1213/1903/1156
f 1476/2059/1417 1378/1958/1319 1392/2150/1333
f 1372/1922/1313 1543/2151/1483 1327/1869/1268
f 1327/1869/1268 1543/2151/1483 1506/2104/1447
f 1461/2037/1402 1460/2036/1401 1544/2152/1484
f 1545/2153/1485 1425/2056/1366 1492/2083/1433
f 1404/2154/1345 1546/2155/1486 1380/2156/1321
f 1418/1980/1359 1452/2025/1393 1547/2157/1487
f 1353/1899/1294 1401/1961/1342 1523/2126/1463
f 1522/2158/1462 1309/2159/1250 1548/2160/1488
f 1296/1825/1237 1513/2112/1453 1123/1593/1067
f 1498/2091/1439 1483/2071/1424 1413/1974/1354
f 1479/2064/1420 1346/1892/1287 1407/1967/1348
f 1486/2075/1427 1542/2148/1482 1342/1888/1283
f 1278/1799/1219 1443/2012/1384 1351/1897/1292
f 1350/1896/1291 1351/1897/1292 1542/2161/1482
f 1186/1678/1130 1487/2076/1428 1414/1976/1355
f 1420/1982/1361 1354/1900/1295 1549/2162/1489
f 1493/2084/1434 1431/1997/1372 1247/1761/1190
f 1423/2163/1364 1491/2164/1432 1550/2165/1490
f 1551/2166/1491 1209/1709/1152 1315/1853/1256
f 1383/1935/1324 1397/1956/1338 1552/2167/1492
f 1325/1867/1266 1294/1820/1235 1553/2168/1493
f 1409/1969/1350 1495/2086/1436 1554/2169/1494
f 1488/2077/1429 1534/2138/1474 1447/2078/1388
f 1410/1970/1351 1127/1705/1071 1441/2009/1382
f 1241/2050/1184 1470/2049/1411 1555/2170/1495
f 1340/2171/1281 1352/2172/1293 1556/2173/1496
f 1456/2032/1397 1334/1880/1275 1246/1760/1189
f 1298/1987/1239 1557/2174/1497 1355/1901/1296
f 1558/2175/1498 1471/2051/1412 1292/1816/1233
f 1335/1881/1276 1559/2176/1499 1430/1996/1371
f 1529/2133/1469 1326/1868/1267 1560/2177/1500
f 1490/2081/1431 1261/1776/1204 1561/2178/1501
f 1360/1907/1301 1370/1918/1311 1530/2134/1470
f 1451/2023/1392 1280/1851/1221 1472/2053/1413
f 1261/1776/1204 1474/2055/1415 1561/2178/1501
f 1482/2068/1423 1374/1925/1315 1393/1950/1334
f 1309/1845/1250 1482/2068/1423 1562/2179/1502
f 1545/2180/1485 1494/2085/1435 1425/1989/1366
f 1315/1853/1256 1102/1559/1047 1563/2181/1503
f 1299/1828/1240 1207/1707/1150 1564/2182/1504
f 1565/2183/1505 1409/2184/1350 1554/2185/1494
f 1566/2186/1506 1546/2155/1486 1404/2154/1345
f 1468/2047/1409 1361/1908/1302 1567/2187/1507
f 1483/2071/1424 1566/2186/1506 1466/2142/1407
f 1320/1861/1261 1481/2066/1422 1514/2113/1454
f 1400/1960/1341 1516/2115/1456 1452/2025/1393
f 1162/1650/1106 1376/1927/1317 1568/2188/1508
f 1356/1902/1297 1518/2117/1458 1569/2189/1509
f 1521/2190/1461 1570/2191/1510 1338/2069/1279
f 1556/2173/1496 1352/2172/1293 1429/2192/1370
f 1279/2193/1220 1340/2171/1281 1556/2173/1496
f 1502/2096/1443 1209/1709/1152 1551/2166/1491
f 1180/1669/1124 1430/2194/1371 1503/2097/1444
f 1335/1881/1276 1368/1916/1309 1571/2195/1511
f 1467/2046/1408 1318/1859/1259 1284/1807/1225
f 1411/1971/1352 1212/1713/1155 1266/1782/1209
f 1446/2015/1387 1158/1646/1102 1572/2196/1512
f 1380/2156/1321 1546/2155/1486 1531/2197/1471
f 1548/2160/1488 1498/2091/1439 1524/2127/1464
f 1534/2138/1474 1573/2198/1513 1533/2137/1473
f 1481/2066/1422 1480/2065/1421 1574/2199/1514
f 1575/2200/1515 1576/2201/1516 1525/2129/1465
f 1442/2011/1383 1369/1917/1310 1479/2064/1420
f 1362/1909/1303 1577/2202/1517 1366/1914/1307
f 1527/2131/1467 1578/2203/1518 1515/2114/1455
f 1579/2204/1519 1470/2205/1411 1390/2206/1331
f 1317/1857/1258 1355/1901/1296 1557/2174/1497
f 1240/1751/1183 1580/2207/1520 1429/1995/1370
f 1581/2208/1521 1459/2035/1400 1519/2118/1459
f 1496/2089/1437 1422/1984/1363 1539/2145/1479
f 1518/2209/1458 1371/2024/1312 1504/2100/1445
f 1469/2210/1410 1409/2184/1350 1565/2183/1505
f 1460/2061/1401 1469/2048/1410 1544/2211/1484
f 1432/2087/1373 1419/2212/1360 1501/2095/1442
f 1390/1944/1331 1410/1970/1351 1582/2213/1522
f 1507/2105/1448 1311/1847/1252 1583/2214/1523
f 1543/2151/1483 1372/1922/1313 1510/2108/1450
f 1584/2215/1524 1585/2216/22 1586/2217/22
f 1508/2218/465 1191/2219/1134 1587/2220/465
f 1588/2221/1525 1508/2218/465 1587/2220/465
f 1511/2109/1451 1255/1770/1198 1512/2110/1452
f 1450/2022/1391 1589/2222/1526 1393/1950/1334
f 1319/1860/1260 1494/2085/1435 1536/2141/1476
f 1358/1939/1299 1490/2081/1431 1590/2223/1527
f 1393/1950/1334 1591/2224/1528 1482/2068/1423
f 1559/2176/1499 1335/1881/1276 1571/2195/1511
f 1394/1953/1335 1380/1952/1321 1531/2135/1471
f 1522/2124/1462 1526/2130/1466 1331/1875/1272
f 1434/2001/1375 1526/2225/1466 1524/2127/1464
f 1407/1967/1348 1442/2011/1383 1479/2064/1420
f 1499/2092/1440 1554/2169/1494 1495/2086/1436
f 1501/2095/1442 1442/2011/1383 1407/1967/1348
f 1592/2226/1529 1477/2060/1418 1461/2037/1402
f 1470/2205/1411 1579/2204/1519 1593/2227/1530
f 1240/1751/1183 1459/2035/1400 1580/2207/1520
f 1539/2228/1479 1241/2050/1184 1555/2170/1495
f 1594/2229/1531 1533/2137/1473 1573/2198/1513
f 1537/2143/1477 1575/2200/1515 1525/2129/1465
f 1515/2114/1455 1595/2230/1532 1478/2063/1419
f 1512/2110/1452 1384/1936/1325 1536/2141/1476
f 1323/1865/1264 1381/1933/1322 1596/2231/1533
f 1597/2232/1534 1365/1913/1306 1465/2043/1406
f 1564/2182/1504 1207/1707/1150 1446/2015/1387
f 1598/2233/1535 1599/2234/1536 1600/2235/1537
f 1404/2154/1345 1466/2142/1407 1566/2186/1506
f 1303/1835/1244 1229/1738/1172 1325/1867/1266
f 1401/1961/1342 1377/2125/1318 1513/2236/1453
f 1553/2168/1493 1294/1820/1235 1601/2237/1538
f 1602/2238/1539 1498/2091/1439 1548/2160/1488
f 1312/1848/1253 1601/2237/1538 1294/1820/1235
f 1603/2239/1540 1339/1885/1280 1313/1849/1254
f 1537/2143/1477 1525/2129/1465 1462/2038/1403
f 1415/1977/1356 1462/2038/1403 1525/2129/1465
f 1316/1854/1257 1604/2240/1541 1456/2099/1397
f 1357/1973/1298 1448/2241/1389 1538/2144/1478
f 1334/1880/1275 1456/2032/1397 1516/2115/1456
f 1541/2147/1481 1583/2214/1523 1473/2054/1414
f 1605/2242/1542 1191/1733/1134 1528/2132/1468
f 1476/2059/1417 1392/2150/1333 1606/2243/1543
f 1607/2244/1544 1158/1646/1102 1324/1866/1265
f 1608/2245/1545 1501/2095/1442 1419/2212/1360
f 1410/1970/1351 1441/2009/1382 1582/2213/1522
f 1510/2108/1450 1398/1957/1339 1609/2246/1546
f 1262/1777/1205 1323/1865/1264 1596/2231/1533
f 1292/1816/1233 1322/1863/1263 1558/2175/1498
f 1397/1956/1338 1358/2045/1299 1590/2247/1527
f 1503/2097/1444 1558/2175/1498 1322/1863/1263
f 1453/2027/1394 1383/1935/1324 1610/2248/1547
f 1503/2097/1444 1430/2194/1371 1559/2249/1499
f 1597/2232/1534 1465/2043/1406 1531/2135/1471
f 1547/2157/1487 1438/2006/1379 1418/1980/1359
f 1592/2250/1529 1461/2251/1402 1544/2252/1484
f 1480/2065/1421 1523/2126/1463 1611/2253/1548
f 1594/2229/1531 1573/2198/1513 1592/2226/1529
f 1501/2095/1442 1612/2254/1549 1442/2011/1383
f 1535/2139/1475 1478/2063/1419 1595/2230/1532
f 1602/2238/1539 1483/2071/1424 1498/2091/1439
f 1435/2002/1376 1538/2144/1478 1613/2255/1550
f 1435/2002/1376 1613/2255/1550 1387/2020/1328
f 1604/2240/1541 1316/1854/1257 1577/2202/1517
f 1317/1857/1258 1557/2174/1497 1614/2256/1551
f 1336/1882/1277 1560/2177/1500 1326/1868/1267
f 1472/2053/1413 1615/2257/1552 1451/2023/1392
f 1472/2067/1413 1431/1997/1372 1615/2258/1552
f 1233/1742/1176 1262/1777/1205 1596/2231/1533
f 1590/2247/1527 1552/2167/1492 1397/1956/1338
f 1545/2153/1485 1492/2083/1433 1506/2104/1447
f 1411/1971/1352 1266/1782/1209 1616/2259/1553
f 1546/2155/1486 1566/2186/1506 1602/2238/1539
f 1399/1959/1340 1388/1942/1329 1617/2260/1554
f 1370/1918/1311 1399/1959/1340 1618/2261/1555
f 1447/2016/1388 1619/2262/1556 1537/2143/1477
f 1316/1854/1257 1366/1914/1307 1577/2202/1517
f 1525/2129/1465 1620/2263/1557 1426/1991/1367
f 1542/2148/1482 1486/2075/1427 1350/1994/1291
f 1445/2101/1386 1505/2103/1446 1570/2264/1510
f 1487/2076/1428 1256/1771/1199 1517/2116/1457
f 1521/2265/1461 1445/2266/1386 1570/2267/1510
f 1431/1997/1372 1493/2084/1434 1615/2258/1552
f 1529/2133/1469 1560/2177/1500 1621/2268/1558
f 1324/1866/1265 1497/2090/1438 1607/2244/1544
f 1622/2269/1559 1454/2028/1395 1318/1859/1259
f 1311/1847/1252 1473/2054/1414 1583/2214/1523
f 1433/2000/1374 1269/1786/22 1623/2270/1560
f 1511/2109/1451 1609/2271/1546 1398/2026/1339
f 1624/2272/1561 1420/1982/1361 1549/2162/1489
f 1625/2273/1562 1506/2104/1447 1543/2151/1483
f 1423/2163/1364 1626/2274/1563 1450/2275/1391
f 1545/2153/1485 1506/2104/1447 1625/2273/1562
f 1102/1559/1047 1299/1828/1240 1563/2181/1503
f 1548/2160/1488 1309/2159/1250 1562/2276/1502
f 1592/2226/1529 1573/2198/1513 1627/2277/1564
f 1497/2090/1438 1303/1835/1244 1325/1867/1266
f 1627/2277/1564 1573/2198/1513 1628/2278/1565
f 1619/2262/1556 1447/2016/1388 1533/2279/1473
f 1524/2127/1464 1526/2225/1466 1548/2160/1488
f 1526/2225/1466 1522/2158/1462 1548/2160/1488
f 1231/1795/1174 1629/2280/1566 1298/1827/1239
f 1332/1877/1273 1630/2281/1567 1313/1849/1254
f 1512/2110/1452 1536/2141/1476 1625/2282/1562
f 1471/2051/1412 1558/2175/1498 1631/2283/1568
f 1482/2068/1423 1591/2224/1528 1562/2179/1502
f 1485/2074/1426 1554/2284/1494 1499/2094/1440
f 1632/2285/1569 1554/2284/1494 1485/2074/1426
f 1469/2210/1410 1565/2183/1505 1633/2286/1570
f 1634/2287/1571 1590/2223/1527 1490/2081/1431
f 1477/2060/1418 1592/2226/1529 1627/2277/1564
f 1635/2288/1572 1594/2289/1531 1592/2250/1529
f 1603/2239/1540 1484/2073/1425 1339/1885/1280
f 1533/2279/1473 1594/2289/1531 1619/2262/1556
f 1162/1650/1106 1568/2188/1508 1448/2018/1389
f 1197/1694/1140 1438/2006/1379 1636/2290/1573
f 1569/2189/1509 1637/2291/1574 1356/1902/1297
f 1523/2126/1463 1401/1961/1342 1513/2236/1453
f 1444/2013/1385 1496/2089/1437 1395/1954/1336
f 1540/2146/1480 1356/1902/1297 1637/2291/1574
f 1296/1825/1237 1197/1694/1140 1636/2290/1573
f 1365/2292/1306 1638/2293/1575 1464/2294/1405
f 1597/2295/1534 1638/2293/1575 1365/2292/1306
f 1382/1934/1323 1338/2069/1279 1639/2296/1576
f 1500/2093/1441 1454/2028/1395 1622/2269/1559
f 1317/1857/1258 1614/2256/1551 1457/2052/1398
f 1389/1943/1330 1507/2105/1448 1491/2082/1432
f 1423/2163/1364 1550/2165/1490 1626/2274/1563
f 1534/2138/1474 1488/2077/1429 1628/2278/1565
f 1611/2253/1548 1523/2126/1463 1640/2297/1577
f 1483/2071/1424 1602/2238/1539 1566/2186/1506
f 1640/2298/1577 1641/2299/1578 1611/2300/1548
f 1620/2263/1557 1525/2129/1465 1576/2201/1516
f 1548/2160/1488 1642/2301/1579 1602/2238/1539
f 1441/2302/1382 1387/2020/1328 1613/2255/1550
f 1555/2303/1495 1470/2205/1411 1593/2227/1530
f 1643/2304/1580 1464/2294/1405 1638/2293/1575
f 1629/2280/1566 1557/2305/1497 1298/1827/1239
f 1392/2150/1333 1514/2306/1454 1606/2243/1543
f 1615/2257/1552 1644/2307/1581 1451/2023/1392
f 1510/2108/1450 1609/2246/1546 1645/2308/1582
f 1646/2309/1583 1561/2178/1501 1474/2055/1415
f 1290/2122/1231 1471/2051/1412 1631/2283/1568
f 1545/2180/1485 1625/2282/1562 1536/2141/1476
f 1558/2175/1498 1503/2097/1444 1647/2310/1584
f 1266/1782/1209 1468/2047/1409 1648/2311/1585
f 1536/2141/1476 1494/2085/1435 1545/2180/1485
f 1468/2047/1409 1567/2187/1507 1648/2311/1585
f 1500/2093/1441 1577/2202/1517 1362/1909/1303
f 1649/2312/1586 1368/1916/1309 1411/1971/1352
f 1600/2235/1537 1650/2313/1587 1598/2233/1535
f 1544/2252/1484 1635/2288/1572 1592/2250/1529
f 1480/2065/1421 1611/2253/1548 1574/2199/1514
f 1620/2263/1557 1541/2147/1481 1426/1991/1367
f 1578/2203/1518 1527/2131/1467 1651/2314/1588
f 1231/2315/1174 1458/2316/1399 1652/2317/1589
f 1643/2304/1580 1638/2293/1575 1626/2274/1563
f 1539/2145/1479 1395/1954/1336 1496/2089/1437
f 1579/2204/1519 1653/2318/1590 1593/2227/1530
f 1556/2173/1496 1517/2319/1457 1279/2193/1220
f 1572/2196/1512 1158/1646/1102 1607/2244/1544
f 1469/2320/1410 1654/2321/1591 1544/2322/1484
f 1530/2323/1470 1655/2324/1592 1408/2325/1349
f 1408/2325/1349 1655/2324/1592 1419/2212/1360
f 1608/2245/1545 1419/2212/1360 1655/2324/1592
f 1576/2201/1516 1575/2200/1515 1656/2326/1593
f 1657/2327/1594 1336/1882/1277 1457/2033/1398
f 1191/2219/1134 1605/2328/1542 1658/2329/1595
f 1269/2330/22 1585/2331/22 1659/2332/22
f 1520/2120/1460 1290/2119/1231 1660/2333/1596
f 1661/2334/1597 1640/2297/1577 1523/2126/1463
f 1641/2299/1578 1662/2335/1598 1611/2300/1548
f 1638/2293/1575 1597/2295/1534 1663/2336/1599
f 1591/2224/1528 1393/1950/1334 1664/2337/1600
f 1424/1986/1365 1665/2338/1601 1388/1942/1329
f 1617/2260/1554 1388/1942/1329 1665/2338/1601
f 1597/2295/1534 1531/2197/1471 1666/2339/1602
f 1455/2031/1396 1667/2340/1603 1381/1933/1322
f 1604/2341/1541 1516/2115/1456 1456/2032/1397
f 1231/1795/1174 1652/2342/1589 1629/2280/1566
f 1570/2264/1510 1505/2103/1446 1668/2343/1604
f 1376/1927/1317 1414/1976/1355 1669/2344/1605
f 1556/2173/1496 1429/2192/1370 1580/2345/1520
f 1459/2035/1400 1581/2208/1521 1580/2207/1520
f 1628/2278/1565 1573/2198/1513 1534/2138/1474
f 1537/2143/1477 1619/2262/1556 1670/2346/1606
f 1493/2084/1434 1395/1954/1336 1671/2347/1607
f 1504/2100/1445 1451/2023/1392 1644/2307/1581
f 1467/2046/1408 1453/2027/1394 1672/2348/1608
f 1503/2097/1444 1559/2249/1499 1673/2349/1609
f 1674/2350/1610 1599/2234/1536 1598/2233/1535
f 1565/2183/1505 1554/2185/1494 1632/2351/1569
f 1675/2352/1611 1485/2074/1426 1436/2004/1377
f 1467/2046/1408 1676/2353/1612 1318/1859/1259
f 1553/2168/1493 1497/2090/1438 1325/1867/1266
f 1661/2334/1597 1523/2126/1463 1513/2236/1453
f 1399/1959/1340 1617/2260/1554 1677/2354/1613
f 1532/2136/1472 1442/2011/1383 1612/2254/1549
f 1443/2012/1384 1532/2136/1472 1678/2355/1614
f 1450/2022/1391 1679/2356/1615 1589/2222/1526
f 1351/1897/1292 1443/2012/1384 1678/2355/1614
f 1679/2357/1615 1450/2275/1391 1626/2274/1563
f 1455/2031/1396 1542/2148/1482 1680/2358/1616
f 1491/2164/1432 1507/2359/1448 1550/2165/1490
f 1643/2304/1580 1626/2274/1563 1550/2165/1490
f 1518/2209/1458 1504/2100/1445 1681/2360/1617
f 1546/2155/1486 1666/2339/1602 1531/2197/1471
f 1570/2191/1510 1639/2296/1576 1338/2069/1279
f 1602/2238/1539 1642/2301/1579 1546/2155/1486
f 1634/2287/1571 1490/2081/1431 1561/2178/1501
f 1596/2231/1533 1474/2055/1415 1233/1742/1176
f 1669/2344/1605 1414/1976/1355 1487/2076/1428
f 1682/2361/1618 1487/2362/1428 1517/2319/1457
f 1501/2095/1442 1608/2245/1545 1683/2363/1619
f 1467/2046/1408 1684/2364/1620 1676/2353/1612
f 1567/2187/1507 1361/1908/1302 1685/2365/1621
f 1622/2269/1559 1318/1859/1259 1676/2353/1612
f 1686/2366/1622 1600/2235/1537 1599/2234/1536
f 1675/2352/1611 1436/2004/1377 1477/2060/1418
f 1564/2182/1504 1446/2015/1387 1572/2196/1512
f 1662/2335/1598 1641/2299/1578 1687/2367/1623
f 1514/2113/1454 1481/2066/1422 1688/2368/1624
f 1689/2369/1625 1604/2240/1541 1577/2202/1517
f 1505/2149/1446 1529/2133/1469 1621/2268/1558
f 1668/2370/1604 1505/2149/1446 1621/2268/1558
f 1690/2371/1626 1515/2114/1455 1578/2203/1518
f 1651/2314/1588 1691/2372/1627 1578/2203/1518
f 1546/2155/1486 1692/2373/1628 1666/2339/1602
f 1420/1982/1361 1624/2272/1561 1528/2132/1468
f 1568/2374/1508 1693/2375/1629 1448/2241/1389
f 1579/2204/1519 1390/2206/1331 1582/2376/1522
f 1626/2274/1563 1638/2293/1575 1663/2336/1599
f 1393/1950/1334 1589/2222/1526 1679/2356/1615
f 1664/2337/1600 1393/1950/1334 1679/2356/1615
f 1627/2277/1564 1628/2278/1565 1694/2377/1630
f 1546/2155/1486 1642/2301/1579 1692/2373/1628
f 1538/2144/1478 1448/2241/1389 1695/2378/1631
f 1677/2354/1613 1618/2261/1555 1399/1959/1340
f 1370/1918/1311 1618/2261/1555 1696/2379/1632
f 1697/2380/1633 1698/2381/1634 1699/2382/1635
f 1610/2248/1547 1383/1935/1324 1552/2167/1492
f 1635/2288/1572 1619/2262/1556 1594/2289/1531
f 1541/2147/1481 1620/2263/1557 1700/2383/1636
f 1266/1782/1209 1648/2311/1585 1616/2259/1553
f 1701/2384/1637 1452/2025/1393 1516/2115/1456
f 1702/2385/1638 1641/2299/1578 1640/2298/1577
f 1688/2368/1624 1481/2066/1422 1574/2199/1514
f 1596/2231/1533 1381/1933/1322 1703/2386/1639
f 1543/2151/1483 1510/2108/1450 1704/2387/1640
f 1705/2388/1641 1635/2389/1572 1544/2322/1484
f 1575/2200/1515 1537/2143/1477 1656/2326/1593
f 1706/2390/1642 1336/1882/1277 1657/2327/1594
f 1707/2391/1643 1336/1882/1277 1708/2392/1644
f 1598/2233/1535 1709/2393/1645 1674/2350/1610
f 1411/1971/1352 1616/2259/1553 1649/2312/1586
f 1551/2166/1491 1315/1853/1256 1563/2181/1503
f 1562/2179/1502 1591/2224/1528 1664/2337/1600
f 1599/2234/1536 1674/2350/1610 1686/2366/1622
f 1448/2241/1389 1693/2375/1629 1695/2378/1631
f 1635/2389/1572 1710/2394/1646 1699/2382/1635
f 1635/2389/1572 1699/2382/1635 1698/2381/1634
f 1669/2395/1605 1487/2362/1428 1682/2361/1618
f 1681/2360/1617 1504/2100/1445 1644/2307/1581
f 1464/2294/1405 1643/2304/1580 1711/2396/1647
f 1605/2242/1542 1528/2132/1468 1624/2272/1561
f 1336/1882/1277 1707/2391/1643 1712/2397/1648
f 1560/2177/1500 1336/1882/1277 1712/2397/1648
f 1713/2398/1649 1519/2121/1459 1520/2120/1460
f 1660/2333/1596 1714/2399/1650 1520/2120/1460
f 1660/2400/1596 1290/2122/1231 1631/2283/1568
f 1609/2271/1546 1511/2109/1451 1715/2401/1651
f 1686/2366/1622 1716/2402/1652 1600/2235/1537
f 1710/2394/1646 1600/2235/1537 1716/2402/1652
f 1710/2394/1646 1716/2402/1652 1699/2382/1635
f 1361/1908/1302 1476/2059/1417 1685/2365/1621
f 1500/2093/1441 1689/2369/1625 1577/2202/1517
f 1463/2403/1404 1464/2294/1405 1711/2396/1647
f 1296/1825/1237 1717/2404/1653 1513/2112/1453
f 1314/1850/1255 1379/1930/1320 1502/2096/1443
f 1611/2300/1548 1662/2335/1598 1574/2405/1514
f 1688/2406/1624 1574/2405/1514 1718/2407/1654
f 1717/2404/1653 1296/1825/1237 1636/2290/1573
f 1455/2031/1396 1680/2358/1616 1667/2340/1603
f 1654/2321/1591 1469/2320/1410 1633/2408/1570
f 1655/2324/1592 1530/2323/1470 1696/2409/1632
f 1583/2214/1523 1719/2410/1655 1507/2105/1448
f 1671/2347/1607 1395/1954/1336 1539/2145/1479
f 1625/2273/1562 1543/2151/1483 1720/2411/1656
f 1610/2248/1547 1672/2348/1608 1453/2027/1394
f 1679/2357/1615 1626/2274/1563 1663/2336/1599
f 1606/2243/1543 1685/2365/1621 1476/2059/1417
f 1597/2295/1534 1666/2339/1602 1663/2336/1599
f 1654/2321/1591 1705/2388/1641 1544/2322/1484
f 1692/2373/1628 1663/2336/1599 1666/2339/1602
f 1721/2412/1657 1702/2385/1638 1640/2298/1577
f 1635/2389/1572 1705/2388/1641 1710/2394/1646
f 1721/2412/1657 1640/2298/1577 1661/2413/1597
f 1488/2077/1429 1722/2414/1658 1628/2278/1565
f 1548/2160/1488 1562/2276/1502 1642/2301/1579
f 1619/2415/1556 1635/2389/1572 1698/2381/1634
f 1488/2077/1429 1489/2128/1430 1722/2414/1658
f 1662/2335/1598 1723/2416/1659 1718/2407/1654
f 1711/2396/1647 1643/2304/1580 1724/2417/1660
f 1651/2314/1588 1527/2131/1467 1725/2418/1661
f 1507/2359/1448 1643/2304/1580 1550/2165/1490
f 1568/2188/1508 1376/1927/1317 1726/2419/1662
f 1333/1878/1274 1433/1999/1374 1332/1877/1273
f 1516/2115/1456 1604/2341/1541 1701/2384/1637
f 1639/2296/1576 1570/2191/1510 1727/2420/1663
f 1715/2401/1651 1511/2109/1451 1512/2110/1452
f 1720/2421/1656 1512/2110/1452 1625/2282/1562
f 1633/2286/1570 1565/2183/1505 1632/2351/1569
f 1571/2195/1511 1368/1916/1309 1728/2422/1664
f 1619/2415/1556 1698/2381/1634 1670/2423/1606
f 1662/2335/1598 1687/2367/1623 1723/2416/1659
f 1689/2369/1625 1701/2424/1637 1604/2240/1541
f 1354/1900/1295 1314/1850/1255 1729/2425/1665
f 1458/2034/1399 1382/1934/1323 1730/2426/1666
f 1644/2307/1581 1615/2257/1552 1731/2427/1667
f 1732/2428/1668 1580/2345/1520 1581/2429/1521
f 1713/2398/1649 1581/2429/1521 1519/2121/1459
f 1457/2033/1398 1614/2430/1551 1657/2327/1594
f 1497/2090/1438 1733/2431/1669 1607/2244/1544
f 1530/2134/1470 1370/1918/1311 1696/2379/1632
f 1433/1999/1374 1623/2432/1560 1734/2433/1670
f 1336/1882/1277 1706/2390/1642 1708/2392/1644
f 1735/2434/1671 1659/2332/22 1736/2435/22
f 1623/2436/1560 1269/2437/22 1659/2438/22
f 1587/2220/465 1191/2219/1134 1658/2329/1595
f 1737/2439/22 1738/2440/22 1739/2441/1671
f 1720/2411/1656 1543/2151/1483 1704/2387/1640
f 1716/2402/1652 1740/2442/1672 1699/2382/1635
f 1656/2326/1593 1537/2143/1477 1670/2346/1606
f 1606/2243/1543 1514/2306/1454 1741/2443/1673
f 1700/2383/1636 1620/2263/1557 1742/2444/1674
f 1515/2114/1455 1690/2371/1626 1595/2230/1532
f 1578/2203/1518 1691/2372/1627 1690/2371/1626
f 1743/2445/1675 1614/2446/1551 1557/2447/1497
f 1354/1900/1295 1729/2425/1665 1549/2162/1489
f 1744/2448/1676 1663/2336/1599 1692/2373/1628
f 1540/2146/1480 1665/2338/1601 1424/1986/1365
f 1601/2237/1538 1312/1848/1253 1745/2449/1677
f 1312/1848/1253 1484/2073/1425 1745/2449/1677
f 1669/2344/1605 1726/2419/1662 1376/1927/1317
f 1746/2450/1678 1579/2204/1519 1582/2376/1522
f 1653/2318/1590 1579/2204/1519 1746/2450/1678
f 1539/2451/1479 1555/2452/1495 1747/2453/1679
f 1598/2233/1535 1650/2313/1587 1748/2454/1680
f 1744/2448/1676 1679/2357/1615 1663/2336/1599
f 1675/2352/1611 1632/2285/1569 1485/2074/1426
f 1600/2235/1537 1710/2394/1646 1749/2455/1681
f 1642/2301/1579 1562/2276/1502 1744/2448/1676
f 1593/2227/1530 1653/2318/1590 1750/2456/1682
f 1751/2457/1683 1452/2025/1393 1701/2384/1637
f 1601/2237/1538 1752/2458/1684 1553/2168/1493
f 1661/2334/1597 1513/2236/1453 1753/2459/1685
f 1688/2406/1624 1718/2407/1654 1723/2416/1659
f 1717/2460/1653 1636/2461/1573 1754/2462/1686
f 1615/2257/1552 1671/2463/1607 1731/2427/1667
f 1615/2258/1552 1493/2084/1434 1671/2347/1607
f 1755/2464/1687 1680/2358/1616 1542/2148/1482
f 1756/2465/1688 1674/2350/1610 1709/2393/1645
f 1583/2214/1523 1541/2147/1481 1757/2466/1689
f 1463/2140/1404 1725/2418/1661 1527/2131/1467
f 1671/2467/1607 1539/2451/1479 1758/2468/1690
f 1609/2271/1546 1715/2401/1651 1759/2469/1691
f 1748/2454/1680 1760/2470/1692 1598/2233/1535
f 1600/2235/1537 1749/2455/1681 1650/2313/1587
f 1699/2382/1635 1740/2442/1672 1697/2380/1633
f 1684/2364/1620 1467/2046/1408 1672/2348/1608
f 1641/2299/1578 1702/2385/1638 1761/2471/1693
f 1711/2396/1647 1725/2472/1661 1463/2403/1404
f 1507/2359/1448 1724/2417/1660 1643/2304/1580
f 1605/2242/1542 1624/2272/1561 1762/2473/1694
f 1547/2157/1487 1452/2025/1393 1751/2457/1683
f 1687/2367/1623 1641/2299/1578 1761/2471/1693
f 1723/2416/1659 1687/2367/1623 1763/2474/1695
f 1381/1933/1322 1667/2340/1603 1703/2386/1639
f 1764/2475/1696 1562/2179/1502 1664/2337/1600
f 1652/2317/1589 1458/2316/1399 1730/2476/1666
f 1730/2426/1666 1382/1934/1323 1639/2296/1576
f 1570/2264/1510 1668/2343/1604 1727/2477/1663
f 1673/2349/1609 1559/2249/1499 1765/2478/1697
f 1692/2373/1628 1642/2301/1579 1744/2448/1676
f 1497/2090/1438 1553/2168/1493 1766/2479/1698
f 1538/2144/1478 1695/2378/1631 1613/2255/1550
f 1655/2324/1592 1696/2409/1632 1767/2480/1699
f 1556/2173/1496 1580/2345/1520 1768/2481/1700
f 1581/2429/1521 1713/2398/1649 1732/2428/1668
f 1734/2433/1670 1332/1877/1273 1433/1999/1374
f 1571/2195/1511 1769/2482/1701 1559/2176/1499
f 1770/2483/1702 1571/2195/1511 1728/2422/1664
f 1299/1828/1240 1564/2182/1504 1563/2181/1503
f 1705/2388/1641 1749/2455/1681 1710/2394/1646
f 1752/2458/1684 1766/2479/1698 1553/2168/1493
f 1665/2338/1601 1540/2146/1480 1771/2484/1703
f 1441/2302/1382 1613/2255/1550 1772/2485/1704
f 1501/2095/1442 1683/2363/1619 1773/2486/1705
f 1742/2444/1674 1620/2263/1557 1576/2201/1516
f 1774/2487/1706 1669/2395/1605 1682/2361/1618
f 1775/2488/1707 1682/2361/1618 1517/2319/1457
f 1556/2173/1496 1775/2488/1707 1517/2319/1457
f 1776/2489/1708 1637/2291/1574 1569/2189/1509
f 1520/2120/1460 1777/2490/1709 1713/2398/1649
f 1647/2310/1584 1503/2097/1444 1673/2349/1609
f 1438/2491/1379 1778/2492/1710 1636/2461/1573
f 1636/2461/1573 1778/2492/1710 1754/2462/1686
f 1438/2491/1379 1547/2493/1487 1778/2492/1710
f 1718/2407/1654 1574/2405/1514 1662/2335/1598
f 1717/2460/1653 1754/2462/1686 1779/2494/1711
f 1621/2268/1558 1560/2177/1500 1780/2495/1712
f 1781/2496/1713 1704/2387/1640 1510/2108/1450
f 1658/2329/1595 1605/2328/1542 1762/2497/1694
f 1782/2498/1714 1617/2260/1554 1665/2338/1601
f 1608/2245/1545 1655/2324/1592 1683/2363/1619
f 1686/2366/1622 1674/2350/1610 1756/2465/1688
f 1709/2393/1645 1598/2233/1535 1760/2470/1692
f 1637/2291/1574 1783/2499/1715 1540/2146/1480
f 1612/2254/1549 1501/2095/1442 1773/2486/1705
f 1694/2377/1630 1628/2278/1565 1784/2500/1716
f 1612/2254/1549 1785/2501/1717 1532/2136/1472
f 1678/2355/1614 1542/2161/1482 1351/1897/1292
f 1569/2189/1509 1518/2117/1458 1681/2502/1617
f 1744/2503/1676 1562/2504/1502 1764/2505/1696
f 1474/2055/1415 1596/2231/1533 1786/2506/1718
f 1676/2353/1612 1787/2507/1719 1622/2269/1559
f 1606/2243/1543 1741/2443/1673 1685/2365/1621
f 1741/2443/1673 1514/2306/1454 1788/2508/1720
f 1514/2306/1454 1688/2509/1624 1788/2508/1720
f 1571/2195/1511 1770/2483/1702 1769/2482/1701
f 1645/2510/1582 1609/2271/1546 1759/2469/1691
f 1563/2181/1503 1564/2182/1504 1789/2511/1721
f 1572/2196/1512 1790/2512/1722 1564/2182/1504
f 1654/2321/1591 1749/2455/1681 1705/2388/1641
f 1656/2326/1593 1742/2444/1674 1576/2201/1516
f 1678/2355/1614 1532/2136/1472 1785/2501/1717
f 1661/2413/1597 1753/2513/1685 1791/2514/1723
f 1313/1849/1254 1630/2281/1567 1603/2239/1540
f 1507/2359/1448 1719/2515/1655 1792/2516/1724
f 1768/2481/1700 1580/2345/1520 1732/2428/1668
f 1714/2399/1650 1777/2490/1709 1520/2120/1460
f 1793/2517/1725 1671/2467/1607 1758/2468/1690
f 1596/2231/1533 1703/2386/1639 1786/2506/1718
f 1649/2312/1586 1728/2422/1664 1368/1916/1309
f 1645/2308/1582 1781/2496/1713 1510/2108/1450
f 1740/2442/1672 1716/2402/1652 1686/2366/1622
f 1757/2466/1689 1541/2147/1481 1700/2383/1636
f 1753/2518/1685 1513/2112/1453 1717/2404/1653
f 1555/2452/1495 1593/2519/1530 1747/2453/1679
f 1689/2369/1625 1622/2269/1559 1787/2507/1719
f 1794/2520/1726 1717/2521/1653 1795/2522/1727
f 1630/2281/1567 1332/1877/1273 1796/2523/1728
f 1569/2189/1509 1681/2502/1617 1797/2524/1729
f 1755/2464/1687 1798/2525/1730 1680/2358/1616
f 1628/2278/1565 1722/2414/1658 1784/2500/1716
f 1646/2309/1583 1474/2055/1415 1786/2506/1718
f 1557/2526/1497 1629/2527/1566 1743/2528/1675
f 1558/2175/1498 1647/2310/1584 1799/2529/1731
f 1489/2080/1430 1535/2139/1475 1722/2530/1658
f 1744/2503/1676 1764/2505/1696 1679/2531/1615
f 1749/2455/1681 1654/2321/1591 1800/2532/1732
f 1675/2352/1611 1477/2060/1418 1627/2277/1564
f 1801/2533/1733 1624/2272/1561 1549/2162/1489
f 1764/2475/1696 1664/2337/1600 1679/2356/1615
f 1746/2534/1678 1802/2535/1734 1653/2536/1590
f 1803/2537/1735 1653/2536/1590 1802/2535/1734
f 1653/2318/1590 1804/2538/1736 1750/2456/1682
f 1783/2499/1715 1637/2291/1574 1776/2489/1708
f 1804/2538/1736 1653/2318/1590 1803/2539/1735
f 1649/2312/1586 1616/2259/1553 1805/2540/1737
f 1768/2481/1700 1775/2488/1707 1556/2173/1496
f 1622/2269/1559 1689/2369/1625 1500/2093/1441
f 1713/2398/1649 1777/2490/1709 1806/2541/1738
f 1807/2542/1739 1778/2492/1710 1547/2493/1487
f 1661/2413/1597 1808/2543/1740 1721/2412/1657
f 1688/2509/1624 1723/2544/1659 1788/2508/1720
f 1639/2296/1576 1727/2420/1663 1809/2545/1741
f 1614/2446/1551 1743/2445/1675 1810/2546/1742
f 1811/2547/1743 1738/2440/22 1812/2548/1744
f 1739/2441/1671 1738/2440/22 1811/2547/1743
f 1813/2549/1745 1659/2550/22 1735/2551/1671
f 1623/2436/1560 1659/2438/22 1813/2552/1745
f 1715/2401/1651 1512/2110/1452 1720/2421/1656
f 1814/2553/1746 1632/2285/1569 1675/2352/1611
f 1766/2479/1698 1733/2431/1669 1497/2090/1438
f 1616/2259/1553 1648/2311/1585 1815/2554/1747
f 1567/2187/1507 1815/2554/1747 1648/2311/1585
f 1767/2480/1699 1696/2409/1632 1816/2555/1748
f 1817/2556/1749 1785/2501/1717 1612/2254/1549
f 1689/2369/1625 1751/2557/1683 1701/2424/1637
f 1583/2214/1523 1757/2466/1689 1719/2410/1655
f 1755/2558/1687 1542/2161/1482 1678/2355/1614
f 1502/2096/1443 1551/2166/1491 1818/2559/1750
f 1763/2474/1695 1687/2367/1623 1819/2560/1751
f 1671/2467/1607 1820/2561/1752 1731/2562/1667
f 1441/2302/1382 1746/2534/1678 1582/2563/1522
f 1821/2564/1753 1629/2280/1566 1652/2342/1589
f 1647/2310/1584 1673/2349/1609 1822/2565/1754
f 1631/2283/1568 1558/2175/1498 1799/2529/1731
f 1782/2498/1714 1665/2338/1601 1823/2566/1755
f 1798/2567/1730 1755/2558/1687 1785/2501/1717
f 1722/2530/1658 1535/2139/1475 1595/2230/1532
f 1824/2568/1756 1725/2472/1661 1711/2396/1647
f 1824/2568/1756 1651/2569/1588 1725/2472/1661
f 1680/2358/1616 1798/2525/1730 1667/2340/1603
f 1671/2467/1607 1793/2517/1725 1820/2561/1752
f 1654/2321/1591 1633/2408/1570 1800/2532/1732
f 1740/2570/1672 1686/2571/1622 1825/2572/1757
f 1758/2468/1690 1539/2451/1479 1747/2453/1679
f 1633/2286/1570 1632/2351/1569 1826/2573/1758
f 1698/2574/1634 1697/2575/1633 1827/2576/1759
f 1828/2577/1760 1547/2493/1487 1751/2578/1683
f 1807/2542/1739 1547/2493/1487 1829/2579/1761
f 1796/2523/1728 1332/1877/1273 1734/2433/1670
f 1797/2524/1729 1830/2580/1762 1569/2189/1509
f 1776/2489/1708 1569/2189/1509 1830/2580/1762
f 1644/2581/1581 1831/2582/1763 1681/2583/1617
f 1713/2398/1649 1806/2541/1738 1732/2428/1668
f 1660/2400/1596 1631/2283/1568 1832/2584/1764
f 1712/2397/1648 1707/2391/1643 1708/2392/1644
f 1720/2411/1656 1704/2387/1640 1781/2496/1713
f 1833/2585/1765 1693/2375/1629 1568/2374/1508
f 1726/2586/1662 1833/2585/1765 1568/2374/1508
f 1552/2167/1492 1834/2587/1766 1610/2248/1547
f 1784/2500/1716 1722/2414/1658 1835/2588/1767
f 1441/2302/1382 1772/2485/1704 1746/2534/1678
f 1683/2363/1619 1655/2324/1592 1836/2589/1768
f 1314/1850/1255 1502/2096/1443 1729/2425/1665
f 1817/2556/1749 1612/2254/1549 1773/2486/1705
f 1691/2372/1627 1837/2590/1769 1690/2371/1626
f 1785/2501/1717 1755/2558/1687 1678/2355/1614
f 1838/2591/1770 1567/2187/1507 1685/2365/1621
f 1822/2565/1754 1673/2349/1609 1765/2478/1697
f 1839/2592/1771 1723/2416/1659 1763/2474/1695
f 1730/2426/1666 1639/2296/1576 1809/2545/1741
f 1702/2385/1638 1721/2412/1657 1808/2543/1740
f 1618/2261/1555 1816/2593/1748 1696/2379/1632
f 1808/2543/1740 1661/2413/1597 1791/2514/1723
f 1717/2521/1653 1794/2520/1726 1753/2594/1685
f 1758/2468/1690 1747/2453/1679 1840/2595/1772
f 1841/2596/1773 1837/2590/1769 1691/2372/1627
f 1691/2372/1627 1651/2314/1588 1841/2596/1773
f 1748/2597/1680 1842/2598/1774 1760/2599/1692
f 1613/2255/1550 1695/2378/1631 1693/2375/1629
f 1613/2255/1550 1693/2375/1629 1772/2485/1704
f 1843/2600/1775 1603/2239/1540 1844/2601/1776
f 1829/2579/1761 1547/2493/1487 1828/2577/1760
f 1804/2538/1736 1803/2539/1735 1845/2602/1777
f 1846/2603/1778 1714/2399/1650 1660/2333/1596
f 1798/2525/1730 1847/2604/1779 1667/2340/1603
f 1647/2310/1584 1822/2565/1754 1799/2529/1731
f 1552/2167/1492 1590/2247/1527 1834/2587/1766
f 1749/2605/1681 1848/2606/1780 1650/2607/1587
f 1771/2484/1703 1540/2146/1480 1783/2499/1715
f 1771/2484/1703 1823/2566/1755 1665/2338/1601
f 1827/2576/1759 1697/2575/1633 1740/2608/1672
f 1849/2609/1781 1844/2601/1776 1603/2239/1540
f 1722/2530/1658 1595/2230/1532 1850/2610/1782
f 1724/2417/1660 1507/2359/1448 1851/2611/1783
f 1809/2612/1741 1652/2317/1589 1730/2476/1666
f 1761/2471/1693 1819/2560/1751 1687/2367/1623
f 1614/2446/1551 1810/2546/1742 1852/2613/1784
f 1853/2614/1785 1728/2422/1664 1649/2312/1586
f 1682/2361/1618 1775/2488/1707 1854/2615/1786
f 1855/2616/1787 1685/2365/1621 1741/2443/1673
f 1650/2607/1587 1856/2617/1788 1748/2597/1680
f 1814/2553/1746 1675/2352/1611 1857/2618/1789
f 1627/2277/1564 1857/2618/1789 1675/2352/1611
f 1694/2377/1630 1857/2618/1789 1627/2277/1564
f 1694/2377/1630 1784/2500/1716 1857/2618/1789
f 1800/2619/1732 1633/2286/1570 1826/2573/1758
f 1731/2562/1667 1820/2561/1752 1644/2581/1581
f 1698/2574/1634 1858/2620/1790 1670/2346/1606
f 1561/2178/1501 1646/2309/1583 1859/2621/1791
f 1646/2309/1583 1786/2506/1718 1860/2622/1792
f 1700/2383/1636 1742/2444/1674 1861/2623/1793
f 1507/2359/1448 1792/2516/1724 1851/2611/1783
f 1862/2624/1794 1711/2396/1647 1724/2417/1660
f 1747/2453/1679 1593/2519/1530 1750/2625/1682
f 1836/2589/1768 1655/2324/1592 1767/2480/1699
f 1773/2486/1705 1683/2363/1619 1836/2589/1768
f 1590/2247/1527 1863/2626/1795 1834/2587/1766
f 1765/2478/1697 1559/2249/1499 1769/2627/1701
f 1832/2584/1764 1631/2283/1568 1799/2529/1731
f 1805/2540/1737 1853/2614/1785 1649/2312/1586
f 1838/2591/1770 1864/2628/1796 1567/2187/1507
f 1829/2579/1761 1778/2492/1710 1807/2542/1739
f 1780/2495/1712 1560/2177/1500 1712/2397/1648
f 1782/2498/1714 1677/2354/1613 1617/2260/1554
f 1794/2520/1726 1795/2522/1727 1753/2594/1685
f 1852/2629/1784 1865/2630/1797 1614/2430/1551
f 1614/2430/1551 1865/2630/1797 1657/2327/1594
f 1866/2631/22 1623/2632/1560 1813/2633/1745
f 1587/2220/465 1658/2329/1595 1867/2634/1798
f 1738/2440/22 1587/2220/465 1867/2634/1798
f 1867/2634/1798 1868/2635/22 1738/2440/22
f 1812/2548/1744 1738/2440/22 1868/2635/22
f 1634/2636/1571 1869/2637/1799 1590/2247/1527
f 1572/2196/1512 1607/2244/1544 1870/2638/1800
f 1733/2431/1669 1870/2638/1800 1607/2244/1544
f 1871/2639/1801 1848/2606/1780 1749/2605/1681
f 1826/2573/1758 1632/2351/1569 1814/2640/1746
f 1872/2641/1802 1685/2365/1621 1855/2616/1787
f 1752/2458/1684 1601/2237/1538 1745/2449/1677
f 1798/2567/1730 1785/2501/1717 1873/2642/1803
f 1855/2616/1787 1741/2443/1673 1788/2508/1720
f 1850/2610/1782 1595/2230/1532 1690/2371/1626
f 1792/2516/1724 1719/2515/1655 1874/2643/1804
f 1847/2644/1779 1798/2567/1730 1875/2645/1805
f 1743/2528/1675 1629/2527/1566 1821/2646/1753
f 1831/2582/1763 1644/2581/1581 1820/2561/1752
f 1703/2386/1639 1667/2340/1603 1847/2604/1779
f 1760/2470/1692 1876/2647/1806 1709/2393/1645
f 1709/2393/1645 1876/2647/1806 1877/2648/1807
f 1858/2620/1790 1656/2326/1593 1670/2346/1606
f 1878/2649/1808 1796/2523/1728 1734/2433/1670
f 1806/2541/1738 1768/2481/1700 1732/2428/1668
f 1660/2333/1596 1879/2650/1809 1846/2603/1778
f 1864/2628/1796 1815/2554/1747 1567/2187/1507
f 1838/2591/1770 1685/2365/1621 1872/2641/1802
f 1689/2369/1625 1787/2507/1719 1751/2557/1683
f 1779/2494/1711 1795/2651/1727 1717/2460/1653
f 1788/2508/1720 1723/2544/1659 1839/2652/1771
f 1880/2653/1810 1743/2528/1675 1821/2646/1753
f 1756/2465/1688 1709/2393/1645 1881/2654/1811
f 1882/2655/1812 1761/2471/1693 1702/2385/1638
f 1808/2543/1740 1791/2514/1723 1883/2656/1813
f 1884/2657/1814 1793/2517/1725 1758/2468/1690
f 1885/2658/1815 1861/2623/1793 1742/2444/1674
f 1572/2196/1512 1886/2659/1816 1790/2512/1722
f 1658/2660/1595 1762/2473/1694 1887/2661/1817
f 1624/2272/1561 1888/2662/1818 1762/2473/1694
f 1781/2496/1713 1715/2663/1651 1720/2411/1656
f 1551/2166/1491 1563/2181/1503 1818/2559/1750
f 1564/2182/1504 1790/2512/1722 1789/2511/1721
f 1610/2248/1547 1889/2664/1819 1672/2348/1608
f 1651/2569/1588 1824/2568/1756 1890/2665/1820
f 1756/2666/1688 1891/2667/1821 1686/2571/1622
f 1650/2607/1587 1848/2606/1780 1856/2617/1788
f 1686/2571/1622 1891/2667/1821 1825/2572/1757
f 1802/2535/1734 1746/2534/1678 1772/2485/1704
f 1726/2668/1662 1669/2395/1605 1774/2487/1706
f 1603/2239/1540 1630/2281/1567 1849/2609/1781
f 1624/2272/1561 1801/2533/1733 1888/2662/1818
f 1841/2596/1773 1892/2669/1822 1837/2590/1769
f 1760/2470/1692 1893/2670/1823 1876/2647/1806
f 1856/2617/1788 1842/2598/1774 1748/2597/1680
f 1891/2667/1821 1756/2666/1688 1894/2671/1824
f 1859/2621/1791 1646/2309/1583 1860/2622/1792
f 1484/2073/1425 1603/2239/1540 1843/2600/1775
f 1858/2620/1790 1698/2574/1634 1827/2576/1759
f 1722/2414/1658 1850/2672/1782 1895/2673/1825
f 1681/2583/1617 1831/2582/1763 1797/2674/1729
f 1879/2650/1809 1660/2333/1596 1832/2675/1764
f 1896/2676/1826 1684/2364/1620 1672/2348/1608
f 1805/2540/1737 1616/2259/1553 1815/2554/1747
f 1676/2353/1612 1684/2364/1620 1787/2507/1719
f 1897/2677/1827 1708/2392/1644 1706/2390/1642
f 1652/2342/1589 1898/2678/1828 1821/2564/1753
f 1899/2679/1829 1668/2370/1604 1621/2268/1558
f 1753/2594/1685 1795/2522/1727 1900/2680/1830
f 1656/2326/1593 1885/2658/1815 1742/2444/1674
f 1819/2560/1751 1901/2681/1831 1763/2474/1695
f 1902/2682/1832 1700/2683/1636 1861/2684/1793
f 1757/2685/1689 1700/2683/1636 1902/2682/1832
f 1677/2354/1613 1816/2593/1748 1618/2261/1555
f 1728/2422/1664 1903/2686/1833 1770/2483/1702
f 1824/2568/1756 1711/2396/1647 1904/2687/1834
f 1876/2688/1806 1905/2689/1835 1877/2690/1807
f 1816/2555/1748 1906/2691/1836 1767/2480/1699
f 1803/2537/1735 1802/2535/1734 1907/2692/1837
f 1873/2642/1803 1785/2501/1717 1817/2556/1749
f 1749/2605/1681 1800/2619/1732 1871/2639/1801
f 1908/2693/1838 1871/2639/1801 1800/2619/1732
f 1840/2595/1772 1884/2657/1814 1758/2468/1690
f 1909/2694/1839 1820/2561/1752 1793/2517/1725
f 1851/2611/1783 1792/2516/1724 1874/2643/1804
f 1759/2469/1691 1910/2695/1840 1645/2510/1582
f 1862/2624/1794 1724/2417/1660 1911/2696/1841
f 1886/2659/1816 1572/2196/1512 1870/2638/1800
f 1818/2559/1750 1729/2425/1665 1502/2096/1443
f 1702/2385/1638 1808/2543/1740 1912/2697/1842
f 1913/2698/1843 1810/2546/1742 1743/2445/1675
f 1809/2612/1741 1898/2699/1828 1652/2317/1589
f 1814/2640/1746 1914/2700/1844 1826/2573/1758
f 1911/2696/1841 1724/2417/1660 1851/2611/1783
f 1719/2515/1655 1757/2685/1689 1874/2643/1804
f 1711/2396/1647 1862/2624/1794 1904/2687/1834
f 1877/2648/1807 1881/2654/1811 1709/2393/1645
f 1882/2655/1812 1702/2385/1638 1912/2697/1842
f 1915/2701/1845 1767/2480/1699 1906/2691/1836
f 1900/2702/1830 1883/2656/1813 1791/2514/1723
f 1791/2514/1723 1753/2513/1685 1900/2702/1830
f 1916/2703/1846 1852/2613/1784 1810/2546/1742
f 1789/2511/1721 1917/2704/1847 1563/2181/1503
f 1869/2637/1799 1863/2626/1795 1590/2247/1527
f 1889/2664/1819 1610/2248/1547 1834/2587/1766
f 1842/2598/1774 1856/2617/1788 1894/2705/1824
f 1872/2641/1802 1864/2628/1796 1838/2591/1770
f 1747/2453/1679 1750/2625/1682 1840/2595/1772
f 1848/2606/1780 1891/2706/1821 1856/2617/1788
f 1693/2375/1629 1918/2707/1848 1772/2485/1704
f 1693/2375/1629 1833/2585/1765 1918/2707/1848
f 1745/2449/1677 1484/2073/1425 1843/2600/1775
f 1845/2602/1777 1803/2539/1735 1919/2708/1849
f 1795/2651/1727 1779/2494/1711 1920/2709/1850
f 1763/2474/1695 1901/2681/1831 1921/2710/1851
f 1885/2658/1815 1656/2326/1593 1858/2620/1790
f 1850/2610/1782 1690/2371/1626 1922/2711/1852
f 1706/2390/1642 1657/2327/1594 1897/2677/1827
f 1799/2529/1731 1923/2712/1853 1832/2584/1764
f 1818/2559/1750 1563/2181/1503 1924/2713/1854
f 1549/2162/1489 1729/2425/1665 1801/2533/1733
f 1837/2590/1769 1925/2714/1855 1690/2371/1626
f 1766/2479/1698 1752/2458/1684 1926/2715/1856
f 1890/2665/1820 1841/2716/1773 1651/2569/1588
f 1894/2705/1824 1856/2617/1788 1891/2706/1821
f 1682/2361/1618 1854/2615/1786 1927/2717/1857
f 1907/2692/1837 1802/2535/1734 1928/2718/1858
f 1800/2619/1732 1826/2573/1758 1908/2693/1838
f 1879/2650/1809 1714/2399/1650 1846/2603/1778
f 1797/2674/1729 1929/2719/1859 1830/2720/1762
f 1899/2721/1829 1930/2722/1860 1668/2343/1604
f 1915/2701/1845 1931/2723/1861 1767/2480/1699
f 1878/2649/1808 1734/2433/1670 1623/2432/1560
f 1932/2724/1862 1867/2634/1798 1658/2329/1595
f 1866/2631/22 1933/2725/1863 1934/2726/22
f 1866/2631/22 1934/2726/22 1623/2632/1560
f 1645/2308/1582 1910/2727/1840 1781/2496/1713
f 1893/2728/1823 1760/2599/1692 1935/2729/1864
f 1936/2730/1865 1825/2572/1757 1891/2667/1821
f 1937/2731/1866 1805/2540/1737 1815/2554/1747
f 1864/2628/1796 1872/2641/1802 1938/2732/1867
f 1907/2733/1837 1919/2708/1849 1803/2539/1735
f 1939/2734/1868 1768/2481/1700 1806/2541/1738
f 1690/2371/1626 1940/2735/1869 1922/2711/1852
f 1714/2399/1650 1879/2650/1809 1941/2736/1870
f 1874/2643/1804 1757/2685/1689 1902/2682/1832
f 1900/2680/1830 1795/2522/1727 1920/2737/1850
f 1799/2529/1731 1822/2565/1754 1942/2738/1871
f 1634/2636/1571 1561/2739/1501 1943/2740/1872
f 1727/2477/1663 1668/2343/1604 1809/2741/1741
f 1621/2268/1558 1780/2495/1712 1899/2679/1829
f 1815/2554/1747 1864/2628/1796 1938/2732/1867
f 1823/2566/1755 1771/2484/1703 1944/2742/1873
f 1871/2639/1801 1891/2706/1821 1848/2606/1780
f 1944/2742/1873 1771/2484/1703 1783/2499/1715
f 1857/2618/1789 1784/2500/1716 1945/2743/1874
f 1778/2492/1710 1829/2579/1761 1946/2744/1875
f 1779/2494/1711 1754/2462/1686 1947/2745/1876
f 1854/2615/1786 1775/2488/1707 1939/2734/1868
f 1779/2494/1711 1947/2745/1876 1948/2746/1877
f 1920/2709/1850 1779/2494/1711 1948/2746/1877
f 1775/2488/1707 1768/2481/1700 1939/2734/1868
f 1835/2588/1767 1722/2414/1658 1949/2747/1878
f 1940/2735/1869 1690/2371/1626 1925/2714/1855
f 1913/2748/1843 1743/2528/1675 1950/2749/1879
f 1951/2750/1880 1877/2690/1807 1905/2689/1835
f 1912/2697/1842 1808/2543/1740 1883/2656/1813
f 1836/2589/1768 1767/2480/1699 1931/2723/1861
f 1819/2560/1751 1761/2471/1693 1882/2655/1812
f 1952/2751/1881 1740/2608/1672 1825/2752/1757
f 1712/2397/1648 1708/2392/1644 1953/2753/1882
f 1954/2754/1883 1877/2690/1807 1951/2750/1880
f 1733/2431/1669 1766/2479/1698 1870/2638/1800
f 1833/2585/1765 1726/2586/1662 1955/2755/1884
f 1908/2693/1838 1826/2573/1758 1914/2700/1844
f 1802/2535/1734 1772/2485/1704 1918/2707/1848
f 1835/2588/1767 1956/2756/1885 1784/2500/1716
f 1714/2399/1650 1941/2736/1870 1777/2490/1709
f 1839/2652/1771 1957/2757/1886 1788/2508/1720
f 1839/2592/1771 1763/2474/1695 1921/2710/1851
f 1876/2647/1806 1893/2670/1823 1958/2758/1887
f 1959/2759/1888 1790/2512/1722 1886/2659/1816
f 1924/2713/1854 1960/2760/1889 1818/2559/1750
f 1842/2598/1774 1894/2705/1824 1760/2599/1692
f 1961/2761/1890 1837/2590/1769 1892/2669/1822
f 1962/2762/1891 1828/2577/1760 1751/2578/1683
f 1778/2492/1710 1946/2744/1875 1963/2763/1892
f 1754/2462/1686 1778/2492/1710 1963/2763/1892
f 1929/2719/1859 1964/2764/1893 1830/2720/1762
f 1916/2703/1846 1810/2546/1742 1913/2698/1843
f 1769/2482/1701 1770/2483/1702 1965/2765/1894
f 1885/2658/1815 1858/2620/1790 1966/2766/1895
f 1949/2747/1878 1722/2414/1658 1895/2673/1825
f 1922/2767/1852 1895/2673/1825 1850/2672/1782
f 1952/2751/1881 1825/2752/1757 1936/2768/1865
f 1885/2658/1815 1967/2769/1896 1861/2623/1793
f 1968/2770/1897 1712/2397/1648 1953/2753/1882
f 1860/2622/1792 1786/2506/1718 1969/2771/1898
f 1715/2663/1651 1781/2496/1713 1910/2727/1840
f 1889/2664/1819 1896/2676/1826 1672/2348/1608
f 1904/2687/1834 1970/2772/1899 1824/2568/1756
f 1890/2665/1820 1824/2568/1756 1970/2772/1899
f 1841/2716/1773 1890/2665/1820 1971/2773/1900
f 1703/2386/1639 1847/2604/1779 1969/2771/1898
f 1754/2462/1686 1963/2763/1892 1947/2745/1876
f 1943/2740/1872 1869/2637/1799 1634/2636/1571
f 1788/2508/1720 1957/2757/1886 1855/2616/1787
f 1780/2495/1712 1712/2397/1648 1968/2770/1897
f 1876/2688/1806 1972/2774/1901 1905/2689/1835
f 1756/2666/1688 1881/2775/1811 1894/2671/1824
f 1871/2639/1801 1936/2776/1865 1891/2706/1821
f 1914/2700/1844 1814/2640/1746 1973/2777/1902
f 1918/2707/1848 1833/2585/1765 1955/2755/1884
f 1885/2658/1815 1966/2766/1895 1974/2778/1903
f 1630/2281/1567 1796/2523/1728 1975/2779/1904
f 1879/2650/1809 1832/2675/1764 1976/2780/1905
f 1950/2749/1879 1743/2528/1675 1880/2653/1810
f 1902/2682/1832 1977/2781/1906 1874/2643/1804
f 1830/2720/1762 1964/2764/1893 1978/2782/1907
f 1798/2567/1730 1979/2783/1908 1875/2645/1805
f 1786/2506/1718 1703/2386/1639 1969/2771/1898
f 1932/2784/1862 1658/2660/1595 1887/2661/1817
f 1883/2656/1813 1900/2702/1830 1980/2785/1909
f 1981/2786/1910 1952/2787/1881 1936/2776/1865
f 1827/2576/1759 1740/2608/1672 1952/2751/1881
f 1865/2630/1797 1852/2629/1784 1982/2788/1911
f 1889/2664/1819 1834/2587/1766 1983/2789/1912
f 1728/2422/1664 1853/2614/1785 1984/2790/1913
f 1766/2479/1698 1926/2715/1856 1985/2791/1914
f 1986/2792/1915 1872/2793/1802 1855/2794/1787
f 1945/2743/1874 1784/2500/1716 1956/2756/1885
f 1773/2486/1705 1836/2589/1768 1817/2556/1749
f 1835/2588/1767 1949/2747/1878 1987/2795/1916
f 1798/2567/1730 1873/2642/1803 1979/2783/1908
f 1682/2361/1618 1927/2717/1857 1988/2796/1917
f 1953/2753/1882 1708/2392/1644 1897/2677/1827
f 1989/2797/1918 1832/2675/1764 1923/2798/1853
f 1990/2799/1919 1729/2425/1665 1818/2559/1750
f 1805/2540/1737 1984/2790/1913 1853/2614/1785
f 1925/2714/1855 1837/2590/1769 1961/2761/1890
f 1814/2553/1746 1857/2618/1789 1973/2800/1902
f 1991/2801/1920 1915/2701/1845 1906/2691/1836
f 1854/2615/1786 1939/2734/1868 1992/2802/1921
f 1993/2803/1922 1895/2804/1825 1922/2805/1852
f 1994/2806/1923 1819/2560/1751 1882/2655/1812
f 1993/2807/1922 1922/2808/1852 1970/2772/1899
f 1994/2809/1923 1855/2794/1787 1957/2810/1886
f 1888/2662/1818 1887/2661/1817 1762/2473/1694
f 1954/2754/1883 1881/2775/1811 1877/2690/1807
f 1967/2769/1896 1885/2658/1815 1974/2778/1903
f 1868/2635/22 1867/2634/1798 1995/2811/22
f 1996/2812/1924 1868/2635/22 1995/2811/22
f 1910/2695/1840 1759/2469/1691 1715/2401/1651
f 1684/2364/1620 1896/2676/1826 1997/2813/1925
f 1935/2729/1864 1760/2599/1692 1894/2705/1824
f 1985/2791/1914 1870/2638/1800 1766/2479/1698
f 1815/2814/1747 1938/2815/1867 1998/2816/1926
f 1901/2681/1831 1819/2560/1751 1994/2806/1923
f 1918/2707/1848 1955/2755/1884 1999/2817/1927
f 1802/2535/1734 1918/2707/1848 1928/2718/1858
f 2000/2818/1928 1774/2487/1706 1682/2361/1618
f 2001/2819/1929 1820/2561/1752 1909/2694/1839
f 1909/2694/1839 1793/2517/1725 1884/2657/1814
f 1840/2595/1772 1750/2625/1682 2002/2820/1930
f 1845/2821/1777 1919/2822/1849 2003/2823/1931
f 2004/2824/1932 1851/2611/1783 1874/2643/1804
f 1835/2588/1767 1987/2795/1916 1956/2756/1885
f 1836/2589/1768 1931/2723/1861 1817/2556/1749
f 1726/2668/1662 1774/2487/1706 2000/2818/1928
f 1999/2817/1927 1726/2586/1662 2000/2825/1928
f 1804/2826/1736 1845/2821/1777 2005/2827/1933
f 1750/2625/1682 1804/2826/1736 2005/2827/1933
f 1904/2687/1834 1993/2807/1922 1970/2772/1899
f 1903/2686/1833 1728/2422/1664 1984/2790/1913
f 1815/2814/1747 2006/2828/1934 1937/2829/1866
f 2007/2830/1935 1872/2793/1802 1986/2792/1915
f 1900/2680/1830 1920/2737/1850 2008/2831/1936
f 1839/2592/1771 1921/2710/1851 1957/2832/1886
f 1852/2629/1784 2009/2833/1937 1982/2788/1911
f 1858/2620/1790 1827/2576/1759 1952/2751/1881
f 1998/2816/1926 2006/2828/1934 1815/2814/1747
f 1936/2776/1865 1871/2639/1801 1981/2786/1910
f 1857/2618/1789 2010/2834/1938 1973/2800/1902
f 1872/2793/1802 2007/2830/1935 1938/2815/1867
f 1682/2361/1618 1988/2796/1917 2000/2818/1928
f 2005/2827/1933 2002/2820/1930 1750/2625/1682
f 1976/2780/1905 1832/2675/1764 2011/2835/1939
f 1852/2613/1784 1916/2703/1846 2009/2836/1937
f 1897/2677/1827 1657/2327/1594 1865/2630/1797
f 2012/2837/1940 1965/2765/1894 1770/2483/1702
f 1809/2741/1741 1668/2343/1604 2013/2838/1941
f 1940/2735/1869 2014/2839/1942 1922/2711/1852
f 2014/2840/1942 1970/2772/1899 1922/2808/1852
f 2004/2824/1932 1874/2643/1804 1977/2781/1906
f 1684/2364/1620 1997/2813/1925 2015/2841/1943
f 1935/2729/1864 1894/2705/1824 2016/2842/1944
f 1961/2761/1890 1892/2669/1822 2017/2843/1945
f 2010/2834/1938 1857/2618/1789 1945/2743/1874
f 1918/2707/1848 1999/2817/1927 1928/2718/1858
f 2015/2841/1943 1787/2507/1719 1684/2364/1620
f 1948/2746/1877 2008/2844/1936 1920/2709/1850
f 1806/2541/1738 1777/2490/1709 2018/2845/1946
f 1831/2582/1763 1820/2561/1752 2001/2819/1929
f 1765/2478/1697 2019/2846/1947 1822/2565/1754
f 1909/2694/1839 1884/2657/1814 2020/2847/1948
f 1905/2689/1835 1972/2774/1901 2021/2848/1949
f 2021/2848/1949 1951/2750/1880 1905/2689/1835
f 1912/2697/1842 1883/2656/1813 2022/2849/1950
f 1782/2850/1714 1823/2851/1755 2023/2852/1951
f 1677/2853/1613 1782/2850/1714 2023/2852/1951
f 1818/2559/1750 1960/2760/1889 1990/2799/1919
f 1970/2772/1899 2024/2854/1952 1890/2665/1820
f 1882/2655/1812 1912/2697/1842 2022/2849/1950
f 1783/2499/1715 1776/2489/1708 2025/2855/1953
f 1955/2755/1884 1726/2586/1662 1999/2817/1927
f 1991/2801/1920 2026/2856/1954 1915/2701/1845
f 1957/2832/1886 1901/2681/1831 1994/2806/1923
f 1859/2857/1791 1943/2740/1872 1561/2739/1501
f 1895/2804/1825 2027/2858/1955 1949/2859/1878
f 2013/2838/1941 1668/2343/1604 1930/2722/1860
f 2016/2860/1944 1894/2671/1824 1881/2775/1811
f 2026/2856/1954 1931/2723/1861 1915/2701/1845
f 1914/2700/1844 2028/2861/1956 1908/2693/1838
f 1973/2777/1902 2028/2861/1956 1914/2700/1844
f 1938/2815/1867 2007/2830/1935 1998/2816/1926
f 1855/2794/1787 1994/2809/1923 1986/2792/1915
f 1840/2595/1772 2002/2820/1930 2020/2847/1948
f 2017/2843/1945 1892/2669/1822 2029/2862/1957
f 2004/2824/1932 1911/2696/1841 1851/2611/1783
f 2030/2863/1958 1898/2699/1828 1809/2612/1741
f 1832/2675/1764 1989/2797/1918 2011/2835/1939
f 1981/2786/1910 2031/2864/1959 1952/2787/1881
f 1623/2432/1560 1796/2523/1728 1878/2649/1808
f 2020/2847/1948 1884/2657/1814 1840/2595/1772
f 1897/2677/1827 1865/2630/1797 1982/2788/1911
f 1932/2784/1862 1887/2661/1817 1888/2662/1818
f 1893/2670/1823 2032/2865/1960 1958/2758/1887
f 2033/2866/1961 1998/2816/1926 2007/2830/1935
f 1858/2620/1790 2034/2867/1962 1966/2766/1895
f 2035/2868/1963 1966/2766/1895 2034/2867/1962
f 1861/2684/1793 2036/2869/1964 1902/2682/1832
f 1787/2507/1719 2037/2870/1965 1751/2557/1683
f 1901/2681/1831 1957/2832/1886 1921/2710/1851
f 2018/2845/1946 1777/2490/1709 1941/2736/1870
f 1923/2712/1853 1799/2529/1731 2038/2871/1966
f 1968/2770/1897 1953/2753/1882 2039/2872/1967
f 2040/2873/1968 1783/2499/1715 2025/2855/1953
f 1944/2742/1873 1783/2499/1715 2040/2873/1968
f 1931/2723/1861 2026/2856/1954 1817/2556/1749
f 1817/2556/1749 2041/2874/1969 1873/2642/1803
f 1873/2642/1803 2041/2874/1969 1979/2783/1908
f 1776/2489/1708 1830/2580/1762 1978/2875/1907
f 1896/2676/1826 1889/2664/1819 2042/2876/1970
f 1892/2669/1822 1841/2596/1773 2029/2862/1957
f 2043/2877/1971 1871/2639/1801 1908/2693/1838
f 1907/2692/1837 1928/2718/1858 1999/2817/1927
f 1796/2523/1728 1623/2432/1560 2044/2878/1972
f 2014/2840/1942 2024/2854/1952 1970/2772/1899
f 2004/2824/1932 2045/2879/1973 1911/2696/1841
f 2046/2880/1974 1941/2736/1870 1879/2650/1809
f 1769/2627/1701 1965/2881/1894 1765/2478/1697
f 1799/2529/1731 1942/2738/1871 2038/2871/1966
f 1882/2882/1812 1986/2792/1915 1994/2809/1923
f 1962/2762/1891 1751/2578/1683 2037/2883/1965
f 1821/2646/1753 2030/2884/1958 1880/2653/1810
f 1952/2751/1881 2031/2885/1959 1858/2620/1790
f 1967/2886/1896 1974/2887/1903 2047/2888/1975
f 1916/2703/1846 1913/2698/1843 2048/2889/1976
f 2009/2836/1937 1916/2703/1846 2048/2889/1976
f 2044/2890/1972 1623/2891/1560 2049/2892/1977
f 1677/2853/1613 2023/2852/1951 1816/2555/1748
f 2050/2893/22 2051/2894/22 1934/2726/22
f 1623/2632/1560 1934/2726/22 2051/2894/22
f 2051/2895/22 2049/2892/1977 1623/2891/1560
f 1867/2634/1798 2052/2896/22 1995/2811/22
f 1876/2647/1806 2053/2897/1978 1972/2898/1901
f 1917/2704/1847 1924/2713/1854 1563/2181/1503
f 1925/2714/1855 2054/2899/1979 1940/2735/1869
f 1954/2754/1883 2016/2860/1944 1881/2775/1811
f 1971/2773/1900 1890/2665/1820 2024/2854/1952
f 2029/2900/1957 1841/2716/1773 1971/2773/1900
f 1984/2790/1913 1805/2540/1737 2055/2901/1980
f 1805/2540/1737 1937/2731/1866 2055/2901/1980
f 2056/2902/1981 1789/2511/1721 1790/2512/1722
f 1959/2759/1888 2056/2902/1981 1790/2512/1722
f 2000/2818/1928 1988/2796/1917 2057/2903/1982
f 2040/2873/1968 2058/2904/1983 1944/2742/1873
f 1861/2684/1793 1967/2886/1896 2036/2869/1964
f 2041/2874/1969 1817/2556/1749 2026/2856/1954
f 1882/2882/1812 2059/2905/1984 1986/2792/1915
f 2057/2906/1982 1907/2692/1837 1999/2817/1927
f 2057/2907/1982 1919/2708/1849 1907/2733/1837
f 1752/2458/1684 1745/2449/1677 2060/2908/1985
f 1806/2541/1738 2061/2909/1986 1939/2734/1868
f 1849/2609/1781 1630/2281/1567 2062/2910/1987
f 2022/2849/1950 1883/2656/1813 1980/2785/1909
f 1977/2781/1906 2045/2879/1973 2004/2824/1932
f 2025/2855/1953 1776/2489/1708 1978/2875/1907
f 1831/2582/1763 2063/2911/1988 1797/2674/1729
f 1911/2696/1841 2064/2912/1989 1862/2624/1794
f 2038/2913/1966 1989/2797/1918 1923/2798/1853
f 1926/2715/1856 2065/2914/1990 1985/2791/1914
f 2043/2877/1971 1908/2693/1838 2066/2915/1991
f 1908/2693/1838 2028/2861/1956 2066/2915/1991
f 2067/2916/1992 2033/2866/1961 2007/2830/1935
f 1999/2817/1927 2000/2825/1928 2057/2906/1982
f 2034/2867/1962 1858/2620/1790 2031/2885/1959
f 1854/2615/1786 2068/2917/1993 1927/2717/1857
f 1902/2682/1832 2036/2869/1964 2069/2918/1994
f 1630/2281/1567 1975/2779/1904 2062/2910/1987
f 2027/2858/1955 1987/2919/1916 1949/2859/1878
f 2001/2819/1929 2063/2911/1988 1831/2582/1763
f 1900/2680/1830 2008/2831/1936 1980/2920/1909
f 1911/2696/1841 2045/2879/1973 2064/2912/1989
f 1909/2694/1839 2020/2847/1948 2001/2819/1929
f 1913/2748/1843 1950/2749/1879 2070/2921/1995
f 1904/2687/1834 1862/2624/1794 2064/2912/1989
f 1860/2622/1792 1969/2771/1898 2071/2922/1996
f 1977/2781/1906 1902/2682/1832 2069/2918/1994
f 1899/2679/1829 1780/2495/1712 2072/2923/1997
f 1770/2483/1702 1903/2686/1833 2073/2924/1998
f 1944/2742/1873 2074/2925/1999 1823/2566/1755
f 1879/2650/1809 1976/2780/1905 2046/2880/1974
f 2053/2897/1978 2075/2926/2000 1972/2898/1901
f 2076/2927/2001 2006/2828/1934 1998/2816/1926
f 2059/2905/1984 2007/2830/1935 1986/2792/1915
f 1926/2715/1856 1752/2458/1684 2077/2928/2002
f 1981/2786/1910 1871/2639/1801 2043/2877/1971
f 1844/2601/1776 1849/2609/1781 1843/2600/1775
f 1974/2778/1903 1966/2766/1895 2035/2868/1963
f 1929/2719/1859 1797/2674/1729 2063/2911/1988
f 1992/2802/1921 2068/2917/1993 1854/2615/1786
f 1992/2802/1921 1939/2734/1868 2061/2909/1986
f 1895/2804/1825 1993/2803/1922 2027/2858/1955
f 1822/2565/1754 2019/2846/1947 2078/2929/2003
f 2078/2929/2003 1942/2738/1871 1822/2565/1754
f 1963/2763/1892 2079/2930/2004 1947/2745/1876
f 1930/2722/1860 1899/2721/1829 2080/2931/2005
f 1917/2704/1847 1789/2511/1721 2081/2932/2006
f 1893/2728/1823 1935/2729/1864 2032/2933/1960
f 2060/2908/1985 2077/2928/2002 1752/2458/1684
f 2059/2905/1984 1882/2882/1812 2022/2934/1950
f 1745/2449/1677 1843/2600/1775 2060/2908/1985
f 2082/2935/2007 2034/2867/1962 2031/2885/1959
f 1948/2746/1877 1947/2745/1876 2083/2936/2008
f 2036/2869/1964 1967/2886/1896 2047/2888/1975
f 1919/2822/1849 2057/2903/1982 2084/2937/2009
f 2085/2938/2010 1969/2771/1898 1847/2604/1779
f 2064/2912/1989 1993/2807/1922 1904/2687/1834
f 1821/2564/1753 1898/2678/1828 2030/2939/1958
f 1863/2626/1795 1869/2637/1799 2086/2940/2011
f 1997/2813/1925 1896/2676/1826 2042/2876/1970
f 2023/2852/1951 1823/2851/1755 2074/2941/1999
f 1991/2801/1920 1906/2691/1836 2087/2942/2012
f 2047/2888/1975 1974/2887/1903 2035/2943/1963
f 1906/2691/1836 1816/2555/1748 2087/2942/2012
f 1876/2647/1806 1958/2758/1887 2053/2897/1978
f 2033/2866/1961 2076/2927/2001 1998/2816/1926
f 1937/2829/1866 2006/2828/1934 2055/2944/1980
f 2028/2861/1956 1973/2777/1902 2010/2945/1938
f 2031/2864/1959 1981/2786/1910 2043/2877/1971
f 2088/2946/2013 1943/2740/1872 1859/2857/1791
f 1993/2803/1922 2064/2947/1989 2027/2858/1955
f 1829/2579/1761 1828/2577/1760 1962/2762/1891
f 2089/2948/2014 2011/2835/1939 2090/2949/2015
f 2008/2844/1936 1948/2746/1877 2091/2950/2016
f 1880/2653/1810 2030/2884/1958 1950/2749/1879
f 1982/2788/1911 2009/2833/1937 2092/2951/2017
f 1940/2735/1869 2054/2899/1979 2014/2839/1942
f 2037/2870/1965 1787/2507/1719 2015/2841/1943
f 1886/2659/1816 1870/2638/1800 1959/2759/1888
f 1968/2770/1897 2093/2952/2018 1780/2495/1712
f 2016/2860/1944 1954/2754/1883 2094/2953/2019
f 2035/2868/1963 2034/2867/1962 2095/2954/2020
f 2096/2955/2021 2076/2927/2001 2033/2866/1961
f 2097/2956/2022 1979/2783/1908 2041/2874/1969
f 2029/2900/1957 1971/2773/1900 2098/2957/2023
f 2099/2958/2024 2034/2867/1962 2082/2935/2007
f 2020/2847/1948 2002/2820/1930 2100/2959/2025
f 2101/2960/2026 2102/2961/2027 1941/2736/1870
f 2079/2930/2004 2083/2936/2008 1947/2745/1876
f 2027/2858/1955 2045/2962/1973 2103/2963/2028
f 1875/2645/1805 2085/2964/2010 1847/2644/1779
f 2064/2947/1989 2045/2962/1973 2027/2858/1955
f 2069/2918/1994 2045/2879/1973 1977/2781/1906
f 1913/2748/1843 2070/2921/1995 2104/2965/2029
f 1983/2789/1912 1834/2587/1766 1863/2626/1795
f 1809/2612/1741 2013/2966/1941 2030/2863/1958
f 2076/2927/2001 2105/2967/2030 2106/2968/2031
f 2097/2956/2022 2041/2874/1969 2026/2856/1954
f 2106/2968/2031 2006/2828/1934 2076/2927/2001
f 2003/2823/1931 2107/2969/2032 1845/2821/1777
f 1956/2970/1885 1987/2919/1916 2108/2971/2033
f 2012/2837/1940 1770/2483/1702 2073/2924/1998
f 1924/2713/1854 1917/2704/1847 2109/2972/2034
f 2110/2973/2035 1987/2919/1916 2027/2858/1955
f 2086/2940/2011 1869/2637/1799 1943/2740/1872
f 2090/2949/2015 2011/2835/1939 1989/2797/1918
f 2111/2974/2036 2039/2872/1967 1953/2753/1882
f 2023/2852/1951 2087/2942/2012 1816/2555/1748
f 1867/2634/1798 2112/2975/22 2052/2896/22
f 2003/2823/1931 1919/2822/1849 2084/2937/2009
f 2010/2945/1938 2108/2971/2033 2028/2861/1956
f 1956/2756/1885 2010/2834/1938 1945/2743/1874
f 2010/2945/1938 1956/2970/1885 2108/2971/2033
f 1987/2919/1916 2110/2973/2035 2108/2971/2033
f 1806/2541/1738 2018/2845/1946 2061/2909/1986
f 2079/2930/2004 1963/2763/1892 2113/2976/2037
f 2095/2977/2020 2047/2888/1975 2035/2943/1963
f 1963/2763/1892 1946/2744/1875 2113/2976/2037
f 2059/2905/1984 2022/2934/1950 2114/2978/2038
f 2042/2876/1970 1889/2664/1819 1983/2789/1912
f 1941/2736/1870 2046/2880/1974 2115/2979/2039
f 2116/2980/2040 1932/2784/1862 1888/2662/1818
f 2046/2880/1974 1976/2780/1905 2117/2981/2041
f 1801/2533/1733 1729/2425/1665 2118/2982/2042
f 1961/2761/1890 2054/2899/1979 1925/2714/1855
f 2074/2925/1999 1944/2742/1873 2058/2904/1983
f 2026/2856/1954 1991/2801/1920 2097/2956/2022
f 2106/2968/2031 2105/2967/2030 2119/2983/2043
f 2120/2984/2044 1988/2796/1917 1927/2717/1857
f 1984/2790/1913 2055/2901/1980 2121/2985/2045
f 2018/2845/1946 1941/2736/1870 2102/2961/2027
f 2067/2916/1992 2007/2830/1935 2059/2905/1984
f 1863/2626/1795 2086/2940/2011 2122/2986/2046
f 1960/2760/1889 1924/2713/1854 2109/2972/2034
f 2056/2902/1981 1959/2759/1888 2123/2987/2047
f 2040/2873/1968 2025/2855/1953 2124/2988/2048
f 2090/2949/2015 1989/2797/1918 2038/2913/1966
f 1954/2754/1883 1951/2750/1880 2125/2989/2049
f 2094/2953/2019 1954/2754/1883 2125/2989/2049
f 2034/2867/1962 2099/2958/2024 2126/2990/2050
f 2048/2889/1976 1913/2698/1843 2104/2991/2029
f 1991/2801/1920 2127/2992/2051 2097/2956/2022
f 1984/2790/1913 2121/2985/2045 1903/2686/1833
f 2028/2861/1956 2108/2971/2033 2128/2993/2052
f 2031/2864/1959 2129/2994/2053 2082/2995/2007
f 2031/2864/1959 2043/2877/1971 2129/2994/2053
f 1796/2523/1728 2044/2878/1972 2130/2996/2054
f 2114/2978/2038 2022/2934/1950 1980/2997/1909
f 2131/2998/2055 2008/2844/1936 2091/2950/2016
f 2071/2922/1996 1969/2771/1898 2132/2999/2056
f 2088/3000/2013 1859/2621/1791 1860/2622/1792
f 1968/2770/1897 2039/2872/1967 2133/3001/2057
f 2090/2949/2015 2134/3002/2058 2089/2948/2014
f 2076/2927/2001 2096/2955/2021 2105/2967/2030
f 2060/2908/1985 1843/2600/1775 2135/3003/2059
f 1843/2600/1775 1849/2609/1781 2135/3003/2059
f 2006/2828/1934 2136/3004/2060 2055/2944/1980
f 2005/2827/1933 2100/2959/2025 2002/2820/1930
f 1875/2645/1805 1979/2783/1908 2137/3005/2061
f 2085/2938/2010 2132/2999/2056 1969/2771/1898
f 1962/2762/1891 1946/2744/1875 1829/2579/1761
f 2038/2871/1966 1942/2738/1871 2138/3006/2062
f 1917/2704/1847 2081/2932/2006 2109/2972/2034
f 2103/2963/2028 2110/2973/2035 2027/2858/1955
f 2103/2963/2028 2045/2962/1973 2139/3007/2063
f 1888/2662/1818 1801/2533/1733 2118/2982/2042
f 2089/2948/2014 2096/2955/2021 2140/3008/2064
f 2141/3009/2065 1951/2750/1880 2021/2848/1949
f 2023/2852/1951 2074/2941/1999 2142/3010/2066
f 1991/2801/1920 2087/2942/2012 2127/2992/2051
f 2098/2957/2023 1971/2773/1900 2024/2854/1952
f 2068/2917/1993 2120/2984/2044 1927/2717/1857
f 2057/2903/1982 1988/2796/1917 2143/3011/2067
f 2128/2993/2052 2066/2915/1991 2028/2861/1956
f 2139/3012/2063 2045/2879/1973 2069/2918/1994
f 2115/2979/2039 2101/2960/2026 1941/2736/1870
f 2118/2982/2042 1729/2425/1665 1990/2799/1919
f 2144/3013/2068 2145/3014/2069 2089/2948/2014
f 2006/2828/1934 2106/2968/2031 2146/3015/2070
f 2096/2955/2021 2089/2948/2014 2134/3002/2058
f 2053/2897/1978 1958/2758/1887 2032/2865/1960
f 2082/2935/2007 2147/3016/2071 2099/2958/2024
f 2025/2855/1953 1978/2875/1907 2148/3017/2072
f 1965/2881/1894 2149/3018/2073 1765/2478/1697
f 2088/3000/2013 1860/2622/1792 2071/2922/1996
f 1980/2997/1909 2008/2844/1936 2131/2998/2055
f 1959/2759/1888 1870/2638/1800 1985/2791/1914
f 1953/2753/1882 1897/2677/1827 2111/2974/2036
f 2111/2974/2036 1897/2677/1827 2150/3019/2074
f 2038/2913/1966 2151/3020/2075 2090/2949/2015
f 2119/2983/2043 2146/3015/2070 2106/2968/2031
f 2125/2989/2049 1951/2750/1880 2141/3009/2065
f 1926/2715/1856 2077/2928/2002 2152/3021/2076
f 2134/3002/2058 2105/2967/2030 2096/2955/2021
f 2099/2958/2024 2153/3022/2077 2126/2990/2050
f 2005/2827/1933 1845/2821/1777 2107/2969/2032
f 1964/2764/1893 1929/2719/1859 2154/3023/2078
f 2146/3015/2070 2136/3004/2060 2006/2828/1934
f 2128/2993/2052 2108/2971/2033 2110/2973/2035
f 2102/2961/2027 2101/2960/2026 2155/3024/2079
f 2139/3012/2063 2069/2918/1994 2156/3025/2080
f 1983/2789/1912 1863/2626/1795 2157/3026/2081
f 1983/2789/1912 2158/3027/2082 2042/2876/1970
f 2159/3028/2083 2114/2978/2038 1980/2997/1909
f 2091/2950/2016 1948/2746/1877 2083/2936/2008
f 2030/2884/1958 2160/3029/2084 1950/2749/1879
f 1930/2722/1860 2080/2931/2005 2161/3030/2085
f 1961/2761/1890 2162/3031/2086 2054/2899/1979
f 2096/2955/2021 2033/2866/1961 2140/3008/2064
f 2136/3004/2060 2121/3032/2045 2055/2944/1980
f 2057/2903/1982 2143/3011/2067 2084/2937/2009
f 2043/2877/1971 2066/2915/1991 2163/3033/2087
f 2043/2877/1971 2163/3033/2087 2129/2994/2053
f 2083/2936/2008 2079/2930/2004 2164/3034/2088
f 2085/2964/2010 1875/2645/1805 2165/3035/2089
f 2157/3026/2081 1863/2626/1795 2122/2986/2046
f 2156/3025/2080 2036/2869/1964 2047/2888/1975
f 2011/2835/1939 2089/2948/2014 2145/3014/2069
f 2013/2838/1941 1930/2722/1860 2166/3036/2090
f 2014/2839/1942 2054/2899/1979 2167/3037/2091
f 2150/3019/2074 1897/2677/1827 1982/2788/1911
f 1972/2898/1901 2075/2926/2000 2021/3038/1949
f 2168/3039/2092 2169/3040/2093 2023/2852/1951
f 2087/2942/2012 2023/2852/1951 2169/3040/2093
f 2170/3041/2094 2171/3042/22 2051/2895/22
f 2172/3043/22 2112/2975/22 1867/2634/1798
f 2173/3044/22 2112/2975/22 2172/3043/22
f 2144/3013/2068 2089/2948/2014 2140/3008/2064
f 1935/2729/1864 2016/2842/1944 2174/3045/2095
f 2136/3004/2060 2151/3020/2075 2121/3032/2045
f 2130/2996/2054 1975/2779/1904 1796/2523/1728
f 2099/2958/2024 2147/3016/2071 2175/3046/2096
f 2128/2993/2052 2110/2973/2035 2139/3007/2063
f 2110/2973/2035 2103/2963/2028 2139/3007/2063
f 2011/2835/1939 2117/2981/2041 1976/2780/1905
f 2069/2918/1994 2036/2869/1964 2156/3025/2080
f 2151/3020/2075 2119/2983/2043 2090/2949/2015
f 2152/3021/2076 2065/2914/1990 1926/2715/1856
f 1979/2783/1908 2097/2956/2022 2137/3005/2061
f 2176/3047/2097 2077/2928/2002 2060/2908/1985
f 2175/3046/2096 2177/3048/2098 2099/2958/2024
f 2153/3022/2077 2099/2958/2024 2177/3048/2098
f 1988/2796/1917 2120/2984/2044 2143/3011/2067
f 2178/3049/2099 1946/2744/1875 1962/2762/1891
f 2104/2965/2029 2070/2921/1995 2179/3050/2100
f 1903/2686/1833 2121/2985/2045 2180/3051/2101
f 2181/3052/2102 2182/3053/2103 2183/3054/2104
f 2058/2904/1983 2040/2873/1968 2184/3055/2105
f 2119/2983/2043 2134/3002/2058 2090/2949/2015
f 2152/3021/2076 2077/2928/2002 2176/3047/2097
f 2126/2990/2050 2095/2954/2020 2034/2867/1962
f 2142/3056/2066 2074/2925/1999 2058/2904/1983
f 1978/2782/1907 1964/2764/1893 2154/3023/2078
f 1992/2802/1921 2061/2909/1986 2068/2917/1993
f 2147/3057/2071 2185/3058/2106 2175/3059/2096
f 2186/3060/2107 2082/2995/2007 2129/2994/2053
f 2038/3061/1966 2138/3062/2062 2187/3063/2108
f 2163/3033/2087 2066/2915/1991 2128/2993/2052
f 2188/3064/2109 2124/2988/2048 2025/2855/1953
f 2162/3031/2086 1961/2761/1890 2189/3065/2110
f 2190/3066/2111 2191/3067/2112 2181/3052/2102
f 2181/3052/2102 2183/3054/2104 2190/3066/2111
f 2151/3020/2075 2136/3004/2060 2146/3015/2070
f 2191/3067/2112 2190/3066/2111 2079/2930/2004
f 2019/2846/1947 1765/2478/1697 2149/3018/2073
f 2163/3033/2087 2128/2993/2052 2192/3068/2113
f 2037/2883/1965 2193/3069/2114 1962/2762/1891
f 2005/2827/1933 2194/3070/2115 2100/2959/2025
f 2131/2998/2055 2091/2950/2016 2083/2936/2008
f 1950/2749/1879 2160/3029/2084 2195/3071/2116
f 1961/2761/1890 2017/2843/1945 2189/3065/2110
f 2196/3072/2117 2133/3001/2057 2039/2872/1967
f 1899/2721/1829 2072/3073/1997 2197/3074/2118
f 2144/3013/2068 2140/3008/2064 2198/3075/2119
f 2127/2992/2051 2199/3076/2120 2097/2956/2022
f 2032/2933/1960 1935/2729/1864 2174/3045/2095
f 2018/2845/1946 2102/2961/2027 2061/2909/1986
f 2174/3077/2095 2016/2860/1944 2094/2953/2019
f 2086/2940/2011 1943/2740/1872 2088/2946/2013
f 2190/3066/2111 2164/3034/2088 2079/2930/2004
f 2158/3027/2082 1983/2789/1912 2157/3026/2081
f 2128/2993/2052 2139/3007/2063 2192/3068/2113
f 1962/2762/1891 2193/3069/2114 2178/3049/2099
f 1888/2662/1818 2118/2982/2042 2200/3078/2121
f 2179/3050/2100 2070/2921/1995 2201/3079/2122
f 2054/2899/1979 2162/3031/2086 2202/3080/2123
f 2070/2921/1995 1950/2749/1879 2195/3071/2116
f 1982/2788/1911 2092/2951/2017 2203/3081/2124
f 2093/2952/2018 2072/2923/1997 1780/2495/1712
f 2133/3001/2057 2093/2952/2018 1968/2770/1897
f 2184/3055/2105 2040/2873/1968 2124/2988/2048
f 2204/3082/2125 2058/2904/1983 2184/3055/2105
f 2205/3083/2126 2020/2847/1948 2100/2959/2025
f 2033/2866/1961 2067/2916/1992 2206/3084/2127
f 2207/3085/2128 2067/2916/1992 2059/2905/1984
f 2088/3000/2013 2071/2922/1996 2208/3086/2129
f 2191/3067/2112 2079/2930/2004 2113/2976/2037
f 2061/2909/1986 2209/3087/2130 2068/2917/1993
f 2059/2905/1984 2114/2978/2038 2207/3085/2128
f 2115/2979/2039 2046/2880/1974 2117/2981/2041
f 2117/2981/2041 2011/2835/1939 2145/3014/2069
f 1930/2722/1860 2161/3030/2085 2166/3036/2090
f 2204/3082/2125 2210/3088/2131 2058/2904/1983
f 2098/2957/2023 2024/2854/1952 2211/3089/2132
f 2137/3005/2061 2097/2956/2022 2199/3076/2120
f 2130/2996/2054 2044/2878/1972 2212/3090/2133
f 2141/3009/2065 2021/2848/1949 2213/3091/2134
f 2141/3009/2065 2213/3091/2134 2125/2989/2049
f 2126/2990/2050 2214/3092/2135 2095/2954/2020
f 2017/2843/1945 2029/2862/1957 2189/3065/2110
f 2215/3093/2136 2137/3005/2061 2199/3076/2120
f 1875/2645/1805 2137/3005/2061 2165/3035/2089
f 2216/3094/2137 2191/3067/2112 2217/3095/2138
f 2175/3059/2096 2185/3058/2106 2218/3096/2139
f 2151/3097/2075 2038/3061/1966 2187/3063/2108
f 2192/3068/2113 2139/3007/2063 2219/3098/2140
f 1789/2511/1721 2220/3099/2141 2081/2932/2006
f 2221/3100/2142 1888/2662/1818 2200/3078/2121
f 1946/2744/1875 2178/3049/2099 2113/2976/2037
f 2207/3085/2128 2114/2978/2038 2222/3101/2143
f 2083/2936/2008 2222/3101/2143 2114/2978/2038
f 2083/2936/2008 2114/2978/2038 2131/2998/2055
f 2183/3054/2104 2182/3053/2103 2198/3075/2119
f 2131/2998/2055 2114/2978/2038 2159/3028/2083
f 2014/2840/1942 2167/3102/2091 2211/3089/2132
f 2024/2854/1952 2014/2840/1942 2211/3089/2132
f 2107/2969/2032 2223/3103/2144 2005/2827/1933
f 2070/2921/1995 2195/3071/2116 2201/3079/2122
f 2206/3084/2127 2140/3008/2064 2033/2866/1961
f 2207/3085/2128 2206/3084/2127 2067/2916/1992
f 2224/3104/2145 2053/2897/1978 2032/2865/1960
f 1942/2738/1871 2078/2929/2003 2138/3006/2062
f 2122/2986/2046 2086/2940/2011 2225/3105/2146
f 2015/2841/1943 1997/2813/1925 2226/3106/2147
f 1789/2511/1721 2056/2902/1981 2220/3099/2141
f 2219/3098/2140 2139/3007/2063 2156/3107/2080
f 1960/2760/1889 2227/3108/2148 1990/2799/1919
f 2203/3081/2124 2150/3019/2074 1982/2788/1911
f 2098/2957/2023 2211/3089/2132 2029/2900/1957
f 2206/3084/2127 2183/3054/2104 2198/3075/2119
f 2207/3085/2128 2190/3066/2111 2183/3054/2104
f 2126/2990/2050 2153/3022/2077 2228/3109/2149
f 2210/3088/2131 2142/3056/2066 2058/2904/1983
f 1867/3110/1798 1932/2784/1862 2116/2980/2040
f 2051/2895/22 2171/3042/22 2049/2892/1977
f 2125/2989/2049 2213/3091/2134 2094/2953/2019
f 2217/3095/2138 2191/3067/2112 2113/2976/2037
f 2229/3111/2150 2185/3058/2106 2147/3057/2071
f 2001/2819/1929 2020/2847/1948 2230/3112/2151
f 2194/3070/2115 2005/2827/1933 2231/3113/2152
f 2159/3028/2083 1980/2997/1909 2131/2998/2055
f 2054/2899/1979 2202/3080/2123 2167/3037/2091
f 2204/3082/2125 2184/3055/2105 2232/3114/2153
f 2154/3023/2078 1929/2719/1859 2063/2911/1988
f 2119/2983/2043 2105/2967/2030 2134/3002/2058
f 2121/3115/2045 2151/3097/2075 2180/3116/2101
f 2082/3117/2007 2186/3118/2107 2147/3057/2071
f 2163/3033/2087 2186/3060/2107 2129/2994/2053
f 2201/3119/2122 2092/3120/2017 2009/3121/1937
f 1978/2782/1907 2154/3023/2078 2233/3122/2154
f 2194/3070/2115 2205/3083/2126 2100/2959/2025
f 2160/3029/2084 2030/2884/1958 2234/3123/2155
f 2210/3088/2131 2204/3082/2125 2235/3124/2156
f 2215/3093/2136 2165/3035/2089 2137/3005/2061
f 2196/3072/2117 2039/2872/1967 2111/2974/2036
f 2085/2938/2010 2165/3125/2089 2132/2999/2056
f 2061/2909/1986 2102/2961/2027 2209/3087/2130
f 2188/3064/2109 2025/2855/1953 2148/3017/2072
f 2198/3075/2119 2145/3014/2069 2144/3013/2068
f 2181/3052/2102 2236/3126/2157 2182/3053/2103
f 2206/3084/2127 2207/3085/2128 2183/3054/2104
f 2146/3015/2070 2119/2983/2043 2151/3020/2075
f 2021/3038/1949 2075/2926/2000 2237/3127/2158
f 2238/3128/2159 2127/2992/2051 2087/2942/2012
f 2078/2929/2003 2019/2846/1947 2239/3129/2160
f 2213/3091/2134 2174/3077/2095 2094/2953/2019
f 2231/3113/2152 2005/2827/1933 2223/3103/2144
f 2140/3008/2064 2206/3084/2127 2198/3075/2119
f 2071/2922/1996 2132/2999/2056 2240/3130/2161
f 2122/2986/2046 2241/3131/2162 2157/3026/2081
f 1997/2813/1925 2042/2876/1970 2226/3106/2147
f 2220/3099/2141 2056/2902/1981 2123/2987/2047
f 2116/2980/2040 2242/3132/2163 2243/3133/2164
f 1985/2791/1914 2244/3134/2165 1959/2759/1888
f 2164/3034/2088 2222/3101/2143 2083/2936/2008
f 2015/2841/1943 2245/3135/2166 2037/2870/1965
f 2015/2841/1943 2226/3106/2147 2245/3135/2166
f 2084/2937/2009 2143/3011/2067 2246/3136/2167
f 2247/3137/2168 1975/2779/1904 2130/2996/2054
f 2203/3138/2124 2092/3139/2017 2248/3140/2169
f 2197/3074/2118 2080/2931/2005 1899/2721/1829
f 2148/3017/2072 1978/2875/1907 2233/3141/2154
f 1965/2765/1894 2012/2837/1940 2249/3142/2170
f 2218/3096/2139 2185/3058/2106 2250/3143/2171
f 2086/2940/2011 2088/2946/2013 2251/3144/2172
f 1959/2759/1888 2252/3145/2173 2123/2987/2047
f 2042/2876/1970 2158/3027/2082 2253/3146/2174
f 2184/3055/2105 2124/2988/2048 2254/3147/2175
f 2236/3126/2157 2181/3052/2102 2255/3148/2176
f 2255/3148/2176 2181/3052/2102 2191/3067/2112
f 2120/2984/2044 2068/2917/1993 2209/3087/2130
f 2093/2952/2018 2133/3001/2057 2256/3149/2177
f 2049/2892/1977 2212/3150/2133 2044/2890/1972
f 2199/3076/2120 2127/2992/2051 2238/3128/2159
f 2190/3066/2111 2222/3101/2143 2164/3034/2088
f 2009/2836/1937 2048/2889/1976 2257/3151/2178
f 2117/2981/2041 2145/3014/2069 2115/2979/2039
f 2111/2974/2036 2150/3019/2074 2258/3152/2179
f 2207/3085/2128 2222/3101/2143 2190/3066/2111
f 2259/3153/2180 2075/2926/2000 2053/2897/1978
f 1849/2609/1781 2062/2910/1987 2260/3154/2181
f 1965/2881/1894 2249/3155/2170 2149/3018/2073
f 2063/2911/1988 2001/2819/1929 2261/3156/2182
f 2214/3092/2135 2126/2990/2050 2228/3109/2149
f 2178/3049/2099 2217/3095/2138 2113/2976/2037
f 2208/3086/2129 2071/2922/1996 2240/3130/2161
f 2220/3099/2141 2262/3157/2183 2081/2932/2006
f 2092/3139/2017 2195/3158/2116 2248/3140/2169
f 1990/2799/1919 2227/3108/2148 2118/2982/2042
f 2030/2884/1958 2013/3159/1941 2234/3123/2155
f 2133/3001/2057 2196/3072/2117 2263/3160/2184
f 2060/2908/1985 2135/3003/2059 2264/3161/2185
f 2224/3162/2145 2032/2933/1960 2174/3045/2095
f 2138/3006/2062 2078/2929/2003 2265/3163/2186
f 2156/3164/2080 2047/3165/1975 2266/3166/2187
f 2230/3112/2151 2261/3156/2182 2001/2819/1929
f 2195/3167/2116 2092/3120/2017 2201/3119/2122
f 1960/2760/1889 2109/2972/2034 2267/3168/2188
f 2195/3158/2116 2160/3169/2084 2248/3140/2169
f 2003/2823/1931 2084/2937/2009 2268/3170/2189
f 2256/3149/2177 2133/3001/2057 2263/3160/2184
f 2115/2979/2039 2269/3171/2190 2101/2960/2026
f 2147/3057/2071 2186/3118/2107 2229/3111/2150
f 2178/3049/2099 2270/3172/2191 2216/3094/2137
f 2217/3095/2138 2178/3049/2099 2216/3094/2137
f 2047/3165/1975 2095/2954/2020 2266/3166/2187
f 2201/3119/2122 2009/3121/1937 2257/3173/2178
f 2244/3134/2165 2252/3145/2173 1959/2759/1888
f 2116/2980/2040 1888/2662/1818 2242/3132/2163
f 2205/3083/2126 2230/3112/2151 2020/2847/1948
f 2184/3055/2105 2254/3147/2175 2232/3114/2153
f 2225/3105/2146 2086/2940/2011 2271/3174/2192
f 2182/3053/2103 2272/3175/2193 2198/3075/2119
f 2153/3176/2077 2177/3177/2098 2273/3178/2194
f 2048/2889/1976 2104/2991/2029 2257/3151/2178
f 1867/3179/1798 2116/3180/2040 2243/3181/2164
f 2274/3182/2195 2023/2852/1951 2142/3010/2066
f 2274/3182/2195 2168/3039/2092 2023/2852/1951
f 2275/3183/22 2276/3184/22 2171/3042/22
f 2049/2892/1977 2171/3042/22 2276/3184/22
f 2277/3185/2196 1867/3186/1798 2278/3187/2197
f 2172/3043/22 1867/2634/1798 2277/3188/2196
f 2279/3189/22 2172/3043/22 2277/3188/2196
f 2182/3053/2103 2236/3126/2157 2272/3175/2193
f 2193/3069/2114 2037/2883/1965 2280/3190/2198
f 2193/3069/2114 2270/3172/2191 2178/3049/2099
f 2242/3132/2163 1888/2662/1818 2221/3100/2142
f 2281/3191/2199 2245/3135/2166 2226/3106/2147
f 2202/3080/2123 2162/3031/2086 2282/3192/2200
f 2189/3065/2110 2282/3192/2200 2162/3031/2086
f 2165/3125/2089 2283/3193/2201 2132/2999/2056
f 2003/2823/1931 2268/3170/2189 2107/2969/2032
f 2145/3014/2069 2198/3075/2119 2272/3175/2193
f 2284/3194/2202 2175/3059/2096 2218/3096/2139
f 2239/3129/2160 2019/2846/1947 2149/3018/2073
f 2285/3195/2203 2163/3033/2087 2192/3068/2113
f 2266/3166/2187 2095/2954/2020 2214/3092/2135
f 2109/2972/2034 2081/2932/2006 2286/3196/2204
f 2086/2940/2011 2251/3144/2172 2287/3197/2205
f 2143/3011/2067 2120/2984/2044 2209/3087/2130
f 2072/3073/1997 2093/3198/2018 2288/3199/2206
f 2269/3171/2190 2115/2979/2039 2145/3014/2069
f 2075/2926/2000 2259/3153/2180 2237/3127/2158
f 2228/3200/2149 2153/3176/2077 2273/3178/2194
f 1867/3201/1798 2243/3202/2164 2278/3203/2197
f 2142/3010/2066 2210/3204/2131 2274/3182/2195
f 2143/3011/2067 2289/3205/2207 2246/3136/2167
f 2259/3153/2180 2053/2897/1978 2224/3104/2145
f 2238/3128/2159 2087/2942/2012 2290/3206/2208
f 2218/3096/2139 2250/3143/2171 2291/3207/2209
f 2186/3060/2107 2163/3033/2087 2285/3195/2203
f 2151/3097/2075 2187/3063/2108 2292/3208/2210
f 2192/3209/2113 2219/3210/2140 2293/3211/2211
f 1903/2686/1833 2294/3212/2212 2073/2924/1998
f 2063/2911/1988 2261/3156/2182 2154/3023/2078
f 2088/3000/2013 2208/3086/2129 2251/3213/2172
f 2295/3214/2213 2029/2900/1957 2211/3089/2132
f 2270/3172/2191 2193/3069/2114 2280/3190/2198
f 2232/3114/2153 2296/3215/2214 2204/3082/2125
f 2084/2937/2009 2246/3136/2167 2297/3216/2215
f 2042/2876/1970 2253/3146/2174 2226/3106/2147
f 2234/3123/2155 2013/3159/1941 2166/3217/2090
f 2298/3218/2216 2196/3072/2117 2111/2974/2036
f 2288/3199/2206 2093/3198/2018 2256/3219/2177
f 2101/2960/2026 2269/3171/2190 2155/3024/2079
f 2152/3021/2076 2176/3047/2097 2299/3220/2217
f 2214/3221/2135 2228/3200/2149 2300/3222/2218
f 2037/2883/1965 2301/3223/2219 2280/3190/2198
f 2216/3094/2137 2302/3224/2220 2191/3067/2112
f 2303/3225/2221 2191/3067/2112 2302/3224/2220
f 2286/3196/2204 2081/2932/2006 2262/3157/2183
f 2084/2937/2009 2297/3216/2215 2268/3170/2189
f 2304/3226/2222 2263/3160/2184 2196/3072/2117
f 2211/3089/2132 2167/3102/2091 2305/3227/2223
f 2225/3105/2146 2241/3131/2162 2122/2986/2046
f 2189/3065/2110 2029/2862/1957 2306/3228/2224
f 2296/3215/2214 2232/3114/2153 2254/3147/2175
f 2177/3229/2098 2175/3059/2096 2284/3194/2202
f 2212/3150/2133 2049/2892/1977 2307/3230/2225
f 2308/3231/2226 2177/3229/2098 2284/3194/2202
f 2250/3143/2171 2185/3058/2106 2229/3111/2150
f 2264/3161/2185 2176/3047/2097 2060/2908/1985
f 2247/3137/2168 2062/2910/1987 1975/2779/1904
f 2192/3209/2113 2309/3232/2227 2285/3233/2203
f 2223/3103/2144 2107/2969/2032 2310/3234/2228
f 2227/3108/2148 1960/2760/1889 2267/3168/2188
f 2258/3152/2179 2150/3019/2074 2203/3081/2124
f 2152/3021/2076 2311/3235/2229 2065/2914/1990
f 2306/3236/2224 2029/2900/1957 2295/3214/2213
f 2111/2974/2036 2258/3152/2179 2312/3237/2230
f 2313/3238/2231 2204/3082/2125 2296/3215/2214
f 2174/3045/2095 2314/3239/2232 2224/3162/2145
f 2203/3138/2124 2248/3140/2169 2315/3240/2233
f 2248/3140/2169 2160/3169/2084 2234/3241/2155
f 2124/2988/2048 2188/3064/2109 2316/3242/2234
f 2143/3011/2067 2209/3087/2130 2289/3205/2207
f 2158/3027/2082 2157/3026/2081 2253/3146/2174
f 2213/3091/2134 2021/2848/1949 2317/3243/2235
f 2236/3126/2157 2255/3148/2176 2303/3225/2221
f 2191/3067/2112 2303/3225/2221 2255/3148/2176
f 2109/2972/2034 2286/3196/2204 2267/3168/2188
f 1985/2791/1914 2065/2914/1990 2318/3244/2236
f 2086/2940/2011 2287/3197/2205 2271/3174/2192
f 2300/3245/2218 2186/3246/2107 2214/3247/2135
f 2285/3248/2203 2214/3247/2135 2186/3246/2107
f 2313/3238/2231 2235/3124/2156 2204/3082/2125
f 2155/3024/2079 2319/3249/2237 2102/2961/2027
f 2167/3037/2091 2202/3080/2123 2305/3250/2223
f 2305/3227/2223 2320/3251/2238 2211/3089/2132
f 2319/3249/2237 2155/3024/2079 2321/3252/2239
f 2259/3153/2180 2224/3104/2145 2322/3253/2240
f 2269/3171/2190 2145/3014/2069 2272/3175/2193
f 2260/3154/2181 2135/3003/2059 1849/2609/1781
f 2302/3224/2220 2216/3094/2137 2270/3172/2191
f 2323/3254/2241 2104/2965/2029 2179/3050/2100
f 2248/3140/2169 2234/3241/2155 2315/3240/2233
f 2196/3255/2117 2298/3256/2216 2324/3257/2242
f 2304/3258/2222 2196/3255/2117 2324/3257/2242
f 2304/3226/2222 2325/3259/2243 2263/3160/2184
f 2325/3259/2243 2256/3149/2177 2263/3160/2184
f 2215/3093/2136 2199/3076/2120 2238/3128/2159
f 2165/3035/2089 2215/3093/2136 2283/3260/2201
f 2253/3146/2174 2157/3026/2081 2326/3261/2244
f 2218/3096/2139 2291/3207/2209 2284/3194/2202
f 2308/3262/2226 2273/3178/2194 2177/3177/2098
f 2327/3263/2245 2274/3182/2195 2210/3204/2131
f 2327/3263/2245 2168/3039/2092 2274/3182/2195
f 2314/3264/2232 2174/3077/2095 2213/3091/2134
f 2250/3143/2171 2229/3111/2150 2300/3265/2218
f 2292/3208/2210 2187/3063/2108 2138/3062/2062
f 2318/3244/2236 2244/3134/2165 1985/2791/1914
f 2318/3244/2236 2065/2914/1990 2311/3235/2229
f 2124/2988/2048 2316/3242/2234 2254/3147/2175
f 2282/3192/2200 2189/3065/2110 2328/3266/2246
f 2306/3228/2224 2328/3266/2246 2189/3065/2110
f 2296/3215/2214 2329/3267/2247 2313/3238/2231
f 2301/3223/2219 2037/2883/1965 2245/3268/2166
f 2320/3251/2238 2295/3214/2213 2211/3089/2132
f 2210/3088/2131 2235/3124/2156 2330/3269/2248
f 2111/2974/2036 2312/3237/2230 2298/3218/2216
f 2224/3162/2145 2314/3239/2232 2322/3270/2240
f 2176/3047/2097 2264/3161/2185 2299/3220/2217
f 2186/3118/2107 2300/3265/2218 2229/3111/2150
f 2156/3164/2080 2266/3166/2187 2331/3271/2249
f 2316/3242/2234 2188/3064/2109 2148/3017/2072
f 2237/3272/2158 2317/3243/2235 2021/2848/1949
f 2327/3263/2245 2210/3204/2131 2330/3273/2248
f 2087/2942/2012 2169/3040/2093 2332/3274/2250
f 2237/3127/2158 2259/3153/2180 2333/3275/2251
f 2334/3276/2252 2250/3143/2171 2335/3277/2253
f 2273/3178/2194 2300/3222/2218 2228/3200/2149
f 2336/3278/2254 2245/3135/2166 2281/3191/2199
f 2219/3210/2140 2156/3279/2080 2337/3280/2255
f 2282/3192/2200 2338/3281/2256 2202/3080/2123
f 2166/3036/2090 2161/3030/2085 2339/3282/2257
f 2253/3146/2174 2281/3191/2199 2226/3106/2147
f 2311/3235/2229 2152/3021/2076 2299/3220/2217
f 2209/3087/2130 2102/2961/2027 2340/3283/2258
f 2197/3074/2118 2072/3073/1997 2341/3284/2259
f 2161/3030/2085 2080/2931/2005 2342/3285/2260
f 2334/3276/2252 2291/3207/2209 2250/3143/2171
f 2250/3143/2171 2300/3265/2218 2335/3277/2253
f 2283/3260/2201 2215/3093/2136 2343/3286/2261
f 2132/2999/2056 2283/3193/2201 2240/3130/2161
f 2331/3271/2249 2266/3166/2187 2344/3287/2262
f 2293/3211/2211 2219/3210/2140 2345/3288/2263
f 2319/3249/2237 2340/3283/2258 2102/2961/2027
f 2346/3289/2264 2324/3257/2242 2298/3256/2216
f 2269/3171/2190 2321/3252/2239 2155/3024/2079
f 2072/3073/1997 2288/3199/2206 2341/3284/2259
f 2323/3290/2241 2347/3291/2265 2104/3292/2029
f 2348/3293/2266 2300/3222/2218 2273/3178/2194
f 2208/3086/2129 2240/3130/2161 2349/3294/2267
f 2157/3026/2081 2241/3131/2162 2326/3261/2244
f 2227/3108/2148 2267/3168/2188 2350/3295/2268
f 2296/3215/2214 2254/3147/2175 2351/3296/2269
f 2352/3297/2270 2238/3128/2159 2290/3206/2208
f 2130/2996/2054 2212/3090/2133 2353/3298/2271
f 2180/3116/2101 2151/3097/2075 2292/3208/2210
f 2107/2969/2032 2268/3170/2189 2310/3234/2228
f 2315/3240/2233 2354/3299/2272 2203/3138/2124
f 2343/3286/2261 2215/3093/2136 2352/3297/2270
f 2355/3300/2273 2166/3036/2090 2339/3282/2257
f 2240/3130/2161 2283/3193/2201 2356/3301/2274
f 2349/3294/2267 2251/3213/2172 2208/3086/2129
f 2357/3302/2275 2304/3226/2222 2324/3303/2242
f 2148/3017/2072 2358/3304/2276 2316/3242/2234
f 2332/3274/2250 2169/3040/2093 2359/3305/2277
f 2087/2942/2012 2332/3274/2250 2290/3206/2208
f 2154/3023/2078 2261/3156/2182 2360/3306/2278
f 2154/3023/2078 2361/3307/2279 2233/3122/2154
f 2301/3223/2219 2245/3268/2166 2362/3308/2280
f 2194/3070/2115 2231/3113/2152 2363/3309/2281
f 2156/3310/2080 2331/3311/2249 2337/3312/2255
f 2209/3087/2130 2340/3283/2258 2289/3205/2207
f 2352/3297/2270 2215/3093/2136 2238/3128/2159
f 2265/3163/2186 2078/2929/2003 2239/3129/2160
f 2080/2931/2005 2197/3074/2118 2342/3285/2260
f 2280/3190/2198 2364/3313/2282 2270/3172/2191
f 2285/3248/2203 2365/3314/2283 2214/3247/2135
f 2337/3280/2255 2345/3288/2263 2219/3210/2140
f 2118/2982/2042 2366/3315/2284 2200/3078/2121
f 2367/3316/2285 2297/3216/2215 2246/3136/2167
f 2234/3123/2155 2166/3217/2090 2368/3317/2286
f 2166/3217/2090 2355/3318/2273 2368/3317/2286
f 2349/3294/2267 2240/3130/2161 2369/3319/2287
f 2135/3003/2059 2260/3154/2181 2264/3161/2185
f 2370/3320/2288 2235/3124/2156 2313/3238/2231
f 2330/3269/2248 2235/3124/2156 2370/3320/2288
f 2168/3039/2092 2359/3305/2277 2169/3040/2093
f 2276/3184/22 2307/3230/2225 2049/2892/1977
f 2314/3264/2232 2213/3091/2134 2371/3321/2289
f 2364/3313/2282 2302/3224/2220 2270/3172/2191
f 2293/3211/2211 2309/3232/2227 2192/3209/2113
f 2286/3196/2204 2262/3157/2183 2372/3322/2290
f 2205/3083/2126 2194/3070/2115 2363/3309/2281
f 2366/3315/2284 2118/2982/2042 2373/3323/2291
f 2231/3113/2152 2223/3103/2144 2310/3234/2228
f 2329/3267/2247 2296/3215/2214 2374/3324/2292
f 2351/3296/2269 2254/3147/2175 2316/3242/2234
f 2246/3136/2167 2289/3205/2207 2375/3325/2293
f 2376/3326/2294 2253/3146/2174 2326/3261/2244
f 2245/3268/2166 2336/3327/2254 2362/3308/2280
f 2265/3163/2186 2377/3328/2295 2138/3006/2062
f 1903/2686/1833 2180/3051/2101 2294/3212/2212
f 2373/3323/2291 2118/2982/2042 2227/3108/2148
f 2282/3192/2200 2328/3266/2246 2378/3329/2296
f 2253/3146/2174 2336/3278/2254 2281/3191/2199
f 2213/3091/2134 2317/3243/2235 2371/3321/2289
f 2266/3330/2187 2214/3247/2135 2365/3314/2283
f 2292/3208/2210 2379/3331/2297 2180/3116/2101
f 2258/3332/2179 2203/3138/2124 2354/3299/2272
f 2380/3333/2298 2381/3334/2299 2382/3335/2300
f 2338/3281/2256 2282/3192/2200 2378/3329/2296
f 2233/3141/2154 2361/3336/2279 2148/3017/2072
f 2360/3306/2278 2261/3156/2182 2230/3112/2151
f 2289/3205/2207 2383/3337/2301 2375/3325/2293
f 2268/3170/2189 2384/3338/2302 2310/3234/2228
f 2367/3316/2285 2246/3136/2167 2375/3325/2293
f 2369/3319/2287 2240/3130/2161 2356/3301/2274
f 2361/3307/2279 2154/3023/2078 2385/3339/2303
f 2220/3099/2141 2123/2987/2047 2386/3340/2304
f 2123/2987/2047 2252/3145/2173 2387/3341/2305
f 2380/3342/2298 2388/3343/2306 2381/3344/2299
f 2304/3226/2222 2357/3302/2275 2389/3345/2307
f 2383/3337/2301 2340/3283/2258 2319/3249/2237
f 2201/3119/2122 2257/3173/2178 2390/3346/2308
f 2357/3347/2275 2324/3257/2242 2391/3348/2309
f 2327/3263/2245 2392/3349/2310 2168/3039/2092
f 2359/3305/2277 2168/3039/2092 2392/3349/2310
f 2291/3207/2209 2308/3231/2226 2284/3194/2202
f 2393/3350/2311 2236/3126/2157 2303/3225/2221
f 2394/3351/2312 2303/3225/2221 2302/3224/2220
f 2268/3170/2189 2297/3216/2215 2367/3316/2285
f 2221/3100/2142 2243/3133/2164 2242/3132/2163
f 2383/3337/2301 2289/3205/2207 2340/3283/2258
f 2298/3352/2216 2288/3353/2206 2256/3354/2177
f 2319/3249/2237 2395/3355/2313 2383/3337/2301
f 2256/3149/2177 2325/3259/2243 2396/3356/2314
f 2269/3171/2190 2272/3175/2193 2236/3126/2157
f 2280/3190/2198 2301/3223/2219 2362/3308/2280
f 2344/3357/2262 2266/3330/2187 2365/3314/2283
f 2318/3244/2236 2252/3145/2173 2244/3134/2165
f 2231/3113/2152 2310/3234/2228 2397/3358/2315
f 2391/3348/2309 2324/3257/2242 2346/3289/2264
f 2299/3220/2217 2264/3161/2185 2398/3359/2316
f 2383/3337/2301 2395/3355/2313 2375/3325/2293
f 2312/3360/2230 2399/3361/2317 2298/3352/2216
f 2353/3298/2271 2212/3090/2133 2307/3362/2225
f 2321/3252/2239 2395/3355/2313 2319/3249/2237
f 2390/3346/2308 2257/3173/2178 2400/3363/2318
f 2330/3273/2248 2370/3364/2288 2401/3365/2319
f 2333/3275/2251 2259/3153/2180 2322/3253/2240
f 2154/3023/2078 2360/3306/2278 2385/3339/2303
f 2267/3168/2188 2286/3196/2204 2402/3366/2320
f 2230/3112/2151 2205/3083/2126 2363/3309/2281
f 2308/3262/2226 2403/3367/2321 2273/3178/2194
f 2404/3368/2322 2286/3196/2204 2372/3322/2290
f 2309/3369/2227 2365/3314/2283 2285/3248/2203
f 2312/3360/2230 2258/3332/2179 2354/3299/2272
f 2305/3250/2223 2202/3080/2123 2405/3370/2323
f 2406/3371/2324 2326/3261/2244 2241/3131/2162
f 2262/3157/2183 2220/3099/2141 2386/3340/2304
f 2374/3324/2292 2296/3215/2214 2351/3296/2269
f 2407/3372/2325 2197/3074/2118 2341/3284/2259
f 2364/3313/2282 2280/3190/2198 2362/3308/2280
f 2268/3170/2189 2367/3316/2285 2408/3373/2326
f 2331/3311/2249 2344/3357/2262 2337/3312/2255
f 2316/3242/2234 2358/3304/2276 2409/3374/2327
f 2410/3375/2328 2380/3333/2298 2382/3335/2300
f 2306/3236/2224 2295/3214/2213 2411/3376/2329
f 2406/3371/2324 2241/3131/2162 2225/3105/2146
f 2304/3226/2222 2389/3345/2307 2325/3259/2243
f 2253/3146/2174 2376/3326/2294 2336/3278/2254
f 2292/3208/2210 2138/3062/2062 2412/3377/2330
f 2260/3154/2181 2062/2910/1987 2247/3137/2168
f 2342/3285/2260 2339/3282/2257 2161/3030/2085
f 2317/3243/2235 2237/3272/2158 2371/3321/2289
f 2392/3349/2310 2327/3263/2245 2330/3273/2248
f 2413/3378/2331 2290/3206/2208 2332/3274/2250
f 2257/3173/2178 2104/3379/2029 2347/3380/2265
f 2414/3381/2332 2277/3185/2196 2278/3187/2197
f 2236/3126/2157 2393/3350/2311 2269/3171/2190
f 2393/3350/2311 2303/3225/2221 2394/3351/2312
f 2348/3293/2266 2273/3178/2194 2403/3367/2321
f 2335/3277/2253 2300/3265/2218 2348/3382/2266
f 2415/3383/2333 2365/3314/2283 2309/3369/2227
f 2309/3232/2227 2293/3211/2211 2415/3384/2333
f 2416/3385/2334 2373/3323/2291 2227/3108/2148
f 2316/3242/2234 2409/3374/2327 2351/3296/2269
f 2405/3386/2323 2320/3251/2238 2305/3227/2223
f 2352/3297/2270 2290/3206/2208 2413/3378/2331
f 2389/3387/2307 2357/3347/2275 2417/3388/2335
f 2180/3116/2101 2379/3331/2297 2294/3389/2212
f 2396/3390/2314 2298/3256/2216 2256/3391/2177
f 2288/3353/2206 2298/3352/2216 2399/3361/2317
f 2407/3372/2325 2342/3285/2260 2197/3074/2118
f 2384/3338/2302 2268/3170/2189 2408/3373/2326
f 2343/3286/2261 2352/3297/2270 2418/3392/2336
f 2393/3350/2311 2394/3351/2312 2419/3393/2337
f 2361/3336/2279 2420/3394/2338 2148/3017/2072
f 2360/3306/2278 2230/3112/2151 2363/3309/2281
f 2323/3254/2241 2179/3050/2100 2421/3395/2339
f 2418/3392/2336 2283/3260/2201 2343/3286/2261
f 2328/3396/2246 2306/3236/2224 2411/3376/2329
f 2271/3174/2192 2287/3197/2205 2422/3397/2340
f 2380/3342/2298 2423/3398/2341 2388/3343/2306
f 2073/2924/1998 2294/3212/2212 2424/3399/2342
f 2376/3326/2294 2326/3261/2244 2425/3400/2343
f 2386/3340/2304 2123/2987/2047 2387/3341/2305
f 2381/3344/2299 2388/3343/2306 2382/3401/2300
f 2391/3348/2309 2417/3388/2335 2357/3347/2275
f 2426/3402/2344 2325/3259/2243 2389/3345/2307
f 2427/3403/2345 2428/3404/2346 2429/3405/2347
f 2179/3050/2100 2201/3079/2122 2430/3406/2348
f 2234/3241/2155 2368/3407/2286 2315/3240/2233
f 2338/3281/2256 2378/3329/2296 2431/3408/2349
f 2409/3374/2327 2358/3304/2276 2432/3409/2350
f 2231/3113/2152 2397/3358/2315 2363/3309/2281
f 2295/3214/2213 2320/3251/2238 2411/3376/2329
f 2260/3154/2181 2433/3410/2351 2264/3161/2185
f 2434/3411/2352 2341/3284/2259 2288/3199/2206
f 2339/3282/2257 2342/3285/2260 2435/3412/2353
f 2393/3350/2311 2321/3252/2239 2269/3171/2190
f 2314/3264/2232 2371/3321/2289 2436/3413/2354
f 2364/3313/2282 2394/3351/2312 2302/3224/2220
f 2390/3346/2308 2430/3414/2348 2201/3119/2122
f 2420/3415/2338 2361/3307/2279 2437/3416/2355
f 2397/3358/2315 2310/3234/2228 2384/3338/2302
f 2395/3355/2313 2367/3316/2285 2375/3325/2293
f 2251/3144/2172 2422/3397/2340 2287/3197/2205
f 2418/3417/2336 2356/3301/2274 2283/3193/2201
f 2402/3366/2320 2438/3418/2356 2267/3168/2188
f 2415/3384/2333 2293/3211/2211 2439/3419/2357
f 2429/3405/2347 2428/3404/2346 2440/3420/2358
f 2221/3100/2142 2200/3078/2121 2441/3421/2359
f 2396/3390/2314 2325/3422/2243 2426/3423/2344
f 2407/3372/2325 2341/3284/2259 2442/3424/2360
f 2443/3425/2361 2361/3307/2279 2385/3339/2303
f 2416/3385/2334 2227/3108/2148 2350/3295/2268
f 2444/3426/2362 2423/3398/2341 2380/3342/2298
f 2444/3427/2362 2380/3333/2298 2410/3375/2328
f 2405/3386/2323 2445/3428/2363 2320/3251/2238
f 2265/3163/2186 2239/3129/2160 2446/3429/2364
f 2391/3348/2309 2346/3289/2264 2298/3256/2216
f 2138/3062/2062 2377/3430/2295 2412/3377/2330
f 2286/3196/2204 2404/3368/2322 2402/3366/2320
f 2237/3272/2158 2447/3431/2365 2371/3321/2289
f 2318/3244/2236 2311/3235/2229 2299/3220/2217
f 2448/3432/2366 2440/3420/2358 2428/3404/2346
f 2378/3329/2296 2328/3266/2246 2449/3433/2367
f 2271/3174/2192 2406/3371/2324 2225/3105/2146
f 2336/3278/2254 2376/3326/2294 2450/3434/2368
f 2429/3405/2347 2451/3435/2369 2427/3403/2345
f 2347/3291/2265 2323/3290/2241 2421/3436/2339
f 2428/3404/2346 2427/3403/2345 2452/3437/2370
f 2405/3370/2323 2202/3080/2123 2338/3281/2256
f 2411/3376/2329 2320/3251/2238 2445/3428/2363
f 2406/3371/2324 2271/3174/2192 2453/3438/2371
f 2332/3274/2250 2454/3439/2372 2413/3378/2331
f 2434/3411/2352 2288/3199/2206 2455/3440/2373
f 2322/3253/2240 2456/3441/2374 2333/3275/2251
f 2392/3349/2310 2457/3442/2375 2359/3305/2277
f 2333/3275/2251 2458/3443/2376 2237/3127/2158
f 2237/3127/2158 2458/3443/2376 2447/3444/2365
f 2347/3380/2265 2400/3363/2318 2257/3173/2178
f 2370/3320/2288 2313/3238/2231 2459/3445/2377
f 2307/3230/2225 2460/3446/22 2461/3447/22
f 2276/3184/22 2460/3446/22 2307/3230/2225
f 2414/3381/2332 2278/3187/2197 2462/3448/2332
f 2463/3449/22 2414/3381/2332 2462/3448/2332
f 2322/3270/2240 2314/3239/2232 2436/3450/2354
f 2419/3393/2337 2464/3451/2378 2321/3252/2239
f 2345/3288/2263 2465/3452/2379 2293/3211/2211
f 2345/3288/2263 2337/3280/2255 2466/3453/2380
f 2364/3313/2282 2467/3454/2381 2394/3351/2312
f 2366/3315/2284 2373/3323/2291 2468/3455/2382
f 2438/3418/2356 2350/3295/2268 2267/3168/2188
f 2330/3273/2248 2401/3365/2319 2469/3456/2383
f 2391/3348/2309 2298/3256/2216 2396/3390/2314
f 2312/3360/2230 2354/3299/2272 2470/3457/2384
f 2341/3284/2259 2434/3411/2352 2471/3458/2385
f 2333/3275/2251 2456/3441/2374 2458/3443/2376
f 2395/3355/2313 2321/3252/2239 2464/3451/2378
f 2393/3350/2311 2419/3393/2337 2321/3252/2239
f 2439/3419/2357 2293/3211/2211 2465/3452/2379
f 2360/3306/2278 2363/3309/2281 2472/3459/2386
f 2473/3460/2387 2397/3358/2315 2384/3338/2302
f 2366/3315/2284 2441/3421/2359 2200/3078/2121
f 2363/3309/2281 2397/3358/2315 2474/3461/2388
f 2332/3274/2250 2359/3305/2277 2454/3439/2372
f 2422/3397/2340 2453/3438/2371 2271/3174/2192
f 2406/3371/2324 2475/3462/2389 2326/3261/2244
f 2425/3400/2343 2326/3261/2244 2475/3462/2389
f 2442/3424/2360 2341/3284/2259 2471/3458/2385
f 2450/3434/2368 2376/3326/2294 2425/3400/2343
f 2455/3463/2373 2288/3353/2206 2399/3361/2317
f 2476/3464/2390 2291/3207/2209 2334/3276/2252
f 2451/3435/2369 2429/3405/2347 2477/3465/2391
f 2239/3129/2160 2149/3018/2073 2478/3466/2392
f 2479/3467/2393 2454/3439/2372 2359/3305/2277
f 2421/3436/2339 2480/3468/2394 2347/3291/2265
f 2148/3017/2072 2420/3394/2338 2358/3304/2276
f 2355/3300/2273 2339/3282/2257 2435/3412/2353
f 2313/3238/2231 2329/3267/2247 2481/3469/2395
f 2482/3470/2396 2251/3471/2172 2349/3472/2267
f 2328/3396/2246 2411/3376/2329 2449/3473/2367
f 2395/3355/2313 2464/3451/2378 2483/3474/2397
f 2484/3475/2398 2444/3427/2362 2410/3375/2328
f 2426/3423/2344 2389/3387/2307 2417/3388/2335
f 2401/3365/2319 2370/3364/2288 2485/3476/2399
f 2486/3477/2400 2012/2837/1940 2073/2924/1998
f 2476/3464/2390 2308/3231/2226 2291/3207/2209
f 2361/3307/2279 2443/3425/2361 2437/3416/2355
f 2221/3100/2142 2441/3421/2359 2243/3133/2164
f 2419/3393/2337 2394/3351/2312 2467/3454/2381
f 2487/3478/2401 2482/3470/2396 2349/3472/2267
f 2459/3445/2377 2313/3238/2231 2481/3469/2395
f 2149/3018/2073 2249/3155/2170 2478/3466/2392
f 2342/3285/2260 2407/3372/2325 2488/3479/2402
f 2247/3137/2168 2130/2996/2054 2489/3480/2403
f 2334/3276/2252 2335/3277/2253 2490/3481/2404
f 2415/3383/2333 2344/3357/2262 2365/3314/2283
f 2384/3338/2302 2408/3373/2326 2491/3482/2405
f 2492/3483/2406 2278/3203/2197 2243/3202/2164
f 2367/3316/2285 2395/3355/2313 2493/3484/2407
f 2494/3485/2408 2251/3471/2172 2482/3470/2396
f 2429/3405/2347 2440/3420/2358 2495/3486/2409
f 2251/3471/2172 2494/3485/2408 2422/3487/2340
f 2262/3157/2183 2386/3340/2304 2372/3322/2290
f 2487/3478/2401 2349/3472/2267 2369/3488/2287
f 2399/3361/2317 2312/3360/2230 2496/3489/2410
f 2392/3349/2310 2330/3273/2248 2469/3456/2383
f 2424/3399/2342 2486/3477/2400 2073/2924/1998
f 2355/3300/2273 2435/3412/2353 2497/3490/2411
f 2498/3491/2412 2484/3475/2398 2410/3375/2328
f 2499/3492/2413 2359/3305/2277 2457/3442/2375
f 2499/3492/2413 2479/3467/2393 2359/3305/2277
f 2356/3493/2274 2418/3494/2336 2500/3495/2414
f 2413/3378/2331 2454/3439/2372 2501/3496/2415
f 2396/3390/2314 2417/3388/2335 2391/3348/2309
f 2396/3390/2314 2426/3423/2344 2417/3388/2335
f 2249/3142/2170 2012/2837/1940 2502/3497/2416
f 2385/3339/2303 2360/3306/2278 2503/3498/2417
f 2415/3383/2333 2439/3499/2357 2344/3357/2262
f 2451/3435/2369 2504/3500/2418 2427/3403/2345
f 2441/3421/2359 2492/3501/2406 2243/3133/2164
f 2452/3437/2370 2427/3403/2345 2505/3502/2419
f 2506/3503/2420 2363/3309/2281 2474/3461/2388
f 2474/3461/2388 2397/3358/2315 2473/3460/2387
f 2507/3504/2421 2495/3486/2409 2440/3420/2358
f 2422/3487/2340 2494/3485/2408 2453/3505/2371
f 2434/3411/2352 2455/3440/2373 2508/3506/2422
f 2342/3285/2260 2509/3507/2423 2435/3412/2353
f 2510/3508/2424 2406/3371/2324 2453/3438/2371
f 2400/3509/2318 2347/3510/2265 2480/3511/2394
f 2511/3512/22 2307/3230/2225 2461/3447/22
f 2512/3513/2425 2462/3448/2332 2278/3187/2197
f 2386/3340/2304 2387/3341/2305 2513/3514/2426
f 2472/3459/2386 2503/3498/2417 2360/3306/2278
f 2514/3515/2427 2467/3454/2381 2364/3313/2282
f 2374/3324/2292 2515/3516/2428 2329/3267/2247
f 2510/3517/2424 2453/3505/2371 2516/3518/2429
f 2413/3378/2331 2501/3496/2415 2352/3297/2270
f 2496/3489/2410 2455/3463/2373 2399/3361/2317
f 2442/3424/2360 2517/3519/2430 2407/3372/2325
f 2342/3285/2260 2488/3479/2402 2518/3520/2431
f 2475/3462/2389 2406/3371/2324 2510/3508/2424
f 2475/3521/2389 2519/3522/2432 2425/3523/2343
f 2402/3366/2320 2404/3368/2322 2520/3524/2433
f 2252/3145/2173 2318/3244/2236 2521/3525/2434
f 2364/3313/2282 2362/3308/2280 2514/3515/2427
f 2421/3395/2339 2179/3050/2100 2430/3406/2348
f 2429/3526/2347 2495/3527/2409 2522/3528/2435
f 2312/3360/2230 2470/3457/2384 2523/3529/2436
f 2504/3500/2418 2505/3502/2419 2427/3403/2345
f 2524/3530/2437 2423/3398/2341 2444/3426/2362
f 2485/3531/2399 2370/3320/2288 2459/3445/2377
f 2418/3392/2336 2352/3297/2270 2501/3496/2415
f 2264/3161/2185 2433/3410/2351 2398/3359/2316
f 2130/2996/2054 2353/3298/2271 2489/3480/2403
f 2525/3532/2438 2353/3298/2271 2307/3362/2225
f 2372/3322/2290 2386/3340/2304 2526/3533/2439
f 2527/3534/2440 2443/3425/2361 2385/3339/2303
f 2527/3534/2440 2385/3339/2303 2503/3498/2417
f 2472/3459/2386 2363/3309/2281 2506/3503/2420
f 2428/3404/2346 2528/3535/2441 2448/3432/2366
f 2358/3304/2276 2529/3536/2442 2432/3409/2350
f 2410/3375/2328 2382/3335/2300 2498/3491/2412
f 2445/3428/2363 2405/3386/2323 2530/3537/2443
f 2407/3372/2325 2517/3519/2430 2488/3479/2402
f 2356/3493/2274 2487/3478/2401 2369/3488/2287
f 2456/3441/2374 2322/3253/2240 2531/3538/2444
f 2436/3413/2354 2371/3321/2289 2532/3539/2445
f 2533/3540/2446 2475/3521/2389 2510/3517/2424
f 2489/3480/2403 2353/3298/2271 2525/3532/2438
f 2452/3437/2370 2528/3535/2441 2428/3404/2346
f 2440/3420/2358 2448/3432/2366 2507/3504/2421
f 2534/3541/2447 2367/3316/2285 2493/3484/2407
f 2354/3299/2272 2315/3240/2233 2470/3457/2384
f 2509/3507/2423 2342/3285/2260 2535/3542/2448
f 2447/3431/2365 2532/3539/2445 2371/3321/2289
f 2444/3427/2362 2484/3475/2398 2536/3543/2449
f 2500/3495/2414 2418/3494/2336 2501/3544/2415
f 2334/3276/2252 2537/3545/2450 2476/3464/2390
f 2334/3276/2252 2490/3481/2404 2537/3545/2450
f 2453/3505/2371 2538/3546/2451 2516/3518/2429
f 2247/3137/2168 2489/3480/2403 2539/3547/2452
f 2450/3548/2368 2425/3523/2343 2519/3522/2432
f 2362/3308/2280 2336/3327/2254 2450/3548/2368
f 2408/3373/2326 2367/3316/2285 2534/3541/2447
f 2431/3408/2349 2540/3549/2453 2338/3281/2256
f 2368/3317/2286 2355/3318/2273 2497/3550/2411
f 2541/3551/2454 2351/3296/2269 2409/3374/2327
f 2432/3409/2350 2541/3551/2454 2409/3374/2327
f 2542/3552/2455 2543/3553/2456 2474/3461/2388
f 2457/3442/2375 2392/3349/2310 2469/3456/2383
f 2453/3505/2371 2494/3485/2408 2538/3546/2451
f 2479/3467/2393 2544/3554/2457 2454/3439/2372
f 2509/3507/2423 2545/3555/2458 2435/3412/2353
f 2379/3331/2297 2292/3208/2210 2546/3556/2459
f 2546/3556/2459 2294/3389/2212 2379/3331/2297
f 2547/3557/2460 2294/3389/2212 2546/3556/2459
f 2012/2837/1940 2486/3477/2400 2502/3497/2416
f 2438/3418/2356 2402/3366/2320 2548/3558/2461
f 2519/3522/2432 2475/3521/2389 2533/3540/2446
f 2465/3452/2379 2345/3288/2263 2549/3559/2462
f 2404/3368/2322 2372/3322/2290 2520/3524/2433
f 2345/3288/2263 2466/3453/2380 2549/3559/2462
f 2318/3244/2236 2299/3220/2217 2550/3560/2463
f 2505/3502/2419 2504/3500/2418 2551/3561/2464
f 2452/3437/2370 2505/3502/2419 2552/3562/2465
f 2553/3563/2466 2554/3564/2467 2555/3565/2468
f 2556/3566/2469 2553/3563/2466 2557/3567/2470
f 2351/3296/2269 2541/3551/2454 2558/3568/2471
f 2497/3490/2411 2435/3412/2353 2545/3555/2458
f 2477/3465/2391 2559/3569/2472 2451/3435/2369
f 2560/3570/2473 2429/3526/2347 2522/3528/2435
f 2405/3370/2323 2338/3281/2256 2561/3571/2474
f 2562/3572/2475 2342/3285/2260 2518/3520/2431
f 2563/3573/2476 2308/3231/2226 2476/3464/2390
f 2456/3441/2374 2564/3574/2477 2458/3443/2376
f 2260/3154/2181 2247/3137/2168 2539/3547/2452
f 2337/3312/2255 2344/3357/2262 2439/3499/2357
f 2513/3514/2426 2387/3341/2305 2565/3575/2478
f 2542/3552/2455 2474/3461/2388 2473/3460/2387
f 2358/3304/2276 2420/3394/2338 2529/3536/2442
f 2543/3553/2456 2542/3552/2455 2566/3576/2479
f 2524/3530/2437 2444/3426/2362 2536/3577/2449
f 2567/3578/2480 2496/3489/2410 2312/3360/2230
f 2567/3578/2480 2312/3360/2230 2523/3529/2436
f 2335/3277/2253 2348/3382/2266 2568/3579/2481
f 2366/3315/2284 2468/3455/2382 2441/3421/2359
f 2416/3385/2334 2350/3295/2268 2569/3580/2482
f 2554/3564/2467 2553/3563/2466 2556/3566/2469
f 2252/3145/2173 2521/3525/2434 2387/3341/2305
f 2535/3542/2448 2342/3285/2260 2562/3572/2475
f 2530/3537/2443 2411/3376/2329 2445/3428/2363
f 2384/3338/2302 2570/3581/2483 2473/3460/2387
f 2506/3503/2420 2474/3461/2388 2571/3582/2484
f 2571/3582/2484 2474/3461/2388 2543/3553/2456
f 2544/3583/2457 2572/3584/2485 2573/3585/2486
f 2563/3586/2476 2574/3587/2487 2308/3262/2226
f 2403/3367/2321 2308/3262/2226 2574/3587/2487
f 2512/3513/2425 2278/3187/2197 2575/3588/2332
f 2531/3589/2444 2322/3270/2240 2436/3450/2354
f 2439/3499/2357 2576/3590/2488 2337/3312/2255
f 2516/3518/2429 2577/3591/2489 2510/3517/2424
f 2438/3418/2356 2569/3580/2482 2350/3295/2268
f 2450/3548/2368 2519/3522/2432 2578/3592/2490
f 2579/3593/2491 2557/3567/2470 2553/3563/2466
f 2580/3594/2492 2493/3484/2407 2395/3355/2313
f 2362/3308/2280 2450/3548/2368 2578/3592/2490
f 2419/3393/2337 2581/3595/2493 2464/3451/2378
f 2582/3596/2494 2419/3393/2337 2467/3454/2381
f 2558/3568/2471 2374/3324/2292 2351/3296/2269
f 2559/3569/2472 2556/3566/2469 2451/3435/2369
f 2395/3355/2313 2483/3474/2397 2580/3594/2492
f 2451/3435/2369 2556/3566/2469 2504/3500/2418
f 2477/3465/2391 2429/3405/2347 2560/3597/2473
f 2378/3329/2296 2449/3433/2367 2431/3408/2349
f 2561/3598/2474 2530/3537/2443 2405/3386/2323
f 2572/3584/2485 2583/3599/2495 2573/3585/2486
f 2449/3473/2367 2411/3376/2329 2584/3600/2496
f 2478/3466/2392 2446/3429/2364 2239/3129/2160
f 2585/3601/2497 2454/3602/2372 2544/3583/2457
f 2292/3208/2210 2412/3377/2330 2586/3603/2498
f 2508/3506/2422 2471/3458/2385 2434/3411/2352
f 2294/3212/2212 2547/3604/2460 2424/3399/2342
f 2491/3482/2405 2570/3581/2483 2384/3338/2302
f 2526/3533/2439 2386/3340/2304 2513/3514/2426
f 2559/3569/2472 2554/3564/2467 2556/3566/2469
f 2582/3596/2494 2581/3595/2493 2419/3393/2337
f 2566/3576/2479 2571/3582/2484 2543/3553/2456
f 2470/3457/2384 2315/3240/2233 2523/3529/2436
f 2583/3599/2495 2572/3584/2485 2587/3605/2499
f 2501/3544/2415 2454/3602/2372 2585/3601/2497
f 2458/3443/2376 2588/3606/2500 2447/3444/2365
f 2532/3539/2445 2447/3431/2365 2588/3607/2500
f 2403/3367/2321 2589/3608/2501 2348/3293/2266
f 2466/3609/2380 2337/3312/2255 2576/3590/2488
f 2373/3323/2291 2416/3385/2334 2468/3455/2382
f 2553/3563/2466 2555/3565/2468 2590/3610/2502
f 2566/3576/2479 2542/3552/2455 2591/3611/2503
f 2571/3582/2484 2566/3576/2479 2592/3612/2504
f 2449/3433/2367 2593/3613/2505 2431/3408/2349
f 2411/3376/2329 2530/3537/2443 2584/3600/2496
f 2533/3540/2446 2510/3517/2424 2577/3591/2489
f 2594/3614/2506 2448/3432/2366 2528/3535/2441
f 2400/3363/2318 2430/3414/2348 2390/3346/2308
f 2515/3516/2428 2374/3324/2292 2558/3568/2471
f 2523/3529/2436 2315/3240/2233 2595/3615/2507
f 2315/3240/2233 2368/3407/2286 2595/3615/2507
f 2329/3267/2247 2596/3616/2508 2481/3469/2395
f 2423/3398/2341 2524/3530/2437 2597/3617/2509
f 2544/3554/2457 2479/3467/2393 2499/3492/2413
f 2518/3618/2431 2598/3619/2510 2562/3620/2475
f 2577/3591/2489 2516/3518/2429 2592/3612/2504
f 2599/3621/2511 2403/3367/2321 2574/3587/2487
f 2491/3482/2405 2408/3373/2326 2534/3541/2447
f 2483/3474/2397 2464/3451/2378 2581/3595/2493
f 2600/3622/2512 2522/3528/2435 2495/3527/2409
f 2596/3616/2508 2329/3267/2247 2515/3516/2428
f 2368/3407/2286 2497/3623/2411 2601/3624/2513
f 2469/3456/2383 2401/3365/2319 2602/3625/2514
f 2524/3530/2437 2536/3577/2449 2603/3626/2515
f 2446/3429/2364 2604/3627/2516 2265/3163/2186
f 2498/3628/2412 2382/3401/2300 2597/3617/2509
f 2508/3506/2422 2605/3629/2517 2471/3458/2385
f 2501/3544/2415 2585/3601/2497 2500/3495/2414
f 2433/3410/2351 2260/3154/2181 2539/3547/2452
f 2476/3464/2390 2606/3630/2518 2563/3573/2476
f 2551/3631/2464 2504/3632/2418 2607/3633/2519
f 2571/3582/2484 2608/3634/2520 2506/3503/2420
f 2482/3470/2396 2609/3635/2521 2494/3485/2408
f 2568/3579/2481 2348/3382/2266 2589/3636/2501
f 2610/3637/2522 2356/3493/2274 2500/3495/2414
f 2507/3638/2421 2611/3639/2523 2495/3527/2409
f 2533/3540/2446 2566/3576/2479 2591/3611/2503
f 2578/3592/2490 2514/3515/2427 2362/3308/2280
f 2493/3484/2407 2580/3594/2492 2534/3541/2447
f 2612/3640/2524 2249/3142/2170 2502/3497/2416
f 2377/3328/2295 2265/3163/2186 2604/3627/2516
f 2546/3556/2459 2292/3208/2210 2586/3603/2498
f 2388/3343/2306 2423/3398/2341 2597/3617/2509
f 2382/3401/2300 2388/3343/2306 2597/3617/2509
f 2573/3585/2486 2585/3601/2497 2544/3583/2457
f 2557/3567/2470 2613/3641/2525 2556/3566/2469
f 2518/3642/2431 2595/3615/2507 2598/3643/2510
f 2472/3459/2386 2506/3503/2420 2608/3634/2520
f 2592/3612/2504 2516/3518/2429 2538/3546/2451
f 2589/3608/2501 2403/3367/2321 2599/3621/2511
f 2452/3437/2370 2552/3562/2465 2528/3535/2441
f 2614/3644/2526 2591/3611/2503 2542/3552/2455
f 2594/3614/2506 2615/3645/2527 2448/3432/2366
f 2553/3563/2466 2590/3610/2502 2579/3593/2491
f 2616/3646/2528 2541/3551/2454 2432/3409/2350
f 2595/3615/2507 2368/3407/2286 2601/3624/2513
f 2533/3540/2446 2577/3591/2489 2566/3576/2479
f 2580/3594/2492 2483/3474/2397 2581/3595/2493
f 2498/3628/2412 2597/3617/2509 2617/3647/2529
f 2533/3540/2446 2591/3611/2503 2618/3648/2530
f 2556/3566/2469 2613/3641/2525 2504/3500/2418
f 2458/3443/2376 2564/3574/2477 2588/3606/2500
f 2564/3574/2477 2456/3441/2374 2531/3538/2444
f 2372/3322/2290 2526/3533/2439 2619/3649/2531
f 2592/3612/2504 2608/3634/2520 2571/3582/2484
f 2570/3581/2483 2614/3644/2526 2542/3552/2455
f 2609/3635/2521 2538/3546/2451 2494/3485/2408
f 2615/3645/2527 2620/3650/2532 2448/3432/2366
f 2592/3612/2504 2566/3576/2479 2577/3591/2489
f 2600/3622/2512 2495/3527/2409 2611/3639/2523
f 2299/3220/2217 2398/3359/2316 2621/3651/2533
f 2478/3466/2392 2249/3155/2170 2612/3652/2524
f 2622/3653/2534 2587/3605/2499 2572/3584/2485
f 2623/3654/2535 2402/3655/2320 2520/3656/2433
f 2608/3634/2520 2592/3612/2504 2538/3546/2451
f 2490/3481/2404 2335/3277/2253 2568/3579/2481
f 2542/3552/2455 2473/3460/2387 2570/3581/2483
f 2491/3482/2405 2534/3541/2447 2614/3644/2526
f 2467/3454/2381 2514/3515/2427 2582/3596/2494
f 2524/3530/2437 2603/3626/2515 2624/3657/2536
f 2552/3562/2465 2505/3502/2419 2551/3561/2464
f 2625/3658/2537 2618/3648/2530 2591/3611/2503
f 2533/3540/2446 2618/3648/2530 2519/3522/2432
f 2626/3659/2538 2519/3522/2432 2618/3648/2530
f 2613/3641/2525 2557/3567/2470 2579/3593/2491
f 2529/3536/2442 2616/3646/2528 2432/3409/2350
f 2457/3442/2375 2469/3456/2383 2627/3660/2539
f 2398/3359/2316 2433/3410/2351 2628/3661/2540
f 2307/3362/2225 2629/3662/2541 2525/3532/2438
f 2629/3663/2541 2307/3230/2225 2630/3664/22
f 2307/3230/2225 2511/3512/22 2630/3664/22
f 2575/3588/2332 2278/3187/2197 2631/3665/2542
f 2575/3666/2332 2631/3667/2542 2632/3668/22
f 2632/3669/22 2631/3670/2542 2633/3671/22
f 2634/3672/22 2630/3664/22 2511/3512/22
f 2635/3673/22 2630/3674/22 2634/3675/22
f 2487/3478/2401 2356/3493/2274 2610/3637/2522
f 2400/3676/2318 2480/3677/2394 2430/3678/2348
f 2598/3643/2510 2595/3615/2507 2601/3624/2513
f 2555/3679/2468 2554/3680/2467 2636/3681/2543
f 2484/3475/2398 2498/3491/2412 2637/3682/2544
f 2627/3660/2539 2469/3456/2383 2602/3625/2514
f 2338/3281/2256 2540/3549/2453 2561/3571/2474
f 2593/3683/2505 2449/3684/2367 2638/3685/2545
f 2449/3473/2367 2584/3600/2496 2638/3686/2545
f 2377/3430/2295 2639/3687/2546 2412/3377/2330
f 2527/3534/2440 2640/3688/2547 2443/3425/2361
f 2439/3419/2357 2465/3452/2379 2641/3689/2548
f 2549/3690/2462 2466/3609/2380 2576/3590/2488
f 2554/3680/2467 2559/3691/2472 2642/3692/2549
f 2626/3659/2538 2578/3592/2490 2519/3522/2432
f 2614/3644/2526 2570/3581/2483 2491/3482/2405
f 2578/3592/2490 2626/3659/2538 2582/3596/2494
f 2520/3524/2433 2372/3322/2290 2619/3649/2531
f 2560/3570/2473 2522/3528/2435 2600/3622/2512
f 2559/3569/2472 2477/3465/2391 2560/3597/2473
f 2448/3432/2366 2620/3650/2532 2507/3504/2421
f 2572/3693/2485 2643/3694/2550 2622/3695/2534
f 2573/3585/2486 2644/3696/2551 2585/3601/2497
f 2607/3633/2519 2504/3632/2418 2613/3697/2525
f 2438/3418/2356 2548/3558/2461 2569/3580/2482
f 2590/3698/2502 2555/3679/2468 2645/3699/2552
f 2602/3625/2514 2401/3365/2319 2485/3476/2399
f 2472/3459/2386 2646/3700/2553 2503/3498/2417
f 2647/3701/2554 2646/3700/2553 2472/3459/2386
f 2608/3634/2520 2647/3701/2554 2472/3459/2386
f 2540/3549/2453 2431/3408/2349 2593/3613/2505
f 2648/3702/2555 2609/3635/2521 2482/3470/2396
f 2608/3634/2520 2609/3635/2521 2648/3702/2555
f 2538/3546/2451 2609/3635/2521 2608/3634/2520
f 2481/3703/2395 2596/3704/2508 2620/3650/2532
f 2544/3554/2457 2643/3694/2550 2572/3693/2485
f 2610/3637/2522 2500/3495/2414 2585/3601/2497
f 2436/3413/2354 2532/3539/2445 2649/3705/2556
f 2437/3416/2355 2443/3425/2361 2640/3688/2547
f 2514/3515/2427 2578/3592/2490 2582/3596/2494
f 2421/3395/2339 2430/3406/2348 2480/3706/2394
f 2611/3639/2523 2507/3638/2421 2650/3707/2557
f 2651/3708/2558 2496/3489/2410 2567/3578/2480
f 2591/3611/2503 2614/3644/2526 2625/3658/2537
f 2580/3594/2492 2625/3658/2537 2534/3541/2447
f 2626/3659/2538 2618/3648/2530 2652/3709/2559
f 2613/3641/2525 2579/3593/2491 2653/3710/2560
f 2318/3244/2236 2550/3560/2463 2521/3525/2434
f 2594/3614/2506 2528/3535/2441 2654/3711/2561
f 2615/3645/2527 2481/3703/2395 2620/3650/2532
f 2621/3651/2533 2550/3560/2463 2299/3220/2217
f 2536/3577/2449 2655/3712/2562 2603/3626/2515
f 2471/3458/2385 2605/3629/2517 2442/3424/2360
f 2641/3713/2548 2576/3590/2488 2439/3499/2357
f 2656/3714/2563 2420/3415/2338 2437/3416/2355
f 2387/3341/2305 2521/3525/2434 2565/3575/2478
f 2636/3681/2543 2554/3680/2467 2642/3692/2549
f 2645/3699/2552 2555/3679/2468 2636/3681/2543
f 2551/3631/2464 2607/3633/2519 2657/3715/2564
f 2552/3716/2465 2551/3631/2464 2657/3715/2564
f 2528/3535/2441 2552/3562/2465 2654/3711/2561
f 2583/3599/2495 2658/3717/2565 2573/3585/2486
f 2618/3648/2530 2625/3658/2537 2652/3709/2559
f 2601/3624/2513 2497/3623/2411 2598/3643/2510
f 2455/3440/2373 2659/3718/2566 2508/3506/2422
f 2496/3489/2410 2660/3719/2567 2455/3463/2373
f 2659/3718/2566 2661/3720/2568 2508/3506/2422
f 2508/3506/2422 2661/3720/2568 2662/3721/2569
f 2508/3506/2422 2662/3721/2569 2605/3629/2517
f 2442/3722/2360 2651/3708/2558 2567/3578/2480
f 2509/3507/2423 2663/3723/2570 2545/3555/2458
f 2564/3724/2477 2531/3589/2444 2436/3450/2354
f 2476/3464/2390 2537/3545/2450 2664/3725/2571
f 2476/3464/2390 2664/3725/2571 2606/3630/2518
f 2537/3545/2450 2490/3481/2404 2665/3726/2572
f 2598/3643/2510 2497/3623/2411 2666/3727/2573
f 2608/3634/2520 2648/3702/2555 2647/3701/2554
f 2637/3682/2544 2498/3491/2412 2617/3728/2529
f 2620/3650/2532 2596/3704/2508 2667/3729/2574
f 2614/3644/2526 2534/3541/2447 2625/3658/2537
f 2651/3730/2558 2442/3731/2360 2605/3732/2517
f 2616/3733/2528 2529/3734/2442 2668/3735/2575
f 2544/3554/2457 2499/3492/2413 2669/3736/2576
f 2649/3705/2556 2532/3539/2445 2588/3607/2500
f 2670/3737/2577 2579/3593/2491 2590/3610/2502
f 2278/3738/2197 2492/3501/2406 2671/3739/2578
f 2588/3606/2500 2564/3574/2477 2672/3740/2579
f 2583/3599/2495 2587/3605/2499 2673/3741/2580
f 2627/3660/2539 2499/3492/2413 2457/3442/2375
f 2674/3742/2581 2482/3470/2396 2487/3478/2401
f 2621/3651/2533 2398/3359/2316 2628/3661/2540
f 2520/3656/2433 2619/3743/2531 2675/3744/2582
f 2416/3385/2334 2569/3580/2482 2676/3745/2583
f 2489/3480/2403 2525/3532/2438 2677/3746/2584
f 2524/3530/2437 2624/3657/2536 2678/3747/2585
f 2679/3748/2586 2484/3475/2398 2637/3682/2544
f 2667/3729/2574 2507/3504/2421 2620/3650/2532
f 2660/3719/2567 2496/3489/2410 2651/3708/2558
f 2567/3578/2480 2523/3529/2436 2680/3749/2587
f 2680/3749/2587 2523/3529/2436 2595/3615/2507
f 2442/3424/2360 2681/3750/2588 2517/3519/2430
f 2581/3595/2493 2582/3596/2494 2580/3594/2492
f 2560/3751/2473 2682/3752/2589 2559/3691/2472
f 2573/3585/2486 2658/3717/2565 2644/3696/2551
f 2665/3726/2572 2664/3725/2571 2537/3545/2450
f 2683/3753/2590 2599/3621/2511 2574/3587/2487
f 2527/3534/2440 2503/3498/2417 2684/3754/2591
f 2536/3543/2449 2484/3475/2398 2679/3748/2586
f 2481/3703/2395 2615/3645/2527 2685/3755/2592
f 2659/3756/2566 2455/3463/2373 2660/3719/2567
f 2686/3757/2593 2596/3616/2508 2515/3516/2428
f 2663/3723/2570 2509/3507/2423 2535/3542/2448
f 2485/3531/2399 2459/3445/2377 2687/3758/2594
f 2626/3659/2538 2652/3709/2559 2582/3596/2494
f 2585/3601/2497 2644/3696/2551 2610/3637/2522
f 2616/3646/2528 2688/3759/2595 2541/3551/2454
f 2499/3492/2413 2627/3660/2539 2669/3736/2576
f 2497/3490/2411 2545/3555/2458 2689/3760/2596
f 2468/3455/2382 2416/3385/2334 2690/3761/2597
f 2597/3617/2509 2524/3530/2437 2678/3747/2585
f 2682/3752/2589 2642/3692/2549 2559/3691/2472
f 2598/3619/2510 2666/3762/2573 2562/3620/2475
f 2652/3709/2559 2625/3658/2537 2580/3594/2492
f 2652/3709/2559 2580/3594/2492 2582/3596/2494
f 2606/3630/2518 2664/3725/2571 2563/3573/2476
f 2691/3763/2598 2574/3587/2487 2563/3586/2476
f 2465/3452/2379 2549/3559/2462 2641/3689/2548
f 2492/3501/2406 2441/3421/2359 2671/3739/2578
f 2594/3614/2506 2692/3764/2599 2615/3645/2527
f 2647/3701/2554 2648/3702/2555 2693/3765/2600
f 2623/3654/2535 2520/3656/2433 2694/3766/2601
f 2442/3722/2360 2567/3578/2480 2695/3767/2602
f 2459/3445/2377 2481/3469/2395 2687/3758/2594
f 2558/3568/2471 2541/3551/2454 2688/3759/2595
f 2683/3753/2590 2574/3587/2487 2691/3763/2598
f 2486/3477/2400 2424/3399/2342 2547/3604/2460
f 2607/3633/2519 2613/3697/2525 2696/3768/2603
f 2640/3688/2547 2527/3534/2440 2697/3769/2604
f 2692/3764/2599 2685/3755/2592 2615/3645/2527
f 2583/3599/2495 2673/3741/2580 2658/3717/2565
f 2549/3690/2462 2576/3590/2488 2698/3770/2605
f 2674/3742/2581 2648/3702/2555 2482/3470/2396
f 2561/3571/2474 2540/3549/2453 2699/3771/2606
f 2540/3549/2453 2593/3613/2505 2699/3771/2606
f 2535/3772/2448 2562/3620/2475 2666/3762/2573
f 2436/3450/2354 2700/3773/2607 2564/3724/2477
f 2643/3694/2550 2544/3554/2457 2669/3736/2576
f 2673/3741/2580 2587/3605/2499 2701/3774/2608
f 2639/3687/2546 2377/3430/2295 2604/3775/2516
f 2646/3700/2553 2647/3701/2554 2693/3765/2600
f 2659/3756/2566 2660/3719/2567 2702/3776/2609
f 2686/3777/2593 2507/3504/2421 2667/3729/2574
f 2686/3777/2593 2667/3729/2574 2596/3704/2508
f 2517/3519/2430 2681/3750/2588 2703/3778/2610
f 2666/3762/2573 2704/3779/2611 2535/3772/2448
f 2645/3699/2552 2636/3681/2543 2705/3780/2612
f 2694/3766/2601 2402/3655/2320 2623/3654/2535
f 2590/3698/2502 2706/3781/2613 2670/3782/2577
f 2579/3593/2491 2670/3737/2577 2653/3710/2560
f 2602/3625/2514 2485/3476/2399 2687/3783/2594
f 2706/3781/2613 2590/3698/2502 2645/3699/2552
f 2588/3607/2500 2672/3784/2579 2649/3705/2556
f 2436/3413/2354 2649/3705/2556 2700/3785/2607
f 2654/3786/2561 2552/3716/2465 2707/3787/2614
f 2701/3774/2608 2587/3605/2499 2622/3653/2534
f 2646/3700/2553 2684/3754/2591 2503/3498/2417
f 2586/3603/2498 2412/3377/2330 2639/3687/2546
f 2552/3716/2465 2657/3715/2564 2708/3788/2615
f 2707/3787/2614 2552/3716/2465 2708/3788/2615
f 2665/3726/2572 2490/3481/2404 2709/3789/2616
f 2600/3622/2512 2611/3639/2523 2710/3790/2617
f 2699/3791/2606 2593/3683/2505 2638/3685/2545
f 2651/3730/2558 2605/3732/2517 2711/3792/2618
f 2712/3793/2619 2545/3555/2458 2663/3723/2570
f 2622/3695/2534 2643/3694/2550 2713/3794/2620
f 2694/3766/2601 2548/3795/2461 2402/3655/2320
f 2558/3568/2471 2688/3759/2595 2714/3796/2621
f 2666/3727/2573 2497/3623/2411 2689/3797/2596
f 2655/3798/2562 2536/3543/2449 2715/3799/2622
f 2536/3543/2449 2679/3748/2586 2715/3799/2622
f 2549/3800/2462 2698/3801/2605 2641/3802/2548
f 2653/3710/2560 2716/3803/2623 2613/3641/2525
f 2717/3804/2624 2662/3721/2569 2661/3720/2568
f 2711/3792/2618 2605/3732/2517 2662/3805/2569
f 2595/3806/2507 2518/3807/2431 2718/3808/2625
f 2488/3479/2402 2517/3519/2430 2703/3778/2610
f 2507/3638/2421 2686/3809/2593 2650/3707/2557
f 2535/3542/2448 2719/3810/2626 2663/3723/2570
f 2648/3702/2555 2674/3742/2581 2693/3765/2600
f 2433/3410/2351 2539/3547/2452 2628/3661/2540
f 2529/3734/2442 2420/3415/2338 2656/3714/2563
f 2716/3803/2623 2653/3710/2560 2720/3811/2627
f 2567/3578/2480 2680/3749/2587 2695/3767/2602
f 2718/3812/2625 2488/3479/2402 2703/3778/2610
f 2622/3653/2534 2721/3813/2628 2701/3774/2608
f 2704/3779/2611 2719/3814/2626 2535/3772/2448
f 2722/3815/2629 2642/3692/2549 2682/3752/2589
f 2481/3703/2395 2685/3755/2592 2723/3816/2630
f 2724/3817/2631 2653/3710/2560 2670/3737/2577
f 2725/3818/2632 2661/3720/2568 2659/3718/2566
f 2696/3768/2603 2613/3697/2525 2716/3819/2623
f 2488/3479/2402 2718/3812/2625 2518/3520/2431
f 2278/3738/2197 2671/3739/2578 2726/3820/2633
f 2727/3821/2634 2631/3822/2542 2728/3823/2635
f 2490/3481/2404 2568/3579/2481 2709/3789/2616
f 2610/3637/2522 2644/3696/2551 2658/3717/2565
f 2676/3745/2583 2690/3761/2597 2416/3385/2334
f 2662/3805/2569 2729/3824/2636 2711/3792/2618
f 2710/3790/2617 2611/3639/2523 2650/3707/2557
f 2689/3760/2596 2545/3555/2458 2712/3793/2619
f 2658/3717/2565 2487/3478/2401 2610/3637/2522
f 2576/3590/2488 2641/3713/2548 2730/3825/2637
f 2658/3717/2565 2674/3742/2581 2487/3478/2401
f 2671/3739/2578 2441/3421/2359 2731/3826/2638
f 2627/3660/2539 2602/3625/2514 2732/3827/2639
f 2661/3720/2568 2725/3818/2632 2717/3804/2624
f 2437/3416/2355 2733/3828/2640 2656/3714/2563
f 2640/3688/2547 2697/3769/2604 2734/3829/2641
f 2697/3769/2604 2527/3534/2440 2684/3754/2591
f 2735/3830/2642 2560/3570/2473 2600/3622/2512
f 2530/3537/2443 2561/3598/2474 2736/3831/2643
f 2513/3514/2426 2737/3832/2644 2526/3533/2439
f 2654/3711/2561 2738/3833/2645 2594/3614/2506
f 2594/3614/2506 2738/3833/2645 2692/3764/2599
f 2687/3783/2594 2481/3834/2395 2739/3835/2646
f 2694/3766/2601 2520/3656/2433 2675/3744/2582
f 2681/3750/2588 2442/3424/2360 2695/3836/2602
f 2697/3769/2604 2684/3754/2591 2646/3700/2553
f 2693/3765/2600 2697/3769/2604 2646/3700/2553
f 2693/3765/2600 2673/3741/2580 2701/3774/2608
f 2546/3556/2459 2740/3837/2647 2547/3557/2460
f 2698/3770/2605 2576/3590/2488 2730/3825/2637
f 2673/3741/2580 2693/3765/2600 2674/3742/2581
f 2619/3649/2531 2526/3533/2439 2737/3832/2644
f 2733/3828/2640 2437/3416/2355 2640/3688/2547
f 2682/3838/2589 2560/3570/2473 2735/3830/2642
f 2741/3839/2648 2710/3790/2617 2650/3707/2557
f 2697/3769/2604 2693/3765/2600 2701/3774/2608
f 2742/3840/2649 2688/3841/2595 2616/3733/2528
f 2563/3586/2476 2664/3842/2571 2691/3763/2598
f 2547/3604/2460 2743/3843/2650 2486/3477/2400
f 2732/3827/2639 2669/3736/2576 2627/3660/2539
f 2624/3844/2536 2603/3845/2515 2744/3846/2651
f 2660/3719/2567 2651/3708/2558 2711/3847/2618
f 2729/3824/2636 2662/3805/2569 2745/3848/2652
f 2689/3797/2596 2746/3849/2653 2666/3727/2573
f 2714/3796/2621 2515/3516/2428 2558/3568/2471
f 2687/3783/2594 2747/3850/2654 2602/3625/2514
f 2649/3705/2556 2672/3784/2579 2700/3785/2607
f 2664/3725/2571 2665/3726/2572 2748/3851/2655
f 2691/3763/2598 2664/3842/2571 2749/3852/2656
f 2673/3741/2580 2674/3742/2581 2658/3717/2565
f 2706/3781/2613 2645/3699/2552 2705/3780/2612
f 2525/3532/2438 2629/3662/2541 2677/3746/2584
f 2680/3853/2587 2595/3806/2507 2750/3854/2657
f 2675/3744/2582 2619/3743/2531 2751/3855/2658
f 2600/3622/2512 2710/3790/2617 2735/3830/2642
f 2708/3788/2615 2657/3715/2564 2752/3856/2659
f 2732/3827/2639 2602/3625/2514 2747/3850/2654
f 2617/3647/2529 2597/3617/2509 2678/3747/2585
f 2753/3857/2660 2725/3858/2632 2659/3756/2566
f 2722/3859/2629 2682/3838/2589 2754/3860/2661
f 2584/3600/2496 2755/3861/2662 2638/3686/2545
f 2721/3813/2628 2622/3653/2534 2713/3862/2620
f 2513/3514/2426 2565/3575/2478 2756/3863/2663
f 2564/3574/2477 2700/3864/2607 2672/3740/2579
f 2569/3865/2482 2548/3795/2461 2757/3866/2664
f 2721/3813/2628 2697/3769/2604 2701/3774/2608
f 2568/3579/2481 2589/3636/2501 2709/3789/2616
f 2599/3621/2511 2683/3753/2590 2589/3608/2501
f 2731/3826/2638 2441/3421/2359 2758/3867/2665
f 2441/3421/2359 2468/3455/2382 2758/3867/2665
f 2704/3868/2611 2666/3727/2573 2746/3849/2653
f 2752/3856/2659 2657/3715/2564 2607/3633/2519
f 2755/3861/2662 2530/3537/2443 2736/3831/2643
f 2699/3791/2606 2638/3685/2545 2755/3869/2662
f 2755/3861/2662 2584/3600/2496 2530/3537/2443
f 2759/3870/2666 2686/3757/2593 2515/3516/2428
f 2546/3556/2459 2586/3603/2498 2740/3837/2647
f 2760/3871/2667 2688/3841/2595 2742/3840/2649
f 2616/3733/2528 2668/3735/2575 2742/3840/2649
f 2711/3847/2618 2702/3776/2609 2660/3719/2567
f 2653/3710/2560 2724/3817/2631 2720/3811/2627
f 2595/3806/2507 2718/3808/2625 2750/3854/2657
f 2636/3681/2543 2642/3692/2549 2761/3872/2668
f 2757/3866/2664 2676/3873/2583 2569/3865/2482
f 2694/3766/2601 2675/3744/2582 2762/3874/2669
f 2728/3875/2635 2631/3876/2542 2763/3877/22
f 2641/3713/2548 2698/3770/2605 2764/3878/2670
f 2717/3804/2624 2725/3818/2632 2765/3879/2671
f 2643/3694/2550 2669/3736/2576 2766/3880/2672
f 2717/3804/2624 2745/3881/2652 2662/3721/2569
f 2682/3838/2589 2735/3830/2642 2767/3882/2673
f 2741/3839/2648 2650/3707/2557 2768/3883/2674
f 2650/3707/2557 2686/3809/2593 2769/3884/2675
f 2639/3687/2546 2740/3837/2647 2586/3603/2498
f 2753/3857/2660 2659/3756/2566 2702/3776/2609
f 2757/3866/2664 2548/3795/2461 2694/3766/2601
f 2748/3851/2655 2749/3885/2656 2664/3725/2571
f 2738/3886/2645 2654/3786/2561 2707/3787/2614
f 2468/3455/2382 2690/3761/2597 2758/3867/2665
f 2628/3661/2540 2770/3887/2676 2621/3651/2533
f 2709/3789/2616 2771/3888/2677 2665/3726/2572
f 2589/3608/2501 2683/3753/2590 2709/3889/2616
f 2726/3820/2633 2671/3739/2578 2731/3826/2638
f 2761/3872/2668 2642/3692/2549 2722/3815/2629
f 2737/3832/2644 2751/3890/2658 2619/3649/2531
f 2663/3723/2570 2772/3891/2678 2712/3793/2619
f 2521/3525/2434 2550/3560/2463 2773/3892/2679
f 2624/3844/2536 2744/3846/2651 2678/3893/2585
f 2757/3866/2664 2694/3766/2601 2774/3894/2680
f 2739/3895/2646 2481/3703/2395 2723/3816/2630
f 2748/3851/2655 2665/3726/2572 2771/3888/2677
f 2685/3755/2592 2692/3764/2599 2775/3896/2681
f 2685/3755/2592 2775/3896/2681 2723/3816/2630
f 2637/3682/2544 2715/3799/2622 2679/3748/2586
f 2713/3794/2620 2643/3694/2550 2766/3880/2672
f 2776/3897/2682 2735/3830/2642 2710/3790/2617
f 2703/3778/2610 2681/3750/2588 2695/3836/2602
f 2756/3863/2663 2565/3575/2478 2777/3898/2683
f 2565/3575/2478 2521/3525/2434 2777/3898/2683
f 2699/3791/2606 2736/3899/2643 2561/3900/2474
f 2714/3796/2621 2759/3870/2666 2515/3516/2428
f 2668/3735/2575 2529/3734/2442 2778/3901/2684
f 2778/3901/2684 2529/3734/2442 2656/3714/2563
f 2732/3827/2639 2747/3850/2654 2779/3902/2685
f 2702/3903/2609 2711/3792/2618 2729/3824/2636
f 2513/3514/2426 2756/3863/2663 2737/3832/2644
f 2694/3766/2601 2762/3874/2669 2774/3894/2680
f 2730/3825/2637 2641/3713/2548 2764/3878/2670
f 2603/3845/2515 2655/3798/2562 2744/3846/2651
f 2636/3681/2543 2761/3872/2668 2780/3904/2686
f 2705/3780/2612 2636/3681/2543 2780/3904/2686
f 2781/3905/2687 2696/3768/2603 2716/3819/2623
f 2752/3906/2659 2735/3830/2642 2776/3897/2682
f 2776/3897/2682 2710/3790/2617 2741/3839/2648
f 2769/3884/2675 2686/3809/2593 2759/3907/2666
f 2769/3884/2675 2768/3883/2674 2650/3707/2557
f 2721/3813/2628 2782/3908/2688 2697/3769/2604
f 2775/3896/2681 2692/3764/2599 2738/3833/2645
f 2783/3909/2689 2744/3846/2651 2655/3798/2562
f 2714/3910/2621 2688/3841/2595 2760/3871/2667
f 2617/3647/2529 2678/3747/2585 2784/3911/2690
f 2785/3912/2691 2670/3782/2577 2706/3781/2613
f 2778/3901/2684 2742/3840/2649 2668/3735/2575
f 2753/3857/2660 2765/3913/2671 2725/3858/2632
f 2766/3880/2672 2669/3736/2576 2732/3827/2639
f 2747/3850/2654 2687/3783/2594 2779/3902/2685
f 2278/3914/2197 2726/3915/2633 2786/3916/2692
f 2787/3917/22 2788/3918/22 2789/3919/22
f 2631/3665/2542 2278/3187/2197 2790/3920/2542
f 2763/3921/22 2631/3922/2542 2790/3923/2542
f 2791/3924/22 2763/3925/22 2790/3926/2542
f 2736/3899/2643 2699/3791/2606 2792/3927/2693
f 2776/3897/2682 2708/3928/2615 2752/3906/2659
f 2734/3829/2641 2733/3828/2640 2640/3688/2547
f 2478/3466/2392 2612/3652/2524 2793/3929/2694
f 2730/3825/2637 2764/3878/2670 2698/3770/2605
f 2782/3908/2688 2734/3829/2641 2697/3769/2604
f 2740/3837/2647 2743/3930/2650 2547/3557/2460
f 2486/3477/2400 2743/3843/2650 2794/3931/2695
f 2780/3904/2686 2706/3781/2613 2705/3780/2612
f 2754/3860/2661 2682/3838/2589 2767/3882/2673
f 2752/3906/2659 2767/3882/2673 2735/3830/2642
f 2550/3560/2463 2621/3651/2533 2773/3892/2679
f 2776/3897/2682 2741/3839/2648 2708/3928/2615
f 2612/3640/2524 2502/3497/2416 2795/3932/2696
f 2780/3904/2686 2796/3933/2697 2706/3781/2613
f 2796/3933/2697 2785/3912/2691 2706/3781/2613
f 2753/3934/2660 2702/3903/2609 2729/3824/2636
f 2797/3935/2698 2703/3778/2610 2695/3836/2602
f 2745/3881/2652 2717/3804/2624 2765/3879/2671
f 2478/3466/2392 2798/3936/2699 2446/3429/2364
f 2799/3937/2700 2771/3888/2677 2709/3789/2616
f 2486/3477/2400 2800/3938/2701 2502/3497/2416
f 2736/3899/2643 2792/3927/2693 2755/3869/2662
f 2801/3939/2702 2715/3799/2622 2637/3682/2544
f 2715/3799/2622 2801/3939/2702 2655/3798/2562
f 2716/3803/2623 2720/3811/2627 2781/3940/2687
f 2607/3633/2519 2696/3768/2603 2781/3905/2687
f 2796/3933/2697 2802/3941/2703 2785/3912/2691
f 2803/3942/2704 2737/3832/2644 2756/3863/2663
f 2753/3934/2660 2729/3824/2636 2745/3848/2652
f 2656/3714/2563 2804/3943/2705 2778/3901/2684
f 2773/3892/2679 2621/3651/2533 2805/3944/2706
f 2703/3778/2610 2797/3935/2698 2718/3812/2625
f 2806/3945/2707 2707/3946/2614 2708/3928/2615
f 2807/3947/2708 2748/3851/2655 2771/3888/2677
f 2806/3945/2707 2741/3839/2648 2768/3883/2674
f 2760/3871/2667 2742/3840/2649 2808/3948/2709
f 2809/3949/2710 2695/3767/2602 2680/3749/2587
f 2604/3627/2516 2446/3429/2364 2798/3936/2699
f 2752/3906/2659 2810/3950/2711 2767/3882/2673
f 2612/3640/2524 2795/3932/2696 2793/3951/2694
f 2794/3931/2695 2800/3938/2701 2486/3477/2400
f 2720/3811/2627 2724/3817/2631 2811/3952/2712
f 2752/3856/2659 2607/3633/2519 2810/3953/2711
f 2812/3954/2713 2656/3714/2563 2733/3828/2640
f 2813/3955/2714 2738/3886/2645 2707/3787/2614
f 2721/3813/2628 2713/3862/2620 2782/3908/2688
f 2783/3956/2689 2814/3957/2715 2744/3958/2651
f 2783/3909/2689 2655/3798/2562 2801/3939/2702
f 2754/3860/2661 2767/3882/2673 2815/3959/2716
f 2628/3661/2540 2539/3547/2452 2816/3960/2717
f 2677/3746/2584 2629/3662/2541 2817/3961/2718
f 2663/3723/2570 2719/3810/2626 2818/3962/2719
f 2785/3912/2691 2724/3963/2631 2670/3782/2577
f 2687/3783/2594 2739/3835/2646 2779/3902/2685
f 2819/3964/2720 2704/3868/2611 2746/3849/2653
f 2719/3814/2626 2704/3779/2611 2819/3965/2720
f 2820/3966/2721 2691/3763/2598 2749/3852/2656
f 2799/3967/2700 2709/3889/2616 2683/3753/2590
f 2821/3968/2722 2734/3829/2641 2782/3908/2688
f 2800/3938/2701 2795/3932/2696 2502/3497/2416
f 2757/3866/2664 2774/3894/2680 2785/3912/2691
f 2765/3969/2671 2753/3934/2660 2745/3848/2652
f 2750/3854/2657 2809/3970/2710 2680/3853/2587
f 2675/3744/2582 2751/3855/2658 2822/3971/2723
f 2810/3953/2711 2607/3633/2519 2781/3905/2687
f 2741/3839/2648 2806/3945/2707 2708/3928/2615
f 2823/3972/2724 2726/3820/2633 2731/3826/2638
f 2802/3941/2703 2757/3866/2664 2785/3912/2691
f 2714/3910/2621 2760/3871/2667 2824/3973/2725
f 2754/3860/2661 2825/3974/2726 2722/3859/2629
f 2766/3880/2672 2732/3827/2639 2826/3975/2727
f 2770/3887/2676 2628/3661/2540 2816/3960/2717
f 2678/3747/2585 2744/3958/2651 2827/3976/2728
f 2719/3814/2626 2828/3977/2729 2818/3978/2719
f 2774/3894/2680 2762/3874/2669 2829/3979/2730
f 2726/3820/2633 2823/3972/2724 2786/3980/2692
f 2790/3981/2542 2278/3914/2197 2786/3916/2692
f 2788/3918/22 2787/3917/22 2830/3982/22
f 2830/3982/22 2831/3983/2731 2788/3918/22
f 2630/3674/22 2788/3918/22 2831/3983/2731
f 2813/3984/2714 2707/3946/2614 2806/3945/2707
f 2832/3985/2732 2821/3968/2722 2782/3908/2688
f 2758/3867/2665 2690/3761/2597 2833/3986/2733
f 2690/3761/2597 2676/3745/2583 2834/3987/2734
f 2785/3912/2691 2774/3894/2680 2724/3963/2631
f 2757/3866/2664 2802/3941/2703 2676/3873/2583
f 2637/3682/2544 2617/3728/2529 2784/3988/2690
f 2796/3933/2697 2676/3873/2583 2802/3941/2703
f 2713/3862/2620 2766/3989/2672 2782/3908/2688
f 2798/3936/2699 2478/3466/2392 2793/3929/2694
f 2807/3947/2708 2749/3885/2656 2748/3851/2655
f 2774/3894/2680 2829/3979/2730 2724/3963/2631
f 2732/3827/2639 2835/3990/2735 2836/3991/2736
f 2754/3860/2661 2815/3959/2716 2825/3974/2726
f 2782/3908/2688 2766/3989/2672 2826/3992/2727
f 2792/3927/2693 2699/3791/2606 2755/3869/2662
f 2695/3836/2602 2837/3993/2737 2797/3935/2698
f 2797/3935/2698 2838/3994/2738 2718/3812/2625
f 2742/3840/2649 2778/3901/2684 2804/3943/2705
f 2804/3943/2705 2656/3714/2563 2812/3954/2713
f 2779/3902/2685 2739/3835/2646 2839/3995/2739
f 2801/3939/2702 2637/3682/2544 2840/3996/2740
f 2637/3682/2544 2784/3988/2690 2840/3996/2740
f 2695/3836/2602 2841/3997/2741 2837/3993/2737
f 2811/3998/2712 2724/3963/2631 2842/3999/2742
f 2720/3811/2627 2843/4000/2743 2781/3940/2687
f 2823/3972/2724 2731/3826/2638 2758/3867/2665
f 2759/3907/2666 2714/3910/2621 2844/4001/2744
f 2811/3952/2712 2843/4000/2743 2720/3811/2627
f 2762/3874/2669 2675/3744/2582 2822/3971/2723
f 2780/3904/2686 2761/3872/2668 2845/4002/2745
f 2777/3898/2683 2803/3942/2704 2756/3863/2663
f 2750/3854/2657 2718/3808/2625 2838/4003/2738
f 2712/3793/2619 2772/3891/2678 2846/4004/2746
f 2819/3965/2720 2828/3977/2729 2719/3814/2626
f 2762/3874/2669 2822/3971/2723 2829/3979/2730
f 2489/3480/2403 2677/3746/2584 2817/3961/2718
f 2845/4002/2745 2847/4005/2747 2780/3904/2686
f 2844/4001/2744 2714/3910/2621 2824/3973/2725
f 2808/3948/2709 2742/3840/2649 2848/4006/2748
f 2767/3882/2673 2810/3950/2711 2815/3959/2716
f 2816/3960/2717 2539/3547/2452 2849/4007/2749
f 2683/3753/2590 2691/3763/2598 2850/4008/2750
f 2851/4009/2751 2781/4010/2687 2843/4011/2743
f 2732/3827/2639 2779/3902/2685 2835/3990/2735
f 2732/3827/2639 2836/3991/2736 2826/3975/2727
f 2761/4012/2668 2722/3859/2629 2825/3974/2726
f 2783/3909/2689 2801/3939/2702 2852/4013/2752
f 2768/3883/2674 2769/3884/2675 2853/4014/2753
f 2489/3480/2403 2849/4007/2749 2539/3547/2452
f 2746/3849/2653 2689/3797/2596 2846/4015/2746
f 2689/3760/2596 2712/3793/2619 2846/4004/2746
f 2663/3723/2570 2818/3962/2719 2854/4016/2754
f 2739/3895/2646 2723/3816/2630 2855/4017/2755
f 2827/3976/2728 2744/3958/2651 2814/3957/2715
f 2829/3979/2730 2842/3999/2742 2724/3963/2631
f 2676/3873/2583 2796/3933/2697 2834/4018/2734
f 2822/3971/2723 2751/3855/2658 2856/4019/2756
f 2737/3832/2644 2803/3942/2704 2751/3890/2658
f 2743/3930/2650 2857/4020/2757 2858/4021/2758
f 2852/4013/2752 2859/4022/2759 2783/3909/2689
f 2723/3816/2630 2775/3896/2681 2855/4017/2755
f 2799/3967/2700 2683/3753/2590 2850/4008/2750
f 2857/4020/2757 2743/3930/2650 2740/3837/2647
f 2860/4023/2760 2695/3767/2602 2809/3949/2710
f 2841/3997/2741 2695/3836/2602 2860/4024/2760
f 2861/4025/2761 2805/3944/2706 2621/3651/2533
f 2772/3891/2678 2663/3723/2570 2854/4016/2754
f 2629/3663/2541 2630/3664/22 2817/4026/2718
f 2790/4027/2542 2862/4028/2542 2863/4029/2762
f 2787/3917/22 2864/4030/22 2830/3982/22
f 2773/3892/2679 2777/3898/2683 2521/3525/2434
f 2826/3992/2727 2832/3985/2732 2782/3908/2688
f 2865/4031/2763 2639/3687/2546 2604/3775/2516
f 2759/3907/2666 2866/4032/2764 2853/4014/2753
f 2742/3840/2649 2804/3943/2705 2848/4006/2748
f 2812/3954/2713 2733/3828/2640 2867/4033/2765
f 2837/3993/2737 2841/3997/2741 2860/4024/2760
f 2775/4034/2681 2738/3886/2645 2868/4035/2766
f 2769/3884/2675 2759/3907/2666 2853/4014/2753
f 2734/3829/2641 2821/3968/2722 2733/3828/2640
f 2796/3933/2697 2780/3904/2686 2869/4036/2767
f 2826/3975/2727 2836/3991/2736 2870/4037/2768
f 2604/3627/2516 2798/3936/2699 2871/4038/2769
f 2838/3994/2738 2797/3935/2698 2872/4039/2770
f 2806/3945/2707 2873/4040/2771 2813/3984/2714
f 2839/3995/2739 2739/3835/2646 2855/4041/2755
f 2820/4042/2721 2749/3885/2656 2807/3947/2708
f 2850/4008/2750 2691/3763/2598 2820/3966/2721
f 2733/3828/2640 2821/3968/2722 2867/4033/2765
f 2678/3747/2585 2827/3976/2728 2874/4043/2772
f 2865/4044/2763 2604/3627/2516 2871/4038/2769
f 2813/3955/2714 2868/4035/2766 2738/3886/2645
f 2846/4015/2746 2819/3964/2720 2746/3849/2653
f 2844/4001/2744 2866/4032/2764 2759/3907/2666
f 2861/4025/2761 2621/3651/2533 2770/3887/2676
f 2817/4026/2718 2630/3664/22 2831/4045/2731
f 2760/3871/2667 2808/3948/2709 2875/4046/2773
f 2857/4020/2757 2740/3837/2647 2876/4047/2774
f 2858/4048/2758 2794/3931/2695 2743/3843/2650
f 2783/3956/2689 2859/4049/2759 2814/3957/2715
f 2780/3904/2686 2847/4005/2747 2869/4036/2767
f 2845/4050/2745 2761/4012/2668 2825/3974/2726
f 2806/3945/2707 2768/3883/2674 2873/4040/2771
f 2793/3929/2694 2877/4051/2775 2798/3936/2699
f 2824/3973/2725 2760/3871/2667 2878/4052/2776
f 2817/3961/2718 2849/4007/2749 2489/3480/2403
f 2690/3761/2597 2834/3987/2734 2833/3986/2733
f 2874/4043/2772 2784/3911/2690 2678/3747/2585
f 2750/3854/2657 2838/4003/2738 2872/4053/2770
f 2815/3959/2716 2810/3950/2711 2879/4054/2777
f 2879/4054/2777 2810/3950/2711 2880/4055/2778
f 2873/4040/2771 2768/3883/2674 2853/4014/2753
f 2809/3970/2710 2750/3854/2657 2872/4053/2770
f 2860/4056/2760 2809/3970/2710 2881/4057/2779
f 2846/4015/2746 2882/4058/2780 2819/3964/2720
f 2810/3950/2711 2781/4010/2687 2880/4055/2778
f 2812/3954/2713 2867/4033/2765 2804/3943/2705
f 2883/4059/2781 2821/3968/2722 2832/3985/2732
f 2826/3992/2727 2884/4060/2782 2832/3985/2732
f 2772/3891/2678 2885/4061/2783 2846/4004/2746
f 2824/3973/2725 2878/4052/2776 2844/4001/2744
f 2818/3978/2719 2828/3977/2729 2886/4062/2784
f 2887/4063/22 2888/4064/2785 2830/3982/22
f 2889/4065/2786 2797/3935/2698 2837/3993/2737
f 2876/4047/2774 2740/3837/2647 2890/4066/2787
f 2823/3972/2724 2758/3867/2665 2891/4067/2788
f 2829/3979/2730 2822/3971/2723 2892/4068/2789
f 2796/3933/2697 2869/4036/2767 2834/4018/2734
f 2890/4066/2787 2740/3837/2647 2639/3687/2546
f 2875/4046/2773 2878/4052/2776 2760/3871/2667
f 2858/4021/2758 2857/4020/2757 2893/4069/2790
f 2851/4009/2751 2843/4011/2743 2811/4070/2712
f 2884/4060/2782 2883/4059/2781 2832/3985/2732
f 2848/4006/2748 2875/4046/2773 2808/3948/2709
f 2781/4010/2687 2851/4009/2751 2880/4055/2778
f 2823/3972/2724 2891/4067/2788 2786/3980/2692
f 2800/3938/2701 2794/3931/2695 2894/4071/2791
f 2895/4072/2792 2804/3943/2705 2867/4033/2765
f 2859/4049/2759 2893/4069/2790 2896/4073/2793
f 2859/4022/2759 2852/4013/2752 2897/4074/2794
f 2794/3931/2695 2858/4048/2758 2894/4071/2791
f 2809/3970/2710 2872/4053/2770 2881/4057/2779
f 2898/4075/2795 2777/3898/2683 2773/3892/2679
f 2857/4020/2757 2896/4073/2793 2893/4069/2790
f 2859/4049/2759 2899/4076/2796 2814/3957/2715
f 2892/4068/2789 2822/3971/2723 2856/4019/2756
f 2818/3978/2719 2886/4062/2784 2854/4077/2754
f 2772/3891/2678 2854/4016/2754 2900/4078/2797
f 2901/4079/2798 2777/3898/2683 2898/4075/2795
f 2884/4060/2782 2826/3992/2727 2902/4080/2799
f 2868/4035/2766 2855/4041/2755 2775/4034/2681
f 2859/4049/2759 2896/4073/2793 2899/4076/2796
f 2844/4001/2744 2903/4081/2800 2866/4032/2764
f 2874/4043/2772 2827/3976/2728 2904/4082/2801
f 2905/4083/2802 2839/3995/2739 2855/4041/2755
f 2870/4037/2768 2836/3991/2736 2906/4084/2803
f 2907/4085/2804 2867/4033/2765 2821/3968/2722
f 2883/4059/2781 2907/4085/2804 2821/3968/2722
f 2758/3867/2665 2908/4086/2805 2891/4067/2788
f 2859/4022/2759 2897/4074/2794 2893/4087/2790
f 2909/4088/2806 2834/3987/2734 2910/4089/2807
f 2902/4090/2799 2826/3975/2727 2870/4037/2768
f 2845/4050/2745 2825/3974/2726 2815/3959/2716
f 2819/3964/2720 2882/4058/2780 2828/4091/2729
f 2901/4079/2798 2803/3942/2704 2777/3898/2683
f 2894/4071/2791 2858/4048/2758 2893/4087/2790
f 2804/3943/2705 2895/4072/2792 2848/4006/2748
f 2807/3947/2708 2771/3888/2677 2911/4092/2808
f 2835/3990/2735 2779/3902/2685 2912/4093/2809
f 2833/3986/2733 2908/4086/2805 2758/3867/2665
f 2751/3890/2658 2803/3942/2704 2913/4094/2810
f 2837/3993/2737 2860/4024/2760 2914/4095/2811
f 2890/4066/2787 2915/4096/2812 2876/4047/2774
f 2842/3999/2742 2829/3979/2730 2892/4068/2789
f 2895/4072/2792 2867/4033/2765 2907/4085/2804
f 2817/4026/2718 2831/4045/2731 2916/4097/2813
f 2917/4098/2814 2918/4099/22 2888/4064/2785
f 2831/3983/2731 2888/4064/2785 2918/4099/22
f 2830/3982/22 2888/4064/2785 2831/3983/2731
f 2786/3916/2692 2862/4100/2542 2790/3981/2542
f 2820/4042/2721 2807/3947/2708 2911/4092/2808
f 2834/4018/2734 2869/4036/2767 2910/4101/2807
f 2853/4014/2753 2866/4032/2764 2919/4102/2815
f 2852/4013/2752 2801/3939/2702 2920/4103/2816
f 2820/3966/2721 2911/4104/2808 2850/4008/2750
f 2779/3902/2685 2839/3995/2739 2912/4093/2809
f 2872/4039/2770 2797/3935/2698 2889/4065/2786
f 2848/4006/2748 2895/4072/2792 2875/4046/2773
f 2896/4073/2793 2857/4020/2757 2876/4047/2774
f 2893/4087/2790 2897/4074/2794 2921/4105/2817
f 2883/4059/2781 2922/4106/2818 2907/4085/2804
f 2910/4101/2807 2869/4036/2767 2923/4107/2819
f 2827/3976/2728 2814/3957/2715 2899/4076/2796
f 2883/4059/2781 2884/4060/2782 2902/4080/2799
f 2798/3936/2699 2877/4051/2775 2871/4038/2769
f 2801/3939/2702 2840/3996/2740 2920/4103/2816
f 2868/4108/2766 2813/3984/2714 2924/4109/2820
f 2771/3888/2677 2799/3937/2700 2911/4092/2808
f 2853/4014/2753 2919/4102/2815 2924/4109/2820
f 2873/4040/2771 2924/4109/2820 2813/3984/2714
f 2869/4036/2767 2847/4005/2747 2923/4107/2819
f 2865/4031/2763 2890/4066/2787 2639/3687/2546
f 2842/3999/2742 2892/4068/2789 2925/4110/2821
f 2828/4091/2729 2882/4058/2780 2886/4111/2784
f 2895/4072/2792 2907/4085/2804 2922/4106/2818
f 2900/4078/2797 2885/4061/2783 2772/3891/2678
f 2849/4007/2749 2817/3961/2718 2916/4112/2813
f 2862/4100/2542 2786/3916/2692 2926/4113/2822
f 2833/3986/2733 2834/3987/2734 2909/4088/2806
f 2873/4040/2771 2853/4014/2753 2924/4109/2820
f 2855/4041/2755 2868/4035/2766 2927/4114/2823
f 2877/4115/2775 2793/3951/2694 2795/3932/2696
f 2840/3996/2740 2784/3988/2690 2920/4103/2816
f 2928/4116/2824 2929/4117/2825 2860/4056/2760
f 2903/4081/2800 2844/4001/2744 2878/4052/2776
f 2872/4053/2770 2889/4118/2786 2881/4057/2779
f 2896/4073/2793 2876/4047/2774 2930/4119/2826
f 2856/4120/2756 2751/3890/2658 2913/4094/2810
f 2894/4071/2791 2893/4087/2790 2921/4105/2817
f 2906/4084/2803 2836/3991/2736 2931/4121/2827
f 2922/4106/2818 2883/4059/2781 2932/4122/2828
f 2932/4122/2828 2883/4059/2781 2902/4080/2799
f 2874/4123/2772 2920/4103/2816 2784/3988/2690
f 2903/4081/2800 2878/4052/2776 2933/4124/2829
f 2906/4084/2803 2932/4125/2828 2870/4037/2768
f 2811/3998/2712 2842/3999/2742 2925/4110/2821
f 2851/4009/2751 2811/4070/2712 2934/4126/2830
f 2935/4127/2831 2933/4124/2829 2922/4106/2818
f 2870/4037/2768 2932/4125/2828 2902/4090/2799
f 2800/3938/2701 2894/4071/2791 2921/4105/2817
f 2860/4056/2760 2881/4057/2779 2928/4116/2824
f 2882/4058/2780 2846/4015/2746 2885/4128/2783
f 2914/4095/2811 2860/4024/2760 2929/4129/2825
f 2831/3983/2731 2918/4099/22 2936/4130/22
f 2799/3967/2700 2850/4008/2750 2937/4131/2832
f 2938/4132/2833 2898/4075/2795 2773/3892/2679
f 2851/4009/2751 2934/4126/2830 2880/4055/2778
f 2861/4025/2761 2939/4133/2834 2805/3944/2706
f 2905/4083/2802 2855/4041/2755 2927/4114/2823
f 2925/4134/2821 2934/4135/2830 2811/4136/2712
f 2912/4093/2809 2905/4083/2802 2935/4137/2831
f 2878/4052/2776 2940/4138/2835 2933/4124/2829
f 2922/4139/2818 2906/4084/2803 2935/4137/2831
f 2905/4083/2802 2912/4093/2809 2839/3995/2739
f 2922/4106/2818 2940/4138/2835 2895/4072/2792
f 2836/3991/2736 2835/3990/2735 2912/4093/2809
f 2932/4125/2828 2906/4084/2803 2922/4139/2818
f 2908/4086/2805 2786/3980/2692 2891/4067/2788
f 2879/4054/2777 2847/4140/2747 2845/4050/2745
f 2845/4050/2745 2815/3959/2716 2879/4054/2777
f 2922/4106/2818 2933/4124/2829 2940/4138/2835
f 2896/4073/2793 2930/4119/2826 2899/4076/2796
f 2900/4141/2797 2854/4077/2754 2886/4062/2784
f 2913/4094/2810 2803/3942/2704 2901/4079/2798
f 2773/3892/2679 2805/3944/2706 2938/4132/2833
f 2941/4142/2836 2889/4065/2786 2837/3993/2737
f 2875/4046/2773 2940/4138/2835 2878/4052/2776
f 2940/4138/2835 2875/4046/2773 2895/4072/2792
f 2905/4143/2802 2933/4124/2829 2935/4127/2831
f 2906/4084/2803 2931/4121/2827 2935/4137/2831
f 2831/4144/2731 2942/4145/2837 2916/4112/2813
f 2931/4121/2827 2912/4093/2809 2935/4137/2831
f 2897/4074/2794 2852/4013/2752 2920/4103/2816
f 2882/4058/2780 2885/4128/2783 2900/4146/2797
f 2911/4104/2808 2943/4147/2838 2850/4008/2750
f 2836/3991/2736 2912/4093/2809 2931/4121/2827
f 2879/4054/2777 2880/4055/2778 2944/4148/2839
f 2865/4031/2763 2945/4149/2840 2890/4066/2787
f 2849/4007/2749 2946/4150/2841 2816/3960/2717
f 2947/4151/2842 2928/4116/2824 2881/4057/2779
f 2947/4151/2842 2881/4057/2779 2889/4118/2786
f 2911/4152/2808 2799/4153/2700 2943/4154/2838
f 2913/4094/2810 2948/4155/2843 2856/4120/2756
f 2927/4156/2823 2868/4108/2766 2949/4157/2844
f 2904/4082/2801 2827/3976/2728 2899/4076/2796
f 2946/4150/2841 2950/4158/2845 2816/3960/2717
f 2903/4081/2800 2933/4124/2829 2951/4159/2846
f 2925/4134/2821 2892/4160/2789 2952/4161/2847
f 2905/4143/2802 2951/4159/2846 2933/4124/2829
f 2938/4132/2833 2805/3944/2706 2939/4133/2834
f 2847/4140/2747 2879/4054/2777 2953/4162/2848
f 2903/4081/2800 2919/4102/2815 2866/4032/2764
f 2865/4044/2763 2871/4038/2769 2945/4163/2840
f 2862/4028/2542 2954/4164/2542 2955/4165/2849
f 2954/4166/2542 2862/4100/2542 2926/4113/2822
f 2956/4167/2850 2800/3938/2701 2921/4105/2817
f 2908/4086/2805 2957/4168/2851 2786/3980/2692
f 2837/3993/2737 2914/4095/2811 2941/4142/2836
f 2951/4159/2846 2905/4143/2802 2927/4156/2823
f 2892/4160/2789 2856/4120/2756 2948/4155/2843
f 2770/3887/2676 2816/3960/2717 2950/4158/2845
f 2924/4109/2820 2949/4157/2844 2868/4108/2766
f 2795/3932/2696 2800/3938/2701 2956/4167/2850
f 2937/4131/2832 2850/4008/2750 2943/4147/2838
f 2947/4151/2842 2889/4118/2786 2941/4169/2836
f 2770/3887/2676 2958/4170/2852 2861/4025/2761
f 2886/4111/2784 2882/4058/2780 2900/4146/2797
f 2930/4119/2826 2876/4047/2774 2915/4096/2812
f 2799/3967/2700 2937/4131/2832 2943/4147/2838
f 2909/4088/2806 2910/4089/2807 2959/4171/2853
f 2899/4076/2796 2930/4119/2826 2960/4172/2854
f 2941/4142/2836 2914/4095/2811 2929/4129/2825
f 2908/4086/2805 2833/3986/2733 2959/4171/2853
f 2833/3986/2733 2909/4088/2806 2959/4171/2853
f 2904/4082/2801 2899/4076/2796 2960/4172/2854
f 2920/4103/2816 2961/4173/2855 2897/4074/2794
f 2949/4157/2844 2924/4109/2820 2919/4102/2815
f 2880/4055/2778 2934/4126/2830 2944/4148/2839
f 2874/4043/2772 2904/4082/2801 2962/4174/2856
f 2786/3916/2692 2957/4175/2851 2926/4113/2822
f 2963/4176/2857 2954/4166/2542 2926/4113/2822
f 2964/4177/22 2936/4130/22 2965/4178/2858
f 2966/4179/2859 2965/4178/2858 2936/4130/22
f 2934/4135/2830 2925/4134/2821 2967/4180/2860
f 2953/4162/2848 2923/4181/2819 2847/4140/2747
f 2946/4150/2841 2849/4007/2749 2916/4112/2813
f 2916/4112/2813 2942/4145/2837 2968/4182/2861
f 2969/4183/2862 2944/4148/2839 2934/4126/2830
f 2952/4161/2847 2892/4160/2789 2948/4155/2843
f 2920/4103/2816 2962/4184/2856 2961/4173/2855
f 2929/4117/2825 2928/4116/2824 2941/4169/2836
f 2921/4105/2817 2897/4074/2794 2961/4173/2855
f 2874/4123/2772 2962/4184/2856 2920/4103/2816
f 2928/4116/2824 2947/4151/2842 2941/4169/2836
f 2953/4162/2848 2970/4185/2863 2923/4181/2819
f 2945/4163/2840 2871/4038/2769 2877/4051/2775
f 2919/4102/2815 2903/4081/2800 2951/4159/2846
f 2901/4079/2798 2898/4075/2795 2971/4186/2864
f 2831/4144/2731 2972/4187/2865 2942/4145/2837
f 2915/4096/2812 2890/4066/2787 2945/4149/2840
f 2930/4119/2826 2915/4096/2812 2960/4172/2854
f 2952/4161/2847 2967/4180/2860 2925/4134/2821
f 2913/4094/2810 2901/4079/2798 2948/4155/2843
f 2962/4174/2856 2904/4082/2801 2973/4188/2866
f 2916/4112/2813 2968/4182/2861 2946/4150/2841
f 2972/4187/2865 2968/4182/2861 2942/4145/2837
f 2967/4189/2860 2969/4183/2862 2934/4126/2830
f 2974/4190/2867 2959/4191/2853 2910/4192/2807
f 2949/4157/2844 2951/4159/2846 2927/4156/2823
f 2953/4162/2848 2879/4054/2777 2944/4148/2839
f 2898/4075/2795 2938/4132/2833 2975/4193/2868
f 2915/4096/2812 2945/4149/2840 2976/4194/2869
f 2977/4195/2870 2795/3932/2696 2956/4167/2850
f 2960/4172/2854 2973/4188/2866 2904/4082/2801
f 2951/4159/2846 2949/4157/2844 2919/4102/2815
f 2978/4196/22 2979/4197/22 2964/4177/22
f 2963/4176/2857 2926/4113/2822 2980/4198/2542
f 2963/4176/2857 2980/4198/2542 2981/4199/2871
f 2964/4177/22 2979/4197/22 2936/4130/22
f 2936/4130/22 2982/4200/2872 2831/3983/2731
f 2877/4115/2775 2795/3932/2696 2977/4195/2870
f 2958/4170/2852 2770/3887/2676 2950/4158/2845
f 2921/4105/2817 2961/4173/2855 2956/4167/2850
f 2974/4190/2867 2923/4181/2819 2970/4185/2863
f 2910/4192/2807 2923/4181/2819 2974/4190/2867
f 2831/3983/2731 2982/4200/2872 2972/4201/2865
f 2960/4172/2854 2915/4096/2812 2976/4194/2869
f 2970/4185/2863 2953/4162/2848 2983/4202/2873
f 2971/4186/2864 2898/4075/2795 2975/4193/2868
f 2962/4184/2856 2984/4203/2874 2961/4173/2855
f 2939/4133/2834 2861/4025/2761 2958/4170/2852
f 2973/4188/2866 2960/4172/2854 2976/4194/2869
f 2956/4167/2850 2961/4173/2855 2984/4203/2874
f 2901/4079/2798 2971/4186/2864 2948/4155/2843
f 2982/4200/2872 2985/4204/2875 2972/4201/2865
f 2926/4113/2822 2986/4205/2876 2980/4198/2542
f 2987/4206/22 2988/4207/22 2989/4208/22
f 2987/4206/22 2989/4208/22 2990/4209/22
f 2990/4209/22 2989/4208/22 2979/4197/22
f 2979/4197/22 2989/4208/22 2936/4130/22
f 2936/4130/22 2989/4208/22 2982/4200/2872
f 2877/4051/2775 2977/4210/2870 2945/4163/2840
f 2926/4113/2822 2957/4175/2851 2986/4205/2876
f 2944/4148/2839 2983/4202/2873 2953/4162/2848
f 2962/4174/2856 2973/4188/2866 2984/4211/2874
f 2977/4195/2870 2956/4167/2850 2991/4212/2877
f 2992/4213/2878 2970/4185/2863 2983/4202/2873
f 2969/4183/2862 2983/4202/2873 2944/4148/2839
f 2976/4194/2869 2945/4149/2840 2991/4214/2877
f 2957/4168/2851 2908/4086/2805 2993/4215/2879
f 2994/4216/2880 2948/4155/2843 2971/4186/2864
f 2945/4149/2840 2977/4217/2870 2991/4214/2877
f 2908/4086/2805 2959/4171/2853 2993/4215/2879
f 2984/4203/2874 2991/4212/2877 2956/4167/2850
f 2992/4213/2878 2983/4202/2873 2969/4183/2862
f 2995/4218/2881 2952/4161/2847 2996/4219/2882
f 2997/4220/2883 2971/4186/2864 2975/4193/2868
f 2986/4221/2876 2957/4168/2851 2993/4215/2879
f 2948/4155/2843 2996/4219/2882 2952/4161/2847
f 2998/4222/2884 2974/4190/2867 2970/4185/2863
f 2976/4194/2869 2991/4214/2877 2973/4188/2866
f 2999/4223/2885 2969/4183/2862 2967/4189/2860
f 2959/4191/2853 2974/4190/2867 2998/4222/2884
f 2984/4211/2874 2973/4188/2866 2991/4214/2877
f 2980/4198/2542 2986/4205/2876 3000/4224/2886
f 2980/4198/2542 3000/4224/2886 3001/4225/22
f 2994/4216/2880 2996/4219/2882 2948/4155/2843
f 2992/4213/2878 2969/4183/2862 2999/4223/2885
f 2992/4213/2878 2998/4222/2884 2970/4185/2863
f 2968/4182/2861 2972/4187/2865 2985/4226/2875
f 3002/4227/2887 2939/4133/2834 2958/4170/2852
f 2938/4132/2833 2939/4133/2834 2975/4193/2868
f 2995/4228/2881 2999/4223/2885 2952/4229/2847
f 2999/4223/2885 2967/4189/2860 2952/4229/2847
f 3003/4230/2888 2959/4191/2853 2998/4222/2884
f 2946/4150/2841 3004/4231/2889 2950/4158/2845
f 3005/4232/22 2982/4200/2872 2989/4208/22
f 2986/4221/2876 2993/4215/2879 3006/4233/2890
f 3007/4234/2891 2939/4133/2834 3002/4227/2887
f 2992/4213/2878 2999/4223/2885 2998/4222/2884
f 2985/4226/2875 2982/4235/2872 3008/4236/2892
f 3003/4230/2888 2998/4222/2884 2999/4223/2885
f 3004/4231/2889 2946/4150/2841 2968/4182/2861
f 2985/4226/2875 3008/4236/2892 2968/4182/2861
f 2950/4158/2845 3002/4227/2887 2958/4170/2852
f 2995/4228/2881 3009/4237/2893 2999/4223/2885
f 3007/4234/2891 2975/4193/2868 2939/4133/2834
f 3010/4238/2542 3011/4239/22 3000/4224/2886
f 3012/4240/22 3011/4239/22 3010/4238/2542
f 3013/4241/2894 3000/4224/2886 2986/4205/2876
f 3005/4232/22 3014/4242/2895 3015/4243/22
f 3016/4244/2896 3014/4242/2895 3005/4232/22
f 2982/4200/2872 3005/4232/22 3015/4243/22
f 2993/4215/2879 2959/4171/2853 3003/4245/2888
f 3003/4230/2888 2999/4223/2885 3009/4237/2893
f 3017/4246/2897 2975/4193/2868 3018/4247/2898
f 2975/4193/2868 3007/4234/2891 3018/4247/2898
f 3008/4248/2892 2982/4249/2872 3019/4250/2899
f 3013/4241/2894 3020/4251/2900 3010/4238/2542
f 3010/4238/2542 3000/4224/2886 3013/4241/2894
f 3021/4252/22 3022/4253/22 3015/4243/22
f 3023/4254/22 3010/4238/2542 3020/4251/2900
f 3023/4254/22 3020/4251/2900 3024/4255/2901
f 2986/4221/2876 3006/4233/2890 3013/4256/2894
f 3002/4227/2887 2950/4158/2845 3004/4231/2889
f 2968/4182/2861 3008/4236/2892 3004/4231/2889
f 2995/4218/2881 2996/4219/2882 3009/4257/2893
f 2993/4215/2879 3003/4245/2888 3025/4258/2902
f 3003/4245/2888 3009/4257/2893 3025/4258/2902
f 2971/4186/2864 3026/4259/2903 2994/4216/2880
f 3025/4258/2902 3006/4233/2890 2993/4215/2879
f 2971/4186/2864 2997/4220/2883 3026/4259/2903
f 2975/4193/2868 3017/4246/2897 2997/4220/2883
f 3027/4260/2904 3004/4231/2889 3008/4236/2892
f 3024/4255/2901 3020/4251/2900 3028/4261/22
f 3029/4262/22 3024/4255/2901 3028/4261/22
f 3030/4263/2905 3022/4253/22 3031/4264/22
f 3019/4250/2899 3015/4265/22 3022/4266/22
f 3015/4265/22 3019/4250/2899 2982/4249/2872
f 3007/4234/2891 3002/4227/2887 3018/4247/2898
f 3019/4250/2899 3027/4267/2904 3008/4248/2892
f 3013/4256/2894 3006/4233/2890 3025/4258/2902
f 3025/4258/2902 3032/4268/2906 3013/4256/2894
f 3013/4256/2894 3032/4268/2906 3020/4269/2900
f 3002/4227/2887 3004/4231/2889 3033/4270/2907
f 3028/4271/22 3034/4272/2908 3035/4273/2909
f 2997/4220/2883 3036/4274/2910 3026/4259/2903
f 2997/4220/2883 3017/4246/2897 3036/4274/2910
f 3017/4246/2897 3018/4247/2898 3037/4275/2911
f 3038/4276/2912 2996/4219/2882 2994/4216/2880
f 2994/4216/2880 3026/4259/2903 3039/4277/2913
f 3040/4278/2914 3030/4279/2905 3041/4280/2915
f 3042/4281/2916 3034/4272/2908 3028/4271/22
f 3043/4282/2917 3034/4283/2908 3042/4284/2916
f 3030/4279/2905 3040/4278/2914 3022/4266/22
f 3040/4278/2914 3019/4250/2899 3022/4266/22
f 3033/4270/2907 3004/4231/2889 3027/4260/2904
f 3009/4257/2893 3044/4285/2918 3025/4258/2902
f 3019/4250/2899 3045/4286/2919 3027/4267/2904
f 3044/4285/2918 3009/4257/2893 2996/4219/2882
f 3020/4287/2900 3032/4288/2906 3046/4289/2920
f 3045/4286/2919 3019/4250/2899 3040/4278/2914
f 3044/4285/2918 3032/4268/2906 3025/4258/2902
f 3044/4285/2918 3046/4290/2920 3032/4268/2906
f 3044/4285/2918 2996/4219/2882 3038/4276/2912
f 3037/4275/2911 3018/4247/2898 3047/4291/2921
f 3002/4227/2887 3033/4270/2907 3018/4247/2898
f 3042/4281/2916 3028/4271/22 3020/4287/2900
f 3040/4278/2914 3041/4280/2915 3048/4292/2915
f 3033/4270/2907 3027/4260/2904 3045/4293/2919
f 3017/4246/2897 3037/4275/2911 3036/4274/2910
f 3038/4276/2912 2994/4216/2880 3039/4277/2913
f 3026/4259/2903 3036/4274/2910 3049/4294/2922
f 3033/4270/2907 3047/4291/2921 3018/4247/2898
f 3045/4293/2919 3050/4295/2923 3033/4270/2907
f 3040/4278/2914 3050/4296/2923 3045/4286/2919
f 3042/4297/2916 3051/4298/2924 3052/4299/22
f 3053/4300/2925 3054/4301/2926 3048/4292/2915
f 3048/4292/2915 3054/4301/2926 3040/4278/2914
f 3046/4290/2920 3044/4285/2918 3055/4302/2927
f 3049/4294/2922 3036/4274/2910 3037/4275/2911
f 3040/4278/2914 3054/4301/2926 3056/4303/2928
f 3042/4281/2916 3020/4287/2900 3057/4304/2929
f 3051/4305/2924 3042/4306/2916 3057/4307/2929
f 3044/4285/2918 3038/4276/2912 3058/4308/2930
f 3040/4278/2914 3056/4303/2928 3050/4296/2923
f 3059/4309/22 3057/4310/2929 3060/4311/22
f 3061/4312/22 3057/4313/2929 3062/4314/2931
f 3059/4309/22 3051/4298/2924 3057/4310/2929
f 3063/4315/2932 3064/4316/2933 3065/4317/2934
f 3066/4318/22 3054/4301/2926 3067/4319/22
f 3054/4301/2926 3068/4320/2935 3067/4319/22
f 3069/4321/22 3070/4322/22 3071/4323/2872
f 3071/4323/2872 3072/4324/22 3073/4325/2936
f 3074/4326/2872 3075/4327/22 3076/4328/22
f 3077/4329/2937 3074/4330/2872 3078/4331/2938
f 3078/4331/2938 3074/4330/2872 3079/4332/2939
f 3079/4332/2939 3066/4333/22 3080/4334/2940
f 3020/4287/2900 3046/4289/2920 3081/4335/2941
f 3047/4291/2921 3033/4270/2907 3050/4295/2923
f 3057/4304/2929 3020/4287/2900 3081/4335/2941
f 3082/4336/2942 3038/4276/2912 3039/4277/2913
f 3046/4290/2920 3055/4302/2927 3081/4337/2941
f 3083/4338/2943 3050/4296/2923 3056/4303/2928
f 3039/4277/2913 3026/4259/2903 3082/4336/2942
f 3062/4314/2931 3057/4313/2929 3084/4339/2944
f 3074/4340/2872 3054/4301/2926 3066/4318/22
f 3085/4341/2931 3062/4314/2931 3084/4339/2944
f 3085/4342/2931 3086/4343/2931 3087/4344/2945
f 3084/4339/2944 3086/4345/2931 3085/4341/2931
f 3070/4346/22 3088/4347/2946 3089/4348/2931
f 3070/4322/22 3089/4349/2931 3071/4323/2872
f 3076/4328/22 3072/4324/22 3071/4323/2872
f 3076/4328/22 3071/4323/2872 3074/4326/2872
f 3066/4333/22 3079/4332/2939 3074/4330/2872
f 3044/4285/2918 3058/4308/2930 3055/4302/2927
f 3081/4337/2941 3055/4302/2927 3058/4308/2930
f 3083/4350/2943 3047/4291/2921 3050/4295/2923
f 3081/4337/2941 3058/4308/2930 3090/4351/2947
f 3037/4275/2911 3047/4291/2921 3091/4352/2948
f 3057/4304/2929 3081/4335/2941 3090/4353/2947
f 3082/4336/2942 3058/4308/2930 3038/4276/2912
f 3056/4354/2928 3092/4355/2949 3083/4350/2943
f 3049/4294/2922 3037/4275/2911 3093/4356/2950
f 3091/4352/2948 3047/4291/2921 3083/4350/2943
f 3056/4303/2928 3054/4301/2926 3092/4357/2949
f 3086/4345/2931 3084/4339/2944 3089/4349/2931
f 3084/4339/2944 3071/4323/2872 3089/4349/2931
f 3071/4323/2872 3084/4339/2944 3094/4358/2951
f 3071/4323/2872 3094/4358/2951 3074/4326/2872
f 3093/4356/2950 3037/4275/2911 3091/4352/2948
f 3026/4259/2903 3049/4294/2922 3095/4359/2952
f 3054/4301/2926 3096/4360/2953 3092/4357/2949
f 3095/4359/2952 3049/4294/2922 3093/4356/2950
f 3082/4336/2942 3026/4259/2903 3095/4359/2952
f 3090/4353/2947 3097/4361/2954 3057/4304/2929
f 3057/4313/2929 3097/4362/2954 3084/4339/2944
f 3054/4301/2926 3074/4340/2872 3096/4360/2953
f 3083/4350/2943 3092/4355/2949 3098/4363/2955
f 3092/4355/2949 3096/4364/2953 3098/4363/2955
f 3098/4363/2955 3091/4352/2948 3083/4350/2943
f 3058/4308/2930 3099/4365/2956 3090/4351/2947
f 3090/4351/2947 3099/4365/2956 3097/4366/2954
f 3082/4336/2942 3100/4367/2957 3058/4308/2930
f 3074/4326/2872 3094/4358/2951 3096/4368/2953
f 3100/4367/2957 3099/4365/2956 3058/4308/2930
f 3097/4366/2954 3101/4369/2958 3084/4370/2944
f 3098/4363/2955 3093/4356/2950 3091/4352/2948
f 3082/4336/2942 3095/4359/2952 3100/4367/2957
f 3099/4365/2956 3101/4369/2958 3097/4366/2954
f 3101/4369/2958 3102/4371/2959 3084/4370/2944
f 3103/4372/2960 3096/4373/2953 3094/4374/2951
f 3093/4356/2950 3103/4375/2960 3095/4359/2952
f 3084/4376/2944 3102/4377/2959 3094/4374/2951
f 3098/4363/2955 3103/4375/2960 3093/4356/2950
f 3096/4373/2953 3103/4372/2960 3098/4378/2955
f 3100/4367/2957 3095/4359/2952 3102/4371/2959
f 3099/4365/2956 3100/4367/2957 3101/4369/2958
f 3101/4369/2958 3100/4367/2957 3102/4371/2959
f 3094/4374/2951 3102/4377/2959 3103/4372/2960
f 3103/4375/2960 3102/4371/2959 3095/4359/2952
f 315/4379/22 231/344/22 204/299/22
f 443/656/401 442/658/400 577/4380/22
f 1043/1578/988 1113/1577/1058 1190/1684/465
f 3052/4299/22 3051/4298/2924 3059/4309/22
f 46/69/22 47/70/42 70/97/57
f 1584/2215/1524 1586/2217/22 3104/4381/22
f 3086/4382/2931 3064/4316/2933 3063/4315/2932
f 3086/4383/2931 3063/4384/2932 3065/4385/2934
f 3029/4386/22 3028/4271/22 3035/4273/2909
f 577/846/22 576/848/532 633/926/22
f 2727/3821/2634 2728/3823/2635 2763/4387/22
f 182/270/22 180/267/148 179/266/147
f 182/270/22 179/266/147 152/227/22
f 2987/4206/22 2990/4209/22 2979/4197/22
f 3069/4321/22 3071/4323/2872 3073/4325/2936
f 92/138/22 93/140/74 120/4388/22
f 444/4389/22 443/4390/401 577/4391/22
f 973/1383/22 899/1382/465 1044/1479/989
f 153/230/22 91/183/22 151/226/22
f 3012/4240/22 3010/4238/2542 3023/4254/22
f 1812/2548/1744 1868/2635/22 1996/2812/1924
f 1812/2548/1744 1996/2812/1924 1995/2811/22
f 45/68/22 44/67/41 46/69/22
f 3029/4392/22 3035/4393/2909 3034/4394/2908
f 2173/3044/22 2172/3043/22 2279/3189/22
f 1737/2439/22 1739/2441/1671 1811/2547/1743
f 3065/4395/2934 3089/4348/2931 3088/4347/2946
f 271/4396/234 270/396/149 313/458/22
f 2789/3919/22 2788/3918/22 2630/3674/22
f 3068/4320/2935 3054/4301/2926 3053/4300/2925
f 50/73/22 49/72/43 48/71/22
f 3015/4243/22 3014/4242/2895 3016/4244/2896
f 150/225/22 181/269/149 230/343/196
f 3031/4264/22 3022/4253/22 3021/4252/22
f 3075/4327/22 3074/4326/2872 3077/4397/2937
f 2460/3446/22 2276/3184/22 2275/3183/22
f 68/95/55 56/79/22 65/92/22
f 106/161/84 95/142/22 94/141/22
f 29/45/22 52/75/45 51/74/44
f 3065/4398/2934 3088/4399/2946 3070/4400/22
f 230/4401/196 271/4402/234 313/4403/22
f 1114/1580/22 1042/1477/22 1041/1476/22
f 3060/4311/22 3057/4310/2929 3061/4404/22
f 2987/4206/22 2979/4197/22 2978/4196/22
f 120/179/22 117/175/93 136/206/110
f 120/4405/22 136/4406/110 118/4407/94
f 1271/1788/22 1115/1581/1059 1114/1580/22
f 119/178/22 105/160/22 106/161/84
f 2954/4166/2542 2963/4176/2857 2981/4199/2871
f 55/78/46 34/54/22 53/76/22
f 152/227/22 137/209/22 138/208/22
f 508/927/465 900/1290/848 902/1292/850
f 3061/4312/22 3062/4314/2931 3085/4341/2931
f 2887/4063/22 2830/3982/22 2864/4030/22
f 2463/3449/22 2462/3448/2332 2512/3513/2425
f 2575/4408/2332 2632/3669/22 2633/3671/22
f 3068/4320/2935 3053/4300/2925 3048/4292/2915
f 3067/4319/22 3068/4320/2935 3048/4292/2915
f 1043/1578/988 1190/1684/465 1348/1894/1289
f 1813/4409/1745 1735/2434/1671 1736/2435/22
f 204/299/22 182/270/22 152/227/22
f 3073/4325/2936 3072/4324/22 3076/4328/22
f 511/746/22 510/744/467 509/743/466
f 3001/4225/22 3000/4224/2886 3011/4239/22
f 1587/2220/465 1738/2440/22 1737/2439/22
f 1588/2221/1525 1587/2220/465 1737/2439/22
f 2864/4030/22 2787/3917/22 2789/3919/22
f 3104/4410/22 1269/4411/22 1271/4412/22
f 151/226/22 150/225/22 230/343/196
f 41/63/38 68/95/55 65/92/22
f 3078/4331/2938 3079/4332/2939 3080/4334/2940
f 3077/4329/2937 3078/4331/2938 3080/4334/2940
f 3005/4232/22 2989/4208/22 2988/4207/22
f 3016/4244/2896 3005/4232/22 2988/4207/22
f 509/743/466 383/745/22 232/461/22
f 509/743/466 232/461/22 316/463/275
f 509/4413/466 316/4414/275 315/4415/22
f 902/4416/850 901/1384/849 973/1383/22
f 48/71/22 28/44/22 45/68/22
f 70/97/57 26/41/26 69/96/56
f 699/1016/22 762/1100/713 830/1204/22
f 1041/1476/22 699/1016/22 830/1204/22
f 2966/4179/2859 2936/4130/22 2918/4099/22
f 2789/3919/22 2630/3674/22 2635/3673/22
f 138/208/22 107/182/22 121/181/95
f 138/208/22 121/181/95 119/180/22
f 2052/2896/22 2112/2975/22 2173/3044/22
f 2917/4098/2814 2888/4064/2785 2887/4063/22
f 2170/3041/2094 2051/2895/22 2050/4417/22
f 120/4418/22 118/4419/94 135/4420/109
f 1585/4421/22 1584/4422/1524 3104/4423/22
f 2978/4196/22 2964/4177/22 2965/4178/2858
f 1508/2218/465 1588/2221/1525 1737/2439/22
f 1737/2439/22 1811/2547/1743 1812/2548/1744
f 3067/4319/22 3048/4292/2915 3041/4280/2915
f 2512/4424/2425 2575/4408/2332 2633/3671/22
f 1933/2725/1863 1866/2631/22 1813/2633/1745
f 1934/4425/22 1933/4426/1863 1813/4427/1745
f 3043/4428/2917 3042/4297/2916 3052/4299/22
f 3041/4429/2915 3030/4263/2905 3031/4264/22
f 65/92/22 54/77/22 55/78/46
f 65/92/22 55/78/46 53/76/22
f 3023/4254/22 3024/4255/2901 3029/4262/22
f 78/116/22 41/63/38 65/92/22
f 119/178/22 106/161/84 94/141/22
f 2275/3183/22 2171/3042/22 2170/3041/2094
f 2460/3446/22 2275/3183/22 2170/3041/2094
f 69/4430/56 67/115/22 77/114/22
f 3067/4431/22 3041/4429/2915 3031/4264/22
f 2633/3671/22 2631/3670/2542 2727/4432/2634
f 2791/4433/22 2790/4027/2542 2863/4029/2762
f 2634/3672/22 2511/3512/22 2461/3447/22
f 3052/4299/22 3059/4309/22 3060/4311/22
f 1508/2218/465 1737/2439/22 1812/2548/1744
f 3001/4225/22 3011/4239/22 3012/4240/22
f 78/116/22 65/92/22 53/76/22
f 314/459/22 312/457/149 444/659/22
f 761/1099/22 697/1013/651 696/1012/650
f 761/1099/22 696/1012/650 511/748/22
f 46/69/22 70/97/57 69/96/56
f 3052/4299/22 3060/4311/22 3061/4404/22
f 1043/1578/988 1348/1894/1289 1347/1893/1288
f 314/459/22 444/659/22 577/4434/22
f 3065/4435/2934 3070/4322/22 3069/4321/22
f 2791/4433/22 2863/4029/2762 2862/4028/2542
f 3043/4428/2917 3052/4299/22 3061/4404/22
f 80/118/22 79/117/64 78/116/22
f 2978/4196/22 2965/4178/2858 2966/4179/2859
f 3015/4243/22 3016/4244/2896 2988/4207/22
f 763/1101/22 508/927/465 902/1292/850
f 973/1383/22 1044/1479/989 1043/1478/988
f 511/746/22 509/743/466 315/4436/22
f 2980/4198/2542 3001/4225/22 3012/4240/22
f 2981/4199/2871 2980/4198/2542 3012/4240/22
f 2954/4166/2542 2981/4199/2871 3012/4240/22
f 2279/4437/22 2277/4438/2196 2414/4439/2332
f 204/299/22 152/227/22 138/208/22
f 3073/4325/2936 3076/4328/22 3075/4327/22
f 3021/4252/22 3015/4243/22 2988/4207/22
f 2789/3919/22 2635/3673/22 2634/3675/22
f 761/4440/22 511/746/22 315/4436/22
f 3029/4441/22 3034/4283/2908 3043/4282/2917
f 763/4442/22 902/4416/850 973/1383/22
f 2966/4179/2859 2918/4099/22 2917/4098/2814
f 3012/4240/22 3023/4254/22 3029/4262/22
f 2954/4166/2542 3012/4240/22 3029/4262/22
f 2460/3446/22 2170/3041/2094 2050/4417/22
f 3043/4428/2917 3061/4404/22 3085/4443/2931
f 53/76/22 29/45/22 51/74/44
f 3077/4329/2937 3080/4334/2940 3066/4333/22
f 3077/4444/2937 3066/4445/22 3067/4446/22
f 3077/4447/2937 3067/4431/22 3031/4264/22
f 50/73/22 48/71/22 45/68/22
f 2461/3447/22 2460/3446/22 2050/4417/22
f 2414/3381/2332 2463/3449/22 2512/3513/2425
f 3029/4448/22 3043/4449/2917 3085/4450/2931
f 2954/4451/2542 3029/4452/22 3085/4453/2931
f 3086/4454/2931 3065/4455/2934 3069/4456/22
f 2279/4437/22 2414/4439/2332 2512/4457/2425
f 78/116/22 53/76/22 51/74/44
f 2791/4433/22 2862/4028/2542 2955/4165/2849
f 135/229/109 153/230/22 151/226/22
f 135/229/109 151/226/22 230/343/196
f 50/73/22 45/68/22 46/69/22
f 46/4458/22 69/4430/56 77/114/22
f 50/4459/22 46/4458/22 77/114/22
f 50/4460/22 77/4461/22 120/4388/22
f 135/4462/109 230/4463/196 313/4464/22
f 577/846/22 633/926/22 700/1017/22
f 314/4465/22 577/4466/22 700/4467/22
f 315/4379/22 204/299/22 138/208/22
f 761/4468/22 315/4379/22 138/208/22
f 2791/4469/22 2955/4470/2849 2954/4471/2542
f 2791/4472/22 2954/4473/2542 3085/4342/2931
f 2633/3671/22 2727/4432/2634 2763/3925/22
f 2633/3671/22 2763/3925/22 2791/3924/22
f 138/208/22 119/180/22 94/4474/22
f 761/4468/22 138/208/22 94/4474/22
f 2633/4475/22 2791/4472/22 3085/4342/2931
f 2789/3919/22 2634/3675/22 2461/4476/22
f 2789/3919/22 2461/4476/22 2050/4477/22
f 3069/4478/22 3073/4479/2936 3075/4480/22
f 50/4460/22 120/4388/22 135/4481/109
f 50/4460/22 135/4481/109 313/4482/22
f 3031/4264/22 3021/4252/22 2988/4207/22
f 3077/4447/2937 3031/4264/22 2988/4207/22
f 80/118/22 78/116/22 51/74/44
f 2279/4437/22 2512/4457/2425 2633/4483/22
f 2279/4484/22 2633/4475/22 3085/4342/2931
f 1041/1476/22 830/1204/22 761/1099/22
f 1041/4485/22 761/4468/22 94/4474/22
f 1736/2435/22 1659/2332/22 1585/2331/22
f 2917/4098/2814 2887/4063/22 2864/4030/22
f 2966/4179/2859 2917/4098/2814 2864/4030/22
f 2978/4196/22 2966/4179/2859 2864/4030/22
f 2978/4196/22 2864/4030/22 2789/3919/22
f 2978/4196/22 2789/3919/22 2050/4477/22
f 3086/4486/2931 3069/4487/22 3075/4488/22
f 1043/1578/988 1347/1893/1288 1509/2107/1449
f 1736/2435/22 1585/2331/22 3104/4489/22
f 1736/4490/22 3104/4491/22 1271/4492/22
f 1736/4493/22 1271/4494/22 1114/4495/22
f 1508/4496/465 1812/4497/1744 1995/4498/22
f 3075/4499/22 3077/4447/2937 2988/4207/22
f 3086/4343/2931 3075/4499/22 2988/4207/22
f 2173/4500/22 2279/4484/22 3085/4342/2931
f 1043/1578/988 1509/2107/1449 1508/2106/465
f 1043/4501/988 1508/4502/465 1995/4503/22
f 973/1383/22 1043/1478/988 1995/4504/22
f 763/4442/22 973/1383/22 1995/4504/22
f 763/4442/22 1995/4504/22 2052/4505/22
f 94/141/22 80/118/22 51/74/44
f 1041/4485/22 94/4474/22 51/4506/44
f 1934/4507/22 1813/4508/1745 1736/4509/22
f 1934/4510/22 1736/4493/22 1114/4495/22
f 1114/4511/22 1041/4485/22 51/4506/44
f 1934/4512/22 1114/4511/22 51/4506/44
f 2987/4206/22 2978/4196/22 2050/4477/22
f 2173/4500/22 3085/4342/2931 3087/4344/2945
f 2173/4500/22 3087/4344/2945 3086/4343/2931
f 2173/4500/22 3086/4343/2931 2988/4207/22
f 2987/4206/22 2050/4477/22 1934/4512/22
f 2987/4206/22 1934/4512/22 51/4506/44
f 700/4513/22 763/4442/22 2052/4505/22
f 314/4514/22 700/4513/22 2052/4505/22
f 314/4514/22 2052/4505/22 2173/4515/22
f 314/4516/22 2173/4500/22 2988/4207/22
f 314/4516/22 2988/4207/22 2987/4206/22
f 314/4516/22 2987/4206/22 51/4506/44
f 51/4517/44 50/4460/22 313/4482/22
f 313/4482/22 314/4518/22 51/4517/44
f 1269/4519/22 3104/4381/22 1586/2217/22
f 1586/2217/22 1585/2216/22 1269/4519/22
f 3089/4349/2931 3065/4435/2934 3064/4520/2933
f 3089/4349/2931 3064/4520/2933 3086/4345/2931
f 120/4388/22 93/140/74 66/139/22
f 91/136/22 120/4521/22 66/137/22
f 92/138/22 120/4388/22 77/4461/22
f 66/139/22 92/138/22 77/4461/22
