# 3ds Max Wavefront OBJ Exporter v0.97b - (c)2007 guruware
# File Created: 16.09.2014 16:08:43

mtllib Zombie.mtl

#
# object DrawCall_0026
#

v  -0.269623 1.605032 0.172823
v  -0.141229 1.581734 0.202089
v  -0.205492 1.511939 0.240538
v  -0.548678 1.011293 -0.216082
v  -0.586617 1.017185 -0.215963
v  -0.550231 0.961561 -0.227217
v  -0.597949 0.966785 -0.183764
v  -0.563219 0.964972 -0.176954
v  -0.562087 0.881796 -0.201540
v  -0.518552 0.993877 -0.160597
v  -0.533467 0.901174 -0.202482
v  -0.563219 0.964972 -0.176954
v  -0.048291 1.778677 0.332659
v  -0.085816 1.800968 0.310736
v  -0.059187 1.785720 0.316935
v  0.350128 0.795397 -0.000101
v  0.376976 0.752916 -0.026873
v  0.358494 0.785735 0.036898
v  0.313274 0.746500 0.044252
v  0.312494 0.672237 0.000925
v  0.301146 0.753792 0.007746
v  0.284124 0.798671 -0.024252
v  0.301146 0.753792 0.007746
v  0.312470 0.692941 -0.032530
v  -0.006029 1.757278 0.338778
v  0.009268 1.751062 0.326841
v  0.037833 1.738360 0.328630
v  0.006489 0.831285 0.290762
v  -0.065719 0.774454 0.467310
v  -0.081219 0.853397 0.480814
v  0.001994 0.909512 0.293695
v  0.006489 0.831285 0.290762
v  -0.081219 0.853397 0.480814
v  -0.065719 0.774454 0.467310
v  0.001994 0.909512 0.293695
v  -0.394045 0.853205 -0.034426
v  -0.447577 0.841263 -0.032393
v  -0.397417 0.893453 -0.051649
v  -0.464677 0.876547 -0.051413
v  -0.113374 1.702885 -0.028357
v  -0.116020 1.701573 0.022093
v  -0.014193 1.693026 0.019865
v  -0.215849 1.732149 0.014997
v  -0.061193 1.283185 -0.150526
v  -0.264652 1.325108 -0.141146
v  -0.244079 1.464152 -0.094263
v  -0.038395 1.465042 -0.081865
v  0.136585 0.704967 -0.127707
v  0.162933 0.739809 -0.123526
v  0.149588 0.679787 -0.080778
v  0.180962 0.705996 -0.065809
v  0.101675 1.653989 0.007441
v  -0.014193 1.693026 0.019865
v  0.075436 1.664411 0.059744
v  0.189493 1.625414 0.073645
v  -0.061193 1.283185 -0.150526
v  0.142290 1.389154 -0.018286
v  0.132011 1.252369 -0.080122
v  -0.038395 1.465042 -0.081865
v  0.315124 0.252691 -0.184111
v  0.328759 0.173697 -0.293486
v  0.413322 0.201214 -0.295393
v  0.401451 0.253572 -0.194063
v  0.186980 0.187685 -0.308065
v  0.165493 0.081844 -0.367689
v  0.080477 0.073023 -0.323370
v  0.102221 0.174832 -0.261679
v  0.212930 0.251066 -0.138456
v  0.186980 0.187685 -0.308065
v  0.102221 0.174832 -0.261679
v  0.187143 0.220978 -0.233583
v  0.315124 0.252691 -0.184111
v  0.413322 0.201214 -0.295393
v  0.328759 0.173697 -0.293486
v  0.401451 0.253572 -0.194063
v  0.186980 0.187685 -0.308065
v  0.080477 0.073023 -0.323370
v  0.165493 0.081844 -0.367689
v  0.102221 0.174832 -0.261679
v  0.212930 0.251066 -0.138456
v  0.102221 0.174832 -0.261679
v  0.186980 0.187685 -0.308065
v  0.187143 0.220978 -0.233583
v  -0.451269 0.559862 0.294367
v  -0.495380 0.588165 0.098970
v  -0.436924 0.736000 0.145197
v  -0.394334 0.792303 0.294954
v  0.156979 0.735535 0.004541
v  0.209668 0.566486 -0.027205
v  0.250463 0.580048 0.170347
v  0.139051 0.768166 0.162390
v  -0.485913 0.827005 0.004530
v  -0.511856 0.821157 -0.000589
v  -0.549716 0.929629 0.036089
v  -0.512839 0.937941 0.043371
v  -0.485352 0.778278 -0.013788
v  -0.557591 0.855583 0.260839
v  -0.512839 0.937941 0.043371
v  -0.534286 0.943966 0.043238
v  -0.609843 0.681894 0.720892
v  -0.536956 0.848438 0.262220
v  -0.485913 0.827005 0.004530
v  -0.584470 0.694527 0.665125
v  -0.511630 0.737616 0.235403
v  -0.546977 0.688126 0.477724
v  -0.485352 0.778278 -0.013788
v  -0.609843 0.681894 0.720892
v  -0.594640 0.660999 0.668322
v  -0.512348 0.686308 0.226423
v  -0.552362 0.644104 0.475348
v  -0.557591 0.855583 0.260839
v  -0.534286 0.943966 0.043238
v  -0.549716 0.929629 0.036089
v  -0.572342 0.840460 0.255232
v  -0.609843 0.681894 0.720892
v  -0.511856 0.821157 -0.000589
v  -0.576049 0.681570 0.471983
v  -0.615892 0.687450 0.658922
v  -0.537572 0.731770 0.230280
v  -0.485352 0.778278 -0.013788
v  -0.552362 0.644104 0.475348
v  -0.594640 0.660999 0.668322
v  -0.512348 0.686308 0.226423
v  -0.609843 0.681894 0.720892
v  -0.497417 0.844030 -0.028063
v  -0.533155 0.853941 -0.028345
v  -0.559261 0.942341 0.002081
v  -0.471631 0.867811 -0.016199
v  -0.533475 0.966118 0.013948
v  -0.497737 0.956207 0.014227
v  -0.562867 0.930173 0.034037
v  -0.536761 0.841772 0.003607
v  -0.501023 0.831861 0.003881
v  -0.537081 0.953954 0.045908
v  -0.475237 0.855637 0.015753
v  -0.501343 0.944037 0.046175
v  -0.501343 0.944037 0.046175
v  -0.497737 0.956207 0.014227
v  -0.533475 0.966118 0.013948
v  -0.537081 0.953954 0.045908
v  -0.475237 0.855637 0.015753
v  -0.471631 0.867811 -0.016199
v  -0.501023 0.831861 0.003881
v  -0.497417 0.844030 -0.028063
v  -0.537081 0.953954 0.045908
v  -0.533475 0.966118 0.013948
v  -0.559261 0.942341 0.002081
v  -0.562867 0.930173 0.034037
v  -0.533155 0.853941 -0.028345
v  -0.536761 0.841772 0.003607
v  -0.497417 0.844030 -0.028063
v  -0.501023 0.831861 0.003881
v  -0.461578 1.067219 -0.281294
v  -0.446562 1.016363 -0.298796
v  -0.499938 1.077860 -0.281584
v  -0.474238 0.990843 -0.311537
v  -0.512590 1.001478 -0.311834
v  -0.527606 1.052338 -0.294325
v  -0.518631 0.981097 -0.258303
v  -0.533647 1.031954 -0.240801
v  -0.474238 0.990843 -0.311537
v  -0.505971 1.057474 -0.228060
v  -0.499938 1.077860 -0.281584
v  -0.480278 0.970459 -0.258005
v  -0.467627 1.046837 -0.227758
v  -0.461578 1.067219 -0.281294
v  -0.499938 1.077860 -0.281584
v  -0.505971 1.057474 -0.228060
v  -0.452603 0.995974 -0.245272
v  -0.446562 1.016363 -0.298796
v  -0.480278 0.970459 -0.258005
v  -0.474238 0.990843 -0.311537
v  -0.501608 0.948015 0.013369
v  -0.473871 1.041582 -0.232336
v  -0.503325 1.049757 -0.232557
v  -0.531063 0.956190 0.013144
v  -0.489067 0.905561 -0.001238
v  -0.461337 0.999124 -0.246950
v  -0.510319 0.885958 -0.011023
v  -0.482589 0.979523 -0.256739
v  -0.531063 0.956190 0.013144
v  -0.503325 1.049757 -0.232557
v  -0.524585 1.030153 -0.242350
v  -0.552315 0.936588 0.003363
v  -0.512043 0.987694 -0.256960
v  -0.539781 0.894129 -0.011255
v  -0.482589 0.979523 -0.256739
v  -0.510319 0.885958 -0.011023
v  -0.269623 1.605032 0.172823
v  -0.194067 1.678348 0.258696
v  -0.167648 1.599913 0.280943
v  -0.205492 1.511939 0.240538
v  -0.096984 1.551462 0.288416
v  -0.104383 1.475356 0.262980
v  0.119672 1.511224 0.236994
v  -0.018423 1.574064 0.315042
v  0.038496 1.638062 0.311831
v  0.003742 1.471574 0.281645
v  -0.096984 1.551462 0.288416
v  -0.104383 1.475356 0.262980
v  -0.361890 1.664976 -0.104429
v  -0.469227 1.643295 -0.015917
v  -0.397331 1.570868 -0.156439
v  -0.439390 1.588129 0.099100
v  -0.533077 1.555901 -0.043558
v  -0.449934 1.472910 -0.236013
v  -0.357761 1.545601 0.162512
v  -0.504247 1.501101 0.082335
v  -0.629238 1.437875 -0.099924
v  -0.610421 1.377424 0.069658
v  -0.297618 1.525065 0.155787
v  -0.346796 1.439674 0.135962
v  -0.622729 1.410027 0.157869
v  -0.440147 1.316961 0.201727
v  -0.328478 1.479132 0.099527
v  -0.230530 1.440741 0.037859
v  -0.327526 1.224088 0.121370
v  -0.300811 1.568732 -0.110159
v  -0.267516 1.292720 -0.001280
v  -0.286825 1.398896 -0.209455
v  -0.252195 1.513636 -0.142462
v  -0.361890 1.664976 -0.104429
v  -0.397331 1.570868 -0.156439
v  -0.444182 1.506506 -0.246523
v  -0.362444 1.666433 -0.106668
v  -0.397768 1.572519 -0.158560
v  -0.471194 1.644906 -0.016695
v  -0.449934 1.472910 -0.236013
v  -0.535122 1.557631 -0.043554
v  -0.441505 1.589315 0.100740
v  -0.629238 1.437875 -0.099924
v  -0.610421 1.377424 0.069658
v  -0.505745 1.501642 0.084570
v  -0.358737 1.545301 0.165213
v  -0.622729 1.410027 0.157869
v  -0.440147 1.316961 0.201727
v  -0.346351 1.438919 0.138491
v  -0.297556 1.523284 0.157801
v  -0.327526 1.224088 0.121370
v  -0.228134 1.439951 0.038401
v  -0.328736 1.476925 0.100039
v  -0.267516 1.292720 -0.001280
v  -0.286825 1.398896 -0.209455
v  -0.299874 1.568012 -0.111990
v  -0.250424 1.514318 -0.144178
v  -0.444182 1.506506 -0.246523
v  -0.397768 1.572519 -0.158560
v  -0.362444 1.666433 -0.106668
v  -0.270466 1.605290 0.173983
v  -0.167648 1.599913 0.280943
v  -0.194067 1.678348 0.258696
v  -0.205969 1.512097 0.241964
v  -0.096984 1.551462 0.288416
v  -0.104727 1.475164 0.264540
v  -0.067772 1.690256 0.343782
v  -0.092497 1.708024 0.332945
v  -0.053989 1.700393 0.283846
v  -0.112586 1.701612 0.310232
v  -0.106217 1.706339 0.277243
v  -0.117175 1.690226 0.313860
v  -0.113172 1.690069 0.275019
v  -0.070644 1.670710 0.294855
v  -0.117175 1.690226 0.313860
v  -0.099755 1.692858 0.334860
v  -0.072291 1.681293 0.343584
v  -0.038395 1.465042 -0.081865
v  -0.244079 1.464152 -0.094263
v  -0.213859 1.663124 -0.060472
v  -0.113374 1.702885 -0.028357
v  -0.013038 1.646994 -0.031305
v  -0.340388 1.356577 0.046259
v  -0.328736 1.476925 0.100039
v  -0.215849 1.732149 0.014997
v  -0.014193 1.693026 0.019865
v  -0.314008 1.390533 0.182432
v  -0.297556 1.523284 0.157801
v  -0.328158 1.427466 0.196436
v  -0.245327 1.351915 0.261103
v  -0.245421 1.392082 0.275278
v  -0.270466 1.605290 0.173983
v  -0.296229 1.523444 0.202139
v  -0.205969 1.512097 0.241964
v  -0.134541 1.346080 0.288588
v  -0.130630 1.377667 0.299913
v  -0.104727 1.475164 0.264540
v  -0.259665 0.022285 -0.006926
v  -0.401725 0.021532 0.075415
v  -0.342839 0.022215 0.000875
v  -0.234697 0.021428 0.087015
v  -0.373761 0.020561 0.181562
v  -0.109448 0.020494 0.189146
v  -0.169732 0.020022 0.241079
v  -0.340279 0.019284 0.322012
v  -0.051874 0.019454 0.303202
v  -0.127064 0.018933 0.360086
v  -0.277740 0.018583 0.398642
v  -0.115614 0.019012 0.351545
v  -0.141401 1.733973 0.175943
v  -0.128266 1.776428 0.145903
v  -0.119673 1.753576 0.176893
v  -0.138950 1.721325 0.190962
v  -0.109886 1.779557 0.177000
v  -0.116199 1.805656 0.151606
v  -0.107100 1.807842 0.177374
v  -0.111337 1.774445 0.201559
v  -0.128266 1.776428 0.145903
v  -0.107100 1.807842 0.177374
v  -0.116199 1.805656 0.151606
v  -0.141401 1.733973 0.175943
v  -0.111337 1.774445 0.201559
v  -0.138950 1.721325 0.190962
v  -0.072291 1.681293 0.343584
v  -0.099755 1.692858 0.334860
v  -0.080158 1.668383 0.352747
v  -0.108793 1.679565 0.343588
v  -0.117175 1.690226 0.313860
v  -0.085262 1.655542 0.342951
v  -0.116801 1.666911 0.331293
v  -0.112586 1.701612 0.310232
v  -0.128882 1.711716 0.293039
v  -0.144179 1.672119 0.289080
v  -0.098842 1.627453 0.338247
v  -0.132168 1.647594 0.326097
v  -0.092497 1.708024 0.332945
v  -0.094948 1.727613 0.315557
v  -0.121507 1.747253 0.299196
v  -0.125432 1.763169 0.265913
v  -0.135750 1.720207 0.252642
v  -0.106506 1.607590 0.321486
v  -0.067772 1.690256 0.343782
v  -0.058828 1.705105 0.334074
v  -0.073578 1.721739 0.326960
v  -0.102245 1.767910 0.307123
v  -0.104493 1.787325 0.285460
v  -0.111337 1.774445 0.201559
v  -0.056713 1.714136 0.351133
v  -0.066796 1.722092 0.346827
v  -0.058180 1.742043 0.325140
v  -0.061419 1.733468 0.347483
v  -0.050008 1.727358 0.351229
v  -0.070238 1.762425 0.311789
v  -0.079978 1.751586 0.318636
v  -0.040658 1.762682 0.322729
v  -0.030497 1.759253 0.328100
v  -0.059187 1.785720 0.316935
v  -0.079573 1.779803 0.300344
v  -0.048291 1.778677 0.332659
v  -0.024199 1.772855 0.332315
v  -0.085816 1.800968 0.310736
v  -0.040604 1.789434 0.333151
v  -0.012538 1.792860 0.321917
v  -0.089789 1.820087 0.270552
v  -0.076700 1.817331 0.311304
v  -0.056978 1.823072 0.302313
v  0.018508 1.847059 0.297346
v  -0.036850 1.860636 0.277060
v  -0.091209 1.833101 0.208952
v  -0.138950 1.721325 0.190962
v  -0.119673 1.753576 0.176893
v  0.042945 1.875734 0.228708
v  -0.027828 1.879215 0.214476
v  -0.084380 1.830887 0.139223
v  -0.140098 1.672062 0.213221
v  -0.150353 1.687496 0.108072
v  -0.159195 1.636663 0.161715
v  -0.121132 1.744213 0.139410
v  -0.021092 1.870717 0.134382
v  -0.139575 1.629662 0.313536
v  -0.133955 1.622158 0.249453
v  -0.141299 1.582554 0.203482
v  -0.052163 1.815392 0.087538
v  -0.086831 1.742485 0.080194
v  -0.092887 1.588791 0.263109
v  -0.083287 1.547728 0.227213
v  0.018399 1.785257 0.080271
v  -0.017315 1.722397 0.074198
v  0.047682 1.855766 0.125460
v  -0.014193 1.693026 0.019865
v  -0.116020 1.701573 0.022093
v  -0.244079 1.464152 -0.094263
v  -0.328736 1.476925 0.100039
v  -0.299874 1.568012 -0.111990
v  -0.297556 1.523284 0.157801
v  -0.234261 1.502805 0.053652
v  -0.273065 1.534050 -0.107813
v  -0.270466 1.605290 0.173983
v  -0.340412 1.587523 0.174494
v  -0.358737 1.545301 0.165213
v  -0.347498 1.479973 0.099577
v  -0.320416 1.364122 -0.015020
v  -0.350870 1.408323 -0.145460
v  -0.244453 1.691765 0.124800
v  -0.372543 1.668350 0.138655
v  -0.441505 1.589315 0.100740
v  -0.444588 1.524811 0.062101
v  -0.388527 1.391447 0.079248
v  -0.396488 1.358217 0.044321
v  -0.326199 1.343334 -0.025896
v  -0.366175 1.361296 -0.152842
v  -0.372793 1.734173 0.021292
v  -0.471194 1.644906 -0.016695
v  -0.470413 1.566293 -0.037863
v  -0.487443 1.420385 0.015173
v  -0.337859 1.257803 0.002546
v  -0.215849 1.732149 0.014997
v  -0.363154 1.282780 -0.167673
v  -0.362444 1.666433 -0.106668
v  -0.384125 1.573877 -0.113298
v  -0.308584 1.699238 -0.072649
v  -0.213859 1.663124 -0.060472
v  -0.442707 1.162871 -0.135527
v  -0.299874 1.568012 -0.111990
v  -0.244079 1.464152 -0.094263
v  -0.428924 1.131493 -0.015707
v  -0.273065 1.534050 -0.107813
v  -0.442293 1.261562 0.074839
v  -0.497457 1.131149 0.032785
v  -0.350870 1.408323 -0.145460
v  -0.561416 1.286131 0.025064
v  -0.491127 1.396634 0.013868
v  -0.568807 1.151358 -0.000868
v  -0.467955 1.433805 -0.168982
v  -0.440217 1.462651 -0.144674
v  -0.366175 1.361296 -0.152842
v  -0.527473 1.407259 -0.068159
v  -0.512878 1.449100 -0.054495
v  -0.573926 1.213812 -0.109156
v  -0.469953 1.387699 -0.164495
v  -0.363154 1.282780 -0.167673
v  -0.587218 1.302114 -0.101507
v  -0.494576 1.300199 -0.186735
v  -0.501117 1.213648 -0.164988
v  -0.442707 1.162871 -0.135527
v  -0.038395 1.465042 -0.081865
v  -0.081040 1.310349 -0.056101
v  -0.244079 1.464152 -0.094263
v  -0.103946 1.188412 -0.039808
v  -0.255161 1.322254 -0.073851
v  -0.340388 1.356577 0.046259
v  -0.130045 1.099651 -0.044336
v  -0.281892 1.195560 -0.028433
v  -0.317263 1.305153 0.164984
v  -0.314008 1.390533 0.182432
v  -0.165096 1.022765 -0.014284
v  -0.346281 1.067610 0.053820
v  -0.365098 1.193708 0.086176
v  -0.314086 1.119398 -0.009325
v  -0.358425 1.189278 0.238131
v  -0.254685 1.281170 0.271593
v  -0.245327 1.351915 0.261103
v  -0.397643 1.052768 0.154726
v  -0.398478 1.101735 0.127916
v  -0.361422 1.089251 0.287508
v  -0.260633 1.171566 0.339739
v  -0.143274 1.262451 0.308207
v  -0.134541 1.346080 0.288588
v  -0.351416 1.032027 0.271959
v  -0.253405 1.065268 0.380331
v  -0.247357 0.993224 0.349821
v  -0.120859 1.150572 0.382883
v  -0.096056 1.035776 0.398050
v  -0.098725 0.953186 0.344858
v  -0.106467 1.683541 0.321745
v  -0.110057 1.706356 0.287928
v  -0.118322 1.690514 0.287954
v  -0.077340 1.669107 0.335764
v  -0.096750 1.701138 0.322054
v  -0.068428 1.687036 0.337042
v  0.291343 1.485594 -0.012987
v  0.324131 1.386749 -0.057444
v  0.346772 1.437389 0.107050
v  0.411207 1.142193 -0.014444
v  0.396449 1.337863 0.096617
v  0.262255 1.388802 0.194677
v  0.505994 1.239100 0.167974
v  0.409271 1.280571 0.315069
v  0.308521 1.289179 0.194632
v  0.155027 1.365741 0.216482
v  0.392366 1.166801 0.166819
v  0.202105 1.131037 0.247015
v  0.133713 1.265980 0.176100
v  0.085340 1.376852 0.193872
v  0.058547 1.062565 0.196703
v  0.069863 1.296469 0.041529
v  0.122747 1.361713 0.175291
v  0.071885 1.126280 -0.075933
v  0.214108 1.268061 -0.197416
v  0.209137 1.426987 -0.034597
v  0.177138 1.365423 -0.107069
v  0.388425 1.312323 -0.124365
v  0.324131 1.386749 -0.057444
v  0.291343 1.485594 -0.012987
v  0.293053 1.486916 -0.014658
v  0.349184 1.438500 0.107279
v  0.325715 1.388290 -0.059034
v  0.263731 1.389416 0.197138
v  0.398642 1.339056 0.097612
v  0.411207 1.142193 -0.014444
v  0.154747 1.365164 0.219297
v  0.309068 1.289311 0.197321
v  0.505994 1.239100 0.167974
v  0.409271 1.280571 0.315069
v  0.083826 1.375284 0.195593
v  0.132129 1.265310 0.178160
v  0.392366 1.166801 0.166819
v  0.202105 1.131037 0.247015
v  0.121717 1.359666 0.175722
v  0.067342 1.296260 0.041002
v  0.058547 1.062565 0.196703
v  0.208575 1.426609 -0.036661
v  0.071885 1.126280 -0.075933
v  0.214108 1.268061 -0.197416
v  0.176381 1.366539 -0.109243
v  0.293053 1.486916 -0.014658
v  0.325715 1.388290 -0.059034
v  0.388425 1.312323 -0.124365
v  0.120336 1.510923 0.238287
v  0.038496 1.638062 0.311831
v  -0.018423 1.574064 0.315042
v  0.003726 1.471399 0.283213
v  -0.096984 1.551462 0.288416
v  -0.104727 1.475164 0.264540
v  -0.067772 1.690256 0.343782
v  -0.053989 1.700393 0.283846
v  -0.037232 1.680042 0.340940
v  -0.070644 1.670710 0.294855
v  -0.018267 1.661802 0.289968
v  -0.025845 1.657688 0.322790
v  -0.033112 1.647663 0.326029
v  -0.026766 1.646324 0.287531
v  -0.072291 1.681293 0.343584
v  -0.045607 1.665443 0.342703
v  -0.033112 1.647663 0.326029
v  -0.038395 1.465042 -0.081865
v  0.169794 1.561275 -0.001654
v  0.142290 1.389154 -0.018286
v  -0.013038 1.646994 -0.031305
v  0.101675 1.653989 0.007441
v  0.189493 1.625414 0.073645
v  0.138403 1.314869 0.115973
v  0.121717 1.359666 0.175722
v  -0.014193 1.693026 0.019865
v  0.074367 1.315147 0.258810
v  0.083826 1.375284 0.195593
v  0.079369 1.343025 0.276075
v  -0.027297 1.309595 0.303980
v  -0.017923 1.347918 0.320013
v  0.120336 1.510923 0.238287
v  0.093386 1.442110 0.276297
v  0.003726 1.471399 0.283213
v  -0.134541 1.346080 0.288588
v  -0.130630 1.377667 0.299913
v  -0.104727 1.475164 0.264540
v  0.206405 0.029071 -0.202749
v  0.184435 0.088024 -0.257620
v  0.229733 0.162675 -0.295340
v  0.297884 0.057264 -0.184694
v  0.333020 0.194694 -0.275091
v  0.417427 0.024569 -0.101061
v  0.442488 0.086918 -0.143549
v  0.454507 0.241353 -0.251329
v  0.526942 0.000000 -0.122595
v  0.532023 0.205747 -0.255804
v  0.551285 0.073221 -0.176847
v  0.547695 0.062094 -0.168634
v  0.046410 1.638882 0.203127
v  0.049477 1.667936 0.201376
v  0.079486 1.671248 0.175982
v  0.040541 1.659771 0.221819
v  0.064564 1.691227 0.202257
v  0.094596 1.698920 0.182116
v  0.055791 1.689823 0.225756
v  0.085379 1.710388 0.205233
v  0.079486 1.671248 0.175982
v  0.094596 1.698920 0.182116
v  0.085379 1.710388 0.205233
v  0.046410 1.638882 0.203127
v  0.055791 1.689823 0.225756
v  0.040541 1.659771 0.221819
v  -0.072291 1.681293 0.343584
v  -0.080158 1.668383 0.352747
v  -0.045607 1.665443 0.342703
v  -0.085262 1.655542 0.342951
v  -0.053037 1.651335 0.351656
v  -0.033112 1.647663 0.326029
v  -0.098842 1.627453 0.338247
v  -0.055776 1.636021 0.340132
v  -0.004749 1.648869 0.311014
v  -0.025845 1.657688 0.322790
v  -0.106506 1.607590 0.321486
v  -0.061271 1.611694 0.336359
v  -0.026649 1.612616 0.306101
v  0.040291 1.679262 0.289904
v  0.017931 1.676661 0.319380
v  0.014988 1.643888 0.274466
v  -0.016370 1.687835 0.326933
v  -0.092887 1.588791 0.263109
v  -0.068505 1.593676 0.323835
v  -0.038512 1.589424 0.265856
v  0.005880 1.622007 0.238321
v  0.021662 1.705182 0.325060
v  0.043242 1.712525 0.306845
v  -0.083287 1.547728 0.227213
v  -0.012249 1.557505 0.228861
v  0.040541 1.659771 0.221819
v  0.037911 1.598406 0.200483
v  0.068318 1.645050 0.151072
v  0.049477 1.667936 0.201376
v  0.055791 1.689823 0.225756
v  0.075436 1.664411 0.059744
v  0.044974 1.697281 0.102854
v  0.055182 1.683750 0.169725
v  0.099442 1.737814 0.165831
v  0.089351 1.741679 0.235086
v  0.064322 1.742060 0.292860
v  -0.014193 1.693026 0.019865
v  -0.017315 1.722397 0.074198
v  0.080579 1.748179 0.106745
v  0.096415 1.811220 0.151384
v  0.088922 1.820103 0.231371
v  0.065149 1.808988 0.291819
v  0.018399 1.785257 0.080271
v  0.047682 1.855766 0.125460
v  0.042945 1.875734 0.228708
v  0.018508 1.847059 0.297346
v  0.040994 1.773468 0.316496
v  -0.012538 1.792860 0.321917
v  0.045552 1.755436 0.329000
v  0.037833 1.738360 0.328630
v  -0.001940 1.769863 0.338747
v  -0.024199 1.772855 0.332315
v  0.009268 1.751062 0.326841
v  0.019827 1.729478 0.314730
v  -0.006029 1.757278 0.338778
v  -0.030497 1.759253 0.328100
v  -0.020803 1.752634 0.325602
v  -0.001831 1.727793 0.321692
v  -0.006482 1.714376 0.329283
v  -0.050008 1.727358 0.351229
v  -0.037864 1.721540 0.350901
v  -0.027851 1.726685 0.329527
v  -0.037232 1.680042 0.340940
v  -0.056713 1.714136 0.351133
v  -0.043710 1.710407 0.350168
v  -0.035679 1.702556 0.332438
v  -0.067772 1.690256 0.343782
v  -0.058828 1.705105 0.334074
v  0.142290 1.389154 -0.018286
v  0.208575 1.426609 -0.036661
v  0.121717 1.359666 0.175722
v  0.079853 1.355553 0.064360
v  0.202667 1.372335 -0.057753
v  0.083826 1.375284 0.195593
v  0.156237 1.189023 0.008692
v  0.157463 1.305614 0.147566
v  0.120336 1.510923 0.238287
v  0.156276 1.418718 0.230204
v  0.250307 1.236577 -0.084883
v  0.154747 1.365164 0.219297
v  0.183616 1.210276 0.134890
v  0.190726 1.204007 0.091112
v  0.164635 1.199883 -0.004850
v  0.268499 1.326761 0.155725
v  0.240082 1.479509 0.213133
v  0.262310 1.181823 -0.088831
v  0.263731 1.389416 0.197138
v  0.293474 1.206688 0.120733
v  0.131052 1.128572 -0.023375
v  0.160647 1.589825 0.186220
v  0.340497 1.362743 0.078810
v  0.304814 1.534296 0.106966
v  0.284225 1.100834 -0.099550
v  0.349184 1.438500 0.107279
v  0.189493 1.625414 0.073645
v  0.361413 1.235455 0.068624
v  0.336790 1.271282 -0.039770
v  0.246092 1.524298 -0.004221
v  0.293053 1.486916 -0.014658
v  0.295605 1.392018 -0.022703
v  0.169794 1.561275 -0.001654
v  0.250307 1.236577 -0.084883
v  0.367282 1.220108 -0.053411
v  0.142290 1.389154 -0.018286
v  0.208575 1.426609 -0.036661
v  0.202667 1.372335 -0.057753
v  0.262310 1.181823 -0.088831
v  0.362873 1.188695 0.068251
v  0.357293 1.171868 -0.042997
v  0.284225 1.100834 -0.099550
v  0.356426 1.065426 0.120123
v  0.373308 1.071106 -0.003725
v  0.292054 1.204493 0.117056
v  0.239864 1.090583 0.171427
v  0.270216 0.981422 -0.022181
v  0.311612 0.984187 0.112745
v  0.333067 0.999704 0.026529
v  0.130880 1.117667 0.102587
v  0.134306 0.965948 0.089224
v  0.196400 0.951423 0.140638
v  0.151109 0.981788 0.009897
v  0.270216 0.981422 -0.022181
v  -0.038395 1.465042 -0.081865
v  0.142290 1.389154 -0.018286
v  -0.081040 1.310349 -0.056101
v  0.138403 1.314869 0.115973
v  0.090202 1.292171 -0.023561
v  -0.103946 1.188412 -0.039808
v  0.074367 1.315147 0.258810
v  0.071681 1.271271 0.221617
v  0.145927 1.150938 0.097948
v  0.071713 1.165962 -0.020288
v  -0.130045 1.099651 -0.044336
v  -0.027297 1.309595 0.303980
v  0.128804 1.148501 0.249365
v  -0.024113 1.261080 0.305162
v  0.158828 1.042084 0.071379
v  0.057024 1.079677 -0.046972
v  0.149876 1.034523 0.235632
v  -0.165096 1.022765 -0.014284
v  -0.011563 0.988194 -0.050451
v  0.023020 1.147829 0.346285
v  0.095010 0.958014 0.169184
v  0.093160 0.975065 0.042734
v  0.058063 1.031927 0.348730
v  0.026945 0.937466 0.283472
v  -0.143274 1.262451 0.308207
v  -0.120859 1.150572 0.382883
v  -0.096056 1.035776 0.398050
v  -0.098725 0.953186 0.344858
v  -0.134541 1.346080 0.288588
v  -0.046255 1.653059 0.330454
v  -0.026407 1.643970 0.301260
v  -0.018478 1.659988 0.301188
v  -0.037841 1.671310 0.330576
v  -0.077340 1.669107 0.335764
v  -0.068428 1.687036 0.337042
v  -0.136523 0.317283 0.012403
v  -0.149837 0.524680 0.133024
v  -0.223849 0.401215 -0.083090
v  -0.153756 0.578391 0.146772
v  -0.219541 0.551847 0.020269
v  -0.396230 0.427237 -0.043234
v  -0.152819 0.657227 0.148653
v  -0.228235 0.599812 0.025980
v  -0.357800 0.560528 0.034147
v  -0.508359 0.370364 0.061815
v  -0.442044 0.538566 0.136332
v  -0.249682 0.695543 0.023966
v  -0.374182 0.724907 0.042227
v  -0.351970 0.611710 0.043650
v  -0.433661 0.604757 0.145052
v  -0.389612 0.531923 0.277212
v  -0.393467 0.475754 0.271597
v  -0.480052 0.331736 0.099730
v  -0.434278 0.736039 0.145144
v  -0.263903 0.521891 0.319426
v  -0.266142 0.455568 0.312872
v  -0.386943 0.598516 0.278231
v  -0.453758 0.350321 0.288874
v  -0.310395 0.333735 0.368528
v  -0.453758 0.350321 0.288874
v  -0.392304 0.792414 0.293196
v  -0.161029 0.451834 0.232954
v  -0.244750 0.306785 0.275457
v  -0.157923 0.527081 0.251074
v  -0.266127 0.738384 0.350664
v  -0.149837 0.524680 0.133024
v  -0.140090 0.299328 0.168024
v  -0.140090 0.299328 0.168024
v  -0.152483 0.588614 0.259077
v  -0.153756 0.578391 0.146772
v  -0.136523 0.317283 0.012403
v  -0.167968 0.705056 0.303507
v  -0.152819 0.657227 0.148653
v  -0.261538 0.586592 0.325544
v  -0.001557 0.230719 -0.064875
v  0.013724 0.335640 -0.176840
v  -0.030551 0.440288 0.063135
v  0.167039 0.426655 -0.190435
v  -0.015520 0.491510 -0.060118
v  -0.039987 0.490846 0.084143
v  0.108262 0.547981 -0.090761
v  0.223849 0.556754 -0.022928
v  0.318956 0.422125 -0.129095
v  -0.052233 0.540108 -0.045076
v  -0.066851 0.563381 0.089193
v  0.197188 0.615494 -0.003839
v  0.090498 0.589773 -0.074320
v  0.247684 0.477261 0.110174
v  0.227111 0.529679 0.127043
v  0.244149 0.319900 -0.070501
v  0.010493 0.680888 -0.065371
v  -0.125971 0.643266 -0.026720
v  0.201887 0.593021 0.135336
v  0.154598 0.734655 0.005316
v  0.133775 0.474463 0.203711
v  0.156838 0.409510 0.184137
v  0.292561 0.345316 0.113409
v  0.136624 0.767685 0.161432
v  0.058733 0.683413 0.254133
v  0.110377 0.538417 0.217367
v  -0.008246 0.501013 0.188250
v  0.015753 0.442370 0.172621
v  -0.065446 0.636349 0.252840
v  -0.066851 0.563381 0.089193
v  -0.039987 0.490846 0.084143
v  0.038067 0.377037 0.145777
v  -0.030551 0.440288 0.063135
v  0.056619 0.224373 0.080507
v  0.178676 0.276681 0.150679
v  0.056619 0.224373 0.080507
v  -0.001557 0.230719 -0.064875
v  0.188025 0.351482 0.240454
v  0.292561 0.345316 0.113409
v  0.434309 0.052025 -0.584391
v  0.554235 0.044618 -0.720892
v  0.518365 0.047417 -0.527018
v  0.349706 0.097315 -0.434416
v  0.442636 0.110301 -0.409449
v  0.634459 0.026690 -0.651999
v  0.328759 0.173697 -0.293486
v  0.413322 0.201214 -0.295393
v  0.434309 0.052025 -0.584391
v  0.518365 0.047417 -0.527018
v  0.554235 0.044618 -0.720892
v  0.349706 0.097315 -0.434416
v  0.442636 0.110301 -0.409449
v  0.634459 0.026690 -0.651999
v  0.328759 0.173697 -0.293486
v  0.413322 0.201214 -0.295393
v  -0.136523 0.317283 0.012403
v  -0.223849 0.401215 -0.083090
v  -0.147114 0.524950 0.132566
v  -0.396230 0.427237 -0.043234
v  -0.218409 0.552371 0.018152
v  -0.151016 0.578482 0.146093
v  -0.359088 0.561122 0.031862
v  -0.444479 0.539120 0.135996
v  -0.508359 0.370364 0.061815
v  -0.227361 0.599956 0.023726
v  -0.150064 0.657320 0.147959
v  -0.436143 0.604960 0.144468
v  -0.353305 0.611899 0.041319
v  -0.395192 0.476079 0.273546
v  -0.391446 0.531931 0.279097
v  -0.480052 0.331736 0.099730
v  -0.375587 0.724855 0.039927
v  -0.248075 0.694931 0.022352
v  -0.165533 0.682320 0.138662
v  -0.263614 0.521587 0.322012
v  -0.265791 0.455457 0.315454
v  -0.388746 0.598352 0.280165
v  -0.207678 0.781004 -0.047220
v  -0.190828 0.697811 0.031763
v  -0.155660 0.526840 0.252340
v  -0.150251 0.588259 0.260275
v  -0.261147 0.586083 0.328115
v  -0.436924 0.736000 0.145197
v  -0.397885 0.832056 0.025461
v  -0.216169 0.931652 -0.043684
v  -0.150064 0.657320 0.147959
v  -0.151016 0.578482 0.146093
v  -0.165876 0.704697 0.304731
v  -0.452080 0.836737 0.149729
v  -0.387825 0.974009 0.025896
v  -0.346281 1.067610 0.053820
v  -0.165096 1.022765 -0.014284
v  -0.147114 0.524950 0.132566
v  -0.441419 0.988167 0.157312
v  -0.397643 1.052768 0.154726
v  -0.158782 0.451437 0.234362
v  -0.136523 0.317283 0.012403
v  -0.140090 0.299328 0.168024
v  -0.386872 0.968678 0.302942
v  -0.140090 0.299328 0.168024
v  -0.244750 0.306785 0.275457
v  -0.310395 0.333735 0.368528
v  -0.394334 0.792303 0.294954
v  -0.453758 0.350321 0.288874
v  -0.453758 0.350321 0.288874
v  -0.262123 0.923864 0.380278
v  -0.266541 0.738037 0.353327
v  -0.351416 1.032027 0.271959
v  -0.247357 0.993224 0.349821
v  -0.108192 0.867868 0.348993
v  -0.098725 0.953186 0.344858
v  -0.191772 0.812513 0.353292
v  -0.117753 0.770918 0.328074
v  -0.128234 0.698618 0.292143
v  -0.165533 0.682320 0.138662
v  -0.001557 0.230719 -0.064875
v  -0.033189 0.439556 0.063585
v  0.013724 0.335640 -0.176840
v  -0.042649 0.489960 0.084360
v  -0.017401 0.491623 -0.061697
v  0.167039 0.426655 -0.190435
v  -0.069536 0.562492 0.089388
v  -0.053848 0.540030 -0.046862
v  0.108434 0.549013 -0.093245
v  0.318956 0.422125 -0.129095
v  0.225698 0.558136 -0.023932
v  -0.165533 0.682320 0.138662
v  -0.128031 0.642638 -0.027521
v  0.010837 0.681013 -0.068010
v  0.090858 0.590385 -0.076914
v  0.199131 0.616579 -0.005125
v  0.229359 0.530315 0.128241
v  0.249776 0.478102 0.111532
v  0.244149 0.319900 -0.070501
v  -0.190828 0.697811 0.031763
v  -0.207678 0.781004 -0.047220
v  0.156979 0.735535 0.004541
v  0.204173 0.593527 0.136587
v  0.134493 0.474030 0.206179
v  0.157478 0.409145 0.186647
v  0.292561 0.345316 0.113409
v  -0.015520 0.775611 -0.083616
v  -0.216169 0.931652 -0.043684
v  -0.009705 0.499922 0.190031
v  0.014271 0.441314 0.174471
v  0.111032 0.537838 0.219870
v  0.108730 0.797539 0.005934
v  -0.165096 1.022765 -0.014284
v  -0.011563 0.988194 -0.050451
v  -0.024081 0.903442 -0.082129
v  0.139051 0.768166 0.162390
v  0.086354 0.897338 0.005056
v  0.108933 0.878927 0.158575
v  0.093160 0.975065 0.042734
v  0.031621 0.855465 0.289789
v  0.060091 0.683257 0.256468
v  0.026945 0.937466 0.283472
v  0.095010 0.958014 0.169184
v  -0.108192 0.867868 0.348993
v  -0.098725 0.953186 0.344858
v  -0.047269 0.752979 0.298601
v  -0.066757 0.635746 0.254766
v  -0.117753 0.770918 0.328074
v  -0.128234 0.698618 0.292143
v  -0.165533 0.682320 0.138662
v  -0.069536 0.562492 0.089388
v  -0.042649 0.489960 0.084360
v  -0.033189 0.439556 0.063585
v  0.036678 0.375908 0.147779
v  -0.001557 0.230719 -0.064875
v  0.056619 0.224373 0.080507
v  0.188025 0.351482 0.240454
v  0.178676 0.276681 0.150679
v  0.056619 0.224373 0.080507
v  0.292561 0.345316 0.113409
v  -0.518631 0.981097 -0.258303
v  -0.480278 0.970459 -0.258005
v  -0.452603 0.995974 -0.245272
v  -0.533647 1.031954 -0.240801
v  -0.467627 1.046837 -0.227758
v  -0.505971 1.057474 -0.228060
v  -0.269623 1.605032 0.172823
v  -0.243298 1.690853 0.124407
v  -0.213742 1.755383 0.199846
v  -0.159461 1.791292 0.014189
v  -0.209980 1.800741 0.084047
v  -0.215295 1.730888 0.015341
v  -0.113679 1.701626 -0.027479
v  -0.014599 1.692161 0.021074
v  -0.058960 1.816263 0.016386
v  0.119672 1.511224 0.236994
v  0.132487 1.678999 0.262045
v  0.159351 1.589628 0.185522
v  0.189032 1.703528 0.153967
v  0.188283 1.624701 0.073797
v  0.165259 1.713460 0.071173
v  0.101027 1.652857 0.008318
v  0.099849 1.788372 0.042345
v  -0.014599 1.692161 0.021074
v  0.047682 1.855766 0.125460
v  -0.006076 1.871335 0.162092
v  0.028959 1.898798 0.165075
v  0.063456 1.901221 0.176088
v  -0.010876 1.877378 0.218142
v  0.020905 1.897627 0.218199
v  0.045918 1.888736 0.253881
v  0.026696 1.856506 0.273790
v  -0.442707 1.162871 -0.135527
v  -0.511177 1.187040 -0.185549
v  -0.501117 1.213648 -0.164988
v  -0.436916 1.111108 -0.079695
v  -0.483962 1.154243 -0.182917
v  -0.428924 1.131493 -0.015707
v  -0.424858 1.000398 -0.043657
v  -0.449013 1.061332 0.021070
v  -0.489238 1.048531 -0.113539
v  -0.494576 1.042295 -0.199408
v  -0.496036 1.074997 -0.246778
v  -0.497457 1.131149 0.032785
v  -0.508149 0.981169 -0.043459
v  -0.533062 1.058414 0.023973
v  -0.527333 0.967117 -0.106581
v  -0.518552 0.993877 -0.160597
v  -0.509499 0.997040 -0.260595
v  -0.530376 0.981794 -0.273581
v  -0.568807 1.151358 -0.000868
v  -0.583878 1.110401 -0.015722
v  -0.562875 0.982805 -0.031267
v  -0.626233 0.990740 -0.045393
v  -0.486819 0.977728 -0.262850
v  -0.485039 0.957600 -0.278158
v  -0.573926 1.213812 -0.109156
v  -0.590410 1.182699 -0.127390
v  -0.586305 1.148305 -0.133139
v  -0.634459 1.021202 -0.138098
v  -0.610936 0.933064 -0.124647
v  -0.607057 0.930689 -0.059050
v  -0.426536 0.972048 -0.271612
v  -0.456740 0.997366 -0.261610
v  -0.511177 1.187040 -0.185549
v  -0.610015 1.063968 -0.212942
v  -0.597949 0.966785 -0.183764
v  -0.423999 0.965847 -0.232473
v  -0.484969 0.972431 -0.230059
v  -0.454430 0.992010 -0.228819
v  -0.563148 1.075745 -0.246153
v  -0.586617 1.017185 -0.215963
v  -0.479467 0.947258 -0.222113
v  -0.529627 0.972315 -0.213091
v  -0.507790 0.991493 -0.224142
v  -0.483962 1.154243 -0.182917
v  -0.548678 1.011293 -0.216082
v  -0.496036 1.074997 -0.246778
v  -0.501117 1.213648 -0.164988
v  -0.510764 0.957568 -0.225943
v  -0.519083 0.934031 -0.250456
v  -0.530376 0.981794 -0.273581
v  -0.551176 0.967548 -0.262995
v  -0.515048 0.943311 -0.189257
v  -0.472599 0.940104 -0.185930
v  -0.468298 0.955469 -0.222784
v  -0.446500 0.944584 -0.236261
v  -0.485039 0.957600 -0.278158
v  -0.526139 0.912647 -0.191080
v  -0.563219 0.964972 -0.176954
v  -0.453446 0.922945 -0.179441
v  -0.463584 0.984442 -0.171061
v  -0.459635 0.997187 -0.204237
v  -0.417256 1.000227 -0.201880
v  -0.527934 0.921240 -0.178293
v  -0.533467 0.901174 -0.202482
v  -0.421978 0.985050 -0.162222
v  -0.532499 0.906105 -0.141745
v  -0.490589 0.901817 -0.136759
v  -0.486249 0.917440 -0.176134
v  -0.467635 0.906424 -0.189455
v  -0.540039 0.876879 -0.139616
v  -0.473574 0.884153 -0.131903
v  -0.485734 0.944863 -0.123884
v  -0.482042 0.956989 -0.156179
v  -0.440373 0.960581 -0.155622
v  -0.569259 0.937521 -0.118834
v  -0.444330 0.945142 -0.114653
v  -0.548413 0.866138 -0.116137
v  -0.533397 0.887047 -0.055109
v  -0.532031 0.889172 -0.100168
v  -0.484727 0.881688 -0.096575
v  -0.471374 0.860554 -0.111578
v  -0.550544 0.862799 -0.043180
v  -0.486163 0.879692 -0.056215
v  -0.467955 0.920271 -0.055273
v  -0.467315 0.922272 -0.092699
v  -0.431367 0.911734 -0.096933
v  -0.472817 0.857877 -0.043333
v  -0.432046 0.909821 -0.052317
v  -0.450629 0.850940 -0.059572
v  -0.432046 0.909821 -0.052317
v  -0.548343 0.837346 -0.060892
v  -0.473582 0.831450 -0.059813
v  -0.449739 0.852546 -0.096609
v  -0.431367 0.911734 -0.096933
v  -0.547204 0.839279 -0.103838
v  -0.472388 0.833175 -0.099295
v  -0.579093 0.852934 -0.061052
v  -0.577844 0.854849 -0.104555
v  -0.471374 0.860554 -0.111578
v  -0.548413 0.866138 -0.116137
v  -0.569259 0.937521 -0.118834
v  -0.562087 0.881796 -0.201540
v  -0.566426 0.865803 -0.160295
v  -0.540039 0.876879 -0.139616
v  -0.548038 0.905661 -0.207064
v  -0.563219 0.964972 -0.176954
v  -0.543184 0.920807 -0.246462
v  -0.533467 0.901174 -0.202482
v  -0.530244 0.872459 -0.200129
v  -0.535317 0.857536 -0.160711
v  -0.473574 0.884153 -0.131903
v  -0.526139 0.912647 -0.191080
v  -0.513581 0.910633 -0.245909
v  -0.548678 1.011293 -0.216082
v  -0.519083 0.934031 -0.250456
v  -0.467635 0.906424 -0.189455
v  -0.458129 0.878235 -0.187613
v  -0.462382 0.863554 -0.149584
v  -0.550231 0.961561 -0.227217
v  -0.529627 0.972315 -0.213091
v  -0.446500 0.944584 -0.236261
v  -0.444190 0.901455 -0.177214
v  -0.440373 0.960581 -0.155622
v  -0.448389 0.886690 -0.138700
v  -0.479467 0.947258 -0.222113
v  -0.488075 0.927781 -0.236673
v  -0.444330 0.945142 -0.114653
v  -0.466230 0.933512 -0.237890
v  -0.423999 0.965847 -0.232473
v  -0.490230 0.932602 -0.270681
v  -0.468470 0.938412 -0.271147
v  -0.426536 0.972048 -0.271612
v  -0.270466 1.605290 0.173983
v  -0.213742 1.755383 0.199846
v  -0.244453 1.691765 0.124800
v  -0.209980 1.800741 0.084047
v  -0.215849 1.732149 0.014997
v  -0.159461 1.791292 0.014189
v  -0.113374 1.702885 -0.028357
v  -0.058960 1.816263 0.016386
v  -0.014193 1.693026 0.019865
v  -0.141299 1.582554 0.203482
v  -0.205969 1.512097 0.241964
v  -0.104727 1.475164 0.264540
v  -0.270466 1.605290 0.173983
v  -0.159195 1.636663 0.161715
v  -0.083287 1.547728 0.227213
v  -0.244453 1.691765 0.124800
v  -0.150353 1.687496 0.108072
v  -0.215849 1.732149 0.014997
v  -0.116020 1.701573 0.022093
v  -0.508149 0.981169 -0.043459
v  -0.424858 1.000398 -0.043657
v  -0.481863 0.925867 -0.016569
v  -0.449013 1.061332 0.021070
v  -0.435261 1.016434 0.050032
v  -0.401217 0.943384 -0.024557
v  -0.464677 0.876547 -0.051413
v  -0.533062 1.058414 0.023973
v  -0.498346 1.002558 0.052835
v  -0.407352 0.922722 0.036051
v  -0.465637 0.907808 0.038836
v  -0.405190 0.902906 0.015265
v  -0.397417 0.893453 -0.051649
v  -0.562875 0.982805 -0.031267
v  -0.522322 0.973104 0.003531
v  -0.458324 0.889727 0.017527
v  -0.447577 0.841263 -0.032393
v  -0.394045 0.853205 -0.034426
v  -0.481863 0.925867 -0.016569
v  -0.508149 0.981169 -0.043459
v  -0.464677 0.876547 -0.051413
v  -0.441349 0.915606 -0.235983
v  -0.518037 0.895559 -0.207338
v  -0.425794 0.938618 -0.224947
v  -0.417256 1.000227 -0.201880
v  -0.445891 0.900931 -0.197371
v  -0.453446 0.922945 -0.179441
v  -0.430235 0.924206 -0.187330
v  -0.421978 0.985050 -0.162222
v  -0.259048 0.241405 0.026609
v  -0.233480 0.240272 0.087492
v  -0.256254 0.116373 -0.024118
v  -0.282626 0.215111 0.141878
v  -0.193161 0.134581 0.100889
v  -0.234697 0.021428 0.087015
v  -0.259665 0.022285 -0.006926
v  -0.363076 0.203582 0.128824
v  -0.239505 0.153999 0.171633
v  -0.109448 0.020494 0.189146
v  -0.101667 0.091449 0.203894
v  -0.414290 0.115531 0.067484
v  -0.384141 0.211376 0.067991
v  -0.358182 0.128077 0.195734
v  -0.321508 0.070351 0.317781
v  -0.161818 0.093470 0.270330
v  -0.051874 0.019454 0.303202
v  -0.040260 0.079544 0.305098
v  -0.326769 0.220472 0.032530
v  -0.373761 0.020561 0.181562
v  -0.340279 0.019284 0.322012
v  -0.277740 0.018583 0.398642
v  -0.259634 0.058484 0.399248
v  -0.115505 0.079022 0.361967
v  -0.115614 0.019012 0.351545
v  -0.401725 0.021532 0.075415
v  -0.127064 0.018933 0.360086
v  -0.124847 0.070469 0.368059
v  -0.169732 0.020022 0.241079
v  -0.349855 0.113666 -0.009943
v  -0.342839 0.022215 0.000875
v  -0.256254 0.116373 -0.024118
v  -0.259665 0.022285 -0.006926
v  -0.259048 0.241405 0.026609
v  -0.259048 0.241405 0.026609
v  -0.212954 0.421538 0.091452
v  -0.233480 0.240272 0.087492
v  -0.223108 0.499864 0.200918
v  -0.209278 0.526728 0.148737
v  -0.284889 0.478226 0.231043
v  -0.282626 0.215111 0.141878
v  -0.196236 0.564052 0.234098
v  -0.184373 0.605970 0.152590
v  -0.273377 0.529649 0.275087
v  -0.358042 0.500079 0.212717
v  -0.270779 0.734943 0.306051
v  -0.196814 0.750034 0.177156
v  -0.363076 0.203582 0.128824
v  -0.383798 0.745701 0.270956
v  -0.377960 0.550931 0.249792
v  -0.406244 0.430996 0.081026
v  -0.404987 0.393787 0.146257
v  -0.364372 0.567034 0.132402
v  -0.384141 0.211376 0.067991
v  -0.398907 0.762612 0.122999
v  -0.331577 0.462027 0.032267
v  -0.326769 0.220472 0.032530
v  -0.257815 0.567435 0.107813
v  -0.269421 0.755638 0.085722
v  -0.259048 0.241405 0.026609
v  -0.247045 0.454185 0.036032
v  -0.196814 0.750034 0.177156
v  -0.184373 0.605970 0.152590
v  -0.209278 0.526728 0.148737
v  -0.212954 0.421538 0.091452
v  -0.092325 1.710010 0.319334
v  -0.113499 1.703707 0.284521
v  -0.102377 1.693233 0.318113
v  -0.063963 1.695029 0.334150
v  -0.072962 1.677684 0.335508
v  -0.105148 1.722110 0.286928
v  -0.340388 1.356577 0.046259
v  -0.284359 1.317540 -0.129988
v  -0.388098 1.276220 0.008165
v  -0.314008 1.390533 0.182432
v  -0.416819 1.246498 0.176096
v  -0.244079 1.464152 -0.094263
v  -0.435738 1.290270 0.209650
v  -0.245327 1.351915 0.261103
v  -0.314008 1.390533 0.182432
v  -0.365855 1.260221 0.332846
v  -0.134541 1.346080 0.288588
v  -0.249238 1.240074 0.402754
v  0.047682 1.855766 0.125460
v  0.083506 1.871180 0.172972
v  0.082163 1.826654 0.174860
v  0.063456 1.901221 0.176088
v  0.075155 1.870158 0.226053
v  0.077051 1.832859 0.230867
v  0.045918 1.888736 0.253881
v  0.026696 1.856506 0.273790
v  0.270216 0.981422 -0.022181
v  0.333067 0.999704 0.026529
v  0.346725 0.968281 0.020693
v  0.220969 0.954763 -0.022940
v  0.337906 0.956738 0.009943
v  0.151109 0.981788 0.009897
v  0.167710 0.858942 -0.067686
v  0.116371 0.908173 -0.009596
v  0.247107 0.871190 -0.010889
v  0.327487 0.847288 -0.036032
v  0.376375 0.876589 -0.025686
v  0.134306 0.965948 0.089224
v  0.180400 0.812187 0.000666
v  0.131012 0.874938 0.066381
v  0.284124 0.798671 -0.024252
v  0.226877 0.782745 -0.011770
v  0.413143 0.788841 -0.047915
v  0.392780 0.808975 -0.057856
v  0.194620 0.902735 0.131979
v  0.196400 0.951423 0.140638
v  0.172377 0.793130 0.051039
v  0.191147 0.768040 0.102938
v  0.408561 0.778479 -0.097490
v  0.391118 0.796185 -0.088320
v  0.313087 0.915293 0.104219
v  0.287761 0.778263 0.099241
v  0.311612 0.984187 0.112745
v  0.324271 0.946858 0.112425
v  0.200536 0.719521 0.059359
v  0.257768 0.724676 0.053289
v  0.313274 0.746500 0.044252
v  0.365768 0.816141 0.076387
v  0.333067 0.999704 0.026529
v  0.346725 0.968281 0.020693
v  0.242299 0.737696 0.014437
v  0.269888 0.661915 0.008623
v  0.312494 0.672237 0.000925
v  0.241667 0.669756 0.006521
v  0.337906 0.956738 0.009943
v  0.247559 0.677179 -0.020788
v  0.243915 0.688986 -0.026346
v  0.268327 0.652675 -0.015177
v  0.308997 0.661842 -0.023512
v  0.393225 0.846284 0.031710
v  0.376375 0.876589 -0.025686
v  0.246186 0.646667 -0.078772
v  0.304127 0.630716 -0.076380
v  0.264878 0.621320 -0.068830
v  0.358494 0.785735 0.036898
v  0.410840 0.765170 -0.032007
v  0.413143 0.788841 -0.047915
v  0.259664 0.623569 -0.090590
v  0.245686 0.632532 -0.145384
v  0.299366 0.633092 -0.098135
v  0.408561 0.778479 -0.097490
v  0.301146 0.753792 0.007746
v  0.321399 0.696108 -0.005320
v  0.362022 0.705800 -0.013468
v  0.287753 0.643032 -0.153082
v  0.305470 0.661367 -0.089968
v  0.312470 0.692941 -0.032530
v  0.303956 0.707485 -0.027437
v  0.295230 0.690416 -0.096815
v  0.319073 0.685474 -0.030005
v  0.306945 0.672868 -0.113073
v  0.289181 0.701319 -0.165365
v  0.312751 0.664415 -0.090277
v  0.358885 0.695203 -0.037737
v  0.330156 0.710768 -0.173300
v  0.345796 0.681876 -0.120626
v  0.352610 0.673629 -0.097971
v  0.365097 0.720411 -0.039248
v  0.353905 0.703791 -0.108381
v  0.350128 0.795397 -0.000101
v  0.376976 0.752916 -0.026873
v  0.356083 0.768423 -0.038183
v  0.406142 0.751058 -0.097326
v  0.373472 0.740751 -0.093260
v  0.354600 0.759398 -0.093328
v  0.401053 0.759668 -0.115427
v  0.369101 0.749426 -0.111605
v  0.388004 0.795002 -0.151594
v  0.350495 0.782528 -0.147017
v  0.120336 1.510923 0.238287
v  0.160647 1.589825 0.186220
v  0.132487 1.678999 0.262045
v  0.165259 1.713460 0.071173
v  0.189032 1.703528 0.153967
v  0.189493 1.625414 0.073645
v  0.101675 1.653989 0.007441
v  -0.014193 1.693026 0.019865
v  0.099849 1.788372 0.042345
v  -0.012249 1.557505 0.228861
v  -0.104727 1.475164 0.264540
v  0.003726 1.471399 0.283213
v  0.120336 1.510923 0.238287
v  0.037911 1.598406 0.200483
v  -0.083287 1.547728 0.227213
v  0.160647 1.589825 0.186220
v  0.068318 1.645050 0.151072
v  0.189493 1.625414 0.073645
v  0.075436 1.664411 0.059744
v  0.180400 0.812187 0.000666
v  0.165462 0.755544 -0.026564
v  0.167710 0.858942 -0.067686
v  0.180962 0.705996 -0.065809
v  0.150828 0.792377 -0.099276
v  0.085613 0.863445 -0.029383
v  0.116371 0.908173 -0.009596
v  0.162933 0.739809 -0.123526
v  0.092614 0.771474 -0.080065
v  0.107606 0.755695 -0.090525
v  0.097234 0.830858 0.025240
v  0.105562 0.742611 -0.028898
v  0.131012 0.874938 0.066381
v  0.136585 0.704967 -0.127707
v  0.119906 0.729576 -0.044027
v  0.149588 0.679787 -0.080778
v  0.141088 0.799397 0.023195
v  0.165462 0.755544 -0.026564
v  0.172377 0.793130 0.051039
v  0.180962 0.705996 -0.065809
v  0.180400 0.812187 0.000666
v  0.350495 0.782528 -0.147017
v  0.354600 0.759398 -0.093328
v  0.349105 0.805990 -0.114439
v  0.388004 0.795002 -0.151594
v  0.380550 0.816593 -0.118071
v  0.356083 0.768423 -0.038183
v  0.359775 0.785555 -0.084295
v  0.350128 0.795397 -0.000101
v  0.358003 0.797318 -0.053102
v  0.341426 0.750253 -0.051718
v  0.365097 0.720411 -0.039248
v  0.303557 0.741068 -0.044367
v  0.338179 0.729620 -0.098692
v  0.300108 0.719598 -0.090441
v  0.353905 0.703791 -0.108381
v  0.288565 0.718655 -0.044710
v  0.312470 0.692941 -0.032530
v  0.301146 0.753792 0.007746
v  0.303956 0.707485 -0.027437
v  0.290032 0.734881 -0.139471
v  0.295230 0.690416 -0.096815
v  0.305470 0.661367 -0.089968
v  0.288549 0.685804 -0.091185
v  0.324318 0.742815 -0.146147
v  0.330156 0.710768 -0.173300
v  0.289181 0.701319 -0.165365
v  0.287753 0.643032 -0.153082
v  0.275913 0.680986 -0.140383
v  0.247918 0.675723 -0.082979
v  0.245686 0.632532 -0.145384
v  0.242596 0.673248 -0.134245
v  0.246186 0.646667 -0.078772
v  0.247559 0.677179 -0.020788
v  0.250814 0.708520 -0.036757
v  0.242299 0.737696 0.014437
v  0.243915 0.688986 -0.026346
v  0.219845 0.712536 -0.046461
v  0.176529 0.704896 -0.035875
v  0.236789 0.641893 -0.077383
v  0.214335 0.664079 -0.092360
v  0.175483 0.657844 -0.082598
v  0.173727 0.676731 -0.009310
v  0.222350 0.596747 -0.119028
v  0.208676 0.628986 -0.132936
v  0.172736 0.622658 -0.123945
v  0.170996 0.630527 -0.062124
v  0.199787 0.662491 0.016592
v  0.196860 0.652174 -0.003103
v  0.179456 0.589053 -0.108744
v  0.192474 0.608679 -0.059801
v  0.179456 0.589053 -0.108744
v  0.194675 0.614697 -0.041510
v  0.238202 0.659332 -0.013021
v  0.232699 0.620996 -0.050745
v  0.222350 0.596747 -0.119028
v  0.228149 0.614778 -0.068319
v  0.236789 0.641893 -0.077383
v  0.134743 0.195827 -0.076273
v  0.161185 0.072341 -0.130575
v  0.169965 0.191825 -0.030764
v  0.297884 0.057264 -0.184694
v  0.206405 0.029071 -0.202749
v  0.286848 0.101101 -0.072332
v  0.232137 0.210560 -0.041632
v  0.417427 0.024569 -0.101061
v  0.430087 0.062472 -0.044035
v  0.326472 0.177081 -0.086824
v  0.251781 0.244539 -0.098619
v  0.526942 0.000000 -0.122595
v  0.547476 0.021933 -0.069342
v  0.468009 0.130995 -0.087126
v  0.455030 0.253777 -0.200449
v  0.315124 0.252691 -0.184111
v  0.187143 0.220978 -0.233583
v  0.212829 0.250956 -0.138395
v  0.571780 0.095199 -0.123617
v  0.547695 0.062094 -0.168634
v  0.333020 0.194694 -0.275091
v  0.142079 0.139799 -0.194166
v  0.167163 0.219211 -0.120787
v  0.229733 0.162675 -0.295340
v  0.442488 0.086918 -0.143549
v  0.454507 0.241353 -0.251329
v  0.134743 0.195827 -0.076273
v  0.161185 0.072341 -0.130575
v  0.184435 0.088024 -0.257620
v  0.551285 0.073221 -0.176847
v  0.571850 0.099691 -0.136915
v  0.548787 0.211540 -0.215799
v  0.532023 0.205747 -0.255804
v  0.206405 0.029071 -0.202749
v  0.134743 0.195827 -0.076273
v  0.169965 0.191825 -0.030764
v  0.044342 0.369973 -0.012945
v  0.137014 0.443012 0.106661
v  0.232137 0.210560 -0.041632
v  0.065250 0.441545 0.100237
v  0.026571 0.462687 0.059114
v  0.124105 0.487097 0.158613
v  0.188033 0.490120 0.070074
v  0.030933 0.491999 0.147917
v  -0.036405 0.546653 0.111235
v  0.251781 0.244539 -0.098619
v  0.200840 0.544514 0.105341
v  0.133853 0.720484 0.140474
v  0.048494 0.680346 0.210550
v  -0.065298 0.671481 0.115488
v  0.212829 0.250956 -0.138395
v  0.241175 0.412009 -0.024965
v  0.144296 0.556458 0.001913
v  0.059811 0.719880 -0.000029
v  0.167163 0.219211 -0.120787
v  0.207373 0.450418 -0.079992
v  0.114631 0.454292 -0.097513
v  0.042016 0.518963 0.011438
v  -0.067826 0.697907 0.015882
v  0.134743 0.195827 -0.076273
v  0.044280 0.415716 -0.069574
v  -0.036405 0.546653 0.111235
v  -0.065298 0.671481 0.115488
v  0.026571 0.462687 0.059114
v  0.044342 0.369973 -0.012945
v  -0.032690 1.679823 0.327967
v  -0.040050 1.661680 0.327139
v  -0.017885 1.655291 0.298361
v  -0.063963 1.695029 0.334150
v  -0.072962 1.677684 0.335508
v  -0.008527 1.673187 0.300913
v  0.138403 1.314869 0.115973
v  0.160537 1.169725 0.116056
v  0.137045 1.235741 -0.047113
v  0.074367 1.315147 0.258810
v  0.112945 1.143667 0.280275
v  0.142290 1.389154 -0.018286
v  0.072212 1.143502 0.376066
v  0.074367 1.315147 0.258810
v  -0.027297 1.309595 0.303980
v  -0.042134 1.208555 0.436590
v  -0.134541 1.346080 0.288588
v  -0.157244 1.282997 0.426249
v  -0.451269 0.559862 0.294367
v  -0.436924 0.736000 0.145197
v  -0.495380 0.588165 0.098970
v  -0.394334 0.792303 0.294954
v  -0.436924 0.736000 0.145197
v  -0.394334 0.792303 0.294954
v  0.250463 0.580048 0.170347
v  0.209668 0.566486 -0.027205
v  0.156979 0.735535 0.004541
v  0.139051 0.768166 0.162390
v  0.156979 0.735535 0.004541
v  0.139051 0.768166 0.162390
v  -0.074078 1.871143 0.133699
v  -0.116769 1.831707 0.117163
v  -0.119696 1.821964 0.181734
v  -0.034602 1.846676 0.114023
v  -0.061216 1.850689 0.170053
v  -0.091209 1.833101 0.208952
v  -0.070379 1.804650 0.061800
v  -0.105429 1.776012 0.140112
v  -0.043491 1.846860 0.078611
v  -0.111337 1.774445 0.201559
v  -0.101176 1.795971 0.234102
v  0.031480 1.816765 0.100462
v  -0.007996 1.731302 0.073343
v  -0.074094 1.764590 0.081835
v  0.011266 1.762846 0.050768
v  0.031909 1.808634 0.068834
v  0.126853 1.769407 0.162786
v  0.102728 1.709345 0.213930
v  0.123380 1.710114 0.151922
v  0.089531 1.783825 0.131994
v  0.095135 1.771530 0.192682
v  0.089351 1.741679 0.235086
v  0.055791 1.689823 0.225756
v  0.059811 1.714464 0.257406
v  0.102682 1.772852 0.099768
v  0.067553 1.688429 0.165144
v  0.088141 1.724388 0.084742
v  0.031480 1.816765 0.100462
v  0.011266 1.762846 0.050768
v  0.031909 1.808634 0.068834
v  0.053895 1.699785 0.100359
v  -0.007996 1.731302 0.073343
v  -0.495380 0.588165 0.098970
v  -0.451269 0.559862 0.294367
v  0.250463 0.580048 0.170347
v  0.209668 0.566486 -0.027205
v  -0.244079 1.464152 -0.094263
v  0.142290 1.389154 -0.018286
v  -0.563219 0.964972 -0.176954
v  -0.548678 1.011293 -0.216082
v  0.301146 0.753792 0.007746
v  0.350128 0.795397 -0.000101
v  -0.451269 0.559862 0.294367
v  -0.436924 0.736000 0.145197
v  0.250463 0.580048 0.170347
v  0.156979 0.735535 0.004541
# 1574 vertices

vn 0.091480 -0.543785 -0.834224
vn -0.030732 -0.217474 0.975582
vn 0.198753 0.280292 -0.939113
vn 0.075255 0.400495 -0.913203
vn -0.486864 -0.871859 -0.053145
vn -0.831868 -0.553255 0.043637
vn 0.946343 0.155376 -0.283362
vn 0.954485 0.266401 -0.134121
vn -0.403787 -0.913909 -0.041538
vn -0.909031 -0.052542 -0.413402
vn -0.907346 -0.108686 -0.406092
vn -0.908152 -0.092017 -0.408404
vn -0.908979 -0.036668 -0.415225
vn 0.909031 0.052542 0.413402
vn 0.908152 0.092016 0.408404
vn 0.907346 0.108686 0.406092
vn 0.908979 0.036668 0.415225
vn 0.051895 -0.389215 -0.919684
vn 0.086654 -0.417101 -0.904720
vn 0.074870 -0.407733 -0.910027
vn 0.105384 -0.431807 -0.895788
vn 0.186907 0.981743 0.035321
vn 0.189759 0.981190 0.035456
vn 0.084270 0.995982 0.030308
vn 0.290013 0.956184 0.040064
vn 0.041507 0.334639 -0.941432
vn 0.021507 0.316571 -0.948325
vn 0.037459 0.331000 -0.942887
vn 0.054942 0.346648 -0.936385
vn 0.730691 -0.496326 -0.468777
vn 0.709628 -0.506559 -0.489721
vn 0.698549 -0.511615 -0.500279
vn 0.680490 -0.519410 -0.516863
vn 0.322124 0.946314 -0.026957
vn 0.316208 0.948206 -0.030301
vn 0.320346 0.946888 -0.027963
vn 0.326113 0.945008 -0.024695
vn 0.399762 0.309194 -0.862896
vn 0.393950 0.319161 -0.861940
vn 0.369575 0.359565 -0.856812
vn 0.419615 0.274104 -0.865327
vn 0.149739 -0.840391 0.520884
vn 0.262609 -0.766386 0.586250
vn 0.192959 -0.814546 0.547067
vn 0.062506 -0.883666 0.463926
vn -0.455653 0.519691 -0.722705
vn -0.439233 0.506969 -0.741659
vn -0.451501 0.516486 -0.727591
vn -0.467742 0.528970 -0.708102
vn 0.274602 0.687629 -0.672131
vn -0.298438 0.908118 -0.293693
vn -0.222765 0.905855 -0.360281
vn 0.428223 -0.888492 0.164946
vn -0.149739 0.840392 -0.520884
vn -0.192959 0.814546 -0.547067
vn -0.262609 0.766386 -0.586250
vn -0.062506 0.883666 -0.463926
vn 0.455653 -0.519691 0.722705
vn 0.451501 -0.516486 0.727591
vn 0.439233 -0.506969 0.741659
vn 0.467742 -0.528970 0.708102
vn -0.274604 -0.687627 0.672132
vn 0.222766 -0.905855 0.360281
vn 0.298438 -0.908118 0.293693
vn -0.428223 0.888492 -0.164946
vn 0.940113 -0.261616 -0.218505
vn 0.924546 -0.287307 -0.250337
vn 0.942225 -0.257842 -0.213846
vn 0.954848 -0.233419 -0.183794
vn -0.897779 -0.427730 0.105072
vn -0.920827 -0.326927 0.212595
vn -0.901590 -0.416168 0.118062
vn -0.860540 -0.509327 0.007556
vn 0.104485 0.351067 -0.930502
vn 0.104471 0.351060 -0.930507
vn 0.104576 0.351153 -0.930460
vn 0.104596 0.351163 -0.930454
vn 0.104482 0.351019 -0.930521
vn 0.279144 0.882391 0.378768
vn 0.706786 0.624881 0.331630
vn 0.247129 0.888240 0.387242
vn 0.375743 0.850325 0.368463
vn 0.724423 0.610341 0.320461
vn 0.987301 0.075096 0.139989
vn 0.852683 0.354134 0.384084
vn 0.986962 0.066837 0.146418
vn 0.982912 0.017333 0.183256
vn 0.994573 -0.026995 0.100476
vn 0.902973 -0.239899 0.356494
vn 0.929272 -0.244424 0.276967
vn 0.992031 -0.040116 0.119439
vn 0.975142 -0.129009 0.180151
vn -0.735913 0.653506 0.177094
vn -0.714683 0.671381 0.196151
vn -0.969200 0.246268 -0.001669
vn -0.973902 0.226299 -0.017437
vn -0.799527 0.585283 0.134910
vn -0.904753 -0.353969 -0.236913
vn -0.892905 -0.408020 -0.190372
vn -0.997822 -0.063981 0.016035
vn -0.903406 -0.361787 -0.230146
vn -0.853948 -0.446195 -0.267736
vn -0.824370 -0.537214 -0.178370
vn -0.773993 -0.630115 -0.062378
vn -0.853356 -0.458473 -0.248165
vn -0.782964 -0.621724 0.020680
vn 0.104533 0.351066 -0.930498
vn 0.104735 0.351173 -0.930434
vn 0.104518 0.351090 -0.930490
vn 0.104456 0.351037 -0.930517
vn 0.104550 0.351119 -0.930476
vn 0.104633 0.351164 -0.930449
vn -0.104537 -0.351149 0.930466
vn -0.104533 -0.351160 0.930462
vn -0.104555 -0.351171 0.930455
vn -0.104469 -0.351107 0.930489
vn -0.104535 -0.351156 0.930463
vn -0.104361 -0.351049 0.930523
vn 0.694990 0.642360 0.323051
vn 0.694080 0.643194 0.323348
vn 0.245826 0.896321 0.369023
vn 0.245955 0.896335 0.368904
vn 0.963173 -0.268811 0.006270
vn 0.963680 -0.266966 0.007053
vn 0.710230 -0.680778 -0.179204
vn 0.710249 -0.680770 -0.179161
vn -0.710229 0.680821 0.179044
vn -0.710195 0.680864 0.179016
vn -0.963185 0.268764 -0.006374
vn -0.963658 0.267047 -0.007057
vn -0.694966 -0.642375 -0.323073
vn -0.694112 -0.643178 -0.323311
vn -0.245688 -0.896314 -0.369134
vn -0.245718 -0.896290 -0.369170
vn 0.104418 0.351064 -0.930511
vn 0.104543 0.351141 -0.930468
vn 0.104511 0.351148 -0.930469
vn 0.104588 0.351120 -0.930471
vn -0.486541 -0.294732 -0.822442
vn -0.699709 0.427231 -0.572609
vn -0.694144 -0.643187 -0.323224
vn -0.963654 0.267062 -0.007037
vn -0.245730 -0.896352 -0.369013
vn -0.710292 0.680732 0.179133
vn -0.710372 0.680640 0.179167
vn -0.245765 -0.896332 -0.369038
vn 0.694945 0.642380 0.323109
vn 0.694212 0.643098 0.323255
vn 0.245811 0.896317 0.369044
vn 0.245751 0.896318 0.369081
vn 0.963163 -0.268846 0.006313
vn 0.963654 -0.267060 0.007062
vn 0.710186 -0.680834 -0.179167
vn 0.710234 -0.680803 -0.179093
vn 0.695008 0.642332 0.323069
vn 0.694263 0.643053 0.323236
vn 0.245973 0.896260 0.369074
vn 0.245932 0.896270 0.369078
vn 0.963209 -0.268675 0.006418
vn 0.963650 -0.267076 0.007054
vn 0.710337 -0.680711 -0.179036
vn 0.710311 -0.680734 -0.179052
vn -0.710291 0.680752 0.179063
vn -0.710247 0.680795 0.179077
vn -0.963203 0.268698 -0.006390
vn -0.963654 0.267061 -0.007077
vn -0.694982 -0.642368 -0.323054
vn -0.694146 -0.643164 -0.323267
vn -0.245856 -0.896296 -0.369065
vn -0.245680 -0.896353 -0.369044
vn 0.727834 0.024022 -0.685333
vn 0.727732 0.051120 -0.683954
vn 0.577905 0.137159 -0.804496
vn 0.527334 0.153494 -0.835679
vn 0.299077 0.282890 -0.911332
vn 0.302256 0.275599 -0.912517
vn -0.394278 0.236507 -0.888037
vn -0.156976 0.301482 -0.940461
vn -0.370142 0.284824 -0.884234
vn -0.134064 0.270637 -0.953301
vn 0.191900 0.320575 -0.927581
vn 0.172511 0.297108 -0.939131
vn 0.595078 -0.548651 0.587251
vn 0.779574 -0.604616 0.163411
vn 0.543830 -0.630476 0.553849
vn 0.670295 -0.361196 -0.648261
vn 0.748760 -0.657461 0.084284
vn 0.514403 -0.684031 0.517196
vn 0.284755 0.155103 -0.945969
vn 0.520652 -0.482510 -0.704347
vn 0.749317 -0.655481 0.094177
vn 0.765537 -0.546817 -0.339034
vn -0.362053 0.134876 -0.922348
vn -0.274015 0.058124 -0.959967
vn -0.090116 -0.563716 -0.821038
vn -0.289089 -0.317435 -0.903140
vn -0.197012 -0.941555 0.273240
vn -0.912443 -0.272858 -0.304955
vn -0.607558 -0.000547 -0.794275
vn -0.574576 -0.689127 0.441549
vn -0.963555 0.191332 0.186957
vn -0.814936 -0.086188 0.573107
vn -0.825005 -0.401838 0.397357
vn -0.416024 -0.314810 0.853123
vn -0.365162 -0.572398 0.734178
vn -0.386602 -0.536657 0.750026
vn -0.594805 0.548458 -0.587708
vn -0.548013 0.622820 -0.558371
vn -0.777906 0.605743 -0.167146
vn -0.520922 0.671983 -0.526383
vn -0.755043 0.649774 -0.087775
vn -0.671890 0.362394 0.645937
vn -0.758298 0.643899 -0.101871
vn -0.774304 0.535437 0.337285
vn -0.525006 0.473973 0.706907
vn -0.287094 -0.156959 0.944955
vn 0.084029 0.554897 0.827665
vn 0.282253 0.306399 0.909094
vn 0.274111 -0.066229 0.959415
vn 0.364770 -0.132892 0.921565
vn 0.605001 -0.010434 0.796156
vn 0.910996 0.277358 0.305219
vn 0.187064 0.946620 -0.262521
vn 0.959569 -0.204566 -0.193337
vn 0.810147 0.070753 -0.581942
vn 0.570686 0.701913 -0.426187
vn 0.823904 0.401639 -0.399835
vn 0.381167 0.524063 -0.761623
vn 0.366187 0.563664 -0.740399
vn 0.419724 0.312900 -0.852013
vn -0.721254 -0.017284 0.692456
vn -0.570857 -0.128627 0.810911
vn -0.721310 -0.046953 0.691019
vn -0.520586 -0.141366 0.842025
vn -0.294108 -0.268247 0.917357
vn -0.298772 -0.257267 0.918994
vn -0.488738 -0.834768 -0.253568
vn -0.218705 -0.968308 -0.120613
vn -0.307962 -0.642162 0.701988
vn 0.700541 -0.713341 0.019653
vn 0.284202 -0.661992 0.693539
vn 0.933474 -0.345107 0.097607
vn 0.576798 0.304636 0.757959
vn 0.183791 0.862818 0.470921
vn 0.325033 0.931875 -0.161131
vn 0.336325 0.906036 -0.256873
vn 0.429324 0.885473 -0.177813
vn 0.106188 0.211252 -0.971646
vn 0.058723 0.158465 -0.985617
vn 0.067760 0.421697 -0.904201
vn 0.146003 0.474758 -0.867922
vn 0.220721 0.442110 -0.869379
vn -0.970499 0.170252 -0.170720
vn -0.984009 0.177224 -0.017851
vn -0.877857 0.263657 -0.399814
vn -0.075325 0.734826 -0.674060
vn 0.369060 0.695093 -0.616961
vn -0.913990 -0.295913 0.277594
vn -0.940335 0.330593 0.080484
vn -0.913685 -0.059208 0.402087
vn -0.537478 -0.281752 0.794817
vn -0.484640 0.008463 0.874673
vn -0.647304 0.422097 0.634690
vn -0.746014 0.313632 0.587451
vn -0.314947 0.318795 0.893968
vn -0.237769 -0.306426 0.921721
vn -0.187952 0.029859 0.981724
vn -0.076882 0.358042 0.930535
vn 0.000002 -0.999958 -0.009134
vn 0.000006 -0.999958 -0.009146
vn -0.000024 -0.999958 -0.009179
vn 0.000010 -0.999958 -0.009129
vn 0.000016 -0.999958 -0.009127
vn -0.000029 -0.999959 -0.009105
vn -0.000011 -0.999958 -0.009121
vn 0.000002 -0.999958 -0.009117
vn -0.000012 -0.999958 -0.009126
vn -0.000017 -0.999958 -0.009145
vn -0.000012 -0.999958 -0.009141
vn -0.000005 -0.999958 -0.009140
vn 0.556427 -0.588292 -0.586773
vn 0.787087 -0.355512 -0.504088
vn 0.658022 -0.507428 -0.556348
vn 0.556594 -0.588495 -0.586410
vn 0.945123 -0.190841 -0.265183
vn 0.893272 -0.183277 -0.410457
vn 0.971724 -0.092848 -0.217096
vn 0.994405 -0.098458 0.038275
vn -0.880288 0.380977 0.282752
vn -0.902689 0.319750 0.287944
vn -0.902793 0.315721 0.292036
vn -0.842737 0.393487 0.367373
vn -0.872303 0.383998 0.302711
vn -0.833695 0.347808 0.428932
vn -0.012163 0.583638 0.811923
vn -0.334374 0.669928 0.662865
vn -0.252777 0.118303 0.960265
vn -0.565223 0.214045 0.796686
vn -0.724951 0.381931 0.573214
vn -0.405017 -0.250650 0.879282
vn -0.676279 0.114197 0.727740
vn -0.600669 0.367838 0.709853
vn -0.830279 0.231729 0.506891
vn -0.965729 0.131314 0.223883
vn -0.447055 -0.211833 0.869062
vn -0.683857 0.037526 0.728650
vn -0.325926 0.523292 0.787361
vn -0.485685 0.261800 0.834009
vn -0.783108 0.206680 0.586537
vn -0.900849 0.429081 0.066040
vn -0.973130 0.224237 0.052308
vn -0.581005 -0.671864 0.459382
vn 0.018524 0.539301 0.841910
vn -0.448625 0.009203 0.893673
vn -0.508990 0.376394 0.774117
vn -0.416612 0.463772 0.781888
vn -0.799358 0.477522 0.364691
vn -0.927643 0.372752 0.023107
vn -0.561521 -0.292749 0.773946
vn -0.773180 -0.081601 0.628915
vn -0.584690 0.552383 0.594148
vn -0.515347 0.517018 0.683455
vn -0.135554 0.346230 0.928305
vn -0.251230 0.368202 0.895159
vn -0.190549 0.310796 0.931181
vn -0.438100 0.105646 0.892697
vn -0.330574 0.326853 0.885374
vn -0.582206 -0.225766 0.781067
vn -0.442139 0.077611 0.893583
vn -0.446519 -0.248783 0.859493
vn 0.018325 -0.062161 0.997898
vn -0.701160 0.080230 0.708475
vn 0.007953 0.365597 0.930739
vn 0.110949 0.505021 0.855947
vn -0.761809 0.612597 0.210646
vn -0.417439 0.683236 0.599110
vn -0.175613 0.745553 0.642893
vn -0.036386 0.778327 0.626804
vn -0.273279 0.845319 0.459080
vn -0.796238 0.604417 0.026180
vn -0.948912 0.312451 0.044060
vn -0.905732 0.418815 -0.065145
vn 0.047533 0.990763 0.127004
vn -0.263451 0.962126 0.070048
vn -0.736818 0.592990 -0.324749
vn -0.989778 0.037577 0.137577
vn -0.853690 0.500035 -0.145525
vn -0.967585 0.093210 0.234716
vn -0.840142 0.479427 -0.253596
vn -0.156028 0.880070 -0.448478
vn -0.830275 -0.407337 0.380420
vn -0.909790 -0.380810 0.165123
vn -0.832157 -0.313939 0.457118
vn -0.313542 0.475813 -0.821763
vn -0.451241 0.630518 -0.631529
vn -0.647743 -0.688654 0.325860
vn -0.607505 -0.576747 0.546169
vn 0.023546 0.357866 -0.933476
vn 0.092739 0.565154 -0.819756
vn 0.102132 0.812415 -0.574065
vn 0.131600 0.838416 -0.528904
vn -0.318905 0.842929 -0.433325
vn -0.810426 -0.490146 -0.320883
vn -0.523057 0.831117 -0.188827
vn -0.332678 0.835792 -0.436780
vn -0.069470 -0.524655 0.848476
vn 0.793519 0.258993 0.550681
vn 0.964727 0.149792 -0.216479
vn -0.002661 0.239839 0.970809
vn -0.247924 0.064122 0.966655
vn -0.383877 -0.348586 0.855059
vn 0.001924 -0.631611 0.775283
vn 0.840779 -0.490725 0.228650
vn 0.885252 -0.328415 -0.329353
vn -0.020893 0.796140 0.604752
vn -0.442892 0.567312 0.694265
vn -0.832492 0.080352 0.548179
vn -0.816763 -0.133302 0.561363
vn 0.000207 -0.489837 0.871814
vn 0.194087 -0.271104 0.942779
vn 0.968977 -0.218355 0.115777
vn 0.957804 -0.129284 -0.256703
vn -0.382119 0.922972 0.045922
vn -0.894370 0.420706 -0.152015
vn -0.938383 0.232176 -0.255992
vn -0.768069 0.041082 0.639048
vn 0.881548 -0.306828 0.358789
vn 0.125844 0.981552 -0.143940
vn 0.952577 -0.246956 -0.177793
vn -0.199255 0.492502 -0.847195
vn -0.289578 0.240913 -0.926340
vn 0.124253 0.698885 -0.704359
vn 0.268335 0.409898 -0.871768
vn 0.797055 -0.563167 -0.218053
vn 0.339669 0.100957 -0.935111
vn 0.417462 0.196126 -0.887277
vn 0.736864 -0.573586 0.357815
vn 0.091347 0.118543 -0.988738
vn 0.109657 -0.081499 0.990623
vn -0.013994 -0.317948 0.948005
vn 0.179374 0.187116 -0.965822
vn -0.759108 0.163078 0.630207
vn -0.596295 0.264070 0.758089
vn -0.784807 -0.075324 0.615146
vn -0.396691 0.369400 -0.840345
vn -0.237534 0.538643 -0.808357
vn 0.171292 0.120042 -0.977880
vn -0.905300 0.416859 -0.081614
vn -0.932809 0.360369 0.001329
vn -0.936741 -0.049605 -0.346489
vn -0.404357 0.134614 -0.904641
vn 0.136095 -0.036546 -0.990022
vn -0.932056 0.205535 -0.298374
vn -0.312272 0.074673 -0.947053
vn -0.165392 -0.204714 -0.964747
vn 0.147909 -0.296019 -0.943661
vn 0.059959 -0.180055 -0.981827
vn 0.080212 -0.159052 -0.984006
vn -0.258075 -0.129421 -0.957417
vn -0.013784 -0.096829 -0.995206
vn -0.418846 -0.136901 -0.897678
vn -0.960461 0.039505 -0.275597
vn -0.206260 -0.133746 -0.969314
vn -0.503369 -0.080894 -0.860277
vn -0.910737 0.211363 0.354803
vn -0.893518 -0.056959 0.445400
vn -0.384620 -0.178637 -0.905625
vn -0.714636 -0.291686 -0.635779
vn -0.953874 0.183899 -0.237289
vn -0.551945 -0.268008 -0.789638
vn -0.875584 0.322921 0.359270
vn -0.524136 0.383362 0.760471
vn -0.599436 0.146544 0.786893
vn -0.989291 0.056753 0.134468
vn -0.987524 0.085875 -0.131995
vn -0.847604 0.013085 0.530468
vn -0.421755 0.407849 0.809803
vn -0.209875 0.403197 0.890721
vn -0.221320 0.244579 0.944033
vn -0.825004 -0.244139 0.509672
vn -0.416272 -0.060973 0.907193
vn -0.386963 -0.409649 0.826104
vn -0.160695 0.320592 0.933487
vn -0.121992 -0.256026 0.958941
vn -0.116216 -0.535141 0.836731
vn -0.634105 0.335128 0.696850
vn -0.817958 0.432889 0.378883
vn -0.821070 0.428988 0.376582
vn -0.390397 0.152077 0.908000
vn -0.628289 0.321621 0.708388
vn -0.408376 0.138705 0.902214
vn -0.881758 -0.402850 0.245386
vn -0.886949 -0.362185 0.286605
vn -0.887315 -0.405243 -0.220113
vn -0.821877 -0.326823 0.466589
vn -0.815351 -0.578955 0.003603
vn -0.412785 -0.179576 -0.892951
vn -0.722286 -0.665709 0.187444
vn -0.245143 -0.941207 -0.232454
vn -0.185171 -0.427915 -0.884647
vn 0.128732 0.253827 -0.958645
vn -0.379870 -0.050338 -0.923669
vn 0.154626 -0.263102 -0.952296
vn 0.575597 -0.015403 -0.817589
vn 0.812187 -0.154303 -0.562621
vn 0.602219 -0.297566 -0.740801
vn 0.888207 -0.448645 0.099025
vn 0.202768 -0.909313 0.363365
vn 0.784486 -0.345922 0.514703
vn 0.423564 -0.556580 0.714711
vn 0.325453 -0.733398 0.596832
vn 0.478458 -0.616630 0.625176
vn -0.121980 -0.710946 0.692587
vn -0.081898 -0.649872 0.755619
vn 0.042815 -0.397961 0.916403
vn 0.881676 0.402669 -0.245979
vn 0.887574 0.406820 0.216127
vn 0.888532 0.357724 -0.287305
vn 0.415339 0.180348 0.891610
vn 0.820146 0.572153 -0.000659
vn 0.826411 0.317457 -0.465044
vn -0.127995 -0.256440 0.958048
vn 0.187405 0.418314 0.888759
vn 0.731716 0.656283 -0.184076
vn 0.245043 0.939180 0.240614
vn -0.808526 0.136861 0.572325
vn -0.577072 0.006626 0.816667
vn 0.383308 0.030790 0.923107
vn -0.151599 0.248966 0.956574
vn -0.196453 0.915338 -0.351514
vn -0.886378 0.452161 -0.099418
vn -0.604750 0.287413 0.742745
vn -0.324621 0.742181 -0.586335
vn -0.783025 0.338190 -0.522016
vn -0.419804 0.544507 -0.726138
vn -0.476800 0.613641 -0.629370
vn -0.045029 0.397471 -0.916509
vn 0.081900 0.641448 -0.762783
vn 0.128210 0.697953 -0.704574
vn 0.390078 -0.227413 0.892257
vn 0.364280 -0.279403 0.888389
vn 0.152016 -0.291120 0.944532
vn 0.131147 -0.256275 0.957666
vn -0.194142 -0.304809 0.932416
vn -0.172352 -0.278212 0.944930
vn -0.327861 -0.916214 -0.230347
vn -0.493544 -0.547265 0.675956
vn -0.617013 -0.766579 -0.177908
vn 0.473378 0.716209 0.512795
vn -0.842594 -0.090346 0.530917
vn -0.966521 0.132070 -0.219990
vn 0.591474 0.796889 -0.122985
vn -0.254986 0.726524 0.638079
vn 0.499352 0.850006 -0.167743
vn 0.586251 0.779407 -0.220985
vn -0.823002 0.546579 -0.154658
vn 0.305419 0.148984 -0.940491
vn 0.404667 0.291172 -0.866870
vn 0.344960 0.035512 -0.937945
vn 0.260746 0.451265 -0.853447
vn 0.355032 0.410722 -0.839798
vn 0.617082 0.511998 -0.597552
vn 0.974931 0.094426 0.201476
vn 0.973495 0.187014 0.131658
vn 0.926002 0.081616 0.368590
vn 0.176846 0.733713 -0.656042
vn 0.696812 -0.434579 0.570608
vn 0.881982 0.399992 0.249228
vn 0.701466 -0.202887 0.683215
vn 0.069096 -0.399372 0.914182
vn 0.121695 -0.096452 0.987870
vn 0.737299 0.081670 0.670612
vn 0.657221 0.002179 0.753694
vn 0.095030 0.258751 0.961258
vn -0.243278 -0.305348 0.920640
vn -0.186705 0.029507 0.981973
vn -0.145017 0.371280 0.917127
vn 0.325572 -0.576317 -0.749574
vn 0.325599 -0.576315 -0.749564
vn 0.325589 -0.576306 -0.749576
vn 0.328096 -0.582277 -0.743846
vn 0.338971 -0.568025 -0.749965
vn 0.033321 -0.571929 -0.819626
vn 0.003442 -0.571348 -0.820700
vn 0.037643 -0.573869 -0.818081
vn -0.295072 -0.485150 -0.823142
vn -0.296555 -0.528192 -0.795656
vn -0.309198 -0.519516 -0.796555
vn -0.310481 -0.497025 -0.810289
vn -0.812960 0.050857 -0.580095
vn -0.743451 0.152027 -0.651282
vn -0.612521 0.355026 -0.706240
vn -0.924356 0.075032 -0.374081
vn -0.625241 0.606165 -0.491567
vn -0.557162 0.552905 -0.619570
vn -0.648369 0.735093 -0.198132
vn -0.573428 0.691209 -0.439786
vn 0.735627 -0.439179 0.515728
vn 0.694366 -0.494940 0.522389
vn 0.698554 -0.492859 0.518760
vn 0.738155 -0.382725 0.555562
vn 0.724588 -0.428776 0.539559
vn 0.635197 -0.408224 0.655650
vn 0.285395 0.432938 0.855052
vn 0.018807 -0.020061 0.999622
vn 0.570245 0.210607 0.794019
vn -0.168737 -0.370179 0.913507
vn 0.308812 -0.229252 0.923081
vn 0.582910 -0.281817 0.762100
vn -0.112300 -0.382149 0.917252
vn 0.307925 -0.385383 0.869863
vn 0.538365 -0.462637 0.704366
vn 0.470780 -0.175580 0.864603
vn -0.294916 -0.769534 0.566429
vn 0.251286 -0.437099 0.863597
vn 0.619947 -0.608263 0.495663
vn 0.834400 -0.451513 0.316088
vn 0.473738 -0.431195 0.767882
vn 0.730736 -0.621365 0.282719
vn 0.293080 -0.133346 0.946743
vn -0.086203 -0.895672 0.436281
vn 0.051628 -0.841354 0.538012
vn 0.382684 -0.777702 0.498730
vn 0.714539 -0.484514 0.504659
vn 0.426329 0.036385 0.903836
vn 0.747929 -0.307966 0.588013
vn 0.025109 -0.693896 0.719637
vn 0.452349 -0.487229 0.746987
vn 0.846632 -0.364725 0.387544
vn 0.752318 -0.247295 0.610625
vn 0.957524 0.217003 0.189887
vn 0.938856 -0.227883 0.258105
vn 0.812916 -0.517001 0.268098
vn 0.634981 0.761215 -0.131726
vn 0.848612 0.258811 -0.461382
vn 0.967086 -0.241091 -0.081365
vn 0.942795 -0.315663 -0.107217
vn 0.923585 -0.268238 0.273931
vn 0.868954 -0.214818 0.445839
vn 0.462060 0.805640 -0.370736
vn 0.502617 0.430245 -0.749843
vn 0.734707 -0.119743 -0.667733
vn 0.887738 0.350807 -0.298088
vn 0.896469 0.374223 0.237276
vn 0.721295 0.341226 0.602743
vn 0.472187 0.106091 -0.875091
vn 0.716255 0.500638 -0.486149
vn 0.730094 0.645150 0.225263
vn 0.495719 0.508760 0.703864
vn 0.545050 0.380427 0.747125
vn 0.143521 0.488644 0.860598
vn 0.642455 0.145812 0.752324
vn 0.299690 -0.427551 0.852869
vn 0.074577 0.331904 0.940360
vn -0.285779 0.091426 0.953924
vn -0.026743 -0.507860 0.861024
vn 0.109258 -0.201864 0.973300
vn -0.139491 -0.404575 0.903804
vn 0.245364 0.035298 0.968788
vn 0.129004 -0.182119 0.974777
vn 0.231034 0.123737 0.965045
vn 0.143000 0.141611 0.979539
vn 0.140165 0.205890 0.968485
vn 0.546617 -0.021768 0.837100
vn 0.634283 -0.066252 0.770257
vn 0.420814 0.144571 0.895553
vn -0.090264 -0.532562 0.841564
vn 0.229961 -0.590395 0.773661
vn 0.411131 -0.090488 0.907074
vn 0.226270 0.433897 0.872087
vn 0.058879 -0.247170 0.967182
vn 0.472657 -0.877308 -0.083226
vn -0.627375 0.115726 -0.770070
vn 0.163315 0.982588 -0.088594
vn -0.969021 0.232475 -0.083388
vn -0.704341 0.099652 -0.702832
vn -0.477436 -0.334736 0.812408
vn -0.320989 -0.871864 -0.369891
vn -0.451170 -0.620814 0.641120
vn 0.132325 0.148014 0.980093
vn 0.017292 -0.164223 0.986272
vn -0.671410 -0.083365 -0.736382
vn -0.058977 -0.483767 0.873207
vn -0.403656 -0.647698 0.646180
vn -0.363863 -0.664980 0.652231
vn -0.412465 0.860286 0.299634
vn 0.481346 -0.336306 0.809447
vn 0.525101 0.202799 0.826524
vn -0.554078 0.039322 -0.831536
vn 0.541803 -0.206272 0.814801
vn 0.390644 -0.576676 0.717524
vn -0.859723 0.100984 -0.500678
vn 0.460957 0.605376 0.648874
vn 0.987114 0.004055 0.159965
vn 0.783463 0.594716 0.180277
vn -0.467134 -0.252508 -0.847364
vn 0.962150 0.121991 0.243693
vn 0.568678 0.815854 -0.104825
vn 0.903834 0.104513 0.414923
vn 0.703777 0.398524 -0.588112
vn 0.298168 0.555238 -0.776407
vn 0.584487 0.390743 -0.711122
vn 0.637795 0.222691 -0.737310
vn 0.194755 0.461923 -0.865273
vn 0.304640 0.236366 -0.922673
vn 0.812603 0.138050 -0.566232
vn -0.239493 0.280682 -0.929441
vn -0.095694 0.349194 -0.932151
vn 0.280267 0.300227 -0.911764
vn 0.366770 0.118117 -0.922783
vn 0.897041 0.075544 0.435442
vn 0.836855 -0.106969 -0.536873
vn 0.590774 -0.145696 -0.793573
vn 0.780797 -0.125281 0.612095
vn 0.908021 -0.283026 -0.308858
vn 0.298505 -0.406961 0.863295
vn -0.050638 0.124374 0.990942
vn 0.572363 -0.529002 -0.626544
vn 0.593799 -0.407304 0.693907
vn 0.802528 -0.556452 -0.215197
vn -0.841970 0.242929 0.481739
vn -0.916826 -0.017940 0.398885
vn -0.317894 -0.109086 0.941830
vn -0.783617 -0.174153 -0.596334
vn -0.371291 -0.358093 -0.856687
vn 0.238792 -0.223232 -0.945064
vn 0.583332 -0.320200 -0.746456
vn 0.193505 -0.165369 -0.967062
vn 0.987166 -0.155654 0.035702
vn 0.598427 -0.189511 -0.778441
vn 0.127074 -0.043846 -0.990924
vn 0.550570 -0.559141 0.619867
vn 0.808251 -0.024763 0.588317
vn 0.969724 0.166523 -0.178623
vn 0.567573 0.046578 -0.822004
vn -0.073792 -0.040362 -0.996457
vn 0.284817 0.003264 0.958576
vn 0.841167 0.279925 0.462688
vn 0.329435 0.251876 0.909962
vn 0.919326 -0.216035 -0.328889
vn 0.450744 -0.015804 -0.892513
vn 0.901265 -0.256738 0.349008
vn -0.273386 -0.239504 -0.931611
vn 0.191096 -0.181884 -0.964573
vn 0.445080 0.306978 0.841230
vn 0.741816 -0.663927 0.094396
vn 0.707584 -0.466458 -0.530794
vn 0.556650 -0.209820 0.803813
vn 0.497024 -0.629359 0.597390
vn 0.047261 0.332702 0.941847
vn 0.250643 0.387485 0.887149
vn 0.316538 -0.156505 0.935580
vn 0.321487 -0.520044 0.791328
vn -0.059710 0.233894 0.970427
vn 0.466149 -0.223410 0.856033
vn 0.718910 -0.353172 0.598697
vn 0.719758 -0.347930 0.600743
vn 0.450074 -0.225668 0.864007
vn 0.135659 -0.114885 0.984072
vn 0.136534 -0.137801 0.981004
vn -0.822558 -0.324441 0.467051
vn -0.847086 -0.241658 0.473335
vn -0.478632 -0.495723 0.724686
vn -0.856590 -0.100627 0.506091
vn -0.508346 -0.346255 0.788474
vn 0.443881 -0.556262 0.702526
vn -0.837452 -0.060487 0.543153
vn -0.436061 -0.127808 0.890795
vn 0.459567 -0.381692 0.801941
vn 0.713643 -0.499117 0.491524
vn 0.965715 -0.242631 0.092328
vn -0.231222 -0.031343 0.972396
vn 0.600378 0.073289 0.796351
vn 0.473492 -0.051394 0.879297
vn 0.990919 -0.047631 0.125740
vn 0.690145 0.001938 -0.723668
vn 0.701920 -0.195524 -0.684893
vn 0.931725 -0.269011 -0.243970
vn 0.998565 0.020620 0.049417
vn -0.110460 0.097899 -0.989047
vn -0.173217 -0.042955 -0.983946
vn 0.724661 0.040974 -0.687887
vn 0.430790 -0.323124 -0.842621
vn 0.321444 -0.398318 -0.859079
vn 0.893933 -0.440830 -0.080954
vn 0.754927 0.071191 -0.651933
vn -0.859330 0.094294 -0.502654
vn -0.655587 0.162298 -0.737472
vn -0.862136 0.125097 -0.490992
vn 0.113078 0.133643 -0.984557
vn -0.996047 -0.035290 -0.081514
vn -0.996248 -0.053642 -0.067916
vn -0.695073 0.198728 -0.690927
vn -0.889618 0.093867 -0.446956
vn -0.999747 -0.003196 -0.022275
vn -0.998463 -0.047597 -0.028376
vn -0.686530 0.112538 -0.718340
vn -0.998826 -0.042453 -0.023342
vn -0.079813 0.148840 -0.985635
vn 0.985392 0.034456 0.166781
vn 0.829371 -0.235289 0.506737
vn 0.982915 0.086602 0.162411
vn 0.034610 -0.642865 0.765197
vn 0.773505 -0.012555 0.633666
vn 0.950719 0.290042 0.109585
vn -0.015118 -0.503894 0.863633
vn -0.755885 -0.499662 0.423054
vn -0.282115 -0.708987 0.646334
vn 0.694825 0.330850 0.638558
vn 0.894619 0.446381 0.020024
vn -0.788803 -0.429259 0.439917
vn -0.130675 -0.334216 0.933394
vn -0.910661 -0.257098 -0.323415
vn -0.847835 -0.230316 -0.477630
vn -0.959173 -0.203708 0.196189
vn -0.020975 -0.105007 0.994250
vn 0.660579 0.354418 0.661833
vn -0.865028 -0.250368 -0.434791
vn -0.818560 -0.333358 0.467794
vn -0.264411 0.147804 -0.953017
vn -0.085912 -0.087985 -0.992410
vn -0.910529 -0.302784 0.281529
vn -0.869336 -0.262237 -0.418911
vn -0.423101 0.048889 -0.904763
vn -0.312407 0.138796 -0.939754
vn 0.577284 0.465448 -0.670896
vn 0.550630 0.428453 -0.716404
vn 0.335987 0.442664 -0.831361
vn 0.874408 0.410275 -0.259007
vn 0.875559 0.350754 -0.332216
vn 0.559341 0.396760 -0.727818
vn 0.858668 0.337620 -0.385618
vn 0.318992 0.405088 -0.856825
vn 0.280332 0.349096 -0.894173
vn 0.869551 0.320854 -0.375412
vn 0.881690 0.328727 -0.338469
vn -0.465398 -0.520646 -0.715775
vn -0.749933 -0.269872 -0.603962
vn -0.109071 -0.979953 0.166720
vn -0.151760 -0.988321 -0.013810
vn -0.184702 -0.971151 0.150834
vn 0.056609 -0.889530 0.453356
vn -0.054731 -0.882842 0.466471
vn -0.199394 -0.979655 -0.022748
vn 0.279826 -0.826017 0.489279
vn 0.168206 -0.824967 0.539571
vn 0.109071 0.979953 -0.166720
vn 0.184702 0.971151 -0.150834
vn 0.151760 0.988321 0.013810
vn -0.056609 0.889530 -0.453356
vn 0.054731 0.882842 -0.466471
vn 0.199394 0.979655 0.022748
vn -0.279826 0.826017 -0.489279
vn -0.168206 0.824967 -0.539571
vn 0.821937 0.316088 -0.473823
vn 0.476685 0.485930 -0.732560
vn 0.845668 0.236953 -0.478226
vn -0.446294 0.544876 -0.709882
vn 0.507696 0.339657 -0.791756
vn 0.854172 0.100666 -0.510153
vn -0.460160 0.374092 -0.805176
vn -0.967078 0.236132 -0.094877
vn -0.715333 0.489844 -0.498349
vn 0.433609 0.128738 -0.891858
vn 0.827797 0.130650 -0.545602
vn -0.990841 0.047018 -0.126586
vn -0.472609 0.051732 -0.879753
vn -0.703876 0.186028 0.685530
vn -0.690827 -0.002284 0.723017
vn -0.935352 0.256143 0.243942
vn -0.602118 -0.197213 -0.773667
vn 0.103980 -0.421377 -0.900905
vn 0.815511 0.124014 -0.565298
vn 0.110629 -0.098095 0.989009
vn 0.171125 0.034919 0.984630
vn -0.724640 -0.041659 0.687868
vn -0.267216 -0.290336 -0.918859
vn 0.113870 -0.901903 -0.416658
vn 0.861360 -0.124992 0.492378
vn 0.888952 -0.093576 0.448339
vn 0.082150 -0.148901 0.985434
vn -0.991585 -0.095477 -0.087422
vn -0.697082 -0.071402 -0.713427
vn -0.309890 0.204098 -0.928608
vn 0.965072 0.261500 -0.015912
vn 0.999651 0.003055 0.026246
vn 0.447684 -0.407531 0.795925
vn -0.999156 -0.033312 -0.024044
vn -0.657117 0.258053 -0.708241
vn -0.555970 0.471550 -0.684498
vn -0.229143 0.412881 -0.881489
vn 0.996241 0.029840 0.081317
vn -0.947433 0.319910 0.005344
vn -0.822443 0.568644 -0.015204
vn 0.858847 -0.103596 0.501646
vn 0.999011 0.035341 0.026974
vn 0.997002 0.041322 0.065426
vn -0.698249 0.301011 0.649492
vn 0.691947 -0.215472 0.689044
vn 0.652167 -0.178258 0.736819
vn -0.324001 0.383941 0.864646
vn -0.758442 -0.062383 0.648748
vn -0.899493 0.429000 0.082889
vn -0.435126 0.305852 0.846829
vn -0.164172 0.129567 0.977885
vn -0.071549 -0.174436 0.982066
vn -0.574338 0.595947 0.561234
vn -0.142796 0.444977 0.884084
vn 0.188143 -0.097363 0.977304
vn 0.189626 0.120382 0.974449
vn 0.182517 -0.225322 0.957036
vn 0.104192 -0.373456 0.921778
vn 0.017050 -0.825284 0.564461
vn 0.927601 0.370476 -0.048000
vn -0.983884 -0.042136 -0.173771
vn -0.981698 -0.090178 -0.167740
vn -0.826545 0.226853 -0.515133
vn -0.950594 -0.287892 -0.116140
vn -0.770282 0.005663 -0.637678
vn -0.030804 0.633134 -0.773429
vn -0.860378 -0.508793 -0.029652
vn -0.692553 -0.329187 -0.641877
vn 0.017001 0.497364 -0.867375
vn 0.284914 0.700920 -0.653862
vn 0.757915 0.494061 -0.425991
vn -0.733920 -0.679227 -0.003432
vn -0.637727 -0.492566 -0.592185
vn 0.074283 -0.012573 -0.997158
vn 0.130210 0.335156 -0.933121
vn 0.788658 0.428529 -0.440887
vn 0.848329 0.230313 0.476753
vn 0.913031 0.247919 0.323900
vn 0.961209 0.192784 -0.197259
vn -0.729181 -0.667392 -0.151273
vn -0.338256 -0.184228 -0.922845
vn 0.778809 0.403084 -0.480605
vn 0.865210 0.249823 0.434741
vn 0.264320 -0.147992 0.953013
vn 0.093208 0.080460 0.992390
vn 0.914630 0.290730 -0.280942
vn 0.155321 -0.031566 -0.987360
vn -0.164811 0.185321 -0.968759
vn -0.576379 -0.464808 0.672117
vn -0.549626 -0.427927 0.717488
vn 0.310412 -0.140001 0.940236
vn 0.783360 0.361771 -0.505439
vn -0.132939 0.371070 -0.919040
vn 0.283387 0.319610 -0.904180
vn 0.204262 0.165999 -0.964739
vn 0.905853 0.253773 0.339159
vn 0.834078 0.169185 -0.525062
vn 0.960230 0.179555 0.213817
vn 0.917112 0.148663 -0.369871
vn 0.610789 0.007692 0.791756
vn 0.439195 -0.104923 0.892244
vn 0.678271 0.093431 0.728848
vn 0.951540 0.130143 0.278630
vn 0.372689 -0.105820 0.921903
vn 0.408243 0.030386 0.912368
vn 0.258997 -0.282451 0.923657
vn -0.336380 -0.585307 0.737742
vn 0.291473 -0.329932 0.897880
vn -0.107894 -0.621454 0.775986
vn -0.659984 -0.696273 0.282179
vn -0.819465 -0.499174 0.281608
vn -0.874147 -0.350687 0.335985
vn -0.856940 -0.342678 0.385000
vn -0.556196 -0.405248 0.725548
vn -0.878132 -0.340027 0.336551
vn -0.866547 -0.332380 0.372317
vn 0.470631 0.506259 0.722640
vn -0.272135 -0.363403 0.891000
vn -0.310579 -0.419530 0.852957
vn 0.753362 0.251329 0.607684
vn -0.104546 -0.351056 0.930500
vn -0.104572 -0.350968 0.930530
vn -0.104599 -0.351112 0.930473
vn -0.104553 -0.351119 0.930475
vn -0.104767 -0.351296 0.930384
vn -0.104624 -0.351188 0.930441
vn 0.938918 -0.334240 -0.081949
vn 0.938494 -0.345290 0.001712
vn 0.941175 -0.325668 -0.090165
vn 0.361756 -0.350043 0.864061
vn 0.907622 -0.128396 0.399672
vn 0.691581 -0.632615 0.348588
vn -0.216611 -0.500194 0.838383
vn -0.237813 -0.282980 0.929176
vn -0.028678 0.027496 0.999210
vn -0.874138 0.136369 -0.466140
vn -0.884620 0.119934 -0.450624
vn -0.930248 0.102789 -0.352240
vn -0.964413 0.261719 0.037563
vn -0.962654 -0.246391 0.112203
vn -0.728702 -0.125159 0.673297
vn -0.302648 -0.512602 0.803520
vn -0.279722 0.122210 0.952271
vn -0.226360 -0.281701 0.932419
vn -0.134375 0.638880 -0.757480
vn -0.524550 0.747982 -0.406658
vn -0.246631 0.869990 -0.426955
vn 0.062670 0.966108 -0.250416
vn -0.527716 0.827733 0.190717
vn -0.322085 0.920882 0.219632
vn -0.367572 0.808728 0.459184
vn -0.495340 0.672933 0.549363
vn 0.802151 -0.217170 -0.556230
vn 0.629618 0.371559 -0.682294
vn 0.629804 0.311675 -0.711481
vn 0.941318 -0.166215 -0.293758
vn 0.864827 0.062556 -0.498158
vn 0.963363 -0.077679 0.256704
vn 0.813155 -0.326612 -0.481770
vn 0.759476 0.047392 0.648807
vn 0.832574 -0.394112 -0.389226
vn 0.976189 -0.213150 -0.040290
vn 0.981333 -0.099948 -0.164305
vn -0.025891 0.057845 0.997990
vn 0.808568 -0.588225 0.014474
vn -0.384563 -0.046011 0.921951
vn 0.949396 -0.301089 -0.089399
vn 0.912623 -0.357142 0.198921
vn 0.714179 0.301265 -0.631813
vn 0.337306 0.361999 -0.869012
vn -0.805626 0.052504 0.590093
vn -0.826977 0.182168 0.531906
vn -0.134254 -0.321463 0.937357
vn -0.826451 -0.159579 0.539919
vn 0.020258 0.857025 -0.514877
vn 0.015490 0.541552 -0.840524
vn -0.800008 0.558167 -0.220082
vn -0.902253 0.266104 -0.339305
vn -0.896272 0.291793 -0.333995
vn -0.992854 0.020175 -0.117615
vn -0.872657 -0.458379 -0.168400
vn -0.787086 -0.316991 0.529163
vn 0.499587 0.760134 -0.415462
vn 0.027433 0.933559 -0.357372
vn -0.510138 0.099392 -0.854330
vn -0.800726 0.191185 -0.567703
vn -0.882181 -0.354389 -0.310106
vn 0.577423 0.593264 0.560911
vn 0.109129 0.646247 0.755285
vn 0.100896 0.768206 0.632202
vn -0.387587 0.409962 -0.825655
vn -0.670385 -0.142621 -0.728178
vn 0.128539 0.241683 0.961804
vn 0.314563 0.218769 0.923683
vn 0.686753 0.118729 0.717129
vn -0.341148 0.375469 -0.861766
vn 0.891200 0.442489 -0.099834
vn -0.002699 0.488025 -0.872825
vn -0.464207 0.644784 -0.607261
vn 0.555567 0.692239 -0.460597
vn 0.256256 0.667287 -0.699329
vn -0.324373 -0.072797 -0.943124
vn -0.664387 -0.460592 -0.588596
vn 0.351963 0.123331 0.927853
vn -0.478329 0.298397 0.825930
vn -0.362813 0.799985 -0.477903
vn -0.095869 0.617253 -0.780902
vn -0.061967 -0.252639 -0.965574
vn 0.031868 -0.044081 0.998520
vn 0.062236 -0.384647 0.920963
vn -0.291005 -0.050391 0.955394
vn -0.626338 0.443381 0.641182
vn -0.514624 0.802421 -0.302129
vn -0.059791 0.978872 -0.195539
vn 0.877183 0.456860 -0.147745
vn 0.412413 0.665822 -0.621769
vn -0.172959 0.611539 0.772079
vn 0.777654 0.170981 0.604995
vn -0.471939 0.263703 0.841270
vn -0.341227 0.802922 -0.488753
vn -0.083761 0.649821 -0.755458
vn 0.133222 -0.079840 0.987865
vn -0.258670 -0.052628 0.964531
vn -0.654121 0.429969 0.622296
vn -0.558131 0.779515 -0.284335
vn -0.081361 0.975581 -0.204015
vn 0.602706 -0.774829 -0.190747
vn -0.179147 0.597711 0.781439
vn 0.357572 0.274701 -0.892570
vn 0.603835 0.349301 0.716500
vn 0.727352 0.392633 -0.562849
vn -0.348047 0.721063 -0.599109
vn -0.099542 0.463608 -0.880431
vn -0.112634 -0.238994 0.964466
vn -0.366235 0.658469 0.657488
vn -0.372908 0.765319 0.524620
vn -0.363809 0.817338 -0.446768
vn 0.181732 0.831115 -0.525567
vn 0.127552 -0.173731 0.976498
vn 0.183128 0.783687 0.593548
vn 0.751125 -0.520751 0.405746
vn 0.926644 -0.317295 0.201631
vn -0.237057 -0.880445 0.410633
vn 0.255105 -0.870389 0.421123
vn 0.766408 -0.473372 -0.434210
vn 0.935445 -0.294314 -0.195762
vn -0.200886 -0.819739 -0.536350
vn 0.287365 -0.821059 -0.493239
vn -0.689114 -0.594133 0.414883
vn -0.625489 -0.578815 -0.523198
vn 0.295896 -0.339672 -0.892787
vn -0.172088 -0.309936 -0.935054
vn -0.152805 -0.981472 -0.115602
vn -0.513963 -0.448210 -0.731403
vn -0.568104 -0.804792 0.171955
vn -0.215073 -0.649925 0.728932
vn -0.559793 -0.809107 0.178823
vn -0.234538 -0.487093 0.841268
vn -0.483878 -0.390266 -0.783297
vn -0.010843 0.070268 -0.997469
vn 0.030615 -0.618270 -0.785369
vn -0.216396 0.274035 -0.937058
vn -0.087260 -0.984990 0.148931
vn 0.134213 -0.572852 0.808596
vn -0.223667 -0.647196 0.728774
vn -0.001284 -0.646107 -0.763246
vn -0.003540 0.318088 -0.948055
vn -0.063885 0.002114 -0.997955
vn 0.352963 0.097931 -0.930498
vn 0.537404 -0.513212 -0.669186
vn 0.422064 -0.870248 0.254028
vn -0.492754 -0.175443 0.852299
vn -0.642234 -0.692675 0.328233
vn -0.337028 -0.425505 0.839856
vn 0.370852 0.089523 -0.924367
vn 0.875328 -0.072090 -0.478126
vn 0.991312 -0.020837 -0.129872
vn 0.762980 -0.439181 0.474322
vn 0.093363 -0.591696 0.800737
vn -0.088503 -0.938419 0.333971
vn 0.953072 -0.169402 0.250912
vn 0.419539 -0.856198 0.301517
vn 0.603558 -0.795985 0.046110
vn -0.150542 -0.784663 -0.601366
vn 0.346896 -0.692985 -0.632008
vn 0.572910 -0.723419 -0.385279
vn -0.936411 0.337106 0.097438
vn -0.936913 0.335165 0.099288
vn -0.935508 0.353208 0.008326
vn -0.906168 0.137032 -0.400101
vn -0.682841 0.646381 -0.340468
vn -0.359376 0.363847 -0.859339
vn 0.216749 0.512766 -0.830717
vn 0.026473 -0.018599 -0.999476
vn 0.234538 0.293181 -0.926843
vn -0.067098 0.532299 0.843893
vn -0.053682 0.516161 0.854808
vn -0.038216 0.484034 0.874214
vn -0.070632 0.538541 0.839634
vn -0.001186 0.608186 0.793794
vn -0.074735 0.473525 0.877604
vn 0.091424 0.758880 0.644781
vn 0.112990 0.907765 0.403974
vn 0.244184 0.887790 0.390132
vn 0.181268 0.931410 0.315622
vn 0.090282 -0.400466 -0.911853
vn 0.785602 0.059484 -0.615866
vn -0.071245 0.032077 -0.996943
vn 0.502357 0.545998 0.670465
vn 0.560245 0.336925 0.756708
vn 0.821392 0.232013 -0.521043
vn -0.166972 0.499981 -0.849788
vn -0.481806 0.093789 0.871245
vn -0.399858 0.003786 0.916569
vn 0.685927 -0.210496 0.696560
vn -0.378305 -0.579137 0.722140
vn 0.749235 -0.421032 0.511252
vn 0.782781 0.379311 -0.493333
vn -0.514060 -0.766273 0.385444
vn -0.760871 -0.575908 0.299009
vn -0.428830 -0.728661 0.534002
vn -0.389008 -0.697189 0.602163
vn 0.689934 -0.428543 0.583388
vn -0.833674 -0.552231 0.005425
vn -0.486592 -0.824682 -0.288319
vn -0.908016 -0.388054 0.157864
vn 0.504243 -0.523404 -0.686868
vn -0.117491 -0.979494 0.163668
vn 0.868869 -0.122985 -0.479522
vn 0.989020 -0.093980 -0.114053
vn 0.397006 -0.880247 0.259905
vn 0.163861 -0.556393 0.814602
vn 0.759192 -0.473197 0.446892
vn 0.948940 -0.221476 0.224637
vn 0.909100 0.173897 -0.378546
vn 0.940614 0.328817 0.084407
vn 0.921197 -0.012764 -0.388888
vn 0.236712 0.440645 0.865910
vn 0.888158 0.342811 -0.306032
vn 0.823511 -0.179009 -0.538317
vn 0.963024 -0.081812 -0.256694
vn -0.651380 0.438636 0.619115
vn 0.292582 0.844098 0.449326
vn 0.797157 -0.017376 -0.603522
vn 0.739247 0.595432 -0.314601
vn -0.974612 0.115187 -0.191997
vn -0.879132 0.278590 -0.386671
vn -0.646110 0.517237 0.561255
vn -0.588976 0.663670 0.461140
vn 0.103197 0.950508 0.293060
vn 0.967171 -0.158276 0.198818
vn 0.867098 0.465627 0.177010
vn -0.382280 0.350413 -0.855028
vn -0.942583 0.077642 0.324821
vn -0.844438 0.344375 0.410280
vn -0.423561 0.177790 0.888249
vn -0.165892 0.535138 0.828316
vn -0.172600 0.458664 0.871686
vn -0.248206 -0.166362 0.954315
vn -0.971702 -0.139985 -0.190260
vn 0.904214 -0.092873 0.416858
vn 0.733057 0.482544 0.479353
vn 0.341858 -0.379266 0.859820
vn -0.485418 0.121165 -0.865846
vn -0.470857 -0.139182 -0.871162
vn -0.159843 0.113571 -0.980588
vn -0.118025 -0.148906 -0.981783
vn -0.192515 0.365227 -0.910795
vn 0.917156 -0.095403 -0.386941
vn 0.986589 -0.117634 0.113158
vn 0.972287 -0.179351 0.149971
vn 0.805424 -0.398211 0.439000
vn 0.963357 -0.230924 0.136445
vn 0.093523 -0.508191 0.856151
vn 0.317053 -0.274965 0.907674
vn 0.851915 -0.245160 0.462749
vn 0.989064 -0.095592 0.112317
vn 0.139918 -0.433310 0.890318
vn -0.766253 -0.304750 0.565671
vn 0.278610 -0.039851 0.959577
vn 0.899051 0.130731 0.417872
vn -0.627645 -0.283391 0.725087
vn -0.804840 -0.152384 0.573595
vn -0.792026 -0.306437 0.528007
vn -0.898720 0.172389 -0.403217
vn -0.915473 -0.047138 0.399609
vn -0.838509 0.152919 -0.522989
vn -0.922908 -0.133607 -0.361096
vn -0.814911 -0.170530 -0.553930
vn -0.275363 0.315073 -0.908243
vn -0.346944 -0.003929 -0.937877
vn 0.320781 0.241713 -0.915792
vn 0.258638 -0.082063 -0.962482
vn 0.084402 0.001334 -0.996431
vn 0.504422 0.247151 -0.827330
vn 0.704313 0.033986 -0.709075
vn 0.483644 0.089913 -0.870635
vn 0.741898 0.145879 -0.654451
vn 0.870520 0.086636 -0.484448
vn -0.639147 0.325279 0.696911
vn -0.824534 0.360297 0.436268
vn -0.649992 0.340021 0.679629
vn -0.342159 0.248463 0.906197
vn -0.368979 0.229612 0.900629
vn -0.834130 0.319721 0.449450
vn -0.826147 0.533271 -0.181941
vn -0.836636 0.414730 -0.357827
vn -0.794603 0.570385 -0.208007
vn -0.814126 0.580544 0.012947
vn -0.828804 0.559372 -0.013644
vn -0.877432 0.326662 -0.351290
vn -0.386691 0.766852 0.512258
vn -0.256160 0.766764 0.588604
vn -0.387045 0.647984 0.655982
vn -0.311082 0.804623 0.505776
vn -0.111151 0.781479 0.613951
vn -0.185086 0.773770 0.605824
vn 0.753903 0.188149 -0.629468
vn 0.926113 0.275288 -0.257935
vn 0.981695 -0.016246 -0.189765
vn 0.787418 0.598768 -0.146456
vn 0.863097 0.320259 0.390510
vn 0.911934 0.097800 0.398512
vn 0.745507 0.244407 0.620068
vn 0.689574 0.072086 0.720618
vn 0.239868 -0.169634 -0.955870
vn 0.502117 0.363949 -0.784487
vn 0.502468 0.358402 -0.786812
vn 0.002641 0.252609 -0.967565
vn 0.290810 0.246039 -0.924605
vn -0.628646 0.474148 -0.616431
vn 0.270917 -0.005312 -0.962588
vn -0.747291 0.428704 -0.507710
vn 0.141786 -0.007100 -0.989872
vn -0.181618 0.214992 -0.959580
vn 0.012662 0.414907 -0.909776
vn -0.901157 0.045405 0.431109
vn -0.377777 -0.085957 -0.921898
vn -0.851510 -0.143695 0.504265
vn -0.378375 0.073897 -0.922698
vn -0.159695 0.209115 -0.964763
vn 0.714121 0.594805 -0.369106
vn 0.358402 0.662634 -0.657620
vn -0.261601 -0.161958 0.951491
vn -0.201521 -0.152182 0.967590
vn -0.957061 -0.269822 0.105972
vn -0.473541 -0.483243 0.736366
vn 0.739475 0.667791 -0.085038
vn 0.347334 0.937176 0.032564
vn 0.586437 -0.105015 0.803159
vn 0.283662 -0.448686 0.847477
vn 0.650960 0.218940 0.726853
vn 0.729892 -0.106361 0.675237
vn -0.401158 -0.578543 0.710183
vn 0.185933 -0.685726 0.703711
vn 0.274289 -0.648383 0.710186
vn 0.705576 -0.266168 0.656747
vn 0.897506 0.337335 0.284058
vn 0.974688 -0.175956 0.137924
vn 0.499969 -0.859307 0.107806
vn -0.273909 -0.747379 0.605309
vn 0.713572 -0.530138 0.458004
vn 0.742333 -0.558226 0.370575
vn 0.987541 -0.008504 0.157131
vn -0.796619 -0.476390 0.372089
vn 0.992978 -0.115794 0.024201
vn -0.302885 -0.856017 0.418922
vn 0.779954 -0.593283 0.199217
vn 0.930002 0.151224 0.335004
vn 0.904533 0.424380 -0.041484
vn -0.817727 -0.528786 0.227396
vn 0.722655 -0.689821 0.043774
vn -0.289276 -0.923321 0.252582
vn 0.789247 -0.450793 0.416983
vn 0.797761 -0.528984 0.289400
vn 0.998928 0.019569 0.041961
vn -0.377393 -0.925482 -0.032513
vn -0.030765 -0.987639 -0.153699
vn 0.694420 -0.675714 -0.247368
vn 0.976650 -0.076193 -0.200870
vn -0.883509 -0.374058 0.281944
vn -0.272242 -0.777645 0.566703
vn 0.769970 -0.500607 0.395650
vn 0.417648 -0.875630 -0.242572
vn 0.983345 -0.114025 -0.141528
vn 0.988158 0.130785 0.080245
vn 0.999824 -0.018630 -0.002213
vn -0.796880 -0.500047 0.339021
vn -0.834932 -0.539567 0.108422
vn -0.298355 -0.883857 0.360251
vn -0.410753 -0.869641 -0.273872
vn -0.097559 -0.887751 -0.449867
vn -0.322888 -0.944105 0.066405
vn 0.730174 -0.665108 0.156454
vn 0.296033 -0.797536 -0.525644
vn 0.612434 -0.634600 -0.471390
vn 0.695199 -0.707852 -0.125073
vn 0.993919 -0.105208 0.032494
vn 0.962518 -0.134953 -0.235258
vn 0.982529 0.147387 -0.113642
vn -0.055005 -0.931247 0.360213
vn -0.673385 -0.648868 0.354293
vn -0.668335 -0.699465 0.253132
vn 0.721330 -0.665670 -0.191224
vn -0.195326 -0.976959 -0.086012
vn -0.715679 -0.696998 -0.044693
vn 0.639770 -0.517589 -0.568152
vn -0.274652 -0.837647 -0.472137
vn 0.366067 -0.597913 -0.713088
vn -0.063532 -0.745489 -0.663483
vn 0.869711 -0.130175 0.476085
vn 0.928801 -0.093173 0.358675
vn 0.883010 -0.109284 0.456455
vn 0.731416 0.138886 -0.667639
vn 0.966993 -0.252031 -0.037474
vn 0.959451 0.261092 -0.106228
vn 0.306019 0.524357 -0.794608
vn 0.232567 0.289183 -0.928594
vn 0.285299 -0.116956 -0.951276
vn 0.021561 0.509163 0.860400
vn -0.112129 0.498428 0.859649
vn 0.001141 0.533930 0.845528
vn 0.127814 0.508700 0.851403
vn 0.121591 0.550278 0.826081
vn -0.085776 0.475669 0.875432
vn 0.232811 0.743289 0.627153
vn 0.324817 0.830754 0.452042
vn 0.264207 0.898087 0.351617
vn 0.346146 0.891424 0.292483
vn 0.956455 -0.125582 -0.263483
vn 0.983898 0.087857 -0.155645
vn 0.257926 0.384163 -0.886506
vn 0.949996 0.304366 -0.069776
vn 0.368374 0.381774 -0.847673
vn -0.878871 0.390612 -0.273877
vn -0.801506 0.580678 -0.142835
vn 0.282238 0.492887 -0.823045
vn -0.863085 -0.075590 -0.499371
vn -0.766416 -0.167237 -0.620192
vn -0.798637 -0.170768 0.577077
vn -0.593971 -0.675716 0.436585
vn -0.786788 -0.054895 0.614777
vn -0.863749 -0.138226 -0.484594
vn -0.461059 -0.778063 0.426664
vn -0.588045 -0.672857 0.448851
vn -0.161296 -0.736221 0.657238
vn 0.183898 -0.646313 0.740581
vn -0.403557 -0.878476 0.255776
vn 0.064139 -0.582452 0.810331
vn 0.468337 -0.807412 0.358811
vn -0.752294 0.519008 -0.405812
vn -0.989955 0.070816 0.122367
vn -0.753631 0.653192 0.073353
vn 0.187737 0.844244 -0.502003
vn 0.198034 0.979640 -0.032972
vn -0.994264 0.041334 -0.098642
vn -0.826389 0.537064 0.169242
vn 0.329282 -0.006311 -0.944211
vn -0.845863 0.205853 -0.492078
vn 0.428781 0.610584 -0.665833
vn 0.792196 0.489293 -0.364717
vn -0.879875 0.268110 -0.392348
vn 0.424254 0.893731 -0.145783
vn -0.812739 0.576917 0.081378
vn 0.825829 0.524001 -0.208396
vn 0.269877 0.506840 -0.818706
vn 0.742457 0.450288 -0.495982
vn -0.973965 -0.226468 0.010227
vn -0.999568 0.019249 0.022209
vn -0.720604 0.679760 -0.136585
vn -0.985985 0.090212 0.140342
vn 0.802100 0.495992 -0.332606
vn 0.375574 0.843936 -0.383035
vn 0.264224 0.906922 -0.328145
vn 0.260660 0.651611 -0.712362
vn -0.744311 0.419668 -0.519500
vn 0.296654 0.384959 -0.873958
vn 0.217060 0.762376 -0.609646
vn -0.833224 0.536314 -0.134554
vn -0.721834 0.132084 -0.679345
vn -0.732166 0.532568 -0.424622
vn -0.998821 0.031512 0.036924
vn -0.997009 -0.015038 -0.075813
vn -0.758598 0.256339 -0.599016
vn -0.954374 -0.195324 0.225872
vn 0.813709 0.315211 -0.488384
vn 0.301907 0.513973 -0.802922
vn -0.807194 0.338970 -0.483257
vn 0.781579 0.382051 -0.493125
vn 0.295263 0.674580 -0.676580
vn -0.766569 0.491770 -0.412958
vn -0.931455 -0.244812 0.269183
vn 0.424221 -0.200998 -0.882970
vn 0.235217 0.256369 -0.937522
vn -0.712532 0.083982 -0.696595
vn -0.939692 -0.269071 0.211140
vn -0.238334 -0.721387 0.650229
vn -0.283174 -0.763833 0.579976
vn -0.666396 -0.416859 -0.618179
vn -0.242531 -0.895720 0.372645
vn 0.007818 -0.928847 0.370382
vn -0.246578 -0.809492 0.532843
vn 0.766860 -0.567221 0.300310
vn 0.702938 -0.650880 0.286763
vn 0.455265 -0.853282 0.254249
vn 0.666414 -0.732634 0.138347
vn 0.968552 -0.248475 -0.012935
vn -0.742577 -0.396404 0.539855
vn -0.131883 -0.775796 0.617047
vn -0.302211 -0.445385 0.842793
vn -0.132915 -0.907154 0.399256
vn 0.136782 -0.809475 0.570999
vn -0.086702 -0.531240 0.842773
vn 0.382538 0.126092 0.915295
vn -0.240099 -0.821636 0.516979
vn -0.017314 -0.242107 0.970095
vn 0.276722 0.492600 0.825088
vn 0.374793 0.873275 0.311321
vn 0.492611 -0.846972 0.199932
vn 0.585913 -0.461648 0.666023
vn 0.338858 0.534462 0.774290
vn 0.186916 0.963180 0.193252
vn 0.041911 0.998856 -0.023024
vn -0.548595 0.675882 -0.492165
vn 0.119850 0.937219 -0.327500
vn 0.842735 0.535342 -0.056630
vn 0.739042 0.281694 -0.611935
vn -0.074388 0.830621 -0.551847
vn -0.980889 -0.004648 -0.194514
vn -0.896664 0.394227 -0.201443
vn -0.456708 0.473626 -0.753058
vn 0.937920 -0.132982 -0.320347
vn 0.031713 0.970897 -0.237390
vn -0.823678 0.071022 -0.562592
vn -0.956206 -0.259713 -0.134977
vn -0.880408 -0.185229 -0.436544
vn 0.693802 -0.705686 0.143685
vn 0.814642 -0.284708 0.505271
vn 0.817926 0.574510 0.030594
vn 0.700673 0.611782 -0.367125
vn -0.851974 -0.478457 -0.212648
vn -0.690093 -0.535338 0.487016
vn -0.250397 -0.565058 0.786137
vn -0.705948 -0.531254 0.468408
vn 0.377378 -0.504136 0.776810
vn 0.701047 -0.227173 0.675963
vn -0.428766 -0.669640 0.606418
vn -0.713671 -0.598860 0.363374
vn 0.320462 -0.441061 0.838314
vn 0.966651 -0.025413 0.254835
vn -0.465908 -0.555253 0.688929
vn -0.638381 -0.323120 0.698615
vn 0.969614 0.184450 -0.160708
vn 0.971662 0.033812 0.233946
vn 0.922430 0.284927 0.260652
vn 0.038426 -0.128706 0.990938
vn -0.608891 -0.187185 0.770853
vn 0.057902 0.327552 -0.943057
vn 0.979857 0.152806 0.128572
vn 0.510484 0.503004 -0.697419
vn 0.334868 0.162091 -0.928219
vn -0.610106 0.025346 -0.791915
vn 0.603419 0.468733 -0.645116
vn -0.178629 0.385943 -0.905063
vn -0.684497 0.109765 -0.720705
vn -0.635819 -0.383347 -0.669910
vn -0.740048 -0.157362 -0.653885
vn -0.780579 0.032569 -0.624209
vn -0.796982 -0.185584 -0.574785
vn -0.864511 -0.421504 -0.273780
vn -0.933947 -0.092338 -0.345278
vn -0.946611 -0.251293 -0.201941
vn 0.461788 -0.233046 0.855828
vn 0.483276 -0.234523 0.843471
vn 0.653198 -0.389445 0.649357
vn 0.185014 -0.019059 0.982551
vn 0.186496 -0.052180 0.981069
vn 0.623262 -0.419965 0.659677
vn 0.982864 0.126388 0.134182
vn 0.978288 0.149268 0.143776
vn 0.998035 0.052705 -0.033883
vn 0.884066 0.248441 0.395860
vn 0.915620 0.199067 0.349302
vn 0.999315 -0.035870 0.009083
vn 0.514765 0.581731 0.629767
vn 0.319437 0.531786 0.784323
vn 0.383496 0.686292 0.618008
vn 0.519812 0.650480 0.553779
vn 0.232958 0.868962 0.436619
vn 0.340828 0.775807 0.530999
vn -0.940113 0.261616 0.218505
vn -0.942225 0.257842 0.213846
vn -0.924546 0.287306 0.250337
vn -0.954848 0.233419 0.183794
vn -0.924546 0.287307 0.250337
vn 0.901590 0.416168 -0.118063
vn 0.920827 0.326927 -0.212595
vn 0.897779 0.427730 -0.105072
vn 0.860540 0.509327 -0.007556
vn -0.088536 0.995762 -0.024885
vn -0.880120 0.297368 -0.370082
vn -0.927281 0.327989 0.180480
vn 0.473603 0.879609 -0.044582
vn 0.244389 0.879491 0.408375
vn -0.566256 0.704258 0.428223
vn -0.475825 0.083605 -0.875557
vn -0.930132 -0.257631 -0.261688
vn 0.040029 0.784203 -0.619212
vn -0.984055 -0.117333 0.133673
vn -0.883087 0.213043 0.418055
vn 0.413041 0.890539 -0.190626
vn -0.322001 -0.408290 -0.854175
vn -0.645170 -0.293054 -0.705602
vn -0.148257 -0.031056 -0.988461
vn 0.246723 0.666572 -0.703427
vn 0.845739 0.522190 0.109741
vn 0.743419 -0.519374 0.421402
vn 0.816845 -0.563084 -0.125306
vn 0.439509 0.896873 -0.049508
vn 0.466506 0.767045 0.440470
vn 0.782018 0.020171 0.622929
vn 0.432725 -0.835953 0.337537
vn 0.573293 -0.526370 0.627910
vn 0.739339 0.429744 -0.518361
vn 0.380341 -0.921967 -0.072925
vn 0.533109 -0.428040 -0.729778
vn 0.515505 0.838637 -0.175905
vn 0.282740 -0.250295 -0.925965
vn 0.548121 0.513104 -0.660521
vn 0.291572 -0.767907 -0.570355
vn 0.051853 -0.597797 -0.799969
# 1545 vertex normals

vt 0.098633 0.526855 0.000000
vt 0.062500 0.517578 0.000000
vt 0.063965 0.471191 0.000000
vt 0.649902 0.937012 0.000000
vt 0.650879 0.936035 0.000000
vt 0.637207 0.949219 0.000000
vt 0.643066 0.904297 0.000000
vt 0.640137 0.902344 0.000000
vt 0.618652 0.890625 0.000000
vt 0.653320 0.709961 0.000000
vt 0.620605 0.702637 0.000000
vt 0.643555 0.708496 0.000000
vt 0.017578 0.787598 0.000000
vt 0.035645 0.789063 0.000000
vt 0.025391 0.788574 0.000000
vt 0.252930 0.423340 0.000000
vt 0.253906 0.307129 0.000000
vt 0.230469 0.309082 0.000000
vt 0.230469 0.433105 0.000000
vt 0.935059 0.770020 0.000000
vt 0.956543 0.770996 0.000000
vt 0.922852 0.791504 0.000000
vt 0.964355 0.789063 0.000000
vt 0.192871 0.560059 0.000000
vt 0.182617 0.599609 0.000000
vt 0.209961 0.604004 0.000000
vt 0.162598 0.571289 0.000000
vt 0.350586 0.032715 0.000000
vt 0.286133 0.040527 0.000000
vt 0.286133 0.132324 0.000000
vt 0.348633 0.154297 0.000000
vt 0.083496 0.097168 0.000000
vt 0.120605 0.103516 0.000000
vt 0.120117 0.047363 0.000000
vt 0.079590 0.048340 0.000000
vt 0.253906 0.221191 0.000000
vt 0.254395 0.151367 0.000000
vt 0.226074 0.149902 0.000000
vt 0.225586 0.222168 0.000000
vt 0.254883 0.286133 0.000000
vt 0.226563 0.291992 0.000000
vt 0.560547 0.486328 0.000000
vt 0.502930 0.479492 0.000000
vt 0.508789 0.583984 0.000000
vt 0.553223 0.610840 0.000000
vt 0.281250 0.549316 0.000000
vt 0.287109 0.444824 0.000000
vt 0.229492 0.451660 0.000000
vt 0.236816 0.576172 0.000000
vt 0.869141 0.571777 0.000000
vt 0.823730 0.571777 0.000000
vt 0.888184 0.571777 0.000000
vt 0.817383 0.394043 0.000000
vt 0.815430 0.571777 0.000000
vt 0.816895 0.021484 0.000000
vt 0.825684 0.393066 0.000000
vt 0.825684 0.065918 0.000000
vt 0.869629 0.384277 0.000000
vt 0.854004 0.198730 0.000000
vt 0.835938 0.054199 0.000000
vt 0.888184 0.376953 0.000000
vt 0.868652 0.188477 0.000000
vt 0.575195 0.030273 0.000000
vt 0.560547 0.047363 0.000000
vt 0.560547 0.135742 0.000000
vt 0.589844 0.047363 0.000000
vt 0.575195 0.152832 0.000000
vt 0.589844 0.135742 0.000000
vt 0.589844 0.136230 0.000000
vt 0.605469 0.136230 0.000000
vt 0.605469 0.166504 0.000000
vt 0.589844 0.166504 0.000000
vt 0.605469 0.047363 0.000000
vt 0.589844 0.017090 0.000000
vt 0.605469 0.017090 0.000000
vt 0.803223 0.114258 0.000000
vt 0.803223 0.061035 0.000000
vt 0.787109 0.133301 0.000000
vt 0.787109 0.041992 0.000000
vt 0.770508 0.061523 0.000000
vt 0.770508 0.114746 0.000000
vt 0.743164 0.061523 0.000000
vt 0.743164 0.114746 0.000000
vt 0.770508 0.030762 0.000000
vt 0.743164 0.147949 0.000000
vt 0.770508 0.147949 0.000000
vt 0.743164 0.030762 0.000000
vt 0.613281 0.113770 0.000000
vt 0.733887 0.113770 0.000000
vt 0.733887 0.142090 0.000000
vt 0.613281 0.142090 0.000000
vt 0.613281 0.071289 0.000000
vt 0.733887 0.071289 0.000000
vt 0.613281 0.040527 0.000000
vt 0.733887 0.040527 0.000000
vt 0.151367 0.622559 0.000000
vt 0.111328 0.595215 0.000000
vt 0.121582 0.537598 0.000000
vt 0.158203 0.516602 0.000000
vt 0.117676 0.478027 0.000000
vt 0.142578 0.446289 0.000000
vt 0.851563 0.652344 0.000000
vt 0.882324 0.613770 0.000000
vt 0.872559 0.704102 0.000000
vt 0.904297 0.563477 0.000000
vt 0.908203 0.651855 0.000000
vt 0.892578 0.774414 0.000000
vt 0.908691 0.518555 0.000000
vt 0.931641 0.596191 0.000000
vt 0.942871 0.713867 0.000000
vt 0.972656 0.639160 0.000000
vt 0.903809 0.456543 0.000000
vt 0.940430 0.505859 0.000000
vt 0.981445 0.644043 0.000000
vt 0.987305 0.529297 0.000000
vt 0.906738 0.418945 0.000000
vt 0.942871 0.416016 0.000000
vt 0.994141 0.424805 0.000000
vt 0.910156 0.334473 0.000000
vt 0.990234 0.415527 0.000000
vt 0.976563 0.322266 0.000000
vt 0.937988 0.328125 0.000000
vt 0.903320 0.267090 0.000000
vt 0.934082 0.249512 0.000000
vt 0.969238 0.217285 0.000000
vt 0.011719 0.113281 0.000000
vt 0.014648 0.068848 0.000000
vt 0.036621 0.113281 0.000000
vt 0.021484 0.043945 0.000000
vt 0.042480 0.054199 0.000000
vt 0.020020 0.023926 0.000000
vt 0.049805 0.034180 0.000000
vt 0.053223 0.112793 0.000000
vt 0.066895 0.045410 0.000000
vt 0.073730 0.069336 0.000000
vt 0.075684 0.112793 0.000000
vt 0.222168 0.436523 0.000000
vt 0.168457 0.416016 0.000000
vt 0.170898 0.517578 0.000000
vt 0.217773 0.546875 0.000000
vt 0.126953 0.373047 0.000000
vt 0.115723 0.426270 0.000000
vt 0.090820 0.385742 0.000000
vt 0.110352 0.470215 0.000000
vt 0.092285 0.412109 0.000000
vt 0.058594 0.375977 0.000000
vt 0.058594 0.399414 0.000000
vt 0.091309 0.471680 0.000000
vt 0.029785 0.387695 0.000000
vt 0.028809 0.406738 0.000000
vt 0.036133 0.463867 0.000000
vt 0.911133 0.213379 0.000000
vt 0.954102 0.213379 0.000000
vt 0.931152 0.231445 0.000000
vt 0.917969 0.164551 0.000000
vt 0.961426 0.158203 0.000000
vt 0.903320 0.085938 0.000000
vt 0.923340 0.078125 0.000000
vt 0.972168 0.086426 0.000000
vt 0.905273 0.019531 0.000000
vt 0.929688 0.013672 0.000000
vt 0.968262 0.035645 0.000000
vt 0.925781 0.014648 0.000000
vt 0.024902 0.520996 0.000000
vt 0.019043 0.536621 0.000000
vt 0.025879 0.541016 0.000000
vt 0.030762 0.524902 0.000000
vt 0.024414 0.561035 0.000000
vt 0.019531 0.570313 0.000000
vt 0.027832 0.583984 0.000000
vt 0.030762 0.570313 0.000000
vt 0.073730 0.575684 0.000000
vt 0.057617 0.628906 0.000000
vt 0.073242 0.616211 0.000000
vt 0.050781 0.526855 0.000000
vt 0.039063 0.594238 0.000000
vt 0.039551 0.538574 0.000000
vt 0.009277 0.707520 0.000000
vt 0.020020 0.705566 0.000000
vt 0.007813 0.695313 0.000000
vt 0.019043 0.692871 0.000000
vt 0.028809 0.701172 0.000000
vt 0.009766 0.686035 0.000000
vt 0.022461 0.682617 0.000000
vt 0.029297 0.713379 0.000000
vt 0.039551 0.713379 0.000000
vt 0.039551 0.681152 0.000000
vt 0.011230 0.663086 0.000000
vt 0.024414 0.668457 0.000000
vt 0.019531 0.724609 0.000000
vt 0.026855 0.737305 0.000000
vt 0.040527 0.740723 0.000000
vt 0.051270 0.750977 0.000000
vt 0.051758 0.718262 0.000000
vt 0.014160 0.648438 0.000000
vt 0.008301 0.721680 0.000000
vt 0.010254 0.735352 0.000000
vt 0.018066 0.740723 0.000000
vt 0.036621 0.761230 0.000000
vt 0.044922 0.773926 0.000000
vt 0.064941 0.766113 0.000000
vt 0.006836 0.741211 0.000000
vt 0.011719 0.743164 0.000000
vt 0.017090 0.759766 0.000000
vt 0.011719 0.752441 0.000000
vt 0.006836 0.752441 0.000000
vt 0.026367 0.769531 0.000000
vt 0.025879 0.758301 0.000000
vt 0.015625 0.780273 0.000000
vt 0.011230 0.781250 0.000000
vt 0.033691 0.777832 0.000000
vt 0.010742 0.792480 0.000000
vt 0.017090 0.797363 0.000000
vt 0.012695 0.810059 0.000000
vt 0.048828 0.801270 0.000000
vt 0.035645 0.803223 0.000000
vt 0.033203 0.814453 0.000000
vt 0.019531 0.866211 0.000000
vt 0.040039 0.849609 0.000000
vt 0.064941 0.811035 0.000000
vt 0.069824 0.733887 0.000000
vt 0.076172 0.748047 0.000000
vt 0.051758 0.912109 0.000000
vt 0.058594 0.869629 0.000000
vt 0.086914 0.819824 0.000000
vt 0.057129 0.693848 0.000000
vt 0.095703 0.724121 0.000000
vt 0.069336 0.668945 0.000000
vt 0.093262 0.766113 0.000000
vt 0.083496 0.874023 0.000000
vt 0.027832 0.655273 0.000000
vt 0.039551 0.655762 0.000000
vt 0.050293 0.637207 0.000000
vt 0.107422 0.840820 0.000000
vt 0.118652 0.791016 0.000000
vt 0.019531 0.634277 0.000000
vt 0.028320 0.608398 0.000000
vt 0.125488 0.870605 0.000000
vt 0.136719 0.817871 0.000000
vt 0.095215 0.917480 0.000000
vt 0.158203 0.790039 0.000000
vt 0.130371 0.750977 0.000000
vt 0.357422 0.973145 0.000000
vt 0.401855 0.942871 0.000000
vt 0.359375 0.916992 0.000000
vt 0.420410 0.943848 0.000000
vt 0.399902 0.902344 0.000000
vt 0.364258 0.871582 0.000000
vt 0.447266 0.980957 0.000000
vt 0.447754 0.941406 0.000000
vt 0.448242 0.915039 0.000000
vt 0.433594 0.873047 0.000000
vt 0.404297 0.783203 0.000000
vt 0.370117 0.785645 0.000000
vt 0.469238 0.982422 0.000000
vt 0.469238 0.941895 0.000000
vt 0.468262 0.907227 0.000000
vt 0.465820 0.866699 0.000000
vt 0.434570 0.806152 0.000000
vt 0.433594 0.767090 0.000000
vt 0.405273 0.767090 0.000000
vt 0.370117 0.758301 0.000000
vt 0.498535 0.933594 0.000000
vt 0.498047 0.900391 0.000000
vt 0.500977 0.856934 0.000000
vt 0.464355 0.783691 0.000000
vt 0.408203 0.715820 0.000000
vt 0.500977 0.977051 0.000000
vt 0.363281 0.713867 0.000000
vt 0.531250 0.920410 0.000000
vt 0.535156 0.866699 0.000000
vt 0.531250 0.943848 0.000000
vt 0.529297 0.977539 0.000000
vt 0.371582 0.629883 0.000000
vt 0.571289 0.918945 0.000000
vt 0.580078 0.975098 0.000000
vt 0.412109 0.632324 0.000000
vt 0.567871 0.873047 0.000000
vt 0.435059 0.703125 0.000000
vt 0.434082 0.626953 0.000000
vt 0.565918 0.787109 0.000000
vt 0.466309 0.694336 0.000000
vt 0.464355 0.767578 0.000000
vt 0.460449 0.622070 0.000000
vt 0.537109 0.775391 0.000000
vt 0.537109 0.791504 0.000000
vt 0.565918 0.759766 0.000000
vt 0.499023 0.761230 0.000000
vt 0.499512 0.786133 0.000000
vt 0.499023 0.642578 0.000000
vt 0.537598 0.753418 0.000000
vt 0.571289 0.715820 0.000000
vt 0.496582 0.692383 0.000000
vt 0.534668 0.702148 0.000000
vt 0.536133 0.645996 0.000000
vt 0.563965 0.631348 0.000000
vt 0.213867 0.359863 0.000000
vt 0.213867 0.290039 0.000000
vt 0.170410 0.358398 0.000000
vt 0.217773 0.238770 0.000000
vt 0.167480 0.286133 0.000000
vt 0.093262 0.340332 0.000000
vt 0.214355 0.185059 0.000000
vt 0.168457 0.185059 0.000000
vt 0.127441 0.276367 0.000000
vt 0.168945 0.238770 0.000000
vt 0.101074 0.264160 0.000000
vt 0.058105 0.327148 0.000000
vt 0.131348 0.177246 0.000000
vt 0.129883 0.216797 0.000000
vt 0.105469 0.199219 0.000000
vt 0.059570 0.253418 0.000000
vt 0.025879 0.323242 0.000000
vt 0.106445 0.163086 0.000000
vt 0.063477 0.186035 0.000000
vt 0.068848 0.145020 0.000000
vt 0.016602 0.248535 0.000000
vt 0.018066 0.179199 0.000000
vt 0.026367 0.139160 0.000000
vt 0.304688 0.952637 0.000000
vt 0.336914 0.990234 0.000000
vt 0.337891 0.956055 0.000000
vt 0.274414 0.950195 0.000000
vt 0.303223 0.991211 0.000000
vt 0.272949 0.988281 0.000000
vt 0.535645 0.156250 0.000000
vt 0.535645 0.303223 0.000000
vt 0.575195 0.179199 0.000000
vt 0.534668 0.335449 0.000000
vt 0.575195 0.310059 0.000000
vt 0.610352 0.197754 0.000000
vt 0.534668 0.383301 0.000000
vt 0.575684 0.340332 0.000000
vt 0.617676 0.315430 0.000000
vt 0.651367 0.187012 0.000000
vt 0.648438 0.306152 0.000000
vt 0.577148 0.403809 0.000000
vt 0.617188 0.415039 0.000000
vt 0.616699 0.348145 0.000000
vt 0.648438 0.345215 0.000000
vt 0.692383 0.308594 0.000000
vt 0.691895 0.276855 0.000000
vt 0.651367 0.186523 0.000000
vt 0.648438 0.425293 0.000000
vt 0.726074 0.305176 0.000000
vt 0.725586 0.269531 0.000000
vt 0.692383 0.346191 0.000000
vt 0.688965 0.197754 0.000000
vt 0.726563 0.201660 0.000000
vt 0.687988 0.199707 0.000000
vt 0.693359 0.457520 0.000000
vt 0.760742 0.272461 0.000000
vt 0.726563 0.200195 0.000000
vt 0.761719 0.306152 0.000000
vt 0.724121 0.426758 0.000000
vt 0.794922 0.295898 0.000000
vt 0.770020 0.170898 0.000000
vt 0.767578 0.175293 0.000000
vt 0.761719 0.340332 0.000000
vt 0.794434 0.328125 0.000000
vt 0.801758 0.148926 0.000000
vt 0.759766 0.411621 0.000000
vt 0.793945 0.375977 0.000000
vt 0.726074 0.340332 0.000000
vt 0.527832 0.156250 0.000000
vt 0.488281 0.177246 0.000000
vt 0.527832 0.303223 0.000000
vt 0.454102 0.197754 0.000000
vt 0.488770 0.310059 0.000000
vt 0.528809 0.335449 0.000000
vt 0.446777 0.315430 0.000000
vt 0.416016 0.306152 0.000000
vt 0.413086 0.187012 0.000000
vt 0.488281 0.340332 0.000000
vt 0.528809 0.383301 0.000000
vt 0.416016 0.345215 0.000000
vt 0.447754 0.348145 0.000000
vt 0.372559 0.276855 0.000000
vt 0.372070 0.308594 0.000000
vt 0.413086 0.186523 0.000000
vt 0.446777 0.415039 0.000000
vt 0.486816 0.403809 0.000000
vt 0.371582 0.346191 0.000000
vt 0.416016 0.425293 0.000000
vt 0.338379 0.305176 0.000000
vt 0.338867 0.269531 0.000000
vt 0.375977 0.199707 0.000000
vt 0.371094 0.457520 0.000000
vt 0.340332 0.426758 0.000000
vt 0.338379 0.340332 0.000000
vt 0.302734 0.340332 0.000000
vt 0.302734 0.306152 0.000000
vt 0.304688 0.411621 0.000000
vt 0.270508 0.375977 0.000000
vt 0.270020 0.328125 0.000000
vt 0.303711 0.272461 0.000000
vt 0.269043 0.295898 0.000000
vt 0.296875 0.175293 0.000000
vt 0.337402 0.200195 0.000000
vt 0.294434 0.170898 0.000000
vt 0.262695 0.148926 0.000000
vt 0.337891 0.201660 0.000000
vt 0.375488 0.197754 0.000000
vt 0.220215 0.106934 0.000000
vt 0.274902 0.109863 0.000000
vt 0.221191 0.042480 0.000000
vt 0.168457 0.104980 0.000000
vt 0.168945 0.042969 0.000000
vt 0.276855 0.042969 0.000000
vt 0.535645 0.419922 0.000000
vt 0.567383 0.475098 0.000000
vt 0.563477 0.433594 0.000000
vt 0.618652 0.475586 0.000000
vt 0.567871 0.555664 0.000000
vt 0.651855 0.478027 0.000000
vt 0.620117 0.558105 0.000000
vt 0.617676 0.614258 0.000000
vt 0.567871 0.615234 0.000000
vt 0.652832 0.560059 0.000000
vt 0.653320 0.606445 0.000000
vt 0.693359 0.551270 0.000000
vt 0.720703 0.534668 0.000000
vt 0.695801 0.595215 0.000000
vt 0.725098 0.578613 0.000000
vt 0.769043 0.525879 0.000000
vt 0.769043 0.570801 0.000000
vt 0.747070 0.475098 0.000000
vt 0.769043 0.471680 0.000000
vt 0.769043 0.428711 0.000000
vt 0.794922 0.412598 0.000000
vt 0.527832 0.419922 0.000000
vt 0.500488 0.433594 0.000000
vt 0.497070 0.470703 0.000000
vt 0.445801 0.475586 0.000000
vt 0.496582 0.555664 0.000000
vt 0.412598 0.478027 0.000000
vt 0.496582 0.615234 0.000000
vt 0.446777 0.614258 0.000000
vt 0.444336 0.558105 0.000000
vt 0.411621 0.560059 0.000000
vt 0.371094 0.551270 0.000000
vt 0.411133 0.606445 0.000000
vt 0.343262 0.534668 0.000000
vt 0.339355 0.578613 0.000000
vt 0.368164 0.595215 0.000000
vt 0.295410 0.525879 0.000000
vt 0.295410 0.570801 0.000000
vt 0.317383 0.475098 0.000000
vt 0.295410 0.471680 0.000000
vt 0.295410 0.428711 0.000000
vt 0.269531 0.412598 0.000000
vt 0.770508 0.061035 0.000000
vt 0.770508 0.114258 0.000000
vt 0.116211 0.644043 0.000000
vt 0.147461 0.650391 0.000000
vt 0.123047 0.724121 0.000000
vt 0.180664 0.707520 0.000000
vt 0.159180 0.722656 0.000000
vt 0.172363 0.619629 0.000000
vt 0.202637 0.620117 0.000000
vt 0.217773 0.669922 0.000000
vt 0.208984 0.724121 0.000000
vt 0.133789 0.963379 0.000000
vt 0.118164 0.924805 0.000000
vt 0.118652 0.961914 0.000000
vt 0.114258 0.992188 0.000000
vt 0.092773 0.929199 0.000000
vt 0.094238 0.961914 0.000000
vt 0.079102 0.979004 0.000000
vt 0.068359 0.955078 0.000000
vt 0.718262 0.696289 0.000000
vt 0.717285 0.660645 0.000000
vt 0.727051 0.670410 0.000000
vt 0.705078 0.731934 0.000000
vt 0.704102 0.667480 0.000000
vt 0.715820 0.772949 0.000000
vt 0.675781 0.774902 0.000000
vt 0.699219 0.792480 0.000000
vt 0.679688 0.726074 0.000000
vt 0.665527 0.678223 0.000000
vt 0.673828 0.647949 0.000000
vt 0.711914 0.817871 0.000000
vt 0.665039 0.780762 0.000000
vt 0.695801 0.819336 0.000000
vt 0.651855 0.746094 0.000000
vt 0.645020 0.639648 0.000000
vt 0.643555 0.629395 0.000000
vt 0.708984 0.845215 0.000000
vt 0.696289 0.844727 0.000000
vt 0.662598 0.807129 0.000000
vt 0.659668 0.823730 0.000000
vt 0.628906 0.638672 0.000000
vt 0.627930 0.628418 0.000000
vt 0.719727 0.919434 0.000000
vt 0.707520 0.926270 0.000000
vt 0.696777 0.920898 0.000000
vt 0.655762 0.887695 0.000000
vt 0.641602 0.856445 0.000000
vt 0.642578 0.821777 0.000000
vt 0.606934 0.630859 0.000000
vt 0.614746 0.637207 0.000000
vt 0.711914 0.959473 0.000000
vt 0.660645 0.940430 0.000000
vt 0.605957 0.664063 0.000000
vt 0.628418 0.659180 0.000000
vt 0.613770 0.657227 0.000000
vt 0.666016 0.965820 0.000000
vt 0.625977 0.670898 0.000000
vt 0.642090 0.674316 0.000000
vt 0.644043 0.662109 0.000000
vt 0.699219 0.959961 0.000000
vt 0.654297 0.674805 0.000000
vt 0.668457 0.980469 0.000000
vt 0.722168 0.950684 0.000000
vt 0.630859 0.677246 0.000000
vt 0.627930 0.668457 0.000000
vt 0.637207 0.979980 0.000000
vt 0.637207 0.971191 0.000000
vt 0.629883 0.701172 0.000000
vt 0.608887 0.698242 0.000000
vt 0.609375 0.673828 0.000000
vt 0.606934 0.666992 0.000000
vt 0.622070 0.979004 0.000000
vt 0.626953 0.707031 0.000000
vt 0.605957 0.704102 0.000000
vt 0.589844 0.694336 0.000000
vt 0.590820 0.672852 0.000000
vt 0.584473 0.666992 0.000000
vt 0.624023 0.711914 0.000000
vt 0.583496 0.698730 0.000000
vt 0.623047 0.736328 0.000000
vt 0.600586 0.734375 0.000000
vt 0.601563 0.708496 0.000000
vt 0.600098 0.702148 0.000000
vt 0.618652 0.748047 0.000000
vt 0.598633 0.744141 0.000000
vt 0.582520 0.729980 0.000000
vt 0.583496 0.708984 0.000000
vt 0.577637 0.705078 0.000000
vt 0.632813 0.749023 0.000000
vt 0.576660 0.731445 0.000000
vt 0.622559 0.750977 0.000000
vt 0.623535 0.789551 0.000000
vt 0.624512 0.762207 0.000000
vt 0.601563 0.761230 0.000000
vt 0.601563 0.750000 0.000000
vt 0.621094 0.801758 0.000000
vt 0.600586 0.785645 0.000000
vt 0.583008 0.782715 0.000000
vt 0.583496 0.759766 0.000000
vt 0.579102 0.751465 0.000000
vt 0.599609 0.800781 0.000000
vt 0.577637 0.793945 0.000000
vt 0.596680 0.822266 0.000000
vt 0.580566 0.819824 0.000000
vt 0.616211 0.821289 0.000000
vt 0.601074 0.821777 0.000000
vt 0.596680 0.844727 0.000000
vt 0.580566 0.846680 0.000000
vt 0.616211 0.847656 0.000000
vt 0.601074 0.845703 0.000000
vt 0.621582 0.821289 0.000000
vt 0.621582 0.848145 0.000000
vt 0.599609 0.854004 0.000000
vt 0.621094 0.855469 0.000000
vt 0.631348 0.855957 0.000000
vt 0.618164 0.865234 0.000000
vt 0.616699 0.854980 0.000000
vt 0.625000 0.907227 0.000000
vt 0.625000 0.933105 0.000000
vt 0.617188 0.899414 0.000000
vt 0.612793 0.891602 0.000000
vt 0.613281 0.865723 0.000000
vt 0.596680 0.856445 0.000000
vt 0.623535 0.899414 0.000000
vt 0.619629 0.932617 0.000000
vt 0.623047 0.939941 0.000000
vt 0.596680 0.899414 0.000000
vt 0.596680 0.890137 0.000000
vt 0.596680 0.865234 0.000000
vt 0.637695 0.937988 0.000000
vt 0.602051 0.940918 0.000000
vt 0.591797 0.890137 0.000000
vt 0.576172 0.890625 0.000000
vt 0.591797 0.865234 0.000000
vt 0.621582 0.939453 0.000000
vt 0.621582 0.949219 0.000000
vt 0.575684 0.864258 0.000000
vt 0.618164 0.949707 0.000000
vt 0.604004 0.947266 0.000000
vt 0.621582 0.970215 0.000000
vt 0.618164 0.970215 0.000000
vt 0.604004 0.971680 0.000000
vt 0.077637 0.543945 0.000000
vt 0.043457 0.505859 0.000000
vt 0.102539 0.587402 0.000000
vt 0.084473 0.592773 0.000000
vt 0.103027 0.649414 0.000000
vt 0.082520 0.643066 0.000000
vt 0.895508 0.902832 0.000000
vt 0.922852 0.899414 0.000000
vt 0.896484 0.846680 0.000000
vt 0.934570 0.955566 0.000000
vt 0.934570 0.926270 0.000000
vt 0.922852 0.846680 0.000000
vt 0.898438 0.794922 0.000000
vt 0.966797 0.965332 0.000000
vt 0.959961 0.926270 0.000000
vt 0.935059 0.854492 0.000000
vt 0.958496 0.854980 0.000000
vt 0.935547 0.836914 0.000000
vt 0.988281 0.912109 0.000000
vt 0.972168 0.898438 0.000000
vt 0.957031 0.837402 0.000000
vt 0.967285 0.853516 0.000000
vt 0.983398 0.873535 0.000000
vt 0.603516 0.932617 0.000000
vt 0.619629 0.907227 0.000000
vt 0.599121 0.932129 0.000000
vt 0.581543 0.933105 0.000000
vt 0.603516 0.907227 0.000000
vt 0.602539 0.898438 0.000000
vt 0.599121 0.907715 0.000000
vt 0.581543 0.907227 0.000000
vt 0.779785 0.889648 0.000000
vt 0.788086 0.850586 0.000000
vt 0.741211 0.883789 0.000000
vt 0.799316 0.832520 0.000000
vt 0.773438 0.790527 0.000000
vt 0.724609 0.803711 0.000000
vt 0.715820 0.858887 0.000000
vt 0.820313 0.842285 0.000000
vt 0.795410 0.782227 0.000000
vt 0.741699 0.715332 0.000000
vt 0.763672 0.711914 0.000000
vt 0.855469 0.873047 0.000000
vt 0.826660 0.882813 0.000000
vt 0.829590 0.785156 0.000000
vt 0.838867 0.706543 0.000000
vt 0.789551 0.707031 0.000000
vt 0.750488 0.629395 0.000000
vt 0.757813 0.657227 0.000000
vt 0.827637 0.923340 0.000000
vt 0.862305 0.786133 0.000000
vt 0.854492 0.700684 0.000000
vt 0.843750 0.645508 0.000000
vt 0.835449 0.661621 0.000000
vt 0.783203 0.659668 0.000000
vt 0.785645 0.635254 0.000000
vt 0.881348 0.860840 0.000000
vt 0.791016 0.634766 0.000000
vt 0.794434 0.658203 0.000000
vt 0.789063 0.680176 0.000000
vt 0.860840 0.924805 0.000000
vt 0.887207 0.923340 0.000000
vt 0.859863 0.980469 0.000000
vt 0.886719 0.971191 0.000000
vt 0.821289 0.965332 0.000000
vt 0.232422 0.605469 0.000000
vt 0.222168 0.711426 0.000000
vt 0.247559 0.618652 0.000000
vt 0.239258 0.780762 0.000000
vt 0.223145 0.781738 0.000000
vt 0.253906 0.781738 0.000000
vt 0.263184 0.620605 0.000000
vt 0.239258 0.821289 0.000000
vt 0.220215 0.818359 0.000000
vt 0.251465 0.816406 0.000000
vt 0.271484 0.789551 0.000000
vt 0.244141 0.932617 0.000000
vt 0.207031 0.910156 0.000000
vt 0.278320 0.608887 0.000000
vt 0.269043 0.931641 0.000000
vt 0.268066 0.820313 0.000000
vt 0.302734 0.734375 0.000000
vt 0.287598 0.719238 0.000000
vt 0.299316 0.823242 0.000000
vt 0.305176 0.609863 0.000000
vt 0.299316 0.934570 0.000000
vt 0.322754 0.753418 0.000000
vt 0.333496 0.619141 0.000000
vt 0.339355 0.832520 0.000000
vt 0.327637 0.942871 0.000000
vt 0.352539 0.637695 0.000000
vt 0.340332 0.755859 0.000000
vt 0.347168 0.947266 0.000000
vt 0.354980 0.852539 0.000000
vt 0.355469 0.815918 0.000000
vt 0.350586 0.746094 0.000000
vt 0.233398 0.951172 0.000000
vt 0.267090 0.988281 0.000000
vt 0.233398 0.988281 0.000000
vt 0.203125 0.948242 0.000000
vt 0.200195 0.985352 0.000000
vt 0.267578 0.949219 0.000000
vt 0.503906 0.109375 0.000000
vt 0.553223 0.046387 0.000000
vt 0.500488 0.031738 0.000000
vt 0.464844 0.141113 0.000000
vt 0.447266 0.040527 0.000000
vt 0.556152 0.144043 0.000000
vt 0.449219 0.148926 0.000000
vt 0.401367 0.056641 0.000000
vt 0.436035 0.043945 0.000000
vt 0.403320 0.160645 0.000000
vt 0.367188 0.041992 0.000000
vt 0.361328 0.139160 0.000000
vt 0.163574 0.837891 0.000000
vt 0.183594 0.837891 0.000000
vt 0.182129 0.789551 0.000000
vt 0.148926 0.891113 0.000000
vt 0.147461 0.831543 0.000000
vt 0.169434 0.782715 0.000000
vt 0.184570 0.915527 0.000000
vt 0.199707 0.843262 0.000000
vt 0.160645 0.916016 0.000000
vt 0.197266 0.792969 0.000000
vt 0.182129 0.768066 0.000000
vt 0.142578 0.949707 0.000000
vt 0.194824 0.976074 0.000000
vt 0.200195 0.909668 0.000000
vt 0.178711 0.984375 0.000000
vt 0.154785 0.979492 0.000000
# 723 texture coords

g DrawCall_0026
usemtl e0f559ba_dds
s 1
f 1/1/1 2/2/1 3/3/1 
f 4/4/2 5/5/2 6/6/2 
f 7/7/3 8/8/3 9/9/3 
f 10/10/4 11/11/4 12/12/4 
f 13/13/5 14/14/5 15/15/5 
f 16/4/6 17/6/6 18/5/6 
f 19/7/7 20/9/7 21/8/7 
f 22/10/8 23/12/8 24/11/8 
f 25/13/9 26/15/9 27/14/9 
f 28/16/10 29/17/11 30/18/12 
f 31/19/13 28/16/10 30/18/12 
f 32/16/14 33/18/15 34/17/16 
f 35/19/17 33/18/15 32/16/14 
f 36/20/18 37/21/19 38/22/20 
f 39/23/21 38/22/20 37/21/19 
f 40/24/22 41/25/23 42/26/24 
f 40/24/22 43/27/25 41/25/23 
f 44/28/26 45/29/27 46/30/28 
f 47/31/29 44/28/26 46/30/28 
f 48/20/30 49/22/31 50/21/32 
f 51/23/33 50/21/32 49/22/31 
f 52/24/34 53/26/35 54/25/36 
f 52/24/34 54/25/36 55/27/37 
f 56/28/38 57/30/39 58/29/40 
f 59/31/41 57/30/39 56/28/38 
f 60/32/42 61/33/43 62/34/44 
f 63/35/45 60/32/42 62/34/44 
f 64/36/46 65/37/47 66/38/48 
f 67/39/49 64/36/46 66/38/48 
f 68/40/50 69/36/51 70/39/52 
f 71/41/53 68/40/50 70/39/52 
f 72/32/54 73/34/55 74/33/56 
f 75/35/57 73/34/55 72/32/54 
f 76/36/58 77/38/59 78/37/60 
f 79/39/61 77/38/59 76/36/58 
f 80/40/62 81/39/63 82/36/64 
f 83/41/65 81/39/63 80/40/62 
f 84/42/66 85/43/67 86/44/68 
f 87/45/69 84/42/66 86/44/68 
f 88/46/70 89/47/71 90/48/72 
f 91/49/73 88/46/70 90/48/72 
f 92/50/74 93/50/75 94/51/76 
f 95/51/77 92/50/74 94/51/76 
f 93/50/75 92/50/74 96/52/78 
f 97/53/79 98/51/80 99/54/81 
f 97/53/79 100/55/82 101/56/83 
f 101/56/83 98/51/80 97/53/79 
f 101/56/83 102/50/84 98/51/80 
f 101/56/83 100/55/82 103/57/85 
f 104/58/86 101/56/83 105/59/87 
f 105/59/87 101/56/83 103/57/85 
f 104/58/86 102/50/84 101/56/83 
f 104/58/86 106/52/88 102/50/84 
f 103/57/85 107/55/89 108/60/90 
f 105/59/87 103/57/85 108/60/90 
f 109/61/91 104/58/86 105/59/87 
f 109/61/91 106/52/88 104/58/86 
f 110/62/92 105/59/87 108/60/90 
f 110/62/92 109/61/91 105/59/87 
f 111/53/93 112/54/94 113/51/95 
f 111/53/93 114/56/96 115/55/97 
f 114/56/96 111/53/93 113/51/95 
f 114/56/96 113/51/95 116/50/98 
f 114/56/96 117/59/99 118/57/100 
f 114/56/96 118/57/100 115/55/97 
f 114/56/96 119/58/101 117/59/99 
f 119/58/101 114/56/96 116/50/98 
f 119/58/101 116/50/98 120/52/102 
f 121/62/103 122/60/104 117/59/99 
f 117/59/99 122/60/104 118/57/100 
f 119/58/101 123/61/105 117/59/99 
f 123/61/105 119/58/101 120/52/102 
f 121/62/103 117/59/99 123/61/105 
f 122/60/104 124/55/106 118/57/100 
f 125/63/107 126/64/108 127/65/109 
f 128/66/110 125/63/107 127/65/109 
f 129/67/111 128/66/110 127/65/109 
f 130/68/112 128/66/110 129/67/111 
f 131/65/113 132/64/114 133/63/115 
f 134/67/116 131/65/113 135/66/117 
f 135/66/117 131/65/113 133/63/115 
f 136/68/118 134/67/116 135/66/117 
f 137/69/119 138/70/120 139/71/121 
f 140/72/122 137/69/119 139/71/121 
f 137/69/119 141/66/123 138/70/120 
f 141/66/123 142/73/124 138/70/120 
f 141/66/123 143/74/125 142/73/124 
f 143/74/125 144/75/126 142/73/124 
f 145/72/127 146/71/128 147/70/129 
f 148/69/130 145/72/127 147/70/129 
f 148/69/130 147/70/129 149/73/131 
f 150/66/132 148/69/130 149/73/131 
f 150/66/132 149/73/131 151/75/133 
f 152/74/134 150/66/132 151/75/133 
f 153/76/135 154/77/136 155/78/137 
f 156/79/138 157/80/139 154/77/136 
f 154/77/136 157/80/139 155/78/137 
f 157/80/139 158/81/140 155/78/137 
f 159/82/141 160/83/142 157/80/139 
f 160/83/142 158/81/140 157/80/139 
f 159/82/141 157/80/139 161/84/143 
f 162/85/144 163/86/145 158/81/140 
f 160/83/142 162/85/144 158/81/140 
f 164/87/146 159/82/141 161/84/143 
f 165/83/147 166/81/148 167/86/149 
f 168/85/150 165/83/147 167/86/149 
f 165/83/147 169/82/151 166/81/148 
f 169/82/151 170/80/152 166/81/148 
f 169/82/151 171/87/153 170/80/152 
f 171/87/153 172/84/154 170/80/152 
f 173/88/155 174/89/156 175/90/157 
f 176/91/158 173/88/155 175/90/157 
f 173/88/155 177/92/159 174/89/156 
f 177/92/159 178/93/160 174/89/156 
f 177/92/159 179/94/161 178/93/160 
f 179/94/161 180/95/162 178/93/160 
f 181/91/163 182/90/164 183/89/165 
f 184/88/166 181/91/163 183/89/165 
f 184/88/166 183/89/165 185/93/167 
f 186/92/168 184/88/166 185/93/167 
f 186/92/168 185/93/167 187/95/169 
f 188/94/170 186/92/168 187/95/169 
f 189/96/171 190/97/172 191/98/173 
f 192/99/174 189/96/171 191/98/173 
f 192/99/174 191/98/173 193/100/175 
f 194/101/176 192/99/174 193/100/175 
f 195/96/177 196/98/178 197/97/179 
f 198/99/180 196/98/178 195/96/177 
f 198/99/180 199/100/181 196/98/178 
f 200/101/182 199/100/181 198/99/180 
f 201/102/183 202/103/184 203/104/185 
f 202/103/184 204/105/186 205/106/187 
f 205/106/187 203/104/185 202/103/184 
f 203/104/185 205/106/187 206/107/188 
f 204/105/186 207/108/189 208/109/190 
f 208/109/190 205/106/187 204/105/186 
f 209/110/191 205/106/187 210/111/192 
f 209/110/191 206/107/188 205/106/187 
f 205/106/187 208/109/190 210/111/192 
f 207/108/189 211/112/193 212/113/194 
f 212/113/194 208/109/190 207/108/189 
f 213/114/195 208/109/190 214/115/196 
f 208/109/190 212/113/194 214/115/196 
f 211/112/193 215/116/197 216/117/198 
f 212/113/194 211/112/193 216/117/198 
f 214/115/196 212/113/194 217/118/199 
f 212/113/194 216/117/198 217/118/199 
f 215/116/197 218/119/200 216/117/198 
f 219/120/201 216/117/198 220/121/202 
f 216/117/198 221/122/203 220/121/202 
f 218/119/200 221/122/203 216/117/198 
f 218/119/200 222/123/204 223/124/205 
f 221/122/203 218/119/200 223/124/205 
f 220/121/202 221/122/203 224/125/206 
f 221/122/203 223/124/205 224/125/206 
f 225/102/207 226/104/208 227/103/209 
f 226/104/208 228/107/210 229/106/211 
f 229/106/211 227/103/209 226/104/208 
f 227/103/209 229/106/211 230/105/212 
f 231/110/213 229/106/211 228/107/210 
f 229/106/211 232/111/214 233/109/215 
f 231/110/213 232/111/214 229/106/211 
f 233/109/215 230/105/212 229/106/211 
f 230/105/212 233/109/215 234/108/216 
f 235/114/217 236/115/218 233/109/215 
f 233/109/215 236/115/218 237/113/219 
f 237/113/219 234/108/216 233/109/215 
f 234/108/216 237/113/219 238/112/220 
f 236/115/218 239/118/221 237/113/219 
f 237/113/219 240/117/222 238/112/220 
f 237/113/219 239/118/221 240/117/222 
f 238/112/220 240/117/222 241/116/223 
f 242/120/224 243/121/225 240/117/222 
f 244/119/226 240/117/222 245/122/227 
f 241/116/223 240/117/222 244/119/226 
f 240/117/222 243/121/225 245/122/227 
f 243/121/225 246/125/228 245/122/227 
f 244/119/226 247/124/229 248/123/230 
f 245/122/227 246/125/228 247/124/229 
f 245/122/227 247/124/229 244/119/226 
f 249/96/231 250/98/232 251/97/233 
f 252/99/234 250/98/232 249/96/231 
f 252/99/234 253/100/235 250/98/232 
f 254/101/236 253/100/235 252/99/234 
f 255/126/237 256/127/238 257/128/239 
f 258/129/240 259/130/241 256/127/238 
f 256/127/238 259/130/241 257/128/239 
f 260/131/242 261/132/243 258/129/240 
f 261/132/243 259/130/241 258/129/240 
f 257/128/239 259/130/241 262/133/244 
f 262/133/244 259/130/241 261/132/243 
f 262/133/244 261/132/243 263/134/245 
f 262/133/244 264/135/246 265/136/247 
f 264/135/246 262/133/244 263/134/245 
f 266/137/248 267/138/249 268/139/250 
f 266/137/248 269/24/251 270/140/252 
f 268/139/250 269/24/251 266/137/248 
f 271/141/253 272/142/254 1565/138/255 
f 268/139/250 273/27/256 269/24/251 
f 269/24/251 274/26/257 270/140/252 
f 272/142/254 271/141/253 275/143/258 
f 276/144/259 272/142/254 277/145/260 
f 272/142/254 275/143/258 277/145/260 
f 278/146/261 279/147/262 275/143/258 
f 277/145/260 275/143/258 279/147/262 
f 280/1/263 276/144/259 281/148/264 
f 276/144/259 277/145/260 281/148/264 
f 277/145/260 282/3/265 281/148/264 
f 280/1/263 281/148/264 282/3/265 
f 279/147/262 282/3/265 277/145/260 
f 283/149/266 279/147/262 278/146/261 
f 284/150/267 279/147/262 283/149/266 
f 279/147/262 284/150/267 282/3/265 
f 285/151/268 282/3/265 284/150/267 
f 286/152/269 287/153/270 288/154/271 
f 289/155/272 287/153/270 286/152/269 
f 290/156/273 287/153/270 289/155/272 
f 291/157/274 292/158/275 289/155/272 
f 290/156/273 289/155/272 292/158/275 
f 293/159/276 290/156/273 292/158/275 
f 291/157/274 294/160/277 292/158/275 
f 292/158/275 295/161/278 296/162/279 
f 293/159/276 292/158/275 296/162/279 
f 297/163/280 292/158/275 294/160/277 
f 298/164/281 299/165/282 300/166/283 
f 301/167/284 298/164/281 300/166/283 
f 302/168/285 299/165/282 303/169/286 
f 300/166/283 299/165/282 302/168/285 
f 302/168/285 304/170/287 305/171/288 
f 302/168/285 303/169/286 304/170/287 
f 306/172/289 307/173/290 308/174/291 
f 309/175/292 310/176/293 306/172/289 
f 310/176/293 307/173/290 306/172/289 
f 311/177/294 310/176/293 309/175/292 
f 312/178/295 313/179/296 314/180/297 
f 315/181/298 313/179/296 316/182/299 
f 315/181/298 314/180/297 313/179/296 
f 314/180/297 315/181/298 317/183/300 
f 318/184/301 315/181/298 316/182/299 
f 318/184/301 317/183/300 315/181/298 
f 316/182/299 319/185/302 320/186/303 
f 321/187/304 316/182/299 320/186/303 
f 318/184/301 316/182/299 321/187/304 
f 317/183/300 318/184/301 322/188/305 
f 323/189/306 322/188/305 318/184/301 
f 323/189/306 318/184/301 321/187/304 
f 319/185/302 324/190/307 325/191/308 
f 320/186/303 319/185/302 325/191/308 
f 320/186/303 326/192/309 327/193/310 
f 320/186/303 325/191/308 326/192/309 
f 321/187/304 320/186/303 328/194/311 
f 328/194/311 320/186/303 327/193/310 
f 322/188/305 323/189/306 329/195/312 
f 330/196/313 331/197/314 324/190/307 
f 324/190/307 332/198/315 325/191/308 
f 331/197/314 332/198/315 324/190/307 
f 333/199/316 334/200/317 326/192/309 
f 327/193/310 326/192/309 334/200/317 
f 333/199/316 326/192/309 325/191/308 
f 334/200/317 335/201/318 327/193/310 
f 327/193/310 335/201/318 328/194/311 
f 336/202/319 337/203/320 331/197/314 
f 332/198/315 331/197/314 337/203/320 
f 338/204/321 332/198/315 339/205/322 
f 332/198/315 337/203/320 339/205/322 
f 338/204/321 325/191/308 332/198/315 
f 336/202/319 340/206/323 337/203/320 
f 340/206/323 339/205/322 337/203/320 
f 341/207/324 342/208/325 338/204/321 
f 338/204/321 342/208/325 325/191/308 
f 339/205/322 343/209/326 338/204/321 
f 343/209/326 341/207/324 338/204/321 
f 340/206/323 344/210/327 339/205/322 
f 344/210/327 343/209/326 339/205/322 
f 342/208/325 333/199/316 325/191/308 
f 341/207/324 333/199/316 342/208/325 
f 345/15/328 346/211/329 341/207/324 
f 343/209/326 345/15/328 341/207/324 
f 333/199/316 341/207/324 346/211/329 
f 347/13/330 343/209/326 348/212/331 
f 348/212/331 343/209/326 344/210/327 
f 343/209/326 347/13/330 345/15/328 
f 334/200/317 333/199/316 346/211/329 
f 349/14/332 346/211/329 345/15/328 
f 349/14/332 334/200/317 346/211/329 
f 348/212/331 350/213/333 347/13/330 
f 347/13/330 350/213/333 349/14/332 
f 351/214/334 350/213/333 348/212/331 
f 352/215/335 335/201/318 334/200/317 
f 334/200/317 349/14/332 352/215/335 
f 353/216/336 349/14/332 350/213/333 
f 352/215/335 349/14/332 353/216/336 
f 351/214/334 354/217/337 350/213/333 
f 354/217/337 352/215/335 353/216/336 
f 350/213/333 354/217/337 353/216/336 
f 355/218/338 354/217/337 351/214/334 
f 352/215/335 356/219/339 357/220/340 
f 352/215/335 354/217/337 356/219/339 
f 356/219/339 354/217/337 355/218/338 
f 352/215/335 357/220/340 335/201/318 
f 328/194/311 335/201/318 358/221/341 
f 357/220/340 359/222/342 335/201/318 
f 360/223/343 361/224/344 355/218/338 
f 361/224/344 357/220/340 356/219/339 
f 355/218/338 361/224/344 356/219/339 
f 359/222/342 357/220/340 362/225/345 
f 357/220/340 361/224/344 362/225/345 
f 321/187/304 328/194/311 363/226/346 
f 363/226/346 328/194/311 358/221/341 
f 364/227/347 365/228/348 358/221/341 
f 358/221/341 359/222/342 364/227/347 
f 365/228/348 363/226/346 358/221/341 
f 359/222/342 362/225/345 366/229/349 
f 364/227/347 359/222/342 366/229/349 
f 360/223/343 367/230/350 361/224/344 
f 367/230/350 362/225/345 361/224/344 
f 321/187/304 368/231/351 323/189/306 
f 369/232/352 321/187/304 363/226/346 
f 369/232/352 368/231/351 321/187/304 
f 365/228/348 370/233/353 363/226/346 
f 370/233/353 369/232/352 363/226/346 
f 366/229/349 371/234/354 372/235/355 
f 364/227/347 366/229/349 372/235/355 
f 362/225/345 371/234/354 366/229/349 
f 362/225/345 367/230/350 371/234/354 
f 329/195/312 368/231/351 373/236/356 
f 329/195/312 323/189/306 368/231/351 
f 369/232/352 373/236/356 368/231/351 
f 373/236/356 369/232/352 374/237/357 
f 370/233/353 374/237/357 369/232/352 
f 375/238/358 376/239/359 371/234/354 
f 376/239/359 372/235/355 371/234/354 
f 375/238/358 371/234/354 367/230/350 
f 377/240/360 375/238/358 367/230/350 
f 378/241/361 372/235/355 376/239/359 
f 377/240/360 367/230/350 360/223/343 
f 379/242/362 372/235/355 378/241/361 
f 364/227/347 372/235/355 379/242/362 
f 380/243/363 381/244/364 382/245/365 
f 383/246/366 384/247/367 381/244/364 
f 381/244/364 384/247/367 382/245/365 
f 384/247/367 385/248/368 382/245/365 
f 386/249/369 387/250/370 383/246/366 
f 388/251/371 389/252/372 383/246/366 
f 389/252/372 384/247/367 383/246/366 
f 387/250/370 388/251/371 383/246/366 
f 384/247/367 390/253/373 385/248/368 
f 384/247/367 389/252/372 390/253/373 
f 385/248/368 390/253/373 391/254/374 
f 392/255/375 393/256/376 386/249/369 
f 393/256/376 388/251/371 387/250/370 
f 387/250/370 386/249/369 393/256/376 
f 394/257/377 395/258/378 388/251/371 
f 394/257/377 388/251/371 393/256/376 
f 389/252/372 388/251/371 395/258/378 
f 395/258/378 396/259/379 389/252/372 
f 389/252/372 396/259/379 390/253/373 
f 397/260/380 398/261/381 390/253/373 
f 390/253/373 398/261/381 391/254/374 
f 396/259/379 397/260/380 390/253/373 
f 399/262/382 391/254/374 398/261/381 
f 393/256/376 392/255/375 400/263/383 
f 393/256/376 400/263/383 394/257/377 
f 401/264/384 402/265/385 394/257/377 
f 400/263/383 401/264/384 394/257/377 
f 394/257/377 402/265/385 395/258/378 
f 403/266/386 396/259/379 395/258/378 
f 403/266/386 397/260/380 396/259/379 
f 395/258/378 402/265/385 403/266/386 
f 397/260/380 404/267/387 398/261/381 
f 398/261/381 404/267/387 399/262/382 
f 405/268/388 400/263/383 392/255/375 
f 406/269/389 399/262/382 404/267/387 
f 407/270/390 408/271/391 401/264/384 
f 401/264/384 408/271/391 402/265/385 
f 401/264/384 400/263/383 407/270/390 
f 409/272/392 400/263/383 405/268/388 
f 409/272/392 407/270/390 400/263/383 
f 410/273/393 409/272/392 405/268/388 
f 406/269/389 404/267/387 411/274/394 
f 412/275/395 407/270/390 409/272/392 
f 407/270/390 412/275/395 408/271/391 
f 413/276/396 412/275/395 409/272/392 
f 413/276/396 409/272/392 410/273/393 
f 404/267/387 414/277/397 411/274/394 
f 412/275/395 415/278/398 408/271/391 
f 416/279/399 404/267/387 397/260/380 
f 404/267/387 416/279/399 414/277/397 
f 416/279/399 417/280/400 414/277/397 
f 415/278/398 418/281/401 408/271/391 
f 419/282/402 416/279/399 420/283/403 
f 416/279/399 419/282/402 417/280/400 
f 420/283/403 416/279/399 397/260/380 
f 403/266/386 420/283/403 397/260/380 
f 419/282/402 421/284/404 417/280/400 
f 418/281/401 422/285/405 423/286/406 
f 408/271/391 418/281/401 423/286/406 
f 424/287/407 422/285/405 418/281/401 
f 408/271/391 423/286/406 402/265/385 
f 425/288/408 420/283/403 426/289/409 
f 425/288/408 426/289/409 422/285/405 
f 402/265/385 423/286/406 426/289/409 
f 423/286/406 422/285/405 426/289/409 
f 402/265/385 426/289/409 403/266/386 
f 426/289/409 420/283/403 403/266/386 
f 425/288/408 419/282/402 420/283/403 
f 421/284/404 419/282/402 427/290/410 
f 424/287/407 428/291/411 422/285/405 
f 422/285/405 428/291/411 425/288/408 
f 424/287/407 429/292/412 428/291/411 
f 430/293/413 419/282/402 425/288/408 
f 430/293/413 427/290/410 419/282/402 
f 428/291/411 431/294/414 425/288/408 
f 431/294/414 428/291/411 429/292/412 
f 430/293/413 425/288/408 431/294/414 
f 430/293/413 432/295/415 427/290/410 
f 431/294/414 432/295/415 430/293/413 
f 429/292/412 433/296/416 431/294/414 
f 431/294/414 433/296/416 432/295/415 
f 434/137/417 435/297/418 436/138/419 
f 437/298/420 438/299/421 435/297/418 
f 435/297/418 438/299/421 436/138/419 
f 439/141/422 436/138/419 438/299/421 
f 440/300/423 441/301/424 437/298/420 
f 441/301/424 439/141/422 438/299/421 
f 441/301/424 438/299/421 437/298/420 
f 439/141/422 442/302/425 443/143/426 
f 444/303/427 445/304/428 440/300/423 
f 446/305/429 439/141/422 441/301/424 
f 439/141/422 446/305/429 442/302/425 
f 447/306/430 440/300/423 445/304/428 
f 446/305/429 441/301/424 447/306/430 
f 447/306/430 441/301/424 440/300/423 
f 448/307/431 449/308/432 442/302/425 
f 442/302/425 446/305/429 448/307/431 
f 442/302/425 450/146/433 443/143/426 
f 449/308/432 450/146/433 442/302/425 
f 445/304/428 451/309/434 452/310/435 
f 452/310/435 446/305/429 447/306/430 
f 447/306/430 445/304/428 452/310/435 
f 453/311/436 446/305/429 452/310/435 
f 453/311/436 448/307/431 446/305/429 
f 454/312/437 449/308/432 448/307/431 
f 453/311/436 454/312/437 448/307/431 
f 455/313/438 449/308/432 454/312/437 
f 455/313/438 450/146/433 449/308/432 
f 456/149/439 450/146/433 455/313/438 
f 457/314/440 452/310/435 451/309/434 
f 453/311/436 452/310/435 457/314/440 
f 458/315/441 453/311/436 459/316/442 
f 458/315/441 454/312/437 453/311/436 
f 453/311/436 457/314/440 459/316/442 
f 460/317/443 455/313/438 454/312/437 
f 460/317/443 454/312/437 458/315/441 
f 458/315/441 459/316/442 461/318/444 
f 461/318/444 460/317/443 458/315/441 
f 461/318/444 459/316/442 462/319/445 
f 463/320/446 464/321/447 465/322/448 
f 463/320/446 466/323/449 467/324/450 
f 467/324/450 464/321/447 463/320/446 
f 468/325/451 467/324/450 466/323/449 
f 469/102/452 470/104/453 471/103/454 
f 470/104/453 472/107/455 473/106/456 
f 473/106/456 471/103/454 470/104/453 
f 471/103/454 473/106/456 474/105/457 
f 475/110/458 473/106/456 472/107/455 
f 473/106/456 476/111/459 477/109/460 
f 475/110/458 476/111/459 473/106/456 
f 477/109/460 474/105/457 473/106/456 
f 474/105/457 477/109/460 478/108/461 
f 479/114/462 480/115/463 477/109/460 
f 477/109/460 480/115/463 481/113/464 
f 481/113/464 478/108/461 477/109/460 
f 478/108/461 481/113/464 482/112/465 
f 480/115/463 483/118/466 481/113/464 
f 481/113/464 484/117/467 482/112/465 
f 481/113/464 483/118/466 484/117/467 
f 482/112/465 484/117/467 485/116/468 
f 486/120/469 487/121/470 484/117/467 
f 488/119/471 484/117/467 489/122/472 
f 485/116/468 484/117/467 488/119/471 
f 484/117/467 487/121/470 489/122/472 
f 487/121/470 490/125/473 489/122/472 
f 488/119/471 491/124/474 492/123/475 
f 489/122/472 490/125/473 491/124/474 
f 489/122/472 491/124/474 488/119/471 
f 493/102/476 494/103/477 495/104/478 
f 494/103/477 496/105/479 497/106/480 
f 497/106/480 495/104/478 494/103/477 
f 495/104/478 497/106/480 498/107/481 
f 496/105/479 499/108/482 500/109/483 
f 500/109/483 497/106/480 496/105/479 
f 501/110/484 497/106/480 502/111/485 
f 501/110/484 498/107/481 497/106/480 
f 497/106/480 500/109/483 502/111/485 
f 499/108/482 503/112/486 504/113/487 
f 504/113/487 500/109/483 499/108/482 
f 505/114/488 500/109/483 506/115/489 
f 500/109/483 504/113/487 506/115/489 
f 503/112/486 507/116/490 508/117/491 
f 504/113/487 503/112/486 508/117/491 
f 506/115/489 504/113/487 509/118/492 
f 504/113/487 508/117/491 509/118/492 
f 507/116/490 510/119/493 508/117/491 
f 511/120/494 508/117/491 512/121/495 
f 508/117/491 513/122/496 512/121/495 
f 510/119/493 513/122/496 508/117/491 
f 510/119/493 514/123/497 515/124/498 
f 513/122/496 510/119/493 515/124/498 
f 512/121/495 513/122/496 516/125/499 
f 513/122/496 515/124/498 516/125/499 
f 517/96/500 518/97/501 519/98/502 
f 520/99/503 517/96/500 519/98/502 
f 520/99/503 519/98/502 521/100/504 
f 522/101/505 520/99/503 521/100/504 
f 523/126/506 524/128/507 525/127/508 
f 524/128/507 526/133/509 527/130/510 
f 525/127/508 524/128/507 527/130/510 
f 528/129/511 525/127/508 527/130/510 
f 526/133/509 529/134/512 530/132/513 
f 530/132/513 528/129/511 527/130/510 
f 526/133/509 530/132/513 527/130/510 
f 526/133/509 531/136/514 532/135/515 
f 532/135/515 529/134/512 526/133/509 
f 533/131/516 528/129/511 530/132/513 
f 534/137/517 535/139/518 536/138/519 
f 534/137/517 537/140/520 538/24/521 
f 535/139/518 534/137/517 538/24/521 
f 535/139/518 538/24/521 539/27/522 
f 540/141/523 1566/138/524 541/142/525 
f 538/24/521 537/140/520 542/26/526 
f 541/142/525 543/143/527 540/141/523 
f 544/144/528 545/145/529 541/142/525 
f 541/142/525 545/145/529 543/143/527 
f 546/146/530 543/143/527 547/147/531 
f 545/145/529 547/147/531 543/143/527 
f 548/1/532 549/148/533 544/144/528 
f 544/144/528 549/148/533 545/145/529 
f 545/145/529 549/148/533 550/3/534 
f 548/1/532 550/3/534 549/148/533 
f 547/147/531 545/145/529 550/3/534 
f 551/149/535 546/146/530 547/147/531 
f 552/150/536 551/149/535 547/147/531 
f 547/147/531 550/3/534 552/150/536 
f 553/151/537 552/150/536 550/3/534 
f 554/152/538 555/154/539 556/153/540 
f 557/155/541 554/152/538 556/153/540 
f 558/156/542 557/155/541 556/153/540 
f 559/157/543 557/155/541 560/158/544 
f 558/156/542 560/158/544 557/155/541 
f 561/159/545 560/158/544 558/156/542 
f 559/157/543 560/158/544 562/160/546 
f 560/158/544 563/162/547 564/161/548 
f 561/159/545 563/162/547 560/158/544 
f 565/163/549 562/160/546 560/158/544 
f 566/164/550 567/166/551 568/165/552 
f 569/167/553 567/166/551 566/164/550 
f 567/166/551 570/168/554 568/165/552 
f 570/168/554 571/169/555 568/165/552 
f 570/168/554 572/171/556 573/170/557 
f 570/168/554 573/170/557 571/169/555 
f 574/172/558 575/174/559 576/173/560 
f 577/175/561 574/172/558 578/176/562 
f 578/176/562 574/172/558 576/173/560 
f 579/177/563 577/175/561 578/176/562 
f 580/178/564 581/180/565 582/179/566 
f 581/180/565 583/183/567 584/181/568 
f 584/181/568 582/179/566 581/180/565 
f 584/181/568 585/182/569 582/179/566 
f 583/183/567 586/188/570 587/184/571 
f 587/184/571 585/182/569 584/181/568 
f 587/184/571 584/181/568 583/183/567 
f 585/182/569 588/186/572 589/185/573 
f 586/188/570 590/195/574 591/189/575 
f 591/189/575 587/184/571 586/188/570 
f 592/187/576 588/186/572 585/182/569 
f 591/189/575 592/187/576 587/184/571 
f 587/184/571 592/187/576 585/182/569 
f 588/186/572 593/193/577 594/192/578 
f 592/187/576 595/194/579 588/186/572 
f 595/194/579 593/193/577 588/186/572 
f 588/186/572 596/191/580 589/185/573 
f 588/186/572 594/192/578 596/191/580 
f 590/195/574 597/236/581 598/231/582 
f 592/187/576 591/189/575 598/231/582 
f 590/195/574 598/231/582 591/189/575 
f 599/232/583 600/226/584 592/187/576 
f 599/232/583 592/187/576 598/231/582 
f 599/232/583 598/231/582 597/236/581 
f 592/187/576 600/226/584 595/194/579 
f 601/199/585 594/192/578 602/200/586 
f 601/199/585 596/191/580 594/192/578 
f 593/193/577 602/200/586 594/192/578 
f 597/236/581 603/237/587 599/232/583 
f 604/233/588 599/232/583 603/237/587 
f 604/233/588 600/226/584 599/232/583 
f 600/226/584 605/221/589 595/194/579 
f 606/228/590 600/226/584 604/233/588 
f 606/228/590 605/221/589 600/226/584 
f 605/221/589 607/227/591 608/222/592 
f 607/227/591 605/221/589 606/228/590 
f 595/194/579 605/221/589 609/201/593 
f 593/193/577 595/194/579 609/201/593 
f 602/200/586 593/193/577 609/201/593 
f 607/227/591 610/242/594 611/235/595 
f 607/227/591 612/229/596 608/222/592 
f 607/227/591 611/235/595 612/229/596 
f 608/222/592 613/225/597 614/220/598 
f 608/222/592 612/229/596 613/225/597 
f 614/220/598 609/201/593 608/222/592 
f 615/215/599 602/200/586 609/201/593 
f 615/215/599 609/201/593 614/220/598 
f 610/242/594 616/241/600 611/235/595 
f 617/239/601 618/234/602 611/235/595 
f 616/241/600 617/239/601 611/235/595 
f 613/225/597 612/229/596 618/234/602 
f 612/229/596 611/235/595 618/234/602 
f 619/230/603 620/224/604 613/225/597 
f 613/225/597 618/234/602 619/230/603 
f 614/220/598 613/225/597 620/224/604 
f 615/215/599 614/220/598 621/219/605 
f 620/224/604 621/219/605 614/220/598 
f 622/238/606 618/234/602 617/239/601 
f 622/238/606 619/230/603 618/234/602 
f 623/240/607 624/223/608 619/230/603 
f 623/240/607 619/230/603 622/238/606 
f 624/223/608 620/224/604 619/230/603 
f 625/218/609 621/219/605 620/224/604 
f 624/223/608 625/218/609 620/224/604 
f 615/215/599 621/219/605 626/217/610 
f 621/219/605 625/218/609 626/217/610 
f 625/218/609 627/214/611 626/217/610 
f 615/215/599 628/216/612 629/14/613 
f 626/217/610 628/216/612 615/215/599 
f 602/200/586 615/215/599 629/14/613 
f 627/214/611 630/213/614 626/217/610 
f 628/216/612 630/213/614 629/14/613 
f 630/213/614 628/216/612 626/217/610 
f 627/214/611 631/212/615 630/213/614 
f 629/14/613 632/15/616 633/211/617 
f 629/14/613 633/211/617 602/200/586 
f 634/13/618 629/14/613 630/213/614 
f 631/212/615 634/13/618 630/213/614 
f 602/200/586 633/211/617 601/199/585 
f 631/212/615 635/210/619 636/209/620 
f 636/209/620 632/15/616 634/13/618 
f 634/13/618 631/212/615 636/209/620 
f 632/15/616 637/207/621 633/211/617 
f 601/199/585 633/211/617 637/207/621 
f 636/209/620 637/207/621 632/15/616 
f 638/208/622 596/191/580 601/199/585 
f 637/207/621 638/208/622 601/199/585 
f 639/206/623 640/205/624 635/210/619 
f 635/210/619 640/205/624 636/209/620 
f 640/205/624 641/204/625 636/209/620 
f 641/204/625 596/191/580 638/208/622 
f 637/207/621 641/204/625 638/208/622 
f 636/209/620 641/204/625 637/207/621 
f 589/185/573 596/191/580 642/190/626 
f 643/202/627 644/203/628 639/206/623 
f 639/206/623 644/203/628 640/205/624 
f 642/190/626 596/191/580 645/198/629 
f 641/204/625 640/205/624 645/198/629 
f 645/198/629 640/205/624 644/203/628 
f 641/204/625 645/198/629 596/191/580 
f 646/196/630 642/190/626 647/197/631 
f 645/198/629 644/203/628 647/197/631 
f 643/202/627 647/197/631 644/203/628 
f 647/197/631 642/190/626 645/198/629 
f 648/243/632 649/245/633 650/244/634 
f 651/247/635 649/245/633 652/248/636 
f 650/244/634 649/245/633 651/247/635 
f 653/246/637 650/244/634 651/247/635 
f 651/247/635 654/253/638 655/252/639 
f 655/252/639 653/246/637 651/247/635 
f 651/247/635 652/248/636 654/253/638 
f 656/249/640 653/246/637 657/250/641 
f 652/248/636 658/254/642 654/253/638 
f 657/250/641 653/246/637 659/251/643 
f 659/251/643 653/246/637 655/252/639 
f 660/259/644 654/253/638 661/260/645 
f 655/252/639 654/253/638 660/259/644 
f 654/253/638 658/254/642 662/261/646 
f 661/260/645 654/253/638 662/261/646 
f 663/258/647 655/252/639 660/259/644 
f 655/252/639 663/258/647 659/251/643 
f 657/250/641 664/256/648 656/249/640 
f 664/256/648 657/250/641 659/251/643 
f 665/262/649 662/261/646 658/254/642 
f 666/257/650 664/256/648 659/251/643 
f 666/257/650 659/251/643 663/258/647 
f 667/266/651 660/259/644 661/260/645 
f 667/266/651 663/258/647 660/259/644 
f 661/260/645 662/261/646 668/267/652 
f 662/261/646 665/262/649 668/267/652 
f 669/255/653 656/249/640 664/256/648 
f 663/258/647 667/266/651 670/265/654 
f 666/257/650 663/258/647 670/265/654 
f 664/256/648 666/257/650 671/263/655 
f 664/256/648 671/263/655 669/255/653 
f 672/269/656 668/267/652 665/262/649 
f 671/263/655 666/257/650 673/264/657 
f 673/264/657 666/257/650 670/265/654 
f 674/268/658 669/255/653 671/263/655 
f 670/265/654 675/289/659 676/286/660 
f 670/265/654 667/266/651 675/289/659 
f 677/272/661 671/263/655 678/270/662 
f 673/264/657 678/270/662 671/263/655 
f 677/272/661 674/268/658 671/263/655 
f 673/264/657 670/265/654 679/271/663 
f 678/270/662 673/264/657 679/271/663 
f 680/273/664 674/268/658 677/272/661 
f 681/281/665 676/286/660 682/285/666 
f 679/271/663 676/286/660 681/281/665 
f 676/286/660 675/289/659 682/285/666 
f 679/271/663 670/265/654 676/286/660 
f 683/276/667 677/272/661 684/275/668 
f 683/276/667 680/273/664 677/272/661 
f 678/270/662 679/271/663 684/275/668 
f 684/275/668 677/272/661 678/270/662 
f 685/278/669 679/271/663 681/281/665 
f 684/275/668 679/271/663 685/278/669 
f 686/287/670 681/281/665 682/285/666 
f 682/285/666 687/288/671 688/291/672 
f 686/287/670 682/285/666 688/291/672 
f 687/288/671 682/285/666 675/289/659 
f 686/287/670 688/291/672 689/292/673 
f 690/293/674 691/294/675 687/288/671 
f 691/294/675 689/292/673 688/291/672 
f 688/291/672 687/288/671 691/294/675 
f 687/288/671 692/283/676 693/282/677 
f 687/288/671 675/289/659 692/283/676 
f 690/293/674 687/288/671 693/282/677 
f 675/289/659 667/266/651 692/283/676 
f 689/292/673 691/294/675 694/296/678 
f 690/293/674 695/290/679 696/295/680 
f 691/294/675 696/295/680 694/296/678 
f 691/294/675 690/293/674 696/295/680 
f 690/293/674 693/282/677 695/290/679 
f 692/283/676 661/260/645 697/279/681 
f 667/266/651 661/260/645 692/283/676 
f 693/282/677 692/283/676 697/279/681 
f 693/282/677 698/280/682 699/284/683 
f 697/279/681 698/280/682 693/282/677 
f 699/284/683 695/290/679 693/282/677 
f 697/279/681 661/260/645 668/267/652 
f 697/279/681 700/277/684 698/280/682 
f 668/267/652 700/277/684 697/279/681 
f 672/269/656 701/274/685 668/267/652 
f 668/267/652 701/274/685 700/277/684 
f 702/137/686 703/138/687 704/297/688 
f 705/141/689 706/299/690 703/138/687 
f 704/297/688 703/138/687 706/299/690 
f 707/298/691 704/297/688 706/299/690 
f 705/141/689 708/143/692 709/302/693 
f 710/305/694 711/301/695 705/141/689 
f 711/301/695 707/298/691 706/299/690 
f 711/301/695 706/299/690 705/141/689 
f 705/141/689 709/302/693 710/305/694 
f 712/300/696 707/298/691 711/301/695 
f 709/302/693 708/143/692 713/146/697 
f 714/307/698 709/302/693 715/308/699 
f 715/308/699 709/302/693 713/146/697 
f 709/302/693 714/307/698 710/305/694 
f 716/310/700 717/306/701 710/305/694 
f 717/306/701 712/300/696 711/301/695 
f 710/305/694 717/306/701 711/301/695 
f 718/311/702 716/310/700 710/305/694 
f 718/311/702 710/305/694 714/307/698 
f 719/303/703 712/300/696 720/304/704 
f 717/306/701 716/310/700 720/304/704 
f 717/306/701 720/304/704 712/300/696 
f 721/312/705 714/307/698 715/308/699 
f 718/311/702 714/307/698 721/312/705 
f 722/314/706 723/309/707 716/310/700 
f 718/311/702 722/314/706 716/310/700 
f 720/304/704 716/310/700 723/309/707 
f 724/315/708 725/316/709 718/311/702 
f 724/315/708 718/311/702 721/312/705 
f 718/311/702 725/316/709 722/314/706 
f 726/313/710 721/312/705 715/308/699 
f 727/317/711 721/312/705 726/313/710 
f 727/317/711 724/315/708 721/312/705 
f 724/315/708 728/318/712 725/316/709 
f 728/318/712 724/315/708 727/317/711 
f 728/318/712 729/319/713 725/316/709 
f 730/149/714 726/313/710 713/146/697 
f 726/313/710 715/308/699 713/146/697 
f 731/320/715 732/322/716 733/321/717 
f 731/320/715 734/324/718 735/323/719 
f 734/324/718 731/320/715 733/321/717 
f 736/325/720 735/323/719 734/324/718 
f 737/326/721 738/327/722 739/328/723 
f 738/327/722 740/329/724 741/330/725 
f 739/328/723 738/327/722 741/330/725 
f 739/328/723 741/330/725 742/331/726 
f 743/332/727 744/333/728 740/329/724 
f 740/329/724 744/333/728 741/330/725 
f 741/330/725 744/333/728 745/334/729 
f 741/330/725 745/334/729 742/331/726 
f 746/335/730 742/331/726 747/336/731 
f 745/334/729 747/336/731 742/331/726 
f 748/337/732 744/333/728 743/332/727 
f 744/333/728 749/338/733 750/339/734 
f 744/333/728 750/339/734 745/334/729 
f 744/333/728 748/337/732 749/338/733 
f 745/334/729 750/339/734 751/340/735 
f 751/340/735 750/339/734 749/338/733 
f 747/336/731 745/334/729 751/340/735 
f 747/336/731 752/341/736 753/342/737 
f 747/336/731 751/340/735 752/341/736 
f 747/336/731 753/342/737 754/343/738 
f 755/344/739 751/340/735 749/338/733 
f 756/345/740 757/346/741 752/341/736 
f 753/342/737 752/341/736 757/346/741 
f 751/340/735 755/344/739 758/347/742 
f 758/347/742 756/345/740 752/341/736 
f 752/341/736 751/340/735 758/347/742 
f 759/348/743 753/342/737 760/349/744 
f 753/342/737 757/346/741 760/349/744 
f 754/343/738 753/342/737 761/350/745 
f 762/351/746 758/347/742 755/344/739 
f 757/346/741 763/352/747 764/353/748 
f 765/354/749 757/346/741 756/345/740 
f 763/352/747 757/346/741 765/354/749 
f 762/351/746 766/355/750 758/347/742 
f 763/352/747 767/356/751 768/357/752 
f 765/354/749 767/356/751 763/352/747 
f 769/358/753 764/353/748 763/352/747 
f 770/359/754 771/360/755 765/354/749 
f 765/354/749 771/360/755 767/356/751 
f 756/345/740 770/359/754 765/354/749 
f 772/361/756 768/357/752 767/356/751 
f 773/362/757 774/363/758 770/359/754 
f 774/363/758 771/360/755 770/359/754 
f 775/364/759 773/362/757 770/359/754 
f 775/364/759 770/359/754 756/345/740 
f 775/364/759 756/345/740 758/347/742 
f 766/355/750 773/362/757 775/364/759 
f 758/347/742 766/355/750 775/364/759 
f 776/365/760 777/366/761 778/367/762 
f 777/366/761 779/368/763 780/369/764 
f 778/367/762 777/366/761 780/369/764 
f 781/370/765 778/367/762 780/369/764 
f 782/371/766 779/368/763 783/372/767 
f 780/369/764 779/368/763 782/371/766 
f 784/373/768 783/372/767 779/368/763 
f 785/374/769 781/370/765 780/369/764 
f 780/369/764 782/371/766 785/374/769 
f 786/375/770 781/370/765 785/374/769 
f 782/371/766 787/376/771 788/377/772 
f 785/374/769 782/371/766 788/377/772 
f 783/372/767 787/376/771 782/371/766 
f 783/372/767 789/378/773 790/379/774 
f 783/372/767 790/379/774 787/376/771 
f 791/380/775 789/378/773 783/372/767 
f 785/374/769 792/381/776 793/382/777 
f 785/374/769 788/377/772 792/381/776 
f 787/376/771 792/381/776 788/377/772 
f 793/382/777 786/375/770 785/374/769 
f 787/376/771 794/383/778 795/384/779 
f 795/384/779 792/381/776 787/376/771 
f 790/379/774 794/383/778 787/376/771 
f 796/385/780 790/379/774 797/386/781 
f 790/379/774 796/385/780 794/383/778 
f 789/378/773 797/386/781 790/379/774 
f 798/387/782 789/378/773 791/380/775 
f 799/388/783 794/383/778 800/389/784 
f 799/388/783 795/384/779 794/383/778 
f 794/383/778 801/390/785 800/389/784 
f 794/383/778 796/385/780 801/390/785 
f 802/391/786 796/385/780 803/392/787 
f 796/385/780 797/386/781 803/392/787 
f 801/390/785 796/385/780 802/391/786 
f 800/389/784 801/390/785 804/393/788 
f 801/390/785 802/391/786 804/393/788 
f 805/394/789 802/391/786 806/395/790 
f 802/391/786 803/392/787 806/395/790 
f 804/393/788 802/391/786 805/394/789 
f 803/392/787 807/396/791 808/397/792 
f 803/392/787 808/397/792 806/395/790 
f 797/386/781 807/396/791 803/392/787 
f 809/398/793 807/396/791 810/399/794 
f 797/386/781 810/399/794 807/396/791 
f 807/396/791 811/400/795 808/397/792 
f 812/401/796 808/397/792 811/400/795 
f 789/378/773 813/402/797 797/386/781 
f 814/403/798 813/402/797 789/378/773 
f 815/404/799 816/405/800 817/406/801 
f 818/407/802 815/404/799 819/408/803 
f 817/406/801 819/408/803 815/404/799 
f 820/409/804 817/406/801 816/405/800 
f 821/33/805 818/407/802 822/34/806 
f 819/408/803 822/34/806 818/407/802 
f 823/404/807 824/406/808 825/405/809 
f 826/407/810 827/408/811 823/404/807 
f 824/406/808 823/404/807 827/408/811 
f 828/409/812 825/405/809 824/406/808 
f 829/33/813 830/34/814 826/407/810 
f 827/408/811 826/407/810 830/34/814 
f 831/326/815 832/328/816 833/327/817 
f 832/328/816 834/331/818 835/330/819 
f 832/328/816 835/330/819 833/327/817 
f 833/327/817 835/330/819 836/329/820 
f 837/334/821 834/331/818 838/336/822 
f 835/330/819 834/331/818 837/334/821 
f 839/335/823 838/336/822 834/331/818 
f 836/329/820 835/330/819 840/333/824 
f 835/330/819 837/334/821 840/333/824 
f 841/332/825 836/329/820 840/333/824 
f 837/334/821 842/340/826 843/339/827 
f 840/333/824 837/334/821 843/339/827 
f 838/336/822 842/340/826 837/334/821 
f 838/336/822 844/342/828 845/341/829 
f 838/336/822 845/341/829 842/340/826 
f 838/336/822 846/343/830 844/342/828 
f 840/333/824 847/338/831 848/337/832 
f 840/333/824 843/339/827 847/338/831 
f 842/340/826 847/338/831 843/339/827 
f 848/337/832 841/332/825 840/333/824 
f 849/410/833 841/332/825 848/337/832 
f 850/345/834 845/341/829 851/346/835 
f 844/342/828 851/346/835 845/341/829 
f 845/341/829 852/347/836 842/340/826 
f 852/347/836 845/341/829 850/345/834 
f 848/337/832 853/411/837 854/412/838 
f 854/412/838 849/410/833 848/337/832 
f 848/337/832 847/338/831 853/411/837 
f 850/345/834 855/354/839 856/359/840 
f 855/354/839 850/345/834 851/346/835 
f 857/364/841 852/347/836 850/345/834 
f 857/364/841 850/345/834 856/359/840 
f 858/344/842 847/338/831 842/340/826 
f 842/340/826 852/347/836 858/344/842 
f 853/411/837 859/413/843 860/414/844 
f 847/338/831 858/344/842 859/413/843 
f 847/338/831 859/413/843 853/411/837 
f 861/363/845 856/359/840 862/360/846 
f 856/359/840 855/354/839 862/360/846 
f 863/362/847 856/359/840 861/363/845 
f 857/364/841 856/359/840 863/362/847 
f 864/415/848 865/416/849 859/413/843 
f 859/413/843 865/416/849 860/414/844 
f 858/344/842 864/415/848 859/413/843 
f 860/414/844 866/417/850 867/418/851 
f 865/416/849 866/417/850 860/414/844 
f 855/354/839 868/356/852 862/360/846 
f 869/419/853 865/416/849 864/415/848 
f 865/416/849 869/419/853 866/417/850 
f 869/419/853 870/420/854 866/417/850 
f 871/352/855 855/354/839 851/346/835 
f 855/354/839 871/352/855 868/356/852 
f 872/361/856 868/356/852 873/357/857 
f 871/352/855 873/357/857 868/356/852 
f 864/415/848 874/421/858 869/419/853 
f 869/419/853 874/421/858 870/420/854 
f 875/358/859 871/352/855 876/353/860 
f 851/346/835 876/353/860 871/352/855 
f 844/342/828 877/349/861 851/346/835 
f 858/344/842 878/351/862 864/415/848 
f 878/351/862 874/421/858 864/415/848 
f 846/343/830 879/350/863 844/342/828 
f 880/348/864 877/349/861 844/342/828 
f 878/351/862 858/344/842 852/347/836 
f 874/421/858 878/351/862 881/422/865 
f 878/351/862 852/347/836 882/355/866 
f 878/351/862 882/355/866 881/422/865 
f 874/421/858 883/423/867 870/420/854 
f 852/347/836 857/364/841 882/355/866 
f 884/424/868 883/423/867 874/421/858 
f 881/422/865 884/424/868 874/421/858 
f 885/425/869 886/426/870 881/422/865 
f 886/426/870 884/424/868 881/422/865 
f 885/425/869 881/422/865 887/427/871 
f 887/427/871 881/422/865 882/355/866 
f 887/427/871 882/355/866 863/362/847 
f 882/355/866 857/364/841 863/362/847 
f 888/428/872 885/425/869 887/427/871 
f 889/429/873 888/428/872 887/427/871 
f 863/362/847 889/429/873 887/427/871 
f 863/362/847 861/363/845 890/430/874 
f 889/429/873 863/362/847 890/430/874 
f 891/365/875 892/367/876 893/366/877 
f 894/370/878 895/369/879 892/367/876 
f 892/367/876 895/369/879 893/366/877 
f 893/366/877 895/369/879 896/368/880 
f 897/375/881 898/374/882 894/370/878 
f 898/374/882 895/369/879 894/370/878 
f 895/369/879 898/374/882 899/371/883 
f 895/369/879 899/371/883 896/368/880 
f 900/373/884 896/368/880 901/372/885 
f 899/371/883 901/372/885 896/368/880 
f 902/431/886 903/382/887 897/375/881 
f 903/382/887 898/374/882 897/375/881 
f 898/374/882 904/381/888 905/377/889 
f 898/374/882 905/377/889 899/371/883 
f 898/374/882 903/382/887 904/381/888 
f 899/371/883 905/377/889 906/376/890 
f 906/376/890 905/377/889 904/381/888 
f 901/372/885 899/371/883 906/376/890 
f 901/372/885 907/379/891 908/378/892 
f 901/372/885 906/376/890 907/379/891 
f 909/380/893 901/372/885 908/378/892 
f 910/432/894 903/382/887 902/431/886 
f 903/382/887 911/433/895 904/381/888 
f 903/382/887 910/432/894 911/433/895 
f 906/376/890 912/384/896 913/383/897 
f 907/379/891 906/376/890 913/383/897 
f 912/384/896 906/376/890 904/381/888 
f 914/385/898 915/386/899 907/379/891 
f 908/378/892 907/379/891 915/386/899 
f 907/379/891 913/383/897 914/385/898 
f 916/387/900 909/380/893 908/378/892 
f 904/381/888 911/433/895 917/434/901 
f 904/381/888 917/434/901 912/384/896 
f 911/433/895 918/435/902 917/434/901 
f 919/391/903 920/392/904 914/385/898 
f 914/385/898 920/392/904 915/386/899 
f 913/383/897 921/390/905 914/385/898 
f 921/390/905 919/391/903 914/385/898 
f 912/384/896 917/434/901 922/436/906 
f 918/435/902 923/437/907 924/438/908 
f 918/435/902 925/439/909 917/434/901 
f 925/439/909 918/435/902 924/438/908 
f 917/434/901 925/439/909 922/436/906 
f 926/388/910 913/383/897 912/384/896 
f 912/384/896 922/436/906 926/388/910 
f 922/436/906 927/440/911 928/441/912 
f 925/439/909 924/438/908 927/440/911 
f 922/436/906 925/439/909 927/440/911 
f 926/388/910 922/436/906 928/441/912 
f 927/440/911 924/438/908 929/442/913 
f 927/440/911 929/442/913 928/441/912 
f 926/388/910 930/443/914 931/389/915 
f 928/441/912 930/443/914 926/388/910 
f 926/388/910 931/389/915 913/383/897 
f 913/383/897 931/389/915 921/390/905 
f 932/444/916 928/441/912 933/445/917 
f 930/443/914 928/441/912 932/444/916 
f 929/442/913 933/445/917 928/441/912 
f 934/446/918 930/443/914 935/447/919 
f 930/443/914 932/444/916 935/447/919 
f 934/446/918 936/448/920 930/443/914 
f 936/448/920 931/389/915 930/443/914 
f 936/448/920 937/393/921 931/389/915 
f 931/389/915 937/393/921 921/390/905 
f 921/390/905 937/393/921 919/391/903 
f 938/449/922 936/448/920 934/446/918 
f 939/450/923 936/448/920 938/449/922 
f 937/393/921 936/448/920 939/450/923 
f 937/393/921 940/451/924 941/394/925 
f 939/450/923 940/451/924 937/393/921 
f 937/393/921 941/394/925 919/391/903 
f 919/391/903 942/395/926 920/392/904 
f 941/394/925 942/395/926 919/391/903 
f 920/392/904 942/395/926 943/397/927 
f 915/386/899 920/392/904 944/396/928 
f 920/392/904 943/397/927 944/396/928 
f 945/401/929 946/400/930 943/397/927 
f 944/396/928 943/397/927 946/400/930 
f 908/378/892 915/386/899 947/402/931 
f 915/386/899 944/396/928 948/399/932 
f 949/398/933 948/399/932 944/396/928 
f 950/403/934 908/378/892 947/402/931 
f 951/452/935 952/79/936 953/77/937 
f 954/453/938 951/452/935 953/77/937 
f 955/76/939 956/78/940 953/77/937 
f 956/78/940 954/453/938 953/77/937 
f 957/454/941 958/455/942 959/456/943 
f 958/455/942 960/457/944 961/458/945 
f 961/458/945 959/456/943 958/455/942 
f 962/459/946 960/457/944 958/455/942 
f 963/460/947 964/461/948 960/457/944 
f 962/459/946 963/460/947 960/457/944 
f 960/457/944 964/461/948 965/462/949 
f 966/454/950 967/456/951 968/455/952 
f 969/458/953 968/455/952 967/456/951 
f 970/459/954 968/455/952 971/457/955 
f 968/455/952 969/458/953 971/457/955 
f 970/459/954 971/457/955 972/460/956 
f 971/457/955 973/462/957 974/461/958 
f 972/460/956 971/457/955 974/461/958 
f 975/463/959 976/464/960 977/465/961 
f 978/466/962 975/463/959 977/465/961 
f 976/464/960 979/467/963 980/468/964 
f 978/466/962 977/465/961 980/468/964 
f 977/465/961 976/464/960 980/468/964 
f 981/469/965 978/466/962 980/468/964 
f 979/467/963 982/470/966 980/468/964 
f 982/470/966 981/469/965 980/468/964 
f 983/471/967 984/472/968 985/473/969 
f 986/474/970 987/475/971 983/471/967 
f 983/471/967 987/475/971 984/472/968 
f 986/474/970 983/471/967 988/476/972 
f 989/477/973 986/474/970 990/478/974 
f 990/478/974 986/474/970 988/476/972 
f 986/474/970 991/479/975 987/475/971 
f 989/477/973 991/479/975 986/474/970 
f 992/480/976 993/481/977 987/475/971 
f 991/479/975 992/480/976 987/475/971 
f 990/478/974 988/476/972 994/482/978 
f 989/477/973 995/483/979 991/479/975 
f 996/484/980 990/478/974 994/482/978 
f 991/479/975 997/485/981 998/10/982 
f 995/483/979 997/485/981 991/479/975 
f 998/10/982 992/480/976 991/479/975 
f 993/481/977 999/486/983 1000/487/984 
f 993/481/977 992/480/976 999/486/983 
f 994/482/978 1001/488/985 1002/489/986 
f 1002/489/986 996/484/980 994/482/978 
f 1003/490/987 996/484/980 1004/491/988 
f 1004/491/988 996/484/980 1002/489/986 
f 1000/487/984 1005/492/989 1006/493/990 
f 999/486/983 1005/492/989 1000/487/984 
f 1007/494/991 1008/495/992 1001/488/985 
f 1001/488/985 1008/495/992 1009/496/993 
f 1002/489/986 1001/488/985 1009/496/993 
f 1002/489/986 1010/497/994 1004/491/988 
f 1009/496/993 1010/497/994 1002/489/986 
f 1004/491/988 1011/498/995 1012/499/996 
f 1010/497/994 1011/498/995 1004/491/988 
f 1012/499/996 1003/490/987 1004/491/988 
f 1013/500/997 1006/493/990 1014/501/998 
f 1014/501/998 1006/493/990 1005/492/989 
f 1008/495/992 1007/494/991 1015/502/999 
f 1015/502/999 1009/496/993 1008/495/992 
f 1010/497/994 1016/503/1000 1017/7/1001 
f 1010/497/994 1017/7/1001 1011/498/995 
f 1016/503/1000 1010/497/994 1009/496/993 
f 1013/500/997 1014/501/998 1018/504/1002 
f 1005/492/989 1019/505/1003 1014/501/998 
f 1018/504/1002 1014/501/998 1020/506/1004 
f 1020/506/1004 1014/501/998 1019/505/1003 
f 1009/496/993 1021/507/1005 1016/503/1000 
f 1016/503/1000 1022/5/1006 1017/7/1001 
f 1021/507/1005 1022/5/1006 1016/503/1000 
f 1018/504/1002 1020/506/1004 1023/508/1007 
f 1019/505/1003 1023/508/1007 1020/506/1004 
f 1019/505/1003 1005/492/989 999/486/983 
f 1024/509/1008 1019/505/1003 1025/510/1009 
f 1023/508/1007 1019/505/1003 1024/509/1008 
f 1025/510/1009 1019/505/1003 999/486/983 
f 1026/511/1010 1009/496/993 1015/502/999 
f 1026/511/1010 1021/507/1005 1009/496/993 
f 992/480/976 1025/510/1009 999/486/983 
f 1027/512/1011 1024/509/1008 1025/510/1009 
f 992/480/976 1027/512/1011 1025/510/1009 
f 1026/511/1010 1028/513/1012 1021/507/1005 
f 1029/514/1013 1015/502/999 1007/494/991 
f 992/480/976 998/10/982 1030/515/1014 
f 1030/515/1014 1027/512/1011 992/480/976 
f 1030/515/1014 1031/516/1015 1027/512/1011 
f 1028/513/1012 1032/517/1016 1021/507/1005 
f 1021/507/1005 1033/518/1017 1022/5/1006 
f 1032/517/1016 1033/518/1017 1021/507/1005 
f 1034/519/1018 1035/520/1019 1030/515/1014 
f 998/10/982 1034/519/1018 1030/515/1014 
f 1036/521/1020 1030/515/1014 1035/520/1019 
f 1030/515/1014 1036/521/1020 1031/516/1015 
f 1031/516/1015 1036/521/1020 1037/522/1021 
f 1032/517/1016 1038/523/1022 1033/518/1017 
f 1039/524/1023 1034/519/1018 1040/12/1024 
f 1034/519/1018 1039/524/1023 1035/520/1019 
f 998/10/982 1040/12/1024 1034/519/1018 
f 1035/520/1019 1041/525/1025 1042/526/1026 
f 1041/525/1025 1035/520/1019 1039/524/1023 
f 1035/520/1019 1042/526/1026 1036/521/1020 
f 1036/521/1020 1042/526/1026 1043/527/1027 
f 1043/527/1027 1037/522/1021 1036/521/1020 
f 1044/528/1028 1037/522/1021 1043/527/1027 
f 1042/526/1026 1044/528/1028 1043/527/1027 
f 1045/529/1029 1046/11/1030 998/10/982 
f 998/10/982 997/485/981 1045/529/1029 
f 1047/530/1031 1042/526/1026 1041/525/1025 
f 1047/530/1031 1044/528/1028 1042/526/1026 
f 1045/529/1029 1048/531/1032 1049/532/1033 
f 997/485/981 1048/531/1032 1045/529/1029 
f 1045/529/1029 1050/533/1034 1046/11/1030 
f 1050/533/1034 1045/529/1029 1049/532/1033 
f 1046/11/1030 1050/533/1034 1051/534/1035 
f 1048/531/1032 1052/535/1036 1049/532/1033 
f 1052/535/1036 1048/531/1032 997/485/981 
f 1053/536/1037 1054/537/1038 1049/532/1033 
f 1053/536/1037 1049/532/1033 1052/535/1036 
f 1055/538/1039 1049/532/1033 1054/537/1038 
f 1050/533/1034 1055/538/1039 1051/534/1035 
f 1050/533/1034 1049/532/1033 1055/538/1039 
f 1056/539/1040 1051/534/1035 1055/538/1039 
f 1057/540/1041 1052/535/1036 997/485/981 
f 1054/537/1038 1053/536/1037 1058/541/1042 
f 1056/539/1040 1055/538/1039 1058/541/1042 
f 1055/538/1039 1054/537/1038 1058/541/1042 
f 997/485/981 1059/542/1043 1057/540/1041 
f 997/485/981 1060/543/1044 1061/544/1045 
f 997/485/981 1061/544/1045 1059/542/1043 
f 995/483/979 1060/543/1044 997/485/981 
f 1059/542/1043 1062/545/1046 1063/546/1047 
f 1061/544/1045 1060/543/1044 1062/545/1046 
f 1061/544/1045 1062/545/1046 1059/542/1043 
f 1060/543/1044 1064/547/1048 1065/548/1049 
f 1062/545/1046 1060/543/1044 1065/548/1049 
f 1003/490/987 1060/543/1044 995/483/979 
f 1064/547/1048 1060/543/1044 1003/490/987 
f 1062/545/1046 1066/549/1050 1067/550/1051 
f 1067/550/1051 1063/546/1047 1062/545/1046 
f 1065/548/1049 1066/549/1050 1062/545/1046 
f 1068/551/1052 1063/546/1047 1067/550/1051 
f 1064/547/1048 1069/552/1053 1065/548/1049 
f 1065/548/1049 1069/552/1053 1066/549/1050 
f 1003/490/987 1012/499/996 1064/547/1048 
f 1070/553/1054 1067/550/1051 1066/549/1050 
f 1068/551/1052 1067/550/1051 1070/553/1054 
f 1070/553/1054 1066/549/1050 1069/552/1053 
f 1071/554/1055 1072/555/1056 1069/552/1053 
f 1069/552/1053 1073/556/1057 1074/557/1058 
f 1069/552/1053 1074/557/1058 1071/554/1055 
f 1064/547/1048 1073/556/1057 1069/552/1053 
f 1071/554/1055 1075/558/1059 1076/559/1060 
f 1072/555/1056 1071/554/1055 1076/559/1060 
f 1075/558/1059 1071/554/1055 1074/557/1058 
f 1077/560/1061 1078/561/1062 1073/556/1057 
f 1078/561/1062 1075/558/1059 1074/557/1058 
f 1074/557/1058 1073/556/1057 1078/561/1062 
f 1079/562/1063 1080/563/1064 1073/556/1057 
f 1079/562/1063 1073/556/1057 1064/547/1048 
f 1073/556/1057 1080/563/1064 1077/560/1061 
f 1012/499/996 1079/562/1063 1064/547/1048 
f 1012/499/996 1080/563/1064 1079/562/1063 
f 1076/559/1060 1075/558/1059 1081/564/1065 
f 1077/560/1061 1081/564/1065 1078/561/1062 
f 1075/558/1059 1078/561/1062 1081/564/1065 
f 1082/565/1066 1081/564/1065 1077/560/1061 
f 1080/563/1064 1082/565/1066 1077/560/1061 
f 1011/498/995 1083/566/1067 1080/563/1064 
f 1011/498/995 1080/563/1064 1012/499/996 
f 1083/566/1067 1082/565/1066 1080/563/1064 
f 1017/7/1001 1084/9/1068 1011/498/995 
f 1011/498/995 1085/567/1069 1083/566/1067 
f 1011/498/995 1084/9/1068 1085/567/1069 
f 1083/566/1067 1085/567/1069 1086/568/1070 
f 1017/7/1001 1087/569/1071 1088/8/1072 
f 1022/5/1006 1089/570/1073 1017/7/1001 
f 1017/7/1001 1089/570/1073 1087/569/1071 
f 1084/9/1068 1090/571/1074 1091/572/1075 
f 1567/8/1076 1090/571/1074 1084/9/1068 
f 1084/9/1068 1091/572/1075 1085/567/1069 
f 1085/567/1069 1091/572/1075 1092/573/1077 
f 1085/567/1069 1092/573/1077 1086/568/1070 
f 1086/568/1070 1092/573/1077 1093/574/1078 
f 1088/8/1072 1087/569/1071 1094/575/1079 
f 1089/570/1073 1095/576/1080 1087/569/1071 
f 1096/4/1081 1097/577/1082 1089/570/1073 
f 1089/570/1073 1097/577/1082 1095/576/1080 
f 1022/5/1006 1096/4/1081 1089/570/1073 
f 1090/571/1074 1098/578/1083 1091/572/1075 
f 1091/572/1075 1099/579/1084 1092/573/1077 
f 1091/572/1075 1098/578/1083 1099/579/1084 
f 1093/574/1078 1092/573/1077 1100/580/1085 
f 1099/579/1084 1100/580/1085 1092/573/1077 
f 1568/4/1086 1101/6/1087 1102/581/1088 
f 1097/577/1082 1103/582/1089 1095/576/1080 
f 1104/583/1090 1098/578/1083 1105/584/1091 
f 1099/579/1084 1104/583/1090 1100/580/1085 
f 1104/583/1090 1099/579/1084 1098/578/1083 
f 1100/580/1085 1106/585/1092 1093/574/1078 
f 1106/585/1092 1104/583/1090 1105/584/1091 
f 1104/583/1090 1106/585/1092 1100/580/1085 
f 1107/586/1093 1102/581/1088 1108/587/1094 
f 1108/587/1094 1102/581/1088 1101/6/1087 
f 1109/588/1095 1106/585/1092 1105/584/1091 
f 1106/585/1092 1109/588/1095 1093/574/1078 
f 1110/589/1096 1111/590/1097 1107/586/1093 
f 1108/587/1094 1110/589/1096 1107/586/1093 
f 1101/6/1087 1033/518/1017 1108/587/1094 
f 1108/587/1094 1033/518/1017 1112/591/1098 
f 1108/587/1094 1112/591/1098 1110/589/1096 
f 1110/589/1096 1113/592/1099 1114/593/1100 
f 1111/590/1097 1110/589/1096 1114/593/1100 
f 1113/592/1099 1110/589/1096 1112/591/1098 
f 1022/5/1006 1033/518/1017 1101/6/1087 
f 1033/518/1017 1038/523/1022 1112/591/1098 
f 1113/592/1099 1038/523/1022 1114/593/1100 
f 1113/592/1099 1112/591/1098 1038/523/1022 
f 1115/454/1101 1116/456/1102 1117/455/1103 
f 1118/458/1104 1117/455/1103 1116/456/1102 
f 1119/459/1105 1117/455/1103 1120/457/1106 
f 1117/455/1103 1118/458/1104 1120/457/1106 
f 1119/459/1105 1120/457/1106 1121/460/1107 
f 1120/457/1106 1122/462/1108 1123/461/1109 
f 1121/460/1107 1120/457/1106 1123/461/1109 
f 1124/2/1110 1125/3/1111 1126/151/1112 
f 1127/1/1113 1124/2/1110 1128/594/1114 
f 1127/1/1113 1125/3/1111 1124/2/1110 
f 1124/2/1110 1126/151/1112 1129/595/1115 
f 1127/1/1113 1128/594/1114 1130/596/1116 
f 1131/597/1117 1130/596/1116 1128/594/1114 
f 1132/598/1118 1130/596/1116 1133/599/1119 
f 1130/596/1116 1131/597/1117 1133/599/1119 
f 1134/600/1120 1135/601/1121 1136/602/1122 
f 1135/601/1121 1137/603/1123 1138/604/1124 
f 1135/601/1121 1138/604/1124 1139/605/1125 
f 1136/602/1122 1135/601/1121 1139/605/1125 
f 1136/602/1122 1139/605/1125 1140/606/1126 
f 1141/607/1127 1142/608/1128 1137/603/1123 
f 1137/603/1123 1142/608/1128 1138/604/1124 
f 1143/609/1129 1138/604/1124 1144/610/1130 
f 1142/608/1128 1144/610/1130 1138/604/1124 
f 1139/605/1125 1138/604/1124 1143/609/1129 
f 1145/611/1131 1146/22/1132 1139/605/1125 
f 1146/22/1132 1140/606/1126 1139/605/1125 
f 1143/609/1129 1145/611/1131 1139/605/1125 
f 1147/612/1133 1148/613/1134 1141/607/1127 
f 1142/608/1128 1148/613/1134 1144/610/1130 
f 1148/613/1134 1142/608/1128 1141/607/1127 
f 1143/609/1129 1149/614/1135 1145/611/1131 
f 1144/610/1130 1149/614/1135 1143/609/1129 
f 1145/611/1131 1150/21/1136 1151/20/1137 
f 1151/20/1137 1146/22/1132 1145/611/1131 
f 1149/614/1135 1150/21/1136 1145/611/1131 
f 1144/610/1130 1152/615/1138 1149/614/1135 
f 1144/610/1130 1148/613/1134 1152/615/1138 
f 1147/612/1133 1153/616/1139 1148/613/1134 
f 1148/613/1134 1153/616/1139 1152/615/1138 
f 1154/23/1140 1150/21/1136 1149/614/1135 
f 1152/615/1138 1154/23/1140 1149/614/1135 
f 1095/576/1080 1103/582/1089 1155/617/1141 
f 1087/569/1071 1095/576/1080 1156/618/1142 
f 1157/619/1143 1103/582/1089 1158/620/1144 
f 1157/619/1143 1155/617/1141 1103/582/1089 
f 1095/576/1080 1159/621/1145 1156/618/1142 
f 1155/617/1141 1157/619/1143 1159/621/1145 
f 1155/617/1141 1159/621/1145 1095/576/1080 
f 1087/569/1071 1156/618/1142 1094/575/1079 
f 1160/622/1146 1156/618/1142 1159/621/1145 
f 1094/575/1079 1156/618/1142 1160/622/1146 
f 1161/623/1147 1157/619/1143 1158/620/1144 
f 1160/622/1146 1159/621/1145 1161/623/1147 
f 1157/619/1143 1161/623/1147 1159/621/1145 
f 1162/624/1148 1161/623/1147 1158/620/1144 
f 1161/623/1147 1162/624/1148 1160/622/1146 
f 1163/625/1149 1164/626/1150 1165/627/1151 
f 1164/626/1150 1166/628/1152 1167/629/1153 
f 1165/627/1151 1164/626/1150 1167/629/1153 
f 1168/630/1154 1169/631/1155 1165/627/1151 
f 1167/629/1153 1168/630/1154 1165/627/1151 
f 1166/628/1152 1170/632/1156 1171/633/1157 
f 1166/628/1152 1171/633/1157 1167/629/1153 
f 1172/634/1158 1167/629/1153 1173/635/1159 
f 1168/630/1154 1167/629/1153 1172/634/1158 
f 1167/629/1153 1171/633/1157 1173/635/1159 
f 1174/636/1160 1170/632/1156 1175/637/1161 
f 1176/638/1162 1171/633/1157 1170/632/1156 
f 1176/638/1162 1170/632/1156 1174/636/1160 
f 1171/633/1157 1177/639/1163 1178/640/1164 
f 1171/633/1157 1178/640/1164 1173/635/1159 
f 1171/633/1157 1176/638/1162 1177/639/1163 
f 1172/634/1158 1173/635/1159 1179/641/1165 
f 1179/641/1165 1173/635/1159 1180/642/1166 
f 1173/635/1159 1178/640/1164 1180/642/1166 
f 1181/643/1167 1174/636/1160 1175/637/1161 
f 1176/638/1162 1174/636/1160 1182/644/1168 
f 1176/638/1162 1182/644/1168 1177/639/1163 
f 1183/645/1169 1184/646/1170 1177/639/1163 
f 1183/645/1169 1177/639/1163 1182/644/1168 
f 1184/646/1170 1185/647/1171 1177/639/1163 
f 1177/639/1163 1185/647/1171 1178/640/1164 
f 1186/648/1172 1187/649/1173 1179/641/1165 
f 1178/640/1164 1186/648/1172 1180/642/1166 
f 1180/642/1166 1186/648/1172 1179/641/1165 
f 1178/640/1164 1187/649/1173 1186/648/1172 
f 1182/644/1168 1174/636/1160 1188/650/1174 
f 1184/646/1170 1189/651/1175 1185/647/1171 
f 1178/640/1164 1185/647/1171 1190/652/1176 
f 1189/651/1175 1178/640/1164 1190/652/1176 
f 1190/652/1176 1185/647/1171 1189/651/1175 
f 1191/653/1177 1187/649/1173 1178/640/1164 
f 1191/653/1177 1178/640/1164 1189/651/1175 
f 1192/654/1178 1174/636/1160 1181/643/1167 
f 1174/636/1160 1192/654/1178 1188/650/1174 
f 1193/655/1179 1188/650/1174 1192/654/1178 
f 1194/656/1180 1195/657/1181 1192/654/1178 
f 1193/655/1179 1192/654/1178 1195/657/1181 
f 1192/654/1178 1181/643/1167 1194/656/1180 
f 1196/658/1182 1194/656/1180 1181/643/1167 
f 1197/659/1183 1198/660/1184 1199/661/1185 
f 1200/662/1186 1198/660/1184 1201/663/1187 
f 1199/661/1185 1198/660/1184 1200/662/1186 
f 1202/664/1188 1203/665/1189 1199/661/1185 
f 1200/662/1186 1202/664/1188 1199/661/1185 
f 1204/666/1190 1200/662/1186 1205/667/1191 
f 1200/662/1186 1201/663/1187 1205/667/1191 
f 1206/668/1192 1202/664/1188 1200/662/1186 
f 1204/666/1190 1206/668/1192 1200/662/1186 
f 1202/664/1188 1207/669/1193 1203/665/1189 
f 1206/668/1192 1207/669/1193 1202/664/1188 
f 1208/670/1194 1204/666/1190 1209/671/1195 
f 1208/670/1194 1206/668/1192 1204/666/1190 
f 1205/667/1191 1209/671/1195 1204/666/1190 
f 1210/672/1196 1203/665/1189 1207/669/1193 
f 1206/668/1192 1211/673/1197 1212/674/1198 
f 1208/670/1194 1211/673/1197 1206/668/1192 
f 1212/674/1198 1207/669/1193 1206/668/1192 
f 1207/669/1193 1213/675/1199 1214/676/1200 
f 1210/672/1196 1207/669/1193 1214/676/1200 
f 1207/669/1193 1212/674/1198 1215/677/1201 
f 1212/674/1198 1211/673/1197 1215/677/1201 
f 1215/677/1201 1213/675/1199 1207/669/1193 
f 1210/672/1196 1214/676/1200 1216/678/1202 
f 1213/675/1199 1216/678/1202 1214/676/1200 
f 1217/679/1203 1215/677/1201 1211/673/1197 
f 1218/680/1204 1219/681/1205 1213/675/1199 
f 1219/681/1205 1216/678/1202 1213/675/1199 
f 1218/680/1204 1213/675/1199 1215/677/1201 
f 1220/682/1206 1215/677/1201 1221/683/1207 
f 1217/679/1203 1221/683/1207 1215/677/1201 
f 1218/680/1204 1215/677/1201 1220/682/1206 
f 1222/684/1208 1218/680/1204 1223/685/1209 
f 1219/681/1205 1218/680/1204 1222/684/1208 
f 1218/680/1204 1220/682/1206 1223/685/1209 
f 1220/682/1206 1224/686/1210 1225/687/1211 
f 1221/683/1207 1224/686/1210 1220/682/1206 
f 1220/682/1206 1226/688/1212 1223/685/1209 
f 1226/688/1212 1220/682/1206 1225/687/1211 
f 1223/685/1209 1227/689/1213 1222/684/1208 
f 1226/688/1212 1227/689/1213 1223/685/1209 
f 1228/690/1214 1229/691/1215 1230/692/1216 
f 1231/693/1217 1228/690/1214 1232/694/1218 
f 1230/692/1216 1232/694/1218 1228/690/1214 
f 1233/695/1219 1229/691/1215 1228/690/1214 
f 1234/696/1220 1235/697/1221 1236/698/1222 
f 1237/699/1223 1234/696/1220 1238/700/1224 
f 1236/698/1222 1238/700/1224 1234/696/1220 
f 1239/701/1225 1235/697/1221 1234/696/1220 
f 1240/702/1226 1241/703/1227 1242/704/1228 
f 1243/705/1229 1241/703/1227 1240/702/1226 
f 1244/706/1230 1241/703/1227 1245/707/1231 
f 1243/705/1229 1245/707/1231 1241/703/1227 
f 1246/463/1232 1247/465/1233 1248/464/1234 
f 1249/466/1235 1247/465/1233 1246/463/1232 
f 1247/465/1233 1250/468/1236 1248/464/1234 
f 1249/466/1235 1250/468/1236 1247/465/1233 
f 1250/468/1236 1251/467/1237 1248/464/1234 
f 1252/469/1238 1250/468/1236 1249/466/1235 
f 1253/470/1239 1250/468/1236 1252/469/1238 
f 1251/467/1237 1250/468/1236 1253/470/1239 
f 1254/471/1240 1255/473/1241 1256/472/1242 
f 1257/474/1243 1254/471/1240 1258/475/1244 
f 1254/471/1240 1256/472/1242 1258/475/1244 
f 1257/474/1243 1259/476/1245 1254/471/1240 
f 1260/477/1246 1261/478/1247 1257/474/1243 
f 1261/478/1247 1259/476/1245 1257/474/1243 
f 1257/474/1243 1258/475/1244 1262/479/1248 
f 1260/477/1246 1257/474/1243 1262/479/1248 
f 1263/480/1249 1258/475/1244 1264/481/1250 
f 1262/479/1248 1258/475/1244 1263/480/1249 
f 1261/478/1247 1265/482/1251 1259/476/1245 
f 1260/477/1246 1262/479/1248 1266/483/1252 
f 1267/484/1253 1265/482/1251 1261/478/1247 
f 1262/479/1248 1268/10/1254 1269/485/1255 
f 1266/483/1252 1262/479/1248 1269/485/1255 
f 1268/10/1254 1262/479/1248 1263/480/1249 
f 1264/481/1250 1270/487/1256 1271/486/1257 
f 1264/481/1250 1271/486/1257 1263/480/1249 
f 1265/482/1251 1272/489/1258 1273/488/1259 
f 1272/489/1258 1265/482/1251 1267/484/1253 
f 1274/490/1260 1275/491/1261 1267/484/1253 
f 1275/491/1261 1272/489/1258 1267/484/1253 
f 1270/487/1256 1276/493/1262 1277/492/1263 
f 1271/486/1257 1270/487/1256 1277/492/1263 
f 1278/496/1264 1272/489/1258 1279/497/1265 
f 1272/489/1258 1275/491/1261 1279/497/1265 
f 1272/489/1258 1278/496/1264 1273/488/1259 
f 1280/494/1266 1273/488/1259 1281/495/1267 
f 1273/488/1259 1278/496/1264 1281/495/1267 
f 1275/491/1261 1282/499/1268 1283/498/1269 
f 1279/497/1265 1275/491/1261 1283/498/1269 
f 1282/499/1268 1275/491/1261 1274/490/1260 
f 1279/497/1265 1284/7/1270 1285/503/1271 
f 1279/497/1265 1283/498/1269 1284/7/1270 
f 1285/503/1271 1278/496/1264 1279/497/1265 
f 1286/514/1272 1280/494/1266 1287/502/1273 
f 1281/495/1267 1287/502/1273 1280/494/1266 
f 1287/502/1273 1281/495/1267 1278/496/1264 
f 1283/498/1269 1288/566/1274 1289/567/1275 
f 1283/498/1269 1289/567/1275 1290/9/1276 
f 1284/7/1270 1283/498/1269 1290/9/1276 
f 1283/498/1269 1282/499/1268 1291/563/1277 
f 1283/498/1269 1291/563/1277 1288/566/1274 
f 1292/511/1278 1287/502/1273 1278/496/1264 
f 1288/566/1274 1293/568/1279 1289/567/1275 
f 1288/566/1274 1291/563/1277 1294/565/1280 
f 1289/567/1275 1295/573/1281 1296/572/1282 
f 1290/9/1276 1289/567/1275 1296/572/1282 
f 1289/567/1275 1293/568/1279 1295/573/1281 
f 1292/511/1278 1297/507/1283 1298/513/1284 
f 1292/511/1278 1278/496/1264 1297/507/1283 
f 1278/496/1264 1285/503/1271 1297/507/1283 
f 1293/568/1279 1299/574/1285 1295/573/1281 
f 1300/579/1286 1295/573/1281 1301/580/1287 
f 1299/574/1285 1301/580/1287 1295/573/1281 
f 1296/572/1282 1295/573/1281 1300/579/1286 
f 1297/507/1283 1302/5/1288 1303/518/1289 
f 1297/507/1283 1285/503/1271 1302/5/1288 
f 1298/513/1284 1297/507/1283 1304/517/1290 
f 1304/517/1290 1297/507/1283 1303/518/1289 
f 1285/503/1271 1284/7/1270 1302/5/1288 
f 1305/585/1291 1299/574/1285 1306/588/1292 
f 1301/580/1287 1299/574/1285 1305/585/1291 
f 1300/579/1286 1301/580/1287 1307/583/1293 
f 1307/583/1293 1301/580/1287 1305/585/1291 
f 1304/517/1290 1303/518/1289 1308/523/1294 
f 1284/7/1270 1569/8/1295 1310/569/1296 
f 1302/5/1288 1284/7/1270 1311/570/1297 
f 1284/7/1270 1310/569/1296 1311/570/1297 
f 1305/585/1291 1312/584/1298 1307/583/1293 
f 1306/588/1292 1312/584/1298 1305/585/1291 
f 1307/583/1293 1313/578/1299 1300/579/1286 
f 1307/583/1293 1312/584/1298 1313/578/1299 
f 1309/8/1300 1290/9/1276 1314/571/1301 
f 1569/8/1295 1315/575/1302 1310/569/1296 
f 1296/572/1282 1300/579/1286 1313/578/1299 
f 1290/9/1276 1296/572/1282 1314/571/1301 
f 1314/571/1301 1296/572/1282 1313/578/1299 
f 1315/575/1302 1316/622/1303 1317/618/1304 
f 1310/569/1296 1315/575/1302 1317/618/1304 
f 1318/623/1305 1316/622/1303 1319/624/1306 
f 1316/622/1303 1320/621/1307 1317/618/1304 
f 1316/622/1303 1318/623/1305 1320/621/1307 
f 1310/569/1296 1317/618/1304 1321/576/1308 
f 1321/576/1308 1317/618/1304 1320/621/1307 
f 1311/570/1297 1310/569/1296 1321/576/1308 
f 1318/623/1305 1322/620/1309 1323/619/1310 
f 1319/624/1306 1322/620/1309 1318/623/1305 
f 1323/619/1310 1320/621/1307 1318/623/1305 
f 1324/617/1311 1321/576/1308 1320/621/1307 
f 1324/617/1311 1320/621/1307 1323/619/1310 
f 1325/577/1312 1321/576/1308 1326/582/1313 
f 1321/576/1308 1324/617/1311 1326/582/1313 
f 1323/619/1310 1326/582/1313 1324/617/1311 
f 1323/619/1310 1322/620/1309 1326/582/1313 
f 1311/570/1297 1321/576/1308 1325/577/1312 
f 1302/5/1288 1311/570/1297 1327/4/1314 
f 1327/4/1314 1311/570/1297 1325/577/1312 
f 1302/5/1288 1328/6/1315 1303/518/1289 
f 1570/4/1316 1329/581/1317 1328/6/1315 
f 1303/518/1289 1330/591/1318 1308/523/1294 
f 1331/587/1319 1328/6/1315 1329/581/1317 
f 1331/587/1319 1330/591/1318 1303/518/1289 
f 1328/6/1315 1331/587/1319 1303/518/1289 
f 1332/586/1320 1331/587/1319 1329/581/1317 
f 1333/592/1321 1330/591/1318 1334/589/1322 
f 1331/587/1319 1334/589/1322 1330/591/1318 
f 1331/587/1319 1332/586/1320 1334/589/1322 
f 1333/592/1321 1308/523/1294 1330/591/1318 
f 1333/592/1321 1335/593/1323 1308/523/1294 
f 1334/589/1322 1335/593/1323 1333/592/1321 
f 1334/589/1322 1332/586/1320 1336/590/1324 
f 1336/590/1324 1335/593/1323 1334/589/1322 
f 1337/454/1325 1338/455/1326 1339/456/1327 
f 1338/455/1326 1340/457/1328 1341/458/1329 
f 1341/458/1329 1339/456/1327 1338/455/1326 
f 1342/459/1330 1340/457/1328 1338/455/1326 
f 1343/460/1331 1344/461/1332 1340/457/1328 
f 1342/459/1330 1343/460/1331 1340/457/1328 
f 1340/457/1328 1344/461/1332 1345/462/1333 
f 1346/2/1334 1347/151/1335 1348/3/1336 
f 1349/1/1337 1350/594/1338 1346/2/1334 
f 1349/1/1337 1346/2/1334 1348/3/1336 
f 1346/2/1334 1351/595/1339 1347/151/1335 
f 1349/1/1337 1352/596/1340 1350/594/1338 
f 1353/597/1341 1350/594/1338 1352/596/1340 
f 1354/598/1342 1355/599/1343 1352/596/1340 
f 1352/596/1340 1355/599/1343 1353/597/1341 
f 1356/600/1344 1357/602/1345 1358/601/1346 
f 1357/602/1345 1359/606/1347 1360/605/1348 
f 1357/602/1345 1360/605/1348 1358/601/1346 
f 1358/601/1346 1361/604/1349 1362/603/1350 
f 1358/601/1346 1360/605/1348 1361/604/1349 
f 1363/22/1351 1360/605/1348 1359/606/1347 
f 1364/609/1352 1360/605/1348 1365/611/1353 
f 1365/611/1353 1360/605/1348 1363/22/1351 
f 1360/605/1348 1364/609/1352 1361/604/1349 
f 1366/608/1354 1361/604/1349 1367/610/1355 
f 1362/603/1350 1361/604/1349 1366/608/1354 
f 1364/609/1352 1367/610/1355 1361/604/1349 
f 1368/607/1356 1362/603/1350 1366/608/1354 
f 1369/20/1357 1365/611/1353 1363/22/1351 
f 1364/609/1352 1365/611/1353 1370/614/1358 
f 1367/610/1355 1364/609/1352 1370/614/1358 
f 1365/611/1353 1369/20/1357 1371/21/1359 
f 1370/614/1358 1365/611/1353 1371/21/1359 
f 1366/608/1354 1367/610/1355 1372/613/1360 
f 1372/613/1360 1368/607/1356 1366/608/1354 
f 1367/610/1355 1370/614/1358 1373/615/1361 
f 1367/610/1355 1373/615/1361 1372/613/1360 
f 1374/612/1362 1368/607/1356 1372/613/1360 
f 1375/23/1363 1370/614/1358 1371/21/1359 
f 1373/615/1361 1370/614/1358 1375/23/1363 
f 1374/612/1362 1372/613/1360 1376/616/1364 
f 1372/613/1360 1373/615/1361 1376/616/1364 
f 1377/504/1365 1378/508/1366 1379/506/1367 
f 1380/500/1368 1377/504/1365 1381/501/1369 
f 1377/504/1365 1379/506/1367 1381/501/1369 
f 1378/508/1366 1382/509/1370 1383/505/1371 
f 1379/506/1367 1383/505/1371 1381/501/1369 
f 1383/505/1371 1379/506/1367 1378/508/1366 
f 1380/500/1368 1381/501/1369 1276/493/1262 
f 1381/501/1369 1277/492/1263 1276/493/1262 
f 1277/492/1263 1381/501/1369 1383/505/1371 
f 1384/512/1372 1385/510/1373 1382/509/1370 
f 1382/509/1370 1385/510/1373 1383/505/1371 
f 1383/505/1371 1271/486/1257 1277/492/1263 
f 1385/510/1373 1271/486/1257 1383/505/1371 
f 1386/515/1374 1263/480/1249 1384/512/1372 
f 1263/480/1249 1271/486/1257 1385/510/1373 
f 1263/480/1249 1385/510/1373 1384/512/1372 
f 1386/515/1374 1384/512/1372 1387/516/1375 
f 1268/10/1254 1386/515/1374 1388/519/1376 
f 1263/480/1249 1386/515/1374 1268/10/1254 
f 1389/521/1377 1390/520/1378 1386/515/1374 
f 1386/515/1374 1387/516/1375 1389/521/1377 
f 1388/519/1376 1386/515/1374 1390/520/1378 
f 1387/516/1375 1391/522/1379 1389/521/1377 
f 1392/529/1380 1268/10/1254 1393/11/1381 
f 1268/10/1254 1388/519/1376 1394/12/1382 
f 1268/10/1254 1392/529/1380 1269/485/1255 
f 1395/524/1383 1394/12/1382 1388/519/1376 
f 1388/519/1376 1390/520/1378 1395/524/1383 
f 1390/520/1378 1396/526/1384 1397/525/1385 
f 1397/525/1385 1395/524/1383 1390/520/1378 
f 1390/520/1378 1389/521/1377 1396/526/1384 
f 1393/11/1381 1398/534/1386 1399/533/1387 
f 1392/529/1380 1393/11/1381 1399/533/1387 
f 1396/526/1384 1400/527/1388 1401/528/1389 
f 1402/530/1390 1397/525/1385 1396/526/1384 
f 1402/530/1390 1396/526/1384 1401/528/1389 
f 1389/521/1377 1400/527/1388 1396/526/1384 
f 1403/539/1391 1404/538/1392 1398/534/1386 
f 1399/533/1387 1398/534/1386 1404/538/1392 
f 1399/533/1387 1405/532/1393 1392/529/1380 
f 1399/533/1387 1404/538/1392 1405/532/1393 
f 1400/527/1388 1389/521/1377 1391/522/1379 
f 1401/528/1389 1400/527/1388 1391/522/1379 
f 1403/539/1391 1406/541/1394 1404/538/1392 
f 1404/538/1392 1406/541/1394 1407/537/1395 
f 1404/538/1392 1407/537/1395 1405/532/1393 
f 1408/536/1396 1409/535/1397 1405/532/1393 
f 1407/537/1395 1406/541/1394 1408/536/1396 
f 1408/536/1396 1405/532/1393 1407/537/1395 
f 1392/529/1380 1405/532/1393 1410/531/1398 
f 1410/531/1398 1405/532/1393 1409/535/1397 
f 1269/485/1255 1392/529/1380 1410/531/1398 
f 1409/535/1397 1269/485/1255 1410/531/1398 
f 1411/540/1399 1269/485/1255 1409/535/1397 
f 1269/485/1255 1412/542/1400 1413/544/1401 
f 1269/485/1255 1411/540/1399 1412/542/1400 
f 1266/483/1252 1269/485/1255 1414/543/1402 
f 1269/485/1255 1413/544/1401 1414/543/1402 
f 1412/542/1400 1415/546/1403 1416/545/1404 
f 1413/544/1401 1416/545/1404 1414/543/1402 
f 1413/544/1401 1412/542/1400 1416/545/1404 
f 1274/490/1260 1266/483/1252 1414/543/1402 
f 1414/543/1402 1417/548/1405 1418/547/1406 
f 1416/545/1404 1417/548/1405 1414/543/1402 
f 1418/547/1406 1274/490/1260 1414/543/1402 
f 1419/551/1407 1420/550/1408 1415/546/1403 
f 1420/550/1408 1416/545/1404 1415/546/1403 
f 1416/545/1404 1420/550/1408 1421/549/1409 
f 1417/548/1405 1416/545/1404 1421/549/1409 
f 1274/490/1260 1418/547/1406 1282/499/1268 
f 1417/548/1405 1421/549/1409 1422/552/1410 
f 1418/547/1406 1417/548/1405 1422/552/1410 
f 1423/562/1411 1418/547/1406 1424/556/1412 
f 1282/499/1268 1418/547/1406 1423/562/1411 
f 1418/547/1406 1422/552/1410 1424/556/1412 
f 1419/551/1407 1425/553/1413 1420/550/1408 
f 1425/553/1413 1422/552/1410 1421/549/1409 
f 1425/553/1413 1421/549/1409 1420/550/1408 
f 1282/499/1268 1423/562/1411 1291/563/1277 
f 1423/562/1411 1424/556/1412 1291/563/1277 
f 1426/554/1414 1422/552/1410 1427/555/1415 
f 1422/552/1410 1428/557/1416 1424/556/1412 
f 1422/552/1410 1426/554/1414 1428/557/1416 
f 1429/560/1417 1424/556/1412 1430/561/1418 
f 1428/557/1416 1430/561/1418 1424/556/1412 
f 1424/556/1412 1429/560/1417 1291/563/1277 
f 1291/563/1277 1429/560/1417 1294/565/1280 
f 1426/554/1414 1431/559/1419 1432/558/1420 
f 1430/561/1418 1428/557/1416 1432/558/1420 
f 1432/558/1420 1428/557/1416 1426/554/1414 
f 1427/555/1415 1431/559/1419 1426/554/1414 
f 1429/560/1417 1430/561/1418 1433/564/1421 
f 1431/559/1419 1433/564/1421 1432/558/1420 
f 1432/558/1420 1433/564/1421 1430/561/1418 
f 1294/565/1280 1429/560/1417 1433/564/1421 
f 1434/625/1422 1435/627/1423 1436/626/1424 
f 1437/630/1425 1435/627/1423 1438/631/1426 
f 1435/627/1423 1439/629/1427 1436/626/1424 
f 1439/629/1427 1435/627/1423 1437/630/1425 
f 1436/626/1424 1439/629/1427 1440/628/1428 
f 1437/630/1425 1441/634/1429 1439/629/1427 
f 1439/629/1427 1442/635/1430 1443/633/1431 
f 1440/628/1428 1439/629/1427 1443/633/1431 
f 1441/634/1429 1442/635/1430 1439/629/1427 
f 1440/628/1428 1443/633/1431 1444/632/1432 
f 1441/634/1429 1445/641/1433 1442/635/1430 
f 1442/635/1430 1446/642/1434 1447/640/1435 
f 1445/641/1433 1446/642/1434 1442/635/1430 
f 1443/633/1431 1442/635/1430 1447/640/1435 
f 1443/633/1431 1448/639/1436 1449/638/1437 
f 1443/633/1431 1447/640/1435 1448/639/1436 
f 1449/638/1437 1444/632/1432 1443/633/1431 
f 1450/636/1438 1451/637/1439 1444/632/1432 
f 1449/638/1437 1450/636/1438 1444/632/1432 
f 1452/648/1440 1445/641/1433 1453/649/1441 
f 1447/640/1435 1452/648/1440 1453/649/1441 
f 1447/640/1435 1446/642/1434 1452/648/1440 
f 1446/642/1434 1445/641/1433 1452/648/1440 
f 1449/638/1437 1448/639/1436 1454/644/1442 
f 1449/638/1437 1454/644/1442 1450/636/1438 
f 1455/654/1443 1456/643/1444 1450/636/1438 
f 1456/643/1444 1451/637/1439 1450/636/1438 
f 1454/644/1442 1457/650/1445 1450/636/1438 
f 1450/636/1438 1457/650/1445 1455/654/1443 
f 1458/653/1446 1447/640/1435 1453/649/1441 
f 1459/645/1447 1454/644/1442 1448/639/1436 
f 1460/658/1448 1456/643/1444 1461/656/1449 
f 1455/654/1443 1461/656/1449 1456/643/1444 
f 1462/655/1450 1455/654/1443 1457/650/1445 
f 1458/653/1446 1463/651/1451 1447/640/1435 
f 1447/640/1435 1464/652/1452 1465/647/1453 
f 1464/652/1452 1463/651/1451 1465/647/1453 
f 1448/639/1436 1447/640/1435 1465/647/1453 
f 1463/651/1451 1464/652/1452 1447/640/1435 
f 1459/645/1447 1448/639/1436 1466/646/1454 
f 1466/646/1454 1465/647/1453 1463/651/1451 
f 1466/646/1454 1448/639/1436 1465/647/1453 
f 1461/656/1449 1455/654/1443 1467/657/1455 
f 1462/655/1450 1467/657/1455 1455/654/1443 
f 1468/659/1456 1469/661/1457 1470/660/1458 
f 1471/664/1459 1469/661/1457 1472/665/1460 
f 1469/661/1457 1473/662/1461 1470/660/1458 
f 1473/662/1461 1469/661/1457 1471/664/1459 
f 1473/662/1461 1474/663/1462 1470/660/1458 
f 1475/668/1463 1471/664/1459 1476/669/1464 
f 1471/664/1459 1472/665/1460 1476/669/1464 
f 1475/668/1463 1473/662/1461 1471/664/1459 
f 1477/666/1465 1478/667/1466 1473/662/1461 
f 1473/662/1461 1478/667/1466 1474/663/1462 
f 1477/666/1465 1473/662/1461 1475/668/1463 
f 1479/672/1467 1476/669/1464 1472/665/1460 
f 1475/668/1463 1480/674/1468 1481/673/1469 
f 1480/674/1468 1475/668/1463 1476/669/1464 
f 1482/670/1470 1477/666/1465 1475/668/1463 
f 1482/670/1470 1475/668/1463 1481/673/1469 
f 1478/667/1466 1477/666/1465 1483/671/1471 
f 1482/670/1470 1483/671/1471 1477/666/1465 
f 1479/672/1467 1484/678/1472 1485/676/1473 
f 1479/672/1467 1485/676/1473 1476/669/1464 
f 1476/669/1464 1486/677/1474 1480/674/1468 
f 1480/674/1468 1486/677/1474 1481/673/1469 
f 1487/679/1475 1481/673/1469 1486/677/1474 
f 1488/681/1476 1489/675/1477 1484/678/1472 
f 1489/675/1477 1485/676/1473 1484/678/1472 
f 1476/669/1464 1485/676/1473 1489/675/1477 
f 1486/677/1474 1476/669/1464 1489/675/1477 
f 1490/680/1478 1491/682/1479 1486/677/1474 
f 1490/680/1478 1489/675/1477 1488/681/1476 
f 1490/680/1478 1486/677/1474 1489/675/1477 
f 1487/679/1475 1486/677/1474 1492/683/1480 
f 1491/682/1479 1492/683/1480 1486/677/1474 
f 1488/681/1476 1493/684/1481 1490/680/1478 
f 1490/680/1478 1494/685/1482 1491/682/1479 
f 1493/684/1481 1494/685/1482 1490/680/1478 
f 1491/682/1479 1495/687/1483 1496/686/1484 
f 1492/683/1480 1491/682/1479 1496/686/1484 
f 1491/682/1479 1494/685/1482 1497/688/1485 
f 1497/688/1485 1495/687/1483 1491/682/1479 
f 1494/685/1482 1493/684/1481 1498/689/1486 
f 1497/688/1485 1494/685/1482 1498/689/1486 
f 1499/690/1487 1500/692/1488 1501/691/1489 
f 1502/693/1490 1503/694/1491 1499/690/1487 
f 1500/692/1488 1499/690/1487 1503/694/1491 
f 1504/695/1492 1499/690/1487 1501/691/1489 
f 1505/696/1493 1506/698/1494 1507/697/1495 
f 1508/699/1496 1509/700/1497 1505/696/1493 
f 1506/698/1494 1505/696/1493 1509/700/1497 
f 1510/701/1498 1505/696/1493 1507/697/1495 
f 1511/702/1499 1512/704/1500 1513/703/1501 
f 1514/705/1502 1511/702/1499 1513/703/1501 
f 1515/706/1503 1516/707/1504 1513/703/1501 
f 1514/705/1502 1513/703/1501 1516/707/1504 
f 1571/42/1505 1518/44/1506 1519/43/1507 
f 1520/45/1508 1521/44/1508 1517/42/1508 
f 1562/42/1509 1572/44/1509 1561/43/1507 
f 1522/45/1508 1518/44/1506 1571/42/1505 
f 1523/48/1510 1524/47/1511 1525/46/1512 
f 1526/49/1513 1573/48/1513 1527/46/1513 
f 1563/48/1511 1564/47/1511 1574/46/1511 
f 1528/49/1513 1523/48/1510 1525/46/1512 
f 1529/708/1514 1530/709/1515 1531/710/1516 
f 1532/711/1517 1529/708/1514 1533/712/1518 
f 1533/712/1518 1529/708/1514 1534/713/1519 
f 1529/708/1514 1531/710/1516 1534/713/1519 
f 1535/714/1520 1536/715/1521 1530/709/1515 
f 1530/709/1515 1536/715/1521 1531/710/1516 
f 1529/708/1514 1537/716/1522 1530/709/1515 
f 1537/716/1522 1535/714/1520 1530/709/1515 
f 1532/711/1517 1537/716/1522 1529/708/1514 
f 1538/717/1523 1539/718/1524 1531/710/1516 
f 1539/718/1524 1534/713/1519 1531/710/1516 
f 1531/710/1516 1536/715/1521 1538/717/1523 
f 1532/711/1517 1540/719/1525 1537/716/1522 
f 1535/714/1520 1541/720/1526 1542/721/1527 
f 1535/714/1520 1542/721/1527 1536/715/1521 
f 1543/722/1528 1535/714/1520 1537/716/1522 
f 1543/722/1528 1541/720/1526 1535/714/1520 
f 1543/722/1528 1537/716/1522 1544/723/1529 
f 1544/723/1529 1537/716/1522 1540/719/1525 
f 1545/708/1530 1546/710/1531 1547/709/1532 
f 1548/711/1533 1549/712/1534 1545/708/1530 
f 1549/712/1534 1550/713/1535 1545/708/1530 
f 1545/708/1530 1550/713/1535 1546/710/1531 
f 1551/717/1536 1546/710/1531 1552/718/1537 
f 1552/718/1537 1546/710/1531 1550/713/1535 
f 1545/708/1530 1547/709/1532 1553/716/1538 
f 1548/711/1533 1545/708/1530 1553/716/1538 
f 1546/710/1531 1551/717/1536 1554/715/1539 
f 1547/709/1532 1546/710/1531 1554/715/1539 
f 1553/716/1538 1547/709/1532 1555/714/1540 
f 1555/714/1540 1547/709/1532 1554/715/1539 
f 1548/711/1533 1553/716/1538 1556/719/1541 
f 1557/722/1542 1558/723/1543 1553/716/1538 
f 1558/723/1543 1556/719/1541 1553/716/1538 
f 1557/722/1542 1553/716/1538 1555/714/1540 
f 1555/714/1540 1554/715/1539 1559/721/1544 
f 1555/714/1540 1559/721/1544 1560/720/1545 
f 1557/722/1542 1555/714/1540 1560/720/1545 
# 0 polygons - 1838 triangles
# --- zbase: round base added by build_models.py (r=0.61303, t=0.07663, model units) ---
s off
v 0.702430 0.000000 -0.067530
v 0.697185 0.000000 0.012486
v 0.681542 0.000000 0.091134
v 0.655766 0.000000 0.167066
v 0.620300 0.000000 0.238985
v 0.575749 0.000000 0.305659
v 0.522878 0.000000 0.365948
v 0.462589 0.000000 0.418819
v 0.395915 0.000000 0.463370
v 0.323996 0.000000 0.498836
v 0.248064 0.000000 0.524612
v 0.169416 0.000000 0.540255
v 0.089400 0.000000 0.545500
v 0.009384 0.000000 0.540255
v -0.069264 0.000000 0.524612
v -0.145196 0.000000 0.498836
v -0.217115 0.000000 0.463370
v -0.283789 0.000000 0.418819
v -0.344078 0.000000 0.365948
v -0.396949 0.000000 0.305659
v -0.441500 0.000000 0.238985
v -0.476966 0.000000 0.167066
v -0.502742 0.000000 0.091134
v -0.518385 0.000000 0.012486
v -0.523630 0.000000 -0.067530
v -0.518385 0.000000 -0.147546
v -0.502742 0.000000 -0.226194
v -0.476966 0.000000 -0.302126
v -0.441500 0.000000 -0.374045
v -0.396949 0.000000 -0.440719
v -0.344078 0.000000 -0.501008
v -0.283789 0.000000 -0.553879
v -0.217115 0.000000 -0.598430
v -0.145196 0.000000 -0.633896
v -0.069264 0.000000 -0.659672
v 0.009384 0.000000 -0.675315
v 0.089400 0.000000 -0.680560
v 0.169416 0.000000 -0.675315
v 0.248064 0.000000 -0.659672
v 0.323996 0.000000 -0.633896
v 0.395915 0.000000 -0.598430
v 0.462589 0.000000 -0.553879
v 0.522878 0.000000 -0.501008
v 0.575749 0.000000 -0.440719
v 0.620300 0.000000 -0.374045
v 0.655766 0.000000 -0.302126
v 0.681542 0.000000 -0.226194
v 0.697185 0.000000 -0.147546
v 0.702430 0.057473 -0.067530
v 0.697185 0.057473 0.012486
v 0.681542 0.057473 0.091134
v 0.655766 0.057473 0.167066
v 0.620300 0.057473 0.238985
v 0.575749 0.057473 0.305659
v 0.522878 0.057473 0.365948
v 0.462589 0.057473 0.418819
v 0.395915 0.057473 0.463370
v 0.323996 0.057473 0.498836
v 0.248064 0.057473 0.524612
v 0.169416 0.057473 0.540255
v 0.089400 0.057473 0.545500
v 0.009384 0.057473 0.540255
v -0.069264 0.057473 0.524612
v -0.145196 0.057473 0.498836
v -0.217115 0.057473 0.463370
v -0.283789 0.057473 0.418819
v -0.344078 0.057473 0.365948
v -0.396949 0.057473 0.305659
v -0.441500 0.057473 0.238985
v -0.476966 0.057473 0.167066
v -0.502742 0.057473 0.091134
v -0.518385 0.057473 0.012486
v -0.523630 0.057473 -0.067530
v -0.518385 0.057473 -0.147546
v -0.502742 0.057473 -0.226194
v -0.476966 0.057473 -0.302126
v -0.441500 0.057473 -0.374045
v -0.396949 0.057473 -0.440719
v -0.344078 0.057473 -0.501008
v -0.283789 0.057473 -0.553879
v -0.217115 0.057473 -0.598430
v -0.145196 0.057473 -0.633896
v -0.069264 0.057473 -0.659672
v 0.009384 0.057473 -0.675315
v 0.089400 0.057473 -0.680560
v 0.169416 0.057473 -0.675315
v 0.248064 0.057473 -0.659672
v 0.323996 0.057473 -0.633896
v 0.395915 0.057473 -0.598430
v 0.462589 0.057473 -0.553879
v 0.522878 0.057473 -0.501008
v 0.575749 0.057473 -0.440719
v 0.620300 0.057473 -0.374045
v 0.655766 0.057473 -0.302126
v 0.681542 0.057473 -0.226194
v 0.697185 0.057473 -0.147546
v 0.684039 0.076630 -0.067530
v 0.678952 0.076630 0.010086
v 0.663777 0.076630 0.086374
v 0.638775 0.076630 0.160029
v 0.604373 0.076630 0.229790
v 0.561159 0.076630 0.294463
v 0.509873 0.076630 0.352943
v 0.451393 0.076630 0.404229
v 0.386720 0.076630 0.447443
v 0.316959 0.076630 0.481845
v 0.243304 0.076630 0.506847
v 0.167016 0.076630 0.522022
v 0.089400 0.076630 0.527109
v 0.011784 0.076630 0.522022
v -0.064504 0.076630 0.506847
v -0.138159 0.076630 0.481845
v -0.207920 0.076630 0.447443
v -0.272593 0.076630 0.404229
v -0.331073 0.076630 0.352943
v -0.382359 0.076630 0.294463
v -0.425573 0.076630 0.229790
v -0.459975 0.076630 0.160029
v -0.484977 0.076630 0.086374
v -0.500152 0.076630 0.010086
v -0.505239 0.076630 -0.067530
v -0.500152 0.076630 -0.145146
v -0.484977 0.076630 -0.221434
v -0.459975 0.076630 -0.295089
v -0.425573 0.076630 -0.364850
v -0.382359 0.076630 -0.429523
v -0.331073 0.076630 -0.488003
v -0.272593 0.076630 -0.539289
v -0.207920 0.076630 -0.582503
v -0.138159 0.076630 -0.616905
v -0.064504 0.076630 -0.641907
v 0.011784 0.076630 -0.657082
v 0.089400 0.076630 -0.662169
v 0.167016 0.076630 -0.657082
v 0.243304 0.076630 -0.641907
v 0.316959 0.076630 -0.616905
v 0.386720 0.076630 -0.582503
v 0.451393 0.076630 -0.539289
v 0.509873 0.076630 -0.488003
v 0.561159 0.076630 -0.429523
v 0.604373 0.076630 -0.364850
v 0.638775 0.076630 -0.295089
v 0.663777 0.076630 -0.221434
v 0.678952 0.076630 -0.145146
v 0.089400 0.000000 -0.067530
v 0.089400 0.076630 -0.067530
vt 0.386719 0.511719
vn 0 -1 0
vn 0 1 0
vn 1.000000 0 0.000000
vn 0.991445 0 0.130526
vn 0.965926 0 0.258819
vn 0.923880 0 0.382683
vn 0.866025 0 0.500000
vn 0.793353 0 0.608761
vn 0.707107 0 0.707107
vn 0.608761 0 0.793353
vn 0.500000 0 0.866025
vn 0.382683 0 0.923880
vn 0.258819 0 0.965926
vn 0.130526 0 0.991445
vn 0.000000 0 1.000000
vn -0.130526 0 0.991445
vn -0.258819 0 0.965926
vn -0.382683 0 0.923880
vn -0.500000 0 0.866025
vn -0.608761 0 0.793353
vn -0.707107 0 0.707107
vn -0.793353 0 0.608761
vn -0.866025 0 0.500000
vn -0.923880 0 0.382683
vn -0.965926 0 0.258819
vn -0.991445 0 0.130526
vn -1.000000 0 0.000000
vn -0.991445 0 -0.130526
vn -0.965926 0 -0.258819
vn -0.923880 0 -0.382683
vn -0.866025 0 -0.500000
vn -0.793353 0 -0.608761
vn -0.707107 0 -0.707107
vn -0.608761 0 -0.793353
vn -0.500000 0 -0.866025
vn -0.382683 0 -0.923880
vn -0.258819 0 -0.965926
vn -0.130526 0 -0.991445
vn -0.000000 0 -1.000000
vn 0.130526 0 -0.991445
vn 0.258819 0 -0.965926
vn 0.382683 0 -0.923880
vn 0.500000 0 -0.866025
vn 0.608761 0 -0.793353
vn 0.707107 0 -0.707107
vn 0.793353 0 -0.608761
vn 0.866025 0 -0.500000
vn 0.923880 0 -0.382683
vn 0.965926 0 -0.258819
vn 0.991445 0 -0.130526
vn 0.721393 0.692526 0.000000
vn 0.715221 0.692526 0.094161
vn 0.696812 0.692526 0.186710
vn 0.666480 0.692526 0.276065
vn 0.624745 0.692526 0.360696
vn 0.572320 0.692526 0.439156
vn 0.510102 0.692526 0.510102
vn 0.439156 0.692526 0.572320
vn 0.360696 0.692526 0.624745
vn 0.276065 0.692526 0.666480
vn 0.186710 0.692526 0.696812
vn 0.094161 0.692526 0.715221
vn 0.000000 0.692526 0.721393
vn -0.094161 0.692526 0.715221
vn -0.186710 0.692526 0.696812
vn -0.276065 0.692526 0.666480
vn -0.360696 0.692526 0.624745
vn -0.439156 0.692526 0.572320
vn -0.510102 0.692526 0.510102
vn -0.572320 0.692526 0.439156
vn -0.624745 0.692526 0.360696
vn -0.666480 0.692526 0.276065
vn -0.696812 0.692526 0.186710
vn -0.715221 0.692526 0.094161
vn -0.721393 0.692526 0.000000
vn -0.715221 0.692526 -0.094161
vn -0.696812 0.692526 -0.186710
vn -0.666480 0.692526 -0.276065
vn -0.624745 0.692526 -0.360696
vn -0.572320 0.692526 -0.439156
vn -0.510102 0.692526 -0.510102
vn -0.439156 0.692526 -0.572320
vn -0.360696 0.692526 -0.624745
vn -0.276065 0.692526 -0.666480
vn -0.186710 0.692526 -0.696812
vn -0.094161 0.692526 -0.715221
vn -0.000000 0.692526 -0.721393
vn 0.094161 0.692526 -0.715221
vn 0.186710 0.692526 -0.696812
vn 0.276065 0.692526 -0.666480
vn 0.360696 0.692526 -0.624745
vn 0.439156 0.692526 -0.572320
vn 0.510102 0.692526 -0.510102
vn 0.572320 0.692526 -0.439156
vn 0.624745 0.692526 -0.360696
vn 0.666480 0.692526 -0.276065
vn 0.696812 0.692526 -0.186710
vn 0.715221 0.692526 -0.094161
f 1719/724/1546 1575/724/1546 1576/724/1546
f 1575/724/1548 1623/724/1548 1624/724/1549 1576/724/1549
f 1623/724/1596 1671/724/1596 1672/724/1597 1624/724/1597
f 1720/724/1547 1672/724/1547 1671/724/1547
f 1719/724/1546 1576/724/1546 1577/724/1546
f 1576/724/1549 1624/724/1549 1625/724/1550 1577/724/1550
f 1624/724/1597 1672/724/1597 1673/724/1598 1625/724/1598
f 1720/724/1547 1673/724/1547 1672/724/1547
f 1719/724/1546 1577/724/1546 1578/724/1546
f 1577/724/1550 1625/724/1550 1626/724/1551 1578/724/1551
f 1625/724/1598 1673/724/1598 1674/724/1599 1626/724/1599
f 1720/724/1547 1674/724/1547 1673/724/1547
f 1719/724/1546 1578/724/1546 1579/724/1546
f 1578/724/1551 1626/724/1551 1627/724/1552 1579/724/1552
f 1626/724/1599 1674/724/1599 1675/724/1600 1627/724/1600
f 1720/724/1547 1675/724/1547 1674/724/1547
f 1719/724/1546 1579/724/1546 1580/724/1546
f 1579/724/1552 1627/724/1552 1628/724/1553 1580/724/1553
f 1627/724/1600 1675/724/1600 1676/724/1601 1628/724/1601
f 1720/724/1547 1676/724/1547 1675/724/1547
f 1719/724/1546 1580/724/1546 1581/724/1546
f 1580/724/1553 1628/724/1553 1629/724/1554 1581/724/1554
f 1628/724/1601 1676/724/1601 1677/724/1602 1629/724/1602
f 1720/724/1547 1677/724/1547 1676/724/1547
f 1719/724/1546 1581/724/1546 1582/724/1546
f 1581/724/1554 1629/724/1554 1630/724/1555 1582/724/1555
f 1629/724/1602 1677/724/1602 1678/724/1603 1630/724/1603
f 1720/724/1547 1678/724/1547 1677/724/1547
f 1719/724/1546 1582/724/1546 1583/724/1546
f 1582/724/1555 1630/724/1555 1631/724/1556 1583/724/1556
f 1630/724/1603 1678/724/1603 1679/724/1604 1631/724/1604
f 1720/724/1547 1679/724/1547 1678/724/1547
f 1719/724/1546 1583/724/1546 1584/724/1546
f 1583/724/1556 1631/724/1556 1632/724/1557 1584/724/1557
f 1631/724/1604 1679/724/1604 1680/724/1605 1632/724/1605
f 1720/724/1547 1680/724/1547 1679/724/1547
f 1719/724/1546 1584/724/1546 1585/724/1546
f 1584/724/1557 1632/724/1557 1633/724/1558 1585/724/1558
f 1632/724/1605 1680/724/1605 1681/724/1606 1633/724/1606
f 1720/724/1547 1681/724/1547 1680/724/1547
f 1719/724/1546 1585/724/1546 1586/724/1546
f 1585/724/1558 1633/724/1558 1634/724/1559 1586/724/1559
f 1633/724/1606 1681/724/1606 1682/724/1607 1634/724/1607
f 1720/724/1547 1682/724/1547 1681/724/1547
f 1719/724/1546 1586/724/1546 1587/724/1546
f 1586/724/1559 1634/724/1559 1635/724/1560 1587/724/1560
f 1634/724/1607 1682/724/1607 1683/724/1608 1635/724/1608
f 1720/724/1547 1683/724/1547 1682/724/1547
f 1719/724/1546 1587/724/1546 1588/724/1546
f 1587/724/1560 1635/724/1560 1636/724/1561 1588/724/1561
f 1635/724/1608 1683/724/1608 1684/724/1609 1636/724/1609
f 1720/724/1547 1684/724/1547 1683/724/1547
f 1719/724/1546 1588/724/1546 1589/724/1546
f 1588/724/1561 1636/724/1561 1637/724/1562 1589/724/1562
f 1636/724/1609 1684/724/1609 1685/724/1610 1637/724/1610
f 1720/724/1547 1685/724/1547 1684/724/1547
f 1719/724/1546 1589/724/1546 1590/724/1546
f 1589/724/1562 1637/724/1562 1638/724/1563 1590/724/1563
f 1637/724/1610 1685/724/1610 1686/724/1611 1638/724/1611
f 1720/724/1547 1686/724/1547 1685/724/1547
f 1719/724/1546 1590/724/1546 1591/724/1546
f 1590/724/1563 1638/724/1563 1639/724/1564 1591/724/1564
f 1638/724/1611 1686/724/1611 1687/724/1612 1639/724/1612
f 1720/724/1547 1687/724/1547 1686/724/1547
f 1719/724/1546 1591/724/1546 1592/724/1546
f 1591/724/1564 1639/724/1564 1640/724/1565 1592/724/1565
f 1639/724/1612 1687/724/1612 1688/724/1613 1640/724/1613
f 1720/724/1547 1688/724/1547 1687/724/1547
f 1719/724/1546 1592/724/1546 1593/724/1546
f 1592/724/1565 1640/724/1565 1641/724/1566 1593/724/1566
f 1640/724/1613 1688/724/1613 1689/724/1614 1641/724/1614
f 1720/724/1547 1689/724/1547 1688/724/1547
f 1719/724/1546 1593/724/1546 1594/724/1546
f 1593/724/1566 1641/724/1566 1642/724/1567 1594/724/1567
f 1641/724/1614 1689/724/1614 1690/724/1615 1642/724/1615
f 1720/724/1547 1690/724/1547 1689/724/1547
f 1719/724/1546 1594/724/1546 1595/724/1546
f 1594/724/1567 1642/724/1567 1643/724/1568 1595/724/1568
f 1642/724/1615 1690/724/1615 1691/724/1616 1643/724/1616
f 1720/724/1547 1691/724/1547 1690/724/1547
f 1719/724/1546 1595/724/1546 1596/724/1546
f 1595/724/1568 1643/724/1568 1644/724/1569 1596/724/1569
f 1643/724/1616 1691/724/1616 1692/724/1617 1644/724/1617
f 1720/724/1547 1692/724/1547 1691/724/1547
f 1719/724/1546 1596/724/1546 1597/724/1546
f 1596/724/1569 1644/724/1569 1645/724/1570 1597/724/1570
f 1644/724/1617 1692/724/1617 1693/724/1618 1645/724/1618
f 1720/724/1547 1693/724/1547 1692/724/1547
f 1719/724/1546 1597/724/1546 1598/724/1546
f 1597/724/1570 1645/724/1570 1646/724/1571 1598/724/1571
f 1645/724/1618 1693/724/1618 1694/724/1619 1646/724/1619
f 1720/724/1547 1694/724/1547 1693/724/1547
f 1719/724/1546 1598/724/1546 1599/724/1546
f 1598/724/1571 1646/724/1571 1647/724/1572 1599/724/1572
f 1646/724/1619 1694/724/1619 1695/724/1620 1647/724/1620
f 1720/724/1547 1695/724/1547 1694/724/1547
f 1719/724/1546 1599/724/1546 1600/724/1546
f 1599/724/1572 1647/724/1572 1648/724/1573 1600/724/1573
f 1647/724/1620 1695/724/1620 1696/724/1621 1648/724/1621
f 1720/724/1547 1696/724/1547 1695/724/1547
f 1719/724/1546 1600/724/1546 1601/724/1546
f 1600/724/1573 1648/724/1573 1649/724/1574 1601/724/1574
f 1648/724/1621 1696/724/1621 1697/724/1622 1649/724/1622
f 1720/724/1547 1697/724/1547 1696/724/1547
f 1719/724/1546 1601/724/1546 1602/724/1546
f 1601/724/1574 1649/724/1574 1650/724/1575 1602/724/1575
f 1649/724/1622 1697/724/1622 1698/724/1623 1650/724/1623
f 1720/724/1547 1698/724/1547 1697/724/1547
f 1719/724/1546 1602/724/1546 1603/724/1546
f 1602/724/1575 1650/724/1575 1651/724/1576 1603/724/1576
f 1650/724/1623 1698/724/1623 1699/724/1624 1651/724/1624
f 1720/724/1547 1699/724/1547 1698/724/1547
f 1719/724/1546 1603/724/1546 1604/724/1546
f 1603/724/1576 1651/724/1576 1652/724/1577 1604/724/1577
f 1651/724/1624 1699/724/1624 1700/724/1625 1652/724/1625
f 1720/724/1547 1700/724/1547 1699/724/1547
f 1719/724/1546 1604/724/1546 1605/724/1546
f 1604/724/1577 1652/724/1577 1653/724/1578 1605/724/1578
f 1652/724/1625 1700/724/1625 1701/724/1626 1653/724/1626
f 1720/724/1547 1701/724/1547 1700/724/1547
f 1719/724/1546 1605/724/1546 1606/724/1546
f 1605/724/1578 1653/724/1578 1654/724/1579 1606/724/1579
f 1653/724/1626 1701/724/1626 1702/724/1627 1654/724/1627
f 1720/724/1547 1702/724/1547 1701/724/1547
f 1719/724/1546 1606/724/1546 1607/724/1546
f 1606/724/1579 1654/724/1579 1655/724/1580 1607/724/1580
f 1654/724/1627 1702/724/1627 1703/724/1628 1655/724/1628
f 1720/724/1547 1703/724/1547 1702/724/1547
f 1719/724/1546 1607/724/1546 1608/724/1546
f 1607/724/1580 1655/724/1580 1656/724/1581 1608/724/1581
f 1655/724/1628 1703/724/1628 1704/724/1629 1656/724/1629
f 1720/724/1547 1704/724/1547 1703/724/1547
f 1719/724/1546 1608/724/1546 1609/724/1546
f 1608/724/1581 1656/724/1581 1657/724/1582 1609/724/1582
f 1656/724/1629 1704/724/1629 1705/724/1630 1657/724/1630
f 1720/724/1547 1705/724/1547 1704/724/1547
f 1719/724/1546 1609/724/1546 1610/724/1546
f 1609/724/1582 1657/724/1582 1658/724/1583 1610/724/1583
f 1657/724/1630 1705/724/1630 1706/724/1631 1658/724/1631
f 1720/724/1547 1706/724/1547 1705/724/1547
f 1719/724/1546 1610/724/1546 1611/724/1546
f 1610/724/1583 1658/724/1583 1659/724/1584 1611/724/1584
f 1658/724/1631 1706/724/1631 1707/724/1632 1659/724/1632
f 1720/724/1547 1707/724/1547 1706/724/1547
f 1719/724/1546 1611/724/1546 1612/724/1546
f 1611/724/1584 1659/724/1584 1660/724/1585 1612/724/1585
f 1659/724/1632 1707/724/1632 1708/724/1633 1660/724/1633
f 1720/724/1547 1708/724/1547 1707/724/1547
f 1719/724/1546 1612/724/1546 1613/724/1546
f 1612/724/1585 1660/724/1585 1661/724/1586 1613/724/1586
f 1660/724/1633 1708/724/1633 1709/724/1634 1661/724/1634
f 1720/724/1547 1709/724/1547 1708/724/1547
f 1719/724/1546 1613/724/1546 1614/724/1546
f 1613/724/1586 1661/724/1586 1662/724/1587 1614/724/1587
f 1661/724/1634 1709/724/1634 1710/724/1635 1662/724/1635
f 1720/724/1547 1710/724/1547 1709/724/1547
f 1719/724/1546 1614/724/1546 1615/724/1546
f 1614/724/1587 1662/724/1587 1663/724/1588 1615/724/1588
f 1662/724/1635 1710/724/1635 1711/724/1636 1663/724/1636
f 1720/724/1547 1711/724/1547 1710/724/1547
f 1719/724/1546 1615/724/1546 1616/724/1546
f 1615/724/1588 1663/724/1588 1664/724/1589 1616/724/1589
f 1663/724/1636 1711/724/1636 1712/724/1637 1664/724/1637
f 1720/724/1547 1712/724/1547 1711/724/1547
f 1719/724/1546 1616/724/1546 1617/724/1546
f 1616/724/1589 1664/724/1589 1665/724/1590 1617/724/1590
f 1664/724/1637 1712/724/1637 1713/724/1638 1665/724/1638
f 1720/724/1547 1713/724/1547 1712/724/1547
f 1719/724/1546 1617/724/1546 1618/724/1546
f 1617/724/1590 1665/724/1590 1666/724/1591 1618/724/1591
f 1665/724/1638 1713/724/1638 1714/724/1639 1666/724/1639
f 1720/724/1547 1714/724/1547 1713/724/1547
f 1719/724/1546 1618/724/1546 1619/724/1546
f 1618/724/1591 1666/724/1591 1667/724/1592 1619/724/1592
f 1666/724/1639 1714/724/1639 1715/724/1640 1667/724/1640
f 1720/724/1547 1715/724/1547 1714/724/1547
f 1719/724/1546 1619/724/1546 1620/724/1546
f 1619/724/1592 1667/724/1592 1668/724/1593 1620/724/1593
f 1667/724/1640 1715/724/1640 1716/724/1641 1668/724/1641
f 1720/724/1547 1716/724/1547 1715/724/1547
f 1719/724/1546 1620/724/1546 1621/724/1546
f 1620/724/1593 1668/724/1593 1669/724/1594 1621/724/1594
f 1668/724/1641 1716/724/1641 1717/724/1642 1669/724/1642
f 1720/724/1547 1717/724/1547 1716/724/1547
f 1719/724/1546 1621/724/1546 1622/724/1546
f 1621/724/1594 1669/724/1594 1670/724/1595 1622/724/1595
f 1669/724/1642 1717/724/1642 1718/724/1643 1670/724/1643
f 1720/724/1547 1718/724/1547 1717/724/1547
f 1719/724/1546 1622/724/1546 1575/724/1546
f 1622/724/1595 1670/724/1595 1623/724/1548 1575/724/1548
f 1670/724/1643 1718/724/1643 1671/724/1596 1623/724/1596
f 1720/724/1547 1671/724/1547 1718/724/1547
