mtllib C:\Users\2power\Desktop\tabletop unity hub\a ghost\zombie dog_uc\Zombie.mtl
g Model001_6_mdem3000dogbm_0.5_16_16
usemtl Model001_Material001
v -0.053811 1.876335 1.402445
vn -0.4461296 0.13194 -0.1831945
vt 0.652844 1.682583
v -0.04409315 1.89849 1.39958
vn -0.3895324 0.1429725 -0.2789685
vt 0.644213 1.689951
v -0.0619045 1.884785 1.37944
vn -0.3967485 0.241381 -0.1852725
vt 0.655666 1.698959
v -0.05007 1.90052 1.37506
vn -0.3720245 0.2399595 -0.232416
vt 0.648945 1.70406
v -0.0783355 1.89021 1.35777
vn -0.3912792 0.2932636 -0.104389
vt 0.661281 1.71373
v -0.0632005 1.903285 1.35904
vn -0.2762244 0.2875784 -0.3016599
vt 0.654362 1.714699
v -0.0404182 1.91284 1.382295
vn -0.3704694 0.189041 -0.2775174
vt 0.641655 1.703138
v -0.0263375 1.92352 1.38982
vn -0.2528079 0.2291524 -0.3654824
vt 0.633335 1.701817
v -0.0407676 1.92859 1.361875
vn -0.361726 0.3080566 -0.1557415
vt 0.642281 1.721695
v -0.02902645 1.936995 1.374815
vn -0.2044799 0.3459144 -0.2975419
vt 0.633186 1.715331
v -0.0238919 1.912235 1.41529
vn -0.2722736 0.145796 -0.3932056
vt 0.632603 1.683608
v -0.04727175 1.914325 1.360965
vn -0.3632537 0.2033941 -0.2769072
vt 0.648254 1.715176
v -0.04931965 1.931845 1.35439
vn -0.4095032 0.2862466 -0.01923551
vt 0.646415 1.727428
v -0.0705175 1.860065 1.370585
vn -0.4648217 0.1774521 -0.04951362
vt 0.667015 1.697334
v -0.0803685 1.869765 1.345025
vn -0.4654421 0.167274 0.07336951
vt 0.671862 1.713752
v -0.0872305 1.899275 1.34436
vn -0.3891354 0.290457 -0.119199
vt 0.663751 1.727358
v -0.091759 1.885525 1.32933
vn -0.4600567 0.1448711 0.1317581
vt 0.670896 1.728481
v -0.080867 1.84587 1.33831
vn -0.4705669 0.129744 -0.1083205
vt 0.678868 1.709355
v -0.075814 1.83804 1.363455
vn -0.4628494 0.1349055 -0.1325555
vt 0.676006 1.693255
v -0.063469 1.852465 1.398435
vn -0.4673764 0.0887785 -0.1538755
vt 0.662706 1.678644
v -0.0705345 1.83058 1.394155
vn -0.4768405 0.082844 -0.125539
vt 0.671486 1.674735
v -0.084379 1.81912 1.358585
vn -0.4870455 0.1104655 0.02416745
vt 0.682643 1.68854
v -0.076909 1.80983 1.39044
vn -0.4911716 0.09099651 0.02168205
vt 0.678826 1.670972
v -0.0787675 1.803525 1.35319
vn -0.1367879 -0.07792124 0.4745707
vt 0.68806 1.68502
v -0.072323 1.793975 1.38494
vn -0.07725295 -0.1344007 0.4753614
vt 0.684161 1.670104
v -0.092224 1.827215 1.332865
vn -0.4892788 0.102567 0.009290645
vt 0.685978 1.703014
v -0.083734 1.811145 1.328485
vn -0.3249459 -0.002053684 0.3800079
vt 0.69125 1.69812
v -0.0802625 1.8115 1.32159
vn 0.1843918 -0.05160289 0.461884
vt 0.693434 1.699451
v -0.0747725 1.80503 1.351515
vn 0.2065848 -0.09823295 0.4446043
vt 0.689076 1.684708
v -0.0901115 1.8752 1.313355
vn -0.4751893 0.126548 0.09044746
vt 0.677179 1.733384
v -0.096573 1.88662 1.30014
vn -0.4826064 0.1091565 0.07194398
vt 0.676518 1.746869
v -0.099144 1.89926 1.312865
vn -0.4809488 0.1075315 0.08441097
vt 0.671495 1.745129
v -0.10358 1.91334 1.299415
vn -0.4825663 0.1155405 0.06148298
vt 0.670481 1.757535
v -0.1000415 1.8991 1.287245
vn -0.4698781 0.128956 0.1121825
vt 0.676268 1.758779
v -0.101811 1.86841 1.28742
vn -0.4740773 0.1587281 0.007491655
vt 0.684567 1.747462
v -0.092556 1.85717 1.300175
vn -0.4445309 0.226865 0.0304063
vt 0.682913 1.734401
v -0.0876145 1.865985 1.32635
vn -0.4675935 0.1685265 0.054361
vt 0.676795 1.721299
v -0.0848145 1.850045 1.31658
vn -0.4750366 0.152746 -0.03176241
vt 0.681356 1.720773
v -0.095833 1.831265 1.311165
vn -0.4801117 0.1298536 -0.05129103
vt 0.689029 1.717785
v -0.0893215 1.811285 1.310215
vn -0.3192939 0.1946839 0.3318879
vt 0.69468 1.711178
v -0.0835085 1.809435 1.30867
vn 0.1786386 0.09447224 0.4573437
vt 0.697054 1.710706
v -0.102527 1.82999 1.28714
vn -0.4858132 0.1180375 0.007260003
vt 0.695193 1.734724
v -0.093621 1.804105 1.2983
vn -0.333398 0.292458 0.2308985
vt 0.699861 1.722758
v -0.1085615 1.90912 1.27602
vn -0.4651101 0.1462185 0.1108725
vt 0.676225 1.769926
v -0.1075545 1.92727 1.286555
vn -0.4800536 0.1396315 0.007182101
vt 0.670058 1.769179
v -0.114855 1.929485 1.268095
vn -0.4733544 0.1608445 -0.0080414
vt 0.672988 1.781744
v -0.1118515 1.947845 1.266535
vn -0.4532339 0.1103415 -0.1800105
vt 0.668201 1.788543
v -0.106851 1.947365 1.28407
vn -0.4516442 0.1363945 -0.165572
vt 0.664673 1.777515
v -0.0996925 1.969935 1.25471
vn -0.3753 0.08642451 -0.3188741
vt 0.662046 1.803969
v -0.0970505 1.96483 1.27814
vn -0.3919188 0.104502 -0.2923679
vt 0.660004 1.788659
v -0.0996945 1.94785 1.302455
vn -0.4503984 0.136857 -0.168557
vt 0.660762 1.767489
v -0.091685 1.966765 1.296195
vn -0.3968937 0.09109604 -0.2901326
vt 0.655415 1.778675
v -0.0956 1.952295 1.322705
vn -0.4372846 0.214057 -0.11385
vt 0.656091 1.760933
v -0.0857815 1.96703 1.312535
vn -0.3607871 0.1431085 -0.3152026
vt 0.652079 1.770163
v -0.0771855 1.979915 1.30678
vn -0.3424089 0.1102965 -0.3472619
vt 0.647144 1.77799
v -0.0760865 1.971485 1.32683
vn -0.2995271 0.2408136 -0.3198317
vt 0.6465 1.763772
v -0.067107 1.985485 1.31668
vn -0.2438659 0.1990364 -0.3884764
vt 0.642399 1.772554
v -0.051015 1.985565 1.32702
vn -0.1249049 0.2737803 -0.3993033
vt 0.636519 1.76505
v -0.0608405 1.97163 1.33961
vn -0.1868519 0.3530258 -0.3007643
vt 0.640472 1.754849
v -0.0446254 1.964335 1.350845
vn -0.1506951 0.4153992 -0.2339541
vt 0.636854 1.743915
v -0.03028185 1.978445 1.34246
vn 0.02768915 0.349934 -0.356061
vt 0.629957 1.752022
v -0.0347446 1.951345 1.36018
vn -0.16497 0.413643 -0.227342
vt 0.634907 1.733393
v -0.01857245 1.954745 1.358155
vn 0.05480401 0.3462245 -0.3565461
vt 0.627855 1.731355
v -0.0514605 1.951175 1.35039
vn -0.2398464 0.4357873 -0.05062698
vt 0.642375 1.736278
v -0.04336 1.940685 1.356585
vn -0.284048 0.40307 -0.08277251
vt 0.641399 1.72891
v -0.0554715 1.94457 1.34735
vn -0.3314646 0.3550411 0.118647
vt 0.646645 1.73499
v -0.065844 1.957875 1.344845
vn -0.2089895 0.442093 -0.1042935
vt 0.644557 1.744183
v -0.0653925 1.95134 1.3441
vn -0.2270715 0.404988 0.185535
vt 0.647495 1.740499
v -0.08274 1.95861 1.33435
vn -0.3032915 0.335429 -0.213311
vt 0.649326 1.754149
v -0.0822995 1.9506 1.336435
vn -0.2411605 0.422857 0.1141645
vt 0.651094 1.749009
v -0.063522 1.94722 1.34028
vn -0.2405774 0.4057998 0.1656775
vt 0.649651 1.73875
v -0.0782115 1.94575 1.33265
vn -0.2246947 0.406918 0.1842012
vt 0.652439 1.744676
v -0.0003548255 1.95998 1.33979
vn -0.02126126 0.3411961 -0.3648742
vt 0.62102 1.741001
v -0.0140278 1.973325 1.33973
vn 0.183741 0.3901455 -0.253033
vt 0.625136 1.748352
v -0.0002001645 1.971635 1.32898
vn -0.03242431 0.3490186 -0.3565595
vt 0.620977 1.751393
v -0.0102223 1.984425 1.32417
vn 0.2024734 0.2772069 -0.3635394
vt 0.623986 1.762303
v -0.0250737 1.995315 1.31704
vn 0.06976902 0.2265665 -0.4402271
vt 0.628966 1.771379
v -0.04291015 1.998205 1.306615
vn -0.08963303 0.1851561 -0.4557227
vt 0.634414 1.779215
v -0.060779 1.99505 1.29769
vn -0.2328735 0.1362815 -0.4209481
vt 0.64086 1.785142
v -0.01837195 2.00306 1.29311
vn 0.0429286 0.2163535 -0.4487185
vt 0.626759 1.787406
v -0.0375621 2.00638 1.286275
vn -0.06622001 0.1753585 -0.4635346
vt 0.633182 1.793207
v -0.00555645 1.997575 1.29949
vn 0.01257339 0.2380434 -0.4395193
vt 0.622567 1.781847
v -0.0002683765 1.997265 1.30099
vn -0.03982825 0.272717 -0.41718
vt 0.620969 1.780001
v -0.0773125 1.98341 1.28837
vn -0.3407528 0.09457944 -0.3534718
vt 0.64831 1.789569
v -0.056104 2.00407 1.27905
vn -0.2088999 0.1051234 -0.4419388
vt 0.639829 1.798106
v -0.071366 1.9953 1.26905
vn -0.3115509 0.07433097 -0.3839414
vt 0.646361 1.803123
v -0.0508265 2.0077 1.25907
vn -0.2240229 0.08314347 -0.4392048
vt 0.638818 1.811108
v -0.06566 2.00176 1.2541
vn -0.2386414 0.008996946 -0.4392828
vt 0.644683 1.81394
v 3.0607E-05 2.01187 1.27303
vn 0.01734 0.1895275 -0.462362
vt 0.620883 1.802476
v -0.01219785 2.014 1.270955
vn 0.01196935 0.1735495 -0.4687615
vt 0.624831 1.80409
v -0.0329876 2.0138 1.265875
vn -0.09914052 0.1406155 -0.4694661
vt 0.631765 1.807691
v -0.000881125 2.02074 1.242905
vn 0.00263392 0.121528 -0.484999
vt 0.621185 1.8241
v -0.0144702 2.021405 1.243425
vn 0.02365844 0.1282779 -0.4826853
vt 0.625649 1.823292
v -0.0859405 1.979265 1.27338
vn -0.368774 0.08520849 -0.326719
vt 0.653424 1.796981
v -0.0820715 1.986415 1.25857
vn -0.3461964 0.05963999 -0.3557964
vt 0.652261 1.807603
v -0.03170985 2.022765 1.24268
vn -0.087446 0.1386765 -0.472358
vt 0.631565 1.823681
v -0.0499206 2.01433 1.241425
vn -0.2560401 0.1273785 -0.4101441
vt 0.638673 1.823049
v -0.073995 1.99597 1.238135
vn -0.3142371 0.08175254 -0.3802257
vt 0.649332 1.823511
v -0.0703475 2.005895 1.215275
vn -0.3085585 0.10555 -0.379013
vt 0.647907 1.840046
v -0.050318 2.020915 1.21616
vn -0.2277509 0.07501197 -0.4387513
vt 0.639101 1.840656
v -0.03260565 2.0272 1.216125
vn -0.1020075 0.08581852 -0.4819021
vt 0.632328 1.841524
v -0.094828 1.9779 1.234555
vn -0.3588054 0.07470997 -0.3401134
vt 0.660918 1.818628
v -0.108334 1.96336 1.229475
vn -0.4056401 0.05071201 -0.2878966
vt 0.669063 1.815963
v -0.1090685 1.960185 1.247615
vn -0.4190947 0.1151301 -0.2471936
vt 0.667565 1.804158
v -0.114711 1.94698 1.249525
vn -0.446362 0.09250951 -0.2054335
vt 0.671329 1.798316
v -0.1214315 1.930085 1.25194
vn -0.4863669 0.1159615 -0.0004033849
vt 0.675874 1.792076
v -0.1138815 1.91259 1.254075
vn -0.4720284 0.1116575 0.1213335
vt 0.679671 1.784758
v -0.113098 1.91584 1.26638
vn -0.4793245 0.103317 0.097845
vt 0.67659 1.778438
v -0.108387 1.896915 1.26251
vn -0.4819885 0.10136 0.0861
vt 0.681761 1.77368
v -0.1037475 1.88213 1.274
vn -0.4819361 0.1325445 0.01302095
vt 0.683003 1.761354
v -0.1081395 1.86887 1.25658
vn -0.4930031 0.05904751 0.05883301
vt 0.690327 1.766777
v -0.110825 1.88898 1.24581
vn -0.4856138 0.07726097 0.09060896
vt 0.687135 1.780771
v -0.1030225 1.84683 1.26791
vn -0.4983248 0.03221939 0.02518544
vt 0.694436 1.751645
v -0.1041325 1.82105 1.264785
vn -0.4992654 0.002307385 0.02699555
vt 0.70166 1.745477
v -0.118915 1.90918 1.237775
vn -0.4785291 0.1041815 0.1007775
vt 0.683414 1.793812
v -0.122515 1.92935 1.23219
vn -0.4986705 0.03429865 -0.0122998
vt 0.679341 1.803071
v -0.11831 1.94789 1.228765
vn -0.4575421 0.03787571 -0.1980421
vt 0.674581 1.810895
v -0.122942 1.927305 1.208015
vn -0.4956592 0.04560396 -0.04735262
vt 0.683809 1.816322
v -0.1184015 1.949515 1.20252
vn -0.4647522 0.01430071 -0.1838501
vt 0.677561 1.827824
v -0.1078885 1.969425 1.20441
vn -0.4213846 0.03600696 -0.2667181
vt 0.669733 1.834217
v -0.0928825 1.98806 1.21196
vn -0.361069 0.0831135 -0.33574
vt 0.659558 1.837063
v -0.120457 1.906625 1.21548
vn -0.484432 0.09466751 0.07977251
vt 0.687869 1.805846
v -0.112881 1.885935 1.22306
vn -0.4747519 0.109637 0.112207
vt 0.691837 1.793252
v -0.107769 1.86399 1.230675
vn -0.4890346 0.07607101 0.0711225
vt 0.69626 1.780806
v -0.1043075 1.8425 1.236155
vn -0.4926446 0.06886752 0.05058201
vt 0.701092 1.770015
v -0.10295 1.97849 1.177575
vn -0.4221849 0.1243271 -0.2372818
vt 0.668307 1.857222
v -0.089978 1.99491 1.189185
vn -0.3705557 0.1054256 -0.3187067
vt 0.658945 1.853623
v -0.0705075 2.01181 1.193905
vn -0.284696 0.107219 -0.3968025
vt 0.647748 1.85535
v -0.093928 1.999095 1.17196
vn -0.3751732 0.1586928 -0.289934
vt 0.660917 1.866086
v -0.0752565 2.01485 1.174985
vn -0.2667495 0.149958 -0.3954204
vt 0.649716 1.868447
v -0.053235 2.02126 1.189675
vn -0.249917 0.1183835 -0.4165655
vt 0.641058 1.859129
v -0.03721905 2.035155 1.186045
vn -0.102876 0.07174103 -0.4840142
vt 0.634121 1.862827
v -0.1155755 1.86236 1.20143
vn -0.4751781 0.1323735 0.08175001
vt 0.701861 1.798973
v -0.1122195 1.84009 1.20312
vn -0.4798732 0.1276496 0.05854303
vt 0.70738 1.790417
v -0.1026685 1.81976 1.23453
vn -0.4946132 0.04898392 0.05439102
vt 0.707466 1.76395
v -0.1093425 1.81667 1.201385
vn -0.476796 0.119996 0.0909205
vt 0.713948 1.783805
v -0.124733 1.862085 1.16639
vn -0.4921913 0.05423948 0.06932398
vt 0.707377 1.821246
v -0.129829 1.886745 1.164015
vn -0.4923493 0.03804139 0.07838997
vt 0.700774 1.831396
v -0.1224465 1.883755 1.19735
vn -0.4719304 0.1294805 0.10255
vt 0.696921 1.809175
v -0.1267245 1.904155 1.19248
vn -0.4893662 0.09911653 0.02639466
vt 0.692384 1.819047
v -0.125718 1.926515 1.185185
vn -0.4864748 0.05053699 -0.1038665
vt 0.686942 1.830886
v -0.1181155 1.94889 1.17478
vn -0.4586996 0.08010823 -0.1821465
vt 0.680033 1.854333
v -0.131513 1.906565 1.16525
vn -0.4968583 0.05547498 -0.007371847
vt 0.695059 1.83748
v -0.122413 1.836075 1.167885
vn -0.4919308 0.07050349 0.05507549
vt 0.714342 1.811528
v -0.117851 1.810125 1.16908
vn -0.4756474 0.08108699 0.1310895
vt 0.721138 1.802027
v -0.125965 1.933295 1.164155
vn -0.4701747 0.1028821 -0.1354659
vt 0.687305 1.852541
v -0.1299195 1.93714 1.14461
vn -0.4827346 0.07932933 -0.103316
vt 0.689452 1.85278
v -0.117757 1.79919 1.12532
vn -0.4845926 0.05732305 0.1090141
vt 0.734606 1.825684
v -0.10545 1.783465 1.173635
vn -0.4264405 0.09768251 0.242088
vt 0.728425 1.789294
v -0.103251 1.791535 1.199325
vn -0.4470346 0.09114451 0.2045795
vt 0.722231 1.775496
v -0.098396 1.789955 1.23034
vn -0.4674661 0.03829651 0.1732305
vt 0.716515 1.756684
v -0.091756 1.773725 1.197925
vn -0.4086956 0.06050002 0.2816161
vt 0.728546 1.768473
v -0.0877345 1.77056 1.217205
vn -0.4165696 0.008321051 0.2764065
vt 0.726663 1.754886
v -0.065535 1.741285 1.20829
vn -0.3898884 0.06356499 0.306507
vt 0.735477 1.742689
v -0.0687025 1.74026 1.243935
vn -0.3637922 -0.04381083 0.3401997
vt 0.730487 1.729063
v -0.0364285 1.712015 1.21475
vn -0.1451305 0.1315705 0.4600286
vt 0.751252 1.720741
v -0.03631385 1.71646 1.240845
vn -0.112355 0.03273921 0.4861116
vt 0.745732 1.709225
v -0.0701985 1.73685 1.272585
vn -0.342164 -0.0569865 0.360106
vt 0.726317 1.711852
v -0.0371941 1.715845 1.266505
vn -0.108345 -0.0366555 0.486742
vt 0.740641 1.6981
v -0.0674295 1.732295 1.289195
vn -0.3067437 -0.05327153 0.3912422
vt 0.725213 1.700549
v -0.03697185 1.714125 1.28545
vn -0.1174915 -0.06032048 0.4822418
vt 0.737266 1.689216
v -0.059236 1.72574 1.30658
vn -0.254567 -0.06072699 0.4260374
vt 0.725803 1.686725
v -0.072323 1.7319 1.312545
vn -0.406518 0.0318333 0.289361
vt 0.720291 1.687745
v -0.054622 1.72001 1.32364
vn -0.2465826 -0.05763402 0.4311326
vt 0.725109 1.673849
v -0.066585 1.72506 1.32927
vn -0.3889394 0.0174364 0.313723
vt 0.719635 1.67493
v -0.063664 1.722715 1.347935
vn -0.402611 0.02854945 0.295109
vt 0.717107 1.662736
v -0.067059 1.737055 1.335145
vn -0.4442235 0.1494765 -0.174133
vt 0.713228 1.675709
v -0.064607 1.7339 1.35273
vn -0.44487 0.08468701 -0.2119405
vt 0.711689 1.663961
v -0.0633265 1.733685 1.37196
vn -0.42658 0.0256501 -0.2595605
vt 0.709676 1.651776
v -0.0537255 1.736145 1.37259
vn 0.06750733 0.002162642 -0.4954171
vt 0.704373 1.655457
v -0.051467 1.73869 1.39373
vn 0.1287242 -0.04071368 -0.4814276
vt 0.701668 1.646401
v -0.0615945 1.7368 1.39224
vn -0.4140705 0.0128736 -0.279964
vt 0.705643 1.640135
v -0.0491222 1.738805 1.41746
vn 0.1497211 0.02610956 -0.4763422
vt 0.697758 1.627821
v -0.059439 1.73775 1.415155
vn -0.4033298 0.06436355 -0.2884137
vt 0.701012 1.626837
v -0.0590205 1.724755 1.3857
vn -0.3984646 0.06666202 0.2945881
vt 0.710971 1.640293
v -0.0565355 1.72459 1.403405
vn -0.4294113 0.02988967 0.2543867
vt 0.708621 1.629066
v -0.0513665 1.71896 1.380055
vn -0.3288933 0.03201658 0.3752388
vt 0.715792 1.639709
v -0.0616835 1.723665 1.36953
vn -0.4036575 0.05868 0.2891665
vt 0.713499 1.650155
v -0.050885 1.716635 1.360725
vn -0.295509 0.0185917 0.4029005
vt 0.720163 1.650958
v -0.03756805 1.70269 1.3702
vn -0.27858 -0.04852666 0.4123571
vt 0.724838 1.637546
v -0.0354128 1.69929 1.38921
vn -0.2918831 -0.02252485 0.4053355
vt 0.722901 1.624679
v -0.0445316 1.711545 1.39744
vn -0.3810054 0.005350549 0.3237379
vt 0.716543 1.625822
v -0.01750805 1.69407 1.381185
vn -0.07349697 -0.10429 0.4834478
vt 0.730446 1.622616
v -0.03108445 1.69557 1.408615
vn -0.3131596 -0.07544003 0.3824132
vt 0.721278 1.610133
v -0.01568425 1.68725 1.399245
vn -0.1224345 -0.123253 0.468848
vt 0.728488 1.608976
v -0.01908295 1.697075 1.36218
vn -0.05171249 -0.107819 0.4854904
vt 0.732558 1.635396
v -0.0375326 1.70586 1.353405
vn -0.237321 -0.051849 0.4370245
vt 0.727154 1.64829
v -0.0001854835 1.691315 1.394175
vn 0.0272143 -0.1587249 0.4733559
vt 0.734471 1.608689
v -0.0001859155 1.696935 1.3764
vn 0.01609762 -0.1273739 0.4832357
vt 0.736955 1.620646
v -0.000187782 1.7017 1.357555
vn 0.02721652 -0.1230033 0.4838693
vt 0.739552 1.633143
v -0.0529795 1.71708 1.34203
vn -0.2591935 -0.02514545 0.426833
vt 0.722911 1.662168
v -0.03131805 1.70475 1.33324
vn -0.1184506 -0.08168454 0.4788498
vt 0.732514 1.657721
v -0.0357034 1.71007 1.317315
vn -0.3319895 -0.01392855 0.373616
vt 0.733071 1.669489
v -0.02045965 1.701465 1.346555
vn -0.02531434 -0.1130175 0.4864013
vt 0.734298 1.646306
v -0.0001883535 1.705815 1.340485
vn 0.01114363 -0.1129467 0.4869485
vt 0.741942 1.644034
v -0.03732285 1.711375 1.30293
vn -0.1421145 -0.07168452 0.4739882
vt 0.734673 1.678737
v -0.001390635 1.71028 1.319205
vn 0.0001310824 -0.1062354 0.4885837
vt 0.744986 1.656337
v -0.000176568 1.71741 1.287775
vn 0.007205369 -0.1017275 0.4894891
vt 0.749415 1.674236
v -0.0001721485 1.722045 1.26623
vn 0.005023184 -0.05210767 0.497252
vt 0.752683 1.683671
v -0.0001672845 1.722525 1.23842
vn 0.002422917 0.04971985 0.4975159
vt 0.756979 1.694158
v -0.0001612775 1.716515 1.211275
vn -0.003237765 0.1646934 0.4720864
vt 0.761407 1.704969
v -0.03762545 1.69637 1.178065
vn -0.1454149 0.2847922 0.3843799
vt 0.757119 1.734598
v -0.066576 1.718155 1.17004
vn -0.3679367 0.2355486 0.243186
vt 0.747875 1.75312
v -0.001353235 1.696965 1.173325
vn -0.004515755 0.3254488 0.3795559
vt 0.765835 1.717744
v -0.0913335 1.74481 1.14184
vn -0.4292965 0.1889634 0.1731975
vt 0.743837 1.790068
v -0.0881305 1.764735 1.18418
vn -0.4041085 0.1168885 0.270247
vt 0.732989 1.77382
v -0.106823 1.768275 1.129055
vn -0.4536425 0.1263434 0.1680648
vt 0.738675 1.808456
v -0.121591 1.830075 1.123885
vn -0.4967584 0.03208669 0.04692078
vt 0.725725 1.837003
v -0.122818 1.861575 1.125035
vn -0.4958524 0.02427759 0.05950648
vt 0.714798 1.849331
v -0.128109 1.893505 1.119925
vn -0.4891427 0.05037368 0.09056456
vt 0.705568 1.862059
v -0.1338095 1.88004 1.08653
vn -0.4777172 0.01074066 0.1472104
vt 0.713067 1.877261
v -0.1265825 1.85572 1.084535
vn -0.496678 0.009028472 0.05682819
vt 0.725532 1.870739
v -0.125868 1.825205 1.075695
vn -0.4976451 0.0376576 0.03051689
vt 0.736926 1.866439
v -0.1323035 1.915855 1.141145
vn -0.4983307 0.03484271 0.0212722
vt 0.695586 1.853648
v -0.1299195 1.93714 1.14461
vn -0.4825526 0.07955837 -0.1039879
vt 0.689452 1.85278
v 0.03534965 1.72321 1.44138
vn -0.204577 0.009365251 -0.4561365
vt 0.218805 1.462843
v -4.2672E-05 1.721475 1.441855
vn -0.012187 0.05824948 -0.4964458
vt 0.213691 1.464462
v -9.9784E-05 1.718765 1.466005
vn -0.006202002 0.06063401 -0.4962711
vt 0.213679 1.474021
v 0.0264152 1.718865 1.465415
vn -0.149334 0.02270301 -0.4766381
vt 0.218173 1.472223
v -0.00136629 1.725 1.413205
vn -0.01006445 0.06692901 -0.495398
vt 0.213455 1.453657
v 0.04013775 1.726065 1.40952
vn -0.1964855 0.01164445 -0.459628
vt 0.221022 1.449685
v -0.03341695 1.72417 1.41516
vn 0.171801 0.0214316 -0.4690683
vt 0.207679 1.452272
v -0.03023225 1.721975 1.441645
vn 0.173522 0.02889439 -0.4680334
vt 0.20936 1.463179
v 0.01804635 1.71681 1.476575
vn -0.08455703 -0.01932481 -0.4924192
vt 0.217389 1.476714
v 0.0196425 1.720215 1.491985
vn 0.02723752 0.189552 -0.4618746
vt 0.217869 1.484389
v 0.031704 1.72393 1.482245
vn 0.05713703 0.1652912 -0.4684167
vt 0.220119 1.477997
v 0.00086891 1.717365 1.48172
vn 0.008436547 -0.02872704 -0.4991028
vt 0.213878 1.480133
v -0.0154906 1.716945 1.47604
vn 0.06366747 -0.01690229 -0.4956418
vt 0.210534 1.476705
v -0.02361675 1.71875 1.463605
vn 0.1342394 0.02102269 -0.4811838
vt 0.209666 1.471655
v 0.0389716 1.727105 1.467905
vn 0.05914305 0.1523973 -0.4725221
vt 0.22033 1.471686
v 0.001272095 1.719395 1.49586
vn 0.02171635 0.2928137 -0.404708
vt 0.213861 1.487351
v -0.03202725 1.7237 1.48222
vn -0.02649051 0.1894877 -0.4619445
vt 0.207272 1.477916
v -0.03641965 1.727045 1.47063
vn 0.03818909 0.1002381 -0.4883584
vt 0.207068 1.472841
v -0.0185918 1.72033 1.492345
vn -0.03721946 0.1847852 -0.4631082
vt 0.209731 1.484532
v 0.0452945 1.73314 1.446615
vn 0.01696086 0.138716 -0.4800731
vt 0.221829 1.462835
v 0.0004353685 1.729215 1.38618
vn -0.005901149 0.07066298 -0.4949464
vt 0.213778 1.443559
v -0.0384682 1.726415 1.386065
vn 0.1481894 0.01526084 -0.4772913
vt 0.206887 1.441724
v 0.0002342515 1.732745 1.36492
vn -0.003618356 0.08811552 -0.4921611
vt 0.213742 1.435576
v -0.0409739 1.729555 1.363815
vn 0.1196475 0.08115098 -0.4786429
vt 0.206408 1.433654
v -0.0537255 1.736145 1.37259
vn 0.06750733 0.002162642 -0.4954171
vt 0.202587 1.435277
v -0.051467 1.73869 1.39373
vn 0.1287242 -0.04071368 -0.4814276
vt 0.201772 1.440624
v -0.0418087 1.73355 1.346145
vn 0.103116 0.118479 -0.4746892
vt 0.206214 1.426972
v -0.0554265 1.738435 1.355845
vn -0.02375074 0.09511834 -0.4902942
vt 0.202649 1.429328
v 0.000996685 1.73651 1.34601
vn -0.002464869 0.1182815 -0.4858018
vt 0.213879 1.428317
v -0.043701 1.73909 1.32914
vn 0.1013741 0.1602611 -0.4626442
vt 0.206097 1.420509
v -0.0574335 1.74295 1.33828
vn -0.04426313 0.1537771 -0.4737018
vt 0.202716 1.422958
v -0.0002168145 1.74114 1.32929
vn -0.004674507 0.1574476 -0.4745402
vt 0.213661 1.421584
v -0.0460062 1.74617 1.312885
vn 0.1094025 0.2035491 -0.4433947
vt 0.205797 1.414114
v -0.0598815 1.7497 1.322125
vn -0.001861199 0.2500544 -0.4329773
vt 0.202278 1.416794
v -0.0002119755 1.748445 1.309735
vn 0.002049715 0.1930185 -0.4612371
vt 0.213662 1.413464
v -0.0641295 1.758415 1.30908
vn 0.0659214 0.2821561 -0.4074829
vt 0.201611 1.411206
v -0.04984765 1.7551 1.29704
vn 0.1385235 0.237512 -0.4176114
vt 0.204764 1.407351
v 0.002372575 1.75612 1.291975
vn 0.003567395 0.2381915 -0.4396045
vt 0.214101 1.40657
v -0.0602105 1.76746 1.2873
vn 0.250472 0.264819 -0.3422495
vt 0.201623 1.402232
v -0.068663 1.76773 1.298715
vn 0.1629736 0.3472767 -0.3206845
vt 0.199408 1.404584
v -0.072814 1.78626 1.28066
vn 0.3925909 0.2486484 -0.1845165
vt 0.197526 1.393811
v -0.0758895 1.785505 1.293
vn 0.2875164 0.3834954 -0.1423573
vt 0.195458 1.394605
v -0.0825805 1.80371 1.298155
vn 0.2954107 0.3481262 0.2038154
vt 0.190535 1.385347
v -0.0777915 1.80903 1.28414
vn 0.4480196 0.2211466 0.0193034
vt 0.192514 1.383071
v -0.0835085 1.809435 1.30867
vn 0.1786386 0.09447224 0.4573437
vt 0.189827 1.379565
v -0.076901 1.817375 1.285465
vn 0.3401615 0.1230345 0.345185
vt 0.193005 1.377203
v -0.0802625 1.8115 1.32159
vn 0.1838818 -0.05516937 0.461675
vt 0.190254 1.374131
v -0.070693 1.81797 1.31163
vn 0.1669102 -0.05997919 0.4674864
vt 0.194319 1.371641
v -0.00196291 1.82585 1.1822
vn 0.008182553 0.4838712 0.125705
vt 0.213486 1.371459
v 0.002581045 1.83894 1.29177
vn -0.0062423 0.02700736 0.499231
vt 0.213486 1.362291
v 0.04879015 1.75485 1.296475
vn -0.136486 0.2396789 -0.4170439
vt 0.222282 1.407433
v 0.0600545 1.768265 1.28545
vn -0.2595365 0.2595475 -0.339523
vt 0.225814 1.401589
v 0.072881 1.787515 1.27787
vn -0.3955948 0.2372799 -0.1928809
vt 0.229765 1.393158
v 0.0765885 1.80771 1.280325
vn -0.4427387 0.2317821 0.01610931
vt 0.234519 1.382045
v 0.076891 1.817315 1.284385
vn -0.355649 0.1135125 0.332609
vt 0.233862 1.37675
v 0.080537 1.80431 1.29436
vn -0.3444197 0.3314698 0.1466385
vt 0.235728 1.383704
v 0.0796285 1.81255 1.304895
vn -0.2232138 0.04264143 0.4453732
vt 0.235895 1.377487
v 0.0635025 1.819995 1.315195
vn -0.1758486 -0.05517954 0.464793
vt 0.233019 1.373003
v 0.07145 1.812945 1.327105
vn -0.1921309 -0.0836948 0.4539613
vt 0.235298 1.373679
v 0.002581045 1.83894 1.29177
vn -0.005827389 0.02372731 0.4994027
vt 0.213486 1.362291
v 0.0699145 1.769565 1.29716
vn -0.1775589 0.3541972 -0.3049872
vt 0.228492 1.403266
v 0.063807 1.758255 1.30886
vn -0.06727187 0.3108291 -0.3858235
vt 0.225789 1.411205
v 0.0595075 1.749445 1.32192
vn -0.003869368 0.2397478 -0.4387551
vt 0.225122 1.416798
v 0.04681465 1.74664 1.31239
vn -0.111282 0.1942055 -0.4471024
vt 0.22178 1.413883
v 0.0453679 1.739335 1.33037
vn -0.1046885 0.158616 -0.462473
vt 0.221651 1.420887
v 0.0560725 1.743005 1.3364
vn 0.006676035 0.1722368 -0.4693505
vt 0.224678 1.422392
v 0.0444964 1.73403 1.34687
vn -0.1188356 0.116056 -0.4716027
vt 0.221714 1.427152
v 0.054429 1.739345 1.35076
vn -0.008566553 0.09272698 -0.4912518
vt 0.224733 1.427615
v 0.04277445 1.7296 1.365415
vn -0.1297615 0.06445651 -0.4785471
vt 0.221325 1.434053
v 0.05458 1.73686 1.369965
vn -0.028976 0.004264008 -0.4991415
vt 0.224803 1.434311
v 0.0558955 1.739985 1.389775
vn 0.001836191 -0.02977163 -0.4991095
vt 0.225442 1.439547
v 0.0419781 1.727525 1.38178
vn -0.1677156 0.03664627 -0.4696047
vt 0.221169 1.439894
v 0.053551 1.740475 1.410485
vn -0.0136187 0.0299811 -0.4989145
vt 0.22534 1.446713
v 0.0510645 1.73846 1.43077
vn 0.02879228 0.1038911 -0.4882393
vt 0.2244 1.455603
v 0.0176935 1.810245 1.55473
vn 0.1758255 0.3382329 0.3235489
vt 0.587081 1.558254
v 0.0335369 1.827555 1.54707
vn 0.4102318 0.2647889 0.107688
vt 0.59173 1.576665
v 0.02548355 1.822535 1.5591
vn 0.3495915 0.291938 0.206296
vt 0.592235 1.563762
v 0.0268565 1.835475 1.563295
vn 0.259436 0.36334 0.2251155
vt 0.598683 1.565817
v 0.01121215 1.837305 1.56883
vn 0.173386 0.4418294 0.157239
vt 0.601531 1.554487
v 0.012946 1.820805 1.568105
vn 0.1646636 0.4300137 0.1948696
vt 0.594167 1.553011
v -0.000557795 1.83771 1.5736
vn -0.02455711 0.47321 0.1595908
vt 0.603596 1.547386
v 0.01455255 1.85379 1.57878
vn 0.1260435 0.4794524 -0.06510299
vt 0.606622 1.561206
v -0.00128862 1.854455 1.57886
vn -0.007184948 0.4912449 -0.09288058
vt 0.612104 1.553864
v -0.000159893 1.82182 1.568265
vn -0.03693882 0.4421654 0.2304892
vt 0.594941 1.54464
v 0.0152431 1.867825 1.565915
vn 0.1430295 0.274214 -0.392873
vt 0.612084 1.575031
v 0.03230775 1.849815 1.570395
vn 0.3619088 0.3449878 -0.002330169
vt 0.602049 1.571606
v 0.03389275 1.85904 1.5586
vn 0.406212 0.1745935 -0.2334715
vt 0.603198 1.583245
v 0.0159123 1.876675 1.543495
vn 0.1669975 0.191363 -0.4306879
vt 0.615164 1.595304
v 0.03340395 1.867095 1.54111
vn 0.3778494 0.1287055 -0.3011059
vt 0.605556 1.594276
v -0.001068145 1.868835 1.566905
vn 0.00232113 0.2967295 -0.4024254
vt 0.621127 1.5713
v -0.00016797 1.878235 1.546045
vn 0.009154601 0.2127075 -0.4524066
vt 0.620955 1.594674
v 0.03724065 1.84983 1.549695
vn 0.487042 0.1117235 -0.01754825
vt 0.600063 1.584442
v 0.0397685 1.849085 1.53526
vn 0.4799121 0.1323685 -0.046508
vt 0.598698 1.592256
v 0.0341616 1.837175 1.555365
vn 0.4399395 0.1787375 0.1565445
vt 0.597594 1.573642
v 0.04565115 1.8497 1.519365
vn 0.4174395 0.1967055 -0.192487
vt 0.596492 1.603097
v 0.04671565 1.825075 1.53442
vn 0.3531686 0.3441541 -0.08264303
vt 0.58899 1.582857
v 0.03790225 1.80585 1.541205
vn 0.2828605 0.3872235 0.1415905
vt 0.583621 1.572912
v 0.0308609 1.79282 1.535745
vn -0.03620951 0.1329396 0.4806412
vt 0.578192 1.568574
v 0.0133916 1.800805 1.543575
vn -0.09477134 0.18523 0.4546518
vt 0.581105 1.555961
v 0.001839975 1.803825 1.5488
vn 0.01334985 0.1758214 0.4678767
vt 0.582595 1.547375
v 0.0179265 1.884955 1.525195
vn 0.1964659 0.1827359 -0.4219108
vt 0.614826 1.60906
v -0.0001643255 1.887115 1.52858
vn 0.006980849 0.2058695 -0.4555974
vt 0.620959 1.607449
v 0.018959 1.89246 1.5034
vn 0.2202124 0.139449 -0.4266854
vt 0.614446 1.625415
v -0.0001630805 1.896215 1.50719
vn 0.01460996 0.1681556 -0.4706487
vt 0.620971 1.623765
v 0.0356144 1.872205 1.52194
vn 0.3925335 0.119498 -0.285723
vt 0.605064 1.607536
v 0.034892 1.879875 1.498445
vn 0.3748171 0.09888902 -0.3158056
vt 0.605982 1.625066
v 0.04605695 1.861745 1.501865
vn 0.3921224 0.150859 -0.271075
vt 0.598461 1.617608
v 0.0596305 1.83959 1.50394
vn 0.4316119 0.150442 -0.202678
vt 0.589876 1.610667
v 0.0533975 1.857625 1.486845
vn 0.4121256 0.09668653 -0.2660906
vt 0.594619 1.626246
v 0.02014605 1.899825 1.47596
vn 0.2423414 0.1094685 -0.4234233
vt 0.61356 1.645035
v -0.000160071 1.90453 1.47871
vn 0.02415461 0.137806 -0.4800271
vt 0.620979 1.64434
v 0.059705 1.82075 1.52082
vn 0.4205485 0.2643015 -0.0573035
vt 0.584932 1.59304
v 0.0531875 1.802035 1.525315
vn 0.366843 0.2956591 0.1673675
vt 0.579896 1.585814
v 0.0453003 1.78768 1.52142
vn -0.1110106 -0.01990296 0.4871145
vt 0.574768 1.58086
v 0.063303 1.800845 1.50511
vn 0.4359832 0.1510891 0.1925896
vt 0.576085 1.598479
v 0.067154 1.81677 1.50607
vn 0.4725778 0.1587584 -0.03828793
vt 0.581214 1.602246
v 0.0559505 1.78803 1.50204
vn -0.1198887 -0.08012851 0.4787548
vt 0.570805 1.593947
v 0.03917795 1.881575 1.47124
vn 0.3788846 0.08538903 -0.3148891
vt 0.603061 1.642751
v 0.069198 1.82692 1.483705
vn 0.4845169 0.06555249 -0.1046245
vt 0.581859 1.620127
v 0.062139 1.848705 1.470765
vn 0.4466675 0.0621345 -0.215934
vt 0.588233 1.633905
v 0.05473 1.86505 1.455915
vn 0.4243516 0.04458446 -0.2606491
vt 0.592621 1.647301
v 0.068567 1.80358 1.48043
vn 0.4796511 0.07098701 0.122048
vt 0.573411 1.615263
v 0.07223 1.802545 1.45131
vn 0.4898352 0.02991136 0.09574354
vt 0.569551 1.633359
v 0.070716 1.824735 1.451785
vn 0.4910625 0.0070432 -0.093851
vt 0.577179 1.639109
v 0.061576 1.787155 1.47919
vn 0.005532558 0.02021668 0.4995605
vt 0.568355 1.610303
v 0.0640355 1.785875 1.451405
vn 0.008874195 0.01856269 0.4995765
vt 0.564293 1.627252
v 0.03701115 1.892495 1.439915
vn 0.3799635 0.085343 -0.313599
vt 0.602669 1.663989
v 0.0211062 1.90638 1.446825
vn 0.2503424 0.111169 -0.4182943
vt 0.611715 1.663352
v 0.002501 1.911585 1.448845
vn 0.108876 0.125613 -0.4715585
vt 0.619779 1.663467
v 0.0242006 1.9133 1.41569
vn 0.2774165 0.1502015 -0.387917
vt 0.609302 1.683813
v 0.00654805 1.918985 1.419875
vn 0.1298325 0.1573935 -0.4564765
vt 0.617731 1.6827
v -0.000147866 1.904515 1.47876
vn 0.02484969 0.4847304 0.120079
vt 0.620974 1.644308
v -0.0001582545 1.912015 1.44867
vn 0.05465349 0.1213875 -0.4819524
vt 0.620977 1.6637
v -0.0001715645 1.920145 1.419815
vn 0.005519001 0.1677125 -0.4710011
vt 0.621024 1.683031
v 0.0505915 1.871915 1.43195
vn 0.4387158 0.04053998 -0.2363999
vt 0.592245 1.663703
v 0.009595 1.92859 1.393495
vn 0.1489979 0.2341259 -0.4159143
vt 0.616272 1.701156
v -0.000177851 1.931765 1.394505
vn -0.009827005 0.2266156 -0.4455882
vt 0.620988 1.701322
v 0.04364765 1.89704 1.400725
vn 0.395822 0.147414 -0.2675706
vt 0.597321 1.688874
v 0.02741085 1.922275 1.39172
vn 0.2827534 0.2332124 -0.3400919
vt 0.607295 1.700325
v 0.053248 1.875665 1.403255
vn 0.4483496 0.1237765 -0.183472
vt 0.588995 1.681777
v 0.062565 1.84771 1.42683
vn 0.4643469 0.009388648 -0.185186
vt 0.582111 1.66036
v 0.064016 1.84641 1.45007
vn 0.4651846 0.0001231395 -0.183312
vt 0.58479 1.645985
v 0.070522 1.82516 1.423265
vn 0.4859586 0.02483395 -0.115011
vt 0.573476 1.656482
v 0.0617435 1.851485 1.39919
vn 0.4661814 0.09178098 -0.155728
vt 0.579201 1.67772
v 0.0703475 1.830195 1.39521
vn 0.4684437 0.08244403 -0.1541541
vt 0.570493 1.674088
v 0.077572 1.8098 1.39141
vn 0.4933929 0.07924599 0.01683715
vt 0.563223 1.670669
v 0.0728505 1.804035 1.421185
vn 0.4939399 0.0382602 0.06752399
vt 0.566087 1.651943
v 0.072372 1.79245 1.38685
vn -0.05040235 -0.1258263 0.4812768
vt 0.557895 1.669166
v 0.0664225 1.78641 1.418785
vn 0.102668 -0.08322453 0.4822167
vt 0.560124 1.647614
v 0.0611195 1.883915 1.379905
vn 0.4143353 0.2230639 -0.1690229
vt 0.585863 1.696803
v 0.069642 1.860005 1.37064
vn 0.4509544 0.1947925 -0.09325249
vt 0.574931 1.696258
v 0.0766025 1.83818 1.36472
vn 0.4533735 0.1750295 -0.1175465
vt 0.566087 1.692887
v 0.0852385 1.81912 1.359555
vn 0.4849975 0.1176955 0.0304165
vt 0.559347 1.688274
v 0.078735 1.803225 1.35317
vn 0.183822 -0.09937599 0.4542399
vt 0.553706 1.685017
v 0.081541 1.869985 1.34551
vn 0.4594122 0.1972026 0.007183803
vt 0.571471 1.710439
v 0.077485 1.889665 1.35773
vn 0.3832826 0.3057461 -0.09805002
vt 0.579922 1.712134
v 0.061264 1.906285 1.356285
vn 0.2925126 0.2891346 -0.2843195
vt 0.587712 1.714373
v 0.071431 1.911925 1.34347
vn 0.2376039 0.3133624 -0.3087854
vt 0.585414 1.724636
v 0.088417 1.89955 1.341495
vn 0.3989073 0.2786619 -0.1149804
vt 0.578452 1.726761
v 0.051329 1.918765 1.354025
vn 0.358258 0.257023 -0.235776
vt 0.591948 1.717254
v 0.0641285 1.91789 1.34126
vn 0.2448975 0.388815 -0.1970993
vt 0.588168 1.725187
v 0.0517625 1.89994 1.37757
vn 0.371419 0.200912 -0.2677355
vt 0.591881 1.702851
v 0.0407402 1.914145 1.37811
vn 0.3776705 0.2005505 -0.2591225
vt 0.598319 1.705133
v 0.03777145 1.93097 1.365895
vn 0.4005314 0.2631729 -0.1425295
vt 0.599989 1.716777
v 0.02995805 1.935935 1.376315
vn 0.2529094 0.3145214 -0.2951494
vt 0.607835 1.714131
v 0.01184475 1.93977 1.374805
vn 0.0586255 0.2832735 -0.4078225
vt 0.615953 1.715303
v 0.04253975 1.94235 1.35684
vn 0.3282046 0.3645851 -0.09674452
vt 0.600869 1.727433
v 0.048873 1.93175 1.353325
vn 0.3955795 0.3034575 -0.03782105
vt 0.59563 1.724573
v 0.052926 1.927875 1.343025
vn 0.2780229 0.4138942 -0.03734796
vt 0.592573 1.725897
v 0.0584245 1.937605 1.341505
vn 0.2165501 0.4456077 0.06737845
vt 0.592898 1.731576
v 0.055225 1.94227 1.34635
vn 0.3218769 0.3743274 0.07921047
vt 0.595663 1.732831
v 0.065971 1.94873 1.342655
vn 0.230668 0.412285 0.163748
vt 0.59415 1.739451
v 0.0655235 1.94463 1.34043
vn 0.2323666 0.4281098 0.1128174
vt 0.592485 1.737583
v 0.0352803 1.95231 1.36033
vn 0.1856625 0.379324 -0.2676615
vt 0.606874 1.731148
v 0.01882615 1.95655 1.357455
vn -0.06789298 0.3529784 -0.3475584
vt 0.614131 1.73293
v 0.000141681 1.9418 1.376565
vn -0.02430854 0.2611364 -0.4256958
vt 0.62085 1.71491
v -0.00986335 1.928305 1.39334
vn -0.1802941 0.1946341 -0.4238061
vt 0.625803 1.701098
v -0.01146965 1.937255 1.372585
vn -0.1266955 0.328722 -0.35481
vt 0.626091 1.715351
v 6.88975E-05 1.95332 1.35345
vn -0.003468661 0.2378371 -0.4397971
vt 0.620881 1.73173
v 0.01326 1.974325 1.34051
vn -0.1994835 0.33275 -0.3154105
vt 0.616868 1.748364
v 0.0299825 1.97817 1.342145
vn 0.0002305249 0.3515698 -0.3555258
vt 0.61194 1.751942
v 0.0445128 1.962785 1.34981
vn 0.1317495 0.4224061 -0.2328416
vt 0.604835 1.741687
v 0.060999 1.970105 1.339635
vn 0.1766709 0.3581713 -0.3008333
vt 0.60122 1.750799
v 0.066015 1.957325 1.34497
vn 0.2144411 0.4459577 -0.07167153
vt 0.597386 1.743477
v 0.0827425 1.957945 1.334915
vn 0.3286774 0.3546144 -0.127357
vt 0.592488 1.751467
v 0.076391 1.97018 1.3279
vn 0.287214 0.2518725 -0.3225964
vt 0.596814 1.758182
v 0.095175 1.95361 1.3201
vn 0.4243495 0.2263055 -0.1367965
vt 0.587846 1.758133
v 0.0866915 1.968055 1.313205
vn 0.3693759 0.1326675 -0.3097754
vt 0.591435 1.766899
v 0.051216 1.951455 1.35035
vn 0.215161 0.4488981 -0.04686396
vt 0.600472 1.736113
v 0.080483 1.947955 1.33449
vn 0.2573649 0.3886979 0.1807685
vt 0.590772 1.744033
v 0.066878 1.985765 1.31678
vn 0.2383021 0.1923831 -0.3952226
vt 0.59959 1.770811
v 0.0507835 1.98594 1.32723
vn 0.1139011 0.2732592 -0.4029342
vt 0.605369 1.764722
v 0.07854 1.94462 1.332725
vn 0.2774993 0.3872893 0.1516611
vt 0.590156 1.741337
v 0.0840785 1.934675 1.32201
vn 0.2954375 0.4033809 0.0007399281
vt 0.58666 1.741668
v 0.091534 1.93891 1.321695
vn 0.3125855 0.383131 0.0741685
vt 0.586034 1.747046
v 0.089611 1.924835 1.32454
vn 0.3161269 0.3741414 -0.100409
vt 0.582656 1.740887
v 0.0832505 1.925675 1.327305
vn 0.3042713 0.3683423 -0.1474549
vt 0.584998 1.737171
v 0.09786 1.921855 1.31369
vn 0.4249956 0.262289 -0.0241501
vt 0.577332 1.749231
v 0.102562 1.935175 1.307515
vn 0.4529274 0.2096984 -0.02972214
vt 0.579081 1.758273
v 0.083594 1.916095 1.333295
vn 0.268255 0.3908094 -0.1590825
vt 0.582642 1.733765
v 0.0743615 1.91785 1.33501
vn 0.2292303 0.4078827 -0.1763098
vt 0.58562 1.73025
v 0.094286 1.909685 1.32475
vn 0.4245847 0.2493521 -0.08689854
vt 0.576996 1.739588
v 0.1047305 1.9134 1.299895
vn 0.4754214 0.1359805 0.07405298
vt 0.571332 1.757293
v 0.097939 1.89965 1.31257
vn 0.47295 0.132382 0.0937725
vt 0.571541 1.741137
v 0.0911265 1.885875 1.328985
vn 0.4688907 0.1436461 0.09750554
vt 0.572185 1.727274
v 0.1005835 1.94964 1.302945
vn 0.4507145 0.116518 -0.182428
vt 0.582031 1.766085
v 0.1095485 1.92748 1.2874
vn 0.4814616 0.134462 0.0107095
vt 0.570721 1.769148
v 0.1069845 1.94695 1.28524
vn 0.4498925 0.1320815 -0.173641
vt 0.576814 1.778106
v 0.0918325 1.966945 1.294745
vn 0.3867215 0.08676 -0.3048265
vt 0.586717 1.778135
v 0.0769595 1.98353 1.288395
vn 0.3381215 0.07985701 -0.3595785
vt 0.5939 1.786855
v 0.077061 1.98029 1.30688
vn 0.3335702 0.09191754 -0.3609461
vt 0.595477 1.774743
v 0.0605495 1.99532 1.297765
vn 0.239101 0.1343065 -0.4180819
vt 0.601164 1.784102
v 0.0426124 1.99833 1.306655
vn 0.1012145 0.2001096 -0.4468912
vt 0.607497 1.779363
v 0.0247921 1.995545 1.31716
vn -0.01734235 0.2490965 -0.4331861
vt 0.613073 1.771632
v 0.0089675 1.98616 1.32545
vn -0.2251854 0.2727444 -0.3534148
vt 0.618184 1.76227
v 0.0373246 2.006905 1.286445
vn 0.0757695 0.1592025 -0.467882
vt 0.60876 1.793351
v 0.0192937 2.004805 1.293695
vn -0.03812345 0.181821 -0.4642065
vt 0.614794 1.787713
v 0.004996385 1.99958 1.29936
vn -0.110056 0.2340371 -0.4279186
vt 0.619413 1.782646
v 0.01384605 2.01305 1.270275
vn -0.004154793 0.1635654 -0.4724713
vt 0.616464 1.804313
v 0.0556625 2.0039 1.279
vn 0.2232405 0.1218965 -0.4304706
vt 0.602142 1.797758
v 0.070532 1.99483 1.26894
vn 0.3356956 0.07283401 -0.3633231
vt 0.595623 1.802673
v 0.065275 2.001725 1.25407
vn 0.3283886 0.03409021 -0.3754981
vt 0.597219 1.814006
v 0.0518805 2.010525 1.25964
vn 0.2058475 0.08842649 -0.4469984
vt 0.6032 1.811652
v 0.0315842 2.01399 1.26625
vn 0.06441747 0.1345405 -0.4772308
vt 0.610546 1.80751
v 0.0127821 2.02137 1.243095
vn 0.00249341 0.1284315 -0.4832175
vt 0.616712 1.823596
v 0.01329035 2.02801 1.214975
vn -0.002680355 0.09739348 -0.4904155
vt 0.616371 1.843237
v -0.000530325 2.02665 1.214735
vn -0.006421253 0.08513603 -0.4926567
vt 0.62107 1.843778
v 0.02961505 2.020525 1.24288
vn 0.08540596 0.1195844 -0.4779178
vt 0.611072 1.823675
v 0.080664 1.985425 1.25834
vn 0.3487196 0.04368486 -0.3556491
vt 0.589737 1.807242
v 0.0849775 1.97878 1.273255
vn 0.3477894 0.07152399 -0.3520325
vt 0.588769 1.79499
v 0.0966305 1.96494 1.278145
vn 0.3863959 0.08912499 -0.304557
vt 0.58263 1.78759
v 0.0996265 1.96768 1.25733
vn 0.3628604 0.08783648 -0.3325914
vt 0.579783 1.800791
v 0.111907 1.947395 1.2677
vn 0.4510345 0.112773 -0.183984
vt 0.573713 1.788073
v 0.1148855 1.929695 1.26837
vn 0.487494 0.111025 0.004800695
vt 0.568467 1.781538
v 0.108648 1.960355 1.247665
vn 0.3989124 0.08309899 -0.2897645
vt 0.574579 1.804084
v 0.115354 1.946935 1.250655
vn 0.4689305 0.075992 -0.155979
vt 0.57053 1.79775
v 0.1178675 1.930195 1.251635
vn 0.4936622 0.07930853 0.002795231
vt 0.566408 1.791508
v 0.1126015 1.91616 1.266215
vn 0.4719794 0.106221 0.1263035
vt 0.565195 1.777881
v 0.1080165 1.909455 1.27581
vn 0.469311 0.1107435 0.1322235
vt 0.565444 1.769499
v 0.102635 1.898715 1.287655
vn 0.4786262 0.09502903 0.109025
vt 0.565323 1.758344
v 0.0969375 1.88673 1.300225
vn 0.4738438 0.1275721 0.09590355
vt 0.565263 1.745105
v 0.09065 1.87526 1.31367
vn 0.4792113 0.1196116 0.07777905
vt 0.564994 1.733321
v 0.086417 1.86625 1.326355
vn 0.4833418 0.1253115 0.02603299
vt 0.563984 1.722997
v 0.0855135 1.846575 1.340705
vn 0.4700409 0.14817 -0.08430447
vt 0.562402 1.708568
v 0.0895695 1.850665 1.31847
vn 0.4790133 0.1214534 -0.07612697
vt 0.559178 1.721379
v 0.0923855 1.82729 1.33351
vn 0.4873105 0.10016 0.04996435
vt 0.556007 1.702869
v 0.083721 1.81078 1.32849
vn 0.2194436 -0.01190736 0.4491132
vt 0.550526 1.698023
v 0.0710625 1.80722 1.351945
vn -0.2271961 -0.1338965 0.4247984
vt 0.551526 1.683464
v 0.072372 1.79245 1.38685
vn -0.07649771 -0.1273567 0.4774185
vt 0.557895 1.669166
v 0.07145 1.812945 1.327105
vn -0.1947312 -0.08411587 0.452774
vt 0.546171 1.693965
v 0.0933165 1.857395 1.300655
vn 0.4836732 0.125436 -0.01805666
vt 0.556908 1.734037
v 0.0986935 1.868795 1.286955
vn 0.4823118 0.1226794 0.04821918
vt 0.557535 1.747526
v 0.0964555 1.831345 1.31187
vn 0.4894051 0.09713952 0.03235026
vt 0.552478 1.71357
v 0.088188 1.811255 1.30897
vn 0.2401545 0.126301 0.4199689
vt 0.546494 1.71216
v 0.0796285 1.81255 1.304895
vn -0.2232138 0.04264143 0.4453732
vt 0.545054 1.70977
v 0.101111 1.83016 1.28728
vn 0.4896155 0.101222 0.00554575
vt 0.546935 1.73423
v 0.0921535 1.805 1.29716
vn 0.2920502 0.3442907 0.2148736
vt 0.541885 1.722638
v 0.101867 1.80761 1.27612
vn 0.4874004 0.08228998 0.07529448
vt 0.538776 1.734447
v 0.1027265 1.821275 1.265055
vn 0.4993754 0.01134505 0.02226024
vt 0.54024 1.745096
v 0.101925 1.84704 1.268015
vn 0.4961592 0.06128253 -0.008397354
vt 0.547376 1.751424
v 0.103962 1.84275 1.23618
vn 0.4930762 0.07469803 0.03600087
vt 0.540685 1.76994
v 0.1023065 1.819955 1.234815
vn 0.4942712 0.04676312 0.05923803
vt 0.534433 1.763794
v 0.09962 1.798925 1.256895
vn 0.4892095 -0.00211625 0.1032935
vt 0.532625 1.74281
v 0.0961105 1.784715 1.277725
vn 0.4783086 0.08930353 0.11509
vt 0.532227 1.726104
v 0.0927865 1.77707 1.260665
vn 0.4605204 -0.03093875 0.1922595
vt 0.526878 1.733451
v 0.0901065 1.76184 1.28546
vn 0.4641262 0.08600004 0.1648966
vt 0.526828 1.715741
v 0.084126 1.757205 1.266355
vn 0.4214263 -0.08422755 0.2555497
vt 0.521789 1.723623
v 0.069392 1.73666 1.270915
vn 0.3331006 -0.05630201 0.3686111
vt 0.514986 1.712549
v 0.0805005 1.74232 1.294035
vn 0.4270746 0.0252007 0.25879
vt 0.522097 1.703368
v 0.0657225 1.73303 1.28817
vn 0.2755176 -0.05605052 0.4134591
vt 0.516326 1.700878
v 0.06816901 1.73998 1.242185
vn 0.3579783 -0.04488343 0.3461748
vt 0.510891 1.729842
v 0.0984505 1.790065 1.229915
vn 0.4728377 0.02779121 0.160163
vt 0.525241 1.756991
v 0.0836215 1.768535 1.298195
vn 0.283592 0.4058501 -0.06972301
vt 0.531325 1.708086
v 0.076894 1.75299 1.30811
vn 0.3676417 0.3207147 -0.1094611
vt 0.528428 1.696526
v 0.063807 1.758255 1.30886
vn -0.06727187 0.3108291 -0.3858235
vt 0.533541 1.694554
v 0.071304 1.742865 1.3213
vn 0.4102654 0.2359814 -0.16123
vt 0.527396 1.685844
v 0.0595075 1.749445 1.32192
vn -0.003869368 0.2397478 -0.4387551
vt 0.533032 1.685055
v 0.0560725 1.743005 1.3364
vn 0.006676035 0.1722368 -0.4693505
vt 0.533239 1.675764
v 0.0670975 1.736345 1.33626
vn 0.4381124 0.151432 -0.187419
vt 0.528499 1.674856
v 0.054429 1.739345 1.35076
vn -0.008566553 0.09272698 -0.4912518
vt 0.534937 1.667533
v 0.0644435 1.7327 1.35421
vn 0.4680992 0.09787904 -0.1459551
vt 0.529731 1.662496
v 0.062636 1.73342 1.371935
vn 0.4735763 0.04059639 -0.155169
vt 0.532096 1.651689
v 0.05458 1.73686 1.369965
vn -0.028976 0.004264008 -0.4991415
vt 0.537113 1.656979
v 0.0619115 1.734825 1.391945
vn 0.490062 0.0154999 -0.0979745
vt 0.535383 1.639743
v 0.0558955 1.739985 1.389775
vn 0.001836191 -0.02977163 -0.4991095
vt 0.539559 1.648244
v 0.060345 1.73412 1.411365
vn 0.4873816 0.07685053 -0.08095152
vt 0.537838 1.62752
v 0.053551 1.740475 1.410485
vn -0.0136187 0.0299811 -0.4989145
vt 0.542672 1.634618
v 0.056875 1.73078 1.428665
vn 0.4867542 0.1023025 -0.05103502
vt 0.539201 1.615855
v 0.0510645 1.73846 1.43077
vn 0.02879228 0.1038911 -0.4882393
vt 0.546046 1.616588
v 0.052198 1.724585 1.446285
vn 0.4731405 0.146981 -0.06734
vt 0.540396 1.594778
v 0.0452945 1.73314 1.446615
vn 0.01696086 0.138716 -0.4800731
vt 0.547263 1.597282
v 0.0468676 1.719175 1.464595
vn 0.454953 0.1997095 -0.055981
vt 0.540936 1.578477
v 0.0389716 1.727105 1.467905
vn 0.05914305 0.1523973 -0.4725221
vt 0.547097 1.576575
v 0.0377596 1.714535 1.483435
vn 0.3998266 0.3001556 0.006729652
vt 0.541672 1.562975
v 0.031704 1.72393 1.482245
vn 0.05713703 0.1652912 -0.4684167
vt 0.546218 1.5639
v 0.0215434 1.70972 1.498325
vn 0.1843595 0.4576733 0.08091195
vt 0.541929 1.545424
v 0.0196425 1.720215 1.491985
vn 0.02723752 0.189552 -0.4618746
vt 0.546321 1.548215
v 0.01971405 1.698335 1.48775
vn 0.185662 0.2539375 0.3886455
vt 0.536311 1.548197
v 0.0335095 1.70162 1.4761
vn 0.3279755 0.181331 0.330985
vt 0.536405 1.56339
v -0.002125395 1.69554 1.49062
vn -0.01137318 0.2685663 0.4215955
vt 0.53228 1.53716
v 0.0248296 1.69243 1.463095
vn 0.2115965 0.1025055 0.4412704
vt 0.529393 1.568452
v 0.04489475 1.707425 1.458815
vn 0.411039 0.109145 0.262934
vt 0.536294 1.578741
v 0.03716245 1.6967 1.43809
vn 0.3373074 0.01995874 0.3685449
vt 0.52836 1.589948
v 0.0497319 1.71357 1.43953
vn 0.4495925 0.02043305 0.217828
vt 0.534834 1.599767
v -0.0001712975 1.68739 1.46864
vn -0.003439866 0.1371852 0.4807997
vt 0.52388 1.552319
v -0.000178892 1.682495 1.443965
vn 0.01536749 0.05200646 0.4970505
vt 0.518082 1.56974
v 0.02066235 1.686965 1.44198
vn 0.1774345 0.05013399 0.4647619
vt 0.523454 1.581078
v 0.0275421 1.689525 1.42632
vn 0.2428035 -0.0192745 0.4366634
vt 0.522404 1.595158
v 0.051995 1.71785 1.42059
vn 0.4437439 0.002218354 0.2304049
vt 0.532699 1.616104
v 0.0530065 1.720785 1.39892
vn 0.4152194 -0.002231795 0.278546
vt 0.530461 1.629742
v 0.0427706 1.704575 1.414155
vn 0.3888689 -0.01855965 0.3137459
vt 0.52661 1.61162
v 0.0450817 1.710565 1.39603
vn 0.400187 -0.0355369 0.2976365
vt 0.52492 1.626631
v 0.0482439 1.71667 1.378045
vn 0.354756 0.01742565 0.3519155
vt 0.5241 1.640072
v 0.0099263 1.684015 1.419525
vn 0.08392554 -0.05893453 0.4893702
vt 0.515656 1.591459
v 0.032177 1.693585 1.40834
vn 0.2708384 -0.04064614 0.4183234
vt 0.520566 1.609817
v 0.03485345 1.69784 1.38967
vn 0.2760251 -0.06281152 0.4121467
vt 0.51854 1.623896
v -0.000183845 1.684725 1.41197
vn 0.04615063 -0.1149415 0.4844157
vt 0.510979 1.593999
v 0.014989 1.68917 1.399705
vn 0.07355951 -0.1141815 0.4811981
vt 0.51323 1.608944
v -0.0001854835 1.691315 1.394175
vn 0.0272143 -0.1587249 0.4733559
vt 0.507339 1.608689
v 0.0553035 1.72275 1.383745
vn 0.3836299 0.03408585 0.3188514
vt 0.529402 1.64016
v 0.0561275 1.72008 1.3668
vn 0.3566215 0.0647815 0.344419
vt 0.525875 1.649571
v 0.04857265 1.71443 1.35836
vn 0.3137935 0.02966835 0.388141
vt 0.52018 1.651038
v 0.01709855 1.69457 1.38131
vn 0.05929852 -0.127506 0.4798186
vt 0.511152 1.622575
v 0.0375886 1.701625 1.370335
vn 0.272546 -0.04816879 0.4164114
vt 0.516769 1.637337
v 0.0185456 1.699505 1.3627
vn 0.03098845 -0.1071995 0.4873889
vt 0.509057 1.635375
v 0.03831105 1.703845 1.353265
vn 0.2268105 -0.04092674 0.4437139
vt 0.51447 1.64833
v -0.0001859155 1.696935 1.3764
vn 0.01609762 -0.1273739 0.4832357
vt 0.504851 1.620646
v -0.000187782 1.7017 1.357555
vn 0.02721652 -0.1230033 0.4838693
vt 0.502251 1.633143
v 0.0623255 1.7209 1.3468
vn 0.3718349 0.06071499 0.3287134
vt 0.523786 1.662701
v 0.0506785 1.71496 1.339975
vn 0.2740211 -0.01388926 0.4179946
vt 0.517504 1.662142
v 0.066765 1.7248 1.328485
vn 0.4011076 0.01658216 0.2980566
vt 0.521971 1.67538
v 0.0550175 1.719025 1.32356
vn 0.2523269 -0.05689899 0.4278944
vt 0.516608 1.673783
v 0.03624695 1.70805 1.316925
vn 0.1268185 -0.09046602 0.4751136
vt 0.508559 1.669608
v 0.04026925 1.706375 1.33657
vn 0.213173 -0.0596295 0.448332
vt 0.512672 1.659203
v 0.02006825 1.70306 1.34684
vn 0.00578475 -0.09434949 0.4909834
vt 0.507321 1.646307
v 0.0219898 1.70561 1.33056
vn -0.01238595 -0.08794752 0.4920486
vt 0.505696 1.656378
v -0.0001883535 1.705815 1.340485
vn 0.01114363 -0.1129467 0.4869485
vt 0.499858 1.644034
v 0.0725285 1.731695 1.31185
vn 0.4143354 0.01994015 0.279157
vt 0.521334 1.688196
v 0.0597175 1.72476 1.30644
vn 0.2607504 -0.09418146 0.4160998
vt 0.515995 1.686696
v 0.03558275 1.71112 1.30284
vn 0.110705 -0.09863754 0.4775092
vt 0.506527 1.67814
v 0.03660375 1.7141 1.285435
vn 0.1163566 -0.06325703 0.4821407
vt 0.504493 1.689144
v -0.001390635 1.71028 1.319205
vn 0.0001310824 -0.1062354 0.4885837
vt 0.496814 1.656337
v -0.000176568 1.71741 1.287775
vn 0.007205369 -0.1017275 0.4894891
vt 0.492385 1.674236
v 0.03691155 1.71581 1.26655
vn 0.1102885 -0.03368779 0.4865199
vt 0.501211 1.698149
v 0.03602035 1.71644 1.240875
vn 0.128325 0.01980344 0.4828463
vt 0.496164 1.709386
v -0.0001721485 1.722045 1.26623
vn 0.005023184 -0.05210767 0.497252
vt 0.489117 1.683671
v -0.0001672845 1.722525 1.23842
vn 0.002422917 0.04971985 0.4975159
vt 0.484821 1.694158
v 0.065401 1.74103 1.20748
vn 0.3773466 0.07532752 0.3192731
vt 0.504556 1.74853
v 0.0357876 1.711715 1.21409
vn 0.1646825 0.142314 0.4501404
vt 0.490394 1.721062
v -0.0001612775 1.716515 1.211275
vn -0.003237765 0.1646934 0.4720864
vt 0.480393 1.704969
v 0.0886665 1.77046 1.23803
vn 0.4269705 -0.01381295 0.259818
vt 0.520351 1.744178
v 0.0876175 1.77038 1.21612
vn 0.4138824 0.0215782 0.2797065
vt 0.514813 1.755392
v 0.1033175 1.79157 1.19914
vn 0.4563127 0.08516902 0.1858091
vt 0.51955 1.775636
v 0.1093555 1.81686 1.20146
vn 0.4743279 0.1230825 0.09931648
vt 0.527921 1.783811
v 0.1121565 1.84028 1.203345
vn 0.4774751 0.133156 0.06547502
vt 0.53451 1.790338
v 0.115559 1.86257 1.201535
vn 0.4735433 0.1342075 0.08800597
vt 0.539992 1.798993
v 0.1071105 1.864265 1.230695
vn 0.4817095 0.11643 0.066333
vt 0.545371 1.780599
v 0.1035235 1.86958 1.25603
vn 0.4934385 0.0690385 0.04185925
vt 0.551569 1.766623
v 0.1128575 1.88614 1.22308
vn 0.4713265 0.141194 0.0889695
vt 0.549996 1.793183
v 0.1081675 1.88983 1.245155
vn 0.4783588 0.101938 0.103834
vt 0.55498 1.780375
v 0.102054 1.88259 1.27383
vn 0.490109 0.0767045 0.062527
vt 0.558995 1.760619
v 0.107173 1.897445 1.26211
vn 0.4738995 0.09130849 0.1306985
vt 0.56063 1.773004
v 0.114128 1.91274 1.254005
vn 0.4744641 0.09317251 0.12729
vt 0.562903 1.783754
v 0.11657 1.90991 1.23725
vn 0.4786143 0.08884646 0.1141695
vt 0.559171 1.793074
v 0.120389 1.92945 1.232225
vn 0.4970855 0.05384949 -0.002508895
vt 0.562789 1.803119
v 0.1179105 1.9475 1.22971
vn 0.4736085 0.03682245 -0.15601
vt 0.567272 1.810606
v 0.1089105 1.96424 1.22965
vn 0.4022466 0.05100601 -0.2925681
vt 0.572877 1.816213
v 0.0894185 1.98228 1.23532
vn 0.325094 0.0958875 -0.367586
vt 0.583775 1.820205
v 0.0707955 1.99661 1.238275
vn 0.3230781 0.05405852 -0.3777542
vt 0.593535 1.823571
v 0.068387 2.00399 1.21484
vn 0.2897235 0.1221655 -0.388762
vt 0.594219 1.840301
v 0.0883445 1.989405 1.21255
vn 0.3370244 0.10051 -0.3554044
vt 0.583924 1.837315
v 0.0467948 2.019475 1.21571
vn 0.240602 0.09436751 -0.4280251
vt 0.604231 1.841612
v 0.04893085 2.01489 1.23987
vn 0.2349289 0.06789698 -0.4361174
vt 0.604001 1.824987
v 0.0307347 2.026645 1.21481
vn 0.1104661 0.09431355 -0.4784373
vt 0.610421 1.843066
v 0.106978 1.96904 1.204525
vn 0.4130089 0.03440584 -0.2797139
vt 0.571611 1.833805
v 0.1183585 1.949145 1.20367
vn 0.4691061 0.01031275 -0.1727225
vt 0.564752 1.827978
v 0.122903 1.927455 1.20839
vn 0.4958586 0.05020901 -0.04004111
vt 0.558132 1.817016
v 0.120476 1.90685 1.21555
vn 0.4822315 0.1117685 0.0704315
vt 0.554327 1.805629
v 0.1029815 1.978025 1.178525
vn 0.4268629 0.1162712 -0.2329572
vt 0.573463 1.857212
v 0.0897675 1.995125 1.189255
vn 0.36432 0.1188605 -0.321159
vt 0.582988 1.853628
v 0.0940425 1.998295 1.17289
vn 0.3527567 0.2296396 -0.2698673
vt 0.580547 1.865529
v 0.074916 2.01485 1.17494
vn 0.270333 0.170476 -0.3845231
vt 0.592256 1.868803
v 0.0698315 2.01137 1.193755
vn 0.284652 0.142209 -0.385681
vt 0.594256 1.855548
v 0.050837 2.02501 1.190915
vn 0.2052225 0.113666 -0.441547
vt 0.602307 1.858771
v 0.0353268 2.031005 1.185235
vn 0.107389 0.07089952 -0.4831572
vt 0.608132 1.863288
v 0.1256335 1.92649 1.185845
vn 0.4862362 0.05902452 -0.1004515
vt 0.554915 1.834386
v 0.126633 1.90434 1.192765
vn 0.4866246 0.114484 0.009483151
vt 0.549486 1.819231
v 0.1271345 1.9301 1.16439
vn 0.4796607 0.08396304 -0.1134716
vt 0.552944 1.852552
v 0.1314845 1.906725 1.165595
vn 0.4964423 0.05638448 -0.01912634
vt 0.546817 1.838637
v 0.1224495 1.883965 1.197455
vn 0.4723823 0.1395259 0.08595047
vt 0.544916 1.809239
v 0.1298715 1.886975 1.163955
vn 0.4926804 0.0365326 0.07701549
vt 0.54107 1.8315
v 0.130897 1.89969 1.12927
vn 0.4896952 0.01290584 0.1001602
vt 0.539796 1.858724
v 0.1322775 1.91606 1.14134
vn 0.4978583 0.04424895 -0.01338557
vt 0.545951 1.858393
v 0.1247585 1.862305 1.166385
vn 0.4924318 0.05485398 0.06709697
vt 0.534482 1.82133
v 0.122306 1.836285 1.168045
vn 0.4889444 0.08417698 0.06202948
vt 0.527533 1.811488
v 0.117889 1.81029 1.16913
vn 0.4720411 0.09964552 0.1313315
vt 0.52071 1.802041
v 0.123594 1.83225 1.13653
vn 0.4979394 0.01545745 0.0426309
vt 0.521334 1.828758
v 0.119367 1.801635 1.139215
vn 0.4761277 0.08404523 0.1274318
vt 0.512062 1.816431
v 0.123463 1.826265 1.09961
vn 0.4949432 0.06155085 0.03525224
vt 0.510123 1.851092
v 0.1216585 1.794495 1.097355
vn 0.495796 0.05170221 0.03889975
vt 0.500964 1.842663
v 0.1055195 1.783395 1.17324
vn 0.4342051 0.10688 0.223702
vt 0.513302 1.789339
v 0.1235695 1.86409 1.135985
vn 0.4978135 -0.0067709 0.046216
vt 0.529661 1.840628
v 0.0916895 1.773495 1.19718
vn 0.4147257 0.07062003 0.2702136
vt 0.513081 1.76885
v 0.088095 1.76447 1.183645
vn 0.4005831 0.1210795 0.2736291
vt 0.508683 1.773999
v 0.0917185 1.744655 1.142045
vn 0.4264723 0.1765591 0.1922192
vt 0.497867 1.789723
v 0.104129 1.77125 1.1452
vn 0.4397129 0.1173007 0.2071064
vt 0.504581 1.804389
v 0.0665275 1.718115 1.17004
vn 0.356429 0.2449421 0.2509218
vt 0.495154 1.755672
v 0.03559625 1.695995 1.177995
vn 0.1478851 0.2867903 0.3819441
vt 0.484277 1.733806
v -0.001353235 1.696965 1.173325
vn -0.004628203 0.3277712 0.3775508
vt 0.475516 1.716874
v 0.126611 1.88747 1.110535
vn 0.4807132 0.07441562 0.1156595
vt 0.532721 1.867221
v 0.1249755 1.85787 1.104345
vn 0.4954722 0.05099852 0.04366297
vt 0.522931 1.857658
v 0.12941 1.82624 1.06462
vn 0.4972091 0.05274468 0.001062204
vt 0.503747 1.870031
v 0.126904 1.855395 1.074575
vn 0.4982891 0.01383738 0.03894175
vt 0.516555 1.876568
v 0.1330295 1.878455 1.08769
vn 0.4852322 0.03087014 0.1166051
vt 0.528848 1.876645
v 0.1303875 1.904345 1.057665
vn 0.2971588 -0.3548783 0.189098
vt 0.451412 1.706192
v 0.142915 1.89832 1.07226
vn 0.3735135 -0.1331195 0.3045765
vt 0.446347 1.706043
v 0.1330295 1.878455 1.08769
vn 0.4862785 0.02704991 0.113144
vt 0.440498 1.71559
v 0.1406915 1.90069 1.08764
vn 0.447628 0.187688 0.12001
vt 0.441283 1.704583
v 0.12571 1.88713 1.05192
vn 0.4762272 -0.1495653 0.02894638
vt 0.45214 1.712017
v 0.148781 1.91973 1.052245
vn 0.2165436 -0.3493896 0.2846678
vt 0.45429 1.694331
v 0.1550095 1.920905 1.0659
vn 0.4672484 0.02369549 0.1764015
vt 0.448896 1.691181
v 0.15765 1.939285 1.040495
vn 0.3202274 -0.3312639 0.1942129
vt 0.457688 1.67933
v 0.159383 1.9485 1.0679
vn 0.4629287 0.1773116 -0.06525004
vt 0.44866 1.674559
v 0.146964 1.92155 1.083275
vn 0.4472514 0.177741 0.135552
vt 0.442986 1.691761
v 0.152946 1.93843 1.08607
vn 0.4550051 0.1994605 -0.05644351
vt 0.442603 1.682574
v 0.1607565 1.966155 1.057365
vn 0.4494658 0.1926854 -0.1041769
vt 0.451938 1.661629
v 0.158361 1.95903 1.034805
vn 0.343855 -0.3540595 0.08003529
vt 0.460674 1.665352
v 0.1454185 1.97093 1.065695
vn 0.213204 0.3532435 -0.2824235
vt 0.447558 1.656448
v 0.142 1.961165 1.07414
vn 0.2298215 0.3308985 -0.296122
vt 0.445178 1.662975
v 0.1394375 1.950005 1.088935
vn 0.2435121 0.2673021 -0.3453281
vt 0.440622 1.672677
v 0.124898 1.97281 1.070665
vn 0.2514209 0.3859998 -0.1944009
vt 0.443355 1.650636
v 0.138672 1.981975 1.05918
vn 0.1973845 0.4147759 -0.197485
vt 0.448836 1.64832
v 0.158928 1.982475 1.05368
vn 0.3925566 0.2824231 -0.1270295
vt 0.452972 1.650951
v 0.1174035 1.98786 1.075075
vn 0.4154255 0.257779 -0.1047455
vt 0.441286 1.6414
v 0.132981 1.995025 1.056635
vn 0.2349479 0.4138279 -0.153447
vt 0.448921 1.639096
v 0.1525815 1.99828 1.05054
vn 0.3280385 0.3394335 -0.1648505
vt 0.453032 1.638998
v 0.1581735 1.97773 1.032615
vn 0.3545119 -0.3525822 -0.002664845
vt 0.46022 1.652509
v 0.157565 1.998015 1.033715
vn 0.38502 -0.2965539 -0.117539
vt 0.45947 1.639991
v 0.107927 2.006485 1.07809
vn 0.4632798 0.1563345 -0.104553
vt 0.439288 1.629755
v 0.126575 2.010405 1.05503
vn 0.2575989 0.4282303 -0.01617404
vt 0.447934 1.627928
v 0.1470015 2.01462 1.05037
vn 0.321767 0.3777109 -0.06164799
vt 0.453046 1.626841
v 0.111421 2.025115 1.0716
vn 0.3943388 0.3008169 0.06329348
vt 0.44175 1.616369
v 0.125772 2.028635 1.061675
vn 0.280335 0.4103945 0.0546685
vt 0.446675 1.613969
v 0.141007 2.03127 1.051505
vn 0.3329151 0.3711455 -0.03766351
vt 0.452316 1.613565
v 0.155148 2.01717 1.035405
vn 0.4167785 -0.2433644 -0.1306502
vt 0.458913 1.624581
v 0.151762 2.035685 1.03894
vn 0.4288214 -0.2141885 -0.1422514
vt 0.458091 1.611917
v 0.1358135 2.048635 1.05542
vn 0.316692 0.3861105 0.0249983
vt 0.450785 1.603569
v 0.120843 2.044325 1.064475
vn 0.3450159 0.3599549 0.03736969
vt 0.445502 1.604932
v 0.1475525 2.053495 1.04336
vn 0.4264573 -0.2096114 -0.1555545
vt 0.456296 1.601181
v 0.133114 2.06818 1.06087
vn 0.353013 0.3487355 0.0613625
vt 0.448414 1.590519
v 0.1433955 2.071955 1.048765
vn 0.4065132 -0.2280795 -0.1809053
vt 0.453778 1.589701
v 0.117288 2.061095 1.07397
vn 0.4180724 0.2532274 0.1053155
vt 0.44233 1.594251
v 0.130825 2.09132 1.067295
vn 0.4077857 0.2814016 0.06726053
vt 0.446869 1.573563
v 0.1393765 2.093955 1.05572
vn 0.3908412 -0.2865153 -0.1230941
vt 0.45138 1.572521
v 0.109874 2.03682 1.07758
vn 0.4403591 0.2283446 0.06279003
vt 0.440161 1.607993
v 0.1097515 2.050715 1.08502
vn 0.4546339 0.162843 0.129577
vt 0.437615 1.600859
v 0.1116555 2.06038 1.09331
vn 0.4656886 0.116616 0.139767
vt 0.434661 1.595153
v 0.1201435 2.07802 1.07752
vn 0.4389451 0.2092636 0.116344
vt 0.441521 1.582694
v 0.118462 2.095415 1.090805
vn 0.4606734 0.1816535 0.06915248
vt 0.435913 1.570032
v 0.1309975 2.115245 1.07247
vn 0.4342561 0.23681 0.07309352
vt 0.444937 1.554718
v 0.1166205 2.118775 1.10287
vn 0.4427506 0.2257846 0.05471051
vt 0.431842 1.553591
v 0.114861 2.077685 1.09495
vn 0.4766802 0.1240605 0.08593603
vt 0.434191 1.58372
v 0.105473 2.057145 1.11591
vn 0.4927343 0.02887474 0.07986947
vt 0.425729 1.597933
v 0.1101675 2.076855 1.11487
vn 0.478569 0.1228205 0.07672551
vt 0.42596 1.585504
v 0.106535 2.07837 1.129105
vn 0.249521 0.4121982 -0.1335362
vt 0.420037 1.584395
v 0.113008 2.096365 1.10988
vn 0.4689944 0.17297 0.0112091
vt 0.427968 1.570306
v 0.1075785 2.098555 1.120695
vn 0.1605385 0.4422902 -0.1691354
vt 0.422254 1.568083
v 0.1114395 2.12243 1.111875
vn 0.09778321 0.4484399 -0.1983434
vt 0.426765 1.551267
v 0.1215865 2.13944 1.101825
vn 0.1528177 0.4251674 -0.214195
vt 0.43164 1.539944
v 0.125054 2.13634 1.092985
vn 0.4401509 0.2175704 0.09450046
vt 0.436546 1.542091
v 0.129102 2.154465 1.091915
vn 0.08905312 0.4178977 -0.2596749
vt 0.435584 1.530757
v 0.1344 2.152955 1.083775
vn 0.4371285 0.2390665 0.0420232
vt 0.43935 1.533549
v 0.1335515 2.1346 1.07476
vn 0.4506141 0.196395 0.09152002
vt 0.443538 1.542332
v 0.1386045 2.15262 1.073865
vn 0.4759081 0.1379325 0.06697851
vt 0.443647 1.532928
v 0.1403915 2.170775 1.071195
vn 0.2944632 0.2447652 -0.3215298
vt 0.444586 1.520781
v 0.141828 2.17284 1.063
vn 0.4380218 -0.1587015 -0.1815233
vt 0.447708 1.517313
v 0.1367755 2.13511 1.065525
vn 0.3112818 -0.3908517 -0.01840088
vt 0.44856 1.542107
v 0.139531 2.152795 1.066195
vn 0.348702 -0.3476681 0.0867975
vt 0.446929 1.531229
v 0.106815 2.061395 1.13783
vn 0.2942783 0.355139 -0.1930714
vt 0.418081 1.596189
v 0.1381335 2.116695 1.060725
vn 0.35365 -0.343219 -0.08445356
vt 0.451191 1.555546
v 0.1063505 2.040165 1.126705
vn 0.4929346 -0.07979702 0.02545411
vt 0.423099 1.609722
v 0.100302 2.03447 1.11159
vn 0.4989334 -0.0180706 0.02718215
vt 0.427607 1.611688
v 0.103644 2.04137 1.100045
vn 0.481573 0.1134955 0.0721545
vt 0.431368 1.607341
v 0.1073225 2.045265 1.14623
vn 0.2874584 0.3879359 -0.1298978
vt 0.416203 1.60751
v 0.1052735 2.02713 1.150985
vn 0.3439724 0.328145 -0.1549319
vt 0.415498 1.619156
v 0.106765 2.02302 1.132535
vn 0.4977508 -0.04718668 -0.004196253
vt 0.421847 1.62119
v 0.1065165 2.00814 1.15442
vn 0.4306381 0.2231364 -0.1214946
vt 0.414925 1.631464
v 0.106591 2.0054 1.13529
vn 0.497417 -0.0285588 -0.0419614
vt 0.421819 1.633051
v 0.1010085 2.021755 1.11335
vn 0.4978733 -0.01320399 -0.04413453
vt 0.427744 1.619905
v 0.10362 2.00838 1.11902
vn 0.486912 -0.04828715 -0.1028835
vt 0.426761 1.629093
v 0.1060645 2.00027 1.11108
vn 0.4621999 0.09215999 -0.1669665
vt 0.429642 1.633709
v 0.109114 1.987035 1.13269
vn 0.4800737 0.02032936 -0.1382605
vt 0.423415 1.644926
v 0.109442 1.985375 1.157105
vn 0.4622518 0.1160147 -0.151208
vt 0.412973 1.640621
v 0.1148235 1.97355 1.12474
vn 0.4706517 0.0003412371 -0.1687806
vt 0.426288 1.653404
v 0.123237 1.95601 1.149105
vn 0.4563457 0.09711351 -0.1797709
vt 0.415924 1.673894
v 0.127892 1.94677 1.125755
vn 0.4596169 0.03420614 -0.1938615
vt 0.427267 1.673909
v 0.129811 1.937125 1.145165
vn 0.4873821 0.05207449 -0.09872681
vt 0.419704 1.686362
v 0.116335 1.963755 1.107285
vn 0.4557389 -0.02819035 -0.2037335
vt 0.43162 1.658405
v 0.1322775 1.91606 1.14134
vn 0.4978583 0.04424895 -0.01338557
vt 0.423428 1.697174
v 0.1354485 1.924025 1.121355
vn 0.4815301 0.130995 -0.03112941
vt 0.429785 1.690032
v 0.130897 1.89969 1.12927
vn 0.4896952 0.01290584 0.1001602
vt 0.428294 1.706099
v 0.1377585 1.91836 1.104805
vn 0.4542978 0.1169475 0.1730224
vt 0.435199 1.693353
v 0.114272 1.98941 1.102345
vn 0.4907359 0.04744828 -0.08322848
vt 0.433429 1.64075
v 0.106143 2.020595 1.09374
vn 0.4884421 0.09462652 -0.04970081
vt 0.434362 1.620191
v 0.133986 1.903615 1.09857
vn 0.459019 0.1715335 0.099387
vt 0.437245 1.703704
v 0.126611 1.88747 1.110535
vn 0.4807132 0.07441562 0.1156595
vt 0.434256 1.714048
v 0.1448885 1.93199 1.104935
vn 0.4296137 0.2486486 -0.06004953
vt 0.435787 1.685854
v 0.134009 1.94491 1.10212
vn 0.323788 0.180096 -0.335748
vt 0.43529 1.675359
v 0.117415 1.96307 1.0814
vn 0.3418338 0.2424674 -0.2726889
vt 0.439016 1.657788
v 0.119147 1.95861 1.09425
vn 0.3938044 0.0445518 -0.3048495
vt 0.436099 1.661737
v 0.1117255 1.97653 1.09099
vn 0.4956861 0.06074001 -0.02461695
vt 0.436172 1.650639
v 0.057998 1.81552 1.351365
vn -0.21504 -0.06364949 0.4468854
vt 0.149464 1.406258
v 0.0710625 1.80722 1.351945
vn -0.2271961 -0.1338965 0.4247984
vt 0.147132 1.406854
v 0.0706965 1.79775 1.387805
vn -0.4749596 -0.04053167 0.1508991
vt 0.146742 1.420036
v 0.0641585 1.811685 1.38215
vn -0.3425036 0.03575011 0.3625096
vt 0.148231 1.417257
v 0.0685445 1.810405 1.40407
vn -0.4338295 -0.02512725 0.2473068
vt 0.148435 1.432966
v 0.07145 1.812945 1.327105
vn -0.1947312 -0.08411587 0.452774
vt 0.147172 1.397774
v 0.0635025 1.819995 1.315195
vn -0.1758486 -0.05517954 0.464793
vt 0.148641 1.393227
v -0.00057908 1.833295 1.377815
vn 0.01647411 -0.05458703 0.4967382
vt 0.162598 1.414976
v 0.001078815 1.83664 1.341655
vn 0.002276409 -0.03459208 0.4987968
vt 0.162461 1.402049
v -0.0690095 1.806715 1.383005
vn 0.3781484 -0.09236798 0.3138024
vt 0.17783 1.420632
v -0.0630685 1.81287 1.34803
vn 0.2009654 -0.06806448 0.4527473
vt 0.17761 1.410029
v 0.002581045 1.83894 1.29177
vn -0.005827389 0.02372731 0.4994027
vt 0.162411 1.384366
v -0.070693 1.81797 1.31163
vn 0.1669102 -0.05997919 0.4674864
vt 0.179128 1.396992
v -0.0747725 1.80503 1.351515
vn 0.2065848 -0.09823295 0.4446043
vt 0.179681 1.411832
v -0.0802625 1.8115 1.32159
vn 0.1838818 -0.05516937 0.461675
vt 0.180791 1.400969
v 0.0685445 1.810405 1.40407
vn -0.4412218 -0.02949145 0.2333528
vt 0.148435 1.432966
v -0.000952425 1.82944 1.402995
vn 0.0241591 -0.0776435 0.4933435
vt 0.162788 1.424932
v 0.0626365 1.80649 1.43886
vn -0.4577032 -0.08650415 0.1817272
vt 0.149541 1.445117
v -0.00097268 1.822555 1.440515
vn 0.0115291 -0.08629548 0.4923618
vt 0.162795 1.442079
v -0.000567945 1.817545 1.4681
vn 0.00759445 -0.0780105 0.4938185
vt 0.162732 1.45268
v 0.058015 1.807375 1.46224
vn -0.3656147 -0.04949623 0.3374552
vt 0.152582 1.454021
v -0.0002830195 1.813305 1.49289
vn 0.01843315 -0.0754645 0.4939285
vt 0.162687 1.460684
v 0.0444465 1.81118 1.488015
vn -0.2034134 -0.09475996 0.4468149
vt 0.155154 1.459765
v 0.0358076 1.80724 1.50597
vn -0.1953014 -0.1952594 0.4168107
vt 0.156302 1.465814
v 0.0517465 1.79589 1.498235
vn -0.3735039 -0.171139 0.2849672
vt 0.151779 1.465369
v 0.0413597 1.79531 1.51339
vn -0.3037241 -0.218099 0.3319406
vt 0.154678 1.468915
v 0.0453003 1.78768 1.52142
vn -0.1246677 -0.02919457 0.4833277
vt 0.15416 1.471126
v 0.02562025 1.7992 1.52983
vn -0.1998919 -0.1970509 0.4137803
vt 0.157505 1.473876
v 0.0308609 1.79282 1.535745
vn -0.03620951 0.1329396 0.4806412
vt 0.156644 1.475292
v 0.00127762 1.805225 1.538615
vn -0.01255105 -0.0890175 0.491852
vt 0.162437 1.475419
v 0.0133916 1.800805 1.543575
vn -0.09477134 0.18523 0.4546518
vt 0.159797 1.477824
v 0.001839975 1.803825 1.5488
vn 0.0113366 0.1815874 0.4657225
vt 0.162382 1.478366
v 0.0002038605 1.81037 1.51115
vn 0.004212521 -0.09851301 0.490181
vt 0.162609 1.466583
v 0.05883 1.793585 1.476555
vn -0.4594278 -0.0752928 0.1823652
vt 0.150003 1.45939
v 0.05896 1.790255 1.45375
vn -0.4567067 -0.01183193 0.2031722
vt 0.148388 1.451454
v 0.0626365 1.80649 1.43886
vn -0.4627593 -0.08492742 0.169237
vt 0.149541 1.445117
v -0.03645775 1.803695 1.509705
vn 0.223511 -0.16826 0.4144049
vt 0.169124 1.467798
v -0.0244372 1.798995 1.53162
vn 0.2151455 -0.165223 0.4200164
vt 0.167561 1.474394
v -0.04187275 1.79122 1.517165
vn 0.217688 -0.1331815 0.4299705
vt 0.171274 1.470738
v -0.0489034 1.803275 1.492875
vn 0.299403 -0.124702 0.3805355
vt 0.171629 1.462153
v -0.058793 1.801655 1.469825
vn 0.3991016 -0.07531952 0.2916246
vt 0.174864 1.452398
v -0.0604225 1.802 1.448505
vn 0.411522 -0.055401 0.2785325
vt 0.175535 1.448619
v -0.065091 1.80244 1.417275
vn 0.454451 -0.0573595 0.20046
vt 0.177245 1.434171
v -0.0592235 1.788705 1.45179
vn 0.4364594 -0.03089678 0.2419681
vt 0.176993 1.450813
v -0.0605715 1.79005 1.41877
vn 0.4615961 -0.06882623 0.1794214
vt 0.178968 1.435517
v -0.070172 1.79753 1.38557
vn 0.4467429 -0.1487104 0.1682438
vt 0.179346 1.421574
v -0.058155 1.790005 1.477575
vn 0.4196204 -0.0680468 0.2632268
vt 0.17541 1.458905
v -0.0530765 1.792505 1.497445
vn 0.3393074 -0.1171627 0.3480566
vt 0.173683 1.464899
v 0.1113915 2.118615 1.084575
vn -0.3970279 -0.2449949 -0.179851
vt 0.400154 1.723525
v 0.1008365 2.0944 1.080295
vn -0.3723364 -0.2653084 -0.2024279
vt 0.397548 1.740765
v 0.0966585 2.096195 1.094675
vn -0.4506686 -0.08525451 -0.1990715
vt 0.402236 1.742794
v 0.106458 2.122435 1.105745
vn -0.4190777 0.08858754 -0.2579266
vt 0.40664 1.725977
v 0.0969955 2.09922 1.114085
vn -0.4069213 0.2013316 -0.2094771
vt 0.407748 1.743443
v 0.0919945 2.07334 1.077565
vn -0.3952082 -0.2534926 -0.1719071
vt 0.395864 1.755496
v 0.0872865 2.07685 1.0994
vn -0.4565391 -0.03269691 -0.2012535
vt 0.402968 1.757583
v 0.085026 2.05524 1.07781
vn -0.4099489 -0.2546004 -0.1308455
vt 0.395088 1.768261
v 0.079179 2.0606 1.104805
vn -0.4580004 0.007566798 -0.2004455
vt 0.404014 1.770243
v 0.0765075 2.035575 1.08323
vn -0.4318021 -0.2247476 -0.114173
vt 0.395805 1.783665
v 0.072375 2.04371 1.11233
vn -0.4579394 0.03652115 -0.197377
vt 0.405978 1.784162
v 0.103623 2.047995 1.05737
vn -0.2801705 -0.3969115 -0.118177
vt 0.386043 1.764087
v 0.1069535 2.069375 1.062515
vn -0.2679745 -0.3932324 -0.153486
vt 0.389625 1.751185
v 0.0923365 2.02737 1.060765
vn -0.3300125 -0.35874 -0.1113435
vt 0.385599 1.779773
v 0.105987 2.029045 1.051695
vn -0.2446474 -0.4269083 -0.08886495
vt 0.380959 1.774709
v 0.107746 2.01248 1.0475
vn -0.2210601 -0.4376802 -0.09781855
vt 0.377856 1.784189
v 0.1161675 2.09136 1.066625
vn -0.2676945 -0.3867019 -0.1697095
vt 0.391936 1.735722
v 0.1307345 2.11616 1.06531
vn -0.2921865 -0.3895301 -0.113549
vt 0.392645 1.714784
v 0.119197 2.13637 1.082595
vn -0.4194405 -0.2366165 -0.1344705
vt 0.400738 1.709745
v 0.1157875 2.139005 1.096785
vn -0.3990193 0.08008796 -0.2904643
vt 0.405381 1.710955
v 0.1278275 2.154485 1.07551
vn -0.4364494 -0.2250124 -0.09424097
vt 0.401335 1.695063
v 0.1254285 2.15504 1.08426
vn -0.4137352 0.03484642 -0.2785837
vt 0.404554 1.695532
v 0.135389 2.17151 1.067185
vn -0.308685 0.0436543 -0.3909065
vt 0.39958 1.678323
v 0.1114395 2.12243 1.111875
vn 0.09778321 0.4484399 -0.1983434
vt 0.409413 1.724051
v 0.1215865 2.13944 1.101825
vn 0.1528177 0.4251674 -0.214195
vt 0.408321 1.710075
v 0.1327595 2.134865 1.067865
vn -0.3038596 -0.3919271 -0.06373802
vt 0.395978 1.706199
v 0.1367755 2.13511 1.065525
vn 0.3112818 -0.3908517 -0.01840088
vt 0.392666 1.700753
v 0.1381335 2.116695 1.060725
vn 0.35365 -0.343219 -0.08445356
vt 0.389688 1.708855
v 0.1316775 2.03315 1.04062
vn -0.1286875 -0.471499 -0.1054905
vt 0.375237 1.760851
v 0.129652 2.051095 1.045605
vn -0.147753 -0.4613979 -0.1236165
vt 0.37894 1.7522
v 0.151762 2.035685 1.03894
vn 0.4288214 -0.2141885 -0.1422514
vt 0.370839 1.749354
v 0.1475525 2.053495 1.04336
vn 0.4264573 -0.2096114 -0.1555545
vt 0.374245 1.740356
v 0.155148 2.01717 1.035405
vn 0.4167785 -0.2433644 -0.1306502
vt 0.367341 1.758595
v 0.1340065 2.014675 1.036025
vn -0.111877 -0.4799857 -0.08424553
vt 0.371729 1.772621
v 0.1174825 1.990915 1.04069
vn -0.1611025 -0.4678201 -0.07204401
vt 0.372244 1.791844
v 0.0866975 1.9886 1.048605
vn -0.05460964 -0.4199211 -0.2658647
vt 0.379416 1.804066
v 0.106451 1.96908 1.038905
vn 0.0005165509 -0.4648595 -0.1841341
vt 0.371409 1.811934
v 0.137928 1.97183 1.031525
vn -0.051091 -0.496302 0.0327719
vt 0.36367 1.793023
v 0.1374855 1.994945 1.03192
vn -0.08375551 -0.4905526 -0.04840651
vt 0.367612 1.783676
v 0.1229645 1.954495 1.037305
vn 0.006633897 -0.4987738 0.03436154
vt 0.363902 1.813165
v 0.09504 1.95459 1.02912
vn 0.1586569 -0.4292437 -0.2014394
vt 0.370536 1.82781
v 0.1175615 1.9381 1.037885
vn 0.2321839 -0.4416011 0.03284969
vt 0.361759 1.823329
v 0.138914 1.94652 1.03752
vn 0.00924525 -0.475467 0.1544205
vt 0.358341 1.809574
v 0.1581735 1.97773 1.032615
vn 0.3545119 -0.3525822 -0.002664845
vt 0.360437 1.781527
v 0.158361 1.95903 1.034805
vn 0.343855 -0.3540595 0.08003529
vt 0.357082 1.790919
v 0.157565 1.998015 1.033715
vn 0.38502 -0.2965539 -0.117539
vt 0.363992 1.768904
v 0.133542 1.927665 1.046475
vn 0.07066099 -0.4410584 0.2246654
vt 0.356496 1.819408
v 0.1303875 1.904345 1.057665
vn 0.3052866 -0.3520536 0.1812687
vt 0.352354 1.835573
v 0.148781 1.91973 1.052245
vn 0.2165436 -0.3493896 0.2846678
vt 0.352792 1.817924
v 0.15765 1.939285 1.040495
vn 0.3202274 -0.3312639 0.1942129
vt 0.354413 1.804546
v 0.073541 2.005915 1.070165
vn -0.1518556 -0.3084801 -0.363015
vt 0.389311 1.799014
v 0.065253 2.01748 1.095965
vn -0.2310877 -0.1920961 -0.3996218
vt 0.399307 1.796997
v 0.066061 2.02873 1.12714
vn -0.2346162 0.03039788 -0.4404897
vt 0.410545 1.797292
v 0.082876 2.03122 1.14703
vn -0.1009525 0.3065402 -0.3818922
vt 0.416155 1.800188
v 0.085387 2.045955 1.135945
vn -0.3088665 0.3234135 -0.2236185
vt 0.413404 1.784099
v 0.1052735 2.02713 1.150985
vn 0.3439724 0.328145 -0.1549319
vt 0.423184 1.784654
v 0.0838445 2.016275 1.160515
vn 0.1641907 0.3195788 -0.3477223
vt 0.420309 1.803615
v 0.1065165 2.00814 1.15442
vn 0.4306381 0.2231364 -0.1214946
vt 0.426822 1.796467
v 0.0940425 1.998295 1.17289
vn 0.3527567 0.2296396 -0.2698673
vt 0.421666 1.812279
v 0.109442 1.985375 1.157105
vn 0.4622518 0.1160147 -0.151208
vt 0.42834 1.80962
v 0.1029815 1.978025 1.178525
vn 0.4268629 0.1162712 -0.2329572
vt 0.422136 1.822118
v 0.123237 1.95601 1.149105
vn 0.4567377 0.09832932 -0.1781068
vt 0.42884 1.833676
v 0.1175595 1.95002 1.175895
vn 0.4498224 0.09380431 -0.1971307
vt 0.421635 1.838638
v 0.1073225 2.045265 1.14623
vn 0.2874584 0.3879359 -0.1298978
vt 0.419779 1.773635
v 0.0872925 2.06281 1.128795
vn -0.3564578 0.2929443 -0.1926694
vt 0.410594 1.771098
v 0.106815 2.061395 1.13783
vn 0.2942783 0.355139 -0.1930714
vt 0.416741 1.764085
v 0.106535 2.07837 1.129105
vn 0.249521 0.4121982 -0.1335362
vt 0.413575 1.754136
v 0.0910505 2.08005 1.121795
vn -0.3768303 0.2574249 -0.2042824
vt 0.409518 1.75733
v 0.1075785 2.098555 1.120695
vn 0.1605385 0.4422902 -0.1691354
vt 0.411671 1.740896
v 0.0227749 2.030605 1.13906
vn -0.01986084 -0.09375396 -0.4907298
vt 0.612455 1.895763
v 0.01908285 2.034435 1.16
vn -0.0050126 -0.03736885 -0.4985764
vt 0.613794 1.881206
v 0.0392542 2.032505 1.161905
vn 0.08354698 0.004566774 -0.4929493
vt 0.606757 1.8796
v 0.047897 2.0291 1.13875
vn 0.03324941 -0.04830507 -0.4965492
vt 0.603531 1.895962
v 0.0159298 2.033745 1.18293
vn -0.0154496 0.04999354 -0.4972544
vt 0.61505 1.865268
v -0.0001006095 2.032 1.160275
vn -0.04608648 -0.04831393 -0.4955218
vt 0.620923 1.881401
v -0.0003625215 2.030115 1.182775
vn -0.02714684 0.03927399 -0.4977154
vt 0.621033 1.865795
v -0.02015725 2.03162 1.160745
vn 0.02137785 -0.0353994 -0.4982869
vt 0.628329 1.88079
v -0.0193808 2.03318 1.183645
vn 0.057286 0.01985485 -0.4963105
vt 0.627998 1.864665
v -0.0166344 2.02812 1.21562
vn 0.02027271 0.08685652 -0.4919806
vt 0.626662 1.842668
v -0.0422995 2.032145 1.161615
vn -0.06718098 -0.03327734 -0.4943474
vt 0.636101 1.879936
v 0.00059323 2.026385 1.139715
vn -0.01471865 -0.09499901 -0.4906715
vt 0.62068 1.895878
v -0.02172785 2.03069 1.139185
vn 0.03975278 -0.05967597 -0.4948318
vt 0.628935 1.895792
v -0.0596 2.026935 1.167965
vn -0.2219616 0.07358903 -0.4419476
vt 0.643314 1.874374
v -0.04747705 2.03011 1.138765
vn -0.04756092 -0.05139052 -0.4950727
vt 0.637972 1.895959
v -0.0642175 2.026445 1.149415
vn -0.164552 0.04021381 -0.4704311
vt 0.645675 1.886926
v -0.084127 2.016175 1.160515
vn -0.07914809 0.3281439 -0.3688593
vt 0.654625 1.878361
v -0.0650225 2.027535 1.12948
vn 0.2468725 0.1164768 -0.4189119
vt 0.647456 1.901746
v -0.0448774 2.02517 1.115325
vn -0.04423004 -0.1142605 -0.4847559
vt 0.636842 1.913122
v -0.02131805 2.027 1.11982
vn 0.03599485 -0.1048875 -0.4875479
vt 0.628746 1.909693
v 1.06426E-05 2.023025 1.11927
vn 0.002263611 -0.1021345 -0.4894522
vt 0.620896 1.910357
v -0.0654235 2.01751 1.095875
vn 0.243311 -0.1739625 -0.4006704
vt 0.646837 1.927655
v -0.048135 2.017085 1.08924
vn -0.0491834 -0.160115 -0.4711095
vt 0.637523 1.933333
v -0.03899665 2.023 1.10442
vn -0.03064686 -0.134179 -0.4806837
vt 0.634575 1.921323
v -0.053836 2.009875 1.07233
vn -0.06982053 -0.2033711 -0.4514037
vt 0.639382 1.947297
v -0.073729 2.0059 1.070065
vn 0.1774259 -0.3155583 -0.3448811
vt 0.64854 1.948929
v -0.0217576 2.02226 1.101005
vn 0.03302528 -0.1364109 -0.4798973
vt 0.628642 1.9237
v -0.0001146175 2.01773 1.097635
vn 0.000226821 -0.1415895 -0.4795335
vt 0.62094 1.925885
v -0.02614095 2.016995 1.08276
vn 0.0169895 -0.1670009 -0.4709799
vt 0.629882 1.937328
v -0.000110579 2.01015 1.075
vn -0.0007097647 -0.1938654 -0.4608858
vt 0.620937 1.942527
v -0.034684 2.010765 1.06725
vn -0.01638175 -0.21671 -0.4502981
vt 0.632484 1.949674
v -0.0539445 2.003275 1.06024
vn -0.0853105 -0.260372 -0.4182446
vt 0.639432 1.956571
v -0.03975515 2.004535 1.056955
vn -0.04249162 -0.2682312 -0.4198172
vt 0.634243 1.95809
v -0.086903 1.9885 1.04853
vn 0.06152008 -0.4253442 -0.2555339
vt 0.652122 1.968086
v -0.0511575 1.99154 1.042455
vn -0.09563214 -0.3298869 -0.3633582
vt 0.638251 1.971378
v -0.01577965 2.004505 1.058085
vn 0.04463596 -0.241878 -0.435319
vt 0.626285 1.956363
v -0.02945575 1.99438 1.04221
vn -0.01717405 -0.3085379 -0.3930769
vt 0.63098 1.969514
v -0.000104775 1.992265 1.040665
vn 0.0152554 -0.2939625 -0.4041699
vt 0.620938 1.969364
v -0.0693605 1.974285 1.03161
vn -0.1259849 -0.3737972 -0.3072515
vt 0.644763 1.991285
v -0.01904975 1.967125 1.010715
vn -0.0400571 -0.3614556 -0.3431404
vt 0.627246 1.995256
v -0.109553 1.97056 1.04013
vn -0.02771874 -0.4737454 -0.1574705
vt 0.657295 1.983882
v -0.0952305 1.95444 1.029115
vn -0.2007021 -0.4236146 -0.173981
vt 0.656492 1.994018
v -0.0356037 1.976325 1.022005
vn -0.03248324 -0.3304847 -0.3737977
vt 0.633797 1.992532
v -9.91745E-05 1.96459 1.007335
vn -0.001600014 -0.3605179 -0.3464451
vt 0.6209 1.997895
v 0.0165737 1.96739 1.01067
vn 0.03494054 -0.3618797 -0.3432525
vt 0.615352 1.995586
v 0.015568 2.0045 1.058105
vn -0.04667605 -0.2493985 -0.4308384
vt 0.615591 1.956331
v 0.02924575 1.99441 1.04223
vn -0.00120416 -0.3064849 -0.3950514
vt 0.610904 1.969489
v 0.0359179 1.97624 1.022
vn 0.068905 -0.3500848 -0.3502753
vt 0.607927 1.992498
v 0.0509495 1.991615 1.04247
vn 0.09475827 -0.3285455 -0.3647995
vt 0.603653 1.97137
v 0.0537295 2.003345 1.06026
vn 0.08025851 -0.2637325 -0.4171376
vt 0.602455 1.956545
v 0.03953985 2.00457 1.05698
vn 0.05941798 -0.2786039 -0.4109128
vt 0.607636 1.958062
v 0.03446605 2.01078 1.067275
vn 0.02097855 -0.211655 -0.4525065
vt 0.609391 1.949645
v 0.02592 2.01698 1.082785
vn -0.0166122 -0.17102 -0.4695489
vt 0.611994 1.937301
v 0.073541 2.005915 1.070165
vn -0.1518556 -0.3084801 -0.363015
vt 0.593288 1.948779
v 0.0866975 1.9886 1.048605
vn -0.05460964 -0.4199211 -0.2658647
vt 0.5897 1.96797
v 0.0691585 1.974385 1.031625
vn 0.137428 -0.3714862 -0.3051419
vt 0.597129 1.991266
v 0.09504 1.95459 1.02912
vn 0.1621426 -0.4269767 -0.2034717
vt 0.585427 1.993993
v 0.106451 1.96908 1.038905
vn 0.0005165509 -0.4648595 -0.1841341
vt 0.584482 1.983964
v 0.0536175 2.00994 1.07235
vn 0.06888202 -0.200121 -0.4529976
vt 0.602505 1.947216
v 0.0479099 2.01714 1.08926
vn 0.05290098 -0.1684754 -0.4677793
vt 0.604355 1.933262
v 0.0215321 2.022235 1.10103
vn -0.03998835 -0.1304415 -0.4810259
vt 0.613235 1.92367
v 0.0387662 2.023035 1.104445
vn 0.03359814 -0.1222374 -0.4836622
vt 0.607289 1.921286
v 0.0211185 2.02664 1.119925
vn -0.03240011 -0.102703 -0.4882646
vt 0.613126 1.909677
v 0.04463255 2.02471 1.115485
vn 0.01804266 -0.1111585 -0.4871532
vt 0.60502 1.913072
v 0.065253 2.01748 1.095965
vn -0.2310877 -0.1920961 -0.3996218
vt 0.594956 1.927992
v 0.066061 2.02873 1.12714
vn -0.2346162 0.03039788 -0.4404897
vt 0.594871 1.903461
v 0.0639285 2.02652 1.14944
vn 0.05786502 0.08646502 -0.4890557
vt 0.596362 1.88753
v 0.082876 2.03122 1.14703
vn -0.1009525 0.3065402 -0.3818922
vt 0.590738 1.889967
v 0.0838445 2.016275 1.160515
vn 0.1641907 0.3195788 -0.3477223
vt 0.587231 1.878515
v 0.056805 2.026735 1.17002
vn 0.1817066 0.08827803 -0.4573726
vt 0.599626 1.873271
v 0.1303875 1.904345 1.057665
vn 0.3052866 -0.3520536 0.1812687
vt 0.142227 1.651392
v 0.1112235 1.922345 1.030085
vn 0.371076 -0.3266295 -0.0749385
vt 0.152518 1.649274
v 0.1175615 1.9381 1.037885
vn 0.2321839 -0.4416011 0.03284969
vt 0.152049 1.640027
v 0.1093875 1.90024 1.01919
vn 0.3928062 -0.2918926 -0.1024791
vt 0.152246 1.662749
v 0.0807895 1.91853 0.999745
vn 0.2487596 -0.3900211 -0.1897426
vt 0.16206 1.661846
v 0.0770175 1.895965 0.986775
vn 0.2618429 -0.3748234 -0.2023505
vt 0.162729 1.675384
v 0.04532905 1.94172 0.997905
vn 0.1268405 -0.4056146 -0.2634166
vt 0.171614 1.653739
v 0.03716055 1.917595 0.979845
vn 0.1461836 -0.3945827 -0.2700646
vt 0.173794 1.669141
v 0.0795775 1.86654 0.97082
vn 0.2924984 -0.3223129 -0.2460874
vt 0.162616 1.69496
v 0.1092015 1.876205 1.01014
vn 0.4032697 -0.2637162 -0.1335191
vt 0.151162 1.677186
v 0.1122985 1.849795 0.999055
vn 0.4068435 -0.2303694 -0.177224
vt 0.150267 1.693756
v 0.0337252 1.88332 0.953695
vn 0.1774785 -0.3746184 -0.2795755
vt 0.175155 1.692192
v -0.001065735 1.88895 0.94683
vn -0.01257386 -0.4000957 -0.2996086
vt 0.184111 1.689991
v -0.001220545 1.928055 0.979385
vn -0.002462869 -0.3979543 -0.3026983
vt 0.184106 1.664977
v 0.0165737 1.96739 1.01067
vn 0.03494054 -0.3618797 -0.3432525
vt 0.17935 1.639312
v -9.91745E-05 1.96459 1.007335
vn -0.001600014 -0.3605179 -0.3464451
vt 0.183827 1.641484
v 0.05657 1.960465 1.014265
vn 0.1414321 -0.3815002 -0.2906106
vt 0.168608 1.641072
v 0.0359179 1.97624 1.022
vn 0.068905 -0.3500848 -0.3502753
vt 0.174163 1.632243
v 0.1271535 1.86235 1.044505
vn 0.4848604 -0.1037255 -0.06443149
vt 0.140348 1.676288
v 0.1305185 1.836175 1.033425
vn 0.4890244 -0.071652 -0.075638
vt 0.138602 1.69193
v 0.12571 1.88713 1.05192
vn 0.4762272 -0.1495653 0.02894638
vt 0.142705 1.660872
v 0.0509495 1.991615 1.04247
vn 0.09475827 -0.3285455 -0.3647995
vt 0.170141 1.621649
v 0.0691585 1.974385 1.031625
vn 0.137428 -0.3714862 -0.3051419
vt 0.16524 1.630107
v 0.08704 1.939635 1.014385
vn 0.2427729 -0.3840464 -0.2087335
vt 0.160644 1.648751
v 0.09504 1.95459 1.02912
vn 0.1621426 -0.4269767 -0.2034717
vt 0.158983 1.636738
v 0.12941 1.82624 1.06462
vn 0.4972091 0.05274468 0.001062204
vt 0.130565 1.688375
v 0.126904 1.855395 1.074575
vn 0.4982891 0.01383738 0.03894175
vt 0.133106 1.670565
v 0.1330295 1.878455 1.08769
vn 0.4862785 0.02704991 0.113144
vt 0.132656 1.651599
v 0.130026 1.7882 1.049385
vn 0.4965972 0.05553752 0.01751551
vt 0.127146 1.707622
v 0.1307595 1.803815 1.01783
vn 0.4958557 -0.04759157 -0.04315252
vt 0.137553 1.710391
v 0.118941 1.81753 0.98346
vn 0.4271518 -0.1953396 -0.1714171
vt 0.147823 1.712942
v 0.1216585 1.794495 1.097355
vn 0.495796 0.05170221 0.03889975
vt 0.116746 1.693746
v 0.123463 1.826265 1.09961
vn 0.4949432 0.06155085 0.03525224
vt 0.122527 1.674728
v 0.1311375 1.719575 1.02191
vn 0.4931948 0.08212497 0.003791374
vt 0.12094 1.749337
v 0.118028 1.76218 1.096975
vn 0.4712287 0.1320221 0.1025361
vt 0.111222 1.710841
v 0.119367 1.801635 1.139215
vn 0.4761277 0.08404523 0.1274318
vt 0.109217 1.67444
v 0.104129 1.77125 1.1452
vn 0.4397129 0.1173007 0.2071064
vt 0.101969 1.689249
v 0.0917185 1.744655 1.142045
vn 0.4264723 0.1765591 0.1922192
vt 0.0974715 1.70112
v 0.089714 1.683565 1.11762
vn 0.3958729 0.2764719 0.1297995
vt 0.0923067 1.738935
v 0.132399 1.699035 1.02237
vn 0.4910351 0.08987202 -0.02841736
vt 0.118684 1.758001
v 0.1339925 1.61964 1.025015
vn 0.4499294 0.2180429 -0.004569998
vt 0.109644 1.791394
v 0.08854 1.58615 1.083685
vn 0.2776706 0.3943151 0.1319645
vt 0.091533 1.795496
v 0.0601285 1.66694 1.13336
vn 0.2230721 0.3733371 0.2466946
vt 0.0819536 1.74578
v 0.0564155 1.576705 1.086255
vn 0.1280584 0.4549558 0.1631449
vt 0.0825547 1.796926
v 0 1.660395 1.14905
vn 0.004087678 0.4099838 0.2861758
vt 0.0691523 1.7467
v 0 1.566395 1.106655
vn 0.00841618 0.4730513 0.1617147
vt 0.069157 1.798525
v 0.0405572 1.48804 1.068685
vn 0.188806 0.4455776 0.1257495
vt 0.0788381 1.844018
v 0.0744325 1.43662 1.04147
vn 0.1937476 0.4507133 0.09653706
vt 0.086835 1.875772
v 0 1.38151 1.056105
vn -0.004188366 0.4936711 0.0791918
vt 0.069157 1.897974
v 0 1.482805 1.090585
vn 0.002866237 0.481212 0.1357452
vt 0.069157 1.842696
v 0 1.218265 1.04031
vn -0.0001584616 0.4945382 0.07370167
vt 0.069157 1.975538
v 0.02827905 1.22212 1.027795
vn 0.1420996 0.4752241 0.06300592
vt 0.0758412 1.976725
v 0.0628085 1.22871 1.02547
vn 0.1454437 0.474833 0.05813621
vt 0.0817354 1.978341
v 0.1219045 1.449155 1.019215
vn 0.3696331 0.3319771 0.05623702
vt 0.0963828 1.878458
v 0.093041 1.241745 1.008425
vn 0.2483462 0.4327928 0.03185249
vt 0.0878784 1.975882
v 0.141597 1.29936 0.9812401
vn 0.312339 0.3900546 -0.01737308
vt 0.096573 1.95545
v 0.1492915 1.497535 0.958435
vn 0.4863874 0.1084955 -0.04069499
vt 0.112677 1.871334
v 0.1417715 1.598165 1.01284
vn 0.4745538 0.1572834 -0.007786597
vt 0.107612 1.807041
v 0.138231 1.641155 1.001665
vn 0.4973042 0.02331311 -0.04631412
vt 0.115881 1.788427
v 0.1283135 1.64742 0.902965
vn 0.4558264 -0.16631 -0.1206785
vt 0.140897 1.81384
v 0.191849 1.377305 0.89578
vn 0.4546092 0.1659097 -0.1257159
vt 0.115984 1.939457
v 0.138759 1.557035 0.873695
vn 0.4687927 -0.06886403 -0.1596596
vt 0.136304 1.862674
v 0.148903 1.519615 0.807585
vn 0.3941499 0.167252 -0.2582105
vt 0.142502 1.897414
v 0.1139225 1.706 0.92818
vn 0.4618457 -0.1666954 -0.09439894
vt 0.142295 1.779339
v 0.081216 1.736165 0.882765
vn 0.3867804 -0.2762915 -0.1551255
vt 0.159149 1.770667
v 0.113989 1.57097 0.796175
vn 0.3581339 0.1400325 -0.3195794
vt 0.149477 1.874914
v 0.082983 1.60485 0.788275
vn 0.3271516 0.06511602 -0.3724671
vt 0.159232 1.859066
v 0.0557705 1.636815 0.79917
vn 0.3599945 -0.197241 -0.285482
vt 0.164502 1.840383
v 0.085384 1.641245 0.841415
vn 0.3735329 -0.2837619 -0.1730675
vt 0.155999 1.830063
v 0.07514001 1.70849 0.8596451
vn 0.3705835 -0.31068 -0.1270665
vt 0.161649 1.791158
v 0.07502 1.74719 0.88116
vn 0.457531 -0.198948 0.03294075
vt 0.161577 1.769359
v 0.0805925 1.74888 0.89085
vn 0.4137169 -0.2806514 -0.008553998
vt 0.159745 1.765997
v 0.089137 1.76425 0.89394
vn 0.4109243 -0.2805389 -0.04938763
vt 0.159847 1.758617
v 0.075971 1.756465 0.870445
vn 0.4832399 -0.1278432 0.01163098
vt 0.163977 1.767908
v 0.06520001 1.715385 0.8514451
vn 0.476101 -0.146716 0.04245449
vt 0.164566 1.790729
v 0.131334 1.75734 0.95436
vn 0.4683071 -0.1722825 -0.03173671
vt 0.142637 1.748328
v 0.0829295 1.825565 0.93683
vn 0.2896931 -0.3145401 -0.2591186
vt 0.162967 1.720301
v 0.121321 1.738975 0.942885
vn 0.4501626 -0.2069121 0.06738702
vt 0.143081 1.759952
v 0.0501745 1.672595 0.822815
vn 0.344046 -0.319015 -0.1728055
vt 0.166844 1.819594
v 0.046263 1.65153 0.79996
vn 0.3586782 -0.2587257 -0.2332616
vt 0.166543 1.835624
v 0.04275935 1.677675 0.81791
vn 0.4302266 -0.2538415 -0.0216704
vt 0.16883 1.818594
v 0.0385289 1.660775 0.79669
vn 0.4944769 -0.07351504 -0.009386471
vt 0.168412 1.833033
v 0.04350385 1.643835 0.788495
vn 0.388545 -0.1010815 -0.298019
vt 0.167098 1.841442
v 0.0536665 1.68789 0.82982
vn 0.4291241 -0.2460726 0.07280652
vt 0.166706 1.810086
v 0.07251 1.727405 0.84016
vn 0.4056439 -0.2661852 -0.1208241
vt 0.166742 1.789974
v 0.059143 1.70071 0.82399
vn 0.3782531 -0.3249065 0.03688308
vt 0.168346 1.807733
v 0.075971 1.756465 0.870445
vn 0.4832399 -0.1278432 0.01163098
vt 0.163977 1.767908
v 0.0609225 1.67739 0.835795
vn 0.3601636 -0.3243956 -0.122677
vt 0.164416 1.812939
v 0.067359 1.61816 0.777295
vn 0.3105935 0.050813 -0.3885225
vt 0.164448 1.856335
v 0.0360521 1.65387 0.782365
vn 0.4754481 0.1445965 -0.05514451
vt 0.169736 1.841316
v 0.04164595 1.66387 0.776265
vn 0.4319247 -0.08305838 -0.2377864
vt 0.171563 1.840834
v 0.0385289 1.660775 0.79669
vn 0.4963507 -0.0597304 0.008263064
vt 0.168412 1.833033
v 0.096327 1.611715 0.758105
vn 0.2687725 -0.175848 -0.3831955
vt 0.162965 1.869624
v 0.0550855 1.628615 0.76867
vn 0.2743231 -0.2929931 -0.2981641
vt 0.168546 1.85419
v 0.04164595 1.66387 0.776265
vn 0.4321997 -0.08988003 -0.2347872
vt 0.171563 1.840834
v 0.1236235 1.579395 0.78087
vn 0.3881602 0.04422683 -0.3120507
vt 0.153615 1.878998
v 0.088885 1.572955 0.73194
vn 0.2860711 -0.2748961 -0.3042951
vt 0.167018 1.883921
v 0.1703655 1.49018 0.76695
vn 0.4379155 -0.1165332 -0.2113056
vt 0.144075 1.933403
v 0.1731735 1.50781 0.794915
vn 0.4352611 0.06028652 -0.2385651
vt 0.142495 1.914758
v 0.090673 1.54932 0.69229
vn 0.2877375 -0.1644366 -0.3743898
vt 0.166634 1.914093
v 0.0002444115 1.6406 0.74185
vn 0.03958735 -0.4240825 -0.261891
vt 0.183835 1.856602
v 0 1.603195 0.7037
vn 0.0086305 -0.3131525 -0.3896935
vt 0.183835 1.875627
v 0.00054487 1.66947 0.75215
vn 0.0174746 -0.322029 -0.382089
vt 0.183835 1.847231
v -0.0451748 1.63829 0.75377
vn -0.3656915 -0.13212 -0.314347
vt 0.193743 1.855543
v -0.088885 1.573175 0.726295
vn -0.2903264 -0.2539544 -0.3181474
vt 0.200364 1.882601
v 0 1.59399 0.68963
vn 0.007284197 -0.2545064 -0.4303178
vt 0.183835 1.889282
v -0.091675 1.600725 0.757
vn -0.2942595 -0.04999284 -0.4011385
vt 0.204251 1.867591
v -0.03984995 1.624645 0.764675
vn -0.3247195 0.144556 -0.3516545
vt 0.194962 1.846548
v -0.094759 1.58852 0.771195
vn -0.1815185 0.203049 -0.4193115
vt 0.207426 1.859678
v -0.1240415 1.575225 0.78447
vn -0.3111151 -0.08100352 -0.3829436
vt 0.215847 1.876849
v -0.1703655 1.490195 0.76654
vn -0.43638 -0.09546969 -0.2246287
vt 0.223595 1.933403
v -0.090673 1.54932 0.69061
vn -0.2894183 -0.1753933 -0.3680683
vt 0.201036 1.914093
v 0 1.58321 0.669935
vn 0.003601269 -0.2266025 -0.4456886
vt 0.183835 1.902936
v -0.0935705 1.586005 0.78567
vn -0.3063054 -0.04871014 -0.3921789
vt 0.208559 1.855032
v -0.04505925 1.633255 0.78665
vn -0.2341409 -0.2563014 -0.3598439
vt 0.197128 1.839226
v -0.00312137 1.67039 0.811025
vn -0.08296099 -0.3535775 -0.3436575
vt 0.186398 1.816222
v -0.08384 1.670015 0.846565
vn -0.2903799 -0.3365889 -0.2288829
vt 0.206104 1.812114
v 0.004801415 1.664355 0.79801
vn -0.292743 0.0771755 -0.3979265
vt 0.18448 1.824404
v -0.153944 1.55714 0.87119
vn -0.4609084 -0.009867549 -0.1935615
vt 0.231072 1.861134
v -0.143078 1.645815 0.901465
vn -0.4580511 -0.16012 -0.1206265
vt 0.226946 1.812391
v -0.1759175 1.53266 0.832645
vn -0.4542789 -0.02510564 -0.2073654
vt 0.228569 1.886619
v 0.0113817 1.664875 0.80652
vn -0.2274156 -0.114321 -0.4303636
vt 0.182398 1.818182
v 0.0003314445 1.678035 0.78233
vn -0.2097843 0.1080438 -0.4408141
vt 0.183835 1.833234
v -0.1197645 1.71895 0.91626
vn -0.3556295 -0.3144625 -0.1569745
vt 0.220288 1.774518
v -0.1319705 1.711405 0.925475
vn -0.4457326 -0.1875505 -0.127072
vt 0.22386 1.77592
v -0.139893 1.653585 0.99256
vn -0.4966207 0.03565247 -0.04579002
vt 0.24547 1.78691
v -0.1412255 1.63468 0.981705
vn -0.4990388 0.02807844 -0.01310949
vt 0.2431 1.799081
v -0.077431 1.76742 0.894425
vn -0.2320206 -0.3689081 -0.2450986
vt 0.202991 1.75764
v -0.002993785 1.77294 0.872735
vn -0.2107931 -0.3618257 -0.2732187
vt 0.184636 1.760977
v -0.0186141 1.713975 0.8376301
vn -0.1454736 -0.4244517 -0.2206316
vt 0.188868 1.794172
v -0.0051158 1.7183 0.83405
vn -0.2723091 -0.4013876 0.121391
vt 0.186433 1.791599
v 0 1.72162 0.818985
vn -0.189174 -0.4554521 0.08232001
vt 0.183726 1.789289
v 0.0152048 1.772295 0.8609
vn -0.01637565 -0.3856041 -0.31787
vt 0.178879 1.762648
v 0.00466649 1.845165 0.915245
vn -0.012405 -0.4241785 -0.2644215
vt 0.182661 1.717323
v -0.0246401 1.815715 0.92217
vn -0.1519575 -0.4462974 -0.166516
vt 0.191543 1.731614
v 0.0198283 1.711385 0.83698
vn -0.2068655 -0.4538694 0.03477409
vt 0.179901 1.795892
v 0.02140265 1.682765 0.79573
vn -0.1092615 -0.23217 -0.4291375
vt 0.179013 1.821174
v 0.0003314445 1.678035 0.78233
vn -0.2060229 0.1074665 -0.4427251
vt 0.183835 1.833234
v 0.0296083 1.71814 0.83205
vn 0.05378551 -0.4521416 -0.2065795
vt 0.175716 1.793687
v 0.0419004 1.68621 0.80967
vn 0.4982131 0.01313164 0.04014083
vt 0.172609 1.816914
v 0.00609535 1.70472 0.83962
vn -0.05072102 -0.4740032 -0.1508256
vt 0.183908 1.798754
v -0.0441843 1.83535 0.92392
vn -0.124201 -0.4534949 -0.1700485
vt 0.194953 1.718826
v 0.059143 1.70071 0.82399
vn 0.379494 -0.3224575 0.04478241
vt 0.168346 1.807733
v 0.0481122 1.66837 0.79401
vn 0.4997658 0.008292698 0.0128626
vt 0.170127 1.831792
v 0.07251 1.727405 0.84016
vn 0.4056439 -0.2661852 -0.1208241
vt 0.166742 1.789974
v -0.0215917 1.87208 0.941165
vn -0.1339891 -0.3957997 -0.2745716
vt 0.189468 1.698962
v -0.0810615 1.857745 0.96054
vn -0.2990986 -0.3025441 -0.2626921
vt 0.205194 1.700567
v -0.0367179 1.882375 0.954035
vn -0.1754601 -0.3872776 -0.2631156
vt 0.193284 1.691364
v -0.08292951 1.825565 0.9368301
vn -0.2959841 -0.3300591 -0.2312021
vt 0.204703 1.720301
v -0.0807835 1.8009 0.92262
vn -0.211595 -0.3926346 -0.225977
vt 0.20414 1.733925
v 0.02779475 1.65837 0.77267
vn 0.1805971 -0.3305546 -0.3288136
vt 0.176166 1.843745
v -0.111954 1.809895 0.97403
vn -0.3984118 -0.2355229 -0.1892009
vt 0.21754 1.718232
v -0.111175 1.8526 1.00074
vn -0.4125845 -0.234035 -0.158119
vt 0.217617 1.692619
v -0.0784295 1.870775 0.9722
vn -0.297445 -0.308381 -0.2577355
vt 0.205336 1.692149
v -0.077315 1.895945 0.986615
vn -0.2748546 -0.3665822 -0.2001811
vt 0.204686 1.675539
v -0.03889495 1.917265 0.98028
vn -0.1452805 -0.3955519 -0.2691324
vt 0.194228 1.669216
v -0.0809835 1.91842 0.999735
vn -0.2546259 -0.3860169 -0.1901489
vt 0.205307 1.661969
v -0.109819 1.87619 1.009785
vn -0.403135 -0.271635 -0.1170325
vt 0.217094 1.677786
v -0.127631 1.835475 1.03357
vn -0.4937337 -0.05393202 -0.05760552
vt 0.228814 1.692334
v -0.1262435 1.862035 1.044515
vn -0.4888575 -0.09066251 -0.052902
vt 0.229295 1.67928
v -0.1265825 1.85572 1.084535
vn -0.496678 0.009028472 0.05682819
vt 0.239859 1.673931
v -0.125488 1.88696 1.052035
vn -0.4634847 -0.1856896 0.02648336
vt 0.227236 1.668559
v -0.1338095 1.88004 1.08653
vn -0.4773504 0.01477532 0.1480482
vt 0.237743 1.663452
v -0.1375275 1.901815 1.063115
vn -0.2901086 -0.324553 0.2459723
vt 0.229337 1.661978
v -0.125868 1.825205 1.075695
vn -0.4976451 0.0376576 0.03051689
vt 0.24223 1.687814
v -0.1098975 1.90019 1.0189
vn -0.3988995 -0.2814485 -0.108009
vt 0.215665 1.664728
v -0.111502 1.92219 1.03001
vn -0.3764016 -0.31868 -0.08224901
vt 0.215216 1.652543
v -0.1249375 1.909565 1.05083
vn -0.3196509 -0.3684951 0.1097025
vt 0.223517 1.659452
v -0.087209 1.93949 1.01441
vn -0.254081 -0.3764714 -0.2090745
vt 0.20674 1.648818
v -0.0952305 1.95444 1.029115
vn -0.2023897 -0.4243613 -0.1701642
vt 0.209002 1.638683
v -0.117723 1.93795 1.03795
vn -0.211507 -0.4529823 0.008475351
vt 0.215617 1.643974
v -0.056777 1.960405 1.014235
vn -0.137405 -0.38244 -0.2913065
vt 0.19906 1.64121
v -0.0693605 1.974285 1.03161
vn -0.1259849 -0.3737972 -0.3072515
vt 0.202455 1.630279
v -0.0356037 1.976325 1.022005
vn -0.03248324 -0.3304847 -0.3737977
vt 0.193378 1.632271
v -0.0511575 1.99154 1.042455
vn -0.09563214 -0.3298869 -0.3633582
vt 0.197573 1.621776
v -0.04554815 1.941695 0.997835
vn -0.1275245 -0.4033319 -0.2665725
vt 0.19603 1.653852
v -0.01904975 1.967125 1.010715
vn -0.0400571 -0.3614556 -0.3431404
vt 0.188921 1.639443
v -0.002930765 1.871545 0.93714
vn -0.08047397 -0.4096114 -0.2752135
vt 0.184613 1.699303
v 0.0097135 1.87119 0.934415
vn 0.06307247 -0.4015513 -0.2911673
vt 0.181323 1.700947
v -0.063522 1.94722 1.34028
vn -0.2405774 0.4057998 0.1656775
vt 0.547618 1.891987
v -0.0627965 1.93115 1.34189
vn -0.1722734 0.4687853 0.02371139
vt 0.549513 1.943262
v -0.0554805 1.939235 1.343095
vn -0.2834612 0.4018055 0.0905656
vt 0.559595 1.917842
v -0.0512515 1.92813 1.34353
vn -0.3115852 0.390946 0.008708947
vt 0.565067 1.953696
v -0.0782115 1.94575 1.33265
vn -0.2246947 0.406918 0.1842012
vt 0.524132 1.894072
v -0.0777475 1.9306 1.33291
vn -0.3492812 0.3562307 0.03320157
vt 0.524435 1.945029
v -0.082836 1.935705 1.324
vn -0.2933776 0.3945823 0.09074352
vt 0.511311 1.929295
v -0.0827965 1.924645 1.32467
vn -0.2886163 0.4010632 -0.07647847
vt 0.51189 1.964697
v -0.0745055 1.916375 1.332635
vn -0.2257378 0.4076247 -0.1813411
vt 0.528344 1.990997
v -0.0616735 1.915665 1.339935
vn -0.2495463 0.3943802 -0.1794182
vt 0.549843 1.993465
v -0.073854 1.90796 1.345535
vn -0.2016811 0.2830921 -0.3594212
vt 0.658332 1.725815
v -0.0745055 1.916375 1.332635
vn -0.2257378 0.4076247 -0.1813411
vt 0.657813 1.735518
v -0.0848265 1.91565 1.331105
vn -0.189525 0.352177 -0.300086
vt 0.660599 1.73847
v -0.0947915 1.91027 1.326185
vn -0.4193861 0.2543746 -0.09699903
vt 0.665806 1.742608
v -0.0616735 1.915665 1.339935
vn -0.2495463 0.3943802 -0.1794182
vt 0.6551 1.729169
v -0.0906615 1.92517 1.32224
vn -0.2839264 0.4004338 -0.09507146
vt 0.660531 1.74629
v -0.0988545 1.921765 1.313885
vn -0.4401529 0.2342335 -0.03741734
vt 0.665469 1.751829
v -0.1026195 1.933835 1.307745
vn -0.4523571 0.2074195 -0.04847906
vt 0.66438 1.760106
v -0.0827965 1.924645 1.32467
vn -0.2886163 0.4010632 -0.07647847
vt 0.658007 1.742493
v -0.092778 1.935775 1.32199
vn -0.338148 0.3603635 0.07611899
vt 0.658364 1.750614
v -0.082836 1.935705 1.324
vn -0.2933776 0.3945823 0.09074352
vt 0.65642 1.745578
v -0.0512515 1.92813 1.34353
vn -0.3115852 0.390946 0.008708947
vt 0.650265 1.729956
v -0.0554805 1.939235 1.343095
vn -0.2834612 0.4018055 0.0905656
vt 0.649491 1.734404
v -0.00049069 1.809545 1.558525
vn -0.008976324 0.3231177 0.3814634
vt 0.587605 1.545931
v -0.0554265 1.738435 1.355845
vn -0.02375074 0.09511834 -0.4902942
vt 0.706307 1.664833
v -0.0574335 1.74295 1.33828
vn -0.04426313 0.1537771 -0.4737018
vt 0.708377 1.674873
v -0.0598815 1.7497 1.322125
vn -0.001861199 0.2500544 -0.4329773
vt 0.708768 1.685062
v -0.0712705 1.74329 1.32052
vn -0.4063788 0.2574773 -0.1362414
vt 0.714379 1.686421
v -0.0776215 1.75295 1.30972
vn -0.352418 0.330171 -0.129571
vt 0.713359 1.696065
v -0.0641295 1.758415 1.30908
vn 0.0659214 0.2821561 -0.4074829
vt 0.708259 1.694553
v -0.068663 1.76773 1.298715
vn 0.1629736 0.3472767 -0.3206845
vt 0.707931 1.702734
v -0.0837345 1.7674 1.299165
vn -0.2748451 0.4035581 -0.107708
vt 0.710718 1.707282
v -0.0909865 1.76144 1.28565
vn -0.4726922 0.06072002 0.1512455
vt 0.715039 1.715829
v -0.0814445 1.746135 1.29639
vn -0.4354079 0.05656399 0.239208
vt 0.718482 1.703736
v -0.0758895 1.785505 1.293
vn 0.2875164 0.3834954 -0.1423573
vt 0.705843 1.712957
v -0.089267 1.788305 1.29316
vn -0.2928604 0.3943639 0.09332698
vt 0.706051 1.718884
v -0.0825805 1.80371 1.298155
vn 0.2954107 0.3481262 0.2038154
vt 0.70062 1.717305
v -0.09612 1.78453 1.27782
vn -0.4793871 0.08102001 0.116721
vt 0.709614 1.726028
v -0.1021575 1.80735 1.276105
vn -0.4841089 0.07476899 0.1002405
vt 0.703095 1.734538
v -0.0847245 1.75705 1.26778
vn -0.4271996 -0.06514002 0.2515101
vt 0.71975 1.72296
v -0.0927845 1.776975 1.2613
vn -0.469025 -0.02258675 0.1717715
vt 0.714843 1.733048
v -0.088792 1.77048 1.23918
vn -0.4400365 -0.0228606 0.236316
vt 0.721141 1.743604
v -0.0996485 1.798665 1.25744
vn -0.4820252 0.002713551 0.1328321
vt 0.709161 1.742369
v 0.0517465 1.79589 1.498235
vn -0.3752812 -0.1681974 0.2843829
vt 0.151779 1.465369
v 0.0559505 1.78803 1.50204
vn -0.1361698 -0.08233415 0.474003
vt 0.151873 1.465595
v 0.0453003 1.78768 1.52142
vn -0.1246677 -0.02919457 0.4833277
vt 0.15416 1.471126
v 0.0743615 1.91785 1.33501
vn 0.2292303 0.4078827 -0.1763098
vt 0.702725 1.985062
v 0.0777275 1.930955 1.33369
vn 0.3357779 0.3704764 -0.0006457398
vt 0.707847 1.943822
v 0.063102 1.93156 1.34143
vn 0.1471695 0.477744 -0.0100889
vt 0.684584 1.941629
v 0.0641285 1.91789 1.34126
vn 0.2448975 0.388815 -0.1970993
vt 0.685083 1.985147
v 0.052926 1.927875 1.343025
vn 0.2780229 0.4138942 -0.03734796
vt 0.67035 1.952552
v 0.0655235 1.94463 1.34043
vn 0.2323666 0.4281098 0.1128174
vt 0.687858 1.900321
v 0.07854 1.94462 1.332725
vn 0.2774993 0.3872893 0.1516611
vt 0.709549 1.900305
v 0.0840785 1.934675 1.32201
vn 0.2954375 0.4033809 0.0007399281
vt 0.724106 1.930419
v 0.0832505 1.925675 1.327305
vn 0.3042713 0.3683423 -0.1474549
vt 0.719283 1.959868
v 0.0584245 1.937605 1.341505
vn 0.2165501 0.4456077 0.06737845
vt 0.678273 1.92201
v 0.05883 1.793585 1.476555
vn -0.4594278 -0.0752928 0.1823652
vt 0.5673 1.607821
v 0.061576 1.787155 1.47919
vn 0.005532558 0.02021668 0.4995605
vt 0.568355 1.610303
v 0.0559505 1.78803 1.50204
vn -0.1361698 -0.08233415 0.474003
vt 0.570805 1.593947
v 0.0517465 1.79589 1.498235
vn -0.3752812 -0.1681974 0.2843829
vt 0.570643 1.594482
v 0.0640355 1.785875 1.451405
vn 0.008874195 0.01856269 0.4995765
vt 0.564293 1.627252
v 0.05896 1.790255 1.45375
vn -0.4567067 -0.01183193 0.2031722
vt 0.5632 1.623775
v 0.06028 1.790115 1.423525
vn -0.4619309 -0.07272296 0.1770063
vt 0.558859 1.642934
v 0.0706965 1.79775 1.387805
vn -0.4749596 -0.04053167 0.1508991
vt 0.555882 1.66825
v 0.072372 1.79245 1.38685
vn -0.07649771 -0.1273567 0.4774185
vt 0.557895 1.669166
v 0.001272095 1.719395 1.49586
vn 0.01858426 0.3001772 -0.3994349
vt 0.545701 1.532404
v 0.00100673 1.707355 1.50271
vn 0.05641996 0.4959966 -0.02835759
vt 0.540085 1.530766
v 0.00100673 1.707355 1.50271
vn 0.05544257 0.4963738 -0.02322093
vt 0.540085 1.530766
v 0.0215434 1.70972 1.498325
vn 0.182554 0.4555918 0.09544726
vt 0.541929 1.545424
v 0.0215434 1.70972 1.498325
vn 0.182554 0.4555918 0.09544726
vt 0.541929 1.545424
v 0.00100673 1.707355 1.50271
vn 0.05297267 0.4970778 -0.01036934
vt 0.540085 1.530766
v 0.0685445 1.810405 1.40407
vn -0.4412218 -0.02949145 0.2333528
vt 0.148435 1.432966
v 0.06028 1.790115 1.423525
vn -0.4619309 -0.07272296 0.1770063
vt 0.146549 1.433442
v 0.0626365 1.80649 1.43886
vn -0.4627593 -0.08492742 0.169237
vt 0.149541 1.445117
v -0.000183845 1.684725 1.41197
vn 0.04615063 -0.1149415 0.4844157
vt 0.730826 1.593999
v -0.01037805 1.683455 1.419455
vn -0.06301203 -0.05611902 0.4928287
vt 0.726025 1.591672
v -0.02951635 1.68646 1.426255
vn -0.253919 -0.06648251 0.4255646
vt 0.719478 1.595596
v -0.000178892 1.682495 1.443965
vn 0.01536749 0.05200646 0.4970505
vt 0.723719 1.56974
v -0.03919155 1.695855 1.439915
vn -0.364428 0.0149131 0.3420085
vt 0.712807 1.58919
v -0.04100575 1.706625 1.41574
vn -0.3906106 -0.04970162 0.3081446
vt 0.714748 1.610661
v -0.0229181 1.68646 1.444405
vn -0.168139 0.08490751 0.463163
vt 0.717427 1.580264
v -0.02602985 1.69335 1.464755
vn -0.2114885 0.129571 0.4341474
vt 0.71171 1.567768
v -0.053864 1.721065 1.424
vn -0.4465133 0.01192144 0.2246859
vt 0.70654 1.615642
v -0.050756 1.714685 1.44192
vn -0.4665394 0.02199044 0.1784865
vt 0.706003 1.597585
v -0.0563705 1.73466 1.43108
vn -0.3899877 0.1645927 -0.2661182
vt 0.701003 1.615392
v -0.0001712975 1.68739 1.46864
vn -0.003439866 0.1371852 0.4807997
vt 0.71792 1.552319
v -0.0462714 1.707615 1.46034
vn -0.4140013 0.110996 0.2574544
vt 0.70505 1.57838
v -0.03376875 1.702045 1.47656
vn -0.3154867 0.1933246 0.3362942
vt 0.705179 1.563265
v -0.002125395 1.69554 1.49062
vn -0.01137318 0.2685663 0.4215955
vt 0.70952 1.53716
v -0.02052265 1.69899 1.488275
vn -0.1933534 0.2549208 0.3842263
vt 0.704919 1.548127
v -0.03836845 1.715375 1.48346
vn -0.3694915 0.336843 -0.003577995
vt 0.699932 1.563426
v -0.0483425 1.72179 1.46834
vn -0.4291613 0.2013989 -0.1589309
vt 0.699813 1.577272
v -0.050567 1.72699 1.448985
vn -0.4080764 0.1659425 -0.2365095
vt 0.699927 1.591461
v -0.0563705 1.73466 1.43108
vn -0.3797945 0.1640926 -0.2807663
vt 0.701003 1.615392
v -0.04085005 1.729535 1.451635
vn 0.08251172 0.08589011 -0.4856076
vt 0.694085 1.590123
v -0.04597985 1.735545 1.43468
vn 0.1315677 0.09796847 -0.4723263
vt 0.695407 1.611082
v -0.0563705 1.73466 1.43108
vn -0.3797945 0.1640926 -0.2807663
vt 0.701003 1.615392
v -0.03641965 1.727045 1.47063
vn 0.03818909 0.1002381 -0.4883584
vt 0.694933 1.574126
v 0.00100673 1.707355 1.50271
vn 0.05297267 0.4970778 -0.01036934
vt 0.701717 1.530766
v -0.02130675 1.710615 1.498695
vn -0.2149056 0.4510312 0.01965836
vt 0.699682 1.545356
v 0.001272095 1.719395 1.49586
vn 0.01858426 0.3001772 -0.3994349
vt 0.696102 1.532404
v -0.0185918 1.72033 1.492345
vn -0.03721946 0.1847852 -0.4631082
vt 0.695479 1.547504
v -0.03202725 1.7237 1.48222
vn -0.02649051 0.1894877 -0.4619445
vt 0.695584 1.564057
v -0.116018 2.139105 1.098665
vn 0.4173633 0.05804198 -0.2691449
vt 0.327342 1.861989
v -0.106838 2.12326 1.105445
vn 0.410437 0.1276925 -0.2554135
vt 0.326647 1.873879
v -0.112757 2.116395 1.081625
vn 0.3830036 -0.2678141 -0.1777185
vt 0.334451 1.873781
v -0.1196915 2.135775 1.08143
vn 0.4182202 -0.2404596 -0.1314195
vt 0.332759 1.86267
v -0.096575 2.097835 1.10044
vn 0.4554842 -0.07708954 -0.1912886
vt 0.329624 1.891653
v -0.097697 2.098785 1.116815
vn 0.352775 0.26658 -0.23342
vt 0.324921 1.892446
v -0.0883785 2.07985 1.108645
vn 0.4629526 0.009349951 -0.1886465
vt 0.328851 1.907954
v -0.0939085 2.07954 1.1253
vn 0.302543 0.3346955 -0.215515
vt 0.323832 1.908419
v -0.106312 2.078835 1.128835
vn -0.2491165 0.3919171 -0.1853158
vt 0.320691 1.904041
v -0.107636 2.098655 1.120685
vn -0.1931605 0.434535 -0.1544939
vt 0.321968 1.887943
v -0.106489 2.061455 1.137865
vn -0.2749205 0.3739755 -0.1859061
vt 0.318186 1.915217
v -0.0928815 2.062495 1.13355
vn 0.2646061 0.3701742 -0.2072551
vt 0.323007 1.923524
v -0.0917775 2.04286 1.14329
vn 0.2286425 0.3675505 -0.2502585
vt 0.321082 1.935214
v -0.1066275 2.04261 1.14783
vn -0.2857988 0.3780232 -0.1594287
vt 0.315313 1.927999
v -0.0885185 2.02997 1.151265
vn 0.1897688 0.3793506 -0.2647281
vt 0.319554 1.947837
v -0.105484 2.027375 1.150795
vn -0.3250429 0.3752379 -0.05952819
vt 0.313203 1.938727
v -0.1060155 2.00525 1.15595
vn -0.3777118 0.3160026 -0.08646469
vt 0.313659 1.957077
v -0.084127 2.016175 1.160515
vn -0.06138978 0.3307196 -0.3699403
vt 0.319734 1.955373
v -0.109574 1.98551 1.156605
vn -0.450523 0.1234784 -0.1782752
vt 0.313588 1.968037
v -0.093928 1.999095 1.17196
vn -0.3751732 0.1586928 -0.289934
vt 0.319983 1.963295
v -0.0811065 2.06215 1.115555
vn 0.454013 0.07625201 -0.195084
vt 0.328379 1.923666
v -0.0742545 2.04487 1.120975
vn 0.4307524 0.09942698 -0.233595
vt 0.327943 1.936454
v -0.0650225 2.027535 1.12948
vn 0.2501968 0.1249467 -0.4144754
vt 0.326399 1.950721
v -0.085317 2.0552 1.07725
vn 0.4153787 -0.2325586 -0.1528956
vt 0.339736 1.920676
v -0.0765485 2.03553 1.083125
vn 0.4341889 -0.18832 -0.1612935
vt 0.339096 1.937276
v -0.092665 2.07351 1.076445
vn 0.3945282 -0.2550361 -0.1711846
vt 0.338618 1.905857
v -0.1016535 2.09432 1.079135
vn 0.3771658 -0.2606929 -0.1994624
vt 0.336461 1.889306
v -0.118796 2.092795 1.065755
vn 0.2574275 -0.3976854 -0.1599295
vt 0.342714 1.884078
v -0.111154 2.071245 1.06101
vn 0.2531749 -0.4020789 -0.155676
vt 0.34463 1.898647
v -0.10574 2.048845 1.056325
vn 0.2591691 -0.4089856 -0.1247485
vt 0.347938 1.914543
v -0.09114 2.027705 1.061745
vn 0.3194404 -0.3620689 -0.1298615
vt 0.34723 1.933321
v -0.0654235 2.01751 1.095875
vn 0.243311 -0.1739625 -0.4006704
vt 0.336534 1.951627
v -0.073729 2.0059 1.070065
vn 0.1774259 -0.3155583 -0.3448811
vt 0.345123 1.952654
v -0.134867 2.0732 1.0507
vn 0.09692249 -0.4658915 -0.153464
vt 0.350745 1.89007
v -0.131859 2.09205 1.058405
vn 0.1899169 -0.4403303 -0.1415654
vt 0.346096 1.879065
v -0.13074 2.115955 1.066085
vn 0.2854846 -0.3961282 -0.1076151
vt 0.340791 1.8668
v -0.13934 2.09354 1.05653
vn -0.4137345 -0.2373893 -0.1499002
vt 0.347541 1.875083
v -0.143755 2.0747 1.051845
vn -0.4611574 -0.1266253 -0.1459447
vt 0.353035 1.884352
v -0.139293 2.0502 1.04218
vn 0.07663053 -0.4752167 -0.1352661
vt 0.356161 1.902318
v -0.148187 2.051455 1.043465
vn -0.4565406 -0.1304105 -0.1567286
vt 0.358403 1.89619
v -0.086903 1.9885 1.04853
vn 0.06152008 -0.4253442 -0.2555339
vt 0.353515 1.957488
v -0.107907 2.012355 1.047395
vn 0.1844895 -0.452172 -0.1072575
vt 0.355096 1.933835
v -0.142707 2.033645 1.037675
vn 0.05488901 -0.4869461 -0.09935152
vt 0.3601 1.909664
v -0.105464 2.02864 1.051945
vn 0.235566 -0.4321374 -0.08812449
vt 0.351496 1.926405
v -0.1453955 2.014655 1.03416
vn 0.04927751 -0.4902166 -0.08520202
vt 0.364156 1.918569
v -0.1526005 2.035085 1.0397
vn -0.4511932 -0.1418627 -0.1621716
vt 0.362574 1.903074
v -0.1563815 2.015735 1.036225
vn -0.4391147 -0.1993381 -0.1320706
vt 0.36682 1.91259
v -0.148927 1.994335 1.03044
vn -0.03333886 -0.4988851 0.001464095
vt 0.366989 1.929983
v -0.15817 1.9952 1.033755
vn -0.4388692 -0.2384466 -0.02317356
vt 0.370975 1.923024
v -0.117659 1.99078 1.040585
vn 0.1459215 -0.4727901 -0.07194752
vt 0.361327 1.942437
v -0.109553 1.97056 1.04013
vn -0.02771874 -0.4737454 -0.1574705
vt 0.361094 1.963837
v -0.1360655 1.971715 1.032145
vn 0.05787598 -0.4959298 0.02653264
vt 0.368091 1.947594
v -0.1593965 1.976495 1.03391
vn -0.374598 -0.3304141 -0.02242363
vt 0.374448 1.932201
v -0.123173 1.95433 1.03734
vn 0.07221298 -0.4936503 0.03308589
vt 0.36834 1.9604
v -0.1391145 1.94636 1.03755
vn -0.02521866 -0.4766428 0.1489151
vt 0.37499 1.956495
v -0.117723 1.93795 1.03795
vn -0.211507 -0.4529823 0.008475351
vt 0.37089 1.969925
v -0.1337505 1.927525 1.046555
vn -0.09234701 -0.438866 0.2210625
vt 0.378328 1.96955
v -0.160376 1.93861 1.042885
vn -0.3561817 -0.281844 0.209042
vt 0.381483 1.952565
v -0.160828 1.95508 1.03706
vn -0.3695282 -0.3288064 0.07304298
vt 0.378536 1.943447
v -0.149891 1.919625 1.052575
vn -0.2776422 -0.3091016 0.2781565
vt 0.38395 1.968068
v -0.1249375 1.909565 1.05083
vn -0.3196509 -0.3684951 0.1097025
vt 0.379979 1.984908
v -0.1375275 1.901815 1.063115
vn -0.2899341 -0.3214833 0.2501733
vt 0.384988 1.984129
v -0.0952305 1.95444 1.029115
vn -0.2023897 -0.4243613 -0.1701642
vt 0.36341 1.977121
v -0.1322055 2.13277 1.068515
vn 0.3161258 -0.3837103 -0.05320597
vt 0.337955 1.858071
v -0.135753 2.15158 1.066215
vn 0.188185 -0.4630215 0.01405175
vt 0.335144 1.847763
v -0.1279275 2.15497 1.075435
vn 0.4427102 -0.2077596 -0.104133
vt 0.332591 1.848222
v -0.1369635 2.132145 1.06542
vn -0.3235337 -0.3768969 0.05722485
vt 0.340086 1.853645
v -0.139866 2.15084 1.066775
vn -0.4099653 -0.2793529 0.062373
vt 0.337033 1.842883
v -0.1371835 2.173715 1.06293
vn 0.1526841 -0.4094742 -0.2429371
vt 0.333932 1.837612
v -0.1402475 2.174315 1.06529
vn -0.3333852 -0.197698 -0.3158636
vt 0.335353 1.834678
v -0.126466 2.156675 1.08722
vn 0.4059207 0.06248704 -0.2851732
vt 0.329313 1.848174
v -0.1286955 2.15641 1.09124
vn -0.0418997 0.3933435 -0.3058191
vt 0.327303 1.847502
v -0.1380875 2.173355 1.07372
vn -0.1995714 0.251747 -0.383138
vt 0.331075 1.83445
v -0.1353515 2.17263 1.07097
vn 0.3448231 0.02331786 -0.3613216
vt 0.332141 1.836905
v -0.119882 2.13957 1.10338
vn -0.09242549 0.4456437 -0.2070247
vt 0.324939 1.859078
v -0.1131935 2.123185 1.109895
vn -0.136159 0.4573427 -0.1493266
vt 0.323704 1.870162
v -0.1402475 2.174315 1.06529
vn -0.3488624 -0.1853046 -0.3065244
vt 0.335353 1.834678
v -0.1371835 2.173715 1.06293
vn 0.1662114 -0.4101168 -0.2327616
vt 0.333932 1.837612
v -0.136704 2.116425 1.06222
vn -0.3426016 -0.3518393 -0.09398511
vt 0.342298 1.862068
v -0.1371835 2.173715 1.06293
vn 0.1662114 -0.4101168 -0.2327616
vt 0.333932 1.837612
v -0.0491222 1.738805 1.41746
vn 0.1497211 0.02610956 -0.4763422
vt 0.20235 1.450158
v -0.04597985 1.735545 1.43468
vn 0.1315677 0.09796847 -0.4723263
vt 0.203733 1.457666
v -0.04085005 1.729535 1.451635
vn 0.08251172 0.08589011 -0.4856076
vt 0.206524 1.465516
v -0.1066275 2.04261 1.14783
vn -0.2857988 0.3780232 -0.1594287
vt 0.383749 1.609868
v -0.106489 2.061455 1.137865
vn -0.2749205 0.3739755 -0.1859061
vt 0.381584 1.5961
v -0.108438 2.05776 1.12478
vn -0.4988507 0.02803366 0.01902821
vt 0.376555 1.598341
v -0.1091755 2.0407 1.13412
vn -0.4996385 -0.0130327 0.0138379
vt 0.378879 1.610074
v -0.109423 2.07689 1.118325
vn -0.4877526 0.1099855 0.0007505302
vt 0.375104 1.585593
v -0.106312 2.078835 1.128835
vn -0.2491165 0.3919171 -0.1853158
vt 0.379576 1.58399
v -0.1085545 2.02299 1.138815
vn -0.499204 0.00044296 0.0282
vt 0.379911 1.621741
v -0.105484 2.027375 1.150795
vn -0.3250429 0.3752379 -0.05952819
vt 0.384171 1.618933
v -0.107321 2.00481 1.13837
vn -0.4978649 -0.0249395 -0.03883995
vt 0.379669 1.632918
v -0.1060155 2.00525 1.15595
vn -0.3777118 0.3160026 -0.08646469
vt 0.384849 1.633474
v -0.100325 2.03437 1.11142
vn -0.4887625 -0.01076055 0.104859
vt 0.371926 1.611908
v -0.100989 2.021755 1.11283
vn -0.4967444 0.008310048 -0.05635548
vt 0.371685 1.620057
v -0.103663 2.00833 1.11865
vn -0.4913936 -0.006124501 -0.0921675
vt 0.372703 1.629272
v -0.1091055 1.98719 1.1319
vn -0.4787178 -0.001578319 -0.1443149
vt 0.376031 1.64471
v -0.106155 2.00039 1.110465
vn -0.4729809 0.06548499 -0.1483265
vt 0.3697 1.633866
v -0.109574 1.98551 1.156605
vn -0.450523 0.1234784 -0.1782752
vt 0.386575 1.640374
v -0.1232965 1.956375 1.148095
vn -0.4625692 0.06360251 -0.1788419
vt 0.383747 1.673927
v -0.114734 1.97399 1.12343
vn -0.4739657 0.003729082 -0.1591936
vt 0.373037 1.652929
v -0.1165565 1.963555 1.10724
vn -0.458937 -0.0143282 -0.197918
vt 0.367884 1.658568
v -0.127682 1.947065 1.1247
vn -0.4393193 0.05021548 -0.2334029
vt 0.372128 1.673539
v -0.107636 2.098655 1.120685
vn -0.1931605 0.434535 -0.1544939
vt 0.377252 1.566845
v -0.114057 1.98975 1.1011
vn -0.4824379 0.005502999 -0.131238
vt 0.365581 1.640743
v -0.1054645 2.021145 1.094905
vn -0.4893152 0.1005555 -0.02143081
vt 0.365181 1.619798
v -0.108008 2.006375 1.0779
vn -0.4560834 0.1935874 -0.06717048
vt 0.359464 1.627291
v -0.1113975 2.025005 1.07136
vn -0.3960398 0.3048074 -0.01564964
vt 0.355932 1.617392
v -0.1098055 2.036705 1.077405
vn -0.4606096 0.1860875 0.05665901
vt 0.358183 1.610281
v -0.1095865 2.050655 1.084965
vn -0.4642547 0.142482 0.119023
vt 0.36195 1.602325
v -0.1035315 2.04126 1.100015
vn -0.4853038 0.08492697 0.08525047
vt 0.368179 1.607375
v -0.1119695 2.062275 1.09387
vn -0.4754069 0.09556198 0.121886
vt 0.365124 1.595019
v -0.117179 2.06103 1.073795
vn -0.4074523 0.2637969 0.1199744
vt 0.355004 1.595202
v -0.119971 2.07795 1.077315
vn -0.4317761 0.2184306 0.1259265
vt 0.357062 1.583351
v -0.1142815 2.07767 1.094705
vn -0.4741479 0.137751 0.0787935
vt 0.365362 1.585022
v -0.112337 2.09596 1.11172
vn -0.4645987 0.1831121 0.02485876
vt 0.372036 1.56999
v -0.1187415 2.098655 1.09122
vn -0.4606301 0.1805185 0.0723395
vt 0.363147 1.566358
v -0.1190915 2.116745 1.098665
vn -0.4476396 0.2137435 0.06270952
vt 0.364912 1.55263
v -0.1131935 2.123185 1.109895
vn -0.136159 0.4573427 -0.1493266
vt 0.372336 1.549946
v -0.131781 2.067765 1.06143
vn -0.3445961 0.3577491 0.05717602
vt 0.34957 1.589599
v -0.1273825 2.090485 1.07064
vn -0.4105534 0.2735795 0.08124149
vt 0.354014 1.573351
v -0.13934 2.09354 1.05653
vn -0.4137345 -0.2373893 -0.1499002
vt 0.34847 1.571269
v -0.143755 2.0747 1.051845
vn -0.4611574 -0.1266253 -0.1459447
vt 0.346421 1.585925
v -0.127379 2.114165 1.07841
vn -0.4407206 0.2211751 0.08274603
vt 0.357072 1.552557
v -0.1326565 2.13154 1.07652
vn -0.451457 0.187632 0.1047895
vt 0.356744 1.544348
v -0.1247275 2.133995 1.093955
vn -0.431917 0.2377865 0.08309849
vt 0.362633 1.542394
v -0.1386285 2.152675 1.07404
vn -0.4737677 0.1515831 0.05066302
vt 0.356326 1.531477
v -0.139866 2.15084 1.066775
vn -0.4099653 -0.2793529 0.062373
vt 0.353225 1.532466
v -0.1369635 2.132145 1.06542
vn -0.3235337 -0.3768969 0.05722485
vt 0.351985 1.54535
v -0.1402475 2.174315 1.06529
vn -0.3488624 -0.1853046 -0.3065244
vt 0.355039 1.516586
v -0.1380875 2.173355 1.07372
vn -0.1995714 0.251747 -0.383138
vt 0.358157 1.517951
v -0.1331545 2.15454 1.08667
vn -0.4221967 0.2677666 -0.007141703
vt 0.360336 1.531368
v -0.1286955 2.15641 1.09124
vn -0.0418997 0.3933435 -0.3058191
vt 0.363175 1.529929
v -0.119882 2.13957 1.10338
vn -0.09242549 0.4456437 -0.2070247
vt 0.3682 1.540338
v -0.136704 2.116425 1.06222
vn -0.3426016 -0.3518393 -0.09398511
vt 0.350971 1.553385
v -0.148187 2.051455 1.043465
vn -0.4565406 -0.1304105 -0.1567286
vt 0.341911 1.602589
v -0.13588 2.048505 1.05524
vn -0.31429 0.3866465 0.0415485
vt 0.346236 1.604395
v -0.1526005 2.035085 1.0397
vn -0.4511932 -0.1418627 -0.1621716
vt 0.340398 1.61262
v -0.141159 2.03113 1.05142
vn -0.2898711 0.4071355 -0.0146764
vt 0.344942 1.614681
v -0.1206765 2.044265 1.06404
vn -0.3233245 0.3741325 0.0740685
vt 0.351714 1.606997
v -0.125821 2.028525 1.061455
vn -0.3004306 0.3987767 0.02680726
vt 0.351407 1.616643
v -0.147169 2.01455 1.05029
vn -0.2719016 0.4126172 -0.07626653
vt 0.344806 1.626111
v -0.1563815 2.015735 1.036225
vn -0.4391147 -0.1993381 -0.1320706
vt 0.339056 1.624478
v -0.152769 1.998325 1.050415
vn -0.3508506 0.3389761 -0.1095405
vt 0.345688 1.638801
v -0.15817 1.9952 1.033755
vn -0.4388692 -0.2384466 -0.02317356
vt 0.339095 1.640927
v -0.126771 2.01024 1.054815
vn -0.2692219 0.4201474 -0.03155484
vt 0.349989 1.626944
v -0.1312285 1.995135 1.0577
vn -0.2332554 0.4220048 -0.132302
vt 0.35168 1.638143
v -0.1175195 1.987815 1.07483
vn -0.3846719 0.2894015 -0.1351825
vt 0.357691 1.642088
v -0.111869 1.976455 1.09073
vn -0.4899283 0.04512084 -0.08907497
vt 0.362553 1.649243
v -0.1175965 1.96329 1.081095
vn -0.3610744 0.2411104 -0.2479739
vt 0.359589 1.656794
v -0.119326 1.95837 1.09419
vn -0.369896 0.05251 -0.3322945
vt 0.363492 1.661877
v -0.1249675 1.9731 1.070465
vn -0.2828845 0.3623399 -0.196688
vt 0.356017 1.652565
v -0.1309315 1.94741 1.09972
vn -0.3259425 0.123165 -0.3585971
vt 0.363933 1.672628
v -0.1451415 1.932905 1.10435
vn -0.4584576 0.1908495 -0.05825001
vt 0.363663 1.685379
v -0.1354445 1.92382 1.121175
vn -0.482637 0.1275525 0.0281394
vt 0.369828 1.690152
v -0.1299195 1.93714 1.14461
vn -0.482093 0.0801302 -0.1056667
vt 0.37992 1.68652
v -0.1323035 1.915855 1.141145
vn -0.4983307 0.03484271 0.0212722
vt 0.376198 1.697308
v -0.137613 1.91824 1.105125
vn -0.4507662 0.1387241 0.1660286
vt 0.364598 1.6934
v -0.152939 1.938165 1.08586
vn -0.4341596 0.2242971 -0.1058125
vt 0.357004 1.682726
v -0.1461165 1.918365 1.08333
vn -0.4441114 0.175726 0.1479375
vt 0.356801 1.693535
v -0.136345 1.95243 1.084705
vn -0.2501665 0.2579155 -0.3477015
vt 0.358872 1.66931
v -0.14087 1.96255 1.072755
vn -0.2170356 0.3651592 -0.2637316
vt 0.354836 1.661876
v -0.140788 1.90052 1.087465
vn -0.4402595 0.188268 0.143968
vt 0.358322 1.70464
v -0.133991 1.903465 1.098465
vn -0.4407406 0.1830045 0.149188
vt 0.362398 1.703817
v -0.128109 1.893505 1.119925
vn -0.4891427 0.05037368 0.09056456
vt 0.368382 1.710097
v -0.1338095 1.88004 1.08653
vn -0.4773504 0.01477532 0.1480482
vt 0.358641 1.715285
v -0.1445735 1.90081 1.07233
vn -0.4184004 -0.06851549 0.265041
vt 0.353295 1.704182
v -0.160287 1.94527 1.06611
vn -0.469847 0.167702 -0.03346385
vt 0.350437 1.676586
v -0.160871 1.966075 1.0571
vn -0.4440215 0.208782 -0.096203
vt 0.347652 1.661681
v -0.144489 1.971875 1.064695
vn -0.1740425 0.397151 -0.2489585
vt 0.351906 1.655729
v -0.159099 1.98259 1.053395
vn -0.4059471 0.2376875 -0.169445
vt 0.346596 1.650884
v -0.160828 1.95508 1.03706
vn -0.3695282 -0.3288064 0.07304298
vt 0.339616 1.668216
v -0.1593965 1.976495 1.03391
vn -0.374598 -0.3304141 -0.02242363
vt 0.339392 1.653654
v -0.1367765 1.981755 1.05976
vn -0.1638575 0.4245375 -0.207168
vt 0.35117 1.648344
v -0.160376 1.93861 1.042885
vn -0.3561817 -0.281844 0.209042
vt 0.342166 1.680178
v -0.149891 1.919625 1.052575
vn -0.2776422 -0.3091016 0.2781565
vt 0.345354 1.694207
v -0.1540735 1.91941 1.066695
vn -0.466983 0.01064 0.178364
vt 0.351051 1.692197
v -0.1375275 1.901815 1.063115
vn -0.2899341 -0.3214833 0.2501733
vt 0.348296 1.706317
v -0.0512865 1.87196 1.431955
vn -0.4367523 0.05232853 -0.2377166
vt 0.649687 1.663849
v -0.063148 1.848635 1.425255
vn -0.4603724 0.01317355 -0.1946375
vt 0.659732 1.661653
v -0.071121 1.82545 1.42251
vn -0.4930077 0.002548001 -0.08328804
vt 0.668415 1.656999
v -0.07202 1.8006 1.421045
vn -0.4908969 0.02239119 0.09229798
vt 0.676987 1.65087
v -0.071008 1.82495 1.45086
vn -0.4952347 0.01831571 -0.06638603
vt 0.664674 1.639828
v -0.0711675 1.79877 1.45121
vn -0.4820921 0.03365051 0.1282765
vt 0.673509 1.632181
v -0.0641525 1.78635 1.45137
vn -0.15504 0.01206395 0.4752021
vt 0.677445 1.627367
v -0.066477 1.786845 1.41881
vn -0.1563105 -0.04005885 0.4732466
vt 0.681571 1.647646
v -0.0605715 1.79005 1.41877
vn 0.4615961 -0.06882623 0.1794214
vt 0.683308 1.646025
v -0.0592235 1.788705 1.45179
vn 0.4364594 -0.03089678 0.2419681
vt 0.678928 1.625008
v -0.0379795 1.892895 1.440035
vn -0.3817698 0.08728445 -0.3108588
vt 0.63919 1.663949
v -0.02062215 1.904925 1.446425
vn -0.2499835 0.07412949 -0.4266299
vt 0.63023 1.66319
v -0.0648585 1.84645 1.450035
vn -0.4595172 0.006420203 -0.1969841
vt 0.657136 1.646071
v -0.072323 1.793975 1.38494
vn -0.07725295 -0.1344007 0.4753614
vt 0.684161 1.670104
v -0.070172 1.79753 1.38557
vn 0.4467429 -0.1487104 0.1682438
vt 0.686077 1.669077
v -0.0787675 1.803525 1.35319
vn -0.1367879 -0.07792124 0.4745707
vt 0.68806 1.68502
v -0.054418 1.8645 1.45583
vn -0.4124995 0.03950045 -0.2797925
vt 0.64936 1.647313
v -0.062237 1.849465 1.46938
vn -0.4425152 0.05688952 -0.2257076
vt 0.653572 1.634955
v -0.0694405 1.827225 1.48275
vn -0.4896159 0.05946899 -0.08209549
vt 0.659994 1.620818
v -0.0388533 1.880905 1.471075
vn -0.3927749 0.1072745 -0.2902069
vt 0.638983 1.642735
v -0.02194095 1.902355 1.47663
vn -0.2482755 0.120505 -0.4169386
vt 0.628361 1.645197
v -0.002983115 1.912225 1.44901
vn -0.06051048 0.1080845 -0.4844133
vt 0.622258 1.663443
v -0.00690545 1.91899 1.41988
vn -0.1497455 0.1576 -0.450265
vt 0.624347 1.68259
v -0.01978115 1.89333 1.503685
vn -0.2725075 0.1607755 -0.3871575
vt 0.627412 1.625614
v -0.03126355 1.87634 1.49729
vn -0.3795982 0.09939405 -0.3098807
vt 0.635903 1.625406
v -0.053398 1.85867 1.48539
vn -0.393095 0.1135755 -0.287362
vt 0.647018 1.627297
v -0.0597425 1.84062 1.5026
vn -0.415343 0.1623165 -0.2261495
vt 0.651773 1.611741
v -0.0675765 1.81676 1.50573
vn -0.4844559 0.1236935 0.001569535
vt 0.660627 1.602574
v -0.0637235 1.800645 1.505505
vn -0.4459231 0.1471425 0.1717605
vt 0.665664 1.598387
v -0.067558 1.800255 1.48208
vn -0.4799455 0.064069 0.1246895
vt 0.669172 1.612942
v -0.061749 1.787335 1.4791
vn -0.1285165 0.04153845 0.4814126
vt 0.673421 1.610428
v -0.058155 1.790005 1.477575
vn 0.4196204 -0.0680468 0.2632268
vt 0.674765 1.608899
v -0.0530765 1.792505 1.497445
vn 0.3393074 -0.1171627 0.3480566
vt 0.671487 1.595588
v -0.0576345 1.789355 1.50271
vn -0.1700546 0.05787402 0.4666177
vt 0.669347 1.595991
v -0.0603615 1.82095 1.520655
vn -0.4146254 0.2694155 -0.074169
vt 0.656806 1.593486
v -0.0474636 1.825335 1.534495
vn -0.3770955 0.3220015 -0.064141
vt 0.652621 1.583481
v -0.04487585 1.84999 1.517985
vn -0.4298812 0.1708661 -0.1897551
vt 0.645203 1.604242
v -0.0454593 1.862425 1.50028
vn -0.3965994 0.1099825 -0.283924
vt 0.643175 1.618833
v -0.04187275 1.79122 1.517165
vn 0.217688 -0.1331815 0.4299705
vt 0.66731 1.581779
v -0.04724255 1.78895 1.52224
vn -0.04672233 0.09677287 0.4883155
vt 0.667059 1.580951
v -0.0535655 1.80191 1.52544
vn -0.3702876 0.2988091 0.1536236
vt 0.661873 1.585926
v -0.0380955 1.80586 1.540975
vn -0.2714125 0.3877345 0.1612365
vt 0.658184 1.573132
v -0.0322642 1.792815 1.535495
vn 0.03764189 0.1873215 0.4620538
vt 0.663792 1.569279
v -0.03514345 1.873295 1.520305
vn -0.377132 0.0556325 -0.3235375
vt 0.63635 1.609462
v -0.0182858 1.884965 1.5252
vn -0.208035 0.1557015 -0.427175
vt 0.627063 1.609254
v -0.03416405 1.869615 1.53977
vn -0.382172 0.1411685 -0.2898551
vt 0.635386 1.595889
v -0.01634835 1.87698 1.543625
vn -0.1417365 0.1997 -0.4359251
vt 0.626708 1.595321
v -0.0158827 1.86719 1.56672
vn -0.1540295 0.2949696 -0.3731861
vt 0.630537 1.57413
v -0.0130999 1.853695 1.578995
vn -0.108842 0.4851619 -0.05264399
vt 0.634796 1.56037
v -0.00128862 1.854455 1.57886
vn -0.007184948 0.4912449 -0.09288058
vt 0.629697 1.553864
v -0.03210505 1.862535 1.55767
vn -0.3542182 0.1948396 -0.2942227
vt 0.63757 1.584694
v -0.0386638 1.84856 1.536795
vn -0.475274 0.132279 -0.0813445
vt 0.642963 1.591072
v -0.0394438 1.849905 1.55033
vn -0.4930346 0.02869636 -0.07806002
vt 0.641901 1.584573
v -0.03255555 1.849935 1.570225
vn -0.3317952 0.3728766 -0.02958021
vt 0.639778 1.571917
v -0.0104082 1.83709 1.57025
vn -0.1167935 0.461343 0.1533685
vt 0.64004 1.553769
v -0.02766115 1.83723 1.564635
vn -0.2420605 0.3918915 0.1944935
vt 0.642658 1.566467
v -0.03667265 1.83975 1.558075
vn -0.4422143 0.1779029 0.1509869
vt 0.643475 1.574953
v -0.0338241 1.82859 1.546975
vn -0.4146237 0.2588526 0.1052735
vt 0.649634 1.573875
v -0.0183449 1.81 1.555145
vn -0.1726829 0.3467354 0.3161569
vt 0.654711 1.558584
v -0.025644 1.82251 1.559255
vn -0.3520791 0.2594251 0.2423611
vt 0.649557 1.563807
v -0.0149431 1.82103 1.567255
vn -0.1328525 0.4247609 0.227878
vt 0.647851 1.554442
v -0.000159893 1.82182 1.568265
vn -0.03693882 0.4421654 0.2304892
vt 0.646861 1.54464
v -0.00049069 1.809545 1.558525
vn -0.008976324 0.3231177 0.3814634
vt 0.654203 1.545931
v 0.001839975 1.803825 1.5488
vn 0.0113366 0.1815874 0.4657225
vt 0.658704 1.54647
v -0.0155222 1.79898 1.54399
vn 0.04587184 0.1480874 0.4753587
vt 0.66094 1.55733
v -0.000557795 1.83771 1.5736
vn -0.02455711 0.47321 0.1595908
vt 0.638213 1.547386
v -0.1232965 1.956375 1.148095
vn -0.4625692 0.06360251 -0.1788419
vt 0.313326 1.980581
v -0.125965 1.933295 1.164155
vn -0.4701747 0.1028821 -0.1354659
vt 0.318639 1.991078
v -0.1181155 1.94889 1.17478
vn -0.4586996 0.08010823 -0.1821465
vt 0.31955 1.9832
v -0.1299195 1.93714 1.14461
vn -0.482093 0.0801302 -0.1056667
vt 0.312937 1.98975
v -0.10295 1.97849 1.177575
vn -0.4221849 0.1243271 -0.2372818
vt 0.319457 1.973021
v 0.129811 1.937125 1.145165
vn 0.4873821 0.05207449 -0.09872681
vt 0.55219 1.858575
v 0.123237 1.95601 1.149105
vn 0.4567377 0.09832932 -0.1781068
vt 0.559495 1.864341
v 0.1175595 1.95002 1.175895
vn 0.4498224 0.09380431 -0.1971307
vt 0.562327 1.85447
v 0.0699145 1.769565 1.29716
vn -0.1775589 0.3541972 -0.3049872
vt 0.533922 1.704229
v 0.088985 1.78851 1.29327
vn 0.25839 0.4245965 0.0543365
vt 0.535792 1.71885
v 0.0757995 1.78605 1.292755
vn -0.2799167 0.3787133 -0.1679967
vt 0.536078 1.713184
v 0.080537 1.80431 1.29436
vn -0.3444197 0.3314698 0.1466385
vt 0.540974 1.717303
v 0.0757995 1.78605 1.292755
vn -0.2799167 0.3787133 -0.1679967
vt 0.232065 1.394428
v 0.141828 2.17284 1.063
vn 0.4289351 -0.1489791 -0.209332
vt 0.393939 1.676794
v 0.139531 2.152795 1.066195
vn 0.348702 -0.3476681 0.0867975
vt 0.395189 1.690582
v 0.1352295 2.15344 1.066455
vn -0.2241465 -0.4454465 0.0365487
vt 0.397716 1.694088
v 0.1377315 2.17314 1.060395
vn -0.2039502 -0.4394214 -0.1237465
vt 0.395915 1.675733
v 0.1377315 2.17314 1.060395
vn -0.2118762 -0.4278055 -0.1486303
vt 0.395915 1.675733
v 0.1377315 2.17314 1.060395
vn -0.2118762 -0.4278055 -0.1486303
vt 0.395915 1.675733
v 0.1403915 2.170775 1.071195
vn 0.2944632 0.2447652 -0.3215298
vt 0.400033 1.674347
v 0.141828 2.17284 1.063
vn 0.4289351 -0.1489791 -0.209332
vt 0.396001 1.671909
v 0.129102 2.154465 1.091915
vn 0.08905312 0.4178977 -0.2596749
vt 0.407663 1.695466
v -0.0650225 2.027535 1.12948
vn 0.2501968 0.1249467 -0.4144754
vt 0.647456 1.901746
v -0.0885185 2.02997 1.151265
vn 0.1897688 0.3793506 -0.2647281
vt 0.6523 1.885945
v -0.084127 2.016175 1.160515
vn -0.06138978 0.3307196 -0.3699403
vt 0.654625 1.878361
v 0.128971 2.06937 1.05188
vn -0.1689331 -0.4463596 -0.1490796
vt 0.383066 1.74251
v 0.1433955 2.071955 1.048765
vn 0.4065132 -0.2280795 -0.1809053
vt 0.378185 1.731212
v 0.1297035 2.091245 1.05903
vn -0.204917 -0.4381051 -0.126779
vt 0.387775 1.730356
v 0.1393765 2.093955 1.05572
vn 0.3908412 -0.2865153 -0.1230941
vt 0.383971 1.719967
v -0.0155222 1.79898 1.54399
vn 0.04587184 0.1480874 0.4753587
vt 0.165899 1.477738
v -0.0322642 1.792815 1.535495
vn 0.03764189 0.1873215 0.4620538
vt 0.168794 1.475107
v -0.04724255 1.78895 1.52224
vn -0.04672233 0.09677287 0.4883155
vt 0.171129 1.471088
v -0.121591 1.830075 1.123885
vn -0.4967584 0.03208669 0.04692078
vt 0.251975 1.678546
v -0.117757 1.79919 1.12532
vn -0.4845926 0.05732305 0.1090141
vt 0.257196 1.689891
v -0.1210805 1.77111 1.075295
vn -0.4881113 0.09823655 0.04579288
vt 0.249916 1.713176
v -0.132024 1.79906 0.99976
vn -0.4818726 -0.08362702 -0.1039485
vt 0.226416 1.716802
v -0.1054085 1.72227 1.10072
vn -0.4570856 0.1920916 0.06460302
vt 0.26581 1.72989
v -0.1401485 1.62891 1.029485
vn -0.4759479 0.1520215 0.019053
vt 0.256372 1.789613
v -0.0911675 1.683565 1.11762
vn -0.3764886 0.2987536 0.13785
vt 0.27582 1.74494
v -0.0872305 1.58615 1.083685
vn -0.260062 0.4031309 0.1409015
vt 0.276137 1.795496
v -0.0551065 1.576705 1.086255
vn -0.1465325 0.4528539 0.153139
vt 0.286248 1.794015
v -0.0608395 1.66694 1.13336
vn -0.2378421 0.3591536 0.2538501
vt 0.285518 1.745897
v 0 1.566395 1.106655
vn 0.00841618 0.4730513 0.1617147
vt 0.298513 1.798525
v 0 1.482805 1.090585
vn 0.002866237 0.481212 0.1357452
vt 0.298513 1.842696
v -0.0390934 1.48804 1.068685
vn -0.1993189 0.4390073 0.1324559
vt 0.289802 1.839167
v 0 1.38151 1.056105
vn -0.004188366 0.4936711 0.0791918
vt 0.298513 1.897974
v -0.0746185 1.43662 1.04147
vn -0.2037995 0.4486 0.084993
vt 0.280921 1.874098
v -0.0801495 1.502625 1.059345
vn -0.2532255 0.411476 0.1287025
vt 0.278823 1.841262
v -0.1301895 1.5332 1.023285
vn -0.4154915 0.27373 0.04938365
vt 0.26391 1.836441
v -0.121534 1.449155 1.019215
vn -0.3547978 0.3504744 0.03586419
vt 0.270461 1.87714
v -0.060647 1.372065 1.037205
vn -0.09726246 0.4879608 0.04933873
vt 0.284779 1.909661
v -0.0708035 1.37067 1.03607
vn -0.1439151 0.4765748 0.04652873
vt 0.282959 1.911417
v 0 1.660395 1.14905
vn 0.004087678 0.4099838 0.2861758
vt 0.298513 1.7467
v -0.1097815 1.363705 1.014645
vn -0.2652419 0.4201424 0.05592098
vt 0.275043 1.919201
v -0.1294615 1.390075 1.004075
vn -0.3870069 0.3153179 0.02828979
vt 0.270023 1.908542
v -0.1346795 1.434285 0.99153
vn -0.4528489 0.2118615 -0.006527099
vt 0.264133 1.891231
v -0.145748 1.491365 0.96619
vn -0.4748859 0.1550225 -0.0212463
vt 0.253844 1.871037
v -0.143712 1.552635 0.97666
vn -0.4906726 0.09599002 -0.00513375
vt 0.250188 1.838875
v -0.144276 1.423385 0.971375
vn -0.440137 0.2370645 -0.00893695
vt 0.260566 1.900541
v -0.191849 1.377305 0.89578
vn -0.4496462 0.1774438 -0.1277966
vt 0.248939 1.939457
v -0.141597 1.29936 0.9812401
vn -0.3119713 0.3903436 -0.01748751
vt 0.271097 1.95545
v -0.093041 1.241745 1.008425
vn -0.2446611 0.4349123 0.03149936
vt 0.28254 1.979116
v -0.0628085 1.232115 1.02521
vn -0.1475585 0.4741825 0.05811613
vt 0.288198 1.978664
v -0.02827905 1.22212 1.027795
vn -0.1474674 0.4735095 0.06357763
vt 0.294417 1.977695
v 0 1.218265 1.04031
vn -0.0001512874 0.4945178 0.07383873
vt 0.298513 1.975215
v -0.131879 1.72873 0.93602
vn -0.4620947 -0.1599044 -0.1043984
vt 0.224274 1.765325
v -0.117666 1.7443 0.92227
vn -0.3717786 -0.2927536 -0.1614806
vt 0.218499 1.760524
v 0.1344265 0.4263855 -0.4575055
vn -0.2647974 -0.4198152 -0.06031196
vt 0.120645 1.421799
v 0.171054 0.4227965 -0.456782
vn 0.2799624 -0.4128588 -0.03418534
vt 0.114763 1.42049
v 0.1712385 0.40949 -0.4504745
vn 0.2887027 -0.3708492 0.1706506
vt 0.113303 1.425865
v 0.134297 0.4118135 -0.451052
vn -0.2909584 -0.3717859 0.1646769
vt 0.119662 1.428193
v 0.1885 0.4052075 -0.3925685
vn 0.4544361 -0.202923 -0.04806311
vt 0.101425 1.423411
v 0.1719515 0.3580885 -0.4261105
vn 0.2747726 -0.4126656 0.06486252
vt 0.107666 1.446625
v 0.195753 0.3405765 -0.393848
vn 0.476835 -0.149866 0.0129818
vt 0.098453 1.452037
v 0.212192 0.4461185 -0.332544
vn 0.4778598 0.1464699 0.01402069
vt 0.089777 1.404169
v 0.1990255 0.447989 -0.3762075
vn 0.3922177 -0.3058017 -0.05148453
vt 0.097963 1.404528
v 0.175547 0.4475785 -0.388504
vn 0.4011695 -0.272653 -0.12134
vt 0.103338 1.40378
v 0.198501 0.53171 -0.351693
vn 0.4835873 -0.1245951 0.02488841
vt 0.094042 1.367411
v 0.1676385 0.53096 -0.379159
vn 0.4255629 -0.2611429 0.02646889
vt 0.103777 1.369483
v 0.2269685 0.658285 -0.3768925
vn 0.482388 -0.1119205 0.06910551
vt 0.098592 1.311943
v 0.171441 0.6586 -0.4406765
vn 0.2380686 -0.4233951 0.1185745
vt 0.116157 1.315758
v 0.1862975 0.557105 -0.2975875
vn 0.376706 0.322857 0.062096
vt 0.08223 1.35634
v 0.211224 0.673035 -0.2992535
vn 0.4271458 0.2573484 0.03630739
vt 0.083717 1.306159
v 0.1642785 0.696005 -0.263447
vn 0.009984845 0.4992138 0.02619024
vt 0.071844 1.297702
v 0.1578885 0.570375 -0.281909
vn -0.01433425 0.4953825 0.06626201
vt 0.074568 1.351453
v 0.1626005 0.528785 -0.403805
vn 0.4956869 -0.06499349 -0.008390098
vt 0.110058 1.371706
v 0.161362 0.52841 -0.4256945
vn 0.3473465 -0.3596205 -0.004853664
vt 0.115435 1.373052
v 0.162288 0.843405 -0.254971
vn 0.03334445 0.489306 0.0973025
vt 0.067767 1.235028
v 0.118054 0.816915 -0.303418
vn -0.3813987 0.3043726 0.1090521
vt 0.055778 1.252156
v 0.1172255 0.68256 -0.292801
vn -0.3730913 0.3325858 0.01376744
vt 0.061436 1.307591
v 0.080668 0.676275 -0.373345
vn -0.4971254 -0.01103326 0.05238881
vt 0.044807 1.317862
v 0.081934 0.78644 -0.3907055
vn -0.4950821 -0.01075839 0.0691229
vt 0.037385 1.276315
v 0.2143135 0.81351 -0.3032545
vn 0.4451449 0.2259914 0.02782004
vt 0.083908 1.246009
v 0.2147055 0.884345 -0.299564
vn 0.416633 0.2706115 0.05644849
vt 0.082368 1.215398
v 0.246696 0.962935 -0.3718625
vn 0.4982163 -0.02199769 0.03600844
vt 0.098848 1.18263
v 0.151971 0.91512 -0.234255
vn 0.02348025 0.443411 0.2298595
vt 0.062853 1.20303
v 0.085757 0.88715 -0.2893245
vn -0.3873552 0.2684681 0.1669756
vt 0.04743 1.225532
v 0.2179095 0.768215 -0.4096665
vn 0.4710265 -0.1585145 0.054838
vt 0.105956 1.266214
v 0.1241475 0.56246 -0.2999065
vn -0.367486 0.3346115 0.054673
vt 0.066652 1.357495
v 0.104838 0.53995 -0.356137
vn -0.4915384 -0.09129673 0.007409088
vt 0.05656 1.371837
v 0.130253 0.4779815 -0.3105985
vn -0.3085037 0.3905057 0.04827877
vt 0.069743 1.392856
v 0.159312 0.485281 -0.2918445
vn -0.0227142 0.4940945 0.073176
vt 0.076874 1.387127
v 0.1292195 0.3221955 -0.344364
vn -0.3955497 0.3002077 0.05844453
vt 0.072788 1.459634
v 0.1595495 0.3135795 -0.324189
vn -0.008380397 0.4891778 0.1031255
vt 0.080807 1.460508
v 0.108834 0.349091 -0.3963535
vn -0.4906346 -0.09597424 0.008163459
vt 0.060082 1.454239
v 0.0924305 0.4510625 -0.3353825
vn -0.4521351 0.1909702 0.09541638
vt 0.061419 1.407413
v 0.1881265 0.473685 -0.307377
vn 0.3330195 0.3726365 0.0154946
vt 0.084034 1.391368
v 0.1865685 0.3165645 -0.342213
vn 0.4141374 0.2702289 0.07393647
vt 0.087724 1.460009
v 0.1595975 0.1986265 -0.348582
vn -0.01477895 0.4980555 0.0415007
vt 0.081618 1.510795
v 0.189406 0.198678 -0.367199
vn 0.4020915 0.2968355 0.01453065
vt 0.0894 1.511375
v 0.159652 0.065862 -0.3469175
vn 0.0126255 0.4818435 -0.132919
vt 0.080471 1.56761
v 0.1189245 0.0713505 -0.3668075
vn -0.3959346 0.2975081 -0.06873652
vt 0.071387 1.564862
v 0.1406085 0.0117753 -0.3325235
vn -0.218288 0.2826931 -0.3499071
vt 0.072083 1.601223
v 0.1173405 0.005741946 -0.3429145
vn -0.4846999 0.08707484 -0.08651019
vt 0.068042 1.602272
v 0.1636865 0.0182985 -0.3212885
vn -0.008946651 0.2528455 -0.4312645
vt 0.077296 1.603391
v 0.185841 0.01247405 -0.3307885
vn 0.211674 0.2607371 -0.3704191
vt 0.082888 1.605278
v 0.1926345 0.06708 -0.3662095
vn 0.4091652 0.2754342 -0.08197455
vt 0.08819 1.567319
v 0.20603 0.007166446 -0.3394455
vn 0.4473162 0.02548292 -0.2219433
vt 0.087127 1.60426
v 0.1993965 -0.001716369 -0.2829885
vn 0.3151445 0.1039395 -0.374006
vt 0.085076 1.622817
v 0.188411 0.01144805 -0.262149
vn 0.2252344 0.1892904 -0.4042754
vt 0.080008 1.628509
v 0.1314005 -0.003255384 -0.2788685
vn -0.251475 0.1639995 -0.3998305
vt 0.06698 1.624393
v 0.147406 0.01187645 -0.2634305
vn -0.2068495 0.1996395 -0.4090934
vt 0.070569 1.626638
v 0.131013 -0.03558515 -0.247075
vn -0.2994115 0.347898 -0.198292
vt 0.063892 1.64463
v 0.1487815 -0.03694785 -0.22089
vn -0.1947059 0.4181939 -0.192882
vt 0.067679 1.651143
v 0.1086 -0.007233904 -0.281805
vn -0.3526936 0.1312271 -0.3292212
vt 0.060033 1.62653
v 0.129829 -0.07759151 -0.237586
vn -0.2187987 0.3418525 0.292
vt 0.062491 1.669078
v 0.1488325 -0.0778645 -0.2133205
vn -0.1522454 0.349362 0.323678
vt 0.066576 1.675593
v 0.204962 -0.007411454 -0.3852285
vn 0.4880802 -0.107699 -0.01336669
vt 0.094981 1.602662
v 0.203932 0.0574815 -0.4042225
vn 0.4907691 -0.09557252 -0.003400426
vt 0.094842 1.572904
v 0.210281 -0.04216005 -0.25242
vn 0.3127421 0.3242931 -0.2168556
vt 0.084025 1.644571
v 0.2243115 -0.009976153 -0.294906
vn 0.4148296 0.05453869 -0.2737552
vt 0.088805 1.621937
v 0.2245385 -0.04048456 -0.256102
vn 0.2872075 0.3394284 -0.2286924
vt 0.088483 1.642858
v 0.194758 -0.03757885 -0.222655
vn 0.246188 0.3903825 -0.1923355
vt 0.079157 1.653912
v 0.1973065 -0.0783955 -0.2158695
vn 0.192938 0.3351642 0.3169225
vt 0.079493 1.67536
v 0.213899 -0.0780745 -0.2382655
vn 0.2624412 0.348471 0.2443207
vt 0.084348 1.663895
v 0.1803595 0.055324 -0.440822
vn 0.2441661 -0.4362512 0.008233854
vt 0.103811 1.575336
v 0.1811135 0.023767 -0.43759
vn 0.3480241 -0.3545207 0.05651809
vt 0.10237 1.600932
v 0.230624 -0.0386846 -0.278104
vn 0.4898102 0.02927641 -0.09606674
vt 0.092162 1.641401
v 0.2358785 -0.08640051 -0.2752855
vn 0.443507 0.05562756 0.2240695
vt 0.093218 1.658638
v 0.230077 -0.08258751 -0.249633
vn 0.3099084 0.2695227 0.2851565
vt 0.088707 1.663877
v 0.1283325 0.058434 -0.4416025
vn -0.2575734 -0.4273799 0.03165989
vt 0.114844 1.574029
v 0.133773 0.0235116 -0.43747
vn -0.2447874 -0.4252734 0.09602947
vt 0.114089 1.600895
v 0.108492 0.064326 -0.404415
vn -0.4967531 -0.05674461 0.004055907
vt 0.123102 1.571911
v 0.1110885 -0.004342494 -0.3853345
vn -0.4973422 -0.01790186 0.04827278
vt 0.12446 1.603286
v 0.1377825 -0.062215 -0.4179425
vn -0.239293 -0.389308 0.202924
vt 0.11568 1.630186
v 0.1238525 -0.05495751 -0.3879805
vn -0.4836311 -0.09514453 0.08395502
vt 0.120036 1.630075
v 0.135283 -0.083161 -0.399218
vn -0.1817106 -0.1997652 0.420803
vt 0.115114 1.642204
v 0.123845 -0.0841085 -0.3777505
vn -0.3412636 -0.04652903 0.3624558
vt 0.118444 1.642662
v 0.187064 -0.08453101 -0.3964105
vn 0.1224641 -0.2599493 0.4091808
vt 0.107542 1.6432
v 0.182323 -0.063839 -0.4179425
vn 0.2265947 -0.4023145 0.1918278
vt 0.107276 1.631613
v 0.1256985 -0.0482181 -0.3571405
vn -0.4679898 -0.1677744 0.05326601
vt 0.126227 1.631541
v 0.1173405 0.005741946 -0.3429145
vn -0.4864214 0.07680241 -0.0865771
vt 0.133401 1.606691
v 0.1258595 -0.0821875 -0.3479465
vn -0.3844027 -0.1340415 0.2902886
vt 0.125485 1.644443
v 0.108834 0.349091 -0.3963535
vn -0.4906346 -0.09597424 0.008163459
vt 0.1241 1.453286
v 0.136086 0.2937935 -0.42432
vn -0.1665895 -0.4711851 -0.01524745
vt 0.112649 1.475705
v 0.1338505 0.361546 -0.4287895
vn -0.2523799 -0.4251462 0.07453246
vt 0.116272 1.450252
v 0.1167675 0.406017 -0.393832
vn -0.4618857 -0.1914286 -0.004084441
vt 0.129905 1.4302
v 0.171227 0.2902705 -0.422846
vn 0.2146961 -0.4513592 -0.01343421
vt 0.105082 1.475416
v 0.125115 0.4517305 -0.386414
vn -0.3794205 -0.313292 -0.08881551
vt 0.132191 1.40511
v 0.1401545 0.4651785 -0.4311955
vn -0.3088666 -0.3716401 -0.128394
vt 0.120713 1.400578
v 0.1627255 0.467398 -0.4319015
vn 0.3047505 -0.370331 -0.141358
vt 0.114578 1.399688
v 0.1396665 0.530275 -0.4262155
vn -0.2189225 -0.4486409 0.0281828
vt 0.120752 1.373004
v 0.1162085 0.663295 -0.443588
vn -0.2849631 -0.3905451 0.127556
vt 0.127041 1.316375
v 0.1242275 0.53251 -0.40513
vn -0.494773 -0.069642 0.0186997
vt 0.126792 1.372586
v 0.163567 0.738565 -0.4702035
vn 0.206905 -0.4399151 0.1168975
vt 0.122881 1.280958
v 0.113516 0.742915 -0.4731065
vn -0.2775475 -0.3994795 0.115687
vt 0.133 1.283956
v 0.1102895 0.939375 -0.50893
vn -0.147587 -0.4736381 0.06232952
vt 0.144434 1.201428
v 0.205133 0.952675 -0.480107
vn 0.3341939 -0.3712339 0.02235799
vt 0.123227 1.189427
v 0.081934 0.78644 -0.3907055
vn -0.4950821 -0.01075839 0.0691229
vt 0.152792 1.280635
v 0.080668 0.676275 -0.373345
vn -0.4971254 -0.01103326 0.05238881
vt 0.146868 1.321285
v 0.1308745 0.536215 -0.3817875
vn -0.4780961 -0.1454375 0.0164951
vt 0.132401 1.372288
v 0.104838 0.53995 -0.356137
vn -0.4915156 -0.09158274 0.005001252
vt 0.140868 1.373269
v 0.100971 0.4541255 -0.3769095
vn -0.3789008 -0.3240973 -0.03735178
vt 0.136481 1.409525
v 0.2190595 1.13817 -0.465007
vn 0.3776214 -0.3275414 -0.01089315
vt 0.122575 1.109034
v 0.12332 1.10882 -0.51481
vn -0.02035944 -0.4994943 -0.009538195
vt 0.14658 1.128781
v 0.0541435 1.114565 -0.471293
vn -0.1960779 -0.4458094 0.11317
vt 0.169159 1.141406
v 0.138563 1.221 -0.50665
vn 0.005089252 -0.4874707 -0.1111145
vt 0.1528 1.094193
v 0.07771 1.207905 -0.4722955
vn -0.0479101 -0.4967415 -0.0308624
vt 0.173198 1.105569
v 0.139261 1.29785 -0.475964
vn 0.09156045 -0.4446303 -0.2095724
vt 0.156824 1.061089
v 0 1.21801 -0.4987725
vn -1.62645E-07 -0.4999948 -0.002272115
vt 0.191896 1.10288
v 0.078841 1.29516 -0.473232
vn 0.024453 -0.4811935 -0.133622
vt 0.174024 1.066111
v 0 1.319335 -0.4670575
vn 0 -0.4874559 -0.111296
vt 0.191896 1.060321
v 0 1.115875 -0.471076
vn -0.006305749 -0.397891 0.302726
vt 0.191896 1.150769
v 0.089593 1.38709 -0.4273485
vn 0.1408685 -0.3620853 -0.3147226
vt 0.171972 1.019183
v 0.1400745 1.368545 -0.4293565
vn 0.2157878 -0.2955557 -0.3407088
vt 0.153111 1.023072
v 0 1.34828 -0.4714945
vn 0.03045135 -0.3160149 0.3862736
vt 0.191896 1.034644
v 0.02546765 1.063705 -0.3909155
vn -0.3895168 -0.1534567 0.2733637
vt 0.178471 1.191059
v 0 1.07562 -0.3964255
vn -0.01366649 -0.1761383 0.4677484
vt 0.191896 1.188361
v 0.04698585 1.376085 -0.4574895
vn 0.4027794 -0.2951643 0.02543259
vt 0.182437 1.021268
v 0.161381 1.286375 -0.468237
vn 0.2450381 -0.3772477 -0.2182671
vt 0.137142 1.050913
v 0.1857195 1.323565 -0.41954
vn 0.3349032 -0.2420361 -0.2815287
vt 0.126652 1.024382
v 0.1857195 1.323565 -0.41954
vn 0.3361392 -0.239543 -0.2821871
vt 0.126652 1.024382
v 0.193931 1.269485 -0.4568655
vn 0.2436845 -0.3786315 -0.2173845
vt 0.128273 1.05602
v 0.2040015 1.280315 -0.4408505
vn 0.3557305 -0.234809 -0.261382
vt 0.12448 1.045157
v 0.2122505 1.25998 -0.450466
vn 0.3809532 -0.2804401 -0.1619506
vt 0.123281 1.060998
v 0.2190315 1.276345 -0.390009
vn 0.4490286 -0.09979403 -0.1959961
vt 0.110163 1.045761
v 0.1857195 1.323565 -0.41954
vn 0.3391812 -0.2332762 -0.2837928
vt 0.126652 1.024382
v 0.227388 1.293985 -0.3155045
vn 0.4677596 0.03655211 -0.1728145
vt 0.094668 1.040314
v 0.187102 1.360385 -0.3387145
vn 0.3816429 -0.05825416 -0.3177344
vt 0.101488 1.010339
v 0.2398125 1.242975 -0.341182
vn 0.4889136 0.005519452 -0.104561
vt 0.096656 1.05893
v 0.2518815 1.174515 -0.374984
vn 0.4962816 -0.05049051 -0.03398896
vt 0.101363 1.091983
v 0.23183 1.18537 -0.276966
vn 0.4655452 0.1812876 -0.02006266
vt 0.083427 1.085046
v 0.184638 1.335115 -0.2155695
vn 0.4501889 0.1616829 -0.145563
vt 0.072967 1.019378
v 0.1713315 1.17586 -0.17042
vn 0.4137269 0.2791379 0.03020019
vt 0.06002 1.086148
v 0.2245915 0.963255 -0.2822485
vn 0.4360715 0.2331215 0.0741355
vt 0.08234 1.18027
v 0.160563 1.269715 -0.149246
vn 0.4802035 0.1390841 0.007758331
vt 0.057236 1.046659
v 0.12977 1.163965 -0.119592
vn 0.4479429 0.1820985 0.1272295
vt 0.048213 1.089116
v 0.2429725 1.1804 -0.3218385
vn 0.489544 0.1004385 -0.0160861
vt 0.091638 1.088773
v 0.1502805 0.953485 -0.209205
vn 0.09259048 0.4333919 0.2315134
vt 0.060783 1.184493
v 0.149971 1.06192 -0.177913
vn 0.2686401 0.3991447 0.1360736
vt 0.0569677 1.13579
v 0.0889125 1.043685 -0.166216
vn -0.03925202 0.3007293 0.3975188
vt 0.046568 1.141299
v 0.083973 0.954525 -0.249733
vn -0.3606856 0.2663406 0.2212886
vt 0.045732 1.193786
v 0.0523725 1.05279 -0.210735
vn -0.1084329 0.1168536 0.4739067
vt 0.037025 1.148419
v 0.0237616 1.0485 -0.3363375
vn -0.367106 -0.01851574 0.3389548
vt 0.017672 1.176527
v 0.0473267 0.97503 -0.340917
vn -0.4693565 0.1109275 0.1319075
vt 0.028477 1.207274
v 0.03689325 0.99554 -0.4216875
vn -0.4798033 -0.1277749 0.05884203
vt 0.011222 1.220763
v 0.02546765 1.063705 -0.3909155
vn -0.3821925 -0.153392 0.2835485
vt 0.005156 1.180376
v 0.0395968 0.92033 -0.415962
vn -0.4758562 -0.1077442 0.1093253
vt 0.018097 1.234359
v 0.0889125 1.043685 -0.166216
vn -0.03925202 0.3007293 0.3975188
vt 0.046568 1.141299
v 0.085969 1.050725 -0.1362575
vn 0.1117039 0.07835324 0.4810229
vt 0.04235 1.126378
v 0.085969 1.050725 -0.1362575
vn 0.1111217 0.0773488 0.4813202
vt 0.04235 1.126378
v -0.0493768 0.908125 0.76986
vn -0.07924648 0.1074062 0.4818546
vt 0.726064 1.032979
v -0.0971905 0.912215 0.76611
vn -0.07850359 0.04967581 0.4912937
vt 0.715349 1.036934
v -0.1012685 0.924215 0.694575
vn -0.216017 -0.09108452 0.4416336
vt 0.714975 1.066266
v -0.050549 0.898905 0.68256
vn -0.1820416 -0.02523156 0.4649992
vt 0.728153 1.06742
v 0 0.887075 0.685425
vn -0.001379146 0.01838139 0.4996601
vt 0.73829 1.064715
v 0 0.902485 0.77331
vn 0.006336058 0.1108813 0.4875092
vt 0.73587 1.029626
v -0.124867 0.91889 0.764335
vn 0.08494675 -0.05819352 0.4892827
vt 0.708931 1.03943
v -0.1315535 0.937955 0.70643
vn 0.1253797 -0.2028839 0.439452
vt 0.706905 1.063257
v -0.052808 0.91659 0.56532
vn -0.272172 -0.043531 0.417166
vt 0.728386 1.118705
v 0 0.892335 0.584465
vn -0.008777453 -0.05117344 0.4972969
vt 0.740089 1.109165
v -0.03871755 0.92815 0.3867765
vn -0.1876785 -0.0834225 0.45587
vt 0.728547 1.193305
v 0 0.921185 0.396259
vn 0.00900861 -0.08226113 0.4931044
vt 0.736496 1.189155
v -0.0199628 0.97355 0.1762135
vn -0.2139715 -0.1079155 0.4388285
vt 0.731911 1.278865
v -0.045404 1.0037 0.175418
vn -0.0459291 -0.156843 0.4725365
vt 0.723376 1.282346
v -0.045404 1.04747 0.0258681
vn -0.1604901 -0.08530761 0.4657956
vt 0.719452 1.342444
v -0.02405535 1.002815 0.0271883
vn -0.3511689 0.050368 0.35234
vt 0.730775 1.339682
v -0.036669 1.01932 -0.0481664
vn -0.4741409 -0.003130301 0.1586838
vt 0.728152 1.368393
v -0.0510015 1.06189 -0.0483229
vn -0.1640829 -0.05944097 0.4685548
vt 0.718369 1.370832
v 0 0.972755 0.176674
vn -0.003555698 -0.09509591 0.4908606
vt 0.736105 1.2783
v 0 0.992015 0.02795215
vn -0.01001047 0.03988317 0.4983063
vt 0.735978 1.338398
v -0.059641 0.992185 0.1751215
vn -0.009566003 -0.1525451 0.4760657
vt 0.718947 1.280972
v -0.069902 1.03442 0.0254637
vn 0.0917536 -0.1227817 0.4759264
vt 0.712407 1.341492
v -0.103198 1.028225 0.1676785
vn -0.3874116 -0.1131155 0.2951561
vt 0.706881 1.286563
v -0.0862355 0.968415 0.3564905
vn -0.3171354 -0.07141198 0.3799019
vt 0.71644 1.207696
v -0.077062 0.95419 0.4138005
vn -0.3245525 -0.0414271 0.3780866
vt 0.719718 1.183274
v -0.122075 0.9937 0.4512165
vn -0.3590176 -0.03004436 0.3467041
vt 0.705904 1.171767
v -0.1310845 1.01356 0.350703
vn -0.3307042 -0.05261902 0.3713031
vt 0.70413 1.213222
v -0.1804045 1.058625 0.454957
vn -0.4268548 0.03531333 0.2579689
vt 0.68793 1.166871
v -0.1867275 1.0563 0.3469705
vn -0.308145 0.00382716 0.393741
vt 0.690771 1.216122
v -0.2034765 1.070195 0.36585
vn -0.4489485 0.0298845 0.2180645
vt 0.68602 1.209397
v -0.2070925 1.07283 0.345812
vn -0.2048552 0.2447069 0.3849064
vt 0.685681 1.21732
v -0.183089 1.05508 0.299421
vn -0.04996023 0.03918844 0.4959519
vt 0.693657 1.235048
v -0.123398 1.056205 0.2216165
vn -0.332685 -0.1305025 0.3496995
vt 0.698945 1.267453
v -0.1608005 1.056785 0.251905
vn 0.123869 -0.0438262 0.4824269
vt 0.6961 1.254432
v -0.1730965 1.046365 0.2521355
vn 0.1152035 -0.03869341 0.4850062
vt 0.694376 1.254246
v -0.205278 1.04913 0.301682
vn -0.1073366 0.1040966 0.4771193
vt 0.689242 1.234355
v -0.2011125 1.055915 0.2527625
vn -0.2421269 -0.1345665 0.4162529
vt 0.689685 1.253741
v -0.169438 1.06193 0.2037175
vn 0.06116601 -0.2672016 0.4181651
vt 0.692327 1.274174
v -0.1892535 1.070335 0.208808
vn -0.2531903 -0.2770578 0.3303538
vt 0.688056 1.271839
v -0.16774 1.104665 0.169646
vn -0.239162 -0.306068 0.3148395
vt 0.685942 1.287968
v -0.2099745 1.085725 0.213519
vn -0.3703055 -0.2543255 0.2195275
vt 0.684102 1.269678
v -0.1885 1.12228 0.1710455
vn -0.3859009 -0.304954 0.0899085
vt 0.67977 1.286658
v -0.1700765 1.13736 0.1387155
vn -0.4694395 -0.1539705 0.07693901
vt 0.677524 1.300012
v -0.1642125 1.160235 0.0896915
vn -0.4458599 -0.1335615 0.1826755
vt 0.674791 1.325921
v -0.1694915 1.17179 0.1429635
vn -0.4882739 -0.07582749 -0.07641199
vt 0.671256 1.299195
v -0.1655365 1.18382 0.12641
vn -0.4617346 0.02593516 -0.190075
vt 0.668293 1.306291
v -0.1841015 1.146705 0.175297
vn -0.4416585 -0.166837 -0.1646305
vt 0.674391 1.285841
v -0.1779785 1.16526 0.171986
vn -0.3467518 0.2338693 -0.273986
vt 0.67129 1.289979
v -0.1623805 1.205135 0.111866
vn -0.4709274 0.1678555 -0.007204698
vt 0.663086 1.313754
v -0.157962 1.20243 0.118999
vn -0.4293714 0.2361529 -0.09935797
vt 0.663471 1.309912
v -0.1617685 1.18059 0.1329025
vn 0.1503735 0.108968 -0.4642346
vt 0.666758 1.302611
v -0.1523955 1.17535 0.1472075
vn 0.02544742 0.09943807 -0.4893512
vt 0.664994 1.298379
v -0.157608 1.254355 0.129702
vn -0.4752143 0.1388469 0.06994947
vt 0.651487 1.306597
v -0.1610395 1.255465 0.1114895
vn -0.4507615 0.2048005 0.0697915
vt 0.651324 1.309442
v -0.165484 1.28001 0.135732
vn -0.3674479 0.2756639 0.1974625
vt 0.645468 1.305616
v -0.1580965 1.27994 0.138592
vn -0.357353 0.2935035 0.1901435
vt 0.645426 1.30216
v -0.169942 1.30463 0.152031
vn -0.3971414 0.1884515 0.2382535
vt 0.639594 1.30178
v -0.163769 1.303385 0.1537305
vn -0.2920246 0.2894545 0.2844956
vt 0.639872 1.298094
v -0.15109 1.2705 0.1623635
vn -0.497984 0.002786835 0.04476775
vt 0.646879 1.293147
v -0.1530175 1.31165 0.176044
vn -0.4338959 0.1068645 0.2243085
vt 0.638817 1.290171
v -0.1809325 1.353265 0.12431
vn -0.4723054 -0.0142996 -0.1634725
vt 0.623605 1.311653
v -0.1821875 1.296645 0.100539
vn -0.4958678 0.05390498 0.03477644
vt 0.640317 1.319386
v -0.164231 1.35361 0.0367185
vn -0.4466176 -0.07948051 -0.210275
vt 0.625943 1.350829
v -0.1592685 1.24331 0.1921085
vn -0.4945555 -0.070557 -0.0208951
vt 0.653118 1.282607
v -0.1569195 1.3071 0.2136745
vn -0.4862194 -0.04927119 0.1056555
vt 0.639137 1.27669
v -0.1655285 1.32137 0.1796915
vn -0.3056595 0.1580725 0.362747
vt 0.636136 1.289207
v -0.1712055 1.328115 0.1808125
vn -0.4658993 0.07645496 0.1645979
vt 0.63477 1.288911
v -0.1709025 1.332785 0.2166565
vn -0.4233812 -0.1307831 0.2316121
vt 0.634867 1.274527
v -0.174736 1.340995 0.220095
vn -0.4854586 -0.1185625 -0.01651835
vt 0.63116 1.273594
v -0.1599295 1.299445 0.2751445
vn -0.4930013 -0.04630643 0.06932147
vt 0.64061 1.253161
v -0.171511 1.35048 0.251058
vn -0.07542352 0.3654186 -0.3328371
vt 0.630592 1.257196
v -0.1633145 1.293905 0.303363
vn -0.4911764 -0.0675365 0.06468799
vt 0.641494 1.24226
v -0.1629085 1.227125 0.288988
vn -0.4946331 -0.04186981 -0.05987502
vt 0.655017 1.245358
v -0.1797485 1.338245 0.326606
vn -0.4301773 0.01718489 0.2542679
vt 0.631437 1.236108
v -0.185987 1.343015 0.3434205
vn -0.3404976 -0.241809 0.2749361
vt 0.632077 1.231052
v -0.165121 1.294 0.318424
vn -0.4840805 -0.09900349 0.0765795
vt 0.641966 1.236442
v -0.2000615 1.353475 0.3466195
vn -0.4650039 -0.1137439 0.1443388
vt 0.628952 1.227902
v -0.1769595 1.334675 0.30745
vn 0.4607661 -0.1251281 0.1484506
vt 0.63479 1.242319
v -0.1709365 1.34498 0.2525195
vn 0.388825 -0.3034855 0.08192451
vt 0.633945 1.257196
v -0.182242 1.3572 0.2462875
vn -0.4492927 -0.1461285 0.1636538
vt 0.627674 1.259546
v -0.1649635 1.393165 0.2448465
vn -0.3744896 -0.06591352 -0.3246736
vt 0.615238 1.268348
v -0.175481 1.366885 0.165456
vn -0.4568183 0.002989379 -0.2032439
vt 0.620749 1.296871
v -0.1089505 1.430255 0.2590765
vn -0.2136736 -0.04379672 -0.4499172
vt 0.602133 1.264544
v -0.102823 1.42869 0.181228
vn -0.2454505 -0.0266609 -0.434791
vt 0.602471 1.293878
v -0.166925 1.393405 0.2893005
vn -0.3880311 -0.01040055 -0.3151566
vt 0.615837 1.25103
v -0.185094 1.3525 0.2781455
vn -0.4828111 -0.02291215 -0.1279395
vt 0.627991 1.248833
v -0.1686895 1.38895 0.329278
vn -0.4025926 -0.02653525 -0.295322
vt 0.616376 1.235457
v -0.188464 1.34695 0.315792
vn -0.4958655 0.04378469 -0.04690774
vt 0.628367 1.236174
v -0.2000615 1.353475 0.3466195
vn -0.4650039 -0.1137439 0.1443388
vt 0.628952 1.227902
v -0.1703025 1.393815 0.36583
vn -0.3782689 -0.05470698 -0.3223659
vt 0.616868 1.221218
v -0.2061605 1.335575 0.3948355
vn -0.4879774 -0.06803998 -0.08513898
vt 0.631658 1.207594
v -0.1857105 1.34467 0.2769685
vn -0.4947791 -0.05452101 -0.04712871
vt 0.631328 1.252079
v -0.1900945 1.340465 0.306167
vn -0.495361 -0.05459947 -0.04045188
vt 0.631719 1.242384
v -0.123065 1.441825 0.3921305
vn -0.2831245 -0.074513 -0.405325
vt 0.603113 1.212123
v -0.115999 1.436035 0.3255195
vn -0.2335681 -0.05660702 -0.4384536
vt 0.602622 1.238367
v -0.182334 1.347905 0.2544815
vn -0.3708105 -0.3138745 0.1182472
vt 0.631026 1.259546
v -0.206943 1.36108 0.4493985
vn -0.4558007 -0.02792011 -0.2036326
vt 0.62705 1.186045
v -0.2153325 1.304505 0.434336
vn -0.4968309 -0.04470029 -0.03407185
vt 0.639065 1.190701
v -0.2273145 1.21125 0.484488
vn -0.4984725 -0.0124764 0.0370067
vt 0.662474 1.160748
v -0.209253 1.21152 0.4181705
vn -0.4699498 -0.1704214 -0.0101852
vt 0.659671 1.194113
v -0.198487 1.242485 0.4016735
vn -0.2878164 -0.4077254 -0.03035899
vt 0.651505 1.201173
v -0.202261 1.313165 0.4018305
vn 0.294695 -0.4038735 -0.00640755
vt 0.638093 1.202296
v -0.198179 1.307965 0.3940375
vn 0.4794246 -0.139025 0.0287077
vt 0.64072 1.203391
v -0.2050405 1.326205 0.390617
vn -0.01894095 -0.4677539 -0.1756345
vt 0.634285 1.208689
v -0.214212 1.295135 0.4301175
vn -0.07286802 0.3935556 0.2996736
vt 0.641692 1.191796
v -0.207212 1.289715 0.3891065
vn 0.101646 -0.4850841 0.06604201
vt 0.644473 1.204039
v -0.2051355 1.31408 0.3872365
vn 0.153522 -0.4255005 -0.2130265
vt 0.637131 1.208689
v -0.2131895 1.30683 0.409451
vn -0.4877457 -0.05239002 -0.09674404
vt 0.638904 1.198155
v -0.216235 1.29209 0.399608
vn -0.4853417 -0.1047415 0.05892952
vt 0.642176 1.1999
v -0.209205 1.29066 0.4017445
vn 0.4932514 0.0793035 0.0203465
vt 0.644021 1.197973
v -0.2114765 1.291745 0.4161515
vn 0.1503684 0.1867834 0.4387497
vt 0.644538 1.191796
v -0.2110305 1.28087 0.397521
vn -0.4149745 -0.074258 0.268853
vt 0.644663 1.199252
v -0.2062725 1.280525 0.4140645
vn 0.08819646 0.4794333 0.1111985
vt 0.647932 1.191796
v -0.202008 1.272515 0.3870195
vn 0.184247 -0.2939805 0.3600395
vt 0.64696 1.203391
v -0.2041285 1.279505 0.400468
vn 0.487534 -0.07624601 -0.08060451
vt 0.647443 1.197625
v -0.1956565 1.25445 0.4004785
vn 0.1997775 -0.05925848 0.4545079
vt 0.650073 1.196224
v -0.18596 1.24683 0.4003885
vn -0.3272559 -0.3779784 -0.005992149
vt 0.650575 1.204873
v -0.184973 1.209895 0.394013
vn -0.354798 -0.339831 -0.0929155
vt 0.658352 1.204644
v -0.19902 1.213125 0.3993655
vn -0.3259763 -0.3675288 -0.09306995
vt 0.658823 1.2003
v -0.183337 1.15477 0.370664
vn -0.3414669 -0.2978869 -0.211338
vt 0.668889 1.208103
v -0.2002295 1.15425 0.372847
vn -0.3712224 -0.29569 -0.1573575
vt 0.669575 1.205058
v -0.1888915 1.126475 0.3477795
vn -0.3352571 -0.08102752 -0.3619906
vt 0.676977 1.217439
v -0.199518 1.122365 0.3529325
vn -0.464161 -0.056735 -0.177019
vt 0.679199 1.215891
v -0.2032125 1.14209 0.405181
vn -0.4953971 -0.06628501 -0.01371185
vt 0.671219 1.197088
v -0.204338 1.11841 0.388007
vn -0.4954895 -0.05544201 -0.03763361
vt 0.677067 1.202842
v -0.204969 1.13154 0.3136435
vn -0.1806004 0.3426043 -0.3162369
vt 0.676102 1.231835
v -0.2116415 1.12727 0.311458
vn -0.2949522 0.3886709 -0.1092619
vt 0.67787 1.232206
v -0.199621 1.099515 0.3505825
vn -0.4897007 0.08657704 -0.05193853
vt 0.681338 1.216362
v -0.223098 1.11648 0.3094925
vn -0.4152938 0.1839009 -0.2090729
vt 0.679596 1.232568
v -0.208102 1.132185 0.4340865
vn -0.4923631 0.002527415 0.0870185
vt 0.672883 1.185023
v -0.1760005 1.148585 0.3187285
vn -0.4505395 0.0054319 -0.2167595
vt 0.671989 1.230974
v -0.1984645 1.1441 0.2928115
vn 0.2277075 0.2844675 -0.342385
vt 0.673434 1.240367
v -0.198404 1.152425 0.296754
vn 0.46146 0.188249 -0.0402114
vt 0.671002 1.240381
v -0.2049195 1.140945 0.3139365
vn 0.1014705 0.4893534 0.01539412
vt 0.673518 1.230777
v -0.2307755 1.09122 0.3065045
vn -0.4853086 0.1202555 -0.003761826
vt 0.682614 1.233179
v -0.2303355 1.099395 0.260363
vn -0.4950832 -0.06587853 0.02350841
vt 0.681823 1.251267
v -0.2248835 1.13365 0.2654985
vn -0.4708414 -0.0022737 -0.1682355
vt 0.677194 1.250107
v -0.218851 1.11465 0.2178075
vn -0.4581984 -0.20006 -0.005501849
vt 0.679704 1.268431
v -0.213477 1.147495 0.222074
vn -0.4237202 -0.1607091 -0.2112671
vt 0.67507 1.267424
v -0.179839 1.154905 0.18545
vn -0.2747096 -0.007363951 -0.4177086
vt 0.671414 1.2823
v -0.2024375 1.16146 0.224146
vn -0.1795131 -0.3691151 -0.2855329
vt 0.672682 1.267059
v -0.164146 1.15726 0.19095
vn -0.2725399 0.001775584 -0.4191883
vt 0.669746 1.280383
v -0.1847665 1.16446 0.2259015
vn 0.1600167 -0.185827 -0.4357327
vt 0.670659 1.266749
v -0.165129 1.169355 0.1755805
vn 0.1071708 0.4072216 -0.2696016
vt 0.66889 1.29318
v -0.2091485 1.15776 0.2465395
vn -0.458007 -0.071127 -0.187538
vt 0.672601 1.259699
v -0.2105135 1.153575 0.2706745
vn -0.409274 0.2670003 -0.1058565
vt 0.672485 1.249061
v -0.1952515 1.17973 0.2286585
vn -0.1434916 -0.3775981 -0.2946691
vt 0.669232 1.267059
v -0.204902 1.180185 0.2464225
vn -0.3888906 -0.120064 -0.2904286
vt 0.668206 1.25732
v -0.2130865 1.171845 0.2726415
vn -0.4467182 0.1271187 -0.1851585
vt 0.669036 1.249061
v -0.2123125 1.151125 0.274475
vn -0.4527599 -0.09189848 -0.1912149
vt 0.672987 1.24749
v -0.2203275 1.140205 0.2914065
vn -0.4968002 0.05545752 0.010676
vt 0.675223 1.240493
v -0.214715 1.176375 0.291269
vn -0.4289738 -0.2511197 -0.05404067
vt 0.666058 1.247826
v -0.221735 1.164905 0.300452
vn -0.4801917 0.08535253 -0.1101403
vt 0.668617 1.239816
v -0.2115925 1.136675 0.3117505
vn -0.3277165 0.3743125 0.04992065
vt 0.674539 1.233078
v -0.170829 1.17706 0.228422
vn -0.4087349 -0.1452955 -0.2486464
vt 0.666551 1.266305
v -0.1573385 1.17464 0.1999475
vn -0.4673809 -0.1285545 -0.122592
vt 0.666004 1.277245
v -0.149826 1.249745 0.153388
vn -0.4993546 0.02153975 0.0134553
vt 0.652168 1.295099
v -0.168492 1.19725 0.2357665
vn -0.4947268 -0.04561819 -0.05625248
vt 0.661711 1.264673
v -0.180726 1.17139 0.276225
vn -0.4460991 0.05229852 -0.2196826
vt 0.668524 1.247939
v -0.2049195 1.140945 0.3139365
vn 0.09023773 0.491548 0.0154193
vt 0.673518 1.230777
v -0.2157015 1.15828 0.314984
vn -0.1730632 0.4585682 -0.09881435
vt 0.669529 1.229842
v -0.189197 1.159575 0.2539865
vn 0.02752266 0.08972353 -0.4911132
vt 0.670761 1.255863
v -0.192113 1.156365 0.2724705
vn 0.06046162 0.1708289 -0.4660063
vt 0.670829 1.248698
v -0.1939445 1.168285 0.2537705
vn 0.4702053 0.1109571 -0.1288236
vt 0.669296 1.256764
v -0.1972275 1.16467 0.276622
vn 0.2008819 0.4548262 0.0527218
vt 0.669373 1.248698
v -0.194825 1.188055 0.250745
vn 0.1440941 0.07772953 -0.4724352
vt 0.666384 1.256749
v -0.201898 1.174635 0.276582
vn -0.1120996 0.2926391 -0.3896101
vt 0.667379 1.248698
v -0.1847665 1.16446 0.2259015
vn 0.1555204 -0.2038434 -0.4292566
vt 0.670659 1.266749
v -0.2089525 1.16188 0.2748255
vn -0.3005459 0.3772829 0.1316425
vt 0.671029 1.249061
v -0.2130865 1.171845 0.2726415
vn -0.4388869 0.1278461 -0.2025675
vt 0.669036 1.249061
v -0.1860395 1.18273 0.232184
vn 0.3147565 -0.2399086 -0.3055687
vt 0.667209 1.266749
v -0.201898 1.174635 0.276582
vn -0.1143921 0.2848092 -0.3947127
vt 0.667379 1.248698
v -0.2130865 1.171845 0.2726415
vn -0.4388869 0.1278461 -0.2025675
vt 0.669036 1.249061
v -0.201898 1.174635 0.276582
vn -0.1143921 0.2848092 -0.3947127
vt 0.667379 1.248698
v -0.1860395 1.18273 0.232184
vn 0.3147565 -0.2399086 -0.3055687
vt 0.667209 1.266749
v -0.2024375 1.16146 0.224146
vn -0.1795131 -0.3691151 -0.2855329
vt 0.672682 1.267059
v -0.1847665 1.16446 0.2259015
vn 0.1555204 -0.2038434 -0.4292566
vt 0.670659 1.266749
v -0.2105135 1.153575 0.2706745
vn -0.409274 0.2670003 -0.1058565
vt 0.672485 1.249061
v -0.1972275 1.16467 0.276622
vn 0.2008819 0.4548262 0.0527218
vt 0.669373 1.248698
v -0.192064 1.163595 0.2789915
vn 0.291548 -0.2682103 -0.3050623
vt 0.668401 1.251693
v -0.202947 1.18093 0.287596
vn 0.1999861 -0.2420766 -0.3891073
vt 0.664007 1.248698
v -0.2092795 1.169775 0.3064785
vn 0.2366094 0.3903625 -0.2040419
vt 0.666605 1.240392
v -0.2157015 1.15828 0.314984
vn -0.1799824 0.4557665 -0.09941466
vt 0.669529 1.229842
v -0.213632 1.17814 0.2898525
vn -0.307872 -0.3461725 -0.1880942
vt 0.665663 1.249061
v -0.192064 1.163595 0.2789915
vn 0.291548 -0.2682103 -0.3050623
vt 0.668401 1.251693
v -0.192113 1.156365 0.2724705
vn 0.06046162 0.1708289 -0.4660063
vt 0.670829 1.248698
v -0.1470925 0.02277929 0.962215
vn 0.4826311 -0.1118726 0.06746635
vt 0.905001 1.921876
v -0.1452465 0.01570469 0.93302
vn 0.4829938 -0.07799498 0.10312
vt 0.90973 1.92078
v -0.130157 0.06838849 0.92732
vn 0.4986223 0.003201995 0.03695304
vt 0.906355 1.895126
v -0.157527 0.008070843 0.904215
vn 0.2449054 -0.3698714 0.2306869
vt 0.916319 1.919307
v -0.1535605 0.0868185 0.87993
vn 0.2472853 -0.4114352 0.1398964
vt 0.917553 1.885058
v -0.2025075 0.0874815 0.879835
vn -0.3342937 -0.3563276 0.1061997
vt 0.928576 1.883698
v -0.200893 0.1228105 0.86761
vn -0.2378471 -0.4256231 0.110787
vt 0.927689 1.868575
v -0.153252 0.1257235 0.86668
vn 0.250127 -0.4204971 0.103047
vt 0.917482 1.868029
v -0.226356 0.0658735 0.92742
vn -0.4825101 -0.1295688 0.01989764
vt 0.939392 1.893222
v -0.2237045 0.1247205 0.90263
vn -0.4875689 -0.110637 -0.006000949
vt 0.937035 1.867328
v -0.2037175 0.006360293 0.90447
vn -0.2218946 -0.3926315 0.2158779
vt 0.924222 1.919431
v -0.156677 -0.01404001 0.92623
vn 0.1854719 -0.229054 0.403899
vt 0.915101 1.933916
v -0.208458 -0.01548931 0.929255
vn -0.1410683 -0.2908355 0.3814636
vt 0.925331 1.934022
v -0.227424 0.08019349 0.97488
vn -0.4453519 0.05557053 -0.2203943
vt 0.942613 1.891706
v -0.2154695 0.1280355 0.938245
vn -0.415708 0.2354755 -0.1474385
vt 0.943714 1.864988
v -0.207235 0.08561149 0.982605
vn -0.2260191 0.2188126 -0.3886341
vt 0.950231 1.894927
v -0.2457055 0.05417199 1.014115
vn -0.4109588 0.06625763 -0.2769888
vt 0.939825 1.919903
v -0.2207905 0.06455349 1.02434
vn -0.3681735 0.109625 -0.3200479
vt 0.947293 1.915113
v -0.1862885 0.12737 0.9584
vn -0.02274286 0.4514666 -0.2136835
vt 0.951732 1.865779
v -0.209805 0.08456549 1.051425
vn -0.2464434 0.173888 -0.3987839
vt 0.954888 1.920181
v -0.2253395 0.03152109 1.081585
vn -0.4551718 0.1441204 -0.1484854
vt 0.951744 1.936419
v -0.229311 0.02912514 1.06056
vn -0.3691145 0.2489395 -0.22756
vt 0.949507 1.931778
v -0.1850805 0.09153599 0.991075
vn 0.01266305 0.1786135 -0.4668371
vt 0.956061 1.893443
v -0.245562 0.03087784 1.05283
vn -0.3084811 0.2911581 -0.2647006
vt 0.943324 1.932586
v -0.1688 0.08500199 1.05007
vn 0.213368 0.1939225 -0.408495
vt 0.962649 1.918339
v -0.1701755 0.03457379 1.10087
vn 0.1813325 0.4028294 -0.2341944
vt 0.965265 1.938364
v -0.157346 0.03528549 1.08455
vn 0.4211628 0.2184564 -0.1577934
vt 0.967313 1.938023
v -0.1527945 0.069507 1.027635
vn 0.3231742 0.1392091 -0.3552172
vt 0.965677 1.91623
v -0.152407 0.03599679 1.064835
vn 0.375085 0.264293 -0.1986465
vt 0.968743 1.936245
v -0.156709 -0.008295308 1.0997
vn 0.3571021 0.2083822 0.2811671
vt 0.968964 1.960548
v -0.1702265 -0.008439357 1.114965
vn 0.1593567 0.3961973 0.2600637
vt 0.966764 1.964636
v -0.151223 -0.008151057 1.081035
vn 0.3202521 0.2756495 0.2673125
vt 0.970554 1.957592
v -0.131462 0.03210984 1.05794
vn 0.3554828 0.2782182 -0.2150038
vt 0.974192 1.93244
v -0.1317245 0.05885749 1.026455
vn 0.3902369 0.1301866 -0.2841947
vt 0.970535 1.915975
v -0.216152 0.03391489 1.099205
vn -0.2460506 0.3703832 -0.2286381
vt 0.954376 1.940193
v -0.2187005 -0.009000857 1.1125
vn -0.2074 0.3747306 0.2579966
vt 0.953993 1.965502
v -0.228804 -0.008831058 1.098165
vn -0.3820611 0.1756437 0.2705155
vt 0.951339 1.960011
v -0.1267525 -0.007994507 1.07586
vn 0.3345362 0.3586142 0.09737228
vt 0.976519 1.951132
v -0.1620025 0.08489899 0.980995
vn 0.2148435 0.226458 -0.390588
vt 0.961053 1.893812
v -0.1377625 0.07873649 0.97166
vn 0.4564728 0.1060574 -0.1743113
vt 0.964674 1.893581
v -0.148123 0.130261 0.93722
vn 0.381853 0.2954505 -0.1299895
vt 0.960734 1.866275
v -0.1882095 0.227595 0.95327
vn -0.0135869 0.4998064 0.002997139
vt 0.952725 1.818994
v -0.1553755 0.2306185 0.93295
vn 0.4005145 0.298822 -0.0171332
vt 0.961183 1.820526
v -0.1393375 0.2202075 0.879975
vn 0.4957559 -0.0632801 -0.01488856
vt 0.970109 1.827373
v -0.1321445 0.130955 0.902135
vn 0.4988703 -0.02663121 -0.020475
vt 0.967871 1.866757
v -0.1906955 0.257695 0.9566
vn -0.04145916 0.4963981 0.04324451
vt 0.953135 1.802022
v -0.2191145 0.2587855 0.93243
vn -0.416047 0.268941 0.0676435
vt 0.946215 1.802415
v -0.2161465 0.227213 0.934585
vn -0.4380877 0.2407871 0.0100363
vt 0.944332 1.819743
v -0.156836 0.2607125 0.935285
vn 0.3455514 0.3566149 0.05848099
vt 0.960755 1.804322
v -0.190622 0.307653 0.959245
vn -0.05958153 0.4960978 -0.01835896
vt 0.954349 1.778341
v -0.151838 0.3074615 0.940835
vn 0.3273344 0.3779524 0.00205141
vt 0.962694 1.780421
v -0.125653 0.3149 0.90381
vn 0.4980023 -0.0426527 -0.01320733
vt 0.971563 1.779683
v -0.1308435 0.266605 0.90606
vn 0.4966077 -0.01001255 0.05727654
vt 0.969511 1.803357
v -0.2157805 0.21619 0.87938
vn -0.4793195 -0.1336175 0.04898125
vt 0.935147 1.825397
v -0.2245185 0.3069275 0.931465
vn -0.4080234 0.2733739 -0.09372098
vt 0.946834 1.778652
v -0.181609 0.354746 0.954985
vn -0.1887561 0.4528523 -0.09641548
vt 0.954925 1.756777
v -0.2328375 0.2650755 0.90025
vn -0.4888309 -0.04170574 0.09646248
vt 0.938846 1.799224
v -0.1983135 0.209067 0.848295
vn -0.2481481 -0.4309718 0.05182503
vt 0.926401 1.829203
v -0.1997055 0.245701 0.861535
vn -0.4212485 -0.2648485 -0.0490402
vt 0.928437 1.810143
v -0.2240675 0.3100005 0.877885
vn -0.4421263 -0.1876529 -0.1389632
vt 0.934031 1.778543
v -0.2360375 0.312756 0.90137
vn -0.480565 -0.01232385 -0.137497
vt 0.938771 1.777163
v -0.207495 0.355061 0.89975
vn -0.4547758 0.1696184 -0.1200355
vt 0.937762 1.756754
v -0.204876 0.315036 0.881905
vn -0.175118 -0.4545325 -0.1128445
vt 0.930722 1.776139
v -0.1938215 0.2518575 0.842905
vn -0.3013716 -0.3978091 -0.03038311
vt 0.924718 1.80841
v -0.1949915 0.3146015 0.869575
vn -0.2727149 -0.4015219 -0.120028
vt 0.925409 1.780643
v -0.167675 0.3166005 0.86248
vn 0.1867714 -0.4522678 -0.1028119
vt 0.918997 1.780477
v -0.1710445 0.255723 0.83778
vn 0.187199 -0.460521 -0.053637
vt 0.920026 1.807157
v -0.1950285 0.316395 0.86992
vn -0.289771 -0.4045261 -0.04890221
vt 0.925431 1.779761
v -0.1604225 0.2462715 0.86239
vn 0.4263768 -0.2508824 -0.07253196
vt 0.914673 1.810677
v -0.158904 0.315793 0.87531
vn 0.3788098 -0.3257253 0.02015344
vt 0.913432 1.777577
v -0.1308435 0.266605 0.90606
vn 0.4966077 -0.01001255 0.05727654
vt 0.904807 1.800817
v -0.16755 0.3186315 0.8628
vn -0.02291337 -0.4932536 0.07858691
vt 0.918959 1.779484
v -0.1914835 0.355316 0.86663
vn -0.3628447 -0.3437652 0.01300961
vt 0.924038 1.758021
v -0.125653 0.3149 0.90381
vn 0.4980023 -0.0426527 -0.01320733
vt 0.904002 1.779614
v -0.161234 0.211557 0.84908
vn 0.2502989 -0.4314799 0.03428629
vt 0.918506 1.828279
v -0.1393375 0.2202075 0.879975
vn 0.4957559 -0.0632801 -0.01488856
vt 0.910061 1.824239
v -0.1321445 0.130955 0.902135
vn 0.4988703 -0.02663121 -0.020475
vt 0.90869 1.866014
v -0.200227 0.355219 0.886205
vn -0.3003679 -0.3992974 -0.01845904
vt 0.930397 1.757289
v -0.193646 0.482783 0.875565
vn -0.4257832 -0.2599781 0.03346766
vt 0.928028 1.699776
v -0.2103465 0.3551785 0.88813
vn -0.4199471 -0.2646232 -0.06015854
vt 0.932077 1.757213
v -0.185766 0.485847 0.863985
vn -0.251792 -0.4265195 0.0684245
vt 0.921984 1.696134
v -0.1967145 0.58883 0.83896
vn -0.3289074 -0.3438189 0.1536505
vt 0.920031 1.651373
v -0.207344 0.58883 0.863355
vn -0.4962451 0.05740901 -0.02109615
vt 0.925503 1.650715
v -0.1971545 0.612155 0.826215
vn -0.2544098 -0.3922053 0.1773434
vt 0.918916 1.639031
v -0.205793 0.615875 0.84056
vn -0.4787616 -0.1198285 0.08017752
vt 0.923537 1.638445
v -0.2051655 0.61762 0.8502
vn -0.4872884 -0.09657148 0.05677998
vt 0.927804 1.637788
v -0.210651 0.665475 0.82961
vn -0.4476767 -0.1937736 0.109715
vt 0.924438 1.616229
v -0.2067085 0.66852 0.82052
vn -0.393746 -0.237372 0.196516
vt 0.92248 1.614956
v -0.20186 0.58883 0.871715
vn -0.486793 -0.0831495 0.0782225
vt 0.929833 1.650778
v -0.223937 0.58883 0.892645
vn -0.4731718 -0.09371446 0.1316285
vt 0.938006 1.652133
v -0.2035885 0.482499 0.894435
vn -0.4968298 -0.04514128 0.03350219
vt 0.937365 1.699014
v -0.1927685 0.476197 0.927615
vn -0.4370192 0.2410358 0.03026423
vt 0.947001 1.701628
v -0.2078435 0.58883 0.935705
vn -0.398665 0.2810525 0.1098895
vt 0.948808 1.653342
v -0.174284 0.4866875 0.862435
vn -0.07105296 -0.4917338 0.05611948
vt 0.917601 1.696419
v -0.1853265 0.58883 0.83551
vn -0.06336351 -0.4656455 0.170761
vt 0.916654 1.651833
v -0.1653285 0.58883 0.835415
vn 0.203706 -0.4341075 0.141614
vt 0.912522 1.653839
v -0.198092 0.714155 0.75385
vn -0.2430623 -0.3932488 0.1904629
vt 0.915254 1.592429
v -0.2221285 0.781515 0.81225
vn -0.470926 -0.1668285 -0.01992305
vt 0.927007 1.562953
v -0.198337 0.67499 0.80122
vn -0.2039031 -0.3500871 0.2930231
vt 0.918324 1.612253
v -0.181793 0.58883 0.95796
vn -0.07703104 0.4834853 0.1015295
vt 0.958327 1.652632
v -0.2438935 0.719725 0.95207
vn -0.389579 0.3127915 0.01974015
vt 0.950892 1.597629
v -0.1872785 0.629145 0.971165
vn -0.06550901 0.4834731 0.1093725
vt 0.959471 1.635062
v -0.14118 0.637645 0.948505
vn 0.3812025 0.322217 0.0293395
vt 0.969724 1.634224
v -0.1461255 0.58883 0.9453
vn 0.3532205 0.3496115 0.05483749
vt 0.967685 1.655063
v -0.157607 0.4762165 0.935465
vn 0.3627316 0.3436236 0.01867141
vt 0.962954 1.703439
v -0.1781335 0.476811 0.94682
vn -0.1065535 0.4880299 0.02175334
vt 0.955131 1.701747
v -0.1358415 0.4859115 0.890725
vn 0.4925694 -0.07505971 0.0417303
vt 0.9748 1.702303
v -0.125368 0.58883 0.883475
vn 0.4889331 -0.08224501 0.06465448
vt 0.981491 1.659947
v -0.119586 0.645985 0.87842
vn 0.4965478 -0.05341489 0.02423033
vt 0.985185 1.636563
v -0.1563575 0.35485 0.936095
vn 0.3685369 0.3368099 -0.02719629
vt 0.962489 1.757405
v -0.1352965 0.355056 0.89872
vn 0.496361 -0.03517072 -0.04887557
vt 0.971724 1.75863
v -0.181609 0.354746 0.954985
vn -0.205531 0.4447169 -0.09991963
vt 0.954925 1.756777
v -0.197792 0.78044 0.748665
vn -0.2285176 -0.4383568 -0.07498705
vt 0.914354 1.565677
v -0.187758 0.71554 0.96995
vn 0.00272196 0.4999884 -0.00203691
vt 0.962345 1.601886
v -0.2263095 0.857235 0.94752
vn -0.3938791 0.3078336 0.009885503
vt 0.955527 1.542318
v -0.1909795 0.886075 0.97004
vn -0.09126004 0.4906817 0.03005136
vt 0.965536 1.533882
v -0.149774 0.72688 0.95815
vn 0.3487861 0.3582481 -0.002567851
vt 0.970011 1.599632
v -0.1521905 0.85784 0.959555
vn 0.3266065 0.3757205 0.04650011
vt 0.971008 1.54687
v -0.1194155 0.984195 0.969565
vn 0.2776629 0.3697917 0.1901512
vt 0.983978 1.49878
v -0.112945 0.919265 0.879225
vn 0.4869145 0.03998171 0.1063753
vt 0.993811 1.539986
v -0.131938 0.825625 0.89793
vn 0.4967352 0.04149762 0.03914156
vt 0.982896 1.564867
v -0.1057295 0.952525 0.87259
vn 0.4058742 0.1127833 0.2693438
vt 0.996127 1.532339
v -0.1861215 0.99761 0.978725
vn -0.1384206 0.4514057 0.1645376
vt 0.972465 1.489873
v -0.1263275 0.74603 0.8784
vn 0.4989257 -0.0005783951 -0.03275312
vt 0.986752 1.596041
v -0.185215 1.01843 0.992665
vn -0.145228 0.4590119 0.13497
vt 0.973758 1.481658
v -0.111902 1.12371 1.00365
vn -0.01441177 0.499649 0.01196762
vt 0.989915 1.439799
v -0.249089 1.00106 0.934795
vn -0.4404406 0.2365475 0.007574351
vt 0.955986 1.483263
v -0.237616 0.833565 0.89715
vn -0.4999831 0.0003304041 -0.004093111
vt 0.943536 1.548056
v -0.2616295 0.94922 0.821955
vn -0.4874249 -0.05774448 0.09530248
vt 0.932424 1.496619
v -0.243051 1.1486 0.9164
vn -0.4436209 0.210795 -0.09362649
vt 0.958659 1.424435
v -0.267005 1.095625 0.78233
vn -0.4991722 -0.02369081 0.01630426
vt 0.930255 1.439449
v -0.225128 1.0086 0.67348
vn -0.4003845 -0.231882 0.1895335
vt 0.906201 1.463031
v -0.2633535 1.14429 0.74635
vn -0.2923216 0.05785302 0.4014986
vt 0.924727 1.422282
v -0.2632005 1.16492 0.7796
vn -0.3770896 0.1966231 0.2629501
vt 0.932384 1.414545
v -0.2555075 1.17732 0.8228
vn -0.4458854 0.1682949 0.1512054
vt 0.942394 1.412386
v -0.2565045 0.74127 0.886925
vn -0.4960153 -0.06283198 0.004580798
vt 0.938918 1.585385
v -0.2145955 0.913205 0.743465
vn -0.329875 -0.2920535 0.236405
vt 0.915287 1.509791
v -0.1596585 0.90324 0.724735
vn 0.2630964 -0.3088973 0.292169
vt 0.904035 1.515252
v -0.147932 0.97295 0.63436
vn -0.2632737 -0.196395 0.3769827
vt 0.888905 1.48257
v -0.1315535 0.937955 0.70643
vn 0.1355209 -0.2014293 0.4371045
vt 0.899397 1.505415
v -0.175349 1.007615 0.61496
vn -0.3577488 -0.2110329 0.2783539
vt 0.889521 1.464344
v -0.2187925 1.208555 0.56148
vn -0.4905581 -0.09097628 0.03280356
vt 0.887795 1.390571
v -0.170857 1.050965 0.513685
vn -0.4519159 -0.03902387 0.2103548
vt 0.878347 1.437579
v -0.161367 0.83146 0.77731
vn 0.2988229 -0.3934524 0.07681198
vt 0.906184 1.549263
v -0.2047205 0.8328 0.77778
vn -0.3460795 -0.3604705 0.01702965
vt 0.915831 1.5463
v -0.169792 0.77962 0.752835
vn 0.2948971 -0.3988166 -0.06309552
vt 0.909425 1.566349
v -0.1669915 0.7134 0.75699
vn 0.2952601 -0.3574421 0.1872341
vt 0.908893 1.593267
v -0.1491515 0.78146 0.81616
vn 0.4766847 -0.1498335 0.01793431
vt 0.897602 1.575044
v -0.14043 0.854955 0.79992
vn 0.4507001 -0.1573435 0.1487025
vt 0.895163 1.546061
v -0.124867 0.91889 0.764335
vn 0.07570895 -0.04795582 0.4919028
vt 0.893166 1.520319
v -0.131938 0.825625 0.89793
vn 0.4967352 0.04149762 0.03914156
vt 0.880247 1.571156
v -0.1596585 0.90324 0.724735
vn 0.2630964 -0.3088973 0.292169
vt 0.904035 1.515252
v -0.1647835 0.675845 0.802745
vn 0.2913795 -0.3600694 0.1882765
vt 0.909817 1.615502
v -0.146392 0.666015 0.83106
vn 0.4126282 -0.2761541 0.05896503
vt 0.903072 1.622369
v -0.1514835 0.58883 0.85122
vn 0.3754985 -0.3164745 0.09404651
vt 0.905651 1.656376
v -0.165936 0.4872985 0.861305
vn 0.105078 -0.4856785 0.055453
vt 0.91489 1.696626
v -0.158506 0.483042 0.86571
vn 0.3134659 -0.3878314 0.03641414
vt 0.909208 1.703283
v -0.125368 0.58883 0.883475
vn 0.4889331 -0.08224501 0.06465448
vt 0.897566 1.659352
v -0.1358415 0.4859115 0.890725
vn 0.4925694 -0.07505971 0.0417303
vt 0.902092 1.704216
v -0.119586 0.645985 0.87842
vn 0.4965478 -0.05341489 0.02423033
vt 0.894916 1.63462
v -0.1352965 0.355056 0.89872
vn 0.496361 -0.03517072 -0.04887557
vt 0.905046 1.761846
v -0.1612945 0.3552075 0.866665
vn 0.4169451 -0.2758306 0.008619152
vt 0.913218 1.76003
v -0.168511 0.355348 0.85175
vn 0.118499 -0.4834532 0.04723332
vt 0.918917 1.758544
v -0.16755 0.3186315 0.8628
vn -0.02291337 -0.4932536 0.07858691
vt 0.918959 1.779484
v -0.1263275 0.74603 0.8784
vn 0.4989257 -0.0005783951 -0.03275312
vt 0.889637 1.596591
v -0.112945 0.919265 0.879225
vn 0.4869145 0.03998171 0.1063753
vt 0.874231 1.536977
v -0.1057295 0.952525 0.87259
vn 0.3933556 0.1208844 0.2840041
vt 0.872695 1.528254
v -0.1315535 0.937955 0.70643
vn 0.1355209 -0.2014293 0.4371045
vt 0.899397 1.505415
v 0.2195671 -0.0157657 1.076605
vn -0.002859426 0.03400077 0.4988344
vt 0.22647 1.52054
v 0.2610725 -0.006371462 1.07571
vn 0.2988712 0.303355 0.2620148
vt 0.234083 1.52052
v 0.2569555 -0.006685187 1.098165
vn 0.3744779 0.1785212 0.2790995
vt 0.232644 1.514203
v 0.2154832 -0.01645655 1.03903
vn -0.008537368 0.04610296 0.4977968
vt 0.225848 1.530264
v 0.179398 -0.008713138 1.081035
vn -0.3205812 0.2722991 0.2703349
vt 0.219207 1.519017
v 0.1549369 -0.009410692 1.07586
vn -0.2911083 0.3775596 0.1506809
vt 0.216999 1.522703
v 0.1483469 -0.01791912 1.04582
vn -0.3736141 0.05143717 0.3282784
vt 0.215127 1.528359
v 0.1594683 -0.01755011 0.99398
vn -0.3030517 -0.1612842 0.3635204
vt 0.216556 1.541615
v 0.1848857 -0.008665841 1.0997
vn -0.3656972 0.1978866 0.2776805
vt 0.219515 1.51368
v 0.1984 -0.00833805 1.114965
vn -0.1746395 0.391427 0.2574607
vt 0.221994 1.50768
v 0.2184121 -0.02251933 0.994305
vn 0.0009247623 0.008756457 0.4999225
vt 0.226204 1.541882
v 0.175601 -0.01370779 0.976785
vn -0.3747016 -0.1842475 0.2750483
vt 0.219292 1.544898
v 0.2129978 -0.02077272 0.94985
vn -0.009276636 -0.05246821 0.497153
vt 0.225359 1.552087
v 0.2608745 -0.01082799 0.972595
vn 0.3368936 -0.1636955 0.3312197
vt 0.234074 1.547071
v 0.1736581 -0.01580898 0.942425
vn -0.3543435 -0.07243448 0.3452447
vt 0.218816 1.552047
v 0.2767743 -0.01374087 0.992605
vn 0.3379219 -0.1431514 0.3395829
vt 0.235521 1.542149
v 0.2837676 -0.01395754 1.01946
vn 0.3651783 -0.04722348 0.3382525
vt 0.236675 1.535322
v 0.2857081 -0.01432319 1.04471
vn 0.4431762 0.08634087 0.2148025
vt 0.237011 1.528897
v 0.2797693 -0.01049372 1.069765
vn 0.2670181 0.3335284 0.259731
vt 0.235359 1.522294
v 0.2569103 -0.01385813 0.943665
vn 0.3255499 -0.1037757 0.3650313
vt 0.23346 1.554171
v 0.2368542 -0.01404945 0.929255
vn 0.09196872 -0.2625693 0.4154505
vt 0.230495 1.560205
v 0.1850542 -0.01440816 0.92623
vn -0.1299977 -0.2277359 0.4257194
vt 0.220188 1.558977
v 0.2468641 -0.00720749 1.1125
vn 0.1856132 0.3828706 0.2625982
vt 0.23082 1.508408
v -0.202947 1.18093 0.287596
vn 0.2047861 -0.2385424 -0.3887933
vt 0.664007 1.248698
v -0.213632 1.17814 0.2898525
vn -0.3112818 -0.3444638 -0.1856028
vt 0.665663 1.249061
v -0.2184045 1.1856 0.2972105
vn -0.3646316 -0.02562935 -0.3411553
vt 0.66714 1.244439
v -0.202947 1.18093 0.287596
vn 0.2166569 -0.2295591 -0.3877659
vt 0.664007 1.248698
v -0.208796 1.189425 0.3000305
vn 0.1997895 0.2087594 -0.4080486
vt 0.665306 1.244545
v -0.221735 1.164905 0.300452
vn -0.4836413 0.06775813 -0.1072376
vt 0.668617 1.239816
v -0.2092795 1.169775 0.3064785
vn 0.2503834 0.3845073 -0.1986512
vt 0.666605 1.240392
v -0.2184045 1.1856 0.2972105
vn -0.3731354 -0.03951234 -0.3304674
vt 0.66714 1.244439
v -0.2157015 1.15828 0.314984
vn -0.1971002 0.4483161 -0.1008176
vt 0.669529 1.229842
v -0.2157015 1.15828 0.314984
vn -0.1971002 0.4483161 -0.1008176
vt 0.669529 1.229842
v -0.214715 1.176375 0.291269
vn -0.4289738 -0.2511197 -0.05404067
vt 0.666058 1.247826
v -0.221735 1.164905 0.300452
vn -0.4836413 0.06775813 -0.1072376
vt 0.668617 1.239816
v -0.2184045 1.1856 0.2972105
vn -0.3731354 -0.03951234 -0.3304674
vt 0.66714 1.244439
v -0.213632 1.17814 0.2898525
vn -0.3196926 -0.3400671 -0.1793071
vt 0.665663 1.249061
v -0.075604 1.448565 0.3288915
vn -0.14688 -0.08272902 -0.4707251
vt 0.593643 1.236877
v -0.03271345 1.46187 0.3324725
vn 0.117102 -0.079289 -0.4795835
vt 0.584108 1.235295
v -0.0573345 1.44418 0.2635895
vn -0.1378935 -0.02599926 -0.4799056
vt 0.591783 1.262045
v -0.0896025 1.45938 0.3932575
vn -0.2187235 -0.08778148 -0.4409699
vt 0.595995 1.210305
v -0.0367155 1.487125 0.3950395
vn 0.2151729 -0.1503228 -0.4255628
vt 0.584746 1.207431
v -0.03359585 1.45041 0.265609
vn 0.03804643 0.1088554 -0.4865213
vt 0.587152 1.260927
v -0.03099755 1.45533 0.2307845
vn -0.163932 -0.0131148 -0.4721804
vt 0.584768 1.275598
v -0.01153105 1.462885 0.2554595
vn 0.1724081 0.3655948 -0.2943059
vt 0.579848 1.266409
v 0 1.46312 0.235128
vn 0.1934253 0.4006245 -0.2282252
vt 0.576576 1.272327
v 0 1.466775 0.2214085
vn 0.00597975 -0.009758001 -0.499869
vt 0.576616 1.27767
v 0 1.4579 0.193244
vn -0.01704911 -0.09192603 -0.4911812
vt 0.576698 1.288639
v 0.00096665 1.46638 0.221082
vn 0.1958101 -0.004110411 -0.4600452
vt 0.576369 1.277783
v 0.0210769 1.458345 0.208554
vn 0.177563 0.03611539 -0.4660119
vt 0.571347 1.28214
v 0.02712505 1.452225 0.21339
vn 0.2393375 0.206708 -0.3872845
vt 0.569853 1.278325
v 0.060158 1.447955 0.1821985
vn 0.1506336 -0.06608503 -0.4721677
vt 0.563267 1.291533
v 0.0577775 1.443165 0.1964075
vn 0.4169737 0.2748665 -0.0241112
vt 0.564264 1.283311
v 0.0344208 1.44195 0.225438
vn 0.2405351 0.3687811 -0.2369461
vt 0.568581 1.272312
v 0.04885595 1.43289 0.207366
vn 0.4303488 0.1616825 0.1966181
vt 0.562992 1.277299
v 0.004340615 1.44704 0.2405755
vn -0.01805273 0.494889 0.06898551
vt 0.574872 1.26503
v 0.02932815 1.430795 0.2256345
vn -0.1800891 0.2598521 0.3873562
vt 0.567861 1.268989
v -0.006025 1.4515 0.237627
vn 0.1976162 0.4566672 -0.0490198
vt 0.575712 1.269758
v 0.02203245 1.441065 0.213587
vn 0.04816083 0.3696233 0.3332554
vt 0.569133 1.275002
v 0.0256271 1.40955 0.231017
vn 0.3324961 0.2508236 -0.2766476
vt 0.56818 1.265863
v 0.0517235 1.43304 0.1961965
vn 0.3456473 0.3534355 0.07490852
vt 0.564077 1.279032
v 0.04280245 1.42638 0.207155
vn 0.1691064 -0.08903448 0.4620345
vt 0.562805 1.273019
v 0.044397 1.423685 0.226909
vn 0.1457156 0.3837041 0.2855489
vt 0.564524 1.264298
v 0.044397 1.423685 0.226909
vn 0.1722806 0.372961 0.2849904
vt 0.564524 1.264298
v 0.04527275 1.429205 0.2260685
vn 0.3888679 0.3031914 -0.08280597
vt 0.564977 1.268099
v 0.044397 1.423685 0.226909
vn 0.1722806 0.372961 0.2849904
vt 0.564524 1.264298
v 0.0456077 1.39022 0.22006
vn 0.1946739 0.2960048 -0.3528218
vt 0.56353 1.266278
v 0.0484629 1.378695 0.2674715
vn 0.2029011 0.1402946 -0.4349122
vt 0.563221 1.252245
v -0.00543955 1.415695 0.265986
vn 0.3212593 0.2060098 -0.3230363
vt 0.574737 1.251211
v 0.1012385 1.36753 0.2615755
vn -0.04502046 0.1247835 -0.4820811
vt 0.550462 1.253949
v 0.0992425 1.39422 0.222646
vn 0.061448 0.282135 -0.408196
vt 0.552201 1.267445
v 0.1357825 1.38649 0.2218515
vn -0.3732192 0.07410264 -0.3243705
vt 0.543359 1.274328
v 0.096982 1.41318 0.18643
vn 0.055512 0.4106995 -0.279722
vt 0.551107 1.287001
v 0.1030355 1.424165 0.183931
vn 0.1786685 0.2699735 -0.3810405
vt 0.551205 1.291646
v 0.1391065 1.39663 0.2193525
vn -0.2660241 -0.01709489 -0.4230117
vt 0.541469 1.277921
v 0.1401775 1.383295 0.2493115
vn -0.324788 -0.3801046 0.005767051
vt 0.543128 1.265029
v 0.1259335 1.37854 0.2585715
vn -0.21257 -0.2824824 0.3535784
vt 0.545903 1.261098
v 0.1426665 1.37098 0.277216
vn -0.09462926 0.4158031 0.2610614
vt 0.538502 1.250281
v 0.1569105 1.366045 0.2756585
vn -0.06687146 0.4013554 -0.2905891
vt 0.535727 1.254212
v 0.127858 1.384235 0.2367845
vn -0.4569508 -0.1731527 0.105897
vt 0.545325 1.272016
v 0.131167 1.39112 0.2530315
vn -0.2163786 0.0949568 -0.4406399
vt 0.5438 1.263566
v 0.131182 1.39437 0.2342855
vn -0.3729637 -0.03012837 -0.3316479
vt 0.543434 1.275609
v 0.101859 1.426625 0.168979
vn 0.1780296 0.1288131 -0.4491243
vt 0.551195 1.29704
v 0.061824 1.438085 0.1672695
vn 0.1187621 -0.01168665 -0.4855502
vt 0.562103 1.297167
v 0.1113605 1.432545 0.1502855
vn 0.256747 0.06155899 -0.4246074
vt 0.551184 1.303784
v 0.065872 1.455465 0.131004
vn 0.168924 0.06118149 -0.4666064
vt 0.559276 1.310851
v 0.148434 1.39207 0.2094085
vn 0.3590966 0.01601436 -0.3475531
vt 0.538793 1.281307
v 0.157679 1.376725 0.191247
vn 0.3638164 0.02237319 -0.3422529
vt 0.533908 1.287489
v 0.189157 1.35494 0.1586075
vn 0.4235464 -0.0320751 -0.2637795
vt 0.525127 1.2986
v 0.1665935 1.36824 0.198597
vn 0.3583888 0.01933494 -0.3481143
vt 0.532229 1.284706
v 0.180972 1.34553 0.23485
vn 0.3971671 -0.01199275 -0.3035036
vt 0.524895 1.272166
v 0.1503765 1.388805 0.237923
vn 0.271771 -0.00342145 -0.419677
vt 0.53922 1.271029
v 0.1699055 1.377085 0.2659885
vn 0.376232 -0.01224515 -0.329089
vt 0.532349 1.259398
v 0.1810755 1.35965 0.311462
vn 0.3507105 -0.0540885 -0.352245
vt 0.530488 1.241403
v 0.187287 1.34852 0.316889
vn 0.419623 -0.0920375 -0.2558235
vt 0.525923 1.242048
v 0.212118 1.31555 0.203602
vn 0.4689491 -0.03360151 -0.1701695
vt 0.51524 1.280802
v 0.214545 1.31551 0.327349
vn 0.4630804 -0.05123849 -0.1814695
vt 0.51795 1.233552
v 0.206833 1.36315 0.392413
vn 0.4214678 -0.04631959 -0.2649894
vt 0.527037 1.209418
v 0.179183 1.379895 0.3627735
vn 0.2843055 -0.1143795 -0.3950794
vt 0.531702 1.221508
v 0.239116 1.21498 0.3778595
vn 0.4993316 -3.248656E-05 0.02584465
vt 0.4967 1.210907
v 0.203595 1.370445 0.439601
vn 0.4288225 -0.005106 -0.2570705
vt 0.527487 1.19018
v 0.18245 1.381415 0.392348
vn 0.2086781 -0.05066352 -0.4515381
vt 0.532402 1.210041
v 0.1746095 1.39232 0.4304245
vn 0.19462 -0.1322495 -0.4411725
vt 0.535788 1.193231
v 0.1707425 1.382705 0.392331
vn -0.1325585 -0.03174175 -0.4810621
vt 0.533774 1.210201
v 0.1621025 1.392425 0.429658
vn -0.138292 -0.2235075 -0.4253466
vt 0.537497 1.193441
v 0.1591525 1.3719 0.39483
vn -0.216522 -0.02972595 -0.449705
vt 0.535866 1.211757
v 0.156413 1.389135 0.430743
vn -0.1796779 -0.2443484 -0.3975044
vt 0.539298 1.197149
v 0.1114915 1.36309 0.3946295
vn -0.06159153 -0.05337603 -0.4933128
vt 0.54823 1.212803
v 0.1150105 1.37294 0.4243895
vn -0.095839 -0.163786 -0.4625895
vt 0.54981 1.202198
v 0.200922 1.37647 0.478558
vn 0.453286 -0.0160951 -0.210411
vt 0.527859 1.174297
v 0.1659415 1.415485 0.4695505
vn 0.2424424 -0.1532129 -0.4095699
vt 0.539267 1.175957
v 0.153596 1.437975 0.52016
vn 0.3387156 -0.115569 -0.3491641
vt 0.541504 1.15446
v 0.19393 1.392215 0.58037
vn 0.4529411 -0.05710302 -0.2039205
vt 0.528831 1.132787
v 0.2187925 1.208555 0.56148
vn 0.4922773 -0.08256965 0.0290747
vt 0.487796 1.1363
v 0.170857 1.050965 0.513685
vn 0.4523661 -0.03980461 0.2092378
vt 0.464267 1.136184
v 0.1981185 1.07283 0.3459955
vn 0.4247739 -0.05090949 0.2587959
vt 0.467691 1.217306
v 0.1831835 1.12228 0.171229
vn 0.4043994 -0.139724 0.2587245
vt 0.473602 1.286644
v 0.1194555 1.074625 0.1674425
vn 0.4009504 -0.120534 0.2733319
vt 0.456907 1.290188
v 0.1200145 1.14661 0.02206975
vn 0.4401065 -0.09964199 0.215355
vt 0.470727 1.34778
v 0.1575925 1.20218 0.02379415
vn 0.4489599 -0.137419 0.171904
vt 0.486796 1.345316
v 0.2134995 1.248465 0.163705
vn 0.4883892 -0.10541 0.01909754
vt 0.501103 1.293446
v 0.168947 1.273115 0.02707865
vn 0.4883602 -0.106584 0.01200646
vt 0.50516 1.34532
v 0.164231 1.353605 0.0367185
vn 0.4474925 -0.0788355 -0.2086515
vt 0.525518 1.3432
v 0.1028025 1.0896 0.024186
vn 0.4591736 -0.03553046 0.194672
vt 0.455793 1.344876
v 0.132106 1.196035 -0.0610035
vn 0.4752971 -0.02105195 0.153784
vt 0.481102 1.377833
v 0.1149965 1.109895 -0.04958725
vn 0.4677615 -0.0101238 0.1763425
vt 0.459668 1.372553
v 0.12977 1.163965 -0.119592
vn 0.4479429 0.1820985 0.1272295
vt 0.473771 1.401941
v 0.103198 1.028225 0.1676785
vn 0.3986756 -0.09004752 0.288009
vt 0.446515 1.286563
v 0.069902 1.03442 0.0254637
vn 0.1193756 -0.1167891 0.4712853
vt 0.440989 1.341492
v 0.059641 0.992185 0.1751215
vn 0.004985072 -0.136011 0.4811197
vt 0.434449 1.280972
v 0.045404 1.04747 0.0258681
vn 0.1567376 -0.1068938 0.462609
vt 0.433944 1.342444
v 0.045404 1.0037 0.175418
vn 0.05122 -0.1388645 0.477591
vt 0.430022 1.282346
v 0.03871755 0.92815 0.3867765
vn 0.18341 -0.07745051 0.4586526
vt 0.424849 1.193305
v 0.0803905 1.04649 -0.0483821
vn 0.1645555 -0.04812476 0.4696866
vt 0.442898 1.370584
v 0.0862355 0.968415 0.3564905
vn 0.3119036 -0.07186951 0.3841236
vt 0.436956 1.207696
v 0.052808 0.91659 0.56532
vn 0.2579 -0.06857651 0.4228296
vt 0.42501 1.118705
v 0.1327575 1.012485 0.3502255
vn 0.3414491 -0.07334404 0.3578172
vt 0.449112 1.21293
v 0.111435 0.97499 0.551805
vn 0.3420881 -0.08080202 0.3555936
vt 0.445879 1.130769
v 0 0.921185 0.396259
vn 0.00900861 -0.08226113 0.4931044
vt 0.4169 1.189155
v 0 0.972755 0.176674
vn -0.003555698 -0.09509591 0.4908606
vt 0.417291 1.278296
v 0.0199628 0.97355 0.1762135
vn 0.2137935 -0.09039599 0.4428554
vt 0.421495 1.278868
v 0.02405535 1.002695 0.0271883
vn 0.3541443 0.0419776 0.3504564
vt 0.423341 1.339461
v 0.045404 1.04747 0.0258681
vn 0.1567376 -0.1068938 0.462609
vt 0.433944 1.342444
v 0 0.992015 0.02795215
vn -0.009178225 0.04278363 0.4980817
vt 0.417168 1.338398
v 0 0.892335 0.584465
vn -0.008777453 -0.05117344 0.4972969
vt 0.413307 1.109165
v 0.050549 0.898905 0.68256
vn 0.161652 -0.01283775 0.4729734
vt 0.425243 1.06742
v 0 0.887075 0.685425
vn -0.001379146 0.01838139 0.4996601
vt 0.415106 1.064715
v 0.1012685 0.924215 0.694575
vn 0.2416346 -0.09515604 0.4272681
vt 0.438421 1.066266
v 0.0510015 1.06189 -0.0483229
vn 0.1733985 -0.04132826 0.4671455
vt 0.435027 1.370832
v 0.036669 1.01932 -0.0481664
vn 0.4759881 0.01313564 0.1525214
vt 0.425248 1.368378
v 0.147932 0.97295 0.63436
vn 0.2425202 -0.2097992 0.3836251
vt 0.453531 1.094291
v 0.1315535 0.937955 0.70643
vn -0.1253797 -0.2028834 0.4394523
vt 0.446491 1.063257
v 0.124867 0.91889 0.764335
vn -0.06440251 -0.03574586 0.4945448
vt 0.444465 1.03943
v 0.0971905 0.912215 0.76611
vn 0.1003442 0.07525174 0.4840126
vt 0.438047 1.036934
v 0 0.902485 0.77331
vn 0.006063334 0.1143917 0.4867009
vt 0.417526 1.029626
v 0.0493768 0.908125 0.76986
vn 0.05712052 0.1201946 0.4819652
vt 0.427332 1.032979
v 0.052098 1.06366 -0.139602
vn 0.3360012 0.0127042 0.3700565
vt 0.432761 1.40524
v 0.085969 1.050725 -0.1362575
vn 0.1096635 0.07483576 0.4820514
vt 0.44159 1.406492
v 0.052098 1.06366 -0.139602
vn 0.3360012 0.0127042 0.3700565
vt 0.432761 1.40524
v 0.0284195 1.028725 -0.139434
vn 0.4477488 -0.04801363 0.2172917
vt 0.424161 1.404233
v 0.0523725 1.05279 -0.210735
vn -0.1084329 0.1168536 0.4739067
vt 0.430983 1.433974
v 0.085969 1.050725 -0.1362575
vn 0.1096635 0.07483576 0.4820514
vt 0.44159 1.406492
v 0.02243835 1.03438 -0.2132615
vn 0.3702898 -0.06365579 0.3298991
vt 0.423597 1.43535
v 0.0237616 1.0485 -0.3363375
vn -0.367106 -0.01851574 0.3389548
vt 0.42526 1.48215
v 0.0088038 1.05389 -0.327112
vn -0.01766821 -0.1350632 0.4810881
vt 0.421953 1.478776
v 0 1.07562 -0.3964255
vn -0.01159166 -0.1756078 0.4680038
vt 0.420375 1.507693
v 0.02546765 1.063705 -0.3909155
vn -0.3821925 -0.153392 0.2835485
vt 0.428583 1.504412
v 0.160563 1.269715 -0.149246
vn 0.4802035 0.1390841 0.007758331
vt 0.503904 1.410873
v 0.15768 1.26891 -0.0707505
vn 0.4964966 -0.02789945 0.05208451
vt 0.503076 1.381101
v 0.1544195 1.38083 -0.183404
vn 0.3977034 0.08328898 -0.2913674
vt 0.533309 1.423831
v 0.184638 1.335115 -0.2155695
vn 0.4501889 0.1616829 -0.145563
vt 0.522013 1.438101
v 0.187102 1.360385 -0.3387145
vn 0.3816429 -0.05825416 -0.3177344
vt 0.530133 1.485314
v 0.14518 1.392655 -0.340238
vn 0.2678155 -0.06727501 -0.416832
vt 0.541482 1.48518
v 0.081236 1.426645 -0.3267715
vn 0.1838264 -0.08126696 -0.4578248
vt 0.557029 1.476438
v 0.082359 1.44017 -0.1888985
vn 0.2573261 -0.01231066 -0.4285227
vt 0.555115 1.424078
v 0 1.467915 -0.205499
vn -0.008711853 -0.05077751 -0.4973387
vt 0.576698 1.429452
v 0 1.44598 -0.317958
vn -0.001245685 -0.07868448 -0.4937684
vt 0.576698 1.472175
v 0.03871895 1.4151 -0.4158225
vn 0.2586887 -0.1021327 -0.4155106
vt 0.564331 1.511549
v 0 1.435505 -0.413049
vn 0.01862867 -0.06129233 -0.4958793
vt 0.576698 1.510198
v 0.1457905 1.35618 -0.071067
vn 0.461139 -0.0131669 -0.1928145
vt 0.527333 1.382042
v 0.086047 1.44055 -0.0709915
vn 0.293631 0.00354781 -0.4046829
vt 0.553204 1.381825
v 0.0920855 1.42595 0.04481605
vn 0.2778954 -0.02951554 -0.4146118
vt 0.551118 1.341831
v 0 1.472395 -0.070588
vn 0.0004771133 0.01457574 -0.4997873
vt 0.576698 1.381698
v 0 1.46306 0.04733495
vn -0.0112375 -0.0189038 -0.4995161
vt 0.576698 1.34122
v 0.089593 1.38709 -0.4273485
vn 0.1408685 -0.3620853 -0.3147226
vt 0.551995 1.519173
v 0.1400745 1.368545 -0.4293565
vn 0.2157878 -0.2955557 -0.3407088
vt 0.539481 1.519837
v 0.1857195 1.323565 -0.41954
vn 0.3391812 -0.2332762 -0.2837928
vt 0.525666 1.518896
v 0 1.476125 0.1069465
vn -0.05675699 -0.008504749 -0.4966954
vt 0.576698 1.319738
v 0 1.45481 0.1641095
vn 0.01170865 0.07133152 -0.4947471
vt 0.576698 1.299138
v -0.057273 1.44417 0.163291
vn -0.1539519 0.006541747 -0.4756638
vt 0.591609 1.300334
v -0.0628375 1.442605 0.1892095
vn -0.1455101 -0.01251606 -0.4781947
vt 0.593057 1.291081
v -0.09966601 1.427885 0.14112
vn -0.2551329 -0.02923794 -0.4290133
vt 0.602645 1.30899
v -0.0920855 1.42595 0.04481585
vn -0.2819969 -0.0118893 -0.4127183
vt 0.602267 1.341838
v -0.086047 1.44055 -0.0709915
vn -0.2890905 0.02493395 -0.4071915
vt 0.600192 1.381825
v -0.082359 1.44017 -0.1888985
vn -0.2327115 -0.02259515 -0.441967
vt 0.598281 1.424078
v -0.1457905 1.35618 -0.071067
vn -0.4632554 0.0154566 -0.187498
vt 0.626063 1.382042
v -0.1689465 1.273115 0.02707865
vn -0.4919986 -0.08859602 0.009387602
vt 0.650202 1.354511
v -0.1829115 1.264 0.086833
vn -0.4921037 0.07447253 0.04783087
vt 0.649952 1.323845
v -0.1575925 1.202185 0.02379415
vn -0.4439537 -0.1410586 0.1816801
vt 0.666138 1.35807
v -0.173425 1.22585 0.075925
vn -0.4894032 -0.02486116 0.09933004
vt 0.659247 1.326878
v -0.119769 1.115 0.0859025
vn -0.4226276 -0.122771 0.237304
vt 0.688737 1.322491
v -0.1194555 1.074625 0.1674425
vn -0.3755285 -0.162761 0.287206
vt 0.696477 1.290196
v -0.1200145 1.14661 0.021978
vn -0.456419 -0.0667505 0.1929405
vt 0.682657 1.351851
v -0.158668 1.072905 0.2014925
vn 0.0466322 -0.260766 0.4240596
vt 0.694194 1.275195
v -0.15768 1.26891 -0.0707505
vn -0.4965996 -0.0212621 0.05419201
vt 0.65032 1.381101
v -0.132106 1.196035 -0.0610035
vn -0.4811653 0.008059405 0.1357021
vt 0.672294 1.377833
v -0.1028025 1.0896 0.024186
vn -0.453121 -0.02793545 0.2095255
vt 0.697603 1.344876
v -0.160563 1.269715 -0.149246
vn -0.4802036 0.1390837 0.007758517
vt 0.649492 1.410873
v -0.12977 1.163965 -0.119592
vn -0.4498154 0.1851824 0.1156444
vt 0.679624 1.401941
v -0.1149965 1.109895 -0.04958725
vn -0.4697554 0.009011649 0.1710225
vt 0.693728 1.372553
v -0.069902 1.03442 0.0254637
vn 0.0917536 -0.1227817 0.4759264
vt 0.712407 1.341492
v -0.0803905 1.04649 -0.0483821
vn -0.02004217 -0.02214579 0.4991071
vt 0.710498 1.370584
v -0.1544195 1.38083 -0.183404
vn -0.4164874 0.06012749 -0.2700424
vt 0.620087 1.423831
v -0.184638 1.33512 -0.2155695
vn -0.4471031 0.1508701 -0.165339
vt 0.631383 1.438101
v -0.14518 1.392655 -0.340238
vn -0.2724975 -0.06447499 -0.4142319
vt 0.611914 1.48518
v -0.187102 1.360385 -0.3387145
vn -0.3805535 -0.03175176 -0.3227551
vt 0.623263 1.485314
v -0.1400745 1.368545 -0.4293565
vn -0.2054263 -0.2983648 -0.3446425
vt 0.613915 1.519837
v -0.1857195 1.323565 -0.41954
vn -0.3642128 -0.2012722 -0.2771977
vt 0.627746 1.519011
v -0.089593 1.38709 -0.4273485
vn -0.1462042 -0.3583997 -0.3165028
vt 0.601263 1.519345
v -0.081236 1.426645 -0.3267715
vn -0.1758936 -0.08448853 -0.4603511
vt 0.596367 1.476438
v -0.03871895 1.4151 -0.4158225
vn -0.2707183 -0.1199135 -0.4029049
vt 0.588998 1.51143
v -0.04698585 1.376085 -0.4574895
vn -0.3734534 -0.3323119 -0.01006859
vt 0.594673 1.536994
v 0.093041 1.241745 1.008425
vn 0.2483462 0.4327928 0.03185249
vt 0.809409 1.087283
v 0.088451 1.114985 0.999265
vn -0.0116492 0.479856 0.140009
vt 0.804811 1.135175
v 0.111902 1.12371 1.00365
vn 0.04426055 0.4977218 0.0177217
vt 0.809179 1.131016
v 0.141597 1.29936 0.9812401
vn 0.3140148 0.3885786 -0.02003602
vt 0.820482 1.067538
v 0.0628085 1.22871 1.02547
vn 0.1454437 0.474833 0.05813621
vt 0.803193 1.090231
v 0.058608 1.11949 1.00511
vn 0.08139 0.467788 0.1566845
vt 0.794589 1.126207
v 0.078621 0.998115 0.93136
vn -0.102847 0.3419796 0.3499606
vt 0.7984 1.182603
v 0.1191555 0.984195 0.969565
vn -0.2868397 0.3680077 0.1797035
vt 0.806606 1.185036
v 0 1.04874 0.990415
vn 1.568075E-07 0.442274 0.2332245
vt 0.782884 1.151967
v 0.1057295 0.952525 0.87259
vn -0.3938918 0.128019 0.2801079
vt 0.805096 1.224946
v 0.056017 0.954355 0.882925
vn 0.05966948 0.2501754 0.4287794
vt 0.794357 1.227895
v 0 0.99248 0.94894
vn 1.582985E-07 0.359175 0.347841
vt 0.782884 1.179338
v 0.0971905 0.912215 0.76611
vn 0.1003442 0.07525174 0.4840126
vt 0.80457 1.266093
v 0.124867 0.91889 0.764335
vn -0.08461333 -0.04320068 0.4908913
vt 0.810748 1.262851
v 0.0493768 0.908125 0.76986
vn 0.05712052 0.1201946 0.4819652
vt 0.794255 1.270201
v 0 0.94909 0.88905
vn 0.000113976 0.2433946 0.4367597
vt 0.782884 1.22971
v -0.056017 0.954355 0.882925
vn -0.05980198 0.2502989 0.4286889
vt 0.771411 1.227895
v 0 0.902485 0.77331
vn 0.006063334 0.1143917 0.4867009
vt 0.782884 1.271445
v -0.078621 0.998115 0.93136
vn 0.1021675 0.3422095 0.349935
vt 0.767367 1.182603
v -0.1057295 0.952525 0.87259
vn 0.3933556 0.1208844 0.2840041
vt 0.760615 1.223462
v -0.0971905 0.912215 0.76611
vn -0.07850359 0.04967581 0.4912937
vt 0.761197 1.266093
v -0.124867 0.91889 0.764335
vn 0.07570895 -0.04795582 0.4919028
vt 0.755019 1.262851
v -0.0493768 0.908125 0.76986
vn -0.07924648 0.1074062 0.4818546
vt 0.771512 1.270201
v -0.058608 1.11949 1.00511
vn -0.08362304 0.4684708 0.1534351
vt 0.769224 1.12738
v 0 1.218265 1.04031
vn -0.0001512874 0.4945178 0.07383873
vt 0.782884 1.089355
v -0.02827905 1.22212 1.027795
vn -0.1474674 0.4735095 0.06357763
vt 0.774883 1.089868
v -0.088451 1.114985 0.999265
vn 0.0127195 0.4802262 0.13864
vt 0.760956 1.132049
v -0.1194155 0.984195 0.969565
vn 0.2776629 0.3697917 0.1901512
vt 0.759162 1.185036
v -0.111902 1.12371 1.00365
vn -0.01441177 0.499649 0.01196762
vt 0.756589 1.131016
v -0.093041 1.241745 1.008425
vn -0.2446611 0.4349123 0.03149936
vt 0.756358 1.087283
v -0.141597 1.29936 0.9812401
vn -0.3136646 0.3888557 -0.02014539
vt 0.745285 1.067538
v -0.0628085 1.232115 1.02521
vn -0.1475585 0.4741825 0.05811613
vt 0.762574 1.090231
v 0.02827905 1.22212 1.027795
vn 0.1420996 0.4752241 0.06300592
vt 0.790884 1.089868
v 0.1312784 0.8250631 0.89793
vn -0.4970803 0.02779013 0.04553251
vt 0.759028 1.564867
v 0.1517841 0.8577654 0.959555
vn -0.3119732 0.3864197 0.05773201
vt 0.770916 1.54687
v 0.1191555 0.984195 0.969565
vn -0.2868397 0.3680077 0.1797035
vt 0.757946 1.49878
v 0.112685 0.919265 0.879225
vn -0.4902157 0.02100429 0.09616342
vt 0.748918 1.541821
v 0.1057295 0.952525 0.87259
vn -0.4006854 0.1202878 0.2738285
vt 0.745327 1.533635
v 0.185215 1.01843 0.98907
vn 0.13174 0.4805852 0.04101791
vt 0.768166 1.481658
v 0.111902 1.12371 1.00365
vn 0.04426055 0.4977218 0.0177217
vt 0.752008 1.439799
v 0.1909489 0.8860778 0.97004
vn 0.08223746 0.4914781 0.04102764
vt 0.776388 1.533882
v 0.2262473 0.857281 0.94752
vn 0.4129102 0.2818749 -0.006545049
vt 0.786397 1.542318
v 0.2562835 1.00106 0.93479
vn 0.4414621 0.2345625 0.009572252
vt 0.785938 1.483263
v 0.151684 0.7259601 0.95815
vn -0.3621247 0.3446341 -0.007513696
vt 0.771913 1.599632
v 0.1274721 0.7444882 0.8784
vn -0.4986131 -0.02996201 -0.02098767
vt 0.755171 1.596041
v 0.1465628 0.6363298 0.948505
vn -0.3964947 0.3035905 0.0249954
vt 0.7722 1.634224
v 0.1245815 0.6439073 0.87842
vn -0.4930307 -0.0808185 0.01972632
vt 0.756739 1.636563
v 0.1464141 0.4844986 0.890725
vn -0.4891936 -0.09452303 0.04189366
vt 0.767124 1.702303
v 0.1686136 0.4755729 0.93546
vn -0.3819851 0.3218751 0.02199635
vt 0.77897 1.703439
v 0.1931902 0.6294529 0.971165
vn 0.007965846 0.4987323 0.03467945
vt 0.782453 1.635062
v 0.200398 0.4772777 0.955665
vn -0.01271938 0.4991332 0.0265382
vt 0.786792 1.701747
v 0.2301068 0.4777008 0.93649
vn 0.3983527 0.3013224 0.0228017
vt 0.794923 1.701628
v 0.2315254 0.6458908 0.94737
vn 0.3937531 0.305786 0.0381238
vt 0.792233 1.629741
v 0.2447396 0.665895 0.889165
vn 0.4992481 -0.01308768 -0.02389956
vt 0.803453 1.618144
v 0.2402265 0.4843606 0.89564
vn 0.4910486 -0.08582041 0.03880865
vt 0.804559 1.699014
v 0.2208097 0.6667696 0.82961
vn 0.4475375 -0.2151747 0.05839598
vt 0.817486 1.616229
v 0.2137488 0.4837196 0.86384
vn 0.448912 -0.2159628 0.04287285
vt 0.813896 1.699776
v 0.202642 0.6756559 0.80122
vn 0.2801039 -0.362151 0.2009689
vt 0.8236 1.612253
v 0.2055925 0.4914942 0.82894
vn 0.339787 -0.3632705 0.05078751
vt 0.81994 1.696134
v 0.1690791 0.6753394 0.802745
vn -0.2900151 -0.3794755 0.1479515
vt 0.832107 1.615502
v 0.1766369 0.4919369 0.826255
vn -0.1760342 -0.4639761 0.06114059
vt 0.826382 1.696626
v 0.1509295 0.6648696 0.83106
vn -0.4205683 -0.2691275 0.0263187
vt 0.838852 1.622369
v 0.1495348 0.7805695 0.81616
vn -0.4729162 -0.16021 0.02518699
vt 0.844322 1.575044
v 0.1697364 0.7129847 0.75699
vn -0.2825068 -0.3685619 0.185291
vt 0.833031 1.593267
v 0.1694222 0.4824308 0.86571
vn -0.436174 -0.2413682 0.03864799
vt 0.832716 1.703283
v 0.1245815 0.6439073 0.87842
vn -0.4930307 -0.0808185 0.01972632
vt 0.846856 1.634583
v 0.1464141 0.4844986 0.890725
vn -0.4891936 -0.09452303 0.04189366
vt 0.839832 1.704216
v 0.1766704 0.3547715 0.87118
vn -0.434171 -0.2477003 0.0118382
vt 0.828706 1.76003
v 0.1504357 0.3537038 0.89872
vn -0.4903112 -0.08900826 -0.04089537
vt 0.836877 1.761846
v 0.2394912 0.3568192 0.89777
vn 0.4936492 -0.05729528 -0.05502499
vt 0.804162 1.756754
v 0.2302241 0.3562739 0.93789
vn 0.38886 0.3111891 -0.04415005
vt 0.794549 1.756497
v 0.2281005 0.356539 0.876405
vn 0.2119987 -0.4519745 0.02784974
vt 0.808966 1.757208
v 0.2156907 0.3561462 0.879
vn 0.2976609 -0.4000229 0.03714459
vt 0.812638 1.757698
v 0.2069491 0.3559375 0.842445
vn 0.355999 -0.3493332 0.03508631
vt 0.817886 1.758021
v 0.1766369 0.4919369 0.826255
vn -0.1760342 -0.4639761 0.06114059
vt 0.826382 1.696626
v 0.1839895 0.3551677 0.83662
vn -0.25 -0.430236 0.04895952
vt 0.823007 1.758544
v 0.2120916 0.3102551 0.850935
vn 0.3731777 -0.3325562 -0.01203119
vt 0.816492 1.779761
v 0.184552 0.3115242 0.84379
vn -0.2614279 -0.4261587 0.006651048
vt 0.822965 1.779484
v 0.212117 0.3084669 0.850615
vn 0.3552758 -0.348522 -0.04807817
vt 0.816514 1.780644
v 0.2217392 0.3161499 0.881905
vn 0.3082259 -0.3920826 -0.03560986
vt 0.811902 1.777858
v 0.1847476 0.3095049 0.84349
vn -0.2341885 -0.4400311 -0.03909452
vt 0.822927 1.780478
v 0.2529613 0.3149583 0.904205
vn 0.4973484 -0.02315468 -0.04591749
vt 0.803153 1.777163
v 0.2410948 0.3117867 0.88358
vn 0.3229719 -0.3806939 -0.02759166
vt 0.807892 1.778543
v 0.2189917 0.2466762 0.861535
vn 0.440809 -0.231434 -0.04610526
vt 0.813487 1.810143
v 0.2514273 0.2671952 0.90594
vn 0.49118 -0.006659764 0.09326247
vt 0.803078 1.799224
v 0.218879 0.2100159 0.848295
vn 0.2677692 -0.4182748 0.0578435
vt 0.815522 1.829203
v 0.2379322 0.26043 0.93812
vn 0.3684257 0.3149843 0.122668
vt 0.795709 1.802415
v 0.2360868 0.2177441 0.87938
vn 0.4818467 -0.130958 0.02595764
vt 0.806777 1.825397
v 0.2471982 0.1266069 0.90263
vn 0.4929859 -0.08202302 0.0153983
vt 0.804889 1.867328
v 0.2244672 0.1239019 0.86761
vn 0.2471024 -0.4201762 0.111321
vt 0.814235 1.868575
v 0.2273137 0.08865082 0.879835
vn 0.343671 -0.346341 0.109262
vt 0.814982 1.885249
v 0.2519018 0.06788878 0.92742
vn 0.4892328 -0.1031495 -0.003380197
vt 0.807704 1.890954
v 0.1766412 0.1251466 0.86668
vn -0.2305585 -0.4307499 0.106289
vt 0.824442 1.868029
v 0.1783078 0.08627608 0.87993
vn -0.2322543 -0.4204132 0.138963
vt 0.824266 1.884684
v 0.2313541 0.007621405 0.90447
vn 0.222096 -0.3940248 0.2131146
vt 0.817878 1.920605
v 0.1850201 0.007714979 0.904215
vn -0.2232818 -0.3844967 0.2287085
vt 0.825396 1.919289
v 0.2368542 -0.01404945 0.929255
vn 0.09877051 -0.2656023 0.4119464
vt 0.816612 1.934664
v 0.1850542 -0.01440816 0.92623
vn -0.1299977 -0.2277359 0.4257194
vt 0.827256 1.933168
v 0.1736581 -0.01580898 0.942425
vn -0.3543435 -0.07243448 0.3452447
vt 0.83101 1.935283
v 0.1725926 0.0149195 0.93302
vn -0.4846793 -0.0864172 0.0872815
vt 0.830205 1.919275
v 0.1553039 0.06703153 0.92732
vn -0.4944006 -0.06580994 0.0351727
vt 0.835413 1.893891
v 0.1741906 0.02205422 0.962215
vn -0.4511545 -0.1500012 0.1547879
vt 0.836584 1.924633
v 0.1816233 0.2112064 0.84908
vn -0.237728 -0.437941 0.04114702
vt 0.823418 1.828279
v 0.1899983 0.2556918 0.83778
vn -0.1940759 -0.4606205 -0.01277876
vt 0.821898 1.807157
v 0.2128964 0.2526241 0.842905
vn 0.3376829 -0.3686066 -0.00997165
vt 0.817206 1.80841
v 0.1796007 0.2458719 0.86239
vn -0.4179863 -0.2658114 -0.06805699
vt 0.827251 1.810677
v 0.1756564 0.3152976 0.87531
vn -0.4145051 -0.2795728 -0.004959035
vt 0.828492 1.777577
v 0.1847476 0.3095049 0.84349
vn -0.2341885 -0.4400311 -0.03909452
vt 0.822927 1.780478
v 0.1839895 0.3551677 0.83662
vn -0.25 -0.430236 0.04895952
vt 0.823007 1.758544
v 0.1421995 0.3132362 0.90381
vn -0.4922302 -0.08588794 -0.01823965
vt 0.837922 1.779614
v 0.1490728 0.2651518 0.90606
vn -0.4941057 -0.03796778 0.06646828
vt 0.837117 1.800817
v 0.1591809 0.2190785 0.879975
vn -0.4941288 -0.07311247 -0.02216562
vt 0.831863 1.824239
v 0.1551066 0.1296293 0.902135
vn -0.4960264 -0.05921455 -0.02124752
vt 0.833233 1.866014
v 0.259033 1.273615 0.75786
vn 0.4879428 0.001576254 -0.10913
vt 0.809799 1.362968
v 0.235996 1.283 0.86549
vn 0.4541211 0.1758556 -0.1133525
vt 0.787484 1.367287
v 0.267005 1.095625 0.78233
vn 0.4991544 -0.02747694 0.009481648
vt 0.812059 1.435149
v 0.215158 1.36798 0.79676
vn 0.4615303 0.05223976 -0.1850967
vt 0.797123 1.326226
v 0.191849 1.377305 0.89578
vn 0.4553225 0.1627414 -0.1272661
vt 0.77611 1.331702
v 0.251217 1.2105 0.6470301
vn 0.4835538 -0.126228 -0.01556479
vt 0.834268 1.379515
v 0.22483 1.35575 0.727245
vn 0.4616325 -0.01673681 -0.1913512
vt 0.812275 1.325872
v 0.226308 1.330415 0.64002
vn 0.4776135 -0.08503585 -0.1210547
vt 0.831373 1.330664
v 0.243051 1.1486 0.9164
vn 0.4359349 0.2279975 -0.08931899
vt 0.783265 1.424435
v 0.1812845 1.16169 0.972545
vn 0.2694181 0.4093701 -0.09914652
vt 0.766426 1.422367
v 0.1719715 1.243735 0.963425
vn 0.338004 0.3631935 -0.06199849
vt 0.764553 1.389067
v 0.141597 1.29936 0.9812401
vn 0.3140148 0.3885786 -0.02003602
vt 0.757914 1.367891
v 0.1831415 1.10858 0.984855
vn 0.2425291 0.4317847 -0.06885953
vt 0.765967 1.444712
v 0.225128 1.0086 0.67348
vn 0.4054341 -0.2295601 0.1814535
vt 0.835723 1.463031
v 0.2616295 0.94922 0.821955
vn 0.4840382 -0.06526553 0.1069926
vt 0.8095 1.496619
v 0.2145151 0.9132268 0.743465
vn 0.3395342 -0.2924256 0.2218085
vt 0.826637 1.509791
v 0.1595858 0.9032236 0.724735
vn -0.1618606 -0.3411463 0.3277452
vt 0.837889 1.515252
v 0.2041053 0.8332042 0.77778
vn 0.3634094 -0.3405759 0.0431988
vt 0.826093 1.5463
v 0.2372401 0.834147 0.89715
vn 0.4996729 0.008230272 -0.0139783
vt 0.798388 1.548056
v 0.2225868 0.7826601 0.81225
vn 0.4743768 -0.157591 -0.009110997
vt 0.814917 1.562953
v 0.2551056 0.7553388 0.88819
vn 0.4969511 -0.05159218 0.01779115
vt 0.802394 1.580441
v 0.2460935 0.7215301 0.95207
vn 0.3940699 0.3032851 0.05177548
vt 0.791031 1.597629
v 0.2412665 0.7034051 0.91126
vn 0.483226 0.002011388 0.1282825
vt 0.798604 1.603506
v 0.2509163 0.7432181 0.886925
vn 0.4652385 -0.1149256 0.1424856
vt 0.803005 1.585385
v 0.2390473 0.6961239 0.888045
vn 0.4932808 -0.05329028 0.06172249
vt 0.803277 1.605235
v 0.2230226 0.7150832 0.821915
vn 0.4689627 -0.1565849 0.074513
vt 0.816418 1.594089
v 0.2212803 0.7642032 0.81477
vn 0.4663798 -0.1732245 0.04934471
vt 0.815324 1.571407
v 0.2007953 0.7147378 0.75385
vn 0.2525786 -0.38843 0.1879015
vt 0.82667 1.592429
v 0.1982984 0.7809119 0.748665
vn 0.2369045 -0.4326484 -0.08152295
vt 0.82757 1.565677
v 0.190133 0.715763 0.96995
vn -2.367668E-06 0.4998465 0.01041861
vt 0.779579 1.601886
v 0.1703287 0.7793047 0.752835
vn -0.2763776 -0.4100847 -0.07347347
vt 0.832499 1.566349
v 0.1998741 0.7961291 0.75708
vn 0.2632859 -0.3834025 -0.1833985
vt 0.827141 1.560053
v 0.1607437 0.8310642 0.77731
vn -0.1143405 -0.4543812 0.1743495
vt 0.83574 1.549263
v 0.1315535 0.937955 0.70643
vn -0.1355209 -0.2014288 0.4371047
vt 0.842527 1.505415
v 0.147932 0.97295 0.63436
vn 0.2425202 -0.2097992 0.3836251
vt 0.853019 1.48257
v 0.175349 1.007615 0.61496
vn 0.3572986 -0.2206785 0.2713646
vt 0.852403 1.464344
v 0.170857 1.050965 0.513685
vn 0.4523661 -0.03980461 0.2092378
vt 0.863577 1.437579
v 0.2187925 1.208555 0.56148
vn 0.4922773 -0.08256965 0.0290747
vt 0.854129 1.390571
v 0.1595858 0.9032236 0.724735
vn -0.1693146 -0.3398297 0.3253382
vt 0.837889 1.515252
v -0.2092795 1.169775 0.3064785
vn 0.2503834 0.3845073 -0.1986512
vt 0.666605 1.240392
v -0.202947 1.18093 0.287596
vn 0.2166569 -0.2295591 -0.3877659
vt 0.664007 1.248698
v -0.208796 1.189425 0.3000305
vn 0.1997895 0.2087594 -0.4080486
vt 0.665306 1.244545
v -0.182633 1.314555 0.2993585
vn 0.09527209 0.4172252 0.2585467
vt 0.639168 1.242319
v -0.1915225 1.319875 0.297759
vn -0.4183489 0.2614634 0.08136998
vt 0.636098 1.242384
v -0.1941775 1.30802 0.287152
vn -0.4472445 0.1828895 0.128545
vt 0.643351 1.242384
v -0.1852885 1.302715 0.288752
vn 0.3426973 0.1577006 0.3281602
vt 0.646421 1.242319
v -0.1793415 1.318715 0.2746
vn 0.4726247 0.01987542 0.1619594
vt 0.645959 1.250449
v -0.19119 1.31816 0.2711395
vn -0.3420189 -0.3252945 -0.1649441
vt 0.639158 1.24964
v -0.1873585 1.323695 0.273819
vn -0.4671281 -0.08381652 -0.1573725
vt 0.63569 1.252498
v -0.192954 1.301405 0.2706445
vn -0.3878301 -0.3003899 -0.0967148
vt 0.645042 1.24964
v -0.194384 1.298095 0.275172
vn -0.4410813 0.2187329 0.08719663
vt 0.645335 1.242384
v -0.192954 1.301405 0.2706445
vn -0.3937782 -0.2922481 -0.09762055
vt 0.645042 1.24964
v -0.1831885 1.309155 0.247016
vn -0.03887906 -0.3855546 0.3159685
vt 0.640217 1.258371
v -0.1826225 1.310485 0.268786
vn 0.3511783 -0.1835144 0.304953
vt 0.642147 1.248904
v -0.17661 1.32274 0.252514
vn 0.439373 -0.1999538 0.1302684
vt 0.638324 1.257196
v -0.184456 1.327105 0.2551415
vn -0.3446923 -0.3600301 -0.03956695
vt 0.635405 1.259546
v -0.19013 1.295565 0.2759375
vn 0.2191452 0.2002559 0.4023344
vt 0.648405 1.242319
v -0.194384 1.298095 0.275172
vn -0.4340734 0.2291169 0.09531891
vt 0.645335 1.242384
v -0.198766 1.291705 0.26891
vn -0.4787407 -0.1431481 -0.01777519
vt 0.650593 1.246012
v -0.182334 1.347905 0.2544815
vn -0.3708105 -0.3138745 0.1182472
vt 0.631026 1.259546
v -0.182242 1.3572 0.2462875
vn -0.4523529 -0.1319147 0.1672585
vt 0.627674 1.259546
v -0.184456 1.327105 0.2551415
vn -0.3446923 -0.3600301 -0.03956695
vt 0.635405 1.259546
v -0.19119 1.31816 0.2711395
vn -0.3420189 -0.3252945 -0.1649441
vt 0.639158 1.24964
v -0.1888545 1.299015 0.2651655
vn -0.03216891 -0.4849855 0.1172783
vt 0.648031 1.248904
v -0.192954 1.301405 0.2706445
vn -0.3859173 -0.3030588 -0.09603754
vt 0.645042 1.24964
v -0.19013 1.295565 0.2759375
vn 0.2191452 0.2002559 0.4023344
vt 0.648405 1.242319
v -0.1943425 1.289105 0.269694
vn 0.1800261 -0.1842327 0.4285428
vt 0.653623 1.245611
v -0.194384 1.298095 0.275172
vn -0.4340734 0.2291169 0.09531891
vt 0.645335 1.242384
v -0.198766 1.291705 0.26891
vn -0.4862918 -0.1162577 -0.002112407
vt 0.650593 1.246012
v -0.192954 1.301405 0.2706445
vn -0.3761998 -0.3156139 -0.09413619
vt 0.645042 1.24964
v -0.1943425 1.289105 0.269694
vn 0.1647646 -0.1560097 0.4455486
vt 0.653623 1.245611
v -0.192954 1.301405 0.2706445
vn -0.3761998 -0.3156139 -0.09413619
vt 0.645042 1.24964
v -0.1888545 1.299015 0.2651655
vn -0.03216891 -0.4849855 0.1172783
vt 0.648031 1.248904
v -0.198766 1.291705 0.26891
vn -0.4862918 -0.1162577 -0.002112407
vt 0.650593 1.246012
v -0.1943425 1.289105 0.269694
vn 0.1647646 -0.1560097 0.4455486
vt 0.653623 1.245611
v -0.1826225 1.310485 0.268786
vn 0.3511783 -0.1835144 0.304953
vt 0.642147 1.248904
v -0.17661 1.32274 0.252514
vn 0.439373 -0.1999538 0.1302684
vt 0.638324 1.257196
v -0.1793415 1.318715 0.2746
vn 0.4726247 0.01987542 0.1619594
vt 0.645959 1.250449
v -0.1852885 1.302715 0.288752
vn 0.3426973 0.1577006 0.3281602
vt 0.646421 1.242319
v -0.2143135 0.81351 -0.3032545
vn -0.4563525 0.2042075 0.006459599
vt 0.299354 1.246308
v -0.23952 0.962935 -0.367434
vn -0.4898893 -0.07491647 0.06630248
vt 0.284414 1.182929
v -0.1939455 0.95279 -0.4648045
vn -0.4848977 -0.109531 -0.05363952
vt 0.260484 1.189925
v -0.2179095 0.768215 -0.4096665
vn -0.4732768 -0.1609789 0.009741345
vt 0.277306 1.266513
v -0.1981655 0.937055 -0.482241
vn -0.4225644 -0.267229 0.0052884
vt 0.25794 1.200666
v -0.190666 0.96409 -0.493687
vn -0.3343668 -0.3489431 0.1282091
vt 0.255247 1.193354
v -0.185438 0.98505 -0.50947
vn -0.2427227 -0.3106864 -0.3075055
vt 0.253713 1.188272
v -0.18116 0.984785 -0.500865
vn -0.01019008 0.07928843 -0.4935682
vt 0.253522 1.185646
v -0.2269685 0.658285 -0.3768925
vn -0.4794558 -0.1181624 0.07848446
vt 0.284671 1.312242
v -0.163567 0.738565 -0.4702035
vn -0.198528 -0.4474476 0.101869
vt 0.260382 1.281258
v -0.171441 0.6586 -0.4406765
vn -0.2339784 -0.4253529 0.119704
vt 0.267105 1.316057
v -0.211224 0.673035 -0.2992535
vn -0.4152603 0.2748389 0.04497159
vt 0.299546 1.306458
v -0.1642785 0.696005 -0.263447
vn -0.03534494 0.4973158 0.03778538
vt 0.311419 1.298002
v -0.162288 0.843405 -0.254971
vn -0.03948925 0.490292 0.089746
vt 0.315495 1.235328
v -0.1122235 0.742915 -0.4731065
vn 0.2621571 -0.4152936 0.09383451
vt 0.250262 1.284255
v -0.114916 0.663295 -0.443588
vn 0.2727415 -0.397299 0.1332875
vt 0.256222 1.316674
v -0.161362 0.52841 -0.425694
vn -0.3530165 -0.3537505 0.01549075
vt 0.267828 1.373351
v -0.1396665 0.530275 -0.4262155
vn 0.230176 -0.4406105 0.05367851
vt 0.26251 1.373303
v -0.1401545 0.4651785 -0.4311955
vn 0.3246529 -0.3500193 -0.1486169
vt 0.262549 1.400877
v -0.125115 0.451731 -0.386414
vn 0.3646817 -0.3329457 -0.07845005
vt 0.251072 1.405409
v -0.1242275 0.53251 -0.4051295
vn 0.4918445 -0.080144 0.04081625
vt 0.25647 1.372885
v -0.1308745 0.536215 -0.3817875
vn 0.4692356 -0.170287 0.02864036
vt 0.250861 1.372587
v -0.1627255 0.4673985 -0.4319015
vn -0.3145795 -0.3538095 -0.160806
vt 0.268685 1.399988
v -0.1344265 0.4263855 -0.4575055
vn 0.2699106 -0.4171571 -0.05593101
vt 0.262618 1.422098
v -0.171054 0.4227965 -0.456782
vn -0.2855175 -0.4093651 -0.02999975
vt 0.2685 1.420789
v -0.175547 0.447579 -0.388504
vn -0.3944726 -0.2866731 -0.1104985
vt 0.279925 1.40408
v -0.1885 0.4052075 -0.3925685
vn -0.4537972 -0.2039796 -0.04960341
vt 0.281838 1.423711
v -0.115475 0.4060175 -0.393832
vn 0.4465838 -0.2201483 -0.04579973
vt 0.253357 1.4305
v -0.134297 0.4118135 -0.4510515
vn 0.2885016 -0.3739446 0.1641105
vt 0.2636 1.428493
v -0.1626005 0.52879 -0.403805
vn -0.494527 -0.0736625 0.004103566
vt 0.273205 1.372005
v -0.13385 0.361546 -0.4287895
vn 0.2494061 -0.4266217 0.07609553
vt 0.26699 1.450551
v -0.1712385 0.40949 -0.4504745
vn -0.291105 -0.369973 0.1684575
vt 0.269959 1.426164
v -0.1719515 0.3580885 -0.4261105
vn -0.2772309 -0.4109984 0.06498698
vt 0.275597 1.446924
v -0.171227 0.290271 -0.422846
vn -0.215623 -0.450956 -0.0120571
vt 0.278181 1.475715
v -0.195753 0.340577 -0.393848
vn -0.482768 -0.1301305 0.00106419
vt 0.28481 1.452336
v -0.136086 0.293794 -0.4243195
vn 0.162871 -0.4725376 -0.01346345
vt 0.270614 1.476004
v -0.1075415 0.3490915 -0.3963535
vn 0.4825379 -0.1280477 0.02758568
vt 0.259162 1.453585
v -0.212192 0.446119 -0.332544
vn -0.4412534 0.208073 0.1095495
vt 0.293486 1.404468
v -0.1881265 0.4736855 -0.307377
vn -0.3346779 0.3698124 0.03506349
vt 0.299228 1.391667
v -0.1865685 0.3165645 -0.3422125
vn -0.4188708 0.2683284 0.05046948
vt 0.295539 1.460308
v -0.189406 0.1986785 -0.367199
vn -0.4030489 0.2955279 0.01465775
vt 0.293924 1.511654
v -0.203932 0.0574815 -0.404222
vn -0.4875221 -0.1084495 -0.02368321
vt 0.288542 1.573163
v -0.1926345 0.06708 -0.3662095
vn -0.3989862 0.2827567 -0.104205
vt 0.295194 1.567579
v -0.159312 0.485281 -0.291844
vn 0.0165523 0.4934639 0.07886299
vt 0.306388 1.387426
v -0.1578885 0.570375 -0.281909
vn -0.0004373541 0.4965591 0.05855701
vt 0.308694 1.351753
v -0.1862975 0.557105 -0.2975875
vn -0.3712344 0.3296394 0.05935349
vt 0.301033 1.356639
v -0.198501 0.53171 -0.3516925
vn -0.4857209 -0.1150755 0.028859
vt 0.289221 1.367711
v -0.1595495 0.31358 -0.3241885
vn 0.005217252 0.4901032 0.09885155
vt 0.302456 1.460808
v -0.130253 0.477982 -0.3105985
vn 0.300673 0.3982355 0.03169
vt 0.313519 1.393155
v -0.1292195 0.3221955 -0.344364
vn 0.3853096 0.3072956 0.08429653
vt 0.310474 1.459933
v -0.091138 0.4510625 -0.3353825
vn 0.4521406 0.212203 0.02321165
vt 0.321844 1.407712
v -0.1075415 0.3490915 -0.3963535
vn 0.4825379 -0.1280477 0.02758568
vt 0.323181 1.454538
v -0.1595975 0.1986265 -0.3485815
vn 0.02122089 0.4970038 0.05036798
vt 0.301705 1.511074
v -0.1241475 0.56246 -0.2999065
vn 0.3635544 0.3382859 0.05823148
vt 0.316611 1.357795
v -0.1035455 0.53995 -0.356137
vn 0.4910786 -0.08527545 0.03962258
vt 0.326703 1.372136
v -0.0793755 0.676275 -0.373345
vn 0.4980057 0.004228631 0.04441249
vt 0.338456 1.318161
v -0.115933 0.68256 -0.2928005
vn 0.3772183 0.3276508 0.01874324
vt 0.321827 1.307891
v -0.1167615 0.816915 -0.3034175
vn 0.391959 0.2950695 0.0964475
vt 0.327484 1.252455
v -0.085757 0.88715 -0.289324
vn 0.3879676 0.2683566 0.1657285
vt 0.335832 1.225831
v -0.0806415 0.78644 -0.3907055
vn 0.4959782 -0.005121961 0.06308261
vt 0.345877 1.276615
v -0.0395968 0.92033 -0.415962
vn 0.4763184 -0.1074941 0.1075443
vt 0.365166 1.234658
v -0.151971 0.91512 -0.234255
vn -0.056937 0.4457675 0.219202
vt 0.32041 1.203329
v -0.15028 0.953485 -0.209205
vn -0.09629297 0.4255449 0.2442114
vt 0.32248 1.184792
v -0.2245915 0.96326 -0.2788595
vn -0.4365521 0.2277961 0.08678252
vt 0.300922 1.180569
v -0.2147055 0.884345 -0.299564
vn -0.424313 0.2589345 0.0539575
vt 0.300894 1.215697
v -0.083973 0.954525 -0.249733
vn 0.363199 0.265588 0.2180585
vt 0.33753 1.194085
v -0.198295 1.06823 -0.222654
vn -0.3987814 0.296436 0.05566949
vt 0.311942 1.134098
v -0.228505 1.083345 -0.27878
vn -0.4713132 0.1659441 0.01806831
vt 0.300335 1.129086
v -0.159939 1.055515 -0.1871
vn -0.3715838 0.3215714 0.09228946
vt 0.32283 1.139671
v -0.0473267 0.97503 -0.340917
vn 0.4693564 0.1109275 0.131908
vt 0.354786 1.207573
v -0.0237616 1.0485 -0.3363375
vn 0.371323 -0.02322668 0.3340355
vt 0.365591 1.176826
v -0.0523725 1.05279 -0.210735
vn 0.1263337 0.1424609 0.4623253
vt 0.346238 1.148719
v -0.088912 1.043685 -0.166216
vn 0.09775398 0.3231444 0.3688114
vt 0.336695 1.141598
v -0.141072 1.047985 -0.164682
vn -0.2167009 0.4215169 0.1592615
vt 0.328123 1.141971
v -0.03689325 0.9955401 -0.4216876
vn 0.4798033 -0.127775 0.05884235
vt 0.372041 1.221062
v -0.02546765 1.063705 -0.3909155
vn 0.3948755 -0.1565645 0.263744
vt 0.378103 1.180704
v -0.085969 1.050725 -0.136257
vn -0.1405471 0.08598046 0.472074
vt 0.340912 1.126676
v -0.23183 1.18537 -0.2769655
vn -0.4675657 0.1761056 -0.01921321
vt 0.299835 1.085346
v -0.2440555 1.19185 -0.3325145
vn -0.4992865 7.3109E-05 -0.02670255
vt 0.288273 1.084596
v -0.2420145 1.08884 -0.3482275
vn -0.4992424 0.02457199 0.0123794
vt 0.286536 1.128845
v -0.1713315 1.17586 -0.1704195
vn -0.4139001 0.2794426 0.02446441
vt 0.323242 1.086447
v -0.184638 1.33512 -0.2155695
vn -0.4471031 0.1508701 -0.165339
vt 0.310295 1.019678
v -0.160563 1.269715 -0.149246
vn -0.4802036 0.1390837 0.007758517
vt 0.326026 1.046958
v -0.12977 1.163965 -0.119592
vn -0.4498154 0.1851824 0.1156444
vt 0.335049 1.089415
v -0.085969 1.050725 -0.136257
vn -0.13724 0.08218501 0.4737202
vt 0.340912 1.126676
v -0.227388 1.293985 -0.3155045
vn -0.4657049 0.04125894 -0.1772474
vt 0.288595 1.040614
v -0.187102 1.360385 -0.3387145
vn -0.3805535 -0.03175176 -0.3227551
vt 0.281774 1.010639
v -0.1857195 1.323565 -0.41954
vn -0.3642128 -0.2012722 -0.2771977
vt 0.254286 1.026584
v -0.2213765 1.28048 -0.3690985
vn -0.4298301 -0.102104 -0.2341385
vt 0.277232 1.047992
v -0.2404905 1.090345 -0.3660605
vn -0.4824821 -0.131125 0.004158221
vt 0.282935 1.130549
v -0.1955735 1.09781 -0.456672
vn -0.4869954 -0.1003845 0.05252049
vt 0.259799 1.126356
v -0.200596 1.13274 -0.450596
vn -0.4845184 -0.08087149 0.09328298
vt 0.260704 1.112918
v -0.1996975 1.1035 -0.476116
vn -0.440218 -0.228068 0.0647545
vt 0.255342 1.125237
v -0.2022315 1.140225 -0.4720975
vn -0.3407464 -0.3480684 0.112873
vt 0.255245 1.108048
v -0.2149155 1.146525 -0.466595
vn -0.4751576 -0.06204718 0.1427424
vt 0.258368 1.105084
v -0.138563 1.221 -0.50665
vn -0.024374 -0.4847295 -0.12018
vt 0.230841 1.094883
v -0.213564 1.18804 -0.4574405
vn -0.4926777 -0.0842303 0.01319075
vt 0.26063 1.086385
v -0.2251525 1.217995 -0.436618
vn -0.4776829 0.1453613 -0.0262511
vt 0.265168 1.07627
v -0.215542 1.267375 -0.4211185
vn -0.4930852 0.005201932 -0.08270403
vt 0.266203 1.055153
v -0.12332 1.10882 -0.51481
vn 0.0252294 -0.4990911 -0.01648
vt 0.232389 1.12974
v -0.161381 1.286375 -0.4682365
vn -0.2926239 -0.3634314 -0.179691
vt 0.243039 1.056018
v -0.0541435 1.114565 -0.471293
vn 0.2018945 -0.442515 0.115841
vt 0.213748 1.139917
v -0.1102895 0.939375 -0.50893
vn 0.1545539 -0.4697127 0.07404745
vt 0.238828 1.201727
v -0.03689325 0.9955401 -0.4216876
vn 0.4798033 -0.127775 0.05884235
vt 0.213337 1.198393
v -0.156562 1.02877 -0.4944355
vn -0.2648214 -0.4234408 0.02382214
vt 0.247874 1.159828
v -0.174586 0.979835 -0.4876435
vn -0.1079771 -0.110407 -0.4755536
vt 0.25327 1.177864
v -0.1704265 1.030215 -0.4782005
vn -0.1875499 -0.4602314 0.05488249
vt 0.25116 1.157222
v -0.185207 1.06099 -0.481726
vn -0.3760013 -0.3246889 0.05656997
vt 0.255093 1.143169
v -0.185548 1.078985 -0.482125
vn -0.2202635 -0.4485406 0.0171843
vt 0.252892 1.136584
v -0.1826615 1.035285 -0.4820115
vn -0.1411825 -0.4796309 0.004659929
vt 0.255592 1.153917
v -0.1780995 0.97023 -0.4770225
vn -0.4197534 -0.09463298 -0.25466
vt 0.257023 1.177787
v -0.204399 1.037375 -0.4576735
vn -0.4335513 -0.2476739 -0.02628514
vt 0.260509 1.15025
v -0.0395968 0.92033 -0.415962
vn 0.4763184 -0.1074941 0.1075443
vt 0.216175 1.222956
v -0.0806415 0.78644 -0.3907055
vn 0.4959782 -0.005121961 0.06308261
vt 0.230471 1.280935
v -0.0793755 0.676275 -0.373345
vn 0.4980057 0.004228631 0.04441249
vt 0.236394 1.321584
v -0.1035455 0.53995 -0.356137
vn 0.4910786 -0.08527545 0.03962258
vt 0.242395 1.373568
v -0.0996785 0.454126 -0.376909
vn 0.3863863 -0.3169616 -0.01552234
vt 0.246782 1.409824
v -0.1849125 1.10453 -0.483606
vn -0.2262884 -0.4458178 -0.006326647
vt 0.250899 1.126109
v -0.232576 -0.01310811 0.972595
vn -0.3290989 -0.1761707 0.3326527
vt 0.919271 1.994296
v -0.2268665 0.01431094 0.930855
vn -0.4486563 -0.2135804 0.05559598
vt 0.91531 1.981182
v -0.2285085 -0.01599806 0.943665
vn -0.3203611 -0.1387359 0.3579401
vt 0.914931 1.993433
v -0.2294075 0.02307444 0.96256
vn -0.4685991 -0.173628 -0.01637835
vt 0.920463 1.977213
v -0.226356 0.0658735 0.92742
vn -0.4825101 -0.1295688 0.01989764
vt 0.916265 1.946772
v -0.2037175 0.006360293 0.90447
vn -0.2218946 -0.3926315 0.2158779
vt 0.906449 1.975627
v -0.2025075 0.0874815 0.879835
vn -0.3342937 -0.3563276 0.1061997
vt 0.906892 1.945528
v -0.241682 0.02536749 0.976365
vn -0.4333473 -0.2463079 -0.03927553
vt 0.924268 1.976532
v -0.227424 0.08019349 0.97488
vn -0.4453519 0.05557053 -0.2203943
vt 0.924586 1.946356
v -0.2483645 -0.01657411 0.992605
vn -0.3332655 -0.1536842 0.339581
vt 0.925394 1.996881
v -0.255346 -0.01703471 1.01946
vn -0.3615565 -0.06203114 0.3397485
vt 0.933121 1.997274
v -0.249435 0.02920489 1.00643
vn -0.4848298 -0.1002675 -0.06990397
vt 0.931219 1.974251
v -0.2457055 0.05417199 1.014115
vn -0.4109588 0.06625763 -0.2769888
vt 0.934051 1.960406
v -0.252018 0.03275954 1.034315
vn -0.4618815 0.06796535 -0.1790144
vt 0.937095 1.972168
v -0.208458 -0.01548931 0.929255
vn -0.1366531 -0.283462 0.3885553
vt 0.911707 1.989294
v -0.2572725 -0.01746786 1.04471
vn -0.4559852 0.04741543 0.1995728
vt 0.938254 1.997108
v -0.2375545 1.175075 -0.365147
vn -0.4790032 -0.1380881 -0.03856961
vt 0.281951 1.095716
v -0.2324335 1.225895 -0.35589
vn -0.4719736 -0.03355406 0.1616015
vt 0.281975 1.077037
v -0.232107 1.211885 -0.3723775
vn -0.4555665 -0.1405605 0.1506715
vt 0.277733 1.083052
v -0.208977 1.217535 -0.421736
vn -0.4983715 -0.039674 0.00719875
vt 0.267663 1.076136
v -0.2130735 1.242645 -0.4155075
vn -0.4000663 0.2342737 0.1872505
vt 0.267149 1.067299
v -0.2115025 1.21699 -0.4325025
vn -0.3498613 0.3440683 0.09598995
vt 0.266198 1.075831
v -0.21774 1.245215 -0.4036415
vn -0.4275658 -0.2590244 0.009685496
vt 0.27096 1.064108
v -0.2181495 1.27323 -0.3978705
vn -0.4439764 -0.137858 -0.1840655
vt 0.271132 1.051953
v -0.2151875 1.17259 -0.432883
vn -0.3272452 0.06482276 0.372436
vt 0.265911 1.099204
v -0.2053065 1.176915 -0.445728
vn -0.3307548 -0.173102 0.3326214
vt 0.261367 1.093052
v -0.2149155 1.146525 -0.466595
vn -0.4751576 -0.06204718 0.1427424
vt 0.258368 1.105084
v -0.213564 1.18804 -0.4574405
vn -0.4926777 -0.0842303 0.01319075
vt 0.26063 1.086385
v -0.2433285 1.21606 -0.3745495
vn -0.07660285 0.0190615 0.4937294
vt 0.277844 1.07879
v -0.2433285 1.21606 -0.3745495
vn -0.07660285 0.0190615 0.4937294
vt 0.277844 1.07879
v -0.242652 1.24621 -0.3529345
vn -0.4897478 0.02907089 -0.09644695
vt 0.282217 1.062158
v -0.258737 1.214265 -0.3757155
vn -0.3603664 0.05200158 0.3426833
vt 0.278177 1.073599
v -0.258737 1.214265 -0.3757155
vn -0.3603664 0.05200158 0.3426833
vt 0.278177 1.073599
v -0.139261 1.29785 -0.475964
vn -0.09156054 -0.4446302 -0.2095726
vt 0.23027 1.061089
v -0.1400745 1.368545 -0.4293565
vn -0.2054263 -0.2983648 -0.3446425
vt 0.230681 1.023072
v -0.078841 1.29516 -0.473232
vn -0.0244529 -0.4811935 -0.133622
vt 0.209767 1.066111
v -0.07771 1.207905 -0.4722955
vn 0.04791035 -0.4967415 -0.03086255
vt 0.213235 1.105569
v -0.02546765 1.063705 -0.3909155
vn 0.387879 -0.1558411 0.2743418
vt 0.203583 1.189871
v -0.089593 1.38709 -0.4273485
vn -0.1462042 -0.3583997 -0.3165028
vt 0.211819 1.019183
v -0.04698585 1.376085 -0.4574895
vn -0.3813291 -0.3232963 -0.008225419
vt 0.201354 1.021268
v -0.0088038 1.05389 -0.327112
vn 0.01747262 -0.1362676 0.4807555
vt 0.731412 1.478759
v -0.0237616 1.0485 -0.3363375
vn 0.371323 -0.02322668 0.3340355
vt 0.728108 1.482163
v -0.02546765 1.063705 -0.3909155
vn 0.387879 -0.1558411 0.2743418
vt 0.726326 1.49939
v 0 1.07562 -0.3964255
vn -0.006403742 -0.1742672 0.4686042
vt 0.733101 1.507621
v -0.02243835 1.03438 -0.2132615
vn -0.3817547 -0.04376482 0.3199188
vt 0.729799 1.43535
v -0.0523725 1.05279 -0.210735
vn 0.1263337 0.1424609 0.4623253
vt 0.722411 1.433977
v -0.052098 1.06366 -0.139602
vn -0.127267 0.0078925 0.4834675
vt 0.720635 1.40524
v -0.085969 1.050725 -0.136257
vn -0.13724 0.08218501 0.4737202
vt 0.711806 1.406492
v -0.0284195 1.028725 -0.139434
vn -0.4568075 -0.05046146 0.1969278
vt 0.729234 1.404237
v -0.0803905 1.04649 -0.0483821
vn -0.02004217 -0.02214579 0.4991071
vt 0.710498 1.370584
v -0.045404 1.04747 0.0258681
vn -0.1604901 -0.08530761 0.4657956
vt 0.719452 1.342444
v -0.185438 0.98505 -0.50947
vn -0.2427227 -0.3106864 -0.3075055
vt 0.253713 1.188272
v -0.18116 0.984785 -0.500865
vn -0.01019008 0.07928843 -0.4935682
vt 0.253522 1.185646
v -0.157227 0.966585 -0.50512
vn 0.108415 -0.4462881 -0.1976691
vt 0.248664 1.189546
v -0.190666 0.96409 -0.493687
vn -0.3265481 -0.35551 0.1303035
vt 0.255247 1.193354
v -0.174586 0.979835 -0.4876435
vn -0.1079771 -0.110407 -0.4755536
vt 0.25327 1.177864
v -0.190666 0.96409 -0.493687
vn -0.3265481 -0.35551 0.1303035
vt 0.255247 1.193354
v -0.2137245 -0.08227999 -0.347935
vn -0.3020383 -0.1945654 0.3477315
vt 0.145467 1.546265
v -0.1065955 -0.08528449 -0.3312375
vn 0.2899328 -0.1732998 0.3686545
vt 0.161964 1.542679
v -0.2269705 -0.08555599 -0.332652
vn -0.3323557 -0.1552203 0.3397739
vt 0.14375 1.540793
v -0.1258595 -0.08218749 -0.3479465
vn 0.3768433 -0.1389291 0.297805
vt 0.160596 1.545128
v -0.0930895 -0.08526649 -0.273998
vn 0.3711462 0.05367911 0.3307099
vt 0.163535 1.530337
v -0.2358785 -0.08640049 -0.2752855
vn -0.4430225 0.04716585 0.2269504
vt 0.142165 1.526243
v -0.209657 -0.08501148 -0.3766525
vn -0.3184757 -0.1166817 0.3673672
vt 0.145796 1.553472
v -0.123845 -0.08410849 -0.3777505
vn 0.3419382 -0.04762032 0.3616775
vt 0.160632 1.552658
v -0.230077 -0.08258749 -0.249633
vn -0.3073101 0.2599263 0.296646
vt 0.143955 1.51753
v -0.1011255 -0.07744349 -0.242738
vn 0.2705402 0.384247 0.1707695
vt 0.161537 1.518864
v -0.213899 -0.07807399 -0.2382655
vn -0.2502709 0.336128 0.2727315
vt 0.145612 1.513916
v -0.129829 -0.07759149 -0.237586
vn 0.2093533 0.3268999 0.3151311
vt 0.15962 1.515377
v -0.1973065 -0.07839549 -0.2158695
vn -0.178431 0.3357138 0.3247439
vt 0.148102 1.506579
v -0.1488325 -0.07786398 -0.2133205
vn 0.1591704 0.3493904 0.3202986
vt 0.157005 1.506681
v -0.187064 -0.08453099 -0.3964105
vn -0.1301148 -0.2591656 0.4073124
vt 0.148775 1.55915
v -0.135283 -0.08316098 -0.3992175
vn 0.1865539 -0.1987849 0.4191447
vt 0.155951 1.561145
v 0.1253195 0.1987975 -0.3740195
vn -0.3800097 0.3246891 0.01302535
vt 0.072971 1.511687
v 0.108492 0.064326 -0.404415
vn -0.4967531 -0.05674461 0.004055907
vt 0.063706 1.566937
v 0.1110885 -0.004342494 -0.3853345
vn -0.4973422 -0.01790186 0.04827278
vt 0.061329 1.601013
v 0.1167675 0.406017 -0.393832
vn -0.4633582 -0.1878744 0.00155456
vt 0.052958 1.43354
v -0.19393 1.392215 0.58037
vn -0.4487269 -0.06194248 -0.2116774
vt 0.624565 1.132787
v -0.2187925 1.208555 0.56148
vn -0.4905581 -0.09097628 0.03280356
vt 0.6656 1.1363
v -0.226308 1.330415 0.64002
vn -0.4663595 -0.1175226 -0.1367379
vt 0.636164 1.108173
v -0.196976 1.385355 0.53602
vn -0.4409078 -0.007548246 -0.2356764
vt 0.625174 1.150518
v -0.15895 1.41441 0.4619905
vn -0.3727534 -0.05293449 -0.3290179
vt 0.613748 1.181082
v -0.118927 1.46169 0.4543475
vn -0.2725246 -0.110949 -0.4042532
vt 0.602259 1.185735
v -0.1131085 1.489625 0.541835
vn -0.295803 -0.1151395 -0.3863204
vt 0.601058 1.148631
v -0.051948 1.485225 0.4660195
vn -0.1692335 -0.118836 -0.455234
vt 0.587691 1.182137
v -0.091172 1.46129 0.4252665
vn -0.1859681 -0.08860453 -0.4555931
vt 0.596197 1.198676
v -0.0160593 1.53666 0.544085
vn -0.207881 -0.1317685 -0.435227
vt 0.580157 1.145143
v -0.1821475 1.441085 0.673505
vn -0.4141121 -0.08629152 -0.2665801
vt 0.620006 1.09391
v -0.090673 1.54932 0.69061
vn -0.2894183 -0.1753933 -0.3680683
vt 0.594659 1.081685
v 0 1.55569 0.60959
vn -0.0009765653 -0.1530641 -0.4759942
vt 0.576698 1.114575
v -0.1703655 1.490195 0.76654
vn -0.43638 -0.09546969 -0.2246287
vt 0.615376 1.054417
v -0.232823 1.37146 0.75934
vn -0.4626902 0.02122638 -0.1883273
vt 0.630698 1.058058
v 0 1.58321 0.669935
vn 0.003601269 -0.2266025 -0.4456886
vt 0.576698 1.090335
v 0.090673 1.54932 0.69229
vn 0.2877375 -0.1644366 -0.3743898
vt 0.558737 1.081685
v 0.0738685 1.5044 0.53327
vn 0.2206321 -0.3317153 -0.3021364
vt 0.56094 1.139601
v 0 1.544445 0.54446
vn 0.003153496 -0.1306125 -0.4826287
vt 0.576698 1.144566
v 0.03942795 1.501105 0.502875
vn 0.4533494 0.066447 -0.2001477
vt 0.567045 1.160525
v 0.0124434 1.53292 0.4930085
vn 0.02554106 -0.122437 -0.4841042
vt 0.572923 1.167097
v -0.01369885 1.49824 0.471903
vn -0.01834299 -0.3190839 -0.3845114
vt 0.579177 1.180035
v 0.0514255 1.49917 0.479618
vn 0.4133838 0.1231224 -0.2528928
vt 0.56449 1.168642
v 0.0265278 1.515265 0.454144
vn -0.06474999 -0.279933 -0.4092004
vt 0.570097 1.17766
v -0.01369885 1.49824 0.471903
vn -0.01505153 -0.3210995 -0.3829733
vt 0.579177 1.180035
v 0.00712255 1.49353 0.4601745
vn -0.1902849 -0.4465243 -0.1200322
vt 0.576621 1.188152
v 0.058199 1.504205 0.417404
vn 0.3687093 -0.3286434 -0.07776263
vt 0.559727 1.18006
v 0.0478728 1.511385 0.4207285
vn -0.05267501 -0.363799 -0.338933
vt 0.561026 1.178563
v 0.02905 1.4907 0.4502935
vn -0.1755152 -0.3897794 0.2593578
vt 0.568493 1.183626
v 0.00712255 1.49353 0.4601745
vn -0.1882829 -0.4465394 -0.1230941
vt 0.576621 1.188152
v 0.00600355 1.477225 0.456067
vn -0.04716134 -0.4825583 0.12212
vt 0.573623 1.192942
v 0.116693 1.487415 0.534655
vn 0.325765 -0.148502 -0.3490334
vt 0.551741 1.139112
v 0.096933 1.49277 0.50288
vn 0.3518445 -0.2714895 -0.2291264
vt 0.556677 1.147574
v 0.076783 1.494515 0.496726
vn -0.2591987 -0.1803822 -0.3876575
vt 0.561145 1.147811
v 0.116123 1.477635 0.52891
vn 0.3949776 -0.2471782 -0.1813716
vt 0.551007 1.144341
v 0.143962 1.43798 0.51088
vn 0.04255719 -0.3298414 -0.3733544
vt 0.543457 1.157801
v 0.11034 1.46809 0.500325
vn 0.3490044 -0.3572796 -0.02339362
vt 0.551946 1.147323
v 0.117348 1.46889 0.523025
vn 0.1859989 -0.41982 -0.1978775
vt 0.553003 1.148097
v 0.1821475 1.441085 0.673505
vn 0.4248332 -0.06330953 -0.2559466
vt 0.533426 1.093602
v 0.226308 1.330415 0.64002
vn 0.4776135 -0.08503585 -0.1210547
vt 0.517232 1.108173
v 0.1703655 1.49018 0.76695
vn 0.4379155 -0.1165332 -0.2113056
vt 0.53802 1.054417
v 0.156215 1.41646 0.4679335
vn 0.002250416 -0.236671 -0.4404336
vt 0.541315 1.176255
v 0.128298 1.429465 0.513375
vn -0.01432099 -0.4204748 -0.2701774
vt 0.545111 1.161643
v 0.147101 1.416835 0.4704325
vn -0.162685 -0.21441 -0.421381
vt 0.54309 1.181005
v 0.117348 1.46889 0.523025
vn 0.2011918 -0.4127522 -0.1978825
vt 0.553003 1.148097
v 0.1207645 1.389035 0.4730425
vn -0.169252 -0.240997 -0.404072
vt 0.552392 1.18486
v 0.10933 1.423795 0.4982105
vn 0.3654105 -0.3162203 -0.1283739
vt 0.552863 1.168792
v 0.059945 1.44073 0.50806
vn 0.05883853 -0.489037 0.0859118
vt 0.561667 1.168984
v 0.094762 1.474145 0.507545
vn 0.1494535 -0.4609542 0.1232272
vt 0.555918 1.144678
v 0.04297705 1.39933 0.4839565
vn 0.1290066 -0.3734677 -0.3063971
vt 0.561684 1.186189
v 0.04305535 1.365795 0.4035855
vn 0.09979648 -0.1080985 -0.4778654
vt 0.562805 1.210465
v 0.0499154 1.4711 0.485812
vn 0.404654 -0.2523641 0.1502248
vt 0.565555 1.165535
v 0.00654285 1.408245 0.4733535
vn 0.2744091 -0.3446416 -0.236478
vt 0.567672 1.186392
v 0.0499154 1.4711 0.485812
vn 0.4063592 -0.2481001 0.1527041
vt 0.565555 1.165535
v 0.00840915 1.465475 0.4878395
vn 0.2189847 -0.4264005 0.1422263
vt 0.571048 1.175509
v -0.02886635 1.401585 0.410735
vn 0.4271495 -0.0885895 -0.244326
vt 0.57442 1.207523
v -0.01076405 1.474295 0.457923
vn 0.2007299 -0.4470705 -0.09917405
vt 0.576178 1.184825
v 0.00840915 1.465475 0.4878395
vn 0.2159353 -0.4222111 0.1584604
vt 0.571048 1.175509
v 0.00600355 1.477225 0.456067
vn -0.04874199 -0.4850673 0.1110584
vt 0.573623 1.192942
v -0.0294657 1.45536 0.405828
vn 0.4913854 -0.07975098 -0.04669239
vt 0.582747 1.207743
v -0.0367155 1.487125 0.3950395
vn 0.2151729 -0.1503228 -0.4255628
vt 0.584746 1.207431
v -0.01369885 1.49824 0.471903
vn -0.006818824 -0.3260414 -0.3790125
vt 0.579177 1.180035
v -0.01944775 1.451785 0.334971
vn 0.4380616 -0.00156359 -0.2410386
vt 0.582259 1.235415
v -0.02463085 1.434845 0.268108
vn 0.3897846 0.2126265 -0.2299086
vt 0.585083 1.258754
v -0.01153105 1.462885 0.2554595
vn 0.1912351 0.3679992 -0.2792951
vt 0.579848 1.266409
v -0.01203585 1.39418 0.3380855
vn 0.4009621 0.07592601 -0.2889025
vt 0.575202 1.233181
v 0.0408721 1.35707 0.3333285
vn 0.125223 0.04106651 -0.4823202
vt 0.562808 1.233487
v 0.1043775 1.366345 0.3275675
vn -0.04608881 -0.003948661 -0.4978556
vt 0.548663 1.23598
v 0.161866 1.361765 0.3150545
vn -0.01398215 -0.07171348 -0.4946329
vt 0.534478 1.239502
v 0.1717745 1.362145 0.3125555
vn 0.0324316 -0.01863325 -0.498599
vt 0.532118 1.241173
v 0.1629615 1.381445 0.2731595
vn 0.1291509 0.3590954 -0.3230643
vt 0.53387 1.256792
v 0.171115 1.38495 0.363517
vn 0.03971552 -0.1002301 -0.4882383
vt 0.533176 1.221388
v 0.1565545 1.380815 0.3676885
vn -0.139785 -0.007945499 -0.4799969
vt 0.535394 1.221196
v 0.141684 1.391945 0.2495285
vn 0.09169702 0.09569302 -0.4821146
vt 0.541025 1.267497
v 0.131167 1.39112 0.2530315
vn -0.2163786 0.0949568 -0.4406399
vt 0.5438 1.263566
v 0.1487175 1.38638 0.274717
vn 0.05765763 0.3937224 -0.3027512
vt 0.536645 1.252861
v 0.131182 1.39437 0.2342855
vn -0.3796589 -0.0396454 -0.3229356
vt 0.543434 1.275609
v 0.1150035 1.375915 0.268423
vn -0.479039 -0.1416882 0.0211214
vt 0.54416 1.252269
v 0.1259335 1.37854 0.2585715
vn -0.2052157 -0.278334 0.3611326
vt 0.545903 1.261098
v 0.1150035 1.375915 0.268423
vn -0.4742553 -0.1499808 0.05086921
vt 0.54416 1.252269
v 0.1259335 1.37854 0.2585715
vn -0.2052157 -0.278334 0.3611326
vt 0.545903 1.261098
v 0.1150035 1.375915 0.268423
vn -0.4742553 -0.1499808 0.05086921
vt 0.54416 1.252269
v -0.1941215 1.320355 0.3085455
vn -0.4920888 0.07956969 0.03895226
vt 0.636467 1.239332
v -0.1915695 1.32059 0.3037515
vn -0.2069191 -0.4550502 0.01066662
vt 0.636098 1.242384
v -0.189338 1.308125 0.306479
vn 0.2766887 -0.05248057 0.4131454
vt 0.641512 1.241825
v -0.1915695 1.32059 0.3037515
vn -0.2069191 -0.4550502 0.01066662
vt 0.636098 1.242384
v -0.187825 1.31779 0.303633
vn 0.3057703 -0.378703 0.1144053
vt 0.639168 1.242319
v -0.1903 1.33256 0.3071645
vn -0.3827187 -0.3213731 -0.01567602
vt 0.631719 1.242384
v -0.187825 1.31779 0.303633
vn 0.3125494 -0.3712677 0.1203045
vt 0.639168 1.242319
v -0.189523 1.330185 0.314122
vn -0.441268 0.2347455 0.01330915
vt 0.632088 1.237858
v -0.1941215 1.320355 0.3085455
vn -0.4870383 0.1010046 0.05090995
vt 0.636467 1.239332
v -0.1842 1.326025 0.3177815
vn 0.1888639 0.3106579 0.3432522
vt 0.635158 1.237793
v -0.1889995 1.31683 0.3083475
vn 0.2351341 0.3629176 0.2510036
vt 0.639537 1.240108
v -0.189338 1.308125 0.306479
vn 0.2721313 -0.01781192 0.4190791
vt 0.641512 1.241825
v -0.1814105 1.32707 0.3067755
vn 0.3583275 -0.3029307 0.1727264
vt 0.63479 1.242319
v -0.187825 1.31779 0.303633
vn 0.3125494 -0.3712677 0.1203045
vt 0.639168 1.242319
v -0.1842 1.326025 0.3177815
vn 0.1917603 0.3092777 0.3428926
vt 0.635158 1.237793
v -0.1842 1.326025 0.3177815
vn 0.1922866 0.3085423 0.3432602
vt 0.635158 1.237793
v -0.182633 1.314555 0.2993585
vn 0.09527209 0.4172252 0.2585467
vt 0.639168 1.242319
v 0 0.93582 -0.03920005
vn -0.01371905 0.3507541 0.3560665
vt 0.02891 1.607794
v 0 0.94334 -0.0354264
vn -0.002433515 0.4537919 0.2099213
vt 0.024858 1.60977
v -0.02036635 0.945185 -0.04483945
vn -0.394971 0.1844875 0.244872
vt 0.023009 1.603278
v 0 0.97267 -0.0232128
vn -0.004327512 0.3552676 0.3518043
vt 0.016667 1.61224
v -0.01994335 0.98145 -0.02818355
vn -0.4034856 0.1684845 0.2425126
vt 0.014551 1.603594
v 0 0.992015 0.02795215
vn -0.007096204 0.05002768 0.4974403
vt 0.007946 1.624105
v -0.02405535 1.002815 0.0271883
vn -0.3511689 0.050368 0.35234
vt 0.004679 1.617594
v -0.0213102 0.946245 -0.076369
vn -0.388832 -0.1048145 0.2963505
vt 0.024697 1.591679
v 0 0.93184 -0.058001
vn 0 -0.007108199 0.4999495
vt 0.028892 1.601407
v 0 0.93582 -0.03920005
vn -0.003268077 0.3558416 0.3512351
vt 0.02891 1.607794
v 0 0.93777 -0.079387
vn -0.00135282 -0.208385 0.454504
vt 0.028879 1.592666
v -0.0190947 0.99412 -0.146704
vn -0.4078446 -0.1295315 0.2586201
vt 0.024042 1.558496
v -0.0291701 0.98994 -0.0670745
vn -0.4889241 0.00041187 0.104657
vt 0.016143 1.587425
v 0 0.98251 -0.146569
vn -0.0029865 -0.222408 0.447801
vt 0.028826 1.560041
v -0.036669 1.01932 -0.0481664
vn -0.4741409 -0.003130301 0.1586838
vt 0.009316 1.588324
v -0.0284195 1.028725 -0.139434
vn -0.4568075 -0.05046146 0.1969278
vt 0.01665 1.555437
v -0.01089025 1.00778 -0.214204
vn -0.3580649 -0.1189794 0.3280753
vt 0.026344 1.529175
v -0.02243835 1.03438 -0.2132615
vn -0.3817547 -0.04376482 0.3199188
vt 0.020956 1.524974
v -0.0088038 1.05389 -0.327112
vn 0.01747262 -0.1362676 0.4807555
vt 0.026874 1.482422
v 0 1.050985 -0.327121
vn -0.001664474 -0.1827955 0.4653848
vt 0.028706 1.482937
v 0 1.00214 -0.2150925
vn -0.00219128 -0.1642414 0.4722499
vt 0.028768 1.529541
v 0 1.07562 -0.3964255
vn -0.006403742 -0.1742672 0.4686042
vt 0.028647 1.45354
v 0.0213102 0.946245 -0.076369
vn 0.3831448 -0.1123544 0.3009593
vt 0.033057 1.591622
v 0.02036635 0.945185 -0.04483945
vn 0.3784004 0.1915199 0.2648269
vt 0.03478 1.603198
v 0.0190947 0.99412 -0.146704
vn 0.4078451 -0.131588 0.2575791
vt 0.033604 1.55843
v 0.0291701 0.98994 -0.0670745
vn 0.4897609 -0.007561449 0.1003845
vt 0.041597 1.587263
v 0.01089025 1.00778 -0.214204
vn 0.3595964 -0.1186045 0.3265324
vt 0.03119 1.529144
v 0.0088038 1.05389 -0.327112
vn -0.01766821 -0.1350632 0.4810881
vt 0.030529 1.482384
v 0.02243835 1.03438 -0.2132615
vn 0.3702898 -0.06365579 0.3298991
vt 0.036549 1.5248
v 0.0284195 1.028725 -0.139434
vn 0.4477488 -0.04801363 0.2172917
vt 0.040943 1.555131
v 0.036669 1.01932 -0.0481664
vn 0.4759881 0.01313564 0.1525214
vt 0.048717 1.58685
v 0.02405535 1.002695 0.0271883
vn 0.3541443 0.0419776 0.3504564
vt 0.052877 1.613942
v 0.01994335 0.98145 -0.02818355
vn 0.3927593 0.1767209 0.2539879
vt 0.043233 1.603415
v 0 0.94334 -0.0354264
vn -0.002433515 0.4537919 0.2099213
vt 0.032994 1.60977
v 0 0.93582 -0.03920005
vn -0.003268077 0.3558416 0.3512351
vt 0.02891 1.607794
v 0 0.97267 -0.0232128
vn -0.004327512 0.3552676 0.3518043
vt 0.041511 1.612008
v 0 0.992015 0.02795215
vn -0.007096204 0.05002768 0.4974403
vt 0.049641 1.621169
v 0.2468641 -0.00720749 1.1125
vn 0.1856132 0.3828706 0.2625982
vt 0.785814 1.968214
v 0.2428194 0.03559318 1.099205
vn 0.2239807 0.3786349 -0.2376305
vt 0.78717 1.947068
v 0.1968479 0.03464712 1.10087
vn -0.1953741 0.396484 -0.2337294
vt 0.77552 1.944249
v 0.1984 -0.00833805 1.114965
vn -0.1746395 0.391427 0.2574607
vt 0.774667 1.967402
v 0.1937133 0.08499694 1.05007
vn -0.2228718 0.1762798 -0.4114044
vt 0.777341 1.918008
v 0.2347085 0.08599126 1.051425
vn 0.2428838 0.1681304 -0.40341
vt 0.786112 1.920442
v 0.2097558 0.09209514 0.991075
vn -0.01150332 0.2150941 -0.451223
vt 0.786881 1.894479
v 0.2463858 0.06637534 1.02434
vn 0.329495 0.1158393 -0.3577909
vt 0.793958 1.911856
v 0.2321036 0.08694694 0.982605
vn 0.1917655 0.2617894 -0.3803844
vt 0.793706 1.891793
v 0.1840014 0.03491064 1.08455
vn -0.4196032 0.2172545 -0.1635042
vt 0.774647 1.930855
v 0.2524694 0.08223683 0.97488
vn 0.4429508 0.0539377 -0.2255777
vt 0.801664 1.890806
v 0.2388525 0.1296325 0.938245
vn 0.4153667 0.2523399 -0.1174526
vt 0.798765 1.865196
v 0.2097125 0.127949 0.9584
vn 0.006978075 0.4400369 -0.2373159
vt 0.790192 1.865779
v 0.2716479 0.05686919 1.014115
vn 0.4110864 0.08217029 -0.2724995
vt 0.801538 1.91264
v 0.2569555 -0.006685187 1.098165
vn 0.3744779 0.1785212 0.2790995
vt 0.788882 1.966041
v 0.2520848 0.03352147 1.081585
vn 0.4508461 0.1549447 -0.1507645
vt 0.790278 1.943503
v 0.2561375 0.03126559 1.06056
vn 0.3615003 0.2620243 -0.2250796
vt 0.792297 1.936219
v 0.2723174 0.03358437 1.05283
vn 0.3089187 0.2992335 -0.2550071
vt 0.7967 1.937036
v 0.2081345 0.22818 0.94222
vn -0.01622697 0.4939587 0.07577252
vt 0.789199 1.818994
v 0.2360678 0.2287737 0.923535
vn 0.4458504 0.2218866 0.04453975
vt 0.797592 1.819743
v 0.1869235 0.08465628 0.980995
vn -0.2056911 0.2361133 -0.389797
vt 0.782925 1.892539
v 0.2797693 -0.01049372 1.069765
vn 0.2670181 0.3335284 0.259731
vt 0.798135 1.952033
v 0.2610725 -0.006371462 1.07571
vn 0.2988712 0.303355 0.2620148
vt 0.793137 1.953583
v 0.2787038 0.03569024 1.034315
vn 0.4606332 0.08824737 -0.1732901
vt 0.800279 1.931116
v 0.2857081 -0.01432319 1.04471
vn 0.4492302 0.08166265 0.203773
vt 0.801386 1.943517
v 0.1712095 0.1294977 0.93722
vn -0.3594756 0.3006366 -0.1743415
vt 0.780539 1.866648
v 0.162653 0.07764248 0.97166
vn -0.3938714 0.1433683 -0.2726003
vt 0.779818 1.893463
v 0.1782583 0.0689523 1.027635
vn -0.3980237 0.1212694 -0.2772559
vt 0.775694 1.914462
v 0.1840014 0.03491064 1.08455
vn -0.4235086 0.2125911 -0.1595165
vt 0.774647 1.930855
v 0.2095685 0.2583489 0.9566
vn -0.002566913 0.4837177 0.126533
vt 0.788789 1.802022
v 0.175364 0.2601738 0.935285
vn -0.3391001 0.3461244 0.123325
vt 0.781168 1.804322
v 0.1749547 0.2300467 0.9219
vn -0.406009 0.29083 0.02397074
vt 0.780741 1.820526
v 0.1551066 0.1296293 0.902135
vn -0.4960264 -0.05921455 -0.02124752
vt 0.774052 1.866757
v 0.1591809 0.2190785 0.879975
vn -0.4941288 -0.07311247 -0.02216562
vt 0.771814 1.827373
v 0.162653 0.07764248 0.97166
vn -0.3947982 0.1417018 -0.2721304
vt 0.779818 1.893463
v 0.1553039 0.06703153 0.92732
vn -0.4945522 -0.06460167 0.03528121
vt 0.774384 1.892415
v 0.1490728 0.2651518 0.90606
vn -0.4941057 -0.03796778 0.06646828
vt 0.772413 1.803357
v 0.1687376 0.3067194 0.940835
vn -0.3381649 0.3682995 4.534889E-05
vt 0.77923 1.780421
v 0.1421995 0.3132362 0.90381
vn -0.4922302 -0.08588794 -0.01823965
vt 0.770361 1.779683
v 0.1716005 0.3542368 0.936095
vn -0.3630564 0.3408243 -0.04504322
vt 0.779435 1.757405
v 0.1504357 0.3537038 0.89872
vn -0.4903112 -0.08900826 -0.04089537
vt 0.770199 1.75863
v 0.2030809 0.3552325 0.954985
vn -0.01204892 0.4989767 -0.02961626
vt 0.786999 1.756777
v 0.2077516 0.3082734 0.959245
vn -0.000208202 0.4999162 -0.009152749
vt 0.787574 1.778341
v 0.2416528 0.3087313 0.94296
vn 0.3726287 0.3329229 -0.01761195
vt 0.79509 1.778652
v -0.066576 1.718155 1.17004
vn -0.3679367 0.2355486 0.243186
vt 0.28126 1.70692
v -0.0913335 1.74481 1.14184
vn -0.4292965 0.1889634 0.1731975
vt 0.27058 1.70548
v -0.03762545 1.69637 1.178065
vn -0.1454149 0.2847922 0.3843799
vt 0.290134 1.721981
v -0.106823 1.768275 1.129055
vn -0.4536425 0.1263434 0.1680648
vt 0.26471 1.698465
v -0.001353235 1.696965 1.173325
vn -0.004908551 0.333523 0.3724759
vt 0.29851 1.72227
v 0.2519018 0.06788878 0.92742
vn 0.4892328 -0.1031495 -0.003380197
vt 0.825132 1.946413
v 0.2542115 0.0163751 0.930855
vn 0.4618482 -0.1889983 0.03123949
vt 0.826059 1.981626
v 0.2313541 0.007621405 0.90447
vn 0.222096 -0.3940248 0.2131146
vt 0.835132 1.975498
v 0.2564451 0.02522194 0.96256
vn 0.4748015 -0.1559741 -0.01534785
vt 0.821368 1.977098
v 0.2273137 0.08865082 0.879835
vn 0.343671 -0.346341 0.109262
vt 0.834684 1.944936
v 0.2608745 -0.01082799 0.972595
vn 0.3368936 -0.1636955 0.3312197
vt 0.82102 1.994891
v 0.2569103 -0.01385813 0.943665
vn 0.3255499 -0.1037757 0.3650313
vt 0.825553 1.994477
v 0.2524694 0.08223683 0.97488
vn 0.4429508 0.0539377 -0.2255777
vt 0.816754 1.946043
v 0.2368542 -0.01404945 0.929255
vn 0.09877051 -0.2656023 0.4119464
vt 0.830798 1.987497
v 0.2767743 -0.01374087 0.992605
vn 0.3379219 -0.1431514 0.3395829
vt 0.816288 1.996886
v 0.2686321 0.02794197 0.976365
vn 0.4412387 -0.2322016 -0.03729382
vt 0.816999 1.976137
v 0.2762465 0.03204761 1.00643
vn 0.4883296 -0.08195844 -0.06940448
vt 0.810161 1.974186
v 0.2837676 -0.01395754 1.01946
vn 0.3651783 -0.04722348 0.3382525
vt 0.808516 1.996983
v 0.2716479 0.05686919 1.014115
vn 0.4110864 0.08217029 -0.2724995
vt 0.8081 1.957397
v 0.2787038 0.03569024 1.034315
vn 0.4606332 0.08824737 -0.1732901
vt 0.804083 1.972156
v 0.2857081 -0.01432319 1.04471
vn 0.4492302 0.08166265 0.203773
vt 0.80308 1.996979
v 0.059143 1.70071 0.82399
vn 0.379494 -0.3224575 0.04478241
vt 0.168346 1.807733
v 0.0385289 1.660775 0.79669
vn 0.4963507 -0.0597304 0.008263064
vt 0.168412 1.833033
v 0.0481122 1.66837 0.79401
vn 0.499322 0.004157683 0.02569608
vt 0.170127 1.831792
v 0.0419004 1.68621 0.80967
vn 0.4982131 0.01313164 0.04014083
vt 0.172609 1.816914
v 0.04164595 1.66387 0.776265
vn 0.4324665 -0.1068434 -0.2270622
vt 0.171563 1.840834
v 0.0481122 1.66837 0.79401
vn 0.499322 0.004157683 0.02569608
vt 0.170127 1.831792
v 0.0003314445 1.678035 0.78233
vn -0.1965546 0.1059891 -0.4473618
vt 0.183835 1.833234
v 0.04164595 1.66387 0.776265
vn 0.4324665 -0.1068434 -0.2270622
vt 0.171563 1.840834
v 0.0003314445 1.678035 0.78233
vn -0.1965546 0.1059891 -0.4473618
vt 0.183835 1.833234
v 0.1790406 0.03544914 1.064835
vn -0.3692969 0.2483835 -0.2278716
vt 0.77256 1.929365
v 0.1575728 0.05757396 1.026455
vn -0.3951145 0.1249156 -0.2797868
vt 0.771271 1.911049
v 0.162653 0.07764248 0.97166
vn -0.3970888 0.1375259 -0.2709374
vt 0.779818 1.893463
v 0.1790406 0.03544914 1.064835
vn -0.3768668 0.2432584 -0.2209
vt 0.77256 1.929365
v 0.1582439 0.03083359 1.05794
vn -0.3726196 0.2525193 -0.2176892
vt 0.768383 1.926451
v 0.1549369 -0.009410692 1.07586
vn -0.3070155 0.368685 0.1407583
vt 0.76568 1.953446
v 0.179398 -0.008713138 1.081035
vn -0.3205812 0.2722991 0.2703349
vt 0.771132 1.959615
v 0.1790406 0.03544914 1.064835
vn -0.3768668 0.2432584 -0.2209
vt 0.77256 1.929365
v 0.1848857 -0.008665841 1.0997
vn -0.3656972 0.1978866 0.2776805
vt 0.772352 1.960321
v 0.1840014 0.03491064 1.08455
vn -0.4235086 0.2125911 -0.1595165
vt 0.774647 1.930855
v 0.1782583 0.0689523 1.027635
vn -0.3980237 0.1212694 -0.2772559
vt 0.775694 1.914462
v -0.1071995 0.064326 -0.404415
vn 0.4986244 -0.03650868 0.00638894
vt 0.319679 1.567197
v -0.1253195 0.1987975 -0.3740195
vn 0.3710329 0.3345254 0.02067209
vt 0.310353 1.511967
v -0.1208825 0.0713505 -0.3668075
vn 0.3854502 0.3109251 -0.06894752
vt 0.311997 1.565121
v -0.109796 -0.004342349 -0.3853345
vn 0.497165 -0.001468157 0.05314866
vt 0.322056 1.601272
v -0.116048 0.005742112 -0.3429145
vn 0.4845187 0.058919 -0.1084906
vt 0.315342 1.602531
v -0.159652 0.0658625 -0.3469175
vn -0.004713111 0.4803886 -0.1385805
vt 0.302913 1.56787
v -0.185841 0.01247421 -0.3307885
vn -0.2200089 0.2393469 -0.3798804
vt 0.300497 1.605538
v -0.1636865 0.01829866 -0.3212885
vn 0.007132752 0.2256441 -0.4461321
vt 0.306089 1.603651
v -0.1406085 0.01177546 -0.3325235
vn 0.2199976 0.2645936 -0.3627551
vt 0.311301 1.601482
v -0.1073075 -0.007233788 -0.281805
vn 0.3401241 0.156705 -0.3312991
vt 0.323351 1.626789
v -0.1314005 -0.003255238 -0.2788685
vn 0.2683911 0.1957856 -0.3736766
vt 0.316405 1.624652
v -0.1057335 -0.03930609 -0.2545795
vn 0.3390511 0.3134209 -0.1918637
vt 0.325446 1.640717
v -0.131013 -0.03558504 -0.247075
vn 0.2832893 0.3486368 -0.2195439
vt 0.319493 1.64489
v -0.1011255 -0.07744349 -0.242738
vn 0.2867904 0.3768457 0.1604326
vt 0.326764 1.660898
v -0.129829 -0.07759149 -0.237586
vn 0.2093533 0.3268999 0.3151311
vt 0.320893 1.669337
v -0.1488325 -0.07786398 -0.2133205
vn 0.1591704 0.3493904 0.3202986
vt 0.316809 1.675852
v -0.1487815 -0.03694769 -0.22089
vn 0.2019805 0.4152121 -0.1918405
vt 0.315705 1.651402
v -0.194758 -0.03757874 -0.222655
vn -0.2395629 0.3869943 -0.2069904
vt 0.304228 1.654171
v -0.1973065 -0.07839549 -0.2158695
vn -0.178431 0.3357138 0.3247439
vt 0.303892 1.67562
v -0.147406 0.01187661 -0.2634305
vn 0.2042335 0.218083 -0.4009096
vt 0.312816 1.626898
v -0.188411 0.01144821 -0.262149
vn -0.2302386 0.2063271 -0.3929622
vt 0.303377 1.628769
v -0.1993965 -0.001716223 -0.282988
vn -0.3345111 0.125873 -0.3496546
vt 0.298308 1.623077
v -0.20603 0.007166612 -0.3394455
vn -0.4503088 0.03579009 -0.2143386
vt 0.296221 1.60479
v -0.2243115 -0.009975987 -0.2949055
vn -0.4180723 0.04195672 -0.2710263
vt 0.29458 1.622196
v -0.210281 -0.04215994 -0.25242
vn -0.2789326 0.3368216 -0.2423796
vt 0.299359 1.644831
v -0.2245385 -0.04048444 -0.256102
vn -0.308601 0.327446 -0.218047
vt 0.294901 1.643117
v -0.213899 -0.07807399 -0.2382655
vn -0.2502709 0.336128 0.2727315
vt 0.299036 1.664155
v -0.230077 -0.08258749 -0.249633
vn -0.3073101 0.2599263 0.296646
vt 0.294677 1.664136
v -0.230624 -0.03868449 -0.278104
vn -0.489395 0.02653747 -0.09893593
vt 0.291222 1.64166
v -0.2358785 -0.08640049 -0.2752855
vn -0.44925 0.04161827 0.2155048
vt 0.290166 1.658898
v -0.204962 -0.007411338 -0.385228
vn -0.4861134 -0.1162044 0.01379644
vt 0.288403 1.602922
v -0.1811135 0.0237671 -0.43759
vn -0.3409469 -0.3601762 0.06346948
vt 0.281014 1.588237
v -0.1803595 0.055324 -0.440822
vn -0.2370906 -0.4402116 0.00134902
vt 0.279574 1.575596
v -0.133773 0.0235117 -0.43747
vn 0.235542 -0.4299969 0.09809498
vt 0.269296 1.5882
v -0.1283325 0.058434 -0.4416025
vn 0.2496511 -0.4322042 0.02956077
vt 0.268541 1.574288
v -0.1377825 -0.06221449 -0.4179425
vn 0.2409539 -0.3902824 0.1990499
vt 0.267705 1.630445
v -0.182323 -0.06383899 -0.4179425
vn -0.2301532 -0.4027557 0.1865939
vt 0.276108 1.631873
v -0.109796 -0.004342349 -0.3853345
vn 0.4968602 0.003037382 0.05586313
vt 0.258924 1.603545
v -0.1071995 0.064326 -0.404415
vn 0.4986244 -0.03650868 0.00638894
vt 0.260282 1.57217
v -0.135283 -0.08316098 -0.3992175
vn 0.1865539 -0.1987849 0.4191447
vt 0.26827 1.642463
v -0.1238525 -0.05495749 -0.3879805
vn 0.4827513 -0.09435704 0.08971054
vt 0.263349 1.630334
v -0.1256985 -0.04821799 -0.3571405
vn 0.4851241 -0.09842968 0.07047114
vt 0.257157 1.6318
v -0.123845 -0.08410849 -0.3777505
vn 0.3419382 -0.04762032 0.3616775
vt 0.264941 1.642921
v -0.1258595 -0.08218749 -0.3479465
vn 0.3771054 -0.1518371 0.2910963
vt 0.2579 1.644703
v -0.187064 -0.08453099 -0.3964105
vn -0.1424614 -0.2646311 0.3995937
vt 0.275843 1.643459
v 0.107026 -0.03930625 -0.25458
vn -0.3276652 0.3261995 -0.1903402
vt 0.057939 1.640458
v 0.102418 -0.07744351 -0.242738
vn -0.2493812 0.3984804 0.1703597
vt 0.056621 1.660638
v -0.1470925 0.02277929 0.962215
vn 0.4826311 -0.1118726 0.06746635
vt 0.994954 1.977232
v -0.130774 0.02503389 0.979425
vn 0.4545662 -0.2069161 0.02356616
vt 0.990726 1.976532
v -0.130997 -0.01628711 0.99398
vn 0.3248148 -0.1348984 0.355384
vt 0.990139 1.99424
v -0.147254 -0.01301016 0.976785
vn 0.3990613 -0.1640479 0.2526627
vt 0.994562 1.994209
v -0.1377625 0.07873649 0.97166
vn 0.4564728 0.1060574 -0.1743113
vt 0.990408 1.946356
v -0.130157 0.06838849 0.92732
vn 0.4990526 0.007937058 0.02972362
vt 0.998729 1.946772
v -0.1263695 0.03366209 1.0355
vn 0.4923138 0.03137014 -0.08150496
vt 0.983636 1.973656
v -0.1317245 0.05885749 1.026455
vn 0.3902369 0.1301866 -0.2841947
vt 0.981195 1.958962
v -0.131462 0.03210984 1.05794
vn 0.3554828 0.2782182 -0.2150038
vt 0.977899 1.972168
v -0.1267525 -0.007994507 1.07586
vn 0.3272465 0.357223 0.1236992
vt 0.97674 1.997108
v -0.121848 -0.01626776 1.04582
vn 0.3685885 0.04720967 0.3345351
vt 0.981704 1.997269
v -0.252018 0.03275954 1.034315
vn -0.4618815 0.06796535 -0.1790144
vt 0.939973 1.933194
v -0.251471 -0.01343346 1.069765
vn -0.2711795 0.326725 0.2640311
vt 0.942995 1.952071
v -0.2572725 -0.01746786 1.04471
vn -0.4446688 0.04827575 0.2234706
vt 0.939754 1.943841
v -0.2329295 -0.008661208 1.07571
vn -0.3092831 0.2918469 0.2630007
vt 0.948519 1.954762
v -0.147254 -0.01301016 0.976785
vn 0.3892676 -0.1616145 0.2689823
vt 0.905869 1.937339
v -0.145239 -0.01504226 0.942425
vn 0.3605183 -0.08052984 0.3369592
vt 0.910534 1.935281
v 0 1.360175 -0.50983
vn 0.00575649 -0.177298 0.4674743
vt 0.166697 1.299346
v 0.036598 1.37972 -0.50983
vn 0.4137278 -0.1537651 0.2349162
vt 0.17593 1.299693
v 0.04698585 1.376085 -0.4574895
vn 0.3975175 -0.3032409 0.004981085
vt 0.176528 1.282925
v 0 1.34828 -0.4714945
vn 0.01682018 -0.3092573 0.3925264
vt 0.166692 1.281011
v 0.0343536 1.408735 -0.50983
vn 0.4249984 -0.08676948 -0.2486914
vt 0.182286 1.300193
v 0.03871895 1.4151 -0.4158225
vn 0.2586887 -0.1021327 -0.4155106
vt 0.18297 1.270468
v 0 1.435505 -0.413049
vn 0.01862867 -0.06129233 -0.4958793
vt 0.192216 1.27275
v 0 1.42995 -0.50983
vn 0.002896945 -0.0311554 -0.49902
vt 0.192216 1.300537
v -0.03871895 1.4151 -0.4158225
vn -0.2707183 -0.1199135 -0.4029049
vt 0.201462 1.270468
v -0.0343536 1.408735 -0.50983
vn -0.4327331 -0.07174351 -0.2399895
vt 0.202145 1.30019
v -0.036598 1.37972 -0.50983
vn -0.4223369 -0.1494085 0.2220555
vt 0.208498 1.299688
v -0.01749215 1.41625 -0.56155
vn -0.3786299 -0.2349884 -0.2267594
vt 0.201393 1.322841
v -0.01669155 1.398275 -0.56155
vn -0.349017 -0.306375 0.1852605
vt 0.20918 1.322524
v 0 1.360175 -0.50983
vn 0.00575649 -0.177298 0.4674743
vt 0.217744 1.299346
v 0 1.34828 -0.4714945
vn 0.01682018 -0.3092573 0.3925264
vt 0.217739 1.281011
v -0.04698585 1.376085 -0.4574895
vn -0.3813291 -0.3232963 -0.008225419
vt 0.207903 1.282925
v 0 1.385285 -0.56155
vn -0.01476149 -0.325686 0.379092
vt 0.217748 1.322348
v 0 1.427305 -0.56155
vn 0.0006600802 -0.1824571 -0.4655201
vt 0.192223 1.323061
v 0 1.41268 -0.576405
vn -0.01165823 -0.4966584 -0.05652019
vt 0.191333 1.330105
v 0 1.41268 -0.576405
vn -0.02469387 -0.4976327 -0.04185581
vt 0.191333 1.330105
v 0 1.41268 -0.576405
vn -0.01990666 -0.4980958 -0.03878606
vt 0.191333 1.330105
v 0.01749215 1.41625 -0.56155
vn 0.3830661 -0.2306006 -0.223794
vt 0.183035 1.322879
v 0 1.41268 -0.576405
vn -0.007328342 -0.4976525 -0.0478358
vt 0.191796 1.330041
v 0.01669155 1.398275 -0.56155
vn 0.3562345 -0.306882 0.17006
vt 0.175247 1.322567
v 0 1.41268 -0.576405
vn 0.004058435 -0.4966533 -0.05761124
vt 0.191333 1.330105
v 0 1.385285 -0.56155
vn -0.01476149 -0.325686 0.379092
vt 0.166734 1.322348
v 0 1.41268 -0.576405
vn 0.004058435 -0.4966533 -0.05761124
vt 0.191333 1.330105
v 0.0395968 0.92033 -0.415962
vn -0.4758562 -0.1077442 0.1093253
vt 0.167088 1.222657
v 0.03689325 0.99554 -0.4216875
vn -0.4798033 -0.1277749 0.05884203
vt 0.169925 1.198094
v -0.156677 -0.01404001 0.92623
vn 0.1854719 -0.229054 0.403899
vt 0.179253 1.560943
v -0.1843815 -0.02137591 0.94985
vn 0.0111021 -0.05211249 0.497153
vt 0.175129 1.554079
v -0.208458 -0.01548931 0.929255
vn -0.1366531 -0.283462 0.3885553
vt 0.169993 1.558759
v -0.145239 -0.01504226 0.942425
vn 0.3605183 -0.08052984 0.3369592
vt 0.182898 1.554334
v -0.147254 -0.01301016 0.976785
vn 0.3892676 -0.1616145 0.2689823
vt 0.183899 1.544926
v -0.2285085 -0.01599806 0.943665
vn -0.3203611 -0.1387359 0.3579401
vt 0.169289 1.554441
v -0.232576 -0.01310811 0.972595
vn -0.3290989 -0.1761707 0.3326527
vt 0.168852 1.54787
v -0.1897315 -0.02331041 0.994305
vn -0.001229795 0.008718849 0.4999225
vt 0.17617 1.540688
v -0.2483645 -0.01657411 0.992605
vn -0.3332655 -0.1536842 0.339581
vt 0.167052 1.540592
v -0.187016 -0.01714911 1.03903
vn 0.006933748 0.04636474 0.4977974
vt 0.175967 1.529328
v -0.255346 -0.01703471 1.01946
vn -0.3615565 -0.06203114 0.3397485
vt 0.165529 1.534706
v -0.2572725 -0.01746786 1.04471
vn -0.4446688 0.04827575 0.2234706
vt 0.165468 1.526041
v -0.251471 -0.01343346 1.069765
vn -0.2711795 0.326725 0.2640311
vt 0.167257 1.517328
v -0.130997 -0.01628711 0.99398
vn 0.3248148 -0.1348984 0.355384
vt 0.185266 1.542477
v -0.121848 -0.01626776 1.04582
vn 0.3685885 0.04720967 0.3345351
vt 0.186126 1.529925
v -0.1267525 -0.007994507 1.07586
vn 0.3272465 0.357223 0.1236992
vt 0.184746 1.518492
v -0.151223 -0.008151057 1.081035
vn 0.3202521 0.2756495 0.2673125
vt 0.182922 1.515176
v -0.1911215 -0.01660121 1.076605
vn 0.001671075 0.03407985 0.4988344
vt 0.175697 1.518888
v -0.156709 -0.008295308 1.0997
vn 0.3571021 0.2083822 0.2811671
vt 0.181825 1.511527
v -0.2329295 -0.008661208 1.07571
vn -0.3092831 0.2918469 0.2630007
vt 0.16881 1.513941
v -0.228804 -0.008831058 1.098165
vn -0.3820611 0.1756437 0.2705155
vt 0.170109 1.510193
v -0.2187005 -0.009000857 1.1125
vn -0.2074 0.3747306 0.2579966
vt 0.171404 1.506378
v -0.1702265 -0.008439357 1.114965
vn 0.1593567 0.3961973 0.2600637
vt 0.180308 1.506479
v 0.1312784 0.8250631 0.89793
vn -0.4970803 0.02779013 0.04553251
vt 0.861677 1.571156
v 0.1401822 0.8548523 0.799915
vn -0.463164 -0.1359707 0.130279
vt 0.846761 1.546061
v 0.1274721 0.7444882 0.8784
vn -0.4986131 -0.02996201 -0.02098767
vt 0.852287 1.596591
v 0.124867 0.91889 0.764335
vn -0.08461333 -0.04320068 0.4908913
vt 0.848758 1.520319
v 0.112685 0.919265 0.879225
vn -0.4902157 0.02100429 0.09616342
vt 0.86725 1.539498
v 0.1057295 0.952525 0.87259
vn -0.4006854 0.1202878 0.2738285
vt 0.869229 1.528254
v 0.1595858 0.9032236 0.724735
vn -0.1877586 -0.3361637 0.3189627
vt 0.837889 1.515252
v 0.1595858 0.9032236 0.724735
vn -0.1877586 -0.3361637 0.3189627
vt 0.837889 1.515252
v 0.1315535 0.937955 0.70643
vn -0.1355209 -0.2014288 0.4371047
vt 0.842527 1.505415
v -0.182323 -0.06383899 -0.4179425
vn -0.2301532 -0.4027557 0.1865939
vt 0.211772 1.601437
v -0.187064 -0.08453099 -0.3964105
vn -0.1424614 -0.2646311 0.3995937
vt 0.214562 1.611939
v -0.2054725 -0.05628349 -0.390359
vn -0.446667 -0.223805 0.01999915
vt 0.219529 1.60867
v -0.209657 -0.08501148 -0.3766525
vn -0.3184757 -0.1166817 0.3673672
vt 0.221928 1.620455
v -0.204962 -0.007411338 -0.385228
vn -0.4861134 -0.1162044 0.01379644
vt 0.219877 1.580185
v -0.2137245 -0.08227999 -0.347935
vn -0.3020383 -0.1945654 0.3477315
vt 0.226556 1.620405
v -0.2080135 -0.04793649 -0.3588595
vn -0.4706155 -0.1613685 -0.04981215
vt 0.226489 1.602155
v -0.2269705 -0.08555599 -0.332652
vn -0.3323557 -0.1552203 0.3397739
vt 0.231207 1.620247
v -0.220288 -0.04574869 -0.3425935
vn -0.4457984 -0.2156755 -0.068905
vt 0.230402 1.601127
v -0.230624 -0.03868449 -0.278104
vn -0.489395 0.02653747 -0.09893593
vt 0.242026 1.597466
v -0.2358785 -0.08640049 -0.2752855
vn -0.44925 0.04161827 0.2155048
vt 0.24288 1.620088
v -0.2243115 -0.009975987 -0.2949055
vn -0.4180723 0.04195672 -0.2710263
vt 0.238457 1.583742
v -0.20603 0.007166612 -0.3394455
vn -0.4503088 0.03579009 -0.2143386
vt 0.228906 1.575594
v -0.1811135 0.0237671 -0.43759
vn -0.3409469 -0.3601762 0.06346948
vt 0.211818 1.572491
v -0.1065955 -0.08528449 -0.3312375
vn 0.2899328 -0.1732998 0.3686545
vt 0.204066 1.616356
v -0.1258595 -0.08218749 -0.3479465
vn 0.3771054 -0.1518371 0.2910963
vt 0.208717 1.616514
v -0.1256985 -0.04821799 -0.3571405
vn 0.486506 -0.08966204 0.07261296
vt 0.208785 1.598264
v -0.1063775 -0.04606709 -0.3395855
vn 0.4366503 -0.2433349 -0.01116519
vt 0.204843 1.597141
v -0.0930895 -0.08526649 -0.273998
vn 0.3711462 0.05367911 0.3307099
vt 0.197055 1.616399
v -0.097514 -0.03782069 -0.2767775
vn 0.4860815 0.059095 -0.101156
vt 0.19865 1.595492
v -0.116048 0.005742112 -0.3429145
vn 0.4863647 0.06096322 -0.09865549
vt 0.206367 1.571703
v -0.1073075 -0.007233788 -0.281805
vn 0.3401241 0.156705 -0.3312991
vt 0.196816 1.579851
v -0.1057335 -0.03930609 -0.2545795
vn 0.3390511 0.3134209 -0.1918637
vt 0.193247 1.593575
v -0.1011255 -0.07744349 -0.242738
vn 0.2867904 0.3768457 0.1604326
vt 0.192393 1.616197
v 0.2269705 -0.085556 -0.332652
vn 0.332463 -0.1587344 0.3380411
vt 0.212246 1.540793
v 0.107888 -0.08528501 -0.3312375
vn -0.3042103 -0.1665731 0.360152
vt 0.194032 1.542679
v 0.2137245 -0.08228001 -0.347935
vn 0.3076732 -0.1957763 0.3420656
vt 0.210529 1.546265
v 0.1258595 -0.0821875 -0.3479465
vn -0.3854476 -0.1462421 0.2829194
vt 0.195399 1.545128
v 0.094382 -0.0852665 -0.273998
vn -0.3704405 0.04002195 0.3334249
vt 0.19246 1.530337
v 0.2358785 -0.08640051 -0.2752855
vn 0.4497389 0.04974359 0.2127451
vt 0.21383 1.526243
v 0.102418 -0.07744351 -0.242738
vn -0.2657094 0.3917515 0.1610257
vt 0.194458 1.518864
v 0.230077 -0.08258751 -0.249633
vn 0.3099084 0.2695227 0.2851565
vt 0.212041 1.51753
v 0.129829 -0.07759151 -0.237586
vn -0.2187987 0.3418525 0.292
vt 0.196376 1.515377
v 0.213899 -0.0780745 -0.2382655
vn 0.2624412 0.348471 0.2443207
vt 0.210383 1.513916
v 0.1488325 -0.0778645 -0.2133205
vn -0.1522454 0.349362 0.323678
vt 0.19899 1.506681
v 0.1973065 -0.0783955 -0.2158695
vn 0.192938 0.3351642 0.3169225
vt 0.207893 1.506579
v 0.123845 -0.0841085 -0.3777505
vn -0.3412636 -0.04652903 0.3624558
vt 0.195364 1.552658
v 0.209657 -0.085012 -0.3766525
vn 0.3219632 -0.1135657 0.3652979
vt 0.210199 1.553472
v 0.135283 -0.083161 -0.399218
vn -0.1817106 -0.1997652 0.420803
vt 0.200045 1.561145
v 0.187064 -0.08453101 -0.3964105
vn 0.1351964 -0.2655078 0.4015315
vt 0.20722 1.55915
v -0.227869 1.16836 -0.4370165
vn -0.3337032 0.1581286 0.3371017
vt 0.264396 1.092
v -0.2053065 1.176915 -0.445728
vn -0.3307548 -0.173102 0.3326214
vt 0.261367 1.093052
v -0.2151875 1.17259 -0.432883
vn -0.3299634 0.0918738 0.3642572
vt 0.265911 1.099204
v -0.188762 1.33129 0.3466185
vn 0.148588 -0.333357 0.3417525
vt 0.634732 1.231052
v -0.2028365 1.34175 0.3498175
vn -0.4194007 -0.2554306 0.09411854
vt 0.631608 1.227902
v -0.2046425 1.332305 0.36916
vn -0.4591452 -0.1636879 0.1113189
vt 0.632965 1.217712
v -0.1901325 1.32194 0.3678085
vn 0.290335 -0.2741355 0.300924
vt 0.636588 1.21862
v -0.188869 1.33365 0.371377
vn 0.00913255 -0.1905845 0.4621625
vt 0.634039 1.217901
v -0.191291 1.31403 0.3857285
vn 0.3136679 0.3408244 0.1882849
vt 0.638157 1.208105
v -0.1910155 1.32668 0.3921995
vn -0.3505229 -0.02980204 0.3553104
vt 0.635501 1.208105
v -0.206436 1.322925 0.388365
vn -0.3317544 0.3322395 0.1719182
vt 0.634314 1.207594
v -0.191457 1.30008 0.3788355
vn 0.161095 -0.0181606 0.472989
vt 0.640611 1.213363
v -0.2062845 1.30971 0.3808295
vn -0.3790125 0.02805165 0.324904
vt 0.636878 1.212653
v -0.206436 1.322925 0.388365
vn -0.3317544 0.3322395 0.1719182
vt 0.634314 1.207594
v -0.1889995 1.31683 0.3083475
vn 0.2351341 0.3629176 0.2510036
vt 0.639537 1.240108
v -0.1941215 1.320355 0.3085455
vn -0.4870383 0.1010046 0.05090995
vt 0.636467 1.239332
v -0.189338 1.308125 0.306479
vn 0.2721313 -0.01781192 0.4190791
vt 0.641512 1.241825
v -0.1842 1.326025 0.3177815
vn 0.1920897 0.3081534 0.3437194
vt 0.635158 1.237793
v -0.15288 1.257945 0.383423
vn -0.04455147 0.4974543 0.02354532
vt 0.461102 1.870734
v -0.1512655 1.29201 0.3652895
vn -0.02879953 0.3234689 -0.3801821
vt 0.46688 1.870734
v -0.171208 1.285505 0.3635145
vn -0.2513804 0.3036538 -0.3075748
vt 0.46688 1.859178
v -0.1793065 1.302535 0.3149435
vn -0.2957045 0.0734155 -0.3964455
vt 0.472658 1.859178
v -0.147039 1.31306 0.317816
vn -0.008809863 0.09895749 -0.4900304
vt 0.472658 1.870734
v -0.1992495 1.27498 0.313168
vn -0.4730198 0.05762998 -0.15143
vt 0.472658 1.847621
v -0.183533 1.268475 0.362417
vn -0.3889476 0.2914071 -0.1174805
vt 0.46688 1.847621
v -0.15288 1.257945 0.383423
vn -0.04883723 0.4974554 0.01237003
vt 0.461102 1.859178
v -0.1992495 1.240915 0.313168
vn -0.4730206 0.05763051 0.1514275
vt 0.472658 1.836065
v -0.183533 1.24742 0.362417
vn -0.388947 0.2914075 0.1174815
vt 0.46688 1.836065
v -0.15288 1.257945 0.383423
vn -0.05201283 0.497282 -0.002307066
vt 0.461102 1.847621
v -0.1793065 1.21336 0.3149435
vn -0.2957084 0.07341696 0.3964423
vt 0.472658 1.824508
v -0.171208 1.23039 0.363514
vn -0.2513855 0.3036525 0.307572
vt 0.46688 1.824508
v -0.15288 1.257945 0.383423
vn -0.05202873 0.4970374 -0.01571027
vt 0.461101 1.836065
v -0.147039 1.20283 0.317816
vn -0.00881045 0.0989595 0.49003
vt 0.472658 1.812952
v -0.1512655 1.223885 0.3652895
vn -0.02880049 0.3234714 0.3801799
vt 0.46688 1.812952
v -0.15288 1.257945 0.383423
vn -0.04877346 0.4970977 -0.02269472
vt 0.461101 1.824508
v -0.114771 1.21336 0.320689
vn 0.2780875 0.1245035 0.396442
vt 0.472658 1.801395
v -0.131323 1.23039 0.3670655
vn 0.1937851 0.3432881 0.3075721
vt 0.46688 1.801395
v -0.15288 1.257945 0.383423
vn -0.04445001 0.4976043 -0.02034994
vt 0.461101 1.812952
v -0.0948285 1.240915 0.3224645
vn 0.4553994 0.1402895 0.1514275
vt 0.472658 1.789838
v -0.118998 1.24742 0.3681625
vn 0.331349 0.3555361 0.1174815
vt 0.46688 1.789838
v -0.15288 1.257945 0.383423
vn -0.04167163 0.498167 -0.00964941
vt 0.461101 1.801395
v -0.0948285 1.27498 0.3224645
vn 0.4553985 0.140289 -0.1514305
vt 0.472658 1.778282
v -0.118998 1.268475 0.3681625
vn 0.3313493 0.3555353 -0.1174829
vt 0.46688 1.778282
v -0.15288 1.257945 0.383423
vn -0.04105144 0.4982876 0.004929474
vt 0.461101 1.789838
v -0.114771 1.302535 0.320689
vn 0.2780844 0.1245014 -0.3964448
vt 0.472658 1.766725
v -0.131323 1.285505 0.3670655
vn 0.1937835 0.343286 -0.3075755
vt 0.46688 1.766725
v -0.15288 1.257945 0.383423
vn -0.04110606 0.4980232 0.01682944
vt 0.461101 1.778282
v -0.147039 1.31306 0.317816
vn -0.008809863 0.09895749 -0.4900304
vt 0.472658 1.755168
v -0.1512655 1.29201 0.3652895
vn -0.02879953 0.3234689 -0.3801821
vt 0.46688 1.755168
v -0.15288 1.257945 0.383423
vn -0.04110606 0.4980232 0.01682944
vt 0.461101 1.766725
v -0.089604 1.240915 0.263784
vn 0.4749846 -0.03231911 0.152791
vt 0.478436 1.789838
v -0.1095465 1.21336 0.2620085
vn 0.2960736 -0.04824852 0.4000157
vt 0.478436 1.801395
v -0.089604 1.27498 0.263784
vn 0.4749834 -0.03231894 -0.152795
vt 0.478436 1.778281
v -0.1095465 1.302535 0.2620085
vn 0.2960709 -0.04824609 -0.4000179
vt 0.478436 1.766725
v -0.1418145 1.31306 0.2591355
vn 0.00659038 -0.07401852 -0.494447
vt 0.478436 1.755168
v -0.0997005 1.24559 0.215035
vn 0.401597 -0.272399 0.1204935
vt 0.484215 1.789838
v -0.114172 1.22559 0.2137465
vn 0.265091 -0.2763245 0.3215145
vt 0.484215 1.801395
v -0.1418145 1.20283 0.2591355
vn 0.00659 -0.074022 0.4944465
vt 0.478436 1.812951
v -0.174082 1.21336 0.2562625
vn -0.2828936 -0.09979552 0.4000151
vt 0.478436 1.824508
v -0.1940245 1.240915 0.254487
vn -0.4618036 -0.115724 0.152792
vt 0.478436 1.836065
v -0.1940245 1.27498 0.254487
vn -0.4618029 -0.1157235 -0.1527945
vt 0.478436 1.847621
v -0.174082 1.302535 0.2562625
vn -0.2828917 -0.09979255 -0.4000172
vt 0.478436 1.859178
v -0.1418145 1.31306 0.2591355
vn 0.00659038 -0.07401852 -0.494447
vt 0.478436 1.870734
v -0.161003 1.290305 0.209577
vn -0.223077 -0.2714215 -0.3557625
vt 0.484215 1.859178
v -0.1375875 1.29794 0.2116615
vn 0.01798654 -0.2762843 -0.4163454
vt 0.484215 1.870734
v -0.175475 1.270305 0.2082885
vn -0.4035898 -0.2579539 -0.1434399
vt 0.484215 1.847621
v -0.175475 1.24559 0.2082885
vn -0.4035906 -0.2579536 0.1434385
vt 0.484215 1.836065
v -0.161003 1.22559 0.209577
vn -0.2230789 -0.2714229 0.3557603
vt 0.484215 1.824508
v -0.1375875 1.21795 0.2116615
vn 0.03302476 -0.2785131 0.4139321
vt 0.484215 1.812951
v -0.1543235 1.257945 0.1807595
vn -0.03375363 -0.4979216 0.03057499
vt 0.489993 1.870734
v -0.1543235 1.257945 0.1807595
vn -0.03964518 -0.4981999 0.01500395
vt 0.489993 1.859178
v -0.1543235 1.257945 0.1807595
vn -0.04382204 -0.4980454 -0.005510481
vt 0.489993 1.847621
v -0.1543235 1.257945 0.1807595
vn -0.04345115 -0.4975216 -0.02417195
vt 0.489993 1.836065
v -0.1543235 1.257945 0.1807595
vn -0.03856324 -0.4973659 -0.03376508
vt 0.489993 1.824508
v -0.1543235 1.257945 0.1807595
vn -0.03243014 -0.4980231 -0.03035267
vt 0.489993 1.812951
v -0.1543235 1.257945 0.1807595
vn -0.02874875 -0.4989347 -0.01541625
vt 0.489993 1.801395
v -0.0997005 1.270305 0.215035
vn 0.4015966 -0.2723991 -0.1204945
vt 0.484215 1.778281
v -0.114172 1.290305 0.2137465
vn 0.2650895 -0.2763225 -0.3215174
vt 0.484215 1.766725
v -0.1375875 1.29794 0.2116615
vn 0.01798654 -0.2762843 -0.4163454
vt 0.484215 1.755168
v -0.1543235 1.257945 0.1807595
vn -0.02825165 -0.4991781 0.004802611
vt 0.489993 1.789838
v -0.1543235 1.257945 0.1807595
vn -0.02864918 -0.4987248 0.02127915
vt 0.489993 1.778281
v -0.1543235 1.257945 0.1807595
vn -0.02864918 -0.4987248 0.02127915
vt 0.489993 1.766725
v -0.153961 1.224615 0.414885
vn -0.02838778 0.4989892 0.01427966
vt 0.461102 1.993828
v -0.1523465 1.258675 0.404074
vn -0.02360318 0.3914066 -0.3102317
vt 0.46688 1.993828
v -0.172289 1.25217 0.4030155
vn -0.2108535 0.374192 -0.255971
vt 0.46688 1.982271
v -0.1803875 1.2692 0.374057
vn -0.292502 0.1109465 -0.3900429
vt 0.472658 1.982271
v -0.14812 1.279725 0.37577
vn -0.009778195 0.1474821 -0.4776541
vt 0.472658 1.993828
v -0.2003305 1.241645 0.3729985
vn -0.4688769 0.08806249 -0.1496645
vt 0.472658 1.970714
v -0.1846145 1.23514 0.402361
vn -0.3290887 0.3632207 -0.09885006
vt 0.46688 1.970714
v -0.153961 1.224615 0.414885
vn -0.03117125 0.4989714 0.007473635
vt 0.461102 1.982271
v -0.2003305 1.20758 0.3729985
vn -0.4688768 0.08806297 0.1496644
vt 0.472658 1.959158
v -0.1846145 1.214085 0.402361
vn -0.3290885 0.363221 0.09884998
vt 0.46688 1.959158
v -0.153961 1.224615 0.414885
vn -0.03332241 0.4988861 -0.001498632
vt 0.461102 1.970714
v -0.1803875 1.180025 0.374057
vn -0.292502 0.110948 0.3900425
vt 0.472658 1.947601
v -0.172289 1.197055 0.4030155
vn -0.2108534 0.3741928 0.2559699
vt 0.46688 1.947602
v -0.153961 1.224615 0.414885
vn -0.03352509 0.49878 -0.009727031
vt 0.461102 1.959158
v -0.14812 1.1695 0.37577
vn -0.0104494 0.1473535 0.4776796
vt 0.472658 1.936045
v -0.1523465 1.19055 0.404074
vn -0.02489115 0.3912406 0.3103405
vt 0.46688 1.936045
v -0.153961 1.224615 0.414885
vn -0.03163082 0.4988004 -0.01405792
vt 0.461102 1.947602
v -0.115852 1.180025 0.377483
vn 0.2658265 0.182853 0.38197
vt 0.472658 1.924488
v -0.132404 1.197055 0.4051325
vn 0.1537251 0.4073587 0.2458201
vt 0.46688 1.924488
v -0.153961 1.224615 0.414885
vn -0.02893851 0.4990008 -0.01267738
vt 0.461102 1.936045
v -0.0959095 1.20758 0.3785415
vn 0.4328371 0.2042605 0.144671
vt 0.472658 1.912932
v -0.120079 1.214085 0.405787
vn 0.2601434 0.4168343 0.09259896
vt 0.46688 1.912932
v -0.153961 1.224615 0.414885
vn -0.0270698 0.4992288 -0.006147904
vt 0.461102 1.924488
v -0.0959095 1.241645 0.3785415
vn 0.4328369 0.2042614 -0.1446705
vt 0.472658 1.901375
v -0.120079 1.23514 0.405787
vn 0.2601421 0.4168347 -0.09260104
vt 0.46688 1.901375
v -0.153961 1.224615 0.414885
vn -0.02647864 0.4992906 0.002791833
vt 0.461102 1.912932
v -0.115852 1.2692 0.377483
vn 0.2658261 0.1828531 -0.3819702
vt 0.472658 1.889818
v -0.132404 1.25217 0.4051325
vn 0.1537255 0.407358 -0.245821
vt 0.46688 1.889818
v -0.153961 1.224615 0.414885
vn -0.02634984 0.4992031 0.01009837
vt 0.461102 1.901375
v -0.14812 1.279725 0.37577
vn -0.009778195 0.1474821 -0.4776541
vt 0.472658 1.878262
v -0.1523465 1.258675 0.404074
vn -0.02360318 0.3914066 -0.3102317
vt 0.46688 1.878262
v -0.153961 1.224615 0.414885
vn -0.02634984 0.4992031 0.01009837
vt 0.461102 1.889818
v -0.090685 1.20758 0.3435555
vn 0.4688776 -0.08806302 0.149662
vt 0.478436 1.912932
v -0.1106275 1.180025 0.342497
vn 0.2925046 -0.1109475 0.3900406
vt 0.478436 1.924488
v -0.090685 1.241645 0.3435555
vn 0.468877 -0.08806251 -0.149664
vt 0.478436 1.901375
v -0.110628 1.2692 0.342497
vn 0.2925026 -0.110946 -0.3900426
vt 0.478436 1.889818
v -0.1428955 1.279725 0.340784
vn 0.009777945 -0.147482 -0.4776541
vt 0.478436 1.878262
v -0.106401 1.214085 0.314193
vn 0.3290894 -0.3632204 0.09884896
vt 0.484215 1.912931
v -0.118726 1.197055 0.3135385
vn 0.210854 -0.3741935 0.2559685
vt 0.484215 1.924488
v -0.1428955 1.1695 0.340784
vn 0.01044975 -0.147354 0.4776794
vt 0.478437 1.936045
v -0.175163 1.180025 0.3390715
vn -0.2658265 -0.182853 0.38197
vt 0.478437 1.947601
v -0.195106 1.20758 0.338013
vn -0.4328372 -0.2042606 0.1446706
vt 0.478437 1.959158
v -0.195106 1.241645 0.338013
vn -0.432837 -0.204261 -0.1446705
vt 0.478437 1.970714
v -0.175163 1.2692 0.3390715
vn -0.2658266 -0.1828526 -0.3819701
vt 0.478437 1.982271
v -0.1428955 1.279725 0.340784
vn 0.009777945 -0.147482 -0.4776541
vt 0.478437 1.993828
v -0.1586115 1.25217 0.3114215
vn -0.1537255 -0.407358 -0.245821
vt 0.484215 1.982271
v -0.138669 1.258675 0.31248
vn 0.02360399 -0.391407 -0.3102311
vt 0.484215 1.993828
v -0.1709365 1.23514 0.3107675
vn -0.2601435 -0.416834 -0.09260001
vt 0.484215 1.970714
v -0.1709365 1.214085 0.3107675
vn -0.2601435 -0.4168341 0.09259953
vt 0.484215 1.959158
v -0.1586115 1.197055 0.3114215
vn -0.1537245 -0.4073589 0.24582
vt 0.484215 1.947601
v -0.138669 1.19055 0.31248
vn 0.02489125 -0.3912406 0.3103405
vt 0.484215 1.936045
v -0.1370545 1.224615 0.301669
vn 0.02958471 -0.4989179 0.01434242
vt 0.489993 1.993828
v -0.1370545 1.224615 0.301669
vn 0.02682024 -0.4992236 0.007516631
vt 0.489993 1.982271
v -0.1370545 1.224615 0.301669
vn 0.02468269 -0.4993882 -0.001468662
vt 0.489993 1.970714
v -0.1370545 1.224615 0.301669
vn 0.02448499 -0.4993058 -0.009705022
vt 0.489993 1.959158
v -0.1370545 1.224615 0.301669
vn 0.0263887 -0.4991058 -0.01403857
vt 0.489993 1.947601
v -0.1370545 1.224615 0.301669
vn 0.02909967 -0.4989921 -0.01265261
vt 0.489993 1.936045
v -0.1370545 1.224615 0.301669
vn 0.03097926 -0.499002 -0.006109851
vt 0.489993 1.924488
v -0.106401 1.23514 0.314193
vn 0.329089 -0.3632205 -0.09885
vt 0.484215 1.901375
v -0.118726 1.25217 0.3135385
vn 0.210854 -0.3741925 -0.25597
vt 0.484215 1.889818
v -0.138669 1.258675 0.31248
vn 0.02360399 -0.391407 -0.3102311
vt 0.484215 1.878262
v -0.1370545 1.224615 0.301669
vn 0.03155604 -0.4989951 0.002846776
vt 0.489993 1.912931
v -0.1370545 1.224615 0.301669
vn 0.03165699 -0.4988932 0.01016687
vt 0.489993 1.901375
v -0.1370545 1.224615 0.301669
vn 0.03165699 -0.4988932 0.01016687
vt 0.489993 1.889818
v -0.1585835 1.28684 0.42864
vn -0.02839037 0.498989 0.01428105
vt 0.46119 1.870063
v -0.157231 1.31538 0.419582
vn -0.02360121 0.391405 -0.310234
vt 0.466968 1.870063
v -0.17394 1.30993 0.418695
vn -0.2108605 0.3741919 -0.2559654
vt 0.466968 1.858506
v -0.1807255 1.3242 0.3944315
vn -0.292504 0.110944 -0.3900421
vt 0.472746 1.858506
v -0.1536895 1.333015 0.3958665
vn -0.009776412 0.1474782 -0.4776553
vt 0.472746 1.870063
v -0.197435 1.30111 0.3935445
vn -0.4688783 0.08806247 -0.1496599
vt 0.472746 1.846949
v -0.184267 1.29566 0.4181465
vn -0.3290909 0.3632209 -0.09884198
vt 0.466968 1.846949
v -0.1585835 1.28684 0.42864
vn -0.03117388 0.4989713 0.007475226
vt 0.46119 1.858506
v -0.197435 1.27257 0.3935445
vn -0.4688772 0.08806353 0.1496631
vt 0.472746 1.835393
v -0.184267 1.27802 0.4181465
vn -0.3290901 0.3632201 0.09884802
vt 0.466968 1.835393
v -0.1585835 1.28684 0.42864
vn -0.03332507 0.498886 -0.001496775
vt 0.46119 1.846949
v -0.1807255 1.24948 0.3944315
vn -0.2925035 0.1109475 0.3900415
vt 0.472746 1.823836
v -0.17394 1.26375 0.4186945
vn -0.210858 0.3741919 0.2559674
vt 0.466968 1.823837
v -0.1585835 1.28684 0.42864
vn -0.03352776 0.4987798 -0.009724929
vt 0.46119 1.835393
v -0.1536895 1.24066 0.3958665
vn -0.0104491 0.1473531 0.4776797
vt 0.472746 1.81228
v -0.157231 1.2583 0.419582
vn -0.02489205 0.3912405 0.3103405
vt 0.466968 1.81228
v -0.1585835 1.28684 0.42864
vn -0.03163346 0.4988003 -0.01405569
vt 0.46119 1.823837
v -0.126653 1.24948 0.3973015
vn 0.2658275 0.1828535 0.381969
vt 0.472746 1.800723
v -0.1405215 1.26375 0.4204685
vn 0.153727 0.4073584 0.2458194
vt 0.466968 1.800723
v -0.1585835 1.28684 0.42864
vn -0.02894112 0.4990008 -0.01267518
vt 0.46119 1.81228
v -0.109944 1.27257 0.3981885
vn 0.4328371 0.2042615 0.1446695
vt 0.472746 1.789167
v -0.1301945 1.27802 0.421017
vn 0.2601429 0.4168343 0.09260046
vt 0.466968 1.789167
v -0.1585835 1.28684 0.42864
vn -0.02707238 0.4992287 -0.006145906
vt 0.461189 1.800723
v -0.109944 1.30111 0.3981885
vn 0.4328359 0.2042605 -0.1446745
vt 0.472746 1.77761
v -0.1301945 1.29566 0.421017
vn 0.2601431 0.4168352 -0.09259603
vt 0.466968 1.77761
v -0.1585835 1.28684 0.42864
vn -0.0264812 0.4992904 0.002793568
vt 0.461189 1.789167
v -0.126653 1.3242 0.3973015
vn 0.2658235 0.182853 -0.381972
vt 0.472746 1.766053
v -0.1405215 1.30993 0.4204685
vn 0.15373 0.4073566 -0.2458205
vt 0.466968 1.766053
v -0.1585835 1.28684 0.42864
vn -0.0263524 0.4992029 0.01009989
vt 0.461189 1.77761
v -0.1536895 1.333015 0.3958665
vn -0.009776412 0.1474782 -0.4776553
vt 0.472746 1.754497
v -0.157231 1.31538 0.419582
vn -0.02360121 0.391405 -0.310234
vt 0.466968 1.754497
v -0.1585835 1.28684 0.42864
vn -0.0263524 0.4992029 0.01009989
vt 0.461189 1.766053
v -0.1055665 1.27257 0.368875
vn 0.4688774 -0.08806299 0.1496625
vt 0.478524 1.789167
v -0.122276 1.24948 0.367988
vn 0.2925026 -0.1109491 0.3900417
vt 0.478524 1.800723
v -0.1055665 1.30111 0.368875
vn 0.468878 -0.088065 -0.1496595
vt 0.478524 1.77761
v -0.122276 1.3242 0.367988
vn 0.2925024 -0.110947 -0.3900424
vt 0.478524 1.766053
v -0.149312 1.333015 0.366553
vn 0.009777178 -0.1474788 -0.4776551
vt 0.478524 1.754497
v -0.1187345 1.27802 0.344273
vn 0.3290892 -0.3632207 0.09884855
vt 0.484303 1.789167
v -0.1290615 1.26375 0.343725
vn 0.2108556 -0.3741927 0.2559682
vt 0.484303 1.800723
v -0.149312 1.24066 0.366553
vn 0.0104496 -0.1473544 0.4776793
vt 0.478524 1.81228
v -0.176348 1.24948 0.365118
vn -0.2658266 -0.1828536 0.3819696
vt 0.478524 1.823836
v -0.1930575 1.27257 0.364231
vn -0.4328366 -0.2042626 0.1446695
vt 0.478524 1.835393
v -0.1930575 1.30111 0.364231
vn -0.4328376 -0.2042616 -0.144668
vt 0.478524 1.846949
v -0.176348 1.3242 0.365118
vn -0.2658271 -0.1828526 -0.3819697
vt 0.478524 1.858506
v -0.149312 1.333015 0.366553
vn 0.009777178 -0.1474788 -0.4776551
vt 0.478524 1.870063
v -0.16248 1.30993 0.341951
vn -0.1537305 -0.4073564 -0.2458204
vt 0.484303 1.858506
v -0.1457705 1.31538 0.342838
vn 0.02360271 -0.3914044 -0.3102345
vt 0.484303 1.870063
v -0.1728065 1.29566 0.3414025
vn -0.2601444 -0.4168343 -0.09259645
vt 0.484303 1.846949
v -0.1728065 1.27802 0.3414025
vn -0.260142 -0.4168351 0.09259951
vt 0.484303 1.835393
v -0.1624795 1.26375 0.341951
vn -0.1537245 -0.407358 0.2458215
vt 0.484303 1.823836
v -0.1457705 1.2583 0.342838
vn 0.024891 -0.3912406 0.3103406
vt 0.484303 1.81228
v -0.144418 1.28684 0.3337795
vn 0.02958593 -0.4989178 0.01434369
vt 0.490081 1.870063
v -0.144418 1.28684 0.3337795
vn 0.02682143 -0.4992235 0.007517913
vt 0.490081 1.858506
v -0.144418 1.28684 0.3337795
vn 0.02468386 -0.4993882 -0.001467379
vt 0.490081 1.846949
v -0.144418 1.28684 0.3337795
vn 0.02448617 -0.4993058 -0.009703743
vt 0.490081 1.835393
v -0.144418 1.28684 0.3337795
vn 0.02638992 -0.4991058 -0.01403729
vt 0.490081 1.823836
v -0.144418 1.28684 0.3337795
vn 0.02910093 -0.4989921 -0.01265134
vt 0.490081 1.81228
v -0.144418 1.28684 0.3337795
vn 0.03098055 -0.4990019 -0.006108585
vt 0.490081 1.800723
v -0.1187345 1.29566 0.344273
vn 0.3290904 -0.3632209 -0.09884347
vt 0.484303 1.77761
v -0.1290615 1.30993 0.343725
vn 0.2108595 -0.374192 -0.255966
vt 0.484303 1.766053
v -0.1457705 1.31538 0.342838
vn 0.02360271 -0.3914044 -0.3102345
vt 0.484303 1.754497
v -0.144418 1.28684 0.3337795
vn 0.03155732 -0.498995 0.002848044
vt 0.490081 1.789167
v -0.144418 1.28684 0.3337795
vn 0.03165825 -0.4988931 0.01016814
vt 0.490081 1.77761
v -0.144418 1.28684 0.3337795
vn 0.03165825 -0.4988931 0.01016814
vt 0.490081 1.766053
v -0.1569675 1.305035 0.3648445
vn -0.04685198 0.4977991 0.0009703411
vt 0.432164 1.870711
v -0.1559355 1.32914 0.3604555
vn -0.03349331 0.3911755 -0.3096125
vt 0.437417 1.870711
v -0.1689145 1.32531 0.3593
vn -0.21428 0.3687586 -0.2609621
vt 0.437417 1.860205
v -0.1706845 1.3398 0.3335675
vn -0.2781156 0.141496 -0.3906797
vt 0.439555 1.860205
v -0.156557 1.34379 0.3356875
vn -0.01814446 0.1894887 -0.4623471
vt 0.439501 1.870711
v -0.1801575 1.329 0.3304355
vn -0.455366 0.0610035 -0.1972825
vt 0.439699 1.849699
v -0.1777725 1.31505 0.3585115
vn -0.3603462 0.3230942 -0.1255421
vt 0.437417 1.849699
v -0.1569675 1.305035 0.3648445
vn -0.04684195 0.497801 -5.834271E-05
vt 0.432164 1.860205
v -0.1819385 1.31465 0.3272525
vn -0.4946349 -0.02912109 0.06699499
vt 0.439888 1.839193
v -0.179698 1.301605 0.35834
vn -0.4127167 0.2699061 0.08255654
vt 0.437417 1.839193
v -0.1569675 1.305035 0.3648445
vn -0.04672377 0.4978105 -0.001257029
vt 0.432164 1.849699
v -0.1752905 1.301255 0.3250345
vn -0.3758133 -0.09592745 0.3155349
vt 0.440064 1.828687
v -0.1740785 1.28925 0.35884
vn -0.3298605 0.2334615 0.294428
vt 0.437417 1.828687
v -0.1569675 1.305035 0.3648445
vn -0.04627954 0.4978491 -0.002108323
vt 0.432164 1.839193
v -0.16221 1.293195 0.3245225
vn -0.137859 -0.1155055 0.4665334
vt 0.440169 1.818181
v -0.162699 1.28191 0.3598535
vn -0.1206882 0.1064654 0.4733915
vt 0.437417 1.818181
v -0.146931 1.293195 0.325906
vn 0.1465965 -0.08359452 0.4706606
vt 0.440168 1.807675
v -0.1633245 1.35214 0.284534
vn -0.2581195 -0.0134637 -0.4280106
vt 0.44267 1.860205
v -0.147128 1.356915 0.2859755
vn -0.002593816 0.01801505 -0.4996686
vt 0.44267 1.870711
v -0.1621985 1.342075 0.234932
vn -0.2662679 -0.171195 -0.3870319
vt 0.447923 1.860205
v -0.143501 1.347835 0.2348755
vn 0.002776382 -0.1711542 -0.4697856
vt 0.447923 1.870711
v -0.1749595 1.327625 0.2382605
vn -0.4497505 -0.1262595 -0.178278
vt 0.447923 1.849699
v -0.1743785 1.339335 0.2835495
vn -0.4445624 -0.0298623 -0.2268755
vt 0.44267 1.849699
v -0.177733 1.30907 0.243805
vn -0.4894699 -0.04774674 0.09021898
vt 0.447923 1.839193
v -0.1767805 1.32256 0.2833355
vn -0.4972734 -0.0197829 0.04824679
vt 0.44267 1.839193
v -0.1696375 1.2923 0.2498045
vn -0.3720766 0.04140117 0.3314286
vt 0.447923 1.828687
v -0.1697685 1.307145 0.28396
vn -0.3895467 0.01788045 0.3129436
vt 0.44267 1.828687
v -0.1532445 1.28264 0.254354
vn -0.1364015 0.110974 0.4680592
vt 0.447923 1.818181
v -0.155568 1.297985 0.2852245
vn -0.147912 0.066898 0.472913
vt 0.44267 1.818181
v -0.133758 1.28316 0.25601
vn 0.141759 0.135166 0.4600375
vt 0.447923 1.807675
v -0.138688 1.297985 0.286727
vn 0.1421755 0.10479 0.4677662
vt 0.44267 1.807675
v -0.1173645 1.29369 0.254246
vn 0.3768396 0.1058355 0.3111121
vt 0.447923 1.797169
v -0.1244875 1.307145 0.2879915
vn 0.3771809 0.1200295 0.3054955
vt 0.44267 1.797169
v -0.1092695 1.31089 0.2496225
vn 0.4945098 0.03531484 0.06490698
vt 0.447923 1.786663
v -0.1174755 1.32256 0.2886155
vn 0.4846527 0.1132005 0.04793152
vt 0.44267 1.786663
v -0.1120425 1.3293 0.243607
vn 0.454866 -0.051287 -0.201163
vt 0.447923 1.776157
v -0.1198775 1.339335 0.2884015
vn 0.4390596 0.08973053 -0.2217546
vt 0.44267 1.776157
v -0.124804 1.34307 0.2381095
vn 0.2707649 -0.127193 -0.4006349
vt 0.447923 1.765651
v -0.130932 1.35214 0.2874175
vn 0.2598195 0.05597099 -0.4235104
vt 0.44267 1.765651
v -0.143501 1.347835 0.2348755
vn 0.002776382 -0.1711542 -0.4697856
vt 0.447923 1.755145
v -0.147128 1.356915 0.2859755
vn -0.002593816 0.01801505 -0.4996686
vt 0.44267 1.755145
v -0.1471835 1.280005 0.2134615
vn -0.09291803 -0.1610451 0.4641452
vt 0.453176 1.818181
v -0.133058 1.280355 0.214669
vn 0.1411326 -0.1407696 0.4585472
vt 0.453176 1.807675
v -0.1211745 1.288015 0.2135395
vn 0.3381547 -0.1599561 0.3317612
vt 0.453176 1.797169
v -0.1153065 1.300545 0.2104315
vn 0.4352001 -0.212488 0.124297
vt 0.453176 1.786663
v -0.117317 1.31397 0.206332
vn 0.4015267 -0.2815447 -0.09751355
vt 0.453176 1.776157
v -0.126567 1.32403 0.2025425
vn 0.2482834 -0.3451169 -0.2631534
vt 0.453176 1.765651
v -0.1401205 1.327525 0.200266
vn 0.02485166 -0.3830596 -0.320387
vt 0.453176 1.755145
v -0.138444 1.298985 0.192286
vn 0.05725882 -0.4840837 0.1112854
vt 0.458429 1.818181
v -0.138444 1.298985 0.192286
vn 0.05669234 -0.4815415 0.122081
vt 0.458429 1.807675
v -0.138444 1.298985 0.192286
vn 0.05440192 -0.4777099 0.1372361
vt 0.458429 1.797169
v -0.138444 1.298985 0.192286
vn 0.04976835 -0.4734558 0.1528489
vt 0.458429 1.786663
v -0.138444 1.298985 0.192286
vn 0.0433387 -0.4703526 0.1639825
vt 0.458429 1.776157
v -0.138444 1.298985 0.192286
vn 0.03746967 -0.4698568 0.1668253
vt 0.458429 1.765651
v -0.142117 1.33979 0.336153
vn 0.231244 0.192342 -0.399413
vt 0.439552 1.765651
v -0.1317985 1.328985 0.334813
vn 0.4262486 0.1521125 -0.2125416
vt 0.439694 1.776157
v -0.134098 1.31505 0.3624
vn 0.3238916 0.3571271 -0.1324935
vt 0.437417 1.776157
v -0.132173 1.301605 0.362571
vn 0.2731682 0.4137298 0.06485982
vt 0.437417 1.786663
v -0.128892 1.314635 0.332055
vn 0.4907939 0.07728849 0.05610549
vt 0.439883 1.786663
v -0.137792 1.28925 0.362071
vn 0.2821992 0.2985475 0.285014
vt 0.437417 1.797169
v -0.134486 1.301245 0.3287285
vn 0.3861714 -0.01118755 0.3174059
vt 0.44006 1.797169
v -0.149172 1.28191 0.3610575
vn 0.09530315 0.2664955 0.4121862
vt 0.437417 1.807675
v -0.162699 1.28191 0.3598535
vn -0.1216574 0.1317412 0.4667373
vt 0.437417 1.818181
v -0.142956 1.32531 0.361611
vn 0.1634289 0.3866443 -0.2716564
vt 0.437417 1.765651
v -0.1569675 1.305035 0.3648445
vn -0.04546624 0.497924 -0.002133294
vt 0.432164 1.776157
v -0.156557 1.34379 0.3356875
vn -0.01814446 0.1894887 -0.4623471
vt 0.439501 1.755145
v -0.1559355 1.32914 0.3604555
vn -0.03349331 0.3911755 -0.3096125
vt 0.437417 1.755145
v -0.1569675 1.305035 0.3648445
vn -0.04459801 0.4980053 -0.001308882
vt 0.432164 1.765651
v -0.1569675 1.305035 0.3648445
vn -0.0441753 0.4980447 -0.0001377493
vt 0.432164 1.828687
v -0.162699 1.28191 0.3598535
vn -0.1216574 0.1317412 0.4667373
vt 0.437417 1.818181
v -0.1569675 1.305035 0.3648445
vn -0.04448192 0.4980168 0.0007670342
vt 0.432164 1.818181
v -0.149172 1.28191 0.3610575
vn 0.09530315 0.2664955 0.4121862
vt 0.437417 1.807675
v -0.1569675 1.305035 0.3648445
vn -0.04531135 0.4979412 0.00120751
vt 0.432164 1.807675
v -0.137792 1.28925 0.362071
vn 0.2821992 0.2985475 0.285014
vt 0.437417 1.797169
v -0.1569675 1.305035 0.3648445
vn -0.04606404 0.4978715 0.001421788
vt 0.432164 1.797169
v -0.132173 1.301605 0.362571
vn 0.2640353 0.420118 0.06153256
vt 0.437417 1.786663
v -0.1569675 1.305035 0.3648445
vn -0.04606404 0.4978715 0.001421788
vt 0.432164 1.786663
v -0.132173 1.301605 0.362571
vn 0.2640353 0.420118 0.06153256
vt 0.437417 1.786663
v -0.1401205 1.327525 0.200266
vn 0.02485166 -0.3830596 -0.320387
vt 0.453176 1.870711
v -0.1536745 1.323355 0.2002255
vn -0.19914 -0.3835619 -0.2514429
vt 0.453176 1.860205
v -0.1629245 1.312835 0.202434
vn -0.3519692 -0.3464142 -0.07819804
vt 0.453176 1.849699
v -0.164935 1.299305 0.2061895
vn -0.385692 -0.283337 0.144782
vt 0.453176 1.839193
v -0.159067 1.28707 0.210301
vn -0.2892839 -0.2142324 0.3470149
vt 0.453176 1.828687
v -0.138444 1.298985 0.192286
vn 0.0352914 -0.4722323 0.1604718
vt 0.458429 1.870711
v -0.138444 1.298985 0.192286
vn 0.03836975 -0.4762907 0.1472244
vt 0.458429 1.860205
v -0.138444 1.298985 0.192286
vn 0.04499587 -0.4802977 0.1314898
vt 0.458429 1.849699
v -0.138444 1.298985 0.192286
vn 0.05082184 -0.4829704 0.1189823
vt 0.458429 1.839193
v -0.138444 1.298985 0.192286
vn 0.05082184 -0.4829704 0.1189823
vt 0.458429 1.828687
v -0.1584365 1.20508 0.102257
vn -0.480071 -0.129365 0.052882
vt 0.36774 1.480039
v -0.1753395 1.271185 0.1369885
vn -0.4941925 -0.05905299 -0.04781799
vt 0.370573 1.429754
v -0.1655055 1.275325 0.1232965
vn -0.3209281 -0.3371416 -0.1825945
vt 0.376896 1.429481
v -0.147818 1.209635 0.08727
vn -0.2938467 -0.3828057 -0.1308201
vt 0.373369 1.480039
v -0.1477405 1.339975 0.160131
vn -0.3125532 -0.2940442 -0.2566097
vt 0.376175 1.370398
v -0.1548295 1.33502 0.170612
vn -0.4685681 -0.03763576 -0.1703745
vt 0.369282 1.370607
v -0.1563135 1.27581 0.119507
vn 0.1006288 -0.4246976 -0.2439381
vt 0.380504 1.429337
v -0.1395595 1.34035 0.156136
vn 0.1003317 -0.4368288 -0.2216172
vt 0.379904 1.370287
v -0.13782 1.21002 0.082807
vn 0.08592799 -0.4199056 -0.2574795
vt 0.376216 1.480039
v -0.172877 1.267185 0.14401
vn -0.1387257 0.4239684 0.2258451
vt 0.367858 1.429882
v -0.156055 1.20022 0.109959
vn -0.2741322 0.3424086 0.2400164
vt 0.364958 1.480039
v -0.154116 1.331235 0.176536
vn -0.3587027 0.3424664 0.06363283
vt 0.366116 1.370705
v -0.154116 1.331235 0.176536
vn -0.3414162 0.3572254 0.0763218
vt 0.366116 1.370705
v -0.156055 1.20022 0.109959
vn -0.2741322 0.3424086 0.2400164
vt 0.364958 1.480039
v -0.140981 1.20128 0.108133
vn 0.2999572 0.3847897 0.1093736
vt 0.367607 1.480039
v -0.159881 1.26898 0.1421235
vn 0.26044 0.3811084 0.192165
vt 0.370373 1.429626
v -0.172877 1.267185 0.14401
vn -0.1260708 0.4263821 0.2287017
vt 0.367858 1.429882
v -0.1445825 1.330115 0.1724345
vn 0.2949355 0.324631 0.240058
vt 0.369532 1.370508
v -0.1495815 1.2745 0.1264425
vn 0.4957409 -0.05027999 -0.04138749
vt 0.37597 1.429337
v -0.1295585 1.20757 0.0907935
vn 0.4740541 -0.02696666 -0.15667
vt 0.372733 1.480039
v -0.1353955 1.33585 0.1593095
vn 0.4843384 -0.11304 0.05136399
vt 0.37537 1.370287
v -0.1563135 1.27581 0.119507
vn 0.1006288 -0.4246976 -0.2439381
vt 0.380504 1.429337
v -0.13782 1.21002 0.082807
vn 0.08592799 -0.4199056 -0.2574795
vt 0.376216 1.480039
v -0.1395595 1.34035 0.156136
vn 0.1003317 -0.4368288 -0.2216172
vt 0.379904 1.370287
v -0.172877 1.267185 0.14401
vn -0.1260708 0.4263821 0.2287017
vt 0.367858 1.429882
v -0.154116 1.331235 0.176536
vn -0.3414162 0.3572254 0.0763218
vt 0.366116 1.370705
v 0.1130225 1.457625 0.502305
vn 0.2437336 -0.4364093 -0.0118701
vt 0.551557 1.147903
v 0.11034 1.46809 0.500325
vn 0.3490044 -0.3572796 -0.02339362
vt 0.551946 1.147323
v 0.096933 1.49277 0.50288
vn 0.3639901 -0.267766 -0.2140387
vt 0.556677 1.147574
v 0.1130225 1.457625 0.502305
vn 0.2250191 -0.4464524 -0.006831224
vt 0.551557 1.147903
v 0.116123 1.477635 0.52891
vn 0.3949776 -0.2471782 -0.1813716
vt 0.551007 1.144341
v 0.117348 1.46889 0.523025
vn 0.2011918 -0.4127522 -0.1978825
vt 0.553003 1.148097
v 0.10933 1.423795 0.4982105
vn 0.3654105 -0.3162203 -0.1283739
vt 0.552863 1.168792
v 0.1130225 1.457625 0.502305
vn 0.2250191 -0.4464524 -0.006831224
vt 0.551557 1.147903
v 0.094762 1.474145 0.507545
vn 0.1444159 -0.4618461 0.1258661
vt 0.555918 1.144678
v 0.094762 1.474145 0.507545
vn 0.1584009 -0.4562343 0.1294583
vt 0.555918 1.144678
v 0.059945 1.44073 0.50806
vn 0.08106983 -0.4812436 0.1087761
vt 0.561667 1.168984
v 0.0614325 1.47521 0.522305
vn -0.2045258 -0.4069179 -0.2063663
vt 0.559314 1.14756
v 0.070285 1.470835 0.50043
vn -0.4326148 -0.2362944 -0.08372194
vt 0.559566 1.14447
v 0.0738685 1.5044 0.53327
vn 0.2285761 -0.3374823 -0.2895836
vt 0.56094 1.139601
v 0.067549 1.501045 0.527845
vn -0.01913295 -0.4389773 -0.2386062
vt 0.559819 1.141381
v 0.0614325 1.47521 0.522305
vn -0.1742506 -0.418903 -0.2101358
vt 0.559314 1.14756
v 0.067549 1.501045 0.527845
vn -0.001149474 -0.4439603 -0.2299955
vt 0.559819 1.141381
v 0.070285 1.470835 0.50043
vn -0.4327272 -0.2366465 -0.08213186
vt 0.559566 1.14447
v 0.076783 1.494515 0.496726
vn -0.2577271 -0.1815317 -0.3881018
vt 0.561145 1.147811
v 0.070285 1.470835 0.50043
vn -0.4329878 -0.2375156 -0.07815289
vt 0.559566 1.14447
v 0.0838175 1.4613 0.4869005
vn 0.03124976 -0.378708 0.3249672
vt 0.557742 1.144574
v 0.0614325 1.47521 0.522305
vn -0.1742506 -0.418903 -0.2101358
vt 0.559314 1.14756
v 0.067549 1.501045 0.527845
vn -0.001149474 -0.4439603 -0.2299955
vt 0.559819 1.141381
v 0.0738685 1.5044 0.53327
vn 0.2285761 -0.3374823 -0.2895836
vt 0.56094 1.139601
v 0.02905 1.4907 0.4502935
vn -0.1755152 -0.3897794 0.2593578
vt 0.568493 1.183626
v 0.060076 1.47812 0.4654445
vn 0.3716979 -0.07171196 0.3266467
vt 0.563 1.173652
v 0.0499154 1.4711 0.485812
vn 0.4104281 -0.2373228 0.158829
vt 0.565555 1.165535
v 0.00840915 1.465475 0.4878395
vn 0.2159353 -0.4222111 0.1584604
vt 0.571048 1.175509
v 0.070285 1.470835 0.50043
vn -0.4329878 -0.2375156 -0.07815289
vt 0.559566 1.14447
v 0.076783 1.494515 0.496726
vn -0.2540314 -0.1843938 -0.3891876
vt 0.561145 1.147811
v 0.0893055 1.48067 0.4638895
vn 0.06591431 -0.4201829 -0.2628719
vt 0.559185 1.153166
v 0.0838175 1.4613 0.4869005
vn 0.04255081 -0.3751152 0.3278384
vt 0.557742 1.144574
v 0.076783 1.494515 0.496726
vn -0.2540314 -0.1843938 -0.3891876
vt 0.561145 1.147811
v 0.0893055 1.48067 0.4638895
vn 0.0990386 -0.4217362 -0.2496597
vt 0.559185 1.153166
v 0.096933 1.49277 0.50288
vn 0.3639901 -0.267766 -0.2140387
vt 0.556677 1.147574
v 0.094762 1.474145 0.507545
vn 0.1734742 -0.4499074 0.1322499
vt 0.555918 1.144678
v 0.0838175 1.4613 0.4869005
vn 0.0706779 -0.365161 0.3341587
vt 0.557742 1.144574
v 0.0893055 1.48067 0.4638895
vn 0.0990386 -0.4217362 -0.2496597
vt 0.559185 1.153166
v 0.094762 1.474145 0.507545
vn 0.1734742 -0.4499074 0.1322499
vt 0.555918 1.144678
v 0.059945 1.44073 0.50806
vn 0.08106983 -0.4812436 0.1087761
vt 0.561667 1.168984
v 0.0838175 1.4613 0.4869005
vn 0.0706779 -0.365161 0.3341587
vt 0.557742 1.144574
v 0.03942795 1.501105 0.502875
vn 0.4533494 0.066447 -0.2001477
vt 0.567045 1.160525
v 0.0499154 1.4711 0.485812
vn 0.4104281 -0.2373228 0.158829
vt 0.565555 1.165535
v 0.060076 1.47812 0.4654445
vn 0.3716979 -0.07171196 0.3266467
vt 0.563 1.173652
v 0.0514255 1.49917 0.479618
vn 0.4133838 0.1231224 -0.2528928
vt 0.56449 1.168642
v 0.058199 1.504205 0.417404
vn 0.3687093 -0.3286434 -0.07776263
vt 0.559727 1.18006
v -0.01076405 1.474295 0.457923
vn 0.2007299 -0.4470705 -0.09917405
vt 0.576178 1.184825
v -0.01369885 1.49824 0.471903
vn -0.006818824 -0.3260414 -0.3790125
vt 0.579177 1.180035
v 0.00712255 1.49353 0.4601745
vn -0.1882829 -0.4465394 -0.1230941
vt 0.576621 1.188152
v 0.00600355 1.477225 0.456067
vn -0.04874199 -0.4850673 0.1110584
vt 0.573623 1.192942
v 0.1569105 1.366045 0.2756585
vn -0.06687146 0.4013554 -0.2905891
vt 0.535727 1.254212
v 0.1629615 1.381445 0.2731595
vn 0.1291509 0.3590954 -0.3230643
vt 0.53387 1.256792
v 0.1487175 1.38638 0.274717
vn 0.05765763 0.3937224 -0.3027512
vt 0.536645 1.252861
v 0.1426665 1.37098 0.277216
vn -0.09462926 0.4158031 0.2610614
vt 0.538502 1.250281
v 0.1391065 1.39663 0.2193525
vn -0.2660241 -0.01709489 -0.4230117
vt 0.541469 1.277921
v 0.1357825 1.38649 0.2218515
vn -0.3732192 0.07410264 -0.3243705
vt 0.543359 1.274328
v 0.127858 1.384235 0.2367845
vn -0.4569508 -0.1731527 0.105897
vt 0.545325 1.272016
v 0.131182 1.39437 0.2342855
vn -0.3796589 -0.0396454 -0.3229356
vt 0.543434 1.275609
v 0.0517235 1.43304 0.1961965
vn 0.3456473 0.3534355 0.07490852
vt 0.564077 1.279032
v 0.0577775 1.443165 0.1964075
vn 0.4169737 0.2748665 -0.0241112
vt 0.564264 1.283311
v 0.04885595 1.43289 0.207366
vn 0.4303488 0.1616825 0.1966181
vt 0.562992 1.277299
v 0.04280245 1.42638 0.207155
vn 0.1691064 -0.08903448 0.4620345
vt 0.562805 1.273019
v 0 1.46312 0.235128
vn 0.2105502 0.400297 -0.2131452
vt 0.576576 1.272327
v -0.006025 1.4515 0.237627
vn 0.1976162 0.4566672 -0.0490198
vt 0.575712 1.269758
v 0.004340615 1.44704 0.2405755
vn -0.01805273 0.494889 0.06898551
vt 0.574872 1.26503
v 0.02748645 1.43153 0.56863
vn 0.2884706 0.4081432 0.01427874
vt 0.461102 1.993828
v 0.0220185 1.465595 0.559165
vn 0.2252335 0.3209768 -0.3102318
vt 0.46688 1.993828
v 0.00575395 1.45909 0.570755
vn 0.06798349 0.4240999 -0.255964
vt 0.46688 1.982271
v -0.01861355 1.47612 0.553135
vn -0.1598105 0.2689411 -0.3900401
vt 0.472658 1.982271
v 0.0077029 1.486645 0.534385
vn 0.08417648 0.1214949 -0.477654
vt 0.472658 1.993828
v -0.0348781 1.44856 0.564725
vn -0.3120745 0.3608475 -0.1496615
vt 0.472658 1.970714
v -0.00429814 1.442055 0.577915
vn -0.03136671 0.4891257 -0.09885453
vt 0.46688 1.970714
v 0.02748645 1.43153 0.56863
vn 0.2862814 0.4098623 0.007472828
vt 0.461102 1.982271
v -0.0348781 1.4145 0.564725
vn -0.3120725 0.360847 0.149667
vt 0.472658 1.959158
v -0.00429814 1.421005 0.577915
vn -0.03136514 0.4891269 0.09884898
vt 0.46688 1.959158
v 0.02748645 1.43153 0.56863
vn 0.284545 0.4111349 -0.001499298
vt 0.461102 1.970714
v -0.01861355 1.386945 0.553135
vn -0.1598076 0.2689371 0.3900441
vt 0.472658 1.947601
v 0.00575395 1.403975 0.570755
vn 0.06798448 0.4240949 0.2559719
vt 0.46688 1.947602
v 0.02748645 1.43153 0.56863
vn 0.2843204 0.411178 -0.009727574
vt 0.461102 1.959158
v 0.0077029 1.376415 0.534385
vn 0.08356854 0.1218111 0.4776802
vt 0.472658 1.936045
v 0.0220185 1.39747 0.559165
vn 0.2241186 0.3216507 0.3103412
vt 0.46688 1.936045
v 0.02748645 1.43153 0.56863
vn 0.2858154 0.4100145 -0.01405841
vt 0.461102 1.947602
v 0.03401955 1.386945 0.515635
vn 0.321861 -0.02242455 0.381972
vt 0.472658 1.924488
v 0.0382829 1.403975 0.547575
vn 0.3739245 0.2230515 0.245822
vt 0.46688 1.924488
v 0.02748645 1.43153 0.56863
vn 0.288047 0.408495 -0.01267789
vt 0.461102 1.936045
v 0.050284 1.4145 0.504045
vn 0.4658812 -0.109658 0.1446715
vt 0.472658 1.912932
v 0.04833495 1.421005 0.540415
vn 0.4630998 0.1642089 0.09259596
vt 0.46688 1.912932
v 0.02748645 1.43153 0.56863
vn 0.2896512 0.40751 -0.006148524
vt 0.461102 1.924488
v 0.050284 1.44856 0.504045
vn 0.4658821 -0.10966 -0.144667
vt 0.472658 1.901375
v 0.04833495 1.442055 0.540415
vn 0.463099 0.164208 -0.0926015
vt 0.46688 1.901375
v 0.02748645 1.43153 0.56863
vn 0.2901522 0.4071902 0.002791078
vt 0.461102 1.912932
v 0.03401955 1.47612 0.515635
vn 0.3218646 -0.02242391 -0.3819691
vt 0.472658 1.889818
v 0.0382829 1.45909 0.547575
vn 0.3739267 0.2230521 -0.2458182
vt 0.46688 1.889818
v 0.02748645 1.43153 0.56863
vn 0.2901985 0.4070416 0.0100975
vt 0.461102 1.901375
v 0.0077029 1.486645 0.534385
vn 0.08417648 0.1214949 -0.477654
vt 0.472658 1.878262
v 0.0220185 1.465595 0.559165
vn 0.2252335 0.3209768 -0.3102318
vt 0.46688 1.878262
v 0.02748645 1.43153 0.56863
vn 0.2901985 0.4070416 0.0100975
vt 0.461102 1.889818
v 0.03258915 1.4145 0.473416
vn 0.3120729 -0.3608469 0.1496664
vt 0.478436 1.912932
v 0.0163246 1.386945 0.4850045
vn 0.1598075 -0.2689374 0.3900439
vt 0.478436 1.924488
v 0.03258915 1.44856 0.473416
vn 0.3120745 -0.3608475 -0.1496615
vt 0.478436 1.901375
v 0.0163246 1.47612 0.485005
vn 0.15981 -0.268941 -0.3900404
vt 0.478436 1.889818
v -0.00999185 1.486645 0.503755
vn -0.08417641 -0.1214948 -0.477654
vt 0.478436 1.878262
v 0.0020092 1.421005 0.4602245
vn 0.0313666 -0.4891275 0.0988455
vt 0.484215 1.912931
v -0.0080429 1.403975 0.4673865
vn -0.067985 -0.424096 0.25597
vt 0.484215 1.924488
v -0.00999185 1.376415 0.503755
vn -0.08356898 -0.12181 0.4776804
vt 0.478437 1.936045
v -0.0363085 1.386945 0.522505
vn -0.3218605 0.02242475 0.3819725
vt 0.478437 1.947601
v -0.052573 1.4145 0.534095
vn -0.465881 0.1096575 0.1446725
vt 0.478437 1.959158
v -0.052573 1.44856 0.534095
vn -0.4658823 0.1096594 -0.1446669
vt 0.478437 1.970714
v -0.0363085 1.47612 0.522505
vn -0.3218646 0.02242341 -0.3819691
vt 0.478437 1.982271
v -0.00999185 1.486645 0.503755
vn -0.08417641 -0.1214948 -0.477654
vt 0.478437 1.993828
v -0.0405718 1.45909 0.4905635
vn -0.3739256 -0.2230536 -0.2458186
vt 0.484215 1.982271
v -0.02430745 1.465595 0.478975
vn -0.225233 -0.3209767 -0.3102323
vt 0.484215 1.993828
v -0.050624 1.442055 0.4977255
vn -0.4630986 -0.164209 -0.09260201
vt 0.484215 1.970714
v -0.050624 1.421005 0.4977255
vn -0.4630992 -0.1642106 0.09259604
vt 0.484215 1.959158
v -0.0405718 1.403975 0.4905635
vn -0.3739243 -0.2230514 0.2458224
vt 0.484215 1.947601
v -0.02430745 1.39747 0.478975
vn -0.2241205 -0.321649 0.3103416
vt 0.484215 1.936045
v -0.0297754 1.43153 0.46951
vn -0.2874905 -0.408832 0.0143402
vt 0.489993 1.993828
v -0.0297754 1.43153 0.46951
vn -0.289844 -0.40735 0.007514445
vt 0.489993 1.982271
v -0.0297754 1.43153 0.46951
vn -0.2916191 -0.4061479 -0.00147081
vt 0.489993 1.970714
v -0.0297754 1.43153 0.46951
vn -0.2917224 -0.4059604 -0.009707147
vt 0.489993 1.959158
v -0.0297754 1.43153 0.46951
vn -0.2901081 -0.4069891 -0.01404069
vt 0.489993 1.947601
v -0.0297754 1.43153 0.46951
vn -0.287916 -0.4085881 -0.01265475
vt 0.489993 1.936045
v -0.0297754 1.43153 0.46951
vn -0.2864514 -0.4097661 -0.006112025
vt 0.489993 1.924488
v 0.0020092 1.442055 0.4602245
vn 0.03136691 -0.4891256 -0.09885453
vt 0.484215 1.901375
v -0.0080429 1.45909 0.4673865
vn -0.06798452 -0.4240996 -0.2559641
vt 0.484215 1.889818
v -0.02430745 1.465595 0.478975
vn -0.225233 -0.3209767 -0.3102323
vt 0.484215 1.878262
v -0.0297754 1.43153 0.46951
vn -0.2859958 -0.4101198 0.002844573
vt 0.489993 1.912931
v -0.0297754 1.43153 0.46951
vn -0.2858535 -0.410103 0.01016464
vt 0.489993 1.901375
v -0.0297754 1.43153 0.46951
vn -0.2858535 -0.410103 0.01016464
vt 0.489993 1.889818
v 0.01004375 1.46881 0.52983
vn -0.4495383 0.05051288 -0.2129878
vt 0.461102 1.870734
v 0.0329615 1.477305 0.545595
vn -0.09698479 0.3385224 -0.35496
vt 0.46688 1.870734
v 0.03490245 1.48609 0.531305
vn -0.05619 0.117389 -0.4827655
vt 0.46688 1.859178
v 0.073797 1.474825 0.52913
vn 0.2229596 0.09968355 -0.4362937
vt 0.472658 1.859178
v 0.0706565 1.461675 0.552245
vn 0.1609342 0.3587476 -0.3088695
vt 0.472658 1.870734
v 0.0688455 1.473975 0.504145
vn 0.1441635 -0.2374405 -0.415739
vt 0.472658 1.847621
v 0.0318422 1.484875 0.515865
vn -0.115549 -0.161422 -0.4589024
vt 0.46688 1.847621
v 0.01004375 1.46881 0.52983
vn -0.4445584 0.05576128 -0.2219426
vt 0.461102 1.859178
v 0.0576935 1.454395 0.4868365
vn -0.02972494 -0.4480083 -0.2200114
vt 0.472658 1.836065
v 0.0249496 1.473905 0.50517
vn -0.2290019 -0.3293554 -0.2984679
vt 0.46688 1.836065
v 0.01004375 1.46881 0.52983
vn -0.4381613 0.06438275 -0.2320981
vt 0.461102 1.847621
v 0.04460015 1.42916 0.4838155
vn -0.1905815 -0.4620534 0.01361295
vt 0.472658 1.824508
v 0.01685765 1.457325 0.5033
vn -0.3517536 -0.3388891 -0.106881
vt 0.46688 1.824508
v 0.01004375 1.46881 0.52983
vn -0.4325759 0.07429303 -0.2394967
vt 0.461101 1.836065
v 0.0345672 1.407855 0.496235
vn -0.3098581 -0.3105111 0.2399391
vt 0.472658 1.812952
v 0.01065685 1.442875 0.510975
vn -0.4452153 -0.2213439 0.05282248
vt 0.46688 1.812952
v 0.01004375 1.46881 0.52983
vn -0.4301949 0.08180911 -0.2413289
vt 0.461101 1.824508
v 0.03142665 1.398015 0.51935
vn -0.3453376 -0.03381876 0.3599976
vt 0.472658 1.801395
v 0.00871605 1.43494 0.525265
vn -0.4774803 -0.0104498 0.1479979
vt 0.46688 1.801395
v 0.01004375 1.46881 0.52983
vn -0.4320749 0.08323514 -0.2374515
vt 0.461101 1.812952
v 0.0363783 1.401955 0.544335
vn -0.283839 0.2547795 0.3233
vt 0.472658 1.789838
v 0.0117763 1.437025 0.540705
vn -0.4318239 0.2206044 0.121909
vt 0.46688 1.789838
v 0.01004375 1.46881 0.52983
vn -0.4371968 0.07737064 -0.2299408
vt 0.461101 1.801395
v 0.04753075 1.41753 0.561645
vn -0.147354 0.4526365 0.1529935
vt 0.472658 1.778282
v 0.01866875 1.44647 0.5514
vn -0.3230306 0.3816426 -0.0003477896
vt 0.46688 1.778282
v 0.01004375 1.46881 0.52983
vn -0.4432348 0.06700742 -0.221479
vt 0.461101 1.789838
v 0.060624 1.439765 0.564665
vn 0.01887901 0.4917247 -0.08860254
vt 0.472658 1.766725
v 0.0267609 1.461985 0.55327
vn -0.1970839 0.4223784 -0.1809819
vt 0.46688 1.766725
v 0.01004375 1.46881 0.52983
vn -0.4477668 0.05807709 -0.2147835
vt 0.461101 1.778282
v 0.0706565 1.461675 0.552245
vn 0.1609342 0.3587476 -0.3088695
vt 0.472658 1.755168
v 0.0329615 1.477305 0.545595
vn -0.09698479 0.3385224 -0.35496
vt 0.46688 1.755168
v 0.01004375 1.46881 0.52983
vn -0.4477668 0.05807709 -0.2147835
vt 0.461101 1.766725
v 0.0744525 1.380115 0.538845
vn -0.08898801 0.227159 0.4364401
vt 0.478436 1.789838
v 0.069501 1.377245 0.51361
vn -0.1627954 -0.05892848 0.4690683
vt 0.478436 1.801395
v 0.085605 1.39538 0.556155
vn 0.05054249 0.4244229 0.259443
vt 0.478436 1.778281
v 0.0986985 1.417205 0.55892
vn 0.2066861 0.4552467 0.005590603
vt 0.478436 1.766725
v 0.108731 1.43726 0.54594
vn 0.3216138 0.3074801 -0.2280802
vt 0.478436 1.755168
v 0.111456 1.37459 0.521755
vn 0.14026 0.1387735 0.4594225
vt 0.484215 1.789838
v 0.108396 1.372815 0.50581
vn 0.06219452 -0.07686453 0.4901262
vt 0.484215 1.801395
v 0.0726415 1.387295 0.489917
vn -0.154213 -0.32853 0.3439279
vt 0.478436 1.812951
v 0.0826745 1.406175 0.4766135
vn -0.05817151 -0.4858091 0.1029835
vt 0.478436 1.824508
v 0.0957675 1.429175 0.478979
vn 0.1055075 -0.4614529 -0.161026
vt 0.478436 1.836065
v 0.10692 1.445685 0.4964155
vn 0.278054 -0.2459515 -0.3349535
vt 0.478436 1.847621
v 0.1118715 1.447875 0.52201
vn 0.3528931 0.05360301 -0.3501331
vt 0.478436 1.859178
v 0.108731 1.43726 0.54594
vn 0.3216138 0.3074801 -0.2280802
vt 0.478436 1.870734
v 0.1345825 1.41647 0.509995
vn 0.4401838 0.02499694 -0.2358249
vt 0.484215 1.859178
v 0.1326415 1.409905 0.52526
vn 0.4410858 0.2161506 -0.09339266
vt 0.484215 1.870734
v 0.131522 1.41469 0.493899
vn 0.348416 -0.241889 -0.2647565
vt 0.484215 1.847621
v 0.1246295 1.40526 0.483202
vn 0.1941704 -0.4511108 -0.09379195
vt 0.484215 1.836065
v 0.1165375 1.391625 0.4819925
vn 0.07906399 -0.4579524 0.184468
vt 0.484215 1.824508
v 0.1103365 1.379375 0.490642
vn 0.03758391 -0.2986556 0.3992396
vt 0.484215 1.812951
v 0.1443695 1.392815 0.491385
vn 0.4254901 -0.1651573 0.2041598
vt 0.489993 1.870734
v 0.1443695 1.392815 0.491385
vn 0.4353815 -0.1577116 0.1886002
vt 0.489993 1.859178
v 0.1443695 1.392815 0.491385
vn 0.4471191 -0.1446966 0.1707262
vt 0.489993 1.847621
v 0.1443695 1.392815 0.491385
vn 0.4565569 -0.1292227 0.1576618
vt 0.489993 1.836065
v 0.1443695 1.392815 0.491385
vn 0.4606954 -0.1173813 0.1548593
vt 0.489993 1.824508
v 0.1443695 1.392815 0.491385
vn 0.458552 -0.1152224 0.1626465
vt 0.489993 1.812951
v 0.1443695 1.392815 0.491385
vn 0.4509003 -0.1244447 0.1766422
vt 0.489993 1.801395
v 0.1183485 1.384025 0.532455
vn 0.2538331 0.2867301 0.3214881
vt 0.484215 1.778281
v 0.126441 1.397515 0.533815
vn 0.3672796 0.3168431 0.12131
vt 0.484215 1.766725
v 0.1326415 1.409905 0.52526
vn 0.4410858 0.2161506 -0.09339266
vt 0.484215 1.755168
v 0.1443695 1.392815 0.491385
vn 0.440107 -0.1403286 0.1913471
vt 0.489993 1.789838
v 0.1443695 1.392815 0.491385
vn 0.4306388 -0.1537152 0.2022915
vt 0.489993 1.778281
v 0.1443695 1.392815 0.491385
vn 0.4306388 -0.1537152 0.2022915
vt 0.489993 1.766725
v 0.04515945 1.352885 0.432064
vn 0.01648957 0.4978065 -0.04378183
vt 0.423362 1.975432
v 0.06823 1.336855 0.426953
vn 0.2920178 0.3598199 0.1877638
vt 0.431661 1.975432
v 0.07255 1.35201 0.4256075
vn 0.3371446 0.3692021 -0.004833081
vt 0.431661 1.968428
v 0.087908 1.36788 0.395643
vn 0.469666 0.162636 -0.0544365
vt 0.43504 1.968428
v 0.083033 1.35149 0.398111
vn 0.4156916 0.1196764 0.2507549
vt 0.434954 1.975432
v 0.083182 1.383925 0.3919955
vn 0.375838 0.1392015 -0.298946
vt 0.435266 1.961424
v 0.0679685 1.367115 0.4246895
vn 0.258916 0.387056 -0.182072
vt 0.431661 1.961424
v 0.04515945 1.352885 0.432064
vn 0.01979883 0.4977727 -0.04278267
vt 0.423362 1.968428
v 0.0701715 1.394615 0.388289
vn 0.1772865 0.09018052 -0.4587341
vt 0.435566 1.95442
v 0.0559415 1.377385 0.4244895
vn 0.1277485 0.3753524 -0.304616
vt 0.431661 1.95442
v 0.04515945 1.352885 0.432064
vn 0.02435384 0.4977273 -0.04091915
vt 0.423362 1.961424
v 0.0532345 1.396415 0.385706
vn -0.07749 0.0381229 -0.4924855
vt 0.435844 1.947416
v 0.0402872 1.37955 0.425072
vn -0.05953151 0.3439396 -0.3579966
vt 0.431661 1.947416
v 0.04515945 1.352885 0.432064
vn 0.02890314 0.4976912 -0.03831561
vt 0.423361 1.95442
v 0.03754025 1.388565 0.38511
vn -0.3151864 -0.007391248 -0.3880759
vt 0.43601 1.940412
v 0.02597545 1.372925 0.426252
vn -0.2675801 0.3013051 -0.2960002
vt 0.431661 1.940412
v 0.04515945 1.352885 0.432064
vn 0.03192715 0.4977134 -0.03552441
vt 0.423361 1.947416
v 0.02765635 1.373535 0.386721
vn -0.4697892 -0.04260352 -0.1657801
vt 0.436008 1.933408
v 0.01755045 1.359615 0.4276545
vn -0.3076319 0.3797984 -0.1054317
vt 0.431661 1.933408
v 0.02742775 1.356275 0.390008
vn -0.4780737 -0.05890202 0.134075
vt 0.435838 1.926404
v 0.01768675 1.343845 0.428834
vn -0.4183109 0.2377754 0.135937
vt 0.431661 1.926404
v 0.03711845 1.34243 0.393881
vn -0.3068001 -0.04773447 0.3919121
vt 0.435558 1.9194
v 0.02634135 1.330625 0.429417
vn -0.2791915 0.2474279 0.3329138
vt 0.431661 1.9194
v 0.053047 1.336355 0.397093
vn -0.03191959 -0.0134452 0.4987989
vt 0.435259 1.912396
v 0.04076645 1.324145 0.429217
vn -0.06545337 0.2483612 0.4289902
vt 0.431661 1.912396
v 0.070105 1.339775 0.3986535
vn 0.2456374 0.04694314 0.4329649
vt 0.435035 1.905392
v 0.056382 1.32647 0.4282985
vn 0.1609418 0.2741627 0.3859178
vt 0.431661 1.905392
v 0.0752915 1.32108 0.3419025
vn 0.2188689 0.05597197 0.4460533
vt 0.439961 1.905392
v 0.090077 1.33404 0.3402235
vn 0.423576 0.01801634 0.2650638
vt 0.439961 1.898388
v 0.083033 1.35149 0.398111
vn 0.4156916 0.1196764 0.2507549
vt 0.434954 1.898388
v 0.055805 1.31818 0.3430485
vn -0.04745844 0.08973248 0.4895874
vt 0.439961 1.912396
v 0.0378047 1.32626 0.3432975
vn -0.299722 0.113202 0.3838646
vt 0.439961 1.9194
v 0.02700475 1.342765 0.3425705
vn -0.4607404 0.1202435 0.1525115
vt 0.439961 1.926404
v 0.0270742 1.36244 0.3410985
vn -0.4694494 0.103201 -0.13772
vt 0.439961 1.933408
v 0.078882 1.33613 0.2807185
vn 0.3954567 -0.1711529 0.2536152
vt 0.44826 1.898388
v 0.0625495 1.3207 0.2844845
vn 0.1936955 -0.127191 0.4430626
vt 0.44826 1.905392
v 0.056796 1.34545 0.2404165
vn 0.2574147 -0.3830574 0.1923662
vt 0.45656 1.898388
v 0.04491245 1.334295 0.2430675
vn 0.08954599 -0.3451159 0.3505374
vt 0.45656 1.905392
v 0.0276694 1.361575 0.2311235
vn -0.1684426 -0.4682182 -0.0489773
vt 0.46486 1.905392
v 0.04105085 1.31672 0.290886
vn -0.0733185 -0.051286 0.491929
vt 0.44826 1.912396
v 0.0292535 1.331455 0.2474805
vn -0.1323676 -0.2815456 0.3914216
vt 0.45656 1.912396
v 0.0276694 1.361575 0.2311235
vn -0.1611213 -0.4715229 -0.04130437
vt 0.46486 1.912396
v 0.0212115 1.325455 0.2978905
vn -0.3193375 0.03531635 0.383114
vt 0.44826 1.9194
v 0.014791 1.33784 0.252254
vn -0.337796 -0.21249 0.301234
vt 0.45656 1.9194
v 0.0276694 1.361575 0.2311235
vn -0.1496333 -0.4760477 -0.03144013
vt 0.46486 1.9194
v 0.00933035 1.344135 0.303275
vn -0.466369 0.1059815 0.145835
vt 0.44826 1.926404
v 0.00611655 1.35142 0.255873
vn -0.4619088 -0.1584935 0.1073315
vt 0.45656 1.926404
v 0.0276694 1.361575 0.2311235
vn -0.1359933 -0.4806152 -0.02268999
vt 0.46486 1.926404
v 0.00986095 1.36682 0.305329
vn -0.4609256 0.134338 -0.1396455
vt 0.44826 1.933408
v 0.00598425 1.36788 0.2571885
vn -0.4638134 -0.136012 -0.127976
vt 0.45656 1.933408
v 0.0276694 1.361575 0.2311235
vn -0.1239218 -0.4840463 -0.01850898
vt 0.46486 1.933408
v 0.0224102 1.38632 0.303401
vn -0.3173766 0.11117 -0.3700181
vt 0.44826 1.940412
v 0.01447035 1.382 0.2557825
vn -0.3441011 -0.1557505 -0.3276221
vt 0.45656 1.940412
v 0.0276694 1.361575 0.2311235
vn -0.1178194 -0.4854938 -0.02035629
vt 0.46486 1.940412
v 0.0416389 1.39643 0.2981025
vn -0.07996703 0.04206362 -0.4917682
vt 0.44826 1.947416
v 0.02879115 1.38929 0.2521015
vn -0.139496 -0.2126976 -0.4304656
vt 0.45656 1.947416
v 0.0276694 1.361575 0.2311235
vn -0.1206056 -0.4844935 -0.02683868
vt 0.46486 1.947416
v 0.0621575 1.39395 0.2911165
vn 0.1870595 -0.04879721 -0.4611156
vt 0.44826 1.95442
v 0.0444849 1.38744 0.2473145
vn 0.08393997 -0.2833819 -0.4032974
vt 0.45656 1.95442
v 0.0276694 1.361575 0.2311235
vn -0.1317199 -0.4810678 -0.03498048
vt 0.46486 1.95442
v 0.0785925 1.379665 0.2846605
vn 0.3914457 -0.1264939 -0.2841998
vt 0.448261 1.961424
v 0.05654201 1.37704 0.242941
vn 0.2543355 -0.346415 -0.2555585
vt 0.45656 1.961424
v 0.0276694 1.361575 0.2311235
vn -0.1468088 -0.476077 -0.04240142
vt 0.46486 1.961424
v 0.0848625 1.35811 0.280784
vn 0.4694352 -0.1711946 -0.01797256
vt 0.448261 1.968428
v 0.0611315 1.361385 0.2403695
vn 0.3189679 -0.3835609 -0.03377184
vt 0.45656 1.968428
v 0.0276694 1.361575 0.2311235
vn -0.1590195 -0.471627 -0.04775724
vt 0.46486 1.968428
v 0.078882 1.33613 0.2807185
vn 0.3954567 -0.1711529 0.2536152
vt 0.448261 1.975432
v 0.056796 1.34545 0.2404165
vn 0.2574147 -0.3830574 0.1923662
vt 0.45656 1.975432
v 0.0276694 1.361575 0.2311235
vn -0.1590195 -0.471627 -0.04775724
vt 0.46486 1.975432
v 0.074742 1.384615 0.337149
vn 0.225699 -0.01939555 -0.4457396
vt 0.439961 1.95442
v 0.0555065 1.387315 0.337876
vn -0.05815748 0.0179311 -0.4962824
vt 0.439961 1.947416
v 0.03798835 1.37905 0.339348
vn -0.3193763 0.06377997 -0.3793823
vt 0.439961 1.940412
v 0.08975 1.3718 0.337398
vn 0.4295274 -0.02978404 -0.2542029
vt 0.439961 1.961424
v 0.0954665 1.35295 0.338544
vn 0.4997014 -0.01346445 0.01082915
vt 0.439961 1.968428
v 0.090077 1.33404 0.3402235
vn 0.423576 0.01801634 0.2650638
vt 0.439961 1.975432
v 0.04515945 1.352885 0.432064
vn 0.03237016 0.497822 -0.03354659
vt 0.423361 1.940412
v 0.01755045 1.359615 0.4276545
vn -0.2983511 0.3878276 -0.1028415
vt 0.431661 1.933408
v 0.04515945 1.352885 0.432064
vn 0.03017109 0.4979709 -0.03338705
vt 0.423361 1.933408
v 0.01755045 1.359615 0.4276545
vn -0.2983511 0.3878276 -0.1028415
vt 0.431661 1.933408
v 0.04515945 1.352885 0.432064
vn 0.0262102 0.4980608 -0.03533379
vt 0.423361 1.926404
v 0.02634135 1.330625 0.429417
vn -0.2791915 0.2474279 0.3329138
vt 0.431661 1.9194
v 0.04515945 1.352885 0.432064
vn 0.02178795 0.4980366 -0.03853372
vt 0.423361 1.9194
v 0.04076645 1.324145 0.429217
vn -0.06545337 0.2483612 0.4289902
vt 0.431661 1.912396
v 0.04515945 1.352885 0.432064
vn 0.01835459 0.4979578 -0.04124443
vt 0.423361 1.912396
v 0.056382 1.32647 0.4282985
vn 0.1609418 0.2741627 0.3859178
vt 0.431661 1.905392
v 0.04515945 1.352885 0.432064
vn 0.01835459 0.4979578 -0.04124443
vt 0.423361 1.905392
v 0.06823 1.336855 0.426953
vn 0.2992131 0.346497 0.2010257
vt 0.431661 1.898388
v 0.0665275 1.718115 1.17004
vn 0.356429 0.2449421 0.2509218
vt 0.08657 1.708153
v 0.03559625 1.695995 1.177995
vn 0.1478851 0.2867903 0.3819441
vt 0.0763572 1.720965
v -0.001353235 1.696965 1.173325
vn -0.004908551 0.333523 0.3724759
vt 0.06915 1.72227
v 0.1835295 1.45418 0.80804
vn 0.481007 0.0246984 -0.1342471
vt 0.135992 1.935334
v -0.2056065 0.63472 0.92488
vn 0.2134805 0.2619974 -0.368488
vt 0.489401 1.464826
v -0.2250045 0.63345 0.91972
vn -0.3419848 0.1361406 -0.3383964
vt 0.476007 1.464826
v -0.216372 0.634015 0.92781
vn -0.1041422 0.3377926 -0.3536249
vt 0.476169 1.464826
v -0.2250045 0.63345 0.90671
vn -0.3459348 -0.1488558 -0.3288937
vt 0.483602 1.464826
v -0.216372 0.634015 0.89857
vn -0.1061687 -0.3591594 -0.3312593
vt 0.493234 1.464826
v -0.2056065 0.63472 0.90143
vn 0.2367122 -0.3540568 -0.2619373
vt 0.497651 1.464826
v -0.200816 0.635035 0.91314
vn 0.3398762 -0.007184752 -0.3666504
vt 0.493526 1.464826
v -0.204435 0.568665 0.929355
vn 0.2827546 0.4118931 -0.01984706
vt 0.489401 1.499128
v -0.200028 0.56895 0.918555
vn 0.4999919 0.002597619 -0.001173105
vt 0.493526 1.499128
v -0.200816 0.635035 0.91314
vn 0.3398762 -0.007184752 -0.3666504
vt 0.493526 1.464826
v -0.2056065 0.63472 0.92488
vn 0.2134805 0.2619974 -0.368488
vt 0.489401 1.464826
v -0.2143375 0.56802 0.929635
vn -0.1734645 0.468809 -0.01132355
vt 0.485277 1.499128
v -0.216372 0.634015 0.92781
vn -0.1041422 0.3377926 -0.3536249
vt 0.485277 1.464826
v -0.222279 0.5675 0.92219
vn -0.4585375 0.199167 0.00871005
vt 0.481152 1.499128
v -0.2250045 0.63345 0.91972
vn -0.3419848 0.1361406 -0.3383964
vt 0.481152 1.464826
v -0.222279 0.5675 0.91263
vn -0.4575643 -0.1987109 0.03389553
vt 0.477027 1.499128
v -0.2250045 0.63345 0.90671
vn -0.3459348 -0.1488558 -0.3288937
vt 0.477027 1.464826
v -0.2143375 0.56802 0.905145
vn -0.119422 -0.4829365 0.050107
vt 0.472902 1.499128
v -0.216372 0.634015 0.89857
vn -0.1061687 -0.3591594 -0.3312593
vt 0.472902 1.464826
v -0.204435 0.568665 0.907785
vn 0.3303994 -0.3740768 0.03004685
vt 0.468777 1.499128
v -0.2056065 0.63472 0.90143
vn 0.2516721 -0.3509229 -0.2520205
vt 0.468777 1.464826
v -0.2056065 0.63472 0.90143
vn 0.251672 -0.3509229 -0.2520205
vt 0.497651 1.464826
v -0.204435 0.568665 0.907785
vn 0.3303994 -0.3740768 0.03004685
vt 0.497651 1.499128
v -0.204605 0.4965065 0.930985
vn 0.2508449 0.4325038 -0.004158313
vt 0.489401 1.53343
v -0.200275 0.4967865 0.92247
vn 0.4999707 0.005408553 7.483854E-05
vt 0.493526 1.53343
v -0.212398 0.4958775 0.930685
vn -0.1666175 0.4713854 0.005869199
vt 0.485277 1.53343
v -0.2202005 0.4953725 0.924795
vn -0.4461476 0.2252841 0.0141215
vt 0.481152 1.53343
v -0.2202005 0.4953725 0.91776
vn -0.4491661 -0.218693 0.02057105
vt 0.477027 1.53343
v -0.212398 0.4958775 0.911865
vn -0.09640398 -0.4900699 0.02319099
vt 0.472902 1.53343
v -0.204605 0.4965065 0.91396
vn 0.3155718 -0.3875337 0.0152344
vt 0.468777 1.53343
v -0.204605 0.4965065 0.91396
vn 0.3155718 -0.3875337 0.0152344
vt 0.497651 1.53343
v -0.204145 0.444399 0.930785
vn 0.2168115 0.4505084 -0.005911499
vt 0.489401 1.567733
v -0.199815 0.4446765 0.92227
vn 0.4997905 0.00068074 -0.01445845
vt 0.493526 1.567733
v -0.210765 0.443775 0.929485
vn -0.2027385 0.4569786 0.008226951
vt 0.485277 1.567733
v -0.2185675 0.443275 0.92359
vn -0.4472501 0.2230701 0.0143897
vt 0.481152 1.567733
v -0.2185675 0.443275 0.91753
vn -0.4490263 -0.2199264 0.002775029
vt 0.477027 1.567733
v -0.210765 0.443775 0.911645
vn -0.0845205 -0.4925805 -0.0148572
vt 0.472902 1.567733
v -0.204145 0.444399 0.913755
vn 0.323249 -0.3810069 -0.01854322
vt 0.468777 1.567733
v -0.204145 0.444399 0.913755
vn 0.323249 -0.3810069 -0.01854322
vt 0.497651 1.567733
v -0.20135 0.3846695 0.930455
vn 0.260999 0.4258244 -0.02351835
vt 0.489401 1.602035
v -0.1973035 0.384925 0.92055
vn 0.4993511 -0.003394691 -0.02523751
vt 0.493526 1.602035
v -0.2104435 0.3840955 0.929515
vn -0.2115019 0.4527588 -0.01662389
vt 0.485277 1.602035
v -0.217736 0.3836355 0.922665
vn -0.4603027 0.1951991 -0.004336332
vt 0.481152 1.602035
v -0.217736 0.3836355 0.915065
vn -0.457998 -0.20059 -0.00122125
vt 0.477027 1.602035
v -0.2104435 0.3840955 0.908205
vn -0.1216995 -0.484722 -0.01529035
vt 0.472902 1.602035
v -0.20135 0.3846695 0.910645
vn 0.3296852 -0.3749615 -0.02667602
vt 0.468777 1.602035
v -0.20135 0.3846695 0.910645
vn 0.3296852 -0.3749615 -0.02667602
vt 0.497651 1.602035
v -0.198311 0.3120705 0.932955
vn 0.2544197 0.2686835 0.3362734
vt 0.489401 1.636337
v -0.1935205 0.3123645 0.9212
vn 0.3730139 0.0004600165 0.332957
vt 0.493526 1.636337
v -0.209076 0.31141 0.935915
vn -0.07343213 0.3536943 0.3456993
vt 0.485277 1.636337
v -0.217709 0.310881 0.92786
vn -0.3147679 0.1502347 0.3582607
vt 0.481152 1.636337
v -0.217709 0.310881 0.914845
vn -0.3129399 -0.1421426 0.363131
vt 0.477027 1.636337
v -0.209076 0.3114105 0.906675
vn -0.07115956 -0.3468472 0.3530345
vt 0.472902 1.636337
v -0.198311 0.3120705 0.909505
vn 0.3042289 -0.3316224 0.2178792
vt 0.468777 1.636337
v -0.198311 0.3120705 0.909505
vn 0.2975759 -0.3225145 0.2396518
vt 0.497651 1.636337
v -0.198311 0.3120705 0.932955
vn 0.2544197 0.2686835 0.3362734
vt 0.483966 1.636337
v -0.198311 0.3120705 0.909505
vn 0.2975759 -0.3225145 0.2396518
vt 0.497651 1.636337
v -0.1935205 0.3123645 0.9212
vn 0.3730139 0.0004600165 0.332957
vt 0.493526 1.636337
v -0.209076 0.3114105 0.906675
vn -0.07115956 -0.3468472 0.3530345
vt 0.493234 1.636337
v -0.217709 0.310881 0.914845
vn -0.3129399 -0.1421426 0.363131
vt 0.483602 1.636337
v -0.217709 0.310881 0.92786
vn -0.3147679 0.1502347 0.3582607
vt 0.476007 1.636337
v -0.209076 0.31141 0.935915
vn -0.07343213 0.3536943 0.3456993
vt 0.476169 1.636337
v -0.1927315 1.292155 0.3222685
vn 0.3108571 0.2075486 0.3321016
vt 0.395601 1.39039
v -0.185956 1.304935 0.3340335
vn 0.3094954 0.1865074 0.3455829
vt 0.395218 1.407128
v -0.196311 1.30944 0.343863
vn -0.03429692 0.3963684 0.3028462
vt 0.391393 1.406985
v -0.186597 1.297535 0.312957
vn 0.4716256 -0.1531465 0.06415152
vt 0.4018 1.391524
v -0.182706 1.31073 0.3214425
vn 0.4481216 -0.217004 0.04578541
vt 0.401561 1.40729
v -0.192634 1.3008 0.308584
vn 0.07012599 -0.4283079 -0.2482633
vt 0.406401 1.387138
v -0.18763 1.319835 0.3201665
vn 0.06072183 -0.4215803 -0.2618834
vt 0.406095 1.40729
v -0.190338 1.284855 0.3048
vn 0.4790585 -0.01417687 0.1424849
vt 0.40203 1.376368
v -0.195963 1.28814 0.300879
vn 0.07786603 -0.4304815 -0.242121
vt 0.406604 1.373732
v -0.190338 1.284855 0.3048
vn 0.4766571 -0.001402391 0.1509835
vt 0.40203 1.376368
v -0.156197 1.367655 0.359986
vn 0.08055434 -0.4041571 -0.2831396
vt 0.404878 1.4744
v -0.1495165 1.357755 0.362317
vn 0.42456 -0.2490175 0.08797249
vt 0.400344 1.4744
v -0.198816 1.256115 0.286313
vn 0.474265 -0.146304 -0.060563
vt 0.402552 1.342018
v -0.203838 1.258185 0.2826515
vn 0.06840719 -0.4404204 -0.2266061
vt 0.407086 1.342018
v -0.1970135 1.221125 0.2662835
vn 0.04086492 -0.4528276 -0.2080318
vt 0.40741 1.313644
v -0.1909185 1.219405 0.270893
vn 0.4786684 -0.06596649 -0.1285495
vt 0.402895 1.312046
v -0.2013635 1.252615 0.292439
vn 0.362734 0.316899 0.1341605
vt 0.396714 1.341797
v -0.1986875 1.21285 0.2856565
vn 0.3220675 0.376954 0.06463901
vt 0.397197 1.311608
v -0.210428 1.250915 0.2961095
vn -0.2364728 0.4084253 0.1651345
vt 0.393298 1.3416
v -0.209423 1.21092 0.2892525
vn -0.3144692 0.3677947 0.1258418
vt 0.394244 1.313062
v -0.1849965 1.191875 0.2593315
vn 0.4609697 -0.06990403 -0.1806111
vt 0.403152 1.289573
v -0.1912245 1.18969 0.252398
vn 0.04110815 -0.4609387 -0.1893295
vt 0.407686 1.289573
v -0.1551455 1.127265 0.239524
vn 0.4419289 -0.06625149 -0.224298
vt 0.402964 1.252589
v -0.162903 1.12551 0.231641
vn 0.03807842 -0.4694949 -0.1677038
vt 0.406446 1.252589
v -0.193415 1.185535 0.2753925
vn 0.307523 0.3925054 0.03700229
vt 0.397555 1.289285
v -0.16419 1.120285 0.2568345
vn 0.293869 0.404181 -0.0166958
vt 0.397837 1.252589
v -0.1956295 1.28267 0.309264
vn 0.2583556 0.2796041 0.3241511
vt 0.395946 1.37531
v -0.190338 1.284855 0.3048
vn 0.4766571 -0.001402391 0.1509835
vt 0.40203 1.376368
v -0.2040775 1.289295 0.328754
vn -0.2052541 0.3342781 0.3100466
vt 0.392027 1.385208
v -0.196311 1.30944 0.343863
vn -0.05734393 0.4002555 0.2941211
vt 0.391393 1.406985
v -0.2062175 1.281305 0.3126835
vn -0.1674484 0.3362617 0.3299834
vt 0.392409 1.372106
v -0.206237 1.29441 0.321876
vn -0.4901738 0.01510204 -0.09747596
vt 0.395392 1.385357
v -0.198642 1.31359 0.339833
vn -0.4642151 0.1327045 -0.1299765
vt 0.39486 1.407057
v -0.196311 1.30944 0.343863
vn -0.05734393 0.4002555 0.2941211
vt 0.391393 1.406985
v -0.1652555 1.35611 0.3853535
vn -0.1941964 0.3999168 0.2288106
vt 0.389757 1.474095
v -0.1683935 1.360795 0.38084
vn -0.4483306 0.1756671 -0.1346875
vt 0.393321 1.474167
v -0.1944925 1.32118 0.3260135
vn -0.3529084 -0.1832535 -0.303107
vt 0.402211 1.407209
v -0.199896 1.299985 0.312258
vn -0.3267351 -0.2679141 -0.2673316
vt 0.402581 1.386094
v -0.208003 1.2849 0.3093785
vn -0.4856867 -0.05231202 -0.106639
vt 0.395703 1.372678
v -0.2062175 1.281305 0.3126835
vn -0.1530421 0.3435358 0.3294864
vt 0.392409 1.372106
v -0.203213 1.28697 0.303813
vn -0.2987619 -0.3088314 -0.2556649
vt 0.402809 1.37313
v -0.192634 1.3008 0.308584
vn 0.07012599 -0.4283079 -0.2482633
vt 0.406401 1.387138
v -0.195963 1.28814 0.300879
vn 0.07786603 -0.4304815 -0.242121
vt 0.406604 1.373732
v -0.210428 1.250915 0.2961095
vn -0.2198786 0.4148842 0.1718271
vt 0.393298 1.3416
v -0.2119835 1.253145 0.2899875
vn -0.4955836 -0.04936346 -0.04427341
vt 0.396463 1.341699
v -0.209262 1.25736 0.2849705
vn -0.3605451 -0.2987901 -0.1753046
vt 0.403357 1.341908
v -0.203838 1.258185 0.2826515
vn 0.06840719 -0.4404204 -0.2266061
vt 0.407086 1.342018
v -0.209423 1.21092 0.2892525
vn -0.3236539 0.3610183 0.1221225
vt 0.394244 1.313062
v -0.1970135 1.221125 0.2662835
vn 0.04086492 -0.4528276 -0.2080318
vt 0.40741 1.313644
v -0.205205 1.2196 0.270639
vn -0.3602821 -0.3349926 -0.08931302
vt 0.403733 1.314526
v -0.1997075 1.18658 0.256139
vn -0.3428102 -0.3625397 -0.03234417
vt 0.404078 1.289429
v -0.2080775 1.181365 0.270067
vn -0.484092 -0.0643895 0.1072795
vt 0.397755 1.289157
v -0.212054 1.21416 0.2829175
vn -0.4989462 -0.02474786 0.02098126
vt 0.397141 1.314147
v -0.2048255 1.17962 0.2775005
vn -0.2022182 0.4158128 0.1902827
vt 0.395039 1.289029
v -0.1912245 1.18969 0.252398
vn 0.04110815 -0.4609387 -0.1893295
vt 0.407686 1.289573
v -0.209423 1.21092 0.2892525
vn -0.3236539 0.3610183 0.1221225
vt 0.394244 1.313062
v -0.1807165 1.11693 0.250756
vn -0.4626881 -0.08603852 0.16887
vt 0.39797 1.252589
v -0.1773955 1.114525 0.2587235
vn -0.2186765 0.4003181 0.2047583
vt 0.395189 1.252589
v -0.162903 1.12551 0.231641
vn 0.03807842 -0.4694949 -0.1677038
vt 0.406446 1.252589
v -0.171935 1.122435 0.2359135
vn -0.319818 -0.3839445 0.0174079
vt 0.403599 1.252589
v -0.18763 1.319835 0.3201665
vn 0.06072183 -0.4215803 -0.2618834
vt 0.406095 1.40729
v -0.164095 1.36913 0.366178
vn -0.3376105 -0.1460255 -0.3386675
vt 0.400881 1.474319
v -0.156197 1.367655 0.359986
vn 0.08055434 -0.4041571 -0.2831396
vt 0.404878 1.4744
v -0.151932 1.35148 0.37584
vn 0.287539 0.1807375 0.366954
vt 0.393388 1.474238
v -0.1652555 1.35611 0.3853535
vn -0.1941964 0.3999168 0.2288106
vt 0.389757 1.474095
v -0.210428 1.250915 0.2961095
vn -0.2198786 0.4148842 0.1718271
vt 0.393298 1.3416
v -0.2062175 1.281305 0.3126835
vn -0.1530421 0.3435358 0.3294864
vt 0.392409 1.372106
v -0.2048255 1.17962 0.2775005
vn -0.2022182 0.4158128 0.1902827
vt 0.395039 1.289029
v -0.1773955 1.114525 0.2587235
vn -0.2186765 0.4003181 0.2047583
vt 0.395189 1.252589
v -0.220511 1.268885 0.3521265
vn -0.3182721 -0.3797302 -0.06714053
vt 0.40498 1.140137
v -0.210447 1.27113 0.350584
vn 0.1438136 -0.4748853 -0.06165742
vt 0.408633 1.142309
v -0.215624 1.258025 0.355071
vn -0.04188873 -0.2481063 0.4320748
vt 0.405529 1.133801
v -0.19229 1.32393 0.3820575
vn -0.273968 -0.241818 -0.3412705
vt 0.404163 1.176919
v -0.1826025 1.32222 0.3799305
vn 0.1922588 -0.4289282 -0.1704617
vt 0.407825 1.176999
v -0.1555255 1.3699 0.421778
vn -0.301991 -0.164283 -0.36306
vt 0.401402 1.219191
v -0.148473 1.36925 0.416055
vn 0.0678905 -0.4141125 -0.2718487
vt 0.405656 1.219271
v -0.2260985 1.2627 0.3629855
vn -0.4820543 -0.04307397 0.1255721
vt 0.398612 1.135725
v -0.1969425 1.31634 0.3980035
vn -0.4436697 0.1381886 -0.1845566
vt 0.397254 1.176768
v -0.193882 1.309885 0.40465
vn -0.3345898 0.3661728 0.0629854
vt 0.394007 1.176697
v -0.203269 1.266075 0.3552615
vn 0.3102423 -0.364449 0.1446604
vt 0.408633 1.142285
v -0.215624 1.258025 0.355071
vn -0.03822717 -0.2438706 0.434817
vt 0.405529 1.133801
v -0.223404 1.260735 0.3689825
vn -0.2125471 0.2494918 0.3775945
vt 0.395897 1.133484
v -0.1611145 1.363785 0.4342145
vn -0.4219026 0.104941 -0.2469526
vt 0.393901 1.21904
v -0.160073 1.35695 0.441028
vn -0.2573099 0.4110461 0.1217898
vt 0.390653 1.218969
v -0.193882 1.309885 0.40465
vn -0.3216877 0.3748123 0.07767095
vt 0.394007 1.176697
v -0.223404 1.260735 0.3689825
vn -0.2179476 0.2482815 0.3753067
vt 0.395897 1.133484
v -0.2265565 1.17827 0.313314
vn -0.318344 -0.380708 0.06098
vt 0.404591 1.061067
v -0.221863 1.183185 0.3116475
vn 0.04376067 -0.4292608 -0.2526265
vt 0.407332 1.06119
v -0.1697695 1.129855 0.2932395
vn 0.07212162 -0.4408614 -0.2245878
vt 0.406234 1.021143
v -0.17944 1.123805 0.296053
vn -0.2591571 -0.4177771 0.09110402
vt 0.403885 1.020573
v -0.244415 1.206405 0.3307365
vn -0.3969764 -0.2220934 -0.2075675
vt 0.403785 1.08669
v -0.238431 1.20861 0.3283845
vn 0.03477161 -0.3249864 -0.3783845
vt 0.407062 1.086235
v -0.238427 1.212685 0.3466605
vn -0.189006 0.04658379 -0.4605504
vt 0.400549 1.093592
v -0.249551 1.19475 0.346572
vn -0.4926835 0.08369901 0.016044
vt 0.398308 1.085386
v -0.238427 1.212685 0.3466605
vn -0.189006 0.04658379 -0.4605504
vt 0.400549 1.093592
v -0.242466 1.191645 0.356998
vn -0.2507811 0.4320051 0.02191962
vt 0.395272 1.083001
v -0.2295025 1.212435 0.3412945
vn 0.2960287 -0.02196075 -0.402349
vt 0.405578 1.096421
v -0.235336 1.20401 0.357436
vn 0.05696461 0.4560758 -0.19685
vt 0.395962 1.094944
v -0.242466 1.191645 0.356998
vn -0.2309868 0.4424759 0.02932871
vt 0.395272 1.083001
v -0.232954 1.164585 0.3312375
vn -0.4175326 -0.04507361 0.2713576
vt 0.397596 1.060754
v -0.2276745 1.165325 0.3397045
vn -0.1645007 0.3967473 0.2559904
vt 0.395271 1.06065
v -0.190236 1.10995 0.319075
vn -0.394398 -0.00949185 0.307181
vt 0.397853 1.020256
v -0.182952 1.109795 0.3287415
vn -0.1624287 0.4169377 0.223114
vt 0.395403 1.020504
v -0.1596995 1.133865 0.310317
vn 0.3531953 0.0177482 -0.3534659
vt 0.406234 1.021143
v -0.1697695 1.129855 0.2932395
vn 0.07212162 -0.4408614 -0.2245878
vt 0.406234 1.021143
v -0.221863 1.183185 0.3116475
vn 0.04376067 -0.4292608 -0.2526265
vt 0.407332 1.06119
v -0.2141035 1.186955 0.3270575
vn 0.3863497 0.01573247 -0.3169959
vt 0.407332 1.06119
v -0.238431 1.20861 0.3283845
vn 0.03477161 -0.3249864 -0.3783845
vt 0.407062 1.086235
v -0.2295025 1.212435 0.3412945
vn 0.3073183 -0.009652336 -0.394287
vt 0.40707 1.085484
v -0.2207685 1.17809 0.3433785
vn 0.2567165 0.4289781 -0.008626602
vt 0.40094 1.060904
v -0.2141035 1.186955 0.3270575
vn 0.3863497 0.01573247 -0.3169959
vt 0.407332 1.06119
v -0.2295025 1.212435 0.3412945
vn 0.3073183 -0.009652336 -0.394287
vt 0.40707 1.085484
v -0.235336 1.20401 0.357436
vn 0.05696461 0.4560758 -0.19685
vt 0.400556 1.086269
v -0.1671285 1.123485 0.3295395
vn 0.2238234 0.4336839 -0.108726
vt 0.40119 1.019918
v -0.1596995 1.133865 0.310317
vn 0.3531953 0.0177482 -0.3534659
vt 0.406234 1.021143
v -0.2276745 1.165325 0.3397045
vn -0.1645007 0.3967473 0.2559904
vt 0.395271 1.06065
v -0.242466 1.191645 0.356998
vn -0.2309868 0.4424759 0.02932871
vt 0.395272 1.083001
v -0.182952 1.109795 0.3287415
vn -0.1624287 0.4169377 0.223114
vt 0.395403 1.020504
v -0.223404 1.260735 0.3689825
vn -0.2071782 0.2534713 0.3779279
vt 0.395897 1.133484
v -0.215624 1.258025 0.355071
vn -0.0290485 -0.2331171 0.4413758
vt 0.405529 1.133801
v -0.2116215 1.258585 0.36578
vn 0.2051706 0.1685714 0.4236611
vt 0.401409 1.133679
v -0.203269 1.266075 0.3552615
vn 0.310032 -0.3683921 0.1347864
vt 0.408633 1.142285
v -0.215624 1.258025 0.355071
vn -0.0290485 -0.2331171 0.4413758
vt 0.405529 1.133801
v -0.1826025 1.32222 0.3799305
vn 0.1969338 -0.4282216 -0.1668632
vt 0.407825 1.176999
v -0.210447 1.27113 0.350584
vn 0.1438136 -0.4748853 -0.06165742
vt 0.408633 1.142309
v -0.2116215 1.258585 0.36578
vn 0.1992344 0.1804814 0.4215829
vt 0.401409 1.133679
v -0.17687 1.309055 0.3812025
vn 0.4253408 -0.224955 0.1359427
vt 0.407825 1.176999
v -0.18418 1.301465 0.396761
vn 0.2534836 0.247701 0.3526901
vt 0.400502 1.176839
v -0.143292 1.356575 0.4176835
vn 0.4300895 -0.2130556 0.1401083
vt 0.405656 1.219271
v -0.150561 1.349085 0.4330615
vn 0.2334945 0.254613 0.361459
vt 0.397148 1.219111
v -0.193882 1.309885 0.40465
vn -0.3216877 0.3748123 0.07767095
vt 0.394007 1.176697
v -0.160073 1.35695 0.441028
vn -0.2573099 0.4110461 0.1217898
vt 0.390653 1.218969
v -0.223404 1.260735 0.3689825
vn -0.1949082 0.2587791 0.3808466
vt 0.395897 1.133484
v -0.223404 1.260735 0.3689825
vn -0.1949082 0.2587791 0.3808466
vt 0.395897 1.133484
v -0.2116215 1.258585 0.36578
vn 0.1992344 0.1804814 0.4215829
vt 0.401409 1.133679
v -0.1826025 1.32222 0.3799305
vn 0.1969338 -0.4282216 -0.1668632
vt 0.407825 1.176999
v -0.17687 1.309055 0.3812025
vn 0.4253408 -0.224955 0.1359427
vt 0.407825 1.176999
v -0.203269 1.266075 0.3552615
vn 0.310032 -0.3683921 0.1347864
vt 0.408633 1.142285
v -0.148473 1.36925 0.416055
vn 0.0678905 -0.4141125 -0.2718487
vt 0.405656 1.219271
v -0.143292 1.356575 0.4176835
vn 0.4300895 -0.2130556 0.1401083
vt 0.405656 1.219271
v -0.1846245 1.32621 0.2859485
vn -0.4698312 0.1208935 -0.12101
vt 0.369202 1.304741
v -0.182296 1.32206 0.2899735
vn -0.3358171 0.3425581 0.1409994
vt 0.365735 1.304812
v -0.1512365 1.368735 0.33147
vn -0.1941879 0.3999193 0.2288135
vt 0.3641 1.237702
v -0.1543745 1.37342 0.326957
vn -0.448333 0.175659 -0.13469
vt 0.367663 1.23763
v -0.2027625 1.26286 0.244223
vn -0.4975611 -0.03813035 -0.03128991
vt 0.369282 1.370607
v -0.1804735 1.333805 0.2721305
vn -0.3605094 -0.183792 -0.2936894
vt 0.376553 1.304588
v -0.19728 1.26841 0.2330935
vn -0.3812852 -0.2863967 -0.1503281
vt 0.376175 1.370398
v -0.1895355 1.27106 0.2290895
vn 0.03585304 -0.4408751 -0.2331175
vt 0.379904 1.370287
v -0.172551 1.202385 0.1982935
vn 0.03807333 -0.4600777 -0.1920389
vt 0.380504 1.429337
v -0.18119 1.19924 0.2021125
vn -0.339888 -0.3657435 -0.0266059
vt 0.376896 1.429481
v -0.144015 1.138355 0.1771285
vn 0.03716058 -0.4685495 -0.1705299
vt 0.376216 1.480039
v -0.1534815 1.13512 0.181597
vn -0.320082 -0.3838055 0.0155178
vt 0.373369 1.480039
v -0.1736095 1.33246 0.2662835
vn 0.06051989 -0.421705 -0.2617294
vt 0.380437 1.304508
v -0.150076 1.38176 0.312295
vn -0.3376096 -0.146037 -0.3386635
vt 0.375224 1.237478
v -0.1421785 1.380275 0.3061025
vn 0.08057316 -0.4041644 -0.2831238
vt 0.37922 1.237397
v -0.189704 1.193955 0.216285
vn -0.4796831 -0.07155301 0.1215905
vt 0.370573 1.429754
v -0.2011035 1.260485 0.2506675
vn -0.2710486 0.3760078 0.1874855
vt 0.366116 1.370705
v -0.182296 1.32206 0.2899735
vn -0.3181753 0.3524068 0.1567605
vt 0.365735 1.304812
v -0.1626575 1.129365 0.197113
vn -0.4635339 -0.08478998 0.1671735
vt 0.36774 1.480039
v -0.186395 1.19216 0.2238465
vn -0.07671838 0.4558739 0.190508
vt 0.367858 1.429882
v -0.2011035 1.260485 0.2506675
vn -0.2519793 0.3884064 0.1888038
vt 0.366116 1.370705
v -0.159161 1.126845 0.2054825
vn -0.2196492 0.4013893 0.2015959
vt 0.364958 1.480039
v -0.1915665 1.26222 0.2467925
vn 0.3387207 0.3263587 0.1695826
vt 0.369532 1.370508
v -0.1719435 1.31755 0.280148
vn 0.3434257 0.1896296 0.3099991
vt 0.36956 1.304669
v -0.1686875 1.32335 0.2675585
vn 0.4478279 -0.216157 0.05221449
vt 0.375903 1.304508
v -0.1354975 1.370375 0.308434
vn 0.4245585 -0.249017 0.087981
vt 0.374686 1.237397
v -0.1421785 1.380275 0.3061025
vn 0.08057316 -0.4041644 -0.2831238
vt 0.37922 1.237397
v -0.1736095 1.33246 0.2662835
vn 0.06051989 -0.421705 -0.2617294
vt 0.380437 1.304508
v -0.1842455 1.268835 0.23293
vn 0.4817306 -0.115393 -0.06797151
vt 0.37537 1.370287
v -0.1895355 1.27106 0.2290895
vn 0.03585304 -0.4408751 -0.2331175
vt 0.379904 1.370287
v -0.1661805 1.20457 0.2053485
vn 0.4553931 -0.06574702 -0.1956896
vt 0.37597 1.429337
v -0.172551 1.202385 0.1982935
vn 0.03807333 -0.4600777 -0.1920389
vt 0.380504 1.429337
v -0.1358755 1.140185 0.1854005
vn 0.4403705 -0.0657305 -0.2274935
vt 0.372733 1.480039
v -0.144015 1.138355 0.1771285
vn 0.03716058 -0.4685495 -0.1705299
vt 0.376216 1.480039
v -0.137913 1.364105 0.321956
vn 0.2875429 0.1807325 0.3669534
vt 0.367731 1.237559
v -0.174759 1.198135 0.221702
vn 0.3073895 0.3934081 0.02723545
vt 0.370373 1.429626
v -0.145328 1.132885 0.2035125
vn 0.292771 0.4048665 -0.01918845
vt 0.367607 1.480039
v -0.182296 1.32206 0.2899735
vn -0.3181753 0.3524068 0.1567605
vt 0.365735 1.304812
v -0.1512365 1.368735 0.33147
vn -0.1941879 0.3999193 0.2288135
vt 0.3641 1.237702
v -0.186395 1.19216 0.2238465
vn -0.06390102 0.4584818 0.1889739
vt 0.367858 1.429882
v -0.159161 1.126845 0.2054825
vn -0.2196492 0.4013893 0.2015959
vt 0.364958 1.480039
v -0.186395 1.19216 0.2238465
vn -0.06390102 0.4584818 0.1889739
vt 0.367858 1.429882
v -0.2011035 1.260485 0.2506675
vn -0.2519793 0.3884064 0.1888038
vt 0.366116 1.370705
v -0.155377 1.20376 0.141276
vn -0.3278064 -0.3726889 -0.06038198
vt 0.376282 1.303329
v -0.147295 1.207315 0.1391085
vn 0.05533084 -0.4434135 -0.2243278
vt 0.38018 1.303528
v -0.1182675 1.14378 0.112418
vn 0.05656046 -0.448478 -0.2137018
vt 0.379301 1.27036
v -0.1288405 1.13929 0.115482
vn -0.3161741 -0.3869652 -0.01708346
vt 0.376223 1.271538
v -0.171199 1.27366 0.176093
vn -0.3815961 -0.294059 -0.1338425
vt 0.377431 1.355323
v -0.164907 1.276065 0.1723655
vn 0.02102452 -0.4344164 -0.2466583
vt 0.38146 1.3555
v -0.1666435 1.33891 0.217855
vn -0.3711371 -0.173255 -0.2867751
vt 0.375108 1.42297
v -0.160758 1.33918 0.21267
vn 0.007833128 -0.4200628 -0.2710829
vt 0.379307 1.423129
v -0.1231585 1.388725 0.255144
vn -0.3194525 -0.113992 -0.3673635
vt 0.372927 1.454497
v -0.116882 1.388855 0.2505505
vn 0.02930618 -0.4088397 -0.2863411
vt 0.377247 1.454659
v -0.166639 1.196835 0.160532
vn -0.480584 0.0127391 0.1373925
vt 0.364462 1.302966
v -0.140011 1.132185 0.140282
vn -0.4679697 -0.02388931 0.1744526
vt 0.370137 1.271395
v -0.1780985 1.26656 0.1884575
vn -0.4994918 -0.005652397 0.02181809
vt 0.369981 1.354992
v -0.1725985 1.33183 0.2300345
vn -0.467058 0.140573 -0.109982
vt 0.367163 1.42267
v -0.1259335 1.38213 0.2653155
vn -0.4005232 0.2135866 -0.2096711
vt 0.364756 1.454192
v -0.174566 1.265255 0.194774
vn -0.198717 0.4057821 0.2141319
vt 0.361573 1.354839
v -0.1598945 1.19621 0.1682185
vn -0.1635198 0.4315546 0.1924108
vt 0.361529 1.302802
v -0.1673505 1.325525 0.234773
vn -0.1762164 0.4158024 0.2146071
vt 0.363416 1.422529
v -0.1221635 1.37557 0.271286
vn -0.1860878 0.4413183 0.14356
vt 0.360904 1.454048
v -0.1342805 1.12911 0.1505285
vn -0.2284361 0.401223 0.1919298
vt 0.362142 1.271324
v -0.151761 1.3264 0.214773
vn 0.4387457 -0.2393881 0.01398426
vt 0.374404 1.423014
v -0.160758 1.33918 0.21267
vn 0.007833128 -0.4200628 -0.2710829
vt 0.379307 1.423129
v -0.116882 1.388855 0.2505505
vn 0.02930618 -0.4088397 -0.2863411
vt 0.377247 1.454659
v -0.107787 1.376165 0.252838
vn 0.3745649 -0.318473 0.09097298
vt 0.372345 1.454543
v -0.15706 1.27313 0.1783705
vn 0.473396 -0.108219 -0.1191005
vt 0.376558 1.355384
v -0.164907 1.276065 0.1723655
vn 0.02102452 -0.4344164 -0.2466583
vt 0.38146 1.3555
v -0.136963 1.20986 0.1498315
vn 0.4438215 -0.07763201 -0.216785
vt 0.375278 1.303412
v -0.147295 1.207315 0.1391085
vn 0.05533084 -0.4434135 -0.2243278
vt 0.38018 1.303528
v -0.1040915 1.14673 0.126841
vn 0.4253841 -0.07903501 -0.250603
vt 0.375536 1.271522
v -0.1182675 1.14378 0.112418
vn 0.05656046 -0.448478 -0.2137018
vt 0.379301 1.27036
v -0.1543535 1.31866 0.227006
vn 0.306655 0.2461375 0.308835
vt 0.367549 1.422732
v -0.10944 1.36902 0.263793
vn 0.2874391 0.1627146 0.3753701
vt 0.364828 1.454246
v -0.1627805 1.26649 0.19237
vn 0.3222011 0.3497921 0.154376
vt 0.37025 1.355071
v -0.1446325 1.20298 0.1680665
vn 0.2881255 0.4077121 0.0274693
vt 0.364245 1.303055
v -0.114019 1.137595 0.1505825
vn 0.2802054 0.4135948 -0.02059819
vt 0.369993 1.271392
v -0.1673505 1.325525 0.234773
vn -0.1762164 0.4158024 0.2146071
vt 0.363416 1.422529
v -0.1221635 1.37557 0.271286
vn -0.1860878 0.4413183 0.14356
vt 0.360904 1.454048
v -0.174566 1.265255 0.194774
vn -0.198717 0.4057821 0.2141319
vt 0.361573 1.354839
v -0.1598945 1.19621 0.1682185
vn -0.1635198 0.4315546 0.1924108
vt 0.361529 1.302802
v -0.1342805 1.12911 0.1505285
vn -0.2284361 0.401223 0.1919298
vt 0.362142 1.271324
v 0.1465915 1.367655 0.415331
vn 0.1189245 -0.375809 -0.307611
vt 0.403507 1.276
v 0.190901 1.300385 0.3969755
vn 0.189727 -0.4021631 -0.2286231
vt 0.401972 1.271532
v 0.1860645 1.296285 0.39517
vn -0.1777405 -0.4672446 -0.009527894
vt 0.40545 1.271635
v 0.1414415 1.36343 0.4135855
vn -0.2020224 -0.4564933 -0.02829958
vt 0.407912 1.276283
v 0.082313 1.40514 0.451072
vn 0.01108395 -0.2617476 -0.4258701
vt 0.404678 1.340507
v 0.0777095 1.401065 0.4474365
vn -0.2191968 -0.4399914 -0.09143475
vt 0.408989 1.340759
v 0.0183794 1.4171 0.489164
vn -0.087731 -0.1845295 -0.4563465
vt 0.404925 1.388989
v 0.0157726 1.412495 0.484176
vn -0.2593171 -0.4119034 -0.1144127
vt 0.409123 1.389215
v -0.03733155 1.416575 0.530015
vn -0.106815 -0.1365085 -0.4689946
vt 0.404364 1.433865
v -0.04013835 1.41151 0.525515
vn -0.2929045 -0.3938783 -0.09522038
vt 0.408684 1.434095
v 0.154742 1.372925 0.4294165
vn 0.3414351 -0.002797331 -0.3652591
vt 0.395787 1.275483
v 0.197048 1.30424 0.410659
vn 0.4137401 -0.04836296 -0.2765505
vt 0.395095 1.271328
v 0.091005 1.40802 0.462278
vn 0.1820825 0.01695385 -0.4653585
vt 0.396706 1.340036
v 0.0266298 1.419215 0.500215
vn 0.116448 0.1280685 -0.4690824
vt 0.396979 1.388562
v -0.0313205 1.41623 0.538615
vn 0.084012 0.1478135 -0.4702055
vt 0.396193 1.43343
v 0.0906165 1.404865 0.468116
vn 0.2796516 0.4062259 -0.08231375
vt 0.393046 1.339818
v 0.0297867 1.41237 0.504585
vn 0.2640532 0.3713196 -0.205907
vt 0.393232 1.388361
v 0.0297867 1.41237 0.504585
vn 0.2675053 0.3779963 -0.1885729
vt 0.393232 1.388361
v -0.02717555 1.410255 0.54466
vn 0.2704172 0.4041287 -0.116424
vt 0.392341 1.433225
v 0.1529805 1.36826 0.4351795
vn 0.2568508 0.4260814 -0.04982292
vt 0.392472 1.27525
v 0.0906165 1.404865 0.468116
vn 0.2787365 0.4081327 -0.07572076
vt 0.393046 1.339818
v 0.1973585 1.300655 0.4162955
vn 0.3071461 0.3828128 -0.095476
vt 0.391696 1.271227
v 0.0231552 1.3998 0.485868
vn -0.1726656 -0.2391541 0.4037226
vt 0.404221 1.38905
v -0.0331081 1.398745 0.5275
vn -0.1788845 -0.2565365 0.3901145
vt 0.403782 1.43393
v -0.04013835 1.41151 0.525515
vn -0.2929045 -0.3938783 -0.09522038
vt 0.408684 1.434095
v 0.0157726 1.412495 0.484176
vn -0.2593171 -0.4119034 -0.1144127
vt 0.409123 1.389215
v 0.077075 1.3937 0.4527165
vn -0.234537 -0.1521095 0.4145541
vt 0.403744 1.340594
v 0.0777095 1.401065 0.4474365
vn -0.2191968 -0.4399914 -0.09143475
vt 0.408989 1.340759
v 0.1363035 1.357495 0.421514
vn -0.366012 -0.101612 0.325131
vt 0.402372 1.276119
v 0.1414415 1.36343 0.4135855
vn -0.2020224 -0.4564933 -0.02829958
vt 0.407912 1.276283
v 0.18109 1.290015 0.403083
vn -0.421015 -0.0611845 0.262684
vt 0.401196 1.271509
v 0.1860645 1.296285 0.39517
vn -0.1777405 -0.4672446 -0.009527894
vt 0.40545 1.271635
v 0.0305735 1.39875 0.497124
vn 0.126072 0.218818 0.4315374
vt 0.397365 1.38865
v -0.02676455 1.39705 0.5375
vn 0.1692219 0.2218054 0.4149293
vt 0.396265 1.433508
v 0.0848745 1.3958 0.465752
vn 0.05453947 0.3180273 0.3819478
vt 0.396994 1.340149
v 0.143418 1.360415 0.4350875
vn -0.07091754 0.4061642 0.2828451
vt 0.39554 1.275611
v 0.1881435 1.292715 0.4163255
vn -0.1683115 0.4131725 0.2257425
vt 0.394932 1.271323
v 0.0297867 1.41237 0.504585
vn 0.2675053 0.3779963 -0.1885729
vt 0.393232 1.388361
v -0.02717555 1.410255 0.54466
vn 0.2704172 0.4041287 -0.116424
vt 0.392341 1.433225
v 0.0906165 1.404865 0.468116
vn 0.2762156 0.4125566 -0.05917755
vt 0.393046 1.339818
v 0.0906165 1.404865 0.468116
vn 0.2762156 0.4125566 -0.05917755
vt 0.393046 1.339818
v 0.1529805 1.36826 0.4351795
vn 0.2568508 0.4260814 -0.04982292
vt 0.392472 1.27525
v 0.1973585 1.300655 0.4162955
vn 0.3071461 0.3828128 -0.095476
vt 0.391696 1.271227
v 0.1466065 1.36259 0.2551695
vn 0.1190225 -0.3754774 -0.3079779
vt 0.397313 1.276
v 0.1909015 1.29544 0.236127
vn 0.1868321 -0.4018641 -0.2315146
vt 0.397633 1.271532
v 0.1860645 1.29134 0.234322
vn -0.1810681 -0.4658608 -0.0137126
vt 0.394155 1.271635
v 0.1418475 1.35869 0.253556
vn -0.2022168 -0.4563916 -0.02854886
vt 0.392908 1.276283
v 0.082313 1.400195 0.290224
vn 0.0108849 -0.2625834 -0.4253604
vt 0.396142 1.340507
v 0.077709 1.39612 0.2865885
vn -0.2213432 -0.4387301 -0.09232074
vt 0.39183 1.340759
v 0.02182075 1.412155 0.328316
vn -0.08647004 -0.1838636 -0.4568557
vt 0.395895 1.379082
v 0.01917235 1.40755 0.3233275
vn -0.2672962 -0.4145986 -0.08161344
vt 0.391696 1.379307
v -0.03492075 1.41163 0.3691685
vn -0.1051695 -0.1374225 -0.4690996
vt 0.396455 1.433865
v -0.03800645 1.406565 0.3646665
vn -0.2995098 -0.3997318 -0.02254723
vt 0.392135 1.434095
v 0.1541385 1.36746 0.2681865
vn 0.3413614 -0.003653934 -0.3653204
vt 0.405033 1.275483
v 0.197048 1.299295 0.249811
vn 0.4117365 -0.0469028 -0.2797735
vt 0.40451 1.271328
v 0.091005 1.403075 0.3014295
vn 0.1854395 0.0154002 -0.4640851
vt 0.404113 1.340036
v 0.02944935 1.41427 0.3393695
vn 0.120646 0.131216 -0.4671476
vt 0.40384 1.378654
v -0.02885625 1.41129 0.377766
vn 0.085655 0.15101 -0.4688915
vt 0.404627 1.43343
v 0.0906165 1.39992 0.307268
vn 0.2539787 0.4301369 0.02184124
vt 0.407773 1.339818
v 0.1525105 1.363155 0.273512
vn 0.256901 0.4260493 -0.04983909
vt 0.408348 1.27525
v 0.0322694 1.407425 0.343738
vn 0.2740686 0.3800083 -0.1745855
vt 0.407587 1.378453
v 0.0322694 1.407425 0.343738
vn 0.2771551 0.3865312 -0.1542033
vt 0.407587 1.378453
v -0.0250267 1.40531 0.3838105
vn 0.2644051 0.3962819 -0.1518244
vt 0.408478 1.433225
v -0.0250267 1.40531 0.3838105
vn 0.2687675 0.40106 -0.1300572
vt 0.408478 1.433225
v 0.197358 1.29571 0.2554475
vn 0.3035999 0.3845877 -0.09959605
vt 0.407908 1.271227
v 0.02571555 1.3992 0.32502
vn -0.1755294 -0.1952634 0.4255134
vt 0.396599 1.379143
v -0.0308818 1.40032 0.3666545
vn -0.1498536 -0.1961281 0.4348306
vt 0.397037 1.43393
v -0.03800645 1.406565 0.3646665
vn -0.2995098 -0.3997318 -0.02254723
vt 0.392135 1.434095
v 0.01917235 1.40755 0.3233275
vn -0.2672962 -0.4145986 -0.08161344
vt 0.391696 1.379307
v 0.077075 1.388755 0.2918685
vn -0.2427645 -0.143582 0.4128554
vt 0.397075 1.340594
v 0.077709 1.39612 0.2865885
vn -0.2213432 -0.4387301 -0.09232074
vt 0.39183 1.340759
v 0.137099 1.3532 0.260883
vn -0.365653 -0.101709 0.3255045
vt 0.398447 1.276119
v 0.1418475 1.35869 0.253556
vn -0.2022168 -0.4563916 -0.02854886
vt 0.392908 1.276283
v 0.18109 1.28507 0.242235
vn -0.4243602 -0.06001103 0.2575211
vt 0.398409 1.271509
v 0.1860645 1.29134 0.234322
vn -0.1810681 -0.4658608 -0.0137126
vt 0.394155 1.271635
v 0.03249795 1.39815 0.336276
vn 0.09119797 0.196379 0.4506864
vt 0.403454 1.378743
v -0.02461225 1.398625 0.376654
vn 0.1300665 0.1789184 0.4484093
vt 0.404555 1.433508
v 0.0848745 1.390855 0.3049035
vn 0.04364638 0.3201703 0.3815573
vt 0.403825 1.340149
v 0.1436735 1.3559 0.273427
vn -0.070547 0.405973 0.283212
vt 0.405279 1.275611
v 0.1881435 1.287765 0.2554775
vn -0.1718096 0.4141442 0.2212826
vt 0.404673 1.271323
v 0.0322694 1.407425 0.343738
vn 0.2771551 0.3865312 -0.1542033
vt 0.407587 1.378453
v -0.0250267 1.40531 0.3838105
vn 0.2687675 0.40106 -0.1300572
vt 0.408478 1.433225
v 0.0906165 1.39992 0.307268
vn 0.2527388 0.4300193 0.03473392
vt 0.407773 1.339818
v 0.0906165 1.39992 0.307268
vn 0.2527388 0.4300193 0.03473392
vt 0.407773 1.339818
v 0.1525105 1.363155 0.273512
vn 0.256901 0.4260493 -0.04983909
vt 0.408348 1.27525
v 0.197358 1.29571 0.2554475
vn 0.3035999 0.3845877 -0.09959605
vt 0.407908 1.271227
v 0.1465915 1.367655 0.363412
vn 0.1189235 -0.3758094 -0.307611
vt 0.404217 1.042713
v 0.190901 1.300385 0.345056
vn 0.1897265 -0.4021634 -0.2286229
vt 0.402674 1.009844
v 0.1860645 1.296285 0.3432505
vn -0.1777408 -0.4672445 -0.009528222
vt 0.405597 1.009948
v 0.1414415 1.36343 0.361666
vn -0.2020196 -0.4564944 -0.02830171
vt 0.407919 1.042996
v 0.082313 1.40514 0.399153
vn 0.01108185 -0.2617495 -0.425869
vt 0.40421 1.137603
v 0.077709 1.401065 0.3955175
vn -0.2192553 -0.4399607 -0.09144218
vt 0.407834 1.137855
v 0.0183829 1.4171 0.437245
vn -0.08815348 -0.184914 -0.4561094
vt 0.403478 1.197314
v 0.015833 1.412495 0.4322565
vn -0.2591779 -0.4119827 -0.1144426
vt 0.407006 1.197539
v -0.03733135 1.416575 0.4780975
vn -0.106774 -0.1366035 -0.4689763
vt 0.402016 1.241529
v -0.04013835 1.41151 0.4735955
vn -0.2927881 -0.3939415 -0.09531648
vt 0.405646 1.241759
v 0.154742 1.372925 0.377497
vn 0.3414359 -0.002795314 -0.3652584
vt 0.39773 1.042197
v 0.197048 1.30424 0.3587395
vn 0.4137399 -0.04836484 -0.2765504
vt 0.396895 1.00964
v 0.091005 1.40802 0.4103585
vn 0.1820829 0.01695379 -0.4653583
vt 0.397512 1.137133
v 0.02662995 1.419215 0.448298
vn 0.116449 0.128074 -0.4690807
vt 0.396801 1.196886
v -0.0313205 1.41623 0.4866945
vn 0.08400801 0.147809 -0.4702076
vt 0.395149 1.241094
v 0.0906165 1.404865 0.4161965
vn 0.2796507 0.4062263 -0.0823146
vt 0.394436 1.136914
v 0.0297867 1.41237 0.4526665
vn 0.2640552 0.3713195 -0.2059046
vt 0.393652 1.196685
v 0.0297867 1.41237 0.4526665
vn 0.2675071 0.3779961 -0.1885707
vt 0.393652 1.196685
v -0.02717555 1.410255 0.492739
vn 0.2704163 0.4041258 -0.1164359
vt 0.391913 1.240889
v 0.1529805 1.36826 0.3832605
vn 0.2568483 0.4260831 -0.04982136
vt 0.394944 1.041963
v 0.0906165 1.404865 0.4161965
vn 0.2787356 0.4081331 -0.07572165
vt 0.394436 1.136914
v 0.197358 1.300655 0.3643765
vn 0.3071447 0.3828143 -0.09547418
vt 0.394039 1.009539
v 0.0231554 1.3998 0.4339485
vn -0.1728715 -0.2395815 0.4033809
vt 0.402886 1.197375
v -0.0331081 1.398745 0.475583
vn -0.178892 -0.2565556 0.3900986
vt 0.401527 1.241594
v -0.04013835 1.41151 0.4735955
vn -0.2927881 -0.3939415 -0.09531648
vt 0.405646 1.241759
v 0.015833 1.412495 0.4322565
vn -0.2591779 -0.4119827 -0.1144426
vt 0.407006 1.197539
v 0.077075 1.3937 0.400797
vn -0.2346109 -0.1521064 0.4145134
vt 0.403426 1.13769
v 0.077709 1.401065 0.3955175
vn -0.2192553 -0.4399607 -0.09144218
vt 0.407834 1.137855
v 0.136303 1.357495 0.3695945
vn -0.3660116 -0.101612 0.3251316
vt 0.403264 1.042832
v 0.1414415 1.36343 0.361666
vn -0.2020196 -0.4564944 -0.02830171
vt 0.407919 1.042996
v 0.18109 1.290015 0.351164
vn -0.4210145 -0.06118501 0.2626845
vt 0.402021 1.009821
v 0.1860645 1.296285 0.3432505
vn -0.1777408 -0.4672445 -0.009528222
vt 0.405597 1.009948
v 0.03057335 1.39875 0.4452045
vn 0.126074 0.2188175 0.4315371
vt 0.397126 1.196975
v -0.02676455 1.397045 0.485583
vn 0.1692185 0.221787 0.4149405
vt 0.39521 1.241172
v 0.0848745 1.3958 0.413832
vn 0.05453951 0.3180281 0.3819471
vt 0.397754 1.137245
v 0.143418 1.360415 0.383168
vn -0.07091504 0.4061667 0.2828422
vt 0.397523 1.042324
v 0.1881435 1.292715 0.364406
vn -0.168313 0.4131711 0.2257441
vt 0.396758 1.009635
v 0.0297867 1.41237 0.4526665
vn 0.2675071 0.3779961 -0.1885707
vt 0.393652 1.196685
v -0.02717555 1.410255 0.492739
vn 0.2704163 0.4041258 -0.1164359
vt 0.391913 1.240889
v 0.0906165 1.404865 0.4161965
vn 0.2762147 0.4125571 -0.05917852
vt 0.394436 1.136914
v 0.0906165 1.404865 0.4161965
vn 0.2762147 0.4125571 -0.05917852
vt 0.394436 1.136914
v 0.1529805 1.36826 0.3832605
vn 0.2568483 0.4260831 -0.04982136
vt 0.394944 1.041963
v 0.197358 1.300655 0.3643765
vn 0.3071447 0.3828143 -0.09547418
vt 0.394039 1.009539
v 0.146604 1.36261 0.3085025
vn 0.119597 -0.3758514 -0.3072984
vt 0.373926 1.406458
v 0.1909 1.29536 0.2898925
vn 0.188709 -0.4019741 -0.229795
vt 0.373713 1.437346
v 0.186247 1.291415 0.2881555
vn -0.1789677 -0.466741 -0.01110997
vt 0.376518 1.437243
v 0.141789 1.35866 0.30687
vn -0.2013414 -0.4568426 -0.02750514
vt 0.377479 1.406175
v 0.082313 1.400195 0.343656
vn 0.01099375 -0.2624574 -0.4254354
vt 0.374871 1.341951
v 0.0777095 1.396115 0.3400205
vn -0.220899 -0.4390125 -0.09204147
vt 0.378348 1.341699
v 0.0210788 1.412155 0.3817475
vn -0.08625802 -0.1861166 -0.4559827
vt 0.37507 1.293469
v 0.01863355 1.40755 0.3767595
vn -0.2556447 -0.4117363 -0.1229593
vt 0.378456 1.293243
v -0.0371977 1.41163 0.4226
vn -0.1046855 -0.140422 -0.4683189
vt 0.374618 1.248593
v -0.0399709 1.406565 0.4180985
vn -0.2851948 -0.3987684 -0.09822273
vt 0.378102 1.248364
v 0.154226 1.367535 0.321673
vn 0.3420495 -0.00367976 -0.364676
vt 0.367701 1.406975
v 0.196813 1.299065 0.303057
vn 0.4128979 -0.04798194 -0.2778724
vt 0.368167 1.43755
v 0.091005 1.403075 0.3548615
vn 0.184619 0.01607995 -0.4643891
vt 0.368442 1.342422
v 0.0284 1.41427 0.392801
vn 0.1206215 0.134299 -0.466277
vt 0.368663 1.293896
v -0.03129785 1.41129 0.4311975
vn 0.08213301 0.1485635 -0.470301
vt 0.368028 1.249028
v 0.090617 1.39992 0.3606995
vn 0.2834919 0.4040188 -0.0800072
vt 0.365491 1.34264
v 0.03100385 1.407425 0.3971695
vn 0.2660529 0.3732211 -0.1998047
vt 0.365641 1.294097
v 0.03100385 1.407425 0.3971695
vn 0.2692738 0.379702 -0.1825323
vt 0.365641 1.294097
v -0.02717535 1.40531 0.437242
vn 0.2661429 0.4073277 -0.115118
vt 0.364922 1.249233
v 0.152579 1.363175 0.327062
vn 0.2577542 0.4256508 -0.04882777
vt 0.365027 1.407208
v 0.090617 1.39992 0.3606995
vn 0.2825707 0.4059093 -0.07342649
vt 0.365491 1.34264
v 0.1971115 1.29562 0.3084795
vn 0.3059317 0.3834163 -0.09694194
vt 0.365426 1.437651
v 0.02498405 1.394855 0.3784515
vn -0.1768915 -0.2445125 0.3986515
vt 0.374502 1.293408
v -0.0330329 1.3938 0.420086
vn -0.1768896 -0.2610146 0.3880482
vt 0.374148 1.248528
v -0.0399709 1.406565 0.4180985
vn -0.2851948 -0.3987684 -0.09822273
vt 0.378102 1.248364
v 0.01863355 1.40755 0.3767595
vn -0.2556447 -0.4117363 -0.1229593
vt 0.378456 1.293243
v 0.077075 1.388755 0.3453005
vn -0.2359615 -0.1531565 0.4133585
vt 0.374118 1.341864
v 0.0777095 1.396115 0.3400205
vn -0.220899 -0.4390125 -0.09204147
vt 0.378348 1.341699
v 0.1369845 1.353105 0.3142835
vn -0.364657 -0.1020035 0.326528
vt 0.373012 1.40634
v 0.141789 1.35866 0.30687
vn -0.2013414 -0.4568426 -0.02750514
vt 0.377479 1.406175
v 0.181461 1.285385 0.2957685
vn -0.422313 -0.06073751 0.2606965
vt 0.373087 1.437369
v 0.186247 1.291415 0.2881555
vn -0.1789677 -0.466741 -0.01110997
vt 0.376518 1.437243
v 0.031626 1.3938 0.3897075
vn 0.1263206 0.2180006 0.4318783
vt 0.368974 1.293808
v -0.02676455 1.392105 0.430086
vn 0.1660326 0.2222441 0.4159817
vt 0.368086 1.24895
v 0.0848745 1.390855 0.358335
vn 0.05711699 0.3157184 0.3834834
vt 0.368674 1.342309
v 0.143637 1.35584 0.3269755
vn -0.06967153 0.4055237 0.2840711
vt 0.367502 1.406847
v 0.188247 1.28798 0.308508
vn -0.1696511 0.4135162 0.2241046
vt 0.368036 1.437555
v 0.03100385 1.407425 0.3971695
vn 0.2692738 0.379702 -0.1825323
vt 0.365641 1.294097
v -0.02717535 1.40531 0.437242
vn 0.2661429 0.4073277 -0.115118
vt 0.364922 1.249233
v 0.090617 1.39992 0.3606995
vn 0.2800322 0.4102957 -0.05691613
vt 0.365491 1.34264
v 0.090617 1.39992 0.3606995
vn 0.2800322 0.4102957 -0.05691613
vt 0.365491 1.34264
v 0.152579 1.363175 0.327062
vn 0.2577542 0.4256508 -0.04882777
vt 0.365027 1.407208
v 0.1971115 1.29562 0.3084795
vn 0.3059317 0.3834163 -0.09694194
vt 0.365426 1.437651
v 0.1465875 1.36274 0.198021
vn 0.119241 -0.3760829 -0.3071534
vt 0.403507 1.276
v 0.1909005 1.295395 0.1800335
vn 0.1913106 -0.4022617 -0.2271251
vt 0.401972 1.271532
v 0.18617 1.291385 0.178268
vn -0.1759373 -0.4679667 -0.007294626
vt 0.40545 1.271635
v 0.1413385 1.358435 0.196241
vn -0.201469 -0.456777 -0.02765816
vt 0.407912 1.276283
v 0.08231351 1.400195 0.2339365
vn 0.01038715 -0.2615764 -0.4259929
vt 0.404678 1.340507
v 0.0777095 1.396115 0.230301
vn -0.2210428 -0.4388625 -0.09241112
vt 0.408989 1.340759
v 0.0196989 1.412155 0.2720285
vn -0.08666152 -0.1810505 -0.4579416
vt 0.404925 1.388989
v 0.0167412 1.40755 0.2670405
vn -0.2619264 -0.4083686 -0.1209534
vt 0.409123 1.389215
v -0.0347862 1.41163 0.312881
vn -0.107305 -0.134182 -0.4695539
vt 0.404364 1.433865
v -0.0380545 1.406565 0.308379
vn -0.2962268 -0.3894727 -0.1027652
vt 0.408684 1.434095
v 0.1548955 1.36811 0.212378
vn 0.3418429 -0.002675329 -0.3648784
vt 0.395787 1.275483
v 0.1969115 1.29916 0.1934155
vn 0.4147415 -0.04923221 -0.2748921
vt 0.395095 1.271328
v 0.091005 1.403075 0.245142
vn 0.1821291 0.01618431 -0.4653677
vt 0.396706 1.340036
v 0.0283852 1.41427 0.283082
vn 0.119509 0.1276265 -0.4684326
vt 0.396979 1.388562
v -0.0283222 1.411285 0.3214785
vn 0.08532552 0.1470395 -0.4702116
vt 0.396193 1.43343
v 0.0906165 1.39992 0.2509805
vn 0.2811512 0.4057461 -0.07952443
vt 0.393046 1.339818
v 0.0314387 1.407425 0.28745
vn 0.2696423 0.3702857 -0.2004532
vt 0.393232 1.388361
v 0.0314387 1.407425 0.28745
vn 0.2730767 0.3768758 -0.1827396
vt 0.393232 1.388361
v -0.0242573 1.40531 0.327523
vn 0.2755537 0.4025282 -0.1097324
vt 0.392341 1.433225
v 0.1531 1.36336 0.2182525
vn 0.2573407 0.425852 -0.04925317
vt 0.392472 1.27525
v 0.0906165 1.39992 0.2509805
vn 0.2802463 0.4076223 -0.07284286
vt 0.393046 1.339818
v 0.197215 1.29566 0.198928
vn 0.3090829 0.3818073 -0.09322525
vt 0.391696 1.271227
v 0.02372095 1.394855 0.2687325
vn -0.175922 -0.2403944 0.4015744
vt 0.404221 1.38905
v -0.0312101 1.3938 0.310367
vn -0.1818925 -0.2547435 0.3898985
vt 0.403782 1.43393
v -0.0380545 1.406565 0.308379
vn -0.2962268 -0.3894727 -0.1027652
vt 0.408684 1.434095
v 0.0167412 1.40755 0.2670405
vn -0.2619264 -0.4083686 -0.1209534
vt 0.409123 1.389215
v 0.07707451 1.388755 0.235581
vn -0.236555 -0.151606 0.4135909
vt 0.403744 1.340594
v 0.0777095 1.396115 0.230301
vn -0.2210428 -0.4388625 -0.09241112
vt 0.408989 1.340759
v 0.136101 1.35238 0.2043225
vn -0.3654985 -0.1017745 0.3256575
vt 0.402372 1.276119
v 0.1413385 1.358435 0.196241
vn -0.201469 -0.456777 -0.02765816
vt 0.407912 1.276283
v 0.1813055 1.285255 0.1860065
vn -0.4192159 -0.06181099 0.2654005
vt 0.401196 1.271509
v 0.18617 1.291385 0.178268
vn -0.1759373 -0.4679667 -0.007294626
vt 0.40545 1.271635
v 0.03137865 1.3938 0.2799885
vn 0.1259284 0.2129254 0.4345168
vt 0.397365 1.38865
v -0.0245816 1.392105 0.3203665
vn 0.1661976 0.2119341 0.4212627
vt 0.396265 1.433508
v 0.0848745 1.390855 0.248616
vn 0.054474 0.3175945 0.382317
vt 0.396994 1.340149
v 0.1433525 1.35536 0.2181585
vn -0.07046349 0.4059519 0.283263
vt 0.39554 1.275611
v 0.1882035 1.28789 0.198957
vn -0.1664545 0.412609 0.2281375
vt 0.394932 1.271323
v 0.0314387 1.407425 0.28745
vn 0.2730767 0.3768758 -0.1827396
vt 0.393232 1.388361
v -0.0242573 1.40531 0.327523
vn 0.2755537 0.4025282 -0.1097324
vt 0.392341 1.433225
v 0.0906165 1.39992 0.2509805
vn 0.2777441 0.4119628 -0.05607938
vt 0.393046 1.339818
v 0.0906165 1.39992 0.2509805
vn 0.2777441 0.4119628 -0.05607938
vt 0.393046 1.339818
v 0.1531 1.36336 0.2182525
vn 0.2573407 0.425852 -0.04925317
vt 0.392472 1.27525
v 0.197215 1.29566 0.198928
vn 0.3090829 0.3818073 -0.09322525
vt 0.391696 1.271227
v -0.01153105 1.462885 0.2554595
vn 0.1912351 0.3679992 -0.2792951
vt 0.579848 1.266409
v -0.017336 1.447285 0.2579585
vn 0.434899 0.2467035 0.0004852975
vt 0.578353 1.263255
v 0 1.46312 0.235128
vn 0.2105502 0.400297 -0.2131452
vt 0.576576 1.272327
v -0.165129 1.169355 0.1755805
vn 0.09556425 0.4084252 -0.2721329
vt 0.66889 1.29318
v -0.221972 1.07219 0.256192
vn -0.4105919 -0.124447 0.256763
vt 0.685751 1.252335
v -0.2245345 1.06356 0.303256
vn -0.4107344 0.06713498 0.2771104
vt 0.686169 1.233873
v -0.2070925 1.07283 0.345812
vn -0.2048552 0.2447069 0.3849064
vt 0.685681 1.21732
v -0.169506 1.174715 0.170153
vn -0.4343586 0.09487645 -0.2287599
vt 0.669022 1.289979
v -0.1691315 1.17823 0.149677
vn -0.4974709 -0.03985494 -0.03056689
vt 0.668989 1.299195
v -0.1651765 1.19327 0.1331235
vn -0.05667152 -0.3365116 -0.3654426
vt 0.666026 1.306291
v -0.1614085 1.19004 0.139616
vn 0.4158714 -0.2100895 -0.1814205
vt 0.664491 1.302611
v -0.152036 1.184805 0.153921
vn 0.4988369 -0.006712099 -0.03341684
vt 0.662727 1.298379
v -0.165129 1.169355 0.1755805
vn 0.1050804 0.4090124 -0.2677068
vt 0.66889 1.29318
v -0.1701735 1.184845 0.1681305
vn -0.4355716 0.174452 -0.1727539
vt 0.666302 1.289979
v -0.169799 1.186375 0.155583
vn -0.4397051 0.06719202 -0.228352
vt 0.666268 1.299195
v -0.1615085 1.187895 0.157314
vn -0.1553656 0.1859481 -0.4373612
vt 0.663714 1.298862
v -0.1654365 1.188935 0.1722815
vn -0.1335043 0.3837658 -0.2913767
vt 0.663903 1.29318
v -0.1620765 1.20017 0.1463295
vn 0.04295679 -0.02236719 -0.4976489
vt 0.661771 1.302611
v -0.165844 1.19609 0.139837
vn -0.194723 -0.234464 -0.3963705
vt 0.663305 1.306291
v -0.1527035 1.18994 0.159827
vn 0.380255 0.2021785 -0.2540275
vt 0.660006 1.298379
v -0.164769 1.17881 0.172944
vn 0.103167 0.4830961 -0.07729651
vt 0.666623 1.29318
v -0.165129 1.169355 0.1755805
vn 0.1174315 0.4090405 -0.2624801
vt 0.66889 1.29318
v -0.1523955 1.17535 0.1472075
vn 0.02544742 0.09943807 -0.4893512
vt 0.664994 1.298379
v -0.1779785 1.16526 0.171986
vn -0.3476989 0.2283679 -0.277405
vt 0.67129 1.289979
v -0.165129 1.169355 0.1755805
vn 0.1174315 0.4090405 -0.2624801
vt 0.66889 1.29318
v -0.1779785 1.16526 0.171986
vn -0.3476989 0.2283679 -0.277405
vt 0.67129 1.289979
v -0.169506 1.174715 0.170153
vn -0.4343586 0.09487645 -0.2287599
vt 0.669022 1.289979
v -0.1654365 1.188935 0.1722815
vn -0.1335043 0.3837658 -0.2913767
vt 0.663903 1.29318
v -0.1701735 1.184845 0.1681305
vn -0.4355716 0.174452 -0.1727539
vt 0.666302 1.289979
v -0.179332 1.34154 0.2505875
vn -0.4366501 0.215534 0.113498
vt 0.630958 1.259546
v -0.1748805 1.33718 0.2405925
vn -0.4213476 0.08029001 0.256943
vt 0.632455 1.265578
v -0.1670435 1.327805 0.2399905
vn 0.2915765 0.1764245 0.3658655
vt 0.636187 1.266564
v -0.1673725 1.333925 0.259481
vn 0.1826995 0.4188215 0.203001
vt 0.633877 1.257196
v -0.1732075 1.318485 0.222642
vn -0.04861599 -0.1789875 0.4643275
vt 0.636298 1.27406
v -0.182242 1.3572 0.2462875
vn -0.4523529 -0.1319147 0.1672585
vt 0.627674 1.259546
v -0.170857 1.050965 0.513685
vn -0.4519159 -0.03902387 0.2103548
vt 0.689129 1.136184
v -0.111435 0.97499 0.551805
vn -0.3388115 -0.078074 0.3593205
vt 0.707517 1.130769
v -0.147932 0.97295 0.63436
vn -0.2632737 -0.196395 0.3769827
vt 0.699865 1.094291
v -0.1769595 1.334675 0.30745
vn 0.4607661 -0.1251281 0.1484506
vt 0.63479 1.242319
v -0.1842 1.326025 0.3177815
vn 0.1920897 0.3081534 0.3437194
vt 0.635158 1.237793
v -0.1814105 1.32707 0.3067755
vn 0.3583275 -0.3029307 0.1727264
vt 0.63479 1.242319
v -0.1900945 1.340465 0.306167
vn -0.495361 -0.05459947 -0.04045188
vt 0.631719 1.242384
v -0.1903 1.33256 0.3071645
vn -0.3827187 -0.3213731 -0.01567602
vt 0.631719 1.242384
v -0.188464 1.34695 0.315792
vn -0.4958655 0.04378469 -0.04690774
vt 0.628367 1.236174
v -0.2582595 1.2105 0.64703
vn -0.4685329 -0.172625 -0.02602975
vt 0.907108 1.377545
v -0.226308 1.330415 0.64002
vn -0.4663595 -0.1175226 -0.1367379
vt 0.91055 1.330664
v -0.26183 1.23933 0.697655
vn -0.4812025 -0.08138 -0.1087265
vt 0.918286 1.369986
v -0.232823 1.37146 0.75934
vn -0.4626902 0.02122638 -0.1883273
vt 0.936677 1.324109
v -0.2660755 1.273615 0.75786
vn -0.4819082 0.004368376 -0.133212
vt 0.931578 1.360997
v -0.245853 1.248535 0.85075
vn -0.4304689 0.2433599 -0.07397647
vt 0.950861 1.380515
v -0.191849 1.377305 0.89578
vn -0.4493338 0.1750189 -0.1321647
vt 0.965813 1.331702
v -0.280073 1.16683 0.770735
vn -0.4627015 0.1145865 0.1509215
vt 0.929725 1.403369
v -0.280577 1.16536 0.78158
vn -0.3388169 0.153182 0.3342729
vt 0.932162 1.406384
v -0.2802565 1.1617 0.74069
vn -0.4814699 -0.01752205 -0.133715
vt 0.92387 1.401741
v -0.288895 1.13757 0.75459
vn -0.4095277 0.2698536 0.09729404
vt 0.925596 1.409658
v -0.2799995 1.15877 0.70796
vn -0.4795683 -0.1233624 0.06925297
vt 0.917138 1.40124
v -0.290843 1.132785 0.748315
vn -0.424019 0.01815565 0.264345
vt 0.923724 1.410256
v -0.2826065 1.129885 0.747315
vn 0.1407484 -0.02052885 0.4793417
vt 0.924339 1.415177
v -0.2745915 1.15058 0.714055
vn -0.3311551 -0.09990302 0.3610481
vt 0.918664 1.407783
v -0.2739045 1.166195 0.77122
vn 0.1018545 0.2915564 0.3932182
vt 0.930707 1.408245
v -0.2573765 1.18406 0.79991
vn -0.3032893 0.219442 0.3314526
vt 0.937461 1.405619
v -0.276637 1.189495 0.79687
vn -0.4732687 0.09687503 0.128965
vt 0.936991 1.398992
v -0.28147 1.13548 0.756235
vn 0.06852702 0.3664301 0.3332161
vt 0.926097 1.41412
v -0.2739045 1.166195 0.77122
vn 0.1018545 0.2915564 0.3932182
vt 0.930707 1.408245
v -0.2505585 1.11166 0.699985
vn -0.4745742 -0.003020036 0.1573856
vt 0.914405 1.421403
v -0.2594165 1.134605 0.683715
vn -0.4449741 -0.1693885 0.1526615
vt 0.91178 1.412555
v -0.2826065 1.129885 0.747315
vn 0.1485692 -0.01043939 0.4773031
vt 0.924339 1.415177
v -0.2826065 1.129885 0.747315
vn 0.1485692 -0.01043939 0.4773031
vt 0.924339 1.415177
v -0.2586075 1.17044 0.802355
vn -0.4926583 0.07162048 -0.04645738
vt 0.937766 1.411399
v -0.2573765 1.18406 0.79991
vn -0.3032893 0.219442 0.3314526
vt 0.937461 1.405619
v -0.2770325 1.18103 0.820235
vn -0.371994 0.1398825 0.303403
vt 0.942092 1.404765
v -0.2240845 1.24729 0.873195
vn -0.3943044 0.3070819 -0.0149899
vt 0.957038 1.382854
v -0.225525 1.27658 0.881505
vn -0.4103545 0.2855275 -0.0091233
vt 0.95819 1.370849
v -0.1923865 1.26374 0.908305
vn -0.4479369 0.2221274 0.003453684
vt 0.96745 1.378423
v -0.2091755 1.165325 0.9486
vn -0.4296779 0.2298039 -0.112103
vt 0.967029 1.419175
v -0.2041025 1.10132 0.970095
vn -0.4391872 0.2387831 -0.009861554
vt 0.969427 1.446073
v -0.1976585 1.108035 0.99743
vn -0.3111046 0.3895946 -0.03781496
vt 0.971873 1.445734
v -0.1928245 1.07311 0.99613
vn -0.3103576 0.3867317 0.06416203
vt 0.972605 1.459689
v -0.2023515 1.170115 0.969375
vn -0.3600651 0.3260361 -0.118548
vt 0.969425 1.417669
v -0.1719715 1.243735 0.963425
vn -0.3091745 0.381691 -0.0933975
vt 0.977371 1.389067
v -0.191265 1.267305 0.930045
vn -0.4639954 0.1724435 -0.07050899
vt 0.970026 1.377547
v -0.193028 1.28798 0.92089
vn -0.4281983 0.2567987 -0.02647082
vt 0.968668 1.368671
v -0.141597 1.29936 0.9812401
vn -0.3136646 0.3888557 -0.02014539
vt 0.98401 1.367891
v -0.181609 0.354746 0.954985
vn -0.205531 0.4447169 -0.09991963
vt 0.954925 1.756777
v -0.192108 0.35484 0.923215
vn -0.430768 0.2096305 -0.143157
vt 0.947375 1.756497
v -0.2103465 0.3551785 0.88813
vn -0.421007 -0.2631912 -0.05902147
vt 0.932077 1.757213
v -0.2240675 0.3100005 0.877885
vn -0.4421263 -0.1876529 -0.1389632
vt 0.934031 1.778543
v -0.2103465 0.3551785 0.88813
vn -0.421007 -0.2631912 -0.05902147
vt 0.932077 1.757213
v -0.1990255 0.4479895 -0.3762075
vn -0.3980482 -0.3002686 -0.03736867
vt 0.285299 1.404827
v -0.1676385 0.53096 -0.379159
vn -0.4197582 -0.2702851 0.02736831
vt 0.279485 1.369782
v -0.191849 1.377305 0.89578
vn -0.4493338 0.1750189 -0.1321647
vt 0.621309 1.002194
v -0.1256985 -0.04821799 -0.3571405
vn 0.486506 -0.08966204 0.07261296
vt 0.257157 1.6318
v -0.109796 -0.004342349 -0.3853345
vn 0.4968602 0.003037382 0.05586313
vt 0.250035 1.609038
v -0.116048 0.005742112 -0.3429145
vn 0.4863647 0.06096322 -0.09865549
vt 0.258924 1.603545
v -0.0996785 0.454126 -0.376909
vn 0.3863863 -0.3169616 -0.01552234
vt 0.329689 1.410173
v -0.115475 0.4060175 -0.393832
vn 0.4465838 -0.2201483 -0.04579973
vt 0.330305 1.433839
v 0.204962 -0.007411454 -0.3852285
vn 0.4880802 -0.107699 -0.01336669
vt 0.161542 1.578701
v 0.20603 0.007166446 -0.3394455
vn 0.4473162 0.02548292 -0.2219433
vt 0.152512 1.57411
v 0.2054725 -0.056284 -0.390359
vn 0.4477586 -0.2214861 0.02135721
vt 0.161889 1.607186
v 0.2080135 -0.04793666 -0.3588595
vn 0.4715505 -0.1602515 -0.04426675
vt 0.15493 1.600671
v 0.209657 -0.085012 -0.3766525
vn 0.3219632 -0.1135657 0.3652979
vt 0.15949 1.61897
v 0.2137245 -0.08228001 -0.347935
vn 0.3076732 -0.1957763 0.3420656
vt 0.154862 1.618921
v 0.220288 -0.04574885 -0.3425935
vn 0.4452184 -0.2183995 -0.06389249
vt 0.151016 1.599643
v 0.2269705 -0.085556 -0.332652
vn 0.332463 -0.1587344 0.3380411
vt 0.150211 1.618763
v 0.182323 -0.063839 -0.4179425
vn 0.2265947 -0.4023145 0.1918278
vt 0.169646 1.599952
v 0.1811135 0.023767 -0.43759
vn 0.3480241 -0.3545207 0.05651809
vt 0.1696 1.571006
v 0.187064 -0.08453101 -0.3964105
vn 0.1351964 -0.2655078 0.4015315
vt 0.166856 1.610455
v 0.2243115 -0.009976153 -0.294906
vn 0.4148296 0.05453869 -0.2737552
vt 0.142961 1.582258
v 0.230624 -0.0386846 -0.278104
vn 0.4898102 0.02927641 -0.09606674
vt 0.139392 1.595982
v 0.2358785 -0.08640051 -0.2752855
vn 0.4497389 0.04974359 0.2127451
vt 0.138538 1.618604
v 0.1256985 -0.0482181 -0.3571405
vn -0.4679898 -0.1677744 0.05326601
vt 0.171854 1.598382
v 0.10767 -0.0460672 -0.3395855
vn -0.4449596 -0.2279006 -0.008502502
vt 0.175796 1.597258
v 0.1173405 0.005741946 -0.3429145
vn -0.4864214 0.07680241 -0.0865771
vt 0.174272 1.57182
v 0.1086 -0.007233904 -0.281805
vn -0.3526936 0.1312271 -0.3292212
vt 0.183823 1.579968
v 0.0988065 -0.03782085 -0.2767775
vn -0.4866026 0.03977276 -0.1078705
vt 0.181989 1.595609
v 0.107026 -0.03930625 -0.25458
vn -0.3276652 0.3261995 -0.1903402
vt 0.187392 1.593692
v 0.102418 -0.07744351 -0.242738
vn -0.2657094 0.3917515 0.1610257
vt 0.188246 1.616314
v 0.094382 -0.0852665 -0.273998
vn -0.3704405 0.04002195 0.3334249
vt 0.183584 1.616517
v 0.107888 -0.08528501 -0.3312375
vn -0.3042103 -0.1665731 0.360152
vt 0.176573 1.616473
v 0.1258595 -0.0821875 -0.3479465
vn -0.3854476 -0.1462421 0.2829194
vt 0.171922 1.616631
v 0.100971 0.4541255 -0.3769095
vn -0.3789008 -0.3240973 -0.03735178
vt 0.061419 1.407413
v 0.0924305 0.4510625 -0.3353825
vn -0.4521351 0.1909702 0.09541638
vt 0.061419 1.407413
v 0.104838 0.53995 -0.356137
vn -0.4915156 -0.09158274 0.005001252
vt 0.05656 1.371837
v 0.1167675 0.406017 -0.393832
vn -0.4633582 -0.1878744 0.00155456
vt 0.052958 1.43354
v -0.215542 1.267375 -0.4211185
vn -0.4930852 0.005201932 -0.08270403
vt 0.266203 1.055153
v -0.2251525 1.217995 -0.436618
vn -0.4712455 0.165999 -0.01928806
vt 0.265168 1.07627
v -0.2130735 1.242645 -0.4155075
vn -0.4000663 0.2342737 0.1872505
vt 0.267149 1.067299
v -0.2251525 1.217995 -0.436618
vn -0.4712455 0.165999 -0.01928806
vt 0.265168 1.07627
v -0.227869 1.16836 -0.4370165
vn -0.3337032 0.1581286 0.3371017
vt 0.264396 1.092
v -0.2151875 1.17259 -0.432883
vn -0.3299634 0.0918738 0.3642572
vt 0.265911 1.099204
v 0.215158 1.36798 0.79676
vn 0.4615303 0.05223976 -0.1850967
vt 0.525316 1.042104
v 0.1835295 1.45418 0.80804
vn 0.481007 0.0246984 -0.1342471
vt 0.536128 1.037329
v 0.22483 1.35575 0.727245
vn 0.4616325 -0.01673681 -0.1913512
vt 0.521228 1.071538
v 0.191849 1.377305 0.89578
vn 0.4553225 0.1627414 -0.1272661
vt 0.532087 1.002194
v -0.01434585 1.458775 0.267626
vn 0.2981796 -0.01486347 -0.4010836
vt 0.894149 1.658706
v -0.01637265 1.45672 0.2598995
vn 0.1781245 -0.3362541 -0.324353
vt 0.893907 1.649068
v -0.02000445 1.45672 0.2598995
vn -0.1964314 -0.2922694 -0.3549554
vt 0.891718 1.649068
v -0.02150635 1.45876 0.2674015
vn -0.3080501 0.0007599903 -0.3938332
vt 0.891952 1.658426
v -0.0244925 1.442925 0.253638
vn -0.258512 -0.3119805 -0.2929841
vt 0.884144 1.644679
v -0.0231063 1.44165 0.282458
vn -0.2510254 0.2779444 -0.3312599
vt 0.88453 1.674717
v -0.0195149 1.456965 0.2755085
vn -0.207014 0.288819 -0.351751
vt 0.892183 1.667633
v -0.01087775 1.4417 0.2824225
vn 0.1327719 0.354441 -0.3267157
vt 0.884774 1.678368
v -0.02824405 1.438735 0.2517355
vn -0.252139 -0.03406634 -0.4304247
vt 0.880822 1.638885
v -0.0260804 1.437845 0.285971
vn -0.1850903 -0.1863035 -0.4254793
vt 0.881893 1.68159
v -0.01087775 1.4417 0.2824225
vn 0.1348207 0.3525183 -0.3279546
vt 0.884774 1.678368
v -0.01585895 1.456965 0.2755085
vn 0.2549739 0.2632518 -0.3401276
vt 0.894373 1.667633
v -0.0334439 1.42513 0.2526365
vn -0.4906446 0.01273605 -0.09542352
vt 0.87439 1.640008
v -0.0315494 1.427395 0.2868715
vn -0.4849129 0.009536549 -0.121526
vt 0.875462 1.682713
v -0.02472835 1.443265 0.320206
vn -0.1713348 -0.09606239 -0.4598004
vt 0.882963 1.724294
v -0.0232179 1.442115 0.287485
vn -0.2818896 -0.3458911 -0.2256051
vt 0.884877 1.688637
v -0.02224515 1.44707 0.316242
vn -0.2934084 0.2387809 -0.3269483
vt 0.8856 1.717528
v -0.01962705 1.46559 0.297635
vn -0.31203 -0.067154 -0.3848735
vt 0.893728 1.700089
v -0.01883325 1.462915 0.291134
vn -0.2362846 -0.3382796 -0.2823766
vt 0.893516 1.691646
v -0.01805615 1.46563 0.3058005
vn -0.2241691 0.2248431 -0.3862562
vt 0.893982 1.710211
v -0.0123941 1.465635 0.2978645
vn 0.2988549 -0.09417691 -0.3896363
vt 0.896226 1.700379
v -0.01391 1.462915 0.291134
vn 0.2004388 -0.3896201 -0.2408744
vt 0.896007 1.691646
v -0.0066452 1.44754 0.315995
vn 0.1694618 0.3033916 -0.3594944
vt 0.885725 1.721489
v -0.0066452 1.44754 0.315995
vn 0.1620677 0.306697 -0.3600986
vt 0.885725 1.721489
v -0.0131268 1.46563 0.3058005
vn 0.2789003 0.1874607 -0.3702339
vt 0.896472 1.710211
v -0.03035035 1.42966 0.3211065
vn -0.4883984 0.005882998 -0.1069225
vt 0.876533 1.725418
v -0.02472835 1.44214 0.35517
vn -0.2116216 0.02911077 -0.4520718
vt 0.883138 1.767908
v -0.01993325 1.44736 0.324851
vn -0.2540316 -0.2378331 -0.3590311
vt 0.885899 1.731941
v -0.0199104 1.446845 0.3497485
vn -0.2439615 0.2307595 -0.3704495
vt 0.885361 1.761106
v -0.0141652 1.46744 0.333188
vn -0.2795935 -0.085503 -0.4056066
vt 0.892183 1.746384
v -0.01227225 1.46441 0.3281415
vn -0.1441415 -0.3885866 -0.279685
vt 0.892184 1.737207
v -0.01227225 1.466485 0.341508
vn -0.187819 0.2728055 -0.374568
vt 0.892183 1.755812
v -0.004516085 1.46748 0.333411
vn 0.3440046 -0.07682353 -0.3546251
vt 0.89503 1.746636
v -0.006409 1.46441 0.3281415
vn 0.2034873 -0.4081126 -0.2050294
vt 0.89503 1.737207
v -0.0059334 1.447795 0.3493335
vn 0.2602937 0.2994273 -0.3042869
vt 0.886129 1.764865
v -0.0059127 1.4479 0.325137
vn 0.3062592 -0.2857479 -0.2730448
vt 0.885782 1.727311
v -0.006409 1.46441 0.3281415
vn 0.1952548 -0.4142567 -0.2006663
vt 0.89503 1.737207
v -0.0059334 1.447795 0.3493335
vn 0.2600177 0.2991501 -0.304795
vt 0.886129 1.764865
v -0.006409 1.466485 0.341508
vn 0.3055352 0.2589908 -0.2992859
vt 0.895029 1.755812
v -0.03035035 1.43 0.35517
vn -0.4871899 -0.0124953 -0.111758
vt 0.876692 1.767908
v -0.02611785 1.44492 0.3900365
vn -0.2541347 -0.005919089 -0.4305584
vt 0.882911 1.811401
v -0.02116585 1.445955 0.358424
vn -0.2472601 -0.3032311 -0.3113091
vt 0.886125 1.774701
v -0.0220178 1.450605 0.3867205
vn -0.2882636 0.2911036 -0.2866406
vt 0.886417 1.803534
v -0.0195574 1.466985 0.3718575
vn -0.3095295 -0.04209405 -0.3904095
vt 0.893147 1.790067
v -0.0182501 1.463555 0.3625235
vn -0.243005 -0.326639 -0.290268
vt 0.893147 1.780005
v -0.01913195 1.46557 0.379783
vn -0.2559411 0.2530851 -0.3470477
vt 0.891759 1.79861
v -0.0123184 1.466985 0.3715675
vn 0.3083645 -0.02163238 -0.3929929
vt 0.895806 1.789754
v -0.01268085 1.463555 0.3625235
vn 0.2135793 -0.361365 -0.2716602
vt 0.895806 1.780005
v -0.01014645 1.44965 0.387156
vn 0.1246642 0.4037289 -0.2673234
vt 0.885607 1.808702
v -0.0315536 1.429535 0.3893615
vn -0.4912284 -0.01804365 -0.09148249
vt 0.876473 1.810559
v -0.0282675 1.441455 0.4243045
vn -0.2949419 0.2383302 -0.3258957
vt 0.882107 1.854147
v -0.02370165 1.45002 0.3925495
vn -0.2306742 -0.3863413 -0.2180133
vt 0.885799 1.816866
v -0.02528125 1.446255 0.4225285
vn -0.2026574 0.3853101 -0.2458986
vt 0.884813 1.848277
v -0.0227242 1.462455 0.3942775
vn -0.3611591 -0.3446316 -0.02816386
vt 0.894286 1.821425
v -0.02384995 1.46253 0.4138305
vn -0.3685864 0.2959424 -0.162979
vt 0.893989 1.842851
v -0.0119424 1.446605 0.422398
vn 0.2970354 0.3213488 -0.241878
vt 0.885012 1.852429
v -0.0132772 1.461955 0.4141025
vn 0.2342729 0.4021245 -0.1827897
vt 0.893665 1.847312
v -0.0094529 1.441455 0.4243045
vn 0.3142313 0.05612964 -0.3848482
vt 0.882107 1.854147
v -0.011902 1.462385 0.394247
vn 0.3786014 -0.32214 -0.05372899
vt 0.894251 1.817493
v -0.0164308 1.4776 0.3915715
vn 0.2118094 -0.4392699 -0.1103575
vt 0.903044 1.822775
v -0.0101588 1.4496 0.3924915
vn 0.32142 -0.298725 -0.2396925
vt 0.88556 1.812824
v -0.0132772 1.461955 0.4141025
vn 0.2244671 0.4078552 -0.1823969
vt 0.893665 1.847312
v -0.0119424 1.446605 0.422398
vn 0.2970354 0.3213488 -0.241878
vt 0.885012 1.852429
v -0.01462965 1.48176 0.399938
vn 0.3141765 -0.01792402 -0.388551
vt 0.902872 1.831898
v -0.0164308 1.4776 0.3915715
vn 0.2031523 -0.4409287 -0.1196287
vt 0.903044 1.822775
v -0.0168437 1.478555 0.4087615
vn 0.2627866 0.3086332 -0.2927264
vt 0.902694 1.841358
v -0.0217471 1.481765 0.3998275
vn -0.3110825 -0.03766295 -0.389627
vt 0.901247 1.83176
v -0.0199623 1.478555 0.4087615
vn -0.2138605 0.32331 -0.3158075
vt 0.901066 1.841358
v -0.0195635 1.4776 0.3915715
vn -0.2172216 -0.4033751 -0.2002581
vt 0.901416 1.822775
v -0.0164308 1.4776 0.3915715
vn 0.2031523 -0.4409287 -0.1196287
vt 0.903044 1.822775
v -0.01462965 1.48176 0.399938
vn 0.3141765 -0.01792402 -0.388551
vt 0.902872 1.831898
v -0.0094529 1.441455 0.4243045
vn 0.3094573 0.02643652 -0.3918383
vt 0.882107 1.854147
v -0.0070031 1.44492 0.3900365
vn 0.2694278 0.1920592 -0.3748625
vt 0.882911 1.811401
v -0.004339915 1.427835 0.423629
vn 0.4419561 0.0302845 -0.231857
vt 0.87567 1.853304
v -0.001874465 1.429535 0.3893615
vn 0.452256 0.02688375 -0.2115225
vt 0.876473 1.810559
v 0.0090449 1.421695 0.4136325
vn 0.4093283 0.2042024 -0.2018704
vt 0.872767 1.840834
v 0.0089166 1.410805 0.4130925
vn 0.3070136 0.1537099 0.3634776
vt 0.86762 1.840161
v -0.00443618 1.410325 0.422761
vn 0.291306 -0.01155909 0.4062108
vt 0.867393 1.852221
v 0.0101287 1.422435 0.3987015
vn 0.4279624 -0.142877 -0.2154864
vt 0.873118 1.82221
v -0.00215351 1.412025 0.388493
vn 0.2935246 -0.01250682 0.4045824
vt 0.868197 1.809476
v -0.00958905 1.389365 0.4228815
vn 0.3074567 -0.01040331 0.3941601
vt 0.857484 1.852371
v -0.0096907 1.387665 0.457149
vn 0.3108999 -0.01802584 0.391173
vt 0.85668 1.895117
v -0.00487068 1.40863 0.4570285
vn 0.2760217 -0.01952922 0.41645
vt 0.86659 1.894967
v -0.0096907 1.385965 0.491417
vn 0.3113707 -0.0193876 0.3907332
vt 0.855876 1.937862
v -0.00487068 1.40693 0.4912965
vn 0.2956913 0.128047 0.3823226
vt 0.865787 1.937712
v -0.0080561 1.391065 0.3886135
vn 0.3013177 -0.0001346411 0.3990083
vt 0.858287 1.809625
v -0.000798145 1.41247 0.35517
vn 0.2655708 0.01292771 0.4234442
vt 0.868406 1.767908
v -0.0070696 1.391505 0.35529
vn 0.2986186 0.003655158 0.4010157
vt 0.858496 1.768058
v -0.000798145 1.41217 0.322264
vn 0.2712041 0.0229448 0.4194304
vt 0.868264 1.726862
v -0.00706825 1.391205 0.3223845
vn 0.2992216 0.009273142 0.4004753
vt 0.858354 1.727012
v -0.00220521 1.4099 0.2880295
vn 0.3177702 0.01523408 0.3857331
vt 0.867193 1.684157
v -0.00813515 1.38894 0.2881495
vn 0.3030542 0.0126709 0.3974892
vt 0.857283 1.684308
v -0.004456725 1.407635 0.2537945
vn 0.3231649 0.008163626 0.3814418
vt 0.866122 1.641453
v -0.00960835 1.38667 0.2539145
vn 0.3091592 0.01821831 0.3925414
vt 0.856212 1.641603
v -0.00487068 1.40537 0.2195595
vn 0.2948728 -0.1220365 0.3849119
vt 0.865051 1.598748
v -0.0096907 1.384405 0.2196795
vn 0.3113847 0.02508704 0.3903975
vt 0.855142 1.598898
v 0.01181775 1.41247 0.3305405
vn 0.2138458 -0.1147546 0.4371514
vt 0.868406 1.737185
v 0.0121793 1.42337 0.3305405
vn 0.4317052 -0.1738156 -0.1828081
vt 0.87356 1.737185
v 0.00215055 1.42966 0.3211065
vn 0.4466885 -0.01464535 -0.224176
vt 0.876533 1.725418
v 0.0155557 1.41153 0.312605
vn 0.3053285 0.1839992 0.3505978
vt 0.867962 1.714813
v 0.0159129 1.422405 0.311885
vn 0.416014 0.1553435 -0.229784
vt 0.873105 1.713915
v -0.001882995 1.427395 0.2868715
vn 0.4135687 -0.04280037 -0.2777212
vt 0.875462 1.682713
v 0.0151292 1.409265 0.27837
vn 0.3078475 0.1915074 0.344318
vt 0.866891 1.672109
v 0.0153397 1.42014 0.27765
vn 0.401934 0.1723285 -0.242388
vt 0.872033 1.67121
v -0.004346535 1.42513 0.2526365
vn 0.4317926 -0.04699166 -0.2476831
vt 0.87439 1.640008
v 0.00805945 1.406995 0.244135
vn 0.3174051 0.1776655 0.3430582
vt 0.86582 1.629404
v 0.00809755 1.417875 0.243415
vn 0.4198694 0.1553355 -0.2226669
vt 0.870962 1.628506
v -0.00487068 1.42286 0.2184015
vn 0.4194025 -0.1690085 -0.2133955
vt 0.873319 1.597304
v 0.00799485 1.41689 0.2284985
vn 0.4164453 -0.1896434 -0.2015159
vt 0.870496 1.609899
v 0.00799485 1.40601 0.2292185
vn 0.3160065 -0.1348573 0.3632539
vt 0.865353 1.610797
v 0.0143034 1.419155 0.2627335
vn 0.3829161 -0.2349796 -0.2194536
vt 0.871567 1.652603
v 0.01416885 1.408275 0.2634535
vn 0.2942155 -0.1688412 0.367328
vt 0.866424 1.653502
v 0.01524465 1.42142 0.2969685
vn 0.3935283 -0.2234779 -0.2125869
vt 0.872638 1.695308
v 0.01494035 1.41054 0.2976885
vn 0.2971749 -0.1596063 0.3690704
vt 0.867495 1.696206
v -0.0099485 1.43647 0.217501
vn 0.4677351 -0.01878796 -0.1757011
vt 0.879751 1.59618
v -0.00942455 1.438735 0.2517355
vn 0.2687382 0.01474774 -0.4213814
vt 0.880822 1.638885
v -0.01576215 1.45252 0.225792
vn 0.2821318 -0.03073915 -0.4116513
vt 0.889942 1.606523
v -0.0156913 1.453505 0.240675
vn 0.2859791 0.1341916 -0.3875675
vt 0.890407 1.625088
v -0.006961 1.437845 0.2859705
vn 0.2494174 -0.1260733 -0.414604
vt 0.881893 1.68159
v -0.01087775 1.4417 0.2824225
vn 0.1399203 0.3476533 -0.3309977
vt 0.884774 1.678368
v -0.0124366 1.442755 0.253561
vn 0.2971529 -0.301701 -0.2658509
vt 0.883747 1.641162
v -0.00292728 1.443265 0.320206
vn 0.2674444 -0.03872298 -0.4206828
vt 0.882963 1.724294
v -0.00942525 1.442385 0.2875805
vn 0.1548989 -0.4356173 -0.1903783
vt 0.884782 1.683598
v -0.0123941 1.465635 0.2978645
vn 0.2988549 -0.09417691 -0.3896363
vt 0.896226 1.700379
v -0.01391 1.462915 0.291134
vn 0.1922925 -0.3971899 -0.2350824
vt 0.896007 1.691646
v -0.0131268 1.46563 0.3058005
vn 0.2789003 0.1874607 -0.3702339
vt 0.896472 1.710211
v 0.00215055 1.43 0.35517
vn 0.460323 0.0404006 -0.1909725
vt 0.876692 1.767908
v 0.0121659 1.42337 0.3454895
vn 0.4378973 0.1508444 -0.1883929
vt 0.87356 1.755833
v 0.01179565 1.41247 0.3454895
vn 0.3107131 0.1463041 0.3633903
vt 0.868406 1.755833
v 0.0085061 1.42337 0.3648505
vn 0.4659604 -0.1141175 -0.140919
vt 0.873559 1.779984
v 0.007799 1.423375 0.3797995
vn 0.4377021 0.167019 -0.174704
vt 0.873559 1.798631
v 0.00748025 1.41247 0.3797995
vn 0.3553064 0.161297 0.3126349
vt 0.868405 1.798631
v 0.00812645 1.41247 0.3648505
vn 0.3617305 -0.13461 0.317854
vt 0.868406 1.779984
v -0.00292728 1.44214 0.35517
vn 0.2550794 0.06460381 -0.4251598
vt 0.883138 1.767908
v -0.01014645 1.44965 0.387156
vn 0.1281666 0.4022951 -0.2678282
vt 0.885607 1.808702
v -0.0077715 1.445695 0.3583095
vn 0.215845 -0.3057456 -0.3315578
vt 0.885976 1.770644
v -0.0123184 1.466985 0.3715675
vn 0.3083645 -0.02163238 -0.3929929
vt 0.895806 1.789754
v -0.0077715 1.445695 0.3583095
vn 0.2217129 -0.3027934 -0.330393
vt 0.885976 1.770644
v -0.01268085 1.463555 0.3625235
vn 0.204887 -0.3703188 -0.2662429
vt 0.895806 1.780005
v -0.01357385 1.46557 0.3797825
vn 0.2852578 0.2455818 -0.3291163
vt 0.894418 1.79861
v -0.0059334 1.447795 0.3493335
vn 0.259326 0.2984551 -0.3060631
vt 0.886129 1.764865
v 0.0099304 1.41155 0.3981615
vn 0.3207087 -0.1591624 0.3490176
vt 0.86797 1.821536
v -0.006409 1.466485 0.341508
vn 0.3055352 0.2589908 -0.2992859
vt 0.895029 1.755812
v -0.0124366 1.442755 0.253561
vn 0.2915658 -0.3070858 -0.2658716
vt 0.883747 1.641162
v -0.01637265 1.45672 0.2598995
vn 0.1706524 -0.343709 -0.3205338
vt 0.893907 1.649068
v -0.01434585 1.458775 0.267626
vn 0.2981796 -0.01486347 -0.4010836
vt 0.894149 1.658706
v -0.01585895 1.456965 0.2755085
vn 0.2549739 0.2632518 -0.3401276
vt 0.894373 1.667633
v -0.213632 1.17814 0.2898525
vn -0.3196926 -0.3400671 -0.1793071
vt 0.665663 1.249061
v -0.2116415 1.12727 0.311458
vn -0.2949522 0.3886709 -0.1092619
vt 0.67787 1.232206
v -0.2049195 1.140945 0.3139365
vn 0.09023773 0.491548 0.0154193
vt 0.673518 1.230777
v 0.04698585 1.376085 -0.4574895
vn 0.3975175 -0.3032409 0.004981085
vt 0.5606 1.536959
v 0.1578033 0.02373794 0.979425
vn -0.4618246 -0.1792937 0.0676155
vt 0.75275 1.976078
v 0.1594683 -0.01755011 0.99398
vn -0.3030517 -0.1612842 0.3635204
vt 0.753461 1.996827
v 0.1483469 -0.01791912 1.04582
vn -0.3736141 0.05143717 0.3282784
vt 0.761234 1.996924
v 0.1531004 0.03220716 1.0355
vn -0.4906287 0.02374608 -0.09337853
vt 0.759615 1.974134
v 0.162653 0.07764248 0.97166
vn -0.3970888 0.1375259 -0.2709374
vt 0.752995 1.945984
v 0.1553039 0.06703153 0.92732
vn -0.4945522 -0.06460167 0.03528121
vt 0.744695 1.946362
v 0.1741906 0.02205422 0.962215
vn -0.4511545 -0.1500012 0.1547879
vt 0.748381 1.97704
v 0.1582439 0.03083359 1.05794
vn -0.3726196 0.2525193 -0.2176892
vt 0.765666 1.972097
v 0.1549369 -0.009410692 1.07586
vn -0.3070155 0.368685 0.1407583
vt 0.766669 1.99692
v 0.1575728 0.05757396 1.026455
vn -0.3951145 0.1249156 -0.2797868
vt 0.76165 1.957338
v 0.175601 -0.01370779 0.976785
vn -0.3857945 -0.1768306 0.264374
vt 0.748597 1.994754
v 0.175601 -0.01370779 0.976785
vn -0.3857945 -0.1768306 0.264374
vt 0.836712 1.939067
v -0.130157 0.06838849 0.92732
vn 0.4990526 0.007937058 0.02972362
vt 0.969379 1.892694
v 0.0476105 1.786115 1.311035
vn 0.08427599 0.4813254 -0.1059405
vt 0.938486 1.111912
v 0.053759 1.78852 1.296175
vn 0.4344554 0.140908 -0.2034539
vt 0.945476 1.110002
v 0.0469756 1.79912 1.30289
vn -0.01402899 0.02203394 -0.4993172
vt 0.943446 1.09748
v 0.0420607 1.774195 1.31451
vn 0.1214576 0.3443464 -0.3415751
vt 0.935599 1.123465
v 0.0398743 1.77633 1.300655
vn -0.4775155 0.01904055 -0.147025
vt 0.943618 1.12283
v 0.0452608 1.785135 1.279205
vn -0.3006372 0.1594391 -0.3663283
vt 0.956041 1.112664
v 0.03694165 1.7521 1.268205
vn -0.4831389 -0.04353749 -0.1211665
vt 0.962118 1.151656
v 0.03313855 1.737585 1.32639
vn -0.4909701 -0.005394601 -0.09444202
vt 0.928487 1.167226
v 0.0372985 1.764815 1.32896
vn -0.4567067 0.02819031 -0.2015546
vt 0.926902 1.143162
v 0.04363195 1.762045 1.234165
vn -0.482083 -0.0424321 -0.12568
vt 0.981813 1.140357
v 0.0508775 1.792295 1.238635
vn -0.4024194 -0.08468698 -0.2844059
vt 0.979457 1.104607
v 0.0480201 1.770955 1.203685
vn -0.4839286 -0.03429475 -0.1209835
vt 0.999455 1.130258
v 0.0420607 1.774195 1.31451
vn 0.1202118 0.3471352 -0.3391847
vt 0.935599 1.123465
v 0.051599 1.799155 1.26173
vn -0.156807 0.03431087 -0.4735339
vt 0.966213 1.096336
v 0.0640855 1.794825 1.23872
vn 0.4135885 -0.120083 -0.254017
vt 0.979428 1.101625
v 0.0580585 1.811065 1.25173
vn 0.003346026 -0.103322 -0.4891967
vt 0.972069 1.082432
v 0.0588585 1.796885 1.263345
vn 0.2921884 0.192188 -0.357337
vt 0.965267 1.09899
v 0.0653875 1.781275 1.26972
vn 0.4769074 0.14212 0.04859244
vt 0.961468 1.117278
v 0.0589765 1.803995 1.271155
vn 0.2107007 -0.07098821 -0.4478458
vt 0.960828 1.090591
v 0.053576 1.7994 1.27782
vn -0.02256559 0.3997392 -0.2994985
vt 0.956953 1.095933
v 0.0558985 1.754525 1.260185
vn 0.4410791 0.1380905 0.190736
vt 0.96827 1.147797
v 0.0582235 1.784215 1.2805
vn 0.3149473 0.2057436 -0.3293597
vt 0.955287 1.112779
v 0.0470282 1.752625 1.268865
vn 0.4583628 0.04540998 0.1945289
vt 0.962596 1.151028
v 0.053576 1.7994 1.27782
vn -0.0237059 0.4063191 -0.2904184
vt 0.956953 1.095933
v 0.0571195 1.763865 1.22872
vn 0.4885028 -0.01247045 0.105875
vt 0.984966 1.138282
v 0.063428 1.770325 1.292165
vn 0.4995939 0.01551905 0.01284975
vt 0.947772 1.127065
v 0.0553495 1.74771 1.28835
vn 0.4753269 -0.00995665 0.154807
vt 0.952808 1.156601
v 0.0559775 1.77201 1.30901
vn 0.4205465 0.2149435 -0.164134
vt 0.938208 1.126956
v 0.0420607 1.774195 1.31451
vn 0.1204012 0.3425744 -0.3437242
vt 0.935599 1.123465
v 0.0458852 1.742165 1.308835
vn 0.4804645 -0.072541 0.117863
vt 0.938706 1.162327
v 0.0587485 1.75446 1.328565
vn 0.4997786 0.0132252 0.006815951
vt 0.92679 1.143166
v 0.051426 1.769925 1.31943
vn 0.05912444 -0.04987684 -0.4939804
vt 0.930999 1.125469
v 0.0420607 1.774195 1.31451
vn 0.1208771 0.3372453 -0.3487898
vt 0.935599 1.123465
v 0.0570825 1.736695 1.325105
vn 0.4953901 0.00115638 0.06773001
vt 0.928634 1.167106
v 0.0545265 1.759355 1.339465
vn 0.4543084 0.2015804 -0.05449098
vt 0.922165 1.139261
v 0.04497755 1.734455 1.3404
vn 0.47659 0.053087 0.141576
vt 0.920993 1.169951
v 0.047959 1.794845 1.33941
vn 0.00405131 0.119449 -0.4855054
vt 0.923745 1.109822
v 0.0459421 1.764365 1.34533
vn 0.1102159 0.3490545 -0.3406075
vt 0.917802 1.133162
v 0.03834715 1.759165 1.35233
vn -0.4186253 -0.04004679 -0.2704609
vt 0.912771 1.142333
v 0.051426 1.769925 1.31943
vn 0.05885328 -0.03412073 -0.4953505
vt 0.930999 1.125469
v 0.0541465 1.748155 1.360305
vn 0.4949926 0.06475352 -0.02809436
vt 0.908213 1.151706
v 0.0471586 1.75985 1.34937
vn 0.2383822 0.192823 -0.3949597
vt 0.915231 1.138488
v 0.0459421 1.764365 1.34533
vn 0.1094106 0.349276 -0.34064
vt 0.917802 1.133162
v 0.04305225 1.779225 1.365395
vn -0.00305433 0.2599345 -0.4271121
vt 0.904512 1.124002
v 0.04675925 1.749545 1.37543
vn 0.3101575 0.3391156 -0.1969844
vt 0.898643 1.151527
v 0.0395124 1.75467 1.374125
vn -0.09553005 0.178218 -0.457288
vt 0.900581 1.14554
v 0.0524315 1.731825 1.3595
vn 0.4998187 -0.01129665 0.007328252
vt 0.909376 1.174588
v 0.04827475 1.7268 1.38928
vn 0.4886037 0.09949603 -0.03697336
vt 0.892192 1.18031
v 0.04965395 1.741175 1.39035
vn 0.4898404 0.09524649 -0.0313765
vt 0.890541 1.160965
v 0.04168665 1.75674 1.38111
vn 0.1860085 -0.1971027 -0.4201801
vt 0.895184 1.143159
v 0.03741965 1.771315 1.397325
vn -0.05008092 -0.08115479 -0.4908216
vt 0.887006 1.130402
v 0.03910785 1.752615 1.406815
vn 0.35215 0.3185098 -0.1566586
vt 0.881146 1.148573
v 0.0308343 1.749445 1.40461
vn -0.4325671 0.06576303 -0.2419936
vt 0.883417 1.154849
v 0.0420842 1.72129 1.421115
vn 0.4889854 0.08211198 0.06442749
vt 0.873818 1.186576
v 0.03520975 1.754285 1.380175
vn -0.3677834 -0.1066615 -0.3214944
vt 0.896392 1.148467
v 0.0264124 1.725545 1.39538
vn -0.4878615 -0.0362061 -0.1033455
vt 0.888669 1.181742
v 0.04168665 1.75674 1.38111
vn 0.1860085 -0.1971027 -0.4201801
vt 0.895184 1.143159
v 0.03741965 1.771315 1.397325
vn -0.05008092 -0.08115479 -0.4908216
vt 0.887006 1.130402
v 0.0271256 1.743395 1.429755
vn -0.4553871 -0.05185551 -0.199834
vt 0.871381 1.16072
v 0.0368405 1.749875 1.42125
vn 0.03196386 -0.06791063 -0.4943344
vt 0.875669 1.150833
v 0.0216063 1.720965 1.439025
vn -0.4788987 -0.09893104 -0.104253
vt 0.852121 1.186089
v 0.02458425 1.745715 1.448545
vn -0.1875399 0.08167329 -0.4562437
vt 0.847527 1.163792
v 0.0395124 1.75467 1.374125
vn -0.09076235 0.1968827 -0.4505546
vt 0.900581 1.14554
v 0.0127252 1.714065 1.461735
vn -0.4009074 -0.1812116 -0.2375618
vt 0.840277 1.194056
v 0.015088 1.728635 1.466335
vn -0.2893675 0.1037865 -0.3943283
vt 0.837136 1.177941
v 0.02458425 1.745715 1.448545
vn -0.1875399 0.08167329 -0.4562437
vt 0.847527 1.163792
v 0.0331631 1.74589 1.444475
vn 0.1251448 0.2775817 -0.3965945
vt 0.866038 1.160722
v 0.02070265 1.734145 1.46231
vn -0.1884691 0.2457457 -0.392541
vt 0.840235 1.172275
v 0.03531645 1.770885 1.438695
vn 0.0053804 0.12729 -0.483496
vt 0.868097 1.138435
v 0.0368405 1.749875 1.42125
vn 0.03196386 -0.06791063 -0.4943344
vt 0.875669 1.150833
v 0.04526635 1.7369 1.42784
vn 0.4978672 0.04434247 -0.01272756
vt 0.871305 1.16209
v 0.0331631 1.74589 1.444475
vn 0.1263319 0.2788685 -0.3953133
vt 0.866038 1.160722
v 0.0388793 1.7403 1.446645
vn 0.319452 0.2404093 -0.3002562
vt 0.846348 1.168154
v 0.0333532 1.716095 1.43594
vn 0.4855675 0.01642575 0.118129
vt 0.85386 1.191799
v 0.035819 1.704995 1.44928
vn 0.4776808 0.0441199 0.140977
vt 0.84609 1.204717
v 0.04087875 1.722225 1.45717
vn 0.4807408 0.0694699 0.1185843
vt 0.840742 1.185579
v 0.04029225 1.727765 1.461715
vn 0.4882876 0.1034746 -0.02946559
vt 0.840018 1.180882
v 0.0388793 1.7403 1.446645
vn 0.3143035 0.2449366 -0.3020254
vt 0.846348 1.168154
v 0.0308176 1.73779 1.453895
vn 0.1420507 0.05419243 -0.4763242
vt 0.843869 1.172867
v 0.02070265 1.734145 1.46231
vn -0.1928003 0.2422631 -0.3926024
vt 0.840235 1.172275
v 0.0331631 1.74589 1.444475
vn 0.1292892 0.2820625 -0.3920779
vt 0.866038 1.160722
v -0.04762055 1.86238 1.478645
vn -0.4313982 0.02142204 -0.2518663
vt 0.836556 1.011164
v -0.04321 1.862405 1.44364
vn -0.472215 0.00787775 -0.1641675
vt 0.857923 1.010898
v -0.0623425 1.82986 1.45491
vn -0.4688366 -0.1083121 0.1358702
vt 0.856834 1.056086
v -0.063674 1.835835 1.478185
vn -0.464767 0.1791525 0.04354335
vt 0.841423 1.032209
v -0.0525825 1.81947 1.44549
vn -0.4051124 -0.03539089 0.2909148
vt 0.85749 1.056245
v -0.0504235 1.86243 1.422425
vn -0.4887841 -0.04899652 -0.09321703
vt 0.871629 1.01054
v -0.0557735 1.828555 1.42141
vn -0.4683721 -0.05959798 0.1645468
vt 0.870778 1.05102
v -0.04267835 1.862445 1.4078
vn -0.4914702 0.05457302 -0.07401903
vt 0.880755 1.01041
v -0.051233 1.816725 1.40335
vn -0.3111385 0.2205549 0.3233394
vt 0.881482 1.060416
v -0.0474834 1.81621 1.40818
vn -0.3129564 -0.07956298 0.3817434
vt 0.879741 1.063321
v -0.04034695 1.814275 1.41342
vn 0.1819548 -0.08663735 0.4575876
vt 0.875933 1.059467
v -0.04403145 1.758745 1.41126
vn 0.0084541 -0.100547 0.489713
vt 0.872316 1.123657
v -0.0469065 1.814025 1.44089
vn -0.195775 0.08654945 0.4518643
vt 0.860562 1.055849
v -0.03405335 1.82517 1.427935
vn 0.4736196 -0.009000701 0.160011
vt 0.864539 1.045335
v -0.03615865 1.812815 1.4744
vn 0.2864885 0.1195057 0.3919729
vt 0.840426 1.052911
v -0.050063 1.811415 1.454595
vn -0.01926489 -0.4581348 0.1993524
vt 0.851918 1.065515
v -0.057055 1.746045 1.456405
vn -0.05745348 -0.1479994 0.4741258
vt 0.84429 1.150047
v -0.054068 1.76518 1.47107
vn 0.01129125 0.4142675 0.279741
vt 0.837617 1.128071
v -0.0606165 1.794295 1.471105
vn -0.4957722 0.05428252 0.03554371
vt 0.840541 1.084765
v -0.063674 1.835835 1.478185
vn -0.4670729 0.1730916 0.04338432
vt 0.841423 1.032209
v -0.04944545 1.81678 1.48955
vn -0.1447781 0.4258324 0.2184172
vt 0.83161 1.047768
v -0.04944545 1.81678 1.48955
vn -0.142663 0.4276028 0.2163402
vt 0.83161 1.047768
v -0.04034695 1.814275 1.41342
vn 0.1819548 -0.08663735 0.4575876
vt 0.875933 1.059467
v -0.02608615 1.862445 1.40581
vn 0.4709405 -0.04615795 0.161507
vt 0.881998 1.010393
v -4.42147E-05 1.862365 1.505955
vn 5.825427E-07 -0.3443647 0.3625093
vt 0.819113 1.010751
v -0.03913555 1.819945 1.390705
vn 0.4453395 -0.0583645 0.219696
vt 0.890664 1.047933
v -0.052389 1.77357 1.382445
vn -0.02409377 -0.2522536 0.4310309
vt 0.888963 1.098568
v -0.0492383 1.81609 1.37692
vn 0.1551677 -0.2558646 0.40057
vt 0.897451 1.064413
v -0.0277493 1.862505 1.367705
vn 0.4534228 -0.08027697 0.1948419
vt 0.905752 1.010055
v -0.061268 1.8306 1.389615
vn -0.4863208 0.116107 -0.003354164
vt 0.890617 1.044288
v -0.055521 1.816305 1.37709
vn -0.24995 -0.3253992 0.2857279
vt 0.898328 1.063538
v -0.0611955 1.818715 1.37226
vn -0.1914825 0.0379529 0.4603195
vt 0.90038 1.05744
v -0.0524105 1.86249 1.37551
vn -0.4768216 0.1338655 -0.06871101
vt 0.899605 1.010142
v -0.0575065 1.862465 1.392125
vn -0.4811734 0.1239935 -0.05565749
vt 0.890532 1.010272
v -0.051278 1.820915 1.35465
vn 0.211794 -0.1527422 0.4263955
vt 0.910443 1.051041
v -0.03322805 1.862555 1.340345
vn 0.4223563 -0.05248198 0.2624134
vt 0.928988 1.009724
v -0.0634205 1.77548 1.351525
vn -0.01149115 -0.06629749 0.4954519
vt 0.909915 1.102943
v -0.0757325 1.839185 1.36029
vn -0.4786669 0.1361945 -0.04826079
vt 0.909859 1.035688
v -0.0668515 1.82306 1.344615
vn -0.1147673 -0.1155716 0.4727279
vt 0.919165 1.058597
v -0.0669245 1.82225 1.337505
vn -0.1544186 0.2900591 0.3768563
vt 0.921421 1.061891
v -0.072876 1.830175 1.34211
vn -0.4573519 0.07959348 0.185726
vt 0.919335 1.049696
v -0.0604735 1.86254 1.346255
vn -0.470869 0.0452363 -0.1619755
vt 0.919112 1.009865
v -0.0682625 1.86251 1.36251
vn -0.4622404 0.148378 -0.119657
vt 0.909658 1.009999
v -0.083895 1.84613 1.323855
vn -0.492496 0.0170011 -0.08460851
vt 0.932095 1.030304
v -0.0746925 1.805025 1.319775
vn -0.4598686 0.12018 0.1551695
vt 0.933367 1.082124
v -0.0755465 1.820975 1.307255
vn -0.3257102 0.009388072 0.3792423
vt 0.942836 1.065275
v -0.0815 1.827495 1.308895
vn -0.4790213 0.08357528 0.1164205
vt 0.942386 1.056995
v -0.0646365 1.77243 1.312
vn 0.0403228 -0.1077188 0.486591
vt 0.934833 1.106177
v -0.0772015 1.86258 1.3264
vn -0.4662725 0.055911 -0.1716505
vt 0.931469 1.009689
v -0.0815 1.827495 1.308895
vn -0.4777693 0.08714283 0.1189227
vt 0.942386 1.056995
v -0.0646555 1.862625 1.307525
vn -0.456307 0.065532 -0.193622
vt 0.943206 1.009522
v -0.0669245 1.82225 1.337505
vn -0.133846 0.29053 0.3842884
vt 0.921421 1.061891
v -0.0646365 1.77243 1.312
vn 0.04620261 -0.1107406 0.4853883
vt 0.934833 1.106177
v -0.077153 1.862645 1.298705
vn -0.4717114 -0.03710112 -0.1615917
vt 0.948691 1.009444
v -0.0888095 1.83486 1.29645
vn -0.4459098 0.2080597 -0.08874463
vt 0.948258 1.048753
v -0.079965 1.862885 1.223255
vn -0.3596 -0.34713 0.01373295
vt 0.97775 1.009825
v -0.0823245 1.826425 1.285985
vn -0.477522 -0.1276775 0.0753075
vt 0.954197 1.060398
v -0.0846395 1.83753 1.228595
vn -0.3026463 -0.2879549 0.2747493
vt 0.972126 1.060497
v -0.04132405 1.86292 1.21535
vn 0.1277749 -0.3681572 0.3132632
vt 0.982687 1.00896
v -0.082236 1.824315 1.257815
vn -0.1721091 -0.2208172 0.4142683
vt 0.971403 1.066053
v -0.0719815 1.80096 1.268105
vn 0.04209079 -0.07675499 0.4922774
vt 0.962464 1.082115
v -0.0645925 1.826905 1.26196
vn 0.3704729 -0.1801739 0.2833499
vt 0.969009 1.062369
v -0.066585 1.83997 1.228945
vn 0.1913099 -0.2534534 0.3862149
vt 0.97206 1.057404
v -0.0378322 1.862625 1.306045
vn 0.408098 -0.09683501 0.2721745
vt 0.962855 1.009243
v -0.04132405 1.86292 1.21535
vn 0.1241807 -0.3700524 0.3124746
vt 0.982687 1.00896
v -0.061173 1.82369 1.307945
vn 0.3665122 -0.05195095 0.33611
vt 0.942572 1.061815
v -0.0695105 1.81646 1.28317
vn 0.1239367 -0.07437255 0.4786527
vt 0.955329 1.073145
v -0.070041 1.795505 1.291265
vn 0.3635758 -0.07535846 0.3348638
vt 0.947887 1.086423
v -0.058426 1.82131 1.32563
vn 0.4416171 0.08709166 0.217691
vt 0.93191 1.047104
v -0.076141 1.791075 1.291215
vn -0.1749605 0.0110585 0.4682591
vt 0.94765 1.091974
v -0.0695105 1.81646 1.28317
vn 0.1108537 -0.101596 0.476854
vt 0.955329 1.073145
v -0.076141 1.791075 1.291215
vn -0.1504081 0.02460394 0.4762059
vt 0.94765 1.091974
v -0.04132405 1.86292 1.21535
vn 0.1241807 -0.3700524 0.3124746
vt 0.982687 1.00896
v -0.0846395 1.83753 1.228595
vn -0.3026463 -0.2879549 0.2747493
vt 0.972126 1.060497
v -0.082236 1.824315 1.257815
vn -0.1721091 -0.2208172 0.4142683
vt 0.971403 1.066053
v -0.03179905 1.86259 1.32256
vn 0.4103464 -0.04845044 0.2815464
vt 0.940629 1.009559
v -0.058426 1.82131 1.32563
vn 0.4403749 0.08880316 0.2195085
vt 0.93191 1.047104
v -0.0669245 1.82225 1.337505
vn -0.133846 0.29053 0.3842884
vt 0.921421 1.061891
v -0.0646365 1.77243 1.312
vn 0.06086334 -0.1182066 0.4819988
vt 0.934833 1.106177
v -0.0603665 1.824535 1.338725
vn 0.2607229 -0.01553279 0.4263594
vt 0.922089 1.057851
v -0.0668515 1.82306 1.344615
vn -0.1093433 -0.115673 0.4739871
vt 0.919165 1.058597
v -0.058426 1.82131 1.32563
vn 0.4403749 0.08880316 0.2195085
vt 0.93191 1.047104
v -0.0668515 1.82306 1.344615
vn -0.1093433 -0.115673 0.4739871
vt 0.919165 1.058597
v -0.03615865 1.812815 1.4744
vn 0.2864885 0.1195057 0.3919729
vt 0.840426 1.052911
v -0.0403393 1.822765 1.49869
vn -0.3543332 -0.2226259 0.2736526
vt 0.821077 1.061721
v -0.04944545 1.81678 1.48955
vn -0.1497052 0.4254743 0.2157776
vt 0.83161 1.047768
v -0.0305481 1.82372 1.497195
vn 0.3086391 -0.180249 0.3496458
vt 0.821546 1.045724
v -0.0469065 1.814025 1.44089
vn -0.2055004 0.07947089 0.4488362
vt 0.860562 1.055849
v -0.0525825 1.81947 1.44549
vn -0.4051124 -0.03539089 0.2909148
vt 0.85749 1.056245
v 0.0259979 1.862445 1.40581
vn -0.4709406 -0.04615816 0.1615065
vt 0.881998 1.010393
v 0.0360704 1.812815 1.4744
vn -0.2864884 0.1195056 0.391973
vt 0.840426 1.052911
v 0.0339651 1.82517 1.427935
vn -0.4736198 -0.008998945 0.1600104
vt 0.864539 1.045335
v 0.0402585 1.814275 1.41342
vn -0.4276934 -0.2159605 0.1429665
vt 0.875933 1.059467
v 0.03904725 1.819945 1.390705
vn -0.444715 0.08814519 0.2108531
vt 0.883534 1.044015
v 0.02766105 1.862505 1.367705
vn -0.4534228 -0.08027697 0.1948419
vt 0.905752 1.010055
v 0.04915005 1.81609 1.37692
vn -0.154979 -0.3431816 0.3289497
vt 0.897451 1.064413
v 0.052301 1.77357 1.382445
vn -0.09145796 -0.3495998 0.3455654
vt 0.888963 1.098568
v 0.0439432 1.758745 1.41126
vn -0.0084538 -0.100547 0.489713
vt 0.872316 1.123657
v 0.04681825 1.814025 1.44089
vn 0.195775 0.0865494 0.4518643
vt 0.860562 1.055849
v 0.055685 1.828555 1.42141
vn 0.4695874 -0.04944246 0.1644478
vt 0.870778 1.05102
v 0.04739515 1.81621 1.40818
vn 0.312952 -0.079568 0.381746
vt 0.879741 1.063321
v 0.051145 1.816725 1.40335
vn 0.2633797 0.1684594 0.3901955
vt 0.881482 1.060416
v 0.051145 1.816725 1.40335
vn 0.2633797 0.1684594 0.3901955
vt 0.881482 1.060416
v 0.0503355 1.86243 1.422425
vn 0.4910704 -0.02801069 -0.08980697
vt 0.871629 1.01054
v 0.04312175 1.862405 1.44364
vn 0.475233 -0.007139451 -0.15525
vt 0.857923 1.010898
v 0.0524945 1.81947 1.44549
vn 0.4065854 -0.03793527 0.2885295
vt 0.85749 1.056245
v 0.0425901 1.862445 1.4078
vn 0.4915752 0.04237571 -0.08098252
vt 0.880755 1.01041
v 0.0611795 1.8306 1.389615
vn 0.4802206 0.13914 0.005314451
vt 0.890617 1.044288
v 0.052301 1.77357 1.382445
vn -0.09890505 -0.3461888 0.3469454
vt 0.888963 1.098568
v 0.055433 1.816305 1.37709
vn 0.2372491 -0.2940932 0.3274477
vt 0.898328 1.063538
v 0.061107 1.818715 1.37226
vn 0.1865238 0.03869336 0.4622896
vt 0.90038 1.05744
v 0.0574185 1.862465 1.392125
vn 0.4757699 0.141145 -0.06100098
vt 0.890532 1.010272
v 0.062254 1.82986 1.45491
vn 0.4664406 -0.1106847 0.1420635
vt 0.856834 1.056086
v 0.063586 1.835835 1.478185
vn 0.4447121 0.1885005 0.1292234
vt 0.841423 1.032209
v 0.0475323 1.86238 1.478645
vn 0.4273781 0.0282929 -0.257968
vt 0.836556 1.011164
v 0.04004995 1.86236 1.50856
vn 0.4810369 0.09608781 -0.09680186
vt 0.81169 1.012118
v 0.04997465 1.811415 1.454595
vn 0.01926499 -0.4581348 0.1993524
vt 0.851918 1.065515
v 0.060528 1.794295 1.471105
vn 0.4957722 0.05428252 0.03554371
vt 0.840541 1.084765
v 0.056967 1.746045 1.456405
vn 0.05745352 -0.1479996 0.4741257
vt 0.84429 1.150047
v 0.05398 1.76518 1.47107
vn -0.01129115 0.4142675 0.279741
vt 0.837617 1.128071
v 0.0493572 1.81678 1.48955
vn 0.1515965 0.4254461 0.2145089
vt 0.83161 1.047768
v 0.0493572 1.81678 1.48955
vn 0.1527074 0.4275331 0.2095135
vt 0.83161 1.047768
v 0.0493572 1.81678 1.48955
vn 0.154458 0.4247916 0.2137633
vt 0.83161 1.047768
v 0.052322 1.86249 1.37551
vn 0.4727439 0.130975 -0.09674098
vt 0.899605 1.010142
v 0.0764745 1.839185 1.36029
vn 0.482067 0.1267415 -0.0393452
vt 0.909859 1.035688
v 0.063332 1.77548 1.351525
vn 0.009424551 -0.06649501 0.4954691
vt 0.909915 1.102943
v 0.0511895 1.820915 1.35465
vn -0.2124704 -0.1606997 0.4231216
vt 0.910443 1.051041
v 0.066763 1.82306 1.344615
vn 0.2840142 -0.09887028 0.3994504
vt 0.919165 1.058597
v 0.0681745 1.86251 1.36251
vn 0.4531771 0.1438045 -0.1547605
vt 0.909658 1.009999
v 0.072788 1.830175 1.34211
vn 0.4593324 0.06597699 0.186174
vt 0.919335 1.049696
v 0.060385 1.86254 1.346255
vn 0.4671662 0.03734817 -0.1742436
vt 0.919112 1.009865
v 0.0668365 1.82225 1.337505
vn 0.096672 0.1465653 0.4681593
vt 0.921421 1.061891
v 0.0331398 1.862555 1.340345
vn -0.4093387 -0.06491653 0.2796921
vt 0.928988 1.009724
v 0.0317108 1.86259 1.32256
vn -0.4063316 0.1140405 0.268122
vt 0.940629 1.009559
v 0.0838065 1.846125 1.325585
vn 0.4356828 0.2098033 0.127134
vt 0.932095 1.030304
v 0.064548 1.77243 1.312
vn -0.03639257 -0.1811042 0.4646255
vt 0.934833 1.106177
v 0.058338 1.82131 1.32563
vn -0.4328145 0.1731379 0.1808174
vt 0.93191 1.047104
v 0.075458 1.820975 1.307255
vn 0.2786858 0.2678733 0.3171405
vt 0.942836 1.065275
v 0.0771135 1.86258 1.3264
vn 0.4659411 0.05252901 -0.1736075
vt 0.931469 1.009689
v 0.064567 1.862625 1.307525
vn 0.4505512 -0.04564913 -0.2119427
vt 0.943206 1.009522
v 0.0814115 1.827495 1.308895
vn 0.4807536 0.08073862 0.1111633
vt 0.942386 1.056995
v 0.0838065 1.846125 1.325585
vn 0.4356828 0.2098033 0.127134
vt 0.932095 1.030304
v 0.058338 1.82131 1.32563
vn -0.4371398 0.1615271 0.1811568
vt 0.93191 1.047104
v 0.0317108 1.86259 1.32256
vn -0.4063316 0.1140405 0.268122
vt 0.940629 1.009559
v 0.0814115 1.827495 1.308895
vn 0.4791558 0.08268093 0.1165057
vt 0.942386 1.056995
v 0.064567 1.862625 1.307525
vn 0.4515831 -0.0232533 -0.2133822
vt 0.943206 1.009522
v 0.0814115 1.827495 1.308895
vn 0.4791558 0.08268093 0.1165057
vt 0.942386 1.056995
v 0.0887215 1.83486 1.29645
vn 0.4962814 -0.01362735 -0.05932198
vt 0.948258 1.048753
v 0.077065 1.862645 1.298705
vn 0.462798 -0.04924059 -0.1827386
vt 0.948691 1.009444
v 0.064567 1.862625 1.307525
vn 0.4515831 -0.0232533 -0.2133822
vt 0.943206 1.009522
v 0.076053 1.791075 1.291215
vn 0.2417546 -0.1150629 0.4222739
vt 0.94765 1.091974
v 0.0822365 1.826425 1.285985
vn 0.4776807 -0.1251095 0.07854153
vt 0.954197 1.060398
v 0.0845515 1.83753 1.228595
vn 0.2917671 -0.2878841 0.2863472
vt 0.972126 1.060497
v 0.079877 1.862885 1.223255
vn 0.3557816 -0.3512116 0.008356353
vt 0.97775 1.009825
v 0.04123575 1.86292 1.21535
vn -0.1362242 -0.3870991 0.2856523
vt 0.982687 1.00896
v 0.076053 1.791075 1.291215
vn 0.229215 -0.09488073 0.4341176
vt 0.94765 1.091974
v 0.077065 1.862645 1.298705
vn 0.462798 -0.04924059 -0.1827386
vt 0.948691 1.009444
v 0.082148 1.824315 1.257815
vn 0.3330864 -0.2014859 0.3137784
vt 0.971403 1.066053
v 0.0718935 1.80096 1.268105
vn -0.04208969 -0.07675549 0.4922774
vt 0.962464 1.082115
v 0.0645045 1.826905 1.26196
vn -0.3447355 -0.164877 0.3224485
vt 0.969009 1.062369
v 0.0845515 1.83753 1.228595
vn 0.2917671 -0.2878841 0.2863472
vt 0.972126 1.060497
v 0.0664965 1.83997 1.228945
vn -0.1340286 -0.2820182 0.3905152
vt 0.97206 1.057404
v 0.04123575 1.86292 1.21535
vn -0.1322497 -0.3881416 0.2861052
vt 0.982687 1.00896
v 0.03774395 1.862625 1.306045
vn -0.414934 -0.093911 0.2626985
vt 0.962855 1.009243
v 0.061085 1.82369 1.307945
vn -0.3191557 -0.3368862 0.1861379
vt 0.942572 1.062182
v 0.069422 1.81646 1.28317
vn -0.1269795 -0.2131362 0.4341073
vt 0.955329 1.073145
v 0.069953 1.795505 1.291265
vn -0.2903558 0.1258781 0.3871024
vt 0.947887 1.086423
v 0.058338 1.82131 1.32563
vn -0.4371398 0.1615271 0.1811568
vt 0.93191 1.047104
v 0.04123575 1.86292 1.21535
vn -0.1322497 -0.3881416 0.2861052
vt 0.982687 1.00896
v 0.076053 1.791075 1.291215
vn 0.229215 -0.09488073 0.4341176
vt 0.94765 1.091974
v 0.061085 1.82369 1.307945
vn -0.3191557 -0.3368862 0.1861379
vt 0.942572 1.062182
v 0.064548 1.77243 1.312
vn -0.03639257 -0.1811042 0.4646255
vt 0.934833 1.106177
v 0.069953 1.795505 1.291265
vn -0.2944672 0.09555615 0.3926297
vt 0.947887 1.086423
v 0.075458 1.820975 1.307255
vn 0.2786858 0.2678733 0.3171405
vt 0.942836 1.065275
v 0.069422 1.81646 1.28317
vn -0.1148346 -0.1898606 0.4480692
vt 0.955329 1.073145
v 0.069422 1.81646 1.28317
vn -0.1148346 -0.1898606 0.4480692
vt 0.955329 1.073145
v 0.069953 1.795505 1.291265
vn -0.2944672 0.09555615 0.3926297
vt 0.947887 1.086423
v -0.01035115 1.862355 1.52225
vn 0.05670749 0.4967719 0.001411355
vt 0.964347 1.16157
v -0.0114144 1.821805 1.522095
vn -0.482895 0.07935324 0.102545
vt 0.963646 1.221763
v -0.00527035 1.828305 1.526465
vn -0.004819876 0.4980841 0.04346224
vt 0.966773 1.217004
v -0.01770695 1.83373 1.524095
vn -0.08116652 0.4890172 0.06537753
vt 0.96013 1.215054
v -0.00842065 1.818495 1.51445
vn -0.2119455 -0.3346261 0.3051302
vt 0.964475 1.225159
v -0.0168585 1.862355 1.52668
vn -0.04414333 0.4961433 0.04351138
vt 0.960017 1.16278
v -0.0233641 1.862355 1.51991
vn -0.102505 0.4881786 0.03426876
vt 0.9558 1.163274
v -0.0271336 1.828315 1.51827
vn -0.1434415 0.4117439 0.2447274
vt 0.956087 1.218586
v -0.02680965 1.818735 1.509885
vn 0.1852652 0.2775089 0.3723783
vt 0.956402 1.228495
v -0.03676495 1.837335 1.519285
vn -0.2588919 0.4225357 0.06662247
vt 0.951167 1.211146
v -0.03319565 1.862355 1.524345
vn -0.1364836 0.4802157 0.02766169
vt 0.950193 1.165177
v -0.03319565 1.862355 1.524345
vn -0.1364836 0.4802157 0.02766169
vt 0.950193 1.165177
v -0.03841085 1.79821 1.509005
vn -0.2306479 0.3202367 0.3070017
vt 0.950469 1.242705
v -0.04209155 1.81662 1.505245
vn -0.4620186 0.0380592 0.187324
vt 0.946341 1.221999
v -0.0401382 1.86236 1.50856
vn -0.4850999 0.08553925 -0.08579729
vt 0.942123 1.168074
v -0.04725205 1.82147 1.50614
vn -0.4736857 -0.06971934 0.144087
vt 0.944828 1.218913
v -0.04209155 1.81662 1.505245
vn -0.4622619 0.03083442 0.1880509
vt 0.946341 1.221999
v -0.0178417 1.79113 1.512755
vn 0.2030494 0.2182189 0.4014368
vt 0.96204 1.244639
v -0.0227688 1.787285 1.50721
vn -0.1254625 -0.154406 0.4587134
vt 0.959774 1.249495
v -0.00842065 1.818495 1.51445
vn -0.2288136 -0.3323618 0.2952625
vt 0.964475 1.225159
v -0.01767565 1.819015 1.507725
vn 0.1872265 -0.4385366 0.150439
vt 0.960348 1.227191
v -4.42147E-05 1.862365 1.505955
vn 5.825427E-07 -0.3443647 0.3625093
vt 0.969631 1.165536
v -0.0305481 1.82372 1.497195
vn 0.3086391 -0.180249 0.3496458
vt 0.951202 1.223656
v -0.03611165 1.791165 1.500815
vn 0.03139846 -0.3812374 0.3219816
vt 0.951495 1.252675
v -4.42147E-05 1.818935 1.52077
vn -0.09460111 0.3137837 0.3776115
vt 0.969692 1.223715
v -0.004176285 1.8032 1.52068
vn 0.3374794 0.2981514 0.2172864
vt 0.967546 1.233707
v -0.00527035 1.828305 1.526465
vn 0.01218364 0.4979426 0.04364337
vt 0.966773 1.217004
v -0.0075323 1.787015 1.51412
vn -0.0352912 -0.1115469 0.4861192
vt 0.966317 1.246921
v 0.0083324 1.818495 1.51445
vn 0.06656263 -0.4515732 0.204086
vt 0.975449 1.224502
v 0.0175872 1.819015 1.507725
vn -0.1872284 -0.4385358 0.1504389
vt 0.979618 1.226558
v 0.01775345 1.79113 1.512755
vn -0.203049 0.2182205 0.4014361
vt 0.977749 1.243829
v 0.03045985 1.82372 1.497195
vn -0.3086383 -0.1802493 0.3496463
vt 0.987931 1.223173
v 0.0267214 1.818735 1.509885
vn -0.2094508 0.262445 0.3704767
vt 0.982632 1.227997
v 0.0176187 1.83373 1.524095
vn 0.105251 0.480058 0.092014
vt 0.979461 1.214357
v 0.0226805 1.787285 1.50721
vn 0.1254631 -0.1544061 0.4587132
vt 0.979958 1.248843
v 0.00744405 1.787015 1.51412
vn -0.05529911 -0.08447698 0.4896996
vt 0.972688 1.246522
v 0.02704535 1.828315 1.51827
vn 0.148556 0.411918 0.24136
vt 0.983318 1.218061
v 0.01677025 1.862355 1.52668
vn 0.04228637 0.4982082 0.0006823153
vt 0.980217 1.162079
v 0.01132615 1.821805 1.522095
vn 0.3709148 0.3254774 0.08053973
vt 0.975551 1.221196
v 0.02327585 1.862355 1.51991
vn 0.138256 0.4788725 0.03957725
vt 0.984479 1.162739
v 0.0366767 1.837335 1.519285
vn 0.2166011 0.4419114 0.08830784
vt 0.988626 1.214256
v 0.0366767 1.837335 1.519285
vn 0.2218417 0.4395442 0.08710425
vt 0.988626 1.214256
v 0.0331074 1.862355 1.524345
vn 0.2514623 0.4304635 0.03831338
vt 0.990084 1.164797
v 0.0267214 1.818735 1.509885
vn -0.2162366 0.259483 0.3686602
vt 0.982632 1.227997
v 0.0383226 1.79821 1.509005
vn 0.2306516 0.320233 0.3070026
vt 0.988746 1.242336
v 0.0360232 1.791165 1.500815
vn 0.00508109 -0.301972 0.398481
vt 0.987163 1.252267
v 0.0267214 1.818735 1.509885
vn -0.2329778 0.2518156 0.3637448
vt 0.982632 1.227997
v 0.01132615 1.821805 1.522095
vn 0.3740333 0.322389 0.07851376
vt 0.975551 1.221196
v 0.0083324 1.818495 1.51445
vn 0.06656263 -0.4515732 0.204086
vt 0.975449 1.224502
v 0.01132615 1.821805 1.522095
vn 0.381676 0.3145368 0.07341717
vt 0.975551 1.221196
v 0.0102629 1.862355 1.52225
vn -0.08019997 0.4935098 0.004004208
vt 0.975805 1.160981
v -4.42147E-05 1.862355 1.525015
vn 0.01190125 0.4995221 -0.0183315
vt 0.970048 1.159879
v 0.0420033 1.81662 1.505245
vn 0.4578971 -0.0899075 0.1795742
vt 0.993684 1.221767
v 0.0366767 1.837335 1.519285
vn 0.2348075 0.4333615 0.08404303
vt 0.988626 1.214256
v 0.0471638 1.82147 1.50614
vn 0.4723325 -0.07196916 0.1473853
vt 0.995216 1.21869
v 0.04004995 1.86236 1.50856
vn 0.4819021 0.09305096 -0.09545641
vt 0.998147 1.167841
v 0.0051821 1.828305 1.526465
vn 0.000220413 0.4995523 0.02115396
vt 0.972943 1.216727
v 0.01132615 1.821805 1.522095
vn 0.381676 0.3145368 0.07341717
vt 0.975551 1.221196
v 0.0360232 1.791165 1.500815
vn -0.002789546 -0.2952525 0.4035073
vt 0.987163 1.252267
v 0.0267214 1.818735 1.509885
vn -0.2329778 0.2518156 0.3637448
vt 0.982632 1.227997
v -4.42147E-05 1.818935 1.52077
vn -0.104314 0.3149445 0.3740703
vt 0.969692 1.223715
v -0.00527035 1.828305 1.526465
vn 0.01218364 0.4979426 0.04364337
vt 0.966773 1.217004
v 0.0331074 1.862355 1.524345
vn 0.2514623 0.4304635 0.03831338
vt 0.990084 1.164797
v 0.0366767 1.837335 1.519285
vn 0.2348075 0.4333615 0.08404303
vt 0.988626 1.214256
v 0.0051821 1.828305 1.526465
vn 0.0005371996 0.4993567 0.02535057
vt 0.972943 1.216727
v -4.42147E-05 1.818935 1.52077
vn -0.1283894 0.317249 0.3645123
vt 0.969692 1.223715
v 0.040251 1.822765 1.49869
vn 0.3906128 -0.1708137 0.2612362
vt 0.99106 1.227033
v 0.0360232 1.791165 1.500815
vn 0.01751584 -0.3039505 0.3966198
vt 0.987163 1.252267
v -0.0403393 1.822765 1.49869
vn -0.3378175 -0.2353942 0.2836705
vt 0.948211 1.227378
v -0.03611165 1.791165 1.500815
vn 0.03330272 -0.3843981 0.3180079
vt 0.951495 1.252675
v -0.02680965 1.818735 1.509885
vn 0.1852652 0.2775089 0.3723783
vt 0.956402 1.228495
v -0.03611165 1.791165 1.500815
vn 0.01747038 -0.3804451 0.3239696
vt 0.951495 1.252675
v -0.126606 -0.04678349 -0.257219
vn 0.05256177 0.157507 -0.4716236
vt 0.879223 1.969
v -0.140846 -0.07223649 -0.259179
vn -0.448072 0.080223 0.2068715
vt 0.880367 1.971307
v -0.1258915 -0.05719949 -0.226269
vn 0.04658227 0.3665457 -0.3368596
vt 0.879317 1.978537
v -0.12618 -0.07649899 -0.2186565
vn -0.05109557 0.2397233 0.4358004
vt 0.87918 1.983512
v -0.12618 -0.07649899 -0.2186565
vn -0.01496741 0.2477073 0.4340703
vt 0.87918 1.983512
v -0.1183445 -0.07289548 -0.257219
vn 0.4051343 0.01468179 0.2926613
vt 0.877443 1.97119
v -0.126606 -0.04678349 -0.257219
vn 0.05256177 0.157507 -0.4716236
vt 0.879223 1.969
v -0.1258915 -0.05719949 -0.226269
vn 0.04658227 0.3665457 -0.3368596
vt 0.879317 1.978537
v -0.12618 -0.07649899 -0.2186565
vn -0.01496741 0.2477073 0.4340703
vt 0.87918 1.983512
v -0.1875025 -0.03948969 -0.235196
vn -0.001975075 0.1278338 -0.4833784
vt 0.878953 1.969214
v -0.187414 -0.04868264 -0.2004335
vn 0.0007527427 0.358731 -0.348298
vt 0.879003 1.979231
v -0.175891 -0.06490248 -0.2375545
vn 0.4302616 0.03260931 0.2526096
vt 0.877725 1.971
v -0.1874285 -0.06958949 -0.191655
vn 0.05843538 0.222934 0.4437181
vt 0.87907 1.98425
v -0.1874285 -0.06958949 -0.191655
vn 0.02221521 0.2336298 0.4415015
vt 0.87907 1.98425
v -0.199148 -0.06568199 -0.2371805
vn -0.4177388 0.03420904 0.2726244
vt 0.880523 1.97124
v -0.1874285 -0.06958949 -0.191655
vn 0.02221521 0.2336298 0.4415015
vt 0.87907 1.98425
v -0.187414 -0.04868264 -0.2004335
vn 0.0007527427 0.358731 -0.348298
vt 0.879003 1.979231
v -0.1875025 -0.03948969 -0.235196
vn -0.001975075 0.1278338 -0.4833784
vt 0.878953 1.969214
v -0.239038 0.01317269 1.058475
vn -0.1018038 0.143097 -0.4681445
vt 0.866597 1.96943
v -0.2457145 -0.005961457 1.056045
vn -0.4410004 -0.07179649 0.224419
vt 0.868112 1.971829
v -0.242936 0.005600993 1.080475
vn -0.1296578 0.338802 -0.344096
vt 0.866666 1.978955
v -0.2441305 -0.01233766 1.08812
vn -0.1410648 0.2405607 0.4150076
vt 0.866687 1.983948
v -0.226204 -0.005843807 1.063235
vn 0.4379088 0.1541179 0.1856974
vt 0.865187 1.971633
v -0.2441305 -0.01233766 1.08812
vn -0.1125101 0.2647283 0.4089749
vt 0.866687 1.983948
v -0.242936 0.005600993 1.080475
vn -0.1296578 0.338802 -0.344096
vt 0.866666 1.978955
v -0.2441305 -0.01233766 1.08812
vn -0.1125101 0.2647283 0.4089749
vt 0.866687 1.983948
v -0.239038 0.01317269 1.058475
vn -0.1018038 0.143097 -0.4681445
vt 0.866597 1.96943
v -0.1988515 -0.07293399 -0.269588
vn 0.3267273 0.3368941 0.1724867
vt 0.878051 1.972063
v -0.216662 -0.04360484 -0.265267
vn -0.09088747 0.1975638 -0.4502311
vt 0.879055 1.969853
v -0.218601 -0.05589699 -0.238146
vn 0.00694905 0.4810991 -0.1359976
vt 0.879128 1.979081
v -0.219295 -0.07691848 -0.2298145
vn 0.06505203 0.417072 0.2679909
vt 0.879155 1.983919
v -0.2231785 -0.07307249 -0.270699
vn -0.3836734 -0.01448185 0.3202889
vt 0.880146 1.972098
v -0.218601 -0.05589699 -0.238146
vn 0.01349541 0.4876337 -0.109687
vt 0.879128 1.979081
v -0.216662 -0.04360484 -0.265267
vn -0.09088747 0.1975638 -0.4502311
vt 0.879055 1.969853
v -0.219295 -0.07691848 -0.2298145
vn 0.07887477 0.4207696 0.2583248
vt 0.879155 1.983919
v -0.219295 -0.07691848 -0.2298145
vn 0.1129843 0.4278097 0.2328377
vt 0.879155 1.983919
v -0.209968 -0.07317649 -0.265514
vn 0.3912674 0.302464 -0.07365684
vt 0.87809 1.97317
v -0.1988515 -0.07293399 -0.269588
vn 0.3267273 0.3368941 0.1724867
vt 0.878051 1.972063
v -0.218601 -0.05589699 -0.238146
vn 0.01349541 0.4876337 -0.109687
vt 0.879128 1.979081
v -0.209968 -0.07317649 -0.265514
vn 0.3855602 0.3010211 -0.1035838
vt 0.87809 1.97317
v -0.209968 -0.07317649 -0.265514
vn 0.3855602 0.3010211 -0.1035838
vt 0.87809 1.97317
v -0.219295 -0.07691848 -0.2298145
vn 0.1129843 0.4278097 0.2328377
vt 0.879155 1.983919
v -0.0401382 1.86236 1.50856
vn -0.4844098 0.08974355 -0.0854006
vt 0.81169 1.012118
v -0.0403393 1.822765 1.49869
vn -0.3383543 -0.2359754 0.2825456
vt 0.821077 1.061721
v -0.04725205 1.82147 1.50614
vn -0.4695141 -0.08246088 0.1508532
vt 0.812614 1.051526
v -0.0401382 1.86236 1.50856
vn -0.4825295 0.1002249 -0.08438161
vt 0.81169 1.012118
v -0.04944545 1.81678 1.48955
vn -0.1572389 0.4227975 0.2156808
vt 0.83161 1.047768
v -0.055521 1.816305 1.37709
vn -0.2410631 -0.3223696 0.2965913
vt 0.898328 1.063538
v -0.052389 1.77357 1.382445
vn -0.02409377 -0.2522536 0.4310309
vt 0.888963 1.098568
v -0.055521 1.816305 1.37709
vn -0.2410631 -0.3223696 0.2965913
vt 0.898328 1.063538
v -0.0611955 1.818715 1.37226
vn -0.1863235 0.03170249 0.4629023
vt 0.90038 1.05744
v -0.03533855 1.75407 1.37936
vn 0.36348 -0.09835051 -0.328952
vt 0.897092 1.147882
v -0.0308343 1.74945 1.4028
vn 0.2726284 0.02863029 -0.4181556
vt 0.883417 1.154849
v -0.03313855 1.737585 1.32639
vn 0.4911768 -0.006315198 -0.09330297
vt 0.928487 1.167226
v -0.03834715 1.76059 1.35253
vn 0.3676256 -0.04545276 -0.3358355
vt 0.912771 1.142333
v -0.03741965 1.771315 1.397325
vn 0.04044099 -0.08002833 -0.4918943
vt 0.887006 1.130402
v -0.0395124 1.75467 1.374125
vn 0.09095567 0.1935017 -0.4519781
vt 0.900581 1.14554
v -0.0264124 1.725545 1.39538
vn 0.4884771 -0.04272111 -0.09780101
vt 0.888669 1.181742
v -0.0271256 1.74887 1.43041
vn 0.4380599 0.00292338 -0.241029
vt 0.871381 1.16072
v -0.0368405 1.749875 1.42125
vn -0.1146506 -0.0737365 -0.4810594
vt 0.875669 1.150833
v -0.02069605 1.73272 1.459805
vn 0.3214133 0.06460742 -0.3775173
vt 0.840235 1.172275
v -0.0216063 1.720965 1.439025
vn 0.4872548 -0.07063497 -0.08714046
vt 0.852121 1.186089
v -0.0127252 1.714075 1.459495
vn 0.3731727 -0.1732629 -0.2841164
vt 0.840277 1.194056
v -0.01508795 1.72784 1.4696
vn 0.2482358 -0.03448436 -0.4326544
vt 0.837136 1.177941
v -0.0365348 1.740835 1.444425
vn -0.237485 0.3479892 -0.2692664
vt 0.863196 1.161778
v -0.03531645 1.770885 1.438695
vn -0.00408186 0.141353 -0.4795859
vt 0.868097 1.138435
v -0.0368405 1.749875 1.42125
vn -0.1101846 -0.07117975 -0.4824861
vt 0.875669 1.150833
v -0.04533285 1.7367 1.425375
vn -0.4989141 0.03272941 -0.003675221
vt 0.871787 1.165512
v -0.0365348 1.740835 1.444425
vn -0.2352968 0.3493495 -0.269426
vt 0.863196 1.161778
v -0.0333532 1.716095 1.43594
vn -0.4918963 0.007953897 0.08930147
vt 0.85386 1.191799
v -0.0420842 1.72129 1.421115
vn -0.4857829 0.1002665 0.06294148
vt 0.873818 1.186576
v -0.03997005 1.749375 1.408555
vn -0.2569065 0.1316498 -0.4082492
vt 0.880191 1.15408
v -0.04827475 1.7268 1.38928
vn -0.4936151 0.07738351 -0.01886665
vt 0.892192 1.18031
v -0.04965395 1.741175 1.39035
vn -0.4931147 0.07383953 -0.03722401
vt 0.890541 1.160965
v -0.04168665 1.75674 1.38111
vn -0.1953676 -0.2002237 -0.4144176
vt 0.895184 1.143159
v -0.04675925 1.749545 1.37543
vn -0.3160424 0.3426874 -0.1807831
vt 0.898643 1.151527
v -0.04922575 1.731825 1.3595
vn -0.4934709 0.0220145 0.07747149
vt 0.909376 1.174588
v -0.04087875 1.722225 1.45717
vn -0.4913496 0.08980459 0.02259844
vt 0.840742 1.185579
v -0.035819 1.704995 1.44928
vn -0.4745104 0.04586083 0.1507868
vt 0.84609 1.204717
v -0.0533805 1.748155 1.360305
vn -0.4926885 0.08459651 -0.01007105
vt 0.908213 1.151706
v -0.04324045 1.77315 1.368365
vn 7.891948E-05 0.3094439 -0.3927397
vt 0.903402 1.127536
v -0.0467852 1.76075 1.35102
vn -0.2013018 0.05512409 -0.4543555
vt 0.913145 1.136743
v -0.0538325 1.76016 1.33837
vn -0.4954568 0.06066797 -0.02901699
vt 0.922611 1.145201
v -0.047959 1.794845 1.33941
vn -0.01771431 0.1038271 -0.4887803
vt 0.923745 1.109822
v -0.0372985 1.764815 1.32896
vn 0.4597993 0.02644064 -0.1946419
vt 0.926902 1.143162
v -0.051426 1.77272 1.32044
vn -0.3386491 -0.0009712502 -0.367853
vt 0.930999 1.125469
v -0.0516195 1.739095 1.32218
vn -0.4959353 0.04373553 0.04621043
vt 0.928634 1.167106
v -0.0553495 1.74775 1.284305
vn -0.4957952 0.02500119 0.05968247
vt 0.952808 1.156601
v -0.0615035 1.772605 1.29271
vn -0.4956131 0.06599952 -0.003425401
vt 0.947149 1.124203
v -0.0582235 1.784215 1.2805
vn -0.3255505 0.1667971 -0.3408747
vt 0.955287 1.112779
v -0.0558985 1.754525 1.260185
vn -0.4841928 0.01878799 0.1233059
vt 0.96827 1.147797
v -0.065387 1.781275 1.26972
vn -0.4743829 0.1519195 0.04337454
vt 0.961468 1.117278
v -0.053759 1.795795 1.296565
vn -0.3004054 -0.04619782 -0.3970168
vt 0.945476 1.110002
v -0.053576 1.7994 1.27782
vn 0.02256542 0.3997391 -0.2994986
vt 0.956953 1.095933
v -0.0589765 1.803995 1.271155
vn -0.2107007 -0.07098821 -0.4478458
vt 0.960828 1.090591
v -0.0588585 1.796885 1.263345
vn -0.2921886 0.192188 -0.3573368
vt 0.965267 1.09899
v -0.0571195 1.763865 1.22872
vn -0.4827604 -0.04557534 0.1219235
vt 0.984966 1.138282
v -0.0640855 1.794825 1.23872
vn -0.330532 -0.2882024 -0.2401832
vt 0.979428 1.101625
v -0.0580585 1.811065 1.25173
vn -0.02228325 -0.1268256 -0.4831343
vt 0.972069 1.082432
v -0.0391305 1.774045 1.3089
vn 0.4237183 0.1278574 -0.2326269
vt 0.938254 1.125086
v -0.04571025 1.776015 1.309875
vn -0.1047815 0.3616486 -0.3289849
vt 0.938307 1.119587
v -0.04571025 1.776015 1.309875
vn -0.1065784 0.364372 -0.325383
vt 0.938307 1.119587
v -0.0452608 1.785135 1.279205
vn 0.2943785 0.07959426 -0.3962398
vt 0.956041 1.112664
v -0.0469756 1.79912 1.30289
vn 0.1049102 0.08795659 -0.4808924
vt 0.943446 1.09748
v -0.03694165 1.7521 1.268205
vn 0.4828873 -0.04230798 -0.1225965
vt 0.962118 1.151656
v -0.04571025 1.776015 1.309875
vn -0.1110263 0.3710292 -0.3162444
vt 0.938307 1.119587
v -0.0467852 1.76075 1.35102
vn -0.2013018 0.05512409 -0.4543555
vt 0.913145 1.136743
v -0.0395124 1.75467 1.374125
vn 0.08703776 0.2119218 -0.444425
vt 0.900581 1.14554
v -0.04363195 1.762045 1.234165
vn 0.4823904 -0.03978244 -0.125367
vt 0.981813 1.140357
v -0.0508775 1.792295 1.238635
vn 0.4327448 -0.1414529 -0.2066954
vt 0.979457 1.104607
v -0.051599 1.799155 1.26173
vn 0.2461702 0.1965499 -0.3882891
vt 0.966213 1.096336
v -0.053576 1.7994 1.27782
vn 0.02370574 0.406319 -0.2904185
vt 0.956953 1.095933
v -0.0480201 1.77194 1.2011
vn 0.4845011 -0.0283157 -0.120237
vt 0.999455 1.130258
v -0.04168665 1.75674 1.38111
vn -0.1953676 -0.2002237 -0.4144176
vt 0.895184 1.143159
v -0.03741965 1.771315 1.397325
vn 0.04044099 -0.08002833 -0.4918943
vt 0.887006 1.130402
v -0.0580585 1.811065 1.25173
vn -0.02228325 -0.1268256 -0.4831343
vt 0.972069 1.082432
v -0.0640855 1.794825 1.23872
vn -0.330532 -0.2882024 -0.2401832
vt 0.979428 1.101625
v -0.0589765 1.803995 1.271155
vn -0.2107007 -0.07098821 -0.4478458
vt 0.960828 1.090591
v -0.0588585 1.796885 1.263345
vn -0.2921886 0.192188 -0.3573368
vt 0.965267 1.09899
v -0.051599 1.799155 1.26173
vn 0.2461702 0.1965499 -0.3882891
vt 0.966213 1.096336
v 0.0395124 1.75467 1.374125
vn -0.09076235 0.1968827 -0.4505546
vt 0.900581 1.14554
v 0.04675925 1.749545 1.37543
vn 0.3101575 0.3391156 -0.1969844
vt 0.898643 1.151527
v 0.04305225 1.779225 1.365395
vn -0.00305433 0.2599345 -0.4271121
vt 0.904512 1.124002
v 0.03045985 1.82372 1.497195
vn -0.3086383 -0.1802493 0.3496463
vt 0.821546 1.045724
v 0.040251 1.822765 1.49869
vn 0.3888284 -0.1579565 0.2717761
vt 0.821077 1.061721
v 0.0493572 1.81678 1.48955
vn 0.1559072 0.4214635 0.2192293
vt 0.83161 1.047768
v 0.0360704 1.812815 1.4744
vn -0.2864884 0.1195056 0.391973
vt 0.840426 1.052911
v 0.0524945 1.81947 1.44549
vn 0.4065854 -0.03793527 0.2885295
vt 0.85749 1.056245
v 0.04681825 1.814025 1.44089
vn 0.2055003 0.07947084 0.4488363
vt 0.860562 1.055849
v 0.063586 1.835835 1.478185
vn 0.4418238 0.1975981 0.1254858
vt 0.841423 1.032209
v 0.062254 1.82986 1.45491
vn 0.4664406 -0.1106847 0.1420635
vt 0.856834 1.056086
v -0.0403393 1.822765 1.49869
vn -0.3509928 -0.226878 0.274464
vt 0.821077 1.061721
v -0.0401382 1.86236 1.50856
vn -0.4825295 0.1002249 -0.08438161
vt 0.81169 1.012118
v -0.063674 1.835835 1.478185
vn -0.4638721 0.1798213 0.04986943
vt 0.841423 1.032209
v -0.063674 1.835835 1.478185
vn -0.4598754 0.1879814 0.05637003
vt 0.841423 1.032209
v -0.04944545 1.81678 1.48955
vn -0.1572389 0.4227975 0.2156808
vt 0.83161 1.047768
v 0.051426 1.769925 1.31943
vn 0.05885328 -0.03412073 -0.4953505
vt 0.930999 1.125469
v 0.0420607 1.774195 1.31451
vn 0.1208771 0.3372453 -0.3487898
vt 0.935599 1.123465
v -0.1817815 0.01770584 1.12368
vn -0.008907424 0.3023739 -0.3981089
vt 0.866547 1.979267
v -0.167402 0.001917528 1.09065
vn 0.4257286 0.08023751 0.249634
vt 0.865246 1.971043
v -0.177242 0.02673459 1.086645
vn 0.02351464 0.1210165 -0.4845638
vt 0.866775 1.969288
v -0.1836855 -0.002097948 1.13995
vn 0.04084039 0.2757797 0.4150634
vt 0.866366 1.98425
v -0.1836855 -0.002097948 1.13995
vn 0.002658103 0.2856902 0.4103341
vt 0.866366 1.98425
v -0.1924055 0.001880838 1.085315
vn -0.4634431 0.003961156 0.1876295
vt 0.868059 1.971253
v -0.1817815 0.01770584 1.12368
vn -0.008907424 0.3023739 -0.3981089
vt 0.866547 1.979267
v -0.177242 0.02673459 1.086645
vn 0.02351464 0.1210165 -0.4845638
vt 0.866775 1.969288
v -0.1836855 -0.002097948 1.13995
vn 0.002658103 0.2856902 0.4103341
vt 0.866366 1.98425
v 0.051599 1.799155 1.26173
vn -0.1425557 0.01594785 -0.4789818
vt 0.966213 1.096336
v 0.0588585 1.796885 1.263345
vn 0.2921884 0.192188 -0.357337
vt 0.965267 1.09899
v -0.139581 -0.06522048 -0.2342985
vn 0.4203809 0.10405 0.2499069
vt 0.877487 1.971185
v -0.1578515 -0.04868074 -0.1994695
vn -0.05733692 0.3543374 -0.3480769
vt 0.879148 1.979089
v -0.1597555 -0.06957649 -0.1909195
vn 0.01005113 0.2416034 0.4376377
vt 0.879189 1.984087
v -0.153312 -0.03951094 -0.233857
vn -0.03557542 0.1241112 -0.4830433
vt 0.87893 1.969109
v -0.1597555 -0.06957649 -0.1909195
vn -0.02711725 0.2464127 0.4342182
vt 0.879189 1.984087
v -0.164144 -0.06536899 -0.237742
vn -0.4215683 -0.02675164 0.2675154
vt 0.880295 1.970787
v -0.1597555 -0.06957649 -0.1909195
vn -0.02711725 0.2464127 0.4342182
vt 0.879189 1.984087
v -0.1578515 -0.04868074 -0.1994695
vn -0.05733692 0.3543374 -0.3480769
vt 0.879148 1.979089
v -0.153312 -0.03951094 -0.233857
vn -0.03557542 0.1241112 -0.4830433
vt 0.87893 1.969109
v -0.0124366 1.442755 0.253561
vn 0.2772939 -0.3202214 -0.2656433
vt 0.883747 1.641162
v -0.00942455 1.438735 0.2517355
vn 0.2687382 0.01474774 -0.4213814
vt 0.880822 1.638885
v -0.02824405 1.438735 0.2517355
vn -0.2457961 -0.0591583 -0.4313752
vt 0.880822 1.638885
v -0.0156913 1.453505 0.240675
vn 0.2859791 0.1341916 -0.3875675
vt 0.890407 1.625088
v -0.0227503 1.453505 0.240675
vn -0.2914513 0.1377356 -0.3822107
vt 0.890407 1.625088
v -0.01576215 1.45252 0.225792
vn 0.2821318 -0.03073915 -0.4116513
vt 0.889942 1.606523
v -0.02280095 1.45252 0.225792
vn -0.2850253 -0.02617962 -0.4099698
vt 0.889942 1.606523
v -0.01637265 1.45672 0.2598995
vn 0.1706524 -0.343709 -0.3205338
vt 0.893907 1.649068
v -0.0124366 1.442755 0.253561
vn 0.2772939 -0.3202214 -0.2656433
vt 0.883747 1.641162
v -0.02824405 1.438735 0.2517355
vn -0.2457961 -0.0591583 -0.4313752
vt 0.880822 1.638885
v 0.051599 1.799155 1.26173
vn -0.1425557 0.01594785 -0.4789818
vt 0.966213 1.096336
v 0.0589765 1.803995 1.271155
vn 0.2107007 -0.07098821 -0.4478458
vt 0.960828 1.090591
v -0.02278755 1.48589 0.4339335
vn -0.3114754 -0.0103166 -0.3909944
vt 0.90234 1.866
v -0.02127225 1.48155 0.425367
vn -0.240883 -0.3900416 -0.199607
vt 0.902517 1.861657
v -0.0236651 1.466085 0.427708
vn -0.3636984 -0.3417854 -0.03010344
vt 0.896249 1.860649
v -0.02367225 1.46607 0.4467405
vn -0.2492759 0.401217 -0.1639709
vt 0.896354 1.883635
v -0.02128775 1.48189 0.442655
vn -0.1418424 0.4235939 -0.2246085
vt 0.902168 1.875152
v -0.0172606 1.48189 0.442655
vn 0.2832946 0.3140392 -0.26669
vt 0.904943 1.875152
v -0.01574095 1.4859 0.433805
vn 0.2974891 -0.01298799 -0.401661
vt 0.905118 1.865839
v -0.0143699 1.465945 0.4468005
vn 0.1965975 0.4288559 -0.1656262
vt 0.896281 1.883699
v -0.0259784 1.4453 0.4570315
vn -0.3185982 0.316613 -0.219662
vt 0.884476 1.894098
v -0.02585115 1.445775 0.425395
vn -0.3114305 -0.350505 -0.1736585
vt 0.884587 1.85902
v -0.0141422 1.466635 0.4277305
vn 0.2664327 -0.423067 0.005280016
vt 0.896564 1.855593
v -0.0121438 1.44655 0.425433
vn 0.2354629 -0.412906 -0.1551317
vt 0.885033 1.854439
v -0.0143699 1.465945 0.4468005
vn 0.1881532 0.4313419 -0.1689453
vt 0.896281 1.883699
v -0.01574095 1.4859 0.433805
vn 0.2974891 -0.01298799 -0.401661
vt 0.905118 1.865839
v -0.0172606 1.48189 0.442655
vn 0.2832946 0.3140392 -0.26669
vt 0.904943 1.875152
v -0.0125962 1.44598 0.4567595
vn 0.3177898 0.3201679 -0.2156436
vt 0.884864 1.893756
v -0.02861465 1.439755 0.4585725
vn -0.3033414 -0.2318147 -0.3228714
vt 0.881304 1.896892
v -0.0099485 1.439755 0.4585725
vn 0.3054478 -0.2048784 -0.338713
vt 0.881304 1.896892
v -0.01723625 1.48155 0.425367
vn 0.1458171 -0.4695397 -0.09093884
vt 0.905292 1.85657
v -0.03345435 1.427835 0.423629
vn -0.491359 -0.0104243 -0.0919655
vt 0.87567 1.853304
v -0.03369245 1.426135 0.457897
vn -0.4920562 0.002876586 -0.08872654
vt 0.874867 1.89605
v -0.02861465 1.438055 0.49284
vn -0.4821773 0.006549698 -0.1321445
vt 0.8805 1.939638
v -0.02280095 1.48015 0.473593
vn -0.3278497 0.01870912 -0.3770471
vt 0.902049 1.919576
v -0.02280095 1.480885 0.458696
vn -0.3349807 -0.2412627 -0.2820998
vt 0.902398 1.900993
v -0.03369245 1.42444 0.492165
vn -0.4920773 0.004387328 -0.08854747
vt 0.874063 1.938795
v -0.03369245 1.40863 0.457029
vn -0.4968339 -0.003670424 0.05605898
vt 0.86659 1.894967
v -0.03369245 1.40693 0.4912965
vn -0.4966932 -0.002844651 0.05733952
vt 0.865787 1.937712
v -0.02887245 1.387665 0.457149
vn -0.3113657 -0.01949013 0.3907321
vt 0.85668 1.895117
v -0.0288477 1.389365 0.4228815
vn -0.3121665 -0.02506755 0.389774
vt 0.857484 1.852371
v -0.0335255 1.410325 0.422761
vn -0.4970073 -0.01512859 0.05248698
vt 0.867393 1.852221
v -0.02767025 1.391065 0.388613
vn -0.3158944 -0.02319807 0.3868754
vt 0.858287 1.809625
v -0.0318488 1.412025 0.388493
vn -0.4976163 -0.02128409 0.04387458
vt 0.868197 1.809476
v -0.02684215 1.391505 0.35529
vn -0.3185619 -0.005433991 0.3853424
vt 0.858496 1.768058
v -0.0308155 1.41247 0.35517
vn -0.498319 -0.0081763 0.04014155
vt 0.868406 1.767908
v -0.02684095 1.391205 0.3223845
vn -0.3188111 0.01881696 0.3847148
vt 0.858354 1.727012
v -0.0308155 1.41217 0.3222645
vn -0.4983763 0.008727748 0.03930469
vt 0.868264 1.726862
v -0.0277359 1.38894 0.2881495
vn -0.317071 0.03536907 0.3849871
vt 0.857283 1.684308
v -0.03188865 1.4099 0.2880295
vn -0.4975829 0.02176994 0.04401529
vt 0.867193 1.684157
v -0.0288566 1.38667 0.2539145
vn -0.3131081 0.03223623 0.3884896
vt 0.856212 1.641603
v -0.0335379 1.407635 0.2537945
vn -0.4969348 0.01706805 0.05257798
vt 0.866122 1.641453
v -0.02887245 1.384405 0.2196795
vn -0.311767 0.02676103 0.389981
vt 0.855142 1.598898
v -0.03369245 1.40537 0.2195595
vn -0.4967141 0.006480301 0.05686051
vt 0.865051 1.598748
v -0.02887245 1.385965 0.491417
vn -0.3113712 -0.01938942 0.3907326
vt 0.855876 1.937862
v -0.03369245 1.42286 0.2184015
vn -0.4919846 -0.001697025 -0.08915302
vt 0.873319 1.597304
v -0.02861465 1.43647 0.217501
vn -0.4688677 -0.007015802 -0.1735335
vt 0.879751 1.59618
v -0.0227503 1.453505 0.240675
vn -0.2914513 0.1377356 -0.3822107
vt 0.890407 1.625088
v -0.02280095 1.45252 0.225792
vn -0.2850253 -0.02617962 -0.4099698
vt 0.889942 1.606523
v 0.0452608 1.785135 1.279205
vn -0.290176 0.140862 -0.3820416
vt 0.956041 1.112664
v 0.0582235 1.784215 1.2805
vn 0.3149473 0.2057436 -0.3293597
vt 0.955287 1.112779
v 0.053576 1.7994 1.27782
vn -0.0237059 0.4063191 -0.2904184
vt 0.956953 1.095933
v 0.0469756 1.79912 1.30289
vn -0.01402899 0.02203394 -0.4993172
vt 0.943446 1.09748
v 0.0452608 1.785135 1.279205
vn -0.290176 0.140862 -0.3820416
vt 0.956041 1.112664
v -0.0280108 1.76175 1.33495
vn -0.262885 0.01998875 0.4248434
vt 0.019389 1.748243
v -0.0249505 1.758955 1.367325
vn -0.2754742 -0.06246503 0.4125677
vt 0.019557 1.795368
v -0.0295606 1.77033 1.36748
vn -0.4836507 0.0456824 -0.118301
vt 0.014471 1.795769
v -0.034515 1.774825 1.335135
vn -0.4816886 0.09257907 -0.09698036
vt 0.012926 1.748885
v -0.0369258 1.76174 1.28197
vn -0.335415 0.04067964 0.3685675
vt 0.018139 1.698266
v -0.04554905 1.775875 1.280935
vn -0.4942644 0.05853366 -0.04771263
vt 0.011214 1.693396
v -0.0384434 1.75853 1.20683
vn -0.4511087 0.007199753 0.2155206
vt 0.0182 1.66557
v -0.0456744 1.774295 1.206265
vn -0.4913064 -0.01504071 -0.09160689
vt 0.011194 1.665272
v -0.02627175 1.75344 1.390975
vn -0.2615744 -0.09841447 0.4146003
vt 0.019155 1.816647
v -0.03135495 1.764065 1.391115
vn -0.4885333 -0.01392821 -0.1055522
vt 0.01424 1.816998
v 0.02774655 1.76175 1.33495
vn 0.2591361 0.01913156 0.4271797
vt 0.050944 1.748658
v 0.02468625 1.758955 1.367325
vn 0.2726591 -0.06078301 0.4146836
vt 0.051353 1.795685
v 0.03425075 1.774825 1.335135
vn 0.4805729 0.1031869 -0.09166348
vt 0.055687 1.748973
v 0.02929635 1.77033 1.36748
vn 0.4822145 0.04764562 -0.1232847
vt 0.055064 1.795801
v 0.03109075 1.7652 1.39113
vn 0.4825508 -0.01027233 -0.1305344
vt 0.055317 1.817031
v 0.02600765 1.75344 1.390975
vn 0.267855 -0.095562 0.411244
vt 0.051237 1.816909
v -0.0276783 1.74973 1.41433
vn -0.2553576 -0.07402904 0.4234527
vt 0.018753 1.857045
v 0.0272438 1.74973 1.41433
vn 0.2688709 -0.07283548 0.4152149
vt 0.05112 1.857252
v 0.02742605 1.746525 1.43686
vn 0.2772964 -0.002169094 0.4160553
vt 0.051388 1.903322
v 0.03332885 1.75808 1.437
vn 0.4688546 0.1039752 -0.1391566
vt 0.055909 1.903663
v 0.0328 1.76188 1.414485
vn 0.4816162 0.006214866 -0.134191
vt 0.05557 1.85738
v -0.02769015 1.746525 1.43686
vn -0.2584175 -0.008218652 0.4279636
vt 0.018629 1.903214
v 0.022778 1.745165 1.451295
vn 0.2684756 0.1157115 0.4056251
vt 0.049782 1.946387
v 0.027049 1.755755 1.451415
vn 0.4326727 0.2505857 -0.001087239
vt 0.05325 1.946991
v -0.0332345 1.7596 1.41446
vn -0.4930356 -0.008226014 -0.0827542
vt 0.014009 1.857347
v -0.0335931 1.75583 1.436975
vn -0.4831425 0.1016762 -0.07896399
vt 0.014043 1.903629
v 0.0456206 1.775875 1.280935
vn 0.4961011 0.04162005 -0.0463847
vt 0.056027 1.693667
v 0.03699735 1.76174 1.28181
vn 0.3365764 0.03360474 0.3682214
vt 0.050561 1.698287
v 0.04574595 1.774295 1.206265
vn 0.4903187 0.00570903 -0.09774964
vt 0.056405 1.665528
v 0.03851495 1.75853 1.20683
vn 0.4544265 0.0180978 0.2077715
vt 0.049465 1.665532
v 0.0112233 1.74443 1.46801
vn 0.130285 0.3077759 0.3718869
vt 0.042163 1.972558
v -0.02304225 1.745165 1.451295
vn -0.2519344 0.1025445 0.4195398
vt 0.021117 1.946246
v -0.01148755 1.74443 1.46762
vn -0.1218876 0.2970847 0.3832547
vt 0.02723 1.971841
v -0.0151912 1.75144 1.469135
vn -0.2236129 0.4470979 -0.01003741
vt 0.024865 1.975286
v 0.01492695 1.75144 1.469135
vn 0.2724767 0.4175228 -0.03783037
vt 0.044628 1.975268
v -0.0151912 1.75144 1.469135
vn -0.2227338 0.4474051 -0.01477643
vt 0.024865 1.975286
v -0.02731325 1.75337 1.451385
vn -0.4328243 0.2337103 -0.08968087
vt 0.017606 1.947078
v 0.027049 1.755755 1.451415
vn 0.4307105 0.2529475 -0.02249549
vt 0.05325 1.946991
v 0.01492695 1.75144 1.469135
vn 0.2723046 0.417102 -0.04331378
vt 0.044628 1.975268
v 0.0186696 1.7879 1.33532
vn 0.1660695 0.118629 -0.4564516
vt 0.046234 1.748662
v 0.0159594 1.780985 1.367625
vn 0.1546579 0.107346 -0.4632038
vt 0.046335 1.795811
v 0.02929635 1.77033 1.36748
vn 0.4822145 0.04764562 -0.1232847
vt 0.055064 1.795801
v 0.03425075 1.774825 1.335135
vn 0.4805729 0.1031869 -0.09166348
vt 0.055687 1.748973
v 0.0179014 1.77518 1.39126
vn 0.1607485 0.08274948 -0.4661678
vt 0.046099 1.817068
v 0.03109075 1.7652 1.39113
vn 0.4825508 -0.01027233 -0.1305344
vt 0.055317 1.817031
v -0.01893385 1.7879 1.33532
vn -0.1746876 0.110814 -0.4551972
vt 0.022417 1.74864
v -0.01622365 1.780985 1.367625
vn -0.1567535 0.1071945 -0.462534
vt 0.023388 1.795735
v -0.034515 1.774825 1.335135
vn -0.4816886 0.09257907 -0.09698036
vt 0.012926 1.748885
v -0.0295606 1.77033 1.36748
vn -0.4836507 0.0456824 -0.118301
vt 0.014471 1.795769
v -0.03135495 1.764065 1.391115
vn -0.4885333 -0.01392821 -0.1055522
vt 0.01424 1.816998
v -0.01816565 1.77518 1.39126
vn -0.1726355 0.08342803 -0.4617756
vt 0.022784 1.817003
v 0.0197583 1.771175 1.4146
vn 0.1544295 0.086629 -0.467597
vt 0.045863 1.857444
v -0.0201926 1.771175 1.4146
vn -0.1757419 0.08138496 -0.4609678
vt 0.02218 1.85739
v -0.0203752 1.76572 1.437085
vn -0.164066 0.137608 -0.4518256
vt 0.022144 1.903514
v 0.02011095 1.76572 1.437085
vn 0.1406209 0.1297464 -0.4619433
vt 0.046766 1.903528
v -0.0160449 1.76191 1.45148
vn -0.1511605 0.1585495 -0.4494581
vt 0.024493 1.946294
v 0.0157806 1.76191 1.45148
vn 0.1282845 0.1684255 -0.4529635
vt 0.045152 1.946318
v 0.0104589 1.758485 1.467355
vn 0.1341375 0.3298079 -0.3510469
vt 0.041955 1.9704
v -0.01072315 1.758485 1.46697
vn -0.1142765 0.3261154 -0.3613719
vt 0.027564 1.969769
v -0.04554905 1.775875 1.280935
vn -0.4942644 0.05853366 -0.04771263
vt 0.011214 1.693396
v -0.02365155 1.801745 1.279005
vn -0.2009854 0.04261818 -0.4558383
vt 0.02201 1.69117
v -0.0456744 1.774295 1.206265
vn -0.4913064 -0.01504071 -0.09160689
vt 0.011194 1.665272
v -0.023252 1.79443 1.20502
vn -0.17985 -0.04688031 -0.4641726
vt 0.021523 1.66503
v -0.0335931 1.75583 1.436975
vn -0.4831425 0.1016762 -0.07896399
vt 0.014043 1.903629
v -0.0332345 1.7596 1.41446
vn -0.4930356 -0.008226014 -0.0827542
vt 0.014009 1.857347
v 0.0328 1.76188 1.414485
vn 0.4816162 0.006214866 -0.134191
vt 0.05557 1.85738
v 0.03332885 1.75808 1.437
vn 0.4688546 0.1039752 -0.1391566
vt 0.055909 1.903663
v -0.02731325 1.75337 1.451385
vn -0.4328243 0.2337103 -0.08968087
vt 0.017606 1.947078
v -0.0151912 1.75144 1.469135
vn -0.2204454 0.4479903 -0.02661698
vt 0.024865 1.975286
v 0.01492695 1.75144 1.469135
vn 0.2717302 0.4158292 -0.05699791
vt 0.044628 1.975268
v 0.027049 1.755755 1.451415
vn 0.4307105 0.2529475 -0.02249549
vt 0.05325 1.946991
v 0.01492695 1.75144 1.469135
vn 0.2717302 0.4158292 -0.05699791
vt 0.044628 1.975268
v 0.0233236 1.79443 1.20502
vn 0.1886929 -0.03428699 -0.4617569
vt 0.045981 1.665179
v 0.0237231 1.801745 1.279005
vn 0.202582 0.03271106 -0.4559501
vt 0.045237 1.691266
v 0.0456206 1.775875 1.280935
vn 0.4961011 0.04162005 -0.0463847
vt 0.056027 1.693667
v 0.04574595 1.774295 1.206265
vn 0.4903187 0.00570903 -0.09774964
vt 0.056405 1.665528
v -0.0151912 1.75144 1.469135
vn -0.2204454 0.4479903 -0.02661698
vt 0.024865 1.975286
v 0.063586 1.835835 1.478185
vn 0.4418238 0.1975981 0.1254858
vt 0.841423 1.032209
v 0.040251 1.822765 1.49869
vn 0.3885715 -0.1615006 0.2700551
vt 0.821077 1.061721
v 0.0493572 1.81678 1.48955
vn 0.1559072 0.4214635 0.2192293
vt 0.83161 1.047768
v 0.04004995 1.86236 1.50856
vn 0.4839654 0.08543994 -0.09207322
vt 0.81169 1.012118
v -0.01508795 1.72784 1.4696
vn 0.2399229 -0.03276006 -0.4374515
vt 0.892858 1.248199
v -0.0166115 1.73157 1.48179
vn -0.1903023 -0.1759432 -0.4275851
vt 0.893079 1.23674
v -0.0127252 1.714075 1.459495
vn 0.3731727 -0.1732629 -0.2841164
vt 0.893871 1.267286
v -0.0293961 1.72091 1.47432
vn -0.0129847 0.4892918 -0.1021027
vt 0.885681 1.25912
v -0.01970035 1.725645 1.48548
vn -0.4153206 0.2757341 0.03846476
vt 0.892995 1.23949
v -0.0151381 1.705865 1.47493
vn -0.237469 0.3473355 0.2701231
vt 0.89756 1.264336
v -0.0139756 1.72307 1.488805
vn -0.2847285 0.360299 0.1977735
vt 0.898658 1.239804
v -0.0082624 1.720625 1.491645
vn -0.04990487 0.4224127 0.2628251
vt 0.902376 1.240323
v 0 1.705965 1.481035
vn 0 0.389498 0.3135145
vt 0.906072 1.260756
v -0.0091937 1.74149 1.50373
vn -0.04482424 0.3258519 -0.3765784
vt 0.902559 1.213604
v 0 1.72484 1.489595
vn -0.02438229 0.3973434 -0.3025289
vt 0.906072 1.238202
v 0.0082624 1.720625 1.491645
vn 0.04990464 0.4224125 0.2628255
vt 0.909768 1.240323
v 0.0151381 1.705865 1.47493
vn 0.237469 0.3473355 0.2701231
vt 0.914584 1.264336
v 0.01397565 1.72307 1.488805
vn 0.2847287 0.3602987 0.1977736
vt 0.913486 1.239804
v 0.01970035 1.725645 1.48548
vn 0.4153206 0.2757341 0.03846466
vt 0.919149 1.23949
v 0.0091937 1.74149 1.50373
vn 0.0448233 0.325852 -0.3765785
vt 0.909584 1.213604
v 0.00761415 1.73069 1.48951
vn -0.1735345 -0.1886866 -0.4292821
vt 0.910828 1.232746
v 0 1.71358 1.46815
vn 0.001121865 -0.251443 -0.432175
vt 0.906072 1.262464
v 0.0127252 1.714065 1.461735
vn -0.4009074 -0.1812116 -0.2375618
vt 0.918273 1.267286
v 0.0166115 1.73157 1.48179
vn 0.1798096 -0.1702146 -0.434391
vt 0.919065 1.23674
v 0.0293961 1.72091 1.47432
vn 0.08986212 0.4681219 -0.1509525
vt 0.923485 1.254197
v 0.0181747 1.74197 1.495145
vn 0.2133696 0.209715 -0.4006158
vt 0.915799 1.21094
v 0.02682915 1.70292 1.46396
vn 0.3592365 0.276735 0.2106345
vt 0.922209 1.273804
v 0.035819 1.704995 1.44928
vn 0.4776808 0.0441199 0.140977
vt 0.929553 1.281337
v 0.04087875 1.722225 1.45717
vn 0.4807408 0.0694699 0.1185843
vt 0.932711 1.26051
v 0.04029225 1.727765 1.461715
vn 0.4882876 0.1034746 -0.02946559
vt 0.932334 1.254272
v 0.04653475 1.77692 1.494695
vn -0.06744222 0.3561181 -0.3444292
vt 0.934616 1.20089
v 0.0166115 1.73157 1.48179
vn 0.1798096 -0.1702146 -0.434391
vt 0.919065 1.23674
v 0.0181747 1.74197 1.495145
vn 0.2133696 0.209715 -0.4006158
vt 0.915799 1.21094
v 0.015088 1.728635 1.466335
vn -0.2813245 0.105811 -0.3995755
vt 0.919285 1.248199
v 0.02070265 1.734145 1.46231
vn -0.203523 0.2334263 -0.3925437
vt 0.924349 1.241761
v 0.015088 1.728635 1.466335
vn -0.2607498 0.1106922 -0.4120155
vt 0.919285 1.248199
v 0.04653475 1.77692 1.494695
vn -0.06763022 0.345492 -0.3550513
vt 0.934616 1.20089
v 0.0293961 1.72091 1.47432
vn 0.08986212 0.4681219 -0.1509525
vt 0.923485 1.254197
v 0.015088 1.728635 1.466335
vn -0.2607498 0.1106922 -0.4120155
vt 0.919285 1.248199
v -0.00761415 1.73069 1.48951
vn 0.1795435 -0.1926311 -0.4250381
vt 0.901316 1.232746
v -0.0166115 1.73157 1.48179
vn -0.1903023 -0.1759432 -0.4275851
vt 0.893079 1.23674
v -0.0181747 1.74197 1.495145
vn -0.2133696 0.209715 -0.4006158
vt 0.896474 1.211458
v -0.01508795 1.72784 1.4696
vn 0.2187484 -0.02839626 -0.4487124
vt 0.892858 1.248199
v -0.0293961 1.72091 1.47432
vn -0.0129847 0.4892918 -0.1021027
vt 0.885681 1.25912
v -0.02069605 1.73272 1.459805
vn 0.3144392 0.05208583 -0.3852467
vt 0.889608 1.241761
v -0.0279321 1.74067 1.47346
vn 0.4591002 0.1420586 -0.1380084
vt 0.885943 1.233964
v -0.01508795 1.72784 1.4696
vn 0.2187484 -0.02839626 -0.4487124
vt 0.892858 1.248199
v -0.035819 1.704995 1.44928
vn -0.4745104 0.04586083 0.1507868
vt 0.882591 1.281337
v -0.02682915 1.70292 1.46396
vn -0.3592363 0.2767349 0.2106349
vt 0.889935 1.273804
v -0.04087875 1.722225 1.45717
vn -0.4913496 0.08980459 0.02259844
vt 0.879433 1.26051
v -0.0397147 1.72535 1.46009
vn -0.4777991 -0.0718492 -0.12863
vt 0.880198 1.255827
v -0.04653475 1.77692 1.494695
vn 0.1146414 0.3589846 -0.3286144
vt 0.876104 1.199336
v -0.0181747 1.74197 1.495145
vn -0.2133696 0.209715 -0.4006158
vt 0.896474 1.211458
v -0.0279321 1.74067 1.47346
vn 0.4603159 0.1279739 -0.1474177
vt 0.885943 1.233964
v -0.04653475 1.77692 1.494695
vn 0.116642 0.3481452 -0.3393959
vt 0.876104 1.199336
v -0.02069605 1.73272 1.459805
vn 0.3144392 0.05208583 -0.3852467
vt 0.889608 1.241761
v -0.0308176 1.73223 1.453495
vn -0.1193843 -0.1199263 -0.4704945
vt 0.881993 1.251078
v -0.0582235 1.784215 1.2805
vn -0.3255505 0.1667971 -0.3408747
vt 0.955287 1.112779
v -0.053759 1.795795 1.296565
vn -0.2959322 -0.04566763 -0.400423
vt 0.945476 1.110002
v -0.0452608 1.785135 1.279205
vn 0.2908373 0.1072682 -0.3923101
vt 0.956041 1.112664
v -0.053576 1.7994 1.27782
vn 0.02370574 0.406319 -0.2904185
vt 0.956953 1.095933
v -0.0452608 1.785135 1.279205
vn 0.2908373 0.1072682 -0.3923101
vt 0.956041 1.112664
v -0.053759 1.795795 1.296565
vn -0.2959322 -0.04566763 -0.400423
vt 0.945476 1.110002
v -0.0469756 1.79912 1.30289
vn 0.08019722 0.1094349 -0.4812405
vt 0.943446 1.09748
v -0.0469756 1.79912 1.30289
vn 0.08019722 0.1094349 -0.4812405
vt 0.943446 1.09748
v -0.04571025 1.776015 1.309875
vn -0.1110263 0.3710292 -0.3162444
vt 0.938307 1.119587
v 0.0471586 1.75985 1.34937
vn 0.2383822 0.192823 -0.3949597
vt 0.915231 1.138488
v 0.0459421 1.764365 1.34533
vn 0.1094106 0.349276 -0.34064
vt 0.917802 1.133162
v 0.0388793 1.7403 1.446645
vn 0.3143035 0.2449366 -0.3020254
vt 0.846348 1.168154
v 0.0331631 1.74589 1.444475
vn 0.1292892 0.2820625 -0.3920779
vt 0.866038 1.160722
v 0.0308176 1.73779 1.453895
vn 0.1420391 0.04639863 -0.47715
vt 0.843869 1.172867
v 0.0360232 1.791165 1.500815
vn 0.03974042 -0.31354 0.3874447
vt 0.987163 1.252267
v 0.040251 1.822765 1.49869
vn 0.3897021 -0.173141 0.2610641
vt 0.99106 1.227033
v -0.0365348 1.740835 1.444425
vn -0.2352968 0.3493495 -0.269426
vt 0.863196 1.161778
v -0.0308176 1.73223 1.453495
vn -0.1255761 -0.1168717 -0.4696506
vt 0.843869 1.172867
v -0.0397147 1.72535 1.46009
vn -0.4751815 -0.08378593 -0.1310818
vt 0.840018 1.180882
v -0.0308176 1.73223 1.453495
vn -0.1219865 -0.1256927 -0.4683168
vt 0.843869 1.172867
v -0.04675925 1.749545 1.37543
vn -0.3160424 0.3426874 -0.1807831
vt 0.898643 1.151527
v -0.0395124 1.75467 1.374125
vn 0.08703776 0.2119218 -0.444425
vt 0.900581 1.14554
v -0.04324045 1.77315 1.368365
vn 7.891948E-05 0.3094439 -0.3927397
vt 0.903402 1.127536
v -0.0888095 1.83486 1.29645
vn -0.4459098 0.2080597 -0.08874463
vt 0.948258 1.048753
v -0.0815 1.827495 1.308895
vn -0.4777693 0.08714283 0.1189227
vt 0.942386 1.056995
v -0.076141 1.791075 1.291215
vn -0.1512433 0.02616654 0.4758579
vt 0.94765 1.091974
v -0.076141 1.791075 1.291215
vn -0.1700207 0.01664167 0.4699107
vt 0.94765 1.091974
v -0.077153 1.862645 1.298705
vn -0.4717114 -0.03710112 -0.1615917
vt 0.948691 1.009444
v -0.0695105 1.81646 1.28317
vn 0.1108537 -0.101596 0.476854
vt 0.955329 1.073145
v -0.076141 1.791075 1.291215
vn -0.1882644 0.006693665 0.4631541
vt 0.94765 1.091974
v -0.0308343 1.74945 1.4028
vn 0.2726284 0.02863029 -0.4181556
vt 0.883417 1.154849
v -0.03997005 1.749375 1.408555
vn -0.2569065 0.1316498 -0.4082492
vt 0.880191 1.15408
v -0.0368405 1.749875 1.42125
vn -0.1101846 -0.07117975 -0.4824861
vt 0.875669 1.150833
v -0.04652755 1.734455 1.340355
vn -0.4806473 -0.0102778 0.1373774
vt 0.920849 1.169951
v -0.051278 1.820915 1.35465
vn 0.211794 -0.1527422 0.4263955
vt 0.910443 1.051041
v -0.0492383 1.81609 1.37692
vn 0.1551677 -0.2558646 0.40057
vt 0.897451 1.064413
v -0.0611955 1.818715 1.37226
vn -0.1863235 0.03170249 0.4629023
vt 0.90038 1.05744
v -0.00842065 1.818495 1.51445
vn -0.2288136 -0.3323618 0.2952625
vt 0.964475 1.225159
v -0.0075323 1.787015 1.51412
vn -0.0352912 -0.1115469 0.4861192
vt 0.966317 1.246921
v -0.0114144 1.821805 1.522095
vn -0.482895 0.07935324 0.102545
vt 0.963646 1.221763
v -0.03611165 1.791165 1.500815
vn 0.001139761 -0.3751957 0.3304949
vt 0.951495 1.252675
v -0.04209155 1.81662 1.505245
vn -0.4624432 0.01274731 0.189694
vt 0.946341 1.221999
v -0.0403393 1.822765 1.49869
vn -0.3630725 -0.2173606 0.266332
vt 0.948211 1.227378
v 0.0471638 1.82147 1.50614
vn 0.4681191 -0.08458584 0.1539796
vt 0.812614 1.051526
v 0.040251 1.822765 1.49869
vn 0.3906041 -0.183765 0.252307
vt 0.821077 1.061721
v 0.04004995 1.86236 1.50856
vn 0.4839654 0.08543994 -0.09207322
vt 0.81169 1.012118
v 0.0668365 1.82225 1.337505
vn 0.096672 0.1465653 0.4681593
vt 0.921421 1.061891
v 0.066763 1.82306 1.344615
vn 0.2840142 -0.09887028 0.3994504
vt 0.919165 1.058597
v 0.061107 1.818715 1.37226
vn 0.1815659 0.03241172 0.46474
vt 0.90038 1.05744
v 0.055433 1.816305 1.37709
vn 0.2296451 -0.3089558 0.3190759
vt 0.898328 1.063538
v 0.04915005 1.81609 1.37692
vn -0.1458185 -0.3353626 0.3409822
vt 0.897451 1.064413
v 0.052301 1.77357 1.382445
vn -0.1173988 -0.3372456 0.3499756
vt 0.888963 1.098568
v 0.055433 1.816305 1.37709
vn 0.2296451 -0.3089558 0.3190759
vt 0.898328 1.063538
v 0.052301 1.77357 1.382445
vn -0.1173988 -0.3372456 0.3499756
vt 0.888963 1.098568
v 0.03904725 1.819945 1.390705
vn -0.444715 0.08814519 0.2108531
vt 0.883534 1.044015
v -0.0279321 1.74067 1.47346
vn 0.4603159 0.1279739 -0.1474177
vt 0.885943 1.233964
v -0.0308176 1.73223 1.453495
vn -0.1167939 -0.1352205 -0.4669846
vt 0.881993 1.251078
v -0.04653475 1.77692 1.494695
vn 0.1211544 0.3196214 -0.3649161
vt 0.876104 1.199336
v -0.0308176 1.73223 1.453495
vn -0.1167939 -0.1352205 -0.4669846
vt 0.881993 1.251078
v -0.0397147 1.72535 1.46009
vn -0.4751815 -0.08378593 -0.1310818
vt 0.880198 1.255827
v -0.04653475 1.77692 1.494695
vn 0.1211544 0.3196214 -0.3649161
vt 0.876104 1.199336
v 0.040251 1.822765 1.49869
vn 0.3906041 -0.183765 0.252307
vt 0.99106 1.227033
v 0.0471638 1.82147 1.50614
vn 0.4681191 -0.08458584 0.1539796
vt 0.995216 1.21869
v 0.0420033 1.81662 1.505245
vn 0.4595291 -0.08791973 0.1763608
vt 0.993684 1.221767
v 0.04681825 1.814025 1.44089
vn 0.2055003 0.07947084 0.4488363
vt 0.860562 1.055849
v 0.055685 1.828555 1.42141
vn 0.4695874 -0.04944246 0.1644478
vt 0.870778 1.05102
v 0.03910785 1.752615 1.406815
vn 0.35215 0.3185098 -0.1566586
vt 0.881146 1.148573
v 0.0383226 1.79821 1.509005
vn 0.2306516 0.320233 0.3070026
vt 0.988746 1.242336
v 0.0360232 1.791165 1.500815
vn 0.03974042 -0.31354 0.3874447
vt 0.987163 1.252267
v 0.0420033 1.81662 1.505245
vn 0.4595291 -0.08791973 0.1763608
vt 0.993684 1.221767
v 0.04653475 1.77692 1.494695
vn -0.06783278 0.3175834 -0.3801835
vt 0.934616 1.20089
v 0.0308176 1.73779 1.453895
vn 0.1418573 0.02686841 -0.4787009
vt 0.934035 1.246415
v 0.02070265 1.734145 1.46231
vn -0.203523 0.2334263 -0.3925437
vt 0.924349 1.241761
v 0.04653475 1.77692 1.494695
vn -0.06783278 0.3175834 -0.3801835
vt 0.934616 1.20089
v 0.0308176 1.73779 1.453895
vn 0.1418573 0.02686841 -0.4787009
vt 0.934035 1.246415
v 0.061107 1.818715 1.37226
vn 0.1815659 0.03241172 0.46474
vt 0.90038 1.05744
v 0.04915005 1.81609 1.37692
vn -0.1458185 -0.3353626 0.3409822
vt 0.897451 1.064413
v 0.0511895 1.820915 1.35465
vn -0.2124704 -0.1606997 0.4231216
vt 0.910443 1.051041
v 0.00408803 1.8032 1.52068
vn -0.2270587 0.4202742 0.1476955
vt 0.971784 1.233447
v 0.0051821 1.828305 1.526465
vn 0.0005371996 0.4993567 0.02535057
vt 0.972943 1.216727
v 0.00408803 1.8032 1.52068
vn -0.2445245 0.4097508 0.149372
vt 0.971784 1.233447
v -0.0557735 1.828555 1.42141
vn -0.4683721 -0.05959798 0.1645468
vt 0.870778 1.05102
v -0.0469065 1.814025 1.44089
vn -0.2055004 0.07947089 0.4488362
vt 0.860562 1.055849
v 0.00744405 1.787015 1.51412
vn -0.05529911 -0.08447698 0.4896996
vt 0.972688 1.246522
v 0.00408803 1.8032 1.52068
vn -0.2445245 0.4097508 0.149372
vt 0.971784 1.233447
v -4.42147E-05 1.818935 1.52077
vn -0.1283894 0.317249 0.3645123
vt 0.969692 1.223715
v -0.061173 1.82369 1.307945
vn 0.3630476 -0.08264942 0.3337148
vt 0.942572 1.061815
v -0.0755465 1.820975 1.307255
vn -0.3225538 -0.02604719 0.381157
vt 0.942836 1.065275
v -0.076141 1.791075 1.291215
vn -0.1882644 0.006693665 0.4631541
vt 0.94765 1.091974
v -0.03611165 1.791165 1.500815
vn 0.001139761 -0.3751957 0.3304949
vt 0.951495 1.252675
v -0.03841085 1.79821 1.509005
vn -0.2306479 0.3202367 0.3070017
vt 0.950469 1.242705
v -0.0646365 1.77243 1.312
vn 0.06086334 -0.1182066 0.4819988
vt 0.934833 1.106177
v -0.0755465 1.820975 1.307255
vn -0.3225538 -0.02604719 0.381157
vt 0.942836 1.065275
v -0.061173 1.82369 1.307945
vn 0.3630476 -0.08264942 0.3337148
vt 0.942572 1.061815
v -0.0623425 1.82986 1.45491
vn -0.4688366 -0.1083121 0.1358702
vt 0.856834 1.056086
v -0.063674 1.835835 1.478185
vn -0.4598754 0.1879814 0.05637003
vt 0.841423 1.032209
v -0.04209155 1.81662 1.505245
vn -0.4624432 0.01274731 0.189694
vt 0.946341 1.221999
v -0.04725205 1.82147 1.50614
vn -0.4695141 -0.08246088 0.1508532
vt 0.944828 1.218913
v -0.0403393 1.822765 1.49869
vn -0.3630725 -0.2173606 0.266332
vt 0.948211 1.227378
v -0.135313 -0.003892172 1.06621
vn 0.440746 0.00354135 0.236073
vt 0.865386 1.971953
v -0.142773 0.007315842 1.09148
vn 0.06807842 0.3343058 -0.3655202
vt 0.86671 1.979173
v -0.1430615 -0.008649957 1.101535
vn 0.0876631 0.2901342 0.3976649
vt 0.866599 1.983987
v -0.144606 0.01578384 1.066205
vn 0.06000162 0.1537812 -0.4719652
vt 0.866666 1.969925
v -0.1430615 -0.008649957 1.101535
vn 0.05482861 0.308759 0.3894377
vt 0.866599 1.983987
v -0.157621 -0.002222697 1.06786
vn -0.4649549 0.102454 0.1527095
vt 0.86748 1.972221
v -0.1430615 -0.008649957 1.101535
vn 0.05482861 0.308759 0.3894377
vt 0.866599 1.983987
v -0.142773 0.007315842 1.09148
vn 0.06807842 0.3343058 -0.3655202
vt 0.86671 1.979173
v -0.144606 0.01578384 1.066205
vn 0.06000162 0.1537812 -0.4719652
vt 0.866666 1.969925
v -0.209971 0.02350354 1.0875
vn -0.006319475 0.1098545 -0.4877418
vt 0.866284 1.969512
v -0.2215865 0.001544683 1.086725
vn -0.4345272 0.007350603 0.2472491
vt 0.867814 1.971347
v -0.2097135 0.01560024 1.122605
vn -0.001076348 0.3268429 -0.3783815
vt 0.866469 1.979096
v -0.2093975 -0.006230307 1.13685
vn -0.045091 0.201235 0.4554902
vt 0.866601 1.983895
v -0.2093975 -0.006230307 1.13685
vn -0.007836971 0.2123839 0.4525833
vt 0.866601 1.983895
v -0.198226 0.002851498 1.08598
vn 0.4535877 0.004428947 0.2103296
vt 0.865133 1.971302
v -0.209971 0.02350354 1.0875
vn -0.006319475 0.1098545 -0.4877418
vt 0.866284 1.969512
v -0.2097135 0.01560024 1.122605
vn -0.001076348 0.3268429 -0.3783815
vt 0.866469 1.979096
v -0.2093975 -0.006230307 1.13685
vn -0.007836971 0.2123839 0.4525833
vt 0.866601 1.983895
v 0.2664153 0.01566232 1.058475
vn 0.09674774 0.1465627 -0.4681445
vt 0.866597 1.96943
v 0.2705752 0.008231272 1.080475
vn 0.1177548 0.3431206 -0.344096
vt 0.866666 1.978955
v 0.2737555 -0.003227166 1.056045
vn 0.4432375 -0.05636206 0.224419
vt 0.868112 1.971829
v 0.272395 -0.009654763 1.08812
vn 0.1325834 0.2453373 0.4150076
vt 0.866687 1.983948
v 0.2542528 -0.003790495 1.063235
vn -0.4430207 0.1387413 0.1856974
vt 0.865187 1.971633
v 0.272395 -0.009654763 1.08812
vn 0.1032027 0.2684936 0.4089749
vt 0.866687 1.983948
v 0.2705752 0.008231272 1.080475
vn 0.1177548 0.3431206 -0.344096
vt 0.866666 1.978955
v 0.272395 -0.009654763 1.08812
vn 0.1032027 0.2684936 0.4089749
vt 0.866687 1.983948
v 0.2664153 0.01566232 1.058475
vn 0.09674774 0.1465627 -0.4681445
vt 0.866597 1.96943
v 0.1719497 0.01497625 1.066205
vn -0.06533194 0.1515935 -0.4719652
vt 0.866666 1.969925
v 0.1704134 0.006449439 1.09148
vn -0.07970405 0.3317262 -0.3655202
vt 0.86671 1.979173
v 0.1855852 -0.002565098 1.06786
vn 0.461096 0.1186182 0.1527095
vt 0.86748 1.972221
v 0.1712589 -0.009496567 1.101535
vn 0.07279041 0.3076848 0.3873391
vt 0.866599 1.983987
v 0.1712589 -0.009496567 1.101535
vn 0.03564091 0.3171628 0.3848864
vt 0.866599 1.983987
v 0.1633491 -0.005012099 1.06621
vn -0.4406011 -0.01184262 0.236073
vt 0.865386 1.971953
v 0.1704134 0.006449439 1.09148
vn -0.07970405 0.3317262 -0.3655202
vt 0.86671 1.979173
v 0.1719497 0.01497625 1.066205
vn -0.06533194 0.1515935 -0.4719652
vt 0.866666 1.969925
v 0.1712589 -0.009496567 1.101535
vn 0.03564091 0.3171628 0.3848864
vt 0.866599 1.983987
v 0.23747 -0.004763298 1.13685
vn 0.03804053 0.202686 0.4554902
vt 0.866601 1.983895
v 0.2493803 0.003432346 1.086725
vn 0.4340059 0.0225109 0.2472491
vt 0.867814 1.971347
v 0.237024 0.01706498 1.122605
vn -0.01033096 0.3266814 -0.3783815
vt 0.866469 1.979096
v 0.2370055 0.02497245 1.0875
vn 0.00248176 0.1100081 -0.4877418
vt 0.866284 1.969512
v 0.2259884 0.0039231 1.08598
vn -0.453466 -0.01140373 0.2103296
vt 0.865133 1.971302
v 0.23747 -0.004763298 1.13685
vn 0.0004201066 0.212528 0.4525833
vt 0.866601 1.983895
v 0.23747 -0.004763298 1.13685
vn 0.0004201066 0.212528 0.4525833
vt 0.866601 1.983895
v 0.237024 0.01706498 1.122605
vn -0.01033096 0.3266814 -0.3783815
vt 0.866469 1.979096
v 0.2370055 0.02497245 1.0875
vn 0.00248176 0.1100081 -0.4877418
vt 0.866284 1.969512
v 0.2090355 0.01819449 1.12368
vn -0.001650697 0.3025005 -0.3981089
vt 0.866547 1.979267
v 0.1952157 0.001913952 1.09065
vn -0.4282695 0.06533092 0.249634
vt 0.865246 1.971043
v 0.2116295 -0.001530791 1.13995
vn -0.05044008 0.2741864 0.4150634
vt 0.866366 1.98425
v 0.2041837 0.02705931 1.086645
vn -0.02772372 0.1201221 -0.4845638
vt 0.866775 1.969288
v 0.2116295 -0.001530791 1.13995
vn -0.01262693 0.2854234 0.4103341
vt 0.866366 1.98425
v 0.2202053 0.002749894 1.085315
vn 0.4630225 0.02013268 0.1876295
vt 0.868059 1.971253
v 0.2116295 -0.001530791 1.13995
vn -0.01262693 0.2854234 0.4103341
vt 0.866366 1.98425
v 0.2090355 0.01819449 1.12368
vn -0.001650697 0.3025005 -0.3981089
vt 0.866547 1.979267
v 0.2041837 0.02705931 1.086645
vn -0.02772372 0.1201221 -0.4845638
vt 0.866775 1.969288
v 0.126606 -0.0467836 -0.257219
vn -0.0525618 0.157507 -0.4716236
vt 0.879223 1.969
v 0.1183445 -0.072896 -0.257219
vn -0.4051341 0.0146818 0.2926616
vt 0.877443 1.97119
v 0.1258915 -0.0571995 -0.226269
vn -0.04658227 0.3665457 -0.3368596
vt 0.879317 1.978537
v 0.12618 -0.076499 -0.2186565
vn -0.0610659 0.2364461 0.4363075
vt 0.87918 1.983512
v 0.12618 -0.076499 -0.2186565
vn -0.02651179 0.250378 0.4319815
vt 0.87918 1.983512
v 0.140846 -0.072237 -0.259179
vn 0.448072 0.080223 0.2068715
vt 0.880367 1.971307
v 0.1258915 -0.0571995 -0.226269
vn -0.04658227 0.3665457 -0.3368596
vt 0.879317 1.978537
v 0.126606 -0.0467836 -0.257219
vn -0.0525618 0.157507 -0.4716236
vt 0.879223 1.969
v 0.12618 -0.076499 -0.2186565
vn -0.02651179 0.250378 0.4319815
vt 0.87918 1.983512
v 0.1875025 -0.03948985 -0.235196
vn 0.001975791 0.1278337 -0.4833784
vt 0.878953 1.969214
v 0.175891 -0.06490301 -0.2375545
vn -0.4302616 0.03260911 0.2526096
vt 0.877725 1.971
v 0.187414 -0.04868281 -0.2004335
vn -0.0007525889 0.3587306 -0.3482985
vt 0.879003 1.979231
v 0.1874285 -0.06959 -0.191655
vn -0.05843539 0.222934 0.4437181
vt 0.87907 1.98425
v 0.199148 -0.06568201 -0.2371805
vn 0.4177386 0.03420926 0.2726246
vt 0.880523 1.97124
v 0.1874285 -0.06959 -0.191655
vn -0.02221522 0.2336299 0.4415015
vt 0.87907 1.98425
v 0.187414 -0.04868281 -0.2004335
vn -0.0007525889 0.3587306 -0.3482985
vt 0.879003 1.979231
v 0.1875025 -0.03948985 -0.235196
vn 0.001975791 0.1278337 -0.4833784
vt 0.878953 1.969214
v 0.1874285 -0.06959 -0.191655
vn -0.02221522 0.2336299 0.4415015
vt 0.87907 1.98425
v 0.216662 -0.04360496 -0.265267
vn 0.06955503 0.2002671 -0.4528302
vt 0.879055 1.969853
v 0.198852 -0.072934 -0.269588
vn -0.4146012 0.1285686 0.2481451
vt 0.878051 1.972063
v 0.218601 -0.055897 -0.238146
vn 0.09132107 0.3685337 -0.3253358
vt 0.879128 1.979081
v 0.219295 -0.076919 -0.229815
vn -0.01840523 0.2525358 0.4311461
vt 0.879155 1.983919
v 0.2231785 -0.07307251 -0.270699
vn 0.3836732 -0.01448201 0.3202892
vt 0.880146 1.972098
v 0.219295 -0.076919 -0.229815
vn 0.01809947 0.2564704 0.4288302
vt 0.879155 1.983919
v 0.218601 -0.055897 -0.238146
vn 0.09132107 0.3685337 -0.3253358
vt 0.879128 1.979081
v 0.219295 -0.076919 -0.229815
vn 0.01809947 0.2564704 0.4288302
vt 0.879155 1.983919
v 0.1597555 -0.06957701 -0.1909195
vn 0.09771959 0.2190507 0.4387114
vt 0.879189 1.984087
v 0.164144 -0.0653695 -0.237742
vn 0.4215684 -0.02675149 0.2675154
vt 0.880295 1.970787
v 0.1578515 -0.04868091 -0.1994695
vn 0.05733716 0.3543375 -0.3480767
vt 0.879148 1.979089
v 0.153312 -0.0395111 -0.233857
vn 0.03557518 0.1241112 -0.4830433
vt 0.87893 1.969109
v 0.139581 -0.065221 -0.2342985
vn -0.420381 0.1040495 0.249907
vt 0.877487 1.971185
v 0.1597555 -0.06957701 -0.1909195
vn 0.0643739 0.2355562 0.4363133
vt 0.879189 1.984087
v 0.1578515 -0.04868091 -0.1994695
vn 0.05733716 0.3543375 -0.3480767
vt 0.879148 1.979089
v 0.1597555 -0.06957701 -0.1909195
vn 0.0643739 0.2355562 0.4363133
vt 0.879189 1.984087
v 0.153312 -0.0395111 -0.233857
vn 0.03557518 0.1241112 -0.4830433
vt 0.87893 1.969109
v -0.02128775 1.48189 0.442655
vn -0.1418424 0.4235939 -0.2246085
vt 0.902168 1.875152
v -0.02367225 1.46607 0.4467405
vn -0.2389657 0.4058875 -0.1677817
vt 0.896354 1.883635
v -0.0121438 1.44655 0.425433
vn 0.2354629 -0.412906 -0.1551317
vt 0.885033 1.854439
v -0.0094529 1.441455 0.4243045
vn 0.3094573 0.02643652 -0.3918383
vt 0.882107 1.854147
v -0.0282675 1.441455 0.4243045
vn -0.2949419 0.2383302 -0.3258957
vt 0.882107 1.854147
v -0.02528125 1.446255 0.4225285
vn -0.2026574 0.3853101 -0.2458986
vt 0.884813 1.848277
v -0.0125962 1.44598 0.4567595
vn 0.3177898 0.3201679 -0.2156436
vt 0.884864 1.893756
v -0.0143699 1.465945 0.4468005
vn 0.1881532 0.4313419 -0.1689453
vt 0.896281 1.883699
v -0.02367225 1.46607 0.4467405
vn -0.2389657 0.4058875 -0.1677817
vt 0.896354 1.883635
v -0.0259784 1.4453 0.4570315
vn -0.3185982 0.316613 -0.219662
vt 0.884476 1.894098
v -0.02861465 1.439755 0.4585725
vn -0.3033414 -0.2318147 -0.3228714
vt 0.881304 1.896892
v -0.0099485 1.439755 0.4585725
vn 0.3054478 -0.2048784 -0.338713
vt 0.881304 1.896892
v -0.02280095 1.480885 0.458696
vn -0.3349807 -0.2412627 -0.2820998
vt 0.902398 1.900993
v -0.01576215 1.480885 0.458696
vn 0.3349809 -0.2412618 -0.2821002
vt 0.902398 1.900993
v -0.02280095 1.48015 0.473593
vn -0.3278497 0.01870912 -0.3770471
vt 0.902049 1.919576
v -0.01576215 1.48015 0.473593
vn 0.3278561 0.01871082 -0.3770415
vt 0.902049 1.919576
v -0.00942525 1.442385 0.2875805
vn 0.1515936 -0.4373538 -0.1890529
vt 0.884782 1.683598
v -0.006961 1.437845 0.2859705
vn 0.2494174 -0.1260733 -0.414604
vt 0.881893 1.68159
v -0.0260804 1.437845 0.285971
vn -0.1788348 -0.2044734 -0.4197723
vt 0.881893 1.68159
v -0.01087775 1.4417 0.2824225
vn 0.1399203 0.3476533 -0.3309977
vt 0.884774 1.678368
v -0.00942525 1.442385 0.2875805
vn 0.143289 -0.4415748 -0.1856878
vt 0.884782 1.683598
v -0.0260804 1.437845 0.285971
vn -0.1788348 -0.2044734 -0.4197723
vt 0.881893 1.68159
v -0.01391 1.462915 0.291134
vn 0.1922925 -0.3971899 -0.2350824
vt 0.896007 1.691646
v -0.00942525 1.442385 0.2875805
vn 0.143289 -0.4415748 -0.1856878
vt 0.884782 1.683598
v -0.01014645 1.44965 0.387156
vn 0.1219075 0.4047109 -0.2671098
vt 0.885607 1.808702
v -0.01357385 1.46557 0.3797825
vn 0.2852578 0.2455818 -0.3291163
vt 0.894418 1.79861
v -0.0077715 1.445695 0.3583095
vn 0.2114383 -0.3110942 -0.329415
vt 0.885976 1.770644
v -0.00292728 1.44214 0.35517
vn 0.2550794 0.06460381 -0.4251598
vt 0.883138 1.767908
v -0.02472835 1.44214 0.35517
vn -0.2116216 0.02911077 -0.4520718
vt 0.883138 1.767908
v -0.0059334 1.447795 0.3493335
vn 0.259326 0.2984551 -0.3060631
vt 0.886129 1.764865
v -0.0077715 1.445695 0.3583095
vn 0.1995164 -0.3198675 -0.3284478
vt 0.885976 1.770644
v -0.01268085 1.463555 0.3625235
vn 0.204887 -0.3703188 -0.2662429
vt 0.895806 1.780005
v -0.0077715 1.445695 0.3583095
vn 0.1995164 -0.3198675 -0.3284478
vt 0.885976 1.770644
v -0.0059127 1.4479 0.325137
vn 0.3062592 -0.2857479 -0.2730448
vt 0.885782 1.727311
v -0.00292728 1.443265 0.320206
vn 0.2674444 -0.03872298 -0.4206828
vt 0.882963 1.724294
v -0.02472835 1.443265 0.320206
vn -0.1648106 -0.10792 -0.459555
vt 0.882963 1.724294
v -0.0066452 1.44754 0.315995
vn 0.1620677 0.306697 -0.3600986
vt 0.885725 1.721489
v -0.02472835 1.443265 0.320206
vn -0.1648106 -0.10792 -0.459555
vt 0.882963 1.724294
v -0.006409 1.46441 0.3281415
vn 0.1952548 -0.4142567 -0.2006663
vt 0.89503 1.737207
v -0.004456725 1.407635 0.2537945
vn 0.3231649 0.008163626 0.3814418
vt 0.866122 1.641453
v -0.00487068 1.40537 0.2195595
vn 0.2948728 -0.1220365 0.3849119
vt 0.865051 1.598748
v 0.00799485 1.40601 0.2292185
vn 0.3160065 -0.1348573 0.3632539
vt 0.865353 1.610797
v 0.00805945 1.406995 0.244135
vn 0.3174051 0.1776655 0.3430582
vt 0.86582 1.629404
v -0.00220521 1.4099 0.2880295
vn 0.3177702 0.01523408 0.3857331
vt 0.867193 1.684157
v 0.01416885 1.408275 0.2634535
vn 0.2942155 -0.1688412 0.367328
vt 0.866424 1.653502
v 0.0151292 1.409265 0.27837
vn 0.3078475 0.1915074 0.344318
vt 0.866891 1.672109
v -0.000798145 1.41217 0.322264
vn 0.2712041 0.0229448 0.4194304
vt 0.868264 1.726862
v 0.01494035 1.41054 0.2976885
vn 0.2971749 -0.1596063 0.3690704
vt 0.867495 1.696206
v 0.0155557 1.41153 0.312605
vn 0.3053285 0.1839992 0.3505978
vt 0.867962 1.714813
v -0.000798145 1.41247 0.35517
vn 0.2655708 0.01292771 0.4234442
vt 0.868406 1.767908
v 0.01181775 1.41247 0.3305405
vn 0.2138458 -0.1147546 0.4371514
vt 0.868406 1.737185
v 0.01179565 1.41247 0.3454895
vn 0.3107131 0.1463041 0.3633903
vt 0.868406 1.755833
v -0.00443618 1.410325 0.422761
vn 0.291306 -0.01155909 0.4062108
vt 0.867393 1.852221
v -0.00215351 1.412025 0.388493
vn 0.2935246 -0.01250682 0.4045824
vt 0.868197 1.809476
v 0.0099304 1.41155 0.3981615
vn 0.3207087 -0.1591624 0.3490176
vt 0.86797 1.821536
v 0.0089166 1.410805 0.4130925
vn 0.3070136 0.1537099 0.3634776
vt 0.86762 1.840161
v -0.00487068 1.426135 0.457897
vn 0.4404199 0.014114 -0.236286
vt 0.874867 1.89605
v 0.00799485 1.40911 0.44736
vn 0.315745 0.1410935 0.3611062
vt 0.866817 1.882906
v 0.00799485 1.419995 0.4479005
vn 0.416475 0.1869485 -0.203958
vt 0.871964 1.88358
v 0.00810345 1.42074 0.4329695
vn 0.4199366 -0.159744 -0.2193971
vt 0.872314 1.864955
v 0.0080678 1.40985 0.4324295
vn 0.2306414 -0.1336472 0.4230165
vt 0.867167 1.864281
v 0.0080678 1.40985 0.4324295
vn 0.2211259 -0.1293144 0.4293962
vt 0.867167 1.864281
v 0.00799485 1.41904 0.467237
vn 0.4167429 -0.1638509 -0.2224369
vt 0.871511 1.907701
v 0.00799485 1.4183 0.482168
vn 0.4167497 0.1850476 -0.2051271
vt 0.871161 1.926325
v -0.00487068 1.42444 0.492165
vn 0.4195956 0.161435 -0.2188111
vt 0.874063 1.938795
v 0.00799485 1.40741 0.481628
vn 0.3163581 0.1401639 0.3609317
vt 0.866013 1.925652
v 0.00799485 1.40815 0.466697
vn 0.3163582 -0.1751828 0.3452948
vt 0.866363 1.907027
v -0.0099485 1.438055 0.49284
vn 0.4821765 0.0065531 -0.132147
vt 0.8805 1.939638
v -0.01576215 1.480885 0.458696
vn 0.3349809 -0.2412618 -0.2821002
vt 0.902398 1.900993
v -0.01576215 1.48015 0.473593
vn 0.3278561 0.01871082 -0.3770415
vt 0.902049 1.919576
v -0.00487068 1.40863 0.4570285
vn 0.2760217 -0.01952922 0.41645
vt 0.86659 1.894967
v 0.0080678 1.40985 0.4324295
vn 0.2211259 -0.1293144 0.4293962
vt 0.867167 1.864281
v 0.00799485 1.40911 0.44736
vn 0.315745 0.1410935 0.3611062
vt 0.866817 1.882906
v -0.00487068 1.40693 0.4912965
vn 0.2956913 0.128047 0.3823226
vt 0.865787 1.937712
v 0.00799485 1.40815 0.466697
vn 0.3163582 -0.1751828 0.3452948
vt 0.866363 1.907027
v 0.00799485 1.40741 0.481628
vn 0.3163581 0.1401639 0.3609317
vt 0.866013 1.925652
v -0.02611785 1.44492 0.3900365
vn -0.2475289 0.01894113 -0.4340169
vt 0.882911 1.811401
v -0.0070031 1.44492 0.3900365
vn 0.2694278 0.1920592 -0.3748625
vt 0.882911 1.811401
v -0.01014645 1.44965 0.387156
vn 0.114745 0.4073928 -0.2662043
vt 0.885607 1.808702
v -0.02370165 1.45002 0.3925495
vn -0.2306742 -0.3863413 -0.2180133
vt 0.885799 1.816866
v -0.02611785 1.44492 0.3900365
vn -0.2475289 0.01894113 -0.4340169
vt 0.882911 1.811401
v -0.01014645 1.44965 0.387156
vn 0.114745 0.4073928 -0.2662043
vt 0.885607 1.808702
v -0.0132772 1.461955 0.4141025
vn 0.2244671 0.4078552 -0.1823969
vt 0.893665 1.847312
v -0.0168437 1.478555 0.4087615
vn 0.2627866 0.3086332 -0.2927264
vt 0.902694 1.841358
v -0.01723625 1.48155 0.425367
vn 0.1458171 -0.4695397 -0.09093884
vt 0.905292 1.85657
v -0.0141422 1.466635 0.4277305
vn 0.2664327 -0.423067 0.005280016
vt 0.896564 1.855593
v -0.0288566 1.38667 0.2539145
vn -0.3131081 0.03223623 0.3884896
vt 0.856212 1.641603
v -0.02887245 1.384405 0.2196795
vn -0.311767 0.02676103 0.389981
vt 0.855142 1.598898
v -0.0096907 1.384405 0.2196795
vn 0.3113847 0.02508704 0.3903975
vt 0.855142 1.598898
v -0.00960835 1.38667 0.2539145
vn 0.3091592 0.01821831 0.3925414
vt 0.856212 1.641603
v -0.0277359 1.38894 0.2881495
vn -0.317071 0.03536907 0.3849871
vt 0.857283 1.684308
v -0.00813515 1.38894 0.2881495
vn 0.3030542 0.0126709 0.3974892
vt 0.857283 1.684308
v -0.02684095 1.391205 0.3223845
vn -0.3188111 0.01881696 0.3847148
vt 0.858354 1.727012
v -0.00706825 1.391205 0.3223845
vn 0.2992216 0.009273142 0.4004753
vt 0.858354 1.727012
v -0.02684215 1.391505 0.35529
vn -0.3185619 -0.005433991 0.3853424
vt 0.858496 1.768058
v -0.0070696 1.391505 0.35529
vn 0.2986186 0.003655158 0.4010157
vt 0.858496 1.768058
v -0.02767025 1.391065 0.388613
vn -0.3158944 -0.02319807 0.3868754
vt 0.858287 1.809625
v -0.0080561 1.391065 0.3886135
vn 0.3013177 -0.0001346411 0.3990083
vt 0.858287 1.809625
v -0.0288477 1.389365 0.4228815
vn -0.3121665 -0.02506755 0.389774
vt 0.857484 1.852371
v -0.00958905 1.389365 0.4228815
vn 0.3074567 -0.01040331 0.3941601
vt 0.857484 1.852371
v -0.02887245 1.387665 0.457149
vn -0.3113657 -0.01949013 0.3907321
vt 0.85668 1.895117
v -0.0096907 1.387665 0.457149
vn 0.3108999 -0.01802584 0.391173
vt 0.85668 1.895117
v -0.02887245 1.385965 0.491417
vn -0.3113712 -0.01938942 0.3907326
vt 0.855876 1.937862
v -0.0096907 1.385965 0.491417
vn 0.3113707 -0.0193876 0.3907332
vt 0.855876 1.937862
v 0.0403619 1.39495 0.172427
vn 0.3295205 -0.3757823 0.01427835
vt 0.489993 1.889818
v 0.03243495 1.429015 0.1799535
vn 0.2595259 -0.293943 -0.3102319
vt 0.484215 1.878262
v 0.04750025 1.42251 0.1930635
vn 0.3965101 -0.165115 -0.2559625
vt 0.484215 1.889818
v 0.03605765 1.43954 0.2208705
vn 0.298963 0.091757 -0.3901305
vt 0.478436 1.889818
v 0.0116816 1.450065 0.1996585
vn 0.09847312 -0.1103203 -0.4776322
vt 0.478436 1.878262
v 0.051123 1.41198 0.2339805
vn 0.4244781 0.218106 -0.149158
vt 0.478436 1.901375
v 0.056811 1.405475 0.2011655
vn 0.4829328 -0.08368947 -0.09885345
vt 0.484215 1.901375
v 0.0403619 1.39495 0.172427
vn 0.3317032 -0.374055 0.00747245
vt 0.489993 1.901375
v 0.051123 1.37792 0.2339805
vn 0.4237335 0.219202 0.1496675
vt 0.478436 1.912932
v 0.056811 1.384425 0.2011655
vn 0.4829343 -0.08368997 0.09884546
vt 0.484215 1.912931
v 0.0403619 1.39495 0.172427
vn 0.333346 -0.3726636 -0.001499636
vt 0.489993 1.912931
v 0.03605785 1.350365 0.2208705
vn 0.298814 0.09260849 0.3900434
vt 0.478436 1.924488
v 0.04750025 1.367395 0.1930635
vn 0.3965054 -0.1651145 0.25597
vt 0.484215 1.924488
v 0.0403619 1.39495 0.172427
vn 0.3334404 -0.3724551 -0.009727863
vt 0.489993 1.924488
v 0.0116816 1.339835 0.1996585
vn 0.09893548 -0.109698 0.4776799
vt 0.478437 1.936045
v 0.03243496 1.36089 0.1799535
vn 0.2604391 -0.2930186 0.3103411
vt 0.484215 1.936045
v 0.0403619 1.39495 0.172427
vn 0.3319602 -0.3736373 -0.01405866
vt 0.489993 1.936045
v -0.0126946 1.350365 0.1784465
vn -0.09694548 -0.3077314 0.3819724
vt 0.478437 1.947601
v 0.0173696 1.367395 0.166844
vn 0.1295945 -0.4156637 0.2458231
vt 0.484215 1.947601
v 0.0403619 1.39495 0.172427
vn 0.3299618 -0.3754524 -0.01267813
vt 0.489993 1.947601
v -0.02775975 1.37792 0.165337
vn -0.2153899 -0.4274074 0.1446725
vt 0.478437 1.959158
v 0.0080589 1.384425 0.1587415
vn 0.05156098 -0.4886383 0.09259646
vt 0.484215 1.959158
v 0.0403619 1.39495 0.172427
vn 0.3286294 -0.3767823 -0.006148786
vt 0.489993 1.959158
v -0.02775975 1.41198 0.165337
vn -0.2153915 -0.4274084 -0.144667
vt 0.478437 1.970714
v 0.0080589 1.405475 0.1587415
vn 0.05155998 -0.4886373 -0.09260197
vt 0.484215 1.970714
v 0.0403619 1.39495 0.172427
vn 0.3282015 -0.3771949 0.002790767
vt 0.489993 1.970714
v -0.0126946 1.43954 0.1784465
vn -0.09694552 -0.3077356 -0.3819691
vt 0.478437 1.982271
v 0.01736975 1.42251 0.166844
vn 0.129596 -0.415666 -0.2458185
vt 0.484215 1.982271
v 0.0403619 1.39495 0.172427
vn 0.3280461 -0.3772053 0.01009715
vt 0.489993 1.982271
v 0.0116816 1.450065 0.1996585
vn 0.09847312 -0.1103203 -0.4776322
vt 0.478437 1.993828
v 0.03243495 1.429015 0.1799535
vn 0.2595259 -0.293943 -0.3102319
vt 0.484215 1.993828
v 0.0403619 1.39495 0.172427
vn 0.3280461 -0.3772053 0.01009715
vt 0.489993 1.993828
v -0.0534125 1.37792 0.1896935
vn -0.4237314 -0.2192069 0.1496665
vt 0.472658 1.959158
v -0.0383471 1.350365 0.2028035
vn -0.2988146 -0.09260602 0.3900436
vt 0.472658 1.947601
v -0.0139709 1.339835 0.224015
vn -0.09893553 0.109697 0.4776801
vt 0.472658 1.936045
v 0.0104053 1.350365 0.245227
vn 0.09694399 0.30773 0.381974
vt 0.472658 1.924488
v 0.02547235 1.37792 0.258337
vn 0.215442 0.42707 0.1455885
vt 0.472658 1.912932
v 0.0258818 1.41198 0.258337
vn 0.2179945 0.4263716 -0.143825
vt 0.472658 1.901375
v 0.0105677 1.43954 0.245227
vn 0.09666447 0.3072544 -0.3824274
vt 0.472658 1.889818
v -0.0139709 1.450065 0.224015
vn -0.0986538 0.1106579 -0.4775167
vt 0.472658 1.878262
v -0.01904125 1.42251 0.2568295
vn -0.126525 0.4168709 -0.2453774
vt 0.46688 1.889818
v -0.0346873 1.429015 0.24372
vn -0.2578945 0.2959907 -0.3096448
vt 0.46688 1.878262
v -0.0094115 1.405475 0.264932
vn -0.04717838 0.4889763 -0.09314697
vt 0.46688 1.901375
v -0.01001135 1.384425 0.264932
vn -0.050664 0.488866 0.091887
vt 0.46688 1.912932
v -0.0196589 1.367395 0.25683
vn -0.1296755 0.416031 0.245158
vt 0.46688 1.924488
v -0.0347242 1.36089 0.24372
vn -0.2604412 0.2930161 0.3103417
vt 0.46688 1.936045
v -0.04978936 1.367395 0.23061
vn -0.3965065 0.1651105 0.255971
vt 0.46688 1.947602
v -0.0591005 1.384425 0.222508
vn -0.4829339 0.08368999 0.09884749
vt 0.46688 1.959158
v -0.0591005 1.405475 0.222508
vn -0.4829333 0.08368796 -0.09885246
vt 0.46688 1.970714
v -0.0534125 1.41198 0.1896935
vn -0.4237321 -0.2192096 -0.1496605
vt 0.472658 1.970714
v -0.0383471 1.43954 0.2028035
vn -0.2988214 -0.09254898 -0.3900519
vt 0.472658 1.982271
v -0.0139709 1.450065 0.224015
vn -0.0986538 0.1106579 -0.4775167
vt 0.472658 1.993828
v -0.04978955 1.42251 0.2306105
vn -0.3963486 0.165284 -0.2561035
vt 0.46688 1.982271
v -0.0346873 1.429015 0.24372
vn -0.2578945 0.2959907 -0.3096448
vt 0.46688 1.993828
v -0.04265135 1.39495 0.2512465
vn -0.3283222 0.3770997 0.0005626784
vt 0.461102 1.947602
v -0.04265135 1.39495 0.2512465
vn -0.3303794 0.3752992 -6.948317E-05
vt 0.461102 1.959158
v -0.04265135 1.39495 0.2512465
vn -0.3319396 0.3739195 -0.0005793934
vt 0.461102 1.970714
v -0.04265135 1.39495 0.2512465
vn -0.3320405 0.3738289 -0.001003502
vt 0.461102 1.982271
v -0.04265135 1.39495 0.2512465
vn -0.3305869 0.3751142 -0.001258691
vt 0.461102 1.993828
v -0.04265135 1.39495 0.2512465
vn -0.3285563 0.3768944 -0.00116629
vt 0.461102 1.936045
v -0.04265135 1.39495 0.2512465
vn -0.3271754 0.3780949 -0.0006884547
vt 0.461102 1.924488
v -0.04265135 1.39495 0.2512465
vn -0.3267845 0.3784335 -2.503137E-06
vt 0.461102 1.912932
v -0.04265135 1.39495 0.2512465
vn -0.3267391 0.3784722 0.0005639868
vt 0.461102 1.901375
v -0.04265135 1.39495 0.2512465
vn -0.3267391 0.3784722 0.0005639868
vt 0.461102 1.889818
v 0.03069135 1.352715 0.269631
vn 0.004915539 -0.49587 -0.06394381
vt 0.489993 1.766725
v 0.0413618 1.316295 0.300533
vn 0.2622895 -0.2868311 0.3145348
vt 0.484215 1.755168
v 0.02226305 1.30762 0.3023085
vn 0.01886915 -0.2906295 0.4064215
vt 0.484215 1.766725
v 0.0277968 1.28959 0.3508795
vn 0.04978003 -0.07341846 0.4920688
vt 0.478436 1.766725
v 0.0586995 1.303625 0.348007
vn 0.324538 -0.09895959 0.367263
vt 0.478436 1.755168
v -0.0055231 1.296435 0.352655
vn -0.2464774 -0.05763299 0.4311929
vt 0.478436 1.778281
v 0.00167027 1.31185 0.303406
vn -0.209921 -0.2884065 0.350364
vt 0.484215 1.778281
v 0.03069135 1.352715 0.269631
vn 0.01305809 -0.4977153 -0.04592377
vt 0.489993 1.778281
v -0.02853335 1.32155 0.352655
vn -0.4512248 -0.05773697 0.2075154
vt 0.478436 1.789838
v -0.01255115 1.32737 0.303406
vn -0.3674904 -0.2883289 0.1783739
vt 0.484215 1.789838
v 0.03069135 1.352715 0.269631
vn 0.02642573 -0.4986613 -0.02527028
vt 0.489993 1.789838
v -0.0323733 1.355345 0.3508795
vn -0.4835014 -0.07564099 -0.102493
vt 0.478436 1.801395
v -0.0149569 1.348255 0.3023085
vn -0.4032924 -0.289164 -0.06115049
vt 0.484215 1.801395
v 0.03069135 1.352715 0.269631
vn 0.04203859 -0.4981301 -0.009959835
vt 0.489993 1.801395
v -0.0138005 1.3849 0.348007
vn -0.3266429 -0.1013355 -0.3647404
vt 0.478436 1.812951
v -0.00401335 1.366525 0.300533
vn -0.298334 -0.284085 -0.2833595
vt 0.484215 1.812951
v 0.03069135 1.352715 0.269631
vn 0.05416191 -0.4970199 -0.00614392
vt 0.489993 1.812951
v 0.01792405 1.39894 0.345134
vn -0.05514949 -0.1250905 -0.4809479
vt 0.478436 1.824508
v 0.0154053 1.3752 0.2987575
vn -0.07627897 -0.2728719 -0.4119739
vt 0.484215 1.824508
v 0.03069135 1.352715 0.269631
vn 0.05672977 -0.4965618 -0.01442763
vt 0.489993 1.824508
v 0.0492165 1.39209 0.3433585
vn 0.2391961 -0.140861 -0.4158646
vt 0.478436 1.836065
v 0.0353312 1.37097 0.2976605
vn 0.2034615 -0.256296 -0.378042
vt 0.484215 1.836065
v 0.03069135 1.352715 0.269631
vn 0.04758677 -0.4968093 -0.03026623
vt 0.489993 1.836065
v 0.0714695 1.366975 0.3433585
vn 0.4395249 -0.140504 -0.1925525
vt 0.478436 1.847621
v 0.04925425 1.355445 0.29766
vn 0.3972181 -0.2552326 -0.164542
vt 0.484215 1.847621
v 0.03069135 1.352715 0.269631
vn 0.03112509 -0.4967528 -0.04762216
vt 0.489993 1.847621
v 0.075381 1.333185 0.345134
vn 0.4728524 -0.1245015 0.104451
vt 0.478436 1.859178
v 0.0516715 1.33456 0.2987575
vn 0.401641 -0.2753965 0.1133195
vt 0.484215 1.859178
v 0.03069135 1.352715 0.269631
vn 0.0169117 -0.4959829 -0.06095054
vt 0.489993 1.859178
v 0.0586995 1.303625 0.348007
vn 0.324538 -0.09895959 0.367263
vt 0.478436 1.870734
v 0.0413618 1.316295 0.300533
vn 0.2622895 -0.2868311 0.3145348
vt 0.484215 1.870734
v 0.03069135 1.352715 0.269631
vn 0.0169117 -0.4959829 -0.06095054
vt 0.489993 1.870734
v 0.0524 1.39562 0.402039
vn 0.2478866 0.05938004 -0.4301468
vt 0.472658 1.836065
v 0.02004845 1.402465 0.4038145
vn -0.04788947 0.07220253 -0.4924362
vt 0.472658 1.824508
v -0.0112903 1.38843 0.4066875
vn -0.321108 0.09462948 -0.3713959
vt 0.472658 1.812952
v -0.0285927 1.35887 0.4095605
vn -0.4723878 0.1234614 -0.107736
vt 0.472658 1.801395
v -0.0246812 1.32508 0.411336
vn -0.4380747 0.1402891 0.1959836
vt 0.472658 1.789838
v -0.001670965 1.299965 0.4113355
vn -0.233485 0.140289 0.4192896
vt 0.472658 1.778282
v 0.03164895 1.29312 0.4095605
vn 0.06277248 0.1245025 0.4801653
vt 0.472658 1.766725
v 0.0625515 1.307155 0.4066875
vn 0.3375309 0.09895833 0.3553592
vt 0.472658 1.755168
v 0.03234805 1.31686 0.4559365
vn 0.06489351 0.3432885 0.3576895
vt 0.46688 1.766725
v 0.051447 1.325535 0.454161
vn 0.2780612 0.3234702 0.260862
vt 0.46688 1.755168
v 0.01175525 1.32109 0.457034
vn -0.1649475 0.3555375 0.31046
vt 0.46688 1.778282
v -0.002465975 1.33661 0.457034
vn -0.323676 0.3555365 0.137214
vt 0.46688 1.789838
v -0.004883385 1.357495 0.4559365
vn -0.3506592 0.3432882 -0.09587155
vt 0.46688 1.801395
v 0.00542615 1.375765 0.454161
vn -0.235861 0.3226225 -0.3004735
vt 0.46688 1.812952
v 0.0245252 1.38444 0.4523855
vn -0.02336546 0.3035741 -0.3966067
vt 0.46688 1.824508
v 0.045118 1.38021 0.4512885
vn 0.2075095 0.2918455 -0.3489499
vt 0.46688 1.836065
v 0.0593395 1.364685 0.4512885
vn 0.3661375 0.2914925 -0.1759985
vt 0.46688 1.847621
v 0.0753215 1.370505 0.402039
vn 0.451439 0.0583835 -0.2068675
vt 0.472658 1.847621
v 0.079233 1.336715 0.4038145
vn 0.4858448 0.07341597 0.09254696
vt 0.472658 1.859178
v 0.0625515 1.307155 0.4066875
vn 0.3375309 0.09895833 0.3553592
vt 0.472658 1.870734
v 0.0617565 1.3438 0.4523855
vn 0.393128 0.3036535 0.0569645
vt 0.46688 1.859178
v 0.051447 1.325535 0.454161
vn 0.2780612 0.3234702 0.260862
vt 0.46688 1.870734
v 0.0296269 1.35174 0.4722945
vn 0.03075946 0.4979351 -0.03338409
vt 0.461101 1.824508
v 0.0296269 1.35174 0.4722945
vn 0.03472415 0.4975415 -0.03530855
vt 0.461101 1.836065
v 0.0296269 1.35174 0.4722945
vn 0.03781542 0.4972201 -0.03663596
vt 0.461102 1.847621
v 0.0296269 1.35174 0.4722945
vn 0.03852645 0.4972081 -0.03605276
vt 0.461102 1.859178
v 0.0296269 1.35174 0.4722945
vn 0.03657779 0.4975264 -0.03360894
vt 0.461102 1.870734
v 0.0296269 1.35174 0.4722945
vn 0.03329341 0.4979303 -0.03093567
vt 0.461101 1.812952
v 0.0296269 1.35174 0.4722945
vn 0.03055392 0.4981772 -0.02976508
vt 0.461101 1.801395
v 0.0296269 1.35174 0.4722945
vn 0.02910474 0.4982331 -0.03027693
vt 0.461101 1.789838
v 0.0296269 1.35174 0.4722945
vn 0.02834047 0.4982276 -0.03108145
vt 0.461101 1.778282
v 0.0296269 1.35174 0.4722945
vn 0.02834047 0.4982276 -0.03108145
vt 0.461101 1.766725
v 0.06823 1.336855 0.426953
vn 0.2992131 0.346497 0.2010257
vt 0.431661 1.898388
f -5520/-5520/-5520 -5522/-5522/-5522 -5521/-5521/-5521
f -5519/-5519/-5519 -5520/-5520/-5520 -5521/-5521/-5521
f -5519/-5519/-5519 -5518/-5518/-5518 -5520/-5520/-5520
f -5517/-5517/-5517 -5518/-5518/-5518 -5519/-5519/-5519
f -5516/-5516/-5516 -5517/-5517/-5517 -5519/-5519/-5519
f -5516/-5516/-5516 -5519/-5519/-5519 -5521/-5521/-5521
f -5516/-5516/-5516 -5521/-5521/-5521 -5515/-5515/-5515
f -5516/-5516/-5516 -5515/-5515/-5515 -5514/-5514/-5514
f -5514/-5514/-5514 -5515/-5515/-5515 -5513/-5513/-5513
f -5515/-5515/-5515 -5521/-5521/-5521 -5512/-5512/-5512
f -5511/-5511/-5511 -5517/-5517/-5517 -5516/-5516/-5516
f -5514/-5514/-5514 -5511/-5511/-5511 -5516/-5516/-5516
f -5511/-5511/-5511 -5514/-5514/-5514 -5510/-5510/-5510
f -5518/-5518/-5518 -5509/-5509/-5509 -5520/-5520/-5520
f -5509/-5509/-5509 -5522/-5522/-5522 -5520/-5520/-5520
f -5508/-5508/-5508 -5509/-5509/-5509 -5518/-5518/-5518
f -5518/-5518/-5518 -5507/-5507/-5507 -5508/-5508/-5508
f -5518/-5518/-5518 -5517/-5517/-5517 -5507/-5507/-5507
f -5508/-5508/-5508 -5507/-5507/-5507 -5506/-5506/-5506
f -5508/-5508/-5508 -5505/-5505/-5505 -5509/-5509/-5509
f -5509/-5509/-5509 -5505/-5505/-5505 -5504/-5504/-5504
f -5504/-5504/-5504 -5503/-5503/-5503 -5509/-5509/-5509
f -5502/-5502/-5502 -5503/-5503/-5503 -5504/-5504/-5504
f -5501/-5501/-5501 -5502/-5502/-5502 -5504/-5504/-5504
f -5500/-5500/-5500 -5502/-5502/-5502 -5501/-5501/-5501
f -5499/-5499/-5499 -5500/-5500/-5500 -5501/-5501/-5501
f -5498/-5498/-5498 -5500/-5500/-5500 -5499/-5499/-5499
f -5497/-5497/-5497 -5504/-5504/-5504 -5505/-5505/-5505
f -5501/-5501/-5501 -5504/-5504/-5504 -5497/-5497/-5497
f -5496/-5496/-5496 -5501/-5501/-5501 -5497/-5497/-5497
f -5499/-5499/-5499 -5501/-5501/-5501 -5496/-5496/-5496
f -5495/-5495/-5495 -5499/-5499/-5499 -5496/-5496/-5496
f -5494/-5494/-5494 -5499/-5499/-5499 -5495/-5495/-5495
f -5493/-5493/-5493 -5508/-5508/-5508 -5506/-5506/-5506
f -5493/-5493/-5493 -5506/-5506/-5506 -5492/-5492/-5492
f -5492/-5492/-5492 -5506/-5506/-5506 -5491/-5491/-5491
f -5491/-5491/-5491 -5490/-5490/-5490 -5492/-5492/-5492
f -5492/-5492/-5492 -5490/-5490/-5490 -5489/-5489/-5489
f -5488/-5488/-5488 -5493/-5493/-5493 -5492/-5492/-5492
f -5487/-5487/-5487 -5493/-5493/-5493 -5488/-5488/-5488
f -5487/-5487/-5487 -5486/-5486/-5486 -5493/-5493/-5493
f -5486/-5486/-5486 -5508/-5508/-5508 -5493/-5493/-5493
f -5485/-5485/-5485 -5486/-5486/-5486 -5487/-5487/-5487
f -5485/-5485/-5485 -5508/-5508/-5508 -5486/-5486/-5486
f -5484/-5484/-5484 -5496/-5496/-5496 -5497/-5497/-5497
f -5484/-5484/-5484 -5505/-5505/-5505 -5485/-5485/-5485
f -5497/-5497/-5497 -5505/-5505/-5505 -5484/-5484/-5484
f -5505/-5505/-5505 -5508/-5508/-5508 -5485/-5485/-5485
f -5483/-5483/-5483 -5496/-5496/-5496 -5484/-5484/-5484
f -5482/-5482/-5482 -5496/-5496/-5496 -5483/-5483/-5483
f -5495/-5495/-5495 -5496/-5496/-5496 -5482/-5482/-5482
f -5481/-5481/-5481 -5485/-5485/-5485 -5487/-5487/-5487
f -5484/-5484/-5484 -5485/-5485/-5485 -5481/-5481/-5481
f -5488/-5488/-5488 -5481/-5481/-5481 -5487/-5487/-5487
f -5484/-5484/-5484 -5480/-5480/-5480 -5483/-5483/-5483
f -5481/-5481/-5481 -5480/-5480/-5480 -5484/-5484/-5484
f -5489/-5489/-5489 -5490/-5490/-5490 -5479/-5479/-5479
f -5479/-5479/-5479 -5490/-5490/-5490 -5478/-5478/-5478
f -5477/-5477/-5477 -5479/-5479/-5479 -5478/-5478/-5478
f -5477/-5477/-5477 -5478/-5478/-5478 -5476/-5476/-5476
f -5476/-5476/-5476 -5478/-5478/-5478 -5475/-5475/-5475
f -5476/-5476/-5476 -5475/-5475/-5475 -5474/-5474/-5474
f -5474/-5474/-5474 -5475/-5475/-5475 -5473/-5473/-5473
f -5475/-5475/-5475 -5472/-5472/-5472 -5473/-5473/-5473
f -5473/-5473/-5473 -5472/-5472/-5472 -5471/-5471/-5471
f -5472/-5472/-5472 -5470/-5470/-5470 -5471/-5471/-5471
f -5471/-5471/-5471 -5470/-5470/-5470 -5469/-5469/-5469
f -5468/-5468/-5468 -5471/-5471/-5471 -5469/-5469/-5469
f -5469/-5469/-5469 -5467/-5467/-5467 -5468/-5468/-5468
f -5468/-5468/-5468 -5467/-5467/-5467 -5466/-5466/-5466
f -5466/-5466/-5466 -5467/-5467/-5467 -5465/-5465/-5465
f -5465/-5465/-5465 -5467/-5467/-5467 -5464/-5464/-5464
f -5463/-5463/-5463 -5465/-5465/-5465 -5464/-5464/-5464
f -5462/-5462/-5462 -5465/-5465/-5465 -5463/-5463/-5463
f -5463/-5463/-5463 -5461/-5461/-5461 -5462/-5462/-5462
f -5462/-5462/-5462 -5461/-5461/-5461 -5460/-5460/-5460
f -5459/-5459/-5459 -5461/-5461/-5461 -5463/-5463/-5463
f -5464/-5464/-5464 -5459/-5459/-5459 -5463/-5463/-5463
f -5458/-5458/-5458 -5461/-5461/-5461 -5459/-5459/-5459
f -5457/-5457/-5457 -5458/-5458/-5458 -5459/-5459/-5459
f -5459/-5459/-5459 -5456/-5456/-5456 -5457/-5457/-5457
f -5456/-5456/-5456 -5459/-5459/-5459 -5464/-5464/-5464
f -5467/-5467/-5467 -5456/-5456/-5456 -5464/-5464/-5464
f -5457/-5457/-5457 -5456/-5456/-5456 -5455/-5455/-5455
f -5456/-5456/-5456 -5454/-5454/-5454 -5455/-5455/-5455
f -5454/-5454/-5454 -5456/-5456/-5456 -5467/-5467/-5467
f -5469/-5469/-5469 -5454/-5454/-5454 -5467/-5467/-5467
f -5455/-5455/-5455 -5454/-5454/-5454 -5453/-5453/-5453
f -5510/-5510/-5510 -5458/-5458/-5458 -5457/-5457/-5457
f -5453/-5453/-5453 -5452/-5452/-5452 -5455/-5455/-5455
f -5452/-5452/-5452 -5457/-5457/-5457 -5455/-5455/-5455
f -5451/-5451/-5451 -5452/-5452/-5452 -5453/-5453/-5453
f -5460/-5460/-5460 -5450/-5450/-5450 -5462/-5462/-5462
f -5462/-5462/-5462 -5450/-5450/-5450 -5449/-5449/-5449
f -5448/-5448/-5448 -5449/-5449/-5449 -5450/-5450/-5450
f -5447/-5447/-5447 -5449/-5449/-5449 -5448/-5448/-5448
f -5447/-5447/-5447 -5462/-5462/-5462 -5449/-5449/-5449
f -5446/-5446/-5446 -5462/-5462/-5462 -5447/-5447/-5447
f -5446/-5446/-5446 -5465/-5465/-5465 -5462/-5462/-5462
f -5445/-5445/-5445 -5465/-5465/-5465 -5446/-5446/-5446
f -5445/-5445/-5445 -5466/-5466/-5466 -5465/-5465/-5465
f -5444/-5444/-5444 -5466/-5466/-5466 -5445/-5445/-5445
f -5443/-5443/-5443 -5445/-5445/-5445 -5446/-5446/-5446
f -5447/-5447/-5447 -5443/-5443/-5443 -5446/-5446/-5446
f -5442/-5442/-5442 -5445/-5445/-5445 -5443/-5443/-5443
f -5442/-5442/-5442 -5444/-5444/-5444 -5445/-5445/-5445
f -5441/-5441/-5441 -5443/-5443/-5443 -5447/-5447/-5447
f -5440/-5440/-5440 -5447/-5447/-5447 -5448/-5448/-5448
f -5441/-5441/-5441 -5447/-5447/-5447 -5440/-5440/-5440
f -5444/-5444/-5444 -5468/-5468/-5468 -5466/-5466/-5466
f -5439/-5439/-5439 -5468/-5468/-5468 -5444/-5444/-5444
f -5439/-5439/-5439 -5471/-5471/-5471 -5468/-5468/-5468
f -5438/-5438/-5438 -5444/-5444/-5444 -5442/-5442/-5442
f -5437/-5437/-5437 -5444/-5444/-5444 -5438/-5438/-5438
f -5439/-5439/-5439 -5444/-5444/-5444 -5437/-5437/-5437
f -5436/-5436/-5436 -5437/-5437/-5437 -5438/-5438/-5438
f -5435/-5435/-5435 -5437/-5437/-5437 -5436/-5436/-5436
f -5441/-5441/-5441 -5434/-5434/-5434 -5443/-5443/-5443
f -5434/-5434/-5434 -5441/-5441/-5441 -5440/-5440/-5440
f -5443/-5443/-5443 -5434/-5434/-5434 -5433/-5433/-5433
f -5443/-5443/-5443 -5433/-5433/-5433 -5442/-5442/-5442
f -5432/-5432/-5432 -5438/-5438/-5438 -5442/-5442/-5442
f -5436/-5436/-5436 -5438/-5438/-5438 -5432/-5432/-5432
f -5442/-5442/-5442 -5433/-5433/-5433 -5432/-5432/-5432
f -5431/-5431/-5431 -5433/-5433/-5433 -5434/-5434/-5434
f -5430/-5430/-5430 -5433/-5433/-5433 -5431/-5431/-5431
f -5433/-5433/-5433 -5430/-5430/-5430 -5432/-5432/-5432
f -5439/-5439/-5439 -5473/-5473/-5473 -5471/-5471/-5471
f -5429/-5429/-5429 -5473/-5473/-5473 -5439/-5439/-5439
f -5437/-5437/-5437 -5429/-5429/-5429 -5439/-5439/-5439
f -5428/-5428/-5428 -5429/-5429/-5429 -5437/-5437/-5437
f -5428/-5428/-5428 -5473/-5473/-5473 -5429/-5429/-5429
f -5435/-5435/-5435 -5428/-5428/-5428 -5437/-5437/-5437
f -5474/-5474/-5474 -5473/-5473/-5473 -5428/-5428/-5428
f -5427/-5427/-5427 -5436/-5436/-5436 -5432/-5432/-5432
f -5432/-5432/-5432 -5430/-5430/-5430 -5427/-5427/-5427
f -5426/-5426/-5426 -5436/-5436/-5436 -5427/-5427/-5427
f -5425/-5425/-5425 -5436/-5436/-5436 -5426/-5426/-5426
f -5435/-5435/-5435 -5436/-5436/-5436 -5425/-5425/-5425
f -5425/-5425/-5425 -5428/-5428/-5428 -5435/-5435/-5435
f -5425/-5425/-5425 -5426/-5426/-5426 -5424/-5424/-5424
f -5424/-5424/-5424 -5426/-5426/-5426 -5423/-5423/-5423
f -5427/-5427/-5427 -5423/-5423/-5423 -5426/-5426/-5426
f -5422/-5422/-5422 -5423/-5423/-5423 -5427/-5427/-5427
f -5428/-5428/-5428 -5421/-5421/-5421 -5474/-5474/-5474
f -5425/-5425/-5425 -5421/-5421/-5421 -5428/-5428/-5428
f -5421/-5421/-5421 -5420/-5420/-5420 -5474/-5474/-5474
f -5474/-5474/-5474 -5420/-5420/-5420 -5419/-5419/-5419
f -5418/-5418/-5418 -5474/-5474/-5474 -5419/-5419/-5419
f -5420/-5420/-5420 -5418/-5418/-5418 -5419/-5419/-5419
f -5476/-5476/-5476 -5474/-5474/-5474 -5418/-5418/-5418
f -5418/-5418/-5418 -5477/-5477/-5477 -5476/-5476/-5476
f -5417/-5417/-5417 -5477/-5477/-5477 -5418/-5418/-5418
f -5416/-5416/-5416 -5477/-5477/-5477 -5417/-5417/-5417
f -5415/-5415/-5415 -5477/-5477/-5477 -5416/-5416/-5416
f -5415/-5415/-5415 -5479/-5479/-5479 -5477/-5477/-5477
f -5415/-5415/-5415 -5414/-5414/-5414 -5479/-5479/-5479
f -5416/-5416/-5416 -5414/-5414/-5414 -5415/-5415/-5415
f -5413/-5413/-5413 -5479/-5479/-5479 -5414/-5414/-5414
f -5489/-5489/-5489 -5479/-5479/-5479 -5413/-5413/-5413
f -5413/-5413/-5413 -5492/-5492/-5492 -5489/-5489/-5489
f -5488/-5488/-5488 -5492/-5492/-5492 -5413/-5413/-5413
f -5413/-5413/-5413 -5414/-5414/-5414 -5412/-5412/-5412
f -5412/-5412/-5412 -5488/-5488/-5488 -5413/-5413/-5413
f -5412/-5412/-5412 -5414/-5414/-5414 -5411/-5411/-5411
f -5416/-5416/-5416 -5411/-5411/-5411 -5414/-5414/-5414
f -5410/-5410/-5410 -5488/-5488/-5488 -5412/-5412/-5412
f -5410/-5410/-5410 -5481/-5481/-5481 -5488/-5488/-5488
f -5410/-5410/-5410 -5409/-5409/-5409 -5481/-5481/-5481
f -5408/-5408/-5408 -5411/-5411/-5411 -5416/-5416/-5416
f -5407/-5407/-5407 -5416/-5416/-5416 -5417/-5417/-5417
f -5408/-5408/-5408 -5416/-5416/-5416 -5407/-5407/-5407
f -5407/-5407/-5407 -5417/-5417/-5417 -5406/-5406/-5406
f -5406/-5406/-5406 -5405/-5405/-5405 -5407/-5407/-5407
f -5404/-5404/-5404 -5405/-5405/-5405 -5406/-5406/-5406
f -5406/-5406/-5406 -5420/-5420/-5420 -5404/-5404/-5404
f -5406/-5406/-5406 -5418/-5418/-5418 -5420/-5420/-5420
f -5406/-5406/-5406 -5417/-5417/-5417 -5418/-5418/-5418
f -5404/-5404/-5404 -5420/-5420/-5420 -5403/-5403/-5403
f -5420/-5420/-5420 -5421/-5421/-5421 -5403/-5403/-5403
f -5403/-5403/-5403 -5421/-5421/-5421 -5402/-5402/-5402
f -5401/-5401/-5401 -5407/-5407/-5407 -5405/-5405/-5405
f -5408/-5408/-5408 -5407/-5407/-5407 -5401/-5401/-5401
f -5408/-5408/-5408 -5400/-5400/-5400 -5411/-5411/-5411
f -5401/-5401/-5401 -5400/-5400/-5400 -5408/-5408/-5408
f -5399/-5399/-5399 -5411/-5411/-5411 -5400/-5400/-5400
f -5412/-5412/-5412 -5411/-5411/-5411 -5399/-5399/-5399
f -5399/-5399/-5399 -5410/-5410/-5410 -5412/-5412/-5412
f -5398/-5398/-5398 -5410/-5410/-5410 -5399/-5399/-5399
f -5403/-5403/-5403 -5402/-5402/-5402 -5397/-5397/-5397
f -5397/-5397/-5397 -5402/-5402/-5402 -5396/-5396/-5396
f -5402/-5402/-5402 -5424/-5424/-5424 -5396/-5396/-5396
f -5396/-5396/-5396 -5424/-5424/-5424 -5395/-5395/-5395
f -5395/-5395/-5395 -5394/-5394/-5394 -5396/-5396/-5396
f -5394/-5394/-5394 -5397/-5397/-5397 -5396/-5396/-5396
f -5393/-5393/-5393 -5394/-5394/-5394 -5395/-5395/-5395
f -5423/-5423/-5423 -5395/-5395/-5395 -5424/-5424/-5424
f -5392/-5392/-5392 -5395/-5395/-5395 -5423/-5423/-5423
f -5392/-5392/-5392 -5393/-5393/-5393 -5395/-5395/-5395
f -5423/-5423/-5423 -5422/-5422/-5422 -5392/-5392/-5392
f -5392/-5392/-5392 -5422/-5422/-5422 -5391/-5391/-5391
f -5399/-5399/-5399 -5400/-5400/-5400 -5390/-5390/-5390
f -5389/-5389/-5389 -5399/-5399/-5399 -5390/-5390/-5390
f -5398/-5398/-5398 -5399/-5399/-5399 -5389/-5389/-5389
f -5389/-5389/-5389 -5388/-5388/-5388 -5398/-5398/-5398
f -5388/-5388/-5388 -5410/-5410/-5410 -5398/-5398/-5398
f -5387/-5387/-5387 -5388/-5388/-5388 -5389/-5389/-5389
f -5386/-5386/-5386 -5389/-5389/-5389 -5390/-5390/-5390
f -5386/-5386/-5386 -5390/-5390/-5390 -5385/-5385/-5385
f -5385/-5385/-5385 -5390/-5390/-5390 -5384/-5384/-5384
f -5390/-5390/-5390 -5400/-5400/-5400 -5384/-5384/-5384
f -5400/-5400/-5400 -5401/-5401/-5401 -5384/-5384/-5384
f -5384/-5384/-5384 -5401/-5401/-5401 -5383/-5383/-5383
f -5401/-5401/-5401 -5405/-5405/-5405 -5383/-5383/-5383
f -5383/-5383/-5383 -5405/-5405/-5405 -5382/-5382/-5382
f -5404/-5404/-5404 -5382/-5382/-5382 -5405/-5405/-5405
f -5381/-5381/-5381 -5382/-5382/-5382 -5404/-5404/-5404
f -5404/-5404/-5404 -5403/-5403/-5403 -5381/-5381/-5381
f -5381/-5381/-5381 -5403/-5403/-5403 -5397/-5397/-5397
f -5380/-5380/-5380 -5384/-5384/-5384 -5383/-5383/-5383
f -5385/-5385/-5385 -5384/-5384/-5384 -5380/-5380/-5380
f -5382/-5382/-5382 -5380/-5380/-5380 -5383/-5383/-5383
f -5379/-5379/-5379 -5389/-5389/-5389 -5386/-5386/-5386
f -5379/-5379/-5379 -5387/-5387/-5387 -5389/-5389/-5389
f -5378/-5378/-5378 -5387/-5387/-5387 -5379/-5379/-5379
f -5381/-5381/-5381 -5377/-5377/-5377 -5382/-5382/-5382
f -5377/-5377/-5377 -5380/-5380/-5380 -5382/-5382/-5382
f -5376/-5376/-5376 -5380/-5380/-5380 -5377/-5377/-5377
f -5379/-5379/-5379 -5375/-5375/-5375 -5378/-5378/-5378
f -5375/-5375/-5375 -5374/-5374/-5374 -5378/-5378/-5378
f -5373/-5373/-5373 -5378/-5378/-5378 -5374/-5374/-5374
f -5387/-5387/-5387 -5378/-5378/-5378 -5373/-5373/-5373
f -5373/-5373/-5373 -5372/-5372/-5372 -5387/-5387/-5387
f -5387/-5387/-5387 -5372/-5372/-5372 -5388/-5388/-5388
f -5371/-5371/-5371 -5372/-5372/-5372 -5373/-5373/-5373
f -5370/-5370/-5370 -5372/-5372/-5372 -5371/-5371/-5371
f -5371/-5371/-5371 -5369/-5369/-5369 -5370/-5370/-5370
f -5369/-5369/-5369 -5368/-5368/-5368 -5370/-5370/-5370
f -5367/-5367/-5367 -5368/-5368/-5368 -5369/-5369/-5369
f -5366/-5366/-5366 -5368/-5368/-5368 -5367/-5367/-5367
f -5366/-5366/-5366 -5365/-5365/-5365 -5368/-5368/-5368
f -5364/-5364/-5364 -5365/-5365/-5365 -5366/-5366/-5366
f -5364/-5364/-5364 -5363/-5363/-5363 -5365/-5365/-5365
f -5362/-5362/-5362 -5363/-5363/-5363 -5364/-5364/-5364
f -5362/-5362/-5362 -5361/-5361/-5361 -5363/-5363/-5363
f -5361/-5361/-5361 -5360/-5360/-5360 -5363/-5363/-5363
f -5361/-5361/-5361 -5359/-5359/-5359 -5360/-5360/-5360
f -5360/-5360/-5360 -5359/-5359/-5359 -5358/-5358/-5358
f -5359/-5359/-5359 -5357/-5357/-5357 -5358/-5358/-5358
f -5358/-5358/-5358 -5357/-5357/-5357 -5356/-5356/-5356
f -5358/-5358/-5358 -5356/-5356/-5356 -5360/-5360/-5360
f -5356/-5356/-5356 -5357/-5357/-5357 -5355/-5355/-5355
f -5357/-5357/-5357 -5354/-5354/-5354 -5355/-5355/-5355
f -5353/-5353/-5353 -5355/-5355/-5355 -5354/-5354/-5354
f -5353/-5353/-5353 -5354/-5354/-5354 -5352/-5352/-5352
f -5352/-5352/-5352 -5354/-5354/-5354 -5351/-5351/-5351
f -5351/-5351/-5351 -5350/-5350/-5350 -5352/-5352/-5352
f -5349/-5349/-5349 -5350/-5350/-5350 -5351/-5351/-5351
f -5348/-5348/-5348 -5349/-5349/-5349 -5351/-5351/-5351
f -5347/-5347/-5347 -5349/-5349/-5349 -5348/-5348/-5348
f -5346/-5346/-5346 -5347/-5347/-5347 -5348/-5348/-5348
f -5345/-5345/-5345 -5351/-5351/-5351 -5354/-5354/-5354
f -5348/-5348/-5348 -5351/-5351/-5351 -5345/-5345/-5345
f -5345/-5345/-5345 -5354/-5354/-5354 -5357/-5357/-5357
f -5345/-5345/-5345 -5346/-5346/-5346 -5348/-5348/-5348
f -5346/-5346/-5346 -5345/-5345/-5345 -5344/-5344/-5344
f -5357/-5357/-5357 -5344/-5344/-5344 -5345/-5345/-5345
f -5344/-5344/-5344 -5343/-5343/-5343 -5346/-5346/-5346
f -5343/-5343/-5343 -5342/-5342/-5342 -5346/-5346/-5346
f -5346/-5346/-5346 -5342/-5342/-5342 -5341/-5341/-5341
f -5347/-5347/-5347 -5346/-5346/-5346 -5341/-5341/-5341
f -5343/-5343/-5343 -5340/-5340/-5340 -5342/-5342/-5342
f -5340/-5340/-5340 -5339/-5339/-5339 -5342/-5342/-5342
f -5342/-5342/-5342 -5339/-5339/-5339 -5341/-5341/-5341
f -5338/-5338/-5338 -5339/-5339/-5339 -5340/-5340/-5340
f -5337/-5337/-5337 -5340/-5340/-5340 -5343/-5343/-5343
f -5336/-5336/-5336 -5343/-5343/-5343 -5344/-5344/-5344
f -5340/-5340/-5340 -5335/-5335/-5335 -5338/-5338/-5338
f -5334/-5334/-5334 -5335/-5335/-5335 -5340/-5340/-5340
f -5337/-5337/-5337 -5334/-5334/-5334 -5340/-5340/-5340
f -5333/-5333/-5333 -5334/-5334/-5334 -5337/-5337/-5337
f -5332/-5332/-5332 -5336/-5336/-5336 -5344/-5344/-5344
f -5332/-5332/-5332 -5344/-5344/-5344 -5357/-5357/-5357
f -5332/-5332/-5332 -5357/-5357/-5357 -5359/-5359/-5359
f -5332/-5332/-5332 -5359/-5359/-5359 -5331/-5331/-5331
f -5331/-5331/-5331 -5336/-5336/-5336 -5332/-5332/-5332
f -5331/-5331/-5331 -5359/-5359/-5359 -5330/-5330/-5330
f -5329/-5329/-5329 -5343/-5343/-5343 -5336/-5336/-5336
f -5329/-5329/-5329 -5336/-5336/-5336 -5331/-5331/-5331
f -5329/-5329/-5329 -5333/-5333/-5333 -5337/-5337/-5337
f -5337/-5337/-5337 -5343/-5343/-5343 -5329/-5329/-5329
f -5328/-5328/-5328 -5333/-5333/-5333 -5329/-5329/-5329
f -5331/-5331/-5331 -5328/-5328/-5328 -5329/-5329/-5329
f -5330/-5330/-5330 -5359/-5359/-5359 -5327/-5327/-5327
f -5327/-5327/-5327 -5331/-5331/-5331 -5330/-5330/-5330
f -5327/-5327/-5327 -5359/-5359/-5359 -5361/-5361/-5361
f -5327/-5327/-5327 -5361/-5361/-5361 -5362/-5362/-5362
f -5326/-5326/-5326 -5328/-5328/-5328 -5331/-5331/-5331
f -5326/-5326/-5326 -5331/-5331/-5331 -5327/-5327/-5327
f -5362/-5362/-5362 -5326/-5326/-5326 -5327/-5327/-5327
f -5325/-5325/-5325 -5326/-5326/-5326 -5362/-5362/-5362
f -5364/-5364/-5364 -5325/-5325/-5325 -5362/-5362/-5362
f -5324/-5324/-5324 -5325/-5325/-5325 -5364/-5364/-5364
f -5324/-5324/-5324 -5364/-5364/-5364 -5323/-5323/-5323
f -5323/-5323/-5323 -5364/-5364/-5364 -5366/-5366/-5366
f -5323/-5323/-5323 -5366/-5366/-5366 -5322/-5322/-5322
f -5322/-5322/-5322 -5366/-5366/-5366 -5367/-5367/-5367
f -5321/-5321/-5321 -5322/-5322/-5322 -5367/-5367/-5367
f -5321/-5321/-5321 -5367/-5367/-5367 -5320/-5320/-5320
f -5320/-5320/-5320 -5367/-5367/-5367 -5369/-5369/-5369
f -5319/-5319/-5319 -5322/-5322/-5322 -5321/-5321/-5321
f -5320/-5320/-5320 -5369/-5369/-5369 -5318/-5318/-5318
f -5318/-5318/-5318 -5369/-5369/-5369 -5317/-5317/-5317
f -5317/-5317/-5317 -5369/-5369/-5369 -5371/-5371/-5371
f -5373/-5373/-5373 -5317/-5317/-5317 -5371/-5371/-5371
f -5374/-5374/-5374 -5317/-5317/-5317 -5373/-5373/-5373
f -5316/-5316/-5316 -5317/-5317/-5317 -5374/-5374/-5374
f -5318/-5318/-5318 -5317/-5317/-5317 -5316/-5316/-5316
f -5316/-5316/-5316 -5374/-5374/-5374 -5375/-5375/-5375
f -5315/-5315/-5315 -5375/-5375/-5375 -5379/-5379/-5379
f -5315/-5315/-5315 -5379/-5379/-5379 -5314/-5314/-5314
f -5314/-5314/-5314 -5379/-5379/-5379 -5386/-5386/-5386
f -5314/-5314/-5314 -5386/-5386/-5386 -5313/-5313/-5313
f -5313/-5313/-5313 -5386/-5386/-5386 -5385/-5385/-5385
f -5312/-5312/-5312 -5314/-5314/-5314 -5313/-5313/-5313
f -5311/-5311/-5311 -5314/-5314/-5314 -5312/-5312/-5312
f -5310/-5310/-5310 -5314/-5314/-5314 -5311/-5311/-5311
f -5315/-5315/-5315 -5314/-5314/-5314 -5310/-5310/-5310
f -5313/-5313/-5313 -5385/-5385/-5385 -5309/-5309/-5309
f -5309/-5309/-5309 -5385/-5385/-5385 -5380/-5380/-5380
f -5309/-5309/-5309 -5380/-5380/-5380 -5308/-5308/-5308
f -5305/-5305/-5305 -5307/-5307/-5307 -5306/-5306/-5306
f -5304/-5304/-5304 -5307/-5307/-5307 -5305/-5305/-5305
f -5306/-5306/-5306 -5307/-5307/-5307 -5303/-5303/-5303
f -5303/-5303/-5303 -5307/-5307/-5307 -5302/-5302/-5302
f -5301/-5301/-5301 -5306/-5306/-5306 -5303/-5303/-5303
f -5300/-5300/-5300 -5306/-5306/-5306 -5301/-5301/-5301
f -5305/-5305/-5305 -5299/-5299/-5299 -5304/-5304/-5304
f -5298/-5298/-5298 -5304/-5304/-5304 -5299/-5299/-5299
f -5297/-5297/-5297 -5304/-5304/-5304 -5298/-5298/-5298
f -5296/-5296/-5296 -5299/-5299/-5299 -5305/-5305/-5305
f -5305/-5305/-5305 -5295/-5295/-5295 -5296/-5296/-5296
f -5294/-5294/-5294 -5295/-5295/-5295 -5305/-5305/-5305
f -5306/-5306/-5306 -5294/-5294/-5294 -5305/-5305/-5305
f -5300/-5300/-5300 -5294/-5294/-5294 -5306/-5306/-5306
f -5304/-5304/-5304 -5297/-5297/-5297 -5293/-5293/-5293
f -5292/-5292/-5292 -5299/-5299/-5299 -5296/-5296/-5296
f -5298/-5298/-5298 -5299/-5299/-5299 -5292/-5292/-5292
f -5294/-5294/-5294 -5291/-5291/-5291 -5295/-5295/-5295
f -5291/-5291/-5291 -5294/-5294/-5294 -5290/-5290/-5290
f -5294/-5294/-5294 -5300/-5300/-5300 -5290/-5290/-5290
f -5295/-5295/-5295 -5291/-5291/-5291 -5289/-5289/-5289
f -5296/-5296/-5296 -5289/-5289/-5289 -5292/-5292/-5292
f -5295/-5295/-5295 -5289/-5289/-5289 -5296/-5296/-5296
f -5288/-5288/-5288 -5304/-5304/-5304 -5293/-5293/-5293
f -5302/-5302/-5302 -5287/-5287/-5287 -5303/-5303/-5303
f -5287/-5287/-5287 -5301/-5301/-5301 -5303/-5303/-5303
f -5286/-5286/-5286 -5301/-5301/-5301 -5287/-5287/-5287
f -5285/-5285/-5285 -5286/-5286/-5286 -5287/-5287/-5287
f -5284/-5284/-5284 -5286/-5286/-5286 -5285/-5285/-5285
f -5284/-5284/-5284 -5283/-5283/-5283 -5286/-5286/-5286
f -5286/-5286/-5286 -5283/-5283/-5283 -5282/-5282/-5282
f -5281/-5281/-5281 -5283/-5283/-5283 -5284/-5284/-5284
f -5280/-5280/-5280 -5283/-5283/-5283 -5281/-5281/-5281
f -5279/-5279/-5279 -5284/-5284/-5284 -5285/-5285/-5285
f -5281/-5281/-5281 -5284/-5284/-5284 -5279/-5279/-5279
f -5278/-5278/-5278 -5280/-5280/-5280 -5281/-5281/-5281
f -5277/-5277/-5277 -5280/-5280/-5280 -5278/-5278/-5278
f -5276/-5276/-5276 -5281/-5281/-5281 -5279/-5279/-5279
f -5278/-5278/-5278 -5281/-5281/-5281 -5276/-5276/-5276
f -5275/-5275/-5275 -5277/-5277/-5277 -5278/-5278/-5278
f -5274/-5274/-5274 -5277/-5277/-5277 -5275/-5275/-5275
f -5273/-5273/-5273 -5278/-5278/-5278 -5276/-5276/-5276
f -5275/-5275/-5275 -5278/-5278/-5278 -5273/-5273/-5273
f -5275/-5275/-5275 -5272/-5272/-5272 -5274/-5274/-5274
f -5271/-5271/-5271 -5272/-5272/-5272 -5275/-5275/-5275
f -5273/-5273/-5273 -5271/-5271/-5271 -5275/-5275/-5275
f -5270/-5270/-5270 -5271/-5271/-5271 -5273/-5273/-5273
f -5269/-5269/-5269 -5272/-5272/-5272 -5271/-5271/-5271
f -5268/-5268/-5268 -5272/-5272/-5272 -5269/-5269/-5269
f -5267/-5267/-5267 -5268/-5268/-5268 -5269/-5269/-5269
f -5266/-5266/-5266 -5268/-5268/-5268 -5267/-5267/-5267
f -5267/-5267/-5267 -5265/-5265/-5265 -5266/-5266/-5266
f -5264/-5264/-5264 -5265/-5265/-5265 -5267/-5267/-5267
f -5264/-5264/-5264 -5263/-5263/-5263 -5265/-5265/-5265
f -5262/-5262/-5262 -5263/-5263/-5263 -5264/-5264/-5264
f -5262/-5262/-5262 -5261/-5261/-5261 -5263/-5263/-5263
f -5260/-5260/-5260 -5261/-5261/-5261 -5262/-5262/-5262
f -5259/-5259/-5259 -5260/-5260/-5260 -5262/-5262/-5262
f -5259/-5259/-5259 -5262/-5262/-5262 -5264/-5264/-5264
f -5259/-5259/-5259 -5264/-5264/-5264 -5267/-5267/-5267
f -5259/-5259/-5259 -5267/-5267/-5267 -5269/-5269/-5269
f -5259/-5259/-5259 -5269/-5269/-5269 -5271/-5271/-5271
f -5259/-5259/-5259 -5271/-5271/-5271 -5270/-5270/-5270
f -5258/-5258/-5258 -5260/-5260/-5260 -5259/-5259/-5259
f -5259/-5259/-5259 -5270/-5270/-5270 -5257/-5257/-5257
f -5259/-5259/-5259 -5257/-5257/-5257 -5256/-5256/-5256
f -5259/-5259/-5259 -5256/-5256/-5256 -5255/-5255/-5255
f -5259/-5259/-5259 -5255/-5255/-5255 -5254/-5254/-5254
f -5259/-5259/-5259 -5254/-5254/-5254 -5253/-5253/-5253
f -5254/-5254/-5254 -5252/-5252/-5252 -5253/-5253/-5253
f -5254/-5254/-5254 -5255/-5255/-5255 -5252/-5252/-5252
f -5253/-5253/-5253 -5252/-5252/-5252 -5251/-5251/-5251
f -5251/-5251/-5251 -5250/-5250/-5250 -5253/-5253/-5253
f -5259/-5259/-5259 -5253/-5253/-5253 -5250/-5250/-5250
f -5249/-5249/-5249 -5250/-5250/-5250 -5251/-5251/-5251
f -5250/-5250/-5250 -5248/-5248/-5248 -5259/-5259/-5259
f -5257/-5257/-5257 -5247/-5247/-5247 -5256/-5256/-5256
f -5246/-5246/-5246 -5247/-5247/-5247 -5257/-5257/-5257
f -5246/-5246/-5246 -5257/-5257/-5257 -5245/-5245/-5245
f -5245/-5245/-5245 -5257/-5257/-5257 -5244/-5244/-5244
f -5243/-5243/-5243 -5245/-5245/-5245 -5244/-5244/-5244
f -5242/-5242/-5242 -5245/-5245/-5245 -5243/-5243/-5243
f -5241/-5241/-5241 -5242/-5242/-5242 -5243/-5243/-5243
f -5240/-5240/-5240 -5242/-5242/-5242 -5241/-5241/-5241
f -5239/-5239/-5239 -5240/-5240/-5240 -5241/-5241/-5241
f -5238/-5238/-5238 -5240/-5240/-5240 -5239/-5239/-5239
f -5238/-5238/-5238 -5239/-5239/-5239 -5237/-5237/-5237
f -5237/-5237/-5237 -5239/-5239/-5239 -5236/-5236/-5236
f -5302/-5302/-5302 -5237/-5237/-5237 -5236/-5236/-5236
f -5235/-5235/-5235 -5237/-5237/-5237 -5302/-5302/-5302
f -5235/-5235/-5235 -5302/-5302/-5302 -5234/-5234/-5234
f -5236/-5236/-5236 -5287/-5287/-5287 -5302/-5302/-5302
f -5236/-5236/-5236 -5285/-5285/-5285 -5287/-5287/-5287
f -5239/-5239/-5239 -5285/-5285/-5285 -5236/-5236/-5236
f -5239/-5239/-5239 -5279/-5279/-5279 -5285/-5285/-5285
f -5241/-5241/-5241 -5279/-5279/-5279 -5239/-5239/-5239
f -5241/-5241/-5241 -5276/-5276/-5276 -5279/-5279/-5279
f -5243/-5243/-5243 -5276/-5276/-5276 -5241/-5241/-5241
f -5243/-5243/-5243 -5273/-5273/-5273 -5276/-5276/-5276
f -5244/-5244/-5244 -5273/-5273/-5273 -5243/-5243/-5243
f -5244/-5244/-5244 -5270/-5270/-5270 -5273/-5273/-5273
f -5257/-5257/-5257 -5270/-5270/-5270 -5244/-5244/-5244
f -5302/-5302/-5302 -5307/-5307/-5307 -5234/-5234/-5234
f -5307/-5307/-5307 -5288/-5288/-5288 -5234/-5234/-5234
f -5307/-5307/-5307 -5304/-5304/-5304 -5288/-5288/-5288
f -5231/-5231/-5231 -5233/-5233/-5233 -5232/-5232/-5232
f -5232/-5232/-5232 -5230/-5230/-5230 -5231/-5231/-5231
f -5230/-5230/-5230 -5229/-5229/-5229 -5231/-5231/-5231
f -5231/-5231/-5231 -5229/-5229/-5229 -5228/-5228/-5228
f -5233/-5233/-5233 -5231/-5231/-5231 -5228/-5228/-5228
f -5229/-5229/-5229 -5227/-5227/-5227 -5228/-5228/-5228
f -5226/-5226/-5226 -5227/-5227/-5227 -5229/-5229/-5229
f -5229/-5229/-5229 -5230/-5230/-5230 -5226/-5226/-5226
f -5225/-5225/-5225 -5227/-5227/-5227 -5226/-5226/-5226
f -5228/-5228/-5228 -5227/-5227/-5227 -5224/-5224/-5224
f -5226/-5226/-5226 -5223/-5223/-5223 -5225/-5225/-5225
f -5226/-5226/-5226 -5222/-5222/-5222 -5223/-5223/-5223
f -5226/-5226/-5226 -5230/-5230/-5230 -5222/-5222/-5222
f -5223/-5223/-5223 -5222/-5222/-5222 -5221/-5221/-5221
f -5223/-5223/-5223 -5221/-5221/-5221 -5220/-5220/-5220
f -5220/-5220/-5220 -5221/-5221/-5221 -5219/-5219/-5219
f -5225/-5225/-5225 -5223/-5223/-5223 -5218/-5218/-5218
f -5223/-5223/-5223 -5220/-5220/-5220 -5218/-5218/-5218
f -5218/-5218/-5218 -5220/-5220/-5220 -5217/-5217/-5217
f -5221/-5221/-5221 -5216/-5216/-5216 -5219/-5219/-5219
f -5219/-5219/-5219 -5216/-5216/-5216 -5215/-5215/-5215
f -5221/-5221/-5221 -5214/-5214/-5214 -5216/-5216/-5216
f -5222/-5222/-5222 -5214/-5214/-5214 -5221/-5221/-5221
f -5216/-5216/-5216 -5232/-5232/-5232 -5215/-5215/-5215
f -5214/-5214/-5214 -5232/-5232/-5232 -5216/-5216/-5216
f -5214/-5214/-5214 -5230/-5230/-5230 -5232/-5232/-5232
f -5230/-5230/-5230 -5214/-5214/-5214 -5222/-5222/-5222
f -5232/-5232/-5232 -5213/-5213/-5213 -5215/-5215/-5215
f -5212/-5212/-5212 -5213/-5213/-5213 -5232/-5232/-5232
f -5232/-5232/-5232 -5233/-5233/-5233 -5212/-5212/-5212
f -5212/-5212/-5212 -5233/-5233/-5233 -5211/-5211/-5211
f -5233/-5233/-5233 -5210/-5210/-5210 -5211/-5211/-5211
f -5209/-5209/-5209 -5210/-5210/-5210 -5233/-5233/-5233
f -5208/-5208/-5208 -5209/-5209/-5209 -5233/-5233/-5233
f -5220/-5220/-5220 -5207/-5207/-5207 -5217/-5217/-5217
f -5217/-5217/-5217 -5207/-5207/-5207 -5206/-5206/-5206
f -5205/-5205/-5205 -5206/-5206/-5206 -5207/-5207/-5207
f -5204/-5204/-5204 -5206/-5206/-5206 -5205/-5205/-5205
f -5213/-5213/-5213 -5203/-5203/-5203 -5215/-5215/-5215
f -5220/-5220/-5220 -5203/-5203/-5203 -5207/-5207/-5207
f -5207/-5207/-5207 -5203/-5203/-5203 -5205/-5205/-5205
f -5215/-5215/-5215 -5203/-5203/-5203 -5219/-5219/-5219
f -5219/-5219/-5219 -5203/-5203/-5203 -5220/-5220/-5220
f -5205/-5205/-5205 -5203/-5203/-5203 -5202/-5202/-5202
f -5213/-5213/-5213 -5202/-5202/-5202 -5203/-5203/-5203
f -5201/-5201/-5201 -5202/-5202/-5202 -5213/-5213/-5213
f -5213/-5213/-5213 -5200/-5200/-5200 -5201/-5201/-5201
f -5201/-5201/-5201 -5200/-5200/-5200 -5199/-5199/-5199
f -5205/-5205/-5205 -5198/-5198/-5198 -5204/-5204/-5204
f -5205/-5205/-5205 -5202/-5202/-5202 -5198/-5198/-5198
f -5204/-5204/-5204 -5198/-5198/-5198 -5197/-5197/-5197
f -5200/-5200/-5200 -5213/-5213/-5213 -5196/-5196/-5196
f -5196/-5196/-5196 -5213/-5213/-5213 -5212/-5212/-5212
f -5212/-5212/-5212 -5195/-5195/-5195 -5196/-5196/-5196
f -5211/-5211/-5211 -5195/-5195/-5195 -5212/-5212/-5212
f -5211/-5211/-5211 -5210/-5210/-5210 -5195/-5195/-5195
f -5195/-5195/-5195 -5210/-5210/-5210 -5194/-5194/-5194
f -5195/-5195/-5195 -5193/-5193/-5193 -5196/-5196/-5196
f -5195/-5195/-5195 -5194/-5194/-5194 -5193/-5193/-5193
f -5196/-5196/-5196 -5193/-5193/-5193 -5192/-5192/-5192
f -5193/-5193/-5193 -5194/-5194/-5194 -5191/-5191/-5191
f -5198/-5198/-5198 -5202/-5202/-5202 -5190/-5190/-5190
f -5199/-5199/-5199 -5190/-5190/-5190 -5201/-5201/-5201
f -5201/-5201/-5201 -5190/-5190/-5190 -5202/-5202/-5202
f -5196/-5196/-5196 -5189/-5189/-5189 -5200/-5200/-5200
f -5192/-5192/-5192 -5189/-5189/-5189 -5196/-5196/-5196
f -5200/-5200/-5200 -5189/-5189/-5189 -5199/-5199/-5199
f -5199/-5199/-5199 -5188/-5188/-5188 -5190/-5190/-5190
f -5199/-5199/-5199 -5189/-5189/-5189 -5188/-5188/-5188
f -5190/-5190/-5190 -5188/-5188/-5188 -5187/-5187/-5187
f -5192/-5192/-5192 -5186/-5186/-5186 -5189/-5189/-5189
f -5193/-5193/-5193 -5186/-5186/-5186 -5192/-5192/-5192
f -5193/-5193/-5193 -5191/-5191/-5191 -5186/-5186/-5186
f -5185/-5185/-5185 -5189/-5189/-5189 -5186/-5186/-5186
f -5184/-5184/-5184 -5189/-5189/-5189 -5185/-5185/-5185
f -5189/-5189/-5189 -5184/-5184/-5184 -5188/-5188/-5188
f -5186/-5186/-5186 -5191/-5191/-5191 -5183/-5183/-5183
f -5186/-5186/-5186 -5183/-5183/-5183 -5185/-5185/-5185
f -5185/-5185/-5185 -5183/-5183/-5183 -5182/-5182/-5182
f -5190/-5190/-5190 -5187/-5187/-5187 -5181/-5181/-5181
f -5180/-5180/-5180 -5190/-5190/-5190 -5181/-5181/-5181
f -5198/-5198/-5198 -5190/-5190/-5190 -5180/-5180/-5180
f -5198/-5198/-5198 -5180/-5180/-5180 -5197/-5197/-5197
f -5197/-5197/-5197 -5180/-5180/-5180 -5179/-5179/-5179
f -5180/-5180/-5180 -5178/-5178/-5178 -5179/-5179/-5179
f -5179/-5179/-5179 -5178/-5178/-5178 -5177/-5177/-5177
f -5197/-5197/-5197 -5179/-5179/-5179 -5176/-5176/-5176
f -5176/-5176/-5176 -5179/-5179/-5179 -5175/-5175/-5175
f -5175/-5175/-5175 -5197/-5197/-5197 -5176/-5176/-5176
f -5179/-5179/-5179 -5174/-5174/-5174 -5175/-5175/-5175
f -5177/-5177/-5177 -5174/-5174/-5174 -5179/-5179/-5179
f -5181/-5181/-5181 -5187/-5187/-5187 -5173/-5173/-5173
f -5177/-5177/-5177 -5172/-5172/-5172 -5174/-5174/-5174
f -5174/-5174/-5174 -5172/-5172/-5172 -5171/-5171/-5171
f -5180/-5180/-5180 -5170/-5170/-5170 -5178/-5178/-5178
f -5181/-5181/-5181 -5170/-5170/-5170 -5180/-5180/-5180
f -5181/-5181/-5181 -5173/-5173/-5173 -5170/-5170/-5170
f -5169/-5169/-5169 -5177/-5177/-5177 -5178/-5178/-5178
f -5172/-5172/-5172 -5177/-5177/-5177 -5169/-5169/-5169
f -5170/-5170/-5170 -5173/-5173/-5173 -5168/-5168/-5168
f -5173/-5173/-5173 -5167/-5167/-5167 -5168/-5168/-5168
f -5173/-5173/-5173 -5166/-5166/-5166 -5167/-5167/-5167
f -5187/-5187/-5187 -5166/-5166/-5166 -5173/-5173/-5173
f -5188/-5188/-5188 -5166/-5166/-5166 -5187/-5187/-5187
f -5188/-5188/-5188 -5184/-5184/-5184 -5166/-5166/-5166
f -5166/-5166/-5166 -5184/-5184/-5184 -5167/-5167/-5167
f -5167/-5167/-5167 -5184/-5184/-5184 -5165/-5165/-5165
f -5168/-5168/-5168 -5167/-5167/-5167 -5164/-5164/-5164
f -5163/-5163/-5163 -5167/-5167/-5167 -5165/-5165/-5165
f -5164/-5164/-5164 -5167/-5167/-5167 -5163/-5163/-5163
f -5163/-5163/-5163 -5165/-5165/-5165 -5162/-5162/-5162
f -5162/-5162/-5162 -5165/-5165/-5165 -5161/-5161/-5161
f -5162/-5162/-5162 -5161/-5161/-5161 -5160/-5160/-5160
f -5160/-5160/-5160 -5161/-5161/-5161 -5159/-5159/-5159
f -5165/-5165/-5165 -5185/-5185/-5185 -5161/-5161/-5161
f -5184/-5184/-5184 -5185/-5185/-5185 -5165/-5165/-5165
f -5185/-5185/-5185 -5159/-5159/-5159 -5161/-5161/-5161
f -5182/-5182/-5182 -5159/-5159/-5159 -5185/-5185/-5185
f -5168/-5168/-5168 -5164/-5164/-5164 -5158/-5158/-5158
f -5158/-5158/-5158 -5164/-5164/-5164 -5157/-5157/-5157
f -5164/-5164/-5164 -5163/-5163/-5163 -5157/-5157/-5157
f -5157/-5157/-5157 -5163/-5163/-5163 -5156/-5156/-5156
f -5163/-5163/-5163 -5162/-5162/-5162 -5156/-5156/-5156
f -5156/-5156/-5156 -5162/-5162/-5162 -5155/-5155/-5155
f -5162/-5162/-5162 -5160/-5160/-5160 -5155/-5155/-5155
f -5155/-5155/-5155 -5160/-5160/-5160 -5154/-5154/-5154
f -5157/-5157/-5157 -5153/-5153/-5153 -5158/-5158/-5158
f -5156/-5156/-5156 -5153/-5153/-5153 -5157/-5157/-5157
f -5158/-5158/-5158 -5153/-5153/-5153 -5152/-5152/-5152
f -5152/-5152/-5152 -5151/-5151/-5151 -5158/-5158/-5158
f -5151/-5151/-5151 -5152/-5152/-5152 -5150/-5150/-5150
f -5150/-5150/-5150 -5152/-5152/-5152 -5149/-5149/-5149
f -5150/-5150/-5150 -5148/-5148/-5148 -5151/-5151/-5151
f -5148/-5148/-5148 -5150/-5150/-5150 -5147/-5147/-5147
f -5158/-5158/-5158 -5151/-5151/-5151 -5146/-5146/-5146
f -5148/-5148/-5148 -5146/-5146/-5146 -5151/-5151/-5151
f -5146/-5146/-5146 -5148/-5148/-5148 -5145/-5145/-5145
f -5146/-5146/-5146 -5145/-5145/-5145 -5170/-5170/-5170
f -5158/-5158/-5158 -5146/-5146/-5146 -5170/-5170/-5170
f -5148/-5148/-5148 -5144/-5144/-5144 -5145/-5145/-5145
f -5170/-5170/-5170 -5145/-5145/-5145 -5178/-5178/-5178
f -5178/-5178/-5178 -5145/-5145/-5145 -5169/-5169/-5169
f -5143/-5143/-5143 -5145/-5145/-5145 -5144/-5144/-5144
f -5169/-5169/-5169 -5145/-5145/-5145 -5143/-5143/-5143
f -5169/-5169/-5169 -5143/-5143/-5143 -5172/-5172/-5172
f -5172/-5172/-5172 -5143/-5143/-5143 -5142/-5142/-5142
f -5144/-5144/-5144 -5141/-5141/-5141 -5143/-5143/-5143
f -5140/-5140/-5140 -5141/-5141/-5141 -5144/-5144/-5144
f -5144/-5144/-5144 -5148/-5148/-5148 -5140/-5140/-5140
f -5148/-5148/-5148 -5139/-5139/-5139 -5140/-5140/-5140
f -5139/-5139/-5139 -5148/-5148/-5148 -5147/-5147/-5147
f -5139/-5139/-5139 -5138/-5138/-5138 -5140/-5140/-5140
f -5140/-5140/-5140 -5138/-5138/-5138 -5137/-5137/-5137
f -5137/-5137/-5137 -5138/-5138/-5138 -5136/-5136/-5136
f -5136/-5136/-5136 -5138/-5138/-5138 -5135/-5135/-5135
f -5143/-5143/-5143 -5141/-5141/-5141 -5134/-5134/-5134
f -5143/-5143/-5143 -5134/-5134/-5134 -5142/-5142/-5142
f -5142/-5142/-5142 -5134/-5134/-5134 -5133/-5133/-5133
f -5172/-5172/-5172 -5142/-5142/-5142 -5171/-5171/-5171
f -5171/-5171/-5171 -5142/-5142/-5142 -5132/-5132/-5132
f -5132/-5132/-5132 -5131/-5131/-5131 -5171/-5171/-5171
f -5130/-5130/-5130 -5131/-5131/-5131 -5132/-5132/-5132
f -5132/-5132/-5132 -5460/-5460/-5460 -5130/-5130/-5130
f -5129/-5129/-5129 -5460/-5460/-5460 -5132/-5132/-5132
f -5142/-5142/-5142 -5129/-5129/-5129 -5132/-5132/-5132
f -5133/-5133/-5133 -5129/-5129/-5129 -5142/-5142/-5142
f -5450/-5450/-5450 -5460/-5460/-5460 -5129/-5129/-5129
f -5133/-5133/-5133 -5450/-5450/-5450 -5129/-5129/-5129
f -5450/-5450/-5450 -5133/-5133/-5133 -5128/-5128/-5128
f -5128/-5128/-5128 -5133/-5133/-5133 -5127/-5127/-5127
f -5460/-5460/-5460 -5513/-5513/-5513 -5130/-5130/-5130
f -5461/-5461/-5461 -5513/-5513/-5513 -5460/-5460/-5460
f -5461/-5461/-5461 -5514/-5514/-5514 -5513/-5513/-5513
f -5458/-5458/-5458 -5514/-5514/-5514 -5461/-5461/-5461
f -5130/-5130/-5130 -5515/-5515/-5515 -5131/-5131/-5131
f -5513/-5513/-5513 -5515/-5515/-5515 -5130/-5130/-5130
f -5133/-5133/-5133 -5126/-5126/-5126 -5127/-5127/-5127
f -5134/-5134/-5134 -5126/-5126/-5126 -5133/-5133/-5133
f -5125/-5125/-5125 -5127/-5127/-5127 -5126/-5126/-5126
f -5126/-5126/-5126 -5124/-5124/-5124 -5125/-5125/-5125
f -5124/-5124/-5124 -5123/-5123/-5123 -5125/-5125/-5125
f -5125/-5125/-5125 -5123/-5123/-5123 -5122/-5122/-5122
f -5123/-5123/-5123 -5121/-5121/-5121 -5122/-5122/-5122
f -5122/-5122/-5122 -5121/-5121/-5121 -5120/-5120/-5120
f -5119/-5119/-5119 -5124/-5124/-5124 -5126/-5126/-5126
f -5123/-5123/-5123 -5124/-5124/-5124 -5118/-5118/-5118
f -5118/-5118/-5118 -5124/-5124/-5124 -5136/-5136/-5136
f -5124/-5124/-5124 -5119/-5119/-5119 -5136/-5136/-5136
f -5122/-5122/-5122 -5117/-5117/-5117 -5125/-5125/-5125
f -5122/-5122/-5122 -5120/-5120/-5120 -5117/-5117/-5117
f -5125/-5125/-5125 -5117/-5117/-5117 -5116/-5116/-5116
f -5116/-5116/-5116 -5127/-5127/-5127 -5125/-5125/-5125
f -5136/-5136/-5136 -5119/-5119/-5119 -5137/-5137/-5137
f -5126/-5126/-5126 -5141/-5141/-5141 -5119/-5119/-5119
f -5134/-5134/-5134 -5141/-5141/-5141 -5126/-5126/-5126
f -5119/-5119/-5119 -5140/-5140/-5140 -5137/-5137/-5137
f -5141/-5141/-5141 -5140/-5140/-5140 -5119/-5119/-5119
f -5136/-5136/-5136 -5115/-5115/-5115 -5118/-5118/-5118
f -5114/-5114/-5114 -5118/-5118/-5118 -5115/-5115/-5115
f -5113/-5113/-5113 -5118/-5118/-5118 -5114/-5114/-5114
f -5114/-5114/-5114 -5112/-5112/-5112 -5113/-5113/-5113
f -5111/-5111/-5111 -5112/-5112/-5112 -5114/-5114/-5114
f -5112/-5112/-5112 -5110/-5110/-5110 -5113/-5113/-5113
f -5113/-5113/-5113 -5110/-5110/-5110 -5109/-5109/-5109
f -5112/-5112/-5112 -5111/-5111/-5111 -5108/-5108/-5108
f -5108/-5108/-5108 -5110/-5110/-5110 -5112/-5112/-5112
f -5108/-5108/-5108 -5111/-5111/-5111 -5107/-5107/-5107
f -5150/-5150/-5150 -5108/-5108/-5108 -5107/-5107/-5107
f -5150/-5150/-5150 -5106/-5106/-5106 -5108/-5108/-5108
f -5106/-5106/-5106 -5110/-5110/-5110 -5108/-5108/-5108
f -5110/-5110/-5110 -5106/-5106/-5106 -5105/-5105/-5105
f -5105/-5105/-5105 -5109/-5109/-5109 -5110/-5110/-5110
f -5105/-5105/-5105 -5106/-5106/-5106 -5104/-5104/-5104
f -5106/-5106/-5106 -5149/-5149/-5149 -5104/-5104/-5104
f -5149/-5149/-5149 -5106/-5106/-5106 -5150/-5150/-5150
f -5104/-5104/-5104 -5149/-5149/-5149 -5103/-5103/-5103
f -5107/-5107/-5107 -5147/-5147/-5147 -5150/-5150/-5150
f -5149/-5149/-5149 -5152/-5152/-5152 -5103/-5103/-5103
f -5103/-5103/-5103 -5152/-5152/-5152 -5153/-5153/-5153
f -5113/-5113/-5113 -5109/-5109/-5109 -5121/-5121/-5121
f -5121/-5121/-5121 -5109/-5109/-5109 -5102/-5102/-5102
f -5109/-5109/-5109 -5101/-5101/-5101 -5102/-5102/-5102
f -5101/-5101/-5101 -5109/-5109/-5109 -5105/-5105/-5105
f -5102/-5102/-5102 -5101/-5101/-5101 -5100/-5100/-5100
f -5121/-5121/-5121 -5102/-5102/-5102 -5120/-5120/-5120
f -5120/-5120/-5120 -5102/-5102/-5102 -5099/-5099/-5099
f -5102/-5102/-5102 -5100/-5100/-5100 -5099/-5099/-5099
f -5099/-5099/-5099 -5098/-5098/-5098 -5120/-5120/-5120
f -5120/-5120/-5120 -5098/-5098/-5098 -5097/-5097/-5097
f -5117/-5117/-5117 -5120/-5120/-5120 -5097/-5097/-5097
f -5097/-5097/-5097 -5098/-5098/-5098 -5117/-5117/-5117
f -5117/-5117/-5117 -5098/-5098/-5098 -5096/-5096/-5096
f -5117/-5117/-5117 -5096/-5096/-5096 -5116/-5116/-5116
f -5116/-5116/-5116 -5096/-5096/-5096 -5095/-5095/-5095
f -5116/-5116/-5116 -5095/-5095/-5095 -5127/-5127/-5127
f -5127/-5127/-5127 -5095/-5095/-5095 -5094/-5094/-5094
f -5127/-5127/-5127 -5094/-5094/-5094 -5128/-5128/-5128
f -5128/-5128/-5128 -5094/-5094/-5094 -5093/-5093/-5093
f -5128/-5128/-5128 -5093/-5093/-5093 -5450/-5450/-5450
f -5450/-5450/-5450 -5093/-5093/-5093 -5448/-5448/-5448
f -5095/-5095/-5095 -5092/-5092/-5092 -5094/-5094/-5094
f -5094/-5094/-5094 -5092/-5092/-5092 -5091/-5091/-5091
f -5094/-5094/-5094 -5090/-5090/-5090 -5093/-5093/-5093
f -5091/-5091/-5091 -5090/-5090/-5090 -5094/-5094/-5094
f -5093/-5093/-5093 -5090/-5090/-5090 -5448/-5448/-5448
f -5448/-5448/-5448 -5090/-5090/-5090 -5440/-5440/-5440
f -5089/-5089/-5089 -5090/-5090/-5090 -5091/-5091/-5091
f -5434/-5434/-5434 -5090/-5090/-5090 -5089/-5089/-5089
f -5090/-5090/-5090 -5434/-5434/-5434 -5440/-5440/-5440
f -5095/-5095/-5095 -5088/-5088/-5088 -5092/-5092/-5092
f -5096/-5096/-5096 -5088/-5088/-5088 -5095/-5095/-5095
f -5096/-5096/-5096 -5098/-5098/-5098 -5088/-5088/-5088
f -5088/-5088/-5088 -5098/-5098/-5098 -5087/-5087/-5087
f -5087/-5087/-5087 -5086/-5086/-5086 -5088/-5088/-5088
f -5088/-5088/-5088 -5086/-5086/-5086 -5085/-5085/-5085
f -5088/-5088/-5088 -5085/-5085/-5085 -5092/-5092/-5092
f -5092/-5092/-5092 -5085/-5085/-5085 -5084/-5084/-5084
f -5084/-5084/-5084 -5091/-5091/-5091 -5092/-5092/-5092
f -5089/-5089/-5089 -5091/-5091/-5091 -5084/-5084/-5084
f -5089/-5089/-5089 -5083/-5083/-5083 -5434/-5434/-5434
f -5434/-5434/-5434 -5083/-5083/-5083 -5431/-5431/-5431
f -5083/-5083/-5083 -5082/-5082/-5082 -5431/-5431/-5431
f -5431/-5431/-5431 -5082/-5082/-5082 -5081/-5081/-5081
f -5080/-5080/-5080 -5089/-5089/-5089 -5084/-5084/-5084
f -5083/-5083/-5083 -5089/-5089/-5089 -5080/-5080/-5080
f -5098/-5098/-5098 -5079/-5079/-5079 -5087/-5087/-5087
f -5078/-5078/-5078 -5079/-5079/-5079 -5098/-5098/-5098
f -5099/-5099/-5099 -5078/-5078/-5078 -5098/-5098/-5098
f -5077/-5077/-5077 -5078/-5078/-5078 -5099/-5099/-5099
f -5099/-5099/-5099 -5100/-5100/-5100 -5077/-5077/-5077
f -5078/-5078/-5078 -5076/-5076/-5076 -5079/-5079/-5079
f -5077/-5077/-5077 -5076/-5076/-5076 -5078/-5078/-5078
f -5077/-5077/-5077 -5075/-5075/-5075 -5076/-5076/-5076
f -5100/-5100/-5100 -5075/-5075/-5075 -5077/-5077/-5077
f -5100/-5100/-5100 -5074/-5074/-5074 -5075/-5075/-5075
f -5101/-5101/-5101 -5074/-5074/-5074 -5100/-5100/-5100
f -5076/-5076/-5076 -5075/-5075/-5075 -5073/-5073/-5073
f -5073/-5073/-5073 -5075/-5075/-5075 -5072/-5072/-5072
f -5075/-5075/-5075 -5071/-5071/-5071 -5072/-5072/-5072
f -5074/-5074/-5074 -5071/-5071/-5071 -5075/-5075/-5075
f -5101/-5101/-5101 -5070/-5070/-5070 -5074/-5074/-5074
f -5074/-5074/-5074 -5070/-5070/-5070 -5071/-5071/-5071
f -5069/-5069/-5069 -5070/-5070/-5070 -5101/-5101/-5101
f -5101/-5101/-5101 -5068/-5068/-5068 -5069/-5069/-5069
f -5105/-5105/-5105 -5068/-5068/-5068 -5101/-5101/-5101
f -5105/-5105/-5105 -5104/-5104/-5104 -5068/-5068/-5068
f -5068/-5068/-5068 -5104/-5104/-5104 -5067/-5067/-5067
f -5104/-5104/-5104 -5066/-5066/-5066 -5067/-5067/-5067
f -5103/-5103/-5103 -5066/-5066/-5066 -5104/-5104/-5104
f -5103/-5103/-5103 -5065/-5065/-5065 -5066/-5066/-5066
f -5153/-5153/-5153 -5065/-5065/-5065 -5103/-5103/-5103
f -5153/-5153/-5153 -5064/-5064/-5064 -5065/-5065/-5065
f -5065/-5065/-5065 -5064/-5064/-5064 -5063/-5063/-5063
f -5065/-5065/-5065 -5063/-5063/-5063 -5066/-5066/-5066
f -5064/-5064/-5064 -5153/-5153/-5153 -5156/-5156/-5156
f -5156/-5156/-5156 -5155/-5155/-5155 -5064/-5064/-5064
f -5064/-5064/-5064 -5155/-5155/-5155 -5062/-5062/-5062
f -5064/-5064/-5064 -5062/-5062/-5062 -5063/-5063/-5063
f -5155/-5155/-5155 -5154/-5154/-5154 -5062/-5062/-5062
f -5062/-5062/-5062 -5154/-5154/-5154 -5061/-5061/-5061
f -5154/-5154/-5154 -5060/-5060/-5060 -5061/-5061/-5061
f -5059/-5059/-5059 -5060/-5060/-5060 -5154/-5154/-5154
f -5061/-5061/-5061 -5060/-5060/-5060 -5058/-5058/-5058
f -5066/-5066/-5066 -5063/-5063/-5063 -5057/-5057/-5057
f -5066/-5066/-5066 -5057/-5057/-5057 -5067/-5067/-5067
f -5067/-5067/-5067 -5057/-5057/-5057 -5056/-5056/-5056
f -5063/-5063/-5063 -5062/-5062/-5062 -5055/-5055/-5055
f -5063/-5063/-5063 -5055/-5055/-5055 -5057/-5057/-5057
f -5062/-5062/-5062 -5054/-5054/-5054 -5055/-5055/-5055
f -5061/-5061/-5061 -5054/-5054/-5054 -5062/-5062/-5062
f -5061/-5061/-5061 -5058/-5058/-5058 -5054/-5054/-5054
f -5054/-5054/-5054 -5058/-5058/-5058 -5053/-5053/-5053
f -5057/-5057/-5057 -5055/-5055/-5055 -5052/-5052/-5052
f -5054/-5054/-5054 -5052/-5052/-5052 -5055/-5055/-5055
f -5051/-5051/-5051 -5052/-5052/-5052 -5054/-5054/-5054
f -5053/-5053/-5053 -5051/-5051/-5051 -5054/-5054/-5054
f -5050/-5050/-5050 -5052/-5052/-5052 -5051/-5051/-5051
f -5049/-5049/-5049 -5052/-5052/-5052 -5050/-5050/-5050
f -5057/-5057/-5057 -5048/-5048/-5048 -5056/-5056/-5056
f -5052/-5052/-5052 -5048/-5048/-5048 -5057/-5057/-5057
f -5049/-5049/-5049 -5048/-5048/-5048 -5052/-5052/-5052
f -5048/-5048/-5048 -5049/-5049/-5049 -5047/-5047/-5047
f -5047/-5047/-5047 -5049/-5049/-5049 -5046/-5046/-5046
f -5049/-5049/-5049 -5045/-5045/-5045 -5046/-5046/-5046
f -5045/-5045/-5045 -5049/-5049/-5049 -5050/-5050/-5050
f -5044/-5044/-5044 -5045/-5045/-5045 -5050/-5050/-5050
f -5051/-5051/-5051 -5044/-5044/-5044 -5050/-5050/-5050
f -5043/-5043/-5043 -5045/-5045/-5045 -5044/-5044/-5044
f -5042/-5042/-5042 -5043/-5043/-5043 -5044/-5044/-5044
f -5041/-5041/-5041 -5043/-5043/-5043 -5042/-5042/-5042
f -5042/-5042/-5042 -5040/-5040/-5040 -5041/-5041/-5041
f -5039/-5039/-5039 -5040/-5040/-5040 -5042/-5042/-5042
f -5038/-5038/-5038 -5040/-5040/-5040 -5039/-5039/-5039
f -5037/-5037/-5037 -5041/-5041/-5041 -5040/-5040/-5040
f -5041/-5041/-5041 -5037/-5037/-5037 -5043/-5043/-5043
f -5046/-5046/-5046 -5045/-5045/-5045 -5036/-5036/-5036
f -5043/-5043/-5043 -5036/-5036/-5036 -5045/-5045/-5045
f -5035/-5035/-5035 -5039/-5039/-5039 -5042/-5042/-5042
f -5034/-5034/-5034 -5039/-5039/-5039 -5035/-5035/-5035
f -5034/-5034/-5034 -5035/-5035/-5035 -5033/-5033/-5033
f -5034/-5034/-5034 -5033/-5033/-5033 -5032/-5032/-5032
f -5032/-5032/-5032 -5033/-5033/-5033 -5031/-5031/-5031
f -5030/-5030/-5030 -5032/-5032/-5032 -5031/-5031/-5031
f -5029/-5029/-5029 -5032/-5032/-5032 -5030/-5030/-5030
f -5028/-5028/-5028 -5029/-5029/-5029 -5030/-5030/-5030
f -5027/-5027/-5027 -5029/-5029/-5029 -5028/-5028/-5028
f -5027/-5027/-5027 -5028/-5028/-5028 -5026/-5026/-5026
f -5026/-5026/-5026 -5028/-5028/-5028 -5025/-5025/-5025
f -5026/-5026/-5026 -5025/-5025/-5025 -5024/-5024/-5024
f -5024/-5024/-5024 -5025/-5025/-5025 -5023/-5023/-5023
f -5023/-5023/-5023 -5022/-5022/-5022 -5024/-5024/-5024
f -5021/-5021/-5021 -5022/-5022/-5022 -5023/-5023/-5023
f -5022/-5022/-5022 -5021/-5021/-5021 -5020/-5020/-5020
f -5020/-5020/-5020 -5021/-5021/-5021 -5019/-5019/-5019
f -5020/-5020/-5020 -5019/-5019/-5019 -5018/-5018/-5018
f -5018/-5018/-5018 -5019/-5019/-5019 -5017/-5017/-5017
f -5018/-5018/-5018 -5017/-5017/-5017 -5016/-5016/-5016
f -5016/-5016/-5016 -5017/-5017/-5017 -5015/-5015/-5015
f -5016/-5016/-5016 -5015/-5015/-5015 -5014/-5014/-5014
f -5014/-5014/-5014 -5015/-5015/-5015 -5013/-5013/-5013
f -5014/-5014/-5014 -5013/-5013/-5013 -5012/-5012/-5012
f -5012/-5012/-5012 -5013/-5013/-5013 -5011/-5011/-5011
f -5012/-5012/-5012 -5010/-5010/-5010 -5014/-5014/-5014
f -5014/-5014/-5014 -5010/-5010/-5010 -5009/-5009/-5009
f -5014/-5014/-5014 -5009/-5009/-5009 -5016/-5016/-5016
f -5012/-5012/-5012 -5008/-5008/-5008 -5010/-5010/-5010
f -5007/-5007/-5007 -5009/-5009/-5009 -5010/-5010/-5010
f -5016/-5016/-5016 -5006/-5006/-5006 -5018/-5018/-5018
f -5016/-5016/-5016 -5009/-5009/-5009 -5006/-5006/-5006
f -5009/-5009/-5009 -5007/-5007/-5007 -5006/-5006/-5006
f -5005/-5005/-5005 -5006/-5006/-5006 -5007/-5007/-5007
f -5018/-5018/-5018 -5006/-5006/-5006 -5004/-5004/-5004
f -5006/-5006/-5006 -5005/-5005/-5005 -5004/-5004/-5004
f -5010/-5010/-5010 -5003/-5003/-5003 -5007/-5007/-5007
f -5008/-5008/-5008 -5003/-5003/-5003 -5010/-5010/-5010
f -5003/-5003/-5003 -5002/-5002/-5002 -5007/-5007/-5007
f -5007/-5007/-5007 -5002/-5002/-5002 -5001/-5001/-5001
f -5001/-5001/-5001 -5005/-5005/-5005 -5007/-5007/-5007
f -5005/-5005/-5005 -5001/-5001/-5001 -5000/-5000/-5000
f -5004/-5004/-5004 -5005/-5005/-5005 -4999/-4999/-4999
f -5004/-5004/-5004 -4999/-4999/-4999 -5018/-5018/-5018
f -5018/-5018/-5018 -4999/-4999/-4999 -5020/-5020/-5020
f -4999/-4999/-4999 -4998/-4998/-4998 -5020/-5020/-5020
f -5020/-5020/-5020 -4998/-4998/-4998 -5022/-5022/-5022
f -4999/-4999/-4999 -5005/-5005/-5005 -4997/-4997/-4997
f -4999/-4999/-4999 -4997/-4997/-4997 -4998/-4998/-4998
f -5005/-5005/-5005 -5000/-5000/-5000 -4997/-4997/-4997
f -4998/-4998/-4998 -4997/-4997/-4997 -4996/-4996/-4996
f -4995/-4995/-4995 -4998/-4998/-4998 -4996/-4996/-4996
f -5001/-5001/-5001 -4994/-4994/-4994 -5000/-5000/-5000
f -5002/-5002/-5002 -4994/-4994/-4994 -5001/-5001/-5001
f -4997/-4997/-4997 -5000/-5000/-5000 -4993/-4993/-4993
f -4997/-4997/-4997 -4992/-4992/-4992 -4996/-4996/-4996
f -4993/-4993/-4993 -4992/-4992/-4992 -4997/-4997/-4997
f -5002/-5002/-5002 -4991/-4991/-4991 -4994/-4994/-4994
f -5000/-5000/-5000 -4990/-4990/-4990 -4993/-4993/-4993
f -4994/-4994/-4994 -4990/-4990/-4990 -5000/-5000/-5000
f -4993/-4993/-4993 -4990/-4990/-4990 -4992/-4992/-4992
f -4994/-4994/-4994 -4989/-4989/-4989 -4990/-4990/-4990
f -4991/-4991/-4991 -4989/-4989/-4989 -4994/-4994/-4994
f -5022/-5022/-5022 -4998/-4998/-4998 -5024/-5024/-5024
f -5024/-5024/-5024 -4998/-4998/-4998 -4988/-4988/-4988
f -4998/-4998/-4998 -4995/-4995/-4995 -4988/-4988/-4988
f -4995/-4995/-4995 -4987/-4987/-4987 -4988/-4988/-4988
f -5026/-5026/-5026 -4988/-4988/-4988 -4987/-4987/-4987
f -5024/-5024/-5024 -4988/-4988/-4988 -5026/-5026/-5026
f -4987/-4987/-4987 -4995/-4995/-4995 -4986/-4986/-4986
f -4992/-4992/-4992 -4990/-4990/-4990 -4985/-4985/-4985
f -4996/-4996/-4996 -4984/-4984/-4984 -4995/-4995/-4995
f -4992/-4992/-4992 -4984/-4984/-4984 -4996/-4996/-4996
f -4992/-4992/-4992 -4983/-4983/-4983 -4984/-4984/-4984
f -4985/-4985/-4985 -4983/-4983/-4983 -4992/-4992/-4992
f -4995/-4995/-4995 -4982/-4982/-4982 -4986/-4986/-4986
f -4984/-4984/-4984 -4982/-4982/-4982 -4995/-4995/-4995
f -4984/-4984/-4984 -4983/-4983/-4983 -4982/-4982/-4982
f -4990/-4990/-4990 -4981/-4981/-4981 -4985/-4985/-4985
f -4989/-4989/-4989 -4981/-4981/-4981 -4990/-4990/-4990
f -4985/-4985/-4985 -4980/-4980/-4980 -4983/-4983/-4983
f -4981/-4981/-4981 -4980/-4980/-4980 -4985/-4985/-4985
f -5026/-5026/-5026 -4987/-4987/-4987 -5027/-5027/-5027
f -5027/-5027/-5027 -4987/-4987/-4987 -4979/-4979/-4979
f -4987/-4987/-4987 -4978/-4978/-4978 -4979/-4979/-4979
f -4986/-4986/-4986 -4978/-4978/-4978 -4987/-4987/-4987
f -4979/-4979/-4979 -4977/-4977/-4977 -5027/-5027/-5027
f -4979/-4979/-4979 -4978/-4978/-4978 -4977/-4977/-4977
f -5027/-5027/-5027 -4977/-4977/-4977 -5029/-5029/-5029
f -4977/-4977/-4977 -4978/-4978/-4978 -4976/-4976/-4976
f -4976/-4976/-4976 -4978/-4978/-4978 -4975/-4975/-4975
f -4975/-4975/-4975 -4978/-4978/-4978 -4974/-4974/-4974
f -4986/-4986/-4986 -4974/-4974/-4974 -4978/-4978/-4978
f -4982/-4982/-4982 -4974/-4974/-4974 -4986/-4986/-4986
f -4982/-4982/-4982 -4983/-4983/-4983 -4973/-4973/-4973
f -4982/-4982/-4982 -4973/-4973/-4973 -4974/-4974/-4974
f -4974/-4974/-4974 -4973/-4973/-4973 -4972/-4972/-4972
f -4974/-4974/-4974 -4972/-4972/-4972 -4975/-4975/-4975
f -4983/-4983/-4983 -4971/-4971/-4971 -4973/-4973/-4973
f -4980/-4980/-4980 -4971/-4971/-4971 -4983/-4983/-4983
f -5029/-5029/-5029 -4977/-4977/-4977 -5032/-5032/-5032
f -5032/-5032/-5032 -4977/-4977/-4977 -4970/-4970/-4970
f -5032/-5032/-5032 -4970/-4970/-4970 -5034/-5034/-5034
f -5034/-5034/-5034 -4970/-4970/-4970 -5039/-5039/-5039
f -4977/-4977/-4977 -4969/-4969/-4969 -4970/-4970/-4970
f -4976/-4976/-4976 -4969/-4969/-4969 -4977/-4977/-4977
f -4976/-4976/-4976 -4975/-4975/-4975 -4969/-4969/-4969
f -4970/-4970/-4970 -4969/-4969/-4969 -5039/-5039/-5039
f -4969/-4969/-4969 -4975/-4975/-4975 -4968/-4968/-4968
f -5039/-5039/-5039 -4969/-4969/-4969 -5038/-5038/-5038
f -4969/-4969/-4969 -4968/-4968/-4968 -5038/-5038/-5038
f -5038/-5038/-5038 -4968/-4968/-4968 -4967/-4967/-4967
f -4973/-4973/-4973 -4966/-4966/-4966 -4972/-4972/-4972
f -4971/-4971/-4971 -4966/-4966/-4966 -4973/-4973/-4973
f -4975/-4975/-4975 -4966/-4966/-4966 -4968/-4968/-4968
f -4972/-4972/-4972 -4966/-4966/-4966 -4975/-4975/-4975
f -4968/-4968/-4968 -4965/-4965/-4965 -4967/-4967/-4967
f -4966/-4966/-4966 -4965/-4965/-4965 -4968/-4968/-4968
f -5038/-5038/-5038 -4967/-4967/-4967 -5040/-5040/-5040
f -5040/-5040/-5040 -4967/-4967/-4967 -4964/-4964/-4964
f -5040/-5040/-5040 -4964/-4964/-4964 -5037/-5037/-5037
f -5037/-5037/-5037 -4964/-4964/-4964 -4963/-4963/-4963
f -4967/-4967/-4967 -4962/-4962/-4962 -4964/-4964/-4964
f -4965/-4965/-4965 -4962/-4962/-4962 -4967/-4967/-4967
f -4964/-4964/-4964 -4962/-4962/-4962 -4963/-4963/-4963
f -4963/-4963/-4963 -4962/-4962/-4962 -4961/-4961/-4961
f -5037/-5037/-5037 -4963/-4963/-4963 -4960/-4960/-4960
f -4960/-4960/-4960 -4963/-4963/-4963 -4959/-4959/-4959
f -4963/-4963/-4963 -4961/-4961/-4961 -4959/-4959/-4959
f -4959/-4959/-4959 -4961/-4961/-4961 -4958/-4958/-4958
f -5037/-5037/-5037 -4960/-4960/-4960 -4957/-4957/-4957
f -5043/-5043/-5043 -5037/-5037/-5037 -4957/-4957/-4957
f -4957/-4957/-4957 -5036/-5036/-5036 -5043/-5043/-5043
f -5036/-5036/-5036 -4957/-4957/-4957 -4956/-4956/-4956
f -4957/-4957/-4957 -4960/-4960/-4960 -4956/-4956/-4956
f -5036/-5036/-5036 -4956/-4956/-4956 -4955/-4955/-4955
f -5036/-5036/-5036 -4955/-4955/-4955 -5046/-5046/-5046
f -5046/-5046/-5046 -4955/-4955/-4955 -4954/-4954/-4954
f -5046/-5046/-5046 -4954/-4954/-4954 -5047/-5047/-5047
f -5047/-5047/-5047 -4954/-4954/-4954 -4953/-4953/-4953
f -4952/-4952/-4952 -5047/-5047/-5047 -4953/-4953/-4953
f -4951/-4951/-4951 -5047/-5047/-5047 -4952/-4952/-4952
f -4950/-4950/-4950 -5047/-5047/-5047 -4951/-4951/-4951
f -4949/-4949/-4949 -4950/-4950/-4950 -4951/-4951/-4951
f -4948/-4948/-4948 -4950/-4950/-4950 -4949/-4949/-4949
f -4948/-4948/-4948 -4947/-4947/-4947 -4950/-4950/-4950
f -4946/-4946/-4946 -4947/-4947/-4947 -4948/-4948/-4948
f -4946/-4946/-4946 -5068/-5068/-5068 -4947/-4947/-4947
f -5069/-5069/-5069 -5068/-5068/-5068 -4946/-4946/-4946
f -4946/-4946/-4946 -4945/-4945/-4945 -5069/-5069/-5069
f -5069/-5069/-5069 -4945/-4945/-4945 -5070/-5070/-5070
f -5071/-5071/-5071 -5070/-5070/-5070 -4945/-4945/-4945
f -5068/-5068/-5068 -5056/-5056/-5056 -4947/-4947/-4947
f -5067/-5067/-5067 -5056/-5056/-5056 -5068/-5068/-5068
f -4947/-4947/-4947 -5048/-5048/-5048 -4950/-4950/-4950
f -5056/-5056/-5056 -5048/-5048/-5048 -4947/-4947/-4947
f -4946/-4946/-4946 -4944/-4944/-4944 -4945/-4945/-4945
f -4948/-4948/-4948 -4944/-4944/-4944 -4946/-4946/-4946
f -4945/-4945/-4945 -4944/-4944/-4944 -5071/-5071/-5071
f -5071/-5071/-5071 -4944/-4944/-4944 -4943/-4943/-4943
f -5071/-5071/-5071 -4943/-4943/-4943 -5072/-5072/-5072
f -5072/-5072/-5072 -4943/-4943/-4943 -4942/-4942/-4942
f -5072/-5072/-5072 -4942/-4942/-4942 -5073/-5073/-5073
f -5073/-5073/-5073 -4942/-4942/-4942 -4941/-4941/-4941
f -4941/-4941/-4941 -4940/-4940/-4940 -5073/-5073/-5073
f -5073/-5073/-5073 -4940/-4940/-4940 -5076/-5076/-5076
f -4940/-4940/-4940 -4939/-4939/-4939 -5076/-5076/-5076
f -4939/-4939/-4939 -4940/-4940/-4940 -4938/-4938/-4938
f -4938/-4938/-4938 -4940/-4940/-4940 -4937/-4937/-4937
f -4940/-4940/-4940 -4941/-4941/-4941 -4937/-4937/-4937
f -4936/-4936/-4936 -4939/-4939/-4939 -4938/-4938/-4938
f -4935/-4935/-4935 -4939/-4939/-4939 -4936/-4936/-4936
f -4935/-4935/-4935 -5086/-5086/-5086 -4939/-4939/-4939
f -5085/-5085/-5085 -5086/-5086/-5086 -4935/-4935/-4935
f -5085/-5085/-5085 -4935/-4935/-4935 -5084/-5084/-5084
f -5084/-5084/-5084 -4935/-4935/-4935 -5080/-5080/-5080
f -5087/-5087/-5087 -4939/-4939/-4939 -5086/-5086/-5086
f -5079/-5079/-5079 -4939/-4939/-4939 -5087/-5087/-5087
f -5076/-5076/-5076 -4939/-4939/-4939 -5079/-5079/-5079
f -4935/-4935/-4935 -4934/-4934/-4934 -5080/-5080/-5080
f -4936/-4936/-4936 -4934/-4934/-4934 -4935/-4935/-4935
f -4937/-4937/-4937 -4941/-4941/-4941 -4933/-4933/-4933
f -4941/-4941/-4941 -4942/-4942/-4942 -4933/-4933/-4933
f -4933/-4933/-4933 -4942/-4942/-4942 -4932/-4932/-4932
f -4943/-4943/-4943 -4932/-4932/-4932 -4942/-4942/-4942
f -4931/-4931/-4931 -4932/-4932/-4932 -4943/-4943/-4943
f -4943/-4943/-4943 -4944/-4944/-4944 -4931/-4931/-4931
f -4931/-4931/-4931 -4944/-4944/-4944 -4930/-4930/-4930
f -4948/-4948/-4948 -4930/-4930/-4930 -4944/-4944/-4944
f -4949/-4949/-4949 -4930/-4930/-4930 -4948/-4948/-4948
f -4933/-4933/-4933 -4932/-4932/-4932 -4929/-4929/-4929
f -4928/-4928/-4928 -4933/-4933/-4933 -4929/-4929/-4929
f -4929/-4929/-4929 -4927/-4927/-4927 -4928/-4928/-4928
f -4927/-4927/-4927 -4926/-4926/-4926 -4928/-4928/-4928
f -4928/-4928/-4928 -4926/-4926/-4926 -4925/-4925/-4925
f -4925/-4925/-4925 -4937/-4937/-4937 -4928/-4928/-4928
f -4937/-4937/-4937 -4933/-4933/-4933 -4928/-4928/-4928
f -4938/-4938/-4938 -4937/-4937/-4937 -4925/-4925/-4925
f -4925/-4925/-4925 -4924/-4924/-4924 -4938/-4938/-4938
f -4938/-4938/-4938 -4924/-4924/-4924 -4936/-4936/-4936
f -4923/-4923/-4923 -4936/-4936/-4936 -4924/-4924/-4924
f -4934/-4934/-4934 -4936/-4936/-4936 -4923/-4923/-4923
f -4931/-4931/-4931 -4930/-4930/-4930 -4922/-4922/-4922
f -4922/-4922/-4922 -4930/-4930/-4930 -4921/-4921/-4921
f -4930/-4930/-4930 -4949/-4949/-4949 -4921/-4921/-4921
f -4921/-4921/-4921 -4920/-4920/-4920 -4922/-4922/-4922
f -4919/-4919/-4919 -4920/-4920/-4920 -4921/-4921/-4921
f -4921/-4921/-4921 -4949/-4949/-4949 -4918/-4918/-4918
f -4921/-4921/-4921 -4917/-4917/-4917 -4919/-4919/-4919
f -4918/-4918/-4918 -4917/-4917/-4917 -4921/-4921/-4921
f -4917/-4917/-4917 -4916/-4916/-4916 -4919/-4919/-4919
f -4919/-4919/-4919 -4916/-4916/-4916 -4915/-4915/-4915
f -4919/-4919/-4919 -4915/-4915/-4915 -4920/-4920/-4920
f -4918/-4918/-4918 -4914/-4914/-4914 -4917/-4917/-4917
f -4952/-4952/-4952 -4914/-4914/-4914 -4918/-4918/-4918
f -4918/-4918/-4918 -4951/-4951/-4951 -4952/-4952/-4952
f -4949/-4949/-4949 -4951/-4951/-4951 -4918/-4918/-4918
f -4952/-4952/-4952 -4913/-4913/-4913 -4914/-4914/-4914
f -4953/-4953/-4953 -4913/-4913/-4913 -4952/-4952/-4952
f -4953/-4953/-4953 -4912/-4912/-4912 -4913/-4913/-4913
f -4912/-4912/-4912 -4911/-4911/-4911 -4913/-4913/-4913
f -4913/-4913/-4913 -4911/-4911/-4911 -4914/-4914/-4914
f -4910/-4910/-4910 -4911/-4911/-4911 -4912/-4912/-4912
f -4910/-4910/-4910 -4909/-4909/-4909 -4911/-4911/-4911
f -4908/-4908/-4908 -4909/-4909/-4909 -4910/-4910/-4910
f -4954/-4954/-4954 -4912/-4912/-4912 -4953/-4953/-4953
f -4912/-4912/-4912 -4954/-4954/-4954 -4907/-4907/-4907
f -4907/-4907/-4907 -4954/-4954/-4954 -4955/-4955/-4955
f -4914/-4914/-4914 -4911/-4911/-4911 -4906/-4906/-4906
f -4914/-4914/-4914 -4906/-4906/-4906 -4917/-4917/-4917
f -4917/-4917/-4917 -4906/-4906/-4906 -4916/-4916/-4916
f -4905/-4905/-4905 -4907/-4907/-4907 -4955/-4955/-4955
f -4955/-4955/-4955 -4956/-4956/-4956 -4905/-4905/-4905
f -4956/-4956/-4956 -4904/-4904/-4904 -4905/-4905/-4905
f -4904/-4904/-4904 -4907/-4907/-4907 -4905/-4905/-4905
f -4960/-4960/-4960 -4904/-4904/-4904 -4956/-4956/-4956
f -4904/-4904/-4904 -4903/-4903/-4903 -4907/-4907/-4907
f -4907/-4907/-4907 -4903/-4903/-4903 -4902/-4902/-4902
f -4904/-4904/-4904 -4901/-4901/-4901 -4903/-4903/-4903
f -4960/-4960/-4960 -4901/-4901/-4901 -4904/-4904/-4904
f -4960/-4960/-4960 -4900/-4900/-4900 -4901/-4901/-4901
f -4959/-4959/-4959 -4900/-4900/-4900 -4960/-4960/-4960
f -4959/-4959/-4959 -4899/-4899/-4899 -4900/-4900/-4900
f -4958/-4958/-4958 -4899/-4899/-4899 -4959/-4959/-4959
f -4916/-4916/-4916 -4906/-4906/-4906 -4898/-4898/-4898
f -4898/-4898/-4898 -4906/-4906/-4906 -4897/-4897/-4897
f -4906/-4906/-4906 -4911/-4911/-4911 -4897/-4897/-4897
f -4897/-4897/-4897 -4911/-4911/-4911 -4909/-4909/-4909
f -4909/-4909/-4909 -4896/-4896/-4896 -4897/-4897/-4897
f -4897/-4897/-4897 -4896/-4896/-4896 -4895/-4895/-4895
f -4894/-4894/-4894 -4897/-4897/-4897 -4895/-4895/-4895
f -4898/-4898/-4898 -4897/-4897/-4897 -4894/-4894/-4894
f -4912/-4912/-4912 -4902/-4902/-4902 -4910/-4910/-4910
f -4907/-4907/-4907 -4902/-4902/-4902 -4912/-4912/-4912
f -4891/-4891/-4891 -4893/-4893/-4893 -4892/-4892/-4892
f -4891/-4891/-4891 -4892/-4892/-4892 -4890/-4890/-4890
f -4893/-4893/-4893 -4891/-4891/-4891 -4889/-4889/-4889
f -4888/-4888/-4888 -4892/-4892/-4892 -4893/-4893/-4893
f -4892/-4892/-4892 -4888/-4888/-4888 -4887/-4887/-4887
f -4892/-4892/-4892 -4887/-4887/-4887 -4890/-4890/-4890
f -4886/-4886/-4886 -4887/-4887/-4887 -4888/-4888/-4888
f -4885/-4885/-4885 -4887/-4887/-4887 -4886/-4886/-4886
f -4887/-4887/-4887 -4885/-4885/-4885 -4884/-4884/-4884
f -4890/-4890/-4890 -4887/-4887/-4887 -4884/-4884/-4884
f -4884/-4884/-4884 -4885/-4885/-4885 -4883/-4883/-4883
f -4885/-4885/-4885 -4886/-4886/-4886 -4882/-4882/-4882
f -4882/-4882/-4882 -4886/-4886/-4886 -4881/-4881/-4881
f -4880/-4880/-4880 -4885/-4885/-4885 -4882/-4882/-4882
f -4879/-4879/-4879 -4885/-4885/-4885 -4880/-4880/-4880
f -4879/-4879/-4879 -4883/-4883/-4883 -4885/-4885/-4885
f -4878/-4878/-4878 -4883/-4883/-4883 -4879/-4879/-4879
f -4879/-4879/-4879 -4880/-4880/-4880 -4877/-4877/-4877
f -4877/-4877/-4877 -4878/-4878/-4878 -4879/-4879/-4879
f -4877/-4877/-4877 -4880/-4880/-4880 -4876/-4876/-4876
f -4882/-4882/-4882 -4876/-4876/-4876 -4880/-4880/-4880
f -4875/-4875/-4875 -4876/-4876/-4876 -4882/-4882/-4882
f -4877/-4877/-4877 -4876/-4876/-4876 -4874/-4874/-4874
f -4874/-4874/-4874 -4876/-4876/-4876 -4873/-4873/-4873
f -4875/-4875/-4875 -4873/-4873/-4873 -4876/-4876/-4876
f -4872/-4872/-4872 -4873/-4873/-4873 -4875/-4875/-4875
f -4882/-4882/-4882 -4871/-4871/-4871 -4875/-4875/-4875
f -4881/-4881/-4881 -4871/-4871/-4871 -4882/-4882/-4882
f -4870/-4870/-4870 -4875/-4875/-4875 -4871/-4871/-4871
f -4872/-4872/-4872 -4875/-4875/-4875 -4870/-4870/-4870
f -4874/-4874/-4874 -4873/-4873/-4873 -4869/-4869/-4869
f -4869/-4869/-4869 -4873/-4873/-4873 -4868/-4868/-4868
f -4872/-4872/-4872 -4868/-4868/-4868 -4873/-4873/-4873
f -4867/-4867/-4867 -4868/-4868/-4868 -4872/-4872/-4872
f -4872/-4872/-4872 -4870/-4870/-4870 -4867/-4867/-4867
f -4869/-4869/-4869 -4868/-4868/-4868 -4866/-4866/-4866
f -4866/-4866/-4866 -4868/-4868/-4868 -4865/-4865/-4865
f -4867/-4867/-4867 -4865/-4865/-4865 -4868/-4868/-4868
f -4864/-4864/-4864 -4865/-4865/-4865 -4867/-4867/-4867
f -4867/-4867/-4867 -4870/-4870/-4870 -4863/-4863/-4863
f -4867/-4867/-4867 -4863/-4863/-4863 -4864/-4864/-4864
f -4864/-4864/-4864 -4863/-4863/-4863 -4862/-4862/-4862
f -4861/-4861/-4861 -4865/-4865/-4865 -4864/-4864/-4864
f -4860/-4860/-4860 -4865/-4865/-4865 -4861/-4861/-4861
f -4859/-4859/-4859 -4864/-4864/-4864 -4862/-4862/-4862
f -4861/-4861/-4861 -4864/-4864/-4864 -4859/-4859/-4859
f -4859/-4859/-4859 -4858/-4858/-4858 -4861/-4861/-4861
f -4858/-4858/-4858 -4860/-4860/-4860 -4861/-4861/-4861
f -4857/-4857/-4857 -4858/-4858/-4858 -4859/-4859/-4859
f -4856/-4856/-4856 -4860/-4860/-4860 -4858/-4858/-4858
f -4858/-4858/-4858 -4857/-4857/-4857 -4855/-4855/-4855
f -4855/-4855/-4855 -4856/-4856/-4856 -4858/-4858/-4858
f -4855/-4855/-4855 -4857/-4857/-4857 -4854/-4854/-4854
f -4853/-4853/-4853 -4865/-4865/-4865 -4860/-4860/-4860
f -4866/-4866/-4866 -4865/-4865/-4865 -4853/-4853/-4853
f -4852/-4852/-4852 -4860/-4860/-4860 -4856/-4856/-4856
f -4853/-4853/-4853 -4860/-4860/-4860 -4852/-4852/-4852
f -4856/-4856/-4856 -4851/-4851/-4851 -4852/-4852/-4852
f -4850/-4850/-4850 -4856/-4856/-4856 -4855/-4855/-4855
f -4855/-4855/-4855 -4849/-4849/-4849 -4850/-4850/-4850
f -4848/-4848/-4848 -4849/-4849/-4849 -4855/-4855/-4855
f -4849/-4849/-4849 -4848/-4848/-4848 -4847/-4847/-4847
f -4850/-4850/-4850 -4849/-4849/-4849 -4846/-4846/-4846
f -4846/-4846/-4846 -4856/-4856/-4856 -4850/-4850/-4850
f -4851/-4851/-4851 -4856/-4856/-4856 -4846/-4846/-4846
f -4846/-4846/-4846 -4845/-4845/-4845 -4851/-4851/-4851
f -4851/-4851/-4851 -4845/-4845/-4845 -4852/-4852/-4852
f -4844/-4844/-4844 -4845/-4845/-4845 -4846/-4846/-4846
f -4846/-4846/-4846 -4849/-4849/-4849 -4844/-4844/-4844
f -4843/-4843/-4843 -4845/-4845/-4845 -4844/-4844/-4844
f -4844/-4844/-4844 -4842/-4842/-4842 -4843/-4843/-4843
f -4844/-4844/-4844 -4849/-4849/-4849 -4842/-4842/-4842
f -4842/-4842/-4842 -4849/-4849/-4849 -4847/-4847/-4847
f -4842/-4842/-4842 -4847/-4847/-4847 -4841/-4841/-4841
f -4843/-4843/-4843 -4842/-4842/-4842 -4841/-4841/-4841
f -4841/-4841/-4841 -4847/-4847/-4847 -4840/-4840/-4840
f -4847/-4847/-4847 -4839/-4839/-4839 -4840/-4840/-4840
f -4838/-4838/-4838 -4839/-4839/-4839 -4847/-4847/-4847
f -4848/-4848/-4848 -4838/-4838/-4838 -4847/-4847/-4847
f -4839/-4839/-4839 -4838/-4838/-4838 -4837/-4837/-4837
f -4837/-4837/-4837 -4838/-4838/-4838 -4836/-4836/-4836
f -4838/-4838/-4838 -4835/-4835/-4835 -4836/-4836/-4836
f -4835/-4835/-4835 -4838/-4838/-4838 -4848/-4848/-4848
f -4836/-4836/-4836 -4835/-4835/-4835 -4834/-4834/-4834
f -4834/-4834/-4834 -4833/-4833/-4833 -4836/-4836/-4836
f -4833/-4833/-4833 -4837/-4837/-4837 -4836/-4836/-4836
f -4832/-4832/-4832 -4833/-4833/-4833 -4834/-4834/-4834
f -4835/-4835/-4835 -4831/-4831/-4831 -4834/-4834/-4834
f -4834/-4834/-4834 -4831/-4831/-4831 -4830/-4830/-4830
f -4832/-4832/-4832 -4834/-4834/-4834 -4830/-4830/-4830
f -4829/-4829/-4829 -4845/-4845/-4845 -4843/-4843/-4843
f -4831/-4831/-4831 -4835/-4835/-4835 -4828/-4828/-4828
f -4828/-4828/-4828 -4835/-4835/-4835 -4848/-4848/-4848
f -4848/-4848/-4848 -4855/-4855/-4855 -4828/-4828/-4828
f -4828/-4828/-4828 -4855/-4855/-4855 -4854/-4854/-4854
f -4829/-4829/-4829 -4827/-4827/-4827 -4845/-4845/-4845
f -4827/-4827/-4827 -4826/-4826/-4826 -4845/-4845/-4845
f -4845/-4845/-4845 -4826/-4826/-4826 -4825/-4825/-4825
f -4824/-4824/-4824 -4827/-4827/-4827 -4829/-4829/-4829
f -4824/-4824/-4824 -4823/-4823/-4823 -4827/-4827/-4827
f -4827/-4827/-4827 -4823/-4823/-4823 -4822/-4822/-4822
f -4821/-4821/-4821 -4822/-4822/-4822 -4823/-4823/-4823
f -4820/-4820/-4820 -4822/-4822/-4822 -4821/-4821/-4821
f -4827/-4827/-4827 -4819/-4819/-4819 -4826/-4826/-4826
f -4822/-4822/-4822 -4819/-4819/-4819 -4827/-4827/-4827
f -4822/-4822/-4822 -4818/-4818/-4818 -4819/-4819/-4819
f -4820/-4820/-4820 -4818/-4818/-4818 -4822/-4822/-4822
f -4818/-4818/-4818 -4820/-4820/-4820 -4817/-4817/-4817
f -4818/-4818/-4818 -4817/-4817/-4817 -4819/-4819/-4819
f -4817/-4817/-4817 -4820/-4820/-4820 -4816/-4816/-4816
f -4821/-4821/-4821 -4816/-4816/-4816 -4820/-4820/-4820
f -4815/-4815/-4815 -4816/-4816/-4816 -4821/-4821/-4821
f -4815/-4815/-4815 -4814/-4814/-4814 -4816/-4816/-4816
f -4813/-4813/-4813 -4814/-4814/-4814 -4815/-4815/-4815
f -4813/-4813/-4813 -4812/-4812/-4812 -4814/-4814/-4814
f -4812/-4812/-4812 -4813/-4813/-4813 -4811/-4811/-4811
f -4814/-4814/-4814 -4812/-4812/-4812 -4810/-4810/-4810
f -4809/-4809/-4809 -4812/-4812/-4812 -4811/-4811/-4811
f -4808/-4808/-4808 -4812/-4812/-4812 -4809/-4809/-4809
f -4809/-4809/-4809 -4807/-4807/-4807 -4808/-4808/-4808
f -4806/-4806/-4806 -4808/-4808/-4808 -4807/-4807/-4807
f -4816/-4816/-4816 -4805/-4805/-4805 -4817/-4817/-4817
f -4814/-4814/-4814 -4805/-4805/-4805 -4816/-4816/-4816
f -4819/-4819/-4819 -4817/-4817/-4817 -4804/-4804/-4804
f -4805/-4805/-4805 -4804/-4804/-4804 -4817/-4817/-4817
f -4807/-4807/-4807 -4803/-4803/-4803 -4806/-4806/-4806
f -4806/-4806/-4806 -4803/-4803/-4803 -4884/-4884/-4884
f -4884/-4884/-4884 -4803/-4803/-4803 -4890/-4890/-4890
f -4803/-4803/-4803 -4802/-4802/-4802 -4890/-4890/-4890
f -4802/-4802/-4802 -4803/-4803/-4803 -4807/-4807/-4807
f -4890/-4890/-4890 -4802/-4802/-4802 -4891/-4891/-4891
f -4808/-4808/-4808 -4806/-4806/-4806 -4801/-4801/-4801
f -4884/-4884/-4884 -4801/-4801/-4801 -4806/-4806/-4806
f -4883/-4883/-4883 -4801/-4801/-4801 -4884/-4884/-4884
f -4883/-4883/-4883 -4878/-4878/-4878 -4801/-4801/-4801
f -4801/-4801/-4801 -4878/-4878/-4878 -4800/-4800/-4800
f -4801/-4801/-4801 -4800/-4800/-4800 -4808/-4808/-4808
f -4799/-4799/-4799 -4800/-4800/-4800 -4878/-4878/-4878
f -4799/-4799/-4799 -4878/-4878/-4878 -4877/-4877/-4877
f -4798/-4798/-4798 -4800/-4800/-4800 -4799/-4799/-4799
f -4798/-4798/-4798 -4812/-4812/-4812 -4800/-4800/-4800
f -4808/-4808/-4808 -4800/-4800/-4800 -4812/-4812/-4812
f -4810/-4810/-4810 -4812/-4812/-4812 -4798/-4798/-4798
f -4874/-4874/-4874 -4799/-4799/-4799 -4877/-4877/-4877
f -4797/-4797/-4797 -4799/-4799/-4799 -4874/-4874/-4874
f -4797/-4797/-4797 -4798/-4798/-4798 -4799/-4799/-4799
f -4810/-4810/-4810 -4798/-4798/-4798 -4797/-4797/-4797
f -4797/-4797/-4797 -4874/-4874/-4874 -4805/-4805/-4805
f -4805/-4805/-4805 -4874/-4874/-4874 -4869/-4869/-4869
f -4814/-4814/-4814 -4797/-4797/-4797 -4805/-4805/-4805
f -4810/-4810/-4810 -4797/-4797/-4797 -4814/-4814/-4814
f -4869/-4869/-4869 -4804/-4804/-4804 -4805/-4805/-4805
f -4869/-4869/-4869 -4853/-4853/-4853 -4804/-4804/-4804
f -4853/-4853/-4853 -4825/-4825/-4825 -4804/-4804/-4804
f -4826/-4826/-4826 -4804/-4804/-4804 -4825/-4825/-4825
f -4819/-4819/-4819 -4804/-4804/-4804 -4826/-4826/-4826
f -4852/-4852/-4852 -4825/-4825/-4825 -4853/-4853/-4853
f -4852/-4852/-4852 -4845/-4845/-4845 -4825/-4825/-4825
f -4866/-4866/-4866 -4853/-4853/-4853 -4869/-4869/-4869
f -4794/-4794/-4794 -4796/-4796/-4796 -4795/-4795/-4795
f -4793/-4793/-4793 -4796/-4796/-4796 -4794/-4794/-4794
f -4794/-4794/-4794 -4792/-4792/-4792 -4793/-4793/-4793
f -4796/-4796/-4796 -4791/-4791/-4791 -4795/-4795/-4795
f -4790/-4790/-4790 -4791/-4791/-4791 -4796/-4796/-4796
f -4789/-4789/-4789 -4796/-4796/-4796 -4793/-4793/-4793
f -4788/-4788/-4788 -4796/-4796/-4796 -4789/-4789/-4789
f -4787/-4787/-4787 -4788/-4788/-4788 -4789/-4789/-4789
f -4786/-4786/-4786 -4788/-4788/-4788 -4787/-4787/-4787
f -4786/-4786/-4786 -4785/-4785/-4785 -4788/-4788/-4788
f -4796/-4796/-4796 -4785/-4785/-4785 -4790/-4790/-4790
f -4788/-4788/-4788 -4785/-4785/-4785 -4796/-4796/-4796
f -4784/-4784/-4784 -4785/-4785/-4785 -4786/-4786/-4786
f -4783/-4783/-4783 -4784/-4784/-4784 -4786/-4786/-4786
f -4786/-4786/-4786 -4787/-4787/-4787 -4783/-4783/-4783
f -4782/-4782/-4782 -4784/-4784/-4784 -4783/-4783/-4783
f -4793/-4793/-4793 -4781/-4781/-4781 -4789/-4789/-4789
f -4789/-4789/-4789 -4781/-4781/-4781 -4780/-4780/-4780
f -4779/-4779/-4779 -4780/-4780/-4780 -4781/-4781/-4781
f -4778/-4778/-4778 -4780/-4780/-4780 -4779/-4779/-4779
f -4779/-4779/-4779 -4777/-4777/-4777 -4778/-4778/-4778
f -4776/-4776/-4776 -4777/-4777/-4777 -4779/-4779/-4779
f -4776/-4776/-4776 -4775/-4775/-4775 -4777/-4777/-4777
f -4774/-4774/-4774 -4775/-4775/-4775 -4776/-4776/-4776
f -4773/-4773/-4773 -4775/-4775/-4775 -4774/-4774/-4774
f -4772/-4772/-4772 -4773/-4773/-4773 -4774/-4774/-4774
f -4774/-4774/-4774 -4776/-4776/-4776 -4772/-4772/-4772
f -4771/-4771/-4771 -4773/-4773/-4773 -4772/-4772/-4772
f -4771/-4771/-4771 -4772/-4772/-4772 -4770/-4770/-4770
f -4770/-4770/-4770 -4769/-4769/-4769 -4771/-4771/-4771
f -4769/-4769/-4769 -4773/-4773/-4773 -4771/-4771/-4771
f -4768/-4768/-4768 -4769/-4769/-4769 -4770/-4770/-4770
f -4768/-4768/-4768 -4767/-4767/-4767 -4769/-4769/-4769
f -4766/-4766/-4766 -4767/-4767/-4767 -4768/-4768/-4768
f -4765/-4765/-4765 -4767/-4767/-4767 -4766/-4766/-4766
f -4764/-4764/-4764 -4769/-4769/-4769 -4767/-4767/-4767
f -4773/-4773/-4773 -4769/-4769/-4769 -4764/-4764/-4764
f -4764/-4764/-4764 -4775/-4775/-4775 -4773/-4773/-4773
f -4772/-4772/-4772 -4776/-4776/-4776 -4763/-4763/-4763
f -4763/-4763/-4763 -4776/-4776/-4776 -4762/-4762/-4762
f -4762/-4762/-4762 -4776/-4776/-4776 -4761/-4761/-4761
f -4767/-4767/-4767 -4760/-4760/-4760 -4764/-4764/-4764
f -4764/-4764/-4764 -4760/-4760/-4760 -4775/-4775/-4775
f -4759/-4759/-4759 -4760/-4760/-4760 -4767/-4767/-4767
f -4760/-4760/-4760 -4759/-4759/-4759 -4758/-4758/-4758
f -4760/-4760/-4760 -4758/-4758/-4758 -4757/-4757/-4757
f -4775/-4775/-4775 -4760/-4760/-4760 -4757/-4757/-4757
f -4775/-4775/-4775 -4757/-4757/-4757 -4777/-4777/-4777
f -4777/-4777/-4777 -4757/-4757/-4757 -4756/-4756/-4756
f -4756/-4756/-4756 -4778/-4778/-4778 -4777/-4777/-4777
f -4755/-4755/-4755 -4778/-4778/-4778 -4756/-4756/-4756
f -4778/-4778/-4778 -4755/-4755/-4755 -4780/-4780/-4780
f -4780/-4780/-4780 -4755/-4755/-4755 -4754/-4754/-4754
f -4754/-4754/-4754 -4789/-4789/-4789 -4780/-4780/-4780
f -4787/-4787/-4787 -4789/-4789/-4789 -4754/-4754/-4754
f -4753/-4753/-4753 -4754/-4754/-4754 -4755/-4755/-4755
f -4752/-4752/-4752 -4754/-4754/-4754 -4753/-4753/-4753
f -4754/-4754/-4754 -4752/-4752/-4752 -4787/-4787/-4787
f -4787/-4787/-4787 -4752/-4752/-4752 -4751/-4751/-4751
f -4755/-4755/-4755 -4750/-4750/-4750 -4753/-4753/-4753
f -4756/-4756/-4756 -4750/-4750/-4750 -4755/-4755/-4755
f -4756/-4756/-4756 -4757/-4757/-4757 -4750/-4750/-4750
f -4750/-4750/-4750 -4757/-4757/-4757 -4749/-4749/-4749
f -4757/-4757/-4757 -4758/-4758/-4758 -4749/-4749/-4749
f -4783/-4783/-4783 -4787/-4787/-4787 -4751/-4751/-4751
f -4746/-4746/-4746 -4748/-4748/-4748 -4747/-4747/-4747
f -4748/-4748/-4748 -4746/-4746/-4746 -4745/-4745/-4745
f -4745/-4745/-4745 -4746/-4746/-4746 -4744/-4744/-4744
f -4747/-4747/-4747 -4743/-4743/-4743 -4746/-4746/-4746
f -4746/-4746/-4746 -4743/-4743/-4743 -4742/-4742/-4742
f -4743/-4743/-4743 -4741/-4741/-4741 -4742/-4742/-4742
f -4742/-4742/-4742 -4741/-4741/-4741 -4740/-4740/-4740
f -4739/-4739/-4739 -4740/-4740/-4740 -4741/-4741/-4741
f -4738/-4738/-4738 -4740/-4740/-4740 -4739/-4739/-4739
f -4743/-4743/-4743 -4737/-4737/-4737 -4741/-4741/-4741
f -4741/-4741/-4741 -4737/-4737/-4737 -4739/-4739/-4739
f -4736/-4736/-4736 -4737/-4737/-4737 -4743/-4743/-4743
f -4747/-4747/-4747 -4736/-4736/-4736 -4743/-4743/-4743
f -4739/-4739/-4739 -4737/-4737/-4737 -4735/-4735/-4735
f -4734/-4734/-4734 -4735/-4735/-4735 -4737/-4737/-4737
f -4735/-4735/-4735 -4734/-4734/-4734 -4733/-4733/-4733
f -4748/-4748/-4748 -4732/-4732/-4732 -4747/-4747/-4747
f -4732/-4732/-4732 -4736/-4736/-4736 -4747/-4747/-4747
f -4731/-4731/-4731 -4732/-4732/-4732 -4748/-4748/-4748
f -4745/-4745/-4745 -4730/-4730/-4730 -4748/-4748/-4748
f -4729/-4729/-4729 -4730/-4730/-4730 -4745/-4745/-4745
f -4730/-4730/-4730 -4729/-4729/-4729 -4728/-4728/-4728
f -4728/-4728/-4728 -4729/-4729/-4729 -4727/-4727/-4727
f -4728/-4728/-4728 -4727/-4727/-4727 -4726/-4726/-4726
f -4725/-4725/-4725 -4729/-4729/-4729 -4745/-4745/-4745
f -4724/-4724/-4724 -4729/-4729/-4729 -4725/-4725/-4725
f -4729/-4729/-4729 -4724/-4724/-4724 -4727/-4727/-4727
f -4748/-4748/-4748 -4723/-4723/-4723 -4731/-4731/-4731
f -4730/-4730/-4730 -4723/-4723/-4723 -4748/-4748/-4748
f -4723/-4723/-4723 -4722/-4722/-4722 -4731/-4731/-4731
f -4731/-4731/-4731 -4722/-4722/-4722 -4721/-4721/-4721
f -4720/-4720/-4720 -4733/-4733/-4733 -4734/-4734/-4734
f -4720/-4720/-4720 -4734/-4734/-4734 -4719/-4719/-4719
f -4720/-4720/-4720 -4719/-4719/-4719 -4718/-4718/-4718
f -4718/-4718/-4718 -4719/-4719/-4719 -4717/-4717/-4717
f -4719/-4719/-4719 -4734/-4734/-4734 -4737/-4737/-4737
f -4718/-4718/-4718 -4716/-4716/-4716 -4720/-4720/-4720
f -4720/-4720/-4720 -4716/-4716/-4716 -4715/-4715/-4715
f -4715/-4715/-4715 -4733/-4733/-4733 -4720/-4720/-4720
f -4715/-4715/-4715 -4714/-4714/-4714 -4733/-4733/-4733
f -4713/-4713/-4713 -4733/-4733/-4733 -4714/-4714/-4714
f -4714/-4714/-4714 -4712/-4712/-4712 -4713/-4713/-4713
f -4714/-4714/-4714 -4711/-4711/-4711 -4712/-4712/-4712
f -4711/-4711/-4711 -4714/-4714/-4714 -4710/-4710/-4710
f -4710/-4710/-4710 -4714/-4714/-4714 -4715/-4715/-4715
f -4709/-4709/-4709 -4712/-4712/-4712 -4711/-4711/-4711
f -4712/-4712/-4712 -4709/-4709/-4709 -4708/-4708/-4708
f -4708/-4708/-4708 -4709/-4709/-4709 -4707/-4707/-4707
f -4707/-4707/-4707 -4709/-4709/-4709 -4706/-4706/-4706
f -4711/-4711/-4711 -4706/-4706/-4706 -4709/-4709/-4709
f -4710/-4710/-4710 -4705/-4705/-4705 -4711/-4711/-4711
f -4704/-4704/-4704 -4711/-4711/-4711 -4705/-4705/-4705
f -4711/-4711/-4711 -4704/-4704/-4704 -4706/-4706/-4706
f -4703/-4703/-4703 -4705/-4705/-4705 -4710/-4710/-4710
f -4715/-4715/-4715 -4703/-4703/-4703 -4710/-4710/-4710
f -4716/-4716/-4716 -4703/-4703/-4703 -4715/-4715/-4715
f -4707/-4707/-4707 -4706/-4706/-4706 -4702/-4702/-4702
f -4701/-4701/-4701 -4707/-4707/-4707 -4702/-4702/-4702
f -4701/-4701/-4701 -4702/-4702/-4702 -4700/-4700/-4700
f -4706/-4706/-4706 -4700/-4700/-4700 -4702/-4702/-4702
f -4699/-4699/-4699 -4700/-4700/-4700 -4706/-4706/-4706
f -4699/-4699/-4699 -4706/-4706/-4706 -4704/-4704/-4704
f -4698/-4698/-4698 -4733/-4733/-4733 -4713/-4713/-4713
f -4735/-4735/-4735 -4733/-4733/-4733 -4698/-4698/-4698
f -4698/-4698/-4698 -4697/-4697/-4697 -4735/-4735/-4735
f -4735/-4735/-4735 -4697/-4697/-4697 -4739/-4739/-4739
f -4696/-4696/-4696 -4739/-4739/-4739 -4697/-4697/-4697
f -4738/-4738/-4738 -4739/-4739/-4739 -4696/-4696/-4696
f -4695/-4695/-4695 -4738/-4738/-4738 -4696/-4696/-4696
f -4694/-4694/-4694 -4738/-4738/-4738 -4695/-4695/-4695
f -4693/-4693/-4693 -4694/-4694/-4694 -4695/-4695/-4695
f -4695/-4695/-4695 -4692/-4692/-4692 -4693/-4693/-4693
f -4693/-4693/-4693 -4692/-4692/-4692 -4691/-4691/-4691
f -4692/-4692/-4692 -4690/-4690/-4690 -4691/-4691/-4691
f -4691/-4691/-4691 -4690/-4690/-4690 -4689/-4689/-4689
f -4688/-4688/-4688 -4689/-4689/-4689 -4690/-4690/-4690
f -4689/-4689/-4689 -4688/-4688/-4688 -4687/-4687/-4687
f -4687/-4687/-4687 -4688/-4688/-4688 -4686/-4686/-4686
f -4685/-4685/-4685 -4694/-4694/-4694 -4693/-4693/-4693
f -4685/-4685/-4685 -4684/-4684/-4684 -4694/-4694/-4694
f -4683/-4683/-4683 -4684/-4684/-4684 -4685/-4685/-4685
f -4682/-4682/-4682 -4684/-4684/-4684 -4683/-4683/-4683
f -4681/-4681/-4681 -4684/-4684/-4684 -4682/-4682/-4682
f -4680/-4680/-4680 -4681/-4681/-4681 -4682/-4682/-4682
f -4744/-4744/-4744 -4681/-4681/-4681 -4680/-4680/-4680
f -4744/-4744/-4744 -4746/-4746/-4746 -4681/-4681/-4681
f -4681/-4681/-4681 -4746/-4746/-4746 -4742/-4742/-4742
f -4681/-4681/-4681 -4742/-4742/-4742 -4684/-4684/-4684
f -4684/-4684/-4684 -4742/-4742/-4742 -4740/-4740/-4740
f -4684/-4684/-4684 -4740/-4740/-4740 -4694/-4694/-4694
f -4694/-4694/-4694 -4740/-4740/-4740 -4738/-4738/-4738
f -4725/-4725/-4725 -4744/-4744/-4744 -4680/-4680/-4680
f -4745/-4745/-4745 -4744/-4744/-4744 -4725/-4725/-4725
f -4677/-4677/-4677 -4679/-4679/-4679 -4678/-4678/-4678
f -4676/-4676/-4676 -4679/-4679/-4679 -4677/-4677/-4677
f -4677/-4677/-4677 -4678/-4678/-4678 -4923/-4923/-4923
f -4923/-4923/-4923 -4678/-4678/-4678 -4675/-4675/-4675
f -4674/-4674/-4674 -4675/-4675/-4675 -4678/-4678/-4678
f -4678/-4678/-4678 -4679/-4679/-4679 -4674/-4674/-4674
f -4673/-4673/-4673 -4675/-4675/-4675 -4674/-4674/-4674
f -4672/-4672/-4672 -4673/-4673/-4673 -4674/-4674/-4674
f -4671/-4671/-4671 -4673/-4673/-4673 -4672/-4672/-4672
f -4671/-4671/-4671 -4670/-4670/-4670 -4673/-4673/-4673
f -4673/-4673/-4673 -4670/-4670/-4670 -5081/-5081/-5081
f -5081/-5081/-5081 -4675/-4675/-4675 -4673/-4673/-4673
f -4672/-4672/-4672 -4669/-4669/-4669 -4671/-4671/-4671
f -4671/-4671/-4671 -4669/-4669/-4669 -5391/-5391/-5391
f -4668/-4668/-4668 -4672/-4672/-4672 -4674/-4674/-4674
f -4674/-4674/-4674 -4679/-4679/-4679 -4668/-4668/-4668
f -4667/-4667/-4667 -4672/-4672/-4672 -4668/-4668/-4668
f -4666/-4666/-4666 -5391/-5391/-5391 -4669/-4669/-4669
f -5392/-5392/-5392 -5391/-5391/-5391 -4666/-4666/-4666
f -4666/-4666/-4666 -5393/-5393/-5393 -5392/-5392/-5392
f -4665/-4665/-4665 -4666/-4666/-4666 -4669/-4669/-4669
f -4672/-4672/-4672 -4665/-4665/-4665 -4669/-4669/-4669
f -4667/-4667/-4667 -4665/-4665/-4665 -4672/-4672/-4672
f -4664/-4664/-4664 -4666/-4666/-4666 -4665/-4665/-4665
f -4666/-4666/-4666 -4664/-4664/-4664 -5393/-5393/-5393
f -5393/-5393/-5393 -4664/-4664/-4664 -4663/-4663/-4663
f -4662/-4662/-4662 -4664/-4664/-4664 -4665/-4665/-4665
f -4664/-4664/-4664 -4662/-4662/-4662 -4663/-4663/-4663
f -4665/-4665/-4665 -4667/-4667/-4667 -4661/-4661/-4661
f -4661/-4661/-4661 -4667/-4667/-4667 -4660/-4660/-4660
f -4668/-4668/-4668 -4660/-4660/-4660 -4667/-4667/-4667
f -4659/-4659/-4659 -4660/-4660/-4660 -4668/-4668/-4668
f -4658/-4658/-4658 -4665/-4665/-4665 -4661/-4661/-4661
f -4662/-4662/-4662 -4665/-4665/-4665 -4658/-4658/-4658
f -4658/-4658/-4658 -4661/-4661/-4661 -4657/-4657/-4657
f -4657/-4657/-4657 -4661/-4661/-4661 -4656/-4656/-4656
f -4655/-4655/-4655 -4658/-4658/-4658 -4657/-4657/-4657
f -4654/-4654/-4654 -4658/-4658/-4658 -4655/-4655/-4655
f -4653/-4653/-4653 -4661/-4661/-4661 -4660/-4660/-4660
f -4656/-4656/-4656 -4661/-4661/-4661 -4653/-4653/-4653
f -4653/-4653/-4653 -4657/-4657/-4657 -4656/-4656/-4656
f -4652/-4652/-4652 -4660/-4660/-4660 -4659/-4659/-4659
f -4653/-4653/-4653 -4660/-4660/-4660 -4652/-4652/-4652
f -4651/-4651/-4651 -4657/-4657/-4657 -4653/-4653/-4653
f -4650/-4650/-4650 -4653/-4653/-4653 -4652/-4652/-4652
f -4651/-4651/-4651 -4653/-4653/-4653 -4650/-4650/-4650
f -4649/-4649/-4649 -4657/-4657/-4657 -4651/-4651/-4651
f -4655/-4655/-4655 -4657/-4657/-4657 -4649/-4649/-4649
f -4650/-4650/-4650 -4649/-4649/-4649 -4651/-4651/-4651
f -4648/-4648/-4648 -4654/-4654/-4654 -4655/-4655/-4655
f -4647/-4647/-4647 -4655/-4655/-4655 -4649/-4649/-4649
f -4648/-4648/-4648 -4655/-4655/-4655 -4647/-4647/-4647
f -4648/-4648/-4648 -4646/-4646/-4646 -4654/-4654/-4654
f -4645/-4645/-4645 -4646/-4646/-4646 -4648/-4648/-4648
f -4647/-4647/-4647 -4645/-4645/-4645 -4648/-4648/-4648
f -4644/-4644/-4644 -4649/-4649/-4649 -4650/-4650/-4650
f -4643/-4643/-4643 -4649/-4649/-4649 -4644/-4644/-4644
f -4647/-4647/-4647 -4649/-4649/-4649 -4643/-4643/-4643
f -4643/-4643/-4643 -4645/-4645/-4645 -4647/-4647/-4647
f -4642/-4642/-4642 -4644/-4644/-4644 -4650/-4650/-4650
f -4642/-4642/-4642 -4643/-4643/-4643 -4644/-4644/-4644
f -4641/-4641/-4641 -4646/-4646/-4646 -4645/-4645/-4645
f -4640/-4640/-4640 -4643/-4643/-4643 -4642/-4642/-4642
f -4640/-4640/-4640 -4645/-4645/-4645 -4643/-4643/-4643
f -4641/-4641/-4641 -4639/-4639/-4639 -4646/-4646/-4646
f -4638/-4638/-4638 -4639/-4639/-4639 -4641/-4641/-4641
f -4637/-4637/-4637 -4645/-4645/-4645 -4640/-4640/-4640
f -4636/-4636/-4636 -4640/-4640/-4640 -4642/-4642/-4642
f -4635/-4635/-4635 -4636/-4636/-4636 -4642/-4642/-4642
f -4634/-4634/-4634 -4635/-4635/-4635 -4642/-4642/-4642
f -4633/-4633/-4633 -4635/-4635/-4635 -4634/-4634/-4634
f -4633/-4633/-4633 -4632/-4632/-4632 -4635/-4635/-4635
f -4631/-4631/-4631 -4632/-4632/-4632 -4633/-4633/-4633
f -4634/-4634/-4634 -4642/-4642/-4642 -4650/-4650/-4650
f -4631/-4631/-4631 -4633/-4633/-4633 -4630/-4630/-4630
f -4630/-4630/-4630 -4633/-4633/-4633 -4629/-4629/-4629
f -4634/-4634/-4634 -4629/-4629/-4629 -4633/-4633/-4633
f -4628/-4628/-4628 -4629/-4629/-4629 -4634/-4634/-4634
f -4628/-4628/-4628 -4630/-4630/-4630 -4629/-4629/-4629
f -4627/-4627/-4627 -4634/-4634/-4634 -4650/-4650/-4650
f -4628/-4628/-4628 -4634/-4634/-4634 -4627/-4627/-4627
f -4626/-4626/-4626 -4631/-4631/-4631 -4630/-4630/-4630
f -4625/-4625/-4625 -4631/-4631/-4631 -4626/-4626/-4626
f -4625/-4625/-4625 -4624/-4624/-4624 -4631/-4631/-4631
f -4625/-4625/-4625 -4623/-4623/-4623 -4624/-4624/-4624
f -4622/-4622/-4622 -4623/-4623/-4623 -4625/-4625/-4625
f -4621/-4621/-4621 -4630/-4630/-4630 -4628/-4628/-4628
f -4626/-4626/-4626 -4630/-4630/-4630 -4621/-4621/-4621
f -4627/-4627/-4627 -4621/-4621/-4621 -4628/-4628/-4628
f -4620/-4620/-4620 -4621/-4621/-4621 -4627/-4627/-4627
f -4620/-4620/-4620 -4626/-4626/-4626 -4621/-4621/-4621
f -4652/-4652/-4652 -4627/-4627/-4627 -4650/-4650/-4650
f -4619/-4619/-4619 -4627/-4627/-4627 -4652/-4652/-4652
f -4618/-4618/-4618 -4627/-4627/-4627 -4619/-4619/-4619
f -4620/-4620/-4620 -4627/-4627/-4627 -4618/-4618/-4618
f -4659/-4659/-4659 -4619/-4619/-4619 -4652/-4652/-4652
f -4617/-4617/-4617 -4619/-4619/-4619 -4659/-4659/-4659
f -4617/-4617/-4617 -4618/-4618/-4618 -4619/-4619/-4619
f -4617/-4617/-4617 -4659/-4659/-4659 -4679/-4679/-4679
f -4679/-4679/-4679 -4676/-4676/-4676 -4617/-4617/-4617
f -4617/-4617/-4617 -4676/-4676/-4676 -4616/-4616/-4616
f -4616/-4616/-4616 -4618/-4618/-4618 -4617/-4617/-4617
f -4679/-4679/-4679 -4659/-4659/-4659 -4668/-4668/-4668
f -4615/-4615/-4615 -4626/-4626/-4626 -4620/-4620/-4620
f -4618/-4618/-4618 -4615/-4615/-4615 -4620/-4620/-4620
f -4616/-4616/-4616 -4615/-4615/-4615 -4618/-4618/-4618
f -4616/-4616/-4616 -4614/-4614/-4614 -4615/-4615/-4615
f -4676/-4676/-4676 -4614/-4614/-4614 -4616/-4616/-4616
f -4613/-4613/-4613 -4614/-4614/-4614 -4676/-4676/-4676
f -4614/-4614/-4614 -4613/-4613/-4613 -4612/-4612/-4612
f -4612/-4612/-4612 -4613/-4613/-4613 -4611/-4611/-4611
f -4677/-4677/-4677 -4613/-4613/-4613 -4676/-4676/-4676
f -4610/-4610/-4610 -4613/-4613/-4613 -4677/-4677/-4677
f -4613/-4613/-4613 -4610/-4610/-4610 -4611/-4611/-4611
f -4677/-4677/-4677 -4924/-4924/-4924 -4610/-4610/-4610
f -4923/-4923/-4923 -4924/-4924/-4924 -4677/-4677/-4677
f -4925/-4925/-4925 -4610/-4610/-4610 -4924/-4924/-4924
f -4926/-4926/-4926 -4610/-4610/-4610 -4925/-4925/-4925
f -4611/-4611/-4611 -4610/-4610/-4610 -4926/-4926/-4926
f -4927/-4927/-4927 -4611/-4611/-4611 -4926/-4926/-4926
f -4923/-4923/-4923 -5082/-5082/-5082 -4934/-4934/-4934
f -4675/-4675/-4675 -5082/-5082/-5082 -4923/-4923/-4923
f -5082/-5082/-5082 -4675/-4675/-4675 -5081/-5081/-5081
f -5082/-5082/-5082 -5083/-5083/-5083 -4934/-4934/-4934
f -4934/-4934/-4934 -5083/-5083/-5083 -5080/-5080/-5080
f -5081/-5081/-5081 -5430/-5430/-5430 -5431/-5431/-5431
f -4670/-4670/-4670 -5430/-5430/-5430 -5081/-5081/-5081
f -5430/-5430/-5430 -4670/-4670/-4670 -5427/-5427/-5427
f -5427/-5427/-5427 -4670/-4670/-4670 -5422/-5422/-5422
f -4670/-4670/-4670 -4671/-4671/-4671 -5422/-5422/-5422
f -5422/-5422/-5422 -4671/-4671/-4671 -5391/-5391/-5391
f -4607/-4607/-4607 -4609/-4609/-4609 -4608/-4608/-4608
f -4609/-4609/-4609 -4606/-4606/-4606 -4608/-4608/-4608
f -4606/-4606/-4606 -4605/-4605/-4605 -4608/-4608/-4608
f -4606/-4606/-4606 -4604/-4604/-4604 -4605/-4605/-4605
f -4605/-4605/-4605 -4604/-4604/-4604 -4603/-4603/-4603
f -4603/-4603/-4603 -4604/-4604/-4604 -4602/-4602/-4602
f -4604/-4604/-4604 -4601/-4601/-4601 -4602/-4602/-4602
f -4600/-4600/-4600 -4601/-4601/-4601 -4604/-4604/-4604
f -4600/-4600/-4600 -4604/-4604/-4604 -4606/-4606/-4606
f -4599/-4599/-4599 -4601/-4601/-4601 -4600/-4600/-4600
f -4602/-4602/-4602 -4601/-4601/-4601 -4598/-4598/-4598
f -4598/-4598/-4598 -4597/-4597/-4597 -4602/-4602/-4602
f -4602/-4602/-4602 -4597/-4597/-4597 -4596/-4596/-4596
f -4595/-4595/-4595 -4602/-4602/-4602 -4596/-4596/-4596
f -4603/-4603/-4603 -4602/-4602/-4602 -4595/-4595/-4595
f -4595/-4595/-4595 -4596/-4596/-4596 -4594/-4594/-4594
f -4603/-4603/-4603 -4595/-4595/-4595 -4593/-4593/-4593
f -4593/-4593/-4593 -4605/-4605/-4605 -4603/-4603/-4603
f -4593/-4593/-4593 -4595/-4595/-4595 -4592/-4592/-4592
f -4600/-4600/-4600 -4591/-4591/-4591 -4599/-4599/-4599
f -4599/-4599/-4599 -4591/-4591/-4591 -4590/-4590/-4590
f -4591/-4591/-4591 -4600/-4600/-4600 -4589/-4589/-4589
f -4589/-4589/-4589 -4600/-4600/-4600 -4606/-4606/-4606
f -4589/-4589/-4589 -4606/-4606/-4606 -4609/-4609/-4609
f -4588/-4588/-4588 -4593/-4593/-4593 -4592/-4592/-4592
f -4587/-4587/-4587 -4593/-4593/-4593 -4588/-4588/-4588
f -4587/-4587/-4587 -4586/-4586/-4586 -4593/-4593/-4593
f -4586/-4586/-4586 -4605/-4605/-4605 -4593/-4593/-4593
f -4608/-4608/-4608 -4605/-4605/-4605 -4586/-4586/-4586
f -4585/-4585/-4585 -4586/-4586/-4586 -4587/-4587/-4587
f -4607/-4607/-4607 -4586/-4586/-4586 -4585/-4585/-4585
f -4608/-4608/-4608 -4586/-4586/-4586 -4607/-4607/-4607
f -4591/-4591/-4591 -4584/-4584/-4584 -4590/-4590/-4590
f -4583/-4583/-4583 -4584/-4584/-4584 -4591/-4591/-4591
f -4582/-4582/-4582 -4591/-4591/-4591 -4589/-4589/-4589
f -4583/-4583/-4583 -4591/-4591/-4591 -4582/-4582/-4582
f -4581/-4581/-4581 -4590/-4590/-4590 -4584/-4584/-4584
f -4580/-4580/-4580 -4590/-4590/-4590 -4581/-4581/-4581
f -4579/-4579/-4579 -4590/-4590/-4590 -4580/-4580/-4580
f -4581/-4581/-4581 -4584/-4584/-4584 -4578/-4578/-4578
f -4577/-4577/-4577 -4578/-4578/-4578 -4584/-4584/-4584
f -4581/-4581/-4581 -4576/-4576/-4576 -4580/-4580/-4580
f -4575/-4575/-4575 -4576/-4576/-4576 -4581/-4581/-4581
f -4578/-4578/-4578 -4575/-4575/-4575 -4581/-4581/-4581
f -4574/-4574/-4574 -4575/-4575/-4575 -4578/-4578/-4578
f -4573/-4573/-4573 -4575/-4575/-4575 -4574/-4574/-4574
f -4575/-4575/-4575 -4573/-4573/-4573 -4572/-4572/-4572
f -4571/-4571/-4571 -4576/-4576/-4576 -4575/-4575/-4575
f -4575/-4575/-4575 -4572/-4572/-4572 -4571/-4571/-4571
f -4576/-4576/-4576 -4571/-4571/-4571 -4570/-4570/-4570
f -4569/-4569/-4569 -4570/-4570/-4570 -4571/-4571/-4571
f -4571/-4571/-4571 -4568/-4568/-4568 -4569/-4569/-4569
f -4567/-4567/-4567 -4568/-4568/-4568 -4571/-4571/-4571
f -4566/-4566/-4566 -4568/-4568/-4568 -4567/-4567/-4567
f -4567/-4567/-4567 -4565/-4565/-4565 -4566/-4566/-4566
f -4566/-4566/-4566 -4565/-4565/-4565 -4564/-4564/-4564
f -4566/-4566/-4566 -4563/-4563/-4563 -4568/-4568/-4568
f -4566/-4566/-4566 -4564/-4564/-4564 -4563/-4563/-4563
f -4568/-4568/-4568 -4563/-4563/-4563 -4562/-4562/-4562
f -4562/-4562/-4562 -4563/-4563/-4563 -4561/-4561/-4561
f -4563/-4563/-4563 -4560/-4560/-4560 -4561/-4561/-4561
f -4563/-4563/-4563 -4564/-4564/-4564 -4560/-4560/-4560
f -4561/-4561/-4561 -4559/-4559/-4559 -4562/-4562/-4562
f -4562/-4562/-4562 -4559/-4559/-4559 -4558/-4558/-4558
f -4558/-4558/-4558 -4557/-4557/-4557 -4562/-4562/-4562
f -4562/-4562/-4562 -4557/-4557/-4557 -4556/-4556/-4556
f -4556/-4556/-4556 -4568/-4568/-4568 -4562/-4562/-4562
f -4556/-4556/-4556 -4557/-4557/-4557 -4555/-4555/-4555
f -4554/-4554/-4554 -4556/-4556/-4556 -4555/-4555/-4555
f -4554/-4554/-4554 -4553/-4553/-4553 -4556/-4556/-4556
f -4552/-4552/-4552 -4556/-4556/-4556 -4553/-4553/-4553
f -4552/-4552/-4552 -4553/-4553/-4553 -4551/-4551/-4551
f -4551/-4551/-4551 -4553/-4553/-4553 -4550/-4550/-4550
f -4553/-4553/-4553 -4554/-4554/-4554 -4549/-4549/-4549
f -4570/-4570/-4570 -4551/-4551/-4551 -4550/-4550/-4550
f -4553/-4553/-4553 -4548/-4548/-4548 -4550/-4550/-4550
f -4553/-4553/-4553 -4549/-4549/-4549 -4548/-4548/-4548
f -4547/-4547/-4547 -4548/-4548/-4548 -4549/-4549/-4549
f -4551/-4551/-4551 -4570/-4570/-4570 -4569/-4569/-4569
f -4552/-4552/-4552 -4551/-4551/-4551 -4569/-4569/-4569
f -4552/-4552/-4552 -4569/-4569/-4569 -4568/-4568/-4568
f -4552/-4552/-4552 -4568/-4568/-4568 -4556/-4556/-4556
f -4570/-4570/-4570 -4550/-4550/-4550 -4546/-4546/-4546
f -4546/-4546/-4546 -4550/-4550/-4550 -4545/-4545/-4545
f -4544/-4544/-4544 -4548/-4548/-4548 -4547/-4547/-4547
f -4543/-4543/-4543 -4548/-4548/-4548 -4544/-4544/-4544
f -4542/-4542/-4542 -4548/-4548/-4548 -4543/-4543/-4543
f -4541/-4541/-4541 -4548/-4548/-4548 -4542/-4542/-4542
f -4548/-4548/-4548 -4541/-4541/-4541 -4550/-4550/-4550
f -4550/-4550/-4550 -4540/-4540/-4540 -4545/-4545/-4545
f -4540/-4540/-4540 -4539/-4539/-4539 -4545/-4545/-4545
f -4539/-4539/-4539 -4538/-4538/-4538 -4545/-4545/-4545
f -4538/-4538/-4538 -4539/-4539/-4539 -4537/-4537/-4537
f -4537/-4537/-4537 -4539/-4539/-4539 -4536/-4536/-4536
f -4539/-4539/-4539 -4535/-4535/-4535 -4536/-4536/-4536
f -4535/-4535/-4535 -4539/-4539/-4539 -4540/-4540/-4540
f -4534/-4534/-4534 -4538/-4538/-4538 -4537/-4537/-4537
f -4538/-4538/-4538 -4534/-4534/-4534 -4545/-4545/-4545
f -4534/-4534/-4534 -4537/-4537/-4537 -4533/-4533/-4533
f -4537/-4537/-4537 -4536/-4536/-4536 -4533/-4533/-4533
f -4545/-4545/-4545 -4534/-4534/-4534 -4532/-4532/-4532
f -4545/-4545/-4545 -4532/-4532/-4532 -4546/-4546/-4546
f -4532/-4532/-4532 -4534/-4534/-4534 -4570/-4570/-4570
f -4546/-4546/-4546 -4532/-4532/-4532 -4570/-4570/-4570
f -4570/-4570/-4570 -4534/-4534/-4534 -4576/-4576/-4576
f -4542/-4542/-4542 -4531/-4531/-4531 -4541/-4541/-4541
f -4530/-4530/-4530 -4531/-4531/-4531 -4542/-4542/-4542
f -4530/-4530/-4530 -4529/-4529/-4529 -4531/-4531/-4531
f -4528/-4528/-4528 -4529/-4529/-4529 -4530/-4530/-4530
f -4527/-4527/-4527 -4528/-4528/-4528 -4530/-4530/-4530
f -4526/-4526/-4526 -4531/-4531/-4531 -4529/-4529/-4529
f -4535/-4535/-4535 -4526/-4526/-4526 -4525/-4525/-4525
f -4525/-4525/-4525 -4526/-4526/-4526 -4524/-4524/-4524
f -4526/-4526/-4526 -4529/-4529/-4529 -4524/-4524/-4524
f -4523/-4523/-4523 -4535/-4535/-4535 -4525/-4525/-4525
f -4522/-4522/-4522 -4531/-4531/-4531 -4526/-4526/-4526
f -4526/-4526/-4526 -4535/-4535/-4535 -4522/-4522/-4522
f -4527/-4527/-4527 -4530/-4530/-4530 -4542/-4542/-4542
f -4541/-4541/-4541 -4531/-4531/-4531 -4522/-4522/-4522
f -4541/-4541/-4541 -4522/-4522/-4522 -4550/-4550/-4550
f -4550/-4550/-4550 -4522/-4522/-4522 -4540/-4540/-4540
f -4522/-4522/-4522 -4535/-4535/-4535 -4540/-4540/-4540
f -4527/-4527/-4527 -4542/-4542/-4542 -4521/-4521/-4521
f -4527/-4527/-4527 -4521/-4521/-4521 -4520/-4520/-4520
f -4520/-4520/-4520 -4521/-4521/-4521 -4519/-4519/-4519
f -4520/-4520/-4520 -4518/-4518/-4518 -4527/-4527/-4527
f -4521/-4521/-4521 -4542/-4542/-4542 -4543/-4543/-4543
f -4521/-4521/-4521 -4543/-4543/-4543 -4517/-4517/-4517
f -4521/-4521/-4521 -4517/-4517/-4517 -4516/-4516/-4516
f -4515/-4515/-4515 -4521/-4521/-4521 -4516/-4516/-4516
f -4517/-4517/-4517 -4543/-4543/-4543 -4514/-4514/-4514
f -4517/-4517/-4517 -4513/-4513/-4513 -4516/-4516/-4516
f -4514/-4514/-4514 -4513/-4513/-4513 -4517/-4517/-4517
f -4514/-4514/-4514 -4512/-4512/-4512 -4513/-4513/-4513
f -4511/-4511/-4511 -4512/-4512/-4512 -4514/-4514/-4514
f -4512/-4512/-4512 -4510/-4510/-4510 -4513/-4513/-4513
f -4516/-4516/-4516 -4513/-4513/-4513 -4509/-4509/-4509
f -4508/-4508/-4508 -4509/-4509/-4509 -4513/-4513/-4513
f -4516/-4516/-4516 -4509/-4509/-4509 -4507/-4507/-4507
f -4507/-4507/-4507 -4509/-4509/-4509 -4506/-4506/-4506
f -4509/-4509/-4509 -4508/-4508/-4508 -4505/-4505/-4505
f -4505/-4505/-4505 -4508/-4508/-4508 -4504/-4504/-4504
f -4504/-4504/-4504 -4508/-4508/-4508 -4513/-4513/-4513
f -4503/-4503/-4503 -4509/-4509/-4509 -4505/-4505/-4505
f -4506/-4506/-4506 -4509/-4509/-4509 -4503/-4503/-4503
f -4503/-4503/-4503 -4502/-4502/-4502 -4506/-4506/-4506
f -4501/-4501/-4501 -4502/-4502/-4502 -4503/-4503/-4503
f -4500/-4500/-4500 -4501/-4501/-4501 -4503/-4503/-4503
f -4499/-4499/-4499 -4503/-4503/-4503 -4505/-4505/-4505
f -4500/-4500/-4500 -4503/-4503/-4503 -4499/-4499/-4499
f -4498/-4498/-4498 -4499/-4499/-4499 -4505/-4505/-4505
f -4497/-4497/-4497 -4498/-4498/-4498 -4505/-4505/-4505
f -4504/-4504/-4504 -4497/-4497/-4497 -4505/-4505/-4505
f -4513/-4513/-4513 -4497/-4497/-4497 -4504/-4504/-4504
f -4513/-4513/-4513 -4510/-4510/-4510 -4497/-4497/-4497
f -4501/-4501/-4501 -4500/-4500/-4500 -4496/-4496/-4496
f -4495/-4495/-4495 -4501/-4501/-4501 -4496/-4496/-4496
f -4502/-4502/-4502 -4501/-4501/-4501 -4495/-4495/-4495
f -4494/-4494/-4494 -4502/-4502/-4502 -4495/-4495/-4495
f -4495/-4495/-4495 -4493/-4493/-4493 -4494/-4494/-4494
f -4493/-4493/-4493 -4495/-4495/-4495 -4496/-4496/-4496
f -4492/-4492/-4492 -4502/-4502/-4502 -4494/-4494/-4494
f -4492/-4492/-4492 -4506/-4506/-4506 -4502/-4502/-4502
f -4491/-4491/-4491 -4493/-4493/-4493 -4496/-4496/-4496
f -4500/-4500/-4500 -4491/-4491/-4491 -4496/-4496/-4496
f -4490/-4490/-4490 -4493/-4493/-4493 -4491/-4491/-4491
f -4491/-4491/-4491 -4500/-4500/-4500 -4489/-4489/-4489
f -4500/-4500/-4500 -4499/-4499/-4499 -4489/-4489/-4489
f -4488/-4488/-4488 -4492/-4492/-4492 -4494/-4494/-4494
f -4492/-4492/-4492 -4488/-4488/-4488 -4487/-4487/-4487
f -4486/-4486/-4486 -4493/-4493/-4493 -4490/-4490/-4490
f -4490/-4490/-4490 -4485/-4485/-4485 -4486/-4486/-4486
f -4490/-4490/-4490 -4484/-4484/-4484 -4485/-4485/-4485
f -4483/-4483/-4483 -4484/-4484/-4484 -4490/-4490/-4490
f -4491/-4491/-4491 -4483/-4483/-4483 -4490/-4490/-4490
f -4482/-4482/-4482 -4493/-4493/-4493 -4486/-4486/-4486
f -4482/-4482/-4482 -4481/-4481/-4481 -4493/-4493/-4493
f -4493/-4493/-4493 -4481/-4481/-4481 -4480/-4480/-4480
f -4493/-4493/-4493 -4480/-4480/-4480 -4494/-4494/-4494
f -4481/-4481/-4481 -4479/-4479/-4479 -4480/-4480/-4480
f -4479/-4479/-4479 -4481/-4481/-4481 -4478/-4478/-4478
f -4478/-4478/-4478 -4481/-4481/-4481 -4477/-4477/-4477
f -4477/-4477/-4477 -4481/-4481/-4481 -4476/-4476/-4476
f -4481/-4481/-4481 -4475/-4475/-4475 -4476/-4476/-4476
f -4475/-4475/-4475 -4481/-4481/-4481 -4482/-4482/-4482
f -4479/-4479/-4479 -4474/-4474/-4474 -4480/-4480/-4480
f -4479/-4479/-4479 -4478/-4478/-4478 -4474/-4474/-4474
f -4488/-4488/-4488 -4474/-4474/-4474 -4473/-4473/-4473
f -4472/-4472/-4472 -4488/-4488/-4488 -4473/-4473/-4473
f -4473/-4473/-4473 -4474/-4474/-4474 -4471/-4471/-4471
f -4474/-4474/-4474 -4478/-4478/-4478 -4471/-4471/-4471
f -4470/-4470/-4470 -4473/-4473/-4473 -4471/-4471/-4471
f -4480/-4480/-4480 -4474/-4474/-4474 -4469/-4469/-4469
f -4475/-4475/-4475 -4468/-4468/-4468 -4476/-4476/-4476
f -4471/-4471/-4471 -4467/-4467/-4467 -4470/-4470/-4470
f -4466/-4466/-4466 -4473/-4473/-4473 -4470/-4470/-4470
f -4515/-4515/-4515 -4473/-4473/-4473 -4466/-4466/-4466
f -4467/-4467/-4467 -4471/-4471/-4471 -4465/-4465/-4465
f -4465/-4465/-4465 -4471/-4471/-4471 -4536/-4536/-4536
f -4478/-4478/-4478 -4536/-4536/-4536 -4471/-4471/-4471
f -4477/-4477/-4477 -4536/-4536/-4536 -4478/-4478/-4478
f -4464/-4464/-4464 -4476/-4476/-4476 -4468/-4468/-4468
f -4464/-4464/-4464 -4468/-4468/-4468 -4463/-4463/-4463
f -4464/-4464/-4464 -4463/-4463/-4463 -4462/-4462/-4462
f -4463/-4463/-4463 -4468/-4468/-4468 -4461/-4461/-4461
f -4468/-4468/-4468 -4460/-4460/-4460 -4461/-4461/-4461
f -4472/-4472/-4472 -4473/-4473/-4473 -4459/-4459/-4459
f -4463/-4463/-4463 -4461/-4461/-4461 -4458/-4458/-4458
f -4457/-4457/-4457 -4463/-4463/-4463 -4458/-4458/-4458
f -4457/-4457/-4457 -4456/-4456/-4456 -4463/-4463/-4463
f -4463/-4463/-4463 -4456/-4456/-4456 -4462/-4462/-4462
f -4456/-4456/-4456 -4455/-4455/-4455 -4462/-4462/-4462
f -4456/-4456/-4456 -4457/-4457/-4457 -4455/-4455/-4455
f -4462/-4462/-4462 -4455/-4455/-4455 -4454/-4454/-4454
f -4455/-4455/-4455 -4453/-4453/-4453 -4454/-4454/-4454
f -4455/-4455/-4455 -4452/-4452/-4452 -4453/-4453/-4453
f -4455/-4455/-4455 -4457/-4457/-4457 -4452/-4452/-4452
f -4451/-4451/-4451 -4452/-4452/-4452 -4457/-4457/-4457
f -4450/-4450/-4450 -4452/-4452/-4452 -4451/-4451/-4451
f -4451/-4451/-4451 -4449/-4449/-4449 -4450/-4450/-4450
f -4450/-4450/-4450 -4449/-4449/-4449 -4448/-4448/-4448
f -4448/-4448/-4448 -4449/-4449/-4449 -4447/-4447/-4447
f -4447/-4447/-4447 -4446/-4446/-4446 -4448/-4448/-4448
f -4445/-4445/-4445 -4449/-4449/-4449 -4451/-4451/-4451
f -4444/-4444/-4444 -4450/-4450/-4450 -4448/-4448/-4448
f -4452/-4452/-4452 -4450/-4450/-4450 -4444/-4444/-4444
f -4453/-4453/-4453 -4452/-4452/-4452 -4444/-4444/-4444
f -4444/-4444/-4444 -4448/-4448/-4448 -4443/-4443/-4443
f -4443/-4443/-4443 -4448/-4448/-4448 -4442/-4442/-4442
f -4442/-4442/-4442 -4448/-4448/-4448 -4446/-4446/-4446
f -4441/-4441/-4441 -4444/-4444/-4444 -4443/-4443/-4443
f -4453/-4453/-4453 -4444/-4444/-4444 -4441/-4441/-4441
f -4441/-4441/-4441 -4443/-4443/-4443 -4440/-4440/-4440
f -4440/-4440/-4440 -4443/-4443/-4443 -4439/-4439/-4439
f -4442/-4442/-4442 -4439/-4439/-4439 -4443/-4443/-4443
f -4441/-4441/-4441 -4440/-4440/-4440 -4438/-4438/-4438
f -4438/-4438/-4438 -4440/-4440/-4440 -4437/-4437/-4437
f -4438/-4438/-4438 -4437/-4437/-4437 -4436/-4436/-4436
f -4436/-4436/-4436 -4437/-4437/-4437 -4435/-4435/-4435
f -4434/-4434/-4434 -4441/-4441/-4441 -4438/-4438/-4438
f -4436/-4436/-4436 -4434/-4434/-4434 -4438/-4438/-4438
f -4453/-4453/-4453 -4441/-4441/-4441 -4434/-4434/-4434
f -4433/-4433/-4433 -4434/-4434/-4434 -4436/-4436/-4436
f -4596/-4596/-4596 -4434/-4434/-4434 -4433/-4433/-4433
f -4454/-4454/-4454 -4434/-4434/-4434 -4596/-4596/-4596
f -4454/-4454/-4454 -4453/-4453/-4453 -4434/-4434/-4434
f -4596/-4596/-4596 -4433/-4433/-4433 -4594/-4594/-4594
f -4597/-4597/-4597 -4454/-4454/-4454 -4596/-4596/-4596
f -4462/-4462/-4462 -4454/-4454/-4454 -4597/-4597/-4597
f -4462/-4462/-4462 -4597/-4597/-4597 -4464/-4464/-4464
f -4597/-4597/-4597 -4432/-4432/-4432 -4464/-4464/-4464
f -4597/-4597/-4597 -4431/-4431/-4431 -4432/-4432/-4432
f -4476/-4476/-4476 -4432/-4432/-4432 -4431/-4431/-4431
f -4432/-4432/-4432 -4476/-4476/-4476 -4464/-4464/-4464
f -4431/-4431/-4431 -4533/-4533/-4533 -4476/-4476/-4476
f -4476/-4476/-4476 -4533/-4533/-4533 -4477/-4477/-4477
f -4477/-4477/-4477 -4533/-4533/-4533 -4536/-4536/-4536
f -4431/-4431/-4431 -4597/-4597/-4597 -4598/-4598/-4598
f -4533/-4533/-4533 -4431/-4431/-4431 -4598/-4598/-4598
f -4601/-4601/-4601 -4533/-4533/-4533 -4598/-4598/-4598
f -4533/-4533/-4533 -4601/-4601/-4601 -4599/-4599/-4599
f -4533/-4533/-4533 -4599/-4599/-4599 -4579/-4579/-4579
f -4599/-4599/-4599 -4590/-4590/-4590 -4579/-4579/-4579
f -4534/-4534/-4534 -4533/-4533/-4533 -4579/-4579/-4579
f -4580/-4580/-4580 -4534/-4534/-4534 -4579/-4579/-4579
f -4580/-4580/-4580 -4576/-4576/-4576 -4534/-4534/-4534
f -4428/-4428/-4428 -4430/-4430/-4430 -4429/-4429/-4429
f -4429/-4429/-4429 -4427/-4427/-4427 -4428/-4428/-4428
f -4430/-4430/-4430 -4426/-4426/-4426 -4429/-4429/-4429
f -4429/-4429/-4429 -4426/-4426/-4426 -4425/-4425/-4425
f -4426/-4426/-4426 -4424/-4424/-4424 -4425/-4425/-4425
f -4423/-4423/-4423 -4425/-4425/-4425 -4424/-4424/-4424
f -4425/-4425/-4425 -4423/-4423/-4423 -4422/-4422/-4422
f -4427/-4427/-4427 -4429/-4429/-4429 -4421/-4421/-4421
f -4425/-4425/-4425 -4421/-4421/-4421 -4429/-4429/-4429
f -4422/-4422/-4422 -4421/-4421/-4421 -4425/-4425/-4425
f -4418/-4418/-4418 -4420/-4420/-4420 -4419/-4419/-4419
f -4418/-4418/-4418 -5507/-5507/-5507 -4420/-4420/-4420
f -4417/-4417/-4417 -5507/-5507/-5507 -4418/-4418/-4418
f -4416/-4416/-4416 -4419/-4419/-4419 -4420/-4420/-4420
f -4415/-4415/-4415 -4417/-4417/-4417 -4418/-4418/-4418
f -4419/-4419/-4419 -4415/-4415/-4415 -4418/-4418/-4418
f -4414/-4414/-4414 -4417/-4417/-4417 -4415/-4415/-4415
f -4417/-4417/-4417 -4414/-4414/-4414 -5491/-5491/-5491
f -5491/-5491/-5491 -4414/-4414/-4414 -5490/-5490/-5490
f -4414/-4414/-4414 -5478/-5478/-5478 -5490/-5490/-5490
f -4413/-4413/-4413 -5478/-5478/-5478 -4414/-4414/-4414
f -4414/-4414/-4414 -4415/-4415/-4415 -4413/-4413/-4413
f -5506/-5506/-5506 -4417/-4417/-4417 -5491/-5491/-5491
f -5507/-5507/-5507 -4417/-4417/-4417 -5506/-5506/-5506
f -4412/-4412/-4412 -4415/-4415/-4415 -4419/-4419/-4419
f -5478/-5478/-5478 -4413/-4413/-4413 -5475/-5475/-5475
f -5475/-5475/-5475 -4413/-4413/-4413 -5472/-5472/-5472
f -4413/-4413/-4413 -4411/-4411/-4411 -5472/-5472/-5472
f -4413/-4413/-4413 -4415/-4415/-4415 -4411/-4411/-4411
f -4415/-4415/-4415 -4412/-4412/-4412 -4411/-4411/-4411
f -5472/-5472/-5472 -4411/-4411/-4411 -5470/-5470/-5470
f -5453/-5453/-5453 -5470/-5470/-5470 -4411/-4411/-4411
f -5454/-5454/-5454 -5470/-5470/-5470 -5453/-5453/-5453
f -5470/-5470/-5470 -5454/-5454/-5454 -5469/-5469/-5469
f -5453/-5453/-5453 -4411/-4411/-4411 -5451/-5451/-5451
f -5451/-5451/-5451 -4411/-4411/-4411 -4410/-4410/-4410
f -4411/-4411/-4411 -4412/-4412/-4412 -4410/-4410/-4410
f -5511/-5511/-5511 -4409/-4409/-4409 -4416/-4416/-4416
f -4409/-4409/-4409 -5511/-5511/-5511 -5510/-5510/-5510
f -5457/-5457/-5457 -4409/-4409/-4409 -5510/-5510/-5510
f -4408/-4408/-4408 -4409/-4409/-4409 -5457/-5457/-5457
f -4408/-4408/-4408 -5457/-5457/-5457 -5452/-5452/-5452
f -4420/-4420/-4420 -5511/-5511/-5511 -4416/-4416/-4416
f -5511/-5511/-5511 -4420/-4420/-4420 -5517/-5517/-5517
f -5507/-5507/-5507 -5517/-5517/-5517 -4420/-4420/-4420
f -5458/-5458/-5458 -5510/-5510/-5510 -5514/-5514/-5514
f -4407/-4407/-4407 -5228/-5228/-5228 -5224/-5224/-5224
f -5233/-5233/-5233 -5228/-5228/-5228 -4407/-4407/-4407
f -5208/-5208/-5208 -5233/-5233/-5233 -4407/-4407/-4407
f -4406/-4406/-4406 -5355/-5355/-5355 -5353/-5353/-5353
f -4405/-4405/-4405 -5355/-5355/-5355 -4406/-4406/-4406
f -5356/-5356/-5356 -5355/-5355/-5355 -4405/-4405/-4405
f -4404/-4404/-4404 -5356/-5356/-5356 -4405/-4405/-4405
f -4403/-4403/-4403 -5356/-5356/-5356 -4404/-4404/-4404
f -4404/-4404/-4404 -4402/-4402/-4402 -4403/-4403/-4403
f -4401/-4401/-4401 -4402/-4402/-4402 -4404/-4404/-4404
f -4400/-4400/-4400 -4402/-4402/-4402 -4401/-4401/-4401
f -4399/-4399/-4399 -4402/-4402/-4402 -4400/-4400/-4400
f -4398/-4398/-4398 -4402/-4402/-4402 -4399/-4399/-4399
f -4397/-4397/-4397 -4402/-4402/-4402 -4398/-4398/-4398
f -4397/-4397/-4397 -4403/-4403/-4403 -4402/-4402/-4402
f -4400/-4400/-4400 -4396/-4396/-4396 -4399/-4399/-4399
f -4399/-4399/-4399 -4396/-4396/-4396 -4395/-4395/-4395
f -5360/-5360/-5360 -4403/-4403/-4403 -4397/-4397/-4397
f -5360/-5360/-5360 -5356/-5356/-5356 -4403/-4403/-4403
f -5363/-5363/-5363 -5360/-5360/-5360 -4397/-4397/-4397
f -4396/-4396/-4396 -5480/-5480/-5480 -4395/-4395/-4395
f -4394/-4394/-4394 -5480/-5480/-5480 -4396/-4396/-4396
f -5480/-5480/-5480 -4394/-4394/-4394 -5483/-5483/-5483
f -5483/-5483/-5483 -4394/-4394/-4394 -5482/-5482/-5482
f -4393/-4393/-4393 -4399/-4399/-4399 -4395/-4395/-4395
f -4398/-4398/-4398 -4399/-4399/-4399 -4393/-4393/-4393
f -4392/-4392/-4392 -4395/-4395/-4395 -5480/-5480/-5480
f -4393/-4393/-4393 -4395/-4395/-4395 -4392/-4392/-4392
f -4393/-4393/-4393 -4391/-4391/-4391 -4398/-4398/-4398
f -4391/-4391/-4391 -4397/-4397/-4397 -4398/-4398/-4398
f -4390/-4390/-4390 -4391/-4391/-4391 -4393/-4393/-4393
f -4392/-4392/-4392 -4390/-4390/-4390 -4393/-4393/-4393
f -4389/-4389/-4389 -4391/-4391/-4391 -4390/-4390/-4390
f -5368/-5368/-5368 -4391/-4391/-4391 -4389/-4389/-4389
f -4388/-4388/-4388 -4389/-4389/-4389 -4390/-4390/-4390
f -4388/-4388/-4388 -4390/-4390/-4390 -4392/-4392/-4392
f -5409/-5409/-5409 -4388/-4388/-4388 -4392/-4392/-4392
f -5372/-5372/-5372 -4389/-4389/-4389 -4388/-4388/-4388
f -4388/-4388/-4388 -5409/-5409/-5409 -5372/-5372/-5372
f -5370/-5370/-5370 -5368/-5368/-5368 -4389/-4389/-4389
f -4389/-4389/-4389 -5372/-5372/-5372 -5370/-5370/-5370
f -5372/-5372/-5372 -5409/-5409/-5409 -5388/-5388/-5388
f -5409/-5409/-5409 -5410/-5410/-5410 -5388/-5388/-5388
f -4391/-4391/-4391 -5368/-5368/-5368 -5365/-5365/-5365
f -5481/-5481/-5481 -5409/-5409/-5409 -4392/-4392/-4392
f -5481/-5481/-5481 -4392/-4392/-4392 -5480/-5480/-5480
f -5365/-5365/-5365 -4397/-4397/-4397 -4391/-4391/-4391
f -5365/-5365/-5365 -5363/-5363/-5363 -4397/-4397/-4397
f -4385/-4385/-4385 -4387/-4387/-4387 -4386/-4386/-4386
f -4382/-4382/-4382 -4384/-4384/-4384 -4383/-4383/-4383
f -4381/-4381/-4381 -4384/-4384/-4384 -4382/-4382/-4382
f -4382/-4382/-4382 -4380/-4380/-4380 -4381/-4381/-4381
f -4383/-4383/-4383 -4379/-4379/-4379 -4382/-4382/-4382
f -4378/-4378/-4378 -4379/-4379/-4379 -4383/-4383/-4383
f -4377/-4377/-4377 -4378/-4378/-4378 -4383/-4383/-4383
f -4383/-4383/-4383 -4376/-4376/-4376 -4377/-4377/-4377
f -4376/-4376/-4376 -4383/-4383/-4383 -4384/-4384/-4384
f -4380/-4380/-4380 -4382/-4382/-4382 -4375/-4375/-4375
f -4379/-4379/-4379 -4375/-4375/-4375 -4382/-4382/-4382
f -4372/-4372/-4372 -4374/-4374/-4374 -4373/-4373/-4373
f -4371/-4371/-4371 -4374/-4374/-4374 -4372/-4372/-4372
f -4373/-4373/-4373 -4374/-4374/-4374 -4370/-4370/-4370
f -5182/-5182/-5182 -4374/-4374/-4374 -4369/-4369/-4369
f -4369/-4369/-4369 -5159/-5159/-5159 -4370/-4370/-4370
f -4368/-4368/-4368 -5159/-5159/-5159 -4369/-4369/-4369
f -4367/-4367/-4367 -5159/-5159/-5159 -4368/-4368/-4368
f -4366/-4366/-4366 -5159/-5159/-5159 -4367/-4367/-4367
f -4367/-4367/-4367 -5060/-5060/-5060 -4366/-4366/-4366
f -4364/-4364/-4364 -5011/-5011/-5011 -4365/-4365/-4365
f -4362/-4362/-4362 -5011/-5011/-5011 -4363/-4363/-4363
f -4360/-4360/-4360 -5008/-5008/-5008 -4361/-4361/-4361
f -4358/-4358/-4358 -4359/-4359/-4359 -4794/-4794/-4794
f -4359/-4359/-4359 -4358/-4358/-4358 -4357/-4357/-4357
f -4357/-4357/-4357 -4358/-4358/-4358 -4762/-4762/-4762
f -5338/-5338/-5338 -4356/-4356/-4356 -4355/-4355/-4355
f -5335/-5335/-5335 -4356/-4356/-4356 -5338/-5338/-5338
f -5338/-5338/-5338 -4355/-4355/-4355 -5339/-5339/-5339
f -5339/-5339/-5339 -4355/-4355/-4355 -4354/-4354/-4354
f -4356/-4356/-4356 -4353/-4353/-4353 -4355/-4355/-4355
f -4355/-4355/-4355 -4353/-4353/-4353 -4354/-4354/-4354
f -4354/-4354/-4354 -4352/-4352/-4352 -5339/-5339/-5339
f -5339/-5339/-5339 -4352/-4352/-4352 -4351/-4351/-4351
f -5341/-5341/-5341 -5339/-5339/-5339 -4351/-4351/-4351
f -4354/-4354/-4354 -4353/-4353/-4353 -4350/-4350/-4350
f -4350/-4350/-4350 -4352/-4352/-4352 -4354/-4354/-4354
f -4352/-4352/-4352 -4350/-4350/-4350 -4349/-4349/-4349
f -4351/-4351/-4351 -4348/-4348/-4348 -5341/-5341/-5341
f -5341/-5341/-5341 -4348/-4348/-4348 -5347/-5347/-5347
f -4351/-4351/-4351 -4347/-4347/-4347 -4348/-4348/-4348
f -4352/-4352/-4352 -4347/-4347/-4347 -4351/-4351/-4351
f -5347/-5347/-5347 -4348/-4348/-4348 -5349/-5349/-5349
f -5349/-5349/-5349 -4348/-4348/-4348 -4346/-4346/-4346
f -4348/-4348/-4348 -4347/-4347/-4347 -4346/-4346/-4346
f -4350/-4350/-4350 -4345/-4345/-4345 -4349/-4349/-4349
f -4353/-4353/-4353 -4345/-4345/-4345 -4350/-4350/-4350
f -4352/-4352/-4352 -4344/-4344/-4344 -4347/-4347/-4347
f -4344/-4344/-4344 -4352/-4352/-4352 -4349/-4349/-4349
f -4349/-4349/-4349 -4343/-4343/-4343 -4344/-4344/-4344
f -4345/-4345/-4345 -4342/-4342/-4342 -4349/-4349/-4349
f -4349/-4349/-4349 -4342/-4342/-4342 -4341/-4341/-4341
f -4343/-4343/-4343 -4349/-4349/-4349 -4341/-4341/-4341
f -4343/-4343/-4343 -4340/-4340/-4340 -4344/-4344/-4344
f -4344/-4344/-4344 -4340/-4340/-4340 -4339/-4339/-4339
f -4344/-4344/-4344 -4339/-4339/-4339 -4347/-4347/-4347
f -4347/-4347/-4347 -4339/-4339/-4339 -4338/-4338/-4338
f -4337/-4337/-4337 -4347/-4347/-4347 -4338/-4338/-4338
f -4336/-4336/-4336 -4337/-4337/-4337 -4338/-4338/-4338
f -4335/-4335/-4335 -4337/-4337/-4337 -4336/-4336/-4336
f -4335/-4335/-4335 -5349/-5349/-5349 -4334/-4334/-4334
f -5350/-5350/-5350 -5349/-5349/-5349 -4335/-4335/-4335
f -4333/-4333/-4333 -4338/-4338/-4338 -4339/-4339/-4339
f -4336/-4336/-4336 -4338/-4338/-4338 -4333/-4333/-4333
f -4342/-4342/-4342 -4332/-4332/-4332 -4341/-4341/-4341
f -4341/-4341/-4341 -4332/-4332/-4332 -4331/-4331/-4331
f -4343/-4343/-4343 -4331/-4331/-4331 -4340/-4340/-4340
f -4341/-4341/-4341 -4331/-4331/-4331 -4343/-4343/-4343
f -4330/-4330/-4330 -4331/-4331/-4331 -4332/-4332/-4332
f -4329/-4329/-4329 -4331/-4331/-4331 -4330/-4330/-4330
f -4329/-4329/-4329 -4340/-4340/-4340 -4331/-4331/-4331
f -4328/-4328/-4328 -4339/-4339/-4339 -4340/-4340/-4340
f -4333/-4333/-4333 -4339/-4339/-4339 -4328/-4328/-4328
f -4328/-4328/-4328 -4340/-4340/-4340 -4329/-4329/-4329
f -5168/-5168/-5168 -5158/-5158/-5158 -5170/-5170/-5170
f -4325/-4325/-4325 -4327/-4327/-4327 -4326/-4326/-4326
f -4324/-4324/-4324 -4327/-4327/-4327 -4325/-4325/-4325
f -4326/-4326/-4326 -4323/-4323/-4323 -4325/-4325/-4325
f -4323/-4323/-4323 -4326/-4326/-4326 -4322/-4322/-4322
f -4323/-4323/-4323 -4322/-4322/-4322 -4321/-4321/-4321
f -4321/-4321/-4321 -4322/-4322/-4322 -4320/-4320/-4320
f -4320/-4320/-4320 -4322/-4322/-4322 -4319/-4319/-4319
f -4319/-4319/-4319 -4322/-4322/-4322 -4318/-4318/-4318
f -4322/-4322/-4322 -4326/-4326/-4326 -4318/-4318/-4318
f -4317/-4317/-4317 -4320/-4320/-4320 -4319/-4319/-4319
f -4316/-4316/-4316 -4320/-4320/-4320 -4317/-4317/-4317
f -4316/-4316/-4316 -4317/-4317/-4317 -4315/-4315/-4315
f -4315/-4315/-4315 -4317/-4317/-4317 -4314/-4314/-4314
f -4315/-4315/-4315 -4314/-4314/-4314 -4313/-4313/-4313
f -4313/-4313/-4313 -4314/-4314/-4314 -4312/-4312/-4312
f -4311/-4311/-4311 -4313/-4313/-4313 -4312/-4312/-4312
f -4310/-4310/-4310 -4313/-4313/-4313 -4311/-4311/-4311
f -4309/-4309/-4309 -4310/-4310/-4310 -4311/-4311/-4311
f -4308/-4308/-4308 -4310/-4310/-4310 -4309/-4309/-4309
f -4307/-4307/-4307 -4320/-4320/-4320 -4316/-4316/-4316
f -4321/-4321/-4321 -4320/-4320/-4320 -4307/-4307/-4307
f -4306/-4306/-4306 -4316/-4316/-4316 -4315/-4315/-4315
f -4307/-4307/-4307 -4316/-4316/-4316 -4306/-4306/-4306
f -4305/-4305/-4305 -4315/-4315/-4315 -4313/-4313/-4313
f -4306/-4306/-4306 -4315/-4315/-4315 -4305/-4305/-4305
f -4307/-4307/-4307 -4306/-4306/-4306 -4304/-4304/-4304
f -4304/-4304/-4304 -4306/-4306/-4306 -4303/-4303/-4303
f -4304/-4304/-4304 -4302/-4302/-4302 -4307/-4307/-4307
f -4307/-4307/-4307 -4302/-4302/-4302 -4321/-4321/-4321
f -4302/-4302/-4302 -4301/-4301/-4301 -4321/-4321/-4321
f -4321/-4321/-4321 -4301/-4301/-4301 -4323/-4323/-4323
f -4302/-4302/-4302 -4300/-4300/-4300 -4301/-4301/-4301
f -4299/-4299/-4299 -4300/-4300/-4300 -4302/-4302/-4302
f -4304/-4304/-4304 -4299/-4299/-4299 -4302/-4302/-4302
f -4298/-4298/-4298 -4299/-4299/-4299 -4304/-4304/-4304
f -4297/-4297/-4297 -4304/-4304/-4304 -4303/-4303/-4303
f -4298/-4298/-4298 -4304/-4304/-4304 -4297/-4297/-4297
f -4296/-4296/-4296 -4306/-4306/-4306 -4305/-4305/-4305
f -4303/-4303/-4303 -4306/-4306/-4306 -4296/-4296/-4296
f -4303/-4303/-4303 -4295/-4295/-4295 -4297/-4297/-4297
f -4296/-4296/-4296 -4295/-4295/-4295 -4303/-4303/-4303
f -4294/-4294/-4294 -4300/-4300/-4300 -4299/-4299/-4299
f -4299/-4299/-4299 -4298/-4298/-4298 -4294/-4294/-4294
f -4293/-4293/-4293 -4300/-4300/-4300 -4294/-4294/-4294
f -4293/-4293/-4293 -4292/-4292/-4292 -4300/-4300/-4300
f -4325/-4325/-4325 -4300/-4300/-4300 -4292/-4292/-4292
f -4300/-4300/-4300 -4325/-4325/-4325 -4301/-4301/-4301
f -4325/-4325/-4325 -4323/-4323/-4323 -4301/-4301/-4301
f -4294/-4294/-4294 -4291/-4291/-4291 -4293/-4293/-4293
f -4291/-4291/-4291 -4292/-4292/-4292 -4293/-4293/-4293
f -4290/-4290/-4290 -4291/-4291/-4291 -4294/-4294/-4294
f -4294/-4294/-4294 -4298/-4298/-4298 -4289/-4289/-4289
f -4294/-4294/-4294 -4288/-4288/-4288 -4290/-4290/-4290
f -4289/-4289/-4289 -4288/-4288/-4288 -4294/-4294/-4294
f -4287/-4287/-4287 -4297/-4297/-4297 -4295/-4295/-4295
f -4286/-4286/-4286 -4297/-4297/-4297 -4287/-4287/-4287
f -4298/-4298/-4298 -4285/-4285/-4285 -4289/-4289/-4289
f -4289/-4289/-4289 -4285/-4285/-4285 -4288/-4288/-4288
f -4284/-4284/-4284 -4285/-4285/-4285 -4298/-4298/-4298
f -4297/-4297/-4297 -4284/-4284/-4284 -4298/-4298/-4298
f -4284/-4284/-4284 -4297/-4297/-4297 -4286/-4286/-4286
f -4284/-4284/-4284 -4283/-4283/-4283 -4285/-4285/-4285
f -4286/-4286/-4286 -4283/-4283/-4283 -4284/-4284/-4284
f -4283/-4283/-4283 -4282/-4282/-4282 -4285/-4285/-4285
f -4288/-4288/-4288 -4285/-4285/-4285 -4282/-4282/-4282
f -4281/-4281/-4281 -4282/-4282/-4282 -4283/-4283/-4283
f -4280/-4280/-4280 -4281/-4281/-4281 -4283/-4283/-4283
f -4286/-4286/-4286 -4280/-4280/-4280 -4283/-4283/-4283
f -4279/-4279/-4279 -4281/-4281/-4281 -4280/-4280/-4280
f -4278/-4278/-4278 -4280/-4280/-4280 -4286/-4286/-4286
f -4286/-4286/-4286 -4287/-4287/-4287 -4278/-4278/-4278
f -4277/-4277/-4277 -4278/-4278/-4278 -4287/-4287/-4287
f -4276/-4276/-4276 -4278/-4278/-4278 -4277/-4277/-4277
f -4276/-4276/-4276 -4279/-4279/-4279 -4280/-4280/-4280
f -4278/-4278/-4278 -4276/-4276/-4276 -4280/-4280/-4280
f -4275/-4275/-4275 -4279/-4279/-4279 -4276/-4276/-4276
f -4277/-4277/-4277 -4274/-4274/-4274 -4276/-4276/-4276
f -4273/-4273/-4273 -4276/-4276/-4276 -4274/-4274/-4274
f -4274/-4274/-4274 -4277/-4277/-4277 -4272/-4272/-4272
f -4274/-4274/-4274 -4272/-4272/-4272 -4273/-4273/-4273
f -4273/-4273/-4273 -4272/-4272/-4272 -4271/-4271/-4271
f -4271/-4271/-4271 -4270/-4270/-4270 -4273/-4273/-4273
f -4273/-4273/-4273 -4270/-4270/-4270 -4269/-4269/-4269
f -4269/-4269/-4269 -4276/-4276/-4276 -4273/-4273/-4273
f -4276/-4276/-4276 -4269/-4269/-4269 -4275/-4275/-4275
f -4268/-4268/-4268 -4270/-4270/-4270 -4271/-4271/-4271
f -4272/-4272/-4272 -4267/-4267/-4267 -4271/-4271/-4271
f -4271/-4271/-4271 -4266/-4266/-4266 -4268/-4268/-4268
f -4267/-4267/-4267 -4266/-4266/-4266 -4271/-4271/-4271
f -4272/-4272/-4272 -4277/-4277/-4277 -4265/-4265/-4265
f -4262/-4262/-4262 -4264/-4264/-4264 -4263/-4263/-4263
f -4324/-4324/-4324 -4264/-4264/-4264 -4262/-4262/-4262
f -4264/-4264/-4264 -4261/-4261/-4261 -4263/-4263/-4263
f -4263/-4263/-4263 -4261/-4261/-4261 -4260/-4260/-4260
f -4260/-4260/-4260 -4259/-4259/-4259 -4263/-4263/-4263
f -4258/-4258/-4258 -4259/-4259/-4259 -4260/-4260/-4260
f -4257/-4257/-4257 -4324/-4324/-4324 -4262/-4262/-4262
f -4327/-4327/-4327 -4324/-4324/-4324 -4257/-4257/-4257
f -4256/-4256/-4256 -4327/-4327/-4327 -4257/-4257/-4257
f -4256/-4256/-4256 -4257/-4257/-4257 -4255/-4255/-4255
f -4255/-4255/-4255 -4257/-4257/-4257 -4254/-4254/-4254
f -4257/-4257/-4257 -4262/-4262/-4262 -4254/-4254/-4254
f -4253/-4253/-4253 -4327/-4327/-4327 -4256/-4256/-4256
f -4327/-4327/-4327 -4253/-4253/-4253 -4326/-4326/-4326
f -4326/-4326/-4326 -4253/-4253/-4253 -4252/-4252/-4252
f -4318/-4318/-4318 -4326/-4326/-4326 -4252/-4252/-4252
f -4254/-4254/-4254 -4251/-4251/-4251 -4255/-4255/-4255
f -4250/-4250/-4250 -4251/-4251/-4251 -4254/-4254/-4254
f -4262/-4262/-4262 -4250/-4250/-4250 -4254/-4254/-4254
f -4261/-4261/-4261 -4264/-4264/-4264 -4249/-4249/-4249
f -4249/-4249/-4249 -4264/-4264/-4264 -4292/-4292/-4292
f -4264/-4264/-4264 -4324/-4324/-4324 -4292/-4292/-4292
f -4292/-4292/-4292 -4324/-4324/-4324 -4325/-4325/-4325
f -4249/-4249/-4249 -4292/-4292/-4292 -4291/-4291/-4291
f -4263/-4263/-4263 -4248/-4248/-4248 -4262/-4262/-4262
f -5286/-5286/-5286 -4247/-4247/-4247 -5301/-5301/-5301
f -5282/-5282/-5282 -4247/-4247/-4247 -5286/-5286/-5286
f -5301/-5301/-5301 -4247/-4247/-4247 -4246/-4246/-4246
f -5301/-5301/-5301 -4246/-4246/-4246 -5300/-5300/-5300
f -5300/-5300/-5300 -4246/-4246/-4246 -4245/-4245/-4245
f -5290/-5290/-5290 -5300/-5300/-5300 -4245/-4245/-4245
f -4242/-4242/-4242 -4244/-4244/-4244 -4243/-4243/-4243
f -4241/-4241/-4241 -4244/-4244/-4244 -4242/-4242/-4242
f -4242/-4242/-4242 -4243/-4243/-4243 -4240/-4240/-4240
f -4240/-4240/-4240 -4243/-4243/-4243 -4239/-4239/-4239
f -4238/-4238/-4238 -4244/-4244/-4244 -4241/-4241/-4241
f -4237/-4237/-4237 -4244/-4244/-4244 -4238/-4238/-4238
f -4238/-4238/-4238 -4236/-4236/-4236 -4237/-4237/-4237
f -4237/-4237/-4237 -4236/-4236/-4236 -4235/-4235/-4235
f -4234/-4234/-4234 -4238/-4238/-4238 -4241/-4241/-4241
f -4233/-4233/-4233 -4238/-4238/-4238 -4234/-4234/-4234
f -4233/-4233/-4233 -4236/-4236/-4236 -4238/-4238/-4238
f -4232/-4232/-4232 -4236/-4236/-4236 -4233/-4233/-4233
f -4236/-4236/-4236 -4232/-4232/-4232 -4231/-4231/-4231
f -4231/-4231/-4231 -4232/-4232/-4232 -4230/-4230/-4230
f -4236/-4236/-4236 -4229/-4229/-4229 -4235/-4235/-4235
f -4231/-4231/-4231 -4229/-4229/-4229 -4236/-4236/-4236
f -4231/-4231/-4231 -4228/-4228/-4228 -4229/-4229/-4229
f -4227/-4227/-4227 -4228/-4228/-4228 -4231/-4231/-4231
f -4230/-4230/-4230 -4227/-4227/-4227 -4231/-4231/-4231
f -4226/-4226/-4226 -4228/-4228/-4228 -4227/-4227/-4227
f -4225/-4225/-4225 -4228/-4228/-4228 -4226/-4226/-4226
f -4224/-4224/-4224 -4240/-4240/-4240 -4239/-4239/-4239
f -4223/-4223/-4223 -4227/-4227/-4227 -4230/-4230/-4230
f -4223/-4223/-4223 -4226/-4226/-4226 -4227/-4227/-4227
f -4222/-4222/-4222 -4232/-4232/-4232 -4233/-4233/-4233
f -4230/-4230/-4230 -4232/-4232/-4232 -4222/-4222/-4222
f -4230/-4230/-4230 -4221/-4221/-4221 -4223/-4223/-4223
f -4222/-4222/-4222 -4221/-4221/-4221 -4230/-4230/-4230
f -4222/-4222/-4222 -4220/-4220/-4220 -4221/-4221/-4221
f -4219/-4219/-4219 -4220/-4220/-4220 -4222/-4222/-4222
f -4222/-4222/-4222 -4218/-4218/-4218 -4219/-4219/-4219
f -4217/-4217/-4217 -4218/-4218/-4218 -4222/-4222/-4222
f -4217/-4217/-4217 -4216/-4216/-4216 -4218/-4218/-4218
f -4216/-4216/-4216 -4215/-4215/-4215 -4218/-4218/-4218
f -4215/-4215/-4215 -4219/-4219/-4219 -4218/-4218/-4218
f -4215/-4215/-4215 -4216/-4216/-4216 -4214/-4214/-4214
f -4214/-4214/-4214 -4216/-4216/-4216 -4213/-4213/-4213
f -4216/-4216/-4216 -4240/-4240/-4240 -4213/-4213/-4213
f -4212/-4212/-4212 -4213/-4213/-4213 -4240/-4240/-4240
f -4212/-4212/-4212 -4240/-4240/-4240 -4224/-4224/-4224
f -4211/-4211/-4211 -4213/-4213/-4213 -4212/-4212/-4212
f -4211/-4211/-4211 -4212/-4212/-4212 -4210/-4210/-4210
f -4209/-4209/-4209 -4212/-4212/-4212 -4224/-4224/-4224
f -4210/-4210/-4210 -4212/-4212/-4212 -4209/-4209/-4209
f -4242/-4242/-4242 -4240/-4240/-4240 -4216/-4216/-4216
f -4242/-4242/-4242 -4216/-4216/-4216 -4217/-4217/-4217
f -4217/-4217/-4217 -4241/-4241/-4241 -4242/-4242/-4242
f -4234/-4234/-4234 -4241/-4241/-4241 -4217/-4217/-4217
f -4217/-4217/-4217 -4233/-4233/-4233 -4234/-4234/-4234
f -4222/-4222/-4222 -4233/-4233/-4233 -4217/-4217/-4217
f -4215/-4215/-4215 -4214/-4214/-4214 -4208/-4208/-4208
f -4208/-4208/-4208 -4214/-4214/-4214 -4207/-4207/-4207
f -4213/-4213/-4213 -4207/-4207/-4207 -4214/-4214/-4214
f -4211/-4211/-4211 -4207/-4207/-4207 -4213/-4213/-4213
f -4206/-4206/-4206 -4208/-4208/-4208 -4207/-4207/-4207
f -4205/-4205/-4205 -4208/-4208/-4208 -4206/-4206/-4206
f -4204/-4204/-4204 -4211/-4211/-4211 -4210/-4210/-4210
f -4207/-4207/-4207 -4204/-4204/-4204 -4206/-4206/-4206
f -4211/-4211/-4211 -4204/-4204/-4204 -4207/-4207/-4207
f -4210/-4210/-4210 -4203/-4203/-4203 -4204/-4204/-4204
f -4202/-4202/-4202 -4203/-4203/-4203 -4210/-4210/-4210
f -4209/-4209/-4209 -4202/-4202/-4202 -4210/-4210/-4210
f -4203/-4203/-4203 -4202/-4202/-4202 -4201/-4201/-4201
f -4200/-4200/-4200 -4203/-4203/-4203 -4201/-4201/-4201
f -4199/-4199/-4199 -4203/-4203/-4203 -4200/-4200/-4200
f -4203/-4203/-4203 -4199/-4199/-4199 -4204/-4204/-4204
f -4201/-4201/-4201 -4198/-4198/-4198 -4200/-4200/-4200
f -4201/-4201/-4201 -4197/-4197/-4197 -4198/-4198/-4198
f -4196/-4196/-4196 -4197/-4197/-4197 -4201/-4201/-4201
f -4201/-4201/-4201 -4202/-4202/-4202 -4196/-4196/-4196
f -4195/-4195/-4195 -4197/-4197/-4197 -4196/-4196/-4196
f -4196/-4196/-4196 -4194/-4194/-4194 -4195/-4195/-4195
f -4202/-4202/-4202 -4194/-4194/-4194 -4196/-4196/-4196
f -4194/-4194/-4194 -4202/-4202/-4202 -4209/-4209/-4209
f -4204/-4204/-4204 -4199/-4199/-4199 -4193/-4193/-4193
f -4206/-4206/-4206 -4204/-4204/-4204 -4193/-4193/-4193
f -4191/-4191/-4191 -4205/-4205/-4205 -4192/-4192/-4192
f -4190/-4190/-4190 -4191/-4191/-4191 -4192/-4192/-4192
f -4189/-4189/-4189 -4191/-4191/-4191 -4190/-4190/-4190
f -4189/-4189/-4189 -4188/-4188/-4188 -4191/-4191/-4191
f -4188/-4188/-4188 -4215/-4215/-4215 -4191/-4191/-4191
f -4188/-4188/-4188 -4219/-4219/-4219 -4215/-4215/-4215
f -4188/-4188/-4188 -4220/-4220/-4220 -4219/-4219/-4219
f -4187/-4187/-4187 -4220/-4220/-4220 -4188/-4188/-4188
f -4187/-4187/-4187 -4188/-4188/-4188 -4189/-4189/-4189
f -4191/-4191/-4191 -4215/-4215/-4215 -4208/-4208/-4208
f -4190/-4190/-4190 -4186/-4186/-4186 -4189/-4189/-4189
f -4185/-4185/-4185 -4186/-4186/-4186 -4190/-4190/-4190
f -4185/-4185/-4185 -4184/-4184/-4184 -4186/-4186/-4186
f -4183/-4183/-4183 -4184/-4184/-4184 -4185/-4185/-4185
f -4182/-4182/-4182 -4189/-4189/-4189 -4186/-4186/-4186
f -4187/-4187/-4187 -4189/-4189/-4189 -4182/-4182/-4182
f -4187/-4187/-4187 -4221/-4221/-4221 -4220/-4220/-4220
f -4182/-4182/-4182 -4221/-4221/-4221 -4187/-4187/-4187
f -4181/-4181/-4181 -4186/-4186/-4186 -4184/-4184/-4184
f -4182/-4182/-4182 -4186/-4186/-4186 -4181/-4181/-4181
f -4182/-4182/-4182 -4180/-4180/-4180 -4221/-4221/-4221
f -4181/-4181/-4181 -4180/-4180/-4180 -4182/-4182/-4182
f -4180/-4180/-4180 -4179/-4179/-4179 -4221/-4221/-4221
f -4221/-4221/-4221 -4179/-4179/-4179 -4223/-4223/-4223
f -4179/-4179/-4179 -4226/-4226/-4226 -4223/-4223/-4223
f -4178/-4178/-4178 -4226/-4226/-4226 -4179/-4179/-4179
f -4177/-4177/-4177 -4226/-4226/-4226 -4178/-4178/-4178
f -4176/-4176/-4176 -4179/-4179/-4179 -4180/-4180/-4180
f -4178/-4178/-4178 -4179/-4179/-4179 -4176/-4176/-4176
f -4181/-4181/-4181 -4176/-4176/-4176 -4180/-4180/-4180
f -4175/-4175/-4175 -4226/-4226/-4226 -4177/-4177/-4177
f -4225/-4225/-4225 -4226/-4226/-4226 -4175/-4175/-4175
f -4175/-4175/-4175 -4174/-4174/-4174 -4225/-4225/-4225
f -4225/-4225/-4225 -4174/-4174/-4174 -4173/-4173/-4173
f -4225/-4225/-4225 -4173/-4173/-4173 -4172/-4172/-4172
f -4172/-4172/-4172 -4173/-4173/-4173 -4171/-4171/-4171
f -4170/-4170/-4170 -4173/-4173/-4173 -4174/-4174/-4174
f -4174/-4174/-4174 -4169/-4169/-4169 -4170/-4170/-4170
f -4175/-4175/-4175 -4169/-4169/-4169 -4174/-4174/-4174
f -4170/-4170/-4170 -4169/-4169/-4169 -4168/-4168/-4168
f -4167/-4167/-4167 -4177/-4177/-4177 -4178/-4178/-4178
f -4175/-4175/-4175 -4177/-4177/-4177 -4167/-4167/-4167
f -4167/-4167/-4167 -4169/-4169/-4169 -4175/-4175/-4175
f -4166/-4166/-4166 -4178/-4178/-4178 -4176/-4176/-4176
f -4167/-4167/-4167 -4178/-4178/-4178 -4166/-4166/-4166
f -4165/-4165/-4165 -4170/-4170/-4170 -4168/-4168/-4168
f -4164/-4164/-4164 -4170/-4170/-4170 -4165/-4165/-4165
f -4164/-4164/-4164 -4163/-4163/-4163 -4170/-4170/-4170
f -4163/-4163/-4163 -4171/-4171/-4171 -4173/-4173/-4173
f -4173/-4173/-4173 -4170/-4170/-4170 -4163/-4163/-4163
f -4162/-4162/-4162 -4164/-4164/-4164 -4165/-4165/-4165
f -4163/-4163/-4163 -4164/-4164/-4164 -4162/-4162/-4162
f -4162/-4162/-4162 -4165/-4165/-4165 -4161/-4161/-4161
f -4168/-4168/-4168 -4161/-4161/-4161 -4165/-4165/-4165
f -4160/-4160/-4160 -4167/-4167/-4167 -4166/-4166/-4166
f -4169/-4169/-4169 -4167/-4167/-4167 -4160/-4160/-4160
f -4160/-4160/-4160 -4166/-4166/-4166 -4159/-4159/-4159
f -4159/-4159/-4159 -4166/-4166/-4166 -4158/-4158/-4158
f -4158/-4158/-4158 -4157/-4157/-4157 -4159/-4159/-4159
f -4157/-4157/-4157 -4156/-4156/-4156 -4159/-4159/-4159
f -4156/-4156/-4156 -4160/-4160/-4160 -4159/-4159/-4159
f -4155/-4155/-4155 -4156/-4156/-4156 -4157/-4157/-4157
f -4157/-4157/-4157 -4184/-4184/-4184 -4155/-4155/-4155
f -4155/-4155/-4155 -4184/-4184/-4184 -4183/-4183/-4183
f -4154/-4154/-4154 -4184/-4184/-4184 -4157/-4157/-4157
f -4154/-4154/-4154 -4157/-4157/-4157 -4158/-4158/-4158
f -4158/-4158/-4158 -4166/-4166/-4166 -4154/-4154/-4154
f -4181/-4181/-4181 -4184/-4184/-4184 -4154/-4154/-4154
f -4154/-4154/-4154 -4176/-4176/-4176 -4181/-4181/-4181
f -4154/-4154/-4154 -4166/-4166/-4166 -4176/-4176/-4176
f -4153/-4153/-4153 -4160/-4160/-4160 -4156/-4156/-4156
f -4152/-4152/-4152 -4160/-4160/-4160 -4153/-4153/-4153
f -4151/-4151/-4151 -4160/-4160/-4160 -4152/-4152/-4152
f -4152/-4152/-4152 -4161/-4161/-4161 -4151/-4151/-4151
f -4151/-4151/-4151 -4161/-4161/-4161 -4168/-4168/-4168
f -4169/-4169/-4169 -4151/-4151/-4151 -4168/-4168/-4168
f -4160/-4160/-4160 -4151/-4151/-4151 -4169/-4169/-4169
f -4150/-4150/-4150 -4161/-4161/-4161 -4152/-4152/-4152
f -4150/-4150/-4150 -4162/-4162/-4162 -4161/-4161/-4161
f -5135/-5135/-5135 -5115/-5115/-5115 -5136/-5136/-5136
f -5503/-5503/-5503 -5522/-5522/-5522 -5509/-5509/-5509
f -5503/-5503/-5503 -4149/-4149/-4149 -5522/-5522/-5522
f -4148/-4148/-4148 -4149/-4149/-4149 -5503/-5503/-5503
f -4148/-4148/-4148 -5503/-5503/-5503 -4147/-4147/-4147
f -4147/-4147/-4147 -5503/-5503/-5503 -5502/-5502/-5502
f -4147/-4147/-4147 -5502/-5502/-5502 -4146/-4146/-4146
f -4146/-4146/-4146 -4145/-4145/-4145 -4147/-4147/-4147
f -4144/-4144/-4144 -4145/-4145/-4145 -4146/-4146/-4146
f -4146/-4146/-4146 -4143/-4143/-4143 -4144/-4144/-4144
f -4142/-4142/-4142 -4143/-4143/-4143 -4146/-4146/-4146
f -4142/-4142/-4142 -4141/-4141/-4141 -4143/-4143/-4143
f -4143/-4143/-4143 -4141/-4141/-4141 -4140/-4140/-4140
f -4146/-4146/-4146 -5502/-5502/-5502 -5500/-5500/-5500
f -4146/-4146/-4146 -5500/-5500/-5500 -4142/-4142/-4142
f -4149/-4149/-4149 -4139/-4139/-4139 -5522/-5522/-5522
f -5522/-5522/-5522 -4139/-4139/-4139 -5521/-5521/-5521
f -5521/-5521/-5521 -4139/-4139/-4139 -5512/-5512/-5512
f -5512/-5512/-5512 -4139/-4139/-4139 -4138/-4138/-4138
f -4142/-4142/-4142 -5500/-5500/-5500 -5498/-5498/-5498
f -4147/-4147/-4147 -4137/-4137/-4137 -4148/-4148/-4148
f -4145/-4145/-4145 -4137/-4137/-4137 -4147/-4147/-4147
f -4142/-4142/-4142 -4136/-4136/-4136 -4141/-4141/-4141
f -4141/-4141/-4141 -4136/-4136/-4136 -4135/-4135/-4135
f -4134/-4134/-4134 -4135/-4135/-4135 -4136/-4136/-4136
f -5494/-5494/-5494 -4135/-4135/-4135 -4134/-4134/-4134
f -4137/-4137/-4137 -4133/-4133/-4133 -4148/-4148/-4148
f -4137/-4137/-4137 -4132/-4132/-4132 -4133/-4133/-4133
f -4137/-4137/-4137 -4131/-4131/-4131 -4132/-4132/-4132
f -4145/-4145/-4145 -4131/-4131/-4131 -4137/-4137/-4137
f -4148/-4148/-4148 -4133/-4133/-4133 -4149/-4149/-4149
f -4133/-4133/-4133 -4130/-4130/-4130 -4149/-4149/-4149
f -4149/-4149/-4149 -4130/-4130/-4130 -4139/-4139/-4139
f -4139/-4139/-4139 -4129/-4129/-4129 -4138/-4138/-4138
f -4130/-4130/-4130 -4129/-4129/-4129 -4139/-4139/-4139
f -4138/-4138/-4138 -4129/-4129/-4129 -4128/-4128/-4128
f -4127/-4127/-4127 -4138/-4138/-4138 -4128/-4128/-4128
f -5175/-5175/-5175 -4127/-4127/-4127 -4128/-4128/-4128
f -5174/-5174/-5174 -4127/-4127/-4127 -5175/-5175/-5175
f -5171/-5171/-5171 -4127/-4127/-4127 -5174/-5174/-5174
f -5131/-5131/-5131 -4127/-4127/-4127 -5171/-5171/-5171
f -4127/-4127/-4127 -5131/-5131/-5131 -5512/-5512/-5512
f -5512/-5512/-5512 -4138/-4138/-4138 -4127/-4127/-4127
f -5512/-5512/-5512 -5131/-5131/-5131 -5515/-5515/-5515
f -4128/-4128/-4128 -5197/-5197/-5197 -5175/-5175/-5175
f -4128/-4128/-4128 -4129/-4129/-4129 -5197/-5197/-5197
f -4130/-4130/-4130 -4126/-4126/-4126 -4129/-4129/-4129
f -4129/-4129/-4129 -4126/-4126/-4126 -5197/-5197/-5197
f -4125/-4125/-4125 -4126/-4126/-4126 -4130/-4130/-4130
f -4130/-4130/-4130 -4124/-4124/-4124 -4125/-4125/-4125
f -4133/-4133/-4133 -4124/-4124/-4124 -4130/-4130/-4130
f -4132/-4132/-4132 -4124/-4124/-4124 -4133/-4133/-4133
f -4132/-4132/-4132 -4123/-4123/-4123 -4124/-4124/-4124
f -4131/-4131/-4131 -4123/-4123/-4123 -4132/-4132/-4132
f -4131/-4131/-4131 -4122/-4122/-4122 -4123/-4123/-4123
f -4131/-4131/-4131 -4121/-4121/-4121 -4122/-4122/-4122
f -4120/-4120/-4120 -4121/-4121/-4121 -4131/-4131/-4131
f -4119/-4119/-4119 -4121/-4121/-4121 -4120/-4120/-4120
f -4119/-4119/-4119 -4120/-4120/-4120 -4143/-4143/-4143
f -4140/-4140/-4140 -4119/-4119/-4119 -4143/-4143/-4143
f -4118/-4118/-4118 -4119/-4119/-4119 -4140/-4140/-4140
f -4143/-4143/-4143 -4120/-4120/-4120 -4144/-4144/-4144
f -4118/-4118/-4118 -4117/-4117/-4117 -4119/-4119/-4119
f -4119/-4119/-4119 -4117/-4117/-4117 -4116/-4116/-4116
f -4116/-4116/-4116 -4121/-4121/-4121 -4119/-4119/-4119
f -4123/-4123/-4123 -4122/-4122/-4122 -4115/-4115/-4115
f -4114/-4114/-4114 -4123/-4123/-4123 -4115/-4115/-4115
f -4113/-4113/-4113 -4123/-4123/-4123 -4114/-4114/-4114
f -4123/-4123/-4123 -4113/-4113/-4113 -4124/-4124/-4124
f -4124/-4124/-4124 -4113/-4113/-4113 -4112/-4112/-4112
f -4125/-4125/-4125 -4124/-4124/-4124 -4112/-4112/-4112
f -4120/-4120/-4120 -4145/-4145/-4145 -4144/-4144/-4144
f -4131/-4131/-4131 -4145/-4145/-4145 -4120/-4120/-4120
f -4117/-4117/-4117 -4111/-4111/-4111 -4116/-4116/-4116
f -4116/-4116/-4116 -4111/-4111/-4111 -4110/-4110/-4110
f -4110/-4110/-4110 -4109/-4109/-4109 -4116/-4116/-4116
f -4116/-4116/-4116 -4109/-4109/-4109 -4121/-4121/-4121
f -4122/-4122/-4122 -4109/-4109/-4109 -4115/-4115/-4115
f -4121/-4121/-4121 -4109/-4109/-4109 -4122/-4122/-4122
f -4110/-4110/-4110 -4108/-4108/-4108 -4109/-4109/-4109
f -4115/-4115/-4115 -4108/-4108/-4108 -4114/-4114/-4114
f -4109/-4109/-4109 -4108/-4108/-4108 -4115/-4115/-4115
f -4107/-4107/-4107 -4108/-4108/-4108 -4110/-4110/-4110
f -4106/-4106/-4106 -4112/-4112/-4112 -4113/-4113/-4113
f -4125/-4125/-4125 -4112/-4112/-4112 -4106/-4106/-4106
f -4106/-4106/-4106 -4105/-4105/-4105 -4125/-4125/-4125
f -4125/-4125/-4125 -4105/-4105/-4105 -4126/-4126/-4126
f -4106/-4106/-4106 -4104/-4104/-4104 -4105/-4105/-4105
f -4105/-4105/-4105 -4104/-4104/-4104 -4103/-4103/-4103
f -4104/-4104/-4104 -4102/-4102/-4102 -4103/-4103/-4103
f -4103/-4103/-4103 -4102/-4102/-4102 -5217/-5217/-5217
f -5217/-5217/-5217 -4102/-4102/-4102 -5218/-5218/-5218
f -4102/-4102/-4102 -4101/-4101/-4101 -5218/-5218/-5218
f -5218/-5218/-5218 -4101/-4101/-4101 -4100/-4100/-4100
f -4099/-4099/-4099 -4102/-4102/-4102 -4104/-4104/-4104
f -4099/-4099/-4099 -4101/-4101/-4101 -4102/-4102/-4102
f -4098/-4098/-4098 -4099/-4099/-4099 -4104/-4104/-4104
f -4097/-4097/-4097 -4099/-4099/-4099 -4098/-4098/-4098
f -4096/-4096/-4096 -4101/-4101/-4101 -4099/-4099/-4099
f -4097/-4097/-4097 -4096/-4096/-4096 -4099/-4099/-4099
f -4096/-4096/-4096 -4095/-4095/-4095 -4101/-4101/-4101
f -4095/-4095/-4095 -4100/-4100/-4100 -4101/-4101/-4101
f -4094/-4094/-4094 -4095/-4095/-4095 -4096/-4096/-4096
f -4093/-4093/-4093 -4094/-4094/-4094 -4096/-4096/-4096
f -4098/-4098/-4098 -4093/-4093/-4093 -4097/-4097/-4097
f -4093/-4093/-4093 -4096/-4096/-4096 -4097/-4097/-4097
f -4104/-4104/-4104 -4113/-4113/-4113 -4098/-4098/-4098
f -4106/-4106/-4106 -4113/-4113/-4113 -4104/-4104/-4104
f -5206/-5206/-5206 -4103/-4103/-4103 -5217/-5217/-5217
f -4105/-4105/-4105 -4103/-4103/-4103 -5206/-5206/-5206
f -5206/-5206/-5206 -5204/-5204/-5204 -4105/-4105/-4105
f -4105/-4105/-4105 -5204/-5204/-5204 -4126/-4126/-4126
f -5197/-5197/-5197 -4126/-4126/-4126 -5204/-5204/-5204
f -4113/-4113/-4113 -4114/-4114/-4114 -4098/-4098/-4098
f -4098/-4098/-4098 -4114/-4114/-4114 -4092/-4092/-4092
f -4092/-4092/-4092 -4093/-4093/-4093 -4098/-4098/-4098
f -4108/-4108/-4108 -4092/-4092/-4092 -4114/-4114/-4114
f -4091/-4091/-4091 -4092/-4092/-4092 -4108/-4108/-4108
f -4091/-4091/-4091 -4090/-4090/-4090 -4092/-4092/-4092
f -4090/-4090/-4090 -4093/-4093/-4093 -4092/-4092/-4092
f -4094/-4094/-4094 -4093/-4093/-4093 -4090/-4090/-4090
f -4090/-4090/-4090 -4091/-4091/-4091 -4089/-4089/-4089
f -4089/-4089/-4089 -4094/-4094/-4094 -4090/-4090/-4090
f -4095/-4095/-4095 -4094/-4094/-4094 -4089/-4089/-4089
f -4089/-4089/-4089 -4091/-4091/-4091 -4088/-4088/-4088
f -4088/-4088/-4088 -4091/-4091/-4091 -4087/-4087/-4087
f -4091/-4091/-4091 -4086/-4086/-4086 -4087/-4087/-4087
f -4085/-4085/-4085 -4086/-4086/-4086 -4091/-4091/-4091
f -4108/-4108/-4108 -4085/-4085/-4085 -4091/-4091/-4091
f -4107/-4107/-4107 -4085/-4085/-4085 -4108/-4108/-4108
f -4088/-4088/-4088 -4095/-4095/-4095 -4089/-4089/-4089
f -4084/-4084/-4084 -4095/-4095/-4095 -4088/-4088/-4088
f -4084/-4084/-4084 -4100/-4100/-4100 -4095/-4095/-4095
f -4081/-4081/-4081 -4083/-4083/-4083 -4082/-4082/-4082
f -4080/-4080/-4080 -4082/-4082/-4082 -4083/-4083/-4083
f -4081/-4081/-4081 -4309/-4309/-4309 -4083/-4083/-4083
f -4079/-4079/-4079 -4309/-4309/-4309 -4081/-4081/-4081
f -4309/-4309/-4309 -4079/-4079/-4079 -4308/-4308/-4308
f -5113/-5113/-5113 -5123/-5123/-5123 -5118/-5118/-5118
f -5121/-5121/-5121 -5123/-5123/-5123 -5113/-5113/-5113
f -4920/-4920/-4920 -4078/-4078/-4078 -4077/-4077/-4077
f -4920/-4920/-4920 -4915/-4915/-4915 -4078/-4078/-4078
f -4077/-4077/-4077 -4076/-4076/-4076 -4920/-4920/-4920
f -4920/-4920/-4920 -4076/-4076/-4076 -4922/-4922/-4922
f -4922/-4922/-4922 -4076/-4076/-4076 -4931/-4931/-4931
f -4931/-4931/-4931 -4076/-4076/-4076 -4932/-4932/-4932
f -4929/-4929/-4929 -4932/-4932/-4932 -4076/-4076/-4076
f -5033/-5033/-5033 -5035/-5035/-5035 -4075/-4075/-4075
f -4074/-4074/-4074 -4075/-4075/-4075 -5035/-5035/-5035
f -4073/-4073/-4073 -4075/-4075/-4075 -4074/-4074/-4074
f -4074/-4074/-4074 -4072/-4072/-4072 -4073/-4073/-4073
f -5051/-5051/-5051 -4072/-4072/-4072 -4074/-4074/-4074
f -4072/-4072/-4072 -5051/-5051/-5051 -5053/-5053/-5053
f -5035/-5035/-5035 -5042/-5042/-5042 -4074/-4074/-4074
f -4074/-4074/-4074 -5042/-5042/-5042 -5044/-5044/-5044
f -4074/-4074/-4074 -5044/-5044/-5044 -5051/-5051/-5051
f -5256/-5256/-5256 -4071/-4071/-4071 -5255/-5255/-5255
f -5247/-5247/-5247 -4071/-4071/-4071 -5256/-5256/-5256
f -5252/-5252/-5252 -5255/-5255/-5255 -4071/-4071/-4071
f -5048/-5048/-5048 -5047/-5047/-5047 -4950/-4950/-4950
f -4068/-4068/-4068 -4070/-4070/-4070 -4069/-4069/-4069
f -4067/-4067/-4067 -4070/-4070/-4070 -4068/-4068/-4068
f -4069/-4069/-4069 -4723/-4723/-4723 -4068/-4068/-4068
f -4722/-4722/-4722 -4723/-4723/-4723 -4069/-4069/-4069
f -4723/-4723/-4723 -4730/-4730/-4730 -4068/-4068/-4068
f -4068/-4068/-4068 -4730/-4730/-4730 -4728/-4728/-4728
f -4068/-4068/-4068 -4728/-4728/-4728 -4066/-4066/-4066
f -4065/-4065/-4065 -4728/-4728/-4728 -4726/-4726/-4726
f -4064/-4064/-4064 -4065/-4065/-4065 -4726/-4726/-4726
f -4063/-4063/-4063 -4065/-4065/-4065 -4064/-4064/-4064
f -4726/-4726/-4726 -4062/-4062/-4062 -4064/-4064/-4064
f -4727/-4727/-4727 -4062/-4062/-4062 -4726/-4726/-4726
f -4727/-4727/-4727 -4724/-4724/-4724 -4062/-4062/-4062
f -4228/-4228/-4228 -4225/-4225/-4225 -4172/-4172/-4172
f -4059/-4059/-4059 -4061/-4061/-4061 -4060/-4060/-4060
f -4663/-4663/-4663 -5394/-5394/-5394 -5393/-5393/-5393
f -4057/-4057/-4057 -4719/-4719/-4719 -4058/-4058/-4058
f -4717/-4717/-4717 -4719/-4719/-4719 -4057/-4057/-4057
f -4719/-4719/-4719 -4736/-4736/-4736 -4058/-4058/-4058
f -4737/-4737/-4737 -4736/-4736/-4736 -4719/-4719/-4719
f -4056/-4056/-4056 -4057/-4057/-4057 -4058/-4058/-4058
f -4736/-4736/-4736 -4056/-4056/-4056 -4058/-4058/-4058
f -4055/-4055/-4055 -4057/-4057/-4057 -4056/-4056/-4056
f -4056/-4056/-4056 -4721/-4721/-4721 -4055/-4055/-4055
f -4731/-4731/-4731 -4721/-4721/-4721 -4056/-4056/-4056
f -4732/-4732/-4732 -4056/-4056/-4056 -4736/-4736/-4736
f -4731/-4731/-4731 -4056/-4056/-4056 -4732/-4732/-4732
f -5402/-5402/-5402 -5425/-5425/-5425 -5424/-5424/-5424
f -5421/-5421/-5421 -5425/-5425/-5425 -5402/-5402/-5402
f -4759/-4759/-4759 -4054/-4054/-4054 -4053/-4053/-4053
f -4767/-4767/-4767 -4054/-4054/-4054 -4759/-4759/-4759
f -4759/-4759/-4759 -4053/-4053/-4053 -4758/-4758/-4758
f -4758/-4758/-4758 -4053/-4053/-4053 -4052/-4052/-4052
f -4767/-4767/-4767 -4765/-4765/-4765 -4054/-4054/-4054
f -4050/-4050/-4050 -4051/-4051/-4051 -4445/-4445/-4445
f -4445/-4445/-4445 -4049/-4049/-4049 -4050/-4050/-4050
f -4049/-4049/-4049 -4445/-4445/-4445 -4451/-4451/-4451
f -4048/-4048/-4048 -4049/-4049/-4049 -4451/-4451/-4451
f -4049/-4049/-4049 -4048/-4048/-4048 -4484/-4484/-4484
f -4049/-4049/-4049 -4484/-4484/-4484 -4047/-4047/-4047
f -4047/-4047/-4047 -4484/-4484/-4484 -4046/-4046/-4046
f -4047/-4047/-4047 -4046/-4046/-4046 -4045/-4045/-4045
f -4046/-4046/-4046 -4044/-4044/-4044 -4045/-4045/-4045
f -4044/-4044/-4044 -4043/-4043/-4043 -4045/-4045/-4045
f -4045/-4045/-4045 -4043/-4043/-4043 -4042/-4042/-4042
f -4041/-4041/-4041 -4042/-4042/-4042 -4043/-4043/-4043
f -4041/-4041/-4041 -4043/-4043/-4043 -4040/-4040/-4040
f -4040/-4040/-4040 -4043/-4043/-4043 -4039/-4039/-4039
f -4044/-4044/-4044 -4039/-4039/-4039 -4043/-4043/-4043
f -4040/-4040/-4040 -4039/-4039/-4039 -4038/-4038/-4038
f -4038/-4038/-4038 -4039/-4039/-4039 -4037/-4037/-4037
f -4037/-4037/-4037 -4039/-4039/-4039 -4036/-4036/-4036
f -4036/-4036/-4036 -4039/-4039/-4039 -4044/-4044/-4044
f -4046/-4046/-4046 -4036/-4036/-4036 -4044/-4044/-4044
f -4036/-4036/-4036 -4035/-4035/-4035 -4037/-4037/-4037
f -4035/-4035/-4035 -4036/-4036/-4036 -4046/-4046/-4046
f -4037/-4037/-4037 -4035/-4035/-4035 -4034/-4034/-4034
f -4038/-4038/-4038 -4037/-4037/-4037 -4033/-4033/-4033
f -4032/-4032/-4032 -4033/-4033/-4033 -4037/-4037/-4037
f -4031/-4031/-4031 -4042/-4042/-4042 -4041/-4041/-4041
f -4030/-4030/-4030 -4037/-4037/-4037 -4034/-4034/-4034
f -4032/-4032/-4032 -4037/-4037/-4037 -4030/-4030/-4030
f -4029/-4029/-4029 -4030/-4030/-4030 -4034/-4034/-4034
f -4028/-4028/-4028 -4029/-4029/-4029 -4034/-4034/-4034
f -4035/-4035/-4035 -4027/-4027/-4027 -4034/-4034/-4034
f -4028/-4028/-4028 -4034/-4034/-4034 -4027/-4027/-4027
f -4026/-4026/-4026 -4027/-4027/-4027 -4035/-4035/-4035
f -4026/-4026/-4026 -4491/-4491/-4491 -4027/-4027/-4027
f -4026/-4026/-4026 -4035/-4035/-4035 -4483/-4483/-4483
f -4026/-4026/-4026 -4483/-4483/-4483 -4491/-4491/-4491
f -4483/-4483/-4483 -4035/-4035/-4035 -4046/-4046/-4046
f -4484/-4484/-4484 -4483/-4483/-4483 -4046/-4046/-4046
f -4028/-4028/-4028 -4027/-4027/-4027 -4025/-4025/-4025
f -4024/-4024/-4024 -4025/-4025/-4025 -4027/-4027/-4027
f -4027/-4027/-4027 -4489/-4489/-4489 -4024/-4024/-4024
f -4489/-4489/-4489 -4027/-4027/-4027 -4491/-4491/-4491
f -4025/-4025/-4025 -4024/-4024/-4024 -4023/-4023/-4023
f -4023/-4023/-4023 -4028/-4028/-4028 -4025/-4025/-4025
f -4029/-4029/-4029 -4028/-4028/-4028 -4023/-4023/-4023
f -4022/-4022/-4022 -4029/-4029/-4029 -4023/-4023/-4023
f -4030/-4030/-4030 -4029/-4029/-4029 -4022/-4022/-4022
f -4030/-4030/-4030 -4022/-4022/-4022 -4021/-4021/-4021
f -4032/-4032/-4032 -4030/-4030/-4030 -4021/-4021/-4021
f -4020/-4020/-4020 -4032/-4032/-4032 -4021/-4021/-4021
f -4033/-4033/-4033 -4032/-4032/-4032 -4020/-4020/-4020
f -4019/-4019/-4019 -4033/-4033/-4033 -4020/-4020/-4020
f -4038/-4038/-4038 -4033/-4033/-4033 -4019/-4019/-4019
f -4024/-4024/-4024 -4489/-4489/-4489 -4499/-4499/-4499
f -4484/-4484/-4484 -4048/-4048/-4048 -4018/-4018/-4018
f -4458/-4458/-4458 -4018/-4018/-4018 -4048/-4048/-4048
f -4017/-4017/-4017 -4018/-4018/-4018 -4458/-4458/-4458
f -4017/-4017/-4017 -4486/-4486/-4486 -4018/-4018/-4018
f -4486/-4486/-4486 -4017/-4017/-4017 -4482/-4482/-4482
f -4482/-4482/-4482 -4017/-4017/-4017 -4460/-4460/-4460
f -4482/-4482/-4482 -4460/-4460/-4460 -4475/-4475/-4475
f -4475/-4475/-4475 -4460/-4460/-4460 -4468/-4468/-4468
f -4018/-4018/-4018 -4486/-4486/-4486 -4485/-4485/-4485
f -4484/-4484/-4484 -4018/-4018/-4018 -4485/-4485/-4485
f -4458/-4458/-4458 -4048/-4048/-4048 -4457/-4457/-4457
f -4048/-4048/-4048 -4451/-4451/-4451 -4457/-4457/-4457
f -4017/-4017/-4017 -4461/-4461/-4461 -4460/-4460/-4460
f -4458/-4458/-4458 -4461/-4461/-4461 -4017/-4017/-4017
f -4208/-4208/-4208 -4205/-4205/-4205 -4191/-4191/-4191
f -4014/-4014/-4014 -4016/-4016/-4016 -4015/-4015/-4015
f -4013/-4013/-4013 -4016/-4016/-4016 -4014/-4014/-4014
f -4014/-4014/-4014 -4015/-4015/-4015 -4012/-4012/-4012
f -4014/-4014/-4014 -4011/-4011/-4011 -4013/-4013/-4013
f -4012/-4012/-4012 -4011/-4011/-4011 -4014/-4014/-4014
f -4011/-4011/-4011 -4012/-4012/-4012 -4010/-4010/-4010
f -4012/-4012/-4012 -4009/-4009/-4009 -4010/-4010/-4010
f -4012/-4012/-4012 -4008/-4008/-4008 -4009/-4009/-4009
f -4008/-4008/-4008 -4012/-4012/-4012 -4007/-4007/-4007
f -4007/-4007/-4007 -4006/-4006/-4006 -4008/-4008/-4008
f -4008/-4008/-4008 -4006/-4006/-4006 -4009/-4009/-4009
f -4005/-4005/-4005 -4006/-4006/-4006 -4007/-4007/-4007
f -4005/-4005/-4005 -4004/-4004/-4004 -4006/-4006/-4006
f -4003/-4003/-4003 -4004/-4004/-4004 -4005/-4005/-4005
f -4006/-4006/-4006 -4004/-4004/-4004 -4002/-4002/-4002
f -4002/-4002/-4002 -4004/-4004/-4004 -4001/-4001/-4001
f -4001/-4001/-4001 -4000/-4000/-4000 -4002/-4002/-4002
f -4002/-4002/-4002 -4000/-4000/-4000 -3999/-3999/-3999
f -3998/-3998/-3998 -4003/-4003/-4003 -4005/-4005/-4005
f -4007/-4007/-4007 -3998/-3998/-3998 -4005/-4005/-4005
f -4003/-4003/-4003 -3998/-3998/-3998 -3997/-3997/-3997
f -3998/-3998/-3998 -4007/-4007/-4007 -3997/-3997/-3997
f -4000/-4000/-4000 -4001/-4001/-4001 -3996/-3996/-3996
f -3995/-3995/-3995 -4000/-4000/-4000 -3996/-3996/-3996
f -3994/-3994/-3994 -4000/-4000/-4000 -3995/-3995/-3995
f -4000/-4000/-4000 -3994/-3994/-3994 -3999/-3999/-3999
f -3995/-3995/-3995 -3993/-3993/-3993 -3994/-3994/-3994
f -3992/-3992/-3992 -3993/-3993/-3993 -3995/-3995/-3995
f -3996/-3996/-3996 -4001/-4001/-4001 -3991/-3991/-3991
f -3990/-3990/-3990 -3996/-3996/-3996 -3991/-3991/-3991
f -3989/-3989/-3989 -3990/-3990/-3990 -3991/-3991/-3991
f -3996/-3996/-3996 -3990/-3990/-3990 -3988/-3988/-3988
f -3987/-3987/-3987 -3996/-3996/-3996 -3988/-3988/-3988
f -3996/-3996/-3996 -3987/-3987/-3987 -3995/-3995/-3995
f -3987/-3987/-3987 -3992/-3992/-3992 -3995/-3995/-3995
f -4001/-4001/-4001 -3986/-3986/-3986 -3991/-3991/-3991
f -3991/-3991/-3991 -3986/-3986/-3986 -3989/-3989/-3989
f -4004/-4004/-4004 -3986/-3986/-3986 -4001/-4001/-4001
f -3999/-3999/-3999 -3994/-3994/-3994 -3985/-3985/-3985
f -3994/-3994/-3994 -3984/-3984/-3984 -3985/-3985/-3985
f -3993/-3993/-3993 -3984/-3984/-3984 -3994/-3994/-3994
f -3984/-3984/-3984 -3983/-3983/-3983 -3985/-3985/-3985
f -3983/-3983/-3983 -3999/-3999/-3999 -3985/-3985/-3985
f -3982/-3982/-3982 -3999/-3999/-3999 -3983/-3983/-3983
f -3981/-3981/-3981 -3982/-3982/-3982 -3983/-3983/-3983
f -3980/-3980/-3980 -3982/-3982/-3982 -3981/-3981/-3981
f -3983/-3983/-3983 -3979/-3979/-3979 -3981/-3981/-3981
f -3978/-3978/-3978 -3979/-3979/-3979 -3983/-3983/-3983
f -3983/-3983/-3983 -3984/-3984/-3984 -3978/-3978/-3978
f -3982/-3982/-3982 -3980/-3980/-3980 -3977/-3977/-3977
f -3977/-3977/-3977 -3980/-3980/-3980 -3976/-3976/-3976
f -3980/-3980/-3980 -3975/-3975/-3975 -3976/-3976/-3976
f -3976/-3976/-3976 -3975/-3975/-3975 -3974/-3974/-3974
f -3973/-3973/-3973 -3974/-3974/-3974 -3975/-3975/-3975
f -3973/-3973/-3973 -3975/-3975/-3975 -3972/-3972/-3972
f -3973/-3973/-3973 -3972/-3972/-3972 -3971/-3971/-3971
f -3970/-3970/-3970 -3971/-3971/-3971 -3972/-3972/-3972
f -3969/-3969/-3969 -3973/-3973/-3973 -3971/-3971/-3971
f -3973/-3973/-3973 -3969/-3969/-3969 -3968/-3968/-3968
f -3967/-3967/-3967 -3973/-3973/-3973 -3968/-3968/-3968
f -3967/-3967/-3967 -3974/-3974/-3974 -3973/-3973/-3973
f -3966/-3966/-3966 -3967/-3967/-3967 -3968/-3968/-3968
f -3969/-3969/-3969 -3965/-3965/-3965 -3968/-3968/-3968
f -3964/-3964/-3964 -3965/-3965/-3965 -3969/-3969/-3969
f -3963/-3963/-3963 -3969/-3969/-3969 -3971/-3971/-3971
f -3970/-3970/-3970 -3963/-3963/-3963 -3971/-3971/-3971
f -3962/-3962/-3962 -3969/-3969/-3969 -3963/-3963/-3963
f -3969/-3969/-3969 -3962/-3962/-3962 -3964/-3964/-3964
f -3961/-3961/-3961 -3962/-3962/-3962 -3963/-3963/-3963
f -3960/-3960/-3960 -3962/-3962/-3962 -3961/-3961/-3961
f -3959/-3959/-3959 -3963/-3963/-3963 -3970/-3970/-3970
f -3959/-3959/-3959 -3961/-3961/-3961 -3963/-3963/-3963
f -3958/-3958/-3958 -3960/-3960/-3960 -3961/-3961/-3961
f -3957/-3957/-3957 -3960/-3960/-3960 -3958/-3958/-3958
f -3956/-3956/-3956 -3967/-3967/-3967 -3966/-3966/-3966
f -3955/-3955/-3955 -3967/-3967/-3967 -3956/-3956/-3956
f -3964/-3964/-3964 -3954/-3954/-3954 -3965/-3965/-3965
f -3954/-3954/-3954 -3953/-3953/-3953 -3965/-3965/-3965
f -3953/-3953/-3953 -3968/-3968/-3968 -3965/-3965/-3965
f -3966/-3966/-3966 -3968/-3968/-3968 -3953/-3953/-3953
f -3952/-3952/-3952 -3953/-3953/-3953 -3954/-3954/-3954
f -3951/-3951/-3951 -3954/-3954/-3954 -3964/-3964/-3964
f -3951/-3951/-3951 -3962/-3962/-3962 -3960/-3960/-3960
f -3964/-3964/-3964 -3962/-3962/-3962 -3951/-3951/-3951
f -3951/-3951/-3951 -3950/-3950/-3950 -3954/-3954/-3954
f -3960/-3960/-3960 -3950/-3950/-3950 -3951/-3951/-3951
f -3957/-3957/-3957 -3950/-3950/-3950 -3960/-3960/-3960
f -3954/-3954/-3954 -3950/-3950/-3950 -3949/-3949/-3949
f -3955/-3955/-3955 -3956/-3956/-3956 -3948/-3948/-3948
f -3948/-3948/-3948 -3956/-3956/-3956 -3947/-3947/-3947
f -3952/-3952/-3952 -3946/-3946/-3946 -3953/-3953/-3953
f -3952/-3952/-3952 -3945/-3945/-3945 -3946/-3946/-3946
f -3944/-3944/-3944 -3945/-3945/-3945 -3952/-3952/-3952
f -3944/-3944/-3944 -3954/-3954/-3954 -3949/-3949/-3949
f -3952/-3952/-3952 -3954/-3954/-3954 -3944/-3944/-3944
f -3948/-3948/-3948 -3947/-3947/-3947 -3943/-3943/-3943
f -3943/-3943/-3943 -3947/-3947/-3947 -3942/-3942/-3942
f -3943/-3943/-3943 -3942/-3942/-3942 -3941/-3941/-3941
f -3941/-3941/-3941 -3942/-3942/-3942 -3940/-3940/-3940
f -3939/-3939/-3939 -3940/-3940/-3940 -3942/-3942/-3942
f -3939/-3939/-3939 -3938/-3938/-3938 -3940/-3940/-3940
f -3939/-3939/-3939 -3937/-3937/-3937 -3938/-3938/-3938
f -3937/-3937/-3937 -3936/-3936/-3936 -3938/-3938/-3938
f -3939/-3939/-3939 -3935/-3935/-3935 -3937/-3937/-3937
f -3934/-3934/-3934 -3935/-3935/-3935 -3939/-3939/-3939
f -3934/-3934/-3934 -3942/-3942/-3942 -3947/-3947/-3947
f -3939/-3939/-3939 -3942/-3942/-3942 -3934/-3934/-3934
f -3940/-3940/-3940 -3938/-3938/-3938 -3933/-3933/-3933
f -3933/-3933/-3933 -3932/-3932/-3932 -3940/-3940/-3940
f -3931/-3931/-3931 -3938/-3938/-3938 -3936/-3936/-3936
f -3933/-3933/-3933 -3938/-3938/-3938 -3931/-3931/-3931
f -3941/-3941/-3941 -3930/-3930/-3930 -3943/-3943/-3943
f -3943/-3943/-3943 -3930/-3930/-3930 -3929/-3929/-3929
f -3929/-3929/-3929 -3930/-3930/-3930 -3928/-3928/-3928
f -4011/-4011/-4011 -3929/-3929/-3929 -3928/-3928/-3928
f -4013/-4013/-4013 -4011/-4011/-4011 -3928/-3928/-3928
f -3928/-3928/-3928 -3927/-3927/-3927 -4013/-4013/-4013
f -3927/-3927/-3927 -3928/-3928/-3928 -3930/-3930/-3930
f -3926/-3926/-3926 -3929/-3929/-3929 -4011/-4011/-4011
f -4010/-4010/-4010 -3926/-3926/-3926 -4011/-4011/-4011
f -3927/-3927/-3927 -4016/-4016/-4016 -4013/-4013/-4013
f -3927/-3927/-3927 -3925/-3925/-3925 -4016/-4016/-4016
f -4016/-4016/-4016 -3925/-3925/-3925 -3924/-3924/-3924
f -4016/-4016/-4016 -3924/-3924/-3924 -4015/-4015/-4015
f -4015/-4015/-4015 -3924/-3924/-3924 -3923/-3923/-3923
f -3924/-3924/-3924 -3922/-3922/-3922 -3923/-3923/-3923
f -3923/-3923/-3923 -3922/-3922/-3922 -3997/-3997/-3997
f -3997/-3997/-3997 -4007/-4007/-4007 -3923/-3923/-3923
f -3922/-3922/-3922 -4003/-4003/-4003 -3997/-3997/-3997
f -3921/-3921/-3921 -4003/-4003/-4003 -3922/-3922/-3922
f -3920/-3920/-3920 -3921/-3921/-3921 -3922/-3922/-3922
f -3924/-3924/-3924 -3920/-3920/-3920 -3922/-3922/-3922
f -3925/-3925/-3925 -3920/-3920/-3920 -3924/-3924/-3924
f -4003/-4003/-4003 -3921/-3921/-3921 -3919/-3919/-3919
f -3919/-3919/-3919 -3921/-3921/-3921 -3918/-3918/-3918
f -3918/-3918/-3918 -3917/-3917/-3917 -3919/-3919/-3919
f -3919/-3919/-3919 -3917/-3917/-3917 -3916/-3916/-3916
f -3916/-3916/-3916 -3986/-3986/-3986 -3919/-3919/-3919
f -3986/-3986/-3986 -4003/-4003/-4003 -3919/-3919/-3919
f -3921/-3921/-3921 -3915/-3915/-3915 -3918/-3918/-3918
f -3915/-3915/-3915 -3917/-3917/-3917 -3918/-3918/-3918
f -3914/-3914/-3914 -3915/-3915/-3915 -3921/-3921/-3921
f -3921/-3921/-3921 -3913/-3913/-3913 -3914/-3914/-3914
f -3921/-3921/-3921 -3920/-3920/-3920 -3913/-3913/-3913
f -3914/-3914/-3914 -3913/-3913/-3913 -3912/-3912/-3912
f -3925/-3925/-3925 -3912/-3912/-3912 -3913/-3913/-3913
f -3920/-3920/-3920 -3925/-3925/-3925 -3913/-3913/-3913
f -3911/-3911/-3911 -3912/-3912/-3912 -3925/-3925/-3925
f -3916/-3916/-3916 -3917/-3917/-3917 -3910/-3910/-3910
f -3910/-3910/-3910 -3917/-3917/-3917 -3909/-3909/-3909
f -3909/-3909/-3909 -3917/-3917/-3917 -3908/-3908/-3908
f -3908/-3908/-3908 -3907/-3907/-3907 -3909/-3909/-3909
f -3907/-3907/-3907 -3910/-3910/-3910 -3909/-3909/-3909
f -3907/-3907/-3907 -3908/-3908/-3908 -3906/-3906/-3906
f -3907/-3907/-3907 -3906/-3906/-3906 -3905/-3905/-3905
f -3908/-3908/-3908 -3904/-3904/-3904 -3906/-3906/-3906
f -3903/-3903/-3903 -3906/-3906/-3906 -3904/-3904/-3904
f -3906/-3906/-3906 -3903/-3903/-3903 -3905/-3905/-3905
f -3902/-3902/-3902 -3903/-3903/-3903 -3904/-3904/-3904
f -3908/-3908/-3908 -3901/-3901/-3901 -3904/-3904/-3904
f -3903/-3903/-3903 -3902/-3902/-3902 -3900/-3900/-3900
f -3899/-3899/-3899 -3903/-3903/-3903 -3900/-3900/-3900
f -3899/-3899/-3899 -3905/-3905/-3905 -3903/-3903/-3903
f -3900/-3900/-3900 -3902/-3902/-3902 -3898/-3898/-3898
f -3897/-3897/-3897 -3901/-3901/-3901 -3908/-3908/-3908
f -3896/-3896/-3896 -3901/-3901/-3901 -3897/-3897/-3897
f -3900/-3900/-3900 -3898/-3898/-3898 -3895/-3895/-3895
f -3907/-3907/-3907 -3905/-3905/-3905 -3894/-3894/-3894
f -3894/-3894/-3894 -3905/-3905/-3905 -3893/-3893/-3893
f -3905/-3905/-3905 -3899/-3899/-3899 -3892/-3892/-3892
f -3892/-3892/-3892 -3891/-3891/-3891 -3894/-3894/-3894
f -3890/-3890/-3890 -3891/-3891/-3891 -3892/-3892/-3892
f -3890/-3890/-3890 -3889/-3889/-3889 -3891/-3891/-3891
f -3889/-3889/-3889 -3907/-3907/-3907 -3891/-3891/-3891
f -3891/-3891/-3891 -3907/-3907/-3907 -3894/-3894/-3894
f -3890/-3890/-3890 -3888/-3888/-3888 -3889/-3889/-3889
f -3888/-3888/-3888 -3890/-3890/-3890 -3887/-3887/-3887
f -3888/-3888/-3888 -3887/-3887/-3887 -3886/-3886/-3886
f -3886/-3886/-3886 -3887/-3887/-3887 -3885/-3885/-3885
f -3888/-3888/-3888 -3884/-3884/-3884 -3889/-3889/-3889
f -3884/-3884/-3884 -3888/-3888/-3888 -3886/-3886/-3886
f -3889/-3889/-3889 -3884/-3884/-3884 -3883/-3883/-3883
f -3889/-3889/-3889 -3883/-3883/-3883 -3910/-3910/-3910
f -3907/-3907/-3907 -3889/-3889/-3889 -3910/-3910/-3910
f -3882/-3882/-3882 -3884/-3884/-3884 -3886/-3886/-3886
f -3886/-3886/-3886 -3881/-3881/-3881 -3882/-3882/-3882
f -3881/-3881/-3881 -3886/-3886/-3886 -3885/-3885/-3885
f -3881/-3881/-3881 -3880/-3880/-3880 -3882/-3882/-3882
f -3879/-3879/-3879 -3882/-3882/-3882 -3880/-3880/-3880
f -3880/-3880/-3880 -3881/-3881/-3881 -3878/-3878/-3878
f -3877/-3877/-3877 -3880/-3880/-3880 -3878/-3878/-3878
f -3876/-3876/-3876 -3882/-3882/-3882 -3879/-3879/-3879
f -3876/-3876/-3876 -3884/-3884/-3884 -3882/-3882/-3882
f -3884/-3884/-3884 -3876/-3876/-3876 -3883/-3883/-3883
f -3876/-3876/-3876 -3879/-3879/-3879 -3883/-3883/-3883
f -3883/-3883/-3883 -3989/-3989/-3989 -3910/-3910/-3910
f -3883/-3883/-3883 -3879/-3879/-3879 -3989/-3989/-3989
f -3910/-3910/-3910 -3989/-3989/-3989 -3916/-3916/-3916
f -3990/-3990/-3990 -3989/-3989/-3989 -3879/-3879/-3879
f -3875/-3875/-3875 -3990/-3990/-3990 -3879/-3879/-3879
f -3875/-3875/-3875 -3879/-3879/-3879 -3874/-3874/-3874
f -3879/-3879/-3879 -3880/-3880/-3880 -3874/-3874/-3874
f -3880/-3880/-3880 -3877/-3877/-3877 -3874/-3874/-3874
f -3874/-3874/-3874 -3877/-3877/-3877 -3873/-3873/-3873
f -3875/-3875/-3875 -3874/-3874/-3874 -3873/-3873/-3873
f -3988/-3988/-3988 -3990/-3990/-3990 -3875/-3875/-3875
f -3872/-3872/-3872 -3988/-3988/-3988 -3875/-3875/-3875
f -3873/-3873/-3873 -3872/-3872/-3872 -3875/-3875/-3875
f -3871/-3871/-3871 -3872/-3872/-3872 -3873/-3873/-3873
f -3872/-3872/-3872 -3871/-3871/-3871 -3870/-3870/-3870
f -3869/-3869/-3869 -3872/-3872/-3872 -3870/-3870/-3870
f -3870/-3870/-3870 -3868/-3868/-3868 -3869/-3869/-3869
f -3868/-3868/-3868 -3870/-3870/-3870 -3867/-3867/-3867
f -3866/-3866/-3866 -3872/-3872/-3872 -3869/-3869/-3869
f -3869/-3869/-3869 -3868/-3868/-3868 -3866/-3866/-3866
f -3987/-3987/-3987 -3872/-3872/-3872 -3866/-3866/-3866
f -3987/-3987/-3987 -3988/-3988/-3988 -3872/-3872/-3872
f -3992/-3992/-3992 -3987/-3987/-3987 -3866/-3866/-3866
f -3989/-3989/-3989 -3986/-3986/-3986 -3916/-3916/-3916
f -4004/-4004/-4004 -4003/-4003/-4003 -3986/-3986/-3986
f -3871/-3871/-3871 -3865/-3865/-3865 -3864/-3864/-3864
f -3877/-3877/-3877 -3863/-3863/-3863 -3865/-3865/-3865
f -3860/-3860/-3860 -3862/-3862/-3862 -3861/-3861/-3861
f -3859/-3859/-3859 -3862/-3862/-3862 -3860/-3860/-3860
f -3858/-3858/-3858 -3862/-3862/-3862 -3859/-3859/-3859
f -3857/-3857/-3857 -3862/-3862/-3862 -3858/-3858/-3858
f -3861/-3861/-3861 -3856/-3856/-3856 -3860/-3860/-3860
f -3860/-3860/-3860 -3856/-3856/-3856 -3855/-3855/-3855
f -3854/-3854/-3854 -3858/-3858/-3858 -3859/-3859/-3859
f -3853/-3853/-3853 -3858/-3858/-3858 -3854/-3854/-3854
f -3854/-3854/-3854 -3852/-3852/-3852 -3853/-3853/-3853
f -3853/-3853/-3853 -3852/-3852/-3852 -3851/-3851/-3851
f -3850/-3850/-3850 -3851/-3851/-3851 -3852/-3852/-3852
f -3849/-3849/-3849 -3850/-3850/-3850 -3852/-3852/-3852
f -3848/-3848/-3848 -3850/-3850/-3850 -3849/-3849/-3849
f -3847/-3847/-3847 -3850/-3850/-3850 -3848/-3848/-3848
f -3847/-3847/-3847 -3848/-3848/-3848 -3846/-3846/-3846
f -3846/-3846/-3846 -3848/-3848/-3848 -3845/-3845/-3845
f -3847/-3847/-3847 -3844/-3844/-3844 -3850/-3850/-3850
f -3844/-3844/-3844 -3851/-3851/-3851 -3850/-3850/-3850
f -3843/-3843/-3843 -3844/-3844/-3844 -3847/-3847/-3847
f -3852/-3852/-3852 -3842/-3842/-3842 -3849/-3849/-3849
f -3841/-3841/-3841 -3849/-3849/-3849 -3842/-3842/-3842
f -3842/-3842/-3842 -3852/-3852/-3852 -3840/-3840/-3840
f -3840/-3840/-3840 -3852/-3852/-3852 -3839/-3839/-3839
f -3852/-3852/-3852 -3838/-3838/-3838 -3839/-3839/-3839
f -3838/-3838/-3838 -3837/-3837/-3837 -3839/-3839/-3839
f -3839/-3839/-3839 -3837/-3837/-3837 -3836/-3836/-3836
f -3836/-3836/-3836 -3840/-3840/-3840 -3839/-3839/-3839
f -3837/-3837/-3837 -3835/-3835/-3835 -3836/-3836/-3836
f -3836/-3836/-3836 -3835/-3835/-3835 -3834/-3834/-3834
f -3835/-3835/-3835 -3833/-3833/-3833 -3834/-3834/-3834
f -3834/-3834/-3834 -3833/-3833/-3833 -3832/-3832/-3832
f -3831/-3831/-3831 -3834/-3834/-3834 -3832/-3832/-3832
f -3836/-3836/-3836 -3834/-3834/-3834 -3831/-3831/-3831
f -3836/-3836/-3836 -3831/-3831/-3831 -3830/-3830/-3830
f -3830/-3830/-3830 -3840/-3840/-3840 -3836/-3836/-3836
f -3831/-3831/-3831 -3829/-3829/-3829 -3830/-3830/-3830
f -3829/-3829/-3829 -3831/-3831/-3831 -3828/-3828/-3828
f -3831/-3831/-3831 -3827/-3827/-3827 -3828/-3828/-3828
f -3828/-3828/-3828 -3827/-3827/-3827 -3826/-3826/-3826
f -3828/-3828/-3828 -3826/-3826/-3826 -3825/-3825/-3825
f -3825/-3825/-3825 -3826/-3826/-3826 -3824/-3824/-3824
f -3825/-3825/-3825 -3824/-3824/-3824 -3823/-3823/-3823
f -3822/-3822/-3822 -3823/-3823/-3823 -3824/-3824/-3824
f -3821/-3821/-3821 -3823/-3823/-3823 -3822/-3822/-3822
f -3823/-3823/-3823 -3821/-3821/-3821 -3820/-3820/-3820
f -3820/-3820/-3820 -3819/-3819/-3819 -3823/-3823/-3823
f -3818/-3818/-3818 -3819/-3819/-3819 -3820/-3820/-3820
f -3817/-3817/-3817 -3819/-3819/-3819 -3818/-3818/-3818
f -3816/-3816/-3816 -3818/-3818/-3818 -3820/-3820/-3820
f -3820/-3820/-3820 -3821/-3821/-3821 -3816/-3816/-3816
f -3815/-3815/-3815 -3818/-3818/-3818 -3816/-3816/-3816
f -3817/-3817/-3817 -3814/-3814/-3814 -3819/-3819/-3819
f -3814/-3814/-3814 -3817/-3817/-3817 -3813/-3813/-3813
f -3812/-3812/-3812 -3813/-3813/-3813 -3817/-3817/-3817
f -3813/-3813/-3813 -3812/-3812/-3812 -3811/-3811/-3811
f -3813/-3813/-3813 -3810/-3810/-3810 -3814/-3814/-3814
f -3814/-3814/-3814 -3810/-3810/-3810 -3809/-3809/-3809
f -3810/-3810/-3810 -3808/-3808/-3808 -3809/-3809/-3809
f -3807/-3807/-3807 -3808/-3808/-3808 -3810/-3810/-3810
f -3808/-3808/-3808 -3807/-3807/-3807 -3806/-3806/-3806
f -3806/-3806/-3806 -3807/-3807/-3807 -3805/-3805/-3805
f -3807/-3807/-3807 -3804/-3804/-3804 -3805/-3805/-3805
f -3805/-3805/-3805 -3804/-3804/-3804 -3803/-3803/-3803
f -3802/-3802/-3802 -3808/-3808/-3808 -3806/-3806/-3806
f -3801/-3801/-3801 -3808/-3808/-3808 -3802/-3802/-3802
f -3808/-3808/-3808 -3801/-3801/-3801 -3809/-3809/-3809
f -3800/-3800/-3800 -3801/-3801/-3801 -3802/-3802/-3802
f -3804/-3804/-3804 -3799/-3799/-3799 -3803/-3803/-3803
f -3803/-3803/-3803 -3799/-3799/-3799 -3798/-3798/-3798
f -3805/-3805/-3805 -3797/-3797/-3797 -3806/-3806/-3806
f -3797/-3797/-3797 -3805/-3805/-3805 -3803/-3803/-3803
f -3806/-3806/-3806 -3797/-3797/-3797 -3796/-3796/-3796
f -3796/-3796/-3796 -3802/-3802/-3802 -3806/-3806/-3806
f -3797/-3797/-3797 -3795/-3795/-3795 -3796/-3796/-3796
f -3795/-3795/-3795 -3803/-3803/-3803 -3798/-3798/-3798
f -3797/-3797/-3797 -3803/-3803/-3803 -3795/-3795/-3795
f -3796/-3796/-3796 -3795/-3795/-3795 -3794/-3794/-3794
f -3793/-3793/-3793 -3795/-3795/-3795 -3798/-3798/-3798
f -3799/-3799/-3799 -3793/-3793/-3793 -3798/-3798/-3798
f -3792/-3792/-3792 -3795/-3795/-3795 -3793/-3793/-3793
f -3791/-3791/-3791 -3792/-3792/-3792 -3793/-3793/-3793
f -3790/-3790/-3790 -3791/-3791/-3791 -3793/-3793/-3793
f -3790/-3790/-3790 -3793/-3793/-3793 -3799/-3799/-3799
f -3789/-3789/-3789 -3792/-3792/-3792 -3791/-3791/-3791
f -3789/-3789/-3789 -3791/-3791/-3791 -3788/-3788/-3788
f -3788/-3788/-3788 -3791/-3791/-3791 -3787/-3787/-3787
f -3790/-3790/-3790 -3787/-3787/-3787 -3791/-3791/-3791
f -3786/-3786/-3786 -3789/-3789/-3789 -3788/-3788/-3788
f -3785/-3785/-3785 -3792/-3792/-3792 -3789/-3789/-3789
f -3784/-3784/-3784 -3792/-3792/-3792 -3785/-3785/-3785
f -3784/-3784/-3784 -3783/-3783/-3783 -3792/-3792/-3792
f -3794/-3794/-3794 -3783/-3783/-3783 -3782/-3782/-3782
f -3782/-3782/-3782 -3796/-3796/-3796 -3794/-3794/-3794
f -3781/-3781/-3781 -3796/-3796/-3796 -3782/-3782/-3782
f -3780/-3780/-3780 -3781/-3781/-3781 -3782/-3782/-3782
f -3779/-3779/-3779 -3781/-3781/-3781 -3780/-3780/-3780
f -3782/-3782/-3782 -3783/-3783/-3783 -3778/-3778/-3778
f -3778/-3778/-3778 -3780/-3780/-3780 -3782/-3782/-3782
f -3778/-3778/-3778 -3783/-3783/-3783 -3777/-3777/-3777
f -3778/-3778/-3778 -3777/-3777/-3777 -3776/-3776/-3776
f -3776/-3776/-3776 -3777/-3777/-3777 -3775/-3775/-3775
f -3775/-3775/-3775 -3789/-3789/-3789 -3774/-3774/-3774
f -3773/-3773/-3773 -3775/-3775/-3775 -3774/-3774/-3774
f -3776/-3776/-3776 -3775/-3775/-3775 -3773/-3773/-3773
f -3772/-3772/-3772 -3773/-3773/-3773 -3774/-3774/-3774
f -3771/-3771/-3771 -3775/-3775/-3775 -3777/-3777/-3777
f -3783/-3783/-3783 -3771/-3771/-3771 -3777/-3777/-3777
f -3770/-3770/-3770 -3775/-3775/-3775 -3771/-3771/-3771
f -3769/-3769/-3769 -3776/-3776/-3776 -3773/-3773/-3773
f -3768/-3768/-3768 -3776/-3776/-3776 -3769/-3769/-3769
f -3768/-3768/-3768 -3780/-3780/-3780 -3778/-3778/-3778
f -3776/-3776/-3776 -3768/-3768/-3768 -3778/-3778/-3778
f -3767/-3767/-3767 -3771/-3771/-3771 -3783/-3783/-3783
f -3766/-3766/-3766 -3773/-3773/-3773 -3772/-3772/-3772
f -3765/-3765/-3765 -3766/-3766/-3766 -3772/-3772/-3772
f -3764/-3764/-3764 -3766/-3766/-3766 -3765/-3765/-3765
f -3765/-3765/-3765 -3763/-3763/-3763 -3764/-3764/-3764
f -3765/-3765/-3765 -3762/-3762/-3762 -3763/-3763/-3763
f -3761/-3761/-3761 -3762/-3762/-3762 -3765/-3765/-3765
f -3760/-3760/-3760 -3772/-3772/-3772 -3761/-3761/-3761
f -3759/-3759/-3759 -3772/-3772/-3772 -3760/-3760/-3760
f -3758/-3758/-3758 -3761/-3761/-3761 -3765/-3765/-3765
f -3760/-3760/-3760 -3761/-3761/-3761 -3758/-3758/-3758
f -3757/-3757/-3757 -3759/-3759/-3759 -3760/-3760/-3760
f -3756/-3756/-3756 -3759/-3759/-3759 -3757/-3757/-3757
f -3756/-3756/-3756 -3755/-3755/-3755 -3759/-3759/-3759
f -3755/-3755/-3755 -3758/-3758/-3758 -3765/-3765/-3765
f -3754/-3754/-3754 -3755/-3755/-3755 -3756/-3756/-3756
f -3755/-3755/-3755 -3754/-3754/-3754 -3758/-3758/-3758
f -3756/-3756/-3756 -3757/-3757/-3757 -3754/-3754/-3754
f -3757/-3757/-3757 -3760/-3760/-3760 -3753/-3753/-3753
f -3758/-3758/-3758 -3754/-3754/-3754 -3752/-3752/-3752
f -3760/-3760/-3760 -3752/-3752/-3752 -3753/-3753/-3753
f -3760/-3760/-3760 -3758/-3758/-3758 -3752/-3752/-3752
f -3751/-3751/-3751 -3752/-3752/-3752 -3754/-3754/-3754
f -3750/-3750/-3750 -3752/-3752/-3752 -3751/-3751/-3751
f -3750/-3750/-3750 -3753/-3753/-3753 -3752/-3752/-3752
f -3749/-3749/-3749 -3754/-3754/-3754 -3757/-3757/-3757
f -3751/-3751/-3751 -3754/-3754/-3754 -3749/-3749/-3749
f -3748/-3748/-3748 -3753/-3753/-3753 -3750/-3750/-3750
f -3748/-3748/-3748 -3751/-3751/-3751 -3749/-3749/-3749
f -3757/-3757/-3757 -3748/-3748/-3748 -3749/-3749/-3749
f -3753/-3753/-3753 -3748/-3748/-3748 -3757/-3757/-3757
f -3747/-3747/-3747 -3750/-3750/-3750 -3751/-3751/-3751
f -3747/-3747/-3747 -3751/-3751/-3751 -3748/-3748/-3748
f -3747/-3747/-3747 -3748/-3748/-3748 -3750/-3750/-3750
f -3761/-3761/-3761 -3746/-3746/-3746 -3762/-3762/-3762
f -3746/-3746/-3746 -3745/-3745/-3745 -3762/-3762/-3762
f -3762/-3762/-3762 -3745/-3745/-3745 -3744/-3744/-3744
f -3745/-3745/-3745 -3743/-3743/-3743 -3744/-3744/-3744
f -3744/-3744/-3744 -3743/-3743/-3743 -3742/-3742/-3742
f -3743/-3743/-3743 -3741/-3741/-3741 -3742/-3742/-3742
f -3742/-3742/-3742 -3741/-3741/-3741 -3740/-3740/-3740
f -3762/-3762/-3762 -3744/-3744/-3744 -3763/-3763/-3763
f -3744/-3744/-3744 -3742/-3742/-3742 -3763/-3763/-3763
f -3763/-3763/-3763 -3742/-3742/-3742 -3739/-3739/-3739
f -3742/-3742/-3742 -3740/-3740/-3740 -3739/-3739/-3739
f -3739/-3739/-3739 -3740/-3740/-3740 -3738/-3738/-3738
f -3741/-3741/-3741 -3737/-3737/-3737 -3740/-3740/-3740
f -3740/-3740/-3740 -3737/-3737/-3737 -3736/-3736/-3736
f -3738/-3738/-3738 -3740/-3740/-3740 -3833/-3833/-3833
f -3833/-3833/-3833 -3740/-3740/-3740 -3735/-3735/-3735
f -3740/-3740/-3740 -3736/-3736/-3736 -3735/-3735/-3735
f -3735/-3735/-3735 -3736/-3736/-3736 -3734/-3734/-3734
f -3738/-3738/-3738 -3733/-3733/-3733 -3739/-3739/-3739
f -3833/-3833/-3833 -3733/-3733/-3733 -3738/-3738/-3738
f -3733/-3733/-3733 -3763/-3763/-3763 -3739/-3739/-3739
f -3741/-3741/-3741 -3732/-3732/-3732 -3737/-3737/-3737
f -3737/-3737/-3737 -3732/-3732/-3732 -3731/-3731/-3731
f -3731/-3731/-3731 -3730/-3730/-3730 -3737/-3737/-3737
f -3737/-3737/-3737 -3730/-3730/-3730 -3729/-3729/-3729
f -3732/-3732/-3732 -3741/-3741/-3741 -3790/-3790/-3790
f -3790/-3790/-3790 -3741/-3741/-3741 -3743/-3743/-3743
f -3833/-3833/-3833 -3835/-3835/-3835 -3733/-3733/-3733
f -3835/-3835/-3835 -3764/-3764/-3764 -3733/-3733/-3733
f -3735/-3735/-3735 -3832/-3832/-3832 -3833/-3833/-3833
f -3728/-3728/-3728 -3832/-3832/-3832 -3735/-3735/-3735
f -3735/-3735/-3735 -3734/-3734/-3734 -3728/-3728/-3728
f -3728/-3728/-3728 -3734/-3734/-3734 -3727/-3727/-3727
f -3727/-3727/-3727 -3734/-3734/-3734 -3726/-3726/-3726
f -3727/-3727/-3727 -3726/-3726/-3726 -3725/-3725/-3725
f -3725/-3725/-3725 -3726/-3726/-3726 -3724/-3724/-3724
f -3725/-3725/-3725 -3724/-3724/-3724 -3816/-3816/-3816
f -3724/-3724/-3724 -3723/-3723/-3723 -3816/-3816/-3816
f -3722/-3722/-3722 -3723/-3723/-3723 -3724/-3724/-3724
f -3722/-3722/-3722 -3721/-3721/-3721 -3723/-3723/-3723
f -3720/-3720/-3720 -3721/-3721/-3721 -3722/-3722/-3722
f -3721/-3721/-3721 -3719/-3719/-3719 -3723/-3723/-3723
f -3718/-3718/-3718 -3722/-3722/-3722 -3724/-3724/-3724
f -3724/-3724/-3724 -3726/-3726/-3726 -3718/-3718/-3718
f -3718/-3718/-3718 -3726/-3726/-3726 -3717/-3717/-3717
f -3718/-3718/-3718 -3716/-3716/-3716 -3722/-3722/-3722
f -3715/-3715/-3715 -3716/-3716/-3716 -3718/-3718/-3718
f -3715/-3715/-3715 -3718/-3718/-3718 -3714/-3714/-3714
f -3726/-3726/-3726 -3713/-3713/-3713 -3717/-3717/-3717
f -3713/-3713/-3713 -3726/-3726/-3726 -3712/-3712/-3712
f -3713/-3713/-3713 -3712/-3712/-3712 -3711/-3711/-3711
f -3711/-3711/-3711 -3712/-3712/-3712 -3710/-3710/-3710
f -3710/-3710/-3710 -3712/-3712/-3712 -3709/-3709/-3709
f -3709/-3709/-3709 -3712/-3712/-3712 -3736/-3736/-3736
f -3720/-3720/-3720 -3708/-3708/-3708 -3721/-3721/-3721
f -3721/-3721/-3721 -3708/-3708/-3708 -3707/-3707/-3707
f -3811/-3811/-3811 -3721/-3721/-3721 -3707/-3707/-3707
f -3799/-3799/-3799 -3811/-3811/-3811 -3707/-3707/-3707
f -3706/-3706/-3706 -3811/-3811/-3811 -3799/-3799/-3799
f -3799/-3799/-3799 -3804/-3804/-3804 -3706/-3706/-3706
f -3799/-3799/-3799 -3707/-3707/-3707 -3705/-3705/-3705
f -3707/-3707/-3707 -3708/-3708/-3708 -3705/-3705/-3705
f -3804/-3804/-3804 -3807/-3807/-3807 -3706/-3706/-3706
f -3706/-3706/-3706 -3807/-3807/-3807 -3810/-3810/-3810
f -3706/-3706/-3706 -3813/-3813/-3813 -3811/-3811/-3811
f -3810/-3810/-3810 -3813/-3813/-3813 -3706/-3706/-3706
f -3708/-3708/-3708 -3790/-3790/-3790 -3705/-3705/-3705
f -3790/-3790/-3790 -3799/-3799/-3799 -3705/-3705/-3705
f -3704/-3704/-3704 -3790/-3790/-3790 -3708/-3708/-3708
f -3790/-3790/-3790 -3704/-3704/-3704 -3732/-3732/-3732
f -3709/-3709/-3709 -3736/-3736/-3736 -3703/-3703/-3703
f -3709/-3709/-3709 -3703/-3703/-3703 -3702/-3702/-3702
f -3704/-3704/-3704 -3708/-3708/-3708 -3720/-3720/-3720
f -3704/-3704/-3704 -3720/-3720/-3720 -3701/-3701/-3701
f -3700/-3700/-3700 -3704/-3704/-3704 -3701/-3701/-3701
f -3701/-3701/-3701 -3699/-3699/-3699 -3700/-3700/-3700
f -3700/-3700/-3700 -3699/-3699/-3699 -3698/-3698/-3698
f -3699/-3699/-3699 -3697/-3697/-3697 -3698/-3698/-3698
f -3720/-3720/-3720 -3697/-3697/-3697 -3699/-3699/-3699
f -3698/-3698/-3698 -3697/-3697/-3697 -3696/-3696/-3696
f -3701/-3701/-3701 -3695/-3695/-3695 -3699/-3699/-3699
f -3696/-3696/-3696 -3694/-3694/-3694 -3698/-3698/-3698
f -3693/-3693/-3693 -3694/-3694/-3694 -3696/-3696/-3696
f -3720/-3720/-3720 -3692/-3692/-3692 -3697/-3697/-3697
f -3692/-3692/-3692 -3715/-3715/-3715 -3697/-3697/-3697
f -3697/-3697/-3697 -3715/-3715/-3715 -3691/-3691/-3691
f -3716/-3716/-3716 -3715/-3715/-3715 -3692/-3692/-3692
f -3718/-3718/-3718 -3694/-3694/-3694 -3693/-3693/-3693
f -3718/-3718/-3718 -3717/-3717/-3717 -3694/-3694/-3694
f -3689/-3689/-3689 -3715/-3715/-3715 -3690/-3690/-3690
f -3688/-3688/-3688 -3722/-3722/-3722 -3716/-3716/-3716
f -3686/-3686/-3686 -3687/-3687/-3687 -3688/-3688/-3688
f -3694/-3694/-3694 -3685/-3685/-3685 -3684/-3684/-3684
f -3684/-3684/-3684 -3685/-3685/-3685 -3700/-3700/-3700
f -3683/-3683/-3683 -3731/-3731/-3731 -3700/-3700/-3700
f -3730/-3730/-3730 -3731/-3731/-3731 -3683/-3683/-3683
f -3682/-3682/-3682 -3730/-3730/-3730 -3683/-3683/-3683
f -3717/-3717/-3717 -3682/-3682/-3682 -3683/-3683/-3683
f -3681/-3681/-3681 -3730/-3730/-3730 -3682/-3682/-3682
f -3730/-3730/-3730 -3681/-3681/-3681 -3729/-3729/-3729
f -3729/-3729/-3729 -3681/-3681/-3681 -3680/-3680/-3680
f -3685/-3685/-3685 -3679/-3679/-3679 -3682/-3682/-3682
f -3677/-3677/-3677 -3685/-3685/-3685 -3678/-3678/-3678
f -3732/-3732/-3732 -3677/-3677/-3677 -3731/-3731/-3731
f -3732/-3732/-3732 -3704/-3704/-3704 -3677/-3677/-3677
f -3674/-3674/-3674 -3676/-3676/-3676 -3675/-3675/-3675
f -3673/-3673/-3673 -3674/-3674/-3674 -3675/-3675/-3675
f -3674/-3674/-3674 -3673/-3673/-3673 -3672/-3672/-3672
f -3672/-3672/-3672 -3673/-3673/-3673 -3671/-3671/-3671
f -3671/-3671/-3671 -3670/-3670/-3670 -3672/-3672/-3672
f -3672/-3672/-3672 -3670/-3670/-3670 -3669/-3669/-3669
f -3672/-3672/-3672 -3669/-3669/-3669 -3674/-3674/-3674
f -3668/-3668/-3668 -3670/-3670/-3670 -3671/-3671/-3671
f -3667/-3667/-3667 -3670/-3670/-3670 -3668/-3668/-3668
f -3671/-3671/-3671 -3673/-3673/-3673 -3666/-3666/-3666
f -3665/-3665/-3665 -3666/-3666/-3666 -3673/-3673/-3673
f -3675/-3675/-3675 -3665/-3665/-3665 -3673/-3673/-3673
f -3664/-3664/-3664 -3666/-3666/-3666 -3665/-3665/-3665
f -3663/-3663/-3663 -3667/-3667/-3667 -3668/-3668/-3668
f -3662/-3662/-3662 -3667/-3667/-3667 -3663/-3663/-3663
f -3662/-3662/-3662 -3663/-3663/-3663 -3661/-3661/-3661
f -3660/-3660/-3660 -3661/-3661/-3661 -3663/-3663/-3663
f -3659/-3659/-3659 -3661/-3661/-3661 -3660/-3660/-3660
f -3658/-3658/-3658 -3662/-3662/-3662 -3661/-3661/-3661
f -3659/-3659/-3659 -3657/-3657/-3657 -3661/-3661/-3661
f -3659/-3659/-3659 -3656/-3656/-3656 -3657/-3657/-3657
f -3655/-3655/-3655 -3656/-3656/-3656 -3659/-3659/-3659
f -3661/-3661/-3661 -3657/-3657/-3657 -3654/-3654/-3654
f -3654/-3654/-3654 -3658/-3658/-3658 -3661/-3661/-3661
f -3653/-3653/-3653 -3655/-3655/-3655 -3659/-3659/-3659
f -3657/-3657/-3657 -3652/-3652/-3652 -3654/-3654/-3654
f -3657/-3657/-3657 -3651/-3651/-3651 -3652/-3652/-3652
f -3650/-3650/-3650 -3652/-3652/-3652 -3651/-3651/-3651
f -3649/-3649/-3649 -3652/-3652/-3652 -3650/-3650/-3650
f -3648/-3648/-3648 -3649/-3649/-3649 -3650/-3650/-3650
f -3651/-3651/-3651 -3647/-3647/-3647 -3650/-3650/-3650
f -3646/-3646/-3646 -3647/-3647/-3647 -3651/-3651/-3651
f -3645/-3645/-3645 -3650/-3650/-3650 -3647/-3647/-3647
f -3648/-3648/-3648 -3650/-3650/-3650 -3645/-3645/-3645
f -3648/-3648/-3648 -3644/-3644/-3644 -3649/-3649/-3649
f -3645/-3645/-3645 -3644/-3644/-3644 -3648/-3648/-3648
f -3649/-3649/-3649 -3644/-3644/-3644 -3643/-3643/-3643
f -3642/-3642/-3642 -3651/-3651/-3651 -3657/-3657/-3657
f -3642/-3642/-3642 -3646/-3646/-3646 -3651/-3651/-3651
f -3642/-3642/-3642 -3657/-3657/-3657 -3656/-3656/-3656
f -3642/-3642/-3642 -3656/-3656/-3656 -3641/-3641/-3641
f -3641/-3641/-3641 -3646/-3646/-3646 -3642/-3642/-3642
f -3641/-3641/-3641 -3656/-3656/-3656 -3640/-3640/-3640
f -3639/-3639/-3639 -3644/-3644/-3644 -3645/-3645/-3645
f -3638/-3638/-3638 -3652/-3652/-3652 -3649/-3649/-3649
f -3643/-3643/-3643 -3638/-3638/-3638 -3649/-3649/-3649
f -3654/-3654/-3654 -3652/-3652/-3652 -3638/-3638/-3638
f -3637/-3637/-3637 -3638/-3638/-3638 -3643/-3643/-3643
f -3638/-3638/-3638 -3637/-3637/-3637 -3636/-3636/-3636
f -3636/-3636/-3636 -3658/-3658/-3658 -3638/-3638/-3638
f -3658/-3658/-3658 -3654/-3654/-3654 -3638/-3638/-3638
f -3636/-3636/-3636 -3635/-3635/-3635 -3658/-3658/-3658
f -3634/-3634/-3634 -3635/-3635/-3635 -3636/-3636/-3636
f -3636/-3636/-3636 -3633/-3633/-3633 -3634/-3634/-3634
f -3632/-3632/-3632 -3633/-3633/-3633 -3636/-3636/-3636
f -3635/-3635/-3635 -3634/-3634/-3634 -3631/-3631/-3631
f -3630/-3630/-3630 -3635/-3635/-3635 -3631/-3631/-3631
f -3629/-3629/-3629 -3635/-3635/-3635 -3630/-3630/-3630
f -3635/-3635/-3635 -3629/-3629/-3629 -3658/-3658/-3658
f -3631/-3631/-3631 -3634/-3634/-3634 -3628/-3628/-3628
f -3634/-3634/-3634 -3633/-3633/-3633 -3628/-3628/-3628
f -3628/-3628/-3628 -3627/-3627/-3627 -3631/-3631/-3631
f -3626/-3626/-3626 -3627/-3627/-3627 -3628/-3628/-3628
f -3628/-3628/-3628 -3625/-3625/-3625 -3626/-3626/-3626
f -3624/-3624/-3624 -3625/-3625/-3625 -3628/-3628/-3628
f -3633/-3633/-3633 -3624/-3624/-3624 -3628/-3628/-3628
f -3623/-3623/-3623 -3629/-3629/-3629 -3630/-3630/-3630
f -3629/-3629/-3629 -3623/-3623/-3623 -3662/-3662/-3662
f -3658/-3658/-3658 -3629/-3629/-3629 -3662/-3662/-3662
f -3662/-3662/-3662 -3623/-3623/-3623 -3667/-3667/-3667
f -3631/-3631/-3631 -3622/-3622/-3622 -3630/-3630/-3630
f -3627/-3627/-3627 -3622/-3622/-3622 -3631/-3631/-3631
f -3621/-3621/-3621 -3622/-3622/-3622 -3627/-3627/-3627
f -3622/-3622/-3622 -3620/-3620/-3620 -3630/-3630/-3630
f -3620/-3620/-3620 -3623/-3623/-3623 -3630/-3630/-3630
f -3620/-3620/-3620 -3619/-3619/-3619 -3623/-3623/-3623
f -3619/-3619/-3619 -3620/-3620/-3620 -3618/-3618/-3618
f -3620/-3620/-3620 -3617/-3617/-3617 -3618/-3618/-3618
f -3617/-3617/-3617 -3620/-3620/-3620 -3616/-3616/-3616
f -3616/-3616/-3616 -3620/-3620/-3620 -3622/-3622/-3622
f -3615/-3615/-3615 -3617/-3617/-3617 -3616/-3616/-3616
f -3614/-3614/-3614 -3618/-3618/-3618 -3617/-3617/-3617
f -3618/-3618/-3618 -3614/-3614/-3614 -3613/-3613/-3613
f -3619/-3619/-3619 -3618/-3618/-3618 -3613/-3613/-3613
f -3613/-3613/-3613 -3614/-3614/-3614 -3612/-3612/-3612
f -3611/-3611/-3611 -3613/-3613/-3613 -3612/-3612/-3612
f -3610/-3610/-3610 -3613/-3613/-3613 -3611/-3611/-3611
f -3614/-3614/-3614 -3609/-3609/-3609 -3612/-3612/-3612
f -3609/-3609/-3609 -3611/-3611/-3611 -3612/-3612/-3612
f -3610/-3610/-3610 -3611/-3611/-3611 -3608/-3608/-3608
f -3608/-3608/-3608 -3611/-3611/-3611 -3607/-3607/-3607
f -3607/-3607/-3607 -3606/-3606/-3606 -3608/-3608/-3608
f -3605/-3605/-3605 -3607/-3607/-3607 -3611/-3611/-3611
f -3605/-3605/-3605 -3611/-3611/-3611 -3609/-3609/-3609
f -3604/-3604/-3604 -3605/-3605/-3605 -3609/-3609/-3609
f -3606/-3606/-3606 -3607/-3607/-3607 -3603/-3603/-3603
f -3610/-3610/-3610 -3602/-3602/-3602 -3613/-3613/-3613
f -3602/-3602/-3602 -3608/-3608/-3608 -3606/-3606/-3606
f -3608/-3608/-3608 -3602/-3602/-3602 -3610/-3610/-3610
f -3602/-3602/-3602 -3606/-3606/-3606 -3601/-3601/-3601
f -3613/-3613/-3613 -3602/-3602/-3602 -3619/-3619/-3619
f -3601/-3601/-3601 -3600/-3600/-3600 -3602/-3602/-3602
f -3602/-3602/-3602 -3600/-3600/-3600 -3669/-3669/-3669
f -3669/-3669/-3669 -3619/-3619/-3619 -3602/-3602/-3602
f -3674/-3674/-3674 -3669/-3669/-3669 -3600/-3600/-3600
f -3604/-3604/-3604 -3609/-3609/-3609 -3599/-3599/-3599
f -3599/-3599/-3599 -3598/-3598/-3598 -3604/-3604/-3604
f -3597/-3597/-3597 -3598/-3598/-3598 -3599/-3599/-3599
f -3604/-3604/-3604 -3598/-3598/-3598 -3596/-3596/-3596
f -3598/-3598/-3598 -3595/-3595/-3595 -3596/-3596/-3596
f -3594/-3594/-3594 -3595/-3595/-3595 -3598/-3598/-3598
f -3594/-3594/-3594 -3593/-3593/-3593 -3595/-3595/-3595
f -3592/-3592/-3592 -3593/-3593/-3593 -3594/-3594/-3594
f -3592/-3592/-3592 -3594/-3594/-3594 -3591/-3591/-3591
f -3590/-3590/-3590 -3592/-3592/-3592 -3591/-3591/-3591
f -3589/-3589/-3589 -3592/-3592/-3592 -3590/-3590/-3590
f -3592/-3592/-3592 -3589/-3589/-3589 -3593/-3593/-3593
f -3591/-3591/-3591 -3594/-3594/-3594 -3588/-3588/-3588
f -3587/-3587/-3587 -3591/-3591/-3591 -3588/-3588/-3588
f -3587/-3587/-3587 -3588/-3588/-3588 -3586/-3586/-3586
f -3594/-3594/-3594 -3586/-3586/-3586 -3588/-3588/-3588
f -3598/-3598/-3598 -3586/-3586/-3586 -3594/-3594/-3594
f -3585/-3585/-3585 -3587/-3587/-3587 -3586/-3586/-3586
f -3584/-3584/-3584 -3587/-3587/-3587 -3585/-3585/-3585
f -3595/-3595/-3595 -3583/-3583/-3583 -3596/-3596/-3596
f -3582/-3582/-3582 -3583/-3583/-3583 -3595/-3595/-3595
f -3593/-3593/-3593 -3582/-3582/-3582 -3595/-3595/-3595
f -3582/-3582/-3582 -3593/-3593/-3593 -3581/-3581/-3581
f -3589/-3589/-3589 -3590/-3590/-3590 -3580/-3580/-3580
f -3580/-3580/-3580 -3590/-3590/-3590 -3579/-3579/-3579
f -3593/-3593/-3593 -3589/-3589/-3589 -3578/-3578/-3578
f -3580/-3580/-3580 -3578/-3578/-3578 -3589/-3589/-3589
f -3593/-3593/-3593 -3578/-3578/-3578 -3581/-3581/-3581
f -3584/-3584/-3584 -3585/-3585/-3585 -3577/-3577/-3577
f -3584/-3584/-3584 -3577/-3577/-3577 -3576/-3576/-3576
f -3584/-3584/-3584 -3576/-3576/-3576 -3587/-3587/-3587
f -3576/-3576/-3576 -3577/-3577/-3577 -3575/-3575/-3575
f -3577/-3577/-3577 -3574/-3574/-3574 -3575/-3575/-3575
f -3573/-3573/-3573 -3574/-3574/-3574 -3577/-3577/-3577
f -3573/-3573/-3573 -3577/-3577/-3577 -3572/-3572/-3572
f -3572/-3572/-3572 -3577/-3577/-3577 -3571/-3571/-3571
f -3577/-3577/-3577 -3585/-3585/-3585 -3571/-3571/-3571
f -3570/-3570/-3570 -3573/-3573/-3573 -3572/-3572/-3572
f -3569/-3569/-3569 -3573/-3573/-3573 -3570/-3570/-3570
f -3573/-3573/-3573 -3568/-3568/-3568 -3574/-3574/-3574
f -3569/-3569/-3569 -3568/-3568/-3568 -3573/-3573/-3573
f -3567/-3567/-3567 -3570/-3570/-3570 -3572/-3572/-3572
f -3566/-3566/-3566 -3570/-3570/-3570 -3567/-3567/-3567
f -3565/-3565/-3565 -3572/-3572/-3572 -3571/-3571/-3571
f -3567/-3567/-3567 -3572/-3572/-3572 -3565/-3565/-3565
f -3564/-3564/-3564 -3580/-3580/-3580 -3579/-3579/-3579
f -3574/-3574/-3574 -3563/-3563/-3563 -3575/-3575/-3575
f -3563/-3563/-3563 -3576/-3576/-3576 -3575/-3575/-3575
f -3576/-3576/-3576 -3563/-3563/-3563 -3562/-3562/-3562
f -3562/-3562/-3562 -3563/-3563/-3563 -3561/-3561/-3561
f -3563/-3563/-3563 -3560/-3560/-3560 -3561/-3561/-3561
f -3560/-3560/-3560 -3563/-3563/-3563 -3574/-3574/-3574
f -3568/-3568/-3568 -3560/-3560/-3560 -3574/-3574/-3574
f -3561/-3561/-3561 -3560/-3560/-3560 -3559/-3559/-3559
f -3558/-3558/-3558 -3561/-3561/-3561 -3559/-3559/-3559
f -3559/-3559/-3559 -3557/-3557/-3557 -3558/-3558/-3558
f -3556/-3556/-3556 -3557/-3557/-3557 -3559/-3559/-3559
f -3555/-3555/-3555 -3558/-3558/-3558 -3557/-3557/-3557
f -3554/-3554/-3554 -3561/-3561/-3561 -3558/-3558/-3558
f -3554/-3554/-3554 -3562/-3562/-3562 -3561/-3561/-3561
f -3559/-3559/-3559 -3553/-3553/-3553 -3556/-3556/-3556
f -3560/-3560/-3560 -3553/-3553/-3553 -3559/-3559/-3559
f -3553/-3553/-3553 -3560/-3560/-3560 -3568/-3568/-3568
f -3565/-3565/-3565 -3627/-3627/-3627 -3567/-3567/-3567
f -3567/-3567/-3567 -3627/-3627/-3627 -3626/-3626/-3626
f -3566/-3566/-3566 -3626/-3626/-3626 -3625/-3625/-3625
f -3558/-3558/-3558 -3552/-3552/-3552 -3554/-3554/-3554
f -3551/-3551/-3551 -3552/-3552/-3552 -3558/-3558/-3558
f -3552/-3552/-3552 -3550/-3550/-3550 -3554/-3554/-3554
f -3550/-3550/-3550 -3562/-3562/-3562 -3554/-3554/-3554
f -3550/-3550/-3550 -3549/-3549/-3549 -3562/-3562/-3562
f -3548/-3548/-3548 -3549/-3549/-3549 -3550/-3550/-3550
f -3547/-3547/-3547 -3548/-3548/-3548 -3550/-3550/-3550
f -3546/-3546/-3546 -3548/-3548/-3548 -3547/-3547/-3547
f -3545/-3545/-3545 -3548/-3548/-3548 -3546/-3546/-3546
f -3545/-3545/-3545 -3546/-3546/-3546 -3544/-3544/-3544
f -3544/-3544/-3544 -3546/-3546/-3546 -3543/-3543/-3543
f -3546/-3546/-3546 -3547/-3547/-3547 -3542/-3542/-3542
f -3549/-3549/-3549 -3576/-3576/-3576 -3562/-3562/-3562
f -3541/-3541/-3541 -3576/-3576/-3576 -3549/-3549/-3549
f -3549/-3549/-3549 -3579/-3579/-3579 -3541/-3541/-3541
f -3587/-3587/-3587 -3576/-3576/-3576 -3541/-3541/-3541
f -3587/-3587/-3587 -3541/-3541/-3541 -3591/-3591/-3591
f -3591/-3591/-3591 -3541/-3541/-3541 -3590/-3590/-3590
f -3579/-3579/-3579 -3590/-3590/-3590 -3541/-3541/-3541
f -3548/-3548/-3548 -3540/-3540/-3540 -3549/-3549/-3549
f -3540/-3540/-3540 -3548/-3548/-3548 -3545/-3545/-3545
f -3545/-3545/-3545 -3539/-3539/-3539 -3540/-3540/-3540
f -3545/-3545/-3545 -3538/-3538/-3538 -3539/-3539/-3539
f -3539/-3539/-3539 -3538/-3538/-3538 -3537/-3537/-3537
f -3545/-3545/-3545 -3536/-3536/-3536 -3538/-3538/-3538
f -3535/-3535/-3535 -3536/-3536/-3536 -3545/-3545/-3545
f -3534/-3534/-3534 -3538/-3538/-3538 -3536/-3536/-3536
f -3534/-3534/-3534 -3536/-3536/-3536 -3535/-3535/-3535
f -3539/-3539/-3539 -3533/-3533/-3533 -3540/-3540/-3540
f -3540/-3540/-3540 -3533/-3533/-3533 -3532/-3532/-3532
f -3532/-3532/-3532 -3533/-3533/-3533 -3564/-3564/-3564
f -3579/-3579/-3579 -3532/-3532/-3532 -3564/-3564/-3564
f -3564/-3564/-3564 -3533/-3533/-3533 -3531/-3531/-3531
f -3530/-3530/-3530 -3564/-3564/-3564 -3531/-3531/-3531
f -3580/-3580/-3580 -3564/-3564/-3564 -3530/-3530/-3530
f -3530/-3530/-3530 -3531/-3531/-3531 -3529/-3529/-3529
f -3533/-3533/-3533 -3529/-3529/-3529 -3531/-3531/-3531
f -3533/-3533/-3533 -3528/-3528/-3528 -3529/-3529/-3529
f -3539/-3539/-3539 -3527/-3527/-3527 -3528/-3528/-3528
f -3526/-3526/-3526 -3528/-3528/-3528 -3527/-3527/-3527
f -3526/-3526/-3526 -3529/-3529/-3529 -3528/-3528/-3528
f -3525/-3525/-3525 -3528/-3528/-3528 -3533/-3533/-3533
f -3524/-3524/-3524 -3530/-3530/-3530 -3529/-3529/-3529
f -3530/-3530/-3530 -3524/-3524/-3524 -3580/-3580/-3580
f -3523/-3523/-3523 -3524/-3524/-3524 -3529/-3529/-3529
f -3522/-3522/-3522 -3524/-3524/-3524 -3523/-3523/-3523
f -3581/-3581/-3581 -3524/-3524/-3524 -3522/-3522/-3522
f -3581/-3581/-3581 -3522/-3522/-3522 -3521/-3521/-3521
f -3521/-3521/-3521 -3522/-3522/-3522 -3520/-3520/-3520
f -3522/-3522/-3522 -3519/-3519/-3519 -3520/-3520/-3520
f -3522/-3522/-3522 -3523/-3523/-3523 -3519/-3519/-3519
f -3520/-3520/-3520 -3519/-3519/-3519 -3518/-3518/-3518
f -3519/-3519/-3519 -3523/-3523/-3523 -3517/-3517/-3517
f -3523/-3523/-3523 -3529/-3529/-3529 -3517/-3517/-3517
f -3516/-3516/-3516 -3520/-3520/-3520 -3518/-3518/-3518
f -3515/-3515/-3515 -3520/-3520/-3520 -3516/-3516/-3516
f -3515/-3515/-3515 -3521/-3521/-3521 -3520/-3520/-3520
f -3514/-3514/-3514 -3521/-3521/-3521 -3515/-3515/-3515
f -3516/-3516/-3516 -3603/-3603/-3603 -3515/-3515/-3515
f -3515/-3515/-3515 -3603/-3603/-3603 -3607/-3607/-3607
f -3515/-3515/-3515 -3607/-3607/-3607 -3514/-3514/-3514
f -3514/-3514/-3514 -3607/-3607/-3607 -3605/-3605/-3605
f -3521/-3521/-3521 -3582/-3582/-3582 -3581/-3581/-3581
f -3583/-3583/-3583 -3582/-3582/-3582 -3521/-3521/-3521
f -3514/-3514/-3514 -3583/-3583/-3583 -3521/-3521/-3521
f -3604/-3604/-3604 -3583/-3583/-3583 -3514/-3514/-3514
f -3514/-3514/-3514 -3513/-3513/-3513 -3604/-3604/-3604
f -3604/-3604/-3604 -3596/-3596/-3596 -3583/-3583/-3583
f -3517/-3517/-3517 -3529/-3529/-3529 -3512/-3512/-3512
f -3529/-3529/-3529 -3526/-3526/-3526 -3512/-3512/-3512
f -3526/-3526/-3526 -3527/-3527/-3527 -3511/-3511/-3511
f -3510/-3510/-3510 -3511/-3511/-3511 -3527/-3527/-3527
f -3509/-3509/-3509 -3527/-3527/-3527 -3539/-3539/-3539
f -3506/-3506/-3506 -3508/-3508/-3508 -3507/-3507/-3507
f -3507/-3507/-3507 -3508/-3508/-3508 -3505/-3505/-3505
f -3508/-3508/-3508 -3504/-3504/-3504 -3505/-3505/-3505
f -3504/-3504/-3504 -3503/-3503/-3503 -3505/-3505/-3505
f -3502/-3502/-3502 -3505/-3505/-3505 -3503/-3503/-3503
f -3502/-3502/-3502 -3501/-3501/-3501 -3505/-3505/-3505
f -3500/-3500/-3500 -3504/-3504/-3504 -3508/-3508/-3508
f -3499/-3499/-3499 -3500/-3500/-3500 -3508/-3508/-3508
f -3505/-3505/-3505 -3501/-3501/-3501 -3498/-3498/-3498
f -3498/-3498/-3498 -3501/-3501/-3501 -3497/-3497/-3497
f -3497/-3497/-3497 -3496/-3496/-3496 -3498/-3498/-3498
f -3496/-3496/-3496 -3495/-3495/-3495 -3498/-3498/-3498
f -3494/-3494/-3494 -3496/-3496/-3496 -3497/-3497/-3497
f -3498/-3498/-3498 -3493/-3493/-3493 -3505/-3505/-3505
f -3495/-3495/-3495 -3493/-3493/-3493 -3498/-3498/-3498
f -3492/-3492/-3492 -3505/-3505/-3505 -3493/-3493/-3493
f -3491/-3491/-3491 -3505/-3505/-3505 -3492/-3492/-3492
f -3491/-3491/-3491 -3490/-3490/-3490 -3505/-3505/-3505
f -3489/-3489/-3489 -3495/-3495/-3495 -3496/-3496/-3496
f -3488/-3488/-3488 -3489/-3489/-3489 -3496/-3496/-3496
f -3494/-3494/-3494 -3487/-3487/-3487 -3496/-3496/-3496
f -3487/-3487/-3487 -3488/-3488/-3488 -3496/-3496/-3496
f -3505/-3505/-3505 -3490/-3490/-3490 -3507/-3507/-3507
f -3486/-3486/-3486 -3499/-3499/-3499 -3508/-3508/-3508
f -3506/-3506/-3506 -3486/-3486/-3486 -3508/-3508/-3508
f -3483/-3483/-3483 -3485/-3485/-3485 -3484/-3484/-3484
f -3481/-3481/-3481 -3482/-3482/-3482 -3483/-3483/-3483
f -3481/-3481/-3481 -3480/-3480/-3480 -3479/-3479/-3479
f -3478/-3478/-3478 -3710/-3710/-3710 -3481/-3481/-3481
f -3479/-3479/-3479 -3710/-3710/-3710 -3477/-3477/-3477
f -3710/-3710/-3710 -3709/-3709/-3709 -3476/-3476/-3476
f -3473/-3473/-3473 -3475/-3475/-3475 -3474/-3474/-3474
f -3475/-3475/-3475 -3473/-3473/-3473 -3472/-3472/-3472
f -3469/-3469/-3469 -3471/-3471/-3471 -3470/-3470/-3470
f -3471/-3471/-3471 -3468/-3468/-3468 -3470/-3470/-3470
f -3470/-3470/-3470 -3468/-3468/-3468 -3467/-3467/-3467
f -3470/-3470/-3470 -3466/-3466/-3466 -3469/-3469/-3469
f -3469/-3469/-3469 -3466/-3466/-3466 -3465/-3465/-3465
f -3465/-3465/-3465 -3466/-3466/-3466 -3464/-3464/-3464
f -3463/-3463/-3463 -3465/-3465/-3465 -3464/-3464/-3464
f -3462/-3462/-3462 -3465/-3465/-3465 -3463/-3463/-3463
f -3461/-3461/-3461 -3465/-3465/-3465 -3462/-3462/-3462
f -3460/-3460/-3460 -3461/-3461/-3461 -3462/-3462/-3462
f -3460/-3460/-3460 -3462/-3462/-3462 -3463/-3463/-3463
f -3459/-3459/-3459 -3461/-3461/-3461 -3460/-3460/-3460
f -3458/-3458/-3458 -3459/-3459/-3459 -3460/-3460/-3460
f -3460/-3460/-3460 -3463/-3463/-3463 -3458/-3458/-3458
f -3459/-3459/-3459 -3458/-3458/-3458 -3457/-3457/-3457
f -3461/-3461/-3461 -3459/-3459/-3459 -3457/-3457/-3457
f -3457/-3457/-3457 -3458/-3458/-3458 -3456/-3456/-3456
f -3455/-3455/-3455 -3456/-3456/-3456 -3458/-3458/-3458
f -3454/-3454/-3454 -3456/-3456/-3456 -3455/-3455/-3455
f -3453/-3453/-3453 -3458/-3458/-3458 -3463/-3463/-3463
f -3455/-3455/-3455 -3458/-3458/-3458 -3453/-3453/-3453
f -3452/-3452/-3452 -3455/-3455/-3455 -3453/-3453/-3453
f -3453/-3453/-3453 -3451/-3451/-3451 -3452/-3452/-3452
f -3452/-3452/-3452 -3451/-3451/-3451 -3450/-3450/-3450
f -3449/-3449/-3449 -3450/-3450/-3450 -3451/-3451/-3451
f -3450/-3450/-3450 -3449/-3449/-3449 -3448/-3448/-3448
f -3447/-3447/-3447 -3450/-3450/-3450 -3448/-3448/-3448
f -3452/-3452/-3452 -3450/-3450/-3450 -3447/-3447/-3447
f -3446/-3446/-3446 -3455/-3455/-3455 -3452/-3452/-3452
f -3445/-3445/-3445 -3452/-3452/-3452 -3447/-3447/-3447
f -3444/-3444/-3444 -3455/-3455/-3455 -3445/-3445/-3445
f -3444/-3444/-3444 -3447/-3447/-3447 -3454/-3454/-3454
f -3444/-3444/-3444 -3454/-3454/-3454 -3455/-3455/-3455
f -3443/-3443/-3443 -3447/-3447/-3447 -3444/-3444/-3444
f -3448/-3448/-3448 -3449/-3449/-3449 -3442/-3442/-3442
f -3449/-3449/-3449 -3441/-3441/-3441 -3442/-3442/-3442
f -3449/-3449/-3449 -3440/-3440/-3440 -3441/-3441/-3441
f -3449/-3449/-3449 -3451/-3451/-3451 -3440/-3440/-3440
f -3439/-3439/-3439 -3442/-3442/-3442 -3441/-3441/-3441
f -3438/-3438/-3438 -3442/-3442/-3442 -3439/-3439/-3439
f -3442/-3442/-3442 -3438/-3438/-3438 -3448/-3448/-3448
f -3437/-3437/-3437 -3438/-3438/-3438 -3439/-3439/-3439
f -3438/-3438/-3438 -3437/-3437/-3437 -3436/-3436/-3436
f -3448/-3448/-3448 -3438/-3438/-3438 -3436/-3436/-3436
f -3436/-3436/-3436 -3456/-3456/-3456 -3448/-3448/-3448
f -3435/-3435/-3435 -3456/-3456/-3456 -3436/-3436/-3436
f -3437/-3437/-3437 -3435/-3435/-3435 -3436/-3436/-3436
f -3434/-3434/-3434 -3435/-3435/-3435 -3437/-3437/-3437
f -3437/-3437/-3437 -3439/-3439/-3439 -3433/-3433/-3433
f -3432/-3432/-3432 -3437/-3437/-3437 -3433/-3433/-3433
f -3432/-3432/-3432 -3433/-3433/-3433 -3431/-3431/-3431
f -3431/-3431/-3431 -3433/-3433/-3433 -3430/-3430/-3430
f -3429/-3429/-3429 -3437/-3437/-3437 -3432/-3432/-3432
f -3432/-3432/-3432 -3428/-3428/-3428 -3429/-3429/-3429
f -3429/-3429/-3429 -3428/-3428/-3428 -3427/-3427/-3427
f -3456/-3456/-3456 -3435/-3435/-3435 -3457/-3457/-3457
f -3457/-3457/-3457 -3435/-3435/-3435 -3426/-3426/-3426
f -3434/-3434/-3434 -3426/-3426/-3426 -3435/-3435/-3435
f -3425/-3425/-3425 -3457/-3457/-3457 -3426/-3426/-3426
f -3426/-3426/-3426 -3424/-3424/-3424 -3425/-3425/-3425
f -3425/-3425/-3425 -3424/-3424/-3424 -3423/-3423/-3423
f -3422/-3422/-3422 -3424/-3424/-3424 -3426/-3426/-3426
f -3422/-3422/-3422 -3426/-3426/-3426 -3434/-3434/-3434
f -3421/-3421/-3421 -3424/-3424/-3424 -3422/-3422/-3422
f -3424/-3424/-3424 -3421/-3421/-3421 -3420/-3420/-3420
f -3421/-3421/-3421 -3419/-3419/-3419 -3420/-3420/-3420
f -3419/-3419/-3419 -3418/-3418/-3418 -3420/-3420/-3420
f -3417/-3417/-3417 -3421/-3421/-3421 -3422/-3422/-3422
f -3419/-3419/-3419 -3421/-3421/-3421 -3417/-3417/-3417
f -3416/-3416/-3416 -3419/-3419/-3419 -3417/-3417/-3417
f -3418/-3418/-3418 -3419/-3419/-3419 -3416/-3416/-3416
f -3416/-3416/-3416 -3415/-3415/-3415 -3418/-3418/-3418
f -3418/-3418/-3418 -3415/-3415/-3415 -3414/-3414/-3414
f -3414/-3414/-3414 -3413/-3413/-3413 -3418/-3418/-3418
f -3413/-3413/-3413 -3420/-3420/-3420 -3418/-3418/-3418
f -3412/-3412/-3412 -3413/-3413/-3413 -3414/-3414/-3414
f -3415/-3415/-3415 -3411/-3411/-3411 -3414/-3414/-3414
f -3412/-3412/-3412 -3414/-3414/-3414 -3411/-3411/-3411
f -3410/-3410/-3410 -3411/-3411/-3411 -3415/-3415/-3415
f -3412/-3412/-3412 -3411/-3411/-3411 -3409/-3409/-3409
f -3408/-3408/-3408 -3409/-3409/-3409 -3411/-3411/-3411
f -3407/-3407/-3407 -3408/-3408/-3408 -3411/-3411/-3411
f -3411/-3411/-3411 -3410/-3410/-3410 -3407/-3407/-3407
f -3406/-3406/-3406 -3408/-3408/-3408 -3407/-3407/-3407
f -3405/-3405/-3405 -3406/-3406/-3406 -3407/-3407/-3407
f -3404/-3404/-3404 -3406/-3406/-3406 -3405/-3405/-3405
f -3403/-3403/-3403 -3404/-3404/-3404 -3405/-3405/-3405
f -3402/-3402/-3402 -3404/-3404/-3404 -3403/-3403/-3403
f -3401/-3401/-3401 -3402/-3402/-3402 -3403/-3403/-3403
f -3400/-3400/-3400 -3402/-3402/-3402 -3401/-3401/-3401
f -3408/-3408/-3408 -3406/-3406/-3406 -3399/-3399/-3399
f -3399/-3399/-3399 -3406/-3406/-3406 -3398/-3398/-3398
f -3398/-3398/-3398 -3397/-3397/-3397 -3399/-3399/-3399
f -3399/-3399/-3399 -3397/-3397/-3397 -3396/-3396/-3396
f -3395/-3395/-3395 -3408/-3408/-3408 -3399/-3399/-3399
f -3409/-3409/-3409 -3408/-3408/-3408 -3395/-3395/-3395
f -3395/-3395/-3395 -3399/-3399/-3399 -3396/-3396/-3396
f -3409/-3409/-3409 -3395/-3395/-3395 -3394/-3394/-3394
f -3394/-3394/-3394 -3393/-3393/-3393 -3409/-3409/-3409
f -3392/-3392/-3392 -3409/-3409/-3409 -3393/-3393/-3393
f -3393/-3393/-3393 -3391/-3391/-3391 -3392/-3392/-3392
f -3390/-3390/-3390 -3392/-3392/-3392 -3391/-3391/-3391
f -3389/-3389/-3389 -3392/-3392/-3392 -3390/-3390/-3390
f -3392/-3392/-3392 -3389/-3389/-3389 -3388/-3388/-3388
f -3388/-3388/-3388 -3409/-3409/-3409 -3392/-3392/-3392
f -3388/-3388/-3388 -3389/-3389/-3389 -3387/-3387/-3387
f -3387/-3387/-3387 -3386/-3386/-3386 -3388/-3388/-3388
f -3388/-3388/-3388 -3386/-3386/-3386 -3420/-3420/-3420
f -3391/-3391/-3391 -3385/-3385/-3385 -3390/-3390/-3390
f -3385/-3385/-3385 -3384/-3384/-3384 -3390/-3390/-3390
f -3384/-3384/-3384 -3389/-3389/-3389 -3390/-3390/-3390
f -3383/-3383/-3383 -3384/-3384/-3384 -3385/-3385/-3385
f -3384/-3384/-3384 -3383/-3383/-3383 -3382/-3382/-3382
f -3381/-3381/-3381 -3385/-3385/-3385 -3391/-3391/-3391
f -3385/-3385/-3385 -3381/-3381/-3381 -3380/-3380/-3380
f -3380/-3380/-3380 -3381/-3381/-3381 -3379/-3379/-3379
f -3379/-3379/-3379 -3378/-3378/-3378 -3380/-3380/-3380
f -3377/-3377/-3377 -3378/-3378/-3378 -3379/-3379/-3379
f -3379/-3379/-3379 -3376/-3376/-3376 -3377/-3377/-3377
f -3381/-3381/-3381 -3376/-3376/-3376 -3379/-3379/-3379
f -3375/-3375/-3375 -3385/-3385/-3385 -3380/-3380/-3380
f -3383/-3383/-3383 -3385/-3385/-3385 -3375/-3375/-3375
f -3375/-3375/-3375 -3382/-3382/-3382 -3383/-3383/-3383
f -3380/-3380/-3380 -3378/-3378/-3378 -3375/-3375/-3375
f -3420/-3420/-3420 -3413/-3413/-3413 -3388/-3388/-3388
f -3413/-3413/-3413 -3412/-3412/-3412 -3388/-3388/-3388
f -3388/-3388/-3388 -3412/-3412/-3412 -3409/-3409/-3409
f -3374/-3374/-3374 -3376/-3376/-3376 -3381/-3381/-3381
f -3373/-3373/-3373 -3376/-3376/-3376 -3374/-3374/-3374
f -3372/-3372/-3372 -3373/-3373/-3373 -3374/-3374/-3374
f -3381/-3381/-3381 -3372/-3372/-3372 -3374/-3374/-3374
f -3371/-3371/-3371 -3373/-3373/-3373 -3372/-3372/-3372
f -3376/-3376/-3376 -3373/-3373/-3373 -3370/-3370/-3370
f -3370/-3370/-3370 -3369/-3369/-3369 -3376/-3376/-3376
f -3376/-3376/-3376 -3369/-3369/-3369 -3368/-3368/-3368
f -3368/-3368/-3368 -3377/-3377/-3377 -3376/-3376/-3376
f -3368/-3368/-3368 -3367/-3367/-3367 -3377/-3377/-3377
f -3377/-3377/-3377 -3367/-3367/-3367 -3366/-3366/-3366
f -3368/-3368/-3368 -3365/-3365/-3365 -3367/-3367/-3367
f -3369/-3369/-3369 -3365/-3365/-3365 -3368/-3368/-3368
f -3370/-3370/-3370 -3373/-3373/-3373 -3364/-3364/-3364
f -3363/-3363/-3363 -3364/-3364/-3364 -3373/-3373/-3373
f -3362/-3362/-3362 -3364/-3364/-3364 -3363/-3363/-3363
f -3371/-3371/-3371 -3372/-3372/-3372 -3393/-3393/-3393
f -3372/-3372/-3372 -3391/-3391/-3391 -3393/-3393/-3393
f -3391/-3391/-3391 -3372/-3372/-3372 -3381/-3381/-3381
f -3373/-3373/-3373 -3361/-3361/-3361 -3363/-3363/-3363
f -3371/-3371/-3371 -3361/-3361/-3361 -3373/-3373/-3373
f -3366/-3366/-3366 -3367/-3367/-3367 -3360/-3360/-3360
f -3360/-3360/-3360 -3367/-3367/-3367 -3359/-3359/-3359
f -3393/-3393/-3393 -3394/-3394/-3394 -3371/-3371/-3371
f -3361/-3361/-3361 -3371/-3371/-3371 -3358/-3358/-3358
f -3371/-3371/-3371 -3394/-3394/-3394 -3358/-3358/-3358
f -3357/-3357/-3357 -3361/-3361/-3361 -3358/-3358/-3358
f -3361/-3361/-3361 -3357/-3357/-3357 -3356/-3356/-3356
f -3356/-3356/-3356 -3355/-3355/-3355 -3361/-3361/-3361
f -3355/-3355/-3355 -3363/-3363/-3363 -3361/-3361/-3361
f -3363/-3363/-3363 -3354/-3354/-3354 -3362/-3362/-3362
f -3353/-3353/-3353 -3354/-3354/-3354 -3363/-3363/-3363
f -3353/-3353/-3353 -3363/-3363/-3363 -3355/-3355/-3355
f -3360/-3360/-3360 -3359/-3359/-3359 -3352/-3352/-3352
f -3375/-3375/-3375 -3378/-3378/-3378 -3360/-3360/-3360
f -3375/-3375/-3375 -3360/-3360/-3360 -3351/-3351/-3351
f -3351/-3351/-3351 -3360/-3360/-3360 -3350/-3350/-3350
f -3350/-3350/-3350 -3359/-3359/-3359 -3349/-3349/-3349
f -3349/-3349/-3349 -3348/-3348/-3348 -3350/-3350/-3350
f -3348/-3348/-3348 -3347/-3347/-3347 -3350/-3350/-3350
f -3347/-3347/-3347 -3382/-3382/-3382 -3375/-3375/-3375
f -3346/-3346/-3346 -3348/-3348/-3348 -3349/-3349/-3349
f -3348/-3348/-3348 -3346/-3346/-3346 -3345/-3345/-3345
f -3344/-3344/-3344 -3345/-3345/-3345 -3346/-3346/-3346
f -3344/-3344/-3344 -3343/-3343/-3343 -3345/-3345/-3345
f -3345/-3345/-3345 -3343/-3343/-3343 -3342/-3342/-3342
f -3341/-3341/-3341 -3384/-3384/-3384 -3382/-3382/-3382
f -3340/-3340/-3340 -3384/-3384/-3384 -3341/-3341/-3341
f -3339/-3339/-3339 -3340/-3340/-3340 -3341/-3341/-3341
f -3341/-3341/-3341 -3338/-3338/-3338 -3339/-3339/-3339
f -3337/-3337/-3337 -3339/-3339/-3339 -3338/-3338/-3338
f -3336/-3336/-3336 -3339/-3339/-3339 -3337/-3337/-3337
f -3335/-3335/-3335 -3339/-3339/-3339 -3336/-3336/-3336
f -3334/-3334/-3334 -3339/-3339/-3339 -3335/-3335/-3335
f -3334/-3334/-3334 -3335/-3335/-3335 -3333/-3333/-3333
f -3333/-3333/-3333 -3335/-3335/-3335 -3332/-3332/-3332
f -3335/-3335/-3335 -3331/-3331/-3331 -3332/-3332/-3332
f -3332/-3332/-3332 -3331/-3331/-3331 -3330/-3330/-3330
f -3334/-3334/-3334 -3329/-3329/-3329 -3339/-3339/-3339
f -3340/-3340/-3340 -3339/-3339/-3339 -3329/-3329/-3329
f -3328/-3328/-3328 -3329/-3329/-3329 -3334/-3334/-3334
f -3329/-3329/-3329 -3328/-3328/-3328 -3386/-3386/-3386
f -3329/-3329/-3329 -3386/-3386/-3386 -3340/-3340/-3340
f -3386/-3386/-3386 -3328/-3328/-3328 -3327/-3327/-3327
f -3328/-3328/-3328 -3326/-3326/-3326 -3327/-3327/-3327
f -3334/-3334/-3334 -3326/-3326/-3326 -3328/-3328/-3328
f -3333/-3333/-3333 -3326/-3326/-3326 -3334/-3334/-3334
f -3327/-3327/-3327 -3326/-3326/-3326 -3325/-3325/-3325
f -3335/-3335/-3335 -3324/-3324/-3324 -3331/-3331/-3331
f -3323/-3323/-3323 -3335/-3335/-3335 -3336/-3336/-3336
f -3324/-3324/-3324 -3335/-3335/-3335 -3323/-3323/-3323
f -3336/-3336/-3336 -3322/-3322/-3322 -3323/-3323/-3323
f -3337/-3337/-3337 -3322/-3322/-3322 -3336/-3336/-3336
f -3424/-3424/-3424 -3386/-3386/-3386 -3327/-3327/-3327
f -3424/-3424/-3424 -3327/-3327/-3327 -3423/-3423/-3423
f -3423/-3423/-3423 -3327/-3327/-3327 -3321/-3321/-3321
f -3327/-3327/-3327 -3325/-3325/-3325 -3321/-3321/-3321
f -3321/-3321/-3321 -3320/-3320/-3320 -3423/-3423/-3423
f -3319/-3319/-3319 -3320/-3320/-3320 -3321/-3321/-3321
f -3321/-3321/-3321 -3325/-3325/-3325 -3319/-3319/-3319
f -3319/-3319/-3319 -3461/-3461/-3461 -3320/-3320/-3320
f -3318/-3318/-3318 -3461/-3461/-3461 -3319/-3319/-3319
f -3465/-3465/-3465 -3461/-3461/-3461 -3318/-3318/-3318
f -3469/-3469/-3469 -3465/-3465/-3465 -3318/-3318/-3318
f -3320/-3320/-3320 -3461/-3461/-3461 -3425/-3425/-3425
f -3423/-3423/-3423 -3320/-3320/-3320 -3425/-3425/-3425
f -3469/-3469/-3469 -3318/-3318/-3318 -3780/-3780/-3780
f -3780/-3780/-3780 -3318/-3318/-3318 -3779/-3779/-3779
f -3318/-3318/-3318 -3319/-3319/-3319 -3779/-3779/-3779
f -3779/-3779/-3779 -3319/-3319/-3319 -3317/-3317/-3317
f -3779/-3779/-3779 -3317/-3317/-3317 -3781/-3781/-3781
f -3781/-3781/-3781 -3317/-3317/-3317 -3802/-3802/-3802
f -3781/-3781/-3781 -3802/-3802/-3802 -3796/-3796/-3796
f -3316/-3316/-3316 -3802/-3802/-3802 -3317/-3317/-3317
f -3325/-3325/-3325 -3316/-3316/-3316 -3317/-3317/-3317
f -3319/-3319/-3319 -3325/-3325/-3325 -3317/-3317/-3317
f -3800/-3800/-3800 -3802/-3802/-3802 -3316/-3316/-3316
f -3325/-3325/-3325 -3315/-3315/-3315 -3316/-3316/-3316
f -3326/-3326/-3326 -3315/-3315/-3315 -3325/-3325/-3325
f -3326/-3326/-3326 -3333/-3333/-3333 -3315/-3315/-3315
f -3315/-3315/-3315 -3333/-3333/-3333 -3314/-3314/-3314
f -3316/-3316/-3316 -3313/-3313/-3313 -3800/-3800/-3800
f -3315/-3315/-3315 -3313/-3313/-3313 -3316/-3316/-3316
f -3800/-3800/-3800 -3313/-3313/-3313 -3312/-3312/-3312
f -3800/-3800/-3800 -3312/-3312/-3312 -3801/-3801/-3801
f -3801/-3801/-3801 -3312/-3312/-3312 -3311/-3311/-3311
f -3310/-3310/-3310 -3311/-3311/-3311 -3312/-3312/-3312
f -3309/-3309/-3309 -3311/-3311/-3311 -3310/-3310/-3310
f -3814/-3814/-3814 -3311/-3311/-3311 -3309/-3309/-3309
f -3809/-3809/-3809 -3311/-3311/-3311 -3814/-3814/-3814
f -3809/-3809/-3809 -3801/-3801/-3801 -3311/-3311/-3311
f -3309/-3309/-3309 -3819/-3819/-3819 -3814/-3814/-3814
f -3310/-3310/-3310 -3819/-3819/-3819 -3309/-3309/-3309
f -3819/-3819/-3819 -3310/-3310/-3310 -3308/-3308/-3308
f -3308/-3308/-3308 -3307/-3307/-3307 -3819/-3819/-3819
f -3819/-3819/-3819 -3307/-3307/-3307 -3823/-3823/-3823
f -3308/-3308/-3308 -3310/-3310/-3310 -3306/-3306/-3306
f -3823/-3823/-3823 -3307/-3307/-3307 -3305/-3305/-3305
f -3823/-3823/-3823 -3305/-3305/-3305 -3825/-3825/-3825
f -3825/-3825/-3825 -3305/-3305/-3305 -3828/-3828/-3828
f -3828/-3828/-3828 -3305/-3305/-3305 -3829/-3829/-3829
f -3305/-3305/-3305 -3307/-3307/-3307 -3830/-3830/-3830
f -3305/-3305/-3305 -3830/-3830/-3830 -3829/-3829/-3829
f -3308/-3308/-3308 -3840/-3840/-3840 -3307/-3307/-3307
f -3830/-3830/-3830 -3307/-3307/-3307 -3840/-3840/-3840
f -3310/-3310/-3310 -3304/-3304/-3304 -3306/-3306/-3306
f -3306/-3306/-3306 -3304/-3304/-3304 -3303/-3303/-3303
f -3302/-3302/-3302 -3308/-3308/-3308 -3306/-3306/-3306
f -3840/-3840/-3840 -3308/-3308/-3308 -3302/-3302/-3302
f -3303/-3303/-3303 -3304/-3304/-3304 -3301/-3301/-3301
f -3303/-3303/-3303 -3301/-3301/-3301 -3300/-3300/-3300
f -3299/-3299/-3299 -3303/-3303/-3303 -3300/-3300/-3300
f -3306/-3306/-3306 -3299/-3299/-3299 -3302/-3302/-3302
f -3303/-3303/-3303 -3299/-3299/-3299 -3306/-3306/-3306
f -3302/-3302/-3302 -3299/-3299/-3299 -3298/-3298/-3298
f -3298/-3298/-3298 -3299/-3299/-3299 -3297/-3297/-3297
f -3304/-3304/-3304 -3296/-3296/-3296 -3301/-3301/-3301
f -3296/-3296/-3296 -3304/-3304/-3304 -3313/-3313/-3313
f -3312/-3312/-3312 -3313/-3313/-3313 -3304/-3304/-3304
f -3295/-3295/-3295 -3301/-3301/-3301 -3296/-3296/-3296
f -3296/-3296/-3296 -3294/-3294/-3294 -3295/-3295/-3295
f -3295/-3295/-3295 -3294/-3294/-3294 -3293/-3293/-3293
f -3292/-3292/-3292 -3293/-3293/-3293 -3294/-3294/-3294
f -3291/-3291/-3291 -3293/-3293/-3293 -3292/-3292/-3292
f -3294/-3294/-3294 -3290/-3290/-3290 -3292/-3292/-3292
f -3289/-3289/-3289 -3290/-3290/-3290 -3294/-3294/-3294
f -3290/-3290/-3290 -3289/-3289/-3289 -3288/-3288/-3288
f -3287/-3287/-3287 -3290/-3290/-3290 -3288/-3288/-3288
f -3294/-3294/-3294 -3314/-3314/-3314 -3289/-3289/-3289
f -3296/-3296/-3296 -3314/-3314/-3314 -3294/-3294/-3294
f -3296/-3296/-3296 -3315/-3315/-3315 -3314/-3314/-3314
f -3313/-3313/-3313 -3315/-3315/-3315 -3296/-3296/-3296
f -3289/-3289/-3289 -3314/-3314/-3314 -3332/-3332/-3332
f -3332/-3332/-3332 -3314/-3314/-3314 -3333/-3333/-3333
f -3330/-3330/-3330 -3289/-3289/-3289 -3332/-3332/-3332
f -3288/-3288/-3288 -3289/-3289/-3289 -3330/-3330/-3330
f -3312/-3312/-3312 -3304/-3304/-3304 -3310/-3310/-3310
f -3284/-3284/-3284 -3286/-3286/-3286 -3285/-3285/-3285
f -3284/-3284/-3284 -3283/-3283/-3283 -3286/-3286/-3286
f -3286/-3286/-3286 -3282/-3282/-3282 -3285/-3285/-3285
f -3282/-3282/-3282 -3281/-3281/-3281 -3285/-3285/-3285
f -3280/-3280/-3280 -3285/-3285/-3285 -3281/-3281/-3281
f -3285/-3285/-3285 -3280/-3280/-3280 -3279/-3279/-3279
f -3285/-3285/-3285 -3279/-3279/-3279 -3284/-3284/-3284
f -3280/-3280/-3280 -3281/-3281/-3281 -3278/-3278/-3278
f -3280/-3280/-3280 -3277/-3277/-3277 -3279/-3279/-3279
f -3280/-3280/-3280 -3276/-3276/-3276 -3277/-3277/-3277
f -3280/-3280/-3280 -3275/-3275/-3275 -3276/-3276/-3276
f -3275/-3275/-3275 -3280/-3280/-3280 -3278/-3278/-3278
f -3276/-3276/-3276 -3274/-3274/-3274 -3277/-3277/-3277
f -3273/-3273/-3273 -3277/-3277/-3277 -3274/-3274/-3274
f -3272/-3272/-3272 -3274/-3274/-3274 -3276/-3276/-3276
f -3271/-3271/-3271 -3272/-3272/-3272 -3276/-3276/-3276
f -3275/-3275/-3275 -3271/-3271/-3271 -3276/-3276/-3276
f -3271/-3271/-3271 -3275/-3275/-3275 -3270/-3270/-3270
f -3269/-3269/-3269 -3272/-3272/-3272 -3271/-3271/-3271
f -3270/-3270/-3270 -3269/-3269/-3269 -3271/-3271/-3271
f -3268/-3268/-3268 -3275/-3275/-3275 -3278/-3278/-3278
f -3275/-3275/-3275 -3268/-3268/-3268 -3270/-3270/-3270
f -3270/-3270/-3270 -3268/-3268/-3268 -3267/-3267/-3267
f -3266/-3266/-3266 -3270/-3270/-3270 -3267/-3267/-3267
f -3267/-3267/-3267 -3265/-3265/-3265 -3266/-3266/-3266
f -3266/-3266/-3266 -3264/-3264/-3264 -3270/-3270/-3270
f -3264/-3264/-3264 -3269/-3269/-3269 -3270/-3270/-3270
f -3263/-3263/-3263 -3268/-3268/-3268 -3278/-3278/-3278
f -3262/-3262/-3262 -3263/-3263/-3263 -3278/-3278/-3278
f -3261/-3261/-3261 -3263/-3263/-3263 -3262/-3262/-3262
f -3260/-3260/-3260 -3268/-3268/-3268 -3263/-3263/-3263
f -3263/-3263/-3263 -3261/-3261/-3261 -3260/-3260/-3260
f -3268/-3268/-3268 -3260/-3260/-3260 -3259/-3259/-3259
f -3267/-3267/-3267 -3268/-3268/-3268 -3259/-3259/-3259
f -3259/-3259/-3259 -3260/-3260/-3260 -3258/-3258/-3258
f -3257/-3257/-3257 -3258/-3258/-3258 -3260/-3260/-3260
f -3256/-3256/-3256 -3258/-3258/-3258 -3257/-3257/-3257
f -3255/-3255/-3255 -3257/-3257/-3257 -3260/-3260/-3260
f -3260/-3260/-3260 -3261/-3261/-3261 -3255/-3255/-3255
f -3278/-3278/-3278 -3281/-3281/-3281 -3262/-3262/-3262
f -3262/-3262/-3262 -3281/-3281/-3281 -3254/-3254/-3254
f -3254/-3254/-3254 -3281/-3281/-3281 -3282/-3282/-3282
f -3251/-3251/-3251 -3253/-3253/-3253 -3252/-3252/-3252
f -3250/-3250/-3250 -3253/-3253/-3253 -3251/-3251/-3251
f -3251/-3251/-3251 -3249/-3249/-3249 -3250/-3250/-3250
f -3252/-3252/-3252 -3248/-3248/-3248 -3251/-3251/-3251
f -3248/-3248/-3248 -3247/-3247/-3247 -3251/-3251/-3251
f -3246/-3246/-3246 -3248/-3248/-3248 -3252/-3252/-3252
f -3245/-3245/-3245 -3248/-3248/-3248 -3246/-3246/-3246
f -3244/-3244/-3244 -3248/-3248/-3248 -3245/-3245/-3245
f -3253/-3253/-3253 -3243/-3243/-3243 -3252/-3252/-3252
f -3242/-3242/-3242 -3243/-3243/-3243 -3253/-3253/-3253
f -3243/-3243/-3243 -3242/-3242/-3242 -3241/-3241/-3241
f -3241/-3241/-3241 -3242/-3242/-3242 -3240/-3240/-3240
f -3240/-3240/-3240 -3239/-3239/-3239 -3241/-3241/-3241
f -3241/-3241/-3241 -3239/-3239/-3239 -3238/-3238/-3238
f -3241/-3241/-3241 -3238/-3238/-3238 -3237/-3237/-3237
f -3237/-3237/-3237 -3243/-3243/-3243 -3241/-3241/-3241
f -3237/-3237/-3237 -3238/-3238/-3238 -3236/-3236/-3236
f -3235/-3235/-3235 -3237/-3237/-3237 -3236/-3236/-3236
f -3234/-3234/-3234 -3237/-3237/-3237 -3235/-3235/-3235
f -3234/-3234/-3234 -3235/-3235/-3235 -3233/-3233/-3233
f -3233/-3233/-3233 -3235/-3235/-3235 -3232/-3232/-3232
f -3233/-3233/-3233 -3232/-3232/-3232 -3231/-3231/-3231
f -3231/-3231/-3231 -3232/-3232/-3232 -3230/-3230/-3230
f -3231/-3231/-3231 -3230/-3230/-3230 -3229/-3229/-3229
f -3229/-3229/-3229 -3230/-3230/-3230 -3228/-3228/-3228
f -3229/-3229/-3229 -3228/-3228/-3228 -3227/-3227/-3227
f -3227/-3227/-3227 -3228/-3228/-3228 -3226/-3226/-3226
f -3227/-3227/-3227 -3226/-3226/-3226 -3225/-3225/-3225
f -3227/-3227/-3227 -3225/-3225/-3225 -3224/-3224/-3224
f -3223/-3223/-3223 -3227/-3227/-3227 -3224/-3224/-3224
f -3227/-3227/-3227 -3223/-3223/-3223 -3229/-3229/-3229
f -3225/-3225/-3225 -3226/-3226/-3226 -3222/-3222/-3222
f -3225/-3225/-3225 -3222/-3222/-3222 -3221/-3221/-3221
f -3221/-3221/-3221 -3222/-3222/-3222 -3220/-3220/-3220
f -3222/-3222/-3222 -3219/-3219/-3219 -3220/-3220/-3220
f -3220/-3220/-3220 -3219/-3219/-3219 -3218/-3218/-3218
f -3217/-3217/-3217 -3230/-3230/-3230 -3232/-3232/-3232
f -3217/-3217/-3217 -3232/-3232/-3232 -3216/-3216/-3216
f -3215/-3215/-3215 -3230/-3230/-3230 -3217/-3217/-3217
f -3230/-3230/-3230 -3215/-3215/-3215 -3214/-3214/-3214
f -3228/-3228/-3228 -3214/-3214/-3214 -3213/-3213/-3213
f -3228/-3228/-3228 -3213/-3213/-3213 -3212/-3212/-3212
f -3212/-3212/-3212 -3213/-3213/-3213 -3211/-3211/-3211
f -3210/-3210/-3210 -3211/-3211/-3211 -3213/-3213/-3213
f -3209/-3209/-3209 -3211/-3211/-3211 -3210/-3210/-3210
f -3208/-3208/-3208 -3209/-3209/-3209 -3210/-3210/-3210
f -3210/-3210/-3210 -3207/-3207/-3207 -3208/-3208/-3208
f -3207/-3207/-3207 -3213/-3213/-3213 -3214/-3214/-3214
f -3210/-3210/-3210 -3213/-3213/-3213 -3207/-3207/-3207
f -3206/-3206/-3206 -3209/-3209/-3209 -3208/-3208/-3208
f -3205/-3205/-3205 -3215/-3215/-3215 -3217/-3217/-3217
f -3204/-3204/-3204 -3215/-3215/-3215 -3205/-3205/-3205
f -3204/-3204/-3204 -3214/-3214/-3214 -3215/-3215/-3215
f -3207/-3207/-3207 -3214/-3214/-3214 -3204/-3204/-3204
f -3203/-3203/-3203 -3207/-3207/-3207 -3204/-3204/-3204
f -3207/-3207/-3207 -3203/-3203/-3203 -3208/-3208/-3208
f -3204/-3204/-3204 -3202/-3202/-3202 -3203/-3203/-3203
f -3202/-3202/-3202 -3204/-3204/-3204 -3205/-3205/-3205
f -3202/-3202/-3202 -3201/-3201/-3201 -3203/-3203/-3203
f -3202/-3202/-3202 -3205/-3205/-3205 -3200/-3200/-3200
f -3199/-3199/-3199 -3202/-3202/-3202 -3200/-3200/-3200
f -3201/-3201/-3201 -3202/-3202/-3202 -3199/-3199/-3199
f -3198/-3198/-3198 -3201/-3201/-3201 -3199/-3199/-3199
f -3197/-3197/-3197 -3201/-3201/-3201 -3198/-3198/-3198
f -3197/-3197/-3197 -3198/-3198/-3198 -3196/-3196/-3196
f -3196/-3196/-3196 -3198/-3198/-3198 -3195/-3195/-3195
f -3197/-3197/-3197 -3196/-3196/-3196 -3194/-3194/-3194
f -3194/-3194/-3194 -3196/-3196/-3196 -3193/-3193/-3193
f -3192/-3192/-3192 -3193/-3193/-3193 -3196/-3196/-3196
f -3191/-3191/-3191 -3193/-3193/-3193 -3192/-3192/-3192
f -3192/-3192/-3192 -3190/-3190/-3190 -3191/-3191/-3191
f -3191/-3191/-3191 -3190/-3190/-3190 -3189/-3189/-3189
f -3189/-3189/-3189 -3188/-3188/-3188 -3191/-3191/-3191
f -3191/-3191/-3191 -3188/-3188/-3188 -3187/-3187/-3187
f -3186/-3186/-3186 -3191/-3191/-3191 -3187/-3187/-3187
f -3191/-3191/-3191 -3186/-3186/-3186 -3193/-3193/-3193
f -3185/-3185/-3185 -3186/-3186/-3186 -3187/-3187/-3187
f -3184/-3184/-3184 -3197/-3197/-3197 -3194/-3194/-3194
f -3201/-3201/-3201 -3197/-3197/-3197 -3184/-3184/-3184
f -3184/-3184/-3184 -3183/-3183/-3183 -3201/-3201/-3201
f -3201/-3201/-3201 -3183/-3183/-3183 -3182/-3182/-3182
f -3184/-3184/-3184 -3181/-3181/-3181 -3183/-3183/-3183
f -3180/-3180/-3180 -3183/-3183/-3183 -3181/-3181/-3181
f -3179/-3179/-3179 -3183/-3183/-3183 -3180/-3180/-3180
f -3180/-3180/-3180 -3209/-3209/-3209 -3179/-3179/-3179
f -3180/-3180/-3180 -3219/-3219/-3219 -3209/-3209/-3209
f -3209/-3209/-3209 -3219/-3219/-3219 -3178/-3178/-3178
f -3222/-3222/-3222 -3178/-3178/-3178 -3219/-3219/-3219
f -3226/-3226/-3226 -3178/-3178/-3178 -3222/-3222/-3222
f -3180/-3180/-3180 -3218/-3218/-3218 -3219/-3219/-3219
f -3177/-3177/-3177 -3218/-3218/-3218 -3180/-3180/-3180
f -3180/-3180/-3180 -3176/-3176/-3176 -3177/-3177/-3177
f -3181/-3181/-3181 -3184/-3184/-3184 -3176/-3176/-3176
f -3176/-3176/-3176 -3180/-3180/-3180 -3181/-3181/-3181
f -3203/-3203/-3203 -3201/-3201/-3201 -3182/-3182/-3182
f -3208/-3208/-3208 -3203/-3203/-3203 -3182/-3182/-3182
f -3182/-3182/-3182 -3183/-3183/-3183 -3208/-3208/-3208
f -3208/-3208/-3208 -3183/-3183/-3183 -3206/-3206/-3206
f -3176/-3176/-3176 -3184/-3184/-3184 -3175/-3175/-3175
f -3194/-3194/-3194 -3175/-3175/-3175 -3184/-3184/-3184
f -3174/-3174/-3174 -3175/-3175/-3175 -3194/-3194/-3194
f -3194/-3194/-3194 -3193/-3193/-3193 -3174/-3174/-3174
f -3174/-3174/-3174 -3193/-3193/-3193 -3186/-3186/-3186
f -3171/-3171/-3171 -3173/-3173/-3173 -3172/-3172/-3172
f -3172/-3172/-3172 -3173/-3173/-3173 -3170/-3170/-3170
f -3169/-3169/-3169 -3172/-3172/-3172 -3170/-3170/-3170
f -3173/-3173/-3173 -3171/-3171/-3171 -3168/-3168/-3168
f -3173/-3173/-3173 -3168/-3168/-3168 -3167/-3167/-3167
f -3167/-3167/-3167 -3170/-3170/-3170 -3173/-3173/-3173
f -3167/-3167/-3167 -3168/-3168/-3168 -3166/-3166/-3166
f -3165/-3165/-3165 -3171/-3171/-3171 -3172/-3172/-3172
f -3172/-3172/-3172 -3164/-3164/-3164 -3165/-3165/-3165
f -3163/-3163/-3163 -3164/-3164/-3164 -3172/-3172/-3172
f -3169/-3169/-3169 -3163/-3163/-3163 -3172/-3172/-3172
f -3162/-3162/-3162 -3163/-3163/-3163 -3169/-3169/-3169
f -3162/-3162/-3162 -3247/-3247/-3247 -3163/-3163/-3163
f -3164/-3164/-3164 -3163/-3163/-3163 -3247/-3247/-3247
f -3161/-3161/-3161 -3164/-3164/-3164 -3247/-3247/-3247
f -3164/-3164/-3164 -3161/-3161/-3161 -3165/-3165/-3165
f -3171/-3171/-3171 -3160/-3160/-3160 -3168/-3168/-3168
f -3159/-3159/-3159 -3160/-3160/-3160 -3171/-3171/-3171
f -3244/-3244/-3244 -3165/-3165/-3165 -3161/-3161/-3161
f -3244/-3244/-3244 -3171/-3171/-3171 -3165/-3165/-3165
f -3159/-3159/-3159 -3171/-3171/-3171 -3244/-3244/-3244
f -3159/-3159/-3159 -3158/-3158/-3158 -3160/-3160/-3160
f -3157/-3157/-3157 -3160/-3160/-3160 -3158/-3158/-3158
f -3156/-3156/-3156 -3157/-3157/-3157 -3158/-3158/-3158
f -3158/-3158/-3158 -3155/-3155/-3155 -3156/-3156/-3156
f -3158/-3158/-3158 -3159/-3159/-3159 -3155/-3155/-3155
f -3154/-3154/-3154 -3156/-3156/-3156 -3155/-3155/-3155
f -3153/-3153/-3153 -3154/-3154/-3154 -3155/-3155/-3155
f -3153/-3153/-3153 -3155/-3155/-3155 -3152/-3152/-3152
f -3152/-3152/-3152 -3151/-3151/-3151 -3153/-3153/-3153
f -3151/-3151/-3151 -3152/-3152/-3152 -3234/-3234/-3234
f -3153/-3153/-3153 -3151/-3151/-3151 -3150/-3150/-3150
f -3151/-3151/-3151 -3149/-3149/-3149 -3150/-3150/-3150
f -3234/-3234/-3234 -3149/-3149/-3149 -3151/-3151/-3151
f -3149/-3149/-3149 -3148/-3148/-3148 -3150/-3150/-3150
f -3150/-3150/-3150 -3148/-3148/-3148 -3147/-3147/-3147
f -3147/-3147/-3147 -3153/-3153/-3153 -3150/-3150/-3150
f -3154/-3154/-3154 -3153/-3153/-3153 -3147/-3147/-3147
f -3148/-3148/-3148 -3146/-3146/-3146 -3147/-3147/-3147
f -3146/-3146/-3146 -3148/-3148/-3148 -3229/-3229/-3229
f -3229/-3229/-3229 -3148/-3148/-3148 -3231/-3231/-3231
f -3149/-3149/-3149 -3231/-3231/-3231 -3148/-3148/-3148
f -3147/-3147/-3147 -3146/-3146/-3146 -3145/-3145/-3145
f -3147/-3147/-3147 -3145/-3145/-3145 -3154/-3154/-3154
f -3234/-3234/-3234 -3233/-3233/-3233 -3149/-3149/-3149
f -3233/-3233/-3233 -3231/-3231/-3231 -3149/-3149/-3149
f -3144/-3144/-3144 -3234/-3234/-3234 -3152/-3152/-3152
f -3237/-3237/-3237 -3234/-3234/-3234 -3144/-3144/-3144
f -3145/-3145/-3145 -3146/-3146/-3146 -3143/-3143/-3143
f -3143/-3143/-3143 -3146/-3146/-3146 -3223/-3223/-3223
f -3229/-3229/-3229 -3223/-3223/-3223 -3146/-3146/-3146
f -3144/-3144/-3144 -3243/-3243/-3243 -3237/-3237/-3237
f -3143/-3143/-3143 -3142/-3142/-3142 -3145/-3145/-3145
f -3154/-3154/-3154 -3145/-3145/-3145 -3142/-3142/-3142
f -3154/-3154/-3154 -3142/-3142/-3142 -3156/-3156/-3156
f -3142/-3142/-3142 -3143/-3143/-3143 -3156/-3156/-3156
f -3143/-3143/-3143 -3223/-3223/-3223 -3224/-3224/-3224
f -3224/-3224/-3224 -3141/-3141/-3141 -3143/-3143/-3143
f -3156/-3156/-3156 -3143/-3143/-3143 -3141/-3141/-3141
f -3141/-3141/-3141 -3157/-3157/-3157 -3156/-3156/-3156
f -3224/-3224/-3224 -3157/-3157/-3157 -3141/-3141/-3141
f -3243/-3243/-3243 -3144/-3144/-3144 -3252/-3252/-3252
f -3252/-3252/-3252 -3144/-3144/-3144 -3246/-3246/-3246
f -3144/-3144/-3144 -3152/-3152/-3152 -3246/-3246/-3246
f -3246/-3246/-3246 -3152/-3152/-3152 -3245/-3245/-3245
f -3152/-3152/-3152 -3155/-3155/-3155 -3245/-3245/-3245
f -3155/-3155/-3155 -3159/-3159/-3159 -3245/-3245/-3245
f -3245/-3245/-3245 -3159/-3159/-3159 -3244/-3244/-3244
f -3139/-3139/-3139 -3157/-3157/-3157 -3140/-3140/-3140
f -3157/-3157/-3157 -3139/-3139/-3139 -3138/-3138/-3138
f -3139/-3139/-3139 -3137/-3137/-3137 -3138/-3138/-3138
f -3136/-3136/-3136 -3138/-3138/-3138 -3137/-3137/-3137
f -3160/-3160/-3160 -3138/-3138/-3138 -3136/-3136/-3136
f -3138/-3138/-3138 -3160/-3160/-3160 -3135/-3135/-3135
f -3160/-3160/-3160 -3136/-3136/-3136 -3168/-3168/-3168
f -3168/-3168/-3168 -3136/-3136/-3136 -3166/-3166/-3166
f -3161/-3161/-3161 -3248/-3248/-3248 -3244/-3244/-3244
f -3247/-3247/-3247 -3248/-3248/-3248 -3161/-3161/-3161
f -3132/-3132/-3132 -3134/-3134/-3134 -3133/-3133/-3133
f -3129/-3129/-3129 -3131/-3131/-3131 -3130/-3130/-3130
f -3128/-3128/-3128 -3131/-3131/-3131 -3129/-3129/-3129
f -3128/-3128/-3128 -3127/-3127/-3127 -3131/-3131/-3131
f -3130/-3130/-3130 -3126/-3126/-3126 -3129/-3129/-3129
f -3125/-3125/-3125 -3126/-3126/-3126 -3130/-3130/-3130
f -3127/-3127/-3127 -3785/-3785/-3785 -3131/-3131/-3131
f -3124/-3124/-3124 -3129/-3129/-3129 -3126/-3126/-3126
f -3123/-3123/-3123 -3128/-3128/-3128 -3129/-3129/-3129
f -3123/-3123/-3123 -3129/-3129/-3129 -3122/-3122/-3122
f -3126/-3126/-3126 -3125/-3125/-3125 -3121/-3121/-3121
f -3120/-3120/-3120 -3126/-3126/-3126 -3121/-3121/-3121
f -3119/-3119/-3119 -3120/-3120/-3120 -3121/-3121/-3121
f -3121/-3121/-3121 -3118/-3118/-3118 -3119/-3119/-3119
f -3121/-3121/-3121 -3125/-3125/-3125 -3118/-3118/-3118
f -3117/-3117/-3117 -3120/-3120/-3120 -3128/-3128/-3128
f -3117/-3117/-3117 -3128/-3128/-3128 -3116/-3116/-3116
f -3115/-3115/-3115 -3116/-3116/-3116 -3124/-3124/-3124
f -3125/-3125/-3125 -3767/-3767/-3767 -3118/-3118/-3118
f -3771/-3771/-3771 -3767/-3767/-3767 -3125/-3125/-3125
f -3784/-3784/-3784 -3127/-3127/-3127 -3119/-3119/-3119
f -3119/-3119/-3119 -3114/-3114/-3114 -3784/-3784/-3784
f -3114/-3114/-3114 -3113/-3113/-3113 -3784/-3784/-3784
f -3112/-3112/-3112 -3114/-3114/-3114 -3119/-3119/-3119
f -3110/-3110/-3110 -3111/-3111/-3111 -3120/-3120/-3120
f -3109/-3109/-3109 -3111/-3111/-3111 -3110/-3110/-3110
f -3110/-3110/-3110 -3120/-3120/-3120 -3108/-3108/-3108
f -3107/-3107/-3107 -3110/-3110/-3110 -3108/-3108/-3108
f -3105/-3105/-3105 -3117/-3117/-3117 -3106/-3106/-3106
f -3105/-3105/-3105 -3104/-3104/-3104 -3103/-3103/-3103
f -3103/-3103/-3103 -3102/-3102/-3102 -3101/-3101/-3101
f -3099/-3099/-3099 -3108/-3108/-3108 -3100/-3100/-3100
f -3096/-3096/-3096 -3098/-3098/-3098 -3097/-3097/-3097
f -3098/-3098/-3098 -3096/-3096/-3096 -3095/-3095/-3095
f -3092/-3092/-3092 -3094/-3094/-3094 -3093/-3093/-3093
f -3091/-3091/-3091 -3094/-3094/-3094 -3092/-3092/-3092
f -3092/-3092/-3092 -3090/-3090/-3090 -3091/-3091/-3091
f -3089/-3089/-3089 -3090/-3090/-3090 -3092/-3092/-3092
f -3092/-3092/-3092 -3088/-3088/-3088 -3089/-3089/-3089
f -3087/-3087/-3087 -3088/-3088/-3088 -3092/-3092/-3092
f -3091/-3091/-3091 -3086/-3086/-3086 -3094/-3094/-3094
f -3085/-3085/-3085 -3086/-3086/-3086 -3091/-3091/-3091
f -3091/-3091/-3091 -3090/-3090/-3090 -3085/-3085/-3085
f -3084/-3084/-3084 -3086/-3086/-3086 -3085/-3085/-3085
f -3094/-3094/-3094 -3086/-3086/-3086 -3083/-3083/-3083
f -3083/-3083/-3083 -3082/-3082/-3082 -3094/-3094/-3094
f -3094/-3094/-3094 -3082/-3082/-3082 -3081/-3081/-3081
f -3080/-3080/-3080 -3084/-3084/-3084 -3085/-3085/-3085
f -3090/-3090/-3090 -3080/-3080/-3080 -3085/-3085/-3085
f -3079/-3079/-3079 -3084/-3084/-3084 -3080/-3080/-3080
f -3084/-3084/-3084 -3079/-3079/-3079 -3078/-3078/-3078
f -3078/-3078/-3078 -3079/-3079/-3079 -3077/-3077/-3077
f -3077/-3077/-3077 -3076/-3076/-3076 -3078/-3078/-3078
f -3077/-3077/-3077 -3075/-3075/-3075 -3076/-3076/-3076
f -3074/-3074/-3074 -3075/-3075/-3075 -3077/-3077/-3077
f -3079/-3079/-3079 -3074/-3074/-3074 -3077/-3077/-3077
f -3074/-3074/-3074 -3079/-3079/-3079 -3073/-3073/-3073
f -3075/-3075/-3075 -3074/-3074/-3074 -3073/-3073/-3073
f -3078/-3078/-3078 -3076/-3076/-3076 -3072/-3072/-3072
f -3076/-3076/-3076 -3071/-3071/-3071 -3072/-3072/-3072
f -3072/-3072/-3072 -3071/-3071/-3071 -3070/-3070/-3070
f -3070/-3070/-3070 -3069/-3069/-3069 -3072/-3072/-3072
f -3068/-3068/-3068 -3069/-3069/-3069 -3070/-3070/-3070
f -3076/-3076/-3076 -3067/-3067/-3067 -3071/-3071/-3071
f -3075/-3075/-3075 -3067/-3067/-3067 -3076/-3076/-3076
f -3071/-3071/-3071 -3067/-3067/-3067 -3066/-3066/-3066
f -3071/-3071/-3071 -3066/-3066/-3066 -3070/-3070/-3070
f -3072/-3072/-3072 -3065/-3065/-3065 -3078/-3078/-3078
f -3069/-3069/-3069 -3065/-3065/-3065 -3072/-3072/-3072
f -3067/-3067/-3067 -3064/-3064/-3064 -3066/-3066/-3066
f -3064/-3064/-3064 -3063/-3063/-3063 -3066/-3066/-3066
f -3070/-3070/-3070 -3063/-3063/-3063 -3068/-3068/-3068
f -3070/-3070/-3070 -3066/-3066/-3066 -3063/-3063/-3063
f -3062/-3062/-3062 -3068/-3068/-3068 -3063/-3063/-3063
f -3062/-3062/-3062 -3063/-3063/-3063 -3064/-3064/-3064
f -3064/-3064/-3064 -3061/-3061/-3061 -3062/-3062/-3062
f -3061/-3061/-3061 -3060/-3060/-3060 -3062/-3062/-3062
f -3068/-3068/-3068 -3062/-3062/-3062 -3060/-3060/-3060
f -3059/-3059/-3059 -3061/-3061/-3061 -3064/-3064/-3064
f -3058/-3058/-3058 -3059/-3059/-3059 -3064/-3064/-3064
f -3064/-3064/-3064 -3067/-3067/-3067 -3058/-3058/-3058
f -3057/-3057/-3057 -3068/-3068/-3068 -3060/-3060/-3060
f -3057/-3057/-3057 -3060/-3060/-3060 -3056/-3056/-3056
f -3056/-3056/-3056 -3060/-3060/-3060 -3055/-3055/-3055
f -3055/-3055/-3055 -3060/-3060/-3060 -3054/-3054/-3054
f -3060/-3060/-3060 -3053/-3053/-3053 -3054/-3054/-3054
f -3060/-3060/-3060 -3061/-3061/-3061 -3053/-3053/-3053
f -3053/-3053/-3053 -3052/-3052/-3052 -3054/-3054/-3054
f -3055/-3055/-3055 -3051/-3051/-3051 -3056/-3056/-3056
f -3051/-3051/-3051 -3050/-3050/-3050 -3056/-3056/-3056
f -3056/-3056/-3056 -3050/-3050/-3050 -3049/-3049/-3049
f -3048/-3048/-3048 -3056/-3056/-3056 -3049/-3049/-3049
f -3056/-3056/-3056 -3048/-3048/-3048 -3057/-3057/-3057
f -3047/-3047/-3047 -3051/-3051/-3051 -3055/-3055/-3055
f -3054/-3054/-3054 -3047/-3047/-3047 -3055/-3055/-3055
f -3051/-3051/-3051 -3047/-3047/-3047 -3046/-3046/-3046
f -3046/-3046/-3046 -3047/-3047/-3047 -3045/-3045/-3045
f -3045/-3045/-3045 -3044/-3044/-3044 -3046/-3046/-3046
f -3043/-3043/-3043 -3044/-3044/-3044 -3045/-3045/-3045
f -3042/-3042/-3042 -3047/-3047/-3047 -3054/-3054/-3054
f -3054/-3054/-3054 -3052/-3052/-3052 -3042/-3042/-3042
f -3042/-3042/-3042 -3045/-3045/-3045 -3047/-3047/-3047
f -3041/-3041/-3041 -3051/-3051/-3051 -3046/-3046/-3046
f -3050/-3050/-3050 -3051/-3051/-3051 -3041/-3041/-3041
f -3046/-3046/-3046 -3040/-3040/-3040 -3041/-3041/-3041
f -3040/-3040/-3040 -3046/-3046/-3046 -3044/-3044/-3044
f -3040/-3040/-3040 -3039/-3039/-3039 -3041/-3041/-3041
f -3041/-3041/-3041 -3039/-3039/-3039 -3038/-3038/-3038
f -3041/-3041/-3041 -3082/-3082/-3082 -3050/-3050/-3050
f -3038/-3038/-3038 -3082/-3082/-3082 -3041/-3041/-3041
f -3050/-3050/-3050 -3083/-3083/-3083 -3049/-3049/-3049
f -3082/-3082/-3082 -3083/-3083/-3083 -3050/-3050/-3050
f -3083/-3083/-3083 -3048/-3048/-3048 -3049/-3049/-3049
f -3082/-3082/-3082 -3038/-3038/-3038 -3081/-3081/-3081
f -3081/-3081/-3081 -3038/-3038/-3038 -3037/-3037/-3037
f -3036/-3036/-3036 -3081/-3081/-3081 -3037/-3037/-3037
f -3035/-3035/-3035 -3036/-3036/-3036 -3037/-3037/-3037
f -3038/-3038/-3038 -3035/-3035/-3035 -3037/-3037/-3037
f -3039/-3039/-3039 -3035/-3035/-3035 -3038/-3038/-3038
f -3036/-3036/-3036 -3035/-3035/-3035 -3034/-3034/-3034
f -3081/-3081/-3081 -3036/-3036/-3036 -3033/-3033/-3033
f -3033/-3033/-3033 -3036/-3036/-3036 -3032/-3032/-3032
f -3031/-3031/-3031 -3033/-3033/-3033 -3032/-3032/-3032
f -3030/-3030/-3030 -3033/-3033/-3033 -3031/-3031/-3031
f -3030/-3030/-3030 -3081/-3081/-3081 -3033/-3033/-3033
f -3032/-3032/-3032 -3036/-3036/-3036 -3029/-3029/-3029
f -3029/-3029/-3029 -3036/-3036/-3036 -3034/-3034/-3034
f -3093/-3093/-3093 -3030/-3030/-3030 -3031/-3031/-3031
f -3081/-3081/-3081 -3030/-3030/-3030 -3094/-3094/-3094
f -3030/-3030/-3030 -3093/-3093/-3093 -3094/-3094/-3094
f -3031/-3031/-3031 -3032/-3032/-3032 -3028/-3028/-3028
f -3027/-3027/-3027 -3031/-3031/-3031 -3028/-3028/-3028
f -3028/-3028/-3028 -3032/-3032/-3032 -3026/-3026/-3026
f -3029/-3029/-3029 -3034/-3034/-3034 -3025/-3025/-3025
f -3029/-3029/-3029 -3025/-3025/-3025 -3024/-3024/-3024
f -3023/-3023/-3023 -3029/-3029/-3029 -3024/-3024/-3024
f -3029/-3029/-3029 -3023/-3023/-3023 -3022/-3022/-3022
f -3032/-3032/-3032 -3029/-3029/-3029 -3022/-3022/-3022
f -3021/-3021/-3021 -3032/-3032/-3032 -3022/-3022/-3022
f -3021/-3021/-3021 -3026/-3026/-3026 -3032/-3032/-3032
f -3020/-3020/-3020 -3024/-3024/-3024 -3025/-3025/-3025
f -3024/-3024/-3024 -3020/-3020/-3020 -3019/-3019/-3019
f -3022/-3022/-3022 -3023/-3023/-3023 -3018/-3018/-3018
f -3020/-3020/-3020 -3025/-3025/-3025 -3034/-3034/-3034
f -3027/-3027/-3027 -3028/-3028/-3028 -3017/-3017/-3017
f -3016/-3016/-3016 -3027/-3027/-3027 -3017/-3017/-3017
f -3015/-3015/-3015 -3027/-3027/-3027 -3016/-3016/-3016
f -3017/-3017/-3017 -3028/-3028/-3028 -3014/-3014/-3014
f -3028/-3028/-3028 -3026/-3026/-3026 -3014/-3014/-3014
f -3026/-3026/-3026 -3021/-3021/-3021 -3014/-3014/-3014
f -3014/-3014/-3014 -3013/-3013/-3013 -3017/-3017/-3017
f -3013/-3013/-3013 -3014/-3014/-3014 -3012/-3012/-3012
f -3014/-3014/-3014 -3011/-3011/-3011 -3012/-3012/-3012
f -3014/-3014/-3014 -3021/-3021/-3021 -3011/-3011/-3011
f -3021/-3021/-3021 -3022/-3022/-3022 -3011/-3011/-3011
f -3010/-3010/-3010 -3011/-3011/-3011 -3022/-3022/-3022
f -3013/-3013/-3013 -3009/-3009/-3009 -3017/-3017/-3017
f -3009/-3009/-3009 -3016/-3016/-3016 -3017/-3017/-3017
f -3009/-3009/-3009 -3013/-3013/-3013 -3008/-3008/-3008
f -3007/-3007/-3007 -3009/-3009/-3009 -3008/-3008/-3008
f -3006/-3006/-3006 -3009/-3009/-3009 -3007/-3007/-3007
f -3015/-3015/-3015 -3016/-3016/-3016 -3005/-3005/-3005
f -3015/-3015/-3015 -3005/-3005/-3005 -3093/-3093/-3093
f -3031/-3031/-3031 -3015/-3015/-3015 -3093/-3093/-3093
f -3027/-3027/-3027 -3015/-3015/-3015 -3031/-3031/-3031
f -3005/-3005/-3005 -3004/-3004/-3004 -3093/-3093/-3093
f -3004/-3004/-3004 -3005/-3005/-3005 -3003/-3003/-3003
f -3004/-3004/-3004 -3003/-3003/-3003 -3002/-3002/-3002
f -3001/-3001/-3001 -3002/-3002/-3002 -3003/-3003/-3003
f -3003/-3003/-3003 -3000/-3000/-3000 -3001/-3001/-3001
f -3000/-3000/-3000 -2999/-2999/-2999 -3001/-3001/-3001
f -2998/-2998/-2998 -2999/-2999/-2999 -3000/-3000/-3000
f -2999/-2999/-2999 -2998/-2998/-2998 -2997/-2997/-2997
f -2996/-2996/-2996 -2999/-2999/-2999 -2997/-2997/-2997
f -3001/-3001/-3001 -2999/-2999/-2999 -2995/-2995/-2995
f -2999/-2999/-2999 -2996/-2996/-2996 -2994/-2994/-2994
f -2999/-2999/-2999 -2993/-2993/-2993 -2995/-2995/-2995
f -2992/-2992/-2992 -2995/-2995/-2995 -2993/-2993/-2993
f -2993/-2993/-2993 -2991/-2991/-2991 -2992/-2992/-2992
f -2995/-2995/-2995 -2992/-2992/-2992 -2990/-2990/-2990
f -2989/-2989/-2989 -2990/-2990/-2990 -2992/-2992/-2992
f -2988/-2988/-2988 -2990/-2990/-2990 -2989/-2989/-2989
f -2987/-2987/-2987 -2990/-2990/-2990 -2988/-2988/-2988
f -2986/-2986/-2986 -2990/-2990/-2990 -2987/-2987/-2987
f -2986/-2986/-2986 -2995/-2995/-2995 -2990/-2990/-2990
f -2985/-2985/-2985 -2987/-2987/-2987 -2988/-2988/-2988
f -2985/-2985/-2985 -2988/-2988/-2988 -2984/-2984/-2984
f -2984/-2984/-2984 -2988/-2988/-2988 -2989/-2989/-2989
f -2984/-2984/-2984 -2983/-2983/-2983 -2985/-2985/-2985
f -3092/-3092/-3092 -2983/-2983/-2983 -2984/-2984/-2984
f -2996/-2996/-2996 -3007/-3007/-3007 -2994/-2994/-2994
f -2992/-2992/-2992 -2991/-2991/-2991 -2982/-2982/-2982
f -2981/-2981/-2981 -2992/-2992/-2992 -2982/-2982/-2982
f -2992/-2992/-2992 -2981/-2981/-2981 -3080/-3080/-3080
f -2981/-2981/-2981 -2980/-2980/-2980 -3080/-3080/-3080
f -3080/-3080/-3080 -2980/-2980/-2980 -3079/-3079/-3079
f -2979/-2979/-2979 -3079/-3079/-3079 -2980/-2980/-2980
f -3073/-3073/-3073 -3079/-3079/-3079 -2979/-2979/-2979
f -2979/-2979/-2979 -2978/-2978/-2978 -3073/-3073/-3073
f -3073/-3073/-3073 -2978/-2978/-2978 -3075/-3075/-3075
f -3092/-3092/-3092 -2984/-2984/-2984 -3087/-3087/-3087
f -3087/-3087/-3087 -2984/-2984/-2984 -2989/-2989/-2989
f -2978/-2978/-2978 -3067/-3067/-3067 -3075/-3075/-3075
f -3093/-3093/-3093 -2983/-2983/-2983 -3092/-3092/-3092
f -3093/-3093/-3093 -3004/-3004/-3004 -2983/-2983/-2983
f -3004/-3004/-3004 -2985/-2985/-2985 -2983/-2983/-2983
f -2987/-2987/-2987 -2985/-2985/-2985 -3004/-3004/-3004
f -3002/-3002/-3002 -2987/-2987/-2987 -3004/-3004/-3004
f -2986/-2986/-2986 -2987/-2987/-2987 -3002/-3002/-3002
f -2977/-2977/-2977 -2986/-2986/-2986 -3002/-3002/-3002
f -3001/-3001/-3001 -2977/-2977/-2977 -3002/-3002/-3002
f -3001/-3001/-3001 -2995/-2995/-2995 -2977/-2977/-2977
f -2977/-2977/-2977 -2995/-2995/-2995 -2986/-2986/-2986
f -2974/-2974/-2974 -2976/-2976/-2976 -2975/-2975/-2975
f -2973/-2973/-2973 -2975/-2975/-2975 -2976/-2976/-2976
f -2975/-2975/-2975 -2973/-2973/-2973 -2972/-2972/-2972
f -2972/-2972/-2972 -2971/-2971/-2971 -2975/-2975/-2975
f -2970/-2970/-2970 -2971/-2971/-2971 -2972/-2972/-2972
f -2973/-2973/-2973 -2976/-2976/-2976 -2969/-2969/-2969
f -2968/-2968/-2968 -2973/-2973/-2973 -2969/-2969/-2969
f -2973/-2973/-2973 -2968/-2968/-2968 -2972/-2972/-2972
f -2969/-2969/-2969 -2976/-2976/-2976 -2967/-2967/-2967
f -2966/-2966/-2966 -2969/-2969/-2969 -2967/-2967/-2967
f -2965/-2965/-2965 -2969/-2969/-2969 -2966/-2966/-2966
f -2964/-2964/-2964 -2969/-2969/-2969 -2965/-2965/-2965
f -2964/-2964/-2964 -2968/-2968/-2968 -2969/-2969/-2969
f -2965/-2965/-2965 -2963/-2963/-2963 -2964/-2964/-2964
f -2966/-2966/-2966 -2963/-2963/-2963 -2965/-2965/-2965
f -2975/-2975/-2975 -2962/-2962/-2962 -2974/-2974/-2974
f -2971/-2971/-2971 -2962/-2962/-2962 -2975/-2975/-2975
f -2961/-2961/-2961 -2963/-2963/-2963 -2966/-2966/-2966
f -2958/-2958/-2958 -2960/-2960/-2960 -2959/-2959/-2959
f -2960/-2960/-2960 -3016/-3016/-3016 -2959/-2959/-2959
f -2958/-2958/-2958 -2957/-2957/-2957 -2960/-2960/-2960
f -2957/-2957/-2957 -2958/-2958/-2958 -2956/-2956/-2956
f -2955/-2955/-2955 -2957/-2957/-2957 -2956/-2956/-2956
f -2956/-2956/-2956 -2958/-2958/-2958 -2954/-2954/-2954
f -2954/-2954/-2954 -2996/-2996/-2996 -2956/-2956/-2956
f -2953/-2953/-2953 -2996/-2996/-2996 -2954/-2954/-2954
f -2960/-2960/-2960 -2957/-2957/-2957 -2952/-2952/-2952
f -2957/-2957/-2957 -2955/-2955/-2955 -2952/-2952/-2952
f -2952/-2952/-2952 -3005/-3005/-3005 -2960/-2960/-2960
f -3005/-3005/-3005 -3016/-3016/-3016 -2960/-2960/-2960
f -3003/-3003/-3003 -3005/-3005/-3005 -2952/-2952/-2952
f -3003/-3003/-3003 -2952/-2952/-2952 -2951/-2951/-2951
f -2950/-2950/-2950 -3003/-3003/-3003 -2951/-2951/-2951
f -2949/-2949/-2949 -2950/-2950/-2950 -2951/-2951/-2951
f -2954/-2954/-2954 -2958/-2958/-2958 -2948/-2948/-2948
f -2958/-2958/-2958 -2959/-2959/-2959 -2947/-2947/-2947
f -2947/-2947/-2947 -2959/-2959/-2959 -2946/-2946/-2946
f -2947/-2947/-2947 -2946/-2946/-2946 -2945/-2945/-2945
f -2954/-2954/-2954 -2944/-2944/-2944 -2953/-2953/-2953
f -2948/-2948/-2948 -2944/-2944/-2944 -2954/-2954/-2954
f -2944/-2944/-2944 -3006/-3006/-3006 -2953/-2953/-2953
f -2946/-2946/-2946 -3006/-3006/-3006 -2944/-2944/-2944
f -3006/-3006/-3006 -3007/-3007/-3007 -2953/-2953/-2953
f -2953/-2953/-2953 -3007/-3007/-3007 -2996/-2996/-2996
f -3009/-3009/-3009 -3006/-3006/-3006 -2946/-2946/-2946
f -2946/-2946/-2946 -3016/-3016/-3016 -3009/-3009/-3009
f -2959/-2959/-2959 -3016/-3016/-3016 -2946/-2946/-2946
f -2942/-2942/-2942 -2943/-2943/-2943 -3007/-3007/-3007
f -2943/-2943/-2943 -2994/-2994/-2994 -3007/-3007/-3007
f -2943/-2943/-2943 -2999/-2999/-2999 -2994/-2994/-2994
f -2943/-2943/-2943 -2942/-2942/-2942 -2941/-2941/-2941
f -2941/-2941/-2941 -2940/-2940/-2940 -2943/-2943/-2943
f -2940/-2940/-2940 -2999/-2999/-2999 -2943/-2943/-2943
f -2993/-2993/-2993 -2999/-2999/-2999 -2940/-2940/-2940
f -3904/-3904/-3904 -2993/-2993/-2993 -2940/-2940/-2940
f -2940/-2940/-2940 -2941/-2941/-2941 -3904/-3904/-3904
f -3901/-3901/-3901 -2993/-2993/-2993 -3904/-3904/-3904
f -3901/-3901/-3901 -3896/-3896/-3896 -2993/-2993/-2993
f -2993/-2993/-2993 -3896/-3896/-3896 -2939/-2939/-2939
f -2941/-2941/-2941 -2942/-2942/-2942 -2938/-2938/-2938
f -3902/-3902/-3902 -2941/-2941/-2941 -2938/-2938/-2938
f -2941/-2941/-2941 -3902/-3902/-3902 -3904/-3904/-3904
f -3902/-3902/-3902 -2938/-2938/-2938 -3898/-3898/-3898
f -3898/-3898/-3898 -2938/-2938/-2938 -2937/-2937/-2937
f -2993/-2993/-2993 -2939/-2939/-2939 -2991/-2991/-2991
f -2934/-2934/-2934 -2936/-2936/-2936 -2935/-2935/-2935
f -2933/-2933/-2933 -2936/-2936/-2936 -2934/-2934/-2934
f -2935/-2935/-2935 -2936/-2936/-2936 -2932/-2932/-2932
f -2932/-2932/-2932 -2931/-2931/-2931 -2935/-2935/-2935
f -2931/-2931/-2931 -2932/-2932/-2932 -2930/-2930/-2930
f -2929/-2929/-2929 -2931/-2931/-2931 -2930/-2930/-2930
f -2930/-2930/-2930 -2932/-2932/-2932 -2928/-2928/-2928
f -2928/-2928/-2928 -3845/-3845/-3845 -2930/-2930/-2930
f -3846/-3846/-3846 -3845/-3845/-3845 -2928/-2928/-2928
f -2930/-2930/-2930 -3297/-3297/-3297 -2929/-2929/-2929
f -3845/-3845/-3845 -2927/-2927/-2927 -2930/-2930/-2930
f -3845/-3845/-3845 -3298/-3298/-3298 -3297/-3297/-3297
f -2926/-2926/-2926 -3298/-3298/-3298 -3845/-3845/-3845
f -2926/-2926/-2926 -3849/-3849/-3849 -3298/-3298/-3298
f -3299/-3299/-3299 -2929/-2929/-2929 -3297/-3297/-3297
f -3300/-3300/-3300 -2929/-2929/-2929 -3299/-3299/-3299
f -3842/-3842/-3842 -3302/-3302/-3302 -3298/-3298/-3298
f -3840/-3840/-3840 -3302/-3302/-3302 -3842/-3842/-3842
f -2923/-2923/-2923 -2925/-2925/-2925 -2924/-2924/-2924
f -2922/-2922/-2922 -2925/-2925/-2925 -2923/-2923/-2923
f -2924/-2924/-2924 -2921/-2921/-2921 -2923/-2923/-2923
f -2921/-2921/-2921 -2992/-2992/-2992 -2923/-2923/-2923
f -2923/-2923/-2923 -2992/-2992/-2992 -2920/-2920/-2920
f -2992/-2992/-2992 -3090/-3090/-3090 -2920/-2920/-2920
f -2992/-2992/-2992 -3080/-3080/-3080 -3090/-3090/-3090
f -2917/-2917/-2917 -2919/-2919/-2919 -2918/-2918/-2918
f -2916/-2916/-2916 -2918/-2918/-2918 -2919/-2919/-2919
f -2915/-2915/-2915 -2917/-2917/-2917 -2918/-2918/-2918
f -2914/-2914/-2914 -2917/-2917/-2917 -2915/-2915/-2915
f -2919/-2919/-2919 -2913/-2913/-2913 -2916/-2916/-2916
f -2916/-2916/-2916 -2913/-2913/-2913 -2912/-2912/-2912
f -2915/-2915/-2915 -2911/-2911/-2911 -2914/-2914/-2914
f -2910/-2910/-2910 -2911/-2911/-2911 -2915/-2915/-2915
f -2911/-2911/-2911 -2910/-2910/-2910 -2909/-2909/-2909
f -2909/-2909/-2909 -2910/-2910/-2910 -2908/-2908/-2908
f -2909/-2909/-2909 -2908/-2908/-2908 -2907/-2907/-2907
f -2907/-2907/-2907 -2908/-2908/-2908 -2906/-2906/-2906
f -2913/-2913/-2913 -2905/-2905/-2905 -2912/-2912/-2912
f -2912/-2912/-2912 -2905/-2905/-2905 -2904/-2904/-2904
f -3972/-3972/-3972 -3975/-3975/-3975 -2903/-2903/-2903
f -2902/-2902/-2902 -3972/-3972/-3972 -2903/-2903/-2903
f -3972/-3972/-3972 -2902/-2902/-2902 -3970/-3970/-3970
f -3970/-3970/-3970 -2902/-2902/-2902 -2901/-2901/-2901
f -3979/-3979/-3979 -2902/-2902/-2902 -2903/-2903/-2903
f -3981/-3981/-3981 -3979/-3979/-3979 -2903/-2903/-2903
f -3980/-3980/-3980 -2903/-2903/-2903 -3975/-3975/-3975
f -3981/-3981/-3981 -2903/-2903/-2903 -3980/-3980/-3980
f -2900/-2900/-2900 -3979/-3979/-3979 -3978/-3978/-3978
f -2897/-2897/-2897 -2899/-2899/-2899 -2898/-2898/-2898
f -2899/-2899/-2899 -3764/-3764/-3764 -2898/-2898/-2898
f -2896/-2896/-2896 -3764/-3764/-3764 -2899/-2899/-2899
f -2896/-2896/-2896 -3766/-3766/-3766 -3764/-3764/-3764
f -3766/-3766/-3766 -2896/-2896/-2896 -2895/-2895/-2895
f -2899/-2899/-2899 -2895/-2895/-2895 -2896/-2896/-2896
f -3766/-3766/-3766 -2895/-2895/-2895 -3773/-3773/-3773
f -3773/-3773/-3773 -2895/-2895/-2895 -3769/-3769/-3769
f -2895/-2895/-2895 -2894/-2894/-2894 -3769/-3769/-3769
f -2893/-2893/-2893 -2895/-2895/-2895 -2899/-2899/-2899
f -2895/-2895/-2895 -2893/-2893/-2893 -2894/-2894/-2894
f -2893/-2893/-2893 -2892/-2892/-2892 -2894/-2894/-2894
f -2894/-2894/-2894 -2892/-2892/-2892 -2891/-2891/-2891
f -2894/-2894/-2894 -2891/-2891/-2891 -3769/-3769/-3769
f -2890/-2890/-2890 -2892/-2892/-2892 -2893/-2893/-2893
f -2893/-2893/-2893 -2899/-2899/-2899 -2889/-2889/-2889
f -2889/-2889/-2889 -2899/-2899/-2899 -2897/-2897/-2897
f -2888/-2888/-2888 -2893/-2893/-2893 -2889/-2889/-2889
f -2887/-2887/-2887 -2893/-2893/-2893 -2888/-2888/-2888
f -2887/-2887/-2887 -2890/-2890/-2890 -2893/-2893/-2893
f -2889/-2889/-2889 -2886/-2886/-2886 -2888/-2888/-2888
f -2885/-2885/-2885 -2886/-2886/-2886 -2889/-2889/-2889
f -2884/-2884/-2884 -2887/-2887/-2887 -2888/-2888/-2888
f -2887/-2887/-2887 -2884/-2884/-2884 -2883/-2883/-2883
f -2883/-2883/-2883 -2882/-2882/-2882 -2887/-2887/-2887
f -2882/-2882/-2882 -2881/-2881/-2881 -2887/-2887/-2887
f -2887/-2887/-2887 -2881/-2881/-2881 -2890/-2890/-2890
f -2881/-2881/-2881 -2892/-2892/-2892 -2890/-2890/-2890
f -2882/-2882/-2882 -2880/-2880/-2880 -2881/-2881/-2881
f -2879/-2879/-2879 -2881/-2881/-2881 -2880/-2880/-2880
f -2879/-2879/-2879 -2878/-2878/-2878 -2881/-2881/-2881
f -2877/-2877/-2877 -2879/-2879/-2879 -2880/-2880/-2880
f -2876/-2876/-2876 -2879/-2879/-2879 -2877/-2877/-2877
f -2876/-2876/-2876 -2875/-2875/-2875 -2879/-2879/-2879
f -2874/-2874/-2874 -2878/-2878/-2878 -2876/-2876/-2876
f -2873/-2873/-2873 -2876/-2876/-2876 -2877/-2877/-2877
f -2872/-2872/-2872 -2876/-2876/-2876 -2873/-2873/-2873
f -2872/-2872/-2872 -2871/-2871/-2871 -2876/-2876/-2876
f -2873/-2873/-2873 -2871/-2871/-2871 -2872/-2872/-2872
f -2876/-2876/-2876 -2871/-2871/-2871 -2870/-2870/-2870
f -2870/-2870/-2870 -2871/-2871/-2871 -2869/-2869/-2869
f -2882/-2882/-2882 -2883/-2883/-2883 -2868/-2868/-2868
f -2882/-2882/-2882 -2868/-2868/-2868 -2867/-2867/-2867
f -2867/-2867/-2867 -2866/-2866/-2866 -2882/-2882/-2882
f -2868/-2868/-2868 -3397/-3397/-3397 -2865/-2865/-2865
f -2865/-2865/-2865 -3397/-3397/-3397 -2864/-2864/-2864
f -2868/-2868/-2868 -2865/-2865/-2865 -2863/-2863/-2863
f -2865/-2865/-2865 -2864/-2864/-2864 -2862/-2862/-2862
f -2868/-2868/-2868 -3396/-3396/-3396 -3397/-3397/-3397
f -3396/-3396/-3396 -2868/-2868/-2868 -2861/-2861/-2861
f -2868/-2868/-2868 -2883/-2883/-2883 -2861/-2861/-2861
f -2860/-2860/-2860 -3396/-3396/-3396 -2861/-2861/-2861
f -2883/-2883/-2883 -2859/-2859/-2859 -2861/-2861/-2861
f -3397/-3397/-3397 -2858/-2858/-2858 -2864/-2864/-2864
f -2864/-2864/-2864 -2858/-2858/-2858 -2857/-2857/-2857
f -2857/-2857/-2857 -2858/-2858/-2858 -2856/-2856/-2856
f -2856/-2856/-2856 -2858/-2858/-2858 -3402/-3402/-3402
f -3402/-3402/-3402 -2858/-2858/-2858 -3404/-3404/-3404
f -2855/-2855/-2855 -2864/-2864/-2864 -2857/-2857/-2857
f -2854/-2854/-2854 -2857/-2857/-2857 -2856/-2856/-2856
f -2853/-2853/-2853 -2857/-2857/-2857 -2854/-2854/-2854
f -2857/-2857/-2857 -2853/-2853/-2853 -2862/-2862/-2862
f -2854/-2854/-2854 -2852/-2852/-2852 -2853/-2853/-2853
f -2852/-2852/-2852 -2851/-2851/-2851 -2853/-2853/-2853
f -2850/-2850/-2850 -2852/-2852/-2852 -2854/-2854/-2854
f -2854/-2854/-2854 -2849/-2849/-2849 -2850/-2850/-2850
f -3400/-3400/-3400 -2849/-2849/-2849 -2854/-2854/-2854
f -2856/-2856/-2856 -3400/-3400/-3400 -2854/-2854/-2854
f -3402/-3402/-3402 -3400/-3400/-3400 -2856/-2856/-2856
f -2852/-2852/-2852 -2850/-2850/-2850 -2848/-2848/-2848
f -2849/-2849/-2849 -2847/-2847/-2847 -2850/-2850/-2850
f -2847/-2847/-2847 -2846/-2846/-2846 -2850/-2850/-2850
f -2846/-2846/-2846 -2847/-2847/-2847 -2845/-2845/-2845
f -2844/-2844/-2844 -2847/-2847/-2847 -2849/-2849/-2849
f -2847/-2847/-2847 -2844/-2844/-2844 -2843/-2843/-2843
f -2842/-2842/-2842 -2847/-2847/-2847 -2843/-2843/-2843
f -2841/-2841/-2841 -2845/-2845/-2845 -2843/-2843/-2843
f -2843/-2843/-2843 -2844/-2844/-2844 -2840/-2840/-2840
f -2840/-2840/-2840 -2839/-2839/-2839 -2843/-2843/-2843
f -2843/-2843/-2843 -2839/-2839/-2839 -2838/-2838/-2838
f -2840/-2840/-2840 -3470/-3470/-3470 -2839/-2839/-2839
f -2837/-2837/-2837 -3470/-3470/-3470 -2840/-2840/-2840
f -2840/-2840/-2840 -2844/-2844/-2844 -2837/-2837/-2837
f -2837/-2837/-2837 -3466/-3466/-3466 -3470/-3470/-3470
f -2836/-2836/-2836 -3466/-3466/-3466 -2837/-2837/-2837
f -2836/-2836/-2836 -2835/-2835/-2835 -3466/-3466/-3466
f -2837/-2837/-2837 -2834/-2834/-2834 -2836/-2836/-2836
f -2837/-2837/-2837 -2844/-2844/-2844 -2834/-2834/-2834
f -2836/-2836/-2836 -2834/-2834/-2834 -3440/-3440/-3440
f -2834/-2834/-2834 -3441/-3441/-3441 -3440/-3440/-3440
f -2833/-2833/-2833 -3441/-3441/-3441 -2834/-2834/-2834
f -2844/-2844/-2844 -2833/-2833/-2833 -2834/-2834/-2834
f -3441/-3441/-3441 -2833/-2833/-2833 -3439/-3439/-3439
f -3439/-3439/-3439 -2833/-2833/-2833 -2832/-2832/-2832
f -2833/-2833/-2833 -2849/-2849/-2849 -2832/-2832/-2832
f -2832/-2832/-2832 -2849/-2849/-2849 -3401/-3401/-3401
f -2849/-2849/-2849 -3400/-3400/-3400 -3401/-3401/-3401
f -2832/-2832/-2832 -3433/-3433/-3433 -3439/-3439/-3439
f -3430/-3430/-3430 -3433/-3433/-3433 -2832/-2832/-2832
f -3430/-3430/-3430 -2832/-2832/-2832 -2831/-2831/-2831
f -2831/-2831/-2831 -2830/-2830/-2830 -3430/-3430/-3430
f -3430/-3430/-3430 -2830/-2830/-2830 -2829/-2829/-2829
f -2831/-2831/-2831 -2828/-2828/-2828 -2830/-2830/-2830
f -2827/-2827/-2827 -2828/-2828/-2828 -2831/-2831/-2831
f -2827/-2827/-2827 -2832/-2832/-2832 -3401/-3401/-3401
f -2831/-2831/-2831 -2832/-2832/-2832 -2827/-2827/-2827
f -3415/-3415/-3415 -2829/-2829/-2829 -2830/-2830/-2830
f -3416/-3416/-3416 -2829/-2829/-2829 -3415/-3415/-3415
f -3417/-3417/-3417 -2829/-2829/-2829 -3416/-3416/-3416
f -2826/-2826/-2826 -2829/-2829/-2829 -3417/-3417/-3417
f -2825/-2825/-2825 -2829/-2829/-2829 -2826/-2826/-2826
f -2824/-2824/-2824 -2829/-2829/-2829 -2825/-2825/-2825
f -2825/-2825/-2825 -2826/-2826/-2826 -2823/-2823/-2823
f -2823/-2823/-2823 -2826/-2826/-2826 -3434/-3434/-3434
f -2826/-2826/-2826 -3422/-3422/-3422 -3434/-3434/-3434
f -3417/-3417/-3417 -3422/-3422/-3422 -2826/-2826/-2826
f -2830/-2830/-2830 -3410/-3410/-3410 -3415/-3415/-3415
f -2828/-2828/-2828 -3410/-3410/-3410 -2830/-2830/-2830
f -3410/-3410/-3410 -2828/-2828/-2828 -3407/-3407/-3407
f -3407/-3407/-3407 -2828/-2828/-2828 -3405/-3405/-3405
f -2828/-2828/-2828 -2827/-2827/-2827 -3405/-3405/-3405
f -3405/-3405/-3405 -2827/-2827/-2827 -3403/-3403/-3403
f -2827/-2827/-2827 -3401/-3401/-3401 -3403/-3403/-3403
f -2822/-2822/-2822 -3431/-3431/-3431 -2824/-2824/-2824
f -2822/-2822/-2822 -2824/-2824/-2824 -3428/-3428/-3428
f -2820/-2820/-2820 -3428/-3428/-3428 -2821/-2821/-2821
f -2818/-2818/-2818 -2819/-2819/-2819 -3431/-3431/-3431
f -2815/-2815/-2815 -2817/-2817/-2817 -2816/-2816/-2816
f -2815/-2815/-2815 -2814/-2814/-2814 -2813/-2813/-2813
f -2816/-2816/-2816 -2812/-2812/-2812 -2811/-2811/-2811
f -2816/-2816/-2816 -2810/-2810/-2810 -2812/-2812/-2812
f -2809/-2809/-2809 -2810/-2810/-2810 -2816/-2816/-2816
f -2817/-2817/-2817 -2808/-2808/-2808 -2810/-2810/-2810
f -2810/-2810/-2810 -3775/-3775/-3775 -2812/-2812/-2812
f -2810/-2810/-2810 -3789/-3789/-3789 -3775/-3775/-3775
f -2808/-2808/-2808 -3789/-3789/-3789 -2810/-2810/-2810
f -2806/-2806/-2806 -2811/-2811/-2811 -2807/-2807/-2807
f -2804/-2804/-2804 -2812/-2812/-2812 -2805/-2805/-2805
f -2804/-2804/-2804 -2805/-2805/-2805 -2807/-2807/-2807
f -2807/-2807/-2807 -2805/-2805/-2805 -2803/-2803/-2803
f -2802/-2802/-2802 -3785/-3785/-3785 -3789/-3789/-3789
f -3785/-3785/-3785 -3127/-3127/-3127 -3784/-3784/-3784
f -3130/-3130/-3130 -3785/-3785/-3785 -3770/-3770/-3770
f -2801/-2801/-2801 -3785/-3785/-3785 -3130/-3130/-3130
f -3770/-3770/-3770 -3125/-3125/-3125 -3130/-3130/-3130
f -3125/-3125/-3125 -3770/-3770/-3770 -3771/-3771/-3771
f -2798/-2798/-2798 -2800/-2800/-2800 -2799/-2799/-2799
f -2799/-2799/-2799 -2797/-2797/-2797 -2798/-2798/-2798
f -2798/-2798/-2798 -2797/-2797/-2797 -2796/-2796/-2796
f -2797/-2797/-2797 -2795/-2795/-2795 -2796/-2796/-2796
f -2796/-2796/-2796 -2795/-2795/-2795 -2794/-2794/-2794
f -2798/-2798/-2798 -2796/-2796/-2796 -2793/-2793/-2793
f -2798/-2798/-2798 -2793/-2793/-2793 -2792/-2792/-2792
f -2792/-2792/-2792 -2791/-2791/-2791 -2798/-2798/-2798
f -2793/-2793/-2793 -2790/-2790/-2790 -2792/-2792/-2792
f -2789/-2789/-2789 -2790/-2790/-2790 -2793/-2793/-2793
f -2788/-2788/-2788 -2789/-2789/-2789 -2793/-2793/-2793
f -2793/-2793/-2793 -2796/-2796/-2796 -2788/-2788/-2788
f -2787/-2787/-2787 -2790/-2790/-2790 -2789/-2789/-2789
f -2786/-2786/-2786 -2796/-2796/-2796 -2794/-2794/-2794
f -2788/-2788/-2788 -2796/-2796/-2796 -2786/-2786/-2786
f -2786/-2786/-2786 -2789/-2789/-2789 -2788/-2788/-2788
f -2785/-2785/-2785 -2789/-2789/-2789 -2786/-2786/-2786
f -2784/-2784/-2784 -2789/-2789/-2789 -2785/-2785/-2785
f -2783/-2783/-2783 -2784/-2784/-2784 -2785/-2785/-2785
f -2784/-2784/-2784 -2783/-2783/-2783 -2782/-2782/-2782
f -2782/-2782/-2782 -2781/-2781/-2781 -2784/-2784/-2784
f -2784/-2784/-2784 -2781/-2781/-2781 -2780/-2780/-2780
f -2789/-2789/-2789 -2780/-2780/-2780 -2787/-2787/-2787
f -2784/-2784/-2784 -2780/-2780/-2780 -2789/-2789/-2789
f -2781/-2781/-2781 -2782/-2782/-2782 -2779/-2779/-2779
f -2790/-2790/-2790 -2787/-2787/-2787 -2778/-2778/-2778
f -2790/-2790/-2790 -2778/-2778/-2778 -2792/-2792/-2792
f -2778/-2778/-2778 -2777/-2777/-2777 -2792/-2792/-2792
f -2791/-2791/-2791 -2792/-2792/-2792 -2777/-2777/-2777
f -2778/-2778/-2778 -2787/-2787/-2787 -2776/-2776/-2776
f -2776/-2776/-2776 -2775/-2775/-2775 -2778/-2778/-2778
f -2775/-2775/-2775 -2777/-2777/-2777 -2778/-2778/-2778
f -2787/-2787/-2787 -2774/-2774/-2774 -2776/-2776/-2776
f -2780/-2780/-2780 -2774/-2774/-2774 -2787/-2787/-2787
f -2780/-2780/-2780 -2773/-2773/-2773 -2774/-2774/-2774
f -2781/-2781/-2781 -2773/-2773/-2773 -2780/-2780/-2780
f -2773/-2773/-2773 -2781/-2781/-2781 -2779/-2779/-2779
f -2772/-2772/-2772 -2774/-2774/-2774 -2773/-2773/-2773
f -2776/-2776/-2776 -2771/-2771/-2771 -2775/-2775/-2775
f -2776/-2776/-2776 -2774/-2774/-2774 -2771/-2771/-2771
f -2774/-2774/-2774 -2772/-2772/-2772 -2771/-2771/-2771
f -2775/-2775/-2775 -2771/-2771/-2771 -2770/-2770/-2770
f -2769/-2769/-2769 -2775/-2775/-2775 -2770/-2770/-2770
f -2768/-2768/-2768 -2775/-2775/-2775 -2769/-2769/-2769
f -2768/-2768/-2768 -2777/-2777/-2777 -2775/-2775/-2775
f -2768/-2768/-2768 -2767/-2767/-2767 -2777/-2777/-2777
f -2766/-2766/-2766 -2777/-2777/-2777 -2767/-2767/-2767
f -2765/-2765/-2765 -2767/-2767/-2767 -2768/-2768/-2768
f -2769/-2769/-2769 -2765/-2765/-2765 -2768/-2768/-2768
f -2764/-2764/-2764 -2765/-2765/-2765 -2769/-2769/-2769
f -2761/-2761/-2761 -2763/-2763/-2763 -2762/-2762/-2762
f -2760/-2760/-2760 -2763/-2763/-2763 -2761/-2761/-2761
f -2761/-2761/-2761 -2762/-2762/-2762 -2759/-2759/-2759
f -2759/-2759/-2759 -2762/-2762/-2762 -2758/-2758/-2758
f -2759/-2759/-2759 -2758/-2758/-2758 -2757/-2757/-2757
f -2758/-2758/-2758 -2756/-2756/-2756 -2757/-2757/-2757
f -2757/-2757/-2757 -2756/-2756/-2756 -2755/-2755/-2755
f -2759/-2759/-2759 -2754/-2754/-2754 -2761/-2761/-2761
f -2755/-2755/-2755 -2756/-2756/-2756 -2753/-2753/-2753
f -2753/-2753/-2753 -2752/-2752/-2752 -2755/-2755/-2755
f -2752/-2752/-2752 -2751/-2751/-2751 -2755/-2755/-2755
f -2751/-2751/-2751 -2757/-2757/-2757 -2755/-2755/-2755
f -2753/-2753/-2753 -2756/-2756/-2756 -2750/-2750/-2750
f -2749/-2749/-2749 -2762/-2762/-2762 -2763/-2763/-2763
f -2748/-2748/-2748 -2762/-2762/-2762 -2749/-2749/-2749
f -2758/-2758/-2758 -2762/-2762/-2762 -2748/-2748/-2748
f -2758/-2758/-2758 -2747/-2747/-2747 -2756/-2756/-2756
f -2748/-2748/-2748 -2747/-2747/-2747 -2758/-2758/-2758
f -2749/-2749/-2749 -2747/-2747/-2747 -2748/-2748/-2748
f -2747/-2747/-2747 -2746/-2746/-2746 -2756/-2756/-2756
f -2752/-2752/-2752 -2745/-2745/-2745 -2751/-2751/-2751
f -2744/-2744/-2744 -2745/-2745/-2745 -2752/-2752/-2752
f -2757/-2757/-2757 -2751/-2751/-2751 -2743/-2743/-2743
f -2747/-2747/-2747 -2742/-2742/-2742 -2746/-2746/-2746
f -2741/-2741/-2741 -2742/-2742/-2742 -2747/-2747/-2747
f -2741/-2741/-2741 -2747/-2747/-2747 -2749/-2749/-2749
f -2740/-2740/-2740 -2756/-2756/-2756 -2746/-2746/-2746
f -2739/-2739/-2739 -2746/-2746/-2746 -2742/-2742/-2742
f -2740/-2740/-2740 -2746/-2746/-2746 -2739/-2739/-2739
f -2751/-2751/-2751 -2738/-2738/-2738 -2743/-2743/-2743
f -2737/-2737/-2737 -2743/-2743/-2743 -2738/-2738/-2738
f -2743/-2743/-2743 -2737/-2737/-2737 -2736/-2736/-2736
f -2736/-2736/-2736 -2757/-2757/-2757 -2743/-2743/-2743
f -2759/-2759/-2759 -2757/-2757/-2757 -2736/-2736/-2736
f -2759/-2759/-2759 -2736/-2736/-2736 -2735/-2735/-2735
f -2745/-2745/-2745 -2744/-2744/-2744 -2734/-2734/-2734
f -2733/-2733/-2733 -2745/-2745/-2745 -2734/-2734/-2734
f -2732/-2732/-2732 -2745/-2745/-2745 -2733/-2733/-2733
f -2732/-2732/-2732 -2731/-2731/-2731 -2738/-2738/-2738
f -2730/-2730/-2730 -2731/-2731/-2731 -2732/-2732/-2732
f -2730/-2730/-2730 -2732/-2732/-2732 -2733/-2733/-2733
f -2738/-2738/-2738 -2731/-2731/-2731 -2729/-2729/-2729
f -2729/-2729/-2729 -2731/-2731/-2731 -2728/-2728/-2728
f -2727/-2727/-2727 -2730/-2730/-2730 -2733/-2733/-2733
f -2726/-2726/-2726 -2727/-2727/-2727 -2733/-2733/-2733
f -2734/-2734/-2734 -2726/-2726/-2726 -2733/-2733/-2733
f -2725/-2725/-2725 -2727/-2727/-2727 -2726/-2726/-2726
f -2726/-2726/-2726 -2724/-2724/-2724 -2725/-2725/-2725
f -2725/-2725/-2725 -2724/-2724/-2724 -2723/-2723/-2723
f -3238/-3238/-3238 -2723/-2723/-2723 -2724/-2724/-2724
f -3239/-3239/-3239 -2723/-2723/-2723 -3238/-3238/-3238
f -3238/-3238/-3238 -2724/-2724/-2724 -3236/-3236/-3236
f -3236/-3236/-3236 -2724/-2724/-2724 -2722/-2722/-2722
f -2726/-2726/-2726 -2722/-2722/-2722 -2724/-2724/-2724
f -3236/-3236/-3236 -2722/-2722/-2722 -3235/-3235/-3235
f -3235/-3235/-3235 -2722/-2722/-2722 -3216/-3216/-3216
f -3216/-3216/-3216 -3232/-3232/-3232 -3235/-3235/-3235
f -2721/-2721/-2721 -3216/-3216/-3216 -2722/-2722/-2722
f -2721/-2721/-2721 -2722/-2722/-2722 -2726/-2726/-2726
f -2720/-2720/-2720 -3216/-3216/-3216 -2721/-2721/-2721
f -2720/-2720/-2720 -3217/-3217/-3217 -3216/-3216/-3216
f -3205/-3205/-3205 -3217/-3217/-3217 -2720/-2720/-2720
f -3200/-3200/-3200 -3205/-3205/-3205 -2720/-2720/-2720
f -2720/-2720/-2720 -2721/-2721/-2721 -3200/-3200/-3200
f -3200/-3200/-3200 -2721/-2721/-2721 -2734/-2734/-2734
f -2721/-2721/-2721 -2726/-2726/-2726 -2734/-2734/-2734
f -2734/-2734/-2734 -2744/-2744/-2744 -3200/-3200/-3200
f -2744/-2744/-2744 -3199/-3199/-3199 -3200/-3200/-3200
f -3199/-3199/-3199 -2744/-2744/-2744 -3198/-3198/-3198
f -3198/-3198/-3198 -2744/-2744/-2744 -2752/-2752/-2752
f -3198/-3198/-3198 -2752/-2752/-2752 -3195/-3195/-3195
f -3195/-3195/-3195 -2752/-2752/-2752 -2753/-2753/-2753
f -4045/-4045/-4045 -2719/-2719/-2719 -2718/-2718/-2718
f -4045/-4045/-4045 -4042/-4042/-4042 -2719/-2719/-2719
f -2717/-2717/-2717 -2719/-2719/-2719 -4042/-4042/-4042
f -4047/-4047/-4047 -4045/-4045/-4045 -2718/-2718/-2718
f -4047/-4047/-4047 -2718/-2718/-2718 -2716/-2716/-2716
f -4049/-4049/-4049 -4047/-4047/-4047 -2716/-2716/-2716
f -4042/-4042/-4042 -4031/-4031/-4031 -2717/-2717/-2717
f -4031/-4031/-4031 -2715/-2715/-2715 -2717/-2717/-2717
f -2716/-2716/-2716 -4050/-4050/-4050 -4049/-4049/-4049
f -2712/-2712/-2712 -2714/-2714/-2714 -2713/-2713/-2713
f -2711/-2711/-2711 -2713/-2713/-2713 -2714/-2714/-2714
f -2712/-2712/-2712 -2710/-2710/-2710 -2714/-2714/-2714
f -2713/-2713/-2713 -2711/-2711/-2711 -2709/-2709/-2709
f -2709/-2709/-2709 -2708/-2708/-2708 -2713/-2713/-2713
f -2708/-2708/-2708 -2712/-2712/-2712 -2713/-2713/-2713
f -2707/-2707/-2707 -2711/-2711/-2711 -2714/-2714/-2714
f -2706/-2706/-2706 -2712/-2712/-2712 -2708/-2708/-2708
f -2709/-2709/-2709 -2711/-2711/-2711 -2705/-2705/-2705
f -2705/-2705/-2705 -2711/-2711/-2711 -2704/-2704/-2704
f -2711/-2711/-2711 -2707/-2707/-2707 -2704/-2704/-2704
f -2704/-2704/-2704 -2703/-2703/-2703 -2705/-2705/-2705
f -2705/-2705/-2705 -2703/-2703/-2703 -2702/-2702/-2702
f -2704/-2704/-2704 -2701/-2701/-2701 -2703/-2703/-2703
f -2707/-2707/-2707 -2701/-2701/-2701 -2704/-2704/-2704
f -2700/-2700/-2700 -2703/-2703/-2703 -2701/-2701/-2701
f -2703/-2703/-2703 -2699/-2699/-2699 -2702/-2702/-2702
f -2700/-2700/-2700 -2699/-2699/-2699 -2703/-2703/-2703
f -2698/-2698/-2698 -4529/-4529/-4529 -4470/-4470/-4470
f -4529/-4529/-4529 -4518/-4518/-4518 -4470/-4470/-4470
f -2695/-2695/-2695 -2697/-2697/-2697 -2696/-2696/-2696
f -2697/-2697/-2697 -4520/-4520/-4520 -2696/-2696/-2696
f -2693/-2693/-2693 -4520/-4520/-4520 -2694/-2694/-2694
f -2692/-2692/-2692 -4506/-4506/-4506 -4492/-4492/-4492
f -4506/-4506/-4506 -4472/-4472/-4472 -4507/-4507/-4507
f -4507/-4507/-4507 -4459/-4459/-4459 -4516/-4516/-4516
f -2691/-2691/-2691 -4516/-4516/-4516 -4459/-4459/-4459
f -4459/-4459/-4459 -4473/-4473/-4473 -2691/-2691/-2691
f -4507/-4507/-4507 -2690/-2690/-2690 -4459/-4459/-4459
f -2688/-2688/-2688 -2689/-2689/-2689 -2736/-2736/-2736
f -2736/-2736/-2736 -2687/-2687/-2687 -2688/-2688/-2688
f -2685/-2685/-2685 -2686/-2686/-2686 -2688/-2688/-2688
f -2685/-2685/-2685 -2684/-2684/-2684 -2686/-2686/-2686
f -2686/-2686/-2686 -2684/-2684/-2684 -2683/-2683/-2683
f -2681/-2681/-2681 -2682/-2682/-2682 -2683/-2683/-2683
f -2680/-2680/-2680 -2682/-2682/-2682 -2681/-2681/-2681
f -2679/-2679/-2679 -2686/-2686/-2686 -2680/-2680/-2680
f -2681/-2681/-2681 -2760/-2760/-2760 -2735/-2735/-2735
f -2735/-2735/-2735 -2760/-2760/-2760 -2761/-2761/-2761
f -2677/-2677/-2677 -2678/-2678/-2678 -3043/-3043/-3043
f -2677/-2677/-2677 -2676/-2676/-2676 -2678/-2678/-2678
f -2678/-2678/-2678 -2676/-2676/-2676 -2675/-2675/-2675
f -2675/-2675/-2675 -2676/-2676/-2676 -2674/-2674/-2674
f -2677/-2677/-2677 -2673/-2673/-2673 -2676/-2676/-2676
f -3042/-3042/-3042 -2673/-2673/-2673 -2677/-2677/-2677
f -3042/-3042/-3042 -3052/-3052/-3052 -2673/-2673/-2673
f -2673/-2673/-2673 -3052/-3052/-3052 -2672/-2672/-2672
f -2671/-2671/-2671 -2673/-2673/-2673 -2672/-2672/-2672
f -2673/-2673/-2673 -2671/-2671/-2671 -2670/-2670/-2670
f -2670/-2670/-2670 -2674/-2674/-2674 -2676/-2676/-2676
f -2676/-2676/-2676 -2673/-2673/-2673 -2670/-2670/-2670
f -2670/-2670/-2670 -2669/-2669/-2669 -2674/-2674/-2674
f -2668/-2668/-2668 -2669/-2669/-2669 -2670/-2670/-2670
f -2668/-2668/-2668 -2667/-2667/-2667 -2669/-2669/-2669
f -2666/-2666/-2666 -2667/-2667/-2667 -2668/-2668/-2668
f -2666/-2666/-2666 -2665/-2665/-2665 -2667/-2667/-2667
f -2664/-2664/-2664 -2665/-2665/-2665 -2666/-2666/-2666
f -2666/-2666/-2666 -2663/-2663/-2663 -2664/-2664/-2664
f -2662/-2662/-2662 -2663/-2663/-2663 -2666/-2666/-2666
f -2668/-2668/-2668 -2662/-2662/-2662 -2666/-2666/-2666
f -2661/-2661/-2661 -2663/-2663/-2663 -2662/-2662/-2662
f -2660/-2660/-2660 -2663/-2663/-2663 -2661/-2661/-2661
f -2662/-2662/-2662 -2659/-2659/-2659 -2661/-2661/-2661
f -2670/-2670/-2670 -2659/-2659/-2659 -2668/-2668/-2668
f -2671/-2671/-2671 -2659/-2659/-2659 -2670/-2670/-2670
f -2659/-2659/-2659 -2662/-2662/-2662 -2668/-2668/-2668
f -2661/-2661/-2661 -2659/-2659/-2659 -2658/-2658/-2658
f -2671/-2671/-2671 -2658/-2658/-2658 -2659/-2659/-2659
f -2672/-2672/-2672 -2658/-2658/-2658 -2671/-2671/-2671
f -2657/-2657/-2657 -2661/-2661/-2661 -2658/-2658/-2658
f -2657/-2657/-2657 -2658/-2658/-2658 -2672/-2672/-2672
f -2672/-2672/-2672 -2656/-2656/-2656 -2657/-2657/-2657
f -2657/-2657/-2657 -2656/-2656/-2656 -2655/-2655/-2655
f -2654/-2654/-2654 -2661/-2661/-2661 -2657/-2657/-2657
f -2657/-2657/-2657 -2653/-2653/-2653 -2654/-2654/-2654
f -2655/-2655/-2655 -2653/-2653/-2653 -2657/-2657/-2657
f -2654/-2654/-2654 -2653/-2653/-2653 -2652/-2652/-2652
f -2652/-2652/-2652 -2661/-2661/-2661 -2654/-2654/-2654
f -2660/-2660/-2660 -2661/-2661/-2661 -2652/-2652/-2652
f -2652/-2652/-2652 -2653/-2653/-2653 -2651/-2651/-2651
f -2650/-2650/-2650 -2653/-2653/-2653 -2655/-2655/-2655
f -2650/-2650/-2650 -2651/-2651/-2651 -2653/-2653/-2653
f -2649/-2649/-2649 -2651/-2651/-2651 -2650/-2650/-2650
f -3052/-3052/-3052 -2656/-2656/-2656 -2672/-2672/-2672
f -3052/-3052/-3052 -3053/-3053/-3053 -2656/-2656/-2656
f -2656/-2656/-2656 -3053/-3053/-3053 -2648/-2648/-2648
f -2648/-2648/-2648 -3053/-3053/-3053 -2647/-2647/-2647
f -2647/-2647/-2647 -3053/-3053/-3053 -2646/-2646/-2646
f -2647/-2647/-2647 -2646/-2646/-2646 -2645/-2645/-2645
f -2645/-2645/-2645 -2646/-2646/-2646 -2644/-2644/-2644
f -2645/-2645/-2645 -2643/-2643/-2643 -2647/-2647/-2647
f -2647/-2647/-2647 -2643/-2643/-2643 -2642/-2642/-2642
f -2645/-2645/-2645 -2644/-2644/-2644 -2641/-2641/-2641
f -2641/-2641/-2641 -2643/-2643/-2643 -2645/-2645/-2645
f -2641/-2641/-2641 -2644/-2644/-2644 -2640/-2640/-2640
f -2639/-2639/-2639 -2642/-2642/-2642 -2643/-2643/-2643
f -2639/-2639/-2639 -2643/-2643/-2643 -2638/-2638/-2638
f -2638/-2638/-2638 -2643/-2643/-2643 -2641/-2641/-2641
f -2638/-2638/-2638 -2641/-2641/-2641 -2637/-2637/-2637
f -2638/-2638/-2638 -2637/-2637/-2637 -2636/-2636/-2636
f -2636/-2636/-2636 -2639/-2639/-2639 -2638/-2638/-2638
f -2636/-2636/-2636 -2637/-2637/-2637 -2635/-2635/-2635
f -2634/-2634/-2634 -2642/-2642/-2642 -2639/-2639/-2639
f -3053/-3053/-3053 -3061/-3061/-3061 -2646/-2646/-2646
f -2646/-2646/-2646 -3059/-3059/-3059 -2644/-2644/-2644
f -3061/-3061/-3061 -3059/-3059/-3059 -2646/-2646/-2646
f -2644/-2644/-2644 -3058/-3058/-3058 -2640/-2640/-2640
f -3059/-3059/-3059 -3058/-3058/-3058 -2644/-2644/-2644
f -2633/-2633/-2633 -3958/-3958/-3958 -3961/-3961/-3961
f -2632/-2632/-2632 -3958/-3958/-3958 -2633/-2633/-2633
f -2633/-2633/-2633 -3961/-3961/-3961 -3959/-3959/-3959
f -2629/-2629/-2629 -2631/-2631/-2631 -2630/-2630/-2630
f -2628/-2628/-2628 -2631/-2631/-2631 -2629/-2629/-2629
f -2630/-2630/-2630 -2631/-2631/-2631 -2627/-2627/-2627
f -2627/-2627/-2627 -2631/-2631/-2631 -2626/-2626/-2626
f -2627/-2627/-2627 -2625/-2625/-2625 -2630/-2630/-2630
f -2630/-2630/-2630 -2625/-2625/-2625 -2629/-2629/-2629
f -2625/-2625/-2625 -2627/-2627/-2627 -2624/-2624/-2624
f -2623/-2623/-2623 -2625/-2625/-2625 -2624/-2624/-2624
f -2623/-2623/-2623 -2622/-2622/-2622 -2625/-2625/-2625
f -2625/-2625/-2625 -2622/-2622/-2622 -2621/-2621/-2621
f -2629/-2629/-2629 -2625/-2625/-2625 -2621/-2621/-2621
f -3660/-3660/-3660 -2620/-2620/-2620 -3659/-3659/-3659
f -3659/-3659/-3659 -2620/-2620/-2620 -3653/-3653/-3653
f -3653/-3653/-3653 -2620/-2620/-2620 -2619/-2619/-2619
f -2619/-2619/-2619 -2620/-2620/-2620 -2618/-2618/-2618
f -2619/-2619/-2619 -2617/-2617/-2617 -3653/-3653/-3653
f -3653/-3653/-3653 -2617/-2617/-2617 -3655/-3655/-3655
f -3655/-3655/-3655 -2617/-2617/-2617 -3656/-3656/-3656
f -3656/-3656/-3656 -2617/-2617/-2617 -3640/-3640/-3640
f -3230/-3230/-3230 -3214/-3214/-3214 -3228/-3228/-3228
f -2615/-2615/-2615 -3676/-3676/-3676 -2616/-2616/-2616
f -3675/-3675/-3675 -3676/-3676/-3676 -2615/-2615/-2615
f -2615/-2615/-2615 -3665/-3665/-3665 -3675/-3675/-3675
f -2612/-2612/-2612 -2614/-2614/-2614 -2613/-2613/-2613
f -2611/-2611/-2611 -2614/-2614/-2614 -2612/-2612/-2612
f -2613/-2613/-2613 -2610/-2610/-2610 -2612/-2612/-2612
f -2612/-2612/-2612 -2610/-2610/-2610 -2609/-2609/-2609
f -2610/-2610/-2610 -2608/-2608/-2608 -2609/-2609/-2609
f -2607/-2607/-2607 -2608/-2608/-2608 -2610/-2610/-2610
f -2608/-2608/-2608 -2607/-2607/-2607 -2606/-2606/-2606
f -2606/-2606/-2606 -2607/-2607/-2607 -2605/-2605/-2605
f -2605/-2605/-2605 -2604/-2604/-2604 -2606/-2606/-2606
f -2603/-2603/-2603 -2604/-2604/-2604 -2605/-2605/-2605
f -2602/-2602/-2602 -2604/-2604/-2604 -2603/-2603/-2603
f -2602/-2602/-2602 -2601/-2601/-2601 -2604/-2604/-2604
f -2601/-2601/-2601 -2600/-2600/-2600 -2604/-2604/-2604
f -2604/-2604/-2604 -2600/-2600/-2600 -2599/-2599/-2599
f -2606/-2606/-2606 -2604/-2604/-2604 -2599/-2599/-2599
f -2598/-2598/-2598 -2601/-2601/-2601 -2602/-2602/-2602
f -2597/-2597/-2597 -2605/-2605/-2605 -2607/-2607/-2607
f -2603/-2603/-2603 -2605/-2605/-2605 -2597/-2597/-2597
f -2598/-2598/-2598 -2602/-2602/-2602 -2596/-2596/-2596
f -2602/-2602/-2602 -2603/-2603/-2603 -2595/-2595/-2595
f -2603/-2603/-2603 -2597/-2597/-2597 -2594/-2594/-2594
f -2607/-2607/-2607 -2593/-2593/-2593 -2597/-2597/-2597
f -2597/-2597/-2597 -2593/-2593/-2593 -2592/-2592/-2592
f -2610/-2610/-2610 -2593/-2593/-2593 -2607/-2607/-2607
f -2610/-2610/-2610 -2591/-2591/-2591 -2593/-2593/-2593
f -2593/-2593/-2593 -2591/-2591/-2591 -2590/-2590/-2590
f -2613/-2613/-2613 -2591/-2591/-2591 -2610/-2610/-2610
f -2613/-2613/-2613 -2589/-2589/-2589 -2591/-2591/-2591
f -2591/-2591/-2591 -2589/-2589/-2589 -2588/-2588/-2588
f -2614/-2614/-2614 -2589/-2589/-2589 -2613/-2613/-2613
f -2586/-2586/-2586 -3917/-3917/-3917 -2587/-2587/-2587
f -3917/-3917/-3917 -3915/-3915/-3915 -2587/-2587/-2587
f -2586/-2586/-2586 -3908/-3908/-3908 -3917/-3917/-3917
f -3897/-3897/-3897 -3908/-3908/-3908 -2586/-2586/-2586
f -2583/-2583/-2583 -2585/-2585/-2585 -2584/-2584/-2584
f -2585/-2585/-2585 -2582/-2582/-2582 -2584/-2584/-2584
f -2584/-2584/-2584 -2582/-2582/-2582 -2581/-2581/-2581
f -2580/-2580/-2580 -2583/-2583/-2583 -2584/-2584/-2584
f -2579/-2579/-2579 -2580/-2580/-2580 -2584/-2584/-2584
f -2584/-2584/-2584 -2581/-2581/-2581 -2578/-2578/-2578
f -2579/-2579/-2579 -2584/-2584/-2584 -2578/-2578/-2578
f -2577/-2577/-2577 -2579/-2579/-2579 -2578/-2578/-2578
f -2577/-2577/-2577 -2578/-2578/-2578 -2576/-2576/-2576
f -2576/-2576/-2576 -2575/-2575/-2575 -2577/-2577/-2577
f -2576/-2576/-2576 -2574/-2574/-2574 -2575/-2575/-2575
f -2573/-2573/-2573 -2574/-2574/-2574 -2576/-2576/-2576
f -2572/-2572/-2572 -2578/-2578/-2578 -2581/-2581/-2581
f -2572/-2572/-2572 -2576/-2576/-2576 -2578/-2578/-2578
f -2572/-2572/-2572 -2571/-2571/-2571 -2576/-2576/-2576
f -2576/-2576/-2576 -2571/-2571/-2571 -2570/-2570/-2570
f -2570/-2570/-2570 -2569/-2569/-2569 -2576/-2576/-2576
f -2569/-2569/-2569 -2568/-2568/-2568 -2576/-2576/-2576
f -2569/-2569/-2569 -2567/-2567/-2567 -2568/-2568/-2568
f -2568/-2568/-2568 -2566/-2566/-2566 -2576/-2576/-2576
f -2573/-2573/-2573 -2576/-2576/-2576 -2566/-2566/-2566
f -2568/-2568/-2568 -2565/-2565/-2565 -2566/-2566/-2566
f -2564/-2564/-2564 -2565/-2565/-2565 -2568/-2568/-2568
f -2563/-2563/-2563 -2564/-2564/-2564 -2568/-2568/-2568
f -2567/-2567/-2567 -2563/-2563/-2563 -2568/-2568/-2568
f -3923/-3923/-3923 -4012/-4012/-4012 -4015/-4015/-4015
f -4007/-4007/-4007 -4012/-4012/-4012 -3923/-3923/-3923
f -3224/-3224/-3224 -2562/-2562/-2562 -2561/-2561/-2561
f -2562/-2562/-2562 -3224/-3224/-3224 -2560/-2560/-2560
f -3224/-3224/-3224 -3225/-3225/-3225 -2560/-2560/-2560
f -2560/-2560/-2560 -3225/-3225/-3225 -3221/-3221/-3221
f -2561/-2561/-2561 -2562/-2562/-2562 -2559/-2559/-2559
f -2559/-2559/-2559 -2562/-2562/-2562 -2558/-2558/-2558
f -2558/-2558/-2558 -2557/-2557/-2557 -2559/-2559/-2559
f -2559/-2559/-2559 -2556/-2556/-2556 -2561/-2561/-2561
f -2561/-2561/-2561 -2555/-2555/-2555 -3224/-3224/-3224
f -2559/-2559/-2559 -2554/-2554/-2554 -3157/-3157/-3157
f -4002/-4002/-4002 -3982/-3982/-3982 -3977/-3977/-3977
f -3999/-3999/-3999 -3982/-3982/-3982 -4002/-4002/-4002
f -3977/-3977/-3977 -4006/-4006/-4006 -4002/-4002/-4002
f -4006/-4006/-4006 -3977/-3977/-3977 -4009/-4009/-4009
f -3976/-3976/-3976 -4009/-4009/-4009 -3977/-3977/-3977
f -4010/-4010/-4010 -4009/-4009/-4009 -3976/-3976/-3976
f -4010/-4010/-4010 -3976/-3976/-3976 -3974/-3974/-3974
f -3955/-3955/-3955 -4010/-4010/-4010 -3974/-3974/-3974
f -3974/-3974/-3974 -3967/-3967/-3967 -3955/-3955/-3955
f -4010/-4010/-4010 -3955/-3955/-3955 -3926/-3926/-3926
f -3926/-3926/-3926 -3955/-3955/-3955 -3948/-3948/-3948
f -3948/-3948/-3948 -3929/-3929/-3929 -3926/-3926/-3926
f -3943/-3943/-3943 -3929/-3929/-3929 -3948/-3948/-3948
f -2551/-2551/-2551 -2553/-2553/-2553 -2552/-2552/-2552
f -2552/-2552/-2552 -2550/-2550/-2550 -2551/-2551/-2551
f -2549/-2549/-2549 -2553/-2553/-2553 -2551/-2551/-2551
f -2548/-2548/-2548 -2551/-2551/-2551 -2550/-2550/-2550
f -2547/-2547/-2547 -2551/-2551/-2551 -2548/-2548/-2548
f -2548/-2548/-2548 -2546/-2546/-2546 -2547/-2547/-2547
f -2547/-2547/-2547 -2546/-2546/-2546 -2545/-2545/-2545
f -2545/-2545/-2545 -2546/-2546/-2546 -2544/-2544/-2544
f -2544/-2544/-2544 -2546/-2546/-2546 -2543/-2543/-2543
f -2542/-2542/-2542 -2545/-2545/-2545 -2544/-2544/-2544
f -2541/-2541/-2541 -2545/-2545/-2545 -2542/-2542/-2542
f -2547/-2547/-2547 -2545/-2545/-2545 -2541/-2541/-2541
f -2541/-2541/-2541 -2551/-2551/-2551 -2547/-2547/-2547
f -2549/-2549/-2549 -2551/-2551/-2551 -2541/-2541/-2541
f -2553/-2553/-2553 -2549/-2549/-2549 -2540/-2540/-2540
f -2537/-2537/-2537 -2539/-2539/-2539 -2538/-2538/-2538
f -2536/-2536/-2536 -2539/-2539/-2539 -2537/-2537/-2537
f -2539/-2539/-2539 -2536/-2536/-2536 -2535/-2535/-2535
f -2535/-2535/-2535 -2536/-2536/-2536 -2534/-2534/-2534
f -2533/-2533/-2533 -2534/-2534/-2534 -2536/-2536/-2536
f -2537/-2537/-2537 -2533/-2533/-2533 -2536/-2536/-2536
f -2532/-2532/-2532 -2534/-2534/-2534 -2533/-2533/-2533
f -2534/-2534/-2534 -2531/-2531/-2531 -2535/-2535/-2535
f -2532/-2532/-2532 -2531/-2531/-2531 -2534/-2534/-2534
f -2535/-2535/-2535 -2531/-2531/-2531 -2530/-2530/-2530
f -2527/-2527/-2527 -2529/-2529/-2529 -2528/-2528/-2528
f -2528/-2528/-2528 -2526/-2526/-2526 -2527/-2527/-2527
f -2528/-2528/-2528 -2529/-2529/-2529 -2525/-2525/-2525
f -2525/-2525/-2525 -2529/-2529/-2529 -2524/-2524/-2524
f -2524/-2524/-2524 -2523/-2523/-2523 -2525/-2525/-2525
f -2522/-2522/-2522 -2523/-2523/-2523 -2524/-2524/-2524
f -2523/-2523/-2523 -2522/-2522/-2522 -2521/-2521/-2521
f -2521/-2521/-2521 -2522/-2522/-2522 -2520/-2520/-2520
f -2521/-2521/-2521 -2520/-2520/-2520 -2519/-2519/-2519
f -2519/-2519/-2519 -2520/-2520/-2520 -2518/-2518/-2518
f -2517/-2517/-2517 -2527/-2527/-2527 -2526/-2526/-2526
f -2516/-2516/-2516 -2527/-2527/-2527 -2517/-2517/-2517
f -2517/-2517/-2517 -2515/-2515/-2515 -2516/-2516/-2516
f -2516/-2516/-2516 -2515/-2515/-2515 -2514/-2514/-2514
f -2512/-2512/-2512 -2513/-2513/-2513 -2998/-2998/-2998
f -2511/-2511/-2511 -2513/-2513/-2513 -2512/-2512/-2512
f -2998/-2998/-2998 -2513/-2513/-2513 -2997/-2997/-2997
f -2510/-2510/-2510 -3774/-3774/-3774 -3788/-3788/-3788
f -2509/-2509/-2509 -3774/-3774/-3774 -2510/-2510/-2510
f -2510/-2510/-2510 -2508/-2508/-2508 -2509/-2509/-2509
f -3774/-3774/-3774 -2509/-2509/-2509 -2508/-2508/-2508
f -2507/-2507/-2507 -2508/-2508/-2508 -2510/-2510/-2510
f -3788/-3788/-3788 -2507/-2507/-2507 -2510/-2510/-2510
f -2506/-2506/-2506 -2507/-2507/-2507 -3788/-3788/-3788
f -2507/-2507/-2507 -2506/-2506/-2506 -2505/-2505/-2505
f -2505/-2505/-2505 -2506/-2506/-2506 -2504/-2504/-2504
f -2505/-2505/-2505 -2504/-2504/-2504 -2503/-2503/-2503
f -2503/-2503/-2503 -2504/-2504/-2504 -3772/-3772/-3772
f -3774/-3774/-3774 -2508/-2508/-2508 -3772/-3772/-3772
f -2502/-2502/-2502 -2508/-2508/-2508 -2507/-2507/-2507
f -2502/-2502/-2502 -2507/-2507/-2507 -2505/-2505/-2505
f -2501/-2501/-2501 -2508/-2508/-2508 -2502/-2502/-2502
f -2502/-2502/-2502 -2505/-2505/-2505 -2501/-2501/-2501
f -2501/-2501/-2501 -2500/-2500/-2500 -2508/-2508/-2508
f -2501/-2501/-2501 -2505/-2505/-2505 -2500/-2500/-2500
f -2508/-2508/-2508 -2500/-2500/-2500 -3772/-3772/-3772
f -2506/-2506/-2506 -3788/-3788/-3788 -3746/-3746/-3746
f -3746/-3746/-3746 -2504/-2504/-2504 -2506/-2506/-2506
f -2504/-2504/-2504 -3746/-3746/-3746 -3761/-3761/-3761
f -3761/-3761/-3761 -3772/-3772/-3772 -2504/-2504/-2504
f -3788/-3788/-3788 -3787/-3787/-3787 -3746/-3746/-3746
f -3746/-3746/-3746 -3787/-3787/-3787 -3745/-3745/-3745
f -3745/-3745/-3745 -3787/-3787/-3787 -3790/-3790/-3790
f -3790/-3790/-3790 -3743/-3743/-3743 -3745/-3745/-3745
f -3772/-3772/-3772 -3755/-3755/-3755 -3765/-3765/-3765
f -3772/-3772/-3772 -3759/-3759/-3759 -3755/-3755/-3755
f -2497/-2497/-2497 -2499/-2499/-2499 -2498/-2498/-2498
f -2499/-2499/-2499 -2496/-2496/-2496 -2498/-2498/-2498
f -2493/-2493/-2493 -2495/-2495/-2495 -2494/-2494/-2494
f -2493/-2493/-2493 -2494/-2494/-2494 -2492/-2492/-2492
f -2492/-2492/-2492 -2494/-2494/-2494 -2491/-2491/-2491
f -2490/-2490/-2490 -2493/-2493/-2493 -2492/-2492/-2492
f -2489/-2489/-2489 -2493/-2493/-2493 -2490/-2490/-2490
f -2489/-2489/-2489 -2488/-2488/-2488 -2493/-2493/-2493
f -2487/-2487/-2487 -2489/-2489/-2489 -2490/-2490/-2490
f -2486/-2486/-2486 -2489/-2489/-2489 -2487/-2487/-2487
f -2486/-2486/-2486 -2485/-2485/-2485 -2489/-2489/-2489
f -2484/-2484/-2484 -2486/-2486/-2486 -2487/-2487/-2487
f -2483/-2483/-2483 -2486/-2486/-2486 -2484/-2484/-2484
f -2483/-2483/-2483 -2482/-2482/-2482 -2486/-2486/-2486
f -2481/-2481/-2481 -2483/-2483/-2483 -2484/-2484/-2484
f -2480/-2480/-2480 -2483/-2483/-2483 -2481/-2481/-2481
f -2480/-2480/-2480 -2479/-2479/-2479 -2483/-2483/-2483
f -2478/-2478/-2478 -2480/-2480/-2480 -2481/-2481/-2481
f -2477/-2477/-2477 -2480/-2480/-2480 -2478/-2478/-2478
f -2477/-2477/-2477 -2476/-2476/-2476 -2480/-2480/-2480
f -2475/-2475/-2475 -2477/-2477/-2477 -2478/-2478/-2478
f -2474/-2474/-2474 -2477/-2477/-2477 -2475/-2475/-2475
f -2474/-2474/-2474 -2473/-2473/-2473 -2477/-2477/-2477
f -2472/-2472/-2472 -2474/-2474/-2474 -2475/-2475/-2475
f -2471/-2471/-2471 -2474/-2474/-2474 -2472/-2472/-2472
f -2471/-2471/-2471 -2470/-2470/-2470 -2474/-2474/-2474
f -2469/-2469/-2469 -2471/-2471/-2471 -2472/-2472/-2472
f -2468/-2468/-2468 -2471/-2471/-2471 -2469/-2469/-2469
f -2468/-2468/-2468 -2467/-2467/-2467 -2471/-2471/-2471
f -2466/-2466/-2466 -2468/-2468/-2468 -2469/-2469/-2469
f -2465/-2465/-2465 -2468/-2468/-2468 -2466/-2466/-2466
f -2465/-2465/-2465 -2464/-2464/-2464 -2468/-2468/-2468
f -2475/-2475/-2475 -2478/-2478/-2478 -2463/-2463/-2463
f -2463/-2463/-2463 -2478/-2478/-2478 -2462/-2462/-2462
f -2461/-2461/-2461 -2475/-2475/-2475 -2463/-2463/-2463
f -2472/-2472/-2472 -2475/-2475/-2475 -2461/-2461/-2461
f -2460/-2460/-2460 -2472/-2472/-2472 -2461/-2461/-2461
f -2469/-2469/-2469 -2472/-2472/-2472 -2460/-2460/-2460
f -2459/-2459/-2459 -2469/-2469/-2469 -2460/-2460/-2460
f -2466/-2466/-2466 -2469/-2469/-2469 -2459/-2459/-2459
f -2463/-2463/-2463 -2462/-2462/-2462 -2458/-2458/-2458
f -2458/-2458/-2458 -2462/-2462/-2462 -2457/-2457/-2457
f -2462/-2462/-2462 -2456/-2456/-2456 -2457/-2457/-2457
f -2462/-2462/-2462 -2481/-2481/-2481 -2456/-2456/-2456
f -2481/-2481/-2481 -2484/-2484/-2484 -2456/-2456/-2456
f -2456/-2456/-2456 -2484/-2484/-2484 -2455/-2455/-2455
f -2484/-2484/-2484 -2487/-2487/-2487 -2455/-2455/-2455
f -2455/-2455/-2455 -2487/-2487/-2487 -2454/-2454/-2454
f -2487/-2487/-2487 -2490/-2490/-2490 -2454/-2454/-2454
f -2454/-2454/-2454 -2490/-2490/-2490 -2453/-2453/-2453
f -2490/-2490/-2490 -2492/-2492/-2492 -2453/-2453/-2453
f -2453/-2453/-2453 -2492/-2492/-2492 -2452/-2452/-2452
f -2492/-2492/-2492 -2491/-2491/-2491 -2452/-2452/-2452
f -2452/-2452/-2452 -2491/-2491/-2491 -2451/-2451/-2451
f -2452/-2452/-2452 -2451/-2451/-2451 -2450/-2450/-2450
f -2450/-2450/-2450 -2451/-2451/-2451 -2449/-2449/-2449
f -2448/-2448/-2448 -2452/-2452/-2452 -2450/-2450/-2450
f -2453/-2453/-2453 -2452/-2452/-2452 -2448/-2448/-2448
f -2447/-2447/-2447 -2453/-2453/-2453 -2448/-2448/-2448
f -2454/-2454/-2454 -2453/-2453/-2453 -2447/-2447/-2447
f -2446/-2446/-2446 -2454/-2454/-2454 -2447/-2447/-2447
f -2455/-2455/-2455 -2454/-2454/-2454 -2446/-2446/-2446
f -2445/-2445/-2445 -2455/-2455/-2455 -2446/-2446/-2446
f -2456/-2456/-2456 -2455/-2455/-2455 -2445/-2445/-2445
f -2457/-2457/-2457 -2456/-2456/-2456 -2445/-2445/-2445
f -2449/-2449/-2449 -2444/-2444/-2444 -2450/-2450/-2450
f -2450/-2450/-2450 -2443/-2443/-2443 -2448/-2448/-2448
f -2448/-2448/-2448 -2442/-2442/-2442 -2447/-2447/-2447
f -2447/-2447/-2447 -2441/-2441/-2441 -2446/-2446/-2446
f -2446/-2446/-2446 -2440/-2440/-2440 -2445/-2445/-2445
f -2445/-2445/-2445 -2439/-2439/-2439 -2457/-2457/-2457
f -2457/-2457/-2457 -2438/-2438/-2438 -2458/-2458/-2458
f -2437/-2437/-2437 -2463/-2463/-2463 -2458/-2458/-2458
f -2461/-2461/-2461 -2463/-2463/-2463 -2437/-2437/-2437
f -2436/-2436/-2436 -2461/-2461/-2461 -2437/-2437/-2437
f -2460/-2460/-2460 -2461/-2461/-2461 -2436/-2436/-2436
f -2435/-2435/-2435 -2460/-2460/-2460 -2436/-2436/-2436
f -2459/-2459/-2459 -2460/-2460/-2460 -2435/-2435/-2435
f -2458/-2458/-2458 -2434/-2434/-2434 -2437/-2437/-2437
f -2437/-2437/-2437 -2433/-2433/-2433 -2436/-2436/-2436
f -2436/-2436/-2436 -2432/-2432/-2432 -2435/-2435/-2435
f -2478/-2478/-2478 -2481/-2481/-2481 -2462/-2462/-2462
f -2429/-2429/-2429 -2431/-2431/-2431 -2430/-2430/-2430
f -2429/-2429/-2429 -2430/-2430/-2430 -2428/-2428/-2428
f -2428/-2428/-2428 -2430/-2430/-2430 -2427/-2427/-2427
f -2426/-2426/-2426 -2429/-2429/-2429 -2428/-2428/-2428
f -2425/-2425/-2425 -2429/-2429/-2429 -2426/-2426/-2426
f -2425/-2425/-2425 -2424/-2424/-2424 -2429/-2429/-2429
f -2423/-2423/-2423 -2425/-2425/-2425 -2426/-2426/-2426
f -2422/-2422/-2422 -2425/-2425/-2425 -2423/-2423/-2423
f -2422/-2422/-2422 -2421/-2421/-2421 -2425/-2425/-2425
f -2420/-2420/-2420 -2422/-2422/-2422 -2423/-2423/-2423
f -2419/-2419/-2419 -2422/-2422/-2422 -2420/-2420/-2420
f -2419/-2419/-2419 -2418/-2418/-2418 -2422/-2422/-2422
f -2417/-2417/-2417 -2419/-2419/-2419 -2420/-2420/-2420
f -2416/-2416/-2416 -2419/-2419/-2419 -2417/-2417/-2417
f -2416/-2416/-2416 -2415/-2415/-2415 -2419/-2419/-2419
f -2414/-2414/-2414 -2416/-2416/-2416 -2417/-2417/-2417
f -2413/-2413/-2413 -2416/-2416/-2416 -2414/-2414/-2414
f -2413/-2413/-2413 -2412/-2412/-2412 -2416/-2416/-2416
f -2411/-2411/-2411 -2413/-2413/-2413 -2414/-2414/-2414
f -2410/-2410/-2410 -2413/-2413/-2413 -2411/-2411/-2411
f -2410/-2410/-2410 -2409/-2409/-2409 -2413/-2413/-2413
f -2408/-2408/-2408 -2410/-2410/-2410 -2411/-2411/-2411
f -2407/-2407/-2407 -2410/-2410/-2410 -2408/-2408/-2408
f -2407/-2407/-2407 -2406/-2406/-2406 -2410/-2410/-2410
f -2405/-2405/-2405 -2407/-2407/-2407 -2408/-2408/-2408
f -2404/-2404/-2404 -2407/-2407/-2407 -2405/-2405/-2405
f -2404/-2404/-2404 -2403/-2403/-2403 -2407/-2407/-2407
f -2402/-2402/-2402 -2404/-2404/-2404 -2405/-2405/-2405
f -2401/-2401/-2401 -2404/-2404/-2404 -2402/-2402/-2402
f -2401/-2401/-2401 -2400/-2400/-2400 -2404/-2404/-2404
f -2411/-2411/-2411 -2414/-2414/-2414 -2399/-2399/-2399
f -2399/-2399/-2399 -2414/-2414/-2414 -2398/-2398/-2398
f -2397/-2397/-2397 -2411/-2411/-2411 -2399/-2399/-2399
f -2408/-2408/-2408 -2411/-2411/-2411 -2397/-2397/-2397
f -2396/-2396/-2396 -2408/-2408/-2408 -2397/-2397/-2397
f -2405/-2405/-2405 -2408/-2408/-2408 -2396/-2396/-2396
f -2395/-2395/-2395 -2405/-2405/-2405 -2396/-2396/-2396
f -2402/-2402/-2402 -2405/-2405/-2405 -2395/-2395/-2395
f -2399/-2399/-2399 -2398/-2398/-2398 -2394/-2394/-2394
f -2394/-2394/-2394 -2398/-2398/-2398 -2393/-2393/-2393
f -2398/-2398/-2398 -2392/-2392/-2392 -2393/-2393/-2393
f -2398/-2398/-2398 -2417/-2417/-2417 -2392/-2392/-2392
f -2417/-2417/-2417 -2420/-2420/-2420 -2392/-2392/-2392
f -2392/-2392/-2392 -2420/-2420/-2420 -2391/-2391/-2391
f -2420/-2420/-2420 -2423/-2423/-2423 -2391/-2391/-2391
f -2391/-2391/-2391 -2423/-2423/-2423 -2390/-2390/-2390
f -2423/-2423/-2423 -2426/-2426/-2426 -2390/-2390/-2390
f -2390/-2390/-2390 -2426/-2426/-2426 -2389/-2389/-2389
f -2426/-2426/-2426 -2428/-2428/-2428 -2389/-2389/-2389
f -2389/-2389/-2389 -2428/-2428/-2428 -2388/-2388/-2388
f -2428/-2428/-2428 -2427/-2427/-2427 -2388/-2388/-2388
f -2388/-2388/-2388 -2427/-2427/-2427 -2387/-2387/-2387
f -2388/-2388/-2388 -2387/-2387/-2387 -2386/-2386/-2386
f -2386/-2386/-2386 -2387/-2387/-2387 -2385/-2385/-2385
f -2384/-2384/-2384 -2388/-2388/-2388 -2386/-2386/-2386
f -2389/-2389/-2389 -2388/-2388/-2388 -2384/-2384/-2384
f -2383/-2383/-2383 -2389/-2389/-2389 -2384/-2384/-2384
f -2390/-2390/-2390 -2389/-2389/-2389 -2383/-2383/-2383
f -2382/-2382/-2382 -2390/-2390/-2390 -2383/-2383/-2383
f -2391/-2391/-2391 -2390/-2390/-2390 -2382/-2382/-2382
f -2381/-2381/-2381 -2391/-2391/-2391 -2382/-2382/-2382
f -2392/-2392/-2392 -2391/-2391/-2391 -2381/-2381/-2381
f -2393/-2393/-2393 -2392/-2392/-2392 -2381/-2381/-2381
f -2385/-2385/-2385 -2380/-2380/-2380 -2386/-2386/-2386
f -2386/-2386/-2386 -2379/-2379/-2379 -2384/-2384/-2384
f -2384/-2384/-2384 -2378/-2378/-2378 -2383/-2383/-2383
f -2383/-2383/-2383 -2377/-2377/-2377 -2382/-2382/-2382
f -2382/-2382/-2382 -2376/-2376/-2376 -2381/-2381/-2381
f -2381/-2381/-2381 -2375/-2375/-2375 -2393/-2393/-2393
f -2393/-2393/-2393 -2374/-2374/-2374 -2394/-2394/-2394
f -2373/-2373/-2373 -2399/-2399/-2399 -2394/-2394/-2394
f -2397/-2397/-2397 -2399/-2399/-2399 -2373/-2373/-2373
f -2372/-2372/-2372 -2397/-2397/-2397 -2373/-2373/-2373
f -2396/-2396/-2396 -2397/-2397/-2397 -2372/-2372/-2372
f -2371/-2371/-2371 -2396/-2396/-2396 -2372/-2372/-2372
f -2395/-2395/-2395 -2396/-2396/-2396 -2371/-2371/-2371
f -2394/-2394/-2394 -2370/-2370/-2370 -2373/-2373/-2373
f -2373/-2373/-2373 -2369/-2369/-2369 -2372/-2372/-2372
f -2372/-2372/-2372 -2368/-2368/-2368 -2371/-2371/-2371
f -2414/-2414/-2414 -2417/-2417/-2417 -2398/-2398/-2398
f -2365/-2365/-2365 -2367/-2367/-2367 -2366/-2366/-2366
f -2365/-2365/-2365 -2366/-2366/-2366 -2364/-2364/-2364
f -2364/-2364/-2364 -2366/-2366/-2366 -2363/-2363/-2363
f -2362/-2362/-2362 -2365/-2365/-2365 -2364/-2364/-2364
f -2361/-2361/-2361 -2365/-2365/-2365 -2362/-2362/-2362
f -2361/-2361/-2361 -2360/-2360/-2360 -2365/-2365/-2365
f -2359/-2359/-2359 -2361/-2361/-2361 -2362/-2362/-2362
f -2358/-2358/-2358 -2361/-2361/-2361 -2359/-2359/-2359
f -2358/-2358/-2358 -2357/-2357/-2357 -2361/-2361/-2361
f -2356/-2356/-2356 -2358/-2358/-2358 -2359/-2359/-2359
f -2355/-2355/-2355 -2358/-2358/-2358 -2356/-2356/-2356
f -2355/-2355/-2355 -2354/-2354/-2354 -2358/-2358/-2358
f -2353/-2353/-2353 -2355/-2355/-2355 -2356/-2356/-2356
f -2352/-2352/-2352 -2355/-2355/-2355 -2353/-2353/-2353
f -2352/-2352/-2352 -2351/-2351/-2351 -2355/-2355/-2355
f -2350/-2350/-2350 -2352/-2352/-2352 -2353/-2353/-2353
f -2349/-2349/-2349 -2352/-2352/-2352 -2350/-2350/-2350
f -2349/-2349/-2349 -2348/-2348/-2348 -2352/-2352/-2352
f -2347/-2347/-2347 -2349/-2349/-2349 -2350/-2350/-2350
f -2346/-2346/-2346 -2349/-2349/-2349 -2347/-2347/-2347
f -2346/-2346/-2346 -2345/-2345/-2345 -2349/-2349/-2349
f -2344/-2344/-2344 -2346/-2346/-2346 -2347/-2347/-2347
f -2343/-2343/-2343 -2346/-2346/-2346 -2344/-2344/-2344
f -2343/-2343/-2343 -2342/-2342/-2342 -2346/-2346/-2346
f -2341/-2341/-2341 -2343/-2343/-2343 -2344/-2344/-2344
f -2340/-2340/-2340 -2343/-2343/-2343 -2341/-2341/-2341
f -2340/-2340/-2340 -2339/-2339/-2339 -2343/-2343/-2343
f -2338/-2338/-2338 -2340/-2340/-2340 -2341/-2341/-2341
f -2337/-2337/-2337 -2340/-2340/-2340 -2338/-2338/-2338
f -2337/-2337/-2337 -2336/-2336/-2336 -2340/-2340/-2340
f -2347/-2347/-2347 -2350/-2350/-2350 -2335/-2335/-2335
f -2335/-2335/-2335 -2350/-2350/-2350 -2334/-2334/-2334
f -2333/-2333/-2333 -2347/-2347/-2347 -2335/-2335/-2335
f -2344/-2344/-2344 -2347/-2347/-2347 -2333/-2333/-2333
f -2332/-2332/-2332 -2344/-2344/-2344 -2333/-2333/-2333
f -2341/-2341/-2341 -2344/-2344/-2344 -2332/-2332/-2332
f -2331/-2331/-2331 -2341/-2341/-2341 -2332/-2332/-2332
f -2338/-2338/-2338 -2341/-2341/-2341 -2331/-2331/-2331
f -2335/-2335/-2335 -2334/-2334/-2334 -2330/-2330/-2330
f -2330/-2330/-2330 -2334/-2334/-2334 -2329/-2329/-2329
f -2334/-2334/-2334 -2328/-2328/-2328 -2329/-2329/-2329
f -2334/-2334/-2334 -2353/-2353/-2353 -2328/-2328/-2328
f -2353/-2353/-2353 -2356/-2356/-2356 -2328/-2328/-2328
f -2328/-2328/-2328 -2356/-2356/-2356 -2327/-2327/-2327
f -2356/-2356/-2356 -2359/-2359/-2359 -2327/-2327/-2327
f -2327/-2327/-2327 -2359/-2359/-2359 -2326/-2326/-2326
f -2359/-2359/-2359 -2362/-2362/-2362 -2326/-2326/-2326
f -2326/-2326/-2326 -2362/-2362/-2362 -2325/-2325/-2325
f -2362/-2362/-2362 -2364/-2364/-2364 -2325/-2325/-2325
f -2325/-2325/-2325 -2364/-2364/-2364 -2324/-2324/-2324
f -2364/-2364/-2364 -2363/-2363/-2363 -2324/-2324/-2324
f -2324/-2324/-2324 -2363/-2363/-2363 -2323/-2323/-2323
f -2324/-2324/-2324 -2323/-2323/-2323 -2322/-2322/-2322
f -2322/-2322/-2322 -2323/-2323/-2323 -2321/-2321/-2321
f -2320/-2320/-2320 -2324/-2324/-2324 -2322/-2322/-2322
f -2325/-2325/-2325 -2324/-2324/-2324 -2320/-2320/-2320
f -2319/-2319/-2319 -2325/-2325/-2325 -2320/-2320/-2320
f -2326/-2326/-2326 -2325/-2325/-2325 -2319/-2319/-2319
f -2318/-2318/-2318 -2326/-2326/-2326 -2319/-2319/-2319
f -2327/-2327/-2327 -2326/-2326/-2326 -2318/-2318/-2318
f -2317/-2317/-2317 -2327/-2327/-2327 -2318/-2318/-2318
f -2328/-2328/-2328 -2327/-2327/-2327 -2317/-2317/-2317
f -2329/-2329/-2329 -2328/-2328/-2328 -2317/-2317/-2317
f -2321/-2321/-2321 -2316/-2316/-2316 -2322/-2322/-2322
f -2322/-2322/-2322 -2315/-2315/-2315 -2320/-2320/-2320
f -2320/-2320/-2320 -2314/-2314/-2314 -2319/-2319/-2319
f -2319/-2319/-2319 -2313/-2313/-2313 -2318/-2318/-2318
f -2318/-2318/-2318 -2312/-2312/-2312 -2317/-2317/-2317
f -2317/-2317/-2317 -2311/-2311/-2311 -2329/-2329/-2329
f -2329/-2329/-2329 -2310/-2310/-2310 -2330/-2330/-2330
f -2309/-2309/-2309 -2335/-2335/-2335 -2330/-2330/-2330
f -2333/-2333/-2333 -2335/-2335/-2335 -2309/-2309/-2309
f -2308/-2308/-2308 -2333/-2333/-2333 -2309/-2309/-2309
f -2332/-2332/-2332 -2333/-2333/-2333 -2308/-2308/-2308
f -2307/-2307/-2307 -2332/-2332/-2332 -2308/-2308/-2308
f -2331/-2331/-2331 -2332/-2332/-2332 -2307/-2307/-2307
f -2330/-2330/-2330 -2306/-2306/-2306 -2309/-2309/-2309
f -2309/-2309/-2309 -2305/-2305/-2305 -2308/-2308/-2308
f -2308/-2308/-2308 -2304/-2304/-2304 -2307/-2307/-2307
f -2350/-2350/-2350 -2353/-2353/-2353 -2334/-2334/-2334
f -3927/-3927/-3927 -3911/-3911/-3911 -3925/-3925/-3925
f -2301/-2301/-2301 -2303/-2303/-2303 -2302/-2302/-2302
f -2301/-2301/-2301 -2302/-2302/-2302 -2300/-2300/-2300
f -2300/-2300/-2300 -2302/-2302/-2302 -2299/-2299/-2299
f -2298/-2298/-2298 -2301/-2301/-2301 -2300/-2300/-2300
f -2297/-2297/-2297 -2301/-2301/-2301 -2298/-2298/-2298
f -2297/-2297/-2297 -2296/-2296/-2296 -2301/-2301/-2301
f -2295/-2295/-2295 -2297/-2297/-2297 -2298/-2298/-2298
f -2294/-2294/-2294 -2297/-2297/-2297 -2295/-2295/-2295
f -2294/-2294/-2294 -2293/-2293/-2293 -2297/-2297/-2297
f -2292/-2292/-2292 -2294/-2294/-2294 -2295/-2295/-2295
f -2291/-2291/-2291 -2294/-2294/-2294 -2292/-2292/-2292
f -2291/-2291/-2291 -2290/-2290/-2290 -2294/-2294/-2294
f -2289/-2289/-2289 -2291/-2291/-2291 -2292/-2292/-2292
f -2288/-2288/-2288 -2291/-2291/-2291 -2289/-2289/-2289
f -2287/-2287/-2287 -2288/-2288/-2288 -2289/-2289/-2289
f -2300/-2300/-2300 -2299/-2299/-2299 -2286/-2286/-2286
f -2286/-2286/-2286 -2299/-2299/-2299 -2285/-2285/-2285
f -2286/-2286/-2286 -2285/-2285/-2285 -2284/-2284/-2284
f -2284/-2284/-2284 -2285/-2285/-2285 -2283/-2283/-2283
f -2282/-2282/-2282 -2286/-2286/-2286 -2284/-2284/-2284
f -2281/-2281/-2281 -2286/-2286/-2286 -2282/-2282/-2282
f -2280/-2280/-2280 -2281/-2281/-2281 -2282/-2282/-2282
f -2279/-2279/-2279 -2281/-2281/-2281 -2280/-2280/-2280
f -2278/-2278/-2278 -2279/-2279/-2279 -2280/-2280/-2280
f -2277/-2277/-2277 -2279/-2279/-2279 -2278/-2278/-2278
f -2276/-2276/-2276 -2277/-2277/-2277 -2278/-2278/-2278
f -2275/-2275/-2275 -2277/-2277/-2277 -2276/-2276/-2276
f -2274/-2274/-2274 -2275/-2275/-2275 -2276/-2276/-2276
f -2273/-2273/-2273 -2275/-2275/-2275 -2274/-2274/-2274
f -2272/-2272/-2272 -2273/-2273/-2273 -2274/-2274/-2274
f -2271/-2271/-2271 -2273/-2273/-2273 -2272/-2272/-2272
f -2270/-2270/-2270 -2271/-2271/-2271 -2272/-2272/-2272
f -2269/-2269/-2269 -2271/-2271/-2271 -2270/-2270/-2270
f -2268/-2268/-2268 -2269/-2269/-2269 -2270/-2270/-2270
f -2267/-2267/-2267 -2269/-2269/-2269 -2268/-2268/-2268
f -2266/-2266/-2266 -2267/-2267/-2267 -2268/-2268/-2268
f -2265/-2265/-2265 -2267/-2267/-2267 -2266/-2266/-2266
f -2264/-2264/-2264 -2265/-2265/-2265 -2266/-2266/-2266
f -2263/-2263/-2263 -2265/-2265/-2265 -2264/-2264/-2264
f -2276/-2276/-2276 -2278/-2278/-2278 -2262/-2262/-2262
f -2261/-2261/-2261 -2276/-2276/-2276 -2262/-2262/-2262
f -2274/-2274/-2274 -2276/-2276/-2276 -2261/-2261/-2261
f -2260/-2260/-2260 -2274/-2274/-2274 -2261/-2261/-2261
f -2272/-2272/-2272 -2274/-2274/-2274 -2260/-2260/-2260
f -2259/-2259/-2259 -2272/-2272/-2272 -2260/-2260/-2260
f -2270/-2270/-2270 -2272/-2272/-2272 -2259/-2259/-2259
f -2258/-2258/-2258 -2270/-2270/-2270 -2259/-2259/-2259
f -2268/-2268/-2268 -2270/-2270/-2270 -2258/-2258/-2258
f -2257/-2257/-2257 -2268/-2268/-2268 -2258/-2258/-2258
f -2266/-2266/-2266 -2268/-2268/-2268 -2257/-2257/-2257
f -2256/-2256/-2256 -2266/-2266/-2266 -2257/-2257/-2257
f -2264/-2264/-2264 -2266/-2266/-2266 -2256/-2256/-2256
f -2262/-2262/-2262 -2255/-2255/-2255 -2261/-2261/-2261
f -2261/-2261/-2261 -2254/-2254/-2254 -2260/-2260/-2260
f -2260/-2260/-2260 -2253/-2253/-2253 -2259/-2259/-2259
f -2259/-2259/-2259 -2252/-2252/-2252 -2258/-2258/-2258
f -2258/-2258/-2258 -2251/-2251/-2251 -2257/-2257/-2257
f -2257/-2257/-2257 -2250/-2250/-2250 -2256/-2256/-2256
f -2263/-2263/-2263 -2249/-2249/-2249 -2265/-2265/-2265
f -2249/-2249/-2249 -2248/-2248/-2248 -2265/-2265/-2265
f -2249/-2249/-2249 -2247/-2247/-2247 -2248/-2248/-2248
f -2247/-2247/-2247 -2246/-2246/-2246 -2248/-2248/-2248
f -2248/-2248/-2248 -2246/-2246/-2246 -2245/-2245/-2245
f -2246/-2246/-2246 -2244/-2244/-2244 -2245/-2245/-2245
f -2245/-2245/-2245 -2244/-2244/-2244 -2243/-2243/-2243
f -2244/-2244/-2244 -2242/-2242/-2242 -2243/-2243/-2243
f -2243/-2243/-2243 -2242/-2242/-2242 -2287/-2287/-2287
f -2242/-2242/-2242 -2241/-2241/-2241 -2287/-2287/-2287
f -2240/-2240/-2240 -2247/-2247/-2247 -2249/-2249/-2249
f -2240/-2240/-2240 -2239/-2239/-2239 -2247/-2247/-2247
f -2238/-2238/-2238 -2240/-2240/-2240 -2249/-2249/-2249
f -2237/-2237/-2237 -2240/-2240/-2240 -2238/-2238/-2238
f -2237/-2237/-2237 -2236/-2236/-2236 -2240/-2240/-2240
f -2243/-2243/-2243 -2287/-2287/-2287 -2271/-2271/-2271
f -2271/-2271/-2271 -2287/-2287/-2287 -2273/-2273/-2273
f -2287/-2287/-2287 -2289/-2289/-2289 -2273/-2273/-2273
f -2273/-2273/-2273 -2289/-2289/-2289 -2275/-2275/-2275
f -2289/-2289/-2289 -2292/-2292/-2292 -2275/-2275/-2275
f -2275/-2275/-2275 -2292/-2292/-2292 -2277/-2277/-2277
f -2292/-2292/-2292 -2295/-2295/-2295 -2277/-2277/-2277
f -2277/-2277/-2277 -2295/-2295/-2295 -2279/-2279/-2279
f -2295/-2295/-2295 -2298/-2298/-2298 -2279/-2279/-2279
f -2279/-2279/-2279 -2298/-2298/-2298 -2281/-2281/-2281
f -2298/-2298/-2298 -2300/-2300/-2300 -2281/-2281/-2281
f -2281/-2281/-2281 -2300/-2300/-2300 -2286/-2286/-2286
f -2269/-2269/-2269 -2243/-2243/-2243 -2271/-2271/-2271
f -2245/-2245/-2245 -2243/-2243/-2243 -2269/-2269/-2269
f -2267/-2267/-2267 -2245/-2245/-2245 -2269/-2269/-2269
f -2248/-2248/-2248 -2245/-2245/-2245 -2267/-2267/-2267
f -2265/-2265/-2265 -2248/-2248/-2248 -2267/-2267/-2267
f -2234/-2234/-2234 -2235/-2235/-2235 -2291/-2291/-2291
f -2232/-2232/-2232 -2233/-2233/-2233 -2234/-2234/-2234
f -2230/-2230/-2230 -2231/-2231/-2231 -2232/-2232/-2232
f -2228/-2228/-2228 -2229/-2229/-2229 -2230/-2230/-2230
f -2247/-2247/-2247 -2227/-2227/-2227 -2226/-2226/-2226
f -2224/-2224/-2224 -2283/-2283/-2283 -2225/-2225/-2225
f -2284/-2284/-2284 -2283/-2283/-2283 -2224/-2224/-2224
f -2223/-2223/-2223 -2284/-2284/-2284 -2224/-2224/-2224
f -2282/-2282/-2282 -2284/-2284/-2284 -2223/-2223/-2223
f -2222/-2222/-2222 -2282/-2282/-2282 -2223/-2223/-2223
f -2280/-2280/-2280 -2282/-2282/-2282 -2222/-2222/-2222
f -2221/-2221/-2221 -2280/-2280/-2280 -2222/-2222/-2222
f -2278/-2278/-2278 -2280/-2280/-2280 -2221/-2221/-2221
f -2262/-2262/-2262 -2278/-2278/-2278 -2221/-2221/-2221
f -2225/-2225/-2225 -2220/-2220/-2220 -2224/-2224/-2224
f -2224/-2224/-2224 -2219/-2219/-2219 -2223/-2223/-2223
f -2223/-2223/-2223 -2218/-2218/-2218 -2222/-2222/-2222
f -2222/-2222/-2222 -2217/-2217/-2217 -2221/-2221/-2221
f -2221/-2221/-2221 -2216/-2216/-2216 -2262/-2262/-2262
f -2238/-2238/-2238 -2249/-2249/-2249 -2263/-2263/-2263
f -2213/-2213/-2213 -2215/-2215/-2215 -2214/-2214/-2214
f -2212/-2212/-2212 -2215/-2215/-2215 -2213/-2213/-2213
f -2213/-2213/-2213 -2214/-2214/-2214 -2211/-2211/-2211
f -2211/-2211/-2211 -2214/-2214/-2214 -2210/-2210/-2210
f -2213/-2213/-2213 -2211/-2211/-2211 -2209/-2209/-2209
f -2209/-2209/-2209 -2211/-2211/-2211 -2208/-2208/-2208
f -2207/-2207/-2207 -2213/-2213/-2213 -2209/-2209/-2209
f -2212/-2212/-2212 -2213/-2213/-2213 -2207/-2207/-2207
f -2214/-2214/-2214 -2215/-2215/-2215 -2206/-2206/-2206
f -2206/-2206/-2206 -2215/-2215/-2215 -2205/-2205/-2205
f -2204/-2204/-2204 -2214/-2214/-2214 -2206/-2206/-2206
f -2210/-2210/-2210 -2214/-2214/-2214 -2203/-2203/-2203
f -2200/-2200/-2200 -2202/-2202/-2202 -2201/-2201/-2201
f -2199/-2199/-2199 -2202/-2202/-2202 -2200/-2200/-2200
f -2198/-2198/-2198 -2199/-2199/-2199 -2200/-2200/-2200
f -2200/-2200/-2200 -2201/-2201/-2201 -2197/-2197/-2197
f -2197/-2197/-2197 -2201/-2201/-2201 -2196/-2196/-2196
f -2195/-2195/-2195 -2200/-2200/-2200 -2197/-2197/-2197
f -2198/-2198/-2198 -2200/-2200/-2200 -2195/-2195/-2195
f -2197/-2197/-2197 -2196/-2196/-2196 -2194/-2194/-2194
f -2194/-2194/-2194 -2196/-2196/-2196 -2193/-2193/-2193
f -2192/-2192/-2192 -2197/-2197/-2197 -2194/-2194/-2194
f -2195/-2195/-2195 -2197/-2197/-2197 -2192/-2192/-2192
f -2190/-2190/-2190 -2191/-2191/-2191 -2198/-2198/-2198
f -2188/-2188/-2188 -2865/-2865/-2865 -2189/-2189/-2189
f -2186/-2186/-2186 -2187/-2187/-2187 -2188/-2188/-2188
f -2868/-2868/-2868 -2188/-2188/-2188 -2187/-2187/-2187
f -2186/-2186/-2186 -2185/-2185/-2185 -2184/-2184/-2184
f -2186/-2186/-2186 -2184/-2184/-2184 -2183/-2183/-2183
f -2181/-2181/-2181 -2187/-2187/-2187 -2182/-2182/-2182
f -2853/-2853/-2853 -2180/-2180/-2180 -2186/-2186/-2186
f -2177/-2177/-2177 -2179/-2179/-2179 -2178/-2178/-2178
f -2175/-2175/-2175 -2176/-2176/-2176 -2177/-2177/-2177
f -2172/-2172/-2172 -2174/-2174/-2174 -2173/-2173/-2173
f -2170/-2170/-2170 -2882/-2882/-2882 -2171/-2171/-2171
f -2852/-2852/-2852 -2170/-2170/-2170 -2169/-2169/-2169
f -2848/-2848/-2848 -2168/-2168/-2168 -2852/-2852/-2852
f -2880/-2880/-2880 -2168/-2168/-2168 -2846/-2846/-2846
f -2167/-2167/-2167 -2168/-2168/-2168 -2880/-2880/-2880
f -2167/-2167/-2167 -2880/-2880/-2880 -2166/-2166/-2166
f -2164/-2164/-2164 -2846/-2846/-2846 -2165/-2165/-2165
f -2873/-2873/-2873 -2164/-2164/-2164 -2165/-2165/-2165
f -2165/-2165/-2165 -2163/-2163/-2163 -2162/-2162/-2162
f -2165/-2165/-2165 -2162/-2162/-2162 -2841/-2841/-2841
f -2159/-2159/-2159 -2161/-2161/-2161 -2160/-2160/-2160
f -2158/-2158/-2158 -2161/-2161/-2161 -2159/-2159/-2159
f -2156/-2156/-2156 -2157/-2157/-2157 -2867/-2867/-2867
f -2153/-2153/-2153 -2155/-2155/-2155 -2154/-2154/-2154
f -2152/-2152/-2152 -2155/-2155/-2155 -2153/-2153/-2153
f -2149/-2149/-2149 -2151/-2151/-2151 -2150/-2150/-2150
f -2146/-2146/-2146 -2148/-2148/-2148 -2147/-2147/-2147
f -2145/-2145/-2145 -2148/-2148/-2148 -2146/-2146/-2146
f -2144/-2144/-2144 -2145/-2145/-2145 -2146/-2146/-2146
f -2141/-2141/-2141 -2143/-2143/-2143 -2142/-2142/-2142
f -2140/-2140/-2140 -2143/-2143/-2143 -2141/-2141/-2141
f -2137/-2137/-2137 -2139/-2139/-2139 -2138/-2138/-2138
f -2136/-2136/-2136 -2139/-2139/-2139 -2137/-2137/-2137
f -2133/-2133/-2133 -2135/-2135/-2135 -2134/-2134/-2134
f -2132/-2132/-2132 -2135/-2135/-2135 -2133/-2133/-2133
f -2129/-2129/-2129 -2131/-2131/-2131 -2130/-2130/-2130
f -2128/-2128/-2128 -2131/-2131/-2131 -2129/-2129/-2129
f -2125/-2125/-2125 -2127/-2127/-2127 -2126/-2126/-2126
f -2122/-2122/-2122 -2124/-2124/-2124 -2123/-2123/-2123
f -2122/-2122/-2122 -2123/-2123/-2123 -2121/-2121/-2121
f -2121/-2121/-2121 -2123/-2123/-2123 -2120/-2120/-2120
f -2119/-2119/-2119 -2122/-2122/-2122 -2121/-2121/-2121
f -2118/-2118/-2118 -2122/-2122/-2122 -2119/-2119/-2119
f -2118/-2118/-2118 -2117/-2117/-2117 -2122/-2122/-2122
f -2116/-2116/-2116 -2118/-2118/-2118 -2119/-2119/-2119
f -2115/-2115/-2115 -2118/-2118/-2118 -2116/-2116/-2116
f -2115/-2115/-2115 -2114/-2114/-2114 -2118/-2118/-2118
f -2113/-2113/-2113 -2115/-2115/-2115 -2116/-2116/-2116
f -2112/-2112/-2112 -2115/-2115/-2115 -2113/-2113/-2113
f -2112/-2112/-2112 -2111/-2111/-2111 -2115/-2115/-2115
f -2110/-2110/-2110 -2112/-2112/-2112 -2113/-2113/-2113
f -2109/-2109/-2109 -2112/-2112/-2112 -2110/-2110/-2110
f -2109/-2109/-2109 -2108/-2108/-2108 -2112/-2112/-2112
f -2107/-2107/-2107 -2109/-2109/-2109 -2110/-2110/-2110
f -2106/-2106/-2106 -2109/-2109/-2109 -2107/-2107/-2107
f -2106/-2106/-2106 -2105/-2105/-2105 -2109/-2109/-2109
f -2104/-2104/-2104 -2106/-2106/-2106 -2107/-2107/-2107
f -2103/-2103/-2103 -2106/-2106/-2106 -2104/-2104/-2104
f -2103/-2103/-2103 -2102/-2102/-2102 -2106/-2106/-2106
f -2101/-2101/-2101 -2103/-2103/-2103 -2104/-2104/-2104
f -2100/-2100/-2100 -2103/-2103/-2103 -2101/-2101/-2101
f -2100/-2100/-2100 -2099/-2099/-2099 -2103/-2103/-2103
f -2098/-2098/-2098 -2100/-2100/-2100 -2101/-2101/-2101
f -2097/-2097/-2097 -2100/-2100/-2100 -2098/-2098/-2098
f -2097/-2097/-2097 -2096/-2096/-2096 -2100/-2100/-2100
f -2095/-2095/-2095 -2097/-2097/-2097 -2098/-2098/-2098
f -2094/-2094/-2094 -2097/-2097/-2097 -2095/-2095/-2095
f -2094/-2094/-2094 -2093/-2093/-2093 -2097/-2097/-2097
f -2104/-2104/-2104 -2107/-2107/-2107 -2092/-2092/-2092
f -2092/-2092/-2092 -2107/-2107/-2107 -2091/-2091/-2091
f -2090/-2090/-2090 -2104/-2104/-2104 -2092/-2092/-2092
f -2101/-2101/-2101 -2104/-2104/-2104 -2090/-2090/-2090
f -2089/-2089/-2089 -2101/-2101/-2101 -2090/-2090/-2090
f -2098/-2098/-2098 -2101/-2101/-2101 -2089/-2089/-2089
f -2088/-2088/-2088 -2098/-2098/-2098 -2089/-2089/-2089
f -2095/-2095/-2095 -2098/-2098/-2098 -2088/-2088/-2088
f -2092/-2092/-2092 -2091/-2091/-2091 -2087/-2087/-2087
f -2087/-2087/-2087 -2091/-2091/-2091 -2086/-2086/-2086
f -2091/-2091/-2091 -2085/-2085/-2085 -2086/-2086/-2086
f -2091/-2091/-2091 -2110/-2110/-2110 -2085/-2085/-2085
f -2110/-2110/-2110 -2113/-2113/-2113 -2085/-2085/-2085
f -2085/-2085/-2085 -2113/-2113/-2113 -2084/-2084/-2084
f -2113/-2113/-2113 -2116/-2116/-2116 -2084/-2084/-2084
f -2084/-2084/-2084 -2116/-2116/-2116 -2083/-2083/-2083
f -2116/-2116/-2116 -2119/-2119/-2119 -2083/-2083/-2083
f -2083/-2083/-2083 -2119/-2119/-2119 -2082/-2082/-2082
f -2119/-2119/-2119 -2121/-2121/-2121 -2082/-2082/-2082
f -2082/-2082/-2082 -2121/-2121/-2121 -2081/-2081/-2081
f -2121/-2121/-2121 -2120/-2120/-2120 -2081/-2081/-2081
f -2081/-2081/-2081 -2120/-2120/-2120 -2080/-2080/-2080
f -2081/-2081/-2081 -2080/-2080/-2080 -2079/-2079/-2079
f -2079/-2079/-2079 -2080/-2080/-2080 -2078/-2078/-2078
f -2077/-2077/-2077 -2081/-2081/-2081 -2079/-2079/-2079
f -2082/-2082/-2082 -2081/-2081/-2081 -2077/-2077/-2077
f -2076/-2076/-2076 -2082/-2082/-2082 -2077/-2077/-2077
f -2083/-2083/-2083 -2082/-2082/-2082 -2076/-2076/-2076
f -2075/-2075/-2075 -2083/-2083/-2083 -2076/-2076/-2076
f -2084/-2084/-2084 -2083/-2083/-2083 -2075/-2075/-2075
f -2074/-2074/-2074 -2084/-2084/-2084 -2075/-2075/-2075
f -2085/-2085/-2085 -2084/-2084/-2084 -2074/-2074/-2074
f -2086/-2086/-2086 -2085/-2085/-2085 -2074/-2074/-2074
f -2078/-2078/-2078 -2073/-2073/-2073 -2079/-2079/-2079
f -2079/-2079/-2079 -2072/-2072/-2072 -2077/-2077/-2077
f -2077/-2077/-2077 -2071/-2071/-2071 -2076/-2076/-2076
f -2076/-2076/-2076 -2070/-2070/-2070 -2075/-2075/-2075
f -2075/-2075/-2075 -2069/-2069/-2069 -2074/-2074/-2074
f -2074/-2074/-2074 -2068/-2068/-2068 -2086/-2086/-2086
f -2086/-2086/-2086 -2067/-2067/-2067 -2087/-2087/-2087
f -2066/-2066/-2066 -2092/-2092/-2092 -2087/-2087/-2087
f -2090/-2090/-2090 -2092/-2092/-2092 -2066/-2066/-2066
f -2065/-2065/-2065 -2090/-2090/-2090 -2066/-2066/-2066
f -2089/-2089/-2089 -2090/-2090/-2090 -2065/-2065/-2065
f -2064/-2064/-2064 -2089/-2089/-2089 -2065/-2065/-2065
f -2088/-2088/-2088 -2089/-2089/-2089 -2064/-2064/-2064
f -2087/-2087/-2087 -2063/-2063/-2063 -2066/-2066/-2066
f -2066/-2066/-2066 -2062/-2062/-2062 -2065/-2065/-2065
f -2065/-2065/-2065 -2061/-2061/-2061 -2064/-2064/-2064
f -2107/-2107/-2107 -2110/-2110/-2110 -2091/-2091/-2091
f -2058/-2058/-2058 -2060/-2060/-2060 -2059/-2059/-2059
f -2058/-2058/-2058 -2059/-2059/-2059 -2057/-2057/-2057
f -2057/-2057/-2057 -2059/-2059/-2059 -2056/-2056/-2056
f -2055/-2055/-2055 -2058/-2058/-2058 -2057/-2057/-2057
f -2054/-2054/-2054 -2058/-2058/-2058 -2055/-2055/-2055
f -2054/-2054/-2054 -2053/-2053/-2053 -2058/-2058/-2058
f -2052/-2052/-2052 -2054/-2054/-2054 -2055/-2055/-2055
f -2051/-2051/-2051 -2054/-2054/-2054 -2052/-2052/-2052
f -2051/-2051/-2051 -2050/-2050/-2050 -2054/-2054/-2054
f -2049/-2049/-2049 -2051/-2051/-2051 -2052/-2052/-2052
f -2048/-2048/-2048 -2051/-2051/-2051 -2049/-2049/-2049
f -2048/-2048/-2048 -2047/-2047/-2047 -2051/-2051/-2051
f -2046/-2046/-2046 -2048/-2048/-2048 -2049/-2049/-2049
f -2045/-2045/-2045 -2048/-2048/-2048 -2046/-2046/-2046
f -2045/-2045/-2045 -2044/-2044/-2044 -2048/-2048/-2048
f -2043/-2043/-2043 -2045/-2045/-2045 -2046/-2046/-2046
f -2042/-2042/-2042 -2045/-2045/-2045 -2043/-2043/-2043
f -2042/-2042/-2042 -2041/-2041/-2041 -2045/-2045/-2045
f -2040/-2040/-2040 -2042/-2042/-2042 -2043/-2043/-2043
f -2039/-2039/-2039 -2042/-2042/-2042 -2040/-2040/-2040
f -2039/-2039/-2039 -2038/-2038/-2038 -2042/-2042/-2042
f -2037/-2037/-2037 -2039/-2039/-2039 -2040/-2040/-2040
f -2036/-2036/-2036 -2039/-2039/-2039 -2037/-2037/-2037
f -2036/-2036/-2036 -2035/-2035/-2035 -2039/-2039/-2039
f -2034/-2034/-2034 -2036/-2036/-2036 -2037/-2037/-2037
f -2033/-2033/-2033 -2036/-2036/-2036 -2034/-2034/-2034
f -2033/-2033/-2033 -2032/-2032/-2032 -2036/-2036/-2036
f -2031/-2031/-2031 -2033/-2033/-2033 -2034/-2034/-2034
f -2030/-2030/-2030 -2033/-2033/-2033 -2031/-2031/-2031
f -2030/-2030/-2030 -2029/-2029/-2029 -2033/-2033/-2033
f -2040/-2040/-2040 -2043/-2043/-2043 -2028/-2028/-2028
f -2028/-2028/-2028 -2043/-2043/-2043 -2027/-2027/-2027
f -2026/-2026/-2026 -2040/-2040/-2040 -2028/-2028/-2028
f -2037/-2037/-2037 -2040/-2040/-2040 -2026/-2026/-2026
f -2025/-2025/-2025 -2037/-2037/-2037 -2026/-2026/-2026
f -2034/-2034/-2034 -2037/-2037/-2037 -2025/-2025/-2025
f -2024/-2024/-2024 -2034/-2034/-2034 -2025/-2025/-2025
f -2031/-2031/-2031 -2034/-2034/-2034 -2024/-2024/-2024
f -2028/-2028/-2028 -2027/-2027/-2027 -2023/-2023/-2023
f -2023/-2023/-2023 -2027/-2027/-2027 -2022/-2022/-2022
f -2027/-2027/-2027 -2021/-2021/-2021 -2022/-2022/-2022
f -2027/-2027/-2027 -2046/-2046/-2046 -2021/-2021/-2021
f -2046/-2046/-2046 -2049/-2049/-2049 -2021/-2021/-2021
f -2021/-2021/-2021 -2049/-2049/-2049 -2020/-2020/-2020
f -2049/-2049/-2049 -2052/-2052/-2052 -2020/-2020/-2020
f -2020/-2020/-2020 -2052/-2052/-2052 -2019/-2019/-2019
f -2052/-2052/-2052 -2055/-2055/-2055 -2019/-2019/-2019
f -2019/-2019/-2019 -2055/-2055/-2055 -2018/-2018/-2018
f -2055/-2055/-2055 -2057/-2057/-2057 -2018/-2018/-2018
f -2018/-2018/-2018 -2057/-2057/-2057 -2017/-2017/-2017
f -2057/-2057/-2057 -2056/-2056/-2056 -2017/-2017/-2017
f -2017/-2017/-2017 -2056/-2056/-2056 -2016/-2016/-2016
f -2017/-2017/-2017 -2016/-2016/-2016 -2015/-2015/-2015
f -2015/-2015/-2015 -2016/-2016/-2016 -2014/-2014/-2014
f -2013/-2013/-2013 -2017/-2017/-2017 -2015/-2015/-2015
f -2018/-2018/-2018 -2017/-2017/-2017 -2013/-2013/-2013
f -2012/-2012/-2012 -2018/-2018/-2018 -2013/-2013/-2013
f -2019/-2019/-2019 -2018/-2018/-2018 -2012/-2012/-2012
f -2011/-2011/-2011 -2019/-2019/-2019 -2012/-2012/-2012
f -2020/-2020/-2020 -2019/-2019/-2019 -2011/-2011/-2011
f -2010/-2010/-2010 -2020/-2020/-2020 -2011/-2011/-2011
f -2021/-2021/-2021 -2020/-2020/-2020 -2010/-2010/-2010
f -2022/-2022/-2022 -2021/-2021/-2021 -2010/-2010/-2010
f -2014/-2014/-2014 -2009/-2009/-2009 -2015/-2015/-2015
f -2015/-2015/-2015 -2008/-2008/-2008 -2013/-2013/-2013
f -2013/-2013/-2013 -2007/-2007/-2007 -2012/-2012/-2012
f -2012/-2012/-2012 -2006/-2006/-2006 -2011/-2011/-2011
f -2011/-2011/-2011 -2005/-2005/-2005 -2010/-2010/-2010
f -2010/-2010/-2010 -2004/-2004/-2004 -2022/-2022/-2022
f -2022/-2022/-2022 -2003/-2003/-2003 -2023/-2023/-2023
f -2002/-2002/-2002 -2028/-2028/-2028 -2023/-2023/-2023
f -2026/-2026/-2026 -2028/-2028/-2028 -2002/-2002/-2002
f -2001/-2001/-2001 -2026/-2026/-2026 -2002/-2002/-2002
f -2025/-2025/-2025 -2026/-2026/-2026 -2001/-2001/-2001
f -2000/-2000/-2000 -2025/-2025/-2025 -2001/-2001/-2001
f -2024/-2024/-2024 -2025/-2025/-2025 -2000/-2000/-2000
f -2023/-2023/-2023 -1999/-1999/-1999 -2002/-2002/-2002
f -2002/-2002/-2002 -1998/-1998/-1998 -2001/-2001/-2001
f -2001/-2001/-2001 -1997/-1997/-1997 -2000/-2000/-2000
f -2043/-2043/-2043 -2046/-2046/-2046 -2027/-2027/-2027
f -1994/-1994/-1994 -1996/-1996/-1996 -1995/-1995/-1995
f -1994/-1994/-1994 -1995/-1995/-1995 -1993/-1993/-1993
f -1993/-1993/-1993 -1995/-1995/-1995 -1992/-1992/-1992
f -1991/-1991/-1991 -1994/-1994/-1994 -1993/-1993/-1993
f -1990/-1990/-1990 -1994/-1994/-1994 -1991/-1991/-1991
f -1990/-1990/-1990 -1989/-1989/-1989 -1994/-1994/-1994
f -1988/-1988/-1988 -1990/-1990/-1990 -1991/-1991/-1991
f -1987/-1987/-1987 -1990/-1990/-1990 -1988/-1988/-1988
f -1987/-1987/-1987 -1986/-1986/-1986 -1990/-1990/-1990
f -1985/-1985/-1985 -1987/-1987/-1987 -1988/-1988/-1988
f -1984/-1984/-1984 -1987/-1987/-1987 -1985/-1985/-1985
f -1984/-1984/-1984 -1983/-1983/-1983 -1987/-1987/-1987
f -1982/-1982/-1982 -1984/-1984/-1984 -1985/-1985/-1985
f -1981/-1981/-1981 -1984/-1984/-1984 -1982/-1982/-1982
f -1981/-1981/-1981 -1980/-1980/-1980 -1984/-1984/-1984
f -1979/-1979/-1979 -1981/-1981/-1981 -1982/-1982/-1982
f -1978/-1978/-1978 -1981/-1981/-1981 -1979/-1979/-1979
f -1977/-1977/-1977 -1978/-1978/-1978 -1979/-1979/-1979
f -1976/-1976/-1976 -1978/-1978/-1978 -1977/-1977/-1977
f -1975/-1975/-1975 -1976/-1976/-1976 -1977/-1977/-1977
f -1974/-1974/-1974 -1976/-1976/-1976 -1975/-1975/-1975
f -1973/-1973/-1973 -1974/-1974/-1974 -1975/-1975/-1975
f -1972/-1972/-1972 -1974/-1974/-1974 -1973/-1973/-1973
f -1971/-1971/-1971 -1972/-1972/-1972 -1973/-1973/-1973
f -1970/-1970/-1970 -1972/-1972/-1972 -1971/-1971/-1971
f -1971/-1971/-1971 -1973/-1973/-1973 -1969/-1969/-1969
f -1968/-1968/-1968 -1971/-1971/-1971 -1969/-1969/-1969
f -1967/-1967/-1967 -1971/-1971/-1971 -1968/-1968/-1968
f -1967/-1967/-1967 -1970/-1970/-1970 -1971/-1971/-1971
f -1969/-1969/-1969 -1973/-1973/-1973 -1966/-1966/-1966
f -1973/-1973/-1973 -1975/-1975/-1975 -1966/-1966/-1966
f -1966/-1966/-1966 -1975/-1975/-1975 -1965/-1965/-1965
f -1975/-1975/-1975 -1977/-1977/-1977 -1965/-1965/-1965
f -1965/-1965/-1965 -1977/-1977/-1977 -1964/-1964/-1964
f -1977/-1977/-1977 -1979/-1979/-1979 -1964/-1964/-1964
f -1964/-1964/-1964 -1979/-1979/-1979 -1963/-1963/-1963
f -1968/-1968/-1968 -1969/-1969/-1969 -1962/-1962/-1962
f -1962/-1962/-1962 -1969/-1969/-1969 -1961/-1961/-1961
f -1969/-1969/-1969 -1966/-1966/-1966 -1961/-1961/-1961
f -1962/-1962/-1962 -1961/-1961/-1961 -1960/-1960/-1960
f -1960/-1960/-1960 -1961/-1961/-1961 -1959/-1959/-1959
f -1959/-1959/-1959 -1958/-1958/-1958 -1960/-1960/-1960
f -1961/-1961/-1961 -1957/-1957/-1957 -1959/-1959/-1959
f -1961/-1961/-1961 -1966/-1966/-1966 -1957/-1957/-1957
f -1966/-1966/-1966 -1965/-1965/-1965 -1957/-1957/-1957
f -1959/-1959/-1959 -1957/-1957/-1957 -1956/-1956/-1956
f -1956/-1956/-1956 -1955/-1955/-1955 -1959/-1959/-1959
f -1957/-1957/-1957 -1954/-1954/-1954 -1956/-1956/-1956
f -1957/-1957/-1957 -1965/-1965/-1965 -1954/-1954/-1954
f -1965/-1965/-1965 -1964/-1964/-1964 -1954/-1954/-1954
f -1956/-1956/-1956 -1954/-1954/-1954 -1953/-1953/-1953
f -1953/-1953/-1953 -1952/-1952/-1952 -1956/-1956/-1956
f -1954/-1954/-1954 -1951/-1951/-1951 -1953/-1953/-1953
f -1954/-1954/-1954 -1964/-1964/-1964 -1951/-1951/-1951
f -1964/-1964/-1964 -1963/-1963/-1963 -1951/-1951/-1951
f -1953/-1953/-1953 -1951/-1951/-1951 -1950/-1950/-1950
f -1950/-1950/-1950 -1949/-1949/-1949 -1953/-1953/-1953
f -1951/-1951/-1951 -1948/-1948/-1948 -1950/-1950/-1950
f -1951/-1951/-1951 -1963/-1963/-1963 -1948/-1948/-1948
f -1950/-1950/-1950 -1948/-1948/-1948 -1947/-1947/-1947
f -1947/-1947/-1947 -1946/-1946/-1946 -1950/-1950/-1950
f -1948/-1948/-1948 -1945/-1945/-1945 -1947/-1947/-1947
f -1947/-1947/-1947 -1945/-1945/-1945 -1944/-1944/-1944
f -1944/-1944/-1944 -1943/-1943/-1943 -1947/-1947/-1947
f -1945/-1945/-1945 -1942/-1942/-1942 -1944/-1944/-1944
f -1944/-1944/-1944 -1942/-1942/-1942 -1941/-1941/-1941
f -1941/-1941/-1941 -1940/-1940/-1940 -1944/-1944/-1944
f -1942/-1942/-1942 -1939/-1939/-1939 -1941/-1941/-1941
f -1941/-1941/-1941 -1939/-1939/-1939 -1938/-1938/-1938
f -1938/-1938/-1938 -1937/-1937/-1937 -1941/-1941/-1941
f -1939/-1939/-1939 -1936/-1936/-1936 -1938/-1938/-1938
f -1938/-1938/-1938 -1936/-1936/-1936 -1935/-1935/-1935
f -1935/-1935/-1935 -1934/-1934/-1934 -1938/-1938/-1938
f -1936/-1936/-1936 -1933/-1933/-1933 -1935/-1935/-1935
f -1935/-1935/-1935 -1933/-1933/-1933 -1932/-1932/-1932
f -1932/-1932/-1932 -1931/-1931/-1931 -1935/-1935/-1935
f -1933/-1933/-1933 -1930/-1930/-1930 -1932/-1932/-1932
f -1932/-1932/-1932 -1930/-1930/-1930 -1929/-1929/-1929
f -1929/-1929/-1929 -1928/-1928/-1928 -1932/-1932/-1932
f -1942/-1942/-1942 -1927/-1927/-1927 -1939/-1939/-1939
f -1926/-1926/-1926 -1927/-1927/-1927 -1942/-1942/-1942
f -1926/-1926/-1926 -1988/-1988/-1988 -1927/-1927/-1927
f -1985/-1985/-1985 -1988/-1988/-1988 -1926/-1926/-1926
f -1925/-1925/-1925 -1985/-1985/-1985 -1926/-1926/-1926
f -1982/-1982/-1982 -1985/-1985/-1985 -1925/-1925/-1925
f -1963/-1963/-1963 -1982/-1982/-1982 -1925/-1925/-1925
f -1979/-1979/-1979 -1982/-1982/-1982 -1963/-1963/-1963
f -1988/-1988/-1988 -1991/-1991/-1991 -1927/-1927/-1927
f -1927/-1927/-1927 -1991/-1991/-1991 -1924/-1924/-1924
f -1991/-1991/-1991 -1993/-1993/-1993 -1924/-1924/-1924
f -1924/-1924/-1924 -1993/-1993/-1993 -1923/-1923/-1923
f -1993/-1993/-1993 -1992/-1992/-1992 -1923/-1923/-1923
f -1923/-1923/-1923 -1992/-1992/-1992 -1922/-1922/-1922
f -1963/-1963/-1963 -1925/-1925/-1925 -1948/-1948/-1948
f -1948/-1948/-1948 -1925/-1925/-1925 -1945/-1945/-1945
f -1945/-1945/-1945 -1926/-1926/-1926 -1942/-1942/-1942
f -1925/-1925/-1925 -1926/-1926/-1926 -1945/-1945/-1945
f -1924/-1924/-1924 -1923/-1923/-1923 -1936/-1936/-1936
f -1939/-1939/-1939 -1924/-1924/-1924 -1936/-1936/-1936
f -1927/-1927/-1927 -1924/-1924/-1924 -1939/-1939/-1939
f -1936/-1936/-1936 -1923/-1923/-1923 -1933/-1933/-1933
f -1923/-1923/-1923 -1922/-1922/-1922 -1933/-1933/-1933
f -1933/-1933/-1933 -1922/-1922/-1922 -1930/-1930/-1930
f -1920/-1920/-1920 -1921/-1921/-1921 -1981/-1981/-1981
f -1976/-1976/-1976 -1919/-1919/-1919 -1918/-1918/-1918
f -1916/-1916/-1916 -1917/-1917/-1917 -1976/-1976/-1976
f -1914/-1914/-1914 -1915/-1915/-1915 -1916/-1916/-1916
f -1912/-1912/-1912 -1913/-1913/-1913 -1914/-1914/-1914
f -1910/-1910/-1910 -1911/-1911/-1911 -1912/-1912/-1912
f -4572/-4572/-4572 -1909/-1909/-1909 -4571/-4571/-4571
f -4567/-4567/-4567 -4571/-4571/-4571 -1909/-1909/-1909
f -4567/-4567/-4567 -1909/-1909/-1909 -1908/-1908/-1908
f -4565/-4565/-4565 -4567/-4567/-4567 -1908/-1908/-1908
f -1908/-1908/-1908 -1907/-1907/-1907 -4565/-4565/-4565
f -4511/-4511/-4511 -4549/-4549/-4549 -1906/-1906/-1906
f -4547/-4547/-4547 -4549/-4549/-4549 -4511/-4511/-4511
f -1906/-1906/-1906 -4512/-4512/-4512 -4511/-4511/-4511
f -4547/-4547/-4547 -4511/-4511/-4511 -4544/-4544/-4544
f -4544/-4544/-4544 -4511/-4511/-4511 -4514/-4514/-4514
f -4544/-4544/-4544 -4514/-4514/-4514 -4543/-4543/-4543
f -4474/-4474/-4474 -4494/-4494/-4494 -4469/-4469/-4469
f -4488/-4488/-4488 -4494/-4494/-4494 -4474/-4474/-4474
f -4494/-4494/-4494 -4480/-4480/-4480 -4469/-4469/-4469
f -1903/-1903/-1903 -1905/-1905/-1905 -1904/-1904/-1904
f -1905/-1905/-1905 -1902/-1902/-1902 -1904/-1904/-1904
f -1905/-1905/-1905 -1901/-1901/-1901 -1902/-1902/-1902
f -1905/-1905/-1905 -1900/-1900/-1900 -1901/-1901/-1901
f -1905/-1905/-1905 -1899/-1899/-1899 -1900/-1900/-1900
f -1896/-1896/-1896 -1898/-1898/-1898 -1897/-1897/-1897
f -1895/-1895/-1895 -1898/-1898/-1898 -1896/-1896/-1896
f -1895/-1895/-1895 -1894/-1894/-1894 -1898/-1898/-1898
f -1893/-1893/-1893 -1894/-1894/-1894 -1895/-1895/-1895
f -1893/-1893/-1893 -1892/-1892/-1892 -1894/-1894/-1894
f -1891/-1891/-1891 -1892/-1892/-1892 -1893/-1893/-1893
f -1891/-1891/-1891 -1890/-1890/-1890 -1892/-1892/-1892
f -1889/-1889/-1889 -1890/-1890/-1890 -1891/-1891/-1891
f -1889/-1889/-1889 -1888/-1888/-1888 -1890/-1890/-1890
f -1887/-1887/-1887 -1888/-1888/-1888 -1889/-1889/-1889
f -1887/-1887/-1887 -1886/-1886/-1886 -1888/-1888/-1888
f -1885/-1885/-1885 -1886/-1886/-1886 -1887/-1887/-1887
f -1896/-1896/-1896 -1897/-1897/-1897 -1884/-1884/-1884
f -1884/-1884/-1884 -1897/-1897/-1897 -1883/-1883/-1883
f -1898/-1898/-1898 -1882/-1882/-1882 -1897/-1897/-1897
f -1897/-1897/-1897 -1882/-1882/-1882 -1881/-1881/-1881
f -1898/-1898/-1898 -1880/-1880/-1880 -1882/-1882/-1882
f -1894/-1894/-1894 -1880/-1880/-1880 -1898/-1898/-1898
f -1894/-1894/-1894 -1879/-1879/-1879 -1880/-1880/-1880
f -1892/-1892/-1892 -1879/-1879/-1879 -1894/-1894/-1894
f -1892/-1892/-1892 -1878/-1878/-1878 -1879/-1879/-1879
f -1890/-1890/-1890 -1878/-1878/-1878 -1892/-1892/-1892
f -1890/-1890/-1890 -1877/-1877/-1877 -1878/-1878/-1878
f -1888/-1888/-1888 -1877/-1877/-1877 -1890/-1890/-1890
f -1888/-1888/-1888 -1876/-1876/-1876 -1877/-1877/-1877
f -1886/-1886/-1886 -1876/-1876/-1876 -1888/-1888/-1888
f -1883/-1883/-1883 -1881/-1881/-1881 -1875/-1875/-1875
f -1897/-1897/-1897 -1881/-1881/-1881 -1883/-1883/-1883
f -1882/-1882/-1882 -1874/-1874/-1874 -1881/-1881/-1881
f -1881/-1881/-1881 -1874/-1874/-1874 -1873/-1873/-1873
f -1881/-1881/-1881 -1873/-1873/-1873 -1875/-1875/-1875
f -1882/-1882/-1882 -1872/-1872/-1872 -1874/-1874/-1874
f -1880/-1880/-1880 -1872/-1872/-1872 -1882/-1882/-1882
f -1880/-1880/-1880 -1871/-1871/-1871 -1872/-1872/-1872
f -1879/-1879/-1879 -1871/-1871/-1871 -1880/-1880/-1880
f -1879/-1879/-1879 -1870/-1870/-1870 -1871/-1871/-1871
f -1878/-1878/-1878 -1870/-1870/-1870 -1879/-1879/-1879
f -1878/-1878/-1878 -1869/-1869/-1869 -1870/-1870/-1870
f -1877/-1877/-1877 -1869/-1869/-1869 -1878/-1878/-1878
f -1877/-1877/-1877 -1868/-1868/-1868 -1869/-1869/-1869
f -1876/-1876/-1876 -1868/-1868/-1868 -1877/-1877/-1877
f -1875/-1875/-1875 -1873/-1873/-1873 -1867/-1867/-1867
f -1874/-1874/-1874 -1866/-1866/-1866 -1873/-1873/-1873
f -1873/-1873/-1873 -1866/-1866/-1866 -1865/-1865/-1865
f -1873/-1873/-1873 -1865/-1865/-1865 -1867/-1867/-1867
f -1874/-1874/-1874 -1864/-1864/-1864 -1866/-1866/-1866
f -1872/-1872/-1872 -1864/-1864/-1864 -1874/-1874/-1874
f -1872/-1872/-1872 -1863/-1863/-1863 -1864/-1864/-1864
f -1871/-1871/-1871 -1863/-1863/-1863 -1872/-1872/-1872
f -1871/-1871/-1871 -1862/-1862/-1862 -1863/-1863/-1863
f -1870/-1870/-1870 -1862/-1862/-1862 -1871/-1871/-1871
f -1870/-1870/-1870 -1861/-1861/-1861 -1862/-1862/-1862
f -1869/-1869/-1869 -1861/-1861/-1861 -1870/-1870/-1870
f -1869/-1869/-1869 -1860/-1860/-1860 -1861/-1861/-1861
f -1868/-1868/-1868 -1860/-1860/-1860 -1869/-1869/-1869
f -1867/-1867/-1867 -1865/-1865/-1865 -1859/-1859/-1859
f -1866/-1866/-1866 -1858/-1858/-1858 -1865/-1865/-1865
f -1865/-1865/-1865 -1858/-1858/-1858 -1857/-1857/-1857
f -1865/-1865/-1865 -1857/-1857/-1857 -1859/-1859/-1859
f -1866/-1866/-1866 -1856/-1856/-1856 -1858/-1858/-1858
f -1864/-1864/-1864 -1856/-1856/-1856 -1866/-1866/-1866
f -1864/-1864/-1864 -1855/-1855/-1855 -1856/-1856/-1856
f -1863/-1863/-1863 -1855/-1855/-1855 -1864/-1864/-1864
f -1863/-1863/-1863 -1854/-1854/-1854 -1855/-1855/-1855
f -1862/-1862/-1862 -1854/-1854/-1854 -1863/-1863/-1863
f -1862/-1862/-1862 -1853/-1853/-1853 -1854/-1854/-1854
f -1861/-1861/-1861 -1853/-1853/-1853 -1862/-1862/-1862
f -1861/-1861/-1861 -1852/-1852/-1852 -1853/-1853/-1853
f -1860/-1860/-1860 -1852/-1852/-1852 -1861/-1861/-1861
f -1859/-1859/-1859 -1857/-1857/-1857 -1851/-1851/-1851
f -1848/-1848/-1848 -1850/-1850/-1850 -1849/-1849/-1849
f -1850/-1850/-1850 -1847/-1847/-1847 -1849/-1849/-1849
f -1850/-1850/-1850 -1846/-1846/-1846 -1847/-1847/-1847
f -1850/-1850/-1850 -1845/-1845/-1845 -1846/-1846/-1846
f -1850/-1850/-1850 -1844/-1844/-1844 -1845/-1845/-1845
f -1841/-1841/-1841 -1843/-1843/-1843 -1842/-1842/-1842
f -1843/-1843/-1843 -1840/-1840/-1840 -1842/-1842/-1842
f -1842/-1842/-1842 -1840/-1840/-1840 -1839/-1839/-1839
f -1840/-1840/-1840 -1838/-1838/-1838 -1839/-1839/-1839
f -1839/-1839/-1839 -1838/-1838/-1838 -1837/-1837/-1837
f -1843/-1843/-1843 -1836/-1836/-1836 -1840/-1840/-1840
f -1840/-1840/-1840 -1835/-1835/-1835 -1838/-1838/-1838
f -1834/-1834/-1834 -1835/-1835/-1835 -1840/-1840/-1840
f -1833/-1833/-1833 -1839/-1839/-1839 -1837/-1837/-1837
f -1832/-1832/-1832 -1839/-1839/-1839 -1833/-1833/-1833
f -1832/-1832/-1832 -1842/-1842/-1842 -1839/-1839/-1839
f -1834/-1834/-1834 -1831/-1831/-1831 -1835/-1835/-1835
f -1835/-1835/-1835 -1831/-1831/-1831 -1830/-1830/-1830
f -1831/-1831/-1831 -1829/-1829/-1829 -1830/-1830/-1830
f -1828/-1828/-1828 -1829/-1829/-1829 -1831/-1831/-1831
f -1827/-1827/-1827 -1828/-1828/-1828 -1831/-1831/-1831
f -1836/-1836/-1836 -1827/-1827/-1827 -1831/-1831/-1831
f -1826/-1826/-1826 -1828/-1828/-1828 -1827/-1827/-1827
f -1825/-1825/-1825 -1826/-1826/-1826 -1827/-1827/-1827
f -1824/-1824/-1824 -1826/-1826/-1826 -1825/-1825/-1825
f -1828/-1828/-1828 -1823/-1823/-1823 -1829/-1829/-1829
f -1829/-1829/-1829 -1823/-1823/-1823 -1822/-1822/-1822
f -1823/-1823/-1823 -1821/-1821/-1821 -1822/-1822/-1822
f -1822/-1822/-1822 -1821/-1821/-1821 -1820/-1820/-1820
f -1828/-1828/-1828 -1819/-1819/-1819 -1823/-1823/-1823
f -1826/-1826/-1826 -1819/-1819/-1819 -1828/-1828/-1828
f -1823/-1823/-1823 -1818/-1818/-1818 -1821/-1821/-1821
f -1819/-1819/-1819 -1818/-1818/-1818 -1823/-1823/-1823
f -1817/-1817/-1817 -1825/-1825/-1825 -1827/-1827/-1827
f -1817/-1817/-1817 -1827/-1827/-1827 -1816/-1816/-1816
f -1817/-1817/-1817 -1816/-1816/-1816 -1843/-1843/-1843
f -1815/-1815/-1815 -1817/-1817/-1817 -1843/-1843/-1843
f -1815/-1815/-1815 -1843/-1843/-1843 -1814/-1814/-1814
f -1813/-1813/-1813 -1817/-1817/-1817 -1815/-1815/-1815
f -1815/-1815/-1815 -1812/-1812/-1812 -1813/-1813/-1813
f -1812/-1812/-1812 -1815/-1815/-1815 -1811/-1811/-1811
f -1811/-1811/-1811 -1815/-1815/-1815 -1810/-1810/-1810
f -1809/-1809/-1809 -1811/-1811/-1811 -1810/-1810/-1810
f -1808/-1808/-1808 -1811/-1811/-1811 -1809/-1809/-1809
f -1807/-1807/-1807 -1812/-1812/-1812 -1811/-1811/-1811
f -1806/-1806/-1806 -1812/-1812/-1812 -1807/-1807/-1807
f -1812/-1812/-1812 -1806/-1806/-1806 -1805/-1805/-1805
f -1804/-1804/-1804 -1812/-1812/-1812 -1805/-1805/-1805
f -1805/-1805/-1805 -1806/-1806/-1806 -1803/-1803/-1803
f -1806/-1806/-1806 -1802/-1802/-1802 -1803/-1803/-1803
f -1806/-1806/-1806 -1807/-1807/-1807 -1802/-1802/-1802
f -1803/-1803/-1803 -1802/-1802/-1802 -1801/-1801/-1801
f -1804/-1804/-1804 -1805/-1805/-1805 -1800/-1800/-1800
f -1805/-1805/-1805 -1803/-1803/-1803 -1799/-1799/-1799
f -1825/-1825/-1825 -1805/-1805/-1805 -1799/-1799/-1799
f -1799/-1799/-1799 -1803/-1803/-1803 -1798/-1798/-1798
f -1803/-1803/-1803 -1801/-1801/-1801 -1798/-1798/-1798
f -1798/-1798/-1798 -1801/-1801/-1801 -1797/-1797/-1797
f -1799/-1799/-1799 -1796/-1796/-1796 -1825/-1825/-1825
f -1795/-1795/-1795 -1798/-1798/-1798 -1797/-1797/-1797
f -1794/-1794/-1794 -1798/-1798/-1798 -1795/-1795/-1795
f -1794/-1794/-1794 -1795/-1795/-1795 -1793/-1793/-1793
f -1792/-1792/-1792 -1794/-1794/-1794 -1793/-1793/-1793
f -1791/-1791/-1791 -1794/-1794/-1794 -1792/-1792/-1792
f -1798/-1798/-1798 -1791/-1791/-1791 -1799/-1799/-1799
f -1794/-1794/-1794 -1791/-1791/-1791 -1798/-1798/-1798
f -1790/-1790/-1790 -1791/-1791/-1791 -1792/-1792/-1792
f -1796/-1796/-1796 -1791/-1791/-1791 -1790/-1790/-1790
f -1793/-1793/-1793 -1795/-1795/-1795 -1789/-1789/-1789
f -1791/-1791/-1791 -1788/-1788/-1788 -1799/-1799/-1799
f -1792/-1792/-1792 -1787/-1787/-1787 -1790/-1790/-1790
f -1793/-1793/-1793 -1787/-1787/-1787 -1792/-1792/-1792
f -1790/-1790/-1790 -1787/-1787/-1787 -1786/-1786/-1786
f -1785/-1785/-1785 -1793/-1793/-1793 -1789/-1789/-1789
f -1784/-1784/-1784 -1793/-1793/-1793 -1785/-1785/-1785
f -1784/-1784/-1784 -1787/-1787/-1787 -1793/-1793/-1793
f -1802/-1802/-1802 -1807/-1807/-1807 -1783/-1783/-1783
f -1807/-1807/-1807 -1782/-1782/-1782 -1783/-1783/-1783
f -1783/-1783/-1783 -1782/-1782/-1782 -1781/-1781/-1781
f -1807/-1807/-1807 -1811/-1811/-1811 -1782/-1782/-1782
f -1782/-1782/-1782 -1811/-1811/-1811 -1808/-1808/-1808
f -1780/-1780/-1780 -1842/-1842/-1842 -1832/-1832/-1832
f -1780/-1780/-1780 -1841/-1841/-1841 -1842/-1842/-1842
f -1779/-1779/-1779 -1841/-1841/-1841 -1780/-1780/-1780
f -1777/-1777/-1777 -1778/-1778/-1778 -1817/-1817/-1817
f -1826/-1826/-1826 -1776/-1776/-1776 -1819/-1819/-1819
f -1824/-1824/-1824 -1776/-1776/-1776 -1826/-1826/-1826
f -1776/-1776/-1776 -1775/-1775/-1775 -1819/-1819/-1819
f -1819/-1819/-1819 -1775/-1775/-1775 -1818/-1818/-1818
f -1772/-1772/-1772 -1774/-1774/-1774 -1773/-1773/-1773
f -1774/-1774/-1774 -1771/-1771/-1771 -1773/-1773/-1773
f -1773/-1773/-1773 -1771/-1771/-1771 -1770/-1770/-1770
f -1771/-1771/-1771 -1769/-1769/-1769 -1770/-1770/-1770
f -1770/-1770/-1770 -1769/-1769/-1769 -1768/-1768/-1768
f -1767/-1767/-1767 -1771/-1771/-1771 -1774/-1774/-1774
f -1766/-1766/-1766 -1771/-1771/-1771 -1767/-1767/-1767
f -1767/-1767/-1767 -1765/-1765/-1765 -1766/-1766/-1766
f -1764/-1764/-1764 -1772/-1772/-1772 -1773/-1773/-1773
f -1767/-1767/-1767 -1774/-1774/-1774 -1763/-1763/-1763
f -1767/-1767/-1767 -1763/-1763/-1763 -1762/-1762/-1762
f -1761/-1761/-1761 -1771/-1771/-1771 -1766/-1766/-1766
f -1769/-1769/-1769 -1771/-1771/-1771 -1761/-1761/-1761
f -1760/-1760/-1760 -1766/-1766/-1766 -1765/-1765/-1765
f -1761/-1761/-1761 -1766/-1766/-1766 -1760/-1760/-1760
f -1758/-1758/-1758 -1759/-1759/-1759 -1767/-1767/-1767
f -1755/-1755/-1755 -1757/-1757/-1757 -1756/-1756/-1756
f -1754/-1754/-1754 -1757/-1757/-1757 -1755/-1755/-1755
f -1757/-1757/-1757 -1753/-1753/-1753 -1756/-1756/-1756
f -1756/-1756/-1756 -1753/-1753/-1753 -1752/-1752/-1752
f -1753/-1753/-1753 -1751/-1751/-1751 -1752/-1752/-1752
f -1753/-1753/-1753 -1757/-1757/-1757 -1750/-1750/-1750
f -1753/-1753/-1753 -1750/-1750/-1750 -1749/-1749/-1749
f -1748/-1748/-1748 -1749/-1749/-1749 -1750/-1750/-1750
f -1747/-1747/-1747 -1752/-1752/-1752 -1749/-1749/-1749
f -1749/-1749/-1749 -1746/-1746/-1746 -1747/-1747/-1747
f -1749/-1749/-1749 -1745/-1745/-1745 -1746/-1746/-1746
f -1750/-1750/-1750 -1744/-1744/-1744 -1748/-1748/-1748
f -1750/-1750/-1750 -1757/-1757/-1757 -1744/-1744/-1744
f -1757/-1757/-1757 -1754/-1754/-1754 -1744/-1744/-1744
f -1748/-1748/-1748 -1744/-1744/-1744 -1743/-1743/-1743
f -1744/-1744/-1744 -1754/-1754/-1754 -1742/-1742/-1742
f -1744/-1744/-1744 -1742/-1742/-1742 -1743/-1743/-1743
f -1743/-1743/-1743 -1742/-1742/-1742 -1741/-1741/-1741
f -1738/-1738/-1738 -1740/-1740/-1740 -1739/-1739/-1739
f -1737/-1737/-1737 -1740/-1740/-1740 -1738/-1738/-1738
f -1736/-1736/-1736 -1737/-1737/-1737 -1738/-1738/-1738
f -1735/-1735/-1735 -1737/-1737/-1737 -1736/-1736/-1736
f -1732/-1732/-1732 -1734/-1734/-1734 -1733/-1733/-1733
f -1731/-1731/-1731 -1734/-1734/-1734 -1732/-1732/-1732
f -1734/-1734/-1734 -1730/-1730/-1730 -1733/-1733/-1733
f -1733/-1733/-1733 -1730/-1730/-1730 -1729/-1729/-1729
f -1731/-1731/-1731 -1728/-1728/-1728 -1734/-1734/-1734
f -1727/-1727/-1727 -1728/-1728/-1728 -1731/-1731/-1731
f -1734/-1734/-1734 -1726/-1726/-1726 -1730/-1730/-1730
f -1728/-1728/-1728 -1726/-1726/-1726 -1734/-1734/-1734
f -1723/-1723/-1723 -1725/-1725/-1725 -1724/-1724/-1724
f -1721/-1721/-1721 -1722/-1722/-1722 -1723/-1723/-1723
f -1719/-1719/-1719 -1720/-1720/-1720 -1722/-1722/-1722
f -1717/-1717/-1717 -1718/-1718/-1718 -1722/-1722/-1722
f -1716/-1716/-1716 -1718/-1718/-1718 -1717/-1717/-1717
f -1715/-1715/-1715 -1716/-1716/-1716 -1717/-1717/-1717
f -1714/-1714/-1714 -1716/-1716/-1716 -1715/-1715/-1715
f -1714/-1714/-1714 -1713/-1713/-1713 -1716/-1716/-1716
f -1712/-1712/-1712 -1713/-1713/-1713 -1714/-1714/-1714
f -1713/-1713/-1713 -1711/-1711/-1711 -1716/-1716/-1716
f -1716/-1716/-1716 -1710/-1710/-1710 -1709/-1709/-1709
f -1706/-1706/-1706 -1708/-1708/-1708 -1707/-1707/-1707
f -1705/-1705/-1705 -1707/-1707/-1707 -1708/-1708/-1708
f -1704/-1704/-1704 -1707/-1707/-1707 -1705/-1705/-1705
f -1701/-1701/-1701 -1703/-1703/-1703 -1702/-1702/-1702
f -1700/-1700/-1700 -1703/-1703/-1703 -1701/-1701/-1701
f -1703/-1703/-1703 -1699/-1699/-1699 -1702/-1702/-1702
f -1698/-1698/-1698 -1699/-1699/-1699 -1703/-1703/-1703
f -1697/-1697/-1697 -1699/-1699/-1699 -1698/-1698/-1698
f -1697/-1697/-1697 -1698/-1698/-1698 -1696/-1696/-1696
f -1695/-1695/-1695 -1697/-1697/-1697 -1696/-1696/-1696
f -1694/-1694/-1694 -1697/-1697/-1697 -1695/-1695/-1695
f -1693/-1693/-1693 -1694/-1694/-1694 -1695/-1695/-1695
f -1692/-1692/-1692 -1694/-1694/-1694 -1693/-1693/-1693
f -1696/-1696/-1696 -1698/-1698/-1698 -1691/-1691/-1691
f -1698/-1698/-1698 -1690/-1690/-1690 -1691/-1691/-1691
f -1690/-1690/-1690 -1703/-1703/-1703 -1700/-1700/-1700
f -1698/-1698/-1698 -1703/-1703/-1703 -1690/-1690/-1690
f -1691/-1691/-1691 -1690/-1690/-1690 -1689/-1689/-1689
f -1697/-1697/-1697 -1688/-1688/-1688 -1699/-1699/-1699
f -1694/-1694/-1694 -1688/-1688/-1688 -1697/-1697/-1697
f -1699/-1699/-1699 -1688/-1688/-1688 -1687/-1687/-1687
f -1686/-1686/-1686 -1699/-1699/-1699 -1687/-1687/-1687
f -1694/-1694/-1694 -1685/-1685/-1685 -1688/-1688/-1688
f -1692/-1692/-1692 -1685/-1685/-1685 -1694/-1694/-1694
f -1688/-1688/-1688 -1685/-1685/-1685 -1684/-1684/-1684
f -1683/-1683/-1683 -1688/-1688/-1688 -1684/-1684/-1684
f -1684/-1684/-1684 -1685/-1685/-1685 -1682/-1682/-1682
f -1680/-1680/-1680 -1687/-1687/-1687 -1681/-1681/-1681
f -1680/-1680/-1680 -1681/-1681/-1681 -1679/-1679/-1679
f -1678/-1678/-1678 -1680/-1680/-1680 -1679/-1679/-1679
f -1678/-1678/-1678 -1679/-1679/-1679 -1677/-1677/-1677
f -1677/-1677/-1677 -1679/-1679/-1679 -1676/-1676/-1676
f -1679/-1679/-1679 -1675/-1675/-1675 -1676/-1676/-1676
f -1679/-1679/-1679 -1681/-1681/-1681 -1675/-1675/-1675
f -1676/-1676/-1676 -1675/-1675/-1675 -1674/-1674/-1674
f -1675/-1675/-1675 -1673/-1673/-1673 -1674/-1674/-1674
f -1674/-1674/-1674 -1673/-1673/-1673 -1672/-1672/-1672
f -1673/-1673/-1673 -1671/-1671/-1671 -1672/-1672/-1672
f -1672/-1672/-1672 -1671/-1671/-1671 -1670/-1670/-1670
f -1669/-1669/-1669 -1680/-1680/-1680 -1678/-1678/-1678
f -1675/-1675/-1675 -1668/-1668/-1668 -1673/-1673/-1673
f -1681/-1681/-1681 -1668/-1668/-1668 -1675/-1675/-1675
f -1673/-1673/-1673 -1667/-1667/-1667 -1671/-1671/-1671
f -1668/-1668/-1668 -1667/-1667/-1667 -1673/-1673/-1673
f -1669/-1669/-1669 -1666/-1666/-1666 -1680/-1680/-1680
f -1665/-1665/-1665 -1666/-1666/-1666 -1669/-1669/-1669
f -1681/-1681/-1681 -1664/-1664/-1664 -1668/-1668/-1668
f -1668/-1668/-1668 -1663/-1663/-1663 -1667/-1667/-1667
f -1664/-1664/-1664 -1663/-1663/-1663 -1668/-1668/-1668
f -1666/-1666/-1666 -1687/-1687/-1687 -1680/-1680/-1680
f -1661/-1661/-1661 -1662/-1662/-1662 -1681/-1681/-1681
f -1658/-1658/-1658 -1660/-1660/-1660 -1659/-1659/-1659
f -1657/-1657/-1657 -1660/-1660/-1660 -1658/-1658/-1658
f -1660/-1660/-1660 -1656/-1656/-1656 -1659/-1659/-1659
f -1659/-1659/-1659 -1656/-1656/-1656 -1655/-1655/-1655
f -1656/-1656/-1656 -1654/-1654/-1654 -1655/-1655/-1655
f -1655/-1655/-1655 -1654/-1654/-1654 -1653/-1653/-1653
f -1654/-1654/-1654 -1652/-1652/-1652 -1653/-1653/-1653
f -1653/-1653/-1653 -1652/-1652/-1652 -1651/-1651/-1651
f -1657/-1657/-1657 -1650/-1650/-1650 -1660/-1660/-1660
f -1649/-1649/-1649 -1650/-1650/-1650 -1657/-1657/-1657
f -1660/-1660/-1660 -1648/-1648/-1648 -1656/-1656/-1656
f -1650/-1650/-1650 -1648/-1648/-1648 -1660/-1660/-1660
f -1656/-1656/-1656 -1647/-1647/-1647 -1654/-1654/-1654
f -1648/-1648/-1648 -1647/-1647/-1647 -1656/-1656/-1656
f -1654/-1654/-1654 -1646/-1646/-1646 -1652/-1652/-1652
f -1647/-1647/-1647 -1646/-1646/-1646 -1654/-1654/-1654
f -1648/-1648/-1648 -1650/-1650/-1650 -1645/-1645/-1645
f -1645/-1645/-1645 -1650/-1650/-1650 -1644/-1644/-1644
f -1650/-1650/-1650 -1649/-1649/-1649 -1644/-1644/-1644
f -1648/-1648/-1648 -1643/-1643/-1643 -1647/-1647/-1647
f -1645/-1645/-1645 -1643/-1643/-1643 -1648/-1648/-1648
f -1642/-1642/-1642 -1647/-1647/-1647 -1643/-1643/-1643
f -1646/-1646/-1646 -1647/-1647/-1647 -1642/-1642/-1642
f -1644/-1644/-1644 -1649/-1649/-1649 -1641/-1641/-1641
f -1638/-1638/-1638 -1640/-1640/-1640 -1639/-1639/-1639
f -1637/-1637/-1637 -1640/-1640/-1640 -1638/-1638/-1638
f -1636/-1636/-1636 -1639/-1639/-1639 -1640/-1640/-1640
f -1635/-1635/-1635 -1639/-1639/-1639 -1636/-1636/-1636
f -1636/-1636/-1636 -1634/-1634/-1634 -1635/-1635/-1635
f -1635/-1635/-1635 -1634/-1634/-1634 -1633/-1633/-1633
f -1634/-1634/-1634 -1632/-1632/-1632 -1633/-1633/-1633
f -1633/-1633/-1633 -1632/-1632/-1632 -1631/-1631/-1631
f -1637/-1637/-1637 -1630/-1630/-1630 -1640/-1640/-1640
f -1629/-1629/-1629 -1630/-1630/-1630 -1637/-1637/-1637
f -1628/-1628/-1628 -1640/-1640/-1640 -1630/-1630/-1630
f -1636/-1636/-1636 -1640/-1640/-1640 -1628/-1628/-1628
f -1636/-1636/-1636 -1627/-1627/-1627 -1634/-1634/-1634
f -1628/-1628/-1628 -1627/-1627/-1627 -1636/-1636/-1636
f -1634/-1634/-1634 -1626/-1626/-1626 -1632/-1632/-1632
f -1627/-1627/-1627 -1626/-1626/-1626 -1634/-1634/-1634
f -1629/-1629/-1629 -1625/-1625/-1625 -1630/-1630/-1630
f -1624/-1624/-1624 -1625/-1625/-1625 -1629/-1629/-1629
f -1623/-1623/-1623 -1630/-1630/-1630 -1625/-1625/-1625
f -1628/-1628/-1628 -1630/-1630/-1630 -1623/-1623/-1623
f -1628/-1628/-1628 -1622/-1622/-1622 -1627/-1627/-1627
f -1623/-1623/-1623 -1622/-1622/-1622 -1628/-1628/-1628
f -1627/-1627/-1627 -1621/-1621/-1621 -1626/-1626/-1626
f -1622/-1622/-1622 -1621/-1621/-1621 -1627/-1627/-1627
f -1618/-1618/-1618 -1620/-1620/-1620 -1619/-1619/-1619
f -1617/-1617/-1617 -1620/-1620/-1620 -1618/-1618/-1618
f -1617/-1617/-1617 -1616/-1616/-1616 -1620/-1620/-1620
f -1615/-1615/-1615 -1616/-1616/-1616 -1617/-1617/-1617
f -1615/-1615/-1615 -1614/-1614/-1614 -1616/-1616/-1616
f -1613/-1613/-1613 -1614/-1614/-1614 -1615/-1615/-1615
f -1613/-1613/-1613 -1612/-1612/-1612 -1614/-1614/-1614
f -1611/-1611/-1611 -1612/-1612/-1612 -1613/-1613/-1613
f -1620/-1620/-1620 -1610/-1610/-1610 -1619/-1619/-1619
f -1619/-1619/-1619 -1610/-1610/-1610 -1609/-1609/-1609
f -1620/-1620/-1620 -1608/-1608/-1608 -1610/-1610/-1610
f -1616/-1616/-1616 -1608/-1608/-1608 -1620/-1620/-1620
f -1616/-1616/-1616 -1607/-1607/-1607 -1608/-1608/-1608
f -1614/-1614/-1614 -1607/-1607/-1607 -1616/-1616/-1616
f -1614/-1614/-1614 -1606/-1606/-1606 -1607/-1607/-1607
f -1612/-1612/-1612 -1606/-1606/-1606 -1614/-1614/-1614
f -1605/-1605/-1605 -1610/-1610/-1610 -1608/-1608/-1608
f -1608/-1608/-1608 -1604/-1604/-1604 -1605/-1605/-1605
f -1607/-1607/-1607 -1603/-1603/-1603 -1608/-1608/-1608
f -1602/-1602/-1602 -1607/-1607/-1607 -1606/-1606/-1606
f -1603/-1603/-1603 -1607/-1607/-1607 -1602/-1602/-1602
f -1601/-1601/-1601 -1609/-1609/-1609 -1610/-1610/-1610
f -1601/-1601/-1601 -1610/-1610/-1610 -1600/-1600/-1600
f -1599/-1599/-1599 -1609/-1609/-1609 -1601/-1601/-1601
f -1596/-1596/-1596 -1598/-1598/-1598 -1597/-1597/-1597
f -1595/-1595/-1595 -1598/-1598/-1598 -1596/-1596/-1596
f -1598/-1598/-1598 -1595/-1595/-1595 -1594/-1594/-1594
f -1594/-1594/-1594 -1595/-1595/-1595 -1593/-1593/-1593
f -1593/-1593/-1593 -1592/-1592/-1592 -1594/-1594/-1594
f -1591/-1591/-1591 -1592/-1592/-1592 -1593/-1593/-1593
f -1591/-1591/-1591 -1590/-1590/-1590 -1592/-1592/-1592
f -1589/-1589/-1589 -1590/-1590/-1590 -1591/-1591/-1591
f -1598/-1598/-1598 -1588/-1588/-1588 -1597/-1597/-1597
f -1597/-1597/-1597 -1588/-1588/-1588 -1587/-1587/-1587
f -1586/-1586/-1586 -1598/-1598/-1598 -1594/-1594/-1594
f -1588/-1588/-1588 -1598/-1598/-1598 -1586/-1586/-1586
f -1594/-1594/-1594 -1585/-1585/-1585 -1586/-1586/-1586
f -1592/-1592/-1592 -1585/-1585/-1585 -1594/-1594/-1594
f -1592/-1592/-1592 -1584/-1584/-1584 -1585/-1585/-1585
f -1590/-1590/-1590 -1584/-1584/-1584 -1592/-1592/-1592
f -1588/-1588/-1588 -1583/-1583/-1583 -1587/-1587/-1587
f -1587/-1587/-1587 -1583/-1583/-1583 -1582/-1582/-1582
f -1581/-1581/-1581 -1588/-1588/-1588 -1586/-1586/-1586
f -1583/-1583/-1583 -1588/-1588/-1588 -1580/-1580/-1580
f -1586/-1586/-1586 -1579/-1579/-1579 -1581/-1581/-1581
f -1585/-1585/-1585 -1579/-1579/-1579 -1586/-1586/-1586
f -1585/-1585/-1585 -1578/-1578/-1578 -1579/-1579/-1579
f -1584/-1584/-1584 -1578/-1578/-1578 -1585/-1585/-1585
f -1575/-1575/-1575 -1577/-1577/-1577 -1576/-1576/-1576
f -1574/-1574/-1574 -1577/-1577/-1577 -1575/-1575/-1575
f -1574/-1574/-1574 -1573/-1573/-1573 -1577/-1577/-1577
f -1572/-1572/-1572 -1573/-1573/-1573 -1574/-1574/-1574
f -1572/-1572/-1572 -1571/-1571/-1571 -1573/-1573/-1573
f -1570/-1570/-1570 -1571/-1571/-1571 -1572/-1572/-1572
f -1570/-1570/-1570 -1569/-1569/-1569 -1571/-1571/-1571
f -1568/-1568/-1568 -1569/-1569/-1569 -1570/-1570/-1570
f -1577/-1577/-1577 -1567/-1567/-1567 -1576/-1576/-1576
f -1576/-1576/-1576 -1567/-1567/-1567 -1566/-1566/-1566
f -1577/-1577/-1577 -1565/-1565/-1565 -1567/-1567/-1567
f -1573/-1573/-1573 -1565/-1565/-1565 -1577/-1577/-1577
f -1573/-1573/-1573 -1564/-1564/-1564 -1565/-1565/-1565
f -1571/-1571/-1571 -1564/-1564/-1564 -1573/-1573/-1573
f -1571/-1571/-1571 -1563/-1563/-1563 -1564/-1564/-1564
f -1569/-1569/-1569 -1563/-1563/-1563 -1571/-1571/-1571
f -1562/-1562/-1562 -1567/-1567/-1567 -1565/-1565/-1565
f -1561/-1561/-1561 -1567/-1567/-1567 -1562/-1562/-1562
f -1561/-1561/-1561 -1566/-1566/-1566 -1567/-1567/-1567
f -1565/-1565/-1565 -1560/-1560/-1560 -1562/-1562/-1562
f -1564/-1564/-1564 -1559/-1559/-1559 -1565/-1565/-1565
f -1558/-1558/-1558 -1564/-1564/-1564 -1563/-1563/-1563
f -1559/-1559/-1559 -1564/-1564/-1564 -1557/-1557/-1557
f -1556/-1556/-1556 -1566/-1566/-1566 -1561/-1561/-1561
f -1553/-1553/-1553 -1555/-1555/-1555 -1554/-1554/-1554
f -1552/-1552/-1552 -1555/-1555/-1555 -1553/-1553/-1553
f -1555/-1555/-1555 -1552/-1552/-1552 -1551/-1551/-1551
f -1551/-1551/-1551 -1552/-1552/-1552 -1550/-1550/-1550
f -1550/-1550/-1550 -1549/-1549/-1549 -1551/-1551/-1551
f -1548/-1548/-1548 -1549/-1549/-1549 -1550/-1550/-1550
f -1548/-1548/-1548 -1547/-1547/-1547 -1549/-1549/-1549
f -1546/-1546/-1546 -1547/-1547/-1547 -1548/-1548/-1548
f -1555/-1555/-1555 -1545/-1545/-1545 -1554/-1554/-1554
f -1554/-1554/-1554 -1545/-1545/-1545 -1544/-1544/-1544
f -1543/-1543/-1543 -1555/-1555/-1555 -1551/-1551/-1551
f -1545/-1545/-1545 -1555/-1555/-1555 -1543/-1543/-1543
f -1551/-1551/-1551 -1542/-1542/-1542 -1543/-1543/-1543
f -1549/-1549/-1549 -1542/-1542/-1542 -1551/-1551/-1551
f -1549/-1549/-1549 -1541/-1541/-1541 -1542/-1542/-1542
f -1547/-1547/-1547 -1541/-1541/-1541 -1549/-1549/-1549
f -1545/-1545/-1545 -1540/-1540/-1540 -1544/-1544/-1544
f -1544/-1544/-1544 -1540/-1540/-1540 -1539/-1539/-1539
f -1538/-1538/-1538 -1545/-1545/-1545 -1543/-1543/-1543
f -1540/-1540/-1540 -1545/-1545/-1545 -1537/-1537/-1537
f -1543/-1543/-1543 -1536/-1536/-1536 -1538/-1538/-1538
f -1542/-1542/-1542 -1536/-1536/-1536 -1543/-1543/-1543
f -1542/-1542/-1542 -1535/-1535/-1535 -1536/-1536/-1536
f -1541/-1541/-1541 -1535/-1535/-1535 -1542/-1542/-1542
f -1532/-1532/-1532 -1534/-1534/-1534 -1533/-1533/-1533
f -1531/-1531/-1531 -1534/-1534/-1534 -1532/-1532/-1532
f -1531/-1531/-1531 -1530/-1530/-1530 -1534/-1534/-1534
f -1529/-1529/-1529 -1530/-1530/-1530 -1531/-1531/-1531
f -1529/-1529/-1529 -1528/-1528/-1528 -1530/-1530/-1530
f -1527/-1527/-1527 -1528/-1528/-1528 -1529/-1529/-1529
f -1527/-1527/-1527 -1526/-1526/-1526 -1528/-1528/-1528
f -1525/-1525/-1525 -1526/-1526/-1526 -1527/-1527/-1527
f -1534/-1534/-1534 -1524/-1524/-1524 -1533/-1533/-1533
f -1533/-1533/-1533 -1524/-1524/-1524 -1523/-1523/-1523
f -1534/-1534/-1534 -1522/-1522/-1522 -1524/-1524/-1524
f -1530/-1530/-1530 -1522/-1522/-1522 -1534/-1534/-1534
f -1530/-1530/-1530 -1521/-1521/-1521 -1522/-1522/-1522
f -1528/-1528/-1528 -1521/-1521/-1521 -1530/-1530/-1530
f -1528/-1528/-1528 -1520/-1520/-1520 -1521/-1521/-1521
f -1526/-1526/-1526 -1520/-1520/-1520 -1528/-1528/-1528
f -1519/-1519/-1519 -1524/-1524/-1524 -1522/-1522/-1522
f -1522/-1522/-1522 -1518/-1518/-1518 -1519/-1519/-1519
f -1521/-1521/-1521 -1517/-1517/-1517 -1522/-1522/-1522
f -1516/-1516/-1516 -1521/-1521/-1521 -1520/-1520/-1520
f -1517/-1517/-1517 -1521/-1521/-1521 -1516/-1516/-1516
f -1515/-1515/-1515 -1523/-1523/-1523 -1524/-1524/-1524
f -1515/-1515/-1515 -1524/-1524/-1524 -1514/-1514/-1514
f -1513/-1513/-1513 -1523/-1523/-1523 -1515/-1515/-1515
f -1510/-1510/-1510 -1512/-1512/-1512 -1511/-1511/-1511
f -1509/-1509/-1509 -1512/-1512/-1512 -1510/-1510/-1510
f -1512/-1512/-1512 -1509/-1509/-1509 -1508/-1508/-1508
f -1508/-1508/-1508 -1509/-1509/-1509 -1507/-1507/-1507
f -1507/-1507/-1507 -1506/-1506/-1506 -1508/-1508/-1508
f -1505/-1505/-1505 -1506/-1506/-1506 -1507/-1507/-1507
f -1505/-1505/-1505 -1504/-1504/-1504 -1506/-1506/-1506
f -1503/-1503/-1503 -1504/-1504/-1504 -1505/-1505/-1505
f -1512/-1512/-1512 -1502/-1502/-1502 -1511/-1511/-1511
f -1511/-1511/-1511 -1502/-1502/-1502 -1501/-1501/-1501
f -1500/-1500/-1500 -1512/-1512/-1512 -1508/-1508/-1508
f -1502/-1502/-1502 -1512/-1512/-1512 -1500/-1500/-1500
f -1508/-1508/-1508 -1499/-1499/-1499 -1500/-1500/-1500
f -1506/-1506/-1506 -1499/-1499/-1499 -1508/-1508/-1508
f -1506/-1506/-1506 -1498/-1498/-1498 -1499/-1499/-1499
f -1504/-1504/-1504 -1498/-1498/-1498 -1506/-1506/-1506
f -1502/-1502/-1502 -1497/-1497/-1497 -1501/-1501/-1501
f -1501/-1501/-1501 -1497/-1497/-1497 -1496/-1496/-1496
f -1495/-1495/-1495 -1502/-1502/-1502 -1500/-1500/-1500
f -1497/-1497/-1497 -1502/-1502/-1502 -1494/-1494/-1494
f -1500/-1500/-1500 -1493/-1493/-1493 -1495/-1495/-1495
f -1499/-1499/-1499 -1493/-1493/-1493 -1500/-1500/-1500
f -1499/-1499/-1499 -1492/-1492/-1492 -1493/-1493/-1493
f -1498/-1498/-1498 -1492/-1492/-1492 -1499/-1499/-1499
f -1489/-1489/-1489 -1491/-1491/-1491 -1490/-1490/-1490
f -1488/-1488/-1488 -1491/-1491/-1491 -1489/-1489/-1489
f -1488/-1488/-1488 -1487/-1487/-1487 -1491/-1491/-1491
f -1486/-1486/-1486 -1487/-1487/-1487 -1488/-1488/-1488
f -1486/-1486/-1486 -1485/-1485/-1485 -1487/-1487/-1487
f -1484/-1484/-1484 -1485/-1485/-1485 -1486/-1486/-1486
f -1484/-1484/-1484 -1483/-1483/-1483 -1485/-1485/-1485
f -1482/-1482/-1482 -1483/-1483/-1483 -1484/-1484/-1484
f -1491/-1491/-1491 -1481/-1481/-1481 -1490/-1490/-1490
f -1490/-1490/-1490 -1481/-1481/-1481 -1480/-1480/-1480
f -1491/-1491/-1491 -1479/-1479/-1479 -1481/-1481/-1481
f -1487/-1487/-1487 -1479/-1479/-1479 -1491/-1491/-1491
f -1487/-1487/-1487 -1478/-1478/-1478 -1479/-1479/-1479
f -1485/-1485/-1485 -1478/-1478/-1478 -1487/-1487/-1487
f -1485/-1485/-1485 -1477/-1477/-1477 -1478/-1478/-1478
f -1483/-1483/-1483 -1477/-1477/-1477 -1485/-1485/-1485
f -1476/-1476/-1476 -1481/-1481/-1481 -1479/-1479/-1479
f -1479/-1479/-1479 -1475/-1475/-1475 -1476/-1476/-1476
f -1478/-1478/-1478 -1474/-1474/-1474 -1479/-1479/-1479
f -1473/-1473/-1473 -1478/-1478/-1478 -1477/-1477/-1477
f -1474/-1474/-1474 -1478/-1478/-1478 -1473/-1473/-1473
f -1472/-1472/-1472 -1480/-1480/-1480 -1481/-1481/-1481
f -1472/-1472/-1472 -1481/-1481/-1481 -1471/-1471/-1471
f -1470/-1470/-1470 -1480/-1480/-1480 -1472/-1472/-1472
f -1467/-1467/-1467 -1469/-1469/-1469 -1468/-1468/-1468
f -1466/-1466/-1466 -1469/-1469/-1469 -1467/-1467/-1467
f -1469/-1469/-1469 -1466/-1466/-1466 -1465/-1465/-1465
f -1465/-1465/-1465 -1466/-1466/-1466 -1464/-1464/-1464
f -1464/-1464/-1464 -1463/-1463/-1463 -1465/-1465/-1465
f -1462/-1462/-1462 -1463/-1463/-1463 -1464/-1464/-1464
f -1462/-1462/-1462 -1461/-1461/-1461 -1463/-1463/-1463
f -1460/-1460/-1460 -1461/-1461/-1461 -1462/-1462/-1462
f -1469/-1469/-1469 -1459/-1459/-1459 -1468/-1468/-1468
f -1468/-1468/-1468 -1459/-1459/-1459 -1458/-1458/-1458
f -1457/-1457/-1457 -1469/-1469/-1469 -1465/-1465/-1465
f -1459/-1459/-1459 -1469/-1469/-1469 -1457/-1457/-1457
f -1465/-1465/-1465 -1456/-1456/-1456 -1457/-1457/-1457
f -1463/-1463/-1463 -1456/-1456/-1456 -1465/-1465/-1465
f -1463/-1463/-1463 -1455/-1455/-1455 -1456/-1456/-1456
f -1461/-1461/-1461 -1455/-1455/-1455 -1463/-1463/-1463
f -1459/-1459/-1459 -1454/-1454/-1454 -1458/-1458/-1458
f -1458/-1458/-1458 -1454/-1454/-1454 -1453/-1453/-1453
f -1452/-1452/-1452 -1459/-1459/-1459 -1457/-1457/-1457
f -1454/-1454/-1454 -1459/-1459/-1459 -1451/-1451/-1451
f -1457/-1457/-1457 -1450/-1450/-1450 -1452/-1452/-1452
f -1456/-1456/-1456 -1450/-1450/-1450 -1457/-1457/-1457
f -1456/-1456/-1456 -1449/-1449/-1449 -1450/-1450/-1450
f -1455/-1455/-1455 -1449/-1449/-1449 -1456/-1456/-1456
f -1446/-1446/-1446 -1448/-1448/-1448 -1447/-1447/-1447
f -1445/-1445/-1445 -1448/-1448/-1448 -1446/-1446/-1446
f -1445/-1445/-1445 -1444/-1444/-1444 -1448/-1448/-1448
f -1443/-1443/-1443 -1444/-1444/-1444 -1445/-1445/-1445
f -1443/-1443/-1443 -1442/-1442/-1442 -1444/-1444/-1444
f -1441/-1441/-1441 -1442/-1442/-1442 -1443/-1443/-1443
f -1441/-1441/-1441 -1440/-1440/-1440 -1442/-1442/-1442
f -1439/-1439/-1439 -1440/-1440/-1440 -1441/-1441/-1441
f -1448/-1448/-1448 -1438/-1438/-1438 -1447/-1447/-1447
f -1447/-1447/-1447 -1438/-1438/-1438 -1437/-1437/-1437
f -1448/-1448/-1448 -1436/-1436/-1436 -1438/-1438/-1438
f -1444/-1444/-1444 -1436/-1436/-1436 -1448/-1448/-1448
f -1444/-1444/-1444 -1435/-1435/-1435 -1436/-1436/-1436
f -1442/-1442/-1442 -1435/-1435/-1435 -1444/-1444/-1444
f -1442/-1442/-1442 -1434/-1434/-1434 -1435/-1435/-1435
f -1440/-1440/-1440 -1434/-1434/-1434 -1442/-1442/-1442
f -1433/-1433/-1433 -1438/-1438/-1438 -1436/-1436/-1436
f -1436/-1436/-1436 -1432/-1432/-1432 -1433/-1433/-1433
f -1435/-1435/-1435 -1431/-1431/-1431 -1436/-1436/-1436
f -1430/-1430/-1430 -1435/-1435/-1435 -1434/-1434/-1434
f -1431/-1431/-1431 -1435/-1435/-1435 -1430/-1430/-1430
f -1429/-1429/-1429 -1437/-1437/-1437 -1438/-1438/-1438
f -1429/-1429/-1429 -1438/-1438/-1438 -1428/-1428/-1428
f -1427/-1427/-1427 -1437/-1437/-1437 -1429/-1429/-1429
f -1424/-1424/-1424 -1426/-1426/-1426 -1425/-1425/-1425
f -1423/-1423/-1423 -1426/-1426/-1426 -1424/-1424/-1424
f -1426/-1426/-1426 -1423/-1423/-1423 -1422/-1422/-1422
f -1422/-1422/-1422 -1423/-1423/-1423 -1421/-1421/-1421
f -1421/-1421/-1421 -1420/-1420/-1420 -1422/-1422/-1422
f -1419/-1419/-1419 -1420/-1420/-1420 -1421/-1421/-1421
f -1419/-1419/-1419 -1418/-1418/-1418 -1420/-1420/-1420
f -1417/-1417/-1417 -1418/-1418/-1418 -1419/-1419/-1419
f -1426/-1426/-1426 -1416/-1416/-1416 -1425/-1425/-1425
f -1425/-1425/-1425 -1416/-1416/-1416 -1415/-1415/-1415
f -1414/-1414/-1414 -1426/-1426/-1426 -1422/-1422/-1422
f -1416/-1416/-1416 -1426/-1426/-1426 -1414/-1414/-1414
f -1422/-1422/-1422 -1413/-1413/-1413 -1414/-1414/-1414
f -1420/-1420/-1420 -1413/-1413/-1413 -1422/-1422/-1422
f -1420/-1420/-1420 -1412/-1412/-1412 -1413/-1413/-1413
f -1418/-1418/-1418 -1412/-1412/-1412 -1420/-1420/-1420
f -1416/-1416/-1416 -1411/-1411/-1411 -1415/-1415/-1415
f -1415/-1415/-1415 -1411/-1411/-1411 -1410/-1410/-1410
f -1409/-1409/-1409 -1416/-1416/-1416 -1414/-1414/-1414
f -1411/-1411/-1411 -1416/-1416/-1416 -1408/-1408/-1408
f -1414/-1414/-1414 -1407/-1407/-1407 -1409/-1409/-1409
f -1413/-1413/-1413 -1407/-1407/-1407 -1414/-1414/-1414
f -1413/-1413/-1413 -1406/-1406/-1406 -1407/-1407/-1407
f -1412/-1412/-1412 -1406/-1406/-1406 -1413/-1413/-1413
f -1404/-1404/-1404 -1405/-1405/-1405 -2836/-2836/-2836
f -1404/-1404/-1404 -1403/-1403/-1403 -1405/-1405/-1405
f -3451/-3451/-3451 -1403/-1403/-1403 -1404/-1404/-1404
f -1404/-1404/-1404 -2836/-2836/-2836 -3440/-3440/-3440
f -3451/-3451/-3451 -1404/-1404/-1404 -3440/-3440/-3440
f -3406/-3406/-3406 -2858/-2858/-2858 -3398/-3398/-3398
f -3404/-3404/-3404 -2858/-2858/-2858 -3406/-3406/-3406
f -3398/-3398/-3398 -2858/-2858/-2858 -3397/-3397/-3397
f -3420/-3420/-3420 -3386/-3386/-3386 -3424/-3424/-3424
f -3340/-3340/-3340 -3386/-3386/-3386 -3387/-3387/-3387
f -3340/-3340/-3340 -3387/-3387/-3387 -3389/-3389/-3389
f -3340/-3340/-3340 -3389/-3389/-3389 -3384/-3384/-3384
f -3723/-3723/-3723 -1402/-1402/-1402 -3815/-3815/-3815
f -3815/-3815/-3815 -3816/-3816/-3816 -3723/-3723/-3723
f -3816/-3816/-3816 -3821/-3821/-3821 -3725/-3725/-3725
f -3725/-3725/-3725 -3821/-3821/-3821 -3822/-3822/-3822
f -3822/-3822/-3822 -1401/-1401/-1401 -3725/-3725/-3725
f -3725/-3725/-3725 -1401/-1401/-1401 -3727/-3727/-3727
f -3727/-3727/-3727 -1401/-1401/-1401 -3728/-3728/-3728
f -3728/-3728/-3728 -1401/-1401/-1401 -1400/-1400/-1400
f -1401/-1401/-1401 -3826/-3826/-3826 -1400/-1400/-1400
f -1400/-1400/-1400 -3826/-3826/-3826 -3827/-3827/-3827
f -1400/-1400/-1400 -3832/-3832/-3832 -3728/-3728/-3728
f -1400/-1400/-1400 -3827/-3827/-3827 -3832/-3832/-3832
f -1401/-1401/-1401 -3824/-3824/-3824 -3826/-3826/-3826
f -3822/-3822/-3822 -3824/-3824/-3824 -1401/-1401/-1401
f -3831/-3831/-3831 -1399/-1399/-1399 -3827/-3827/-3827
f -1398/-1398/-1398 -3818/-3818/-3818 -3815/-3815/-3815
f -1397/-1397/-1397 -3818/-3818/-3818 -1398/-1398/-1398
f -1397/-1397/-1397 -3817/-3817/-3817 -3818/-3818/-3818
f -1396/-1396/-1396 -3817/-3817/-3817 -1397/-1397/-1397
f -1396/-1396/-1396 -3812/-3812/-3812 -3817/-3817/-3817
f -1395/-1395/-1395 -3812/-3812/-3812 -1396/-1396/-1396
f -1395/-1395/-1395 -3811/-3811/-3811 -3812/-3812/-3812
f -1394/-1394/-1394 -3811/-3811/-3811 -1395/-1395/-1395
f -1394/-1394/-1394 -1393/-1393/-1393 -3811/-3811/-3811
f -1392/-1392/-1392 -1397/-1397/-1397 -1398/-1398/-1398
f -1391/-1391/-1391 -1397/-1397/-1397 -1392/-1392/-1392
f -1391/-1391/-1391 -1396/-1396/-1396 -1397/-1397/-1397
f -1392/-1392/-1392 -1390/-1390/-1390 -1391/-1391/-1391
f -1389/-1389/-1389 -1390/-1390/-1390 -1392/-1392/-1392
f -1390/-1390/-1390 -1388/-1388/-1388 -1391/-1391/-1391
f -1388/-1388/-1388 -1394/-1394/-1394 -1395/-1395/-1395
f -1391/-1391/-1391 -1388/-1388/-1388 -1387/-1387/-1387
f -1387/-1387/-1387 -1395/-1395/-1395 -1396/-1396/-1396
f -1388/-1388/-1388 -1395/-1395/-1395 -1387/-1387/-1387
f -1387/-1387/-1387 -1396/-1396/-1396 -1391/-1391/-1391
f -1388/-1388/-1388 -1390/-1390/-1390 -1386/-1386/-1386
f -1390/-1390/-1390 -1389/-1389/-1389 -1386/-1386/-1386
f -1386/-1386/-1386 -1394/-1394/-1394 -1388/-1388/-1388
f -1386/-1386/-1386 -1385/-1385/-1385 -1394/-1394/-1394
f -1389/-1389/-1389 -1385/-1385/-1385 -1386/-1386/-1386
f -1385/-1385/-1385 -1384/-1384/-1384 -1394/-1394/-1394
f -1384/-1384/-1384 -3721/-3721/-3721 -1383/-1383/-1383
f -1385/-1385/-1385 -1382/-1382/-1382 -1381/-1381/-1381
f -1379/-1379/-1379 -1380/-1380/-1380 -1385/-1385/-1385
f -1378/-1378/-1378 -1379/-1379/-1379 -1385/-1385/-1385
f -1377/-1377/-1377 -1379/-1379/-1379 -1378/-1378/-1378
f -1374/-1374/-1374 -1376/-1376/-1376 -1375/-1375/-1375
f -1373/-1373/-1373 -1376/-1376/-1376 -1374/-1374/-1374
f -1376/-1376/-1376 -3783/-3783/-3783 -1375/-1375/-1375
f -1374/-1374/-1374 -3792/-3792/-3792 -1373/-1373/-1373
f -1376/-1376/-1376 -3792/-3792/-3792 -3783/-3783/-3783
f -1373/-1373/-1373 -3792/-3792/-3792 -1376/-1376/-1376
f -1374/-1374/-1374 -1375/-1375/-1375 -1372/-1372/-1372
f -1372/-1372/-1372 -3783/-3783/-3783 -3794/-3794/-3794
f -1372/-1372/-1372 -3794/-3794/-3794 -3795/-3795/-3795
f -3795/-3795/-3795 -1374/-1374/-1374 -1372/-1372/-1372
f -3792/-3792/-3792 -1374/-1374/-1374 -3795/-3795/-3795
f -1375/-1375/-1375 -1371/-1371/-1371 -1372/-1372/-1372
f -3764/-3764/-3764 -3763/-3763/-3763 -3733/-3733/-3733
f -3764/-3764/-3764 -3835/-3835/-3835 -2898/-2898/-2898
f -2898/-2898/-2898 -3835/-3835/-3835 -1370/-1370/-1370
f -3835/-3835/-3835 -1369/-1369/-1369 -1370/-1370/-1370
f -3837/-3837/-3837 -1369/-1369/-1369 -3835/-3835/-3835
f -3838/-3838/-3838 -1369/-1369/-1369 -3837/-3837/-3837
f -3854/-3854/-3854 -1369/-1369/-1369 -3838/-3838/-3838
f -3852/-3852/-3852 -3854/-3854/-3854 -3838/-3838/-3838
f -3859/-3859/-3859 -1369/-1369/-1369 -3854/-3854/-3854
f -3860/-3860/-3860 -1369/-1369/-1369 -3859/-3859/-3859
f -1370/-1370/-1370 -1369/-1369/-1369 -1368/-1368/-1368
f -1369/-1369/-1369 -3860/-3860/-3860 -1368/-1368/-1368
f -3860/-3860/-3860 -3855/-3855/-3855 -1368/-1368/-1368
f -1365/-1365/-1365 -1367/-1367/-1367 -1366/-1366/-1366
f -1365/-1365/-1365 -1364/-1364/-1364 -1367/-1367/-1367
f -1363/-1363/-1363 -1364/-1364/-1364 -1365/-1365/-1365
f -1363/-1363/-1363 -1362/-1362/-1362 -1364/-1364/-1364
f -3535/-3535/-3535 -1361/-1361/-1361 -1360/-1360/-1360
f -3545/-3545/-3545 -1361/-1361/-1361 -3535/-3535/-3535
f -1359/-1359/-1359 -1360/-1360/-1360 -1361/-1361/-1361
f -1359/-1359/-1359 -1358/-1358/-1358 -1360/-1360/-1360
f -1357/-1357/-1357 -1358/-1358/-1358 -1359/-1359/-1359
f -1356/-1356/-1356 -1358/-1358/-1358 -1357/-1357/-1357
f -1356/-1356/-1356 -1355/-1355/-1355 -1358/-1358/-1358
f -1359/-1359/-1359 -1354/-1354/-1354 -1357/-1357/-1357
f -1357/-1357/-1357 -1354/-1354/-1354 -1353/-1353/-1353
f -1352/-1352/-1352 -1354/-1354/-1354 -1359/-1359/-1359
f -1352/-1352/-1352 -1351/-1351/-1351 -1354/-1354/-1354
f -1352/-1352/-1352 -1350/-1350/-1350 -1351/-1351/-1351
f -1350/-1350/-1350 -1359/-1359/-1359 -1361/-1361/-1361
f -1352/-1352/-1352 -1359/-1359/-1359 -1350/-1350/-1350
f -1351/-1351/-1351 -1350/-1350/-1350 -1349/-1349/-1349
f -1350/-1350/-1350 -1348/-1348/-1348 -1349/-1349/-1349
f -1347/-1347/-1347 -1348/-1348/-1348 -1350/-1350/-1350
f -1354/-1354/-1354 -1351/-1351/-1351 -1346/-1346/-1346
f -1354/-1354/-1354 -1346/-1346/-1346 -1353/-1353/-1353
f -1346/-1346/-1346 -3543/-3543/-3543 -1353/-1353/-1353
f -1346/-1346/-1346 -3544/-3544/-3544 -3543/-3543/-3543
f -3543/-3543/-3543 -1345/-1345/-1345 -1353/-1353/-1353
f -1353/-1353/-1353 -1345/-1345/-1345 -1344/-1344/-1344
f -1357/-1357/-1357 -1353/-1353/-1353 -1344/-1344/-1344
f -1346/-1346/-1346 -1351/-1351/-1351 -1343/-1343/-1343
f -1343/-1343/-1343 -1349/-1349/-1349 -1348/-1348/-1348
f -1351/-1351/-1351 -1349/-1349/-1349 -1343/-1343/-1343
f -1343/-1343/-1343 -3544/-3544/-3544 -1342/-1342/-1342
f -1347/-1347/-1347 -1341/-1341/-1341 -3544/-3544/-3544
f -1347/-1347/-1347 -1350/-1350/-1350 -1341/-1341/-1341
f -1341/-1341/-1341 -1350/-1350/-1350 -1340/-1340/-1340
f -1340/-1340/-1340 -3545/-3545/-3545 -1341/-1341/-1341
f -1341/-1341/-1341 -3545/-3545/-3545 -3544/-3544/-3544
f -1361/-1361/-1361 -3545/-3545/-3545 -1340/-1340/-1340
f -1350/-1350/-1350 -1361/-1361/-1361 -1340/-1340/-1340
f -1339/-1339/-1339 -1347/-1347/-1347 -3544/-3544/-3544
f -3544/-3544/-3544 -1343/-1343/-1343 -1338/-1338/-1338
f -3546/-3546/-3546 -1337/-1337/-1337 -3543/-3543/-3543
f -1336/-1336/-1336 -3543/-3543/-3543 -1337/-1337/-1337
f -3542/-3542/-3542 -1336/-1336/-1336 -1337/-1337/-1337
f -1337/-1337/-1337 -3546/-3546/-3546 -3542/-3542/-3542
f -1336/-1336/-1336 -3542/-3542/-3542 -1344/-1344/-1344
f -1344/-1344/-1344 -3542/-3542/-3542 -1335/-1335/-1335
f -1344/-1344/-1344 -1335/-1335/-1335 -1357/-1357/-1357
f -1357/-1357/-1357 -1335/-1335/-1335 -1356/-1356/-1356
f -1334/-1334/-1334 -1335/-1335/-1335 -3542/-3542/-3542
f -1356/-1356/-1356 -1335/-1335/-1335 -1334/-1334/-1334
f -1333/-1333/-1333 -1356/-1356/-1356 -1334/-1334/-1334
f -1333/-1333/-1333 -1334/-1334/-1334 -1332/-1332/-1332
f -1332/-1332/-1332 -1334/-1334/-1334 -3547/-3547/-3547
f -3542/-3542/-3542 -3547/-3547/-3547 -1334/-1334/-1334
f -1332/-1332/-1332 -3547/-3547/-3547 -1331/-1331/-1331
f -1331/-1331/-1331 -3547/-3547/-3547 -1330/-1330/-1330
f -3547/-3547/-3547 -3550/-3550/-3550 -1330/-1330/-1330
f -1330/-1330/-1330 -1329/-1329/-1329 -1331/-1331/-1331
f -1328/-1328/-1328 -1329/-1329/-1329 -1330/-1330/-1330
f -3551/-3551/-3551 -1329/-1329/-1329 -1328/-1328/-1328
f -1327/-1327/-1327 -1329/-1329/-1329 -3551/-3551/-3551
f -1331/-1331/-1331 -1329/-1329/-1329 -1327/-1327/-1327
f -1331/-1331/-1331 -1327/-1327/-1327 -1332/-1332/-1332
f -1326/-1326/-1326 -1327/-1327/-1327 -3551/-3551/-3551
f -1327/-1327/-1327 -1326/-1326/-1326 -1325/-1325/-1325
f -1332/-1332/-1332 -1327/-1327/-1327 -1325/-1325/-1325
f -1326/-1326/-1326 -1355/-1355/-1355 -1325/-1325/-1325
f -1355/-1355/-1355 -1356/-1356/-1356 -1333/-1333/-1333
f -1325/-1325/-1325 -1355/-1355/-1355 -1324/-1324/-1324
f -1332/-1332/-1332 -1324/-1324/-1324 -1333/-1333/-1333
f -1325/-1325/-1325 -1324/-1324/-1324 -1332/-1332/-1332
f -1333/-1333/-1333 -1324/-1324/-1324 -1355/-1355/-1355
f -1326/-1326/-1326 -1323/-1323/-1323 -1355/-1355/-1355
f -3551/-3551/-3551 -1323/-1323/-1323 -1326/-1326/-1326
f -1328/-1328/-1328 -3552/-3552/-3552 -3551/-3551/-3551
f -1330/-1330/-1330 -3552/-3552/-3552 -1328/-1328/-1328
f -1330/-1330/-1330 -3550/-3550/-3550 -3552/-3552/-3552
f -1321/-1321/-1321 -3622/-3622/-3622 -1322/-1322/-1322
f -1322/-1322/-1322 -3571/-3571/-3571 -1321/-1321/-1321
f -1321/-1321/-1321 -3571/-3571/-3571 -3585/-3585/-3585
f -3585/-3585/-3585 -3615/-3615/-3615 -1321/-1321/-1321
f -3586/-3586/-3586 -3615/-3615/-3615 -3585/-3585/-3585
f -3586/-3586/-3586 -1320/-1320/-1320 -3615/-3615/-3615
f -1320/-1320/-1320 -1319/-1319/-1319 -3615/-3615/-3615
f -1321/-1321/-1321 -3616/-3616/-3616 -3622/-3622/-3622
f -3615/-3615/-3615 -3616/-3616/-3616 -1321/-1321/-1321
f -3598/-3598/-3598 -1318/-1318/-1318 -3586/-3586/-3586
f -3048/-3048/-3048 -1317/-1317/-1317 -3057/-3057/-3057
f -3048/-3048/-3048 -1316/-1316/-1316 -1317/-1317/-1317
f -3048/-3048/-3048 -3084/-3084/-3084 -1316/-1316/-1316
f -3086/-3086/-3086 -3084/-3084/-3084 -3048/-3048/-3048
f -3086/-3086/-3086 -3048/-3048/-3048 -3083/-3083/-3083
f -1317/-1317/-1317 -1316/-1316/-1316 -3069/-3069/-3069
f -3068/-3068/-3068 -1317/-1317/-1317 -3069/-3069/-3069
f -1317/-1317/-1317 -3068/-3068/-3068 -3057/-3057/-3057
f -3065/-3065/-3065 -3069/-3069/-3069 -1316/-1316/-1316
f -3084/-3084/-3084 -3065/-3065/-3065 -1316/-1316/-1316
f -3065/-3065/-3065 -3084/-3084/-3084 -3078/-3078/-3078
f -1315/-1315/-1315 -2886/-2886/-2886 -2885/-2885/-2885
f -2897/-2897/-2897 -2885/-2885/-2885 -2889/-2889/-2889
f -1312/-1312/-1312 -1314/-1314/-1314 -1313/-1313/-1313
f -1311/-1311/-1311 -3040/-3040/-3040 -3044/-3044/-3044
f -1310/-1310/-1310 -1311/-1311/-1311 -3044/-3044/-3044
f -3043/-3043/-3043 -1310/-1310/-1310 -3044/-3044/-3044
f -3045/-3045/-3045 -2677/-2677/-2677 -3043/-3043/-3043
f -2677/-2677/-2677 -3045/-3045/-3045 -3042/-3042/-3042
f -3599/-3599/-3599 -3609/-3609/-3609 -3614/-3614/-3614
f -3599/-3599/-3599 -3614/-3614/-3614 -3597/-3597/-3597
f -3597/-3597/-3597 -3614/-3614/-3614 -3617/-3617/-3617
f -1307/-1307/-1307 -1309/-1309/-1309 -1308/-1308/-1308
f -1307/-1307/-1307 -1308/-1308/-1308 -1306/-1306/-1306
f -1307/-1307/-1307 -1306/-1306/-1306 -1305/-1305/-1305
f -1305/-1305/-1305 -1306/-1306/-1306 -1304/-1304/-1304
f -1303/-1303/-1303 -1306/-1306/-1306 -1308/-1308/-1308
f -1303/-1303/-1303 -1304/-1304/-1304 -1306/-1306/-1306
f -1302/-1302/-1302 -1304/-1304/-1304 -1303/-1303/-1303
f -1301/-1301/-1301 -1309/-1309/-1309 -1307/-1307/-1307
f -1309/-1309/-1309 -1301/-1301/-1301 -1300/-1300/-1300
f -1305/-1305/-1305 -1299/-1299/-1299 -1307/-1307/-1307
f -1301/-1301/-1301 -1307/-1307/-1307 -1299/-1299/-1299
f -1308/-1308/-1308 -1298/-1298/-1298 -1303/-1303/-1303
f -1303/-1303/-1303 -1298/-1298/-1298 -1297/-1297/-1297
f -1297/-1297/-1297 -1302/-1302/-1302 -1303/-1303/-1303
f -1296/-1296/-1296 -1302/-1302/-1302 -1297/-1297/-1297
f -1293/-1293/-1293 -1295/-1295/-1295 -1294/-1294/-1294
f -1294/-1294/-1294 -1292/-1292/-1292 -1293/-1293/-1293
f -1291/-1291/-1291 -1292/-1292/-1292 -1294/-1294/-1294
f -1290/-1290/-1290 -1292/-1292/-1292 -1291/-1291/-1291
f -1290/-1290/-1290 -1291/-1291/-1291 -1289/-1289/-1289
f -1289/-1289/-1289 -1291/-1291/-1291 -1288/-1288/-1288
f -1291/-1291/-1291 -1287/-1287/-1287 -1288/-1288/-1288
f -1294/-1294/-1294 -1287/-1287/-1287 -1291/-1291/-1291
f -1286/-1286/-1286 -1294/-1294/-1294 -1295/-1295/-1295
f -1287/-1287/-1287 -1294/-1294/-1294 -1286/-1286/-1286
f -1283/-1283/-1283 -1285/-1285/-1285 -1284/-1284/-1284
f -1285/-1285/-1285 -1282/-1282/-1282 -1284/-1284/-1284
f -1280/-1280/-1280 -2956/-2956/-2956 -1281/-1281/-1281
f -2955/-2955/-2955 -1279/-1279/-1279 -1278/-1278/-1278
f -2955/-2955/-2955 -1278/-1278/-1278 -1277/-1277/-1277
f -1276/-1276/-1276 -2955/-2955/-2955 -1277/-1277/-1277
f -1274/-1274/-1274 -1275/-1275/-1275 -2859/-2859/-2859
f -2859/-2859/-2859 -1275/-1275/-1275 -2861/-2861/-2861
f -2861/-2861/-2861 -1275/-1275/-1275 -1273/-1273/-1273
f -1273/-1273/-1273 -2860/-2860/-2860 -2861/-2861/-2861
f -1275/-1275/-1275 -1274/-1274/-1274 -1272/-1272/-1272
f -3395/-3395/-3395 -3396/-3396/-3396 -2860/-2860/-2860
f -1269/-1269/-1269 -1271/-1271/-1271 -1270/-1270/-1270
f -1268/-1268/-1268 -1271/-1271/-1271 -1269/-1269/-1269
f -1267/-1267/-1267 -1268/-1268/-1268 -1269/-1269/-1269
f -1270/-1270/-1270 -1267/-1267/-1267 -1269/-1269/-1269
f -1267/-1267/-1267 -1266/-1266/-1266 -1268/-1268/-1268
f -1268/-1268/-1268 -1266/-1266/-1266 -1265/-1265/-1265
f -1268/-1268/-1268 -1265/-1265/-1265 -1271/-1271/-1271
f -1266/-1266/-1266 -1264/-1264/-1264 -1265/-1265/-1265
f -1267/-1267/-1267 -1263/-1263/-1263 -1266/-1266/-1266
f -1266/-1266/-1266 -1263/-1263/-1263 -1262/-1262/-1262
f -1266/-1266/-1266 -1262/-1262/-1262 -1261/-1261/-1261
f -1265/-1265/-1265 -1261/-1261/-1261 -1260/-1260/-1260
f -1271/-1271/-1271 -1265/-1265/-1265 -1260/-1260/-1260
f -1263/-1263/-1263 -1259/-1259/-1259 -1262/-1262/-1262
f -1262/-1262/-1262 -1259/-1259/-1259 -1258/-1258/-1258
f -1262/-1262/-1262 -1258/-1258/-1258 -1257/-1257/-1257
f -1257/-1257/-1257 -1256/-1256/-1256 -1262/-1262/-1262
f -1255/-1255/-1255 -1256/-1256/-1256 -1257/-1257/-1257
f -1256/-1256/-1256 -1255/-1255/-1255 -1254/-1254/-1254
f -1256/-1256/-1256 -1254/-1254/-1254 -1253/-1253/-1253
f -1254/-1254/-1254 -1255/-1255/-1255 -1252/-1252/-1252
f -1254/-1254/-1254 -1251/-1251/-1251 -1253/-1253/-1253
f -1254/-1254/-1254 -1252/-1252/-1252 -1251/-1251/-1251
f -1253/-1253/-1253 -1251/-1251/-1251 -1250/-1250/-1250
f -1250/-1250/-1250 -1256/-1256/-1256 -1253/-1253/-1253
f -1255/-1255/-1255 -1249/-1249/-1249 -1252/-1252/-1252
f -1255/-1255/-1255 -1257/-1257/-1257 -1248/-1248/-1248
f -1252/-1252/-1252 -1248/-1248/-1248 -1247/-1247/-1247
f -1251/-1251/-1251 -1252/-1252/-1252 -1247/-1247/-1247
f -1257/-1257/-1257 -1258/-1258/-1258 -1246/-1246/-1246
f -1257/-1257/-1257 -1246/-1246/-1246 -1245/-1245/-1245
f -1245/-1245/-1245 -1244/-1244/-1244 -1257/-1257/-1257
f -1243/-1243/-1243 -1244/-1244/-1244 -1245/-1245/-1245
f -1244/-1244/-1244 -1243/-1243/-1243 -1242/-1242/-1242
f -1244/-1244/-1244 -1242/-1242/-1242 -1241/-1241/-1241
f -1242/-1242/-1242 -1243/-1243/-1243 -1240/-1240/-1240
f -1242/-1242/-1242 -1239/-1239/-1239 -1241/-1241/-1241
f -1242/-1242/-1242 -1240/-1240/-1240 -1239/-1239/-1239
f -1241/-1241/-1241 -1239/-1239/-1239 -1238/-1238/-1238
f -1238/-1238/-1238 -1244/-1244/-1244 -1241/-1241/-1241
f -1243/-1243/-1243 -1237/-1237/-1237 -1240/-1240/-1240
f -1236/-1236/-1236 -1239/-1239/-1239 -1237/-1237/-1237
f -1239/-1239/-1239 -1236/-1236/-1236 -1235/-1235/-1235
f -1243/-1243/-1243 -1245/-1245/-1245 -1234/-1234/-1234
f -1240/-1240/-1240 -1234/-1234/-1234 -1233/-1233/-1233
f -1239/-1239/-1239 -1240/-1240/-1240 -1233/-1233/-1233
f -1245/-1245/-1245 -1246/-1246/-1246 -1232/-1232/-1232
f -1245/-1245/-1245 -1232/-1232/-1232 -1231/-1231/-1231
f -1231/-1231/-1231 -1230/-1230/-1230 -1245/-1245/-1245
f -1229/-1229/-1229 -1230/-1230/-1230 -1231/-1231/-1231
f -1230/-1230/-1230 -1229/-1229/-1229 -1228/-1228/-1228
f -1230/-1230/-1230 -1228/-1228/-1228 -1227/-1227/-1227
f -1228/-1228/-1228 -1229/-1229/-1229 -1226/-1226/-1226
f -1228/-1228/-1228 -1225/-1225/-1225 -1227/-1227/-1227
f -1228/-1228/-1228 -1226/-1226/-1226 -1225/-1225/-1225
f -1227/-1227/-1227 -1225/-1225/-1225 -1224/-1224/-1224
f -1224/-1224/-1224 -1230/-1230/-1230 -1227/-1227/-1227
f -1229/-1229/-1229 -1223/-1223/-1223 -1226/-1226/-1226
f -1231/-1231/-1231 -1232/-1232/-1232 -1222/-1222/-1222
f -1231/-1231/-1231 -1222/-1222/-1222 -1221/-1221/-1221
f -1221/-1221/-1221 -1220/-1220/-1220 -1231/-1231/-1231
f -1219/-1219/-1219 -1220/-1220/-1220 -1221/-1221/-1221
f -1219/-1219/-1219 -1218/-1218/-1218 -1220/-1220/-1220
f -1217/-1217/-1217 -1218/-1218/-1218 -1219/-1219/-1219
f -1216/-1216/-1216 -1217/-1217/-1217 -1219/-1219/-1219
f -1215/-1215/-1215 -1217/-1217/-1217 -1216/-1216/-1216
f -1216/-1216/-1216 -1219/-1219/-1219 -1214/-1214/-1214
f -1213/-1213/-1213 -1220/-1220/-1220 -1218/-1218/-1218
f -1213/-1213/-1213 -1218/-1218/-1218 -1212/-1212/-1212
f -1211/-1211/-1211 -1220/-1220/-1220 -1213/-1213/-1213
f -1213/-1213/-1213 -1210/-1210/-1210 -1211/-1211/-1211
f -1211/-1211/-1211 -1210/-1210/-1210 -1209/-1209/-1209
f -1210/-1210/-1210 -1213/-1213/-1213 -1208/-1208/-1208
f -1208/-1208/-1208 -1213/-1213/-1213 -1207/-1207/-1207
f -1210/-1210/-1210 -1208/-1208/-1208 -1206/-1206/-1206
f -1218/-1218/-1218 -1217/-1217/-1217 -1205/-1205/-1205
f -1205/-1205/-1205 -1217/-1217/-1217 -1204/-1204/-1204
f -1217/-1217/-1217 -1215/-1215/-1215 -1204/-1204/-1204
f -1218/-1218/-1218 -1205/-1205/-1205 -1203/-1203/-1203
f -1202/-1202/-1202 -1218/-1218/-1218 -1203/-1203/-1203
f -1203/-1203/-1203 -1201/-1201/-1201 -1202/-1202/-1202
f -1205/-1205/-1205 -1201/-1201/-1201 -1203/-1203/-1203
f -1205/-1205/-1205 -1204/-1204/-1204 -1201/-1201/-1201
f -1209/-1209/-1209 -1200/-1200/-1200 -1211/-1211/-1211
f -1211/-1211/-1211 -1200/-1200/-1200 -1199/-1199/-1199
f -1211/-1211/-1211 -1199/-1199/-1199 -1220/-1220/-1220
f -1200/-1200/-1200 -1198/-1198/-1198 -1199/-1199/-1199
f -1199/-1199/-1199 -1198/-1198/-1198 -1197/-1197/-1197
f -1196/-1196/-1196 -1197/-1197/-1197 -1198/-1198/-1198
f -1196/-1196/-1196 -1198/-1198/-1198 -1195/-1195/-1195
f -1195/-1195/-1195 -1198/-1198/-1198 -1194/-1194/-1194
f -1193/-1193/-1193 -1197/-1197/-1197 -1196/-1196/-1196
f -1196/-1196/-1196 -1195/-1195/-1195 -1193/-1193/-1193
f -1193/-1193/-1193 -1192/-1192/-1192 -1197/-1197/-1197
f -1191/-1191/-1191 -1192/-1192/-1192 -1194/-1194/-1194
f -1191/-1191/-1191 -1194/-1194/-1194 -1190/-1190/-1190
f -1190/-1190/-1190 -1194/-1194/-1194 -1189/-1189/-1189
f -1190/-1190/-1190 -1189/-1189/-1189 -1188/-1188/-1188
f -1188/-1188/-1188 -1189/-1189/-1189 -1187/-1187/-1187
f -1186/-1186/-1186 -1192/-1192/-1192 -1191/-1191/-1191
f -1186/-1186/-1186 -1185/-1185/-1185 -1192/-1192/-1192
f -1184/-1184/-1184 -1185/-1185/-1185 -1186/-1186/-1186
f -1184/-1184/-1184 -1183/-1183/-1183 -1185/-1185/-1185
f -1182/-1182/-1182 -1183/-1183/-1183 -1184/-1184/-1184
f -1182/-1182/-1182 -1181/-1181/-1181 -1183/-1183/-1183
f -1180/-1180/-1180 -1181/-1181/-1181 -1182/-1182/-1182
f -1180/-1180/-1180 -1179/-1179/-1179 -1181/-1181/-1181
f -1178/-1178/-1178 -1179/-1179/-1179 -1180/-1180/-1180
f -1178/-1178/-1178 -1177/-1177/-1177 -1179/-1179/-1179
f -1176/-1176/-1176 -1177/-1177/-1177 -1178/-1178/-1178
f -1175/-1175/-1175 -1185/-1185/-1185 -1183/-1183/-1183
f -1175/-1175/-1175 -1183/-1183/-1183 -1174/-1174/-1174
f -1174/-1174/-1174 -1183/-1183/-1183 -1173/-1173/-1173
f -1172/-1172/-1172 -1173/-1173/-1173 -1183/-1183/-1183
f -1171/-1171/-1171 -1173/-1173/-1173 -1172/-1172/-1172
f -1171/-1171/-1171 -1170/-1170/-1170 -1173/-1173/-1173
f -1169/-1169/-1169 -1170/-1170/-1170 -1181/-1181/-1181
f -1168/-1168/-1168 -1170/-1170/-1170 -1169/-1169/-1169
f -1168/-1168/-1168 -1167/-1167/-1167 -1170/-1170/-1170
f -1166/-1166/-1166 -1167/-1167/-1167 -1179/-1179/-1179
f -1165/-1165/-1165 -1167/-1167/-1167 -1166/-1166/-1166
f -1165/-1165/-1165 -1164/-1164/-1164 -1167/-1167/-1167
f -1163/-1163/-1163 -1164/-1164/-1164 -1165/-1165/-1165
f -1163/-1163/-1163 -1177/-1177/-1177 -1164/-1164/-1164
f -1165/-1165/-1165 -1166/-1166/-1166 -1163/-1163/-1163
f -1162/-1162/-1162 -1177/-1177/-1177 -1163/-1163/-1163
f -1163/-1163/-1163 -1166/-1166/-1166 -1162/-1162/-1162
f -1161/-1161/-1161 -1167/-1167/-1167 -1168/-1168/-1168
f -1168/-1168/-1168 -1169/-1169/-1169 -1161/-1161/-1161
f -1161/-1161/-1161 -1179/-1179/-1179 -1167/-1167/-1167
f -1160/-1160/-1160 -1179/-1179/-1179 -1161/-1161/-1161
f -1161/-1161/-1161 -1169/-1169/-1169 -1160/-1160/-1160
f -1159/-1159/-1159 -1170/-1170/-1170 -1171/-1171/-1171
f -1171/-1171/-1171 -1172/-1172/-1172 -1159/-1159/-1159
f -1159/-1159/-1159 -1181/-1181/-1181 -1170/-1170/-1170
f -1158/-1158/-1158 -1181/-1181/-1181 -1159/-1159/-1159
f -1157/-1157/-1157 -1167/-1167/-1167 -1164/-1164/-1164
f -1156/-1156/-1156 -1167/-1167/-1167 -1157/-1157/-1157
f -1155/-1155/-1155 -1156/-1156/-1156 -1157/-1157/-1157
f -1154/-1154/-1154 -1156/-1156/-1156 -1155/-1155/-1155
f -1156/-1156/-1156 -1170/-1170/-1170 -1167/-1167/-1167
f -1153/-1153/-1153 -1170/-1170/-1170 -1156/-1156/-1156
f -1156/-1156/-1156 -1152/-1152/-1152 -1153/-1153/-1153
f -1151/-1151/-1151 -1152/-1152/-1152 -1156/-1156/-1156
f -1153/-1153/-1153 -1173/-1173/-1173 -1170/-1170/-1170
f -1150/-1150/-1150 -1173/-1173/-1173 -1153/-1153/-1153
f -1153/-1153/-1153 -1249/-1249/-1249 -1150/-1150/-1150
f -1149/-1149/-1149 -1249/-1249/-1249 -1153/-1153/-1153
f -1149/-1149/-1149 -1148/-1148/-1148 -1249/-1249/-1249
f -1148/-1148/-1148 -1149/-1149/-1149 -1147/-1147/-1147
f -1249/-1249/-1249 -1148/-1148/-1148 -1146/-1146/-1146
f -1150/-1150/-1150 -1145/-1145/-1145 -1173/-1173/-1173
f -1144/-1144/-1144 -1173/-1173/-1173 -1145/-1145/-1145
f -1144/-1144/-1144 -1145/-1145/-1145 -1143/-1143/-1143
f -1143/-1143/-1143 -1145/-1145/-1145 -1185/-1185/-1185
f -1174/-1174/-1174 -1173/-1173/-1173 -1144/-1144/-1144
f -1144/-1144/-1144 -1143/-1143/-1143 -1174/-1174/-1174
f -1142/-1142/-1142 -1185/-1185/-1185 -1145/-1145/-1145
f -1142/-1142/-1142 -1145/-1145/-1145 -1141/-1141/-1141
f -1141/-1141/-1141 -1145/-1145/-1145 -1197/-1197/-1197
f -1141/-1141/-1141 -1197/-1197/-1197 -1140/-1140/-1140
f -1141/-1141/-1141 -1140/-1140/-1140 -1142/-1142/-1142
f -1140/-1140/-1140 -1197/-1197/-1197 -1192/-1192/-1192
f -1139/-1139/-1139 -1185/-1185/-1185 -1142/-1142/-1142
f -1139/-1139/-1139 -1192/-1192/-1192 -1185/-1185/-1185
f -1140/-1140/-1140 -1192/-1192/-1192 -1139/-1139/-1139
f -1142/-1142/-1142 -1140/-1140/-1140 -1139/-1139/-1139
f -1138/-1138/-1138 -1197/-1197/-1197 -1145/-1145/-1145
f -1138/-1138/-1138 -1145/-1145/-1145 -1150/-1150/-1150
f -1150/-1150/-1150 -1237/-1237/-1237 -1138/-1138/-1138
f -1199/-1199/-1199 -1197/-1197/-1197 -1138/-1138/-1138
f -1138/-1138/-1138 -1137/-1137/-1137 -1199/-1199/-1199
f -1136/-1136/-1136 -1137/-1137/-1137 -1138/-1138/-1138
f -1174/-1174/-1174 -1143/-1143/-1143 -1175/-1175/-1175
f -1134/-1134/-1134 -1135/-1135/-1135 -1137/-1137/-1137
f -1135/-1135/-1135 -1134/-1134/-1134 -1133/-1133/-1133
f -1137/-1137/-1137 -1135/-1135/-1135 -1132/-1132/-1132
f -1236/-1236/-1236 -1131/-1131/-1131 -1150/-1150/-1150
f -1130/-1130/-1130 -1192/-1192/-1192 -1193/-1193/-1193
f -1193/-1193/-1193 -1195/-1195/-1195 -1130/-1130/-1130
f -1131/-1131/-1131 -1239/-1239/-1239 -1129/-1129/-1129
f -1126/-1126/-1126 -1128/-1128/-1128 -1127/-1127/-1127
f -1152/-1152/-1152 -1128/-1128/-1128 -1126/-1126/-1126
f -1152/-1152/-1152 -1126/-1126/-1126 -1125/-1125/-1125
f -3670/-3670/-3670 -3619/-3619/-3619 -3669/-3669/-3669
f -3619/-3619/-3619 -3670/-3670/-3670 -3623/-3623/-3623
f -3623/-3623/-3623 -3670/-3670/-3670 -3667/-3667/-3667
f -3580/-3580/-3580 -3524/-3524/-3524 -3578/-3578/-3578
f -3581/-3581/-3581 -3578/-3578/-3578 -3524/-3524/-3524
f -3532/-3532/-3532 -3579/-3579/-3579 -3549/-3549/-3549
f -3549/-3549/-3549 -3540/-3540/-3540 -3532/-3532/-3532
f -1124/-1124/-1124 -3713/-3713/-3713 -3711/-3711/-3711
f -3717/-3717/-3717 -3713/-3713/-3713 -1124/-1124/-1124
f -1122/-1122/-1122 -1123/-1123/-1123 -3737/-3737/-3737
f -3324/-3324/-3324 -1121/-1121/-1121 -3331/-3331/-3331
f -1118/-1118/-1118 -1120/-1120/-1120 -1119/-1119/-1119
f -1117/-1117/-1117 -1120/-1120/-1120 -1118/-1118/-1118
f -1117/-1117/-1117 -1116/-1116/-1116 -1120/-1120/-1120
f -1115/-1115/-1115 -1120/-1120/-1120 -1116/-1116/-1116
f -1114/-1114/-1114 -1120/-1120/-1120 -1115/-1115/-1115
f -1118/-1118/-1118 -1113/-1113/-1113 -1117/-1117/-1117
f -1112/-1112/-1112 -1113/-1113/-1113 -1118/-1118/-1118
f -1117/-1117/-1117 -1113/-1113/-1113 -1111/-1111/-1111
f -1116/-1116/-1116 -1117/-1117/-1117 -1111/-1111/-1111
f -1120/-1120/-1120 -1110/-1110/-1110 -1119/-1119/-1119
f -1114/-1114/-1114 -1110/-1110/-1110 -1120/-1120/-1120
f -1109/-1109/-1109 -3187/-3187/-3187 -3188/-3188/-3188
f -3185/-3185/-3185 -3187/-3187/-3187 -1109/-1109/-1109
f -2740/-2740/-2740 -2750/-2750/-2750 -2756/-2756/-2756
f -1108/-1108/-1108 -3636/-3636/-3636 -3637/-3637/-3637
f -3632/-3632/-3632 -3636/-3636/-3636 -1108/-1108/-1108
f -3736/-3736/-3736 -3726/-3726/-3726 -3734/-3734/-3734
f -3712/-3712/-3712 -3726/-3726/-3726 -3736/-3736/-3736
f -2849/-2849/-2849 -2833/-2833/-2833 -2844/-2844/-2844
f -3567/-3567/-3567 -3626/-3626/-3626 -3566/-3566/-3566
f -1105/-1105/-1105 -1107/-1107/-1107 -1106/-1106/-1106
f -1107/-1107/-1107 -1104/-1104/-1104 -1106/-1106/-1106
f -1103/-1103/-1103 -1107/-1107/-1107 -1105/-1105/-1105
f -1103/-1103/-1103 -1105/-1105/-1105 -1102/-1102/-1102
f -1103/-1103/-1103 -1102/-1102/-1102 -1101/-1101/-1101
f -1103/-1103/-1103 -1101/-1101/-1101 -1100/-1100/-1100
f -1103/-1103/-1103 -1100/-1100/-1100 -1099/-1099/-1099
f -1102/-1102/-1102 -1098/-1098/-1098 -1101/-1101/-1101
f -1097/-1097/-1097 -1098/-1098/-1098 -1102/-1102/-1102
f -1096/-1096/-1096 -1098/-1098/-1098 -1097/-1097/-1097
f -1103/-1103/-1103 -1095/-1095/-1095 -1107/-1107/-1107
f -1095/-1095/-1095 -1103/-1103/-1103 -1099/-1099/-1099
f -1097/-1097/-1097 -1102/-1102/-1102 -1094/-1094/-1094
f -1094/-1094/-1094 -1093/-1093/-1093 -1097/-1097/-1097
f -1092/-1092/-1092 -1093/-1093/-1093 -1094/-1094/-1094
f -1091/-1091/-1091 -1093/-1093/-1093 -1092/-1092/-1092
f -1090/-1090/-1090 -1093/-1093/-1093 -1091/-1091/-1091
f -1090/-1090/-1090 -1091/-1091/-1091 -1089/-1089/-1089
f -1088/-1088/-1088 -1089/-1089/-1089 -1094/-1094/-1094
f -1102/-1102/-1102 -1088/-1088/-1088 -1094/-1094/-1094
f -1087/-1087/-1087 -1093/-1093/-1093 -1090/-1090/-1090
f -1086/-1086/-1086 -1087/-1087/-1087 -1090/-1090/-1090
f -1085/-1085/-1085 -1087/-1087/-1087 -1086/-1086/-1086
f -1086/-1086/-1086 -1090/-1090/-1090 -1084/-1084/-1084
f -1090/-1090/-1090 -1089/-1089/-1089 -1084/-1084/-1084
f -1083/-1083/-1083 -1093/-1093/-1093 -1087/-1087/-1087
f -1086/-1086/-1086 -1082/-1082/-1082 -1085/-1085/-1085
f -1085/-1085/-1085 -1082/-1082/-1082 -1081/-1081/-1081
f -1081/-1081/-1081 -1082/-1082/-1082 -1080/-1080/-1080
f -1080/-1080/-1080 -1082/-1082/-1082 -1106/-1106/-1106
f -1086/-1086/-1086 -1106/-1106/-1106 -1082/-1082/-1082
f -1106/-1106/-1106 -1079/-1079/-1079 -1080/-1080/-1080
f -1078/-1078/-1078 -1081/-1081/-1081 -1080/-1080/-1080
f -1080/-1080/-1080 -1077/-1077/-1077 -1078/-1078/-1078
f -1080/-1080/-1080 -1076/-1076/-1076 -1077/-1077/-1077
f -1075/-1075/-1075 -1076/-1076/-1076 -1080/-1080/-1080
f -1078/-1078/-1078 -1077/-1077/-1077 -1074/-1074/-1074
f -1073/-1073/-1073 -1074/-1074/-1074 -1077/-1077/-1077
f -1072/-1072/-1072 -1074/-1074/-1074 -1073/-1073/-1073
f -1076/-1076/-1076 -1071/-1071/-1071 -1077/-1077/-1077
f -1077/-1077/-1077 -1071/-1071/-1071 -1073/-1073/-1073
f -1071/-1071/-1071 -1070/-1070/-1070 -1073/-1073/-1073
f -1071/-1071/-1071 -1099/-1099/-1099 -1070/-1070/-1070
f -1070/-1070/-1070 -1099/-1099/-1099 -1069/-1069/-1069
f -1071/-1071/-1071 -1068/-1068/-1068 -1099/-1099/-1099
f -1073/-1073/-1073 -1067/-1067/-1067 -1072/-1072/-1072
f -1066/-1066/-1066 -1067/-1067/-1067 -1073/-1073/-1073
f -1073/-1073/-1073 -1065/-1065/-1065 -1066/-1066/-1066
f -1064/-1064/-1064 -1066/-1066/-1066 -1069/-1069/-1069
f -1064/-1064/-1064 -1067/-1067/-1067 -1066/-1066/-1066
f -1067/-1067/-1067 -1064/-1064/-1064 -1063/-1063/-1063
f -1062/-1062/-1062 -1064/-1064/-1064 -1069/-1069/-1069
f -1072/-1072/-1072 -1067/-1067/-1067 -1061/-1061/-1061
f -1061/-1061/-1061 -1067/-1067/-1067 -1063/-1063/-1063
f -1060/-1060/-1060 -1061/-1061/-1061 -1063/-1063/-1063
f -1063/-1063/-1063 -1059/-1059/-1059 -1060/-1060/-1060
f -1059/-1059/-1059 -1063/-1063/-1063 -1058/-1058/-1058
f -1058/-1058/-1058 -1057/-1057/-1057 -1059/-1059/-1059
f -1059/-1059/-1059 -1057/-1057/-1057 -1056/-1056/-1056
f -1055/-1055/-1055 -1056/-1056/-1056 -1057/-1057/-1057
f -1054/-1054/-1054 -1060/-1060/-1060 -1056/-1056/-1056
f -1055/-1055/-1055 -1057/-1057/-1057 -1053/-1053/-1053
f -1100/-1100/-1100 -1055/-1055/-1055 -1053/-1053/-1053
f -1100/-1100/-1100 -1053/-1053/-1053 -1069/-1069/-1069
f -1100/-1100/-1100 -1052/-1052/-1052 -1055/-1055/-1055
f -1053/-1053/-1053 -1051/-1051/-1051 -1062/-1062/-1062
f -1053/-1053/-1053 -1050/-1050/-1050 -1051/-1051/-1051
f -1055/-1055/-1055 -1049/-1049/-1049 -1056/-1056/-1056
f -1049/-1049/-1049 -1055/-1055/-1055 -1052/-1052/-1052
f -1056/-1056/-1056 -1049/-1049/-1049 -1048/-1048/-1048
f -1049/-1049/-1049 -1052/-1052/-1052 -1047/-1047/-1047
f -1047/-1047/-1047 -1046/-1046/-1046 -1049/-1049/-1049
f -1053/-1053/-1053 -1045/-1045/-1045 -1069/-1069/-1069
f -1058/-1058/-1058 -1063/-1063/-1063 -1045/-1045/-1045
f -1047/-1047/-1047 -1044/-1044/-1044 -1046/-1046/-1046
f -1044/-1044/-1044 -1043/-1043/-1043 -1046/-1046/-1046
f -1099/-1099/-1099 -1100/-1100/-1100 -1069/-1069/-1069
f -1041/-1041/-1041 -1049/-1049/-1049 -1042/-1042/-1042
f -1043/-1043/-1043 -1040/-1040/-1040 -1042/-1042/-1042
f -1041/-1041/-1041 -1039/-1039/-1039 -1049/-1049/-1049
f -1038/-1038/-1038 -1049/-1049/-1049 -1039/-1039/-1039
f -1039/-1039/-1039 -1037/-1037/-1037 -1038/-1038/-1038
f -1038/-1038/-1038 -1037/-1037/-1037 -1056/-1056/-1056
f -1039/-1039/-1039 -1036/-1036/-1036 -1037/-1037/-1037
f -1037/-1037/-1037 -1036/-1036/-1036 -1035/-1035/-1035
f -1035/-1035/-1035 -1054/-1054/-1054 -1037/-1037/-1037
f -1056/-1056/-1056 -1037/-1037/-1037 -1054/-1054/-1054
f -1034/-1034/-1034 -1054/-1054/-1054 -1035/-1035/-1035
f -1035/-1035/-1035 -1033/-1033/-1033 -1034/-1034/-1034
f -1032/-1032/-1032 -1033/-1033/-1033 -1035/-1035/-1035
f -1032/-1032/-1032 -1035/-1035/-1035 -1031/-1031/-1031
f -1031/-1031/-1031 -1030/-1030/-1030 -1029/-1029/-1029
f -1046/-1046/-1046 -1028/-1028/-1028 -1029/-1029/-1029
f -1046/-1046/-1046 -1029/-1029/-1029 -1027/-1027/-1027
f -1024/-1024/-1024 -1026/-1026/-1026 -1025/-1025/-1025
f -1023/-1023/-1023 -1026/-1026/-1026 -1024/-1024/-1024
f -1024/-1024/-1024 -1025/-1025/-1025 -1022/-1022/-1022
f -1025/-1025/-1025 -1021/-1021/-1021 -1022/-1022/-1022
f -1022/-1022/-1022 -1021/-1021/-1021 -1020/-1020/-1020
f -1019/-1019/-1019 -1020/-1020/-1020 -1021/-1021/-1021
f -1018/-1018/-1018 -1020/-1020/-1020 -1019/-1019/-1019
f -1017/-1017/-1017 -1020/-1020/-1020 -1018/-1018/-1018
f -1017/-1017/-1017 -1018/-1018/-1018 -1016/-1016/-1016
f -1017/-1017/-1017 -1015/-1015/-1015 -1020/-1020/-1020
f -1020/-1020/-1020 -1015/-1015/-1015 -1014/-1014/-1014
f -1013/-1013/-1013 -1014/-1014/-1014 -1015/-1015/-1015
f -1012/-1012/-1012 -1014/-1014/-1014 -1013/-1013/-1013
f -1011/-1011/-1011 -1022/-1022/-1022 -1012/-1012/-1012
f -1011/-1011/-1011 -1012/-1012/-1012 -1010/-1010/-1010
f -1010/-1010/-1010 -1012/-1012/-1012 -1009/-1009/-1009
f -1009/-1009/-1009 -1008/-1008/-1008 -1010/-1010/-1010
f -1011/-1011/-1011 -1010/-1010/-1010 -1008/-1008/-1008
f -1011/-1011/-1011 -1008/-1008/-1008 -1007/-1007/-1007
f -1022/-1022/-1022 -1011/-1011/-1011 -1007/-1007/-1007
f -1006/-1006/-1006 -1009/-1009/-1009 -1012/-1012/-1012
f -1005/-1005/-1005 -1008/-1008/-1008 -1009/-1009/-1009
f -1015/-1015/-1015 -1017/-1017/-1017 -1004/-1004/-1004
f -1013/-1013/-1013 -1015/-1015/-1015 -1004/-1004/-1004
f -1003/-1003/-1003 -1013/-1013/-1013 -1004/-1004/-1004
f -1012/-1012/-1012 -1013/-1013/-1013 -1003/-1003/-1003
f -1003/-1003/-1003 -1002/-1002/-1002 -1012/-1012/-1012
f -1004/-1004/-1004 -1001/-1001/-1001 -1003/-1003/-1003
f -1001/-1001/-1001 -1004/-1004/-1004 -1018/-1018/-1018
f -1000/-1000/-1000 -1001/-1001/-1001 -1018/-1018/-1018
f -999/-999/-999 -1001/-1001/-1001 -1000/-1000/-1000
f -999/-999/-999 -998/-998/-998 -1001/-1001/-1001
f -998/-998/-998 -1003/-1003/-1003 -1001/-1001/-1001
f -1000/-1000/-1000 -1018/-1018/-1018 -997/-997/-997
f -1000/-1000/-1000 -997/-997/-997 -996/-996/-996
f -997/-997/-997 -995/-995/-995 -996/-996/-996
f -995/-995/-995 -997/-997/-997 -994/-994/-994
f -994/-994/-994 -997/-997/-997 -993/-993/-993
f -1018/-1018/-1018 -993/-993/-993 -997/-997/-997
f -999/-999/-999 -992/-992/-992 -998/-998/-998
f -991/-991/-991 -998/-998/-998 -992/-992/-992
f -990/-990/-990 -992/-992/-992 -995/-995/-995
f -990/-990/-990 -995/-995/-995 -989/-989/-989
f -989/-989/-989 -988/-988/-988 -990/-990/-990
f -988/-988/-988 -992/-992/-992 -990/-990/-990
f -989/-989/-989 -987/-987/-987 -988/-988/-988
f -986/-986/-986 -987/-987/-987 -989/-989/-989
f -986/-986/-986 -989/-989/-989 -985/-985/-985
f -985/-985/-985 -989/-989/-989 -984/-984/-984
f -995/-995/-995 -984/-984/-984 -989/-989/-989
f -994/-994/-994 -984/-984/-984 -995/-995/-995
f -983/-983/-983 -987/-987/-987 -986/-986/-986
f -986/-986/-986 -985/-985/-985 -983/-983/-983
f -982/-982/-982 -987/-987/-987 -983/-983/-983
f -981/-981/-981 -982/-982/-982 -983/-983/-983
f -981/-981/-981 -983/-983/-983 -980/-980/-980
f -979/-979/-979 -982/-982/-982 -981/-981/-981
f -983/-983/-983 -985/-985/-985 -978/-978/-978
f -983/-983/-983 -978/-978/-978 -977/-977/-977
f -977/-977/-977 -978/-978/-978 -976/-976/-976
f -974/-974/-974 -975/-975/-975 -982/-982/-982
f -972/-972/-972 -976/-976/-976 -973/-973/-973
f -973/-973/-973 -971/-971/-971 -970/-970/-970
f -970/-970/-970 -971/-971/-971 -969/-969/-969
f -969/-969/-969 -971/-971/-971 -968/-968/-968
f -969/-969/-969 -967/-967/-967 -970/-970/-970
f -970/-970/-970 -967/-967/-967 -966/-966/-966
f -966/-966/-966 -967/-967/-967 -965/-965/-965
f -965/-965/-965 -967/-967/-967 -964/-964/-964
f -964/-964/-964 -963/-963/-963 -965/-965/-965
f -962/-962/-962 -963/-963/-963 -964/-964/-964
f -965/-965/-965 -963/-963/-963 -961/-961/-961
f -965/-965/-965 -961/-961/-961 -960/-960/-960
f -966/-966/-966 -965/-965/-965 -960/-960/-960
f -961/-961/-961 -959/-959/-959 -960/-960/-960
f -961/-961/-961 -963/-963/-963 -958/-958/-958
f -961/-961/-961 -958/-958/-958 -979/-979/-979
f -959/-959/-959 -961/-961/-961 -957/-957/-957
f -970/-970/-970 -966/-966/-966 -956/-956/-956
f -959/-959/-959 -955/-955/-955 -956/-956/-956
f -953/-953/-953 -954/-954/-954 -964/-964/-964
f -964/-964/-964 -952/-952/-952 -953/-953/-953
f -950/-950/-950 -963/-963/-963 -951/-951/-951
f -950/-950/-950 -949/-949/-949 -948/-948/-948
f -946/-946/-946 -949/-949/-949 -947/-947/-947
f -945/-945/-945 -951/-951/-951 -947/-947/-947
f -987/-987/-987 -950/-950/-950 -947/-947/-947
f -951/-951/-951 -991/-991/-991 -947/-947/-947
f -947/-947/-947 -991/-991/-991 -992/-992/-992
f -992/-992/-992 -944/-944/-944 -947/-947/-947
f -3461/-3461/-3461 -3457/-3457/-3457 -3425/-3425/-3425
f -941/-941/-941 -943/-943/-943 -942/-942/-942
f -940/-940/-940 -942/-942/-942 -1012/-1012/-1012
f -1002/-1002/-1002 -940/-940/-940 -1012/-1012/-1012
f -938/-938/-938 -939/-939/-939 -1012/-1012/-1012
f -1002/-1002/-1002 -937/-937/-937 -936/-936/-936
f -935/-935/-935 -936/-936/-936 -937/-937/-937
f -937/-937/-937 -934/-934/-934 -935/-935/-935
f -933/-933/-933 -934/-934/-934 -937/-937/-937
f -937/-937/-937 -932/-932/-932 -933/-933/-933
f -932/-932/-932 -931/-931/-931 -933/-933/-933
f -933/-933/-933 -931/-931/-931 -930/-930/-930
f -929/-929/-929 -935/-935/-935 -934/-934/-934
f -928/-928/-928 -935/-935/-935 -929/-929/-929
f -928/-928/-928 -936/-936/-936 -935/-935/-935
f -929/-929/-929 -927/-927/-927 -928/-928/-928
f -929/-929/-929 -926/-926/-926 -927/-927/-927
f -926/-926/-926 -929/-929/-929 -934/-934/-934
f -925/-925/-925 -926/-926/-926 -934/-934/-934
f -927/-927/-927 -926/-926/-926 -924/-924/-924
f -934/-934/-934 -933/-933/-933 -924/-924/-924
f -927/-927/-927 -924/-924/-924 -923/-923/-923
f -923/-923/-923 -922/-922/-922 -927/-927/-927
f -927/-927/-927 -922/-922/-922 -921/-921/-921
f -923/-923/-923 -924/-924/-924 -920/-920/-920
f -919/-919/-919 -920/-920/-920 -924/-924/-924
f -924/-924/-924 -918/-918/-918 -919/-919/-919
f -919/-919/-919 -918/-918/-918 -917/-917/-917
f -916/-916/-916 -919/-919/-919 -917/-917/-917
f -915/-915/-915 -920/-920/-920 -919/-919/-919
f -919/-919/-919 -916/-916/-916 -915/-915/-915
f -922/-922/-922 -914/-914/-914 -921/-921/-921
f -922/-922/-922 -913/-913/-913 -914/-914/-914
f -912/-912/-912 -913/-913/-913 -922/-922/-922
f -913/-913/-913 -912/-912/-912 -911/-911/-911
f -910/-910/-910 -921/-921/-921 -913/-913/-913
f -921/-921/-921 -910/-910/-910 -936/-936/-936
f -909/-909/-909 -910/-910/-910 -913/-913/-913
f -936/-936/-936 -910/-910/-910 -908/-908/-908
f -908/-908/-908 -910/-910/-910 -909/-909/-909
f -909/-909/-909 -907/-907/-907 -908/-908/-908
f -936/-936/-936 -908/-908/-908 -907/-907/-907
f -907/-907/-907 -906/-906/-906 -936/-936/-936
f -909/-909/-909 -905/-905/-905 -907/-907/-907
f -909/-909/-909 -913/-913/-913 -904/-904/-904
f -915/-915/-915 -916/-916/-916 -903/-903/-903
f -902/-902/-902 -903/-903/-903 -916/-916/-916
f -916/-916/-916 -901/-901/-901 -902/-902/-902
f -900/-900/-900 -901/-901/-901 -916/-916/-916
f -900/-900/-900 -899/-899/-899 -901/-901/-901
f -899/-899/-899 -902/-902/-902 -901/-901/-901
f -898/-898/-898 -903/-903/-903 -902/-902/-902
f -902/-902/-902 -897/-897/-897 -898/-898/-898
f -898/-898/-898 -897/-897/-897 -896/-896/-896
f -895/-895/-895 -897/-897/-897 -902/-902/-902
f -895/-895/-895 -902/-902/-902 -899/-899/-899
f -894/-894/-894 -895/-895/-895 -900/-900/-900
f -932/-932/-932 -894/-894/-894 -900/-900/-900
f -894/-894/-894 -893/-893/-893 -895/-895/-895
f -895/-895/-895 -892/-892/-892 -897/-897/-897
f -895/-895/-895 -891/-891/-891 -892/-892/-892
f -891/-891/-891 -895/-895/-895 -890/-890/-890
f -891/-891/-891 -889/-889/-889 -892/-892/-892
f -900/-900/-900 -931/-931/-931 -932/-932/-932
f -888/-888/-888 -897/-897/-897 -892/-892/-892
f -896/-896/-896 -897/-897/-897 -888/-888/-888
f -888/-888/-888 -892/-892/-892 -887/-887/-887
f -885/-885/-885 -889/-889/-889 -886/-886/-886
f -883/-883/-883 -884/-884/-884 -895/-895/-895
f -881/-881/-881 -892/-892/-892 -882/-882/-882
f -879/-879/-879 -880/-880/-880 -889/-889/-889
f -878/-878/-878 -880/-880/-880 -879/-879/-879
f -877/-877/-877 -886/-886/-886 -878/-878/-878
f -879/-879/-879 -889/-889/-889 -876/-876/-876
f -874/-874/-874 -878/-878/-878 -875/-875/-875
f -873/-873/-873 -878/-878/-878 -874/-874/-874
f -873/-873/-873 -874/-874/-874 -872/-872/-872
f -875/-875/-875 -879/-879/-879 -871/-871/-871
f -870/-870/-870 -879/-879/-879 -875/-875/-875
f -869/-869/-869 -874/-874/-874 -875/-875/-875
f -869/-869/-869 -875/-875/-875 -868/-868/-868
f -869/-869/-869 -868/-868/-868 -867/-867/-867
f -869/-869/-869 -867/-867/-867 -866/-866/-866
f -866/-866/-866 -867/-867/-867 -865/-865/-865
f -867/-867/-867 -864/-864/-864 -865/-865/-865
f -863/-863/-863 -864/-864/-864 -867/-867/-867
f -863/-863/-863 -867/-867/-867 -862/-862/-862
f -861/-861/-861 -862/-862/-862 -867/-867/-867
f -867/-867/-867 -868/-868/-868 -861/-861/-861
f -861/-861/-861 -860/-860/-860 -862/-862/-862
f -863/-863/-863 -862/-862/-862 -893/-893/-893
f -893/-893/-893 -862/-862/-862 -859/-859/-859
f -859/-859/-859 -862/-862/-862 -891/-891/-891
f -858/-858/-858 -866/-866/-866 -865/-865/-865
f -889/-889/-889 -860/-860/-860 -857/-857/-857
f -855/-855/-855 -856/-856/-856 -889/-889/-889
f -862/-862/-862 -854/-854/-854 -853/-853/-853
f -875/-875/-875 -857/-857/-857 -852/-852/-852
f -868/-868/-868 -875/-875/-875 -851/-851/-851
f -876/-876/-876 -850/-850/-850 -851/-851/-851
f -847/-847/-847 -849/-849/-849 -848/-848/-848
f -848/-848/-848 -849/-849/-849 -846/-846/-846
f -848/-848/-848 -846/-846/-846 -845/-845/-845
f -846/-846/-846 -849/-849/-849 -844/-844/-844
f -844/-844/-844 -843/-843/-843 -846/-846/-846
f -846/-846/-846 -843/-843/-843 -842/-842/-842
f -842/-842/-842 -841/-841/-841 -846/-846/-846
f -842/-842/-842 -840/-840/-840 -841/-841/-841
f -842/-842/-842 -839/-839/-839 -840/-840/-840
f -843/-843/-843 -838/-838/-838 -842/-842/-842
f -841/-841/-841 -840/-840/-840 -837/-837/-837
f -837/-837/-837 -840/-840/-840 -836/-836/-836
f -839/-839/-839 -835/-835/-835 -840/-840/-840
f -840/-840/-840 -835/-835/-835 -834/-834/-834
f -840/-840/-840 -834/-834/-834 -833/-833/-833
f -832/-832/-832 -846/-846/-846 -841/-841/-841
f -832/-832/-832 -841/-841/-841 -831/-831/-831
f -832/-832/-832 -830/-830/-830 -846/-846/-846
f -841/-841/-841 -829/-829/-829 -831/-831/-831
f -831/-831/-831 -829/-829/-829 -832/-832/-832
f -829/-829/-829 -830/-830/-830 -832/-832/-832
f -829/-829/-829 -828/-828/-828 -830/-830/-830
f -827/-827/-827 -828/-828/-828 -829/-829/-829
f -829/-829/-829 -841/-841/-841 -827/-827/-827
f -826/-826/-826 -827/-827/-827 -841/-841/-841
f -825/-825/-825 -830/-830/-830 -828/-828/-828
f -824/-824/-824 -830/-830/-830 -825/-825/-825
f -824/-824/-824 -825/-825/-825 -823/-823/-823
f -824/-824/-824 -823/-823/-823 -848/-848/-848
f -822/-822/-822 -830/-830/-830 -824/-824/-824
f -822/-822/-822 -824/-824/-824 -848/-848/-848
f -821/-821/-821 -825/-825/-825 -828/-828/-828
f -828/-828/-828 -820/-820/-820 -821/-821/-821
f -821/-821/-821 -820/-820/-820 -819/-819/-819
f -828/-828/-828 -818/-818/-818 -820/-820/-820
f -817/-817/-817 -820/-820/-820 -818/-818/-818
f -816/-816/-816 -819/-819/-819 -817/-817/-817
f -821/-821/-821 -819/-819/-819 -816/-816/-816
f -820/-820/-820 -815/-815/-815 -819/-819/-819
f -817/-817/-817 -815/-815/-815 -820/-820/-820
f -817/-817/-817 -819/-819/-819 -815/-815/-815
f -821/-821/-821 -814/-814/-814 -825/-825/-825
f -817/-817/-817 -813/-813/-813 -816/-816/-816
f -813/-813/-813 -812/-812/-812 -816/-816/-816
f -812/-812/-812 -811/-811/-811 -816/-816/-816
f -810/-810/-810 -812/-812/-812 -813/-813/-813
f -809/-809/-809 -813/-813/-813 -817/-817/-817
f -808/-808/-808 -810/-810/-810 -813/-813/-813
f -807/-807/-807 -810/-810/-810 -809/-809/-809
f -809/-809/-809 -806/-806/-806 -805/-805/-805
f -818/-818/-818 -804/-804/-804 -803/-803/-803
f -816/-816/-816 -802/-802/-802 -801/-801/-801
f -801/-801/-801 -800/-800/-800 -814/-814/-814
f -799/-799/-799 -802/-802/-802 -812/-812/-812
f -799/-799/-799 -798/-798/-798 -802/-802/-802
f -798/-798/-798 -849/-849/-849 -823/-823/-823
f -796/-796/-796 -805/-805/-805 -797/-797/-797
f -795/-795/-795 -809/-809/-809 -797/-797/-797
f -794/-794/-794 -807/-807/-807 -795/-795/-795
f -792/-792/-792 -798/-798/-798 -793/-793/-793
f -790/-790/-790 -791/-791/-791 -805/-805/-805
f -788/-788/-788 -789/-789/-789 -798/-798/-798
f -795/-795/-795 -787/-787/-787 -786/-786/-786
f -784/-784/-784 -785/-785/-785 -798/-798/-798
f -782/-782/-782 -783/-783/-783 -797/-797/-797
f -780/-780/-780 -781/-781/-781 -827/-827/-827
f -778/-778/-778 -779/-779/-779 -837/-837/-837
f -775/-775/-775 -777/-777/-777 -776/-776/-776
f -774/-774/-774 -775/-775/-775 -776/-776/-776
f -772/-772/-772 -773/-773/-773 -776/-776/-776
f -772/-772/-772 -771/-771/-771 -770/-770/-770
f -770/-770/-770 -769/-769/-769 -772/-772/-772
f -2732/-2732/-2732 -2751/-2751/-2751 -2745/-2745/-2745
f -2738/-2738/-2738 -2751/-2751/-2751 -2732/-2732/-2732
f -766/-766/-766 -768/-768/-768 -767/-767/-767
f -767/-767/-767 -765/-765/-765 -766/-766/-766
f -763/-763/-763 -766/-766/-766 -764/-764/-764
f -763/-763/-763 -762/-762/-762 -761/-761/-761
f -761/-761/-761 -760/-760/-760 -763/-763/-763
f -757/-757/-757 -759/-759/-759 -758/-758/-758
f -756/-756/-756 -757/-757/-757 -758/-758/-758
f -758/-758/-758 -755/-755/-755 -754/-754/-754
f -752/-752/-752 -755/-755/-755 -753/-753/-753
f -755/-755/-755 -751/-751/-751 -753/-753/-753
f -748/-748/-748 -750/-750/-750 -749/-749/-749
f -746/-746/-746 -750/-750/-750 -747/-747/-747
f -744/-744/-744 -746/-746/-746 -745/-745/-745
f -746/-746/-746 -743/-743/-743 -745/-745/-745
f -748/-748/-748 -742/-742/-742 -741/-741/-741
f -738/-738/-738 -740/-740/-740 -739/-739/-739
f -736/-736/-736 -740/-740/-740 -737/-737/-737
f -733/-733/-733 -735/-735/-735 -734/-734/-734
f -1026/-1026/-1026 -1007/-1007/-1007 -732/-732/-732
f -1007/-1007/-1007 -1008/-1008/-1008 -731/-731/-731
f -729/-729/-729 -730/-730/-730 -999/-999/-999
f -727/-727/-727 -999/-999/-999 -728/-728/-728
f -724/-724/-724 -726/-726/-726 -725/-725/-725
f -724/-724/-724 -723/-723/-723 -726/-726/-726
f -722/-722/-722 -725/-725/-725 -726/-726/-726
f -721/-721/-721 -726/-726/-726 -723/-723/-723
f -720/-720/-720 -724/-724/-724 -725/-725/-725
f -725/-725/-725 -719/-719/-719 -720/-720/-720
f -719/-719/-719 -725/-725/-725 -718/-718/-718
f -719/-719/-719 -717/-717/-717 -720/-720/-720
f -720/-720/-720 -717/-717/-717 -716/-716/-716
f -715/-715/-715 -716/-716/-716 -717/-717/-717
f -714/-714/-714 -715/-715/-715 -717/-717/-717
f -719/-719/-719 -713/-713/-713 -717/-717/-717
f -712/-712/-712 -713/-713/-713 -719/-719/-719
f -719/-719/-719 -711/-711/-711 -712/-712/-712
f -710/-710/-710 -712/-712/-712 -711/-711/-711
f -709/-709/-709 -712/-712/-712 -710/-710/-710
f -710/-710/-710 -708/-708/-708 -709/-709/-709
f -707/-707/-707 -708/-708/-708 -710/-710/-710
f -710/-710/-710 -706/-706/-706 -707/-707/-707
f -710/-710/-710 -711/-711/-711 -706/-706/-706
f -705/-705/-705 -707/-707/-707 -706/-706/-706
f -704/-704/-704 -705/-705/-705 -706/-706/-706
f -722/-722/-722 -704/-704/-704 -706/-706/-706
f -722/-722/-722 -703/-703/-703 -704/-704/-704
f -702/-702/-702 -704/-704/-704 -703/-703/-703
f -704/-704/-704 -702/-702/-702 -705/-705/-705
f -702/-702/-702 -703/-703/-703 -721/-721/-721
f -701/-701/-701 -705/-705/-705 -702/-702/-702
f -708/-708/-708 -700/-700/-700 -709/-709/-709
f -699/-699/-699 -700/-700/-700 -708/-708/-708
f -706/-706/-706 -725/-725/-725 -722/-722/-722
f -698/-698/-698 -701/-701/-701 -702/-702/-702
f -697/-697/-697 -698/-698/-698 -702/-702/-702
f -698/-698/-698 -697/-697/-697 -696/-696/-696
f -698/-698/-698 -696/-696/-696 -695/-695/-695
f -698/-698/-698 -695/-695/-695 -701/-701/-701
f -696/-696/-696 -694/-694/-694 -695/-695/-695
f -696/-696/-696 -693/-693/-693 -694/-694/-694
f -693/-693/-693 -692/-692/-692 -694/-694/-694
f -692/-692/-692 -695/-695/-695 -694/-694/-694
f -691/-691/-691 -695/-695/-695 -692/-692/-692
f -690/-690/-690 -691/-691/-691 -692/-692/-692
f -689/-689/-689 -690/-690/-690 -692/-692/-692
f -689/-689/-689 -688/-688/-688 -690/-690/-690
f -688/-688/-688 -687/-687/-687 -690/-690/-690
f -688/-688/-688 -686/-686/-686 -687/-687/-687
f -685/-685/-685 -688/-688/-688 -689/-689/-689
f -686/-686/-686 -688/-688/-688 -684/-684/-684
f -683/-683/-683 -686/-686/-686 -684/-684/-684
f -682/-682/-682 -686/-686/-686 -683/-683/-683
f -686/-686/-686 -681/-681/-681 -687/-687/-687
f -680/-680/-680 -681/-681/-681 -686/-686/-686
f -680/-680/-680 -686/-686/-686 -682/-682/-682
f -680/-680/-680 -682/-682/-682 -679/-679/-679
f -693/-693/-693 -678/-678/-678 -692/-692/-692
f -677/-677/-677 -692/-692/-692 -678/-678/-678
f -692/-692/-692 -676/-676/-676 -689/-689/-689
f -676/-676/-676 -685/-685/-685 -689/-689/-689
f -674/-674/-674 -678/-678/-678 -675/-675/-675
f -678/-678/-678 -673/-673/-673 -675/-675/-675
f -672/-672/-672 -678/-678/-678 -674/-674/-674
f -693/-693/-693 -673/-673/-673 -678/-678/-678
f -724/-724/-724 -673/-673/-673 -693/-693/-693
f -723/-723/-723 -724/-724/-724 -693/-693/-693
f -693/-693/-693 -671/-671/-671 -723/-723/-723
f -671/-671/-671 -697/-697/-697 -723/-723/-723
f -670/-670/-670 -723/-723/-723 -697/-697/-697
f -675/-675/-675 -673/-673/-673 -669/-669/-669
f -669/-669/-669 -668/-668/-668 -675/-675/-675
f -675/-675/-675 -668/-668/-668 -667/-667/-667
f -666/-666/-666 -675/-675/-675 -667/-667/-667
f -668/-668/-668 -679/-679/-679 -667/-667/-667
f -683/-683/-683 -666/-666/-666 -667/-667/-667
f -669/-669/-669 -665/-665/-665 -668/-668/-668
f -664/-664/-664 -726/-726/-726 -670/-670/-670
f -663/-663/-663 -726/-726/-726 -664/-664/-664
f -661/-661/-661 -662/-662/-662 -668/-668/-668
f -682/-682/-682 -660/-660/-660 -667/-667/-667
f -679/-679/-679 -659/-659/-659 -658/-658/-658
f -655/-655/-655 -657/-657/-657 -656/-656/-656
f -653/-653/-653 -654/-654/-654 -936/-936/-936
f -654/-654/-654 -1002/-1002/-1002 -936/-936/-936
f -651/-651/-651 -652/-652/-652 -653/-653/-653
f -649/-649/-649 -650/-650/-650 -936/-936/-936
f -647/-647/-647 -648/-648/-648 -650/-650/-650
f -644/-644/-644 -646/-646/-646 -645/-645/-645
f -646/-646/-646 -643/-643/-643 -642/-642/-642
f -640/-640/-640 -1099/-1099/-1099 -641/-641/-641
f -637/-637/-637 -639/-639/-639 -638/-638/-638
f -639/-639/-639 -636/-636/-636 -638/-638/-638
f -634/-634/-634 -638/-638/-638 -635/-635/-635
f -632/-632/-632 -634/-634/-634 -633/-633/-633
f -631/-631/-631 -633/-633/-633 -634/-634/-634
f -629/-629/-629 -1092/-1092/-1092 -630/-630/-630
f -626/-626/-626 -628/-628/-628 -627/-627/-627
f -625/-625/-625 -627/-627/-627 -628/-628/-628
f -628/-628/-628 -624/-624/-624 -623/-623/-623
f -623/-623/-623 -622/-622/-622 -621/-621/-621
f -621/-621/-621 -620/-620/-620 -623/-623/-623
f -617/-617/-617 -619/-619/-619 -618/-618/-618
f -616/-616/-616 -617/-617/-617 -618/-618/-618
f -615/-615/-615 -617/-617/-617 -616/-616/-616
f -614/-614/-614 -615/-615/-615 -616/-616/-616
f -613/-613/-613 -615/-615/-615 -614/-614/-614
f -619/-619/-619 -1267/-1267/-1267 -612/-612/-612
f -1267/-1267/-1267 -611/-611/-611 -610/-610/-610
f -608/-608/-608 -1091/-1091/-1091 -609/-609/-609
f -605/-605/-605 -607/-607/-607 -606/-606/-606
f -605/-605/-605 -604/-604/-604 -607/-607/-607
f -607/-607/-607 -604/-604/-604 -603/-603/-603
f -602/-602/-602 -607/-607/-607 -603/-603/-603
f -601/-601/-601 -607/-607/-607 -602/-602/-602
f -607/-607/-607 -601/-601/-601 -606/-606/-606
f -603/-603/-603 -600/-600/-600 -602/-602/-602
f -604/-604/-604 -605/-605/-605 -599/-599/-599
f -599/-599/-599 -605/-605/-605 -598/-598/-598
f -605/-605/-605 -597/-597/-597 -598/-598/-598
f -598/-598/-598 -597/-597/-597 -596/-596/-596
f -597/-597/-597 -595/-595/-595 -596/-596/-596
f -597/-597/-597 -594/-594/-594 -595/-595/-595
f -595/-595/-595 -594/-594/-594 -593/-593/-593
f -596/-596/-596 -595/-595/-595 -592/-592/-592
f -598/-598/-598 -596/-596/-596 -1221/-1221/-1221
f -591/-591/-591 -598/-598/-598 -1221/-1221/-1221
f -599/-599/-599 -598/-598/-598 -591/-591/-591
f -596/-596/-596 -592/-592/-592 -1200/-1200/-1200
f -1200/-1200/-1200 -592/-592/-592 -590/-590/-590
f -597/-597/-597 -589/-589/-589 -594/-594/-594
f -1221/-1221/-1221 -588/-588/-588 -591/-591/-591
f -591/-591/-591 -588/-588/-588 -587/-587/-587
f -591/-591/-591 -587/-587/-587 -586/-586/-586
f -585/-585/-585 -591/-591/-591 -586/-586/-586
f -584/-584/-584 -591/-591/-591 -585/-585/-585
f -586/-586/-586 -587/-587/-587 -583/-583/-583
f -1221/-1221/-1221 -1222/-1222/-1222 -588/-588/-588
f -587/-587/-587 -582/-582/-582 -583/-583/-583
f -583/-583/-583 -582/-582/-582 -581/-581/-581
f -580/-580/-580 -581/-581/-581 -582/-582/-582
f -580/-580/-580 -582/-582/-582 -579/-579/-579
f -579/-579/-579 -582/-582/-582 -578/-578/-578
f -587/-587/-587 -578/-578/-578 -582/-582/-582
f -588/-588/-588 -578/-578/-578 -587/-587/-587
f -579/-579/-579 -578/-578/-578 -577/-577/-577
f -577/-577/-577 -578/-578/-578 -576/-576/-576
f -588/-588/-588 -576/-576/-576 -578/-578/-578
f -1222/-1222/-1222 -576/-576/-576 -588/-588/-588
f -577/-577/-577 -576/-576/-576 -575/-575/-575
f -575/-575/-575 -576/-576/-576 -574/-574/-574
f -1222/-1222/-1222 -574/-574/-574 -576/-576/-576
f -575/-575/-575 -574/-574/-574 -573/-573/-573
f -573/-573/-573 -574/-574/-574 -572/-572/-572
f -573/-573/-573 -572/-572/-572 -571/-571/-571
f -571/-571/-571 -572/-572/-572 -570/-570/-570
f -571/-571/-571 -570/-570/-570 -569/-569/-569
f -569/-569/-569 -570/-570/-570 -568/-568/-568
f -569/-569/-569 -568/-568/-568 -567/-567/-567
f -567/-567/-567 -568/-568/-568 -566/-566/-566
f -565/-565/-565 -581/-581/-581 -580/-580/-580
f -1232/-1232/-1232 -572/-572/-572 -574/-574/-574
f -1232/-1232/-1232 -574/-574/-574 -1222/-1222/-1222
f -1246/-1246/-1246 -572/-572/-572 -1232/-1232/-1232
f -1246/-1246/-1246 -570/-570/-570 -572/-572/-572
f -1258/-1258/-1258 -570/-570/-570 -1246/-1246/-1246
f -1258/-1258/-1258 -568/-568/-568 -570/-570/-570
f -1259/-1259/-1259 -568/-568/-568 -1258/-1258/-1258
f -1259/-1259/-1259 -566/-566/-566 -568/-568/-568
f -564/-564/-564 -566/-566/-566 -1259/-1259/-1259
f -1263/-1263/-1263 -564/-564/-564 -1259/-1259/-1259
f -563/-563/-563 -564/-564/-564 -1263/-1263/-1263
f -562/-562/-562 -563/-563/-563 -1263/-1263/-1263
f -561/-561/-561 -563/-563/-563 -562/-562/-562
f -558/-558/-558 -560/-560/-560 -559/-559/-559
f -556/-556/-556 -557/-557/-557 -559/-559/-559
f -553/-553/-553 -555/-555/-555 -554/-554/-554
f -552/-552/-552 -555/-555/-555 -553/-553/-553
f -552/-552/-552 -551/-551/-551 -555/-555/-555
f -550/-550/-550 -551/-551/-551 -552/-552/-552
f -550/-550/-550 -549/-549/-549 -551/-551/-551
f -548/-548/-548 -549/-549/-549 -550/-550/-550
f -547/-547/-547 -553/-553/-553 -554/-554/-554
f -546/-546/-546 -553/-553/-553 -547/-547/-547
f -545/-545/-545 -554/-554/-554 -555/-555/-555
f -544/-544/-544 -554/-554/-554 -545/-545/-545
f -545/-545/-545 -543/-543/-543 -544/-544/-544
f -544/-544/-544 -543/-543/-543 -542/-542/-542
f -541/-541/-541 -544/-544/-544 -542/-542/-542
f -540/-540/-540 -544/-544/-544 -541/-541/-541
f -540/-540/-540 -554/-554/-554 -544/-544/-544
f -547/-547/-547 -554/-554/-554 -540/-540/-540
f -540/-540/-540 -539/-539/-539 -547/-547/-547
f -547/-547/-547 -539/-539/-539 -546/-546/-546
f -538/-538/-538 -539/-539/-539 -540/-540/-540
f -537/-537/-537 -539/-539/-539 -538/-538/-538
f -537/-537/-537 -538/-538/-538 -536/-536/-536
f -536/-536/-536 -538/-538/-538 -535/-535/-535
f -540/-540/-540 -535/-535/-535 -538/-538/-538
f -541/-541/-541 -535/-535/-535 -540/-540/-540
f -534/-534/-534 -539/-539/-539 -537/-537/-537
f -536/-536/-536 -533/-533/-533 -537/-537/-537
f -537/-537/-537 -533/-533/-533 -534/-534/-534
f -532/-532/-532 -533/-533/-533 -536/-536/-536
f -534/-534/-534 -531/-531/-531 -539/-539/-539
f -546/-546/-546 -539/-539/-539 -531/-531/-531
f -530/-530/-530 -531/-531/-531 -534/-534/-534
f -545/-545/-545 -529/-529/-529 -543/-543/-543
f -528/-528/-528 -529/-529/-529 -545/-545/-545
f -528/-528/-528 -527/-527/-527 -529/-529/-529
f -526/-526/-526 -527/-527/-527 -528/-528/-528
f -533/-533/-533 -532/-532/-532 -525/-525/-525
f -533/-533/-533 -525/-525/-525 -524/-524/-524
f -534/-534/-534 -524/-524/-524 -530/-530/-530
f -534/-534/-534 -533/-533/-533 -524/-524/-524
f -524/-524/-524 -525/-525/-525 -523/-523/-523
f -523/-523/-523 -525/-525/-525 -522/-522/-522
f -522/-522/-522 -525/-525/-525 -521/-521/-521
f -520/-520/-520 -524/-524/-524 -523/-523/-523
f -519/-519/-519 -524/-524/-524 -520/-520/-520
f -530/-530/-530 -524/-524/-524 -519/-519/-519
f -545/-545/-545 -555/-555/-555 -528/-528/-528
f -528/-528/-528 -555/-555/-555 -551/-551/-551
f -525/-525/-525 -518/-518/-518 -517/-517/-517
f -514/-514/-514 -516/-516/-516 -515/-515/-515
f -513/-513/-513 -516/-516/-516 -514/-514/-514
f -512/-512/-512 -514/-514/-514 -515/-515/-515
f -511/-511/-511 -514/-514/-514 -512/-512/-512
f -510/-510/-510 -515/-515/-515 -516/-516/-516
f -509/-509/-509 -515/-515/-515 -510/-510/-510
f -510/-510/-510 -508/-508/-508 -509/-509/-509
f -509/-509/-509 -508/-508/-508 -507/-507/-507
f -506/-506/-506 -509/-509/-509 -507/-507/-507
f -505/-505/-505 -509/-509/-509 -506/-506/-506
f -505/-505/-505 -515/-515/-515 -509/-509/-509
f -512/-512/-512 -515/-515/-515 -505/-505/-505
f -505/-505/-505 -504/-504/-504 -512/-512/-512
f -512/-512/-512 -504/-504/-504 -511/-511/-511
f -503/-503/-503 -504/-504/-504 -505/-505/-505
f -502/-502/-502 -504/-504/-504 -503/-503/-503
f -501/-501/-501 -504/-504/-504 -502/-502/-502
f -500/-500/-500 -501/-501/-501 -502/-502/-502
f -499/-499/-499 -501/-501/-501 -500/-500/-500
f -500/-500/-500 -498/-498/-498 -499/-499/-499
f -497/-497/-497 -498/-498/-498 -500/-500/-500
f -510/-510/-510 -496/-496/-496 -508/-508/-508
f -495/-495/-495 -496/-496/-496 -510/-510/-510
f -495/-495/-495 -494/-494/-494 -496/-496/-496
f -493/-493/-493 -494/-494/-494 -495/-495/-495
f -502/-502/-502 -503/-503/-503 -492/-492/-492
f -492/-492/-492 -503/-503/-503 -491/-491/-491
f -505/-505/-505 -491/-491/-491 -503/-503/-503
f -506/-506/-506 -491/-491/-491 -505/-505/-505
f -501/-501/-501 -490/-490/-490 -504/-504/-504
f -489/-489/-489 -490/-490/-490 -501/-501/-501
f -499/-499/-499 -489/-489/-489 -501/-501/-501
f -500/-500/-500 -488/-488/-488 -497/-497/-497
f -488/-488/-488 -502/-502/-502 -492/-492/-492
f -500/-500/-500 -502/-502/-502 -488/-488/-488
f -497/-497/-497 -488/-488/-488 -487/-487/-487
f -486/-486/-486 -499/-499/-499 -498/-498/-498
f -485/-485/-485 -489/-489/-489 -499/-499/-499
f -485/-485/-485 -499/-499/-499 -484/-484/-484
f -498/-498/-498 -497/-497/-497 -484/-484/-484
f -495/-495/-495 -483/-483/-483 -493/-493/-493
f -482/-482/-482 -483/-483/-483 -495/-495/-495
f -495/-495/-495 -516/-516/-516 -482/-482/-482
f -513/-513/-513 -482/-482/-482 -516/-516/-516
f -481/-481/-481 -482/-482/-482 -513/-513/-513
f -481/-481/-481 -483/-483/-483 -482/-482/-482
f -480/-480/-480 -483/-483/-483 -481/-481/-481
f -510/-510/-510 -516/-516/-516 -495/-495/-495
f -484/-484/-484 -497/-497/-497 -479/-479/-479
f -511/-511/-511 -504/-504/-504 -490/-490/-490
f -476/-476/-476 -478/-478/-478 -477/-477/-477
f -477/-477/-477 -913/-913/-913 -475/-475/-475
f -472/-472/-472 -474/-474/-474 -473/-473/-473
f -473/-473/-473 -471/-471/-471 -470/-470/-470
f -470/-470/-470 -471/-471/-471 -469/-469/-469
f -470/-470/-470 -469/-469/-469 -468/-468/-468
f -467/-467/-467 -468/-468/-468 -469/-469/-469
f -466/-466/-466 -467/-467/-467 -469/-469/-469
f -465/-465/-465 -468/-468/-468 -467/-467/-467
f -467/-467/-467 -466/-466/-466 -464/-464/-464
f -467/-467/-467 -464/-464/-464 -465/-465/-465
f -466/-466/-466 -463/-463/-463 -464/-464/-464
f -463/-463/-463 -466/-466/-466 -462/-462/-462
f -461/-461/-461 -463/-463/-463 -462/-462/-462
f -462/-462/-462 -460/-460/-460 -461/-461/-461
f -461/-461/-461 -459/-459/-459 -463/-463/-463
f -464/-464/-464 -463/-463/-463 -459/-459/-459
f -458/-458/-458 -459/-459/-459 -461/-461/-461
f -464/-464/-464 -459/-459/-459 -458/-458/-458
f -464/-464/-464 -458/-458/-458 -457/-457/-457
f -457/-457/-457 -458/-458/-458 -456/-456/-456
f -455/-455/-455 -456/-456/-456 -458/-458/-458
f -454/-454/-454 -460/-460/-460 -462/-462/-462
f -453/-453/-453 -458/-458/-458 -461/-461/-461
f -453/-453/-453 -461/-461/-461 -460/-460/-460
f -453/-453/-453 -455/-455/-455 -458/-458/-458
f -452/-452/-452 -454/-454/-454 -462/-462/-462
f -451/-451/-451 -454/-454/-454 -452/-452/-452
f -454/-454/-454 -451/-451/-451 -450/-450/-450
f -450/-450/-450 -449/-449/-449 -454/-454/-454
f -472/-472/-472 -464/-464/-464 -457/-457/-457
f -449/-449/-449 -448/-448/-448 -454/-454/-454
f -454/-454/-454 -447/-447/-447 -460/-460/-460
f -446/-446/-446 -460/-460/-460 -447/-447/-447
f -445/-445/-445 -456/-456/-456 -447/-447/-447
f -454/-454/-454 -444/-444/-444 -443/-443/-443
f -441/-441/-441 -442/-442/-442 -444/-444/-444
f -440/-440/-440 -455/-455/-455 -441/-441/-441
f -439/-439/-439 -464/-464/-464 -472/-472/-472
f -472/-472/-472 -438/-438/-438 -439/-439/-439
f -465/-465/-465 -464/-464/-464 -439/-439/-439
f -465/-465/-465 -439/-439/-439 -468/-468/-468
f -439/-439/-439 -437/-437/-437 -468/-468/-468
f -438/-438/-438 -437/-437/-437 -439/-439/-439
f -468/-468/-468 -437/-437/-437 -470/-470/-470
f -438/-438/-438 -436/-436/-436 -435/-435/-435
f -435/-435/-435 -434/-434/-434 -433/-433/-433
f -434/-434/-434 -471/-471/-471 -432/-432/-432
f -471/-471/-471 -431/-431/-431 -430/-430/-430
f -431/-431/-431 -471/-471/-471 -429/-429/-429
f -428/-428/-428 -429/-429/-429 -471/-471/-471
f -471/-471/-471 -430/-430/-430 -469/-469/-469
f -427/-427/-427 -428/-428/-428 -471/-471/-471
f -470/-470/-470 -426/-426/-426 -473/-473/-473
f -424/-424/-424 -435/-435/-435 -425/-425/-425
f -422/-422/-422 -425/-425/-425 -423/-423/-423
f -419/-419/-419 -421/-421/-421 -420/-420/-420
f -417/-417/-417 -418/-418/-418 -421/-421/-421
f -415/-415/-415 -419/-419/-419 -416/-416/-416
f -413/-413/-413 -414/-414/-414 -416/-416/-416
f -1069/-1069/-1069 -412/-412/-412 -411/-411/-411
f -408/-408/-408 -410/-410/-410 -409/-409/-409
f -406/-406/-406 -407/-407/-407 -818/-818/-818
f -1086/-1086/-1086 -1105/-1105/-1105 -1106/-1106/-1106
f -717/-717/-717 -405/-405/-405 -404/-404/-404
f -405/-405/-405 -700/-700/-700 -404/-404/-404
f -402/-402/-402 -700/-700/-700 -403/-403/-403
f -399/-399/-399 -401/-401/-401 -400/-400/-400
f -397/-397/-397 -976/-976/-976 -398/-398/-398
f -397/-397/-397 -398/-398/-398 -981/-981/-981
f -981/-981/-981 -398/-398/-398 -396/-396/-396
f -398/-398/-398 -970/-970/-970 -395/-395/-395
f -398/-398/-398 -394/-394/-394 -970/-970/-970
f -392/-392/-392 -970/-970/-970 -393/-393/-393
f -389/-389/-389 -391/-391/-391 -390/-390/-390
f -691/-691/-691 -388/-388/-388 -695/-695/-695
f -701/-701/-701 -695/-695/-695 -388/-388/-388
f -385/-385/-385 -387/-387/-387 -386/-386/-386
f -382/-382/-382 -384/-384/-384 -383/-383/-383
f -379/-379/-379 -381/-381/-381 -380/-380/-380
f -376/-376/-376 -378/-378/-378 -377/-377/-377
f -374/-374/-374 -900/-900/-900 -375/-375/-375
f -371/-371/-371 -373/-373/-373 -372/-372/-372
f -369/-369/-369 -370/-370/-370 -371/-371/-371
f -367/-367/-367 -368/-368/-368 -924/-924/-924
f -364/-364/-364 -366/-366/-366 -365/-365/-365
f -361/-361/-361 -363/-363/-363 -362/-362/-362
f -358/-358/-358 -360/-360/-360 -359/-359/-359
f -921/-921/-921 -357/-357/-357 -356/-356/-356
f -1060/-1060/-1060 -1059/-1059/-1059 -355/-355/-355
f -352/-352/-352 -354/-354/-354 -353/-353/-353
f -349/-349/-349 -351/-351/-351 -350/-350/-350
f -347/-347/-347 -348/-348/-348 -449/-449/-449
f -344/-344/-344 -346/-346/-346 -345/-345/-345
f -342/-342/-342 -343/-343/-343 -802/-802/-802
f -343/-343/-343 -814/-814/-814 -802/-802/-802
f -825/-825/-825 -341/-341/-341 -342/-342/-342
f -339/-339/-339 -1022/-1022/-1022 -340/-340/-340
f -336/-336/-336 -338/-338/-338 -337/-337/-337
f -333/-333/-333 -335/-335/-335 -334/-334/-334
f -331/-331/-331 -833/-833/-833 -332/-332/-332
f -1019/-1019/-1019 -993/-993/-993 -1018/-1018/-1018
f -328/-328/-328 -330/-330/-330 -329/-329/-329
f -326/-326/-326 -327/-327/-327 -938/-938/-938
f -323/-323/-323 -325/-325/-325 -324/-324/-324
f -320/-320/-320 -322/-322/-322 -321/-321/-321
f -322/-322/-322 -319/-319/-319 -321/-321/-321
f -322/-322/-322 -318/-318/-318 -317/-317/-317
f -317/-317/-317 -316/-316/-316 -315/-315/-315
f -314/-314/-314 -317/-317/-317 -315/-315/-315
f -311/-311/-311 -313/-313/-313 -312/-312/-312
f -312/-312/-312 -310/-310/-310 -311/-311/-311
f -308/-308/-308 -309/-309/-309 -312/-312/-312
f -308/-308/-308 -307/-307/-307 -306/-306/-306
f -305/-305/-305 -308/-308/-308 -306/-306/-306
f -302/-302/-302 -304/-304/-304 -303/-303/-303
f -303/-303/-303 -301/-301/-301 -302/-302/-302
f -299/-299/-299 -300/-300/-300 -302/-302/-302
f -297/-297/-297 -298/-298/-298 -300/-300/-300
f -296/-296/-296 -300/-300/-300 -298/-298/-298
f -293/-293/-293 -295/-295/-295 -294/-294/-294
f -294/-294/-294 -292/-292/-292 -293/-293/-293
f -290/-290/-290 -293/-293/-293 -291/-291/-291
f -288/-288/-288 -290/-290/-290 -289/-289/-289
f -287/-287/-287 -289/-289/-289 -290/-290/-290
f -284/-284/-284 -286/-286/-286 -285/-285/-285
f -283/-283/-283 -284/-284/-284 -285/-285/-285
f -281/-281/-281 -282/-282/-282 -285/-285/-285
f -282/-282/-282 -280/-280/-280 -279/-279/-279
f -278/-278/-278 -282/-282/-282 -279/-279/-279
f -275/-275/-275 -277/-277/-277 -276/-276/-276
f -277/-277/-277 -274/-274/-274 -276/-276/-276
f -272/-272/-272 -273/-273/-273 -276/-276/-276
f -270/-270/-270 -271/-271/-271 -272/-272/-272
f -272/-272/-272 -269/-269/-269 -270/-270/-270
f -266/-266/-266 -268/-268/-268 -267/-267/-267
f -267/-267/-267 -265/-265/-265 -266/-266/-266
f -263/-263/-263 -264/-264/-264 -267/-267/-267
f -261/-261/-261 -262/-262/-262 -263/-263/-263
f -260/-260/-260 -263/-263/-263 -262/-262/-262
f -257/-257/-257 -259/-259/-259 -258/-258/-258
f -256/-256/-256 -257/-257/-257 -258/-258/-258
f -254/-254/-254 -258/-258/-258 -255/-255/-255
f -252/-252/-252 -253/-253/-253 -255/-255/-255
f -253/-253/-253 -251/-251/-251 -255/-255/-255
f -248/-248/-248 -250/-250/-250 -249/-249/-249
f -247/-247/-247 -248/-248/-248 -249/-249/-249
f -245/-245/-245 -249/-249/-249 -246/-246/-246
f -246/-246/-246 -250/-250/-250 -244/-244/-244
f -244/-244/-244 -243/-243/-243 -246/-246/-246
f -240/-240/-240 -242/-242/-242 -241/-241/-241
f -239/-239/-239 -240/-240/-240 -241/-241/-241
f -237/-237/-237 -238/-238/-238 -241/-241/-241
f -235/-235/-235 -236/-236/-236 -238/-238/-238
f -236/-236/-236 -234/-234/-234 -238/-238/-238
f -232/-232/-232 -595/-595/-595 -233/-233/-233
f -229/-229/-229 -231/-231/-231 -230/-230/-230
f -230/-230/-230 -228/-228/-228 -229/-229/-229
f -225/-225/-225 -227/-227/-227 -226/-226/-226
f -224/-224/-224 -227/-227/-227 -225/-225/-225
f -224/-224/-224 -223/-223/-223 -227/-227/-227
f -227/-227/-227 -223/-223/-223 -222/-222/-222
f -221/-221/-221 -222/-222/-222 -223/-223/-223
f -220/-220/-220 -222/-222/-222 -221/-221/-221
f -221/-221/-221 -219/-219/-219 -220/-220/-220
f -220/-220/-220 -219/-219/-219 -218/-218/-218
f -215/-215/-215 -217/-217/-217 -216/-216/-216
f -214/-214/-214 -215/-215/-215 -216/-216/-216
f -1256/-1256/-1256 -213/-213/-213 -212/-212/-212
f -210/-210/-210 -1256/-1256/-1256 -211/-211/-211
f -1226/-1226/-1226 -209/-209/-209 -208/-208/-208
f -1225/-1225/-1225 -1226/-1226/-1226 -208/-208/-208
f -205/-205/-205 -207/-207/-207 -206/-206/-206
f -204/-204/-204 -205/-205/-205 -206/-206/-206
f -1230/-1230/-1230 -203/-203/-203 -1245/-1245/-1245
f -201/-201/-201 -1230/-1230/-1230 -202/-202/-202
f -198/-198/-198 -200/-200/-200 -199/-199/-199
f -197/-197/-197 -198/-198/-198 -199/-199/-199
f -1244/-1244/-1244 -200/-200/-200 -196/-196/-196
f -200/-200/-200 -1244/-1244/-1244 -195/-195/-195
f -192/-192/-192 -194/-194/-194 -193/-193/-193
f -191/-191/-191 -194/-194/-194 -192/-192/-192
f -189/-189/-189 -190/-190/-190 -194/-194/-194
f -188/-188/-188 -190/-190/-190 -189/-189/-189
f -186/-186/-186 -187/-187/-187 -190/-190/-190
f -185/-185/-185 -187/-187/-187 -186/-186/-186
f -182/-182/-182 -184/-184/-184 -183/-183/-183
f -179/-179/-179 -181/-181/-181 -180/-180/-180
f -178/-178/-178 -181/-181/-181 -179/-179/-179
f -176/-176/-176 -177/-177/-177 -1189/-1189/-1189
f -175/-175/-175 -177/-177/-177 -176/-176/-176
f -175/-175/-175 -1198/-1198/-1198 -177/-177/-177
f -174/-174/-174 -1198/-1198/-1198 -175/-175/-175
f -175/-175/-175 -176/-176/-176 -174/-174/-174
f -174/-174/-174 -1194/-1194/-1194 -1198/-1198/-1198
f -173/-173/-173 -1194/-1194/-1194 -174/-174/-174
f -174/-174/-174 -176/-176/-176 -173/-173/-173
f -172/-172/-172 -1189/-1189/-1189 -1194/-1194/-1194
f -171/-171/-171 -1189/-1189/-1189 -177/-177/-177
f -171/-171/-171 -177/-177/-177 -170/-170/-170
f -170/-170/-170 -177/-177/-177 -169/-169/-169
f -170/-170/-170 -169/-169/-169 -168/-168/-168
f -170/-170/-170 -168/-168/-168 -171/-171/-171
f -168/-168/-168 -169/-169/-169 -1187/-1187/-1187
f -167/-167/-167 -1189/-1189/-1189 -171/-171/-171
f -171/-171/-171 -168/-168/-168 -167/-167/-167
f -1200/-1200/-1200 -177/-177/-177 -1198/-1198/-1198
f -590/-590/-590 -177/-177/-177 -1200/-1200/-1200
f -590/-590/-590 -169/-169/-169 -177/-177/-177
f -166/-166/-166 -169/-169/-169 -590/-590/-590
f -165/-165/-165 -166/-166/-166 -590/-590/-590
f -164/-164/-164 -166/-166/-166 -165/-165/-165
f -161/-161/-161 -163/-163/-163 -162/-162/-162
f -159/-159/-159 -160/-160/-160 -1189/-1189/-1189
f -158/-158/-158 -160/-160/-160 -159/-159/-159
f -155/-155/-155 -157/-157/-157 -156/-156/-156
f -154/-154/-154 -156/-156/-156 -157/-157/-157
f -1229/-1229/-1229 -153/-153/-153 -152/-152/-152
f -1204/-1204/-1204 -151/-151/-151 -150/-150/-150
f -1201/-1201/-1201 -1204/-1204/-1204 -150/-150/-150
f -589/-589/-589 -605/-605/-605 -606/-606/-606
f -606/-606/-606 -594/-594/-594 -589/-589/-589
f -148/-148/-148 -605/-605/-605 -149/-149/-149
f -1159/-1159/-1159 -1172/-1172/-1172 -1158/-1158/-1158
f -145/-145/-145 -147/-147/-147 -146/-146/-146
f -144/-144/-144 -147/-147/-147 -145/-145/-145
f -144/-144/-144 -143/-143/-143 -147/-147/-147
f -142/-142/-142 -143/-143/-143 -144/-144/-144
f -142/-142/-142 -141/-141/-141 -143/-143/-143
f -140/-140/-140 -141/-141/-141 -142/-142/-142
f -140/-140/-140 -139/-139/-139 -141/-141/-141
f -138/-138/-138 -139/-139/-139 -140/-140/-140
f -138/-138/-138 -137/-137/-137 -139/-139/-139
f -136/-136/-136 -137/-137/-137 -138/-138/-138
f -136/-136/-136 -135/-135/-135 -137/-137/-137
f -134/-134/-134 -135/-135/-135 -136/-136/-136
f -134/-134/-134 -133/-133/-133 -135/-135/-135
f -132/-132/-132 -133/-133/-133 -134/-134/-134
f -132/-132/-132 -131/-131/-131 -133/-133/-133
f -130/-130/-130 -131/-131/-131 -132/-132/-132
f -2891/-2891/-2891 -3467/-3467/-3467 -3468/-3468/-3468
f -2891/-2891/-2891 -3468/-3468/-3468 -3769/-3769/-3769
f -2891/-2891/-2891 -2892/-2892/-2892 -3467/-3467/-3467
f -3467/-3467/-3467 -2892/-2892/-2892 -2878/-2878/-2878
f -3468/-3468/-3468 -3471/-3471/-3471 -3769/-3769/-3769
f -3769/-3769/-3769 -3471/-3471/-3471 -3768/-3768/-3768
f -3471/-3471/-3471 -3469/-3469/-3469 -3768/-3768/-3768
f -3768/-3768/-3768 -3469/-3469/-3469 -3780/-3780/-3780
f -2875/-2875/-2875 -2892/-2892/-2892 -2881/-2881/-2881
f -127/-127/-127 -129/-129/-129 -128/-128/-128
f -128/-128/-128 -126/-126/-126 -127/-127/-127
f -125/-125/-125 -126/-126/-126 -128/-128/-128
f -126/-126/-126 -124/-124/-124 -127/-127/-127
f -127/-127/-127 -124/-124/-124 -123/-123/-123
f -123/-123/-123 -122/-122/-122 -127/-127/-127
f -124/-124/-124 -121/-121/-121 -123/-123/-123
f -123/-123/-123 -121/-121/-121 -120/-120/-120
f -120/-120/-120 -119/-119/-119 -123/-123/-123
f -121/-121/-121 -118/-118/-118 -120/-120/-120
f -120/-120/-120 -118/-118/-118 -117/-117/-117
f -117/-117/-117 -116/-116/-116 -120/-120/-120
f -118/-118/-118 -115/-115/-115 -117/-117/-117
f -117/-117/-117 -115/-115/-115 -114/-114/-114
f -114/-114/-114 -113/-113/-113 -117/-117/-117
f -115/-115/-115 -112/-112/-112 -114/-114/-114
f -114/-114/-114 -112/-112/-112 -111/-111/-111
f -111/-111/-111 -110/-110/-110 -114/-114/-114
f -112/-112/-112 -109/-109/-109 -111/-111/-111
f -111/-111/-111 -109/-109/-109 -108/-108/-108
f -108/-108/-108 -107/-107/-107 -111/-111/-111
f -109/-109/-109 -106/-106/-106 -108/-108/-108
f -108/-108/-108 -106/-106/-106 -105/-105/-105
f -105/-105/-105 -104/-104/-104 -108/-108/-108
f -106/-106/-106 -103/-103/-103 -105/-105/-105
f -105/-105/-105 -103/-103/-103 -102/-102/-102
f -102/-102/-102 -101/-101/-101 -105/-105/-105
f -103/-103/-103 -100/-100/-100 -102/-102/-102
f -102/-102/-102 -100/-100/-100 -99/-99/-99
f -99/-99/-99 -98/-98/-98 -102/-102/-102
f -112/-112/-112 -97/-97/-97 -109/-109/-109
f -96/-96/-96 -97/-97/-97 -112/-112/-112
f -115/-115/-115 -96/-96/-96 -112/-112/-112
f -95/-95/-95 -96/-96/-96 -115/-115/-115
f -118/-118/-118 -95/-95/-95 -115/-115/-115
f -94/-94/-94 -95/-95/-95 -118/-118/-118
f -121/-121/-121 -94/-94/-94 -118/-118/-118
f -93/-93/-93 -94/-94/-94 -121/-121/-121
f -124/-124/-124 -93/-93/-93 -121/-121/-121
f -92/-92/-92 -93/-93/-93 -124/-124/-124
f -126/-126/-126 -92/-92/-92 -124/-124/-124
f -91/-91/-91 -92/-92/-92 -126/-126/-126
f -125/-125/-125 -91/-91/-91 -126/-126/-126
f -90/-90/-90 -91/-91/-91 -125/-125/-125
f -90/-90/-90 -89/-89/-89 -91/-91/-91
f -88/-88/-88 -89/-89/-89 -90/-90/-90
f -91/-91/-91 -87/-87/-87 -92/-92/-92
f -89/-89/-89 -87/-87/-87 -91/-91/-91
f -92/-92/-92 -86/-86/-86 -93/-93/-93
f -87/-87/-87 -86/-86/-86 -92/-92/-92
f -93/-93/-93 -85/-85/-85 -94/-94/-94
f -86/-86/-86 -85/-85/-85 -93/-93/-93
f -94/-94/-94 -84/-84/-84 -95/-95/-95
f -85/-85/-85 -84/-84/-84 -94/-94/-94
f -84/-84/-84 -83/-83/-83 -95/-95/-95
f -95/-95/-95 -83/-83/-83 -96/-96/-96
f -83/-83/-83 -82/-82/-82 -96/-96/-96
f -96/-96/-96 -82/-82/-82 -97/-97/-97
f -82/-82/-82 -81/-81/-81 -97/-97/-97
f -97/-97/-97 -81/-81/-81 -80/-80/-80
f -97/-97/-97 -80/-80/-80 -109/-109/-109
f -109/-109/-109 -80/-80/-80 -106/-106/-106
f -80/-80/-80 -79/-79/-79 -106/-106/-106
f -106/-106/-106 -79/-79/-79 -103/-103/-103
f -79/-79/-79 -78/-78/-78 -103/-103/-103
f -103/-103/-103 -78/-78/-78 -100/-100/-100
f -80/-80/-80 -77/-77/-77 -79/-79/-79
f -81/-81/-81 -77/-77/-77 -80/-80/-80
f -79/-79/-79 -76/-76/-76 -78/-78/-78
f -77/-77/-77 -76/-76/-76 -79/-79/-79
f -84/-84/-84 -75/-75/-75 -83/-83/-83
f -83/-83/-83 -74/-74/-74 -82/-82/-82
f -82/-82/-82 -73/-73/-73 -81/-81/-81
f -81/-81/-81 -72/-72/-72 -77/-77/-77
f -77/-77/-77 -71/-71/-71 -76/-76/-76
f -85/-85/-85 -70/-70/-70 -84/-84/-84
f -86/-86/-86 -69/-69/-69 -85/-85/-85
f -87/-87/-87 -68/-68/-68 -86/-86/-86
f -89/-89/-89 -67/-67/-67 -87/-87/-87
f -88/-88/-88 -66/-66/-66 -89/-89/-89
f -63/-63/-63 -65/-65/-65 -64/-64/-64
f -64/-64/-64 -62/-62/-62 -63/-63/-63
f -61/-61/-61 -62/-62/-62 -64/-64/-64
f -62/-62/-62 -60/-60/-60 -63/-63/-63
f -63/-63/-63 -60/-60/-60 -59/-59/-59
f -59/-59/-59 -58/-58/-58 -63/-63/-63
f -60/-60/-60 -57/-57/-57 -59/-59/-59
f -59/-59/-59 -57/-57/-57 -56/-56/-56
f -56/-56/-56 -55/-55/-55 -59/-59/-59
f -57/-57/-57 -54/-54/-54 -56/-56/-56
f -56/-56/-56 -54/-54/-54 -53/-53/-53
f -53/-53/-53 -52/-52/-52 -56/-56/-56
f -54/-54/-54 -51/-51/-51 -53/-53/-53
f -53/-53/-53 -51/-51/-51 -50/-50/-50
f -50/-50/-50 -49/-49/-49 -53/-53/-53
f -51/-51/-51 -48/-48/-48 -50/-50/-50
f -50/-50/-50 -48/-48/-48 -47/-47/-47
f -47/-47/-47 -46/-46/-46 -50/-50/-50
f -48/-48/-48 -45/-45/-45 -47/-47/-47
f -47/-47/-47 -45/-45/-45 -44/-44/-44
f -44/-44/-44 -43/-43/-43 -47/-47/-47
f -45/-45/-45 -42/-42/-42 -44/-44/-44
f -44/-44/-44 -42/-42/-42 -41/-41/-41
f -41/-41/-41 -40/-40/-40 -44/-44/-44
f -42/-42/-42 -39/-39/-39 -41/-41/-41
f -41/-41/-41 -39/-39/-39 -38/-38/-38
f -38/-38/-38 -37/-37/-37 -41/-41/-41
f -39/-39/-39 -36/-36/-36 -38/-38/-38
f -38/-38/-38 -36/-36/-36 -35/-35/-35
f -35/-35/-35 -34/-34/-34 -38/-38/-38
f -48/-48/-48 -33/-33/-33 -45/-45/-45
f -32/-32/-32 -33/-33/-33 -48/-48/-48
f -51/-51/-51 -32/-32/-32 -48/-48/-48
f -31/-31/-31 -32/-32/-32 -51/-51/-51
f -54/-54/-54 -31/-31/-31 -51/-51/-51
f -30/-30/-30 -31/-31/-31 -54/-54/-54
f -57/-57/-57 -30/-30/-30 -54/-54/-54
f -29/-29/-29 -30/-30/-30 -57/-57/-57
f -60/-60/-60 -29/-29/-29 -57/-57/-57
f -28/-28/-28 -29/-29/-29 -60/-60/-60
f -62/-62/-62 -28/-28/-28 -60/-60/-60
f -27/-27/-27 -28/-28/-28 -62/-62/-62
f -61/-61/-61 -27/-27/-27 -62/-62/-62
f -26/-26/-26 -27/-27/-27 -61/-61/-61
f -26/-26/-26 -25/-25/-25 -27/-27/-27
f -24/-24/-24 -25/-25/-25 -26/-26/-26
f -27/-27/-27 -23/-23/-23 -28/-28/-28
f -25/-25/-25 -23/-23/-23 -27/-27/-27
f -28/-28/-28 -22/-22/-22 -29/-29/-29
f -23/-23/-23 -22/-22/-22 -28/-28/-28
f -29/-29/-29 -21/-21/-21 -30/-30/-30
f -22/-22/-22 -21/-21/-21 -29/-29/-29
f -30/-30/-30 -20/-20/-20 -31/-31/-31
f -21/-21/-21 -20/-20/-20 -30/-30/-30
f -20/-20/-20 -19/-19/-19 -31/-31/-31
f -31/-31/-31 -19/-19/-19 -32/-32/-32
f -19/-19/-19 -18/-18/-18 -32/-32/-32
f -32/-32/-32 -18/-18/-18 -33/-33/-33
f -18/-18/-18 -17/-17/-17 -33/-33/-33
f -33/-33/-33 -17/-17/-17 -16/-16/-16
f -33/-33/-33 -16/-16/-16 -45/-45/-45
f -45/-45/-45 -16/-16/-16 -42/-42/-42
f -16/-16/-16 -15/-15/-15 -42/-42/-42
f -42/-42/-42 -15/-15/-15 -39/-39/-39
f -15/-15/-15 -14/-14/-14 -39/-39/-39
f -39/-39/-39 -14/-14/-14 -36/-36/-36
f -16/-16/-16 -13/-13/-13 -15/-15/-15
f -17/-17/-17 -13/-13/-13 -16/-16/-16
f -15/-15/-15 -12/-12/-12 -14/-14/-14
f -13/-13/-13 -12/-12/-12 -15/-15/-15
f -20/-20/-20 -11/-11/-11 -19/-19/-19
f -19/-19/-19 -10/-10/-10 -18/-18/-18
f -18/-18/-18 -9/-9/-9 -17/-17/-17
f -17/-17/-17 -8/-8/-8 -13/-13/-13
f -13/-13/-13 -7/-7/-7 -12/-12/-12
f -21/-21/-21 -6/-6/-6 -20/-20/-20
f -22/-22/-22 -5/-5/-5 -21/-21/-21
f -23/-23/-23 -4/-4/-4 -22/-22/-22
f -25/-25/-25 -3/-3/-3 -23/-23/-23
f -24/-24/-24 -2/-2/-2 -25/-25/-25
f -1/-1/-1 -1970/-1970/-1970 -1967/-1967/-1967

# --- zbase: round base added by build_models.py (r=0.80000, t=0.11429, model units) ---
s off
v 0.813860 -0.086400 0.369990
v 0.807016 -0.086400 0.474411
v 0.786601 -0.086400 0.577045
v 0.752964 -0.086400 0.676137
v 0.706680 -0.086400 0.769990
v 0.648543 -0.086400 0.856999
v 0.579545 -0.086400 0.935675
v 0.500869 -0.086400 1.004673
v 0.413860 -0.086400 1.062810
v 0.320007 -0.086400 1.109094
v 0.220915 -0.086400 1.142731
v 0.118281 -0.086400 1.163146
v 0.013860 -0.086400 1.169990
v -0.090561 -0.086400 1.163146
v -0.193195 -0.086400 1.142731
v -0.292287 -0.086400 1.109094
v -0.386140 -0.086400 1.062810
v -0.473149 -0.086400 1.004673
v -0.551825 -0.086400 0.935675
v -0.620823 -0.086400 0.856999
v -0.678960 -0.086400 0.769990
v -0.725244 -0.086400 0.676137
v -0.758881 -0.086400 0.577045
v -0.779296 -0.086400 0.474411
v -0.786140 -0.086400 0.369990
v -0.779296 -0.086400 0.265569
v -0.758881 -0.086400 0.162935
v -0.725244 -0.086400 0.063843
v -0.678960 -0.086400 -0.030010
v -0.620823 -0.086400 -0.117019
v -0.551825 -0.086400 -0.195695
v -0.473149 -0.086400 -0.264693
v -0.386140 -0.086400 -0.322830
v -0.292287 -0.086400 -0.369114
v -0.193195 -0.086400 -0.402751
v -0.090561 -0.086400 -0.423166
v 0.013860 -0.086400 -0.430010
v 0.118281 -0.086400 -0.423166
v 0.220915 -0.086400 -0.402751
v 0.320007 -0.086400 -0.369114
v 0.413860 -0.086400 -0.322830
v 0.500869 -0.086400 -0.264693
v 0.579545 -0.086400 -0.195695
v 0.648543 -0.086400 -0.117019
v 0.706680 -0.086400 -0.030010
v 0.752964 -0.086400 0.063843
v 0.786601 -0.086400 0.162935
v 0.807016 -0.086400 0.265569
v 0.813860 -0.000683 0.369990
v 0.807016 -0.000683 0.474411
v 0.786601 -0.000683 0.577045
v 0.752964 -0.000683 0.676137
v 0.706680 -0.000683 0.769990
v 0.648543 -0.000683 0.856999
v 0.579545 -0.000683 0.935675
v 0.500869 -0.000683 1.004673
v 0.413860 -0.000683 1.062810
v 0.320007 -0.000683 1.109094
v 0.220915 -0.000683 1.142731
v 0.118281 -0.000683 1.163146
v 0.013860 -0.000683 1.169990
v -0.090561 -0.000683 1.163146
v -0.193195 -0.000683 1.142731
v -0.292287 -0.000683 1.109094
v -0.386140 -0.000683 1.062810
v -0.473149 -0.000683 1.004673
v -0.551825 -0.000683 0.935675
v -0.620823 -0.000683 0.856999
v -0.678960 -0.000683 0.769990
v -0.725244 -0.000683 0.676137
v -0.758881 -0.000683 0.577045
v -0.779296 -0.000683 0.474411
v -0.786140 -0.000683 0.369990
v -0.779296 -0.000683 0.265569
v -0.758881 -0.000683 0.162935
v -0.725244 -0.000683 0.063843
v -0.678960 -0.000683 -0.030010
v -0.620823 -0.000683 -0.117019
v -0.551825 -0.000683 -0.195695
v -0.473149 -0.000683 -0.264693
v -0.386140 -0.000683 -0.322830
v -0.292287 -0.000683 -0.369114
v -0.193195 -0.000683 -0.402751
v -0.090561 -0.000683 -0.423166
v 0.013860 -0.000683 -0.430010
v 0.118281 -0.000683 -0.423166
v 0.220915 -0.000683 -0.402751
v 0.320007 -0.000683 -0.369114
v 0.413860 -0.000683 -0.322830
v 0.500869 -0.000683 -0.264693
v 0.579545 -0.000683 -0.195695
v 0.648543 -0.000683 -0.117019
v 0.706680 -0.000683 -0.030010
v 0.752964 -0.000683 0.063843
v 0.786601 -0.000683 0.162935
v 0.807016 -0.000683 0.265569
v 0.789860 0.027890 0.369990
v 0.783221 0.027890 0.471278
v 0.763418 0.027890 0.570834
v 0.730791 0.027890 0.666952
v 0.685896 0.027890 0.757990
v 0.629502 0.027890 0.842389
v 0.562575 0.027890 0.918705
v 0.486259 0.027890 0.985632
v 0.401860 0.027890 1.042026
v 0.310822 0.027890 1.086921
v 0.214704 0.027890 1.119548
v 0.115148 0.027890 1.139351
v 0.013860 0.027890 1.145990
v -0.087428 0.027890 1.139351
v -0.186984 0.027890 1.119548
v -0.283102 0.027890 1.086921
v -0.374140 0.027890 1.042026
v -0.458539 0.027890 0.985632
v -0.534855 0.027890 0.918705
v -0.601782 0.027890 0.842389
v -0.658176 0.027890 0.757990
v -0.703071 0.027890 0.666952
v -0.735698 0.027890 0.570834
v -0.755501 0.027890 0.471278
v -0.762140 0.027890 0.369990
v -0.755501 0.027890 0.268702
v -0.735698 0.027890 0.169146
v -0.703071 0.027890 0.073028
v -0.658176 0.027890 -0.018010
v -0.601782 0.027890 -0.102409
v -0.534855 0.027890 -0.178725
v -0.458539 0.027890 -0.245652
v -0.374140 0.027890 -0.302046
v -0.283102 0.027890 -0.346941
v -0.186984 0.027890 -0.379568
v -0.087428 0.027890 -0.399371
v 0.013860 0.027890 -0.406010
v 0.115148 0.027890 -0.399371
v 0.214704 0.027890 -0.379568
v 0.310822 0.027890 -0.346941
v 0.401860 0.027890 -0.302046
v 0.486259 0.027890 -0.245652
v 0.562575 0.027890 -0.178725
v 0.629502 0.027890 -0.102409
v 0.685896 0.027890 -0.018010
v 0.730791 0.027890 0.073028
v 0.763418 0.027890 0.169146
v 0.783221 0.027890 0.268702
v 0.013860 -0.086400 0.369990
v 0.013860 0.027890 0.369990
vt 0.402344 0.949219
vn 0 -1 0
vn 0 1 0
vn 1.000000 0 0.000000
vn 0.991445 0 0.130526
vn 0.965926 0 0.258819
vn 0.923880 0 0.382683
vn 0.866025 0 0.500000
vn 0.793353 0 0.608761
vn 0.707107 0 0.707107
vn 0.608761 0 0.793353
vn 0.500000 0 0.866025
vn 0.382683 0 0.923880
vn 0.258819 0 0.965926
vn 0.130526 0 0.991445
vn 0.000000 0 1.000000
vn -0.130526 0 0.991445
vn -0.258819 0 0.965926
vn -0.382683 0 0.923880
vn -0.500000 0 0.866025
vn -0.608761 0 0.793353
vn -0.707107 0 0.707107
vn -0.793353 0 0.608761
vn -0.866025 0 0.500000
vn -0.923880 0 0.382683
vn -0.965926 0 0.258819
vn -0.991445 0 0.130526
vn -1.000000 0 0.000000
vn -0.991445 0 -0.130526
vn -0.965926 0 -0.258819
vn -0.923880 0 -0.382683
vn -0.866025 0 -0.500000
vn -0.793353 0 -0.608761
vn -0.707107 0 -0.707107
vn -0.608761 0 -0.793353
vn -0.500000 0 -0.866025
vn -0.382683 0 -0.923880
vn -0.258819 0 -0.965926
vn -0.130526 0 -0.991445
vn -0.000000 0 -1.000000
vn 0.130526 0 -0.991445
vn 0.258819 0 -0.965926
vn 0.382683 0 -0.923880
vn 0.500000 0 -0.866025
vn 0.608761 0 -0.793353
vn 0.707107 0 -0.707107
vn 0.793353 0 -0.608761
vn 0.866025 0 -0.500000
vn 0.923880 0 -0.382683
vn 0.965926 0 -0.258819
vn 0.991445 0 -0.130526
vn 0.765717 0.643178 0.000000
vn 0.759166 0.643178 0.099946
vn 0.739626 0.643178 0.198182
vn 0.707430 0.643178 0.293027
vn 0.663130 0.643178 0.382858
vn 0.607484 0.643178 0.466139
vn 0.541444 0.643178 0.541444
vn 0.466139 0.643178 0.607484
vn 0.382858 0.643178 0.663130
vn 0.293027 0.643178 0.707430
vn 0.198182 0.643178 0.739626
vn 0.099946 0.643178 0.759166
vn 0.000000 0.643178 0.765717
vn -0.099946 0.643178 0.759166
vn -0.198182 0.643178 0.739626
vn -0.293027 0.643178 0.707430
vn -0.382858 0.643178 0.663130
vn -0.466139 0.643178 0.607484
vn -0.541444 0.643178 0.541444
vn -0.607484 0.643178 0.466139
vn -0.663130 0.643178 0.382858
vn -0.707430 0.643178 0.293027
vn -0.739626 0.643178 0.198182
vn -0.759166 0.643178 0.099946
vn -0.765717 0.643178 0.000000
vn -0.759166 0.643178 -0.099946
vn -0.739626 0.643178 -0.198182
vn -0.707430 0.643178 -0.293027
vn -0.663130 0.643178 -0.382858
vn -0.607484 0.643178 -0.466139
vn -0.541444 0.643178 -0.541444
vn -0.466139 0.643178 -0.607484
vn -0.382858 0.643178 -0.663130
vn -0.293027 0.643178 -0.707430
vn -0.198182 0.643178 -0.739626
vn -0.099946 0.643178 -0.759166
vn -0.000000 0.643178 -0.765717
vn 0.099946 0.643178 -0.759166
vn 0.198182 0.643178 -0.739626
vn 0.293027 0.643178 -0.707430
vn 0.382858 0.643178 -0.663130
vn 0.466139 0.643178 -0.607484
vn 0.541444 0.643178 -0.541444
vn 0.607484 0.643178 -0.466139
vn 0.663130 0.643178 -0.382858
vn 0.707430 0.643178 -0.293027
vn 0.739626 0.643178 -0.198182
vn 0.759166 0.643178 -0.099946
f 5667/5523/5523 5523/5523/5523 5524/5523/5523
f 5523/5523/5525 5571/5523/5525 5572/5523/5526 5524/5523/5526
f 5571/5523/5573 5619/5523/5573 5620/5523/5574 5572/5523/5574
f 5668/5523/5524 5620/5523/5524 5619/5523/5524
f 5667/5523/5523 5524/5523/5523 5525/5523/5523
f 5524/5523/5526 5572/5523/5526 5573/5523/5527 5525/5523/5527
f 5572/5523/5574 5620/5523/5574 5621/5523/5575 5573/5523/5575
f 5668/5523/5524 5621/5523/5524 5620/5523/5524
f 5667/5523/5523 5525/5523/5523 5526/5523/5523
f 5525/5523/5527 5573/5523/5527 5574/5523/5528 5526/5523/5528
f 5573/5523/5575 5621/5523/5575 5622/5523/5576 5574/5523/5576
f 5668/5523/5524 5622/5523/5524 5621/5523/5524
f 5667/5523/5523 5526/5523/5523 5527/5523/5523
f 5526/5523/5528 5574/5523/5528 5575/5523/5529 5527/5523/5529
f 5574/5523/5576 5622/5523/5576 5623/5523/5577 5575/5523/5577
f 5668/5523/5524 5623/5523/5524 5622/5523/5524
f 5667/5523/5523 5527/5523/5523 5528/5523/5523
f 5527/5523/5529 5575/5523/5529 5576/5523/5530 5528/5523/5530
f 5575/5523/5577 5623/5523/5577 5624/5523/5578 5576/5523/5578
f 5668/5523/5524 5624/5523/5524 5623/5523/5524
f 5667/5523/5523 5528/5523/5523 5529/5523/5523
f 5528/5523/5530 5576/5523/5530 5577/5523/5531 5529/5523/5531
f 5576/5523/5578 5624/5523/5578 5625/5523/5579 5577/5523/5579
f 5668/5523/5524 5625/5523/5524 5624/5523/5524
f 5667/5523/5523 5529/5523/5523 5530/5523/5523
f 5529/5523/5531 5577/5523/5531 5578/5523/5532 5530/5523/5532
f 5577/5523/5579 5625/5523/5579 5626/5523/5580 5578/5523/5580
f 5668/5523/5524 5626/5523/5524 5625/5523/5524
f 5667/5523/5523 5530/5523/5523 5531/5523/5523
f 5530/5523/5532 5578/5523/5532 5579/5523/5533 5531/5523/5533
f 5578/5523/5580 5626/5523/5580 5627/5523/5581 5579/5523/5581
f 5668/5523/5524 5627/5523/5524 5626/5523/5524
f 5667/5523/5523 5531/5523/5523 5532/5523/5523
f 5531/5523/5533 5579/5523/5533 5580/5523/5534 5532/5523/5534
f 5579/5523/5581 5627/5523/5581 5628/5523/5582 5580/5523/5582
f 5668/5523/5524 5628/5523/5524 5627/5523/5524
f 5667/5523/5523 5532/5523/5523 5533/5523/5523
f 5532/5523/5534 5580/5523/5534 5581/5523/5535 5533/5523/5535
f 5580/5523/5582 5628/5523/5582 5629/5523/5583 5581/5523/5583
f 5668/5523/5524 5629/5523/5524 5628/5523/5524
f 5667/5523/5523 5533/5523/5523 5534/5523/5523
f 5533/5523/5535 5581/5523/5535 5582/5523/5536 5534/5523/5536
f 5581/5523/5583 5629/5523/5583 5630/5523/5584 5582/5523/5584
f 5668/5523/5524 5630/5523/5524 5629/5523/5524
f 5667/5523/5523 5534/5523/5523 5535/5523/5523
f 5534/5523/5536 5582/5523/5536 5583/5523/5537 5535/5523/5537
f 5582/5523/5584 5630/5523/5584 5631/5523/5585 5583/5523/5585
f 5668/5523/5524 5631/5523/5524 5630/5523/5524
f 5667/5523/5523 5535/5523/5523 5536/5523/5523
f 5535/5523/5537 5583/5523/5537 5584/5523/5538 5536/5523/5538
f 5583/5523/5585 5631/5523/5585 5632/5523/5586 5584/5523/5586
f 5668/5523/5524 5632/5523/5524 5631/5523/5524
f 5667/5523/5523 5536/5523/5523 5537/5523/5523
f 5536/5523/5538 5584/5523/5538 5585/5523/5539 5537/5523/5539
f 5584/5523/5586 5632/5523/5586 5633/5523/5587 5585/5523/5587
f 5668/5523/5524 5633/5523/5524 5632/5523/5524
f 5667/5523/5523 5537/5523/5523 5538/5523/5523
f 5537/5523/5539 5585/5523/5539 5586/5523/5540 5538/5523/5540
f 5585/5523/5587 5633/5523/5587 5634/5523/5588 5586/5523/5588
f 5668/5523/5524 5634/5523/5524 5633/5523/5524
f 5667/5523/5523 5538/5523/5523 5539/5523/5523
f 5538/5523/5540 5586/5523/5540 5587/5523/5541 5539/5523/5541
f 5586/5523/5588 5634/5523/5588 5635/5523/5589 5587/5523/5589
f 5668/5523/5524 5635/5523/5524 5634/5523/5524
f 5667/5523/5523 5539/5523/5523 5540/5523/5523
f 5539/5523/5541 5587/5523/5541 5588/5523/5542 5540/5523/5542
f 5587/5523/5589 5635/5523/5589 5636/5523/5590 5588/5523/5590
f 5668/5523/5524 5636/5523/5524 5635/5523/5524
f 5667/5523/5523 5540/5523/5523 5541/5523/5523
f 5540/5523/5542 5588/5523/5542 5589/5523/5543 5541/5523/5543
f 5588/5523/5590 5636/5523/5590 5637/5523/5591 5589/5523/5591
f 5668/5523/5524 5637/5523/5524 5636/5523/5524
f 5667/5523/5523 5541/5523/5523 5542/5523/5523
f 5541/5523/5543 5589/5523/5543 5590/5523/5544 5542/5523/5544
f 5589/5523/5591 5637/5523/5591 5638/5523/5592 5590/5523/5592
f 5668/5523/5524 5638/5523/5524 5637/5523/5524
f 5667/5523/5523 5542/5523/5523 5543/5523/5523
f 5542/5523/5544 5590/5523/5544 5591/5523/5545 5543/5523/5545
f 5590/5523/5592 5638/5523/5592 5639/5523/5593 5591/5523/5593
f 5668/5523/5524 5639/5523/5524 5638/5523/5524
f 5667/5523/5523 5543/5523/5523 5544/5523/5523
f 5543/5523/5545 5591/5523/5545 5592/5523/5546 5544/5523/5546
f 5591/5523/5593 5639/5523/5593 5640/5523/5594 5592/5523/5594
f 5668/5523/5524 5640/5523/5524 5639/5523/5524
f 5667/5523/5523 5544/5523/5523 5545/5523/5523
f 5544/5523/5546 5592/5523/5546 5593/5523/5547 5545/5523/5547
f 5592/5523/5594 5640/5523/5594 5641/5523/5595 5593/5523/5595
f 5668/5523/5524 5641/5523/5524 5640/5523/5524
f 5667/5523/5523 5545/5523/5523 5546/5523/5523
f 5545/5523/5547 5593/5523/5547 5594/5523/5548 5546/5523/5548
f 5593/5523/5595 5641/5523/5595 5642/5523/5596 5594/5523/5596
f 5668/5523/5524 5642/5523/5524 5641/5523/5524
f 5667/5523/5523 5546/5523/5523 5547/5523/5523
f 5546/5523/5548 5594/5523/5548 5595/5523/5549 5547/5523/5549
f 5594/5523/5596 5642/5523/5596 5643/5523/5597 5595/5523/5597
f 5668/5523/5524 5643/5523/5524 5642/5523/5524
f 5667/5523/5523 5547/5523/5523 5548/5523/5523
f 5547/5523/5549 5595/5523/5549 5596/5523/5550 5548/5523/5550
f 5595/5523/5597 5643/5523/5597 5644/5523/5598 5596/5523/5598
f 5668/5523/5524 5644/5523/5524 5643/5523/5524
f 5667/5523/5523 5548/5523/5523 5549/5523/5523
f 5548/5523/5550 5596/5523/5550 5597/5523/5551 5549/5523/5551
f 5596/5523/5598 5644/5523/5598 5645/5523/5599 5597/5523/5599
f 5668/5523/5524 5645/5523/5524 5644/5523/5524
f 5667/5523/5523 5549/5523/5523 5550/5523/5523
f 5549/5523/5551 5597/5523/5551 5598/5523/5552 5550/5523/5552
f 5597/5523/5599 5645/5523/5599 5646/5523/5600 5598/5523/5600
f 5668/5523/5524 5646/5523/5524 5645/5523/5524
f 5667/5523/5523 5550/5523/5523 5551/5523/5523
f 5550/5523/5552 5598/5523/5552 5599/5523/5553 5551/5523/5553
f 5598/5523/5600 5646/5523/5600 5647/5523/5601 5599/5523/5601
f 5668/5523/5524 5647/5523/5524 5646/5523/5524
f 5667/5523/5523 5551/5523/5523 5552/5523/5523
f 5551/5523/5553 5599/5523/5553 5600/5523/5554 5552/5523/5554
f 5599/5523/5601 5647/5523/5601 5648/5523/5602 5600/5523/5602
f 5668/5523/5524 5648/5523/5524 5647/5523/5524
f 5667/5523/5523 5552/5523/5523 5553/5523/5523
f 5552/5523/5554 5600/5523/5554 5601/5523/5555 5553/5523/5555
f 5600/5523/5602 5648/5523/5602 5649/5523/5603 5601/5523/5603
f 5668/5523/5524 5649/5523/5524 5648/5523/5524
f 5667/5523/5523 5553/5523/5523 5554/5523/5523
f 5553/5523/5555 5601/5523/5555 5602/5523/5556 5554/5523/5556
f 5601/5523/5603 5649/5523/5603 5650/5523/5604 5602/5523/5604
f 5668/5523/5524 5650/5523/5524 5649/5523/5524
f 5667/5523/5523 5554/5523/5523 5555/5523/5523
f 5554/5523/5556 5602/5523/5556 5603/5523/5557 5555/5523/5557
f 5602/5523/5604 5650/5523/5604 5651/5523/5605 5603/5523/5605
f 5668/5523/5524 5651/5523/5524 5650/5523/5524
f 5667/5523/5523 5555/5523/5523 5556/5523/5523
f 5555/5523/5557 5603/5523/5557 5604/5523/5558 5556/5523/5558
f 5603/5523/5605 5651/5523/5605 5652/5523/5606 5604/5523/5606
f 5668/5523/5524 5652/5523/5524 5651/5523/5524
f 5667/5523/5523 5556/5523/5523 5557/5523/5523
f 5556/5523/5558 5604/5523/5558 5605/5523/5559 5557/5523/5559
f 5604/5523/5606 5652/5523/5606 5653/5523/5607 5605/5523/5607
f 5668/5523/5524 5653/5523/5524 5652/5523/5524
f 5667/5523/5523 5557/5523/5523 5558/5523/5523
f 5557/5523/5559 5605/5523/5559 5606/5523/5560 5558/5523/5560
f 5605/5523/5607 5653/5523/5607 5654/5523/5608 5606/5523/5608
f 5668/5523/5524 5654/5523/5524 5653/5523/5524
f 5667/5523/5523 5558/5523/5523 5559/5523/5523
f 5558/5523/5560 5606/5523/5560 5607/5523/5561 5559/5523/5561
f 5606/5523/5608 5654/5523/5608 5655/5523/5609 5607/5523/5609
f 5668/5523/5524 5655/5523/5524 5654/5523/5524
f 5667/5523/5523 5559/5523/5523 5560/5523/5523
f 5559/5523/5561 5607/5523/5561 5608/5523/5562 5560/5523/5562
f 5607/5523/5609 5655/5523/5609 5656/5523/5610 5608/5523/5610
f 5668/5523/5524 5656/5523/5524 5655/5523/5524
f 5667/5523/5523 5560/5523/5523 5561/5523/5523
f 5560/5523/5562 5608/5523/5562 5609/5523/5563 5561/5523/5563
f 5608/5523/5610 5656/5523/5610 5657/5523/5611 5609/5523/5611
f 5668/5523/5524 5657/5523/5524 5656/5523/5524
f 5667/5523/5523 5561/5523/5523 5562/5523/5523
f 5561/5523/5563 5609/5523/5563 5610/5523/5564 5562/5523/5564
f 5609/5523/5611 5657/5523/5611 5658/5523/5612 5610/5523/5612
f 5668/5523/5524 5658/5523/5524 5657/5523/5524
f 5667/5523/5523 5562/5523/5523 5563/5523/5523
f 5562/5523/5564 5610/5523/5564 5611/5523/5565 5563/5523/5565
f 5610/5523/5612 5658/5523/5612 5659/5523/5613 5611/5523/5613
f 5668/5523/5524 5659/5523/5524 5658/5523/5524
f 5667/5523/5523 5563/5523/5523 5564/5523/5523
f 5563/5523/5565 5611/5523/5565 5612/5523/5566 5564/5523/5566
f 5611/5523/5613 5659/5523/5613 5660/5523/5614 5612/5523/5614
f 5668/5523/5524 5660/5523/5524 5659/5523/5524
f 5667/5523/5523 5564/5523/5523 5565/5523/5523
f 5564/5523/5566 5612/5523/5566 5613/5523/5567 5565/5523/5567
f 5612/5523/5614 5660/5523/5614 5661/5523/5615 5613/5523/5615
f 5668/5523/5524 5661/5523/5524 5660/5523/5524
f 5667/5523/5523 5565/5523/5523 5566/5523/5523
f 5565/5523/5567 5613/5523/5567 5614/5523/5568 5566/5523/5568
f 5613/5523/5615 5661/5523/5615 5662/5523/5616 5614/5523/5616
f 5668/5523/5524 5662/5523/5524 5661/5523/5524
f 5667/5523/5523 5566/5523/5523 5567/5523/5523
f 5566/5523/5568 5614/5523/5568 5615/5523/5569 5567/5523/5569
f 5614/5523/5616 5662/5523/5616 5663/5523/5617 5615/5523/5617
f 5668/5523/5524 5663/5523/5524 5662/5523/5524
f 5667/5523/5523 5567/5523/5523 5568/5523/5523
f 5567/5523/5569 5615/5523/5569 5616/5523/5570 5568/5523/5570
f 5615/5523/5617 5663/5523/5617 5664/5523/5618 5616/5523/5618
f 5668/5523/5524 5664/5523/5524 5663/5523/5524
f 5667/5523/5523 5568/5523/5523 5569/5523/5523
f 5568/5523/5570 5616/5523/5570 5617/5523/5571 5569/5523/5571
f 5616/5523/5618 5664/5523/5618 5665/5523/5619 5617/5523/5619
f 5668/5523/5524 5665/5523/5524 5664/5523/5524
f 5667/5523/5523 5569/5523/5523 5570/5523/5523
f 5569/5523/5571 5617/5523/5571 5618/5523/5572 5570/5523/5572
f 5617/5523/5619 5665/5523/5619 5666/5523/5620 5618/5523/5620
f 5668/5523/5524 5666/5523/5524 5665/5523/5524
f 5667/5523/5523 5570/5523/5523 5523/5523/5523
f 5570/5523/5572 5618/5523/5572 5571/5523/5525 5523/5523/5525
f 5618/5523/5620 5666/5523/5620 5619/5523/5573 5571/5523/5573
f 5668/5523/5524 5619/5523/5524 5666/5523/5524
