# Blender v2.78 (sub 0) OBJ File: 'archer2.blend'
# www.blender.org
mtllib TK archer final.mtl
o archer_1.ms3d.mo_archer_1.ms3d.m
v 0.013868 0.707796 -0.123097
v 0.022269 0.667134 -0.117220
v 0.041150 0.670480 -0.137213
v 0.030516 0.706287 -0.142704
v -0.002577 0.698866 -0.141455
v 0.005975 0.659106 -0.135500
v 0.039798 0.639037 -0.112913
v 0.055904 0.643468 -0.133052
v 0.022829 0.628761 -0.130802
v 0.081789 0.599923 -0.119655
v 0.085284 0.599475 -0.127500
v 0.049023 0.593167 -0.114915
v 0.060599 0.600392 -0.105178
v 0.041383 0.589018 -0.124098
v 0.114728 0.576279 -0.103708
v 0.123724 0.575719 -0.125022
v 0.142882 0.521425 -0.095832
v 0.152598 0.520920 -0.117286
v 0.156871 0.448883 -0.075812
v 0.165638 0.452094 -0.102633
v 0.130527 0.385991 -0.061891
v 0.146113 0.378182 -0.087092
v 0.107586 0.150210 -0.054598
v 0.100564 0.219556 -0.062832
v 0.076802 0.233586 -0.035346
v 0.090690 0.151511 -0.019009
v 0.118733 0.326735 -0.079410
v 0.101548 0.331885 -0.052027
v 0.117808 0.304270 -0.075920
v 0.100581 0.317957 -0.048562
v 0.033037 0.221522 -0.064559
v 0.035240 0.149339 -0.058122
v 0.040511 0.289261 -0.075163
v 0.063297 0.678557 -0.138401
v 0.052652 0.713997 -0.143829
v 0.088023 0.651957 -0.134540
v 0.133852 0.608933 -0.129273
v 0.148609 0.580769 -0.126909
v 0.175379 0.525428 -0.118805
v 0.188202 0.450286 -0.102518
v 0.174506 0.374919 -0.085895
v 0.082663 0.394880 -0.091197
v 0.054359 0.331058 -0.081489
v 0.103944 0.446243 -0.101160
v 0.099079 0.509614 -0.113528
v 0.059937 0.562418 -0.120527
v 0.138009 0.231870 -0.063943
v 0.150958 0.302980 -0.074957
v 0.143522 0.147788 -0.052623
v 0.090690 0.151511 -0.019009
v 0.076802 0.233586 -0.035346
v 0.071359 0.235484 -0.011992
v 0.078837 0.179830 0.002926
v 0.100581 0.317957 -0.048562
v 0.086213 0.283468 -0.015394
v 0.013997 0.701976 -0.161792
v 0.022486 0.661368 -0.155316
v 0.039909 0.633270 -0.150979
v 0.081333 0.597521 -0.134643
v 0.059146 0.593636 -0.147116
v 0.048366 0.589941 -0.134758
v 0.113414 0.569713 -0.144726
v 0.141470 0.514748 -0.137255
v 0.156600 0.440718 -0.126900
v 0.131911 0.377708 -0.114184
v 0.094690 0.146114 -0.091355
v 0.078321 0.224326 -0.094197
v 0.103145 0.323061 -0.107725
v 0.102161 0.308729 -0.106895
v 0.094690 0.146114 -0.091355
v 0.085135 0.161951 -0.111090
v 0.074142 0.218774 -0.117281
v 0.078321 0.224326 -0.094197
v 0.089219 0.265551 -0.128221
v 0.102161 0.308729 -0.106895
v 0.106383 0.013086 -0.058386
v 0.127751 0.066765 -0.056335
v 0.101925 0.061820 -0.027668
v 0.076526 0.081214 -0.026107
v 0.077769 0.070394 -0.060314
v 0.098562 0.055790 -0.058801
v 0.101925 0.061820 -0.027668
v 0.046759 0.105242 -0.062589
v 0.067720 0.114593 -0.015809
v 0.102740 0.096517 -0.018298
v 0.123263 0.111020 -0.056502
v 0.082523 0.077901 -0.012236
v 0.106383 0.013086 -0.058386
v 0.099816 0.122912 -0.022673
v 0.107130 0.062228 -0.088881
v 0.082306 0.081684 -0.094081
v 0.107130 0.062228 -0.088881
v 0.075135 0.115265 -0.105020
v 0.109390 0.097037 -0.097393
v 0.101433 0.078719 -0.105959
v 0.105847 0.123346 -0.093303
v 0.057339 0.588359 -0.060368
v 0.060599 0.600392 -0.105178
v 0.049023 0.593167 -0.114915
v 0.007095 0.567454 -0.077782
v -0.001931 0.521479 -0.000525
v -0.041061 0.519511 -0.062198
v -0.073884 0.436230 -0.044337
v -0.031309 0.432418 0.022643
v -0.079272 0.352317 -0.009813
v -0.040604 0.370256 0.028922
v 0.039426 0.519997 0.018819
v 0.013612 0.432863 0.044830
v 0.003436 0.361946 0.049646
v 0.089950 0.512130 0.001416
v 0.077980 0.434881 0.023052
v 0.062074 0.361740 0.031776
v 0.131243 0.516573 -0.052176
v 0.134982 0.440905 -0.036110
v 0.120202 0.368017 -0.017304
v 0.142882 0.521424 -0.095832
v 0.156871 0.448883 -0.075812
v 0.130527 0.385991 -0.061891
v 0.098613 0.580364 -0.060960
v 0.051087 0.574926 -0.031383
v 0.114728 0.576278 -0.103708
v 0.090644 0.316042 -0.014199
v 0.101548 0.331885 -0.052026
v 0.050506 0.305636 0.027835
v 0.004711 0.310600 0.045446
v -0.040016 0.326514 0.026851
v -0.050157 0.517261 -0.109222
v -0.081196 0.437194 -0.098293
v -0.010569 0.556139 -0.116942
v 0.041383 0.589018 -0.124098
v 0.052971 0.568261 -0.185666
v 0.004438 0.554518 -0.158760
v 0.048366 0.589941 -0.134758
v 0.059146 0.593636 -0.147115
v -0.009218 0.486815 -0.217008
v -0.032248 0.394960 -0.212454
v -0.074268 0.419487 -0.149290
v -0.044132 0.504697 -0.155013
v -0.034703 0.333475 -0.202681
v -0.075373 0.328232 -0.161868
v 0.030640 0.478940 -0.237756
v 0.012503 0.388446 -0.234187
v 0.010314 0.319491 -0.217956
v 0.082508 0.476383 -0.222516
v 0.077013 0.396962 -0.215390
v 0.068123 0.325253 -0.198477
v 0.127034 0.496676 -0.176201
v 0.134547 0.420809 -0.161881
v 0.123676 0.346805 -0.151298
v 0.141470 0.514748 -0.137255
v 0.156600 0.440718 -0.126899
v 0.131911 0.377708 -0.114184
v 0.094417 0.560466 -0.185260
v 0.045149 0.546577 -0.208264
v 0.113414 0.569713 -0.144726
v 0.103145 0.323060 -0.107724
v 0.093905 0.296213 -0.139514
v 0.055653 0.272935 -0.177865
v 0.010918 0.271983 -0.197856
v -0.034594 0.292471 -0.187009
v -0.088599 0.370813 -0.126721
v -0.081690 0.401794 -0.114022
v -0.092331 0.395848 -0.095028
v -0.090468 0.381872 -0.056962
v -0.082583 0.407457 -0.078411
v 0.052971 0.568261 -0.185666
v 0.059146 0.593636 -0.147115
v 0.048366 0.589941 -0.134758
v 0.004438 0.554518 -0.158760
v -0.009218 0.486815 -0.217008
v -0.044132 0.504697 -0.155013
v -0.074268 0.419487 -0.149290
v -0.032248 0.394960 -0.212454
v -0.075373 0.328232 -0.161868
v -0.034703 0.333475 -0.202681
v 0.030640 0.478940 -0.237756
v 0.012503 0.388446 -0.234187
v 0.010314 0.319491 -0.217956
v 0.082508 0.476383 -0.222516
v 0.077013 0.396962 -0.215390
v 0.068123 0.325253 -0.198477
v 0.127034 0.496676 -0.176201
v 0.134547 0.420809 -0.161881
v 0.123676 0.346805 -0.151298
v 0.141470 0.514748 -0.137255
v 0.156600 0.440718 -0.126899
v 0.131911 0.377708 -0.114184
v 0.094417 0.560466 -0.185260
v 0.045149 0.546577 -0.208264
v 0.113414 0.569713 -0.144726
v 0.093905 0.296213 -0.139514
v 0.103145 0.323060 -0.107724
v 0.055653 0.272935 -0.177865
v 0.010918 0.271983 -0.197856
v -0.034594 0.292471 -0.187009
v -0.050157 0.517261 -0.109222
v -0.081147 0.437221 -0.098132
v -0.010569 0.556139 -0.116942
v 0.041383 0.589018 -0.124098
v -0.088599 0.370813 -0.126721
v -0.092331 0.395848 -0.095028
v -0.081690 0.401794 -0.114022
v 0.057339 0.588359 -0.060368
v 0.007095 0.567454 -0.077782
v 0.049023 0.593167 -0.114915
v 0.060599 0.600392 -0.105178
v -0.001931 0.521479 -0.000525
v -0.031309 0.432418 0.022643
v -0.073884 0.436230 -0.044337
v -0.041061 0.519511 -0.062198
v -0.040604 0.370256 0.028922
v -0.079272 0.352317 -0.009813
v 0.039426 0.519997 0.018819
v 0.013612 0.432863 0.044830
v 0.003436 0.361946 0.049646
v 0.089950 0.512130 0.001416
v 0.077980 0.434881 0.023052
v 0.062074 0.361740 0.031776
v 0.131262 0.516531 -0.052175
v 0.134982 0.440905 -0.036110
v 0.120202 0.368017 -0.017304
v 0.142882 0.521424 -0.095832
v 0.156871 0.448883 -0.075812
v 0.130527 0.385991 -0.061891
v 0.098613 0.580364 -0.060960
v 0.051087 0.574926 -0.031383
v 0.114728 0.576278 -0.103708
v 0.101548 0.331885 -0.052026
v 0.090644 0.316042 -0.014199
v 0.050506 0.305636 0.027835
v 0.004711 0.310600 0.045446
v -0.040016 0.326514 0.026851
v -0.090468 0.381872 -0.056962
v -0.082583 0.407457 -0.078411
v 0.074212 0.532466 -0.288771
v 0.062188 0.527758 -0.301573
v 0.048649 0.526305 -0.301419
v 0.064111 0.530556 -0.274395
v 0.079754 0.533403 -0.264881
v 0.089713 0.534217 -0.233016
v 0.080408 0.537959 -0.232880
v 0.090314 0.553975 -0.213039
v 0.098020 0.548819 -0.215735
v 0.075830 0.530682 -0.288158
v 0.063306 0.524615 -0.302288
v 0.085718 0.525555 -0.255024
v 0.084413 0.511203 -0.250570
v 0.069297 0.520667 -0.270388
v 0.107565 0.514286 -0.233262
v 0.126608 0.531033 -0.205295
v 0.128260 0.532062 -0.193947
v 0.140232 0.500693 -0.185357
v 0.135434 0.502541 -0.196941
v 0.114600 0.547207 -0.204926
v 0.108569 0.555822 -0.198757
v 0.138361 0.449601 -0.185460
v 0.134983 0.449389 -0.198228
v 0.111005 0.406818 -0.206066
v 0.113385 0.417116 -0.210799
v 0.048175 0.521439 -0.302457
v 0.048175 0.521439 -0.302457
v 0.042083 0.526218 -0.291086
v 0.043821 0.529111 -0.292009
v 0.077964 0.482309 -0.253899
v 0.077277 0.504884 -0.256781
v 0.084413 0.511203 -0.250570
v 0.107565 0.514286 -0.233262
v 0.113425 0.490125 -0.229090
v 0.114885 0.445684 -0.220008
v 0.090223 0.444464 -0.238893
v 0.093590 0.417681 -0.226370
v 0.089267 0.410828 -0.222950
v 0.066860 0.488095 -0.262280
v 0.060073 0.510159 -0.267504
v 0.069467 0.515876 -0.260012
v 0.085417 0.527653 -0.253616
v 0.081917 0.531659 -0.266114
v 0.044351 0.529954 -0.281313
v 0.046675 0.532855 -0.280903
v 0.077277 0.504884 -0.256781
v 0.069467 0.515876 -0.260012
v 0.069297 0.520667 -0.270388
v 0.060702 0.522862 -0.288026
v 0.048175 0.521439 -0.302457
v 0.042083 0.526218 -0.291086
v 0.048175 0.521439 -0.302457
v 0.060702 0.522862 -0.288026
v 0.054902 0.530806 -0.269624
v 0.077277 0.504884 -0.256781
v 0.060553 0.527851 -0.259174
v 0.054902 0.530806 -0.269624
v 0.106076 0.518945 -0.232202
v 0.106076 0.518945 -0.232202
v 0.083819 0.439527 -0.235940
v 0.069608 0.477549 -0.254091
v 0.060553 0.527851 -0.259174
v 0.044351 0.529954 -0.281313
v 0.070617 0.525763 -0.255756
v 0.138361 0.449601 -0.185460
v 0.107195 0.489009 -0.224086
v 0.111005 0.406818 -0.206066
v 0.140232 0.500693 -0.185357
v 0.108569 0.555822 -0.198757
v 0.090314 0.553975 -0.213039
v 0.128260 0.532062 -0.193947
v 0.080408 0.537959 -0.232880
v 0.066860 0.488095 -0.262280
v 0.069608 0.477549 -0.254091
v 0.083819 0.439527 -0.235940
v 0.089267 0.410828 -0.222950
v 0.060553 0.527851 -0.259174
v 0.060553 0.527851 -0.259174
v 0.060073 0.510159 -0.267504
v 0.070617 0.525763 -0.255756
v 0.072881 0.586401 0.047282
v 0.062274 0.580217 0.034738
v 0.047910 0.584763 0.062784
v 0.061449 0.586101 0.061671
v 0.077364 0.579662 0.023915
v 0.086031 0.570403 -0.007046
v 0.093313 0.578592 -0.028762
v 0.085499 0.582732 -0.032658
v 0.076668 0.574001 -0.008020
v 0.074603 0.584523 0.047284
v 0.062746 0.583385 0.063310
v 0.083012 0.569075 0.016633
v 0.067291 0.569508 0.033818
v 0.081604 0.554182 0.017083
v 0.104233 0.551378 -0.001772
v 0.121900 0.558245 -0.034725
v 0.130365 0.528532 -0.034112
v 0.134969 0.523175 -0.044748
v 0.122943 0.555627 -0.046048
v 0.109562 0.573599 -0.039576
v 0.103220 0.579846 -0.047833
v 0.133376 0.474731 -0.028409
v 0.130556 0.478553 -0.016045
v 0.107210 0.441001 0.006277
v 0.109709 0.452186 0.007442
v 0.047458 0.580464 0.065246
v 0.047458 0.580464 0.065246
v 0.042715 0.584451 0.053028
v 0.040855 0.581500 0.053321
v 0.075707 0.527872 0.029856
v 0.081604 0.554182 0.017083
v 0.074919 0.550183 0.025276
v 0.104233 0.551378 -0.001772
v 0.110030 0.527149 0.001812
v 0.111515 0.482152 0.007088
v 0.087494 0.487134 0.026871
v 0.090541 0.457779 0.023192
v 0.086051 0.450261 0.022143
v 0.064544 0.536084 0.036722
v 0.067002 0.561644 0.025312
v 0.057887 0.558641 0.034969
v 0.079699 0.578502 0.025496
v 0.082556 0.570661 0.014854
v 0.044889 0.584568 0.041312
v 0.042655 0.582036 0.042638
v 0.074919 0.550183 0.025276
v 0.067291 0.569508 0.033818
v 0.067002 0.561644 0.025312
v 0.059470 0.577152 0.050443
v 0.047458 0.580464 0.065246
v 0.040855 0.581500 0.053321
v 0.059470 0.577152 0.050443
v 0.047458 0.580464 0.065246
v 0.052620 0.578969 0.030763
v 0.074919 0.550183 0.025276
v 0.058047 0.572869 0.021278
v 0.052620 0.578969 0.030763
v 0.102651 0.555485 -0.004125
v 0.102651 0.555485 -0.004125
v 0.080931 0.481575 0.025910
v 0.067164 0.523424 0.031916
v 0.058047 0.572869 0.021278
v 0.042655 0.582036 0.042638
v 0.067973 0.569687 0.018116
v 0.133376 0.474731 -0.028409
v 0.107210 0.441001 0.006277
v 0.103574 0.524607 -0.002356
v 0.134969 0.523175 -0.044748
v 0.103220 0.579846 -0.047833
v 0.122943 0.555627 -0.046048
v 0.085499 0.582732 -0.032658
v 0.076668 0.574001 -0.008020
v 0.067164 0.523424 0.031916
v 0.064544 0.536084 0.036722
v 0.080931 0.481575 0.025910
v 0.086051 0.450261 0.022143
v 0.058047 0.572869 0.021278
v 0.058047 0.572869 0.021278
v 0.057887 0.558641 0.034969
v 0.067973 0.569687 0.018116
v 0.016768 0.578381 -0.009003
v 0.040925 0.583057 0.036647
v 0.036909 0.588982 0.037326
v 0.002148 0.588159 -0.006735
v 0.041797 0.592693 0.034070
v 0.008657 0.593600 -0.014187
v -0.009773 0.586201 -0.069238
v -0.008824 0.575512 -0.102558
v -0.020031 0.566802 -0.090453
v -0.005440 0.570470 -0.058500
v -0.017162 0.580058 -0.061978
v -0.009153 0.555664 -0.089076
v 0.041452 0.587149 0.031214
v 0.014004 0.586810 -0.014078
v -0.003817 0.577606 -0.068147
v -0.005227 0.565837 -0.098040
v 0.014004 0.586810 -0.014078
v 0.041452 0.587149 0.031214
v -0.005227 0.565837 -0.098040
v -0.003817 0.577606 -0.068147
v 0.052501 0.596276 0.048240
v 0.043744 0.590789 0.057157
v 0.057711 0.589693 0.055820
v 0.047617 0.581482 0.055064
v 0.055872 0.588133 0.046629
v 0.047617 0.581482 0.055064
v 0.055872 0.588133 0.046629
v 0.055872 0.588133 0.046629
v -0.005227 0.565837 -0.098040
v -0.009153 0.555664 -0.089076
v 0.014833 0.544872 -0.230491
v 0.005119 0.552260 -0.235544
v 0.038774 0.538337 -0.278281
v 0.043090 0.532950 -0.275877
v 0.011855 0.559716 -0.230441
v 0.043745 0.542835 -0.276632
v -0.007239 0.569848 -0.175939
v -0.017148 0.557820 -0.149989
v -0.005904 0.569632 -0.141339
v -0.002949 0.551599 -0.181854
v -0.006243 0.546678 -0.148070
v -0.014710 0.561799 -0.181083
v 0.017120 0.553186 -0.228634
v 0.043792 0.538489 -0.272025
v -0.002342 0.559043 -0.142750
v -0.001372 0.561199 -0.174614
v 0.043792 0.538489 -0.272025
v 0.017120 0.553186 -0.228634
v -0.001372 0.561199 -0.174614
v -0.002342 0.559043 -0.142750
v 0.053961 0.541823 -0.291668
v 0.058635 0.533087 -0.296868
v 0.044687 0.533871 -0.297747
v 0.048707 0.525564 -0.293027
v 0.057279 0.534521 -0.287677
v 0.048707 0.525564 -0.293027
v 0.057279 0.534521 -0.287677
v 0.057279 0.534521 -0.287677
v -0.002342 0.559043 -0.142750
v -0.006243 0.546678 -0.148070
v 0.099916 0.122839 -0.022674
v 0.090898 0.151435 -0.019047
v 0.089452 0.136518 -0.011297
v 0.097234 0.127118 -0.013568
v 0.075343 0.153216 -0.004824
v 0.067573 0.150050 -0.014399
v 0.024461 0.143218 0.065987
v 0.051873 0.160250 0.037278
v 0.041822 0.161679 0.030078
v 0.013668 0.147119 0.056602
v -0.009016 0.108420 0.060393
v 0.002139 0.107954 0.070275
v 0.024154 0.033123 0.018564
v 0.045335 0.040372 0.038684
v 0.021580 0.057047 0.043543
v 0.002967 0.072650 0.060402
v -0.000244 0.073099 0.052958
v 0.067813 0.114697 -0.015801
v 0.065388 0.106936 -0.005728
v 0.021085 0.120394 0.043924
v 0.018783 0.062376 0.037955
v 0.102674 0.096444 -0.018387
v 0.082543 0.077828 -0.012318
v 0.101758 0.061747 -0.027808
v 0.003425 0.034411 0.015430
v 0.021580 0.057047 0.043543
v 0.014500 0.050168 0.013778
v 0.003425 0.034411 0.015430
v 0.030012 0.016858 -0.014419
v 0.034846 0.112988 0.038817
v 0.024461 0.143218 0.065987
v 0.002139 0.107954 0.070275
v 0.002967 0.072650 0.060402
v 0.075343 0.153216 -0.004824
v 0.051873 0.160250 0.037278
v 0.089452 0.136518 -0.011297
v 0.063366 0.064439 0.007190
v 0.082543 0.077828 -0.012318
v 0.081759 0.113221 -0.005631
v 0.097234 0.127118 -0.013568
v 0.063366 0.064439 0.007190
v 0.065918 0.044003 0.010581
v 0.077368 -0.001343 0.022731
v 0.023624 0.005750 -0.031338
v -0.010545 0.017035 -0.020684
v -0.024300 0.008993 -0.062388
v 0.001299 -0.001116 -0.062658
v -0.010545 0.017035 -0.020684
v -0.001814 0.024013 -0.020118
v -0.016827 0.017398 -0.062332
v -0.024300 0.008993 -0.062388
v 0.042385 -0.013843 -0.035770
v 0.026675 -0.027713 -0.048980
v 0.066325 -0.041770 -0.015462
v 0.063020 -0.018262 -0.016627
v 0.075791 -0.025178 0.008489
v 0.056260 -0.002604 -0.008431
v 0.088360 0.013034 0.004960
v 0.011080 -0.002360 -0.062693
v 0.033571 -0.022665 -0.055210
v 0.074316 -0.034444 -0.022771
v 0.087129 -0.011041 -0.003727
v 0.056260 -0.002604 -0.008431
v 0.088360 0.013034 0.004960
v 0.087129 -0.011041 -0.003727
v 0.063020 -0.018262 -0.016627
v 0.074316 -0.034444 -0.022771
v 0.033571 -0.022665 -0.055210
v 0.042385 -0.013843 -0.035770
v 0.011080 -0.002360 -0.062693
v 0.023624 0.005750 -0.031338
v 0.030012 0.016858 -0.014419
v 0.065918 0.044003 0.010581
v 0.102674 0.096444 -0.018387
v 0.105837 0.123399 -0.093244
v 0.103269 0.127826 -0.102227
v 0.095500 0.137295 -0.104278
v 0.094767 0.146165 -0.091329
v 0.075053 0.153953 -0.119803
v 0.023531 0.145001 -0.189899
v 0.012826 0.148733 -0.180318
v 0.041260 0.162946 -0.154180
v 0.051269 0.161614 -0.161465
v -0.009878 0.110075 -0.184229
v 0.001369 0.109794 -0.194300
v 0.023645 0.034221 -0.143870
v 0.020925 0.058536 -0.168486
v 0.044711 0.041804 -0.164179
v 0.002181 0.074318 -0.184894
v -0.001001 0.074658 -0.177296
v 0.075330 0.115145 -0.105014
v 0.069228 0.150624 -0.105175
v 0.064941 0.107651 -0.119361
v 0.020332 0.121878 -0.168067
v 0.018102 0.063729 -0.162774
v 0.109353 0.097090 -0.097326
v 0.107210 0.062108 -0.088708
v 0.101446 0.078600 -0.105884
v 0.002958 0.035485 -0.140413
v 0.020925 0.058536 -0.168486
v 0.013950 0.051234 -0.138728
v 0.029687 0.017519 -0.111212
v 0.002958 0.035485 -0.140413
v 0.034113 0.114316 -0.163268
v 0.002181 0.074318 -0.184894
v 0.001369 0.109794 -0.194300
v 0.023531 0.145001 -0.189899
v 0.075053 0.153953 -0.119803
v 0.095500 0.137295 -0.104278
v 0.051269 0.161614 -0.161465
v 0.062967 0.065356 -0.132708
v 0.101446 0.078600 -0.105884
v 0.103269 0.127826 -0.102227
v 0.081363 0.113985 -0.119649
v 0.062967 0.065356 -0.132708
v 0.065367 0.044980 -0.136418
v 0.076784 -0.000144 -0.149218
v 0.023450 0.006224 -0.094229
v -0.010808 0.017616 -0.104099
v -0.010808 0.017616 -0.104099
v -0.001994 0.024621 -0.104760
v 0.042168 -0.013457 -0.090292
v 0.026500 -0.027576 -0.077087
v 0.062735 -0.017657 -0.109855
v 0.065975 -0.041161 -0.111510
v 0.075262 -0.024210 -0.135212
v 0.055838 -0.001834 -0.117758
v 0.087959 0.013979 -0.131636
v 0.033617 -0.022543 -0.070922
v 0.073974 -0.033944 -0.104137
v 0.086692 -0.010195 -0.123054
v 0.055838 -0.001834 -0.117758
v 0.062735 -0.017657 -0.109855
v 0.086692 -0.010195 -0.123054
v 0.087959 0.013979 -0.131636
v 0.073974 -0.033944 -0.104137
v 0.042168 -0.013457 -0.090292
v 0.033617 -0.022543 -0.070922
v 0.023450 0.006224 -0.094229
v 0.065367 0.044980 -0.136418
v 0.029687 0.017519 -0.111212
v 0.109353 0.097090 -0.097326
v 0.030516 0.706287 -0.142704
v 0.041150 0.670480 -0.137213
v 0.041150 0.670480 -0.137213
v 0.055904 0.643468 -0.133052
v 0.055904 0.643468 -0.133052
v 0.085284 0.599475 -0.127500
v 0.085284 0.599475 -0.127500
v 0.123724 0.575719 -0.125022
v 0.123724 0.575719 -0.125022
v 0.152598 0.520920 -0.117286
v 0.152598 0.520920 -0.117286
v 0.165638 0.452094 -0.102633
v 0.165638 0.452094 -0.102633
v 0.146113 0.378182 -0.087092
v 0.100564 0.219556 -0.062832
v 0.107586 0.150210 -0.054598
v 0.146113 0.378182 -0.087092
v 0.118733 0.326735 -0.079410
v 0.117808 0.304270 -0.075920
v 0.100564 0.219556 -0.062832
v 0.041150 0.670480 -0.137213
v 0.030516 0.706287 -0.142704
v 0.063297 0.678557 -0.138401
v 0.041150 0.670480 -0.137213
v 0.055904 0.643468 -0.133052
v 0.041150 0.670480 -0.137213
v 0.088023 0.651957 -0.134540
v 0.055904 0.643468 -0.133052
v 0.085284 0.599475 -0.127500
v 0.055904 0.643468 -0.133052
v 0.133852 0.608933 -0.129273
v 0.085284 0.599475 -0.127500
v 0.123724 0.575719 -0.125022
v 0.085284 0.599475 -0.127500
v 0.148609 0.580769 -0.126909
v 0.123724 0.575719 -0.125022
v 0.152598 0.520920 -0.117286
v 0.123724 0.575719 -0.125022
v 0.175379 0.525428 -0.118805
v 0.152598 0.520920 -0.117286
v 0.165638 0.452094 -0.102633
v 0.152598 0.520920 -0.117286
v 0.188202 0.450286 -0.102518
v 0.165638 0.452094 -0.102633
v 0.146113 0.378182 -0.087092
v 0.165638 0.452094 -0.102633
v 0.174506 0.374919 -0.085895
v 0.146113 0.378182 -0.087092
v 0.117808 0.304270 -0.075920
v 0.150958 0.302980 -0.074957
v 0.138009 0.231870 -0.063943
v 0.100564 0.219556 -0.062832
v 0.118733 0.326735 -0.079410
v 0.146113 0.378182 -0.087092
v 0.150958 0.302980 -0.074957
v 0.118733 0.326735 -0.079410
v 0.107586 0.150210 -0.054598
v 0.100564 0.219556 -0.062832
v 0.107586 0.150210 -0.054598
v 0.138009 0.231870 -0.063943
v 0.118733 0.326735 -0.079410
v 0.117808 0.304270 -0.075920
v 0.117808 0.304270 -0.075920
v 0.118733 0.326735 -0.079410
v 0.078321 0.224326 -0.094197
v 0.074142 0.218774 -0.117281
v 0.089219 0.265551 -0.128221
v 0.078321 0.224326 -0.094197
v 0.074142 0.218774 -0.117281
v 0.078321 0.224326 -0.094197
v 0.071359 0.235484 -0.011992
v 0.076802 0.233586 -0.035346
v 0.076802 0.233586 -0.035346
v 0.071359 0.235484 -0.011992
v 0.076802 0.233586 -0.035346
v 0.086213 0.283468 -0.015394
v 0.041150 0.670480 -0.137213
v 0.055904 0.643468 -0.133052
v 0.123724 0.575719 -0.125022
v 0.152598 0.520920 -0.117286
v 0.165638 0.452094 -0.102633
v 0.146113 0.378182 -0.087092
v 0.100564 0.219556 -0.062832
v 0.118733 0.326735 -0.079410
v 0.117808 0.304270 -0.075920
v 0.063297 0.678557 -0.138401
v 0.052652 0.713997 -0.143829
v 0.088023 0.651957 -0.134540
v 0.133852 0.608933 -0.129273
v 0.148609 0.580769 -0.126909
v 0.175379 0.525428 -0.118805
v 0.188202 0.450286 -0.102518
v 0.174506 0.374919 -0.085895
v 0.138009 0.231870 -0.063943
v 0.150958 0.302980 -0.074957
v 0.143522 0.147788 -0.052623
v 0.078837 0.179830 0.002926
v 0.100581 0.317957 -0.048562
v 0.086213 0.283468 -0.015394
v 0.013997 0.701976 -0.161792
v 0.022486 0.661368 -0.155316
v 0.081333 0.597521 -0.134643
v 0.113414 0.569713 -0.144726
v 0.141470 0.514748 -0.137255
v 0.156600 0.440718 -0.126900
v 0.131911 0.377708 -0.114184
v 0.078321 0.224326 -0.094197
v 0.102161 0.308729 -0.106895
v 0.085135 0.161951 -0.111090
v 0.089219 0.265551 -0.128221
v 0.102161 0.308729 -0.106895
v 0.060553 0.527851 -0.259174
v 0.058047 0.572869 0.021278
v 0.063297 0.678557 -0.138401
v 0.052652 0.713997 -0.143829
v 0.088023 0.651957 -0.134540
v 0.133852 0.608933 -0.129273
v 0.148609 0.580769 -0.126909
v 0.175379 0.525428 -0.118805
v 0.188202 0.450286 -0.102518
v 0.174506 0.374919 -0.085895
v 0.138009 0.231870 -0.063943
v 0.081333 0.597521 -0.134643
v 0.102161 0.308729 -0.106895
v 0.135767 -0.806223 -0.321713
v 0.115546 -0.811013 -0.301188
v 0.109222 -0.799652 -0.312181
v 0.122250 -0.796565 -0.325436
v 0.135224 -0.802110 -0.350627
v 0.121899 -0.793908 -0.344119
v 0.114277 -0.801132 -0.371039
v 0.135224 -0.802110 -0.350627
v 0.121899 -0.793908 -0.344119
v 0.108427 -0.793288 -0.357123
v 0.085196 -0.803821 -0.370848
v 0.089669 -0.794995 -0.357061
v 0.064989 -0.808628 -0.350329
v 0.076617 -0.798104 -0.343799
v 0.065529 -0.812715 -0.321412
v 0.076952 -0.800739 -0.325202
v 0.086444 -0.813705 -0.301082
v 0.090468 -0.801405 -0.312029
v 0.145102 -0.795780 -0.316130
v 0.119017 -0.801981 -0.289703
v 0.115546 -0.811013 -0.301188
v 0.135767 -0.806223 -0.321713
v 0.144398 -0.790491 -0.353495
v 0.135224 -0.802110 -0.350627
v 0.117397 -0.789223 -0.379758
v 0.114277 -0.801132 -0.371039
v 0.079841 -0.792691 -0.379619
v 0.085196 -0.803821 -0.370848
v 0.053831 -0.798881 -0.352944
v 0.064989 -0.808628 -0.350329
v 0.054498 -0.804149 -0.315660
v 0.065529 -0.812715 -0.321412
v 0.081522 -0.805448 -0.289404
v 0.086444 -0.813705 -0.301082
v 0.081522 -0.805448 -0.289404
v 0.086444 -0.813705 -0.301082
v 0.133881 -0.786048 -0.318908
v 0.113699 -0.790841 -0.298307
v 0.133354 -0.781957 -0.347825
v 0.112461 -0.780948 -0.368076
v 0.083312 -0.783630 -0.368043
v 0.063140 -0.788411 -0.347446
v 0.063682 -0.792530 -0.318441
v 0.084639 -0.793512 -0.298123
v 0.084639 -0.793512 -0.298123
v 0.113699 -0.790841 -0.298307
v 0.133881 -0.786048 -0.318908
v 0.133354 -0.781957 -0.347825
v 0.133354 -0.781957 -0.347825
v 0.112461 -0.780948 -0.368076
v 0.083312 -0.783630 -0.368043
v 0.063140 -0.788411 -0.347446
v 0.063682 -0.792530 -0.318441
v 0.084639 -0.793512 -0.298123
v 0.031359 0.652836 0.339906
v 0.041834 0.672999 0.335327
v 0.052521 0.658365 0.315072
v 0.049352 0.635279 0.332553
v 0.058394 0.638767 0.321511
v 0.078497 0.644176 0.320141
v 0.075045 0.628548 0.344115
v 0.070897 0.660209 0.318737
v 0.074690 0.673234 0.342342
v 0.090302 0.653708 0.345397
v 0.078497 0.644176 0.320141
v 0.082785 0.608533 0.193157
v 0.074198 0.629487 0.213454
v 0.057265 0.620343 0.192878
v 0.052106 0.645719 0.352583
v 0.033896 0.649533 0.353256
v 0.067726 0.634313 0.358176
v 0.044127 0.667961 0.354833
v 0.090302 0.653708 0.345397
v 0.080574 0.658784 0.361149
v 0.064928 0.663717 0.352068
v 0.064928 0.663717 0.352068
v 0.080574 0.658784 0.361149
v 0.067492 0.598637 0.186290
v 0.082785 0.608533 0.193157
v 0.052437 0.578409 0.051310
v 0.042198 0.565248 0.052670
v 0.049073 0.570035 0.068754
v 0.071429 0.574997 0.069695
v 0.087783 0.560454 0.056688
v 0.082504 0.581661 0.046849
v 0.057498 0.552596 0.069729
v 0.056803 0.538212 0.053652
v 0.079142 0.542344 0.058128
v 0.074452 0.556750 0.073690
v 0.075208 0.565932 0.025115
v 0.056418 0.579175 0.034159
v 0.089300 0.558208 0.043287
v 0.046177 0.563133 0.036678
v 0.078621 0.540617 0.045906
v 0.089300 0.558208 0.043287
v 0.087783 0.560454 0.056688
v 0.061249 0.543608 0.030946
v 0.075208 0.565932 0.025115
v 0.074452 0.556750 0.073690
v 0.052930 0.643406 0.354452
v 0.056658 0.636308 0.362058
v 0.060870 0.657260 0.380969
v 0.052420 0.663656 0.352567
v 0.055086 0.675650 0.379107
v 0.072444 0.680178 0.376043
v 0.068014 0.675549 0.348279
v 0.074556 0.646520 0.371779
v 0.076346 0.643598 0.361176
v 0.078938 0.667465 0.351764
v 0.060870 0.657260 0.380969
v 0.056658 0.636308 0.362058
v 0.072581 0.663999 0.387221
v 0.073310 0.674438 0.417802
v 0.073491 0.691325 0.413223
v 0.075323 0.704169 0.456886
v 0.075187 0.693620 0.468571
v 0.062232 0.690859 0.466599
v 0.061313 0.671111 0.418595
v 0.062383 0.716065 0.557603
v 0.061147 0.727313 0.557349
v 0.061300 0.704907 0.466268
v 0.062232 0.690859 0.466599
v 0.073012 0.728543 0.550784
v 0.070789 0.717626 0.559704
v 0.062383 0.716065 0.557603
v 0.056715 0.656854 0.347834
v 0.053089 0.640771 0.352821
v 0.066508 0.667775 0.340541
v 0.062443 0.637428 0.357838
v 0.077746 0.663129 0.343380
v 0.058749 0.734896 0.657574
v 0.068144 0.743646 0.654894
v 0.056719 0.740849 0.640695
v 0.064031 0.740881 0.639834
v 0.075813 0.738751 0.657303
v 0.068420 0.730702 0.660202
v 0.056719 0.740849 0.640695
v 0.058749 0.734896 0.657574
v 0.074149 0.740616 0.662828
v 0.068021 0.738916 0.660099
v 0.061028 0.740274 0.661480
v 0.068021 0.738916 0.660099
v 0.062443 0.637428 0.357838
v 0.061028 0.740274 0.661480
v 0.056863 0.687016 0.414254
v 0.061313 0.671111 0.418595
v 0.062443 0.637428 0.357838
v 0.047395 0.726735 0.663129
v 0.043537 0.733482 0.661660
v 0.039673 0.721828 0.637023
v 0.059475 0.728130 0.659366
v 0.048433 0.725945 0.624931
v 0.048433 0.725945 0.624931
v 0.045768 0.737701 0.617804
v 0.069526 0.734238 0.657150
v 0.059475 0.728130 0.659366
v 0.048077 0.745239 0.652747
v 0.050222 0.742691 0.663031
v 0.063312 0.744148 0.656829
v 0.034623 0.731250 0.628247
v 0.039562 0.703945 0.510457
v 0.031297 0.695769 0.502837
v 0.037147 0.684342 0.498518
v 0.038525 0.653311 0.382099
v 0.055006 0.651844 0.359779
v 0.052392 0.668343 0.419210
v 0.038271 0.663845 0.420327
v 0.047390 0.691229 0.503430
v 0.052392 0.668343 0.419210
v 0.046024 0.679740 0.416095
v 0.035505 0.661984 0.381783
v 0.034556 0.672385 0.418014
v 0.048999 0.664308 0.358035
v 0.056344 0.732549 0.664550
v 0.048637 0.729525 0.666596
v 0.069318 0.736090 0.664172
v 0.056344 0.732549 0.664550
v 0.046300 0.736919 0.665434
v 0.062436 0.744493 0.662069
v 0.037270 0.645930 0.361911
v 0.033073 0.660098 0.360940
v 0.047450 0.662329 0.352090
v 0.047214 0.654257 0.353432
v 0.038440 0.645357 0.356393
v 0.038050 0.656884 0.354063
v 0.047214 0.654257 0.353432
v 0.038440 0.645357 0.356393
v 0.055006 0.651844 0.359779
v 0.056344 0.732549 0.664550
v 0.046300 0.736919 0.665434
v 0.048637 0.729525 0.666596
v 0.062436 0.744493 0.662069
v 0.069318 0.736090 0.664172
v 0.050222 0.742691 0.663031
v 0.047390 0.691229 0.503430
v 0.070283 0.760937 0.682426
v 0.072591 0.755198 0.708875
v 0.082845 0.737877 0.685790
v 0.059957 0.770840 0.702250
v 0.054279 0.763892 0.684071
v 0.059155 0.773772 0.727484
v 0.054795 0.768176 0.727828
v 0.042906 0.766399 0.746829
v 0.052204 0.778545 0.747801
v 0.065524 0.755715 0.731384
v 0.057786 0.760349 0.751579
v 0.052408 0.770348 0.759013
v 0.057786 0.760349 0.751579
v 0.063452 0.770738 0.751651
v 0.052408 0.770348 0.759013
v 0.066212 0.768121 0.724748
v 0.065524 0.755715 0.731384
v 0.054945 0.756695 0.697393
v 0.062255 0.748321 0.699714
v 0.050575 0.732062 0.681000
v 0.076510 0.737976 0.711022
v 0.063617 0.746626 0.726924
v 0.050115 0.743319 0.749499
v 0.060681 0.755387 0.751032
v 0.069052 0.737535 0.730301
v 0.064950 0.736467 0.752805
v 0.060272 0.746055 0.761176
v 0.064950 0.736467 0.752805
v 0.070749 0.748379 0.753778
v 0.060272 0.746055 0.761176
v 0.060681 0.755387 0.751032
v 0.071536 0.750011 0.726577
v 0.069052 0.737535 0.730301
v 0.059323 0.733814 0.699896
v 0.076867 0.720237 0.709689
v 0.077503 0.709398 0.683675
v 0.065834 0.725452 0.725872
v 0.050359 0.725317 0.749786
v 0.063070 0.734690 0.752813
v 0.067231 0.714265 0.727022
v 0.063351 0.715374 0.752447
v 0.060341 0.724635 0.761832
v 0.063351 0.715374 0.752447
v 0.071171 0.725797 0.754847
v 0.060341 0.724635 0.761832
v 0.063070 0.734690 0.752813
v 0.074273 0.726332 0.726063
v 0.067231 0.714265 0.727022
v 0.063125 0.719733 0.702731
v 0.056263 0.705643 0.689469
v 0.066020 0.702196 0.699310
v 0.066836 0.700691 0.682164
v 0.071313 0.706950 0.709256
v 0.064291 0.702692 0.727167
v 0.052073 0.700714 0.747111
v 0.061149 0.709892 0.749352
v 0.066291 0.697567 0.736559
v 0.063769 0.694308 0.748751
v 0.060568 0.701150 0.756645
v 0.063769 0.694308 0.748751
v 0.068981 0.703426 0.750663
v 0.060568 0.701150 0.756645
v 0.061149 0.709892 0.749352
v 0.071776 0.703467 0.726801
v 0.066291 0.697567 0.736559
v 0.058746 0.705463 0.705260
v 0.066020 0.702196 0.699310
v 0.066836 0.700691 0.682164
v 0.056991 0.760312 0.666734
v 0.065941 0.756109 0.662547
v 0.052785 0.730433 0.666662
v 0.065941 0.756109 0.662547
v 0.058754 0.735274 0.652494
v 0.071231 0.710117 0.663492
v 0.057425 0.707216 0.673559
v 0.071231 0.710117 0.663492
v 0.066619 0.743502 0.660678
v 0.058754 0.735274 0.652494
v 0.048819 0.764777 0.752247
v 0.056969 0.761863 0.754241
v 0.055336 0.768458 0.763175
v 0.043298 0.768926 0.757740
v 0.047479 0.775713 0.755374
v 0.056002 0.779468 0.756529
v 0.013694 0.778124 0.703046
v 0.010828 0.774403 0.727525
v 0.015416 0.770085 0.725268
v 0.017482 0.773925 0.702579
v 0.012694 0.763991 0.725117
v 0.014821 0.768610 0.701259
v 0.014462 0.774032 0.697394
v 0.057966 0.773079 0.746652
v 0.065160 0.771211 0.756758
v 0.014821 0.768610 0.701259
v 0.009990 0.772093 0.701893
v 0.014462 0.774032 0.697394
v 0.007038 0.768835 0.727593
v 0.011870 0.764251 0.757566
v 0.013158 0.773333 0.753977
v 0.014719 0.759710 0.748777
v 0.012694 0.763991 0.725117
v 0.046177 0.771366 0.746502
v 0.016113 0.768097 0.746425
v 0.014719 0.759710 0.748777
v 0.048819 0.764777 0.752247
v 0.056969 0.761863 0.754241
v 0.065160 0.771211 0.756758
v 0.055019 0.739665 0.754429
v 0.063107 0.737284 0.757903
v 0.061387 0.746858 0.764253
v 0.049263 0.745706 0.758067
v 0.053991 0.751441 0.753698
v 0.062726 0.755267 0.754091
v 0.020634 0.745478 0.695428
v 0.015888 0.746881 0.723056
v 0.019553 0.741083 0.721636
v 0.023646 0.740694 0.695859
v 0.015586 0.735786 0.722659
v 0.019806 0.735760 0.695488
v 0.020522 0.740470 0.690622
v 0.065043 0.745789 0.746652
v 0.072085 0.747257 0.757514
v 0.019806 0.735760 0.695488
v 0.015755 0.740235 0.695310
v 0.020522 0.740470 0.690622
v 0.010812 0.742137 0.724092
v 0.012600 0.741614 0.757202
v 0.014852 0.748471 0.751874
v 0.016211 0.734866 0.751374
v 0.015586 0.735786 0.722659
v 0.052855 0.744201 0.746421
v 0.016979 0.741084 0.746355
v 0.016211 0.734866 0.751374
v 0.055019 0.739665 0.754429
v 0.063107 0.737284 0.757903
v 0.072085 0.747257 0.757514
v 0.056543 0.716317 0.754056
v 0.064748 0.713653 0.756747
v 0.063539 0.722466 0.763991
v 0.051121 0.721943 0.758569
v 0.055618 0.728064 0.754452
v 0.064375 0.731670 0.754648
v 0.021263 0.725436 0.703639
v 0.016530 0.724571 0.727997
v 0.020423 0.719277 0.726029
v 0.024672 0.720961 0.703685
v 0.017020 0.713674 0.726232
v 0.021319 0.715792 0.703237
v 0.021337 0.720668 0.698694
v 0.066610 0.722649 0.747917
v 0.073613 0.723307 0.756818
v 0.021319 0.715792 0.703237
v 0.016919 0.719812 0.703503
v 0.021337 0.720668 0.698694
v 0.011945 0.719415 0.728171
v 0.016198 0.718702 0.758181
v 0.018159 0.725820 0.753624
v 0.020339 0.712706 0.752378
v 0.017020 0.713674 0.726232
v 0.053901 0.721542 0.746845
v 0.021234 0.719208 0.749071
v 0.020339 0.712706 0.752378
v 0.056543 0.716317 0.754056
v 0.064748 0.713653 0.756747
v 0.073613 0.723307 0.756818
v 0.060703 0.694585 0.752657
v 0.068493 0.691837 0.754865
v 0.067667 0.699786 0.762079
v 0.055927 0.699910 0.757403
v 0.060136 0.705697 0.753733
v 0.068270 0.708847 0.753788
v 0.021046 0.704488 0.737598
v 0.024950 0.699353 0.735384
v 0.025885 0.701849 0.716790
v 0.022424 0.706368 0.717017
v 0.021905 0.693585 0.735376
v 0.022861 0.696703 0.716200
v 0.022589 0.701780 0.711814
v 0.069534 0.701002 0.745610
v 0.076867 0.700658 0.755028
v 0.022861 0.696703 0.716200
v 0.018452 0.700561 0.716709
v 0.022589 0.701780 0.711814
v 0.016703 0.698972 0.737644
v 0.025567 0.697555 0.761708
v 0.027275 0.704628 0.757705
v 0.029346 0.692266 0.755828
v 0.021905 0.693585 0.735376
v 0.058154 0.699984 0.746262
v 0.029894 0.698664 0.752963
v 0.029346 0.692266 0.755828
v 0.060703 0.694585 0.752657
v 0.068493 0.691837 0.754865
v 0.076867 0.700658 0.755028
v 0.072555 0.756560 0.682987
v 0.081764 0.752726 0.679780
v 0.077564 0.757215 0.670483
v 0.063872 0.764423 0.680590
v 0.064805 0.755467 0.673190
v 0.071020 0.750965 0.665296
v 0.042133 0.768747 0.689166
v 0.047732 0.761289 0.694732
v 0.033539 0.762780 0.704969
v 0.029583 0.772878 0.694486
v 0.049317 0.768852 0.701492
v 0.042157 0.776259 0.708873
v 0.033539 0.762780 0.704969
v 0.047732 0.761289 0.694732
v 0.033539 0.762780 0.704969
v 0.042157 0.776259 0.708873
v 0.029194 0.777137 0.707343
v 0.037990 0.782829 0.699776
v 0.054490 0.770520 0.688581
v 0.061506 0.753169 0.683440
v 0.061506 0.753169 0.683440
v 0.072098 0.742954 0.676560
v 0.072098 0.742954 0.676560
v 0.081764 0.752726 0.679780
v 0.077564 0.757215 0.670483
v 0.029858 0.775497 0.714676
v 0.038696 0.772476 0.711349
v 0.035182 0.780120 0.703382
v 0.024315 0.781283 0.710833
v 0.022860 0.776015 0.704010
v 0.027384 0.771262 0.696988
v -0.001339 0.779141 0.722079
v 0.004287 0.772143 0.729035
v -0.014169 0.765499 0.742669
v -0.017548 0.767657 0.739720
v 0.006649 0.780469 0.733869
v -0.012641 0.768913 0.746538
v -0.018183 0.766989 0.745710
v 0.030528 0.761245 0.706572
v 0.039983 0.769454 0.698610
v -0.012641 0.768913 0.746538
v -0.015850 0.772123 0.743813
v -0.018183 0.766989 0.745710
v 0.010162 0.782716 0.713176
v 0.013165 0.775400 0.720749
v 0.022676 0.768326 0.712660
v 0.029858 0.775497 0.714676
v 0.017983 0.783329 0.724232
v 0.001712 0.786200 0.726867
v 0.012724 0.787847 0.718667
v 0.006649 0.780469 0.733869
v 0.017983 0.783329 0.724232
v 0.038696 0.772476 0.711349
v 0.039983 0.769454 0.698610
v 0.007486 0.448342 -0.562877
v 0.002010 0.467921 -0.569907
v -0.023185 0.462472 -0.548192
v 0.002088 0.431084 -0.569989
v -0.020649 0.441858 -0.546508
v -0.011348 0.446176 -0.553871
v -0.013025 0.421339 -0.570473
v -0.015895 0.461934 -0.555903
v -0.015923 0.465112 -0.575311
v -0.022810 0.444692 -0.576253
v -0.011348 0.446176 -0.553871
v 0.032813 0.469645 -0.425163
v 0.016263 0.480428 -0.448283
v 0.007726 0.481804 -0.421471
v -0.005484 0.438387 -0.561402
v 0.002913 0.443173 -0.556421
v -0.013704 0.425533 -0.561774
v -0.003966 0.460253 -0.560069
v -0.022810 0.444692 -0.576253
v -0.022715 0.448143 -0.565965
v -0.013029 0.455163 -0.566793
v -0.013029 0.455163 -0.566793
v -0.022715 0.448143 -0.565965
v 0.021515 0.464435 -0.410190
v 0.032813 0.469645 -0.425163
v 0.051629 0.518676 -0.295796
v 0.041539 0.505898 -0.292118
v 0.047462 0.504960 -0.309104
v 0.069517 0.509132 -0.312820
v 0.086544 0.499640 -0.296660
v 0.081624 0.522981 -0.294301
v 0.055926 0.488116 -0.304613
v 0.056220 0.479949 -0.284743
v 0.078080 0.482153 -0.291481
v 0.072478 0.490560 -0.310594
v 0.075687 0.515499 -0.268351
v 0.056466 0.525116 -0.280245
v 0.088771 0.502002 -0.283472
v 0.046341 0.509231 -0.276684
v 0.078222 0.484627 -0.279462
v 0.088771 0.502002 -0.283472
v 0.086544 0.499640 -0.296660
v 0.061763 0.492612 -0.265580
v 0.075687 0.515499 -0.268351
v 0.072478 0.490560 -0.310594
v -0.006206 0.435831 -0.560460
v -0.009511 0.427662 -0.556936
v -0.007919 0.448198 -0.537208
v -0.007058 0.455836 -0.563112
v -0.003239 0.466992 -0.537183
v -0.019545 0.470453 -0.544486
v -0.014452 0.466995 -0.570647
v -0.021671 0.435159 -0.557759
v -0.019454 0.433621 -0.563428
v -0.020077 0.457959 -0.571117
v -0.007919 0.448198 -0.537208
v -0.009511 0.427662 -0.556936
v -0.021299 0.453896 -0.534022
v -0.032494 0.464957 -0.497450
v -0.032770 0.481953 -0.501602
v -0.046541 0.493004 -0.459614
v -0.048579 0.482059 -0.448483
v -0.035379 0.480251 -0.447138
v -0.020876 0.462417 -0.493687
v -0.060426 0.501972 -0.358719
v -0.060007 0.513279 -0.358436
v -0.035443 0.494333 -0.446953
v -0.035379 0.480251 -0.447138
v -0.069884 0.513953 -0.367785
v -0.069182 0.502884 -0.358802
v -0.060426 0.501972 -0.358719
v -0.007336 0.449573 -0.566102
v -0.005635 0.433475 -0.561103
v -0.011014 0.460561 -0.573507
v -0.011283 0.428949 -0.560784
v -0.016891 0.454938 -0.574703
v -0.082469 0.518343 -0.260348
v -0.091780 0.525507 -0.263949
v -0.077831 0.523959 -0.276474
v -0.084669 0.523531 -0.279171
v -0.098703 0.520144 -0.262660
v -0.091374 0.513434 -0.259084
v -0.077831 0.523959 -0.276474
v -0.082469 0.518343 -0.260348
v -0.098413 0.522267 -0.257073
v -0.092024 0.521228 -0.258983
v -0.085976 0.523306 -0.256753
v -0.092024 0.521228 -0.258983
v -0.011283 0.428949 -0.560784
v -0.085976 0.523306 -0.256753
v -0.016670 0.478736 -0.496447
v -0.020876 0.462417 -0.493687
v -0.011283 0.428949 -0.560784
v -0.071946 0.512039 -0.253711
v -0.068958 0.518774 -0.254530
v -0.059042 0.506279 -0.276039
v -0.082614 0.511936 -0.258828
v -0.064740 0.510245 -0.289884
v -0.064740 0.510245 -0.289884
v -0.061243 0.522413 -0.295872
v -0.092284 0.516552 -0.262110
v -0.082614 0.511936 -0.258828
v -0.073010 0.529091 -0.263504
v -0.076563 0.526798 -0.253865
v -0.087726 0.526564 -0.261467
v -0.052653 0.516340 -0.283056
v -0.025582 0.493184 -0.398709
v -0.015073 0.485873 -0.404123
v -0.018771 0.474248 -0.410008
v 0.013644 0.445722 -0.530493
v -0.009325 0.443201 -0.559053
v -0.012219 0.460234 -0.490870
v 0.001455 0.456658 -0.486275
v -0.030408 0.480242 -0.407740
v -0.012219 0.460234 -0.490870
v -0.006138 0.472142 -0.492042
v 0.015990 0.454583 -0.529863
v 0.004986 0.465508 -0.487401
v -0.006915 0.455954 -0.559428
v -0.081226 0.516617 -0.253342
v -0.074085 0.514656 -0.250459
v -0.093615 0.518556 -0.255254
v -0.081226 0.516617 -0.253342
v -0.072644 0.521849 -0.251157
v -0.087921 0.527157 -0.256281
v -0.000780 0.438288 -0.552577
v 0.000403 0.452482 -0.553204
v -0.004400 0.454924 -0.561878
v -0.004005 0.446899 -0.560398
v 0.000183 0.438396 -0.555677
v 0.000085 0.449957 -0.557805
v -0.004005 0.446899 -0.560398
v 0.000183 0.438396 -0.555677
v -0.009325 0.443201 -0.559053
v -0.081226 0.516617 -0.253342
v -0.072644 0.521849 -0.251157
v -0.074085 0.514656 -0.250459
v -0.087921 0.527157 -0.256281
v -0.093615 0.518556 -0.255254
v -0.076563 0.526798 -0.253865
v -0.030408 0.480242 -0.407740
v -0.100085 0.545771 -0.240744
v -0.104463 0.542101 -0.214188
v -0.108932 0.521242 -0.236166
v -0.093930 0.559081 -0.221183
v -0.085099 0.551654 -0.237851
v -0.096568 0.564354 -0.196459
v -0.091406 0.559674 -0.195081
v -0.081678 0.561741 -0.174916
v -0.092920 0.572082 -0.176190
v -0.100247 0.545875 -0.191279
v -0.095791 0.553595 -0.171037
v -0.093057 0.565014 -0.164233
v -0.095791 0.553595 -0.171037
v -0.103079 0.562779 -0.172651
v -0.093057 0.565014 -0.164233
v -0.102217 0.557318 -0.199253
v -0.100247 0.545875 -0.191279
v -0.086100 0.545673 -0.223961
v -0.092132 0.536377 -0.221482
v -0.075809 0.520842 -0.237077
v -0.105679 0.524720 -0.210590
v -0.096346 0.536907 -0.194518
v -0.085199 0.538081 -0.170492
v -0.097735 0.548170 -0.171328
v -0.100545 0.527335 -0.190732
v -0.098967 0.529028 -0.167949
v -0.096958 0.540004 -0.160243
v -0.098967 0.529028 -0.167949
v -0.106744 0.539760 -0.168850
v -0.096958 0.540004 -0.160243
v -0.097735 0.548170 -0.171328
v -0.104624 0.538788 -0.196012
v -0.100545 0.527335 -0.190732
v -0.086863 0.522695 -0.219442
v -0.102916 0.507151 -0.210025
v -0.098708 0.494090 -0.234647
v -0.094865 0.515668 -0.193488
v -0.082471 0.520420 -0.168285
v -0.096831 0.527621 -0.167563
v -0.094502 0.504559 -0.191278
v -0.093843 0.508608 -0.165864
v -0.093531 0.519058 -0.157284
v -0.093843 0.508608 -0.165864
v -0.103517 0.517649 -0.165392
v -0.093531 0.519058 -0.157284
v -0.096831 0.527621 -0.167563
v -0.103297 0.515049 -0.194230
v -0.094502 0.504559 -0.191278
v -0.088568 0.508474 -0.215492
v -0.077959 0.494698 -0.226406
v -0.088082 0.490468 -0.217265
v -0.086637 0.487314 -0.234143
v -0.095214 0.495076 -0.208465
v -0.089710 0.493751 -0.189591
v -0.079737 0.495764 -0.168439
v -0.090413 0.503349 -0.168114
v -0.091906 0.489214 -0.179944
v -0.090311 0.487557 -0.167282
v -0.089236 0.495537 -0.159897
v -0.090311 0.487557 -0.167282
v -0.097157 0.495740 -0.166894
v -0.089236 0.495537 -0.159897
v -0.090413 0.503349 -0.168114
v -0.097126 0.493150 -0.190779
v -0.091906 0.489214 -0.179944
v -0.082196 0.495492 -0.211012
v -0.088082 0.490468 -0.217265
v -0.086637 0.487314 -0.234143
v -0.085141 0.546114 -0.254881
v -0.092717 0.540032 -0.259455
v -0.078052 0.515071 -0.250894
v -0.092717 0.540032 -0.259455
v -0.081588 0.518531 -0.265258
v -0.090340 0.494103 -0.254068
v -0.077509 0.494610 -0.242429
v -0.090340 0.494103 -0.254068
v -0.091413 0.525728 -0.258165
v -0.081588 0.518531 -0.265258
v -0.087827 0.559586 -0.169967
v -0.095553 0.555462 -0.168486
v -0.096092 0.563014 -0.160200
v -0.083751 0.565124 -0.164435
v -0.088702 0.570822 -0.167924
v -0.097807 0.573093 -0.168032
v -0.049939 0.574502 -0.216601
v -0.049359 0.573553 -0.191700
v -0.052869 0.568305 -0.193920
v -0.052894 0.569673 -0.216984
v -0.049170 0.562802 -0.193140
v -0.049249 0.564818 -0.217451
v -0.049352 0.569850 -0.221824
v -0.097517 0.565600 -0.177306
v -0.105423 0.563395 -0.167819
v -0.049249 0.564818 -0.217451
v -0.045173 0.569146 -0.216722
v -0.049352 0.569850 -0.221824
v -0.044728 0.568774 -0.190655
v -0.052180 0.566104 -0.160989
v -0.054538 0.574455 -0.165649
v -0.053190 0.560362 -0.169474
v -0.049170 0.562802 -0.193140
v -0.085670 0.565999 -0.176101
v -0.055681 0.568124 -0.172846
v -0.053190 0.560362 -0.169474
v -0.087827 0.559586 -0.169967
v -0.095553 0.555462 -0.168486
v -0.105423 0.563395 -0.167819
v -0.089965 0.534070 -0.165707
v -0.097892 0.530612 -0.162813
v -0.098541 0.540868 -0.157397
v -0.085759 0.541338 -0.162191
v -0.090837 0.545729 -0.167601
v -0.100073 0.547963 -0.168492
v -0.050407 0.540594 -0.221292
v -0.049206 0.545281 -0.193644
v -0.051663 0.538821 -0.194785
v -0.052608 0.535409 -0.220646
v -0.047014 0.534426 -0.192807
v -0.047983 0.531222 -0.220099
v -0.048903 0.535276 -0.225493
v -0.099897 0.537598 -0.175054
v -0.108300 0.538757 -0.165167
v -0.047983 0.531222 -0.220099
v -0.044742 0.536311 -0.220358
v -0.048903 0.535276 -0.225493
v -0.043566 0.541626 -0.191603
v -0.049078 0.543757 -0.158973
v -0.051807 0.549600 -0.165208
v -0.050811 0.535981 -0.164365
v -0.047014 0.534426 -0.192807
v -0.087672 0.538184 -0.173904
v -0.052017 0.541490 -0.170078
v -0.050811 0.535981 -0.164365
v -0.089965 0.534070 -0.165707
v -0.097892 0.530612 -0.162813
v -0.108300 0.538757 -0.165167
v -0.087522 0.510884 -0.163699
v -0.095424 0.507057 -0.161563
v -0.096552 0.516557 -0.155230
v -0.083676 0.517764 -0.159308
v -0.088621 0.522596 -0.164488
v -0.097819 0.524594 -0.165551
v -0.048636 0.521574 -0.211064
v -0.046689 0.523745 -0.186407
v -0.049390 0.517689 -0.188167
v -0.051233 0.516588 -0.210872
v -0.045148 0.512820 -0.187022
v -0.047037 0.512077 -0.210424
v -0.047338 0.516446 -0.215447
v -0.097720 0.514755 -0.171455
v -0.105721 0.514952 -0.163415
v -0.047037 0.512077 -0.210424
v -0.043430 0.516822 -0.210159
v -0.047338 0.516446 -0.215447
v -0.041361 0.519521 -0.185222
v -0.048896 0.520750 -0.155881
v -0.051473 0.526971 -0.161354
v -0.051277 0.513620 -0.161383
v -0.045148 0.512820 -0.187022
v -0.084968 0.515829 -0.171136
v -0.052851 0.519538 -0.165446
v -0.051277 0.513620 -0.161383
v -0.087522 0.510884 -0.163699
v -0.095424 0.507057 -0.161563
v -0.105721 0.514952 -0.163415
v -0.087810 0.488722 -0.163145
v -0.095236 0.484844 -0.161435
v -0.096591 0.493426 -0.155077
v -0.084573 0.495213 -0.158553
v -0.089232 0.499809 -0.163227
v -0.097728 0.501458 -0.164318
v -0.048880 0.504119 -0.175185
v -0.051589 0.498196 -0.177205
v -0.050759 0.498814 -0.195961
v -0.048150 0.503877 -0.195883
v -0.047645 0.493083 -0.176288
v -0.046872 0.494254 -0.195688
v -0.046942 0.498885 -0.200550
v -0.096707 0.492814 -0.171684
v -0.104924 0.492017 -0.163057
v -0.046872 0.494254 -0.195688
v -0.043257 0.498863 -0.195166
v -0.046942 0.498885 -0.200550
v -0.043714 0.499489 -0.174112
v -0.054955 0.498678 -0.151033
v -0.057340 0.504949 -0.155927
v -0.057089 0.492298 -0.156651
v -0.047645 0.493083 -0.176288
v -0.085470 0.493894 -0.169802
v -0.058359 0.498215 -0.160232
v -0.057089 0.492298 -0.156651
v -0.087810 0.488722 -0.163145
v -0.095236 0.484844 -0.161435
v -0.104924 0.492017 -0.163057
v -0.101644 0.541128 -0.239940
v -0.109649 0.535449 -0.243609
v -0.105205 0.539763 -0.252875
v -0.094175 0.550161 -0.242302
v -0.092735 0.540556 -0.248745
v -0.097152 0.534335 -0.256683
v -0.074608 0.559024 -0.232133
v -0.079494 0.551218 -0.226375
v -0.067036 0.556114 -0.215005
v -0.063627 0.565775 -0.226075
v -0.083093 0.558953 -0.220663
v -0.078175 0.568144 -0.213454
v -0.067036 0.556114 -0.215005
v -0.079494 0.551218 -0.226375
v -0.067036 0.556114 -0.215005
v -0.078175 0.568144 -0.213454
v -0.065450 0.571168 -0.213779
v -0.074133 0.574508 -0.222751
v -0.086934 0.558516 -0.234127
v -0.090314 0.539806 -0.238030
v -0.090314 0.539806 -0.238030
v -0.098182 0.527299 -0.244780
v -0.098182 0.527299 -0.244780
v -0.109649 0.535449 -0.243609
v -0.105205 0.539763 -0.252875
v -0.066680 0.570099 -0.206414
v -0.074443 0.565272 -0.210253
v -0.071351 0.572674 -0.218612
v -0.061771 0.576409 -0.210292
v -0.058674 0.570894 -0.216327
v -0.061495 0.564805 -0.223207
v -0.037602 0.579868 -0.196395
v -0.042753 0.572633 -0.189314
v -0.025160 0.570616 -0.173281
v -0.021869 0.573067 -0.176097
v -0.047016 0.580806 -0.185667
v -0.027675 0.574037 -0.169974
v -0.021832 0.573061 -0.170036
v -0.064018 0.555287 -0.212954
v -0.073718 0.560942 -0.222655
v -0.027675 0.574037 -0.169974
v -0.024751 0.577509 -0.172700
v -0.021832 0.573061 -0.170036
v -0.048424 0.580535 -0.206727
v -0.051026 0.573509 -0.198742
v -0.058219 0.564164 -0.206920
v -0.066680 0.570099 -0.206414
v -0.057470 0.580736 -0.196632
v -0.042323 0.586673 -0.192725
v -0.052427 0.585600 -0.202105
v -0.047016 0.580806 -0.185667
v -0.057470 0.580736 -0.196632
v -0.074443 0.565272 -0.210253
v -0.073718 0.560942 -0.222655
v -0.014065 -0.363179 -0.208929
v -0.039262 -0.328661 -0.217670
v -0.044682 -0.354431 -0.212243
v 0.004397 -0.339951 -0.234747
v -0.010730 -0.319229 -0.239904
v 0.005946 -0.337550 -0.278596
v -0.025803 -0.314188 -0.265990
v -0.047549 -0.329815 -0.251050
v -0.032842 -0.333920 -0.289994
v -0.054991 -0.343104 -0.259921
v -0.044682 -0.354431 -0.212243
v -0.039262 -0.328661 -0.217670
v -0.017547 -0.156185 -0.222392
v -0.000360 -0.145732 -0.230548
v -0.007428 -0.151585 -0.202950
v 0.022786 -0.025857 -0.174836
v -0.007428 -0.151585 -0.202950
v 0.011234 -0.136034 -0.208860
v 0.057101 0.011709 -0.179824
v 0.044180 0.018630 -0.211067
v 0.012110 -0.023036 -0.197734
v 0.022786 -0.025857 -0.174836
v -0.010631 -0.377733 -0.222242
v -0.010780 -0.364885 -0.247418
v 0.000182 -0.360558 -0.275567
v -0.038636 -0.376360 -0.229817
v -0.036963 -0.360181 -0.285580
v 0.020653 0.008837 -0.161058
v 0.015567 0.020003 -0.200026
v 0.020653 0.008837 -0.161058
v 0.017488 0.026944 -0.175790
v 0.046549 0.040726 -0.196755
v 0.045069 0.025635 -0.161575
v 0.022661 0.011314 -0.139865
v 0.012936 0.033119 -0.149402
v 0.033686 0.038379 -0.170818
v 0.031173 0.052812 -0.154379
v 0.040735 0.034988 -0.141586
v 0.045069 0.025635 -0.161575
v 0.022661 0.011314 -0.139865
v 0.033686 0.038379 -0.170818
v 0.026656 0.040517 -0.130744
v -0.038636 -0.376360 -0.229817
v -0.036963 -0.360181 -0.285580
v 0.020653 0.008837 -0.161058
v -0.038636 -0.376360 -0.229817
v -0.068337 -0.379258 -0.267297
v -0.054976 -0.361963 -0.241924
v -0.061930 -0.344866 -0.258602
v -0.041325 -0.362657 -0.283458
v -0.046165 -0.397421 -0.267489
v -0.047909 -0.378339 -0.234770
v -0.047909 -0.378339 -0.234770
v -0.046165 -0.397421 -0.267489
v -0.051509 -0.353472 -0.277048
v -0.054976 -0.361963 -0.241924
v -0.061930 -0.344866 -0.258602
v 0.133044 -0.905848 0.248213
v 0.132928 -0.873457 0.235413
v 0.111112 -0.867208 0.275530
v 0.115709 -0.896434 0.275253
v 0.126373 -0.865337 0.204139
v 0.132298 -0.896274 0.201571
v 0.093841 -0.879314 0.207486
v 0.092139 -0.908540 0.213006
v 0.094968 -0.924565 0.220044
v 0.079604 -0.893845 0.243846
v -0.012115 -0.926967 0.340347
v -0.032232 -0.924868 0.379811
v -0.030454 -0.914084 0.379148
v -0.015511 -0.911608 0.340853
v -0.014174 -0.921806 0.386582
v 0.029536 -0.917250 0.411117
v 0.047432 -0.917968 0.405668
v 0.046378 -0.909873 0.404966
v 0.028934 -0.910286 0.409609
v 0.076950 -0.915122 0.374559
v 0.077651 -0.909329 0.374613
v 0.094857 -0.838523 0.253484
v 0.035995 -0.874751 0.295665
v 0.073240 -0.874183 0.315462
v 0.100744 -0.898897 0.322412
v 0.054676 -0.894448 0.370078
v 0.010425 -0.895247 0.353086
v 0.001276 -0.900623 0.321278
v 0.026797 -0.901586 0.280966
v 0.036625 -0.920192 0.274169
v 0.047324 -0.917982 0.405601
v 0.029428 -0.917263 0.411050
v -0.006276 -0.922981 0.402062
v -0.014283 -0.921820 0.386515
v -0.012224 -0.926981 0.340280
v 0.076842 -0.915136 0.374492
v 0.100673 -0.913413 0.338907
v 0.008598 -0.910742 0.308336
v 0.132533 -0.918523 0.246557
v 0.128953 -0.921336 0.210328
v -0.006879 -0.911550 0.401522
v -0.006168 -0.922967 0.402129
v 0.058155 -0.862518 0.246699
v 0.094860 -0.924578 0.219977
v 0.132426 -0.918537 0.246491
v 0.115601 -0.896447 0.275186
v 0.079495 -0.893859 0.243779
v 0.036517 -0.920205 0.274102
v 0.100565 -0.913427 0.338840
v 0.008490 -0.910756 0.308270
v 0.128845 -0.921350 0.210261
v -0.032340 -0.924881 0.379744
v 0.126431 -0.922452 -0.380108
v 0.094720 -0.913821 -0.384896
v 0.091048 -0.884521 -0.384531
v 0.135834 -0.889242 -0.375416
v 0.155559 -0.878278 -0.351474
v 0.161713 -0.909313 -0.351054
v 0.132403 -0.890172 -0.327004
v 0.127427 -0.919523 -0.326179
v 0.124086 -0.936230 -0.331121
v 0.095598 -0.906352 -0.337435
v -0.036264 -0.940044 -0.324153
v -0.039187 -0.924690 -0.323479
v -0.077941 -0.928933 -0.335878
v -0.079535 -0.939565 -0.333773
v -0.073171 -0.938294 -0.352418
v -0.064219 -0.938835 -0.402010
v -0.063634 -0.931683 -0.401415
v -0.048756 -0.932087 -0.411975
v -0.048469 -0.940301 -0.412419
v -0.005509 -0.931592 -0.416914
v -0.005857 -0.937235 -0.415684
v 0.103217 -0.850131 -0.348121
v 0.027898 -0.888256 -0.338435
v 0.036338 -0.891808 -0.379885
v 0.049007 -0.918819 -0.402882
v -0.016958 -0.914771 -0.397874
v -0.032202 -0.911185 -0.352884
v -0.013479 -0.913379 -0.325192
v 0.033696 -0.913103 -0.319305
v 0.045340 -0.931801 -0.320655
v -0.047791 -0.940312 -0.415252
v -0.005180 -0.937246 -0.418518
v -0.035587 -0.940056 -0.326986
v -0.072494 -0.938305 -0.355252
v -0.079153 -0.941192 -0.371036
v -0.063542 -0.938847 -0.404843
v 0.036484 -0.934562 -0.411596
v 0.001182 -0.923029 -0.321626
v 0.127579 -0.934847 -0.377441
v 0.153225 -0.934654 -0.351372
v -0.079830 -0.941181 -0.368202
v -0.080097 -0.929686 -0.368581
v 0.079370 -0.873872 -0.325941
v 0.124763 -0.936241 -0.333954
v 0.096275 -0.906363 -0.340269
v 0.095397 -0.913832 -0.387730
v 0.128257 -0.934858 -0.380275
v 0.046017 -0.931813 -0.323489
v 0.001859 -0.923040 -0.324460
v 0.037161 -0.934574 -0.414429
v 0.153902 -0.934665 -0.354206
v -0.078858 -0.939576 -0.336606
v 0.002332 -0.361681 -0.283976
v 0.000526 -0.411759 -0.285118
v -0.018681 -0.370917 -0.291764
v 0.007694 -0.376002 -0.241434
v 0.022070 -0.434822 -0.254781
v -0.002653 -0.389763 -0.216537
v -0.011041 -0.430596 -0.238824
v -0.042876 -0.397693 -0.264093
v -0.038742 -0.393596 -0.225394
v -0.044992 -0.376747 -0.257943
v 0.000526 -0.411759 -0.285118
v -0.019540 -0.436763 -0.268446
v -0.018681 -0.370917 -0.291764
v -0.001828 -0.494552 -0.279029
v 0.031376 -0.603554 -0.298934
v 0.043093 -0.605128 -0.280226
v 0.008582 -0.493372 -0.253661
v 0.050916 -0.596797 -0.307349
v 0.020123 -0.483395 -0.293563
v 0.062028 -0.596790 -0.288127
v 0.136478 -0.848274 -0.335972
v 0.103323 -0.810429 -0.356495
v 0.050916 -0.596797 -0.307349
v 0.102633 -0.830749 -0.322279
v 0.107495 -0.863915 -0.318049
v 0.080221 -0.816354 -0.342258
v 0.103323 -0.810429 -0.356495
v -0.001001 -0.354648 -0.274313
v -0.006294 -0.361828 -0.244318
v -0.010519 -0.370080 -0.215243
v -0.028072 -0.360545 -0.278501
v -0.041073 -0.377431 -0.227710
v 0.112148 -0.852336 -0.377364
v 0.084137 -0.856906 -0.351533
v 0.112148 -0.852336 -0.377364
v 0.117465 -0.878303 -0.329099
v 0.126356 -0.860121 -0.341028
v 0.129966 -0.865023 -0.368532
v 0.111326 -0.860387 -0.348632
v 0.111326 -0.860387 -0.348632
v -0.028072 -0.360545 -0.278501
v -0.041073 -0.377431 -0.227710
v 0.129966 -0.865023 -0.368532
v -0.044992 -0.376747 -0.257943
v 0.020123 -0.483395 -0.293563
v 0.033602 -0.481337 -0.264386
v 0.008582 -0.493372 -0.253661
v 0.033602 -0.481337 -0.264386
v -0.028072 -0.360545 -0.278501
v 0.129172 -0.832539 -0.366684
v 0.123831 -0.819155 -0.359748
v 0.121665 -0.824983 -0.344133
v 0.115712 -0.829959 -0.374916
v 0.110624 -0.813628 -0.365862
v 0.103816 -0.833681 -0.357386
v 0.121665 -0.824983 -0.344133
v 0.106249 -0.814381 -0.350832
v 0.075067 -0.569672 -0.313594
v 0.062479 -0.574176 -0.308047
v 0.063564 -0.571532 -0.320077
v 0.062479 -0.574176 -0.308047
v 0.009661 -0.402199 -0.276604
v 0.032988 -0.478284 -0.290523
v 0.043401 -0.473159 -0.295455
v 0.011772 -0.376522 -0.277322
v 0.034105 -0.476006 -0.304542
v 0.043401 -0.473159 -0.295455
v 0.009661 -0.402199 -0.276604
v 0.006358 -0.386215 -0.289832
v 0.034105 -0.476006 -0.304542
v 0.032988 -0.478284 -0.290523
v 0.118837 -0.852678 -0.362707
v 0.129172 -0.832539 -0.366684
v 0.001567 -0.382989 -0.266682
v -0.006691 -0.383053 -0.276170
v 0.001567 -0.382989 -0.266682
v -0.001828 -0.494552 -0.279029
v 0.020123 -0.483395 -0.293563
v 0.020123 -0.483395 -0.293563
v 0.032988 -0.478284 -0.290523
v 0.032988 -0.478284 -0.290523
v -0.015266 -0.361492 0.109877
v -0.045586 -0.352162 0.114299
v -0.039762 -0.326278 0.117952
v 0.004497 -0.337200 0.133264
v -0.010123 -0.316036 0.138056
v 0.007980 -0.332443 0.176677
v -0.023930 -0.309357 0.164618
v -0.046485 -0.325480 0.151870
v -0.053570 -0.338139 0.161946
v -0.030039 -0.327724 0.190182
v -0.045586 -0.352162 0.114299
v -0.039762 -0.326278 0.117952
v -0.016133 -0.154066 0.111623
v 0.001346 -0.143480 0.118164
v -0.006853 -0.150672 0.091496
v 0.023277 -0.027051 0.054520
v 0.058124 0.010254 0.055501
v 0.012149 -0.134983 0.095443
v -0.006853 -0.150672 0.091496
v 0.046765 0.019028 0.086728
v 0.013712 -0.022779 0.077788
v 0.023277 -0.027051 0.054520
v -0.011333 -0.375417 0.123755
v -0.010209 -0.361221 0.148200
v 0.001996 -0.355491 0.175471
v -0.039005 -0.373147 0.132798
v -0.034690 -0.354180 0.187353
v 0.020878 0.006893 0.038995
v 0.017660 0.020272 0.077395
v 0.020878 0.006893 0.038995
v 0.018551 0.025825 0.052796
v 0.048385 0.040251 0.071200
v 0.045528 0.023355 0.037122
v 0.012804 0.030569 0.026216
v 0.021884 0.008175 0.017546
v 0.034527 0.036722 0.046198
v 0.031417 0.050256 0.029165
v 0.045528 0.023355 0.037122
v 0.040308 0.031658 0.016984
v 0.021884 0.008175 0.017546
v 0.034527 0.036722 0.046198
v 0.025905 0.036874 0.006507
v -0.039005 -0.373147 0.132798
v -0.034690 -0.354180 0.187353
v 0.020878 0.006893 0.038995
v -0.039005 -0.373147 0.132798
v -0.066691 -0.373059 0.176791
v -0.060693 -0.339185 0.166198
v -0.054601 -0.357130 0.149780
v -0.044648 -0.391226 0.176538
v -0.039064 -0.355848 0.190414
v -0.047805 -0.373791 0.143106
v -0.044648 -0.391226 0.176538
v -0.047805 -0.373791 0.143106
v -0.049430 -0.346970 0.184338
v -0.054601 -0.357130 0.149780
v -0.060693 -0.339185 0.166198
v 0.004730 -0.354735 0.188262
v -0.015486 -0.363858 0.197656
v 0.003837 -0.404710 0.191403
v 0.008043 -0.370637 0.145911
v 0.024124 -0.428654 0.160822
v -0.009689 -0.425377 0.146853
v -0.003031 -0.385367 0.122401
v -0.040872 -0.392030 0.172671
v -0.043627 -0.371365 0.165893
v -0.038817 -0.389469 0.133739
v 0.003837 -0.404710 0.191403
v -0.015486 -0.363858 0.197656
v -0.016561 -0.430598 0.177247
v 0.002530 -0.487611 0.188951
v 0.011645 -0.487286 0.163090
v 0.049425 -0.597425 0.191795
v 0.038574 -0.595236 0.211345
v 0.058492 -0.587932 0.218125
v 0.025029 -0.475627 0.201734
v 0.068615 -0.588638 0.198163
v 0.058492 -0.587932 0.218125
v 0.117021 -0.798672 0.272574
v 0.132386 -0.835648 0.224644
v 0.101395 -0.852849 0.221454
v 0.114762 -0.820436 0.239277
v 0.093185 -0.805543 0.260119
v 0.117021 -0.798672 0.272574
v -0.005780 -0.356439 0.149192
v 0.000937 -0.348036 0.178451
v -0.011472 -0.365950 0.120668
v -0.025894 -0.354178 0.184631
v -0.041293 -0.373122 0.135545
v 0.127252 -0.837344 0.269722
v 0.093872 -0.843968 0.258745
v 0.127252 -0.837344 0.269722
v 0.114196 -0.866363 0.227896
v 0.126104 -0.847251 0.233652
v 0.139430 -0.850374 0.256167
v 0.116100 -0.847297 0.245954
v 0.116100 -0.847297 0.245954
v -0.025894 -0.354178 0.184631
v -0.041293 -0.373122 0.135545
v 0.139430 -0.850374 0.256167
v -0.043627 -0.371365 0.165893
v 0.036967 -0.474589 0.171523
v 0.025029 -0.475627 0.201734
v 0.036967 -0.474589 0.171523
v 0.011645 -0.487286 0.163090
v -0.025894 -0.354178 0.184631
v 0.143767 -0.820134 0.281994
v 0.135035 -0.813531 0.259529
v 0.137726 -0.807137 0.274897
v 0.124809 -0.801564 0.281557
v 0.130857 -0.817399 0.291057
v 0.117909 -0.821892 0.274337
v 0.119619 -0.802844 0.266825
v 0.135035 -0.813531 0.259529
v 0.069892 -0.565166 0.217048
v 0.082453 -0.560385 0.221695
v 0.071292 -0.562150 0.228847
v 0.069892 -0.565166 0.217048
v 0.012239 -0.395325 0.181915
v 0.014201 -0.369646 0.181473
v 0.048355 -0.465057 0.201578
v 0.037733 -0.470447 0.197466
v 0.048355 -0.465057 0.201578
v 0.039493 -0.467683 0.211395
v 0.012239 -0.395325 0.181915
v 0.037733 -0.470447 0.197466
v 0.039493 -0.467683 0.211395
v 0.009641 -0.378802 0.194828
v 0.127439 -0.838610 0.254637
v 0.143767 -0.820134 0.281994
v 0.003450 -0.376645 0.171810
v -0.004308 -0.376437 0.181955
v 0.003450 -0.376645 0.171810
v 0.002530 -0.487611 0.188951
v 0.025029 -0.475627 0.201734
v 0.025029 -0.475627 0.201734
v 0.037733 -0.470447 0.197466
v 0.037733 -0.470447 0.197466
v 0.044732 -0.312853 0.187303
v 0.096367 -0.312604 0.140233
v -0.073960 -0.317942 0.167475
v 0.051258 -0.220131 0.139010
v 0.092107 -0.229438 0.095446
v -0.035240 -0.218200 0.148047
v 0.057720 -0.092780 0.109188
v 0.101053 -0.100085 0.074993
v -0.011181 -0.091215 0.116512
v 0.056227 0.037377 0.090919
v 0.086152 0.027354 0.038420
v 0.007297 0.035268 0.079876
v 0.028451 0.168561 0.067113
v 0.064892 0.169291 0.027582
v -0.012713 0.144177 0.070480
v -0.069113 -0.321097 0.073199
v -0.031339 -0.203498 0.080404
v -0.016962 -0.101445 0.068626
v -0.023118 0.026214 0.032452
v -0.001575 0.116941 0.025115
v -0.016191 -0.318125 0.203141
v 0.017428 -0.215727 0.159624
v 0.033088 -0.089981 0.122289
v 0.030978 0.038215 0.095310
v 0.009231 0.160942 0.074016
v 0.112916 -0.316558 0.076571
v 0.106908 -0.238991 0.050726
v 0.121917 -0.113292 0.013174
v 0.117267 0.018436 -0.008289
v 0.094528 0.162496 -0.011143
v 0.044732 -0.321474 -0.285803
v 0.096367 -0.318165 -0.238849
v 0.092107 -0.232278 -0.200185
v 0.051258 -0.225708 -0.244265
v 0.112916 -0.318090 -0.177862
v 0.106908 -0.239023 -0.154934
v -0.072838 -0.344501 -0.048360
v -0.072765 -0.335731 -0.189775
v -0.031339 -0.205437 -0.186786
v -0.027956 -0.182116 -0.053645
v -0.069646 -0.331984 -0.266730
v -0.016191 -0.327765 -0.301265
v 0.017428 -0.222599 -0.265123
v -0.038050 -0.224345 -0.253409
v 0.101053 -0.101840 -0.187846
v 0.057720 -0.096683 -0.222446
v 0.121917 -0.111164 -0.125294
v -0.016962 -0.102800 -0.181403
v -0.029102 -0.121665 -0.055613
v 0.033088 -0.094707 -0.235702
v -0.011181 -0.095578 -0.229857
v 0.086152 0.027691 -0.159127
v 0.056227 0.034767 -0.212183
v 0.117267 0.021396 -0.111923
v -0.023118 0.026887 -0.153096
v -0.028211 0.008545 -0.059851
v 0.030978 0.035359 -0.216620
v 0.007297 0.033279 -0.201023
v 0.064892 0.169291 -0.146829
v 0.028451 0.168561 -0.186359
v 0.094528 0.162496 -0.108103
v -0.001575 0.116941 -0.144361
v -0.013144 0.102206 -0.059623
v 0.009231 0.160942 -0.193263
v -0.012713 0.144177 -0.189726
v 0.133192 -0.324629 -0.049007
v 0.131853 -0.241606 -0.051709
v 0.130604 -0.126550 -0.055454
v 0.137029 0.008545 -0.059851
v 0.123148 0.151995 -0.059623
v -0.016191 -0.318125 0.203141
v 0.017428 -0.215727 0.159624
v 0.033088 -0.089981 0.122289
v 0.030978 0.038215 0.095310
v 0.009231 0.160942 0.074016
v -0.016191 -0.327765 -0.301265
v 0.017428 -0.222599 -0.265123
v 0.033088 -0.094707 -0.235702
v 0.030978 0.035359 -0.216620
v 0.009231 0.160942 -0.193263
v 0.147814 -0.792991 0.271041
v 0.127593 -0.793633 0.292109
v 0.121268 -0.784667 0.279088
v 0.134297 -0.784258 0.265484
v 0.147270 -0.794668 0.241885
v 0.133946 -0.785342 0.246645
v 0.126324 -0.797739 0.221682
v 0.147270 -0.794668 0.241885
v 0.133946 -0.785342 0.246645
v 0.120473 -0.787301 0.233775
v 0.097242 -0.800337 0.222400
v 0.101715 -0.788962 0.234172
v 0.077035 -0.800998 0.243464
v 0.088663 -0.789392 0.247787
v 0.077575 -0.799296 0.272619
v 0.088999 -0.788304 0.266539
v 0.098491 -0.796252 0.292744
v 0.102515 -0.786355 0.279584
v 0.157149 -0.781651 0.274452
v 0.131063 -0.782512 0.301584
v 0.127593 -0.793633 0.292109
v 0.147814 -0.792991 0.271041
v 0.156444 -0.783843 0.236779
v 0.147270 -0.794668 0.241885
v 0.129444 -0.787786 0.210783
v 0.126324 -0.797739 0.221682
v 0.091888 -0.791158 0.211604
v 0.097242 -0.800337 0.222400
v 0.065878 -0.791959 0.238975
v 0.077035 -0.800998 0.243464
v 0.066544 -0.789762 0.276566
v 0.077575 -0.799296 0.272619
v 0.093568 -0.785851 0.302561
v 0.098491 -0.796252 0.292744
v 0.093568 -0.785851 0.302561
v 0.098491 -0.796252 0.292744
v 0.145927 -0.772659 0.269808
v 0.125746 -0.773290 0.290950
v 0.145401 -0.774358 0.240652
v 0.124508 -0.777368 0.220601
v 0.095358 -0.779990 0.221163
v 0.075186 -0.780610 0.242298
v 0.075728 -0.778921 0.271546
v 0.096686 -0.775871 0.291658
v 0.096686 -0.775871 0.291658
v 0.125746 -0.773290 0.290950
v 0.145927 -0.772659 0.269808
v 0.145401 -0.774358 0.240652
v 0.145401 -0.774358 0.240652
v 0.124508 -0.777368 0.220601
v 0.095358 -0.779990 0.221163
v 0.075186 -0.780610 0.242298
v 0.075728 -0.778921 0.271546
v 0.096686 -0.775871 0.291658
v 0.147814 -0.792991 0.271041
v 0.127593 -0.793633 0.292109
v 0.121268 -0.784667 0.279088
v 0.134297 -0.784258 0.265484
v 0.147270 -0.794668 0.241885
v 0.133946 -0.785342 0.246645
v 0.126324 -0.797739 0.221682
v 0.147270 -0.794668 0.241885
v 0.133946 -0.785342 0.246645
v 0.120473 -0.787301 0.233775
v 0.097242 -0.800337 0.222400
v 0.101715 -0.788962 0.234172
v 0.077035 -0.800998 0.243464
v 0.088663 -0.789392 0.247787
v 0.077575 -0.799296 0.272619
v 0.088999 -0.788304 0.266539
v 0.098491 -0.796252 0.292744
v 0.102515 -0.786355 0.279584
v 0.157149 -0.781651 0.274452
v 0.131063 -0.782512 0.301584
v 0.127593 -0.793633 0.292109
v 0.147814 -0.792991 0.271041
v 0.156444 -0.783843 0.236779
v 0.147270 -0.794668 0.241885
v 0.129444 -0.787786 0.210783
v 0.126324 -0.797739 0.221682
v 0.091888 -0.791158 0.211604
v 0.097242 -0.800337 0.222400
v 0.065878 -0.791959 0.238975
v 0.077035 -0.800998 0.243464
v 0.066544 -0.789762 0.276566
v 0.077575 -0.799296 0.272619
v 0.093568 -0.785851 0.302561
v 0.098491 -0.796252 0.292744
v 0.093568 -0.785851 0.302561
v 0.098491 -0.796252 0.292744
v 0.145927 -0.772659 0.269808
v 0.125746 -0.773290 0.290950
v 0.145401 -0.774358 0.240652
v 0.124508 -0.777368 0.220601
v 0.095358 -0.779990 0.221163
v 0.075186 -0.780610 0.242298
v 0.075728 -0.778921 0.271546
v 0.096686 -0.775871 0.291658
v 0.096686 -0.775871 0.291658
v 0.125746 -0.773290 0.290950
v 0.145927 -0.772659 0.269808
v 0.145401 -0.774358 0.240652
v 0.145401 -0.774358 0.240652
v 0.124508 -0.777368 0.220601
v 0.095358 -0.779990 0.221163
v 0.075186 -0.780610 0.242298
v 0.075728 -0.778921 0.271546
v 0.096686 -0.775871 0.291658
v 0.138425 -0.751152 0.259293
v 0.118204 -0.751794 0.280360
v 0.111879 -0.742828 0.267340
v 0.124908 -0.742419 0.253736
v 0.137881 -0.752829 0.230137
v 0.124557 -0.743503 0.234897
v 0.116935 -0.755900 0.209934
v 0.137881 -0.752829 0.230137
v 0.124557 -0.743503 0.234897
v 0.111084 -0.745462 0.222027
v 0.087853 -0.758498 0.210651
v 0.092326 -0.747123 0.222424
v 0.067646 -0.759159 0.231716
v 0.079274 -0.747553 0.236039
v 0.068186 -0.757456 0.260870
v 0.079610 -0.746464 0.254791
v 0.089102 -0.754412 0.280996
v 0.093125 -0.744516 0.267835
v 0.147760 -0.739812 0.262704
v 0.121674 -0.740673 0.289836
v 0.118204 -0.751794 0.280360
v 0.138425 -0.751152 0.259293
v 0.147055 -0.742004 0.225031
v 0.137881 -0.752829 0.230137
v 0.120055 -0.745946 0.199035
v 0.116935 -0.755900 0.209934
v 0.082499 -0.749319 0.199856
v 0.087853 -0.758498 0.210651
v 0.056488 -0.750120 0.227227
v 0.067646 -0.759159 0.231716
v 0.057155 -0.747923 0.264817
v 0.068186 -0.757456 0.260870
v 0.084179 -0.744012 0.290813
v 0.089102 -0.754412 0.280996
v 0.084179 -0.744012 0.290813
v 0.089102 -0.754412 0.280996
v 0.136538 -0.730819 0.258060
v 0.116357 -0.731451 0.279201
v 0.136012 -0.732519 0.228904
v 0.115119 -0.735528 0.208853
v 0.085969 -0.738151 0.209414
v 0.065797 -0.738771 0.230550
v 0.066339 -0.737082 0.259798
v 0.087296 -0.734032 0.279909
v 0.087296 -0.734032 0.279909
v 0.116357 -0.731451 0.279201
v 0.136538 -0.730819 0.258060
v 0.136012 -0.732519 0.228904
v 0.136012 -0.732519 0.228904
v 0.115119 -0.735528 0.208853
v 0.085969 -0.738151 0.209414
v 0.065797 -0.738771 0.230550
v 0.066339 -0.737082 0.259798
v 0.087296 -0.734032 0.279909
v 0.062754 0.707030 0.639363
v 0.078706 0.721244 0.635919
v 0.080555 0.710669 0.598238
v 0.063985 0.695905 0.601816
v 0.079650 0.742133 0.630343
v 0.081535 0.732367 0.592447
v 0.079650 0.742133 0.630343
v 0.065032 0.757462 0.625903
v 0.066352 0.748289 0.587835
v 0.081535 0.732367 0.592447
v 0.043417 0.758250 0.625199
v 0.043900 0.749108 0.587103
v 0.027465 0.744037 0.628644
v 0.027331 0.734344 0.590681
v 0.026522 0.723148 0.634219
v 0.026351 0.712647 0.596472
v 0.041139 0.707819 0.638659
v 0.041533 0.696725 0.601085
v 0.084214 0.697376 0.553372
v 0.066005 0.681151 0.557304
v 0.085292 0.721222 0.547008
v 0.068606 0.738720 0.541939
v 0.085292 0.721222 0.547008
v 0.043931 0.739620 0.541135
v 0.025722 0.723395 0.545067
v 0.024645 0.699549 0.551432
v 0.041330 0.682051 0.556501
v 0.061919 0.709624 0.638668
v 0.063026 0.698599 0.601094
v 0.077921 0.711880 0.597913
v 0.076259 0.722410 0.635606
v 0.078802 0.731386 0.592710
v 0.077107 0.741189 0.630596
v 0.077107 0.741189 0.630596
v 0.078802 0.731386 0.592710
v 0.065154 0.745691 0.588531
v 0.063967 0.754960 0.626573
v 0.044971 0.746414 0.587825
v 0.044536 0.755657 0.625894
v 0.030076 0.733133 0.591006
v 0.030197 0.742870 0.628956
v 0.029195 0.713627 0.596210
v 0.029348 0.724091 0.633966
v 0.042843 0.699323 0.600389
v 0.042488 0.710320 0.637989
v 0.064842 0.684111 0.556511
v 0.081211 0.698707 0.553015
v 0.082179 0.720144 0.547297
v 0.082179 0.720144 0.547297
v 0.067180 0.735864 0.542704
v 0.044999 0.736659 0.541929
v 0.028629 0.722064 0.545424
v 0.027661 0.700627 0.551143
v 0.042661 0.684907 0.555736
v -0.079668 0.485659 -0.287759
v -0.069833 0.475145 -0.327381
v -0.087240 0.489928 -0.335347
v -0.096427 0.499891 -0.295428
v -0.088422 0.513366 -0.341195
v -0.097564 0.522456 -0.301059
v -0.097564 0.522456 -0.301059
v -0.088422 0.513366 -0.341195
v -0.072686 0.531731 -0.341501
v -0.082414 0.540137 -0.301353
v -0.049250 0.534264 -0.336084
v -0.059852 0.542576 -0.296138
v -0.031843 0.519482 -0.328118
v -0.043094 0.528344 -0.288469
v -0.030662 0.496043 -0.322269
v -0.041956 0.505778 -0.282838
v -0.046398 0.477678 -0.321964
v -0.057106 0.488098 -0.282544
v -0.058630 0.460960 -0.374538
v -0.077760 0.477206 -0.383292
v -0.079058 0.502965 -0.389720
v -0.079058 0.502965 -0.389720
v -0.061764 0.523148 -0.390056
v -0.036009 0.525932 -0.384103
v -0.016879 0.509686 -0.375348
v -0.015580 0.483927 -0.368921
v -0.032874 0.463744 -0.368585
v -0.078821 0.488530 -0.288199
v -0.093896 0.501332 -0.295058
v -0.084516 0.491431 -0.334937
v -0.068857 0.478133 -0.327813
v -0.094919 0.521618 -0.300117
v -0.085579 0.512502 -0.340192
v -0.094919 0.521618 -0.300117
v -0.081291 0.537504 -0.300415
v -0.071423 0.529003 -0.340501
v -0.085579 0.512502 -0.340192
v -0.060995 0.539684 -0.295775
v -0.050342 0.531268 -0.335682
v -0.045920 0.526882 -0.288917
v -0.034683 0.517970 -0.328559
v -0.044897 0.506597 -0.283857
v -0.033620 0.496900 -0.323303
v -0.058525 0.490710 -0.283560
v -0.047776 0.480399 -0.322994
v -0.074652 0.478866 -0.382812
v -0.057444 0.464252 -0.374983
v -0.075820 0.502023 -0.388588
v -0.060264 0.520157 -0.388927
v -0.075820 0.502023 -0.388588
v -0.037095 0.522647 -0.383631
v -0.019886 0.508033 -0.375802
v -0.018718 0.484876 -0.370026
v -0.034275 0.466741 -0.369687
v -0.062447 -0.090715 -0.037601
v -0.055534 -0.006214 -0.040351
v -0.068775 0.000747 -0.075660
v -0.075688 -0.083753 -0.072910
v -0.032864 0.080190 -0.040278
v -0.046105 0.088440 -0.075962
v -0.016491 0.119215 -0.040278
v -0.029732 0.127465 -0.075962
v -0.127882 -0.496357 -0.059481
v -0.114641 -0.490909 -0.024576
v -0.084136 -0.238389 -0.032795
v -0.097377 -0.231428 -0.068104
v -0.056793 -0.089864 0.000886
v -0.049880 -0.005030 0.008403
v -0.049880 -0.009299 -0.122764
v -0.056793 -0.093772 -0.119175
v -0.027209 0.079781 0.009587
v -0.027209 0.079781 -0.124206
v -0.010836 0.118806 -0.001103
v -0.010836 0.118806 -0.116219
v -0.108986 -0.495500 0.029374
v -0.078482 -0.237651 0.002263
v -0.078482 -0.241238 -0.107972
v -0.108986 -0.495525 -0.113800
v -0.062447 -0.090715 -0.037601
v -0.075688 -0.083753 -0.072910
v -0.068775 0.000747 -0.075660
v -0.055534 -0.006214 -0.040351
v -0.046105 0.088440 -0.075962
v -0.032864 0.080190 -0.040278
v -0.029732 0.127465 -0.075962
v -0.016491 0.119215 -0.040278
v -0.127882 -0.496357 -0.059481
v -0.097377 -0.231428 -0.068104
v -0.084136 -0.238389 -0.032795
v -0.114641 -0.490909 -0.024576
v -0.056793 -0.089864 0.000886
v -0.049880 -0.005030 0.008403
v -0.049880 -0.009299 -0.122764
v -0.056793 -0.093772 -0.119175
v -0.027209 0.079781 0.009587
v -0.027209 0.079781 -0.124206
v -0.010836 0.118806 -0.001103
v -0.010836 0.118806 -0.116219
v -0.078482 -0.237651 0.002263
v -0.108986 -0.495500 0.029374
v -0.108986 -0.495525 -0.113800
v -0.078482 -0.241238 -0.107972
v 0.156313 -0.047616 -0.039004
v 0.169554 -0.040654 -0.074313
v 0.166008 0.043846 -0.077063
v 0.152767 0.036885 -0.041754
v 0.139844 0.132324 -0.075962
v 0.126989 0.124074 -0.040278
v 0.127694 0.171349 -0.075962
v 0.113242 0.163099 -0.040278
v 0.160191 -0.226946 -0.023147
v 0.170655 -0.220418 -0.072118
v 0.150659 -0.046571 0.005442
v 0.147112 0.038069 0.007001
v 0.147112 0.033800 -0.124167
v 0.150659 -0.050965 -0.129539
v 0.118385 0.123665 0.009587
v 0.118385 0.123665 -0.124206
v 0.101862 0.162690 -0.001103
v 0.101862 0.162690 -0.116219
v 0.154536 -0.211051 0.024059
v 0.154536 -0.217462 -0.131749
v 0.156313 -0.047616 -0.039004
v 0.152767 0.036885 -0.041754
v 0.166008 0.043846 -0.077063
v 0.169554 -0.040654 -0.074313
v 0.126989 0.124074 -0.040278
v 0.139844 0.132324 -0.075962
v 0.113242 0.163099 -0.040278
v 0.127694 0.171349 -0.075962
v 0.160191 -0.226946 -0.023147
v 0.170655 -0.220418 -0.072118
v 0.150659 -0.046571 0.005442
v 0.147112 0.038069 0.007001
v 0.147112 0.033800 -0.124167
v 0.150659 -0.050965 -0.129539
v 0.118385 0.123665 0.009587
v 0.118385 0.123665 -0.124206
v 0.101862 0.162690 -0.001103
v 0.101862 0.162690 -0.116219
v 0.154536 -0.211051 0.024059
v 0.154536 -0.217462 -0.131749
v 0.045647 -0.329857 0.194280
v 0.097490 -0.329607 0.147020
v 0.093213 -0.232361 0.098966
v 0.052199 -0.223016 0.142705
v 0.114106 -0.319742 0.082845
v 0.108074 -0.241953 0.054065
v -0.030729 -0.206317 0.083863
v -0.027333 -0.198593 -0.050742
v -0.015521 -0.288553 0.199802
v 0.018234 -0.218595 0.163401
v -0.031554 -0.221078 0.151778
v 0.102195 -0.102487 0.078430
v 0.058687 -0.095153 0.112762
v 0.123143 -0.115747 0.016362
v -0.016294 -0.103853 0.072037
v -0.028483 -0.124604 -0.053150
v 0.033956 -0.092343 0.125916
v -0.010491 -0.093582 0.120116
v 0.087234 0.025397 0.041658
v 0.057189 0.035460 0.094369
v 0.118475 0.016444 -0.005239
v -0.022475 0.024253 0.035667
v -0.027589 0.006131 -0.057405
v 0.031838 0.036302 0.098777
v 0.008061 0.033343 0.083282
v 0.065889 0.167328 0.030341
v 0.029301 0.166595 0.070031
v 0.095644 0.160506 -0.008540
v -0.000846 0.114767 0.027864
v -0.012461 0.099973 -0.057215
v 0.010003 0.158945 0.076962
v -0.012028 0.142113 0.073411
v 0.018234 -0.218595 0.163401
v -0.015521 -0.288553 0.199802
v 0.033956 -0.092343 0.125916
v 0.031838 0.036302 0.098777
v 0.010003 0.158945 0.076962
v 0.134463 -0.290297 -0.047757
v 0.133119 -0.245027 -0.049230
v 0.131865 -0.129508 -0.052990
v 0.138316 0.006131 -0.057405
v 0.124379 0.149963 -0.057215
v 0.045647 -0.339634 -0.286901
v 0.052199 -0.229530 -0.243013
v 0.093213 -0.236127 -0.198755
v 0.097490 -0.336313 -0.239757
v 0.114106 -0.322295 -0.176360
v 0.108074 -0.242899 -0.153322
v -0.030729 -0.209177 -0.185302
v -0.015521 -0.298777 -0.295097
v -0.031554 -0.228161 -0.252194
v 0.018234 -0.226408 -0.263955
v 0.058687 -0.099985 -0.221106
v 0.102195 -0.105163 -0.186367
v 0.123143 -0.114524 -0.123563
v -0.016294 -0.106127 -0.179898
v -0.010491 -0.098876 -0.228547
v 0.033956 -0.098001 -0.234416
v 0.057189 0.032933 -0.210326
v 0.087234 0.025002 -0.157120
v 0.118475 0.017946 -0.109783
v -0.022475 0.024101 -0.151072
v 0.008061 0.031265 -0.199135
v 0.031838 0.033596 -0.214776
v 0.029301 0.166595 -0.184461
v 0.065889 0.167328 -0.144772
v 0.095644 0.160506 -0.105890
v -0.000846 0.114767 -0.142295
v -0.012028 0.142113 -0.187842
v 0.010003 0.158945 -0.191393
v -0.015521 -0.298777 -0.295097
v 0.018234 -0.226408 -0.263955
v 0.033956 -0.098001 -0.234416
v 0.031838 0.033596 -0.214776
v 0.010003 0.158945 -0.191393
v 0.045647 -0.329857 0.194280
v 0.097490 -0.329607 0.147020
v 0.093213 -0.232361 0.098966
v 0.052199 -0.223016 0.142705
v 0.114106 -0.319742 0.082845
v 0.108074 -0.241953 0.054065
v -0.015521 -0.288553 0.199802
v 0.018234 -0.218595 0.163401
v -0.031554 -0.221078 0.151778
v 0.102195 -0.102487 0.078430
v 0.058687 -0.095153 0.112762
v 0.123143 -0.115747 0.016362
v -0.027333 -0.198593 -0.050742
v -0.030729 -0.206317 0.083863
v -0.016294 -0.103853 0.072037
v -0.028483 -0.124604 -0.053150
v 0.033956 -0.092343 0.125916
v -0.010491 -0.093582 0.120116
v 0.087234 0.025397 0.041658
v 0.057189 0.035460 0.094369
v 0.118475 0.016444 -0.005239
v -0.022475 0.024253 0.035667
v -0.027589 0.006131 -0.057405
v 0.031838 0.036302 0.098777
v 0.008061 0.033343 0.083282
v 0.065889 0.167328 0.030341
v 0.029301 0.166595 0.070031
v 0.095644 0.160506 -0.008540
v -0.000846 0.114767 0.027864
v -0.012461 0.099973 -0.057215
v 0.010003 0.158945 0.076962
v -0.012028 0.142113 0.073411
v 0.018234 -0.218595 0.163401
v -0.015521 -0.288553 0.199802
v 0.033956 -0.092343 0.125916
v 0.031838 0.036302 0.098777
v 0.010003 0.158945 0.076962
v 0.134463 -0.290297 -0.047757
v 0.133119 -0.245027 -0.049230
v 0.131865 -0.129508 -0.052990
v 0.138316 0.006131 -0.057405
v 0.124379 0.149963 -0.057215
v 0.045647 -0.339634 -0.286901
v 0.052199 -0.229530 -0.243013
v 0.093213 -0.236127 -0.198755
v 0.097490 -0.336313 -0.239757
v 0.114106 -0.322295 -0.176360
v 0.108074 -0.242899 -0.153322
v -0.031554 -0.228161 -0.252194
v 0.018234 -0.226408 -0.263955
v -0.015521 -0.298777 -0.295097
v 0.058687 -0.099985 -0.221106
v 0.102195 -0.105163 -0.186367
v 0.123143 -0.114524 -0.123563
v -0.016294 -0.106127 -0.179898
v -0.030729 -0.209177 -0.185302
v -0.010491 -0.098876 -0.228547
v 0.033956 -0.098001 -0.234416
v 0.057189 0.032933 -0.210326
v 0.087234 0.025002 -0.157120
v 0.118475 0.017946 -0.109783
v -0.022475 0.024101 -0.151072
v 0.008061 0.031265 -0.199135
v 0.031838 0.033596 -0.214776
v 0.029301 0.166595 -0.184461
v 0.065889 0.167328 -0.144772
v 0.095644 0.160506 -0.105890
v -0.000846 0.114767 -0.142295
v -0.012028 0.142113 -0.187842
v 0.010003 0.158945 -0.191393
v -0.015521 -0.298777 -0.295097
v 0.018234 -0.226408 -0.263955
v 0.033956 -0.098001 -0.234416
v 0.031838 0.033596 -0.214776
v 0.010003 0.158945 -0.191393
v 0.056511 -0.112373 0.118424
v 0.100018 -0.120013 0.084125
v 0.088706 0.012498 0.044726
v 0.058661 0.023615 0.097321
v 0.126146 -0.129039 0.024736
v 0.119947 0.002608 -0.002068
v -0.007794 -0.130543 -0.052193
v -0.018471 -0.115706 0.066423
v -0.011496 0.011235 0.038748
v -0.028378 -0.007096 -0.056211
v 0.031780 -0.109446 0.131565
v 0.033310 0.024544 0.101720
v 0.009533 0.021276 0.086258
v -0.002777 -0.106549 0.111644
v 0.067361 0.167343 0.031118
v 0.030773 0.166611 0.070807
v 0.097116 0.160522 -0.007764
v 0.000626 0.114783 0.028641
v -0.010989 0.099988 -0.056439
v 0.011475 0.158961 0.077739
v -0.010556 0.142128 0.074188
v 0.033310 0.024544 0.101720
v 0.031780 -0.109446 0.131565
v 0.011475 0.158961 0.077739
v 0.138803 -0.133067 -0.052111
v 0.136334 -0.007096 -0.056211
v 0.125851 0.149978 -0.056439
v 0.056511 -0.111913 -0.222879
v 0.058661 0.019388 -0.211569
v 0.088706 0.011540 -0.158357
v 0.100018 -0.118043 -0.188271
v 0.119947 0.004558 -0.111014
v 0.125228 -0.130858 -0.129754
v -0.010734 0.010648 -0.152308
v -0.018471 -0.124315 -0.182624
v 0.031780 -0.112593 -0.236609
v -0.012668 -0.113338 -0.230717
v 0.009533 0.017737 -0.200376
v 0.033310 0.020044 -0.216019
v 0.030773 0.166611 -0.183685
v 0.067361 0.167343 -0.143995
v 0.097116 0.160522 -0.105114
v 0.000626 0.114783 -0.141518
v -0.010556 0.142128 -0.187065
v 0.011475 0.158961 -0.190616
v 0.031780 -0.112593 -0.236609
v 0.033310 0.020044 -0.216019
v 0.011475 0.158961 -0.190616
v 0.056511 -0.112373 0.118424
v 0.058661 0.023615 0.097321
v 0.088706 0.012498 0.044726
v 0.100018 -0.120013 0.084125
v 0.119947 0.002608 -0.002068
v 0.126146 -0.129039 0.024736
v -0.007794 -0.130543 -0.052193
v -0.028378 -0.007096 -0.056211
v -0.011496 0.011235 0.038748
v -0.018471 -0.115706 0.066423
v -0.002777 -0.106549 0.111644
v 0.009533 0.021276 0.086258
v 0.030773 0.166611 0.070807
v 0.067361 0.167343 0.031118
v 0.097116 0.160522 -0.007764
v -0.010989 0.099988 -0.056439
v 0.000626 0.114783 0.028641
v -0.010556 0.142128 0.074188
v 0.136334 -0.007096 -0.056211
v 0.138803 -0.133067 -0.052111
v 0.125851 0.149978 -0.056439
v 0.056511 -0.111913 -0.222879
v 0.100018 -0.118043 -0.188271
v 0.088706 0.011540 -0.158357
v 0.058661 0.019388 -0.211569
v 0.125228 -0.130858 -0.129754
v 0.119947 0.004558 -0.111014
v -0.018471 -0.124315 -0.182624
v -0.010734 0.010648 -0.152308
v 0.009533 0.017737 -0.200376
v -0.012668 -0.113338 -0.230717
v 0.067361 0.167343 -0.143995
v 0.030773 0.166611 -0.183685
v 0.097116 0.160522 -0.105114
v 0.000626 0.114783 -0.141518
v -0.010556 0.142128 -0.187065
v 0.033310 0.024544 0.101720
v 0.031780 -0.109446 0.131565
v 0.011475 0.158961 0.077739
v 0.033310 0.024544 0.101720
v 0.031780 -0.109446 0.131565
v 0.033310 0.024544 0.101720
v 0.033310 0.024544 0.101720
v 0.011475 0.158961 0.077739
v 0.031780 -0.112593 -0.236609
v 0.033310 0.020044 -0.216019
v 0.033310 0.020044 -0.216019
v 0.011475 0.158961 -0.190616
v 0.033310 0.020044 -0.216019
v 0.031780 -0.112593 -0.236609
v 0.011475 0.158961 -0.190616
v 0.033310 0.020044 -0.216019
v 0.033310 0.024544 0.101720
v 0.033310 0.024544 0.101720
v 0.031780 -0.109446 0.131565
v 0.033310 0.020044 -0.216019
v 0.031780 -0.112593 -0.236609
v 0.033310 0.020044 -0.216019
v 0.056511 -0.112373 0.118424
v 0.009533 0.021276 0.086258
v 0.030773 0.166611 0.070807
v -0.010556 0.142128 0.074188
v 0.056511 -0.111913 -0.222879
v 0.009533 0.017737 -0.200376
v 0.030773 0.166611 -0.183685
v -0.010556 0.142128 -0.187065
v 0.026595 0.093261 -0.206431
v -0.018418 0.100934 -0.194581
v -0.020409 0.137724 -0.195048
v 0.023313 0.130247 -0.211803
v -0.025741 0.093261 -0.114919
v -0.047192 0.093261 -0.073839
v -0.032702 0.132414 -0.073839
v -0.010435 0.125582 -0.114919
v 0.008584 0.074218 0.100107
v 0.008498 0.111195 0.088957
v -0.024178 0.112098 0.075120
v -0.020709 0.085677 0.084681
v -0.010978 0.163629 -0.194716
v 0.018043 0.163754 -0.209156
v -0.001899 0.143812 -0.073839
v 0.017112 0.144325 -0.114919
v 0.005853 0.147672 0.095463
v -0.017664 0.152620 0.075033
v 0.023070 0.185662 -0.185754
v 0.038063 0.192172 -0.180935
v 0.011477 0.169542 -0.064297
v 0.039690 0.164526 -0.114919
v 0.022737 0.182733 0.081215
v 0.004201 0.178574 0.065807
v -0.024256 0.093261 0.002671
v -0.015043 0.125582 -0.002592
v 0.004365 0.138775 0.002671
v 0.018449 0.164060 0.002671
v 0.134369 0.086971 -0.009512
v 0.134704 0.125519 -0.012024
v 0.113196 0.124672 0.034838
v 0.117566 0.081843 0.039862
v 0.053419 0.072528 0.094354
v 0.048777 0.110818 0.086818
v -0.021392 0.094894 0.050782
v -0.015061 0.127215 0.045548
v 0.114791 0.168955 -0.019416
v 0.096391 0.167868 0.020054
v 0.055759 0.160347 0.064642
v -0.005413 0.147472 0.041731
v 0.100791 0.182601 -0.028271
v 0.083203 0.184061 0.002343
v 0.055848 0.186137 0.038075
v 0.017978 0.161954 0.042274
v 0.138227 0.093261 -0.053767
v 0.142078 0.133357 -0.051622
v 0.131385 0.173928 -0.053799
v 0.111787 0.180909 -0.053767
v -0.019693 0.093261 -0.165463
v -0.018140 0.128790 -0.166609
v 0.114335 0.137228 -0.135983
v 0.143221 0.149670 -0.082494
v 0.147554 0.091071 -0.082668
v 0.110924 0.090909 -0.147563
v 0.063815 0.140835 -0.181446
v 0.063527 0.095453 -0.191268
v -0.017307 0.158930 -0.169980
v 0.098835 0.168993 -0.131341
v 0.133738 0.180052 -0.078095
v 0.061596 0.167420 -0.172353
v 0.023523 0.172443 -0.166814
v 0.087677 0.188245 -0.120070
v 0.119241 0.187136 -0.077805
v 0.056929 0.193068 -0.156431
v 0.142078 0.133357 -0.051622
v 0.138227 0.093261 -0.053767
v 0.131385 0.173928 -0.053799
v 0.111787 0.180909 -0.053767
v 0.026595 0.093261 -0.206431
v 0.023313 0.130247 -0.211803
v -0.020409 0.137724 -0.195048
v -0.018418 0.100934 -0.194581
v -0.025741 0.093261 -0.114919
v -0.010435 0.125582 -0.114919
v -0.032702 0.132414 -0.073839
v -0.047192 0.093261 -0.073839
v 0.008584 0.074218 0.100107
v -0.020709 0.085677 0.084681
v -0.024178 0.112098 0.075120
v 0.008498 0.111195 0.088957
v 0.018043 0.163754 -0.209156
v -0.010978 0.163629 -0.194716
v 0.017112 0.144325 -0.114919
v -0.001899 0.143812 -0.073839
v -0.017664 0.152620 0.075033
v 0.005853 0.147672 0.095463
v 0.038063 0.192172 -0.180935
v 0.023070 0.185662 -0.185754
v 0.039690 0.164526 -0.114919
v 0.011477 0.169542 -0.064297
v 0.004201 0.178574 0.065807
v 0.022737 0.182733 0.081215
v -0.024256 0.093261 0.002671
v -0.015043 0.125582 -0.002592
v 0.004365 0.138775 0.002671
v 0.018449 0.164060 0.002671
v 0.134369 0.086971 -0.009512
v 0.117566 0.081843 0.039862
v 0.113196 0.124672 0.034838
v 0.134704 0.125519 -0.012024
v 0.053419 0.072528 0.094354
v 0.048777 0.110818 0.086818
v -0.015061 0.127215 0.045548
v -0.021392 0.094894 0.050782
v 0.096391 0.167868 0.020054
v 0.114791 0.168955 -0.019416
v 0.055759 0.160347 0.064642
v -0.005413 0.147472 0.041731
v 0.083203 0.184061 0.002343
v 0.100791 0.182601 -0.028271
v 0.055848 0.186137 0.038075
v 0.017978 0.161954 0.042274
v 0.138227 0.093261 -0.053767
v 0.142078 0.133357 -0.051622
v 0.131385 0.173928 -0.053799
v 0.111787 0.180909 -0.053767
v -0.019693 0.093261 -0.165463
v -0.018140 0.128790 -0.166609
v 0.114335 0.137228 -0.135983
v 0.110924 0.090909 -0.147563
v 0.147554 0.091071 -0.082668
v 0.143221 0.149670 -0.082494
v 0.063527 0.095453 -0.191268
v 0.063815 0.140835 -0.181446
v -0.017307 0.158930 -0.169980
v 0.098835 0.168993 -0.131341
v 0.133738 0.180052 -0.078095
v 0.061596 0.167420 -0.172353
v 0.023523 0.172443 -0.166814
v 0.087677 0.188245 -0.120070
v 0.119241 0.187136 -0.077805
v 0.056929 0.193068 -0.156431
v 0.142078 0.133357 -0.051622
v 0.138227 0.093261 -0.053767
v 0.131385 0.173928 -0.053799
v 0.111787 0.180909 -0.053767
v 0.076987 0.606354 0.271631
v 0.091777 0.605931 0.207780
v 0.093376 0.621075 0.268491
v 0.077110 0.592757 0.210591
v 0.092645 0.625220 0.202933
v 0.094346 0.642629 0.263074
v 0.094346 0.642629 0.263074
v 0.079205 0.639324 0.198887
v 0.079328 0.658391 0.258553
v 0.092645 0.625220 0.202933
v 0.059331 0.639983 0.198014
v 0.057119 0.659126 0.257577
v 0.044664 0.626809 0.200824
v 0.040730 0.644406 0.260717
v 0.043796 0.607521 0.205672
v 0.039760 0.622851 0.266134
v 0.057236 0.593416 0.209717
v 0.054778 0.607090 0.270655
v 0.095016 0.587528 0.145548
v 0.078898 0.573050 0.148637
v 0.095970 0.608726 0.140220
v 0.081200 0.624227 0.135774
v 0.095970 0.608726 0.140220
v 0.059358 0.624951 0.134814
v 0.043240 0.610473 0.137902
v 0.042286 0.589275 0.143230
v 0.057056 0.573774 0.147677
v 0.076129 0.609030 0.270954
v 0.089446 0.607008 0.207508
v 0.076261 0.595152 0.209985
v 0.090862 0.622279 0.268187
v 0.090226 0.624348 0.203153
v 0.091734 0.641655 0.263320
v 0.091734 0.641655 0.263320
v 0.078144 0.637015 0.199471
v 0.090226 0.624348 0.203153
v 0.078233 0.655810 0.259205
v 0.060278 0.637588 0.198619
v 0.058269 0.656451 0.258253
v 0.047094 0.625732 0.201096
v 0.043536 0.643202 0.261021
v 0.046314 0.608392 0.205451
v 0.042664 0.623825 0.265888
v 0.058395 0.595725 0.209133
v 0.056165 0.609671 0.270003
v 0.092358 0.588712 0.145248
v 0.077868 0.575682 0.147971
v 0.093215 0.607768 0.140462
v 0.079938 0.621689 0.136416
v 0.093215 0.607768 0.140462
v 0.060303 0.622319 0.135479
v 0.045813 0.609290 0.138202
v 0.044956 0.590233 0.142988
v 0.058234 0.576312 0.147034
v 0.076987 0.606354 0.271631
v 0.091777 0.605931 0.207780
v 0.093376 0.621075 0.268491
v 0.077110 0.592757 0.210591
v 0.092645 0.625220 0.202933
v 0.094346 0.642629 0.263074
v 0.094346 0.642629 0.263074
v 0.079205 0.639324 0.198887
v 0.079328 0.658391 0.258553
v 0.092645 0.625220 0.202933
v 0.059331 0.639983 0.198014
v 0.057119 0.659126 0.257577
v 0.044664 0.626809 0.200824
v 0.040730 0.644406 0.260717
v 0.043796 0.607521 0.205672
v 0.039760 0.622851 0.266134
v 0.057236 0.593416 0.209717
v 0.054778 0.607090 0.270655
v 0.095016 0.587528 0.145548
v 0.078898 0.573050 0.148637
v 0.095970 0.608726 0.140220
v 0.081200 0.624227 0.135774
v 0.095970 0.608726 0.140220
v 0.059358 0.624951 0.134814
v 0.043240 0.610473 0.137902
v 0.042286 0.589275 0.143230
v 0.057056 0.573774 0.147677
v 0.076129 0.609030 0.270954
v 0.089446 0.607008 0.207508
v 0.076261 0.595152 0.209985
v 0.090862 0.622279 0.268187
v 0.090226 0.624348 0.203153
v 0.091734 0.641655 0.263320
v 0.091734 0.641655 0.263320
v 0.078144 0.637015 0.199471
v 0.090226 0.624348 0.203153
v 0.078233 0.655810 0.259205
v 0.060278 0.637588 0.198619
v 0.058269 0.656451 0.258253
v 0.047094 0.625732 0.201096
v 0.043536 0.643202 0.261021
v 0.046314 0.608392 0.205451
v 0.042664 0.623825 0.265888
v 0.058395 0.595725 0.209133
v 0.056165 0.609671 0.270003
v 0.092358 0.588712 0.145248
v 0.077868 0.575682 0.147971
v 0.093215 0.607768 0.140462
v 0.079938 0.621689 0.136416
v 0.093215 0.607768 0.140462
v 0.060303 0.622319 0.135479
v 0.045813 0.609290 0.138202
v 0.044956 0.590233 0.142988
v 0.058234 0.576312 0.147034
v 0.004289 0.435240 -0.485372
v 0.038664 0.461169 -0.435955
v 0.019362 0.449001 -0.494239
v 0.025176 0.448855 -0.428019
v 0.039215 0.480615 -0.440183
v 0.019978 0.470730 -0.498964
v 0.019978 0.470730 -0.498964
v 0.026506 0.495800 -0.438227
v 0.005777 0.487700 -0.496777
v 0.039215 0.480615 -0.440183
v 0.007982 0.497830 -0.431232
v -0.014923 0.489968 -0.488961
v -0.005506 0.485516 -0.423296
v -0.029995 0.476207 -0.480093
v -0.006057 0.466070 -0.419068
v -0.030611 0.454478 -0.475369
v 0.006652 0.450885 -0.421025
v -0.016410 0.437509 -0.477555
v 0.063321 0.470779 -0.376611
v 0.048498 0.457245 -0.367890
v 0.063927 0.492149 -0.381258
v 0.049960 0.508838 -0.379108
v 0.063927 0.492149 -0.381258
v 0.029603 0.511069 -0.371421
v 0.014779 0.497535 -0.362699
v 0.014174 0.476165 -0.358052
v 0.028140 0.459476 -0.360202
v 0.003445 0.437992 -0.485633
v 0.036451 0.462383 -0.435408
v 0.024343 0.451321 -0.428226
v 0.016975 0.450353 -0.493657
v 0.036945 0.479863 -0.439211
v 0.017528 0.469885 -0.497908
v 0.017528 0.469885 -0.497908
v 0.025537 0.493522 -0.437409
v 0.036945 0.479863 -0.439211
v 0.004779 0.485149 -0.495894
v 0.008908 0.495358 -0.431057
v -0.013803 0.487201 -0.488796
v -0.003200 0.484297 -0.423876
v -0.027333 0.474840 -0.480771
v -0.003694 0.466817 -0.420072
v -0.027886 0.455307 -0.476521
v 0.007714 0.453158 -0.421874
v -0.015137 0.440044 -0.478535
v 0.060798 0.472118 -0.375978
v 0.047492 0.459961 -0.368086
v 0.061342 0.491328 -0.380158
v 0.048804 0.506339 -0.378177
v 0.061342 0.491328 -0.380158
v 0.030529 0.508358 -0.371196
v 0.017222 0.496201 -0.363304
v 0.016679 0.476991 -0.359124
v 0.029217 0.461980 -0.361104
v 0.022179 0.470449 -0.513164
v 0.005430 0.492222 -0.503236
v -0.004687 0.481085 -0.511208
v 0.006103 0.467027 -0.517604
v 0.019271 0.441451 -0.515131
v 0.004224 0.448290 -0.518875
v -0.001535 0.422167 -0.507949
v 0.019271 0.441451 -0.515131
v 0.004224 0.448290 -0.518875
v -0.009151 0.436011 -0.514254
v -0.028062 0.424034 -0.495872
v -0.026272 0.437153 -0.506486
v -0.044791 0.445801 -0.485931
v -0.037076 0.451221 -0.500062
v -0.041895 0.474801 -0.483987
v -0.035222 0.469873 -0.498801
v -0.021117 0.494006 -0.491143
v -0.021785 0.482320 -0.503403
v 0.027725 0.475052 -0.526409
v 0.006125 0.503089 -0.513576
v 0.005430 0.492222 -0.503236
v 0.022179 0.470449 -0.513164
v 0.023973 0.437579 -0.528926
v 0.019271 0.441451 -0.515131
v -0.002846 0.412770 -0.519678
v -0.001535 0.422167 -0.507949
v -0.037108 0.415074 -0.504078
v -0.028062 0.424034 -0.495872
v -0.058632 0.443353 -0.491296
v -0.044791 0.445801 -0.485931
v -0.054926 0.480746 -0.488781
v -0.041895 0.474801 -0.483987
v -0.028074 0.505549 -0.498008
v -0.021117 0.494006 -0.491143
v -0.028074 0.505549 -0.498008
v -0.021117 0.494006 -0.491143
v 0.013823 0.472447 -0.531730
v -0.002884 0.494292 -0.521815
v 0.010938 0.443445 -0.533681
v -0.009822 0.424317 -0.526555
v -0.036420 0.426030 -0.514452
v -0.053122 0.447872 -0.504552
v -0.050210 0.476961 -0.502584
v -0.029397 0.496151 -0.509761
v -0.029397 0.496151 -0.509761
v -0.002884 0.494292 -0.521815
v 0.013823 0.472447 -0.531730
v 0.010938 0.443445 -0.533681
v 0.010938 0.443445 -0.533681
v -0.009822 0.424317 -0.526555
v -0.036420 0.426030 -0.514452
v -0.053122 0.447872 -0.504552
v -0.050210 0.476961 -0.502584
v -0.029397 0.496151 -0.509761
v 0.101102 0.656201 0.290905
v 0.080881 0.675862 0.283311
v 0.074556 0.660381 0.280108
v 0.087585 0.647687 0.285016
v 0.100558 0.629986 0.303777
v 0.087234 0.630749 0.293334
v 0.079612 0.612563 0.314456
v 0.100558 0.629986 0.303777
v 0.087234 0.630749 0.293334
v 0.073761 0.619651 0.300140
v 0.050530 0.614234 0.316571
v 0.055003 0.620663 0.301517
v 0.030323 0.633901 0.308997
v 0.041951 0.633375 0.296623
v 0.030863 0.660103 0.296101
v 0.042287 0.650231 0.288335
v 0.051779 0.677465 0.285477
v 0.055803 0.661494 0.281472
v 0.110437 0.654938 0.279130
v 0.084351 0.680273 0.269383
v 0.080881 0.675862 0.283311
v 0.101102 0.656201 0.290905
v 0.109732 0.621076 0.295787
v 0.100558 0.629986 0.303777
v 0.082732 0.598654 0.309519
v 0.079612 0.612563 0.314456
v 0.045176 0.600720 0.312308
v 0.050530 0.614234 0.316571
v 0.019166 0.626253 0.302412
v 0.030323 0.633901 0.308997
v 0.019832 0.660036 0.285783
v 0.030863 0.660103 0.296101
v 0.046856 0.682471 0.272080
v 0.051779 0.677465 0.285477
v 0.046856 0.682471 0.272080
v 0.051779 0.677465 0.285477
v 0.099215 0.647165 0.272649
v 0.079034 0.666891 0.265017
v 0.098689 0.620960 0.285542
v 0.077796 0.603653 0.296105
v 0.048646 0.605189 0.298304
v 0.028474 0.624905 0.290663
v 0.029016 0.651199 0.277744
v 0.049974 0.668546 0.267120
v 0.049974 0.668546 0.267120
v 0.079034 0.666891 0.265017
v 0.099215 0.647165 0.272649
v 0.098689 0.620960 0.285542
v 0.098689 0.620960 0.285542
v 0.077796 0.603653 0.296105
v 0.048646 0.605189 0.298304
v 0.028474 0.624905 0.290663
v 0.029016 0.651199 0.277744
v 0.049974 0.668546 0.267120
v 0.026595 0.093261 -0.206431
v -0.018418 0.100934 -0.194581
v -0.020409 0.137724 -0.195048
v 0.023313 0.130247 -0.211803
v -0.025741 0.093261 -0.114919
v -0.047192 0.093261 -0.073839
v -0.032702 0.132414 -0.073839
v -0.010435 0.125582 -0.114919
v 0.008584 0.074218 0.100107
v 0.008498 0.111195 0.088957
v -0.024178 0.112098 0.075120
v -0.020709 0.085677 0.084681
v -0.010978 0.163629 -0.194716
v 0.018043 0.163754 -0.209156
v -0.001899 0.143812 -0.073839
v 0.017112 0.144325 -0.114919
v 0.005853 0.147672 0.095463
v -0.017664 0.152620 0.075033
v 0.023070 0.185662 -0.185754
v 0.038063 0.192172 -0.180935
v 0.011477 0.169542 -0.064297
v 0.039690 0.164526 -0.114919
v 0.022737 0.182733 0.081215
v 0.004201 0.178574 0.065807
v -0.024256 0.093261 0.002671
v -0.015043 0.125582 -0.002592
v 0.004365 0.138775 0.002671
v 0.018449 0.164060 0.002671
v 0.134369 0.086971 -0.009512
v 0.134704 0.125519 -0.012024
v 0.113196 0.124672 0.034838
v 0.117566 0.081843 0.039862
v 0.053419 0.072528 0.094354
v 0.048777 0.110818 0.086818
v -0.021392 0.094894 0.050782
v -0.015061 0.127215 0.045548
v 0.114791 0.168955 -0.019416
v 0.096391 0.167868 0.020054
v 0.055759 0.160347 0.064642
v -0.005413 0.147472 0.041731
v 0.100791 0.182601 -0.028271
v 0.083203 0.184061 0.002343
v 0.055848 0.186137 0.038075
v 0.017978 0.161954 0.042274
v 0.138227 0.093261 -0.053767
v 0.142078 0.133357 -0.051622
v 0.131385 0.173928 -0.053799
v 0.111787 0.180909 -0.053767
v -0.019693 0.093261 -0.165463
v -0.018140 0.128790 -0.166609
v 0.114335 0.137228 -0.135983
v 0.143221 0.149670 -0.082494
v 0.147554 0.091071 -0.082668
v 0.110924 0.090909 -0.147563
v 0.063815 0.140835 -0.181446
v 0.063527 0.095453 -0.191268
v -0.017307 0.158930 -0.169980
v 0.098835 0.168993 -0.131341
v 0.133738 0.180052 -0.078095
v 0.061596 0.167420 -0.172353
v 0.023523 0.172443 -0.166814
v 0.087677 0.188245 -0.120070
v 0.119241 0.187136 -0.077805
v 0.056929 0.193068 -0.156431
v 0.142078 0.133357 -0.051622
v 0.138227 0.093261 -0.053767
v 0.131385 0.173928 -0.053799
v 0.111787 0.180909 -0.053767
v 0.026595 0.093261 -0.206431
v 0.023313 0.130247 -0.211803
v -0.020409 0.137724 -0.195048
v -0.018418 0.100934 -0.194581
v -0.025741 0.093261 -0.114919
v -0.010435 0.125582 -0.114919
v -0.032702 0.132414 -0.073839
v -0.047192 0.093261 -0.073839
v 0.008584 0.074218 0.100107
v -0.020709 0.085677 0.084681
v -0.024178 0.112098 0.075120
v 0.008498 0.111195 0.088957
v 0.018043 0.163754 -0.209156
v -0.010978 0.163629 -0.194716
v 0.017112 0.144325 -0.114919
v -0.001899 0.143812 -0.073839
v -0.017664 0.152620 0.075033
v 0.005853 0.147672 0.095463
v 0.038063 0.192172 -0.180935
v 0.023070 0.185662 -0.185754
v 0.039690 0.164526 -0.114919
v 0.011477 0.169542 -0.064297
v 0.004201 0.178574 0.065807
v 0.022737 0.182733 0.081215
v -0.024256 0.093261 0.002671
v -0.015043 0.125582 -0.002592
v 0.004365 0.138775 0.002671
v 0.018449 0.164060 0.002671
v 0.134369 0.086971 -0.009512
v 0.117566 0.081843 0.039862
v 0.113196 0.124672 0.034838
v 0.134704 0.125519 -0.012024
v 0.053419 0.072528 0.094354
v 0.048777 0.110818 0.086818
v -0.015061 0.127215 0.045548
v -0.021392 0.094894 0.050782
v 0.096391 0.167868 0.020054
v 0.114791 0.168955 -0.019416
v 0.055759 0.160347 0.064642
v -0.005413 0.147472 0.041731
v 0.083203 0.184061 0.002343
v 0.100791 0.182601 -0.028271
v 0.055848 0.186137 0.038075
v 0.017978 0.161954 0.042274
v 0.138227 0.093261 -0.053767
v 0.142078 0.133357 -0.051622
v 0.131385 0.173928 -0.053799
v 0.111787 0.180909 -0.053767
v -0.019693 0.093261 -0.165463
v -0.018140 0.128790 -0.166609
v 0.114335 0.137228 -0.135983
v 0.110924 0.090909 -0.147563
v 0.147554 0.091071 -0.082668
v 0.143221 0.149670 -0.082494
v 0.063527 0.095453 -0.191268
v 0.063815 0.140835 -0.181446
v -0.017307 0.158930 -0.169980
v 0.098835 0.168993 -0.131341
v 0.133738 0.180052 -0.078095
v 0.061596 0.167420 -0.172353
v 0.023523 0.172443 -0.166814
v 0.087677 0.188245 -0.120070
v 0.119241 0.187136 -0.077805
v 0.056929 0.193068 -0.156431
v 0.142078 0.133357 -0.051622
v 0.138227 0.093261 -0.053767
v 0.131385 0.173928 -0.053799
v 0.111787 0.180909 -0.053767
v 0.026595 0.093261 -0.206431
v -0.018418 0.100934 -0.194581
v -0.020409 0.137724 -0.195048
v 0.023313 0.130247 -0.211803
v -0.025741 0.093261 -0.114919
v -0.047192 0.093261 -0.073839
v -0.032702 0.132414 -0.073839
v -0.010435 0.125582 -0.114919
v 0.008584 0.074218 0.100107
v 0.008498 0.111195 0.088957
v -0.024178 0.112098 0.075120
v -0.020709 0.085677 0.084681
v -0.010978 0.163629 -0.194716
v 0.018043 0.163754 -0.209156
v -0.001899 0.143812 -0.073839
v 0.017112 0.144325 -0.114919
v 0.005853 0.147672 0.095463
v -0.017664 0.152620 0.075033
v 0.023070 0.185662 -0.185754
v 0.038063 0.192172 -0.180935
v 0.011477 0.169542 -0.064297
v 0.039690 0.164526 -0.114919
v 0.022737 0.182733 0.081215
v 0.004201 0.178574 0.065807
v -0.024256 0.093261 0.002671
v -0.015043 0.125582 -0.002592
v 0.004365 0.138775 0.002671
v 0.018449 0.164060 0.002671
v 0.134369 0.086971 -0.009512
v 0.134704 0.125519 -0.012024
v 0.113196 0.124672 0.034838
v 0.117566 0.081843 0.039862
v 0.053419 0.072528 0.094354
v 0.048777 0.110818 0.086818
v -0.021392 0.094894 0.050782
v -0.015061 0.127215 0.045548
v 0.114791 0.168955 -0.019416
v 0.096391 0.167868 0.020054
v 0.055759 0.160347 0.064642
v -0.005413 0.147472 0.041731
v 0.100791 0.182601 -0.028271
v 0.083203 0.184061 0.002343
v 0.055848 0.186137 0.038075
v 0.017978 0.161954 0.042274
v 0.138227 0.093261 -0.053767
v 0.142078 0.133357 -0.051622
v 0.131385 0.173928 -0.053799
v 0.111787 0.180909 -0.053767
v -0.019693 0.093261 -0.165463
v -0.018140 0.128790 -0.166609
v 0.114335 0.137228 -0.135983
v 0.143221 0.149670 -0.082494
v 0.147554 0.091071 -0.082668
v 0.110924 0.090909 -0.147563
v 0.063815 0.140835 -0.181446
v 0.063527 0.095453 -0.191268
v -0.017307 0.158930 -0.169980
v 0.098835 0.168993 -0.131341
v 0.133738 0.180052 -0.078095
v 0.061596 0.167420 -0.172353
v 0.023523 0.172443 -0.166814
v 0.087677 0.188245 -0.120070
v 0.119241 0.187136 -0.077805
v 0.056929 0.193068 -0.156431
v 0.142078 0.133357 -0.051622
v 0.138227 0.093261 -0.053767
v 0.131385 0.173928 -0.053799
v 0.111787 0.180909 -0.053767
v 0.026595 0.093261 -0.206431
v 0.023313 0.130247 -0.211803
v -0.020409 0.137724 -0.195048
v -0.018418 0.100934 -0.194581
v -0.025741 0.093261 -0.114919
v -0.010435 0.125582 -0.114919
v -0.032702 0.132414 -0.073839
v -0.047192 0.093261 -0.073839
v 0.008584 0.074218 0.100107
v -0.020709 0.085677 0.084681
v -0.024178 0.112098 0.075120
v 0.008498 0.111195 0.088957
v 0.018043 0.163754 -0.209156
v -0.010978 0.163629 -0.194716
v 0.017112 0.144325 -0.114919
v -0.001899 0.143812 -0.073839
v -0.017664 0.152620 0.075033
v 0.005853 0.147672 0.095463
v 0.038063 0.192172 -0.180935
v 0.023070 0.185662 -0.185754
v 0.039690 0.164526 -0.114919
v 0.011477 0.169542 -0.064297
v 0.004201 0.178574 0.065807
v 0.022737 0.182733 0.081215
v -0.024256 0.093261 0.002671
v -0.015043 0.125582 -0.002592
v 0.004365 0.138775 0.002671
v 0.018449 0.164060 0.002671
v 0.134369 0.086971 -0.009512
v 0.117566 0.081843 0.039862
v 0.113196 0.124672 0.034838
v 0.134704 0.125519 -0.012024
v 0.053419 0.072528 0.094354
v 0.048777 0.110818 0.086818
v -0.015061 0.127215 0.045548
v -0.021392 0.094894 0.050782
v 0.096391 0.167868 0.020054
v 0.114791 0.168955 -0.019416
v 0.055759 0.160347 0.064642
v -0.005413 0.147472 0.041731
v 0.083203 0.184061 0.002343
v 0.100791 0.182601 -0.028271
v 0.055848 0.186137 0.038075
v 0.017978 0.161954 0.042274
v 0.138227 0.093261 -0.053767
v 0.142078 0.133357 -0.051622
v 0.131385 0.173928 -0.053799
v 0.111787 0.180909 -0.053767
v -0.019693 0.093261 -0.165463
v -0.018140 0.128790 -0.166609
v 0.114335 0.137228 -0.135983
v 0.110924 0.090909 -0.147563
v 0.147554 0.091071 -0.082668
v 0.143221 0.149670 -0.082494
v 0.063527 0.095453 -0.191268
v 0.063815 0.140835 -0.181446
v -0.017307 0.158930 -0.169980
v 0.098835 0.168993 -0.131341
v 0.133738 0.180052 -0.078095
v 0.061596 0.167420 -0.172353
v 0.023523 0.172443 -0.166814
v 0.087677 0.188245 -0.120070
v 0.119241 0.187136 -0.077805
v 0.056929 0.193068 -0.156431
v 0.142078 0.133357 -0.051622
v 0.138227 0.093261 -0.053767
v 0.131385 0.173928 -0.053799
v 0.111787 0.180909 -0.053767
v 0.047596 0.772044 -0.047645
v 0.031422 0.759734 -0.046841
v 0.048981 0.762189 -0.046916
v 0.069702 0.765345 -0.060823
v 0.063199 0.757734 -0.056565
v 0.074480 0.753751 -0.062269
v 0.082853 0.730886 -0.086899
v 0.086486 0.767068 -0.095217
v 0.073596 0.739506 -0.061630
v 0.067532 0.740640 -0.058233
v 0.015765 0.774521 -0.046140
v 0.026335 0.741745 -0.048346
v 0.027664 0.748601 -0.050625
v 0.017039 0.747706 -0.046152
v 0.015330 0.742046 -0.038327
v 0.077421 0.718531 -0.059338
v 0.081771 0.715910 -0.079394
v 0.086841 0.725082 -0.084838
v 0.081555 0.730513 -0.066596
v 0.053107 0.793746 -0.059718
v 0.017312 0.798932 -0.057939
v 0.064744 0.710420 -0.082408
v 0.052963 0.710650 -0.053183
v 0.058569 0.698461 -0.079341
v 0.017341 0.714775 -0.040689
v 0.029869 0.715087 -0.044045
v 0.017929 0.721436 -0.044520
v 0.016920 0.704251 -0.036550
v 0.037735 0.704818 -0.041675
v 0.066648 0.710573 -0.059494
v 0.036492 0.736282 -0.052652
v 0.034577 0.729794 -0.047205
v 0.047821 0.725766 -0.049107
v 0.048447 0.730712 -0.051812
v 0.048618 0.702740 -0.053721
v 0.048479 0.692550 -0.051805
v 0.059190 0.691926 -0.074705
v 0.017029 0.694663 -0.034766
v 0.038266 0.694478 -0.038512
v 0.044847 0.743787 -0.065402
v 0.060406 0.731097 -0.054022
v 0.065280 0.722380 -0.049921
v 0.071957 0.731878 -0.057217
v 0.016724 0.756684 -0.046933
v 0.081746 0.796604 -0.095147
v 0.063227 0.823956 -0.098311
v 0.057583 0.812465 -0.076429
v 0.021098 0.820934 -0.079297
v 0.026496 0.831895 -0.105911
v 0.078839 0.737360 -0.070822
v 0.038944 0.715370 -0.050587
v 0.034364 0.833371 -0.140936
v 0.071928 0.824872 -0.135335
v 0.093213 0.801041 -0.131278
v 0.045889 0.821592 -0.188711
v 0.082099 0.815793 -0.174657
v 0.100111 0.791976 -0.164862
v 0.089914 0.791469 -0.199046
v 0.053709 0.793006 -0.217203
v 0.101225 0.716857 -0.147961
v 0.088632 0.709251 -0.172211
v 0.096579 0.752851 -0.198667
v 0.106361 0.759310 -0.157998
v 0.056611 0.748050 -0.220481
v 0.090450 0.720363 -0.113376
v 0.100267 0.763130 -0.126445
v 0.053673 0.701796 -0.197324
v 0.048667 0.687268 -0.172732
v 0.076325 0.691702 -0.139780
v 0.071982 0.701863 -0.109547
v 0.038919 0.685722 -0.129396
v 0.064744 0.710420 -0.082408
v 0.048479 0.692550 -0.051805
v 0.038266 0.694478 -0.038512
v 0.024798 0.704782 -0.071297
v 0.017029 0.694663 -0.034766
v 0.058569 0.698461 -0.079341
v 0.059190 0.691926 -0.074705
v 0.020125 0.736493 -0.039478
v -0.012069 0.769171 -0.061222
v -0.012616 0.759213 -0.060917
v 0.003395 0.758386 -0.053218
v -0.025465 0.760762 -0.082452
v -0.028079 0.748821 -0.085559
v -0.020645 0.753698 -0.075607
v -0.026063 0.761661 -0.120764
v -0.023145 0.725775 -0.110970
v -0.026278 0.734731 -0.084323
v -0.022439 0.736311 -0.078658
v 0.010467 0.740997 -0.051927
v 0.009531 0.747745 -0.054727
v -0.028745 0.713414 -0.083456
v -0.030489 0.725110 -0.092035
v -0.026804 0.719630 -0.110624
v -0.023725 0.710853 -0.103352
v -0.013528 0.790516 -0.074856
v -0.006852 0.706976 -0.098651
v -0.001519 0.695570 -0.092995
v -0.008968 0.707640 -0.067265
v 0.007461 0.714022 -0.049136
v 0.000557 0.703027 -0.050116
v -0.019881 0.706420 -0.079141
v 0.004014 0.734713 -0.060033
v -0.006856 0.728056 -0.064391
v -0.007144 0.723133 -0.061618
v 0.003773 0.728331 -0.054194
v -0.003925 0.700198 -0.065630
v -0.003334 0.688917 -0.088916
v -0.003728 0.690026 -0.063645
v -0.000424 0.692616 -0.047296
v 0.000866 0.741679 -0.075379
v -0.017057 0.727369 -0.071624
v -0.022334 0.718157 -0.069843
v -0.025987 0.727173 -0.079450
v -0.024593 0.791486 -0.119280
v -0.012154 0.809111 -0.092286
v -0.008949 0.820468 -0.114701
v -0.012154 0.809111 -0.092286
v -0.026905 0.732272 -0.094853
v 0.002185 0.713585 -0.058938
v -0.000920 0.821379 -0.151881
v -0.019583 0.795621 -0.156902
v 0.007738 0.812220 -0.191536
v -0.010338 0.786660 -0.189934
v 0.013540 0.787809 -0.216396
v -0.011908 0.711420 -0.173653
v -0.016001 0.753428 -0.185796
v 0.010972 0.748743 -0.218105
v 0.010665 0.705484 -0.189919
v -0.017395 0.715183 -0.137879
v -0.023145 0.725775 -0.110970
v -0.026063 0.761661 -0.120764
v -0.024361 0.757142 -0.154758
v 0.009349 0.688481 -0.154988
v -0.000785 0.698365 -0.126072
v -0.006852 0.706976 -0.098651
v -0.003728 0.690026 -0.063645
v -0.000424 0.692616 -0.047296
v -0.024593 0.791486 -0.119280
v -0.026804 0.719630 -0.110624
v -0.023725 0.710853 -0.103352
v -0.006852 0.706976 -0.098651
v -0.003334 0.688917 -0.088916
v -0.001519 0.695570 -0.092995
v 0.012092 0.736647 -0.041926
v 0.015846 0.736102 -0.039355
v 0.073348 0.709484 -0.086735
v 0.067707 0.698935 -0.074130
v 0.077764 0.691235 -0.086607
v 0.078783 0.707538 -0.096383
v 0.062211 0.690629 -0.061127
v 0.072291 0.689504 -0.073147
v 0.076794 0.674529 -0.075500
v 0.052495 0.683366 -0.050788
v 0.055795 0.673260 -0.048747
v 0.034729 0.694062 -0.036083
v 0.034788 0.686203 -0.034353
v 0.017054 0.686936 -0.033297
v 0.015561 0.679096 -0.025227
v 0.033720 0.676792 -0.027054
v 0.016086 0.672751 -0.026145
v 0.036690 0.670648 -0.028182
v 0.073085 0.687444 -0.093446
v 0.081386 0.709498 -0.113989
v 0.085530 0.709072 -0.106415
v 0.068719 0.665427 -0.081556
v 0.047033 0.666807 -0.049945
v 0.069346 0.724935 -0.081653
v 0.065485 0.724840 -0.082214
v 0.063931 0.698676 -0.074623
v 0.056308 0.690629 -0.062106
v 0.049231 0.691136 -0.052861
v 0.065485 0.724840 -0.082214
v 0.069346 0.724935 -0.081653
v 0.073348 0.709484 -0.086735
v 0.078783 0.707538 -0.096383
v 0.082827 0.716863 -0.106535
v 0.081386 0.709498 -0.113989
v 0.073085 0.687444 -0.093446
v 0.063931 0.698676 -0.074623
v 0.068719 0.665427 -0.081556
v 0.056308 0.690629 -0.062106
v 0.047033 0.666807 -0.049945
v 0.049231 0.691136 -0.052861
v 0.032992 0.664699 -0.041179
v 0.019359 0.666098 -0.038953
v 0.019359 0.666098 -0.038953
v 0.017621 0.684619 -0.035392
v 0.035969 0.684057 -0.036465
v 0.032992 0.664699 -0.041179
v 0.017468 0.693097 -0.036276
v 0.034729 0.694062 -0.036083
v 0.017468 0.693097 -0.036276
v 0.082827 0.716863 -0.106535
v -0.012589 0.705351 -0.106260
v -0.013202 0.703127 -0.117267
v -0.014890 0.686786 -0.107657
v -0.012112 0.695094 -0.092237
v -0.015573 0.685254 -0.093123
v -0.011900 0.687059 -0.077942
v -0.017287 0.670002 -0.096863
v -0.011900 0.687059 -0.077942
v -0.015573 0.685254 -0.093123
v -0.006841 0.680490 -0.064253
v -0.017287 0.670002 -0.096863
v -0.009916 0.670090 -0.063689
v 0.001553 0.684605 -0.041900
v 0.001743 0.692470 -0.043559
v 0.000311 0.675187 -0.034610
v -0.001155 0.668838 -0.036796
v -0.014845 0.704243 -0.129219
v -0.007991 0.705188 -0.134307
v -0.007314 0.683549 -0.111707
v -0.006396 0.661807 -0.098605
v -0.006396 0.661807 -0.098605
v -0.000807 0.664518 -0.060805
v -0.012316 0.721006 -0.100189
v -0.008412 0.695199 -0.091062
v -0.008708 0.721294 -0.099067
v -0.006132 0.687621 -0.076291
v -0.003726 0.688579 -0.064888
v -0.006132 0.687621 -0.076291
v -0.012589 0.705351 -0.106260
v -0.012316 0.721006 -0.100189
v -0.008708 0.721294 -0.099067
v -0.008412 0.695199 -0.091062
v -0.007991 0.705188 -0.134307
v -0.013185 0.712244 -0.128339
v -0.013202 0.703127 -0.117267
v -0.007314 0.683549 -0.111707
v -0.006132 0.687621 -0.076291
v -0.006396 0.661807 -0.098605
v -0.003726 0.688579 -0.064888
v -0.000807 0.664518 -0.060805
v 0.008067 0.663492 -0.046841
v 0.008067 0.663492 -0.046841
v 0.001644 0.682392 -0.044260
v 0.001743 0.692470 -0.043559
v -0.013185 0.712244 -0.128339
v 0.109473 0.742379 -0.150370
v 0.107963 0.687654 -0.136472
v 0.097931 0.699791 -0.097614
v 0.101240 0.752463 -0.117595
v -0.027960 0.746858 -0.147897
v -0.026452 0.694897 -0.125808
v -0.016522 0.682754 -0.164688
v -0.019833 0.736767 -0.180695
v 0.112088 0.627578 -0.121743
v 0.099233 0.643069 -0.072942
v -0.030574 0.638174 -0.101138
v -0.017826 0.622677 -0.149961
v 0.049378 0.781216 -0.048389
v 0.059094 0.807144 -0.048175
v 0.014543 0.815811 -0.047884
v 0.015516 0.785523 -0.047869
v 0.095599 0.801708 -0.091890
v 0.073984 0.835785 -0.101955
v 0.065974 0.826501 -0.072642
v 0.020807 0.838279 -0.078796
v 0.028543 0.845927 -0.113851
v 0.038959 0.839966 -0.157254
v 0.085439 0.828669 -0.147692
v 0.110700 0.792183 -0.134904
v 0.053387 0.814766 -0.213548
v 0.098207 0.808653 -0.194139
v 0.119292 0.780360 -0.176633
v 0.106966 0.773082 -0.218996
v 0.061972 0.767961 -0.240857
v 0.057076 0.721765 -0.214520
v 0.099300 0.728860 -0.191841
v 0.088187 0.762216 -0.087689
v 0.101240 0.752463 -0.117595
v 0.109473 0.742379 -0.150370
v 0.072800 0.770811 -0.060636
v -0.014260 0.778444 -0.063337
v -0.024308 0.803492 -0.067728
v -0.037497 0.795929 -0.123072
v -0.021309 0.822707 -0.093128
v -0.016353 0.831843 -0.123130
v -0.005738 0.824723 -0.169073
v -0.030477 0.786059 -0.168014
v 0.005135 0.804618 -0.215949
v -0.018948 0.774357 -0.209028
v 0.011377 0.768948 -0.241417
v 0.008835 0.724944 -0.213048
v -0.027960 0.746858 -0.147897
v -0.029074 0.757672 -0.113122
v -0.019833 0.736767 -0.180695
v -0.028705 0.766395 -0.084449
v 0.097931 0.699791 -0.097614
v 0.107963 0.687654 -0.136472
v -0.016522 0.682754 -0.164688
v -0.026452 0.694897 -0.125808
v 0.099233 0.643069 -0.072942
v 0.112088 0.627578 -0.121743
v -0.017826 0.622677 -0.149961
v -0.030574 0.638174 -0.101138
v -0.062447 -0.090715 -0.037601
v -0.055534 -0.006214 -0.040351
v -0.068775 0.000747 -0.075660
v -0.075688 -0.083753 -0.072910
v -0.032864 0.080190 -0.040278
v -0.046105 0.088440 -0.075962
v -0.016491 0.119215 -0.040278
v -0.029732 0.127465 -0.075962
v -0.127882 -0.496357 -0.059481
v -0.114641 -0.490909 -0.024576
v -0.084136 -0.238389 -0.032795
v -0.097377 -0.231428 -0.068104
v -0.056793 -0.089864 0.000886
v -0.049880 -0.005030 0.008403
v -0.049880 -0.009299 -0.122764
v -0.056793 -0.093772 -0.119175
v -0.027209 0.079781 0.009587
v -0.027209 0.079781 -0.124206
v -0.010836 0.118806 -0.001103
v -0.010836 0.118806 -0.116219
v -0.108986 -0.495500 0.029374
v -0.078482 -0.237651 0.002263
v -0.078482 -0.241238 -0.107972
v -0.108986 -0.495525 -0.113800
v -0.062447 -0.090715 -0.037601
v -0.075688 -0.083753 -0.072910
v -0.068775 0.000747 -0.075660
v -0.055534 -0.006214 -0.040351
v -0.046105 0.088440 -0.075962
v -0.032864 0.080190 -0.040278
v -0.029732 0.127465 -0.075962
v -0.016491 0.119215 -0.040278
v -0.127882 -0.496357 -0.059481
v -0.097377 -0.231428 -0.068104
v -0.084136 -0.238389 -0.032795
v -0.114641 -0.490909 -0.024576
v -0.056793 -0.089864 0.000886
v -0.049880 -0.005030 0.008403
v -0.049880 -0.009299 -0.122764
v -0.056793 -0.093772 -0.119175
v -0.027209 0.079781 0.009587
v -0.027209 0.079781 -0.124206
v -0.010836 0.118806 -0.001103
v -0.010836 0.118806 -0.116219
v -0.078482 -0.237651 0.002263
v -0.108986 -0.495500 0.029374
v -0.108986 -0.495525 -0.113800
v -0.078482 -0.241238 -0.107972
v 0.156313 -0.047616 -0.039004
v 0.169554 -0.040654 -0.074313
v 0.166008 0.043846 -0.077063
v 0.152767 0.036885 -0.041754
v 0.139844 0.132324 -0.075962
v 0.126989 0.124074 -0.040278
v 0.127694 0.171349 -0.075962
v 0.113242 0.163099 -0.040278
v 0.160191 -0.226946 -0.023147
v 0.170655 -0.220418 -0.072118
v 0.150659 -0.046571 0.005442
v 0.147112 0.038069 0.007001
v 0.147112 0.033800 -0.124167
v 0.150659 -0.050965 -0.129539
v 0.118385 0.123665 0.009587
v 0.118385 0.123665 -0.124206
v 0.101862 0.162690 -0.001103
v 0.101862 0.162690 -0.116219
v 0.154536 -0.211051 0.024059
v 0.154536 -0.217462 -0.131749
v 0.156313 -0.047616 -0.039004
v 0.152767 0.036885 -0.041754
v 0.166008 0.043846 -0.077063
v 0.169554 -0.040654 -0.074313
v 0.126989 0.124074 -0.040278
v 0.139844 0.132324 -0.075962
v 0.113242 0.163099 -0.040278
v 0.127694 0.171349 -0.075962
v 0.160191 -0.226946 -0.023147
v 0.170655 -0.220418 -0.072118
v 0.150659 -0.046571 0.005442
v 0.147112 0.038069 0.007001
v 0.147112 0.033800 -0.124167
v 0.150659 -0.050965 -0.129539
v 0.118385 0.123665 0.009587
v 0.118385 0.123665 -0.124206
v 0.101862 0.162690 -0.001103
v 0.101862 0.162690 -0.116219
v 0.154536 -0.211051 0.024059
v 0.154536 -0.217462 -0.131749
v 0.026595 0.093261 -0.206431
v -0.018418 0.100934 -0.194581
v -0.020409 0.137724 -0.195048
v 0.023313 0.130247 -0.211803
v -0.025741 0.093261 -0.114919
v -0.047192 0.093261 -0.073839
v -0.032702 0.132414 -0.073839
v -0.010435 0.125582 -0.114919
v 0.008584 0.074218 0.100107
v 0.008498 0.111195 0.088957
v -0.024178 0.112098 0.075120
v -0.020709 0.085677 0.084681
v -0.010978 0.163629 -0.194716
v 0.018043 0.163754 -0.209156
v -0.001899 0.143812 -0.073839
v 0.017112 0.144325 -0.114919
v 0.005853 0.147672 0.095463
v -0.017664 0.152620 0.075033
v 0.023070 0.185662 -0.185754
v 0.038063 0.192172 -0.180935
v 0.011477 0.169542 -0.064297
v 0.039690 0.164526 -0.114919
v 0.022737 0.182733 0.081215
v 0.004201 0.178574 0.065807
v -0.024256 0.093261 0.002671
v -0.015043 0.125582 -0.002592
v 0.004365 0.138775 0.002671
v 0.018449 0.164060 0.002671
v 0.134369 0.086971 -0.009512
v 0.134704 0.125519 -0.012024
v 0.113196 0.124672 0.034838
v 0.117566 0.081843 0.039862
v 0.053419 0.072528 0.094354
v 0.048777 0.110818 0.086818
v -0.021392 0.094894 0.050782
v -0.015061 0.127215 0.045548
v 0.114791 0.168955 -0.019416
v 0.096391 0.167868 0.020054
v 0.055759 0.160347 0.064642
v -0.005413 0.147472 0.041731
v 0.100791 0.182601 -0.028271
v 0.083203 0.184061 0.002343
v 0.055848 0.186137 0.038075
v 0.017978 0.161954 0.042274
v 0.138227 0.093261 -0.053767
v 0.142078 0.133357 -0.051622
v 0.131385 0.173928 -0.053799
v 0.111787 0.180909 -0.053767
v -0.019693 0.093261 -0.165463
v -0.018140 0.128790 -0.166609
v 0.114335 0.137228 -0.135983
v 0.143221 0.149670 -0.082494
v 0.147554 0.091071 -0.082668
v 0.110924 0.090909 -0.147563
v 0.063815 0.140835 -0.181446
v 0.063527 0.095453 -0.191268
v -0.017307 0.158930 -0.169980
v 0.098835 0.168993 -0.131341
v 0.133738 0.180052 -0.078095
v 0.061596 0.167420 -0.172353
v 0.023523 0.172443 -0.166814
v 0.087677 0.188245 -0.120070
v 0.119241 0.187136 -0.077805
v 0.056929 0.193068 -0.156431
v 0.142078 0.133357 -0.051622
v 0.138227 0.093261 -0.053767
v 0.131385 0.173928 -0.053799
v 0.111787 0.180909 -0.053767
v 0.026595 0.093261 -0.206431
v 0.023313 0.130247 -0.211803
v -0.020409 0.137724 -0.195048
v -0.018418 0.100934 -0.194581
v -0.025741 0.093261 -0.114919
v -0.010435 0.125582 -0.114919
v -0.032702 0.132414 -0.073839
v -0.047192 0.093261 -0.073839
v 0.008584 0.074218 0.100107
v -0.020709 0.085677 0.084681
v -0.024178 0.112098 0.075120
v 0.008498 0.111195 0.088957
v 0.018043 0.163754 -0.209156
v -0.010978 0.163629 -0.194716
v 0.017112 0.144325 -0.114919
v -0.001899 0.143812 -0.073839
v -0.017664 0.152620 0.075033
v 0.005853 0.147672 0.095463
v 0.038063 0.192172 -0.180935
v 0.023070 0.185662 -0.185754
v 0.039690 0.164526 -0.114919
v 0.011477 0.169542 -0.064297
v 0.004201 0.178574 0.065807
v 0.022737 0.182733 0.081215
v -0.024256 0.093261 0.002671
v -0.015043 0.125582 -0.002592
v 0.004365 0.138775 0.002671
v 0.018449 0.164060 0.002671
v 0.134369 0.086971 -0.009512
v 0.117566 0.081843 0.039862
v 0.113196 0.124672 0.034838
v 0.134704 0.125519 -0.012024
v 0.053419 0.072528 0.094354
v 0.048777 0.110818 0.086818
v -0.015061 0.127215 0.045548
v -0.021392 0.094894 0.050782
v 0.096391 0.167868 0.020054
v 0.114791 0.168955 -0.019416
v 0.055759 0.160347 0.064642
v -0.005413 0.147472 0.041731
v 0.083203 0.184061 0.002343
v 0.100791 0.182601 -0.028271
v 0.055848 0.186137 0.038075
v 0.017978 0.161954 0.042274
v 0.138227 0.093261 -0.053767
v 0.142078 0.133357 -0.051622
v 0.131385 0.173928 -0.053799
v 0.111787 0.180909 -0.053767
v -0.019693 0.093261 -0.165463
v -0.018140 0.128790 -0.166609
v 0.114335 0.137228 -0.135983
v 0.110924 0.090909 -0.147563
v 0.147554 0.091071 -0.082668
v 0.143221 0.149670 -0.082494
v 0.063527 0.095453 -0.191268
v 0.063815 0.140835 -0.181446
v -0.017307 0.158930 -0.169980
v 0.098835 0.168993 -0.131341
v 0.133738 0.180052 -0.078095
v 0.061596 0.167420 -0.172353
v 0.023523 0.172443 -0.166814
v 0.087677 0.188245 -0.120070
v 0.119241 0.187136 -0.077805
v 0.056929 0.193068 -0.156431
v 0.142078 0.133357 -0.051622
v 0.138227 0.093261 -0.053767
v 0.131385 0.173928 -0.053799
v 0.111787 0.180909 -0.053767
v -0.054325 0.522504 -0.121613
v -0.082980 0.453489 -0.064597
v -0.094571 0.439264 -0.117308
v -0.061959 0.508017 -0.155903
v 0.081639 0.569317 -0.192485
v 0.039300 0.574258 -0.185652
v 0.039300 0.561789 -0.215569
v 0.081639 0.555117 -0.219141
v 0.172057 0.455463 -0.087242
v 0.165126 0.443940 -0.118667
v 0.162792 0.378949 -0.088105
v 0.166257 0.384711 -0.072393
v 0.173683 0.302119 -0.020201
v 0.167218 0.390672 -0.055658
v 0.171760 0.290196 -0.053671
v -0.010279 0.572922 -0.175075
v -0.019556 0.564809 -0.214818
v 0.119404 0.544505 -0.198587
v 0.123268 0.561074 -0.170961
v 0.140600 0.512060 -0.159782
v 0.141952 0.526191 -0.133482
v 0.151504 0.260177 -0.031507
v 0.153097 0.252842 0.007487
v 0.121053 0.247474 -0.008134
v 0.115882 0.248094 0.020056
v -0.072331 0.336070 -0.009090
v -0.010077 0.297453 0.018984
v -0.008921 0.287319 -0.009427
v -0.068786 0.318733 -0.037456
v -0.093855 0.377590 -0.024853
v -0.100775 0.367808 -0.058851
v -0.032943 0.552472 -0.201344
v -0.028287 0.563509 -0.153490
v 0.058454 0.277311 0.018780
v 0.061039 0.271462 0.005588
v 0.121053 0.247474 -0.008134
v 0.061617 0.266395 -0.008617
v 0.115882 0.248094 0.020056
v 0.111847 0.219649 0.151288
v 0.092833 0.228921 0.174903
v 0.103803 0.226719 0.176555
v 0.075696 0.226980 0.146215
v 0.079795 0.231565 0.173074
v 0.102803 0.246328 0.196619
v 0.100991 0.275749 0.189501
v 0.108999 0.274063 0.190668
v 0.082804 0.250343 0.193609
v 0.090421 0.277871 0.187910
v 0.168630 0.284883 -0.178301
v 0.125930 0.339659 -0.174086
v 0.136914 0.291315 -0.182752
v 0.194724 0.325864 -0.163640
v 0.151856 0.380494 -0.160362
v 0.183572 0.374062 -0.155911
v 0.111847 0.219649 0.151288
v 0.129618 0.275485 -0.116912
v 0.075696 0.226980 0.146215
v 0.157051 0.269922 -0.113062
v 0.136914 0.291315 -0.182752
v 0.168630 0.284883 -0.178301
v 0.075696 0.226980 0.146215
v 0.122346 0.324736 -0.112255
v 0.060296 0.267640 0.156565
v 0.129618 0.275485 -0.116912
v 0.140957 0.370512 -0.104379
v 0.086013 0.298240 0.166856
v 0.125930 0.339659 -0.174086
v 0.136914 0.291315 -0.182752
v 0.151856 0.380494 -0.160362
v 0.086013 0.298240 0.166856
v 0.168390 0.364949 -0.100529
v 0.122164 0.290909 0.171930
v 0.140957 0.370512 -0.104379
v 0.183572 0.374062 -0.155911
v 0.151856 0.380494 -0.160362
v 0.122164 0.290909 0.171930
v 0.175830 0.314045 -0.103957
v 0.137804 0.252078 0.168234
v 0.168390 0.364949 -0.100529
v 0.157051 0.269922 -0.113062
v 0.111847 0.219649 0.151288
v 0.194724 0.325864 -0.163640
v 0.183572 0.374062 -0.155911
v 0.168630 0.284883 -0.178301
v 0.177667 0.308251 -0.321844
v 0.169458 0.385606 -0.151581
v 0.195899 0.417064 -0.294525
v 0.151226 0.276793 -0.178900
v 0.060296 0.267640 0.156565
v 0.086013 0.298240 0.166856
v 0.072522 0.253301 0.184693
v 0.115126 0.243709 0.193444
v 0.122164 0.290909 0.171930
v 0.137804 0.252078 0.168234
v -0.054325 0.522504 -0.121613
v -0.094571 0.439264 -0.117308
v -0.094571 0.439264 -0.117308
v -0.054325 0.522504 -0.121613
v 0.081639 0.569317 -0.192485
v 0.039300 0.561789 -0.215569
v 0.039300 0.561789 -0.215569
v 0.081639 0.569317 -0.192485
v 0.172057 0.455463 -0.087242
v 0.166257 0.384711 -0.072393
v 0.165126 0.443940 -0.118667
v 0.172057 0.455463 -0.087242
v 0.173683 0.302119 -0.020201
v 0.171760 0.290196 -0.053671
v 0.166257 0.384711 -0.072393
v 0.167218 0.390672 -0.055658
v 0.039300 0.574258 -0.185652
v -0.019556 0.564809 -0.214818
v -0.019556 0.564809 -0.214818
v 0.039300 0.574258 -0.185652
v 0.081639 0.555117 -0.219141
v 0.123268 0.561074 -0.170961
v 0.123268 0.561074 -0.170961
v 0.081639 0.555117 -0.219141
v 0.123268 0.561074 -0.170961
v 0.140600 0.512060 -0.159782
v 0.140600 0.512060 -0.159782
v 0.123268 0.561074 -0.170961
v 0.141952 0.526191 -0.133482
v 0.165126 0.443940 -0.118667
v 0.165126 0.443940 -0.118667
v 0.141952 0.526191 -0.133482
v 0.151504 0.260177 -0.031507
v 0.173683 0.302119 -0.020201
v 0.173683 0.302119 -0.020201
v 0.151504 0.260177 -0.031507
v 0.121053 0.247474 -0.008134
v 0.153097 0.252842 0.007487
v 0.153097 0.252842 0.007487
v 0.121053 0.247474 -0.008134
v -0.072331 0.336070 -0.009090
v -0.008921 0.287319 -0.009427
v -0.008921 0.287319 -0.009427
v -0.072331 0.336070 -0.009090
v -0.082980 0.453489 -0.064597
v -0.100775 0.367808 -0.058851
v -0.100775 0.367808 -0.058851
v -0.082980 0.453489 -0.064597
v -0.061959 0.508017 -0.155903
v -0.028287 0.563509 -0.153490
v -0.028287 0.563509 -0.153490
v -0.061959 0.508017 -0.155903
v -0.032943 0.552472 -0.201344
v -0.010279 0.572922 -0.175075
v -0.010279 0.572922 -0.175075
v -0.032943 0.552472 -0.201344
v -0.010077 0.297453 0.018984
v 0.061039 0.271462 0.005588
v 0.121053 0.247474 -0.008134
v 0.061039 0.271462 0.005588
v -0.068786 0.318733 -0.037456
v -0.093855 0.377590 -0.024853
v -0.093855 0.377590 -0.024853
v -0.068786 0.318733 -0.037456
v 0.058454 0.277311 0.018780
v 0.121053 0.247474 -0.008134
v 0.058454 0.277311 0.018780
v 0.061039 0.271462 0.005588
v 0.061617 0.266395 -0.008617
v 0.061039 0.271462 0.005588
v 0.061039 0.271462 0.005588
v -0.010077 0.297453 0.018984
v 0.162792 0.378949 -0.088105
v 0.166257 0.384711 -0.072393
v 0.167218 0.390672 -0.055658
v 0.166257 0.384711 -0.072393
v 0.169458 0.385606 -0.151581
v 0.177667 0.308251 -0.321844
v 0.177667 0.308251 -0.321844
v 0.169458 0.385606 -0.151581
v -0.054325 0.522504 -0.121613
v -0.082980 0.453489 -0.064597
v -0.094571 0.439264 -0.117308
v -0.061959 0.508017 -0.155903
v 0.081639 0.569317 -0.192485
v 0.039300 0.574258 -0.185652
v 0.039300 0.561789 -0.215569
v 0.081639 0.555117 -0.219141
v 0.172057 0.455463 -0.087242
v 0.162792 0.378949 -0.088105
v 0.166257 0.384711 -0.072393
v 0.173683 0.302119 -0.020201
v 0.171760 0.290196 -0.053671
v -0.010279 0.572922 -0.175075
v -0.019556 0.564809 -0.214818
v 0.119404 0.544505 -0.198587
v 0.140600 0.512060 -0.159782
v 0.141952 0.526191 -0.133482
v 0.151504 0.260177 -0.031507
v 0.153097 0.252842 0.007487
v 0.115882 0.248094 0.020056
v -0.072331 0.336070 -0.009090
v -0.010077 0.297453 0.018984
v -0.008921 0.287319 -0.009427
v -0.068786 0.318733 -0.037456
v -0.093855 0.377590 -0.024853
v -0.100775 0.367808 -0.058851
v -0.032943 0.552472 -0.201344
v -0.028287 0.563509 -0.153490
v 0.058454 0.277311 0.018780
v 0.121053 0.247474 -0.008134
v 0.061617 0.266395 -0.008617
v 0.115882 0.248094 0.020056
v 0.195899 0.417064 -0.294525
v 0.151226 0.276793 -0.178900
v 0.172057 0.455463 -0.087242
v 0.162792 0.378949 -0.088105
v 0.171760 0.290196 -0.053671
v 0.119404 0.544505 -0.198587
v -0.008921 0.287319 -0.009427
v 0.038573 0.800387 -0.051113
v 0.022164 0.791175 -0.049459
v 0.039637 0.791108 -0.048773
v 0.060771 0.790665 -0.061816
v 0.053969 0.783971 -0.056658
v 0.065966 0.779042 -0.061144
v 0.075563 0.752572 -0.081178
v 0.078856 0.786629 -0.095415
v 0.059125 0.766903 -0.055122
v 0.066204 0.765324 -0.057911
v 0.006935 0.803246 -0.051203
v 0.007615 0.786330 -0.048962
v 0.007839 0.776137 -0.046617
v 0.006056 0.770668 -0.037890
v 0.016944 0.768818 -0.047016
v 0.018531 0.777232 -0.050855
v 0.079424 0.747209 -0.077965
v 0.075285 0.755654 -0.060567
v 0.069493 0.745048 -0.051982
v 0.073857 0.739037 -0.071329
v 0.009294 0.824545 -0.066514
v 0.044636 0.818864 -0.066135
v 0.056078 0.733222 -0.074278
v 0.043265 0.737510 -0.045694
v 0.049627 0.722010 -0.069555
v 0.007658 0.744540 -0.035756
v 0.020086 0.742897 -0.037910
v 0.008312 0.749986 -0.040516
v 0.006855 0.734988 -0.030013
v 0.027562 0.733506 -0.033920
v 0.057392 0.737130 -0.051589
v 0.038164 0.752329 -0.044064
v 0.038772 0.757020 -0.047679
v 0.027006 0.761851 -0.049671
v 0.024827 0.756297 -0.043327
v 0.038754 0.729794 -0.045117
v 0.049866 0.716333 -0.063811
v 0.038488 0.721209 -0.042032
v 0.027998 0.725485 -0.029637
v 0.006757 0.726344 -0.026832
v 0.036029 0.768392 -0.063587
v 0.051325 0.758135 -0.049766
v 0.055798 0.750300 -0.044284
v 0.064079 0.758480 -0.052267
v 0.074521 0.815729 -0.100321
v 0.056557 0.842238 -0.108633
v 0.049928 0.834472 -0.085489
v 0.020729 0.849039 -0.118762
v 0.014036 0.842605 -0.091182
v 0.028304 0.713255 -0.026538
v 0.036877 0.711274 -0.038942
v 0.072295 0.761655 -0.066090
v 0.029278 0.740867 -0.043620
v 0.006681 0.714405 -0.023019
v 0.066682 0.837040 -0.144952
v 0.029644 0.844744 -0.153317
v 0.087214 0.814092 -0.136227
v 0.078022 0.821579 -0.181728
v 0.042714 0.825234 -0.198048
v 0.095028 0.799721 -0.167590
v 0.086179 0.793669 -0.201478
v 0.051189 0.792447 -0.220947
v 0.092352 0.755779 -0.194505
v 0.100741 0.768672 -0.155189
v 0.094613 0.728616 -0.138545
v 0.083027 0.717219 -0.161763
v 0.053595 0.747741 -0.216748
v 0.082868 0.737715 -0.105384
v 0.093500 0.777574 -0.125002
v 0.049056 0.706107 -0.186544
v 0.069343 0.705415 -0.127343
v 0.043161 0.695899 -0.160140
v 0.064075 0.720363 -0.099395
v 0.031783 0.701468 -0.117442
v 0.056078 0.733222 -0.074278
v 0.038488 0.721209 -0.042032
v 0.027998 0.725485 -0.029637
v 0.015917 0.729825 -0.063816
v 0.045924 0.709141 -0.055759
v 0.006757 0.726344 -0.026832
v 0.049627 0.722010 -0.069555
v 0.049866 0.716333 -0.063811
v 0.010678 0.764477 -0.037814
v -0.019964 0.795784 -0.066327
v -0.020846 0.786326 -0.064299
v -0.005386 0.788980 -0.056480
v -0.032725 0.783319 -0.086046
v -0.035880 0.771108 -0.087323
v -0.028325 0.777500 -0.077973
v -0.031742 0.777935 -0.123988
v -0.030739 0.744222 -0.108611
v -0.035633 0.757225 -0.084212
v -0.031003 0.759866 -0.078462
v 0.000666 0.775895 -0.055329
v 0.001363 0.767561 -0.051076
v -0.034797 0.738201 -0.107439
v -0.032109 0.730779 -0.098731
v -0.038322 0.736549 -0.079904
v -0.040787 0.746557 -0.090627
v -0.020814 0.813715 -0.083027
v -0.014340 0.727663 -0.092546
v -0.009422 0.717406 -0.084789
v -0.017463 0.732709 -0.061430
v 0.008312 0.749986 -0.040516
v -0.001808 0.741160 -0.043713
v -0.008992 0.730613 -0.043431
v -0.028363 0.730418 -0.073693
v -0.016085 0.748050 -0.058047
v -0.005418 0.753865 -0.051002
v -0.004992 0.759362 -0.058121
v -0.015549 0.752727 -0.061857
v -0.012798 0.725714 -0.058447
v -0.011620 0.711547 -0.079777
v -0.012643 0.717207 -0.055238
v -0.010074 0.722483 -0.039527
v -0.007180 0.764968 -0.074863
v -0.025410 0.752128 -0.069673
v -0.030967 0.743559 -0.066632
v -0.035479 0.750644 -0.078129
v -0.030017 0.807520 -0.127264
v -0.018467 0.829157 -0.103232
v -0.014364 0.836640 -0.127028
v -0.018467 0.829157 -0.103232
v -0.011301 0.707565 -0.051471
v -0.010188 0.710211 -0.036555
v -0.036449 0.753172 -0.094243
v -0.006858 0.738056 -0.052995
v -0.004918 0.831338 -0.163391
v -0.023640 0.805400 -0.164806
v 0.004910 0.815886 -0.200730
v -0.013463 0.791183 -0.195644
v 0.011294 0.787749 -0.220795
v 0.008288 0.749095 -0.216236
v 0.006375 0.711201 -0.181570
v -0.016402 0.719901 -0.167330
v -0.019541 0.759176 -0.186298
v -0.031742 0.777935 -0.123988
v -0.029055 0.767937 -0.156729
v -0.023262 0.729475 -0.132889
v -0.030739 0.744222 -0.108611
v 0.003553 0.700215 -0.144257
v -0.007433 0.714723 -0.117925
v -0.014340 0.727663 -0.092546
v -0.012643 0.717207 -0.055238
v -0.010074 0.722483 -0.039527
v -0.030017 0.807520 -0.127264
v -0.034797 0.738201 -0.107439
v -0.032109 0.730779 -0.098731
v -0.010853 0.704717 -0.070374
v -0.014340 0.727663 -0.092546
v -0.011620 0.711547 -0.079777
v -0.009422 0.717406 -0.084789
v 0.002792 0.764288 -0.040659
v 0.006584 0.764291 -0.037835
v 0.006584 0.764291 -0.037835
v 0.038488 0.721209 -0.042032
v 0.036877 0.711274 -0.038942
v 0.028304 0.713255 -0.026538
v 0.027998 0.725485 -0.029637
v 0.006681 0.714405 -0.023019
v 0.006757 0.726344 -0.026832
v 0.049866 0.716333 -0.063811
v 0.045924 0.709141 -0.055759
v -0.012643 0.717207 -0.055238
v -0.010074 0.722483 -0.039527
v -0.010188 0.710211 -0.036555
v -0.011301 0.707565 -0.051471
v -0.010853 0.704717 -0.070374
v -0.011620 0.711547 -0.079777
v 0.065611 0.704937 -0.074695
v 0.068203 0.723548 -0.081602
v 0.062916 0.725778 -0.071959
v 0.056157 0.711075 -0.061449
v 0.051474 0.700666 -0.049353
v 0.059668 0.701027 -0.061772
v 0.064227 0.685802 -0.066145
v 0.043472 0.691325 -0.039681
v 0.046265 0.680789 -0.039138
v 0.025488 0.701124 -0.024260
v 0.026028 0.691755 -0.023427
v 0.025584 0.679596 -0.017218
v 0.008405 0.691532 -0.022702
v 0.007464 0.680710 -0.015507
v 0.028669 0.673816 -0.019014
v 0.008244 0.674525 -0.017178
v 0.072125 0.727534 -0.098728
v 0.075537 0.726429 -0.091196
v 0.062342 0.701288 -0.081824
v 0.057800 0.676765 -0.073234
v 0.038972 0.672951 -0.041060
v 0.052931 0.710904 -0.061721
v 0.058801 0.742601 -0.064948
v 0.054912 0.742385 -0.065651
v 0.046238 0.700339 -0.050430
v 0.039905 0.699446 -0.041054
v 0.068203 0.723548 -0.081602
v 0.072904 0.734004 -0.090555
v 0.072125 0.727534 -0.098728
v 0.062342 0.701288 -0.081824
v 0.052931 0.710904 -0.061721
v 0.054912 0.742385 -0.065651
v 0.058801 0.742601 -0.064948
v 0.062916 0.725778 -0.071959
v 0.046238 0.700339 -0.050430
v 0.057800 0.676765 -0.073234
v 0.038972 0.672951 -0.041060
v 0.039905 0.699446 -0.041054
v 0.025733 0.669185 -0.032673
v 0.012046 0.669633 -0.030573
v 0.027359 0.690142 -0.025698
v 0.025733 0.669185 -0.032673
v 0.012046 0.669633 -0.030573
v 0.009054 0.689758 -0.024926
v 0.025488 0.701124 -0.024260
v 0.008278 0.700630 -0.024932
v 0.008278 0.700630 -0.024932
v 0.072904 0.734004 -0.090555
v 0.043539 0.709230 -0.050651
v 0.038101 0.708244 -0.042035
v 0.023179 0.711767 -0.024273
v 0.007411 0.711376 -0.024762
v -0.018198 0.698300 -0.096404
v -0.017379 0.705271 -0.080391
v -0.020309 0.719263 -0.093420
v -0.019815 0.716685 -0.104522
v -0.018834 0.694809 -0.082090
v -0.017511 0.695263 -0.067233
v -0.018318 0.679232 -0.087488
v -0.017511 0.695263 -0.067233
v -0.018834 0.694809 -0.082090
v -0.013719 0.686837 -0.054519
v -0.015055 0.675947 -0.055011
v -0.018318 0.679232 -0.087488
v -0.006658 0.689193 -0.031824
v -0.006943 0.698615 -0.032632
v -0.007272 0.677036 -0.025617
v -0.008391 0.670886 -0.028651
v -0.015814 0.720594 -0.121456
v -0.011445 0.695448 -0.100882
v -0.022250 0.718759 -0.116661
v -0.008149 0.671596 -0.090347
v -0.008149 0.671596 -0.090347
v -0.006514 0.669418 -0.052850
v -0.014364 0.705633 -0.079312
v -0.018878 0.736543 -0.084711
v -0.022645 0.736214 -0.086113
v -0.012473 0.695735 -0.065651
v -0.011219 0.695417 -0.054358
v -0.012473 0.695735 -0.065651
v -0.015814 0.720594 -0.121456
v -0.021441 0.726600 -0.114832
v -0.019815 0.716685 -0.104522
v -0.020309 0.719263 -0.093420
v -0.022645 0.736214 -0.086113
v -0.018878 0.736543 -0.084711
v -0.014364 0.705633 -0.079312
v -0.011445 0.695448 -0.100882
v -0.012473 0.695735 -0.065651
v -0.008149 0.671596 -0.090347
v -0.006514 0.669418 -0.052850
v -0.011219 0.695417 -0.054358
v 0.001391 0.667332 -0.038996
v -0.006504 0.687517 -0.034445
v 0.001391 0.667332 -0.038996
v -0.006943 0.698615 -0.032632
v -0.021441 0.726600 -0.114832
v -0.011124 0.704975 -0.064848
v -0.010584 0.704389 -0.054615
v -0.006638 0.709454 -0.032003
v 0.043539 0.709230 -0.050651
v 0.046238 0.700339 -0.050430
v 0.039905 0.699446 -0.041054
v 0.038101 0.708244 -0.042035
v 0.025488 0.701124 -0.024260
v 0.023179 0.711767 -0.024273
v 0.008278 0.700630 -0.024932
v 0.007411 0.711376 -0.024762
v -0.011124 0.704975 -0.064848
v -0.010584 0.704389 -0.054615
v -0.011219 0.695417 -0.054358
v -0.012473 0.695735 -0.065651
v -0.006943 0.698615 -0.032632
v -0.006638 0.709454 -0.032003
v 0.040438 0.805521 -0.049795
v 0.047222 0.823836 -0.068772
v 0.009151 0.830890 -0.069935
v 0.005429 0.809541 -0.050454
v 0.080109 0.818655 -0.104934
v 0.061397 0.847200 -0.114909
v 0.053630 0.839841 -0.089950
v 0.015221 0.849376 -0.096715
v 0.023062 0.855235 -0.126594
v 0.033616 0.849381 -0.163255
v 0.072963 0.840307 -0.153566
v 0.094557 0.815527 -0.143206
v 0.048091 0.826996 -0.210299
v 0.085786 0.822507 -0.192390
v 0.103521 0.798991 -0.176229
v 0.094608 0.791888 -0.212619
v 0.057201 0.791077 -0.233957
v 0.059742 0.742448 -0.230580
v 0.102570 0.750630 -0.205967
v 0.085885 0.787919 -0.097711
v 0.102582 0.776666 -0.129802
v 0.111130 0.765747 -0.162782
v 0.065186 0.793854 -0.061173
v -0.024315 0.801779 -0.067179
v -0.023084 0.819782 -0.087625
v -0.032049 0.812168 -0.135037
v -0.019871 0.835619 -0.109639
v -0.014696 0.842793 -0.135368
v -0.019871 0.835619 -0.109639
v -0.003853 0.835879 -0.174199
v -0.024410 0.808679 -0.175119
v 0.007315 0.817987 -0.213432
v -0.012997 0.792276 -0.207500
v 0.014194 0.787252 -0.234210
v 0.009599 0.745297 -0.230831
v -0.032860 0.768879 -0.166082
v -0.036334 0.780872 -0.130489
v -0.021803 0.758094 -0.198414
v -0.036334 0.780872 -0.130489
v -0.038161 0.787901 -0.088827
v -0.032049 0.812168 -0.135037
v 0.111693 0.709298 -0.199126
v 0.063330 0.700058 -0.226919
v 0.092852 0.751405 -0.076882
v 0.111706 0.738698 -0.113120
v 0.121358 0.726368 -0.150361
v 0.075852 0.750652 -0.057724
v 0.006708 0.703276 -0.227203
v -0.041237 0.729904 -0.154087
v -0.045160 0.743447 -0.113895
v -0.028751 0.717727 -0.190597
v -0.045160 0.743447 -0.113895
v -0.040850 0.743930 -0.088951
v 0.109755 0.603537 -0.161835
v 0.062551 0.586272 -0.186181
v 0.093485 0.653346 -0.053646
v 0.110182 0.640467 -0.082266
v 0.119189 0.628168 -0.116927
v 0.076642 0.680077 -0.043247
v 0.007285 0.593747 -0.187920
v -0.039097 0.631884 -0.122253
v -0.041339 0.644779 -0.089042
v -0.027325 0.619734 -0.156199
v -0.041339 0.644779 -0.089042
v -0.037263 0.673516 -0.073726
v 0.040438 0.805521 -0.049795
v 0.009151 0.830890 -0.069935
v 0.009151 0.830890 -0.069935
v 0.040438 0.805521 -0.049795
v 0.080109 0.818655 -0.104934
v 0.053630 0.839841 -0.089950
v 0.015221 0.849376 -0.096715
v 0.061397 0.847200 -0.114909
v 0.061397 0.847200 -0.114909
v 0.015221 0.849376 -0.096715
v 0.053630 0.839841 -0.089950
v 0.009151 0.830890 -0.069935
v 0.009151 0.830890 -0.069935
v 0.053630 0.839841 -0.089950
v 0.033616 0.849381 -0.163255
v 0.061397 0.847200 -0.114909
v 0.061397 0.847200 -0.114909
v 0.033616 0.849381 -0.163255
v 0.072963 0.840307 -0.153566
v 0.080109 0.818655 -0.104934
v 0.080109 0.818655 -0.104934
v 0.072963 0.840307 -0.153566
v 0.048091 0.826996 -0.210299
v 0.072963 0.840307 -0.153566
v 0.072963 0.840307 -0.153566
v 0.048091 0.826996 -0.210299
v 0.085786 0.822507 -0.192390
v 0.094557 0.815527 -0.143206
v 0.094557 0.815527 -0.143206
v 0.085786 0.822507 -0.192390
v 0.094608 0.791888 -0.212619
v 0.048091 0.826996 -0.210299
v 0.048091 0.826996 -0.210299
v 0.094608 0.791888 -0.212619
v 0.059742 0.742448 -0.230580
v 0.094608 0.791888 -0.212619
v 0.094608 0.791888 -0.212619
v 0.059742 0.742448 -0.230580
v 0.094557 0.815527 -0.143206
v 0.085885 0.787919 -0.097711
v 0.085885 0.787919 -0.097711
v 0.094557 0.815527 -0.143206
v 0.103521 0.798991 -0.176229
v 0.102582 0.776666 -0.129802
v 0.102582 0.776666 -0.129802
v 0.103521 0.798991 -0.176229
v 0.085885 0.787919 -0.097711
v 0.065186 0.793854 -0.061173
v 0.080109 0.818655 -0.104934
v 0.047222 0.823836 -0.068772
v 0.040438 0.805521 -0.049795
v 0.047222 0.823836 -0.068772
v 0.111130 0.765747 -0.162782
v 0.103521 0.798991 -0.176229
v 0.103521 0.798991 -0.176229
v 0.094608 0.791888 -0.212619
v 0.103521 0.798991 -0.176229
v 0.085786 0.822507 -0.192390
v 0.080109 0.818655 -0.104934
v 0.065186 0.793854 -0.061173
v -0.024315 0.801779 -0.067179
v 0.009151 0.830890 -0.069935
v 0.009151 0.830890 -0.069935
v -0.024315 0.801779 -0.067179
v -0.032049 0.812168 -0.135037
v -0.014696 0.842793 -0.135368
v 0.015221 0.849376 -0.096715
v -0.014696 0.842793 -0.135368
v -0.014696 0.842793 -0.135368
v 0.015221 0.849376 -0.096715
v -0.019871 0.835619 -0.109639
v 0.009151 0.830890 -0.069935
v 0.009151 0.830890 -0.069935
v -0.019871 0.835619 -0.109639
v 0.033616 0.849381 -0.163255
v -0.014696 0.842793 -0.135368
v -0.014696 0.842793 -0.135368
v 0.033616 0.849381 -0.163255
v -0.003853 0.835879 -0.174199
v -0.032049 0.812168 -0.135037
v -0.032049 0.812168 -0.135037
v -0.003853 0.835879 -0.174199
v 0.048091 0.826996 -0.210299
v -0.003853 0.835879 -0.174199
v -0.003853 0.835879 -0.174199
v 0.048091 0.826996 -0.210299
v 0.007315 0.817987 -0.213432
v -0.024410 0.808679 -0.175119
v -0.024410 0.808679 -0.175119
v 0.007315 0.817987 -0.213432
v 0.014194 0.787252 -0.234210
v 0.048091 0.826996 -0.210299
v 0.048091 0.826996 -0.210299
v 0.014194 0.787252 -0.234210
v 0.059742 0.742448 -0.230580
v 0.014194 0.787252 -0.234210
v 0.014194 0.787252 -0.234210
v 0.059742 0.742448 -0.230580
v -0.024410 0.808679 -0.175119
v -0.036334 0.780872 -0.130489
v -0.036334 0.780872 -0.130489
v -0.024410 0.808679 -0.175119
v -0.012997 0.792276 -0.207500
v -0.032860 0.768879 -0.166082
v -0.032860 0.768879 -0.166082
v -0.012997 0.792276 -0.207500
v -0.032049 0.812168 -0.135037
v -0.038161 0.787901 -0.088827
v -0.019871 0.835619 -0.109639
v -0.023084 0.819782 -0.087625
v -0.038161 0.787901 -0.088827
v -0.023084 0.819782 -0.087625
v -0.021803 0.758094 -0.198414
v 0.009599 0.745297 -0.230831
v -0.012997 0.792276 -0.207500
v 0.009599 0.745297 -0.230831
v -0.012997 0.792276 -0.207500
v 0.014194 0.787252 -0.234210
v -0.032049 0.812168 -0.135037
v -0.023084 0.819782 -0.087625
v 0.102570 0.750630 -0.205967
v 0.059742 0.742448 -0.230580
v 0.063330 0.700058 -0.226919
v 0.111693 0.709298 -0.199126
v 0.085885 0.787919 -0.097711
v 0.102582 0.776666 -0.129802
v 0.111706 0.738698 -0.113120
v 0.092852 0.751405 -0.076882
v 0.102582 0.776666 -0.129802
v 0.111130 0.765747 -0.162782
v 0.121358 0.726368 -0.150361
v 0.111706 0.738698 -0.113120
v 0.065186 0.793854 -0.061173
v 0.085885 0.787919 -0.097711
v 0.092852 0.751405 -0.076882
v 0.075852 0.750652 -0.057724
v 0.102570 0.750630 -0.205967
v 0.111693 0.709298 -0.199126
v 0.121358 0.726368 -0.150361
v 0.111130 0.765747 -0.162782
v 0.059742 0.742448 -0.230580
v 0.009599 0.745297 -0.230831
v 0.006708 0.703276 -0.227203
v 0.063330 0.700058 -0.226919
v -0.045160 0.743447 -0.113895
v -0.041237 0.729904 -0.154087
v -0.041237 0.729904 -0.154087
v -0.032860 0.768879 -0.166082
v -0.021803 0.758094 -0.198414
v -0.032860 0.768879 -0.166082
v -0.041237 0.729904 -0.154087
v -0.028751 0.717727 -0.190597
v -0.040850 0.743930 -0.088951
v -0.045160 0.743447 -0.113895
v -0.036334 0.780872 -0.130489
v -0.038161 0.787901 -0.088827
v 0.009599 0.745297 -0.230831
v -0.021803 0.758094 -0.198414
v -0.028751 0.717727 -0.190597
v 0.006708 0.703276 -0.227203
v 0.111693 0.709298 -0.199126
v 0.063330 0.700058 -0.226919
v 0.109755 0.603537 -0.161835
v 0.111693 0.709298 -0.199126
v 0.093485 0.653346 -0.053646
v 0.092852 0.751405 -0.076882
v 0.111706 0.738698 -0.113120
v 0.110182 0.640467 -0.082266
v 0.110182 0.640467 -0.082266
v 0.111706 0.738698 -0.113120
v 0.121358 0.726368 -0.150361
v 0.119189 0.628168 -0.116927
v 0.075852 0.750652 -0.057724
v 0.092852 0.751405 -0.076882
v 0.075852 0.750652 -0.057724
v 0.093485 0.653346 -0.053646
v 0.119189 0.628168 -0.116927
v 0.121358 0.726368 -0.150361
v 0.111693 0.709298 -0.199126
v 0.109755 0.603537 -0.161835
v 0.063330 0.700058 -0.226919
v 0.006708 0.703276 -0.227203
v 0.062551 0.586272 -0.186181
v 0.063330 0.700058 -0.226919
v -0.039097 0.631884 -0.122253
v -0.041237 0.729904 -0.154087
v -0.039097 0.631884 -0.122253
v -0.045160 0.743447 -0.113895
v -0.028751 0.717727 -0.190597
v -0.041237 0.729904 -0.154087
v -0.027325 0.619734 -0.156199
v -0.028751 0.717727 -0.190597
v -0.045160 0.743447 -0.113895
v -0.040850 0.743930 -0.088951
v -0.041339 0.644779 -0.089042
v -0.040850 0.743930 -0.088951
v 0.006708 0.703276 -0.227203
v -0.028751 0.717727 -0.190597
v 0.007285 0.593747 -0.187920
v 0.006708 0.703276 -0.227203
v 0.047222 0.823836 -0.068772
v 0.005429 0.809541 -0.050454
v 0.080109 0.818655 -0.104934
v 0.061397 0.847200 -0.114909
v 0.053630 0.839841 -0.089950
v 0.015221 0.849376 -0.096715
v 0.023062 0.855235 -0.126594
v 0.033616 0.849381 -0.163255
v 0.072963 0.840307 -0.153566
v 0.094557 0.815527 -0.143206
v 0.085786 0.822507 -0.192390
v 0.103521 0.798991 -0.176229
v 0.094608 0.791888 -0.212619
v 0.057201 0.791077 -0.233957
v 0.059742 0.742448 -0.230580
v 0.102570 0.750630 -0.205967
v 0.085885 0.787919 -0.097711
v 0.102582 0.776666 -0.129802
v 0.111130 0.765747 -0.162782
v 0.065186 0.793854 -0.061173
v -0.024315 0.801779 -0.067179
v -0.023084 0.819782 -0.087625
v -0.032049 0.812168 -0.135037
v -0.019871 0.835619 -0.109639
v -0.014696 0.842793 -0.135368
v -0.003853 0.835879 -0.174199
v -0.024410 0.808679 -0.175119
v 0.007315 0.817987 -0.213432
v -0.012997 0.792276 -0.207500
v 0.014194 0.787252 -0.234210
v 0.009599 0.745297 -0.230831
v -0.032860 0.768879 -0.166082
v -0.036334 0.780872 -0.130489
v -0.021803 0.758094 -0.198414
v -0.036334 0.780872 -0.130489
v -0.038161 0.787901 -0.088827
v -0.032049 0.812168 -0.135037
v 0.111693 0.709298 -0.199126
v 0.063330 0.700058 -0.226919
v 0.092852 0.751405 -0.076882
v 0.111706 0.738698 -0.113120
v 0.121358 0.726368 -0.150361
v 0.006708 0.703276 -0.227203
v -0.041237 0.729904 -0.154087
v -0.045160 0.743447 -0.113895
v -0.028751 0.717727 -0.190597
v -0.045160 0.743447 -0.113895
v 0.062551 0.586272 -0.186181
v 0.093485 0.653346 -0.053646
v 0.110182 0.640467 -0.082266
v 0.119189 0.628168 -0.116927
v 0.076642 0.680077 -0.043247
v 0.007285 0.593747 -0.187920
v -0.039097 0.631884 -0.122253
v -0.041339 0.644779 -0.089042
v -0.027325 0.619734 -0.156199
v -0.041339 0.644779 -0.089042
v -0.037263 0.673516 -0.073726
v 0.047222 0.823836 -0.068772
v 0.005429 0.809541 -0.050454
v 0.080109 0.818655 -0.104934
v 0.061397 0.847200 -0.114909
v 0.053630 0.839841 -0.089950
v 0.015221 0.849376 -0.096715
v 0.023062 0.855235 -0.126594
v 0.033616 0.849381 -0.163255
v 0.072963 0.840307 -0.153566
v 0.094557 0.815527 -0.143206
v 0.085786 0.822507 -0.192390
v 0.057201 0.791077 -0.233957
v 0.102570 0.750630 -0.205967
v 0.102582 0.776666 -0.129802
v 0.065186 0.793854 -0.061173
v -0.023084 0.819782 -0.087625
v -0.019871 0.835619 -0.109639
v -0.003853 0.835879 -0.174199
v -0.024410 0.808679 -0.175119
v 0.007315 0.817987 -0.213432
v -0.012997 0.792276 -0.207500
v 0.009599 0.745297 -0.230831
v -0.036334 0.780872 -0.130489
v -0.021803 0.758094 -0.198414
v -0.038161 0.787901 -0.088827
v 0.111706 0.738698 -0.113120
v 0.121358 0.726368 -0.150361
v 0.062551 0.586272 -0.186181
v 0.093485 0.653346 -0.053646
v 0.007285 0.593747 -0.187920
v -0.039097 0.631884 -0.122253
v -0.027325 0.619734 -0.156199
v 0.047222 0.823836 -0.068772
v 0.023062 0.855235 -0.126594
v 0.057201 0.791077 -0.233957
v 0.102570 0.750630 -0.205967
v 0.007315 0.817987 -0.213432
v 0.121358 0.726368 -0.150361
v 0.023062 0.855235 -0.126594
v 0.057201 0.791077 -0.233957
v 0.102570 0.750630 -0.205967
v 0.102570 0.750630 -0.205967
v 0.061839 0.733806 0.728705
v 0.054088 0.734763 0.744391
v 0.062857 0.602183 0.814236
v 0.074615 0.602400 0.798953
v 0.082478 0.485863 0.804819
v 0.093770 0.479612 0.791707
v 0.094846 0.249199 0.692817
v 0.097286 0.259705 0.680674
v 0.084479 0.035432 0.580229
v 0.086669 0.035906 0.575353
v 0.041317 0.729799 0.730098
v 0.045327 0.596597 0.802620
v 0.067679 0.474171 0.795741
v 0.083826 0.256443 0.683550
v 0.079195 0.033785 0.578084
v 0.049069 0.728842 0.714412
v 0.057085 0.596814 0.787337
v 0.079350 0.472316 0.787731
v 0.087782 0.266246 0.676722
v 0.081384 0.034259 0.573208
v 0.015255 0.852440 0.776993
v 0.027013 0.852657 0.761710
v -0.001953 0.953265 0.724645
v 0.006962 0.960177 0.709275
v -0.041149 1.126762 0.534776
v -0.035469 1.116365 0.526397
v -0.083278 1.283236 0.346971
v -0.081088 1.283710 0.342096
v -0.002275 0.846854 0.765377
v -0.019129 0.954737 0.713309
v -0.048930 1.113104 0.529274
v -0.088562 1.281589 0.344826
v 0.009483 0.847071 0.750093
v -0.008618 0.959302 0.704198
v -0.042211 1.105082 0.525656
v -0.086373 1.282063 0.339951
v 0.080850 0.037832 0.574581
v 0.081449 0.038027 0.575068
v -0.068489 0.514825 -0.218215
v -0.068062 0.515199 -0.216627
v 0.082300 0.038240 0.573952
v 0.081575 0.038036 0.574267
v -0.069686 0.515167 -0.217078
v -0.071310 0.515136 -0.217530
v 0.082048 0.038223 0.575554
v 0.082174 0.038231 0.574753
v -0.070112 0.514794 -0.218666
v -0.068915 0.514452 -0.219803
v 0.104055 -0.101592 0.609607
v -0.100668 1.421173 0.324950
v -0.085055 1.281165 0.343206
v -0.086253 1.280773 0.342232
v -0.085654 1.280969 0.342719
v -0.084803 1.281182 0.341603
v -0.085528 1.280978 0.341918
v -0.084929 1.281173 0.342405
v 0.092239 0.368898 0.756738
v 0.098751 0.371008 0.744168
v 0.079491 0.366708 0.747653
v 0.086977 0.370679 0.740341
v -0.020001 1.041858 0.641397
v -0.012839 1.040101 0.629507
v -0.032099 1.035801 0.632992
v -0.023656 1.034070 0.626682
v -0.084610 0.538031 -0.210695
v -0.001912 0.825239 0.798944
v 0.005607 0.826484 0.797767
v -0.077177 0.538250 -0.208650
v 0.013287 0.822145 0.841180
v 0.001302 0.809561 0.801501
v 0.008820 0.810806 0.800324
v 0.005768 0.820900 0.842356
v -0.001912 0.825239 0.798944
v 0.004011 0.829472 0.840958
v 0.011530 0.830717 0.839782
v 0.005607 0.826484 0.797767
v 0.004011 0.829472 0.840958
v 0.011530 0.830717 0.839782
v -0.077632 0.529662 -0.206513
v -0.085064 0.529443 -0.208557
v -0.084610 0.538031 -0.210695
v -0.077177 0.538250 -0.208650
v 0.012026 0.826732 0.863052
v 0.003181 0.815475 0.786386
v 0.002459 0.812265 0.786935
v 0.012139 0.830103 0.863000
v 0.000248 0.815336 0.786600
v 0.010714 0.829495 0.862970
v 0.004698 0.821207 0.822974
v -0.002138 0.810127 0.752561
v 0.008877 0.806012 0.824927
v 0.006360 0.823978 0.822823
v 0.002182 0.839172 0.820872
v 0.010827 0.832866 0.862918
v 0.000969 0.818547 0.786052
v -0.001315 0.806944 0.752727
v -0.002781 0.806874 0.752834
v -0.001259 0.808629 0.752701
v -0.001915 0.810011 0.752660
v -0.003437 0.808256 0.752793
v -0.003020 0.811547 0.752492
v 0.003181 0.815475 0.786386
v 0.003181 0.815475 0.786386
v 0.000248 0.815336 0.786600
v 0.010827 0.832866 0.862918
v 0.000969 0.818547 0.786052
vt 0.2950 0.4583
vt 0.2939 0.4512
vt 0.2890 0.4524
vt 0.2902 0.4587
vt 0.2997 0.4571
vt 0.2985 0.4501
vt 0.2917 0.4459
vt 0.2872 0.4475
vt 0.2963 0.4445
vt 0.2843 0.4394
vt 0.2829 0.4400
vt 0.2914 0.4376
vt 0.2887 0.4389
vt 0.2935 0.4368
vt 0.2806 0.4331
vt 0.2768 0.4351
vt 0.2764 0.4237
vt 0.2721 0.4251
vt 0.2742 0.4113
vt 0.2693 0.4129
vt 0.2767 0.4002
vt 0.2710 0.3996
vt 0.2723 0.3587
vt 0.2746 0.3711
vt 0.2817 0.3722
vt 0.2797 0.3580
vt 0.2736 0.3897
vt 0.2797 0.3898
vt 0.2733 0.3859
vt 0.2795 0.3880
vt 0.2914 0.3719
vt 0.2915 0.3586
vt 0.2910 0.3825
vt 0.2851 0.4533
vt 0.2863 0.4597
vt 0.2815 0.4480
vt 0.2746 0.4402
vt 0.2724 0.4358
vt 0.2682 0.4259
vt 0.2654 0.4130
vt 0.2660 0.3998
vt 0.2867 0.4015
vt 0.2896 0.3897
vt 0.2844 0.4112
vt 0.2849 0.4224
vt 0.2907 0.4319
vt 0.2684 0.3741
vt 0.2676 0.3865
vt 0.2662 0.3587
vt 0.2640 0.4302
vt 0.2645 0.4440
vt 0.2689 0.4437
vt 0.2696 0.4344
vt 0.2639 0.4606
vt 0.2695 0.4528
vt 0.2950 0.4583
vt 0.2902 0.4587
vt 0.2890 0.4524
vt 0.2890 0.4524
vt 0.2939 0.4512
vt 0.2950 0.4583
vt 0.2939 0.4512
vt 0.2890 0.4524
vt 0.2872 0.4475
vt 0.2872 0.4475
vt 0.2917 0.4459
vt 0.2872 0.4475
vt 0.2829 0.4400
vt 0.2843 0.4394
vt 0.2887 0.4389
vt 0.2914 0.4376
vt 0.2843 0.4394
vt 0.2843 0.4394
vt 0.2829 0.4400
vt 0.2768 0.4351
vt 0.2768 0.4351
vt 0.2806 0.4331
vt 0.2806 0.4331
vt 0.2768 0.4351
vt 0.2721 0.4251
vt 0.2721 0.4251
vt 0.2764 0.4237
vt 0.2764 0.4237
vt 0.2721 0.4251
vt 0.2693 0.4129
vt 0.2693 0.4129
vt 0.2742 0.4113
vt 0.2742 0.4113
vt 0.2693 0.4129
vt 0.2710 0.3996
vt 0.2710 0.3996
vt 0.2767 0.4002
vt 0.2797 0.3580
vt 0.2817 0.3722
vt 0.2817 0.3722
vt 0.2746 0.3711
vt 0.2723 0.3587
vt 0.2736 0.3897
vt 0.2797 0.3898
vt 0.2767 0.4002
vt 0.2710 0.3996
vt 0.2736 0.3897
vt 0.2795 0.3880
vt 0.2733 0.3859
vt 0.2746 0.3711
vt 0.2746 0.3711
vt 0.2795 0.3880
vt 0.2890 0.4524
vt 0.2902 0.4587
vt 0.2863 0.4597
vt 0.2863 0.4597
vt 0.2851 0.4533
vt 0.2890 0.4524
vt 0.2872 0.4475
vt 0.2890 0.4524
vt 0.2851 0.4533
vt 0.2851 0.4533
vt 0.2815 0.4480
vt 0.2872 0.4475
vt 0.2829 0.4400
vt 0.2872 0.4475
vt 0.2815 0.4480
vt 0.2815 0.4480
vt 0.2746 0.4402
vt 0.2829 0.4400
vt 0.2768 0.4351
vt 0.2829 0.4400
vt 0.2746 0.4402
vt 0.2746 0.4402
vt 0.2724 0.4358
vt 0.2768 0.4351
vt 0.2721 0.4251
vt 0.2768 0.4351
vt 0.2724 0.4358
vt 0.2724 0.4358
vt 0.2682 0.4259
vt 0.2721 0.4251
vt 0.2693 0.4129
vt 0.2721 0.4251
vt 0.2682 0.4259
vt 0.2682 0.4259
vt 0.2654 0.4130
vt 0.2693 0.4129
vt 0.2710 0.3996
vt 0.2693 0.4129
vt 0.2654 0.4130
vt 0.2654 0.4130
vt 0.2660 0.3998
vt 0.2710 0.3996
vt 0.2733 0.3859
vt 0.2676 0.3865
vt 0.2684 0.3741
vt 0.2684 0.3741
vt 0.2746 0.3711
vt 0.2733 0.3859
vt 0.2736 0.3897
vt 0.2710 0.3996
vt 0.2660 0.3998
vt 0.2660 0.3998
vt 0.2676 0.3865
vt 0.2736 0.3897
vt 0.2723 0.3587
vt 0.2746 0.3711
vt 0.2684 0.3741
vt 0.2684 0.3741
vt 0.2662 0.3587
vt 0.2723 0.3587
vt 0.2736 0.3897
vt 0.2733 0.3859
vt 0.2795 0.3880
vt 0.2733 0.3859
vt 0.2736 0.3897
vt 0.2676 0.3865
vt 0.2640 0.4302
vt 0.2696 0.4344
vt 0.2689 0.4437
vt 0.2645 0.4440
vt 0.2695 0.4528
vt 0.2639 0.4606
vt 0.2645 0.4440
vt 0.2689 0.4437
vt 0.2696 0.4344
vt 0.2645 0.4440
vt 0.2639 0.4606
vt 0.2695 0.4528
vt 0.2695 0.4528
vt 0.2689 0.4437
vt 0.2645 0.4440
vt 0.2696 0.4344
vt 0.2689 0.4437
vt 0.2645 0.4440
vt 0.2645 0.4440
vt 0.2689 0.4437
vt 0.2695 0.4528
vt 0.2695 0.4528
vt 0.2639 0.4606
vt 0.2645 0.4440
vt 0.2713 0.3346
vt 0.2700 0.3444
vt 0.2771 0.3430
vt 0.2836 0.3450
vt 0.2905 0.3428
vt 0.2896 0.3381
vt 0.2831 0.3392
vt 0.2916 0.3514
vt 0.2811 0.3511
vt 0.2789 0.3490
vt 0.2710 0.3517
vt 0.2799 0.3428
vt 0.2894 0.3302
vt 0.2787 0.3536
vt 0.2771 0.3430
vt 0.2836 0.3450
vt 0.2831 0.3392
vt 0.2811 0.3511
vt 0.2789 0.3490
vt 0.2799 0.3428
vt 0.2787 0.3536
vt 0.3273 0.4359
vt 0.3308 0.4409
vt 0.3365 0.4388
vt 0.3344 0.4304
vt 0.3252 0.4202
vt 0.3351 0.4190
vt 0.3327 0.4045
vt 0.3209 0.4066
vt 0.3241 0.3920
vt 0.3166 0.3984
vt 0.3200 0.4223
vt 0.3148 0.4098
vt 0.3093 0.4012
vt 0.3147 0.4267
vt 0.3081 0.4169
vt 0.3022 0.4075
vt 0.3104 0.4355
vt 0.3012 0.4274
vt 0.2953 0.4172
vt 0.3084 0.4422
vt 0.2980 0.4337
vt 0.2920 0.4239
vt 0.3213 0.4390
vt 0.3250 0.4320
vt 0.3198 0.4454
vt 0.2913 0.4089
vt 0.2876 0.4148
vt 0.2971 0.4004
vt 0.3045 0.3951
vt 0.3134 0.3926
vt 0.3413 0.4194
vt 0.3413 0.4049
vt 0.3413 0.4291
vt 0.3413 0.4371
vt 0.3273 0.4359
vt 0.3344 0.4304
vt 0.3365 0.4388
vt 0.3308 0.4409
vt 0.3252 0.4202
vt 0.3209 0.4066
vt 0.3327 0.4045
vt 0.3351 0.4190
vt 0.3166 0.3984
vt 0.3241 0.3920
vt 0.3200 0.4223
vt 0.3148 0.4098
vt 0.3093 0.4012
vt 0.3147 0.4267
vt 0.3081 0.4169
vt 0.3022 0.4075
vt 0.3104 0.4355
vt 0.3012 0.4274
vt 0.2953 0.4172
vt 0.3084 0.4422
vt 0.2980 0.4337
vt 0.2920 0.4239
vt 0.3213 0.4390
vt 0.3250 0.4320
vt 0.3198 0.4454
vt 0.2876 0.4148
vt 0.2913 0.4089
vt 0.2971 0.4004
vt 0.3045 0.3951
vt 0.3134 0.3926
vt 0.3336 0.3950
vt 0.3374 0.3994
vt 0.3413 0.3976
vt 0.3336 0.3950
vt 0.3374 0.3994
vt 0.3321 0.3763
vt 0.3364 0.3791
vt 0.3347 0.3840
vt 0.3275 0.3825
vt 0.3186 0.3749
vt 0.3178 0.3833
vt 0.3054 0.3816
vt 0.3069 0.3716
vt 0.2945 0.3747
vt 0.2998 0.3682
vt 0.3202 0.3705
vt 0.3095 0.3664
vt 0.3020 0.3619
vt 0.3239 0.3660
vt 0.3154 0.3606
vt 0.3073 0.3558
vt 0.3313 0.3621
vt 0.3242 0.3546
vt 0.3153 0.3499
vt 0.3370 0.3603
vt 0.3295 0.3517
vt 0.3211 0.3469
vt 0.3345 0.3712
vt 0.3286 0.3744
vt 0.3399 0.3698
vt 0.3082 0.3467
vt 0.3132 0.3434
vt 0.3011 0.3517
vt 0.2967 0.3581
vt 0.2948 0.3656
vt 0.3182 0.3884
vt 0.3059 0.3888
vt 0.3265 0.3882
vt 0.3333 0.3881
vt 0.2973 0.3825
vt 0.2997 0.3889
vt 0.3012 0.3856
vt 0.3321 0.3763
vt 0.3275 0.3825
vt 0.3347 0.3840
vt 0.3364 0.3791
vt 0.3186 0.3749
vt 0.3069 0.3716
vt 0.3054 0.3816
vt 0.3178 0.3833
vt 0.2998 0.3682
vt 0.2945 0.3747
vt 0.3202 0.3705
vt 0.3095 0.3664
vt 0.3020 0.3619
vt 0.3239 0.3660
vt 0.3154 0.3606
vt 0.3073 0.3558
vt 0.3313 0.3621
vt 0.3242 0.3546
vt 0.3153 0.3499
vt 0.3370 0.3603
vt 0.3295 0.3517
vt 0.3211 0.3469
vt 0.3345 0.3712
vt 0.3286 0.3744
vt 0.3399 0.3698
vt 0.3132 0.3434
vt 0.3082 0.3467
vt 0.3011 0.3517
vt 0.2967 0.3581
vt 0.2948 0.3656
vt 0.2973 0.3825
vt 0.3012 0.3856
vt 0.3321 0.3408
vt 0.3319 0.3445
vt 0.3293 0.3460
vt 0.3289 0.3393
vt 0.3313 0.3359
vt 0.3331 0.3202
vt 0.3341 0.3216
vt 0.3301 0.3239
vt 0.3297 0.3223
vt 0.3327 0.3410
vt 0.3328 0.3447
vt 0.3322 0.3331
vt 0.3355 0.3318
vt 0.3352 0.3377
vt 0.3330 0.3259
vt 0.3258 0.3178
vt 0.3241 0.3180
vt 0.3227 0.3122
vt 0.3246 0.3128
vt 0.3266 0.3211
vt 0.3262 0.3230
vt 0.3244 0.3036
vt 0.3264 0.3041
vt 0.3313 0.2975
vt 0.3313 0.2994
vt 0.3298 0.3471
vt 0.3290 0.3471
vt 0.3265 0.3452
vt 0.3271 0.3447
vt 0.3385 0.3119
vt 0.3381 0.3158
vt 0.3364 0.3165
vt 0.3317 0.3161
vt 0.3312 0.3120
vt 0.3313 0.3044
vt 0.3364 0.3050
vt 0.3353 0.3001
vt 0.3359 0.2987
vt 0.3406 0.3134
vt 0.3412 0.3174
vt 0.3390 0.3179
vt 0.3314 0.3331
vt 0.3318 0.3360
vt 0.3256 0.3428
vt 0.3263 0.3424
vt 0.3420 0.3480
vt 0.3401 0.3455
vt 0.3410 0.3431
vt 0.3353 0.3421
vt 0.3360 0.3463
vt 0.3394 0.3354
vt 0.3424 0.3347
vt 0.3420 0.3389
vt 0.3265 0.3394
vt 0.3375 0.3333
vt 0.3374 0.3433
vt 0.3377 0.3407
vt 0.3316 0.3168
vt 0.3320 0.3263
vt 0.3375 0.3040
vt 0.3399 0.3111
vt 0.3396 0.3204
vt 0.3380 0.3373
vt 0.3285 0.3350
vt 0.2751 0.2988
vt 0.2704 0.3040
vt 0.2708 0.2946
vt 0.2760 0.3045
vt 0.2734 0.3114
vt 0.2709 0.3116
vt 0.2751 0.3083
vt 0.2684 0.3100
vt 0.2644 0.3048
vt 0.2650 0.3034
vt 0.2669 0.2988
vt 0.2678 0.2954
vt 0.3267 0.3367
vt 0.2647 0.3093
vt 0.2637 0.3074
vt 0.3381 0.3196
vt 0.3396 0.3204
vt 0.3321 0.3408
vt 0.3289 0.3393
vt 0.3293 0.3460
vt 0.3319 0.3445
vt 0.3313 0.3359
vt 0.3331 0.3202
vt 0.3297 0.3223
vt 0.3301 0.3239
vt 0.3341 0.3216
vt 0.3327 0.3410
vt 0.3328 0.3447
vt 0.3322 0.3331
vt 0.3352 0.3377
vt 0.3355 0.3318
vt 0.3330 0.3259
vt 0.3258 0.3178
vt 0.3246 0.3128
vt 0.3227 0.3122
vt 0.3241 0.3180
vt 0.3266 0.3211
vt 0.3262 0.3230
vt 0.3244 0.3036
vt 0.3264 0.3041
vt 0.3313 0.2975
vt 0.3313 0.2994
vt 0.3298 0.3471
vt 0.3290 0.3471
vt 0.3271 0.3447
vt 0.3265 0.3452
vt 0.3385 0.3119
vt 0.3364 0.3165
vt 0.3381 0.3158
vt 0.3317 0.3161
vt 0.3312 0.3120
vt 0.3313 0.3044
vt 0.3364 0.3050
vt 0.3353 0.3001
vt 0.3359 0.2987
vt 0.3406 0.3134
vt 0.3390 0.3179
vt 0.3412 0.3174
vt 0.3318 0.3360
vt 0.3314 0.3331
vt 0.3263 0.3424
vt 0.3256 0.3428
vt 0.3420 0.3480
vt 0.3410 0.3431
vt 0.3401 0.3455
vt 0.3353 0.3421
vt 0.3360 0.3463
vt 0.3394 0.3354
vt 0.3420 0.3389
vt 0.3424 0.3347
vt 0.3265 0.3394
vt 0.3375 0.3333
vt 0.3374 0.3433
vt 0.3377 0.3407
vt 0.3316 0.3168
vt 0.3320 0.3263
vt 0.3375 0.3040
vt 0.3399 0.3111
vt 0.3396 0.3204
vt 0.3380 0.3373
vt 0.3285 0.3350
vt 0.2751 0.2988
vt 0.2708 0.2946
vt 0.2704 0.3040
vt 0.2760 0.3045
vt 0.2734 0.3114
vt 0.2751 0.3083
vt 0.2709 0.3116
vt 0.2684 0.3100
vt 0.2650 0.3034
vt 0.2644 0.3048
vt 0.2669 0.2988
vt 0.2678 0.2954
vt 0.3267 0.3367
vt 0.2647 0.3093
vt 0.2637 0.3074
vt 0.3381 0.3196
vt 0.3396 0.3204
vt 0.3211 0.4534
vt 0.3299 0.4553
vt 0.3297 0.4564
vt 0.3205 0.4552
vt 0.3295 0.4575
vt 0.3200 0.4568
vt 0.3115 0.4562
vt 0.3065 0.4561
vt 0.3074 0.4531
vt 0.3135 0.4516
vt 0.3122 0.4542
vt 0.3085 0.4501
vt 0.3290 0.4583
vt 0.3202 0.4580
vt 0.3115 0.4577
vt 0.3067 0.4578
vt 0.3211 0.4521
vt 0.3293 0.4545
vt 0.3088 0.4481
vt 0.3130 0.4499
vt 0.3321 0.4586
vt 0.3328 0.4565
vt 0.3334 0.4582
vt 0.3346 0.4570
vt 0.3338 0.4592
vt 0.3328 0.4550
vt 0.3320 0.4532
vt 0.3316 0.4598
vt 0.3051 0.4551
vt 0.3044 0.4531
vt 0.3211 0.4534
vt 0.3205 0.4552
vt 0.3297 0.4564
vt 0.3299 0.4553
vt 0.3200 0.4568
vt 0.3295 0.4575
vt 0.3115 0.4562
vt 0.3074 0.4531
vt 0.3065 0.4561
vt 0.3135 0.4516
vt 0.3085 0.4501
vt 0.3122 0.4542
vt 0.3202 0.4580
vt 0.3290 0.4583
vt 0.3067 0.4578
vt 0.3115 0.4577
vt 0.3293 0.4545
vt 0.3211 0.4521
vt 0.3130 0.4499
vt 0.3088 0.4481
vt 0.3321 0.4586
vt 0.3334 0.4582
vt 0.3328 0.4565
vt 0.3346 0.4570
vt 0.3338 0.4592
vt 0.3328 0.4550
vt 0.3320 0.4532
vt 0.3316 0.4598
vt 0.3051 0.4551
vt 0.3044 0.4531
vt 0.2717 0.3145
vt 0.2754 0.3161
vt 0.2750 0.3175
vt 0.2719 0.3165
vt 0.2781 0.3200
vt 0.2786 0.3186
vt 0.2918 0.3245
vt 0.2841 0.3238
vt 0.2846 0.3222
vt 0.2911 0.3226
vt 0.2974 0.3183
vt 0.2987 0.3191
vt 0.2869 0.2840
vt 0.2842 0.2817
vt 0.2808 0.2868
vt 0.2977 0.3142
vt 0.2966 0.3143
vt 0.2796 0.3127
vt 0.2816 0.3123
vt 0.2905 0.3173
vt 0.2930 0.3100
vt 0.2741 0.2709
vt 0.2768 0.2735
vt 0.2794 0.2700
vt 0.2942 0.3027
vt 0.2941 0.3099
vt 0.2919 0.3046
vt 0.2879 0.2867
vt 0.2918 0.2821
vt 0.2736 0.2851
vt 0.2685 0.2904
vt 0.2749 0.2942
vt 0.2785 0.2918
vt 0.2663 0.2780
vt 0.2663 0.2839
vt 0.2682 0.2749
vt 0.2847 0.3088
vt 0.2791 0.3066
vt 0.2726 0.2766
vt 0.2704 0.2730
vt 0.2778 0.2790
vt 0.2830 0.2782
vt 0.2893 0.2752
vt 0.2946 0.2826
vt 0.2934 0.2876
vt 0.2989 0.2889
vt 0.2989 0.2852
vt 0.2956 0.2976
vt 0.2940 0.2979
vt 0.2974 0.2928
vt 0.2991 0.2932
vt 0.2953 0.2796
vt 0.2983 0.2803
vt 0.2961 0.2741
vt 0.2942 0.2761
vt 0.2928 0.2737
vt 0.2919 0.2780
vt 0.2873 0.2731
vt 0.2997 0.2840
vt 0.2996 0.2798
vt 0.2966 0.2730
vt 0.2918 0.2718
vt 0.2850 0.2954
vt 0.2807 0.2981
vt 0.2802 0.2941
vt 0.2835 0.2923
vt 0.2818 0.2901
vt 0.2890 0.2897
vt 0.2873 0.2923
vt 0.2929 0.2908
vt 0.2902 0.2945
vt 0.2891 0.2972
vt 0.2846 0.3035
vt 0.2678 0.3150
vt 0.2717 0.3145
vt 0.2719 0.3165
vt 0.2750 0.3175
vt 0.2754 0.3161
vt 0.2781 0.3200
vt 0.2918 0.3245
vt 0.2911 0.3226
vt 0.2846 0.3222
vt 0.2841 0.3238
vt 0.2974 0.3183
vt 0.2987 0.3191
vt 0.2869 0.2840
vt 0.2808 0.2868
vt 0.2842 0.2817
vt 0.2977 0.3142
vt 0.2966 0.3143
vt 0.2796 0.3127
vt 0.2786 0.3186
vt 0.2816 0.3123
vt 0.2905 0.3173
vt 0.2930 0.3100
vt 0.2741 0.2709
vt 0.2794 0.2700
vt 0.2768 0.2735
vt 0.2942 0.3027
vt 0.2941 0.3099
vt 0.2919 0.3046
vt 0.2918 0.2821
vt 0.2879 0.2867
vt 0.2736 0.2851
vt 0.2785 0.2918
vt 0.2749 0.2942
vt 0.2685 0.2904
vt 0.2663 0.2780
vt 0.2682 0.2749
vt 0.2663 0.2839
vt 0.2847 0.3088
vt 0.2791 0.3066
vt 0.2704 0.2730
vt 0.2726 0.2766
vt 0.2778 0.2790
vt 0.2830 0.2782
vt 0.2893 0.2752
vt 0.2946 0.2826
vt 0.2934 0.2876
vt 0.2956 0.2976
vt 0.2940 0.2979
vt 0.2953 0.2796
vt 0.2983 0.2803
vt 0.2942 0.2761
vt 0.2961 0.2741
vt 0.2928 0.2737
vt 0.2919 0.2780
vt 0.2873 0.2731
vt 0.2996 0.2798
vt 0.2966 0.2730
vt 0.2918 0.2718
vt 0.2850 0.2954
vt 0.2835 0.2923
vt 0.2802 0.2941
vt 0.2807 0.2981
vt 0.2818 0.2901
vt 0.2873 0.2923
vt 0.2890 0.2897
vt 0.2902 0.2945
vt 0.2846 0.3035
vt 0.2891 0.2972
vt 0.2678 0.3150
vt 0.4819 0.8502
vt 0.4819 0.8445
vt 0.4849 0.8446
vt 0.4849 0.8504
vt 0.4819 0.8567
vt 0.4849 0.8557
vt 0.4819 0.8159
vt 0.4819 0.8097
vt 0.4849 0.8121
vt 0.4849 0.8167
vt 0.4819 0.8218
vt 0.4849 0.8221
vt 0.4819 0.8276
vt 0.4849 0.8278
vt 0.4819 0.8333
vt 0.4849 0.8335
vt 0.4819 0.8389
vt 0.4849 0.8391
vt 0.4947 0.8470
vt 0.4947 0.8537
vt 0.4920 0.8538
vt 0.4920 0.8469
vt 0.4947 0.8398
vt 0.4920 0.8399
vt 0.4947 0.8327
vt 0.4920 0.8328
vt 0.4947 0.8256
vt 0.4920 0.8257
vt 0.4947 0.8185
vt 0.4920 0.8185
vt 0.4947 0.8113
vt 0.4920 0.8115
vt 0.4947 0.8036
vt 0.4920 0.8050
vt 0.4947 0.8614
vt 0.4920 0.8606
vt 0.4973 0.8469
vt 0.4973 0.8534
vt 0.4973 0.8398
vt 0.4973 0.8327
vt 0.4973 0.8256
vt 0.4973 0.8185
vt 0.4973 0.8114
vt 0.4973 0.8045
vt 0.4973 0.8603
vt 0.4879 0.8453
vt 0.4879 0.8511
vt 0.4879 0.8571
vt 0.4879 0.8110
vt 0.4879 0.8168
vt 0.4879 0.8223
vt 0.4879 0.8280
vt 0.4879 0.8336
vt 0.4879 0.8394
vt 0.4891 0.4140
vt 0.4869 0.4141
vt 0.4873 0.4184
vt 0.4912 0.4161
vt 0.4914 0.4180
vt 0.4953 0.4183
vt 0.4945 0.4146
vt 0.4838 0.4180
vt 0.4829 0.4136
vt 0.4794 0.4145
vt 0.4810 0.4187
vt 0.4827 0.4339
vt 0.4853 0.4300
vt 0.4882 0.4332
vt 0.4915 0.4124
vt 0.4898 0.4129
vt 0.4938 0.4129
vt 0.4876 0.4110
vt 0.4982 0.4132
vt 0.4958 0.4096
vt 0.4918 0.4093
vt 0.4837 0.4113
vt 0.4803 0.4112
vt 0.4918 0.4350
vt 0.4944 0.4337
vt 0.4873 0.4502
vt 0.4889 0.4502
vt 0.4884 0.4478
vt 0.4842 0.4479
vt 0.4800 0.4516
vt 0.4838 0.4522
vt 0.4922 0.4482
vt 0.4927 0.4517
vt 0.4960 0.4517
vt 0.4952 0.4477
vt 0.4858 0.4565
vt 0.4872 0.4525
vt 0.4808 0.4550
vt 0.4888 0.4524
vt 0.4955 0.4536
vt 0.4981 0.4544
vt 0.4985 0.4513
vt 0.4919 0.4556
vt 0.4957 0.4584
vt 0.4812 0.4477
vt 0.4807 0.4068
vt 0.4825 0.4069
vt 0.4832 0.4014
vt 0.4793 0.4042
vt 0.4800 0.3995
vt 0.4766 0.3992
vt 0.4773 0.4031
vt 0.4717 0.4030
vt 0.4723 0.4055
vt 0.4758 0.4032
vt 0.4708 0.3996
vt 0.4684 0.4043
vt 0.4732 0.3987
vt 0.4738 0.3959
vt 0.4770 0.3955
vt 0.4778 0.3885
vt 0.4756 0.3870
vt 0.4732 0.3870
vt 0.4716 0.3955
vt 0.4827 0.3751
vt 0.4808 0.3746
vt 0.4804 0.3870
vt 0.4827 0.3879
vt 0.4788 0.3758
vt 0.4767 0.3746
vt 0.4752 0.3747
vt 0.4787 0.4056
vt 0.4800 0.4078
vt 0.4772 0.4041
vt 0.4820 0.4074
vt 0.4758 0.4039
vt 0.4836 0.3623
vt 0.4810 0.3627
vt 0.4828 0.3653
vt 0.4767 0.3654
vt 0.4791 0.3626
vt 0.4769 0.3624
vt 0.4755 0.3650
vt 0.4750 0.3621
vt 0.4792 0.3614
vt 0.4809 0.3613
vt 0.4826 0.3613
vt 0.4773 0.3609
vt 0.4763 0.4089
vt 0.4753 0.3605
vt 0.4801 0.3959
vt 0.4830 0.3970
vt 0.4694 0.4054
vt 0.4953 0.3526
vt 0.4936 0.3528
vt 0.4939 0.3582
vt 0.4983 0.3536
vt 0.4963 0.3605
vt 0.4856 0.3618
vt 0.4885 0.3617
vt 0.4841 0.3542
vt 0.4816 0.3558
vt 0.4905 0.3543
vt 0.4906 0.3520
vt 0.4869 0.3534
vt 0.4913 0.3597
vt 0.4908 0.3744
vt 0.4932 0.3760
vt 0.4958 0.3774
vt 0.4977 0.3985
vt 0.5015 0.4029
vt 0.5004 0.3935
vt 0.4973 0.3935
vt 0.4887 0.3769
vt 0.4896 0.3948
vt 0.4920 0.3940
vt 0.4956 0.3981
vt 0.4951 0.3936
vt 0.4926 0.4030
vt 0.4978 0.3518
vt 0.4953 0.3518
vt 0.4837 0.3529
vt 0.4806 0.3548
vt 0.4928 0.3519
vt 0.4869 0.3523
vt 0.4980 0.4029
vt 0.4956 0.4024
vt 0.4929 0.4039
vt 0.5006 0.4048
vt 0.4980 0.4043
vt 0.4950 0.4042
vt 0.4928 0.4051
vt 0.4950 0.4067
vt 0.4901 0.4043
vt 0.5028 0.3985
vt 0.5045 0.3962
vt 0.5024 0.3963
vt 0.5056 0.4009
vt 0.5030 0.4021
vt 0.5062 0.3975
vt 0.4981 0.3760
vt 0.4567 0.4252
vt 0.4518 0.4227
vt 0.4572 0.4200
vt 0.4523 0.4269
vt 0.4563 0.4278
vt 0.4441 0.4264
vt 0.4440 0.4281
vt 0.4396 0.4285
vt 0.4389 0.4261
vt 0.4435 0.4307
vt 0.4392 0.4314
vt 0.4369 0.4289
vt 0.4397 0.4215
vt 0.4398 0.4236
vt 0.4373 0.4234
vt 0.4452 0.4247
vt 0.4437 0.4227
vt 0.4536 0.4297
vt 0.4532 0.4319
vt 0.4582 0.4339
vt 0.4522 0.4191
vt 0.4451 0.4333
vt 0.4401 0.4338
vt 0.4392 0.4314
vt 0.4449 0.4355
vt 0.4399 0.4367
vt 0.4375 0.4343
vt 0.4404 0.4169
vt 0.4403 0.4193
vt 0.4380 0.4188
vt 0.4397 0.4215
vt 0.4458 0.4205
vt 0.4454 0.4179
vt 0.4540 0.4345
vt 0.4531 0.4155
vt 0.4587 0.4145
vt 0.4462 0.4378
vt 0.4413 0.4390
vt 0.4399 0.4367
vt 0.4465 0.4400
vt 0.4414 0.4416
vt 0.4387 0.4398
vt 0.4417 0.4122
vt 0.4413 0.4147
vt 0.4391 0.4139
vt 0.4404 0.4169
vt 0.4468 0.4158
vt 0.4469 0.4131
vt 0.4539 0.4374
vt 0.4573 0.4394
vt 0.4559 0.4115
vt 0.4596 0.4120
vt 0.4536 0.4127
vt 0.4469 0.4425
vt 0.4426 0.4434
vt 0.4414 0.4416
vt 0.4456 0.4442
vt 0.4431 0.4457
vt 0.4406 0.4443
vt 0.4426 0.4085
vt 0.4425 0.4105
vt 0.4406 0.4099
vt 0.4417 0.4122
vt 0.4472 0.4111
vt 0.4454 0.4093
vt 0.4543 0.4405
vt 0.4558 0.4417
vt 0.4596 0.4412
vt 0.4600 0.4277
vt 0.4611 0.4255
vt 0.4610 0.4334
vt 0.4621 0.4282
vt 0.4645 0.4330
vt 0.4635 0.4384
vt 0.4602 0.4384
vt 0.4630 0.4154
vt 0.4615 0.4203
vt 0.4645 0.4208
vt 0.4355 0.4425
vt 0.4370 0.4413
vt 0.4377 0.4432
vt 0.4355 0.4444
vt 0.4371 0.4456
vt 0.4392 0.4450
vt 0.4234 0.4520
vt 0.4281 0.4497
vt 0.4284 0.4512
vt 0.4239 0.4529
vt 0.4290 0.4524
vt 0.4242 0.4541
vt 0.4229 0.4534
vt 0.4392 0.4472
vt 0.4415 0.4467
vt 0.4221 0.4498
vt 0.4229 0.4506
vt 0.4219 0.4513
vt 0.4277 0.4483
vt 0.4330 0.4454
vt 0.4334 0.4473
vt 0.4311 0.4441
vt 0.4266 0.4471
vt 0.4371 0.4479
vt 0.4333 0.4494
vt 0.4341 0.4511
vt 0.4383 0.4495
vt 0.4404 0.4495
vt 0.4398 0.4423
vt 0.4355 0.4425
vt 0.4370 0.4413
vt 0.4377 0.4432
vt 0.4355 0.4444
vt 0.4371 0.4456
vt 0.4392 0.4450
vt 0.4234 0.4520
vt 0.4281 0.4497
vt 0.4284 0.4512
vt 0.4239 0.4529
vt 0.4290 0.4524
vt 0.4242 0.4541
vt 0.4229 0.4534
vt 0.4392 0.4472
vt 0.4415 0.4467
vt 0.4221 0.4498
vt 0.4229 0.4506
vt 0.4219 0.4513
vt 0.4277 0.4483
vt 0.4330 0.4454
vt 0.4334 0.4473
vt 0.4311 0.4441
vt 0.4266 0.4471
vt 0.4371 0.4479
vt 0.4333 0.4494
vt 0.4341 0.4511
vt 0.4383 0.4495
vt 0.4404 0.4495
vt 0.4398 0.4423
vt 0.4355 0.4425
vt 0.4370 0.4413
vt 0.4377 0.4432
vt 0.4355 0.4444
vt 0.4371 0.4456
vt 0.4392 0.4450
vt 0.4234 0.4520
vt 0.4281 0.4497
vt 0.4284 0.4512
vt 0.4239 0.4529
vt 0.4290 0.4524
vt 0.4242 0.4541
vt 0.4229 0.4534
vt 0.4392 0.4472
vt 0.4415 0.4467
vt 0.4221 0.4498
vt 0.4229 0.4506
vt 0.4219 0.4513
vt 0.4277 0.4483
vt 0.4330 0.4454
vt 0.4334 0.4473
vt 0.4311 0.4441
vt 0.4266 0.4471
vt 0.4371 0.4479
vt 0.4333 0.4494
vt 0.4341 0.4511
vt 0.4383 0.4495
vt 0.4404 0.4495
vt 0.4398 0.4423
vt 0.4355 0.4425
vt 0.4370 0.4413
vt 0.4377 0.4432
vt 0.4355 0.4444
vt 0.4371 0.4456
vt 0.4392 0.4450
vt 0.4281 0.4497
vt 0.4284 0.4512
vt 0.4239 0.4529
vt 0.4234 0.4520
vt 0.4290 0.4524
vt 0.4242 0.4541
vt 0.4229 0.4534
vt 0.4392 0.4472
vt 0.4415 0.4467
vt 0.4221 0.4498
vt 0.4229 0.4506
vt 0.4219 0.4513
vt 0.4277 0.4483
vt 0.4330 0.4454
vt 0.4334 0.4473
vt 0.4311 0.4441
vt 0.4266 0.4471
vt 0.4371 0.4479
vt 0.4333 0.4494
vt 0.4341 0.4511
vt 0.4383 0.4495
vt 0.4404 0.4495
vt 0.4398 0.4423
vt 0.4552 0.4537
vt 0.4569 0.4536
vt 0.4568 0.4552
vt 0.4539 0.4551
vt 0.4553 0.4564
vt 0.4570 0.4565
vt 0.4503 0.4567
vt 0.4513 0.4581
vt 0.4490 0.4595
vt 0.4481 0.4574
vt 0.4501 0.4535
vt 0.4481 0.4534
vt 0.4488 0.4512
vt 0.4511 0.4523
vt 0.4455 0.4579
vt 0.4456 0.4550
vt 0.4467 0.4563
vt 0.4479 0.4551
vt 0.4516 0.4552
vt 0.4542 0.4577
vt 0.4541 0.4523
vt 0.4565 0.4586
vt 0.4564 0.4516
vt 0.4587 0.4588
vt 0.4586 0.4571
vt 0.4409 0.4589
vt 0.4425 0.4593
vt 0.4423 0.4577
vt 0.4404 0.4575
vt 0.4411 0.4562
vt 0.4428 0.4559
vt 0.4363 0.4563
vt 0.4357 0.4547
vt 0.4322 0.4556
vt 0.4322 0.4563
vt 0.4357 0.4532
vt 0.4319 0.4548
vt 0.4314 0.4556
vt 0.4420 0.4542
vt 0.4440 0.4539
vt 0.4320 0.4580
vt 0.4323 0.4573
vt 0.4315 0.4571
vt 0.4387 0.4563
vt 0.4381 0.4546
vt 0.4404 0.4544
vt 0.4405 0.4527
vt 0.4381 0.4530
vt 0.4366 0.4576
vt 0.4385 0.4575
vt 0.4361 0.4590
vt 0.4385 0.4589
vt 0.4422 0.4523
vt 0.4440 0.4576
vt 0.4891 0.4140
vt 0.4873 0.4184
vt 0.4869 0.4141
vt 0.4912 0.4161
vt 0.4914 0.4180
vt 0.4945 0.4146
vt 0.4953 0.4183
vt 0.4838 0.4180
vt 0.4794 0.4145
vt 0.4829 0.4136
vt 0.4810 0.4187
vt 0.4853 0.4300
vt 0.4827 0.4339
vt 0.4882 0.4332
vt 0.4898 0.4129
vt 0.4915 0.4124
vt 0.4938 0.4129
vt 0.4876 0.4110
vt 0.4982 0.4132
vt 0.4958 0.4096
vt 0.4918 0.4093
vt 0.4837 0.4113
vt 0.4803 0.4112
vt 0.4918 0.4350
vt 0.4944 0.4337
vt 0.4873 0.4502
vt 0.4884 0.4478
vt 0.4889 0.4502
vt 0.4842 0.4479
vt 0.4800 0.4516
vt 0.4838 0.4522
vt 0.4922 0.4482
vt 0.4960 0.4517
vt 0.4927 0.4517
vt 0.4952 0.4477
vt 0.4858 0.4565
vt 0.4872 0.4525
vt 0.4808 0.4550
vt 0.4888 0.4524
vt 0.4981 0.4544
vt 0.4955 0.4536
vt 0.4985 0.4513
vt 0.4919 0.4556
vt 0.4957 0.4584
vt 0.4812 0.4477
vt 0.4807 0.4068
vt 0.4832 0.4014
vt 0.4825 0.4069
vt 0.4793 0.4042
vt 0.4800 0.3995
vt 0.4773 0.4031
vt 0.4766 0.3992
vt 0.4717 0.4030
vt 0.4758 0.4032
vt 0.4723 0.4055
vt 0.4708 0.3996
vt 0.4684 0.4043
vt 0.4732 0.3987
vt 0.4738 0.3959
vt 0.4778 0.3885
vt 0.4770 0.3955
vt 0.4756 0.3870
vt 0.4732 0.3870
vt 0.4716 0.3955
vt 0.4827 0.3751
vt 0.4804 0.3870
vt 0.4808 0.3746
vt 0.4827 0.3879
vt 0.4788 0.3758
vt 0.4767 0.3746
vt 0.4752 0.3747
vt 0.4800 0.4078
vt 0.4787 0.4056
vt 0.4772 0.4041
vt 0.4820 0.4074
vt 0.4758 0.4039
vt 0.4836 0.3623
vt 0.4828 0.3653
vt 0.4810 0.3627
vt 0.4767 0.3654
vt 0.4769 0.3624
vt 0.4791 0.3626
vt 0.4755 0.3650
vt 0.4750 0.3621
vt 0.4792 0.3614
vt 0.4809 0.3613
vt 0.4826 0.3613
vt 0.4773 0.3609
vt 0.4763 0.4089
vt 0.4753 0.3605
vt 0.4801 0.3959
vt 0.4830 0.3970
vt 0.4694 0.4054
vt 0.4953 0.3526
vt 0.4939 0.3582
vt 0.4936 0.3528
vt 0.4983 0.3536
vt 0.4963 0.3605
vt 0.4856 0.3618
vt 0.4841 0.3542
vt 0.4885 0.3617
vt 0.4816 0.3558
vt 0.4905 0.3543
vt 0.4869 0.3534
vt 0.4906 0.3520
vt 0.4913 0.3597
vt 0.4932 0.3760
vt 0.4908 0.3744
vt 0.4958 0.3774
vt 0.4977 0.3985
vt 0.5004 0.3935
vt 0.5015 0.4029
vt 0.4973 0.3935
vt 0.4887 0.3769
vt 0.4920 0.3940
vt 0.4896 0.3948
vt 0.4956 0.3981
vt 0.4951 0.3936
vt 0.4926 0.4030
vt 0.4953 0.3518
vt 0.4978 0.3518
vt 0.4837 0.3529
vt 0.4806 0.3548
vt 0.4928 0.3519
vt 0.4869 0.3523
vt 0.4980 0.4029
vt 0.4956 0.4024
vt 0.4929 0.4039
vt 0.5006 0.4048
vt 0.4980 0.4043
vt 0.4950 0.4042
vt 0.4928 0.4051
vt 0.4950 0.4067
vt 0.4901 0.4043
vt 0.5028 0.3985
vt 0.5024 0.3963
vt 0.5045 0.3962
vt 0.5056 0.4009
vt 0.5030 0.4021
vt 0.5062 0.3975
vt 0.4981 0.3760
vt 0.4567 0.4252
vt 0.4572 0.4200
vt 0.4518 0.4227
vt 0.4523 0.4269
vt 0.4563 0.4278
vt 0.4441 0.4264
vt 0.4396 0.4285
vt 0.4440 0.4281
vt 0.4389 0.4261
vt 0.4435 0.4307
vt 0.4392 0.4314
vt 0.4369 0.4289
vt 0.4397 0.4215
vt 0.4373 0.4234
vt 0.4398 0.4236
vt 0.4452 0.4247
vt 0.4437 0.4227
vt 0.4536 0.4297
vt 0.4532 0.4319
vt 0.4582 0.4339
vt 0.4522 0.4191
vt 0.4401 0.4338
vt 0.4451 0.4333
vt 0.4392 0.4314
vt 0.4449 0.4355
vt 0.4399 0.4367
vt 0.4375 0.4343
vt 0.4404 0.4169
vt 0.4380 0.4188
vt 0.4403 0.4193
vt 0.4397 0.4215
vt 0.4458 0.4205
vt 0.4454 0.4179
vt 0.4540 0.4345
vt 0.4587 0.4145
vt 0.4531 0.4155
vt 0.4413 0.4390
vt 0.4462 0.4378
vt 0.4399 0.4367
vt 0.4465 0.4400
vt 0.4414 0.4416
vt 0.4387 0.4398
vt 0.4417 0.4122
vt 0.4391 0.4139
vt 0.4413 0.4147
vt 0.4404 0.4169
vt 0.4468 0.4158
vt 0.4469 0.4131
vt 0.4539 0.4374
vt 0.4573 0.4394
vt 0.4559 0.4115
vt 0.4596 0.4120
vt 0.4536 0.4127
vt 0.4426 0.4434
vt 0.4469 0.4425
vt 0.4414 0.4416
vt 0.4456 0.4442
vt 0.4431 0.4457
vt 0.4406 0.4443
vt 0.4426 0.4085
vt 0.4406 0.4099
vt 0.4425 0.4105
vt 0.4417 0.4122
vt 0.4472 0.4111
vt 0.4454 0.4093
vt 0.4543 0.4405
vt 0.4558 0.4417
vt 0.4596 0.4412
vt 0.4600 0.4277
vt 0.4611 0.4255
vt 0.4610 0.4334
vt 0.4621 0.4282
vt 0.4645 0.4330
vt 0.4635 0.4384
vt 0.4602 0.4384
vt 0.4615 0.4203
vt 0.4630 0.4154
vt 0.4645 0.4208
vt 0.4355 0.4425
vt 0.4377 0.4432
vt 0.4370 0.4413
vt 0.4355 0.4444
vt 0.4371 0.4456
vt 0.4392 0.4450
vt 0.4234 0.4520
vt 0.4284 0.4512
vt 0.4281 0.4497
vt 0.4239 0.4529
vt 0.4290 0.4524
vt 0.4242 0.4541
vt 0.4229 0.4534
vt 0.4392 0.4472
vt 0.4415 0.4467
vt 0.4221 0.4498
vt 0.4219 0.4513
vt 0.4229 0.4506
vt 0.4277 0.4483
vt 0.4334 0.4473
vt 0.4330 0.4454
vt 0.4311 0.4441
vt 0.4266 0.4471
vt 0.4371 0.4479
vt 0.4333 0.4494
vt 0.4341 0.4511
vt 0.4383 0.4495
vt 0.4404 0.4495
vt 0.4398 0.4423
vt 0.4355 0.4425
vt 0.4377 0.4432
vt 0.4370 0.4413
vt 0.4355 0.4444
vt 0.4371 0.4456
vt 0.4392 0.4450
vt 0.4234 0.4520
vt 0.4284 0.4512
vt 0.4281 0.4497
vt 0.4239 0.4529
vt 0.4290 0.4524
vt 0.4242 0.4541
vt 0.4229 0.4534
vt 0.4392 0.4472
vt 0.4415 0.4467
vt 0.4221 0.4498
vt 0.4219 0.4513
vt 0.4229 0.4506
vt 0.4277 0.4483
vt 0.4334 0.4473
vt 0.4330 0.4454
vt 0.4311 0.4441
vt 0.4266 0.4471
vt 0.4371 0.4479
vt 0.4333 0.4494
vt 0.4341 0.4511
vt 0.4383 0.4495
vt 0.4404 0.4495
vt 0.4398 0.4423
vt 0.4355 0.4425
vt 0.4377 0.4432
vt 0.4370 0.4413
vt 0.4355 0.4444
vt 0.4371 0.4456
vt 0.4392 0.4450
vt 0.4234 0.4520
vt 0.4284 0.4512
vt 0.4281 0.4497
vt 0.4239 0.4529
vt 0.4290 0.4524
vt 0.4242 0.4541
vt 0.4229 0.4534
vt 0.4392 0.4472
vt 0.4415 0.4467
vt 0.4221 0.4498
vt 0.4219 0.4513
vt 0.4229 0.4506
vt 0.4277 0.4483
vt 0.4334 0.4473
vt 0.4330 0.4454
vt 0.4311 0.4441
vt 0.4266 0.4471
vt 0.4371 0.4479
vt 0.4333 0.4494
vt 0.4341 0.4511
vt 0.4383 0.4495
vt 0.4404 0.4495
vt 0.4398 0.4423
vt 0.4355 0.4425
vt 0.4377 0.4432
vt 0.4370 0.4413
vt 0.4355 0.4444
vt 0.4371 0.4456
vt 0.4392 0.4450
vt 0.4281 0.4497
vt 0.4239 0.4529
vt 0.4284 0.4512
vt 0.4234 0.4520
vt 0.4290 0.4524
vt 0.4242 0.4541
vt 0.4229 0.4534
vt 0.4392 0.4472
vt 0.4415 0.4467
vt 0.4221 0.4498
vt 0.4219 0.4513
vt 0.4229 0.4506
vt 0.4277 0.4483
vt 0.4334 0.4473
vt 0.4330 0.4454
vt 0.4311 0.4441
vt 0.4266 0.4471
vt 0.4371 0.4479
vt 0.4333 0.4494
vt 0.4341 0.4511
vt 0.4383 0.4495
vt 0.4404 0.4495
vt 0.4398 0.4423
vt 0.4552 0.4537
vt 0.4568 0.4552
vt 0.4569 0.4536
vt 0.4539 0.4551
vt 0.4553 0.4564
vt 0.4570 0.4565
vt 0.4503 0.4567
vt 0.4490 0.4595
vt 0.4513 0.4581
vt 0.4481 0.4574
vt 0.4501 0.4535
vt 0.4488 0.4512
vt 0.4481 0.4534
vt 0.4511 0.4523
vt 0.4455 0.4579
vt 0.4467 0.4563
vt 0.4456 0.4550
vt 0.4479 0.4551
vt 0.4516 0.4552
vt 0.4542 0.4577
vt 0.4541 0.4523
vt 0.4565 0.4586
vt 0.4564 0.4516
vt 0.4587 0.4588
vt 0.4586 0.4571
vt 0.4409 0.4589
vt 0.4423 0.4577
vt 0.4425 0.4593
vt 0.4404 0.4575
vt 0.4411 0.4562
vt 0.4428 0.4559
vt 0.4363 0.4563
vt 0.4322 0.4556
vt 0.4357 0.4547
vt 0.4322 0.4563
vt 0.4357 0.4532
vt 0.4319 0.4548
vt 0.4314 0.4556
vt 0.4420 0.4542
vt 0.4440 0.4539
vt 0.4320 0.4580
vt 0.4315 0.4571
vt 0.4323 0.4573
vt 0.4381 0.4546
vt 0.4387 0.4563
vt 0.4404 0.4544
vt 0.4381 0.4530
vt 0.4405 0.4527
vt 0.4366 0.4576
vt 0.4385 0.4575
vt 0.4385 0.4589
vt 0.4361 0.4590
vt 0.4422 0.4523
vt 0.4440 0.4576
vt 0.3056 0.2891
vt 0.3052 0.2947
vt 0.3026 0.2920
vt 0.3095 0.2911
vt 0.3104 0.2949
vt 0.3132 0.2897
vt 0.3155 0.2950
vt 0.3204 0.2943
vt 0.3173 0.2908
vt 0.3213 0.2919
vt 0.3266 0.2947
vt 0.3241 0.2968
vt 0.3154 0.3135
vt 0.3120 0.3146
vt 0.3190 0.3150
vt 0.3038 0.3260
vt 0.3052 0.3143
vt 0.3078 0.3166
vt 0.3079 0.3316
vt 0.3121 0.3310
vt 0.3164 0.3252
vt 0.3202 0.3252
vt 0.3054 0.2870
vt 0.3093 0.2867
vt 0.3132 0.2868
vt 0.3014 0.2883
vt 0.3189 0.2876
vt 0.3021 0.3318
vt 0.3163 0.3306
vt 0.3219 0.3306
vt 0.3182 0.3327
vt 0.3121 0.3347
vt 0.3064 0.3345
vt 0.3247 0.3329
vt 0.3216 0.3342
vt 0.3169 0.3359
vt 0.3198 0.3365
vt 0.3205 0.3396
vt 0.3178 0.3402
vt 0.3229 0.3426
vt 0.3084 0.3367
vt 0.3232 0.3375
vt 0.3061 0.2832
vt 0.3131 0.2817
vt 0.3202 0.3441
vt 0.3277 0.2909
vt 0.2739 0.3266
vt 0.2699 0.3279
vt 0.2724 0.3310
vt 0.2780 0.3284
vt 0.2752 0.3236
vt 0.2696 0.3250
vt 0.2810 0.3353
vt 0.2830 0.3308
vt 0.2759 0.3302
vt 0.2783 0.3355
vt 0.2745 0.3341
vt 0.4735 0.2496
vt 0.4788 0.2484
vt 0.4790 0.2423
vt 0.4744 0.2432
vt 0.4826 0.2509
vt 0.4813 0.2545
vt 0.4873 0.2513
vt 0.4892 0.2555
vt 0.4896 0.2574
vt 0.4938 0.2492
vt 0.5001 0.2263
vt 0.4986 0.2190
vt 0.4976 0.2198
vt 0.4977 0.2261
vt 0.4945 0.2180
vt 0.4849 0.2155
vt 0.4808 0.2183
vt 0.4817 0.2191
vt 0.4852 0.2164
vt 0.4770 0.2246
vt 0.4778 0.2251
vt 0.4854 0.2452
vt 0.4906 0.2356
vt 0.4836 0.2347
vt 0.4759 0.2342
vt 0.4829 0.2255
vt 0.4914 0.2252
vt 0.4949 0.2299
vt 0.4965 0.2379
vt 0.4995 0.2400
vt 0.4670 0.2284
vt 0.4701 0.2265
vt 0.4705 0.2216
vt 0.4694 0.2194
vt 0.4642 0.2163
vt 0.4612 0.2291
vt 0.4743 0.2315
vt 0.4973 0.2326
vt 0.4728 0.2515
vt 0.4807 0.2572
vt 0.4910 0.2170
vt 0.4915 0.2156
vt 0.4901 0.2440
vt 0.4403 0.2193
vt 0.4420 0.2270
vt 0.4470 0.2259
vt 0.4460 0.2197
vt 0.4533 0.2168
vt 0.4556 0.2287
vt 0.4587 0.2165
vt 0.4374 0.2235
vt 0.4700 0.2166
vt 0.4735 0.2496
vt 0.4744 0.2432
vt 0.4790 0.2423
vt 0.4788 0.2484
vt 0.4826 0.2509
vt 0.4813 0.2545
vt 0.4873 0.2513
vt 0.4892 0.2555
vt 0.4896 0.2574
vt 0.4938 0.2492
vt 0.5001 0.2263
vt 0.4977 0.2261
vt 0.4976 0.2198
vt 0.4986 0.2190
vt 0.4945 0.2180
vt 0.4849 0.2155
vt 0.4852 0.2164
vt 0.4817 0.2191
vt 0.4808 0.2183
vt 0.4778 0.2251
vt 0.4770 0.2246
vt 0.4854 0.2452
vt 0.4906 0.2356
vt 0.4836 0.2347
vt 0.4759 0.2342
vt 0.4829 0.2255
vt 0.4914 0.2252
vt 0.4949 0.2299
vt 0.4965 0.2379
vt 0.4995 0.2400
vt 0.4670 0.2284
vt 0.4612 0.2291
vt 0.4642 0.2163
vt 0.4694 0.2194
vt 0.4705 0.2216
vt 0.4701 0.2265
vt 0.4743 0.2315
vt 0.4973 0.2326
vt 0.4728 0.2515
vt 0.4807 0.2572
vt 0.4915 0.2156
vt 0.4910 0.2170
vt 0.4901 0.2440
vt 0.4403 0.2193
vt 0.4460 0.2197
vt 0.4470 0.2259
vt 0.4420 0.2270
vt 0.4533 0.2168
vt 0.4587 0.2165
vt 0.4556 0.2287
vt 0.4374 0.2235
vt 0.4700 0.2166
vt 0.3386 0.2821
vt 0.3360 0.2766
vt 0.3405 0.2801
vt 0.3328 0.2832
vt 0.3304 0.2747
vt 0.3292 0.2842
vt 0.3267 0.2772
vt 0.3210 0.2820
vt 0.3251 0.2846
vt 0.3201 0.2846
vt 0.3182 0.2764
vt 0.3227 0.2758
vt 0.3151 0.2811
vt 0.4718 0.2987
vt 0.4718 0.2889
vt 0.4756 0.2887
vt 0.4756 0.2987
vt 0.4682 0.2889
vt 0.4681 0.2991
vt 0.4793 0.2888
vt 0.4816 0.2633
vt 0.4859 0.2688
vt 0.4829 0.2889
vt 0.4768 0.2663
vt 0.4770 0.2633
vt 0.4717 0.2689
vt 0.4681 0.2685
vt 0.3385 0.2838
vt 0.3341 0.2853
vt 0.3296 0.2866
vt 0.3421 0.2823
vt 0.3246 0.2864
vt 0.4878 0.2628
vt 0.4718 0.2639
vt 0.4673 0.2625
vt 0.4771 0.2605
vt 0.4812 0.2613
vt 0.4848 0.2604
vt 0.4722 0.2606
vt 0.4811 0.2591
vt 0.3393 0.2875
vt 0.3318 0.2906
vt 0.4683 0.2588
vt 0.3362 0.2908
vt 0.4840 0.2992
vt 0.4798 0.2991
vt 0.3263 0.2697
vt 0.3305 0.2700
vt 0.3159 0.2836
vt 0.4655 0.2363
vt 0.4658 0.2382
vt 0.4674 0.2379
vt 0.4642 0.2372
vt 0.4639 0.2392
vt 0.4625 0.2374
vt 0.4600 0.2375
vt 0.4619 0.2394
vt 0.4632 0.2650
vt 0.4648 0.2650
vt 0.4617 0.2651
vt 0.4602 0.2652
vt 0.3096 0.2764
vt 0.3084 0.2698
vt 0.3067 0.2701
vt 0.3084 0.2787
vt 0.4616 0.2735
vt 0.4630 0.2736
vt 0.3048 0.2772
vt 0.3070 0.2779
vt 0.3054 0.2700
vt 0.3036 0.2704
vt 0.4631 0.2349
vt 0.4607 0.2348
vt 0.3092 0.2797
vt 0.3067 0.2801
vt 0.3050 0.2801
vt 0.3225 0.2696
vt 0.3188 0.2701
vt 0.3348 0.2701
vt 0.4646 0.2732
vt 0.4599 0.2738
vt 0.3056 0.2891
vt 0.3026 0.2920
vt 0.3052 0.2947
vt 0.3095 0.2911
vt 0.3104 0.2949
vt 0.3132 0.2897
vt 0.3155 0.2950
vt 0.3204 0.2943
vt 0.3213 0.2919
vt 0.3173 0.2908
vt 0.3266 0.2947
vt 0.3241 0.2968
vt 0.3154 0.3135
vt 0.3120 0.3146
vt 0.3190 0.3150
vt 0.3038 0.3260
vt 0.3079 0.3316
vt 0.3078 0.3166
vt 0.3052 0.3143
vt 0.3121 0.3310
vt 0.3164 0.3252
vt 0.3202 0.3252
vt 0.3054 0.2870
vt 0.3093 0.2867
vt 0.3132 0.2868
vt 0.3014 0.2883
vt 0.3189 0.2876
vt 0.3021 0.3318
vt 0.3163 0.3306
vt 0.3219 0.3306
vt 0.3182 0.3327
vt 0.3121 0.3347
vt 0.3064 0.3345
vt 0.3216 0.3342
vt 0.3247 0.3329
vt 0.3169 0.3359
vt 0.3198 0.3365
vt 0.3178 0.3402
vt 0.3205 0.3396
vt 0.3229 0.3426
vt 0.3084 0.3367
vt 0.3232 0.3375
vt 0.3061 0.2832
vt 0.3131 0.2817
vt 0.3202 0.3441
vt 0.3277 0.2909
vt 0.2739 0.3266
vt 0.2724 0.3310
vt 0.2699 0.3279
vt 0.2752 0.3236
vt 0.2780 0.3284
vt 0.2696 0.3250
vt 0.2830 0.3308
vt 0.2810 0.3353
vt 0.2759 0.3302
vt 0.2783 0.3355
vt 0.2745 0.3341
vt 0.3386 0.2821
vt 0.3405 0.2801
vt 0.3360 0.2766
vt 0.3328 0.2832
vt 0.3304 0.2747
vt 0.3267 0.2772
vt 0.3292 0.2842
vt 0.3210 0.2820
vt 0.3201 0.2846
vt 0.3251 0.2846
vt 0.3182 0.2764
vt 0.3151 0.2811
vt 0.3227 0.2758
vt 0.4718 0.2987
vt 0.4756 0.2987
vt 0.4756 0.2887
vt 0.4718 0.2889
vt 0.4682 0.2889
vt 0.4681 0.2991
vt 0.4793 0.2888
vt 0.4829 0.2889
vt 0.4859 0.2688
vt 0.4816 0.2633
vt 0.4770 0.2633
vt 0.4768 0.2663
vt 0.4717 0.2689
vt 0.4681 0.2685
vt 0.3341 0.2853
vt 0.3385 0.2838
vt 0.3296 0.2866
vt 0.3421 0.2823
vt 0.3246 0.2864
vt 0.4878 0.2628
vt 0.4718 0.2639
vt 0.4673 0.2625
vt 0.4771 0.2605
vt 0.4812 0.2613
vt 0.4848 0.2604
vt 0.4722 0.2606
vt 0.4811 0.2591
vt 0.3393 0.2875
vt 0.3318 0.2906
vt 0.4683 0.2588
vt 0.3362 0.2908
vt 0.4798 0.2991
vt 0.4840 0.2992
vt 0.3305 0.2700
vt 0.3263 0.2697
vt 0.3159 0.2836
vt 0.4655 0.2363
vt 0.4674 0.2379
vt 0.4658 0.2382
vt 0.4639 0.2392
vt 0.4642 0.2372
vt 0.4625 0.2374
vt 0.4619 0.2394
vt 0.4600 0.2375
vt 0.4648 0.2650
vt 0.4632 0.2650
vt 0.4617 0.2651
vt 0.4602 0.2652
vt 0.3096 0.2764
vt 0.3084 0.2787
vt 0.3067 0.2701
vt 0.3084 0.2698
vt 0.4630 0.2736
vt 0.4616 0.2735
vt 0.3048 0.2772
vt 0.3036 0.2704
vt 0.3054 0.2700
vt 0.3070 0.2779
vt 0.4631 0.2349
vt 0.4607 0.2348
vt 0.3092 0.2797
vt 0.3067 0.2801
vt 0.3050 0.2801
vt 0.3225 0.2696
vt 0.3188 0.2701
vt 0.3348 0.2701
vt 0.4646 0.2732
vt 0.4599 0.2738
vt 0.8110 0.6477
vt 0.8210 0.6500
vt 0.8261 0.6696
vt 0.8164 0.6696
vt 0.8340 0.6520
vt 0.8360 0.6696
vt 0.7674 0.6531
vt 0.7749 0.6776
vt 0.7540 0.6865
vt 0.7540 0.6506
vt 0.7990 0.6521
vt 0.7950 0.6759
vt 0.7886 0.6715
vt 0.7875 0.6494
vt 0.8246 0.6980
vt 0.8170 0.6980
vt 0.8383 0.6980
vt 0.7770 0.6998
vt 0.7540 0.6998
vt 0.7928 0.7043
vt 0.7877 0.6998
vt 0.8267 0.7268
vt 0.8150 0.7268
vt 0.8370 0.7268
vt 0.7750 0.7286
vt 0.7540 0.7286
vt 0.7928 0.7330
vt 0.7855 0.7286
vt 0.8301 0.7577
vt 0.8215 0.7575
vt 0.8385 0.7562
vt 0.7724 0.7481
vt 0.7540 0.7449
vt 0.7869 0.7621
vt 0.7822 0.7540
vt 0.8073 0.6683
vt 0.8034 0.6445
vt 0.8095 0.6967
vt 0.8095 0.7254
vt 0.8155 0.7545
vt 0.8490 0.6532
vt 0.8490 0.6715
vt 0.8490 0.6969
vt 0.8490 0.7268
vt 0.8490 0.7539
vt 0.8870 0.6477
vt 0.8816 0.6696
vt 0.8719 0.6696
vt 0.8770 0.6500
vt 0.8640 0.6520
vt 0.8620 0.6696
vt 0.7371 0.6497
vt 0.7331 0.6776
vt 0.7089 0.6510
vt 0.7205 0.6479
vt 0.7194 0.6715
vt 0.7128 0.6748
vt 0.8810 0.6980
vt 0.8734 0.6980
vt 0.8597 0.6980
vt 0.7310 0.6998
vt 0.7204 0.6998
vt 0.7150 0.7032
vt 0.8830 0.7268
vt 0.8713 0.7268
vt 0.8610 0.7268
vt 0.7330 0.7286
vt 0.7225 0.7286
vt 0.7151 0.7319
vt 0.8765 0.7575
vt 0.8679 0.7577
vt 0.8595 0.7562
vt 0.7356 0.7481
vt 0.7258 0.7540
vt 0.7210 0.7610
vt 0.8965 0.6442
vt 0.8926 0.6680
vt 0.8904 0.6964
vt 0.8904 0.7251
vt 0.8844 0.7542
vt 0.4819 0.8502
vt 0.4819 0.8445
vt 0.4849 0.8446
vt 0.4849 0.8504
vt 0.4819 0.8567
vt 0.4849 0.8557
vt 0.4819 0.8159
vt 0.4819 0.8097
vt 0.4849 0.8121
vt 0.4849 0.8167
vt 0.4819 0.8218
vt 0.4849 0.8221
vt 0.4819 0.8276
vt 0.4849 0.8278
vt 0.4819 0.8333
vt 0.4849 0.8335
vt 0.4819 0.8389
vt 0.4849 0.8391
vt 0.4947 0.8470
vt 0.4947 0.8537
vt 0.4920 0.8538
vt 0.4920 0.8469
vt 0.4947 0.8398
vt 0.4920 0.8399
vt 0.4947 0.8327
vt 0.4920 0.8328
vt 0.4947 0.8256
vt 0.4920 0.8257
vt 0.4947 0.8185
vt 0.4920 0.8185
vt 0.4947 0.8113
vt 0.4920 0.8115
vt 0.4947 0.8036
vt 0.4920 0.8050
vt 0.4947 0.8614
vt 0.4920 0.8606
vt 0.4973 0.8469
vt 0.4973 0.8534
vt 0.4973 0.8398
vt 0.4973 0.8327
vt 0.4973 0.8256
vt 0.4973 0.8185
vt 0.4973 0.8114
vt 0.4973 0.8045
vt 0.4973 0.8603
vt 0.4879 0.8453
vt 0.4879 0.8511
vt 0.4879 0.8571
vt 0.4879 0.8110
vt 0.4879 0.8168
vt 0.4879 0.8223
vt 0.4879 0.8280
vt 0.4879 0.8336
vt 0.4879 0.8394
vt 0.4819 0.8502
vt 0.4819 0.8445
vt 0.4849 0.8446
vt 0.4849 0.8504
vt 0.4819 0.8567
vt 0.4849 0.8557
vt 0.4819 0.8159
vt 0.4819 0.8097
vt 0.4849 0.8121
vt 0.4849 0.8167
vt 0.4819 0.8218
vt 0.4849 0.8221
vt 0.4819 0.8276
vt 0.4849 0.8278
vt 0.4819 0.8333
vt 0.4849 0.8335
vt 0.4819 0.8389
vt 0.4849 0.8391
vt 0.4947 0.8470
vt 0.4947 0.8537
vt 0.4920 0.8538
vt 0.4920 0.8469
vt 0.4947 0.8398
vt 0.4920 0.8399
vt 0.4947 0.8327
vt 0.4920 0.8328
vt 0.4947 0.8256
vt 0.4920 0.8257
vt 0.4947 0.8185
vt 0.4920 0.8185
vt 0.4947 0.8113
vt 0.4920 0.8115
vt 0.4947 0.8036
vt 0.4920 0.8050
vt 0.4947 0.8614
vt 0.4920 0.8606
vt 0.4973 0.8469
vt 0.4973 0.8534
vt 0.4973 0.8398
vt 0.4973 0.8327
vt 0.4973 0.8256
vt 0.4973 0.8185
vt 0.4973 0.8114
vt 0.4973 0.8045
vt 0.4973 0.8603
vt 0.4879 0.8453
vt 0.4879 0.8511
vt 0.4879 0.8571
vt 0.4879 0.8110
vt 0.4879 0.8168
vt 0.4879 0.8223
vt 0.4879 0.8280
vt 0.4879 0.8336
vt 0.4879 0.8394
vt 0.4819 0.8502
vt 0.4819 0.8445
vt 0.4849 0.8446
vt 0.4849 0.8504
vt 0.4819 0.8567
vt 0.4849 0.8557
vt 0.4819 0.8159
vt 0.4819 0.8097
vt 0.4849 0.8121
vt 0.4849 0.8167
vt 0.4819 0.8218
vt 0.4849 0.8221
vt 0.4819 0.8276
vt 0.4849 0.8278
vt 0.4819 0.8333
vt 0.4849 0.8335
vt 0.4819 0.8389
vt 0.4849 0.8391
vt 0.4947 0.8470
vt 0.4947 0.8537
vt 0.4920 0.8538
vt 0.4920 0.8469
vt 0.4947 0.8398
vt 0.4920 0.8399
vt 0.4947 0.8327
vt 0.4920 0.8328
vt 0.4947 0.8256
vt 0.4920 0.8257
vt 0.4947 0.8185
vt 0.4920 0.8185
vt 0.4947 0.8113
vt 0.4920 0.8115
vt 0.4947 0.8036
vt 0.4920 0.8050
vt 0.4947 0.8614
vt 0.4920 0.8606
vt 0.4973 0.8469
vt 0.4973 0.8534
vt 0.4973 0.8398
vt 0.4973 0.8327
vt 0.4973 0.8256
vt 0.4973 0.8185
vt 0.4973 0.8114
vt 0.4973 0.8045
vt 0.4973 0.8603
vt 0.4879 0.8453
vt 0.4879 0.8511
vt 0.4879 0.8571
vt 0.4879 0.8110
vt 0.4879 0.8168
vt 0.4879 0.8223
vt 0.4879 0.8280
vt 0.4879 0.8336
vt 0.4879 0.8394
vt 0.0672 0.5355
vt 0.0767 0.5483
vt 0.0767 0.5355
vt 0.0672 0.5483
vt 0.0862 0.5483
vt 0.0862 0.5355
vt 0.0103 0.5355
vt 0.0198 0.5483
vt 0.0198 0.5355
vt 0.0103 0.5483
vt 0.0293 0.5483
vt 0.0293 0.5355
vt 0.0388 0.5483
vt 0.0388 0.5355
vt 0.0482 0.5483
vt 0.0482 0.5355
vt 0.0577 0.5483
vt 0.0577 0.5355
vt 0.0767 0.5611
vt 0.0672 0.5611
vt 0.0862 0.5611
vt 0.0198 0.5611
vt 0.0103 0.5611
vt 0.0293 0.5611
vt 0.0388 0.5611
vt 0.0482 0.5611
vt 0.0577 0.5611
vt 0.0672 0.5355
vt 0.0767 0.5483
vt 0.0672 0.5483
vt 0.0767 0.5355
vt 0.0862 0.5483
vt 0.0862 0.5355
vt 0.0103 0.5355
vt 0.0198 0.5483
vt 0.0103 0.5483
vt 0.0198 0.5355
vt 0.0293 0.5483
vt 0.0293 0.5355
vt 0.0388 0.5483
vt 0.0388 0.5355
vt 0.0482 0.5483
vt 0.0482 0.5355
vt 0.0577 0.5483
vt 0.0577 0.5355
vt 0.0767 0.5611
vt 0.0672 0.5611
vt 0.0862 0.5611
vt 0.0198 0.5611
vt 0.0103 0.5611
vt 0.0293 0.5611
vt 0.0388 0.5611
vt 0.0482 0.5611
vt 0.0577 0.5611
vt 0.0672 0.5355
vt 0.0767 0.5483
vt 0.0672 0.5483
vt 0.0767 0.5355
vt 0.0862 0.5483
vt 0.0862 0.5355
vt 0.0103 0.5355
vt 0.0198 0.5483
vt 0.0103 0.5483
vt 0.0198 0.5355
vt 0.0293 0.5483
vt 0.0293 0.5355
vt 0.0388 0.5483
vt 0.0388 0.5355
vt 0.0482 0.5483
vt 0.0482 0.5355
vt 0.0577 0.5483
vt 0.0577 0.5355
vt 0.0767 0.5611
vt 0.0672 0.5611
vt 0.0862 0.5611
vt 0.0198 0.5611
vt 0.0103 0.5611
vt 0.0293 0.5611
vt 0.0388 0.5611
vt 0.0482 0.5611
vt 0.0577 0.5611
vt 0.0672 0.5355
vt 0.0767 0.5483
vt 0.0767 0.5355
vt 0.0672 0.5483
vt 0.0862 0.5483
vt 0.0862 0.5355
vt 0.0103 0.5355
vt 0.0198 0.5483
vt 0.0198 0.5355
vt 0.0103 0.5483
vt 0.0293 0.5483
vt 0.0293 0.5355
vt 0.0388 0.5483
vt 0.0388 0.5355
vt 0.0482 0.5483
vt 0.0482 0.5355
vt 0.0577 0.5483
vt 0.0577 0.5355
vt 0.0767 0.5611
vt 0.0672 0.5611
vt 0.0862 0.5611
vt 0.0198 0.5611
vt 0.0103 0.5611
vt 0.0293 0.5611
vt 0.0388 0.5611
vt 0.0482 0.5611
vt 0.0577 0.5611
vt 0.9535 0.7950
vt 0.9535 0.8143
vt 0.9455 0.8162
vt 0.9455 0.7969
vt 0.9535 0.8298
vt 0.9455 0.8317
vt 0.9535 0.8386
vt 0.9455 0.8405
vt 0.9467 0.6944
vt 0.9538 0.6933
vt 0.9535 0.7613
vt 0.9455 0.7631
vt 0.9623 0.7949
vt 0.9646 0.8142
vt 0.9347 0.8142
vt 0.9348 0.7949
vt 0.9647 0.8298
vt 0.9347 0.8298
vt 0.9623 0.8385
vt 0.9364 0.8385
vt 0.9658 0.6933
vt 0.9615 0.7612
vt 0.9363 0.7612
vt 0.9343 0.6958
vt 0.9535 0.7950
vt 0.9455 0.7969
vt 0.9455 0.8162
vt 0.9535 0.8143
vt 0.9455 0.8317
vt 0.9535 0.8299
vt 0.9455 0.8405
vt 0.9535 0.8386
vt 0.9467 0.6944
vt 0.9455 0.7631
vt 0.9535 0.7613
vt 0.9538 0.6933
vt 0.9623 0.7949
vt 0.9647 0.8143
vt 0.9347 0.8143
vt 0.9349 0.7949
vt 0.9647 0.8298
vt 0.9347 0.8298
vt 0.9623 0.8385
vt 0.9365 0.8385
vt 0.9616 0.7612
vt 0.9658 0.6933
vt 0.9343 0.6958
vt 0.9364 0.7612
vt 0.9529 0.6366
vt 0.9449 0.6385
vt 0.9449 0.6578
vt 0.9529 0.6559
vt 0.9449 0.6733
vt 0.9529 0.6714
vt 0.9449 0.6821
vt 0.9529 0.6802
vt 0.9552 0.5955
vt 0.9440 0.5974
vt 0.9630 0.6365
vt 0.9640 0.6558
vt 0.9340 0.6558
vt 0.9322 0.6365
vt 0.9641 0.6713
vt 0.9340 0.6713
vt 0.9617 0.6801
vt 0.9358 0.6801
vt 0.9661 0.5972
vt 0.9304 0.5961
vt 0.9529 0.6367
vt 0.9529 0.6560
vt 0.9448 0.6578
vt 0.9448 0.6385
vt 0.9529 0.6715
vt 0.9448 0.6733
vt 0.9529 0.6802
vt 0.9448 0.6821
vt 0.9551 0.5956
vt 0.9440 0.5974
vt 0.9630 0.6366
vt 0.9640 0.6559
vt 0.9340 0.6559
vt 0.9322 0.6366
vt 0.9641 0.6714
vt 0.9340 0.6714
vt 0.9617 0.6801
vt 0.9358 0.6801
vt 0.9660 0.5972
vt 0.9304 0.5962
vt 0.6100 0.6431
vt 0.6199 0.6453
vt 0.6250 0.6679
vt 0.6154 0.6679
vt 0.6329 0.6504
vt 0.6349 0.6679
vt 0.5989 0.6405
vt 0.5950 0.6684
vt 0.5885 0.6679
vt 0.6235 0.6961
vt 0.6160 0.6961
vt 0.6372 0.6961
vt 0.5541 0.6829
vt 0.5749 0.6741
vt 0.5770 0.6961
vt 0.5541 0.6961
vt 0.5928 0.6966
vt 0.5876 0.6961
vt 0.6256 0.7247
vt 0.6140 0.7247
vt 0.6359 0.7247
vt 0.5750 0.7247
vt 0.5541 0.7247
vt 0.5928 0.7252
vt 0.5855 0.7247
vt 0.6290 0.7555
vt 0.6205 0.7553
vt 0.6374 0.7540
vt 0.5724 0.7442
vt 0.5541 0.7410
vt 0.5869 0.7541
vt 0.5822 0.7501
vt 0.6083 0.6673
vt 0.6044 0.6395
vt 0.6105 0.6956
vt 0.6105 0.7242
vt 0.6164 0.7531
vt 0.6478 0.6599
vt 0.6478 0.6698
vt 0.6478 0.6951
vt 0.6478 0.7247
vt 0.6478 0.7518
vt 0.6856 0.6431
vt 0.6802 0.6679
vt 0.6706 0.6679
vt 0.6757 0.6453
vt 0.6627 0.6504
vt 0.6607 0.6679
vt 0.5197 0.6679
vt 0.5142 0.6682
vt 0.5103 0.6404
vt 0.6797 0.6961
vt 0.6721 0.6961
vt 0.6585 0.6961
vt 0.5312 0.6961
vt 0.5333 0.6741
vt 0.5206 0.6961
vt 0.5164 0.6964
vt 0.6816 0.7247
vt 0.6700 0.7247
vt 0.6598 0.7247
vt 0.5332 0.7247
vt 0.5228 0.7247
vt 0.5164 0.7250
vt 0.6751 0.7553
vt 0.6666 0.7555
vt 0.6583 0.7540
vt 0.5358 0.7442
vt 0.5261 0.7501
vt 0.5224 0.7540
vt 0.6907 0.6402
vt 0.6868 0.6681
vt 0.6846 0.6963
vt 0.6846 0.7249
vt 0.6786 0.7538
vt 0.6100 0.6431
vt 0.6250 0.6679
vt 0.6199 0.6453
vt 0.6154 0.6679
vt 0.6329 0.6504
vt 0.6349 0.6679
vt 0.5989 0.6405
vt 0.5885 0.6679
vt 0.5950 0.6684
vt 0.6235 0.6961
vt 0.6160 0.6961
vt 0.6372 0.6961
vt 0.5541 0.6829
vt 0.5770 0.6961
vt 0.5749 0.6741
vt 0.5541 0.6961
vt 0.5876 0.6961
vt 0.5928 0.6966
vt 0.6256 0.7247
vt 0.6140 0.7247
vt 0.6359 0.7247
vt 0.5750 0.7247
vt 0.5541 0.7247
vt 0.5855 0.7247
vt 0.5928 0.7252
vt 0.6290 0.7555
vt 0.6205 0.7553
vt 0.6374 0.7540
vt 0.5541 0.7410
vt 0.5724 0.7442
vt 0.5822 0.7501
vt 0.5869 0.7541
vt 0.6083 0.6673
vt 0.6044 0.6395
vt 0.6105 0.6956
vt 0.6105 0.7242
vt 0.6164 0.7531
vt 0.6478 0.6698
vt 0.6478 0.6599
vt 0.6478 0.6951
vt 0.6478 0.7247
vt 0.6478 0.7518
vt 0.6856 0.6431
vt 0.6706 0.6679
vt 0.6802 0.6679
vt 0.6757 0.6453
vt 0.6627 0.6504
vt 0.6607 0.6679
vt 0.5197 0.6679
vt 0.5103 0.6404
vt 0.5142 0.6682
vt 0.6721 0.6961
vt 0.6797 0.6961
vt 0.6585 0.6961
vt 0.5312 0.6961
vt 0.5333 0.6741
vt 0.5206 0.6961
vt 0.5164 0.6964
vt 0.6700 0.7247
vt 0.6816 0.7247
vt 0.6598 0.7247
vt 0.5332 0.7247
vt 0.5228 0.7247
vt 0.5164 0.7250
vt 0.6666 0.7555
vt 0.6751 0.7553
vt 0.6583 0.7540
vt 0.5358 0.7442
vt 0.5261 0.7501
vt 0.5224 0.7540
vt 0.6868 0.6681
vt 0.6907 0.6402
vt 0.6846 0.6963
vt 0.6846 0.7249
vt 0.6786 0.7538
vt 0.9159 0.8614
vt 0.9238 0.8614
vt 0.9260 0.8913
vt 0.9139 0.8913
vt 0.9373 0.8624
vt 0.9367 0.8913
vt 0.9506 0.9333
vt 0.9723 0.9323
vt 0.9724 0.9604
vt 0.9506 0.9604
vt 0.9896 0.9311
vt 0.9896 0.9610
vt 0.9834 0.9604
vt 0.9827 0.9321
vt 0.9296 0.9235
vt 0.9206 0.9233
vt 0.9383 0.9219
vt 0.9697 0.9807
vt 0.9506 0.9774
vt 0.9834 0.9912
vt 0.9799 0.9869
vt 0.9104 0.8909
vt 0.9104 0.8611
vt 0.9166 0.9212
vt 0.9492 0.8636
vt 0.9492 0.8913
vt 0.9492 0.9196
vt 0.9825 0.8628
vt 0.9845 0.8913
vt 0.9724 0.8913
vt 0.9746 0.8626
vt 0.9617 0.8913
vt 0.9612 0.8618
vt 0.9287 0.9604
vt 0.9267 0.9305
vt 0.9119 0.9316
vt 0.9156 0.9313
vt 0.9178 0.9604
vt 0.9119 0.9607
vt 0.9778 0.9233
vt 0.9689 0.9235
vt 0.9601 0.9219
vt 0.9315 0.9807
vt 0.9213 0.9869
vt 0.9181 0.9910
vt 0.9868 0.8620
vt 0.9868 0.8911
vt 0.9806 0.9214
vt 0.9839 0.9305
vt 0.9859 0.9604
vt 0.9738 0.9604
vt 0.9760 0.9305
vt 0.9631 0.9604
vt 0.9625 0.9314
vt 0.9492 0.8642
vt 0.9492 0.8913
vt 0.9274 0.8913
vt 0.9275 0.8633
vt 0.9104 0.8611
vt 0.9171 0.8631
vt 0.9164 0.8913
vt 0.9164 0.8913
vt 0.9104 0.8909
vt 0.9104 0.8611
vt 0.9792 0.9923
vt 0.9702 0.9925
vt 0.9615 0.9910
vt 0.9492 0.9083
vt 0.9301 0.9117
vt 0.9104 0.8909
vt 0.9199 0.9178
vt 0.9199 0.9178
vt 0.9166 0.9212
vt 0.9104 0.8909
vt 0.9839 0.9305
vt 0.9896 0.9311
vt 0.9896 0.9610
vt 0.9896 0.9610
vt 0.9896 0.9610
vt 0.9834 0.9912
vt 0.9792 0.9923
vt 0.9506 0.9604
vt 0.9506 0.9327
vt 0.9506 0.9886
vt 0.9173 0.9319
vt 0.9252 0.9317
vt 0.9274 0.9604
vt 0.9153 0.9604
vt 0.9386 0.9309
vt 0.9381 0.9604
vt 0.9731 0.8614
vt 0.9711 0.8913
vt 0.9868 0.8620
vt 0.9868 0.8911
vt 0.9820 0.8913
vt 0.9820 0.8913
vt 0.9842 0.8622
vt 0.9868 0.8620
vt 0.9309 0.9925
vt 0.9220 0.9923
vt 0.9397 0.9910
vt 0.9683 0.9117
vt 0.9868 0.8911
vt 0.9806 0.9214
vt 0.9785 0.9178
vt 0.9785 0.9178
vt 0.9868 0.8911
vt 0.9119 0.9607
vt 0.9119 0.9607
vt 0.9119 0.9316
vt 0.9173 0.9319
vt 0.9220 0.9923
vt 0.9181 0.9910
vt 0.9119 0.9607
vt 0.6800 0.8162
vt 0.6888 0.8128
vt 0.6909 0.8175
vt 0.6836 0.8202
vt 0.7047 0.8113
vt 0.7133 0.8105
vt 0.7132 0.8169
vt 0.7049 0.8177
vt 0.7464 0.8111
vt 0.7458 0.8171
vt 0.7395 0.8172
vt 0.7409 0.8132
vt 0.6908 0.8211
vt 0.6870 0.8234
vt 0.7129 0.8228
vt 0.7049 0.8243
vt 0.7450 0.8226
vt 0.7400 0.8231
vt 0.6903 0.8282
vt 0.6881 0.8309
vt 0.7145 0.8280
vt 0.7042 0.8296
vt 0.7467 0.8288
vt 0.7412 0.8284
vt 0.7272 0.8139
vt 0.7259 0.8196
vt 0.7268 0.8242
vt 0.7269 0.8292
vt 0.7770 0.8195
vt 0.7754 0.8253
vt 0.7670 0.8222
vt 0.7685 0.8158
vt 0.7542 0.8114
vt 0.7531 0.8174
vt 0.7354 0.8150
vt 0.7344 0.8203
vt 0.7725 0.8325
vt 0.7651 0.8296
vt 0.7548 0.8261
vt 0.7342 0.8244
vt 0.7713 0.8359
vt 0.7650 0.8340
vt 0.7567 0.8320
vt 0.7348 0.8296
vt 0.7841 0.8232
vt 0.7815 0.8291
vt 0.7788 0.8353
vt 0.7760 0.8378
vt 0.6948 0.8107
vt 0.6955 0.8163
vt 0.6698 0.8353
vt 0.6655 0.8452
vt 0.6578 0.8413
vt 0.6652 0.8296
vt 0.6782 0.8270
vt 0.6738 0.8211
vt 0.6943 0.8204
vt 0.6750 0.8379
vt 0.6693 0.8474
vt 0.6812 0.8308
vt 0.6947 0.8275
vt 0.6778 0.8408
vt 0.6717 0.8477
vt 0.6842 0.8352
vt 0.6614 0.8496
vt 0.6556 0.8468
vt 0.6680 0.8510
vt 0.6716 0.8521
vt 0.7156 0.8578
vt 0.7152 0.8522
vt 0.7223 0.8498
vt 0.7230 0.8549
vt 0.7356 0.8541
vt 0.7351 0.8481
vt 0.7429 0.8495
vt 0.7430 0.8554
vt 0.7756 0.8594
vt 0.7698 0.8572
vt 0.7686 0.8528
vt 0.7750 0.8531
vt 0.7157 0.8475
vt 0.7208 0.8466
vt 0.7339 0.8417
vt 0.7420 0.8439
vt 0.7693 0.8469
vt 0.7740 0.8474
vt 0.7112 0.8421
vt 0.7160 0.8427
vt 0.7318 0.8361
vt 0.7431 0.8386
vt 0.7699 0.8414
vt 0.7749 0.8408
vt 0.7564 0.8539
vt 0.7555 0.8481
vt 0.7560 0.8437
vt 0.7559 0.8390
vt 0.8056 0.8476
vt 0.7976 0.8524
vt 0.7953 0.8462
vt 0.8032 0.8421
vt 0.7838 0.8586
vt 0.7821 0.8525
vt 0.7639 0.8489
vt 0.7643 0.8546
vt 0.7927 0.8389
vt 0.7995 0.8353
vt 0.7831 0.8433
vt 0.7634 0.8448
vt 0.7921 0.8343
vt 0.7980 0.8319
vt 0.7841 0.8368
vt 0.7637 0.8399
vt 0.8121 0.8429
vt 0.8087 0.8376
vt 0.8054 0.8318
vt 0.8025 0.8296
vt 0.7275 0.8551
vt 0.7265 0.8499
vt 0.6953 0.8532
vt 0.6977 0.8605
vt 0.6846 0.8611
vt 0.6848 0.8520
vt 0.7088 0.8588
vt 0.7068 0.8515
vt 0.7241 0.8463
vt 0.6962 0.8472
vt 0.6849 0.8475
vt 0.7059 0.8465
vt 0.7215 0.8402
vt 0.6953 0.8430
vt 0.6858 0.8454
vt 0.7045 0.8416
vt 0.6794 0.8540
vt 0.6792 0.8604
vt 0.6806 0.8474
vt 0.6811 0.8438
vt 0.0672 0.5355
vt 0.0767 0.5483
vt 0.0767 0.5355
vt 0.0672 0.5483
vt 0.0862 0.5483
vt 0.0862 0.5355
vt 0.0103 0.5355
vt 0.0198 0.5483
vt 0.0198 0.5355
vt 0.0103 0.5483
vt 0.0293 0.5483
vt 0.0293 0.5355
vt 0.0388 0.5483
vt 0.0388 0.5355
vt 0.0482 0.5483
vt 0.0482 0.5355
vt 0.0577 0.5483
vt 0.0577 0.5355
vt 0.0767 0.5611
vt 0.0672 0.5611
vt 0.0862 0.5611
vt 0.0198 0.5611
vt 0.0103 0.5611
vt 0.0293 0.5611
vt 0.0388 0.5611
vt 0.0482 0.5611
vt 0.0577 0.5611
vt 0.0672 0.5355
vt 0.0767 0.5483
vt 0.0672 0.5483
vt 0.0767 0.5355
vt 0.0862 0.5483
vt 0.0862 0.5355
vt 0.0103 0.5355
vt 0.0198 0.5483
vt 0.0103 0.5483
vt 0.0198 0.5355
vt 0.0293 0.5483
vt 0.0293 0.5355
vt 0.0388 0.5483
vt 0.0388 0.5355
vt 0.0482 0.5483
vt 0.0482 0.5355
vt 0.0577 0.5483
vt 0.0577 0.5355
vt 0.0767 0.5611
vt 0.0672 0.5611
vt 0.0862 0.5611
vt 0.0198 0.5611
vt 0.0103 0.5611
vt 0.0293 0.5611
vt 0.0388 0.5611
vt 0.0482 0.5611
vt 0.0577 0.5611
vt 0.0672 0.5355
vt 0.0767 0.5483
vt 0.0767 0.5355
vt 0.0672 0.5483
vt 0.0862 0.5483
vt 0.0862 0.5355
vt 0.0103 0.5355
vt 0.0198 0.5483
vt 0.0198 0.5355
vt 0.0103 0.5483
vt 0.0293 0.5483
vt 0.0293 0.5355
vt 0.0388 0.5483
vt 0.0388 0.5355
vt 0.0482 0.5483
vt 0.0482 0.5355
vt 0.0577 0.5483
vt 0.0577 0.5355
vt 0.0767 0.5611
vt 0.0672 0.5611
vt 0.0862 0.5611
vt 0.0198 0.5611
vt 0.0103 0.5611
vt 0.0293 0.5611
vt 0.0388 0.5611
vt 0.0482 0.5611
vt 0.0577 0.5611
vt 0.0672 0.5355
vt 0.0767 0.5483
vt 0.0672 0.5483
vt 0.0767 0.5355
vt 0.0862 0.5483
vt 0.0862 0.5355
vt 0.0103 0.5355
vt 0.0198 0.5483
vt 0.0103 0.5483
vt 0.0198 0.5355
vt 0.0293 0.5483
vt 0.0293 0.5355
vt 0.0388 0.5483
vt 0.0388 0.5355
vt 0.0482 0.5483
vt 0.0482 0.5355
vt 0.0577 0.5483
vt 0.0577 0.5355
vt 0.0767 0.5611
vt 0.0672 0.5611
vt 0.0862 0.5611
vt 0.0198 0.5611
vt 0.0103 0.5611
vt 0.0293 0.5611
vt 0.0388 0.5611
vt 0.0482 0.5611
vt 0.0577 0.5611
vt 0.0672 0.5355
vt 0.0767 0.5355
vt 0.0767 0.5483
vt 0.0672 0.5483
vt 0.0862 0.5355
vt 0.0862 0.5483
vt 0.0103 0.5355
vt 0.0198 0.5355
vt 0.0198 0.5483
vt 0.0103 0.5483
vt 0.0293 0.5355
vt 0.0293 0.5483
vt 0.0388 0.5355
vt 0.0388 0.5483
vt 0.0482 0.5355
vt 0.0482 0.5483
vt 0.0577 0.5355
vt 0.0577 0.5483
vt 0.0767 0.5611
vt 0.0672 0.5611
vt 0.0862 0.5611
vt 0.0198 0.5611
vt 0.0103 0.5611
vt 0.0293 0.5611
vt 0.0388 0.5611
vt 0.0482 0.5611
vt 0.0577 0.5611
vt 0.0672 0.5355
vt 0.0672 0.5483
vt 0.0767 0.5483
vt 0.0767 0.5355
vt 0.0862 0.5483
vt 0.0862 0.5355
vt 0.0103 0.5355
vt 0.0103 0.5483
vt 0.0198 0.5483
vt 0.0198 0.5355
vt 0.0293 0.5483
vt 0.0293 0.5355
vt 0.0388 0.5483
vt 0.0388 0.5355
vt 0.0482 0.5483
vt 0.0482 0.5355
vt 0.0577 0.5483
vt 0.0577 0.5355
vt 0.0672 0.5611
vt 0.0767 0.5611
vt 0.0862 0.5611
vt 0.0103 0.5611
vt 0.0198 0.5611
vt 0.0293 0.5611
vt 0.0388 0.5611
vt 0.0482 0.5611
vt 0.0577 0.5611
vt 0.3080 0.2479
vt 0.3023 0.2479
vt 0.3023 0.2448
vt 0.3081 0.2449
vt 0.3144 0.2479
vt 0.3135 0.2449
vt 0.2736 0.2477
vt 0.2674 0.2477
vt 0.2698 0.2447
vt 0.2745 0.2447
vt 0.2796 0.2478
vt 0.2799 0.2448
vt 0.2853 0.2478
vt 0.2855 0.2448
vt 0.2910 0.2478
vt 0.2912 0.2448
vt 0.2967 0.2478
vt 0.2969 0.2448
vt 0.2813 0.2537
vt 0.2751 0.2535
vt 0.2750 0.2510
vt 0.2815 0.2511
vt 0.2881 0.2538
vt 0.2881 0.2512
vt 0.2948 0.2540
vt 0.2948 0.2514
vt 0.3015 0.2541
vt 0.3015 0.2515
vt 0.3082 0.2543
vt 0.3083 0.2517
vt 0.3150 0.2544
vt 0.3149 0.2518
vt 0.3223 0.2546
vt 0.3210 0.2519
vt 0.2678 0.2534
vt 0.2686 0.2508
vt 0.2814 0.2563
vt 0.2753 0.2562
vt 0.2881 0.2564
vt 0.2948 0.2566
vt 0.3015 0.2567
vt 0.3082 0.2569
vt 0.3148 0.2570
vt 0.3213 0.2571
vt 0.2688 0.2560
vt 0.3031 0.2418
vt 0.3089 0.2419
vt 0.3149 0.2419
vt 0.2688 0.2417
vt 0.2745 0.2417
vt 0.2801 0.2418
vt 0.2857 0.2418
vt 0.2914 0.2418
vt 0.2972 0.2418
vt 0.3080 0.2479
vt 0.3023 0.2479
vt 0.3023 0.2448
vt 0.3081 0.2449
vt 0.3144 0.2479
vt 0.3135 0.2449
vt 0.2736 0.2477
vt 0.2674 0.2477
vt 0.2698 0.2447
vt 0.2745 0.2447
vt 0.2796 0.2478
vt 0.2799 0.2448
vt 0.2853 0.2478
vt 0.2855 0.2448
vt 0.2910 0.2478
vt 0.2912 0.2448
vt 0.2967 0.2478
vt 0.2969 0.2448
vt 0.2813 0.2537
vt 0.2751 0.2535
vt 0.2750 0.2510
vt 0.2815 0.2511
vt 0.2881 0.2538
vt 0.2881 0.2512
vt 0.2948 0.2540
vt 0.2948 0.2514
vt 0.3015 0.2541
vt 0.3015 0.2515
vt 0.3082 0.2543
vt 0.3083 0.2517
vt 0.3150 0.2544
vt 0.3149 0.2518
vt 0.3223 0.2546
vt 0.3210 0.2519
vt 0.2678 0.2534
vt 0.2686 0.2508
vt 0.2814 0.2563
vt 0.2753 0.2562
vt 0.2881 0.2564
vt 0.2948 0.2566
vt 0.3015 0.2567
vt 0.3082 0.2569
vt 0.3148 0.2570
vt 0.3213 0.2571
vt 0.2688 0.2560
vt 0.3031 0.2418
vt 0.3089 0.2419
vt 0.3149 0.2419
vt 0.2688 0.2417
vt 0.2745 0.2417
vt 0.2801 0.2418
vt 0.2857 0.2418
vt 0.2914 0.2418
vt 0.2972 0.2418
vt 0.6813 0.8912
vt 0.6901 0.8878
vt 0.6922 0.8925
vt 0.6849 0.8952
vt 0.7060 0.8863
vt 0.7146 0.8856
vt 0.7144 0.8919
vt 0.7062 0.8927
vt 0.7477 0.8861
vt 0.7471 0.8922
vt 0.7407 0.8923
vt 0.7422 0.8883
vt 0.6921 0.8962
vt 0.6883 0.8985
vt 0.7142 0.8978
vt 0.7062 0.8994
vt 0.7463 0.8977
vt 0.7413 0.8981
vt 0.6916 0.9032
vt 0.6894 0.9060
vt 0.7158 0.9030
vt 0.7055 0.9047
vt 0.7480 0.9038
vt 0.7425 0.9035
vt 0.7285 0.8890
vt 0.7272 0.8946
vt 0.7281 0.8992
vt 0.7282 0.9042
vt 0.7783 0.8945
vt 0.7767 0.9003
vt 0.7682 0.8973
vt 0.7697 0.8908
vt 0.7555 0.8864
vt 0.7544 0.8924
vt 0.7366 0.8901
vt 0.7357 0.8953
vt 0.7738 0.9075
vt 0.7664 0.9046
vt 0.7561 0.9012
vt 0.7355 0.8994
vt 0.7726 0.9109
vt 0.7663 0.9090
vt 0.7580 0.9071
vt 0.7360 0.9046
vt 0.7854 0.8982
vt 0.7828 0.9041
vt 0.7801 0.9104
vt 0.7773 0.9129
vt 0.6961 0.8858
vt 0.6967 0.8913
vt 0.6711 0.9104
vt 0.6667 0.9203
vt 0.6590 0.9163
vt 0.6665 0.9047
vt 0.6794 0.9020
vt 0.6751 0.8961
vt 0.6956 0.8954
vt 0.6762 0.9130
vt 0.6706 0.9224
vt 0.6825 0.9059
vt 0.6960 0.9025
vt 0.6791 0.9158
vt 0.6730 0.9227
vt 0.6855 0.9102
vt 0.6626 0.9247
vt 0.6569 0.9218
vt 0.6692 0.9261
vt 0.6729 0.9271
vt 0.7169 0.9328
vt 0.7164 0.9272
vt 0.7236 0.9249
vt 0.7243 0.9300
vt 0.7369 0.9291
vt 0.7363 0.9231
vt 0.7442 0.9245
vt 0.7443 0.9304
vt 0.7769 0.9344
vt 0.7711 0.9322
vt 0.7699 0.9278
vt 0.7762 0.9281
vt 0.7170 0.9225
vt 0.7221 0.9216
vt 0.7352 0.9167
vt 0.7433 0.9189
vt 0.7706 0.9219
vt 0.7753 0.9225
vt 0.7125 0.9171
vt 0.7173 0.9177
vt 0.7330 0.9112
vt 0.7444 0.9136
vt 0.7711 0.9165
vt 0.7762 0.9159
vt 0.7577 0.9290
vt 0.7568 0.9232
vt 0.7573 0.9187
vt 0.7572 0.9141
vt 0.8069 0.9226
vt 0.7989 0.9275
vt 0.7966 0.9212
vt 0.8045 0.9171
vt 0.7850 0.9336
vt 0.7834 0.9275
vt 0.7652 0.9239
vt 0.7656 0.9296
vt 0.7940 0.9139
vt 0.8008 0.9103
vt 0.7844 0.9183
vt 0.7647 0.9198
vt 0.7933 0.9093
vt 0.7993 0.9069
vt 0.7854 0.9119
vt 0.7650 0.9150
vt 0.8134 0.9180
vt 0.8100 0.9126
vt 0.8067 0.9068
vt 0.8038 0.9046
vt 0.7288 0.9301
vt 0.7278 0.9250
vt 0.6966 0.9283
vt 0.6990 0.9355
vt 0.6858 0.9361
vt 0.6861 0.9270
vt 0.7101 0.9338
vt 0.7080 0.9265
vt 0.7254 0.9214
vt 0.6974 0.9222
vt 0.6862 0.9225
vt 0.7072 0.9216
vt 0.7227 0.9153
vt 0.6966 0.9180
vt 0.6870 0.9204
vt 0.7057 0.9166
vt 0.6806 0.9291
vt 0.6804 0.9354
vt 0.6819 0.9224
vt 0.6823 0.9188
vt 0.6793 0.9527
vt 0.6880 0.9493
vt 0.6902 0.9541
vt 0.6828 0.9567
vt 0.7040 0.9478
vt 0.7125 0.9471
vt 0.7124 0.9534
vt 0.7041 0.9542
vt 0.7456 0.9477
vt 0.7451 0.9537
vt 0.7387 0.9538
vt 0.7401 0.9498
vt 0.6900 0.9577
vt 0.6862 0.9600
vt 0.7121 0.9593
vt 0.7042 0.9609
vt 0.7443 0.9592
vt 0.7393 0.9596
vt 0.6895 0.9648
vt 0.6874 0.9675
vt 0.7138 0.9645
vt 0.7034 0.9662
vt 0.7460 0.9654
vt 0.7404 0.9650
vt 0.7264 0.9505
vt 0.7251 0.9561
vt 0.7260 0.9607
vt 0.7261 0.9657
vt 0.7762 0.9560
vt 0.7746 0.9619
vt 0.7662 0.9588
vt 0.7677 0.9524
vt 0.7535 0.9479
vt 0.7523 0.9539
vt 0.7346 0.9516
vt 0.7336 0.9568
vt 0.7717 0.9690
vt 0.7644 0.9661
vt 0.7541 0.9627
vt 0.7334 0.9610
vt 0.7706 0.9724
vt 0.7643 0.9705
vt 0.7559 0.9686
vt 0.7340 0.9662
vt 0.7833 0.9597
vt 0.7808 0.9656
vt 0.7780 0.9719
vt 0.7752 0.9744
vt 0.6940 0.9473
vt 0.6947 0.9528
vt 0.6690 0.9719
vt 0.6647 0.9818
vt 0.6570 0.9778
vt 0.6645 0.9662
vt 0.6774 0.9635
vt 0.6730 0.9576
vt 0.6936 0.9569
vt 0.6742 0.9745
vt 0.6685 0.9839
vt 0.6805 0.9674
vt 0.6939 0.9640
vt 0.6771 0.9773
vt 0.6709 0.9842
vt 0.6834 0.9717
vt 0.6606 0.9862
vt 0.6549 0.9833
vt 0.6672 0.9876
vt 0.6708 0.9886
vt 0.7148 0.9943
vt 0.7144 0.9887
vt 0.7215 0.9864
vt 0.7223 0.9915
vt 0.7348 0.9906
vt 0.7343 0.9846
vt 0.7421 0.9860
vt 0.7422 0.9919
vt 0.7749 0.9959
vt 0.7690 0.9937
vt 0.7678 0.9893
vt 0.7742 0.9897
vt 0.7150 0.9840
vt 0.7200 0.9831
vt 0.7332 0.9782
vt 0.7412 0.9804
vt 0.7686 0.9834
vt 0.7733 0.9840
vt 0.7104 0.9786
vt 0.7153 0.9793
vt 0.7310 0.9727
vt 0.7423 0.9752
vt 0.7691 0.9780
vt 0.7742 0.9774
vt 0.7557 0.9905
vt 0.7547 0.9847
vt 0.7552 0.9802
vt 0.7552 0.9756
vt 0.8048 0.9841
vt 0.7968 0.9890
vt 0.7945 0.9828
vt 0.8025 0.9786
vt 0.7830 0.9951
vt 0.7813 0.9890
vt 0.7631 0.9854
vt 0.7636 0.9912
vt 0.7919 0.9754
vt 0.7987 0.9718
vt 0.7823 0.9798
vt 0.7626 0.9813
vt 0.7913 0.9709
vt 0.7973 0.9684
vt 0.7834 0.9734
vt 0.7630 0.9765
vt 0.8113 0.9795
vt 0.8080 0.9741
vt 0.8046 0.9684
vt 0.8017 0.9661
vt 0.7268 0.9916
vt 0.7257 0.9865
vt 0.6946 0.9898
vt 0.6969 0.9970
vt 0.6838 0.9976
vt 0.6840 0.9886
vt 0.7081 0.9953
vt 0.7060 0.9880
vt 0.7233 0.9829
vt 0.6954 0.9837
vt 0.6841 0.9840
vt 0.7051 0.9831
vt 0.7207 0.9768
vt 0.6945 0.9796
vt 0.6850 0.9819
vt 0.7037 0.9781
vt 0.6786 0.9906
vt 0.6784 0.9969
vt 0.6798 0.9839
vt 0.6803 0.9803
vt 0.4154 0.7057
vt 0.4096 0.7005
vt 0.4154 0.7025
vt 0.4228 0.7041
vt 0.4206 0.7006
vt 0.4254 0.6999
vt 0.4371 0.6951
vt 0.4352 0.7085
vt 0.4267 0.6950
vt 0.4229 0.6944
vt 0.4055 0.7067
vt 0.4096 0.6874
vt 0.4093 0.6933
vt 0.4055 0.6920
vt 0.4055 0.6868
vt 0.4287 0.6889
vt 0.4357 0.6883
vt 0.4374 0.6924
vt 0.4307 0.6928
vt 0.4160 0.7147
vt 0.4055 0.7204
vt 0.4350 0.6810
vt 0.4217 0.6806
vt 0.4313 0.6760
vt 0.4055 0.6776
vt 0.4112 0.6793
vt 0.4055 0.6800
vt 0.4055 0.6738
vt 0.4139 0.6756
vt 0.4272 0.6836
vt 0.4131 0.6887
vt 0.4128 0.6851
vt 0.4179 0.6852
vt 0.4177 0.6874
vt 0.4208 0.6771
vt 0.4204 0.6735
vt 0.4297 0.6735
vt 0.4055 0.6704
vt 0.4136 0.6721
vt 0.4161 0.6938
vt 0.4210 0.6898
vt 0.4236 0.6874
vt 0.4261 0.6918
vt 0.4055 0.6984
vt 0.4305 0.7188
vt 0.4245 0.7295
vt 0.4191 0.7243
vt 0.4055 0.7330
vt 0.4171 0.7412
vt 0.4307 0.6954
vt 0.4158 0.6802
vt 0.4325 0.7475
vt 0.4370 0.7346
vt 0.4412 0.7243
vt 0.4505 0.7486
vt 0.4497 0.7351
vt 0.4512 0.7254
vt 0.4592 0.7311
vt 0.4677 0.7420
vt 0.4594 0.7014
vt 0.4694 0.7046
vt 0.4669 0.7201
vt 0.4555 0.7153
vt 0.4812 0.7260
vt 0.4480 0.6938
vt 0.4459 0.7111
vt 0.4847 0.7056
vt 0.4795 0.6927
vt 0.4638 0.6920
vt 0.4543 0.6855
vt 0.4683 0.6794
vt 0.4516 0.6839
vt 0.4446 0.6699
vt 0.4443 0.6634
vt 0.4565 0.6696
vt 0.4491 0.6573
vt 0.4488 0.6797
vt 0.4460 0.6788
vt 0.4076 0.6850
vt 0.3957 0.7057
vt 0.3957 0.7025
vt 0.4015 0.7005
vt 0.3883 0.7041
vt 0.3857 0.6999
vt 0.3905 0.7006
vt 0.3759 0.7085
vt 0.3740 0.6951
vt 0.3844 0.6950
vt 0.3882 0.6944
vt 0.4015 0.6874
vt 0.4018 0.6933
vt 0.3824 0.6889
vt 0.3804 0.6928
vt 0.3737 0.6924
vt 0.3754 0.6883
vt 0.3951 0.7147
vt 0.3761 0.6810
vt 0.3797 0.6760
vt 0.3893 0.6806
vt 0.3999 0.6793
vt 0.3972 0.6756
vt 0.3839 0.6836
vt 0.3980 0.6887
vt 0.3934 0.6874
vt 0.3932 0.6852
vt 0.3983 0.6851
vt 0.3904 0.6771
vt 0.3814 0.6735
vt 0.3907 0.6735
vt 0.3975 0.6721
vt 0.3950 0.6938
vt 0.3901 0.6898
vt 0.3876 0.6874
vt 0.3850 0.6918
vt 0.4305 0.7188
vt 0.4191 0.7243
vt 0.4245 0.7295
vt 0.3920 0.7243
vt 0.3804 0.6954
vt 0.3953 0.6802
vt 0.4370 0.7346
vt 0.4412 0.7243
vt 0.4497 0.7351
vt 0.4512 0.7254
vt 0.4592 0.7311
vt 0.4594 0.7014
vt 0.4555 0.7153
vt 0.4669 0.7201
vt 0.4694 0.7046
vt 0.4480 0.6938
vt 0.4371 0.6951
vt 0.4352 0.7085
vt 0.4459 0.7111
vt 0.4638 0.6920
vt 0.4543 0.6855
vt 0.4516 0.6839
vt 0.4446 0.6699
vt 0.4443 0.6634
vt 0.3806 0.7188
vt 0.4374 0.6924
vt 0.4357 0.6883
vt 0.4350 0.6810
vt 0.4460 0.6788
vt 0.4488 0.6797
vt 0.4033 0.6853
vt 0.4055 0.6844
vt 0.4329 0.6626
vt 0.4283 0.6582
vt 0.4337 0.6557
vt 0.4366 0.6617
vt 0.4240 0.6548
vt 0.4289 0.6548
vt 0.4306 0.6498
vt 0.4197 0.6519
vt 0.4202 0.6481
vt 0.4115 0.6550
vt 0.4116 0.6518
vt 0.4055 0.6522
vt 0.4055 0.6476
vt 0.4109 0.6474
vt 0.4055 0.6449
vt 0.4118 0.6456
vt 0.4359 0.6540
vt 0.4432 0.6616
vt 0.4406 0.6620
vt 0.4323 0.6460
vt 0.4203 0.6461
vt 0.4308 0.6683
vt 0.4295 0.6685
vt 0.4273 0.6585
vt 0.4227 0.6556
vt 0.4190 0.6548
vt 0.4583 0.6628
vt 0.4584 0.6632
vt 0.4605 0.6560
vt 0.4631 0.6551
vt 0.4662 0.6572
vt 0.4678 0.6550
vt 0.4615 0.6493
vt 0.4567 0.6551
vt 0.4581 0.6434
vt 0.4529 0.6526
vt 0.4490 0.6449
vt 0.4499 0.6520
vt 0.4129 0.6431
vt 0.4055 0.6420
vt 0.4388 0.6442
vt 0.4388 0.6493
vt 0.4436 0.6490
vt 0.4434 0.6439
vt 0.4388 0.6526
vt 0.4437 0.6521
vt 0.4055 0.6555
vt 0.4408 0.6644
vt 0.4329 0.6626
vt 0.4366 0.6617
vt 0.4337 0.6557
vt 0.4283 0.6582
vt 0.4289 0.6548
vt 0.4240 0.6548
vt 0.4306 0.6498
vt 0.3871 0.6548
vt 0.3822 0.6548
vt 0.3914 0.6519
vt 0.3805 0.6498
vt 0.3908 0.6481
vt 0.3995 0.6518
vt 0.3996 0.6550
vt 0.4003 0.6474
vt 0.3992 0.6456
vt 0.4406 0.6620
vt 0.4432 0.6616
vt 0.4359 0.6540
vt 0.4323 0.6460
vt 0.3788 0.6460
vt 0.3908 0.6461
vt 0.4308 0.6683
vt 0.4273 0.6585
vt 0.4295 0.6685
vt 0.4227 0.6556
vt 0.3921 0.6548
vt 0.3884 0.6556
vt 0.4605 0.6560
vt 0.4584 0.6632
vt 0.4583 0.6628
vt 0.4567 0.6551
vt 0.4678 0.6550
vt 0.4662 0.6572
vt 0.4631 0.6551
vt 0.4615 0.6493
vt 0.4529 0.6526
vt 0.4581 0.6434
vt 0.4499 0.6520
vt 0.4490 0.6449
vt 0.3982 0.6431
vt 0.4434 0.6439
vt 0.4436 0.6490
vt 0.4437 0.6521
vt 0.4408 0.6644
vt 0.3635 0.8278
vt 0.3536 0.8219
vt 0.3487 0.8309
vt 0.3596 0.8371
vt 0.4109 0.8388
vt 0.4227 0.8383
vt 0.4218 0.8279
vt 0.4090 0.8280
vt 0.3435 0.8134
vt 0.3367 0.8231
vt 0.4354 0.8402
vt 0.4358 0.8284
vt 0.3743 0.8644
vt 0.3738 0.8583
vt 0.3834 0.8600
vt 0.3845 0.8651
vt 0.3674 0.8481
vt 0.3747 0.8475
vt 0.3740 0.8529
vt 0.3835 0.8541
vt 0.3842 0.8478
vt 0.3852 0.8398
vt 0.3762 0.8391
vt 0.3677 0.8379
vt 0.3865 0.8294
vt 0.3780 0.8300
vt 0.3720 0.8291
vt 0.3778 0.8230
vt 0.3864 0.8201
vt 0.3833 0.8114
vt 0.3703 0.8178
vt 0.3604 0.8492
vt 0.3596 0.8371
vt 0.3635 0.8279
vt 0.3657 0.8591
vt 0.3944 0.8630
vt 0.3934 0.8589
vt 0.4010 0.8496
vt 0.3931 0.8537
vt 0.3936 0.8487
vt 0.3944 0.8400
vt 0.4026 0.8392
vt 0.3945 0.8300
vt 0.4006 0.8287
vt 0.3953 0.8218
vt 0.3990 0.8157
vt 0.4111 0.8388
vt 0.4092 0.8504
vt 0.4089 0.8279
vt 0.4032 0.8589
vt 0.3484 0.8308
vt 0.3536 0.8219
vt 0.4218 0.8276
vt 0.4225 0.8382
vt 0.3367 0.8231
vt 0.3435 0.8134
vt 0.4359 0.8283
vt 0.4355 0.8402
vt 0.6132 0.2302
vt 0.6132 0.2494
vt 0.6048 0.2512
vt 0.6048 0.2320
vt 0.6132 0.2649
vt 0.6048 0.2667
vt 0.6132 0.2736
vt 0.6048 0.2754
vt 0.6060 0.1299
vt 0.6135 0.1288
vt 0.6132 0.1965
vt 0.6048 0.1984
vt 0.6224 0.2301
vt 0.6248 0.2493
vt 0.5935 0.2493
vt 0.5937 0.2301
vt 0.6249 0.2648
vt 0.5935 0.2648
vt 0.6224 0.2735
vt 0.5954 0.2735
vt 0.6260 0.1288
vt 0.6215 0.1964
vt 0.5952 0.1964
vt 0.5931 0.1313
vt 0.6132 0.2302
vt 0.6049 0.2320
vt 0.6049 0.2513
vt 0.6132 0.2494
vt 0.6049 0.2667
vt 0.6132 0.2649
vt 0.6049 0.2754
vt 0.6132 0.2736
vt 0.6061 0.1299
vt 0.6049 0.1984
vt 0.6132 0.1965
vt 0.6135 0.1288
vt 0.6224 0.2301
vt 0.6249 0.2493
vt 0.5936 0.2493
vt 0.5938 0.2301
vt 0.6249 0.2648
vt 0.5936 0.2648
vt 0.6224 0.2735
vt 0.5954 0.2735
vt 0.6216 0.1965
vt 0.6261 0.1288
vt 0.5931 0.1313
vt 0.5953 0.1965
vt 0.6126 0.0694
vt 0.6040 0.0714
vt 0.6040 0.0927
vt 0.6126 0.0907
vt 0.6040 0.1098
vt 0.6126 0.1078
vt 0.6040 0.1195
vt 0.6126 0.1174
vt 0.6150 0.0241
vt 0.6031 0.0262
vt 0.6235 0.0693
vt 0.6246 0.0906
vt 0.5923 0.0906
vt 0.5904 0.0693
vt 0.6246 0.1077
vt 0.5923 0.1077
vt 0.6220 0.1173
vt 0.5943 0.1173
vt 0.6268 0.0259
vt 0.5885 0.0248
vt 0.6126 0.0694
vt 0.6126 0.0907
vt 0.6040 0.0927
vt 0.6040 0.0715
vt 0.6126 0.1078
vt 0.6040 0.1098
vt 0.6126 0.1175
vt 0.6040 0.1195
vt 0.6150 0.0242
vt 0.6031 0.0262
vt 0.6235 0.0693
vt 0.6245 0.0906
vt 0.5923 0.0906
vt 0.5903 0.0693
vt 0.6246 0.1077
vt 0.5923 0.1077
vt 0.6220 0.1174
vt 0.5942 0.1174
vt 0.6267 0.0260
vt 0.5885 0.0248
vt 0.5239 0.5346
vt 0.5331 0.5323
vt 0.5346 0.5373
vt 0.5269 0.5390
vt 0.5491 0.5330
vt 0.5577 0.5334
vt 0.5567 0.5397
vt 0.5484 0.5394
vt 0.5904 0.5384
vt 0.5890 0.5443
vt 0.5827 0.5436
vt 0.5847 0.5398
vt 0.5339 0.5409
vt 0.5299 0.5427
vt 0.5556 0.5455
vt 0.5475 0.5460
vt 0.5875 0.5497
vt 0.5825 0.5494
vt 0.5325 0.5479
vt 0.5300 0.5502
vt 0.5565 0.5509
vt 0.5461 0.5511
vt 0.5884 0.5560
vt 0.5829 0.5549
vt 0.5710 0.5387
vt 0.5689 0.5441
vt 0.5692 0.5488
vt 0.5686 0.5537
vt 0.6196 0.5508
vt 0.6172 0.5564
vt 0.6093 0.5522
vt 0.6116 0.5461
vt 0.5981 0.5398
vt 0.5962 0.5456
vt 0.5789 0.5409
vt 0.5772 0.5459
vt 0.6134 0.5631
vt 0.6065 0.5592
vt 0.5967 0.5545
vt 0.5765 0.5500
vt 0.6118 0.5663
vt 0.6058 0.5636
vt 0.5978 0.5606
vt 0.5764 0.5552
vt 0.6261 0.5554
vt 0.6228 0.5609
vt 0.6192 0.5668
vt 0.6161 0.5689
vt 0.5393 0.5311
vt 0.5392 0.5367
vt 0.5112 0.5522
vt 0.5056 0.5614
vt 0.4985 0.5564
vt 0.5075 0.5459
vt 0.5206 0.5450
vt 0.5171 0.5386
vt 0.5375 0.5406
vt 0.5160 0.5554
vt 0.5091 0.5640
vt 0.5232 0.5492
vt 0.5370 0.5477
vt 0.5185 0.5586
vt 0.5114 0.5646
vt 0.5255 0.5539
vt 0.5009 0.5652
vt 0.4956 0.5616
vt 0.5073 0.5675
vt 0.5107 0.5690
vt 0.5370 0.5864
vt 0.5372 0.5808
vt 0.5445 0.5792
vt 0.5447 0.5843
vt 0.5573 0.5848
vt 0.5574 0.5787
vt 0.5650 0.5809
vt 0.5645 0.5868
vt 0.5966 0.5941
vt 0.5910 0.5914
vt 0.5903 0.5868
vt 0.5966 0.5878
vt 0.5382 0.5762
vt 0.5434 0.5758
vt 0.5569 0.5723
vt 0.5647 0.5753
vt 0.5916 0.5811
vt 0.5962 0.5821
vt 0.5343 0.5703
vt 0.5390 0.5714
vt 0.5553 0.5665
vt 0.5664 0.5701
vt 0.5927 0.5757
vt 0.5978 0.5756
vt 0.5780 0.5868
vt 0.5777 0.5809
vt 0.5787 0.5765
vt 0.5791 0.5719
vt 0.6276 0.5855
vt 0.6192 0.5895
vt 0.6175 0.5831
vt 0.6258 0.5798
vt 0.6048 0.5942
vt 0.6037 0.5879
vt 0.5860 0.5825
vt 0.5858 0.5882
vt 0.6157 0.5755
vt 0.6228 0.5726
vt 0.6056 0.5789
vt 0.5859 0.5784
vt 0.6155 0.5709
vt 0.6217 0.5691
vt 0.6074 0.5726
vt 0.5867 0.5736
vt 0.6345 0.5815
vt 0.6318 0.5759
vt 0.6290 0.5698
vt 0.6264 0.5673
vt 0.5492 0.5849
vt 0.5487 0.5797
vt 0.5173 0.5798
vt 0.5190 0.5872
vt 0.5058 0.5865
vt 0.5070 0.5775
vt 0.5302 0.5867
vt 0.5289 0.5792
vt 0.5467 0.5759
vt 0.5188 0.5739
vt 0.5076 0.5730
vt 0.5285 0.5742
vt 0.5447 0.5695
vt 0.5184 0.5696
vt 0.5086 0.5710
vt 0.5276 0.5691
vt 0.5014 0.5789
vt 0.5005 0.5852
vt 0.5033 0.5724
vt 0.5041 0.5689
vt 0.5167 0.8918
vt 0.5193 0.8736
vt 0.5141 0.8737
vt 0.5206 0.8917
vt 0.5227 0.9171
vt 0.5262 0.9116
vt 0.5225 0.9112
vt 0.5263 0.9177
vt 0.5144 0.9473
vt 0.5172 0.9574
vt 0.5177 0.9467
vt 0.5155 0.9577
vt 0.5129 0.9678
vt 0.5136 0.9576
vt 0.5167 0.9681
vt 0.5240 0.9029
vt 0.5196 0.9032
vt 0.5202 0.9231
vt 0.5239 0.9232
vt 0.5188 0.9338
vt 0.5157 0.9345
vt 0.5168 0.9808
vt 0.5119 0.9810
vt 0.5155 0.9942
vt 0.5110 0.9928
vt 0.5130 0.8510
vt 0.5181 0.8381
vt 0.5124 0.8368
vt 0.5180 0.8513
vt 0.5183 0.8652
vt 0.5132 0.8645
vt 0.5180 0.8993
vt 0.5233 0.8994
vt 0.5150 0.8309
vt 0.5116 0.8304
vt 0.5176 0.8249
vt 0.5178 0.8315
vt 0.5107 0.8239
vt 0.5167 0.8918
vt 0.5141 0.8737
vt 0.5193 0.8736
vt 0.5193 0.8736
vt 0.5206 0.8917
vt 0.5167 0.8918
vt 0.5227 0.9171
vt 0.5225 0.9112
vt 0.5262 0.9116
vt 0.5262 0.9116
vt 0.5263 0.9177
vt 0.5227 0.9171
vt 0.5144 0.9473
vt 0.5172 0.9574
vt 0.5155 0.9577
vt 0.5172 0.9574
vt 0.5144 0.9473
vt 0.5177 0.9467
vt 0.5129 0.9678
vt 0.5155 0.9577
vt 0.5167 0.9681
vt 0.5155 0.9577
vt 0.5129 0.9678
vt 0.5136 0.9576
vt 0.5225 0.9112
vt 0.5196 0.9032
vt 0.5240 0.9029
vt 0.5240 0.9029
vt 0.5262 0.9116
vt 0.5225 0.9112
vt 0.5263 0.9177
vt 0.5239 0.9232
vt 0.5202 0.9231
vt 0.5202 0.9231
vt 0.5227 0.9171
vt 0.5263 0.9177
vt 0.5202 0.9231
vt 0.5239 0.9232
vt 0.5188 0.9338
vt 0.5188 0.9338
vt 0.5157 0.9345
vt 0.5202 0.9231
vt 0.5157 0.9345
vt 0.5188 0.9338
vt 0.5177 0.9467
vt 0.5177 0.9467
vt 0.5144 0.9473
vt 0.5157 0.9345
vt 0.5168 0.9808
vt 0.5119 0.9810
vt 0.5129 0.9678
vt 0.5129 0.9678
vt 0.5167 0.9681
vt 0.5168 0.9808
vt 0.5155 0.9942
vt 0.5110 0.9928
vt 0.5119 0.9810
vt 0.5119 0.9810
vt 0.5168 0.9808
vt 0.5155 0.9942
vt 0.5130 0.8510
vt 0.5124 0.8368
vt 0.5181 0.8381
vt 0.5181 0.8381
vt 0.5180 0.8513
vt 0.5130 0.8510
vt 0.5141 0.8737
vt 0.5132 0.8645
vt 0.5183 0.8652
vt 0.5183 0.8652
vt 0.5193 0.8736
vt 0.5141 0.8737
vt 0.5206 0.8917
vt 0.5233 0.8994
vt 0.5180 0.8993
vt 0.5180 0.8993
vt 0.5167 0.8918
vt 0.5206 0.8917
vt 0.5233 0.8994
vt 0.5240 0.9029
vt 0.5196 0.9032
vt 0.5196 0.9032
vt 0.5180 0.8993
vt 0.5233 0.8994
vt 0.5124 0.8368
vt 0.5116 0.8304
vt 0.5150 0.8309
vt 0.5176 0.8249
vt 0.5178 0.8315
vt 0.5150 0.8309
vt 0.5180 0.8513
vt 0.5183 0.8652
vt 0.5132 0.8645
vt 0.5132 0.8645
vt 0.5130 0.8510
vt 0.5180 0.8513
vt 0.5176 0.8249
vt 0.5116 0.8304
vt 0.5107 0.8239
vt 0.5116 0.8304
vt 0.5176 0.8249
vt 0.5150 0.8309
vt 0.5181 0.8381
vt 0.5150 0.8309
vt 0.5178 0.8315
vt 0.5150 0.8309
vt 0.5181 0.8381
vt 0.5124 0.8368
vt 0.5172 0.9574
vt 0.5167 0.9681
vt 0.5155 0.9577
vt 0.5136 0.9576
vt 0.5144 0.9473
vt 0.5155 0.9577
vt 0.6822 0.0212
vt 0.6884 0.0232
vt 0.6887 0.0276
vt 0.6833 0.0358
vt 0.6891 0.0329
vt 0.7009 0.0235
vt 0.7149 0.0231
vt 0.7152 0.0263
vt 0.7014 0.0316
vt 0.7154 0.0306
vt 0.7606 0.0922
vt 0.7660 0.0922
vt 0.7676 0.0995
vt 0.7590 0.0995
vt 0.7660 0.1069
vt 0.7606 0.1069
vt 0.7666 0.0085
vt 0.7779 0.0085
vt 0.7765 0.1002
vt 0.7680 0.1002
vt 0.7772 0.1208
vt 0.7673 0.1208
vt 0.7648 0.0087
vt 0.7478 0.0087
vt 0.7478 0.0996
vt 0.7584 0.0996
vt 0.7307 0.0087
vt 0.7371 0.0996
vt 0.7478 0.1200
vt 0.7617 0.1200
vt 0.7338 0.1200
vt 0.7779 0.0085
vt 0.7666 0.0085
vt 0.7680 0.1002
vt 0.7765 0.1002
vt 0.7673 0.1208
vt 0.7772 0.1208
vt 0.7307 0.0087
vt 0.7478 0.0087
vt 0.7478 0.0996
vt 0.7371 0.0996
vt 0.7648 0.0087
vt 0.7584 0.0996
vt 0.7478 0.1200
vt 0.7338 0.1200
vt 0.7617 0.1200
vt 0.7873 0.1297
vt 0.7873 0.1761
vt 0.7227 0.1761
vt 0.7215 0.1300
vt 0.7046 0.0434
vt 0.7013 0.0363
vt 0.7232 0.0347
vt 0.6999 0.0188
vt 0.7025 0.0121
vt 0.7221 0.0201
vt 0.7873 0.1297
vt 0.7227 0.1761
vt 0.7873 0.1761
vt 0.7873 0.1297
vt 0.7215 0.1300
vt 0.7227 0.1761
vt 0.4158 0.7056
vt 0.4103 0.7004
vt 0.4158 0.7023
vt 0.4228 0.7039
vt 0.4207 0.7005
vt 0.4252 0.6998
vt 0.4362 0.6950
vt 0.4345 0.7083
vt 0.4228 0.6943
vt 0.4265 0.6949
vt 0.4065 0.7066
vt 0.4065 0.6982
vt 0.4065 0.6919
vt 0.4065 0.6867
vt 0.4103 0.6873
vt 0.4100 0.6931
vt 0.4365 0.6923
vt 0.4302 0.6927
vt 0.4283 0.6887
vt 0.4349 0.6882
vt 0.4065 0.7202
vt 0.4164 0.7146
vt 0.4343 0.6809
vt 0.4218 0.6804
vt 0.4308 0.6759
vt 0.4065 0.6775
vt 0.4118 0.6792
vt 0.4064 0.6799
vt 0.4065 0.6737
vt 0.4143 0.6755
vt 0.4269 0.6835
vt 0.4181 0.6851
vt 0.4179 0.6873
vt 0.4136 0.6885
vt 0.4133 0.6850
vt 0.4208 0.6770
vt 0.4293 0.6734
vt 0.4205 0.6734
vt 0.4141 0.6720
vt 0.4065 0.6703
vt 0.4164 0.6937
vt 0.4211 0.6896
vt 0.4235 0.6873
vt 0.4258 0.6917
vt 0.4300 0.7187
vt 0.4243 0.7293
vt 0.4193 0.7242
vt 0.4174 0.7411
vt 0.4065 0.7329
vt 0.4149 0.6675
vt 0.4204 0.6695
vt 0.4302 0.6953
vt 0.4161 0.6800
vt 0.4065 0.6647
vt 0.4361 0.7345
vt 0.4320 0.7473
vt 0.4401 0.7241
vt 0.4482 0.7350
vt 0.4489 0.7485
vt 0.4496 0.7252
vt 0.4571 0.7309
vt 0.4652 0.7418
vt 0.4644 0.7200
vt 0.4537 0.7152
vt 0.4573 0.7013
vt 0.4668 0.7045
vt 0.4779 0.7259
vt 0.4466 0.6937
vt 0.4446 0.7110
vt 0.4812 0.7054
vt 0.4615 0.6918
vt 0.4764 0.6926
vt 0.4525 0.6854
vt 0.4657 0.6793
vt 0.4499 0.6838
vt 0.4433 0.6698
vt 0.4430 0.6633
vt 0.4546 0.6695
vt 0.4268 0.6702
vt 0.4476 0.6572
vt 0.4473 0.6796
vt 0.4447 0.6787
vt 0.4084 0.6849
vt 0.3971 0.7056
vt 0.3972 0.7023
vt 0.4026 0.7004
vt 0.3902 0.7039
vt 0.3877 0.6998
vt 0.3922 0.7005
vt 0.3784 0.7083
vt 0.3767 0.6950
vt 0.3865 0.6949
vt 0.3901 0.6942
vt 0.4029 0.6931
vt 0.4027 0.6873
vt 0.3764 0.6923
vt 0.3780 0.6882
vt 0.3846 0.6887
vt 0.3827 0.6927
vt 0.3966 0.7146
vt 0.3786 0.6809
vt 0.3821 0.6759
vt 0.3912 0.6804
vt 0.4064 0.6798
vt 0.4011 0.6792
vt 0.3986 0.6755
vt 0.3860 0.6835
vt 0.3948 0.6851
vt 0.3996 0.6850
vt 0.3993 0.6885
vt 0.3950 0.6873
vt 0.3921 0.6770
vt 0.3836 0.6734
vt 0.3924 0.6734
vt 0.3988 0.6720
vt 0.3965 0.6937
vt 0.3918 0.6897
vt 0.3895 0.6873
vt 0.3871 0.6917
vt 0.4300 0.7187
vt 0.4193 0.7242
vt 0.4243 0.7293
vt 0.3937 0.7242
vt 0.3926 0.6695
vt 0.3980 0.6675
vt 0.3827 0.6953
vt 0.3968 0.6800
vt 0.4361 0.7345
vt 0.4401 0.7241
vt 0.4482 0.7350
vt 0.4496 0.7252
vt 0.4571 0.7309
vt 0.4644 0.7200
vt 0.4668 0.7045
vt 0.4573 0.7013
vt 0.4537 0.7152
vt 0.4345 0.7083
vt 0.4446 0.7110
vt 0.4466 0.6937
vt 0.4362 0.6950
vt 0.4615 0.6918
vt 0.4525 0.6854
vt 0.4499 0.6838
vt 0.4433 0.6698
vt 0.4430 0.6633
vt 0.3829 0.7187
vt 0.4365 0.6923
vt 0.4349 0.6882
vt 0.3862 0.6702
vt 0.4343 0.6809
vt 0.4447 0.6787
vt 0.4473 0.6796
vt 0.4044 0.6851
vt 0.4060 0.6843
vt 0.4070 0.6843
vt 0.3952 0.7475
vt 0.3950 0.7433
vt 0.3889 0.7410
vt 0.3880 0.7460
vt 0.3795 0.7379
vt 0.3795 0.7442
vt 0.4049 0.7475
vt 0.4021 0.7440
vt 0.3952 0.7475
vt 0.3880 0.7460
vt 0.3889 0.7410
vt 0.3950 0.7433
vt 0.4021 0.7440
vt 0.4049 0.7475
vt 0.4330 0.6556
vt 0.4358 0.6616
vt 0.4323 0.6625
vt 0.4280 0.6581
vt 0.4239 0.6547
vt 0.4285 0.6547
vt 0.4302 0.6497
vt 0.4198 0.6518
vt 0.4203 0.6480
vt 0.4121 0.6549
vt 0.4122 0.6517
vt 0.4115 0.6473
vt 0.4065 0.6521
vt 0.4065 0.6475
vt 0.4124 0.6455
vt 0.4065 0.6448
vt 0.4421 0.6615
vt 0.4396 0.6619
vt 0.4351 0.6539
vt 0.4317 0.6460
vt 0.4204 0.6460
vt 0.4270 0.6584
vt 0.4303 0.6682
vt 0.4290 0.6684
vt 0.4226 0.6555
vt 0.4192 0.6547
vt 0.4608 0.6550
vt 0.4637 0.6571
vt 0.4653 0.6549
vt 0.4593 0.6492
vt 0.4548 0.6550
vt 0.4563 0.6627
vt 0.4564 0.6631
vt 0.4584 0.6559
vt 0.4511 0.6525
vt 0.4561 0.6433
vt 0.4475 0.6448
vt 0.4483 0.6519
vt 0.4134 0.6430
vt 0.4065 0.6419
vt 0.4424 0.6489
vt 0.4422 0.6438
vt 0.4379 0.6441
vt 0.4379 0.6492
vt 0.4425 0.6520
vt 0.4379 0.6525
vt 0.4065 0.6554
vt 0.4397 0.6643
vt 0.4219 0.6583
vt 0.4188 0.6576
vt 0.4115 0.6584
vt 0.4065 0.6591
vt 0.4330 0.6556
vt 0.4280 0.6581
vt 0.4323 0.6625
vt 0.4358 0.6616
vt 0.4285 0.6547
vt 0.4239 0.6547
vt 0.4302 0.6497
vt 0.3891 0.6547
vt 0.3844 0.6547
vt 0.3931 0.6518
vt 0.3926 0.6480
vt 0.3828 0.6497
vt 0.4007 0.6517
vt 0.4008 0.6549
vt 0.4015 0.6473
vt 0.4005 0.6455
vt 0.4421 0.6615
vt 0.4351 0.6539
vt 0.4396 0.6619
vt 0.4317 0.6460
vt 0.3812 0.6460
vt 0.3925 0.6460
vt 0.4270 0.6584
vt 0.4290 0.6684
vt 0.4303 0.6682
vt 0.4226 0.6555
vt 0.3937 0.6547
vt 0.3903 0.6555
vt 0.4653 0.6549
vt 0.4637 0.6571
vt 0.4608 0.6550
vt 0.4584 0.6559
vt 0.4564 0.6631
vt 0.4563 0.6627
vt 0.4548 0.6550
vt 0.4593 0.6492
vt 0.4511 0.6525
vt 0.4561 0.6433
vt 0.4475 0.6448
vt 0.4483 0.6519
vt 0.3996 0.6430
vt 0.4424 0.6489
vt 0.4422 0.6438
vt 0.4425 0.6520
vt 0.4397 0.6643
vt 0.3910 0.6583
vt 0.3941 0.6576
vt 0.4014 0.6584
vt 0.3967 0.7336
vt 0.3975 0.7304
vt 0.3937 0.7296
vt 0.3933 0.7328
vt 0.3858 0.7298
vt 0.3852 0.7337
vt 0.3795 0.7303
vt 0.3795 0.7345
vt 0.3967 0.7336
vt 0.3933 0.7328
vt 0.3937 0.7296
vt 0.3975 0.7304
vt 0.3858 0.7298
vt 0.3852 0.7337
vt 0.2949 0.7006
vt 0.2956 0.7103
vt 0.2847 0.7164
vt 0.2847 0.7017
vt 0.3106 0.7148
vt 0.3043 0.7263
vt 0.2987 0.7207
vt 0.2847 0.7301
vt 0.2966 0.7390
vt 0.3127 0.7458
vt 0.3173 0.7318
vt 0.3217 0.7206
vt 0.3313 0.7470
vt 0.3306 0.7324
vt 0.3322 0.7218
vt 0.3404 0.7280
vt 0.3493 0.7398
vt 0.3633 0.7226
vt 0.3484 0.7161
vt 0.3155 0.7036
vt 0.3266 0.7065
vt 0.3366 0.7110
vt 0.3026 0.6988
vt 0.2744 0.7006
vt 0.2738 0.7103
vt 0.3106 0.7148
vt 0.2987 0.7207
vt 0.3043 0.7263
vt 0.2706 0.7207
vt 0.3173 0.7318
vt 0.3217 0.7206
vt 0.3306 0.7324
vt 0.3322 0.7218
vt 0.3404 0.7280
vt 0.3484 0.7161
vt 0.3266 0.7065
vt 0.3155 0.7036
vt 0.3366 0.7110
vt 0.2538 0.7036
vt 0.2667 0.6988
vt 0.2587 0.7148
vt 0.3491 0.7020
vt 0.3640 0.7084
vt 0.3162 0.6894
vt 0.3273 0.6923
vt 0.3373 0.6968
vt 0.3033 0.6847
vt 0.3491 0.7020
vt 0.3273 0.6923
vt 0.3162 0.6894
vt 0.3373 0.6968
vt 0.2545 0.6894
vt 0.2674 0.6847
vt 0.3508 0.6557
vt 0.3657 0.6621
vt 0.3179 0.6431
vt 0.3290 0.6460
vt 0.3390 0.6505
vt 0.3050 0.6383
vt 0.3508 0.6557
vt 0.3290 0.6460
vt 0.3179 0.6431
vt 0.3390 0.6505
vt 0.2562 0.6431
vt 0.2691 0.6383
vt 0.2949 0.7006
vt 0.2847 0.7164
vt 0.2956 0.7103
vt 0.2847 0.7164
vt 0.2949 0.7006
vt 0.2847 0.7017
vt 0.3106 0.7148
vt 0.2987 0.7207
vt 0.3043 0.7263
vt 0.2847 0.7301
vt 0.3043 0.7263
vt 0.2987 0.7207
vt 0.3043 0.7263
vt 0.2847 0.7301
vt 0.2966 0.7390
vt 0.2987 0.7207
vt 0.2847 0.7164
vt 0.2847 0.7301
vt 0.2847 0.7164
vt 0.2987 0.7207
vt 0.2956 0.7103
vt 0.3127 0.7458
vt 0.3043 0.7263
vt 0.2966 0.7390
vt 0.3043 0.7263
vt 0.3127 0.7458
vt 0.3173 0.7318
vt 0.3173 0.7318
vt 0.3106 0.7148
vt 0.3043 0.7263
vt 0.3106 0.7148
vt 0.3173 0.7318
vt 0.3217 0.7206
vt 0.3313 0.7470
vt 0.3173 0.7318
vt 0.3127 0.7458
vt 0.3173 0.7318
vt 0.3313 0.7470
vt 0.3306 0.7324
vt 0.3306 0.7324
vt 0.3217 0.7206
vt 0.3173 0.7318
vt 0.3217 0.7206
vt 0.3306 0.7324
vt 0.3322 0.7218
vt 0.3404 0.7280
vt 0.3313 0.7470
vt 0.3493 0.7398
vt 0.3313 0.7470
vt 0.3404 0.7280
vt 0.3306 0.7324
vt 0.3633 0.7226
vt 0.3404 0.7280
vt 0.3493 0.7398
vt 0.3404 0.7280
vt 0.3633 0.7226
vt 0.3484 0.7161
vt 0.3217 0.7206
vt 0.3155 0.7036
vt 0.3106 0.7148
vt 0.3155 0.7036
vt 0.3217 0.7206
vt 0.3266 0.7065
vt 0.3322 0.7218
vt 0.3266 0.7065
vt 0.3217 0.7206
vt 0.3266 0.7065
vt 0.3322 0.7218
vt 0.3366 0.7110
vt 0.3155 0.7036
vt 0.3026 0.6988
vt 0.3106 0.7148
vt 0.3106 0.7148
vt 0.2956 0.7103
vt 0.2987 0.7207
vt 0.2949 0.7006
vt 0.2956 0.7103
vt 0.3026 0.6988
vt 0.3366 0.7110
vt 0.3322 0.7218
vt 0.3484 0.7161
vt 0.3322 0.7218
vt 0.3404 0.7280
vt 0.3484 0.7161
vt 0.3322 0.7218
vt 0.3306 0.7324
vt 0.3404 0.7280
vt 0.3106 0.7148
vt 0.3026 0.6988
vt 0.2956 0.7103
vt 0.2744 0.7006
vt 0.2847 0.7164
vt 0.2847 0.7017
vt 0.2847 0.7164
vt 0.2744 0.7006
vt 0.2738 0.7103
vt 0.3106 0.7148
vt 0.3043 0.7263
vt 0.2987 0.7207
vt 0.2847 0.7301
vt 0.3043 0.7263
vt 0.2966 0.7390
vt 0.3043 0.7263
vt 0.2847 0.7301
vt 0.2987 0.7207
vt 0.2706 0.7207
vt 0.2847 0.7164
vt 0.2738 0.7103
vt 0.2847 0.7164
vt 0.2706 0.7207
vt 0.2847 0.7301
vt 0.3127 0.7458
vt 0.3043 0.7263
vt 0.3173 0.7318
vt 0.3043 0.7263
vt 0.3127 0.7458
vt 0.2966 0.7390
vt 0.3173 0.7318
vt 0.3106 0.7148
vt 0.3217 0.7206
vt 0.3106 0.7148
vt 0.3173 0.7318
vt 0.3043 0.7263
vt 0.3313 0.7470
vt 0.3173 0.7318
vt 0.3306 0.7324
vt 0.3173 0.7318
vt 0.3313 0.7470
vt 0.3127 0.7458
vt 0.3306 0.7324
vt 0.3217 0.7206
vt 0.3322 0.7218
vt 0.3217 0.7206
vt 0.3306 0.7324
vt 0.3173 0.7318
vt 0.3404 0.7280
vt 0.3313 0.7470
vt 0.3306 0.7324
vt 0.3313 0.7470
vt 0.3404 0.7280
vt 0.3493 0.7398
vt 0.3633 0.7226
vt 0.3404 0.7280
vt 0.3484 0.7161
vt 0.3404 0.7280
vt 0.3633 0.7226
vt 0.3493 0.7398
vt 0.3217 0.7206
vt 0.3155 0.7036
vt 0.3266 0.7065
vt 0.3155 0.7036
vt 0.3217 0.7206
vt 0.3106 0.7148
vt 0.3322 0.7218
vt 0.3266 0.7065
vt 0.3366 0.7110
vt 0.3266 0.7065
vt 0.3322 0.7218
vt 0.3217 0.7206
vt 0.2538 0.7036
vt 0.2587 0.7148
vt 0.2667 0.6988
vt 0.2587 0.7148
vt 0.2706 0.7207
vt 0.2738 0.7103
vt 0.2744 0.7006
vt 0.2667 0.6988
vt 0.2738 0.7103
vt 0.3366 0.7110
vt 0.3484 0.7161
vt 0.3322 0.7218
vt 0.3322 0.7218
vt 0.3484 0.7161
vt 0.3404 0.7280
vt 0.3322 0.7218
vt 0.3404 0.7280
vt 0.3306 0.7324
vt 0.2587 0.7148
vt 0.2738 0.7103
vt 0.2667 0.6988
vt 0.3484 0.7161
vt 0.3633 0.7226
vt 0.3640 0.7084
vt 0.3640 0.7084
vt 0.3491 0.7020
vt 0.3484 0.7161
vt 0.3155 0.7036
vt 0.3266 0.7065
vt 0.3273 0.6923
vt 0.3273 0.6923
vt 0.3162 0.6894
vt 0.3155 0.7036
vt 0.3266 0.7065
vt 0.3366 0.7110
vt 0.3373 0.6968
vt 0.3373 0.6968
vt 0.3273 0.6923
vt 0.3266 0.7065
vt 0.3026 0.6988
vt 0.3155 0.7036
vt 0.3162 0.6894
vt 0.3162 0.6894
vt 0.3033 0.6847
vt 0.3026 0.6988
vt 0.3484 0.7161
vt 0.3491 0.7020
vt 0.3373 0.6968
vt 0.3373 0.6968
vt 0.3366 0.7110
vt 0.3484 0.7161
vt 0.3633 0.7226
vt 0.3484 0.7161
vt 0.3491 0.7020
vt 0.3491 0.7020
vt 0.3640 0.7084
vt 0.3633 0.7226
vt 0.3155 0.7036
vt 0.3162 0.6894
vt 0.3273 0.6923
vt 0.3273 0.6923
vt 0.3266 0.7065
vt 0.3155 0.7036
vt 0.3366 0.7110
vt 0.3266 0.7065
vt 0.3273 0.6923
vt 0.3273 0.6923
vt 0.3373 0.6968
vt 0.3366 0.7110
vt 0.2667 0.6988
vt 0.2674 0.6847
vt 0.2545 0.6894
vt 0.2545 0.6894
vt 0.2538 0.7036
vt 0.2667 0.6988
vt 0.3484 0.7161
vt 0.3366 0.7110
vt 0.3373 0.6968
vt 0.3373 0.6968
vt 0.3491 0.7020
vt 0.3484 0.7161
vt 0.3491 0.7020
vt 0.3640 0.7084
vt 0.3657 0.6621
vt 0.3657 0.6621
vt 0.3508 0.6557
vt 0.3491 0.7020
vt 0.3179 0.6431
vt 0.3162 0.6894
vt 0.3273 0.6923
vt 0.3273 0.6923
vt 0.3290 0.6460
vt 0.3179 0.6431
vt 0.3290 0.6460
vt 0.3273 0.6923
vt 0.3373 0.6968
vt 0.3373 0.6968
vt 0.3390 0.6505
vt 0.3290 0.6460
vt 0.3033 0.6847
vt 0.3162 0.6894
vt 0.3179 0.6431
vt 0.3179 0.6431
vt 0.3050 0.6383
vt 0.3033 0.6847
vt 0.3390 0.6505
vt 0.3373 0.6968
vt 0.3491 0.7020
vt 0.3491 0.7020
vt 0.3508 0.6557
vt 0.3390 0.6505
vt 0.3640 0.7084
vt 0.3491 0.7020
vt 0.3508 0.6557
vt 0.3508 0.6557
vt 0.3657 0.6621
vt 0.3640 0.7084
vt 0.3290 0.6460
vt 0.3273 0.6923
vt 0.3162 0.6894
vt 0.3162 0.6894
vt 0.3179 0.6431
vt 0.3290 0.6460
vt 0.3373 0.6968
vt 0.3273 0.6923
vt 0.3290 0.6460
vt 0.3290 0.6460
vt 0.3390 0.6505
vt 0.3373 0.6968
vt 0.2562 0.6431
vt 0.2545 0.6894
vt 0.2674 0.6847
vt 0.2674 0.6847
vt 0.2691 0.6383
vt 0.2562 0.6431
vt 0.3491 0.7020
vt 0.3373 0.6968
vt 0.3390 0.6505
vt 0.3390 0.6505
vt 0.3508 0.6557
vt 0.3491 0.7020
vt -0.6156 0.0096
vt -0.6020 0.0096
vt -0.6021 0.0367
vt -0.6157 0.0367
vt -0.6021 0.0610
vt -0.6160 0.0624
vt -0.6017 0.0830
vt -0.6014 0.1051
vt -0.6163 0.1028
vt -0.6161 0.0826
vt -0.6099 0.1396
vt -0.6171 0.1396
vt -0.6174 0.0096
vt -0.6174 0.0367
vt -0.6177 0.0624
vt -0.6179 0.0826
vt -0.6180 0.1028
vt -0.6181 0.1396
vt -0.6310 0.0096
vt -0.6310 0.0367
vt -0.6310 0.0631
vt -0.6310 0.0821
vt -0.6310 0.1011
vt -0.6253 0.1396
vt -0.6021 0.0367
vt -0.6157 0.0367
vt -0.6021 0.0610
vt -0.6160 0.0624
vt -0.6099 0.1396
vt -0.6014 0.1051
vt -0.6163 0.1028
vt -0.6171 0.1396
vt -0.6174 0.0367
vt -0.6177 0.0624
vt -0.6181 0.1396
vt -0.6180 0.1028
vt -0.6310 0.0367
vt -0.6310 0.0631
vt -0.6253 0.1396
vt -0.6310 0.1011
vt -0.6161 0.0826
vt -0.6310 0.0821
vt -0.5989 0.1181
vt -0.5968 0.1181
vt -0.5968 0.0635
vt -0.5989 0.0635
vt -0.5905 0.1181
vt -0.5947 0.1181
vt -0.5947 0.0635
vt -0.5905 0.0635
vt -0.5947 0.1181
vt -0.5926 0.1181
vt -0.5926 0.0635
vt -0.5947 0.0635
vt -0.6186 0.1706
vt -0.6186 0.1706
vt -0.5947 0.0088
vt -0.5989 0.0088
vt -0.5968 0.0088
vt -0.5905 0.0088
vt -0.5947 0.0088
vt -0.5926 0.0088
vt -0.6017 0.0830
vt -0.6179 0.0826
vt -0.3401 0.5117
vt -0.3201 0.5073
vt -0.3401 0.5076
vt -0.3201 0.5115
vt -0.3401 0.5034
vt -0.3201 0.5073
vt -0.3401 0.5076
vt -0.3202 0.5031
vt -0.3179 0.5073
vt -0.3200 0.5020
vt -0.3403 0.5022
vt -0.3424 0.5076
vt -0.3202 0.5031
vt -0.3401 0.5034
vt -0.3201 0.5115
vt -0.3401 0.5117
vt -0.3424 0.5129
vt -0.3179 0.5126
vt -0.4578 0.3654
vt -0.4537 0.3765
vt -0.4580 0.3876
vt -0.4495 0.3877
vt -0.4501 0.3655
vt -0.4649 0.3764
vt -0.4701 0.3653
vt -0.4720 0.3875
vt -0.4702 0.3586
vt -0.4598 0.3567
vt -0.4581 0.3587
vt -0.4495 0.3588
vt -0.4616 0.3587
vt -0.4624 0.3654
vt -0.4495 0.3877
vt -0.4498 0.3766
vt -0.4495 0.3877
vt -0.4559 0.3765
vt -0.4634 0.3876
vt -0.4710 0.3764
vt -0.4629 0.3765
vt -0.4720 0.3875
vt -0.4634 0.3876
vt -0.4624 0.3654
vn -0.000900 0.173100 0.984900
vn -0.100400 0.094500 0.990400
vn 0.377200 0.280500 0.882600
vn 0.414300 0.256900 0.873100
vn -0.978100 -0.205600 0.032000
vn -0.933900 -0.353900 0.050700
vn -0.016700 0.201000 0.979400
vn 0.351700 0.360100 0.864000
vn -0.896700 -0.437100 0.069900
vn 0.553200 0.715300 0.426900
vn 0.425800 0.559600 0.711000
vn -0.601600 -0.241900 0.761300
vn -0.080100 0.096200 0.992100
vn -0.870700 -0.478000 0.115300
vn 0.349300 0.484500 0.802000
vn 0.390100 0.430900 0.813700
vn 0.395100 0.304900 0.866500
vn 0.477900 0.311500 0.821300
vn 0.483600 0.155700 0.861300
vn 0.523400 0.186500 0.831400
vn 0.260800 0.058000 0.963700
vn 0.436000 -0.032800 0.899300
vn 0.870500 0.317300 0.376200
vn 0.458800 0.094700 0.883400
vn 0.059800 0.128800 0.989800
vn 0.292500 0.348000 0.890700
vn 0.512500 -0.012200 0.858600
vn 0.153100 0.168600 0.973700
vn 0.450400 0.078200 0.889400
vn 0.263500 0.169700 0.949600
vn -0.999700 0.020100 -0.013900
vn -0.999100 0.040500 -0.014800
vn -0.970400 0.234300 -0.058900
vn 0.000200 0.150500 0.988600
vn -0.002200 0.150900 0.988500
vn 0.009200 0.138200 0.990400
vn 0.022800 0.123000 0.992100
vn 0.045500 0.140300 0.989000
vn 0.027000 0.188700 0.981700
vn 0.008300 0.209900 0.977700
vn -0.018900 0.190900 0.981400
vn -0.906200 0.415300 -0.079000
vn -0.938800 0.336200 -0.074100
vn -0.983900 0.175800 -0.030400
vn -0.928200 -0.364000 0.077400
vn -0.679400 -0.720000 0.141200
vn -0.021700 0.143200 0.989400
vn -0.021900 0.156500 0.987400
vn -0.045700 0.130300 0.990400
vn 0.249900 -0.952900 -0.171600
vn 0.973400 -0.087800 0.211300
vn 0.972000 -0.020700 0.234200
vn 0.933600 0.133100 0.332700
vn 0.956300 -0.244500 0.160100
vn 0.952500 -0.249600 0.174700
vn 0.737700 0.117100 -0.664800
vn 0.688700 0.028400 -0.724400
vn -0.229200 -0.270900 -0.934900
vn -0.419500 -0.226800 -0.878900
vn 0.620400 0.223000 -0.751900
vn 0.605600 0.326000 -0.725900
vn -0.017900 -0.085700 -0.996200
vn 0.737200 0.426100 -0.524300
vn -0.145900 -0.232100 -0.961700
vn -0.646200 -0.474500 -0.597600
vn 0.412200 0.510600 -0.754500
vn 0.485700 0.736900 -0.470200
vn 0.485200 0.732700 -0.477200
vn 0.092700 0.143900 -0.985200
vn 0.786000 0.341400 -0.515300
vn 0.779700 0.325200 -0.535000
vn 0.112200 -0.064200 -0.991600
vn 0.864400 0.057400 -0.499500
vn 0.907700 0.129700 -0.398900
vn 0.134500 -0.094000 -0.986400
vn 0.933100 -0.290900 -0.211200
vn 0.813300 -0.403300 -0.419300
vn 0.110300 -0.198500 -0.973800
vn 0.418800 0.394200 -0.818000
vn -0.048000 -0.172300 -0.983900
vn 0.816600 0.014200 -0.577000
vn 0.829900 -0.381100 -0.407400
vn 0.203800 -0.140000 -0.968900
vn 0.782200 -0.476200 -0.401700
vn 0.850700 -0.245000 -0.465000
vn 0.755700 -0.300900 -0.581700
vn -0.034800 -0.068900 -0.997000
vn 0.002300 -0.150900 -0.988500
vn 0.002000 -0.150800 -0.988600
vn 0.002100 -0.151100 -0.988500
vn -0.006300 -0.149400 -0.988700
vn -0.010900 -0.132400 -0.991100
vn -0.010400 -0.132400 -0.991100
vn -0.012200 -0.123300 -0.992300
vn -0.052700 -0.110900 -0.992400
vn -0.042000 -0.161300 -0.986000
vn -0.033900 -0.160800 -0.986400
vn -0.023100 -0.212300 -0.976900
vn -0.012100 -0.213800 -0.976800
vn -0.011300 -0.202900 -0.979100
vn 0.016100 -0.218100 -0.975800
vn 0.022600 -0.157000 -0.987300
vn 0.022300 -0.157100 -0.987300
vn 0.023300 -0.159700 -0.986900
vn 0.020800 -0.156900 -0.987400
vn 0.009000 -0.117000 -0.993100
vn 0.045700 -0.130300 -0.990400
vn 0.881000 -0.107800 -0.460600
vn 0.022700 -0.154400 -0.987700
vn 0.289900 -0.874200 0.389500
vn 0.874500 -0.070400 -0.479900
vn 0.982900 -0.060000 -0.173800
vn 0.985500 -0.115300 -0.124100
vn 0.957900 -0.284600 -0.038000
vn 0.961000 -0.275300 -0.025700
vn -0.963200 -0.163100 0.213600
vn -0.961000 0.275300 0.025800
vn -0.941200 0.324900 0.092200
vn -0.960300 -0.185000 -0.208800
vn -0.932200 0.271600 -0.239400
vn -0.956300 0.244500 -0.160100
vn 0.925300 -0.371300 0.076700
vn 0.980700 -0.178000 0.080700
vn 0.741100 -0.244100 0.625500
vn -0.765200 -0.589200 0.259400
vn -0.652500 -0.755400 -0.060200
vn -0.849300 -0.522300 -0.076200
vn -0.737400 -0.651200 0.179400
vn -0.910500 -0.402100 -0.096400
vn -0.809000 -0.073700 0.583200
vn 0.831800 0.048600 0.552800
vn 0.972700 0.221700 0.068800
vn -0.762800 -0.620500 0.181600
vn -0.980000 -0.180300 -0.084400
vn 0.836900 0.192700 0.512300
vn 0.835400 -0.235500 -0.496500
vn -0.614200 -0.569600 -0.546200
vn -0.657100 -0.644000 -0.391600
vn -0.677500 -0.009900 -0.735400
vn 0.911600 0.053700 -0.407600
vn -0.489200 -0.592700 -0.639800
vn 0.889300 0.338400 -0.307500
vn -0.131300 0.940600 0.313000
vn -0.248100 0.950900 0.184800
vn -0.511600 0.853500 0.099000
vn -0.560000 0.806100 0.190900
vn -0.545200 0.555000 0.628200
vn -0.776700 0.564600 0.279200
vn -0.892500 0.316800 0.320900
vn -0.622600 0.289300 0.727000
vn -0.804100 0.154800 0.574000
vn -0.588300 0.071800 0.805400
vn 0.016700 0.474100 0.880300
vn -0.068100 0.196500 0.978100
vn -0.079700 0.000900 0.996800
vn 0.567100 0.321800 0.758200
vn 0.521800 0.093400 0.847900
vn 0.496700 -0.093600 0.862800
vn 0.850900 0.282000 0.443300
vn 0.838800 0.027000 0.543700
vn 0.859400 -0.268900 0.434900
vn 0.884300 0.346000 0.313400
vn 0.862900 0.098900 0.495600
vn 0.942500 -0.281900 0.179200
vn 0.532800 0.743900 0.403300
vn -0.074300 0.803700 0.590300
vn 0.693600 0.693400 0.195200
vn 0.784900 -0.362100 0.502800
vn 0.874800 -0.483300 0.032900
vn 0.531700 -0.167900 0.830100
vn 0.010500 -0.101300 0.994800
vn -0.532200 -0.058500 0.844600
vn -0.837900 0.542700 -0.056900
vn -0.962100 0.270500 -0.034100
vn -0.646000 0.756800 -0.099900
vn -0.523700 0.843700 -0.117900
vn -0.164600 0.795800 -0.582700
vn -0.581300 0.711300 -0.395000
vn -0.527000 0.785000 -0.325600
vn -0.272900 0.848200 -0.454000
vn -0.595800 0.332900 -0.730800
vn -0.636200 0.029800 -0.770900
vn -0.902700 0.187000 -0.387400
vn -0.798800 0.458100 -0.389900
vn -0.548800 -0.205200 -0.810400
vn -0.782500 -0.049700 -0.620600
vn -0.058100 0.184100 -0.981200
vn -0.087500 -0.117400 -0.989200
vn -0.032300 -0.313800 -0.948900
vn 0.502100 0.081700 -0.860900
vn 0.516900 -0.171400 -0.838700
vn 0.539000 -0.350200 -0.766000
vn 0.813200 0.128000 -0.567700
vn 0.834900 -0.151600 -0.529100
vn 0.878300 -0.377200 -0.293800
vn 0.863200 0.217500 -0.455500
vn 0.867000 -0.104300 -0.487200
vn 0.948900 -0.310000 -0.057800
vn 0.495200 0.575800 -0.650500
vn -0.123800 0.577900 -0.806600
vn 0.670200 0.591000 -0.448900
vn 0.872200 -0.462500 0.158900
vn 0.804500 -0.495100 -0.328000
vn 0.563900 -0.415500 -0.713700
vn 0.050600 -0.406300 -0.912300
vn -0.495400 -0.321900 -0.806800
vn -0.936600 0.123800 -0.327700
vn -0.958000 0.183800 -0.220100
vn -0.964400 0.253900 -0.074300
vn -0.943900 0.233900 0.232900
vn -0.957700 0.239200 0.160000
vn 0.164600 -0.795800 0.582700
vn 0.272900 -0.848200 0.454000
vn 0.527000 -0.785000 0.325600
vn 0.581300 -0.711300 0.395000
vn 0.595800 -0.332900 0.730800
vn 0.798900 -0.457900 0.389800
vn 0.902800 -0.187200 0.387000
vn 0.636200 -0.029800 0.770900
vn 0.782500 0.049700 0.620600
vn 0.548800 0.205200 0.810400
vn 0.058100 -0.184100 0.981200
vn 0.087500 0.117400 0.989200
vn 0.032300 0.313800 0.948900
vn -0.502100 -0.081700 0.860900
vn -0.516900 0.171400 0.838700
vn -0.539000 0.350200 0.766000
vn -0.813200 -0.128000 0.567700
vn -0.834900 0.151600 0.529100
vn -0.878300 0.377200 0.293800
vn -0.863200 -0.217500 0.455500
vn -0.867000 0.104300 0.487200
vn -0.948900 0.310000 0.057800
vn -0.495200 -0.575800 0.650500
vn 0.123800 -0.577900 0.806600
vn -0.670200 -0.591000 0.448900
vn -0.804500 0.495100 0.328000
vn -0.872200 0.462500 -0.158900
vn -0.563900 0.415500 0.713700
vn -0.050600 0.406300 0.912300
vn 0.495400 0.321900 0.806800
vn 0.838100 -0.542500 0.057000
vn 0.962000 -0.270900 0.033400
vn 0.646000 -0.756800 0.099900
vn 0.523700 -0.843700 0.117900
vn 0.936600 -0.123800 0.327700
vn 0.964000 -0.255000 0.075000
vn 0.957900 -0.185100 0.219400
vn 0.131300 -0.940600 -0.313000
vn 0.560000 -0.806100 -0.190900
vn 0.511600 -0.853500 -0.099000
vn 0.248100 -0.950900 -0.184800
vn 0.545200 -0.555000 -0.628200
vn 0.622600 -0.289300 -0.727000
vn 0.892600 -0.316800 -0.320800
vn 0.776700 -0.564600 -0.279200
vn 0.588300 -0.071800 -0.805400
vn 0.804100 -0.154800 -0.574000
vn -0.016700 -0.474100 -0.880300
vn 0.068100 -0.196500 -0.978100
vn 0.079700 -0.000900 -0.996800
vn -0.567000 -0.321800 -0.758200
vn -0.521800 -0.093400 -0.847900
vn -0.496700 0.093600 -0.862800
vn -0.850900 -0.281800 -0.443200
vn -0.838800 -0.026900 -0.543700
vn -0.859400 0.268900 -0.434900
vn -0.884300 -0.346000 -0.313300
vn -0.862900 -0.098900 -0.495600
vn -0.942500 0.281900 -0.179200
vn -0.532800 -0.743900 -0.403300
vn 0.074300 -0.803700 -0.590300
vn -0.693600 -0.693400 -0.195200
vn -0.874800 0.483300 -0.032900
vn -0.784900 0.362100 -0.502800
vn -0.531700 0.167900 -0.830100
vn -0.010500 0.101300 -0.994800
vn 0.532200 0.058500 -0.844600
vn 0.943900 -0.233900 -0.232900
vn 0.957600 -0.239300 -0.160200
vn 0.360000 0.849800 -0.385000
vn 0.154300 0.665500 -0.730300
vn -0.397800 0.601200 -0.693000
vn -0.062400 0.995600 0.070200
vn 0.183700 0.965300 0.185300
vn 0.423100 0.621100 -0.659600
vn 0.292300 0.739300 -0.606500
vn 0.305200 0.728300 -0.613500
vn 0.385900 0.680900 -0.622400
vn 0.908100 -0.182400 -0.376900
vn 0.465800 -0.438700 -0.768500
vn 0.814400 0.024100 -0.579800
vn 0.666800 -0.256300 -0.699700
vn 0.696400 -0.509000 -0.505800
vn 0.740000 0.187300 -0.645900
vn 0.816600 0.376000 -0.437800
vn 0.881600 0.443200 -0.162000
vn 0.931900 0.064100 -0.357100
vn 0.885200 0.075600 -0.459000
vn 0.645100 0.626900 -0.436900
vn 0.531600 0.706600 -0.467000
vn 0.947500 -0.185200 -0.260600
vn 0.883300 -0.205400 -0.421400
vn 0.659600 -0.466500 -0.589300
vn 0.697000 -0.367400 -0.615700
vn -0.033500 0.211700 -0.976700
vn -0.835900 0.214000 -0.505400
vn -0.853700 0.442500 -0.274500
vn -0.594600 0.734800 -0.326300
vn 0.473500 -0.216800 -0.853600
vn 0.612500 -0.033300 -0.789800
vn 0.615600 -0.035200 -0.787300
vn 0.703000 0.125700 -0.699900
vn 0.709300 -0.024700 -0.704500
vn 0.670200 -0.192600 -0.716700
vn 0.311600 -0.320400 -0.894600
vn 0.310500 -0.442300 -0.841400
vn 0.281300 -0.566800 -0.774300
vn 0.509800 -0.175600 -0.842200
vn 0.506700 0.159700 -0.847200
vn 0.500500 0.259700 -0.825800
vn 0.421000 0.900400 0.109100
vn 0.930000 0.220100 -0.294400
vn -0.781700 0.604600 0.152700
vn -0.382700 0.915800 0.121600
vn -0.746000 -0.609100 -0.269000
vn -0.760900 -0.593800 -0.261700
vn -0.683200 -0.728700 -0.046800
vn 0.434400 -0.893900 -0.110200
vn 0.205600 -0.975200 -0.082300
vn -0.220500 -0.914900 0.338100
vn -0.214500 -0.936100 0.278500
vn -0.339700 -0.897500 0.281200
vn 0.059700 0.979800 0.190700
vn 0.734800 -0.189800 -0.651100
vn -0.665500 -0.745200 -0.041500
vn -0.474900 -0.859500 0.189100
vn 0.589700 0.449500 -0.670900
vn 0.725100 0.481000 -0.492800
vn -0.079800 -0.433500 -0.897600
vn 0.237500 -0.419000 -0.876300
vn 0.427300 0.375600 -0.822400
vn -0.247100 -0.902800 0.351900
vn -0.163600 0.903700 0.395500
vn -0.731100 0.085300 0.676900
vn -0.708500 -0.059500 0.703100
vn -0.640000 0.136100 0.756200
vn -0.699900 -0.085400 0.709000
vn -0.565100 -0.313900 0.762900
vn -0.657300 -0.260300 0.707200
vn -0.432500 0.036000 0.900900
vn -0.726400 -0.285200 0.625300
vn -0.717600 0.011000 0.696400
vn -0.649600 0.264000 0.712900
vn -0.691100 0.157500 0.705400
vn -0.624300 0.154300 0.765800
vn 0.132000 0.970200 0.203300
vn -0.737600 -0.213400 0.640600
vn -0.890100 -0.174100 0.421100
vn 0.377000 0.727700 -0.573000
vn 0.345000 0.758900 -0.552300
vn 0.348300 0.935300 0.062600
vn -0.077200 0.923300 -0.376300
vn -0.372000 0.788300 0.490000
vn 0.175400 0.869000 0.462700
vn 0.145200 0.856400 -0.495400
vn 0.451700 0.795100 0.404600
vn 0.411700 0.839300 0.355100
vn 0.331300 0.882900 0.332700
vn 0.313600 0.892300 0.324700
vn 0.927900 -0.039100 0.370700
vn 0.512400 -0.163600 0.843000
vn 0.838500 0.204300 0.505200
vn 0.726400 -0.330700 0.602500
vn 0.704400 -0.024800 0.709300
vn 0.766000 0.377500 0.520300
vn 0.833200 0.490500 0.255200
vn 0.900400 0.208000 0.382100
vn 0.939800 0.169800 0.296600
vn 0.881600 0.470800 -0.033300
vn 0.657400 0.730100 0.186300
vn 0.547600 0.813700 0.195000
vn 0.959500 -0.096300 0.264500
vn 0.904800 -0.068300 0.420200
vn 0.691400 -0.265900 0.671700
vn 0.730100 -0.161300 0.664000
vn 0.015300 0.495700 0.868300
vn -0.815000 0.377500 0.439600
vn -0.572600 0.813500 0.101700
vn -0.819000 0.547300 0.172200
vn 0.515100 0.061500 0.854900
vn 0.654000 0.217100 0.724700
vn 0.651700 0.219900 0.725900
vn 0.737000 0.335800 0.586500
vn 0.745000 0.195900 0.637600
vn 0.708500 0.037000 0.704700
vn 0.356500 -0.027700 0.933900
vn 0.342400 -0.164600 0.925000
vn 0.308100 -0.310400 0.899300
vn 0.550700 0.097600 0.828900
vn 0.543800 0.504800 0.670300
vn 0.552000 0.414300 0.723600
vn 0.934900 0.321700 0.149700
vn 0.412400 0.818000 -0.401000
vn -0.393400 0.837300 -0.379500
vn -0.787800 0.539900 -0.296500
vn -0.718800 -0.498100 0.484900
vn -0.669900 -0.678300 0.301800
vn -0.738600 -0.482300 0.470900
vn 0.446600 -0.816400 0.366100
vn 0.219700 -0.898800 0.379300
vn -0.231300 -0.972500 -0.026900
vn -0.346600 -0.937500 0.030500
vn -0.221700 -0.974400 0.038100
vn 0.029000 0.870600 -0.491200
vn 0.769500 0.021600 0.638300
vn -0.654900 -0.695100 0.296500
vn -0.472600 -0.874400 0.109500
vn 0.620300 0.632800 0.463400
vn 0.741800 0.603900 0.291500
vn -0.031800 -0.133700 0.990500
vn 0.277300 -0.132200 0.951600
vn 0.474600 0.607500 0.636900
vn -0.261500 -0.964400 -0.040000
vn -0.188500 0.735800 -0.650400
vn -0.764500 -0.126700 -0.631900
vn -0.676300 -0.104700 -0.729100
vn -0.741300 -0.274000 -0.612700
vn -0.732700 -0.301000 -0.610300
vn -0.599100 -0.532000 -0.598400
vn -0.484100 -0.255400 -0.836800
vn -0.690100 -0.467400 -0.552500
vn -0.754300 -0.464100 -0.464300
vn -0.685600 0.032700 -0.727200
vn -0.750100 -0.203500 -0.629100
vn -0.727000 -0.066400 -0.683400
vn -0.661200 -0.089600 -0.744800
vn 0.108300 0.857800 -0.502300
vn -0.764300 -0.398700 -0.506800
vn -0.904000 -0.291100 -0.313100
vn 0.401800 0.866000 0.297600
vn 0.370800 0.888600 0.270000
vn 0.420200 -0.900200 -0.114600
vn -0.111800 -0.993100 -0.035000
vn -0.871600 0.202900 0.446300
vn -0.861200 0.080400 0.501800
vn 0.251000 0.924500 -0.286800
vn 0.093100 0.987000 -0.130700
vn 0.018200 0.958100 -0.285700
vn 0.112200 0.447400 -0.887300
vn -0.942800 -0.191200 -0.272800
vn 0.188200 -0.961500 0.200200
vn -0.969200 0.118000 0.215900
vn 0.438700 -0.815300 0.377900
vn 0.792800 0.251200 -0.555200
vn 0.723700 0.550200 -0.416400
vn 0.801200 0.522900 -0.290800
vn 0.927900 0.357300 -0.106100
vn 0.897900 -0.010400 -0.440100
vn 0.709600 -0.580400 -0.399400
vn 0.950500 -0.301700 0.073900
vn 0.946900 -0.316900 -0.054500
vn 0.336400 0.938000 -0.083300
vn -0.572700 0.312800 0.757700
vn 0.818600 0.056300 0.571600
vn 0.352500 -0.505800 0.787300
vn 0.969700 -0.181800 -0.163100
vn -0.450500 -0.888400 0.087700
vn 0.473800 -0.832900 -0.285900
vn 0.656900 0.398700 -0.639900
vn -0.419300 -0.505700 -0.753900
vn -0.419800 -0.503400 -0.755200
vn 0.158800 -0.949500 0.270700
vn -0.867700 -0.033600 -0.495900
vn -0.879000 0.041200 -0.475100
vn -0.075100 -0.930200 0.359300
vn 0.111800 0.976400 -0.184400
vn 0.234700 0.971200 -0.040600
vn 0.022900 0.999500 -0.018300
vn -0.938700 -0.096600 0.330800
vn 0.122400 0.694200 0.709300
vn 0.173600 -0.979000 0.106800
vn 0.438800 -0.890400 -0.121000
vn -0.968700 0.052800 -0.242700
vn 0.734800 0.641800 0.219400
vn 0.794200 0.450500 0.407800
vn 0.929200 0.369200 -0.016900
vn 0.810800 0.573200 0.118800
vn 0.659600 -0.478500 0.579600
vn 0.827000 -0.334100 0.452200
vn 0.948100 -0.284200 0.142100
vn 0.952600 -0.304100 0.008400
vn 0.342900 0.908600 -0.238300
vn 0.786800 -0.140600 -0.601000
vn -0.614300 0.063200 -0.786500
vn 0.317200 -0.728600 -0.607000
vn 0.975700 -0.142800 0.166300
vn -0.449700 -0.864400 0.224900
vn 0.501300 -0.699100 0.509700
vn 0.691600 0.562100 0.453500
vn -0.408200 -0.251800 0.877500
vn -0.408700 -0.248900 0.878000
vn 0.940400 0.241900 0.238800
vn 0.731300 0.671900 0.116500
vn 0.797400 0.292100 0.528000
vn 0.855900 0.517100 0.009100
vn 0.038000 0.996700 -0.071400
vn -0.503400 0.515100 -0.693700
vn -0.325600 0.703900 0.631300
vn 0.012600 0.990800 0.134900
vn -0.452900 0.845500 -0.283000
vn -0.711200 0.700700 0.056400
vn -0.987200 0.158000 -0.023700
vn -0.649400 0.170200 0.741100
vn -0.310700 -0.772900 0.553200
vn 0.215500 -0.114700 0.969700
vn 0.413300 -0.211800 0.885600
vn -0.755800 -0.549200 0.356400
vn -0.867800 -0.410400 -0.280100
vn -0.886700 -0.097500 -0.451900
vn -0.793900 -0.137700 -0.592200
vn -0.646100 0.139100 -0.750500
vn -0.902700 0.065700 -0.425100
vn 0.396400 -0.132500 0.908400
vn 0.599800 -0.154000 0.785100
vn 0.478200 -0.241900 0.844300
vn -0.824100 0.565100 -0.039200
vn -0.899000 -0.414500 0.141400
vn -0.476400 0.739500 -0.475400
vn -0.115300 -0.843600 0.524400
vn -0.312800 -0.851400 0.421000
vn 0.712700 -0.171900 0.680000
vn 0.727900 -0.302900 0.615200
vn 0.691100 -0.248200 0.678800
vn 0.658300 -0.122900 0.742600
vn 0.701600 0.063600 0.709700
vn 0.801900 -0.271600 0.532100
vn 0.562200 0.101900 0.820700
vn -0.439800 -0.086900 -0.893900
vn -0.664000 -0.230300 -0.711300
vn 0.627300 -0.079000 0.774700
vn 0.422700 0.006300 0.906200
vn 0.706900 0.052400 0.705300
vn 0.746100 0.275400 0.606200
vn 0.311000 -0.381000 0.870700
vn -0.326200 -0.805200 0.495300
vn -0.154200 -0.910500 0.383600
vn -0.299500 -0.954100 -0.004900
vn -0.476900 -0.878900 -0.004600
vn -0.635900 0.771300 0.023800
vn -0.187200 0.922600 -0.337100
vn -0.257600 0.966200 0.007300
vn -0.747300 0.664400 0.006900
vn -0.654700 -0.134700 0.743800
vn -0.562300 -0.825000 0.056500
vn -0.104700 -0.947100 0.303200
vn -0.816400 -0.219300 0.534200
vn 0.075200 -0.724800 0.684800
vn -0.689800 -0.616300 0.380000
vn 0.793100 0.096400 0.601500
vn -0.126200 -0.991900 -0.015600
vn -0.026700 -0.748500 -0.662600
vn 0.583600 -0.797800 -0.151100
vn 0.847600 -0.374800 0.375600
vn 0.296700 0.368800 -0.880900
vn 0.224900 0.325000 -0.918600
vn 0.252600 0.418700 -0.872300
vn 0.412400 0.567500 -0.712600
vn 0.458200 0.576600 -0.676400
vn 0.619100 0.610900 -0.493400
vn 0.591000 0.599300 -0.539900
vn 0.630200 0.776400 0.002700
vn 0.458100 0.747200 -0.481500
vn 0.260000 0.611200 -0.747500
vn 0.106300 0.238300 -0.965300
vn 0.965800 0.136700 0.220200
vn 0.936800 0.307600 -0.166400
vn 0.852600 0.522400 0.013700
vn 0.804100 0.533200 -0.262800
vn 0.595200 0.765000 0.245800
vn 0.080100 0.984900 0.153100
vn -0.335000 0.711200 -0.618000
vn -0.712800 0.700300 -0.038300
vn -0.454700 0.842100 0.290100
vn 0.013100 0.991400 -0.130400
vn -0.987000 0.156500 0.035400
vn -0.653900 0.178100 -0.735300
vn -0.318600 -0.763800 -0.561300
vn 0.402100 -0.199300 -0.893600
vn 0.205500 -0.099800 -0.973500
vn -0.758400 -0.544700 -0.357900
vn -0.864200 -0.414500 0.285100
vn -0.668800 -0.241600 0.703100
vn -0.522000 0.556100 0.646700
vn -0.689900 -0.157600 0.706500
vn -0.636300 0.131500 0.760100
vn -0.900300 0.056700 0.431500
vn 0.754700 -0.019200 -0.655800
vn 0.876200 -0.165200 -0.452700
vn 0.743600 -0.061800 -0.665700
vn -0.825600 0.561800 0.050900
vn -0.895400 -0.420900 -0.144800
vn -0.471900 0.734100 0.488200
vn -0.319400 -0.845200 -0.428500
vn -0.124600 -0.836200 -0.534100
vn 0.707100 -0.162800 -0.688000
vn 0.650800 -0.113700 -0.750700
vn 0.685000 -0.240100 -0.687800
vn 0.720800 -0.295500 -0.626900
vn 0.722300 0.012200 -0.691500
vn 0.594000 0.170400 -0.786200
vn 0.795100 -0.267600 -0.544300
vn -0.404900 -0.111300 0.907600
vn -0.533200 -0.303700 0.789600
vn 0.574000 0.137500 -0.807200
vn 0.636000 0.039900 -0.770700
vn 0.667000 0.075900 -0.741100
vn 0.740800 0.282200 -0.609600
vn 0.300500 -0.369500 -0.879300
vn -0.333700 -0.797300 -0.503000
vn -0.161600 -0.905100 -0.393200
vn -0.633500 0.773600 -0.009100
vn -0.177900 0.919300 0.351000
vn -0.662700 -0.121600 -0.738900
vn -0.563400 -0.824100 -0.058700
vn -0.822100 -0.209100 -0.529400
vn -0.108400 -0.941600 -0.318700
vn 0.067900 -0.716800 -0.694000
vn -0.693300 -0.610700 -0.382600
vn 0.783700 0.103100 -0.612600
vn -0.012300 -0.755200 0.655400
vn 0.585100 -0.799100 0.137700
vn 0.843900 -0.373000 -0.385500
vn 0.310300 0.358600 0.880400
vn 0.423700 0.554800 0.716000
vn 0.266300 0.408100 0.873200
vn 0.241200 0.315300 0.917800
vn 0.470000 0.563000 0.679800
vn 0.597900 0.591200 0.541200
vn 0.625800 0.602300 0.495500
vn 0.466000 0.739000 0.486500
vn 0.121700 0.225300 0.966600
vn 0.273300 0.601300 0.750800
vn 0.967100 0.159900 -0.197700
vn -0.483800 -0.807100 -0.338300
vn -0.166300 -0.731400 -0.661300
vn -0.398500 0.093000 -0.912400
vn -0.927200 -0.033800 -0.373000
vn -0.558500 -0.822700 -0.106500
vn -0.995800 -0.091100 0.005200
vn -0.146100 -0.886400 0.439100
vn -0.368700 -0.866300 0.336900
vn -0.689800 -0.166100 0.704700
vn -0.362600 -0.166600 0.916900
vn 0.311700 -0.843300 0.437800
vn 0.394600 -0.092000 0.914200
vn 0.631200 -0.767400 0.113000
vn 0.927100 0.031500 0.373400
vn 0.622600 -0.702800 -0.344100
vn 0.914100 0.139100 -0.380900
vn 0.292500 -0.687400 -0.664800
vn 0.364000 0.163500 -0.916900
vn 0.926300 0.033000 0.375300
vn 0.398300 -0.094900 0.912300
vn 0.335400 -0.787100 0.517600
vn 0.695500 -0.702500 0.150700
vn 0.912800 0.138800 -0.383900
vn 0.685800 -0.630800 -0.363000
vn 0.365300 0.164800 -0.916100
vn 0.314500 -0.613500 -0.724400
vn -0.398300 0.091600 -0.912700
vn -0.204000 -0.663700 -0.719600
vn -0.927400 -0.032200 -0.372500
vn -0.564500 -0.742900 -0.359600
vn -0.913000 -0.138500 0.383800
vn -0.553700 -0.817900 0.155900
vn -0.691400 -0.163100 0.703800
vn -0.424200 -0.814000 0.396700
vn 0.020700 -0.143400 0.989400
vn 0.077900 -0.797400 0.598400
vn 0.560700 0.747000 0.357100
vn 0.206200 0.658100 0.724100
vn 0.552100 0.818900 -0.156800
vn 0.182400 0.837000 -0.515900
vn -0.336200 0.788200 -0.515500
vn -0.697700 0.700300 -0.151000
vn -0.686300 0.629300 0.364600
vn -0.552700 0.580700 0.597700
vn -0.049800 0.597600 0.800300
vn -0.311300 0.844300 -0.436100
vn -0.630800 0.767800 -0.112500
vn -0.699700 0.705500 0.112500
vn -0.506800 0.658700 0.556100
vn -0.292100 0.687000 0.665400
vn 0.166100 0.731200 0.661600
vn 0.487500 0.805000 0.338100
vn 0.478400 0.870000 -0.119200
vn 0.146600 0.885700 -0.440500
vn -0.980300 -0.078300 -0.181100
vn -0.521500 0.820600 -0.233600
vn -0.638400 0.488300 -0.594900
vn -0.518800 -0.823200 -0.230400
vn -0.388400 -0.860000 -0.330900
vn 0.450300 -0.883900 -0.126400
vn 0.392000 -0.916100 0.083600
vn 0.490400 0.761400 -0.424000
vn 0.403300 0.914200 0.040500
vn 0.807300 0.570100 -0.152100
vn 0.873700 0.391100 -0.289300
vn 0.834100 0.515200 -0.197300
vn 0.452200 0.853000 -0.260700
vn -0.861400 0.466200 -0.201400
vn -0.299900 -0.414000 0.859400
vn -0.699300 -0.297900 0.649700
vn -0.027000 -0.614500 0.788400
vn -0.335700 0.554200 0.761600
vn 0.817000 -0.502800 0.282100
vn 0.246300 -0.178300 0.952600
vn -0.211100 0.177900 0.961100
vn 0.080500 0.670800 0.737200
vn 0.458100 0.768300 0.447000
vn -0.292300 -0.889300 0.351500
vn 0.410400 -0.860600 0.301600
vn -0.486100 0.868700 0.094400
vn -0.995800 0.052100 0.074600
vn -0.884700 0.369900 0.283500
vn 0.493500 0.852200 0.173700
vn 0.870300 0.330500 0.365100
vn 0.580200 0.812400 -0.057700
vn -0.481700 -0.700700 0.526200
vn -0.449700 -0.874200 0.183100
vn 0.518700 -0.749000 0.412100
vn 0.271300 -0.790900 0.548500
vn 0.165100 0.417300 -0.893600
vn -0.371600 0.728500 -0.575500
vn 0.926700 0.302400 -0.222900
vn -0.826200 -0.023700 -0.562900
vn 0.521800 -0.815500 -0.250300
vn 0.808800 -0.500800 -0.308200
vn 0.862400 -0.385400 0.328300
vn -0.218500 -0.646700 -0.730800
vn 0.552700 -0.483100 -0.679000
vn 0.939500 0.214100 0.267200
vn -0.983600 -0.083400 0.159600
vn -0.802000 -0.595200 0.050400
vn -0.954800 -0.212500 0.207600
vn -0.916000 0.271400 -0.295400
vn -0.887400 0.457600 -0.055300
vn 0.584500 0.803600 -0.112200
vn 0.025600 0.868600 -0.494800
vn 0.642000 -0.546600 0.537600
vn 0.771900 -0.630100 -0.084200
vn 0.916800 0.361600 -0.169300
vn 0.087000 -0.757000 0.647500
vn 0.206200 -0.849700 0.485300
vn 0.829300 -0.478700 0.288100
vn 0.787500 -0.584600 0.194900
vn 0.609500 0.754200 -0.244000
vn 0.660400 0.715000 -0.229300
vn 0.773000 -0.604000 0.193900
vn 0.161400 -0.937000 0.309700
vn 0.280000 -0.899800 0.334600
vn -0.994200 -0.107200 -0.000200
vn -0.792600 0.595700 -0.129600
vn -0.761700 0.629300 -0.153800
vn -0.994000 -0.082000 0.072500
vn 0.673700 0.731700 -0.103200
vn 0.695800 -0.677100 0.239800
vn 0.107200 -0.955800 0.273700
vn -0.446900 -0.209100 -0.869800
vn -0.587900 -0.548000 -0.595000
vn -0.104500 0.252900 -0.961800
vn -0.112900 -0.911000 -0.396600
vn 0.659000 0.018600 -0.751900
vn -0.679300 0.733700 0.014000
vn 0.012400 0.988300 0.151800
vn -0.220400 0.974000 -0.051500
vn -0.074200 -0.997200 -0.007900
vn 0.993800 -0.014200 -0.110200
vn 0.160700 -0.901400 0.402000
vn -0.000400 -0.999200 -0.040600
vn -0.393500 -0.906600 0.152400
vn 0.471600 0.385700 0.792900
vn -0.107500 0.737000 0.667300
vn -0.517700 0.846200 -0.126100
vn -0.105600 0.007300 0.994400
vn 0.268600 -0.501100 -0.822700
vn -0.177100 -0.263300 0.948300
vn -0.864200 0.491800 -0.106200
vn -0.962100 -0.244900 0.119700
vn 0.346800 -0.908200 0.234200
vn -0.345300 -0.808200 0.477000
vn -0.938500 0.058600 0.340300
vn -0.500300 -0.815100 0.292000
vn 0.289100 -0.897500 0.332900
vn 0.563800 -0.815400 0.130900
vn 0.929900 -0.075200 -0.360000
vn 0.268000 0.873200 -0.407100
vn 0.956900 -0.246500 -0.153400
vn 0.437100 -0.859700 0.264200
vn -0.471400 0.880300 0.051700
vn -0.500400 0.833100 0.235700
vn 0.508400 0.846800 -0.156400
vn -0.956100 0.278600 0.090700
vn 0.142900 0.954800 -0.260500
vn -0.977000 0.202100 -0.067500
vn -0.294600 -0.922700 0.248500
vn -0.436600 -0.853600 0.283900
vn 0.378100 -0.925500 -0.020400
vn 0.314500 -0.915100 0.252400
vn -0.416600 -0.879900 0.228200
vn 0.820400 0.560900 -0.110800
vn 0.880900 0.466800 -0.077600
vn 0.242900 0.940700 -0.236700
vn -0.948000 0.314400 -0.049200
vn -0.956700 0.272400 -0.102500
vn 0.416900 0.870200 -0.262400
vn 0.410200 -0.556700 0.722300
vn -0.300900 -0.601900 0.739700
vn 0.951400 -0.167900 0.258000
vn 0.206000 -0.679700 0.703900
vn -0.878600 0.352900 0.321800
vn 0.319600 0.947500 -0.008900
vn -0.477400 -0.865800 0.149400
vn -0.872100 0.435600 -0.222800
vn 0.222100 0.538400 -0.812900
vn 0.380300 -0.607100 -0.697700
vn -0.331000 -0.904200 -0.269800
vn -0.532500 0.115500 -0.838500
vn 0.210400 -0.177400 -0.961400
vn -0.124400 -0.200700 -0.971700
vn 0.898200 0.309700 -0.312000
vn 0.106400 0.172200 0.979300
vn 0.126600 0.219200 0.967400
vn 0.174600 0.206400 0.962700
vn 0.030200 0.215600 0.976000
vn -0.031300 0.218600 0.975300
vn 0.017900 0.373900 0.927200
vn 0.466600 -0.852600 0.235100
vn 0.650300 0.725200 -0.226100
vn 0.891000 0.442200 0.102500
vn 0.977400 0.121900 -0.172800
vn -0.153000 0.985700 -0.070600
vn -0.669100 0.723500 -0.169700
vn -0.030400 0.970400 -0.239600
vn -0.950900 0.031600 -0.307900
vn -0.977800 -0.200200 0.061800
vn -0.217400 0.969300 0.114700
vn -0.968200 -0.202000 -0.147600
vn -0.435900 -0.857600 0.273100
vn -0.760000 -0.133400 0.636000
vn 0.820600 -0.328900 0.467300
vn 0.855300 0.250300 0.453600
vn 0.513900 0.337000 0.788800
vn 0.826000 0.559000 -0.072100
vn 0.880000 0.391000 0.269600
vn -0.962700 -0.082900 0.257300
vn -0.884100 -0.234800 0.404000
vn -0.992800 -0.043700 0.111800
vn 0.959400 0.086900 0.268200
vn -0.967100 -0.160500 -0.197100
vn -0.974400 -0.199000 0.104500
vn -0.754900 0.649200 0.092700
vn -0.966900 -0.137500 -0.214600
vn -0.444500 -0.878800 0.173200
vn -0.734800 -0.120500 0.667400
vn 0.857200 -0.383500 0.343600
vn 0.865200 0.230800 0.445100
vn 0.539200 0.184600 0.821600
vn 0.507500 0.797900 0.325300
vn 0.928400 0.299600 0.219800
vn 0.964400 0.071500 0.254600
vn -0.929500 0.008900 0.368600
vn 0.947200 -0.207800 0.244200
vn 0.881400 -0.456800 -0.120200
vn -0.973400 0.110300 -0.200400
vn -0.993500 0.013700 0.112500
vn -0.611300 0.770100 0.182200
vn -0.993900 0.039900 -0.103000
vn -0.620300 -0.767900 0.159400
vn -0.770500 -0.040300 0.636100
vn 0.733700 -0.592100 0.333300
vn 0.869800 0.041700 0.491500
vn 0.543800 -0.025500 0.838800
vn 0.683500 0.616000 0.391500
vn 0.988100 0.020400 0.152300
vn 0.963500 -0.104600 0.246300
vn -0.950300 0.051000 0.306900
vn -0.830800 -0.544500 0.115000
vn 0.636500 -0.770500 0.032400
vn 0.635800 -0.770200 -0.050300
vn 0.878300 -0.472000 0.076000
vn -0.998600 0.051900 -0.012400
vn -0.979600 -0.180400 0.088100
vn -0.720800 0.665200 0.194400
vn -0.511100 -0.808100 -0.292800
vn -0.481400 -0.876400 0.010200
vn -0.730900 -0.176300 0.659400
vn 0.773000 -0.538700 0.335100
vn 0.863000 0.162000 0.478500
vn 0.571400 0.042100 0.819600
vn 0.617000 0.682000 0.392600
vn 0.978100 -0.202700 0.047000
vn 0.679600 -0.731100 -0.060000
vn -0.930600 -0.348800 0.110800
vn -0.411400 -0.911400 0.005900
vn -0.371700 -0.910900 -0.179300
vn -0.476600 0.668300 -0.571100
vn 0.812900 0.447600 -0.372600
vn -0.912900 -0.126100 -0.388100
vn -0.587900 0.174600 -0.789800
vn -0.922900 0.011400 -0.384900
vn -0.472100 -0.584900 -0.659500
vn -0.665200 -0.610200 -0.430200
vn 0.921000 -0.113400 -0.372700
vn 0.790500 0.125100 -0.599500
vn 0.689100 0.059600 -0.722200
vn -0.177300 -0.832400 0.524900
vn 0.001700 -0.804400 0.594100
vn 0.037600 -0.217200 0.975400
vn -0.119200 -0.236500 0.964300
vn -0.317300 0.899000 0.301800
vn 0.122400 0.963400 0.238400
vn -0.053600 0.981200 -0.185200
vn -0.135200 0.986000 0.097500
vn 0.985100 0.160800 0.060700
vn 0.969600 0.174100 -0.171800
vn 0.921800 -0.385600 -0.039000
vn 0.895400 -0.399300 -0.197000
vn 0.853100 0.169400 -0.493300
vn 0.397500 0.214300 -0.892200
vn 0.819200 0.109000 -0.563000
vn -0.564300 -0.704200 -0.430900
vn -0.903800 -0.123100 -0.409800
vn -0.718800 0.048800 -0.693500
vn -0.993500 -0.108600 -0.033200
vn -0.571800 -0.319900 0.755500
vn -0.445900 0.817800 0.363800
vn -0.498600 -0.831300 0.245600
vn -0.670400 -0.730300 -0.131100
vn 0.010500 0.204700 -0.978700
vn 0.713100 0.358500 -0.602500
vn 0.618400 -0.350300 -0.703400
vn 0.092600 -0.600200 -0.794500
vn 0.330700 -0.548800 -0.767700
vn 0.555400 -0.046600 0.830200
vn -0.243300 -0.604700 0.758400
vn -0.064100 -0.559600 0.826300
vn -0.015600 0.117200 0.993000
vn -0.176000 0.087700 0.980500
vn -0.303900 0.952100 -0.033000
vn 0.135600 0.987500 -0.079700
vn 0.144100 0.927000 -0.346300
vn 0.110200 0.993600 -0.025400
vn 0.990400 -0.038000 0.132500
vn 0.986300 -0.042800 -0.158900
vn 0.826500 -0.554400 0.097300
vn 0.789500 -0.608100 -0.082900
vn 0.856900 -0.092500 -0.507100
vn 0.441400 -0.090600 -0.892700
vn 0.841000 -0.097700 -0.532100
vn -0.691800 -0.639500 -0.335200
vn -0.905200 -0.008900 -0.424800
vn -0.701200 0.070600 -0.709400
vn -0.992500 0.081400 -0.091100
vn -0.656000 -0.062900 0.752100
vn -0.395500 0.910700 0.118800
vn -0.561300 -0.698600 0.443700
vn -0.799700 -0.597600 -0.058000
vn 0.039300 -0.134400 -0.990100
vn 0.849500 0.025700 -0.527000
vn 0.531600 -0.601800 -0.596000
vn 0.095800 -0.832000 -0.546400
vn 0.340000 -0.777400 -0.529100
vn 0.513400 0.224900 0.828200
vn -0.209800 -0.675000 0.707400
vn -0.019800 -0.636500 0.771000
vn 0.048200 0.024700 0.998500
vn -0.139400 -0.013900 0.990100
vn -0.287700 0.955100 0.070600
vn 0.160400 0.986600 -0.030700
vn 0.064600 0.955200 -0.288800
vn -0.003700 0.999800 -0.017300
vn 0.995900 0.020400 0.087700
vn 0.983600 0.058900 -0.170400
vn 0.869200 -0.493600 0.029500
vn 0.838000 -0.533600 -0.114000
vn 0.831200 0.008400 -0.555900
vn 0.435300 -0.051500 -0.898800
vn 0.786700 -0.055400 -0.614800
vn -0.636100 -0.671000 -0.380900
vn -0.905500 -0.063200 -0.419500
vn -0.739100 0.035200 -0.672600
vn -0.998800 -0.007500 -0.047400
vn -0.625900 -0.128300 0.769200
vn -0.365400 0.907900 0.205400
vn -0.452100 -0.764900 0.458800
vn -0.751200 -0.656800 -0.065900
vn 0.023100 -0.042800 -0.998800
vn 0.697200 0.144800 -0.702000
vn 0.544000 -0.484800 -0.684900
vn 0.079000 -0.760200 -0.644800
vn 0.291500 -0.700100 -0.651800
vn 0.566600 0.139900 0.812000
vn -0.181100 -0.694700 0.696100
vn -0.004800 -0.672300 0.740200
vn 0.083500 -0.027600 0.996100
vn -0.019900 -0.054100 0.998300
vn -0.262700 0.957000 0.123200
vn 0.172600 0.983900 0.045700
vn -0.089400 0.994800 0.047400
vn 0.992900 0.075100 -0.092500
vn 0.967300 0.095000 -0.234900
vn -0.005100 0.966900 -0.255000
vn 0.883200 -0.442600 -0.154600
vn 0.852200 -0.475700 -0.218000
vn 0.831400 0.068400 -0.551500
vn 0.360100 0.025400 -0.932500
vn 0.787600 -0.043000 -0.614700
vn -0.639000 -0.683900 -0.352000
vn -0.932700 -0.083400 -0.350900
vn -0.767100 0.029800 -0.640900
vn -0.990600 -0.069500 0.117600
vn -0.502700 -0.166700 0.848200
vn -0.258400 0.910500 0.322700
vn -0.310100 -0.798400 0.516100
vn -0.705800 -0.707800 0.028300
vn -0.114200 0.006000 -0.993400
vn 0.504000 0.197100 -0.840900
vn 0.405200 -0.455700 -0.792500
vn -0.011300 -0.744500 -0.667500
vn 0.269500 -0.699200 -0.662100
vn 0.601200 0.083900 0.794700
vn 0.547500 0.221400 0.806900
vn 0.435600 0.354300 0.827400
vn 0.163500 0.946000 -0.279700
vn 0.272800 0.887800 -0.370600
vn -0.671100 0.079800 -0.737100
vn -0.104700 -0.191200 -0.975900
vn -0.467800 -0.032000 -0.883200
vn -0.573300 -0.720900 -0.389300
vn -0.454900 -0.722700 -0.520300
vn -0.782000 0.037900 -0.622100
vn 0.691000 -0.115700 0.713500
vn 0.734000 0.218100 0.643100
vn 0.376400 -0.552600 0.743600
vn 0.262900 -0.673000 0.691300
vn -0.705700 -0.318200 0.633000
vn -0.084400 0.368100 0.926000
vn -0.730100 0.363000 0.578900
vn 0.004900 0.989300 -0.145600
vn 0.367900 0.892300 -0.261400
vn -0.691300 -0.634300 -0.346000
vn 0.206600 -0.584400 0.784700
vn -0.073700 -0.816000 -0.573300
vn 0.150700 -0.426300 0.891900
vn 0.732100 -0.478400 -0.484900
vn 0.767600 -0.368300 -0.524600
vn 0.510400 0.754300 0.412900
vn 0.705100 0.640700 0.303800
vn 0.412100 0.868100 -0.276500
vn 0.265500 0.947100 -0.180500
vn -0.663700 0.257100 -0.702400
vn -0.425900 -0.066100 -0.902300
vn -0.673200 -0.085100 -0.734500
vn 0.337100 -0.941400 -0.007700
vn 0.124600 -0.990800 0.053100
vn -0.795500 -0.315300 -0.517400
vn 0.640000 -0.544600 0.542000
vn 0.490000 -0.740400 0.459900
vn -0.132700 -0.947900 0.289500
vn -0.035100 -0.995600 0.087200
vn 0.466000 -0.831000 -0.303500
vn -0.082900 0.595400 0.799100
vn -0.568900 0.730700 0.377200
vn -0.750800 0.500500 0.431000
vn -0.533400 0.194500 -0.823200
vn -0.000000 -0.987400 0.158400
vn -0.402300 -0.845700 0.350600
vn 0.239000 -0.498900 0.833000
vn 0.452700 -0.573200 0.683000
vn -0.347800 0.934600 0.074700
vn 0.051800 0.988400 -0.142700
vn 0.102500 0.797600 0.594400
vn 0.431200 0.843400 0.320400
vn 0.461400 -0.609600 0.644500
vn 0.620300 0.535600 -0.573000
vn 0.810800 0.499100 -0.305600
vn -0.803200 0.507700 -0.311500
vn -0.882600 -0.315200 0.348800
vn 0.409900 -0.641700 -0.648200
vn -0.542400 -0.826300 -0.151500
vn -0.099600 -0.816400 -0.568800
vn 0.818800 -0.548200 0.170500
vn 0.985600 -0.145500 0.086000
vn 0.272300 0.484600 -0.831200
vn 0.309500 -0.392400 0.866100
vn 0.895700 0.222900 -0.384700
vn 0.381500 0.876700 -0.292800
vn 0.829300 0.393600 -0.396700
vn -0.894100 0.414300 0.169900
vn 0.325500 -0.226800 0.917900
vn -0.076700 -0.250900 0.965000
vn -0.290800 -0.597600 0.747200
vn -0.095500 0.471500 0.876700
vn -0.705600 -0.415700 -0.573700
vn -0.633000 -0.051100 0.772400
vn -0.377300 0.125200 0.917600
vn -0.512800 0.467400 0.720100
vn -0.863400 0.459900 0.207500
vn -0.290200 -0.922400 0.255000
vn 0.434400 -0.900600 0.014500
vn -0.501000 0.788800 -0.356100
vn -0.892200 0.380500 -0.243300
vn -0.998800 0.032300 -0.034800
vn 0.435100 0.643300 -0.629900
vn 0.847200 0.178700 -0.500300
vn 0.575100 0.779000 -0.249700
vn -0.486000 -0.869500 -0.087800
vn 0.504700 -0.847400 -0.164600
vn -0.451100 -0.880600 0.145200
vn 0.295600 -0.929500 -0.220500
vn 0.209000 0.689200 0.693700
vn -0.348500 0.882300 0.316400
vn 0.935300 0.348900 0.058700
vn -0.794900 0.173900 0.581300
vn 0.830100 -0.371800 0.415600
vn 0.543700 -0.686900 0.482200
vn 0.849000 -0.477700 -0.225500
vn -0.173300 -0.360500 0.916500
vn 0.593500 -0.228900 0.771500
vn 0.845900 0.071600 -0.528500
vn 0.934400 -0.023400 0.355400
vn 0.972400 -0.184000 0.143400
vn 0.860300 -0.507600 -0.046600
vn 0.968500 0.169300 -0.182600
vn 0.896700 0.442200 0.018700
vn 0.006700 0.809500 -0.587000
vn -0.562500 0.798900 -0.212900
vn -0.851000 -0.496900 0.169700
vn -0.836500 0.226700 -0.498800
vn -0.573400 -0.607400 -0.549700
vn -0.286500 -0.817500 0.499600
vn -0.491300 -0.778100 0.391400
vn -0.829300 -0.548700 0.105200
vn -0.764200 -0.644600 -0.023400
vn -0.632300 0.677000 -0.376400
vn -0.582400 0.721000 -0.375400
vn -0.749700 -0.661500 -0.021100
vn -0.164100 -0.956700 0.240400
vn -0.286000 -0.929900 0.231400
vn 0.967100 -0.040000 0.251300
vn 0.726800 0.684400 0.057500
vn 0.753100 0.652000 0.088000
vn 0.946600 -0.017600 0.322000
vn -0.678300 0.688100 -0.257600
vn -0.681300 -0.730800 0.041500
vn -0.101400 -0.970400 0.219100
vn 0.909200 -0.320100 -0.266100
vn 0.833900 -0.118500 -0.538900
vn 0.531100 0.291400 -0.795600
vn 0.532300 -0.698100 -0.478800
vn -0.218800 -0.081700 -0.972300
vn 0.573800 0.809200 0.126000
vn 0.136300 0.990600 -0.007500
vn -0.147000 0.982600 0.113300
vn 0.172200 -0.984700 0.027100
vn -0.114600 -0.917300 0.381400
vn -0.952500 -0.130000 -0.275200
vn 0.077400 -0.996200 -0.038100
vn 0.461800 -0.858700 0.222000
vn -0.628900 0.330700 0.703700
vn -0.060500 0.757500 0.650000
vn 0.404600 0.913200 -0.047000
vn -0.023800 -0.014800 0.999600
vn 0.194200 -0.370900 -0.908100
vn 0.071500 -0.266000 0.961300
vn 0.825300 0.550600 0.125000
vn 0.917500 -0.183600 0.352800
vn -0.477000 -0.875800 -0.073300
vn 0.341300 -0.744400 0.573800
vn 0.437000 -0.795900 0.419000
vn 0.851800 0.180900 0.491600
vn -0.254500 -0.910700 0.325300
vn -0.533200 -0.845600 -0.022800
vn -0.824600 -0.100700 -0.556700
vn -0.875600 -0.362000 -0.319600
vn -0.233400 0.866900 -0.440500
vn -0.367300 -0.911900 0.182900
vn 0.345600 0.932500 0.104600
vn -0.562700 0.773900 -0.290500
vn 0.358200 0.895400 0.264300
vn 0.878000 0.335600 0.341000
vn 0.944400 0.269700 0.187700
vn -0.143100 0.952100 -0.270100
vn 0.290000 -0.909500 0.297800
vn 0.627900 -0.778100 0.011300
vn -0.284700 -0.945500 0.157900
vn -0.276600 -0.907700 -0.315700
vn 0.409000 -0.857500 0.312000
vn -0.805200 0.508200 -0.305600
vn -0.223500 0.951000 -0.213800
vn -0.888800 0.417400 -0.189000
vn 0.924800 0.347800 -0.154100
vn 0.927900 0.340600 0.151600
vn -0.475800 0.762700 -0.437900
vn 0.255000 -0.568600 0.782100
vn -0.433300 -0.628600 0.645800
vn -0.960400 -0.266800 0.080400
vn -0.214600 -0.715500 0.664700
vn 0.777400 0.449600 0.439800
vn -0.428000 0.895900 -0.118600
vn 0.138900 -0.919200 0.368300
vn 0.850400 0.327000 -0.412000
vn 0.159800 0.562000 -0.811500
vn 0.088200 -0.449900 -0.888700
vn 0.516800 -0.836500 -0.181900
vn 0.875100 0.097300 -0.473900
vn 0.299900 -0.166700 -0.939300
vn 0.602400 -0.139500 -0.785900
vn -0.874600 0.096900 -0.475100
vn -0.258700 0.129100 0.957300
vn -0.332300 0.156800 0.930000
vn -0.283800 0.176700 0.942400
vn -0.183600 0.184800 0.965500
vn -0.119700 0.195500 0.973400
vn -0.183700 0.355800 0.916300
vn -0.446000 -0.890300 0.092000
vn -0.733300 0.569200 -0.371800
vn -0.954500 -0.067500 -0.290400
vn -0.958000 0.284500 -0.034700
vn -0.006300 0.986900 -0.161300
vn 0.554300 0.812600 -0.179800
vn -0.104200 0.935000 -0.339000
vn 0.983600 -0.017200 0.179600
vn 0.961500 0.172200 -0.213800
vn 0.038000 0.998800 0.030200
vn 0.998800 -0.039400 -0.028300
vn 0.538000 -0.738700 0.406000
vn 0.692500 0.060900 0.718800
vn -0.803000 -0.426200 0.416500
vn -0.651100 0.309600 0.693000
vn -0.931900 0.134100 0.336900
vn -0.893600 0.394800 -0.213600
vn -0.958100 0.251200 0.137200
vn 0.926600 0.112600 0.358800
vn 0.857800 -0.037100 0.512600
vn 0.978300 0.135600 0.156800
vn -0.985100 -0.061000 0.160900
vn 0.975100 -0.012800 0.221400
vn 0.996600 -0.003200 -0.081800
vn 0.620200 0.778500 0.096300
vn 0.994700 0.017600 -0.101600
vn 0.561600 -0.767000 0.310400
vn 0.662000 0.072000 0.746000
vn -0.815400 -0.497200 0.296500
vn -0.654300 0.158700 0.739400
vn -0.937400 0.112500 0.329600
vn -0.667700 0.721000 0.185200
vn -0.984500 0.148500 0.093100
vn -0.985800 -0.078300 0.148500
vn 0.865800 0.206600 0.455700
vn -0.773500 -0.613700 -0.158500
vn -0.921200 -0.349900 0.170200
vn 0.957400 0.199800 0.208200
vn 0.958100 0.262900 -0.113800
vn 0.449000 0.879500 0.157400
vn 0.978500 0.206300 -0.007700
vn 0.716900 -0.628300 0.302200
vn 0.687200 0.154100 0.709900
vn -0.658400 -0.680700 0.321100
vn -0.625700 -0.046500 0.778700
vn -0.915800 -0.069500 0.395600
vn -0.817500 0.517400 0.252900
vn -0.988600 -0.141700 0.050600
vn -0.954600 -0.251400 0.159500
vn 0.886300 0.246100 0.392200
vn 0.890900 -0.375900 0.254900
vn -0.498600 -0.865200 0.052400
vn -0.488300 -0.872200 -0.029400
vn -0.790100 -0.611700 0.039300
vn 0.979000 0.004900 0.203700
vn 0.970500 0.226900 0.081000
vn 0.572300 0.797300 0.191800
vn 0.669100 -0.727500 -0.151600
vn 0.616300 -0.772600 0.152600
vn 0.668300 0.015900 0.743700
vn -0.706000 -0.635200 0.313200
vn -0.661800 0.013200 0.749600
vn -0.927600 0.048400 0.370300
vn -0.763500 0.594000 0.253400
vn -0.929300 -0.368100 -0.028400
vn -0.536600 -0.842500 -0.047600
vn 0.956500 -0.166800 0.239400
vn 0.554100 -0.819700 0.145200
vn 0.536600 -0.842700 -0.042000
vn 0.431100 0.673500 -0.600500
vn -0.830700 0.254200 -0.495200
vn 0.944500 -0.037400 -0.326400
vn 0.663200 0.137300 -0.735700
vn 0.969100 0.135400 -0.205900
vn 0.650600 -0.532200 -0.541700
vn 0.807100 -0.505300 -0.305300
vn -0.754400 -0.099500 -0.648700
vn -0.841200 -0.299400 -0.450100
vn -0.638100 -0.121800 -0.760200
vn 0.251400 -0.737400 0.626900
vn -0.114000 -0.132400 0.984600
vn 0.063300 -0.735500 0.674500
vn 0.044000 -0.124500 0.991200
vn 0.125800 0.964400 0.232700
vn -0.308200 0.943800 0.119500
vn -0.089500 0.954600 -0.284000
vn -0.998400 -0.011700 -0.054900
vn -0.043300 0.999100 0.003200
vn -0.958400 -0.016800 -0.284800
vn -0.833800 -0.545000 -0.088200
vn -0.787300 -0.567900 -0.240300
vn -0.806200 -0.029500 -0.590900
vn -0.321100 0.059700 -0.945100
vn -0.754800 -0.088900 -0.649800
vn 0.720000 -0.628500 -0.294200
vn 0.776200 0.113400 -0.620100
vn 0.953100 0.003100 -0.302500
vn 0.994800 0.066900 0.077300
vn 0.257900 0.913100 0.315600
vn 0.525300 -0.144500 0.838500
vn 0.598200 -0.704200 0.382200
vn 0.793300 -0.608500 0.015700
vn 0.069300 0.111300 -0.991400
vn -0.687900 0.170900 -0.705400
vn -0.465300 -0.516000 -0.719200
vn 0.101700 -0.675700 -0.730100
vn -0.143000 -0.665200 -0.732800
vn -0.632600 -0.070100 0.771300
vn 0.250800 -0.481700 0.839700
vn -0.119600 0.206400 0.971100
vn 0.060000 -0.463100 0.884200
vn 0.043700 0.204900 0.977800
vn 0.142700 0.984100 -0.105600
vn -0.288200 0.936600 -0.199100
vn -0.255400 0.851900 -0.457100
vn -0.978900 -0.201100 0.037100
vn -0.270500 0.951900 -0.143500
vn -0.940100 -0.231200 -0.250300
vn -0.728200 -0.681300 0.074400
vn -0.662000 -0.743500 -0.094400
vn -0.764600 -0.288100 -0.576500
vn -0.313300 -0.247000 -0.917000
vn -0.745300 -0.292600 -0.599000
vn 0.823000 -0.533900 -0.193900
vn 0.757300 0.130200 -0.639900
vn 0.937200 0.113900 -0.329600
vn 0.968800 0.247800 -0.000600
vn 0.221500 0.973400 0.058200
vn 0.565300 0.122000 0.815800
vn 0.614400 -0.545300 0.570100
vn 0.889400 -0.448900 0.086400
vn 0.099000 -0.227200 -0.968800
vn -0.774800 -0.172600 -0.608200
vn -0.350900 -0.737400 -0.577100
vn 0.108400 -0.881300 -0.460000
vn -0.141800 -0.869600 -0.473000
vn -0.636400 0.203400 0.744000
vn 0.235600 -0.561000 0.793500
vn -0.167400 0.105000 0.980300
vn 0.035800 -0.551300 0.833500
vn 0.023700 0.099600 0.994700
vn 0.114300 0.993400 -0.004900
vn -0.317900 0.935700 -0.153000
vn -0.188900 0.898800 -0.395500
vn -0.988700 -0.148900 -0.014000
vn -0.161000 0.979000 -0.124900
vn -0.953100 -0.132100 -0.272400
vn -0.772200 -0.635300 -0.003500
vn -0.718300 -0.681800 -0.138100
vn -0.750600 -0.188900 -0.633100
vn -0.313100 -0.208100 -0.926600
vn -0.689600 -0.248900 -0.680100
vn 0.779000 -0.578800 -0.241100
vn 0.796000 0.105600 -0.595900
vn 0.946000 0.061300 -0.318400
vn 0.984700 0.165600 0.052800
vn 0.182500 0.973000 0.141200
vn 0.544800 0.054100 0.836800
vn 0.516800 -0.628400 0.581400
vn 0.852700 -0.516300 0.080300
vn 0.100700 -0.135300 -0.985700
vn -0.625200 -0.044600 -0.779200
vn -0.372200 -0.632900 -0.678900
vn 0.124400 -0.816700 -0.563400
vn -0.092900 -0.796100 -0.597900
vn -0.672500 0.109200 0.732000
vn 0.212200 -0.586400 0.781700
vn -0.192900 0.047200 0.980100
vn 0.030700 -0.591800 0.805400
vn -0.087600 0.039700 0.995400
vn 0.083400 0.995500 0.044300
vn -0.338300 0.937700 -0.078300
vn -0.083800 0.995100 -0.051900
vn -0.935700 -0.099600 -0.338400
vn -0.973900 -0.110800 -0.198000
vn -0.126500 0.925700 -0.356400
vn -0.773100 -0.604400 -0.192500
vn -0.729700 -0.636900 -0.248600
vn -0.761300 -0.129800 -0.635200
vn -0.248400 -0.122400 -0.960900
vn -0.692500 -0.236900 -0.681400
vn 0.780600 -0.588300 -0.210900
vn 0.820600 0.108000 -0.561200
vn 0.967900 0.052400 -0.245700
vn 0.967800 0.118200 0.222000
vn 0.063700 0.967100 0.246300
vn 0.421400 0.001700 0.906900
vn 0.376700 -0.681300 0.627600
vn 0.805800 -0.565900 0.174400
vn 0.226300 -0.062600 -0.972000
vn -0.428600 0.028500 -0.903000
vn -0.228600 -0.589400 -0.774800
vn 0.212700 -0.787300 -0.578600
vn -0.070400 -0.792300 -0.606000
vn -0.695000 0.046600 0.717500
vn -0.666800 0.192000 0.720100
vn -0.285200 0.873200 -0.395200
vn -0.581800 0.343900 0.737000
vn -0.372100 0.788500 -0.489700
vn 0.729500 0.131400 -0.671200
vn 0.247900 -0.256100 -0.934300
vn 0.566100 -0.027300 -0.823900
vn 0.626400 -0.674000 -0.391400
vn 0.726800 -0.639600 -0.250300
vn 0.831700 0.120300 -0.542000
vn -0.740300 -0.172200 0.649900
vn -0.363000 -0.541900 0.758000
vn -0.829800 0.141000 0.539800
vn -0.225600 -0.644400 0.730600
vn 0.670400 -0.130100 0.730500
vn 0.587000 0.537100 0.605700
vn -0.086400 0.458500 0.884500
vn -0.152800 0.955700 -0.251600
vn -0.478600 0.785900 -0.391500
vn 0.822800 -0.529900 -0.205100
vn -0.196100 -0.539200 0.819000
vn 0.274800 -0.837900 -0.471500
vn -0.180200 -0.364800 0.913500
vn -0.580700 -0.642100 -0.500400
vn -0.629100 -0.544100 -0.555000
vn -0.673500 0.685600 0.276300
vn -0.516100 0.753000 -0.408200
vn -0.832500 0.530000 0.161300
vn -0.396800 0.864900 -0.307400
vn 0.688700 0.306900 -0.656900
vn 0.532900 -0.069800 -0.843200
vn 0.758700 -0.029600 -0.650700
vn 0.037000 -0.988400 0.147300
vn -0.172200 -0.983200 0.060900
vn 0.891700 -0.214100 -0.398900
vn -0.598900 -0.598900 0.531600
vn -0.409900 -0.771500 0.486500
vn 0.254200 -0.879500 0.402100
vn 0.190200 -0.961700 0.197400
vn -0.282400 -0.924300 -0.256500
vn -0.110900 0.669700 0.734200
vn 0.601600 0.662300 0.446500
vn 0.391400 0.850900 0.350400
vn 0.146200 -0.953500 0.263500
vn 0.585500 0.211700 -0.782500
vn 0.494100 -0.726100 0.478200
vn -0.427100 -0.581000 0.692800
vn -0.247700 -0.456900 0.854300
vn 0.176000 0.984300 0.007200
vn -0.198800 0.946700 -0.253200
vn -0.600000 0.778800 0.183000
vn -0.302400 0.816600 0.491500
vn -0.425100 -0.621800 0.657800
vn -0.630000 0.363600 -0.686200
vn 0.337200 -0.212900 0.917000
vn 0.423100 0.205000 0.882600
vn -0.145300 -0.175600 0.973700
vn 0.903300 0.179100 0.389700
vn 0.874700 0.370900 0.312100
vn 0.792000 0.253200 -0.555500
vn -0.011100 0.668300 -0.743800
vn -0.913700 0.397700 -0.083300
vn -0.279200 0.362200 -0.889300
vn -0.981000 0.062700 -0.183700
vn -0.981100 -0.042700 0.188500
vn -0.953200 0.186400 0.237900
vn -0.939000 0.241000 -0.245200
vn 0.252700 0.128800 -0.958900
vn -0.892000 0.119400 0.436000
vn 0.458200 -0.305300 0.834700
vn 0.434800 -0.187100 0.880800
vn 0.920200 -0.273900 0.279500
vn 0.960800 -0.107500 0.255700
vn 0.382400 0.195200 -0.903100
vn -0.964000 0.151800 -0.218400
vn -0.907300 -0.067000 0.415100
vn 0.454900 -0.853800 0.253100
vn 0.530400 -0.831600 -0.164600
vn 0.599600 -0.666000 -0.443800
vn -0.228600 -0.646400 0.727900
vn -0.505500 -0.279500 -0.816200
vn 0.444800 -0.395800 0.803400
vn -0.782600 0.359000 -0.508500
vn -0.978500 -0.177100 0.105200
vn -0.893100 0.431300 -0.127800
vn 0.376700 0.848100 -0.372400
vn 0.772800 0.060800 0.631700
vn -0.905200 -0.255000 0.339900
vn -0.962800 0.249600 0.102800
vn -0.190800 0.888800 -0.416700
vn 0.064900 0.986200 -0.152100
vn 0.861700 0.088700 0.499600
vn 0.989200 -0.125700 0.074900
vn 0.650400 -0.654900 0.384600
vn 0.560900 0.752000 0.346200
vn -0.108900 0.395500 0.912000
vn 0.151200 -0.920300 -0.360700
vn 0.119500 -0.972100 -0.201800
vn 0.566900 -0.822700 0.042400
vn -0.903400 -0.428400 0.017500
vn -0.901400 -0.347500 -0.258200
vn -0.871000 -0.044900 0.489200
vn -0.977300 0.199900 -0.070500
vn 0.579600 0.274100 -0.767400
vn -0.608400 -0.739600 -0.287900
vn -0.771800 -0.397800 0.496000
vn 0.953000 0.243300 0.180200
vn 0.990400 -0.089600 0.105000
vn 0.072900 0.802300 -0.592400
vn 0.854800 0.478800 0.200100
vn 0.816600 0.537500 0.210500
vn 0.956500 0.009500 0.291600
vn 0.942700 0.323700 0.080400
vn 0.729900 0.498900 0.467300
vn 0.896100 0.130300 0.424100
vn 0.461300 0.569400 -0.680400
vn 0.636400 -0.061500 -0.768900
vn -0.536500 0.195800 -0.820800
vn -0.658000 -0.261200 -0.706300
vn -0.572600 -0.412300 -0.708600
vn -0.760700 -0.292300 -0.579600
vn -0.859900 -0.146900 -0.488900
vn -0.947700 0.172700 0.268400
vn -0.736600 0.565600 0.370800
vn -0.876300 0.239600 -0.417800
vn -0.564000 0.657700 0.499300
vn 0.018700 0.184300 0.982700
vn 0.513500 0.129100 0.848300
vn 0.387400 0.549500 0.740300
vn -0.022400 0.622900 0.782000
vn 0.777200 -0.099900 0.621300
vn 0.713500 0.394200 0.579200
vn 0.093800 0.995500 -0.011000
vn -0.574300 0.818600 -0.011000
vn 0.169800 0.869300 0.464200
vn 0.744300 0.524700 0.413100
vn 0.175100 0.908000 0.380700
vn -0.314100 0.933100 0.175000
vn -0.757000 0.560000 -0.336700
vn -0.782500 0.110200 -0.612800
vn -0.653000 -0.069400 -0.754200
vn 0.093800 -0.992700 0.075100
vn 0.065200 -0.938800 0.338100
vn 0.098200 -0.991300 -0.087800
vn 0.073700 -0.995200 0.064300
vn 0.154500 -0.983900 -0.090200
vn 0.078900 -0.995000 -0.061300
vn 0.795300 0.437500 0.419700
vn -0.827800 0.032000 -0.560100
vn 0.981700 -0.089600 0.167800
vn 0.566500 -0.361200 -0.740700
vn -0.602700 0.540700 0.586800
vn -0.617300 0.003400 0.786700
vn -0.716500 0.428100 -0.550700
vn -0.213600 -0.900700 0.378200
vn -0.116900 -0.919600 0.375200
vn 0.015800 -0.996900 0.076500
vn -0.134100 -0.988300 0.072800
vn 0.093900 -0.994900 -0.035400
vn 0.087100 -0.994300 -0.061900
vn 0.073900 -0.994500 -0.074400
vn 0.113000 -0.991400 0.065800
vn 0.123800 -0.985500 0.115500
vn 0.384800 -0.078600 -0.919600
vn 0.242800 0.035700 -0.969400
vn 0.090200 0.487700 -0.868300
vn 0.522400 0.278000 -0.806100
vn 0.832500 0.553800 -0.012500
vn 0.998800 -0.047800 0.005500
vn 0.310500 0.218000 0.925200
vn 0.129000 -0.158300 0.978900
vn 0.189600 -0.313200 0.930500
vn -0.030300 -0.192400 0.980800
vn -0.166000 -0.047200 0.985000
vn -0.238300 0.331000 0.913000
vn -0.760100 0.589500 0.273300
vn -0.811100 0.228200 0.538500
vn -0.752800 0.656400 0.047900
vn -0.750800 0.089500 -0.654300
vn -0.630800 0.551700 -0.545600
vn -0.333300 0.463600 -0.820900
vn -0.331000 0.027700 -0.943200
vn 0.002100 0.290900 -0.956700
vn 0.017400 -0.214000 -0.976700
vn 0.094200 0.993800 0.058300
vn -0.368900 0.856800 0.360100
vn -0.250300 0.825600 -0.505700
vn 0.147600 0.433800 -0.888800
vn -0.195300 0.861500 -0.468600
vn -0.347800 0.937000 0.033500
vn -0.229000 0.637300 0.735700
vn -0.024300 0.212800 0.976800
vn 0.169900 0.034700 0.984800
vn 0.017100 -0.999700 -0.015300
vn 0.110000 -0.990600 0.081200
vn 0.180800 -0.982700 0.040200
vn 0.011100 -0.999900 0.005200
vn 0.146200 -0.985700 0.084000
vn -0.193500 -0.968500 -0.156600
vn 0.177600 0.337600 -0.924400
vn -0.093500 0.133000 0.986700
vn 0.499000 -0.167000 -0.850300
vn 0.937000 -0.341200 0.075200
vn -0.999400 -0.024000 -0.023700
vn -0.845600 0.532800 0.032900
vn -0.079400 0.426100 0.901200
vn -0.417400 -0.908600 0.014800
vn -0.124000 -0.979900 0.156500
vn -0.037900 -0.998400 0.041100
vn -0.353900 -0.933700 -0.054500
vn 0.099700 -0.993600 0.053400
vn 0.118900 -0.988500 0.093300
vn 0.117700 -0.990200 0.075000
vn 0.035100 -0.999000 -0.027200
vn 0.003800 -0.997700 -0.066700
vn 0.629000 0.475500 -0.614900
vn 0.880300 0.189400 -0.435000
vn 0.143300 0.447200 -0.882800
vn 0.904000 0.377100 0.201400
vn 0.946800 0.090900 0.308500
vn 0.426400 -0.111300 0.897600
vn -0.325900 -0.545600 0.772000
vn -0.886200 -0.316100 -0.338700
vn -0.698100 -0.327200 0.636900
vn -0.964500 -0.023500 -0.263100
vn -0.526900 -0.202700 -0.825300
vn -0.885200 -0.338400 -0.319300
vn -0.674800 -0.147200 -0.723100
vn -0.916900 -0.257500 -0.304900
vn -0.931200 -0.181900 -0.316000
vn -0.266000 -0.257500 0.928900
vn -0.251100 -0.295100 0.921900
vn -0.425900 0.066200 -0.902300
vn -0.536200 -0.043100 -0.843000
vn 0.930800 0.169000 0.324200
vn 0.969600 0.022100 0.243500
vn 0.752300 0.352900 -0.556400
vn 0.826400 0.297700 -0.477800
vn -0.183100 -0.060200 0.981200
vn -0.191700 -0.349200 0.917200
vn -0.985600 -0.086500 -0.145300
vn -0.545200 0.175100 -0.819800
vn 0.370300 0.919800 -0.129400
vn 0.200800 0.936500 0.287500
vn 0.136400 0.578700 0.804000
vn -0.066600 0.762600 -0.643500
vn -0.811800 -0.033500 0.582900
vn 0.727100 0.494800 -0.475900
vn -0.842100 -0.491300 -0.222400
vn -0.529400 -0.477700 -0.701000
vn 0.248800 -0.946100 0.207000
vn 0.594500 -0.787100 -0.164200
vn 0.913600 0.126800 -0.386200
vn -0.091600 -0.953900 -0.285700
vn 0.141900 -0.958500 -0.247000
vn -0.349700 0.918000 0.187200
vn -0.383500 0.902100 0.197600
vn -0.274000 -0.912700 -0.303000
vn -0.623300 0.775700 0.098400
vn 0.855600 0.295800 -0.424800
vn 0.921800 0.153800 0.355900
vn -0.370600 -0.309500 0.875700
vn 0.926300 0.159100 0.341600
vn -0.792800 0.058100 -0.606700
vn 0.714400 0.142700 -0.685000
vn 0.884300 0.374400 -0.278800
vn 0.956600 0.185100 0.224800
vn -0.128500 0.037200 -0.991000
vn -0.370000 0.295200 -0.880800
vn -0.922300 -0.347800 0.168200
vn -0.214600 -0.397000 0.892400
vn -0.910200 -0.143200 0.388600
vn 0.965300 0.255500 0.053000
vn 0.413700 -0.036000 0.909700
vn -0.447800 0.044200 -0.893000
vn -0.968000 -0.220000 -0.120100
vn 0.521900 -0.019900 0.852700
vn 0.439600 -0.029400 0.897700
vn 0.955500 0.258600 0.141600
vn 0.529900 0.842600 0.096000
vn -0.346900 0.078800 -0.934600
vn 0.943800 0.275200 0.183000
vn -0.905800 -0.409700 -0.107800
vn -0.177200 0.254500 -0.950700
vn -0.419100 0.023700 -0.907600
vn -0.955100 -0.270800 -0.120100
vn 0.069600 -0.996200 -0.052600
vn 0.845000 -0.354600 0.400100
vn 0.290300 0.668400 0.684800
vn -0.974700 0.222800 -0.017500
vn -0.628500 -0.549200 0.550700
vn -0.922500 -0.225300 -0.313300
vn -0.559500 -0.029700 -0.828300
vn 0.863200 0.293400 -0.410800
vn 0.436000 -0.026300 0.899500
vn -0.954800 -0.271700 -0.120200
vn 0.288400 -0.265200 -0.920000
vn -0.199700 -0.227900 -0.952900
vn 0.378500 0.150000 -0.913400
vn 0.885000 0.148300 -0.441300
vn 0.862400 0.342100 -0.373200
vn 0.822400 0.276300 0.497300
vn 0.035700 0.707600 0.705600
vn -0.904800 0.412900 0.104500
vn -0.970200 0.086000 0.226700
vn -0.227800 0.414000 0.881300
vn -0.989300 -0.040900 -0.140300
vn -0.962000 0.182900 -0.202700
vn -0.923200 0.267400 0.275900
vn 0.298100 0.182100 0.937000
vn -0.909700 0.104600 -0.401800
vn 0.410400 -0.358900 -0.838300
vn 0.946300 -0.133800 -0.294200
vn 0.903100 -0.302300 -0.304900
vn 0.385100 -0.242400 -0.890500
vn 0.433800 0.240300 0.868400
vn -0.949300 0.177600 0.259100
vn -0.926900 -0.077600 -0.367200
vn 0.432700 -0.872000 -0.228800
vn 0.530600 -0.827200 0.184700
vn 0.616800 -0.644600 0.451600
vn -0.276900 -0.682800 -0.676000
vn -0.469100 -0.231500 0.852200
vn 0.395700 -0.447600 -0.801900
vn -0.751100 0.396900 0.527500
vn -0.983900 -0.171300 -0.049900
vn -0.881500 0.449800 0.143400
vn 0.397900 0.864400 0.307200
vn 0.744900 0.018600 -0.666900
vn -0.964200 0.254700 -0.074100
vn -0.921700 -0.263400 -0.284700
vn -0.162100 0.912200 0.376200
vn 0.079200 0.992300 0.095200
vn 0.982900 -0.143600 -0.114800
vn 0.838500 0.049500 -0.542600
vn 0.622200 -0.686200 -0.376800
vn 0.549700 0.729100 -0.407600
vn -0.141800 0.347400 -0.926900
vn 0.158600 -0.901900 0.401700
vn 0.120600 -0.961100 0.248300
vn 0.553900 -0.832200 -0.023700
vn -0.908400 -0.415700 0.045400
vn -0.885900 -0.332300 0.323600
vn -0.972000 0.206800 0.111000
vn -0.894800 -0.068800 -0.441100
vn -0.593700 -0.725200 0.348500
vn 0.620600 0.307000 0.721500
vn -0.795200 -0.420500 -0.436700
vn 0.984600 -0.098700 -0.144400
vn 0.943400 0.233400 -0.235600
vn 0.105900 0.825500 0.554300
vn 0.842200 0.470000 -0.264200
vn 0.805500 0.524900 -0.274800
vn 0.655100 0.505200 0.561700
vn 0.191300 0.484200 0.853800
vn 0.899900 0.219500 0.376800
vn 0.886900 0.380200 -0.262400
vn 0.926100 0.090400 -0.366300
vn -0.360100 -0.580600 -0.730200
vn 0.381400 -0.140700 -0.913600
vn -0.860100 -0.315500 0.400800
vn -0.947300 -0.025700 0.319200
vn -0.727900 -0.364200 -0.581000
vn -0.471700 -0.174300 0.864300
vn -0.626500 -0.127900 0.768800
vn -0.860200 -0.337000 0.382700
vn -0.894600 -0.259100 0.364000
vn -0.301500 -0.335300 -0.892500
vn -0.315100 -0.298200 -0.900900
vn -0.907200 -0.180100 0.380100
vn -0.366600 0.100300 0.924900
vn -0.486800 -0.017600 0.873300
vn 0.907600 0.167100 -0.385100
vn 0.847000 0.328300 0.417900
vn 0.958200 0.258800 0.121700
vn 0.672100 0.102900 -0.733200
vn -0.594800 -0.225100 -0.771700
vn -0.594900 0.136400 -0.792100
vn -0.932900 -0.104300 0.344600
vn -0.447200 -0.049300 0.893000
vn 0.173400 0.926200 -0.334600
vn 0.370000 0.926100 0.073600
vn 0.079800 0.544300 -0.835000
vn -0.038300 0.787100 0.615600
vn -0.843800 -0.068900 -0.532200
vn 0.916700 0.381500 0.118700
vn -0.725600 -0.474100 0.498600
vn -0.215000 -0.483100 0.848700
vn 0.164600 -0.959300 -0.229200
vn 0.657300 -0.751100 -0.061100
vn 0.993300 0.112100 -0.028500
vn 0.069000 -0.929600 0.362000
vn 0.278300 -0.934300 0.222800
vn -0.376300 0.904100 -0.202400
vn -0.408200 0.888100 -0.211100
vn -0.098100 -0.882800 0.459300
vn -0.640300 0.762400 -0.093400
vn 0.896100 0.151100 -0.417400
vn 0.872700 0.325100 0.364400
vn 0.900500 0.157300 -0.405400
vn -0.415900 -0.348000 -0.840100
vn -0.754600 0.066900 0.652700
vn 0.740900 -0.207100 0.638900
vn 0.942400 0.197100 -0.270300
vn 0.888600 0.403300 0.218400
vn -0.325800 0.327900 0.886700
vn -0.022300 -0.131700 0.991000
vn -0.929200 -0.354000 0.106200
vn -0.927900 -0.172600 -0.330300
vn -0.142700 -0.146100 -0.978900
vn 0.367800 -0.064500 -0.927600
vn 0.956800 0.267700 -0.112800
vn -0.411800 0.068400 0.908700
vn -0.959000 -0.234300 0.159100
vn 0.465700 -0.051400 -0.883400
vn 0.512400 0.842000 -0.168600
vn 0.942100 0.265300 -0.205100
vn 0.386500 -0.059400 -0.920400
vn 0.927300 0.279100 -0.249200
vn -0.302900 0.106000 0.947100
vn -0.891100 -0.415800 0.181300
vn -0.942700 -0.283600 0.175400
vn -0.367900 0.049800 0.928500
vn -0.119800 0.296300 0.947500
vn -0.129800 -0.749900 -0.648700
vn 0.894300 -0.192000 -0.404100
vn 0.238300 0.641100 -0.729500
vn -0.974400 0.212200 0.073900
vn -0.656200 -0.573800 -0.490000
vn -0.901200 -0.225900 0.369800
vn -0.510100 -0.003400 0.860100
vn 0.879400 0.322200 0.350500
vn 0.383900 -0.057400 -0.921600
vn -0.942700 -0.283800 0.175400
vn 0.441700 0.350400 0.825900
vn 0.781100 0.326500 0.532100
vn 0.868100 0.132700 0.478400
vn 0.634300 0.226400 0.739100
vn 0.963400 0.139900 0.228400
vn 0.962600 0.075600 0.260300
vn -0.955300 0.294300 -0.027700
vn -0.970900 0.239600 0.004400
vn -0.987900 0.155300 -0.000500
vn -0.963900 0.266300 -0.002300
vn -0.415700 0.377100 0.827600
vn -0.207000 0.351700 0.912900
vn -0.720500 0.398600 0.567300
vn -0.819100 0.382100 0.427700
vn 0.818800 0.133200 0.558300
vn 0.571200 0.186700 0.799300
vn 0.972000 -0.006600 0.234600
vn -0.989500 0.099600 0.104500
vn -0.999900 -0.015300 -0.000000
vn -0.162200 0.288100 0.943700
vn -0.704700 0.289700 0.647600
vn 0.837500 0.171600 0.518800
vn 0.581100 0.169200 0.796000
vn 0.897500 0.132700 0.420500
vn -0.967700 0.073400 0.241000
vn -0.997300 0.073600 -0.000300
vn -0.531500 0.083600 0.842900
vn -0.709800 0.048700 0.702700
vn 0.775100 0.206300 0.597100
vn 0.511900 0.250700 0.821600
vn 0.832500 0.153800 0.532200
vn -0.963100 0.215700 -0.160600
vn -0.979900 0.199200 0.000700
vn -0.248500 0.122700 0.960800
vn -0.652500 0.120600 0.748100
vn 0.476900 0.283600 0.831900
vn 0.211900 0.322500 0.922500
vn 0.482500 0.182900 0.856500
vn 0.198100 0.180800 0.963300
vn 0.256100 0.209100 0.943800
vn 0.999800 0.016200 0.004200
vn 0.999300 0.037400 0.001600
vn 0.999000 -0.044500 -0.000800
vn 0.997800 0.065600 -0.000700
vn 0.988200 0.152900 0.002300
vn 0.443200 0.290600 -0.848000
vn 0.634400 0.176500 -0.752500
vn 0.867100 0.102600 -0.487400
vn 0.780200 0.288600 -0.555000
vn 0.962800 0.128300 -0.237700
vn 0.963500 0.060000 -0.260900
vn -0.956100 0.292700 -0.013200
vn -0.973200 0.230000 -0.004200
vn -0.449400 0.295100 -0.843100
vn -0.848700 0.310900 -0.427700
vn -0.753100 0.336100 -0.565500
vn -0.197900 0.290700 -0.936100
vn 0.571400 0.136700 -0.809200
vn 0.818900 0.098500 -0.565400
vn 0.971500 -0.019900 -0.236200
vn -0.989700 0.092000 -0.110000
vn -0.703900 0.251400 -0.664200
vn -0.162300 0.228900 -0.959800
vn 0.576600 0.147800 -0.803600
vn 0.837200 0.158100 -0.523600
vn 0.897700 0.123300 -0.423000
vn -0.967300 0.065400 -0.245000
vn -0.709000 0.034400 -0.704400
vn -0.533700 0.063500 -0.843200
vn 0.511100 0.258000 -0.819800
vn 0.774100 0.211600 -0.596600
vn 0.832200 0.160000 -0.530800
vn -0.963700 0.215200 0.157900
vn -0.659900 0.130300 -0.739900
vn -0.256400 0.133600 -0.957300
vn 0.212900 0.256000 -0.942900
vn 0.477200 0.226600 -0.849000
vn 0.482700 0.129400 -0.866100
vn 0.198100 0.157800 -0.967400
vn 0.251800 0.218900 -0.942700
vn -0.483800 -0.858000 -0.172200
vn -0.166300 -0.847600 -0.503800
vn -0.398500 -0.089000 -0.912800
vn -0.927200 -0.106800 -0.359000
vn -0.558500 -0.827500 0.058000
vn -0.995800 -0.088200 0.023100
vn -0.146100 -0.782300 0.605500
vn -0.368700 -0.782700 0.501300
vn -0.689800 -0.023700 0.723600
vn -0.362600 0.017700 0.931700
vn 0.311700 -0.740300 0.595700
vn 0.394600 0.090300 0.914400
vn 0.631200 -0.729900 0.262300
vn 0.927100 0.104600 0.359800
vn 0.622600 -0.756900 -0.198500
vn 0.914100 0.061100 -0.400800
vn 0.292500 -0.805100 -0.515900
vn 0.364000 -0.020800 -0.931200
vn 0.926300 0.106400 0.361500
vn 0.398300 0.087100 0.913100
vn 0.335400 -0.669500 0.662800
vn 0.695500 -0.658900 0.286500
vn 0.912800 0.060300 -0.403800
vn 0.685800 -0.690000 -0.231300
vn 0.365300 -0.019300 -0.930700
vn 0.314500 -0.744400 -0.588900
vn -0.398300 -0.090400 -0.912800
vn -0.204000 -0.792700 -0.574400
vn -0.927400 -0.105100 -0.358900
vn -0.564500 -0.799300 -0.205800
vn -0.913000 -0.060000 0.403500
vn -0.553700 -0.771000 0.314400
vn -0.691400 -0.020900 0.722100
vn -0.424200 -0.719700 0.549700
vn 0.020700 0.054700 0.998300
vn 0.077900 -0.663500 0.744100
vn 0.560700 0.802800 0.202600
vn 0.206200 0.788100 0.580000
vn 0.552100 0.771800 -0.315400
vn 0.182400 0.718600 -0.671000
vn -0.336200 0.670900 -0.661000
vn -0.697700 0.656700 -0.286300
vn -0.686300 0.688900 0.233100
vn -0.552700 0.687300 0.471300
vn -0.049800 0.743800 0.666500
vn -0.311300 0.741600 -0.594200
vn -0.630800 0.730400 -0.261900
vn -0.699700 0.713900 -0.029000
vn -0.506800 0.755500 0.415100
vn -0.292100 0.804800 0.516600
vn 0.166100 0.847400 0.504200
vn 0.487500 0.855900 0.172500
vn 0.478400 0.829300 -0.288600
vn 0.146600 0.781200 -0.606700
vn -0.368800 -0.782700 0.501300
vn -0.362600 0.017700 0.931800
vn 0.311700 -0.740300 0.595600
vn 0.394600 0.090200 0.914400
vn 0.926300 0.106400 0.361400
vn 0.335400 -0.669400 0.662800
vn -0.553700 -0.771100 0.314400
vn 0.206100 0.788100 0.579900
vn -0.630800 0.730400 -0.261800
vn 0.487500 0.855900 0.172400
vn 0.248500 -0.531500 0.809800
vn 0.904200 -0.391000 0.172000
vn 0.685900 -0.147500 0.712500
vn 0.340600 -0.893100 0.293700
vn 0.997000 -0.025600 0.072600
vn 0.997900 -0.029800 0.057300
vn 0.399900 0.578300 0.711100
vn 0.421100 0.888600 -0.181800
vn 0.310400 0.841300 0.442600
vn 0.735500 0.667000 -0.118800
vn -0.342600 0.916500 -0.206600
vn -0.275900 0.859900 0.429500
vn -0.906200 0.414300 -0.084800
vn -0.705500 0.474500 0.526400
vn -0.939500 -0.323600 0.112200
vn -0.730500 -0.088600 0.677100
vn -0.423100 -0.865200 0.269000
vn -0.337600 -0.504800 0.794500
vn 0.729200 -0.477000 -0.490500
vn 0.285400 -0.875500 -0.389800
vn 0.995900 -0.021600 0.087600
vn 0.348500 0.537500 -0.767800
vn 0.420300 0.151400 -0.894700
vn -0.258500 0.564900 -0.783600
vn -0.711000 0.167100 -0.683000
vn -0.738200 -0.423800 -0.524900
vn -0.323200 -0.856100 -0.403200
vn -0.224100 0.749800 0.622500
vn -0.904500 0.392800 -0.165700
vn -0.340700 0.894700 -0.288700
vn -0.555000 0.446400 0.701800
vn -0.997400 0.027300 -0.066400
vn -0.380600 0.261200 0.887100
vn -0.736400 -0.662200 0.138400
vn -0.421200 -0.887400 0.187200
vn -0.735800 -0.665600 0.124500
vn -0.272800 -0.317800 0.908000
vn 0.342600 -0.915600 0.210300
vn 0.190100 -0.346000 0.918800
vn 0.906200 -0.413700 0.087300
vn 0.539600 -0.045000 0.840700
vn 0.939500 0.324300 -0.109700
vn 0.560700 0.410700 0.719000
vn 0.423100 0.866300 -0.265500
vn 0.238700 0.740500 0.628100
vn -0.511700 0.025900 -0.858800
vn -0.177200 0.313000 -0.933000
vn -0.996500 0.023700 -0.080000
vn -0.225300 -0.719400 -0.657000
vn -0.261600 -0.481600 -0.836400
vn 0.214100 -0.727500 -0.651800
vn 0.527600 -0.439500 -0.726900
vn 0.545700 -0.025600 -0.837500
vn 0.259300 0.285600 -0.922600
vn -0.404900 -0.576900 0.709300
vn -0.886500 -0.457100 -0.071700
vn -0.336300 -0.924400 0.180100
vn -0.830900 -0.219800 0.511100
vn -0.978200 -0.095300 -0.184500
vn -0.974900 -0.098900 -0.199600
vn -0.608700 0.523100 0.596500
vn -0.426400 0.864400 -0.266200
vn -0.729100 0.620000 -0.289800
vn -0.474100 0.801400 0.364700
vn 0.314400 0.944500 -0.094900
vn 0.093400 0.859900 0.501900
vn 0.864600 0.477200 0.157000
vn 0.512000 0.500800 0.697800
vn 0.902000 -0.263700 0.341800
vn 0.539900 -0.064500 0.839200
vn 0.404600 -0.844300 0.351500
vn 0.162300 -0.510300 0.844500
vn -0.544100 -0.506100 -0.669200
vn -0.111100 -0.877800 -0.465900
vn -0.981200 -0.091800 -0.169700
vn -0.182000 0.541200 -0.820900
vn -0.190400 0.156100 -0.969200
vn 0.405400 0.609900 -0.680800
vn 0.846100 0.240000 -0.475800
vn 0.876400 -0.353300 -0.327200
vn 0.477600 -0.816800 -0.323600
vn 0.002800 0.739400 0.673200
vn 0.885100 0.458700 0.078000
vn 0.324500 0.456200 0.828500
vn 0.335000 0.925800 -0.175100
vn 0.976900 0.096800 0.190600
vn 0.123200 0.252900 0.959600
vn 0.724700 -0.615900 0.309000
vn 0.425100 -0.863400 0.271500
vn 0.057200 -0.332400 0.941400
vn 0.727800 -0.618800 0.295400
vn -0.315400 -0.943800 0.098500
vn -0.390000 -0.392100 0.833100
vn -0.865400 -0.476700 -0.154600
vn -0.729800 -0.112600 0.674300
vn -0.902700 0.264300 -0.339500
vn -0.753300 0.344900 0.559900
vn -0.405500 0.845200 -0.348100
vn -0.444400 0.698800 0.560400
vn 0.708700 0.093200 -0.699300
vn 0.384400 0.358900 -0.850500
vn 0.979700 0.093600 0.177300
vn 0.437200 -0.677500 -0.591400
vn 0.499800 -0.431300 -0.751100
vn 0.012600 -0.715400 -0.698600
vn -0.292300 -0.446500 -0.845700
vn -0.312700 -0.031000 -0.949300
vn -0.038100 0.301700 -0.952600
vn -0.959000 0.118800 0.257300
vn -0.955100 0.160000 0.249400
vn -0.985100 0.171200 -0.013000
vn -0.993900 0.109300 -0.012700
vn -0.916600 0.308500 0.254200
vn -0.943300 0.331700 -0.011100
vn -0.887100 0.380500 0.261300
vn -0.921300 0.386500 -0.042000
vn -0.993100 0.116700 -0.001900
vn -0.965000 0.126700 0.229400
vn -0.955100 0.134400 0.263900
vn -0.990700 0.131800 -0.034100
vn -0.984300 0.111300 0.136900
vn -0.979500 0.168200 0.110500
vn -0.908700 0.135800 -0.394700
vn -0.912900 0.089400 -0.398200
vn -0.939100 0.323600 0.115600
vn -0.860700 0.318400 -0.397100
vn -0.900100 0.414400 0.134200
vn -0.818200 0.389200 -0.423200
vn -0.985100 0.128500 0.114200
vn -0.979100 0.135900 0.151200
vn -0.887900 0.107600 -0.447300
vn -0.935600 0.099700 -0.338700
vn 0.959000 -0.118800 -0.257300
vn 0.993900 -0.109300 0.012700
vn 0.985100 -0.171200 0.013000
vn 0.955100 -0.160000 -0.249400
vn 0.943300 -0.331700 0.011100
vn 0.916600 -0.308500 -0.254200
vn 0.921300 -0.386500 0.042000
vn 0.887100 -0.380500 -0.261300
vn 0.993100 -0.116700 0.001900
vn 0.990700 -0.131800 0.034100
vn 0.955100 -0.134400 -0.263900
vn 0.965000 -0.126700 -0.229400
vn 0.984300 -0.111300 -0.136900
vn 0.979500 -0.168200 -0.110500
vn 0.908700 -0.135800 0.394700
vn 0.912900 -0.089400 0.398200
vn 0.939100 -0.323600 -0.115600
vn 0.860700 -0.318400 0.397100
vn 0.900100 -0.414400 -0.134200
vn 0.818200 -0.389200 0.423200
vn 0.979100 -0.135900 -0.151200
vn 0.985100 -0.128500 -0.114200
vn 0.935600 -0.099700 0.338700
vn 0.887900 -0.107600 0.447300
vn 0.968200 0.046700 0.245600
vn 0.999100 0.040100 0.007500
vn 0.984200 0.176000 -0.019100
vn 0.956200 0.154200 0.248600
vn 0.949100 0.311300 -0.047000
vn 0.915600 0.294800 0.273400
vn 0.946500 0.304800 -0.105700
vn 0.886100 0.342000 0.312900
vn 0.985000 0.022900 0.171000
vn 0.999700 0.014600 -0.017300
vn 0.991500 0.040500 0.123400
vn 0.977900 0.171300 0.119800
vn 0.910800 0.148400 -0.385200
vn 0.946600 0.030100 -0.321000
vn 0.920100 0.344700 0.186100
vn 0.836300 0.342000 -0.428400
vn 0.863200 0.435400 0.255300
vn 0.798700 0.352900 -0.487300
vn 0.993300 0.032000 0.110900
vn 0.965300 0.025900 -0.259700
vn -0.968200 -0.046700 -0.245600
vn -0.956200 -0.154200 -0.248600
vn -0.984200 -0.176000 0.019100
vn -0.999100 -0.040100 -0.007500
vn -0.915600 -0.294800 -0.273400
vn -0.949100 -0.311300 0.047000
vn -0.886100 -0.342000 -0.312900
vn -0.946500 -0.304800 0.105700
vn -0.985000 -0.022900 -0.171000
vn -0.999700 -0.014600 0.017300
vn -0.991500 -0.040500 -0.123400
vn -0.977900 -0.171300 -0.119800
vn -0.910800 -0.148400 0.385200
vn -0.946600 -0.030100 0.321000
vn -0.920100 -0.344700 -0.186100
vn -0.836300 -0.342000 0.428400
vn -0.863200 -0.435400 -0.255300
vn -0.798700 -0.352900 0.487300
vn -0.993300 -0.032000 -0.110900
vn -0.965300 -0.025900 0.259700
vn 0.530000 0.336900 0.778200
vn 0.765300 0.311800 0.563000
vn 0.865700 0.128800 0.483600
vn 0.633800 0.217500 0.742200
vn 0.954600 0.158500 0.252000
vn 0.962600 0.079900 0.258800
vn -0.217700 0.531100 0.818900
vn -0.216300 0.388400 0.895700
vn -0.532000 0.391500 0.750800
vn 0.818800 0.133400 0.558300
vn 0.571200 0.186900 0.799200
vn 0.972100 -0.006500 0.234300
vn -0.998700 0.051100 0.000300
vn -0.988100 0.153100 0.015000
vn -0.989800 0.097900 0.103200
vn -0.999900 -0.013400 0.000100
vn -0.162300 0.288400 0.943700
vn -0.705300 0.287100 0.648100
vn 0.837400 0.172800 0.518500
vn 0.580800 0.171000 0.795800
vn 0.898000 0.133400 0.419200
vn -0.967700 0.074100 0.240700
vn -0.997300 0.073800 -0.000700
vn -0.531700 0.085500 0.842600
vn -0.709700 0.050200 0.702700
vn 0.775000 0.208900 0.596500
vn 0.511000 0.254400 0.821000
vn 0.832500 0.156000 0.531600
vn -0.963100 0.216300 -0.160000
vn -0.979900 0.199600 0.000100
vn -0.251000 0.126000 0.959700
vn -0.654700 0.123100 0.745800
vn 0.485500 0.275800 0.829600
vn 0.299100 0.322900 0.897900
vn 0.482500 0.183100 0.856500
vn 0.198100 0.183100 0.962900
vn 0.254300 0.213100 0.943300
vn 0.999500 0.029700 0.001600
vn 0.999100 0.042300 0.000500
vn 0.999000 -0.044500 -0.000500
vn 0.997800 0.065900 -0.002300
vn 0.988100 0.153400 0.001300
vn 0.530000 0.280900 -0.800100
vn 0.634000 0.167700 -0.754900
vn 0.865600 0.096300 -0.491300
vn 0.766800 0.270900 -0.581900
vn 0.955900 0.139200 -0.258700
vn 0.963600 0.060100 -0.260600
vn -0.532000 0.340100 -0.775400
vn -0.216700 0.327500 -0.919600
vn -0.218500 0.470000 -0.855200
vn 0.571400 0.137800 -0.809000
vn 0.818800 0.099400 -0.565300
vn 0.971600 -0.019600 -0.235700
vn -0.989900 0.090600 -0.108700
vn -0.988200 0.151600 -0.021700
vn -0.705000 0.246400 -0.665000
vn -0.162100 0.230000 -0.959600
vn 0.577100 0.149400 -0.802900
vn 0.837900 0.158200 -0.522400
vn 0.897900 0.123700 -0.422500
vn -0.967300 0.065800 -0.245100
vn -0.708800 0.034800 -0.704600
vn -0.533600 0.064200 -0.843300
vn 0.510800 0.258900 -0.819800
vn 0.774300 0.211800 -0.596200
vn 0.832300 0.159600 -0.530700
vn -0.963900 0.214700 0.157700
vn -0.660100 0.130200 -0.739800
vn -0.256500 0.133900 -0.957200
vn 0.295500 0.257900 -0.919800
vn 0.485200 0.219100 -0.846500
vn 0.482700 0.130300 -0.866000
vn 0.198100 0.159600 -0.967100
vn 0.251500 0.219600 -0.942600
vn -0.530000 -0.336900 -0.778200
vn -0.865700 -0.128800 -0.483600
vn -0.765300 -0.311800 -0.563000
vn -0.633800 -0.217500 -0.742200
vn -0.954600 -0.158500 -0.252000
vn -0.962600 -0.079900 -0.258800
vn 0.217700 -0.531100 -0.818900
vn 0.532000 -0.391500 -0.750800
vn 0.216300 -0.388400 -0.895700
vn -0.818800 -0.133400 -0.558300
vn -0.571200 -0.186900 -0.799200
vn -0.972100 0.006500 -0.234300
vn 0.998700 -0.051100 -0.000300
vn 0.989800 -0.097900 -0.103200
vn 0.988100 -0.153100 -0.015000
vn 0.999900 0.013400 -0.000100
vn 0.705300 -0.287100 -0.648100
vn 0.162300 -0.288400 -0.943700
vn -0.837400 -0.172800 -0.518500
vn -0.580800 -0.171000 -0.795800
vn -0.898000 -0.133400 -0.419200
vn 0.967700 -0.074100 -0.240700
vn 0.997300 -0.073800 0.000700
vn 0.709700 -0.050200 -0.702700
vn 0.531700 -0.085500 -0.842600
vn -0.775000 -0.208900 -0.596500
vn -0.511000 -0.254400 -0.821000
vn -0.832500 -0.156000 -0.531600
vn 0.979900 -0.199600 -0.000100
vn 0.963100 -0.216300 0.160000
vn 0.654700 -0.123100 -0.745800
vn 0.251000 -0.126000 -0.959700
vn -0.485500 -0.275800 -0.829600
vn -0.299100 -0.322900 -0.897900
vn -0.482500 -0.183100 -0.856500
vn -0.198100 -0.183100 -0.962900
vn -0.254300 -0.213100 -0.943300
vn -0.999100 -0.042300 -0.000500
vn -0.999500 -0.029700 -0.001600
vn -0.999000 0.044500 0.000500
vn -0.997800 -0.065900 0.002300
vn -0.988100 -0.153400 -0.001300
vn -0.530000 -0.280900 0.800100
vn -0.865600 -0.096300 0.491300
vn -0.634000 -0.167700 0.754900
vn -0.766800 -0.270900 0.581900
vn -0.955900 -0.139200 0.258700
vn -0.963600 -0.060100 0.260600
vn 0.532000 -0.340100 0.775400
vn 0.218500 -0.470000 0.855200
vn 0.216700 -0.327500 0.919600
vn -0.818800 -0.099400 0.565300
vn -0.571400 -0.137800 0.809000
vn -0.971600 0.019600 0.235700
vn 0.989900 -0.090600 0.108700
vn 0.988200 -0.151600 0.021700
vn 0.705000 -0.246400 0.665000
vn 0.162100 -0.230000 0.959600
vn -0.837900 -0.158200 0.522400
vn -0.577100 -0.149400 0.802900
vn -0.897900 -0.123700 0.422500
vn 0.967300 -0.065800 0.245100
vn 0.708800 -0.034800 0.704600
vn 0.533600 -0.064200 0.843300
vn -0.774300 -0.211800 0.596200
vn -0.510800 -0.258900 0.819800
vn -0.832300 -0.159600 0.530700
vn 0.963900 -0.214700 -0.157700
vn 0.660100 -0.130200 0.739800
vn 0.256500 -0.133900 0.957200
vn -0.485200 -0.219100 0.846500
vn -0.295500 -0.257900 0.919800
vn -0.482700 -0.130300 0.866000
vn -0.198100 -0.159600 0.967100
vn -0.251500 -0.219600 0.942600
vn 0.582600 0.204000 0.786700
vn 0.775700 0.216200 0.592900
vn 0.839500 0.160600 0.519100
vn 0.584300 0.165500 0.794500
vn 0.951500 0.086200 0.295300
vn 0.909200 0.128600 0.396000
vn -0.999000 -0.044300 -0.002300
vn -0.988300 0.093800 0.120500
vn -0.977500 0.042200 0.206400
vn -0.999800 -0.020700 -0.005200
vn -0.486000 0.211200 0.848000
vn -0.534400 0.103000 0.838900
vn -0.759400 0.056000 0.648200
vn -0.757200 0.196600 0.622900
vn 0.774700 0.201400 0.599400
vn 0.515500 0.246500 0.820600
vn 0.832800 0.150800 0.532600
vn -0.987600 0.104200 -0.116800
vn -0.990000 0.140900 -0.002200
vn -0.253600 0.129800 0.958500
vn -0.666600 0.101500 0.738500
vn 0.197200 0.184500 0.962800
vn 0.478100 0.185700 0.858400
vn 0.255700 0.209900 0.943700
vn 0.999800 0.019500 -0.003100
vn 0.997700 0.067000 -0.002000
vn 0.989800 0.142300 0.000900
vn 0.581500 0.152100 -0.799200
vn 0.579900 0.138600 -0.802800
vn 0.838700 0.145600 -0.524700
vn 0.786400 0.174200 -0.592600
vn 0.909600 0.115200 -0.399100
vn 0.954900 0.060000 -0.290700
vn -0.978700 0.039400 -0.201300
vn -0.993100 0.110900 -0.038100
vn -0.189100 0.232900 -0.953900
vn -0.732500 0.268800 -0.625400
vn -0.759200 0.055200 -0.648500
vn -0.536100 0.079100 -0.840400
vn 0.516300 0.247100 -0.819900
vn 0.774100 0.202000 -0.600000
vn 0.832600 0.152900 -0.532300
vn -0.988900 0.096200 0.112900
vn -0.670500 0.104100 -0.734500
vn -0.257100 0.134600 -0.957000
vn 0.478600 0.129300 -0.868400
vn 0.198200 0.154500 -0.967900
vn 0.254600 0.212500 -0.943400
vn -0.657800 -0.216100 -0.721500
vn -0.584300 -0.165500 -0.794500
vn -0.839500 -0.160600 -0.519100
vn -0.775700 -0.216200 -0.592900
vn -0.909200 -0.128600 -0.396000
vn -0.951500 -0.086200 -0.295300
vn 0.999000 0.044300 0.002300
vn 0.999800 0.020700 0.005200
vn 0.977500 -0.042200 -0.206400
vn 0.988300 -0.093800 -0.120500
vn 0.474100 -0.215200 -0.853800
vn 0.757200 -0.196600 -0.622900
vn 0.806000 -0.017900 -0.591600
vn 0.553500 -0.187100 -0.811600
vn -0.666100 -0.259500 -0.699200
vn -0.774700 -0.201400 -0.599400
vn -0.832800 -0.150800 -0.532600
vn 0.990000 -0.140900 0.002200
vn 0.987600 -0.104200 0.116800
vn 0.544500 0.006700 -0.838700
vn 0.994300 -0.017400 -0.105500
vn 0.253600 -0.129800 -0.958500
vn -0.478100 -0.185700 -0.858400
vn -0.174600 -0.182500 -0.967600
vn -0.255700 -0.209900 -0.943700
vn -0.997700 -0.067000 0.002000
vn -0.999800 -0.019500 0.003100
vn -0.989800 -0.142300 -0.000900
vn -0.659400 -0.169000 0.732500
vn -0.786400 -0.174200 0.592600
vn -0.838700 -0.145600 0.524700
vn -0.579900 -0.138600 0.802800
vn -0.954900 -0.060000 0.290700
vn -0.909600 -0.115200 0.399100
vn 0.993100 -0.110900 0.038100
vn 0.978700 -0.039400 0.201300
vn 0.553700 -0.133900 0.821900
vn 0.807000 -0.032000 0.589700
vn 0.732500 -0.268800 0.625400
vn 0.131400 -0.244600 0.960700
vn -0.774100 -0.202000 0.600000
vn -0.667600 -0.258700 0.698100
vn -0.832600 -0.152900 0.532300
vn 0.988900 -0.096200 -0.112900
vn 0.257100 -0.134600 0.957000
vn 0.995500 -0.014800 0.093100
vn 0.549600 -0.000600 0.835400
vn -0.174700 -0.153000 0.972700
vn -0.478600 -0.129300 0.868400
vn -0.254600 -0.212500 0.943400
vn 0.065600 -0.110000 -0.991800
vn -0.803300 -0.015700 -0.595300
vn -0.834200 0.070800 -0.546900
vn 0.084700 0.014800 -0.996300
vn -0.868400 0.389500 -0.306600
vn -0.934600 0.345900 -0.082400
vn -0.726600 0.680600 -0.093200
vn -0.739300 0.651000 -0.172000
vn -0.076600 0.288700 0.954300
vn -0.194700 0.081900 0.977400
vn -0.954300 0.022800 0.297800
vn -0.679600 0.229800 0.696700
vn -0.641000 0.604900 -0.472300
vn 0.014300 0.375500 -0.926700
vn -0.638100 0.759100 -0.128500
vn -0.680300 0.731200 0.051000
vn -0.218900 0.182600 0.958500
vn -0.875700 0.410700 0.253800
vn -0.353600 0.867500 -0.349700
vn 0.520200 0.472100 -0.711700
vn -0.844900 0.524300 -0.105800
vn -0.602700 0.796600 0.046400
vn 0.159200 0.446700 0.880400
vn -0.790900 0.608100 0.067600
vn -0.942700 0.298200 0.149400
vn -0.791200 0.601100 0.112300
vn -0.768500 0.637400 -0.055600
vn -0.823100 0.567200 -0.026900
vn 0.966300 0.038100 0.254300
vn 0.933400 0.201700 0.296700
vn 0.767300 0.275400 0.579100
vn 0.784400 0.161400 0.598900
vn 0.365700 0.242600 0.898600
vn 0.379400 0.200200 0.903300
vn -0.975700 0.213500 0.049400
vn -0.936900 0.336400 -0.094600
vn 0.719200 0.594700 0.359100
vn 0.650800 0.608900 0.453500
vn 0.571200 0.402500 0.715300
vn -0.773300 0.578800 -0.258900
vn 0.520700 0.803600 0.288200
vn 0.542500 0.780400 0.310900
vn 0.566400 0.630200 0.531000
vn -0.598200 0.766400 -0.233800
vn 0.990400 -0.055400 0.126400
vn 0.949900 0.159600 0.268700
vn 0.725800 0.576600 0.375000
vn 0.334500 0.938800 0.081900
vn -0.991500 0.128700 0.015900
vn -0.974800 0.106100 0.196200
vn 0.768500 0.238700 -0.593700
vn 0.949600 0.226600 -0.216400
vn 0.987900 0.017700 -0.153800
vn 0.767300 0.106200 -0.632400
vn 0.623500 0.219100 -0.750500
vn 0.584800 0.103900 -0.804400
vn -0.797600 0.555100 0.235800
vn 0.667200 0.505500 -0.547000
vn 0.752400 0.650000 -0.106300
vn 0.641400 0.376600 -0.668400
vn -0.406900 0.862700 0.300400
vn 0.596800 0.651100 -0.469000
vn 0.439000 0.898500 -0.002600
vn 0.660800 0.503200 -0.556900
vn 0.982100 0.102800 0.157800
vn 0.943800 -0.107400 0.312700
vn 0.739200 0.631100 0.235000
vn 0.359300 0.886000 0.293000
vn -0.065600 0.110000 0.991800
vn -0.084700 -0.014800 0.996300
vn 0.834200 -0.070800 0.546900
vn 0.803300 0.015700 0.595300
vn 0.868400 -0.389500 0.306600
vn 0.739300 -0.651000 0.172000
vn 0.726600 -0.680600 0.093200
vn 0.934600 -0.345900 0.082400
vn 0.076600 -0.288700 -0.954300
vn 0.679600 -0.229800 -0.696700
vn 0.954300 -0.022800 -0.297800
vn 0.194700 -0.081900 -0.977400
vn -0.014300 -0.375500 0.926700
vn 0.641000 -0.604900 0.472300
vn 0.680300 -0.731200 -0.051000
vn 0.638100 -0.759100 0.128500
vn 0.875700 -0.410700 -0.253800
vn 0.218900 -0.182600 -0.958500
vn -0.520200 -0.472100 0.711700
vn 0.353600 -0.867500 0.349700
vn 0.602700 -0.796600 -0.046400
vn 0.844900 -0.524300 0.105800
vn 0.790900 -0.608100 -0.067600
vn -0.159200 -0.446700 -0.880400
vn 0.942700 -0.298200 -0.149400
vn 0.791200 -0.601100 -0.112300
vn 0.768500 -0.637400 0.055600
vn 0.823100 -0.567200 0.026900
vn -0.966300 -0.038100 -0.254300
vn -0.784400 -0.161400 -0.598900
vn -0.767300 -0.275400 -0.579100
vn -0.933400 -0.201700 -0.296700
vn -0.365700 -0.242600 -0.898600
vn -0.379400 -0.200200 -0.903300
vn 0.936900 -0.336400 0.094600
vn 0.975700 -0.213500 -0.049400
vn -0.650800 -0.608900 -0.453500
vn -0.719200 -0.594700 -0.359100
vn -0.571200 -0.402500 -0.715300
vn 0.773300 -0.578800 0.258900
vn -0.542500 -0.780400 -0.310900
vn -0.520700 -0.803600 -0.288200
vn -0.566400 -0.630200 -0.531000
vn 0.598200 -0.766400 0.233800
vn -0.990400 0.055400 -0.126400
vn -0.949900 -0.159600 -0.268700
vn -0.725800 -0.576600 -0.375000
vn -0.334500 -0.938800 -0.081900
vn 0.991500 -0.128700 -0.015900
vn 0.974800 -0.106100 -0.196200
vn -0.768500 -0.238700 0.593700
vn -0.767300 -0.106200 0.632400
vn -0.987900 -0.017700 0.153800
vn -0.949600 -0.226600 0.216400
vn -0.584800 -0.103900 0.804400
vn -0.623500 -0.219100 0.750500
vn 0.797600 -0.555100 -0.235800
vn -0.667200 -0.505500 0.547000
vn -0.752400 -0.650000 0.106300
vn -0.641400 -0.376600 0.668400
vn 0.406900 -0.862700 -0.300400
vn -0.596800 -0.651100 0.469000
vn -0.439000 -0.898500 0.002600
vn -0.660800 -0.503200 0.556900
vn -0.982100 -0.102800 -0.157800
vn -0.943800 0.107400 -0.312700
vn -0.739200 -0.631100 -0.235000
vn -0.359300 -0.886000 -0.293000
vn 0.252100 -0.565800 0.785000
vn 0.906600 -0.404200 0.121400
vn 0.705600 -0.171500 0.687500
vn 0.342900 -0.905600 0.249700
vn 0.999000 -0.039200 0.022700
vn 0.998700 -0.048500 -0.014200
vn 0.409700 0.578100 0.705600
vn 0.422900 0.874400 -0.237900
vn 0.316900 0.853300 0.414000
vn 0.737300 0.653400 -0.171200
vn -0.341000 0.903700 -0.258800
vn -0.288100 0.869400 0.401400
vn -0.905600 0.403400 -0.130900
vn -0.727700 0.470200 0.499200
vn -0.939700 -0.334400 0.071300
vn -0.751900 -0.107700 0.650400
vn -0.422300 -0.877000 0.229000
vn -0.349900 -0.535500 0.768600
vn 0.723900 -0.471600 -0.503500
vn 0.288000 -0.868600 -0.403200
vn 0.997700 -0.029600 0.060700
vn 0.347800 0.530100 -0.773300
vn 0.415400 0.153600 -0.896500
vn -0.252000 0.561100 -0.788400
vn -0.704300 0.168800 -0.689500
vn -0.733500 -0.421200 -0.533300
vn -0.318000 -0.852800 -0.414100
vn -0.230000 0.721500 0.653100
vn -0.906600 0.404400 -0.120500
vn -0.342900 0.905600 -0.249600
vn -0.535800 0.423600 0.730300
vn -0.999000 0.039500 -0.021800
vn -0.364800 0.252700 0.896100
vn -0.737300 -0.644000 0.203700
vn -0.422900 -0.874300 0.238000
vn -0.737300 -0.653200 0.171900
vn -0.269400 -0.291500 0.917800
vn 0.341100 -0.904000 0.257900
vn 0.167600 -0.329000 0.929300
vn 0.905600 -0.403900 0.129100
vn 0.511900 -0.048000 0.857700
vn 0.939800 0.333900 -0.073100
vn 0.539100 0.399200 0.741600
vn 0.422300 0.876800 -0.230100
vn 0.220400 0.722700 0.655000
vn -0.515000 0.049400 -0.855700
vn -0.164300 0.331700 -0.929000
vn -0.998000 0.030900 -0.055800
vn -0.222600 -0.726400 -0.650100
vn -0.264600 -0.476600 -0.838300
vn 0.232300 -0.724000 -0.649500
vn 0.538400 -0.423100 -0.728700
vn 0.547200 -0.014600 -0.836900
vn 0.268200 0.292300 -0.917900
vn 0.040300 -0.858100 -0.511800
vn 0.462000 -0.484600 -0.742700
vn 0.854200 -0.465400 -0.232000
vn 0.328800 -0.942800 0.053700
vn 0.950900 -0.091300 -0.295800
vn 0.938400 -0.098600 -0.331100
vn 0.106600 0.201100 -0.973700
vn 0.086300 0.578600 -0.811000
vn 0.392500 0.868600 -0.302300
vn 0.688500 0.623800 -0.369900
vn -0.481600 0.630800 -0.608300
vn -0.324000 0.944900 -0.045800
vn -0.889900 0.252100 -0.380100
vn -0.850100 0.468700 0.240000
vn -0.906500 -0.333200 -0.259100
vn -0.877400 -0.282100 0.387900
vn -0.525000 -0.791600 -0.312700
vn -0.388800 -0.867300 0.310700
vn 0.887800 -0.251300 0.385600
vn 0.482100 -0.629300 0.609500
vn 0.924200 -0.106000 -0.366800
vn 0.525100 0.788700 0.319700
vn 0.663500 0.497200 0.559000
vn -0.038700 0.855400 0.516600
vn -0.459900 0.483000 0.745100
vn -0.481700 -0.115100 0.868700
vn -0.087400 -0.578000 0.811300
vn -0.493400 0.387300 -0.778800
vn -0.328800 0.942800 -0.053800
vn -0.854500 0.465200 0.231100
vn -0.778300 0.101600 -0.619500
vn -0.938700 0.098400 0.330100
vn -0.653900 -0.132500 -0.744900
vn -0.699700 -0.629100 0.338400
vn -0.688700 -0.624000 0.369200
vn -0.392500 -0.868700 0.302100
vn -0.519700 -0.638500 -0.567600
vn 0.324400 -0.944800 0.046700
vn -0.107700 -0.700800 -0.705100
vn 0.850800 -0.468300 -0.238300
vn 0.213300 -0.434900 -0.874800
vn 0.878100 0.282500 -0.386200
vn 0.234100 0.017100 -0.972000
vn 0.389200 0.867500 -0.309700
vn -0.069300 0.363400 -0.929000
vn 0.110400 0.702900 0.702600
vn -0.217000 0.435500 0.873600
vn -0.926100 0.105000 0.362200
vn 0.063000 -0.060800 0.996200
vn 0.066000 -0.368700 0.927200
vn 0.494600 -0.391000 0.776200
vn 0.780200 -0.102000 0.617100
vn 0.784500 0.312700 0.535400
vn 0.518500 0.639500 0.567600
vn -0.201200 -0.275500 0.940000
vn 0.061600 -0.618100 0.783700
vn -0.439200 -0.893000 0.097900
vn -0.876400 -0.321000 0.358800
vn -0.258200 -0.039600 0.965300
vn -0.908700 0.062600 0.412700
vn 0.171300 0.485500 0.857300
vn -0.049000 0.394500 0.917600
vn -0.570300 0.747300 0.341000
vn -0.254000 0.941500 0.221300
vn 0.588700 0.457700 0.666200
vn 0.435300 0.895000 -0.097600
vn 0.853100 0.113300 0.509200
vn 0.877200 0.321400 -0.356700
vn 0.807400 -0.345200 0.478500
vn 0.802300 -0.435100 -0.408600
vn 0.479500 -0.648100 0.591600
vn 0.256300 -0.941500 -0.218800
vn 0.875900 0.323400 -0.357900
vn 0.439600 0.893000 -0.096000
vn 0.595300 0.533600 0.600800
vn 0.893700 0.144500 0.424600
vn 0.801100 -0.438100 -0.407800
vn 0.842500 -0.370600 0.390900
vn 0.257200 -0.940900 -0.220500
vn 0.473700 -0.712000 0.518300
vn -0.438500 -0.893200 0.099200
vn 0.001500 -0.677300 0.735700
vn -0.877200 -0.320500 0.357300
vn -0.299300 -0.295300 0.907300
vn -0.801300 0.437900 0.407500
vn -0.245900 0.221800 0.943600
vn -0.572800 0.746400 0.338800
vn -0.116400 0.454900 0.882900
vn 0.102400 0.992300 0.069200
vn 0.358700 0.628500 0.690100
vn 0.294300 0.292800 -0.909700
vn 0.002500 0.681900 -0.731400
vn 0.244000 -0.222600 -0.943900
vn -0.123400 -0.561800 -0.818000
vn -0.596300 -0.531500 -0.601600
vn -0.895000 -0.144600 -0.421800
vn -0.842400 0.372300 -0.389600
vn -0.692000 0.599900 -0.401600
vn -0.216100 0.774300 -0.594800
vn -0.588600 -0.456100 -0.667500
vn -0.852900 -0.112800 -0.509700
vn -0.889200 0.118200 -0.441900
vn -0.676000 0.552400 -0.487700
vn -0.479000 0.648700 -0.591400
vn -0.061700 0.618400 -0.783400
vn 0.205400 0.275100 -0.939200
vn 0.158900 -0.183400 -0.970100
vn -0.170600 -0.486900 -0.856600
vn -0.483800 0.174600 0.857500
vn -0.166300 -0.134900 0.976800
vn -0.398500 -0.806500 0.436600
vn -0.927200 -0.289300 0.237900
vn -0.558500 0.374900 0.740000
vn -0.995800 0.055600 0.072300
vn -0.146100 0.861900 0.485600
vn -0.368800 0.766000 0.526500
vn -0.689800 0.675900 -0.259300
vn -0.362600 0.851600 -0.378300
vn 0.311700 0.836500 0.450700
vn 0.394600 0.807500 -0.438400
vn 0.631200 0.525300 0.570700
vn 0.927100 0.290900 -0.236200
vn 0.622600 0.111100 0.774600
vn 0.914100 -0.393100 0.099400
vn 0.292500 -0.162600 0.942300
vn 0.363900 -0.849900 0.380900
vn 0.926300 0.291700 -0.238500
vn 0.398300 0.807600 -0.435000
vn 0.335400 0.870800 0.359300
vn 0.695500 0.519900 0.495800
vn 0.912800 -0.395500 0.101300
vn 0.685800 0.055000 0.725700
vn 0.365300 -0.850000 0.379300
vn 0.314500 -0.253500 0.914800
vn -0.398300 -0.806000 0.437900
vn -0.204000 -0.221300 0.953600
vn -0.927400 -0.289800 0.236300
vn -0.564500 0.120900 0.816500
vn -0.913000 0.395200 -0.101500
vn -0.553700 0.589300 0.588300
vn -0.691400 0.673500 -0.261200
vn -0.424200 0.786100 0.449500
vn 0.020700 0.898600 -0.438300
vn 0.077900 0.943400 0.322300
vn 0.560700 -0.125200 -0.818400
vn 0.206100 0.228200 -0.951500
vn 0.552100 -0.590400 -0.588600
vn 0.182400 -0.897500 -0.401500
vn -0.336200 -0.869700 -0.361400
vn -0.697700 -0.518900 -0.493900
vn -0.686300 -0.052800 -0.725400
vn -0.552700 0.167200 -0.816400
vn -0.049800 0.325200 -0.944300
vn -0.311300 -0.835600 -0.452500
vn -0.630800 -0.525100 -0.571300
vn -0.699700 -0.304000 -0.646500
vn -0.506800 0.089000 -0.857400
vn -0.292100 0.163300 -0.942300
vn 0.166100 0.135300 -0.976800
vn 0.487500 -0.173600 -0.855600
vn 0.478400 -0.588200 -0.652100
vn 0.146600 -0.862600 -0.484100
vn 0.277100 0.245200 0.929000
vn 0.128300 -0.267800 0.954900
vn 0.270800 -0.275200 0.922500
vn 0.691200 0.222200 0.687600
vn 0.347000 -0.174700 0.921400
vn 0.755900 0.095700 0.647600
vn 0.941400 0.288600 0.174700
vn 0.921300 0.082100 0.380100
vn 0.669500 0.162200 0.724800
vn 0.234800 0.090200 0.967800
vn -0.226100 0.215600 0.949900
vn 0.511000 0.300300 0.805400
vn 0.435800 -0.053100 0.898500
vn -0.222100 0.433100 0.873500
vn -0.237500 0.457800 0.856700
vn 0.734700 -0.365000 0.571800
vn 0.673900 -0.728900 0.120400
vn 0.982900 0.111000 0.146800
vn 0.892700 0.220500 0.393000
vn 0.407400 0.482700 0.775300
vn -0.207300 0.575100 0.791400
vn 0.490300 -0.866000 0.098300
vn 0.342000 -0.471700 0.812700
vn 0.927400 -0.114800 0.356000
vn -0.219400 0.426100 0.877700
vn 0.343100 0.265200 0.901100
vn -0.234600 -0.016000 0.972000
vn -0.226100 0.288600 0.930400
vn 0.506200 0.359500 0.783900
vn 0.307100 -0.877300 0.368600
vn 0.462800 0.501500 0.730900
vn 0.288300 0.241000 0.926700
vn 0.111000 0.117000 0.986900
vn 0.160700 0.585200 0.794800
vn 0.774700 -0.022700 0.631900
vn 0.851400 0.085700 0.517400
vn 0.909900 0.255500 0.326700
vn -0.224600 0.175800 0.958500
vn 0.504800 0.238600 0.829600
vn 0.228400 0.048200 0.972400
vn 0.103200 0.519600 0.848100
vn 0.328000 -0.036500 0.943900
vn 0.485900 0.327400 0.810400
vn -0.218500 -0.110700 0.969500
vn 0.833200 0.372500 0.408500
vn 0.482500 0.817100 0.315500
vn 0.434300 0.649400 0.624200
vn -0.163000 0.822900 0.544300
vn -0.091300 0.977100 0.192100
vn 0.928400 0.290200 0.231900
vn 0.420800 0.090100 0.902700
vn -0.025400 0.994600 -0.100500
vn 0.501000 0.864200 0.046700
vn 0.862900 0.462500 0.203500
vn 0.066600 0.876400 -0.476900
vn 0.555600 0.785100 -0.273400
vn 0.929300 0.359200 -0.086000
vn 0.682600 0.390300 -0.617800
vn 0.181300 0.423100 -0.887800
vn 0.905500 -0.423300 0.030500
vn 0.676400 -0.623200 -0.392500
vn 0.781400 -0.133400 -0.609600
vn 0.999200 0.029500 -0.027200
vn 0.225700 -0.194900 -0.954500
vn 0.870100 -0.385400 0.307100
vn 0.954400 0.062000 0.292100
vn 0.192600 -0.689500 -0.698100
vn 0.115600 -0.943000 -0.312100
vn 0.491200 -0.866500 0.088300
vn 0.493300 -0.791700 0.360300
vn 0.004900 -0.982500 0.186000
vn 0.286200 -0.957500 0.034100
vn -0.362300 -0.904200 -0.226100
vn -0.195500 -0.955700 -0.220000
vn 0.070500 -0.992500 -0.100000
vn 0.102000 -0.964000 -0.245300
vn -0.449600 -0.464700 -0.762800
vn -0.850100 -0.356000 -0.387900
vn 0.417200 0.043900 0.907700
vn -0.674100 0.199400 0.711200
vn -0.614800 -0.321000 0.720300
vn -0.502500 -0.300100 0.810800
vn -0.936400 0.142300 0.320800
vn -0.964700 0.013800 0.262900
vn -0.690600 -0.230800 0.685400
vn -0.999700 0.014800 -0.021100
vn -0.945700 0.218100 -0.241000
vn -0.927700 0.085400 0.363400
vn -0.640000 0.051300 0.766600
vn -0.845500 0.235800 0.479000
vn -0.775200 -0.121500 0.619900
vn -0.888700 -0.413500 0.198100
vn -0.991800 0.123600 -0.031200
vn -0.960900 0.103200 -0.256900
vn -0.683300 -0.713000 -0.156800
vn -0.742300 0.428400 0.515100
vn -0.480500 -0.872300 -0.090100
vn -0.973500 -0.216400 -0.074000
vn -0.607000 -0.521800 0.599300
vn -0.723300 0.217800 0.655200
vn -0.824700 0.294000 0.483100
vn -0.394200 -0.890800 0.225800
vn -0.780800 0.435300 0.448000
vn -0.534300 0.554000 0.638400
vn -0.534400 0.094400 0.839900
vn -0.685800 0.206200 0.697900
vn -0.963900 -0.110500 0.242200
vn -0.983500 0.151700 -0.098400
vn -0.995200 -0.000200 0.097300
vn -0.832400 0.177700 0.524800
vn -0.624500 0.003400 0.781000
vn -0.503700 0.486300 0.713900
vn -0.696500 -0.069900 0.714100
vn -0.815800 0.263400 0.514800
vn -0.939500 0.333300 -0.079100
vn -0.650900 0.710600 0.267000
vn -0.642900 0.763400 0.061600
vn -0.756500 0.483700 0.440200
vn -0.961700 0.198400 -0.188800
vn -0.774600 0.036600 0.631400
vn -0.548500 0.813800 -0.192000
vn -0.904900 0.375100 -0.201000
vn -0.453300 0.735800 -0.503100
vn -0.830200 0.272700 -0.486200
vn -0.382900 0.338500 -0.859500
vn -0.787400 -0.504700 -0.353800
vn -0.888400 -0.059100 -0.455300
vn -0.426100 -0.191500 -0.884200
vn -0.379800 -0.674300 -0.633300
vn -0.877900 -0.470000 -0.090900
vn -0.953000 0.150600 -0.262900
vn -0.995700 -0.032700 -0.086100
vn -0.987900 -0.032100 -0.151500
vn -0.399200 -0.909700 -0.113800
vn -0.525700 -0.841100 0.127300
vn -0.184200 -0.980100 -0.074300
vn 0.506200 -0.861900 -0.029800
vn 0.357800 -0.929000 -0.094900
vn -0.968900 0.198900 0.147400
vn -0.946200 -0.080300 -0.313500
vn -0.444800 -0.874900 -0.191300
vn -0.180000 -0.971400 -0.154800
vn 0.968400 -0.248200 0.026000
vn 0.776800 -0.399700 -0.486600
vn -0.826000 0.011600 0.563600
vn -0.274900 -0.272300 0.922100
vn 0.866200 0.151000 0.476300
vn 0.480400 0.487700 0.728900
vn 0.991800 -0.079000 0.100500
vn 0.805800 0.265300 0.529400
vn 0.525800 0.509400 0.681200
vn 0.809400 0.289700 0.510700
vn 0.919900 -0.340800 0.193900
vn 0.652000 0.352800 0.671100
vn 0.726800 -0.257000 0.636900
vn 0.375900 0.238000 0.895600
vn 0.405100 0.392900 0.825500
vn -0.206900 0.573900 0.792300
vn -0.225200 0.332200 0.915900
vn 0.353800 0.262600 0.897700
vn -0.165500 -0.524700 0.835000
vn 0.436700 -0.459100 0.773600
vn 0.827200 -0.446000 -0.341800
vn 0.854500 -0.265100 -0.446700
vn 0.992200 -0.114600 -0.049700
vn 0.728800 -0.683300 0.044600
vn 0.482800 -0.793000 0.371500
vn 0.198600 0.261000 0.944700
vn -0.144500 0.283600 0.948000
vn -0.141500 0.663000 0.735000
vn -0.030200 0.985600 0.166500
vn 0.598800 0.522800 0.606700
vn -0.225700 0.167000 -0.959700
vn 0.126900 0.339400 -0.932000
vn -0.774500 0.048000 -0.630800
vn -0.935300 0.233000 -0.266200
vn -0.949500 0.294700 -0.107600
vn -0.954300 0.277900 -0.110100
vn -0.896800 0.093300 -0.432300
vn -0.845500 0.066000 -0.529900
vn -0.862100 -0.034400 -0.505500
vn -0.838300 0.009600 -0.545200
vn -0.739500 0.088400 -0.667300
vn -0.783700 -0.012200 -0.621000
vn 0.156300 -0.911300 0.380800
vn -0.058200 -0.891900 0.448400
vn 0.201900 0.246000 -0.948000
vn 0.217900 0.068900 -0.973500
vn -0.444400 0.082200 -0.892000
vn -0.333600 0.271200 -0.902900
vn 0.223300 -0.097100 -0.969900
vn -0.394600 -0.037500 -0.918100
vn -0.220600 0.378600 0.898900
vn 0.940100 0.327500 0.094600
vn -0.996200 0.067200 0.054600
vn -0.979200 0.167500 0.114000
vn -0.924800 -0.176100 -0.337100
vn -0.793100 0.423100 0.438200
vn -0.965500 0.256800 0.042800
vn -0.454900 0.773400 0.441500
vn -0.727600 -0.321500 -0.606000
vn -0.951800 0.127700 0.278800
vn -0.968700 0.058500 0.241300
vn -0.905200 0.281000 0.318700
vn -0.866700 -0.459700 0.193800
vn -0.902900 -0.334300 0.270100
vn -0.758300 0.337000 0.558100
vn -0.743900 0.189800 0.640700
vn -0.731000 0.200200 0.652300
vn -0.680000 -0.519300 0.517600
vn -0.856300 -0.207600 -0.472800
vn -0.556100 -0.334100 -0.760900
vn -0.549500 -0.515300 -0.657600
vn -0.472500 -0.469400 -0.745900
vn -0.576000 -0.806500 0.133200
vn -0.517000 -0.843700 0.144300
vn -0.605000 0.228400 0.762700
vn -0.245100 0.657600 0.712400
vn -0.305200 0.276100 0.911300
vn -0.212900 0.851600 0.479000
vn -0.846200 0.453400 0.279900
vn -0.077700 0.994700 -0.067200
vn 0.963500 0.122600 -0.237900
vn 0.253200 0.345900 -0.903400
vn 0.601000 0.202400 -0.773200
vn 0.980200 0.160800 -0.115200
vn 0.876100 0.367300 0.312300
vn 0.871700 0.377500 0.312200
vn 0.930600 0.328000 0.162300
vn 0.981200 0.192800 -0.002600
vn 0.986100 0.101800 -0.131000
vn 0.994800 0.060500 -0.081700
vn 0.972200 0.070500 -0.223300
vn 0.944100 0.170400 -0.282100
vn -0.227600 -0.928000 0.294800
vn 0.665100 0.318200 -0.675500
vn 0.777700 0.139400 -0.612900
vn 0.753000 0.014300 -0.657800
vn -0.915400 0.226500 -0.332600
vn -0.971000 -0.030600 -0.237200
vn -0.970700 -0.077400 -0.227500
vn -0.971200 -0.076100 -0.225800
vn -0.971500 -0.028200 -0.235300
vn 0.971100 0.119100 0.206700
vn 0.971300 0.074300 0.226100
vn 0.971800 0.076700 0.223000
vn 0.971600 0.119900 0.203800
vn -0.968700 -0.119700 -0.217200
vn -0.969200 -0.118100 -0.216100
vn 0.969600 0.034800 0.242100
vn 0.970100 0.035600 0.239900
vn 0.199700 -0.080000 0.976600
vn 0.394300 0.316500 0.862800
vn -0.220300 0.468300 0.855700
vn -0.229700 -0.006900 0.973200
vn 0.881000 0.256700 0.397300
vn 0.515000 0.837400 0.183200
vn 0.456000 0.726000 0.514700
vn -0.132100 0.908700 0.396000
vn -0.049800 0.998400 0.024300
vn 0.020100 0.963800 -0.265800
vn 0.567600 0.818500 -0.088600
vn 0.945800 0.260200 0.194200
vn 0.115100 0.766700 -0.631600
vn 0.601700 0.705100 -0.375200
vn 0.986800 0.143900 -0.074700
vn 0.730600 0.042400 -0.681400
vn 0.230400 -0.007400 -0.973100
vn 0.213800 -0.526000 -0.823100
vn 0.770600 -0.442200 -0.458900
vn 0.889700 -0.096700 0.446200
vn 0.952000 -0.032900 0.304200
vn 0.982400 -0.109300 0.151400
vn 0.728000 -0.039700 0.684400
vn -0.613100 -0.106100 0.782800
vn -0.757500 0.272100 0.593400
vn -0.984300 0.170300 -0.044900
vn -0.693400 0.676600 0.247800
vn -0.608900 0.789300 -0.078600
vn -0.536400 0.768800 -0.348200
vn -0.949800 0.187600 -0.250500
vn -0.430400 0.659400 -0.616300
vn -0.858100 0.074300 -0.508000
vn -0.351100 -0.000300 -0.936300
vn -0.452900 -0.482500 -0.749700
vn -0.984200 -0.111200 -0.137600
vn -0.984100 -0.177200 0.006000
vn -0.932900 -0.200000 -0.299400
vn -0.952800 -0.105900 0.284500
vn 0.971200 0.076100 0.225800
vn 0.970700 0.077400 0.227500
vn -0.971800 -0.076700 -0.223000
vn -0.971300 -0.074300 -0.226100
vn 0.969200 0.118100 0.216100
vn 0.968700 0.119700 0.217200
vn -0.970100 -0.035600 -0.239900
vn -0.969600 -0.034800 -0.242100
vn -0.880300 0.474300 0.007700
vn -0.932000 0.347800 0.101600
vn -0.943900 0.306900 0.122000
vn -0.876100 0.481900 -0.010200
vn 0.240000 0.865300 -0.440000
vn 0.054900 0.914100 -0.401700
vn 0.020600 0.939100 -0.343000
vn 0.254500 0.844500 -0.471100
vn 0.976600 0.030300 -0.212800
vn 0.979100 -0.054100 -0.196100
vn 0.971700 0.067600 -0.226000
vn 0.991600 -0.037000 -0.123700
vn 0.971000 -0.238000 -0.022500
vn 0.998500 -0.018600 -0.050700
vn 0.977600 -0.210300 0.008700
vn -0.358200 0.922500 -0.143900
vn -0.388200 0.911000 -0.139000
vn 0.792400 0.488100 -0.365900
vn 0.685300 0.578300 -0.442700
vn 0.943400 0.260300 -0.205700
vn 0.945700 0.254800 -0.201800
vn 0.755400 -0.649600 -0.085700
vn 0.477800 -0.871400 -0.111500
vn 0.193500 -0.979200 -0.060500
vn 0.142300 -0.988600 0.047900
vn -0.772900 -0.585700 0.244000
vn -0.438100 -0.846700 0.301900
vn -0.437200 -0.851800 0.288500
vn -0.736600 -0.603500 0.305200
vn -0.974400 -0.054400 0.217900
vn -0.966200 -0.148600 0.210700
vn -0.776100 0.626900 -0.067400
vn -0.728200 0.684300 -0.037800
vn -0.277200 -0.902800 0.328600
vn -0.294800 -0.907800 0.298200
vn -0.412500 -0.909800 0.046400
vn -0.282700 -0.907000 0.312000
vn -0.451400 -0.890000 -0.063200
vn 0.895800 -0.437200 -0.079000
vn 0.899800 -0.435900 -0.016100
vn -0.045600 -0.922100 0.384300
vn -0.098900 -0.878200 0.467800
vn -0.978000 0.116500 0.172900
vn -0.996400 -0.043600 0.072800
vn 0.065900 -0.980600 0.184800
vn -0.042400 -0.922200 0.384400
vn -0.475600 -0.723400 0.500400
vn -0.385500 -0.814300 0.433800
vn -0.922100 -0.260900 0.285500
vn -0.937000 -0.285300 0.201500
vn -0.955200 -0.237300 0.176600
vn -0.935000 -0.212300 0.284000
vn -0.890600 0.438900 0.118900
vn -0.862800 0.489900 -0.124900
vn -0.142300 0.988600 -0.047900
vn -0.251100 0.949300 0.188800
vn 0.589300 0.768200 -0.250000
vn 0.562800 0.734700 -0.378700
vn 0.968000 -0.210200 -0.136500
vn 0.965100 -0.210900 -0.155300
vn 0.853600 -0.519500 0.036800
vn 0.854000 -0.519500 0.029300
vn 0.674100 -0.738600 -0.006500
vn 0.577000 -0.806300 0.129800
vn 0.263500 0.899900 -0.347400
vn 0.290600 0.904900 -0.310900
vn 0.854000 0.427300 -0.296800
vn 0.899700 0.413200 -0.140100
vn 0.451400 0.890000 0.063200
vn 0.280000 0.896700 -0.342700
vn 0.273400 0.909500 -0.313200
vn -0.975400 -0.013200 0.219900
vn -0.995800 0.087100 0.026200
vn 0.184300 -0.934900 0.303200
vn 0.089800 -0.877700 0.470700
vn -0.239400 -0.859800 0.450900
vn -0.609100 -0.762100 0.219300
vn -0.557900 -0.731600 0.391700
vn -0.019500 -0.282200 0.959100
vn 0.294000 0.405000 0.865700
vn -0.024800 0.499200 0.866100
vn -0.428300 -0.193400 0.882700
vn -0.314800 0.509100 0.801000
vn 0.185300 0.218100 -0.958200
vn 0.178000 0.212600 -0.960800
vn 0.186000 0.211200 -0.959500
vn 0.186000 0.211100 -0.959600
vn 0.182500 0.200900 -0.962400
vn 0.175000 0.195200 -0.965000
vn -0.165700 -0.963200 -0.211500
vn -0.162300 -0.959600 -0.229800
vn -0.162400 -0.959700 -0.229400
vn -0.159100 -0.955700 -0.247400
vn -0.927000 -0.263300 -0.266900
vn -0.967700 0.201600 -0.151400
vn -0.981700 0.146500 -0.121800
vn -0.974900 -0.140700 -0.172500
vn -0.767900 0.640300 0.015000
vn -0.908200 0.403600 -0.110700
vn -0.982200 0.185600 -0.028500
vn -0.969100 -0.192600 -0.153700
vn -0.884700 0.466200 -0.002300
vn 0.152300 0.946900 0.283200
vn 0.159900 0.956700 0.243200
vn 0.159700 0.956500 0.244300
vn 0.166900 0.964500 0.204500
vn 0.922700 0.325400 0.206800
vn 0.982200 -0.135300 0.130200
vn 0.972100 -0.159000 0.172200
vn 0.956800 0.134700 0.257400
vn 0.777200 -0.629000 0.013300
vn 0.909400 -0.412700 0.051700
vn 0.943700 -0.227000 0.240500
vn 0.942400 0.172100 0.286700
vn 0.857400 -0.501800 0.113800
vn 0.970900 -0.196900 0.136300
vn -0.904500 0.057600 0.422500
vn -0.819100 -0.071000 0.569100
vn -0.389700 0.626200 0.675300
vn 0.494100 -0.358800 0.791900
vn 0.760100 -0.236200 0.605300
vn 0.399500 0.521200 0.754100
vn -0.970900 0.196900 -0.136300
vn 0.250600 0.399300 0.881900
vn 0.074700 -0.055800 0.995600
vn 0.206900 -0.108700 0.972300
vn 0.662100 0.336900 0.669400
vn 0.290600 -0.013000 0.956800
vn 0.726400 0.253100 0.639000
vn 0.942700 0.316300 0.106200
vn 0.910000 0.144700 0.388400
vn 0.162300 0.259400 0.952000
vn 0.600500 0.332200 0.727300
vn -0.259600 0.375800 0.889600
vn -0.252300 0.054100 0.966100
vn -0.256300 0.500200 0.827100
vn -0.252600 0.567200 0.783900
vn 0.489800 0.406600 0.771200
vn 0.410700 0.104500 0.905700
vn 0.988400 0.091500 0.120800
vn 0.889000 0.245600 0.386500
vn 0.673900 -0.307300 0.671900
vn 0.645700 -0.722500 0.247100
vn -0.228000 0.703800 0.672800
vn 0.388300 0.604300 0.695800
vn 0.470400 -0.847000 0.247600
vn 0.345000 -0.342000 0.874100
vn 0.911500 -0.078000 0.403700
vn -0.246000 0.583400 0.774000
vn 0.320600 0.412800 0.852500
vn -0.103400 0.139000 0.984900
vn -0.259500 0.446600 0.856300
vn 0.484800 0.501600 0.716500
vn 0.290400 -0.804500 0.518100
vn 0.071400 0.260700 0.962800
vn 0.104500 0.697800 0.708600
vn 0.434600 0.596400 0.674800
vn 0.262900 0.389800 0.882500
vn 0.751900 0.066100 0.655800
vn 0.904900 0.220300 0.364000
vn 0.845200 0.105700 0.523800
vn 0.486900 0.314900 0.814700
vn -0.261100 0.315400 0.912300
vn 0.176100 0.227000 0.957800
vn 0.036500 0.642600 0.765300
vn 0.264700 0.118900 0.957000
vn 0.405900 0.450600 0.795100
vn 0.822900 0.428200 0.373400
vn 0.480800 0.854100 0.198200
vn 0.418800 0.740300 0.525800
vn -0.084000 0.996100 0.028300
vn -0.173300 0.902600 0.393900
vn 0.517200 0.200600 0.832000
vn 0.850400 0.025500 0.525500
vn 0.901400 0.414700 0.124100
vn 0.431200 0.279300 0.857900
vn -0.262400 0.276000 0.924600
vn 0.512600 0.855300 -0.075700
vn -0.010300 0.964800 -0.262600
vn 0.863200 0.480000 0.156100
vn 0.579200 0.723500 -0.375400
vn 0.096400 0.785300 -0.611500
vn 0.936700 0.332900 -0.108500
vn 0.711600 0.278500 -0.645000
vn 0.220800 0.269700 -0.937300
vn 0.802900 -0.235600 -0.547600
vn 0.999800 0.019300 0.006700
vn 0.899000 -0.417300 0.133000
vn 0.684600 -0.681700 -0.258200
vn 0.260100 -0.350600 -0.899600
vn 0.856800 -0.342100 0.385800
vn 0.944800 0.102800 0.311000
vn 0.208400 -0.796100 -0.568100
vn 0.477000 -0.843500 0.246700
vn 0.115600 -0.982100 -0.148900
vn 0.469600 -0.727100 0.500700
vn -0.015000 -0.939100 0.343200
vn 0.271700 -0.941400 0.199600
vn -0.367500 -0.926900 -0.075600
vn -0.196500 -0.978900 -0.054800
vn 0.059600 -0.995500 0.073400
vn 0.886700 0.021100 0.461800
vn 0.096100 -0.992900 -0.069600
vn -0.434500 -0.575800 -0.692500
vn -0.847700 -0.394500 -0.354500
vn 0.369100 0.172800 0.913200
vn -0.697800 0.333100 0.634100
vn -0.634500 -0.167300 0.754600
vn -0.536700 -0.100400 0.837800
vn -0.942600 0.213700 0.256700
vn -0.970100 0.121500 0.210000
vn -0.708700 -0.094500 0.699100
vn -0.997100 0.030000 -0.069300
vn -0.902700 0.208000 -0.376600
vn -0.915300 0.212800 0.341900
vn -0.630600 0.194800 0.751200
vn -0.803700 0.002500 0.595000
vn -0.857400 0.295800 0.421100
vn -0.928500 0.037100 -0.369500
vn -0.667700 -0.741300 -0.068100
vn -0.874400 -0.406000 0.265800
vn -0.990500 0.098200 -0.095800
vn -0.757300 0.513000 0.404100
vn -0.480500 -0.876400 0.031400
vn -0.972700 -0.218000 -0.079300
vn -0.663700 -0.421900 0.617600
vn -0.449600 0.134300 0.883100
vn -0.743500 0.332300 0.580200
vn -0.837600 0.394700 0.377500
vn -0.411900 -0.839000 0.355600
vn -0.565100 0.217100 0.795900
vn -0.701700 0.314100 0.639500
vn -0.788400 0.502200 0.355200
vn -0.530100 0.655800 0.537500
vn -0.974000 -0.070700 0.215200
vn -0.990000 0.076700 -0.118200
vn -0.997400 -0.043400 0.057300
vn -0.857000 0.208100 0.471400
vn -0.644700 0.159800 0.747500
vn -0.489000 0.607900 0.625600
vn -0.704400 0.065700 0.706700
vn -0.799400 0.355900 0.484100
vn -0.932300 0.320200 -0.167900
vn -0.652400 0.747900 0.122700
vn -0.636700 0.765800 -0.089700
vn -0.766100 0.556200 0.322000
vn -0.991700 -0.118000 0.051100
vn -0.877600 0.096600 0.469500
vn -0.899600 0.274900 -0.339200
vn -0.822300 0.179000 0.540200
vn -0.532100 0.774300 -0.342500
vn -0.892500 0.345000 -0.290400
vn -0.425500 0.646700 -0.633000
vn -0.809100 0.194800 -0.554400
vn -0.346100 0.194300 -0.917800
vn -0.396800 -0.331100 -0.856100
vn -0.368100 -0.765600 -0.527600
vn -0.781300 -0.549200 -0.296400
vn -0.871700 -0.130100 -0.472400
vn -0.991800 -0.036200 -0.122400
vn -0.982400 -0.049400 -0.180200
vn -0.877600 -0.476000 -0.057200
vn -0.922800 0.129300 -0.362800
vn -0.408600 -0.912400 0.021200
vn -0.543800 -0.803900 0.240800
vn -0.196100 -0.977000 0.083200
vn 0.489500 -0.860500 0.141000
vn 0.340600 -0.936600 0.081400
vn -0.971500 0.225600 0.071900
vn -0.919000 -0.139700 -0.368700
vn -0.434300 -0.897300 -0.078200
vn -0.991400 -0.130300 -0.009700
vn -0.170500 -0.985300 -0.006500
vn 0.957000 -0.271300 0.102500
vn 0.789800 -0.484400 -0.376000
vn -0.832100 0.096200 0.546200
vn -0.592000 -0.132000 0.795000
vn -0.001300 -0.084900 0.996400
vn -0.850300 -0.052400 -0.523600
vn -0.850400 -0.025500 -0.525500
vn -0.517200 -0.200600 -0.832000
vn -0.490900 -0.235400 -0.838800
vn 0.262400 -0.275900 -0.924600
vn 0.261500 -0.295100 -0.919000
vn -0.888400 -0.026100 -0.458300
vn -0.886700 -0.021100 -0.461800
vn 0.994600 0.089500 -0.052100
vn 0.860700 -0.136900 -0.490400
vn 0.877600 -0.096600 -0.469500
vn 0.991700 0.118000 -0.051100
vn 0.991400 0.130300 0.009700
vn 0.991700 0.127800 0.011900
vn 0.979300 -0.108800 0.170400
vn 0.808300 0.112600 0.577800
vn 0.853100 0.016000 0.521400
vn 0.507800 0.314600 0.802000
vn 0.547200 0.465400 0.695700
vn 0.838400 0.178500 0.515000
vn 0.938200 -0.304100 0.165300
vn 0.690600 0.261800 0.674200
vn 0.789500 -0.258200 0.556800
vn 0.406900 0.125200 0.904800
vn 0.384600 0.277900 0.880200
vn 0.343000 0.141300 0.928600
vn -0.257500 0.377300 0.889500
vn -0.255500 0.166500 0.952300
vn 0.459900 -0.527100 0.714500
vn -0.152800 -0.626500 0.764300
vn 0.896100 -0.205700 -0.393300
vn 0.995000 -0.099300 0.012300
vn 0.903300 -0.335300 -0.267700
vn 0.810600 -0.585400 0.014700
vn 0.613700 -0.728700 0.304100
vn -0.102700 0.515500 0.850700
vn 0.137500 0.105200 0.984900
vn -0.183400 0.133100 0.974000
vn 0.219000 0.868200 0.445200
vn 0.690600 0.367100 0.623100
vn -0.920200 0.250500 -0.300600
vn -0.943100 0.298500 -0.146500
vn -0.948300 0.278400 -0.152400
vn -0.892500 0.138200 -0.429300
vn -0.847900 0.104600 -0.519700
vn -0.163400 0.280500 -0.945800
vn 0.140100 0.409900 -0.901300
vn -0.749100 0.111000 -0.653000
vn -0.865000 0.042500 -0.499900
vn -0.879900 0.027200 -0.474300
vn -0.764900 0.123200 -0.632200
vn -0.803900 0.017200 -0.594400
vn 0.215100 -0.936300 0.277600
vn -0.016700 -0.940700 0.338800
vn -0.446400 0.138300 -0.884100
vn -0.353300 0.320000 -0.879100
vn 0.212000 0.337800 -0.917000
vn 0.234000 0.172200 -0.956800
vn -0.369100 0.030200 -0.928900
vn 0.248200 0.017200 -0.968500
vn -0.254000 0.070200 0.964600
vn 0.930700 0.306600 0.199600
vn 0.799600 0.242100 0.549600
vn 0.784100 0.217400 0.581300
vn 0.344100 0.075800 0.935900
vn -0.247700 -0.030800 0.968300
vn -0.911100 -0.259300 -0.320200
vn -0.856400 0.227500 0.463400
vn -0.990600 -0.130800 0.040700
vn -0.991800 -0.024700 0.125700
vn -0.996600 0.081700 0.006800
vn -0.531700 0.676600 0.509300
vn -0.728300 -0.315000 -0.608500
vn -0.982500 0.076000 0.170200
vn -0.990800 -0.072900 0.114300
vn -0.956800 0.138900 0.255400
vn -0.911800 -0.391200 0.124300
vn -0.856200 -0.515500 0.033900
vn -0.800000 0.186700 0.570100
vn -0.803000 0.032500 0.595100
vn -0.758000 0.050100 0.650300
vn -0.666500 -0.613500 0.423500
vn -0.540300 -0.320700 -0.777900
vn -0.602400 -0.455200 -0.655700
vn -0.847800 -0.245300 -0.470100
vn -0.516100 -0.404700 -0.754900
vn -0.603900 -0.796800 -0.019900
vn -0.559100 -0.829100 -0.000900
vn -0.344200 0.504000 0.792100
vn -0.355100 0.110300 0.928300
vn -0.622800 0.037800 0.781400
vn -0.261300 0.768400 0.584200
vn -0.950800 0.233000 0.204300
vn -0.610500 0.786900 0.089900
vn 0.853200 0.426600 0.300100
vn 0.839000 0.452300 0.302600
vn 0.903500 0.395600 0.164500
vn 0.943800 0.251100 -0.215000
vn 0.285900 0.412300 -0.865000
vn 0.571700 0.331000 -0.750700
vn 0.967500 0.247400 -0.051700
vn 0.959100 0.279400 0.044700
vn 0.981800 0.187600 -0.029900
vn 0.984900 0.172800 0.003500
vn 0.946400 0.259600 -0.192000
vn 0.978100 0.154300 -0.139800
vn -0.180600 -0.968400 0.172000
vn 0.794300 0.229900 -0.562200
vn 0.683200 0.404300 -0.608000
vn 0.759500 0.106800 -0.641700
vn -0.951200 0.159700 -0.263900
vn -0.990100 0.107700 0.089200
vn -0.990600 0.065700 0.119800
vn -0.759100 -0.016400 0.650700
vn -0.799600 -0.242100 -0.549600
vn -0.790200 -0.253700 -0.557900
vn -0.777600 -0.231600 -0.584600
vn -0.784100 -0.217400 -0.581300
vn -0.466500 -0.108500 -0.877800
vn -0.344100 -0.075800 -0.935900
vn 0.247700 0.035200 -0.968200
vn 0.247700 0.030800 -0.968300
vn 0.990100 -0.107700 -0.089200
vn 0.990600 -0.065700 -0.119800
vn 0.987300 -0.088400 -0.131500
vn 0.984500 -0.133900 -0.113100
vn 0.837400 0.002100 -0.546600
vn 0.759100 0.016400 -0.650700
vn 0.298700 0.621200 0.724400
vn 0.390300 0.650200 0.651800
vn -0.211400 0.757400 0.617700
vn -0.226400 0.677800 0.699500
vn 0.811500 0.454500 0.367100
vn 0.496100 0.848800 0.182700
vn 0.427200 0.746200 0.510500
vn -0.152700 0.917800 0.366400
vn -0.058300 0.998300 -0.001800
vn 0.021200 0.957800 -0.286500
vn 0.530400 0.843300 -0.087000
vn 0.857700 0.491100 0.152000
vn 0.123400 0.768700 -0.627600
vn 0.597800 0.704700 -0.382000
vn 0.932600 0.345300 -0.104800
vn 0.716600 0.282500 -0.637600
vn 0.235600 0.268000 -0.934100
vn 0.258200 -0.060100 -0.964200
vn 0.792500 0.062800 -0.606600
vn 0.869200 0.319500 0.377400
vn 0.920600 0.305200 0.243500
vn 0.973800 0.223500 -0.041700
vn 0.728000 0.419100 0.542500
vn -0.690000 0.555300 0.464200
vn -0.739500 0.575300 0.349400
vn -0.914500 0.353500 -0.196600
vn -0.633300 0.769000 0.087000
vn -0.614800 0.779000 -0.123400
vn -0.758600 0.581600 0.293700
vn -0.505700 0.777500 -0.373900
vn -0.870100 0.371900 -0.323400
vn -0.400000 0.638200 -0.657800
vn -0.784900 0.222500 -0.578200
vn -0.325500 0.209100 -0.922100
vn -0.391900 -0.045400 -0.918900
vn -0.955700 0.138300 -0.259900
vn -0.975100 0.151000 -0.162200
vn -0.844800 0.058800 -0.531800
vn -0.984800 0.158600 -0.069900
vn -0.956300 0.278900 0.087300
vn -0.958200 0.283600 0.037100
vn 0.815900 -0.069600 -0.574000
vn 0.265000 -0.200500 -0.943100
vn 0.832900 0.242800 0.497200
vn 0.934000 0.206000 0.291800
vn 0.993700 0.111900 -0.010500
vn 0.726500 0.194300 0.659100
vn -0.402100 -0.185900 -0.896500
vn -0.975600 0.023300 -0.218500
vn -0.992000 0.056700 -0.112300
vn -0.859800 -0.068200 -0.506000
vn -0.991900 0.076300 0.101800
vn -0.984100 0.030800 0.174800
vn 0.796700 -0.213900 -0.565200
vn 0.260300 -0.327500 -0.908300
vn 0.836700 0.135500 0.530600
vn 0.935200 0.092700 0.341800
vn 0.999600 -0.013600 0.022800
vn 0.684300 0.153900 0.712800
vn -0.361400 -0.316100 -0.877100
vn -0.980600 -0.084000 -0.176900
vn -0.997600 -0.050600 -0.047700
vn -0.857400 -0.180800 -0.481900
vn -0.974800 0.004600 0.223000
vn -0.968400 0.004500 0.249200
vn -0.107200 -0.695900 -0.710000
vn -0.062600 -0.666700 -0.742600
vn -0.699700 -0.596200 -0.393500
vn -0.172900 -0.928800 -0.327600
vn -0.133900 -0.965200 -0.224400
vn -0.098500 -0.808400 -0.580300
vn -0.124200 -0.773200 -0.621900
vn -0.230100 -0.969100 0.088500
vn -0.246500 -0.964100 0.098100
vn -0.805400 -0.576300 -0.138200
vn -0.693700 -0.690400 -0.205400
vn -0.289600 -0.895800 0.337100
vn -0.264100 -0.906800 0.328500
vn -0.762300 -0.645700 0.044300
vn -0.817600 -0.572200 0.064600
vn -0.396600 -0.573000 0.717200
vn -0.404400 -0.582400 0.705200
vn -0.495700 0.034300 0.867800
vn -0.503800 0.041900 0.862800
vn -0.912900 -0.247700 -0.324400
vn -0.884500 -0.304500 -0.353400
vn -0.959600 -0.245600 -0.137500
vn -0.948000 -0.279000 -0.153300
vn -0.856800 -0.264900 -0.442300
vn -0.687400 -0.464000 -0.558700
vn -0.544800 -0.497500 -0.674900
vn -0.963800 -0.125500 0.235000
vn -0.954600 -0.142100 0.261500
vn -0.849300 -0.438700 0.293600
vn -0.663300 -0.531100 -0.527200
vn 0.499000 -0.630000 -0.595000
vn 0.524400 -0.654400 -0.544700
vn 0.869600 -0.492300 0.037600
vn 0.331700 -0.938400 -0.097000
vn 0.412500 -0.895600 -0.166700
vn 0.502900 -0.734700 -0.455200
vn 0.462400 -0.775200 -0.430300
vn 0.266100 -0.933400 0.240500
vn 0.257600 -0.939800 0.224300
vn 0.778400 -0.595000 0.200100
vn 0.827500 -0.465500 0.313900
vn 0.160100 -0.880100 0.446900
vn 0.176000 -0.866800 0.466600
vn 0.733800 -0.465700 0.494600
vn 0.704800 -0.547900 0.450500
vn 0.057600 -0.550200 0.833000
vn 0.043200 -0.541900 0.839400
vn -0.000400 0.080300 0.996800
vn -0.012000 0.068600 0.997600
vn 0.973200 -0.171900 0.152900
vn 0.975100 -0.105200 0.195000
vn 0.921400 -0.141100 0.362100
vn 0.918900 -0.109000 0.379100
vn 0.989900 -0.126100 0.064700
vn 0.927900 -0.353300 -0.118700
vn 0.867000 -0.398700 -0.298900
vn 0.718200 -0.000100 0.695800
vn 0.698800 -0.019000 0.715000
vn 0.628300 -0.334300 0.702500
vn 0.900700 -0.422100 -0.102500
vn -0.502600 0.032000 0.863900
vn -0.874400 -0.355300 -0.330400
vn -0.944800 -0.292100 -0.148100
vn -0.827200 -0.389100 -0.405400
vn -0.723300 -0.230500 -0.650900
vn -0.953700 -0.169400 0.248300
vn -0.000100 0.086000 0.996300
vn 0.975100 -0.163300 0.150200
vn 0.932200 -0.092700 0.349700
vn 0.983800 -0.059700 -0.168800
vn 0.977500 -0.196800 0.076100
vn 0.720200 0.010300 0.693600
vn -0.517900 0.291500 0.804300
vn -0.520600 0.292400 0.802100
vn -0.896900 -0.107400 -0.429000
vn -0.880700 -0.129400 -0.455500
vn -0.970900 -0.057900 -0.232400
vn -0.971000 -0.057500 -0.231900
vn -0.735100 -0.160800 -0.658600
vn -0.684300 -0.153900 -0.712800
vn -0.982800 0.078600 0.167200
vn -0.983400 0.076100 0.164800
vn 0.014400 0.337600 0.941200
vn 0.015900 0.336900 0.941400
vn 0.995500 0.048000 0.081000
vn 0.997600 0.050600 0.047700
vn 0.951000 0.114000 0.287200
vn 0.950500 0.115100 0.288400
vn 0.985400 -0.004700 -0.170100
vn 0.968400 -0.004500 -0.249200
vn 0.742800 0.231300 0.628200
vn 0.745400 0.228500 0.626100
vn 0.951200 0.165300 -0.260600
vn 0.268800 0.153300 0.950900
vn 0.107300 0.223600 0.968700
vn 0.992600 0.118600 -0.027300
vn 0.236400 -0.142000 0.961200
vn 0.979100 0.038900 -0.199500
vn 0.295400 -0.430800 0.852700
vn 0.319500 -0.443600 0.837300
vn 0.914600 0.168500 -0.367400
vn 0.929300 0.188500 -0.317600
vn 0.436200 -0.143300 0.888400
vn 0.844900 0.131800 -0.518300
vn -0.981300 -0.192200 0.006500
vn -0.963400 -0.071000 0.258400
vn -0.945000 -0.275600 0.176100
vn -0.978500 -0.133600 0.157000
vn -0.981200 -0.088500 0.171600
vn -0.971300 -0.085500 0.222100
vn -0.065200 -0.136400 -0.988500
vn -0.189900 -0.254400 -0.948200
vn -0.226300 0.229100 -0.946700
vn -0.278200 0.446900 -0.850200
vn -0.285200 0.433000 -0.855100
vn -0.366800 0.023800 -0.930000
vn 0.113100 0.129300 0.985100
vn 0.971700 0.236000 -0.007600
vn 0.101700 0.543700 0.833100
vn 0.961500 0.194900 -0.193800
vn 0.264100 0.562400 0.783500
vn 0.071300 0.785500 0.614800
vn 0.968300 -0.016400 -0.249100
vn 0.901900 -0.081400 -0.424200
vn -0.931000 -0.199200 0.305700
vn -0.997100 0.005600 0.075200
vn -0.977400 -0.131700 0.165400
vn -0.986900 -0.143100 0.074200
vn -0.242700 -0.125700 -0.961900
vn -0.038800 -0.602100 -0.797400
vn -0.265700 -0.430100 -0.862800
vn -0.026900 -0.768300 -0.639500
vn 0.982600 0.002700 -0.185700
vn -0.000600 -0.775100 -0.631800
vn -0.938600 0.188400 0.288800
vn -0.603500 0.628200 0.491000
vn 0.958300 0.076600 -0.275200
vn 0.932800 0.239200 0.269600
vn 0.950900 -0.146000 -0.272700
vn 0.015700 -0.854900 -0.518600
vn -0.266900 0.179900 0.946700
vn -0.983400 -0.076800 -0.164500
vn -0.086800 0.847600 0.523500
vn 0.852000 0.504600 0.139300
vn -0.703500 -0.171400 -0.689700
vn 0.170100 -0.209400 -0.962900
vn 0.148700 -0.961400 0.231400
vn -0.113200 0.984700 -0.132400
vn 0.440700 -0.524700 0.728400
vn -0.936900 -0.219600 0.272100
vn -0.415000 -0.543300 0.729800
vn 0.805400 0.359700 -0.471100
vn -0.459100 0.518000 -0.721700
vn 0.983800 -0.092400 0.153600
vn 0.057100 0.757600 0.650200
vn -0.990500 -0.117500 0.071000
vn -0.049300 -0.959600 0.277000
vn -0.186500 0.968700 -0.163600
vn -0.186200 0.968500 -0.165000
vn -0.047800 -0.959700 0.276900
vn 0.745700 -0.325000 0.581700
vn -0.552000 -0.788900 0.270100
vn 0.831000 -0.551800 0.070300
vn -0.387700 -0.519600 0.761400
vn -0.974300 -0.176100 0.140300
vn -0.625100 -0.000800 0.780500
vn 0.787500 0.253100 0.561900
vn 0.973500 0.174800 -0.147200
vn -0.174200 0.981900 -0.074300
vn -0.589700 0.736900 0.330400
vn 0.554100 0.681700 0.477700
vn 0.647400 0.151600 0.746900
vn -0.779400 0.189800 0.597100
vn 0.691300 0.403700 0.599200
vn 0.093300 0.166600 0.981600
vn -0.117400 0.979600 -0.162800
vn -0.958300 0.279900 0.057000
vn -0.249900 -0.446900 -0.858900
vn 0.082400 0.076500 0.993700
vn 0.097800 0.197700 0.975300
vn 0.776500 0.591200 -0.217800
vn -0.970300 -0.182000 0.159200
vn -0.107000 -0.172400 -0.979200
vn 0.199500 -0.962300 0.184800
vn 0.971000 0.182900 -0.154000
vn -0.206200 0.973400 -0.099400
vn 0.598400 0.665600 0.446000
vn 0.584900 0.776300 -0.234800
vn -0.638900 0.763100 -0.097700
vn 0.804000 0.555700 -0.211500
vn 0.767900 0.601500 -0.220100
vn -0.868400 -0.457200 0.191800
vn 0.631200 0.735500 -0.246100
vn -0.911500 -0.390000 0.130600
vn -0.202500 0.957900 -0.203200
vn -0.970900 0.229800 0.067500
vn -0.838300 -0.506400 0.201800
usemtl Figure
s 1
f 1/1/1 2/2/2 673/3/3
f 673/3/3 4/4/4 1/1/1
f 1/1/1 5/5/5 6/6/6
f 6/6/6 2/2/2 1/1/1
f 2/2/2 7/7/7 674/8/8
f 674/8/8 673/3/3 2/2/2
f 6/6/6 9/9/9 7/7/7
f 7/7/7 2/2/2 6/6/6
f 674/8/8 10/10/10 11/11/11
f 9/9/9 12/12/12 13/13/13
f 13/13/13 7/7/7 9/9/9
f 12/12/12 9/9/9 14/14/14
f 10/10/10 674/8/8 7/7/7
f 7/7/7 13/13/13 10/10/10
f 10/10/10 15/15/15 675/16/16
f 675/16/16 11/11/11 10/10/10
f 15/15/15 17/17/17 676/18/18
f 676/18/18 675/16/16 15/15/15
f 17/17/17 19/19/19 677/20/20
f 677/20/20 676/18/18 17/17/17
f 19/19/19 21/21/21 678/22/22
f 678/22/22 677/20/20 19/19/19
f 23/23/23 679/24/24 25/25/25
f 25/25/25 26/26/26 23/23/23
f 10/10/10 13/13/13 15/15/15
f 680/27/27 678/22/22 21/21/21
f 21/21/21 28/28/28 680/27/27
f 679/24/24 681/29/29 30/30/30
f 30/30/30 25/25/25 679/24/24
f 31/31/31 32/32/32 26/26/26
f 26/26/26 25/25/25 31/31/31
f 25/25/25 30/30/30 33/33/33
f 33/33/33 31/31/31 25/25/25
f 673/3/3 34/34/34 35/35/35
f 35/35/35 4/4/4 673/3/3
f 674/8/8 36/36/36 34/34/34
f 34/34/34 673/3/3 674/8/8
f 11/11/11 37/37/37 36/36/36
f 36/36/36 674/8/8 11/11/11
f 675/16/16 38/38/38 37/37/37
f 37/37/37 11/11/11 675/16/16
f 676/18/18 39/39/39 38/38/38
f 38/38/38 675/16/16 676/18/18
f 677/20/20 40/40/40 39/39/39
f 39/39/39 676/18/18 677/20/20
f 678/22/22 41/41/41 40/40/40
f 40/40/40 677/20/20 678/22/22
f 28/28/28 21/21/21 42/42/42
f 42/42/42 43/43/43 28/28/28
f 21/21/21 19/19/19 44/44/44
f 44/44/44 42/42/42 21/21/21
f 19/19/19 17/17/17 45/45/45
f 45/45/45 44/44/44 19/19/19
f 17/17/17 15/15/15 46/46/46
f 46/46/46 45/45/45 17/17/17
f 46/46/46 12/12/12 14/14/14
f 13/13/13 12/12/12 46/46/46
f 46/46/46 15/15/15 13/13/13
f 681/29/29 679/24/24 47/47/47
f 47/47/47 48/48/48 681/29/29
f 680/27/27 48/48/48 41/41/41
f 41/41/41 678/22/22 680/27/27
f 23/23/23 49/49/49 47/47/47
f 47/47/47 679/24/24 23/23/23
f 30/30/30 28/28/28 43/43/43
f 43/43/43 33/33/33 30/30/30
f 680/27/27 28/28/28 30/30/30
f 30/30/30 681/29/29 680/27/27
f 681/29/29 48/48/48 680/27/27
f 50/50/50 51/51/51 52/52/52
f 52/52/52 693/53/53 50/50/50
f 51/51/51 54/54/54 55/55/55
f 55/55/55 52/52/52 51/51/51
f 56/56/56 597/57/56 598/58/56
f 3/59/57 697/60/58 696/61/59
f 696/61/59 697/60/58 6/6/6
f 6/6/6 5/5/5 696/61/59
f 57/62/60 599/63/60 600/64/60
f 8/65/61 58/66/62 697/60/58
f 6/6/6 697/60/58 58/66/62
f 58/66/62 9/9/9 6/6/6
f 601/67/63 602/68/63 59/69/63
f 9/9/9 58/66/62 60/70/64
f 60/70/64 61/71/65 9/9/9
f 61/71/65 14/14/14 9/9/9
f 719/72/66 60/70/64 58/66/62
f 58/66/62 8/65/61 719/72/66
f 698/73/67 603/74/67 604/75/67
f 16/76/68 699/77/69 719/72/66
f 62/78/70 605/79/70 606/80/70
f 18/81/71 700/82/72 699/77/69
f 63/83/73 607/84/73 608/85/73
f 20/86/74 701/87/75 700/82/72
f 64/88/76 609/89/76 610/90/76
f 22/91/77 65/92/78 701/87/75
f 23/23/23 66/93/79 67/94/80
f 703/95/81 611/96/81 612/97/81
f 719/72/66 699/77/69 60/70/64
f 27/98/82 68/99/83 65/92/78
f 702/100/84 613/101/84 614/102/84
f 69/103/85 615/104/85 616/105/85
f 24/106/86 67/94/80 704/107/87
f 31/31/31 67/94/80 66/93/79
f 66/93/79 32/32/32 31/31/31
f 67/94/80 31/31/31 33/33/33
f 33/33/33 704/107/87 67/94/80
f 617/108/88 618/109/88 683/110/88
f 711/111/89 619/112/89 620/113/89
f 621/114/90 622/115/90 682/116/90
f 710/117/91 623/118/91 624/119/91
f 625/120/92 626/121/92 684/122/92
f 712/123/93 627/124/93 628/125/93
f 629/126/94 630/127/94 685/128/94
f 713/129/95 631/130/95 632/131/95
f 633/132/96 634/133/96 686/134/96
f 714/135/97 635/136/97 636/137/97
f 637/138/98 638/139/98 687/140/98
f 715/141/99 639/142/99 640/143/99
f 641/144/100 642/145/100 688/146/100
f 716/147/101 643/148/101 644/149/101
f 68/99/83 43/43/43 42/42/42
f 42/42/42 65/92/78 68/99/83
f 65/92/78 42/42/42 44/44/44
f 44/44/44 701/87/75 65/92/78
f 701/87/75 44/44/44 45/45/45
f 45/45/45 700/82/72 701/87/75
f 700/82/72 45/45/45 46/46/46
f 46/46/46 699/77/69 700/82/72
f 46/46/46 14/14/14 61/71/65
f 60/70/64 699/77/69 46/46/46
f 46/46/46 61/71/65 60/70/64
f 645/150/102 646/151/102 690/152/102
f 647/153/103 648/154/103 29/155/103
f 649/156/104 650/157/104 689/158/104
f 717/159/105 651/160/105 652/161/105
f 653/162/106 654/163/106 718/164/106
f 656/165/107 692/166/107 655/167/107
f 43/43/43 68/99/83 704/107/87
f 704/107/87 33/33/33 43/43/43
f 657/168/108 658/169/108 720/170/108
f 704/107/87 68/99/83 27/98/82
f 659/171/109 660/172/109 691/173/109
f 70/174/110 71/175/111 72/176/112
f 72/176/112 73/177/113 70/174/110
f 73/177/113 72/176/112 74/178/114
f 74/178/114 75/179/115 73/177/113
f 71/175/111 70/174/110 73/177/113
f 661/180/116 662/181/116 705/182/116
f 664/183/117 707/184/117 663/185/117
f 706/186/118 665/187/118 666/188/118
f 53/189/119 667/190/119 668/191/119
f 51/51/51 50/50/50 693/53/53
f 669/192/120 670/193/120 695/194/120
f 672/195/121 694/196/121 671/197/121
f 76/198/122 77/199/123 78/200/124
f 79/201/125 80/202/126 81/203/127
f 81/203/127 82/204/128 79/201/125
f 32/32/32 83/205/129 84/206/130
f 84/206/130 26/26/26 32/32/32
f 85/207/131 78/200/124 77/199/123
f 77/199/123 86/208/132 85/207/131
f 87/209/133 79/201/125 82/204/128
f 87/209/133 84/206/130 79/201/125
f 82/204/128 81/203/127 88/210/134
f 84/206/130 83/205/129 79/201/125
f 83/205/129 80/202/126 79/201/125
f 26/26/26 89/211/135 86/208/132
f 86/208/132 23/23/23 26/26/26
f 89/211/135 85/207/131 86/208/132
f 76/198/122 90/212/136 77/199/123
f 91/213/137 92/214/138 81/203/127
f 81/203/127 80/202/126 91/213/137
f 32/32/32 66/93/79 93/215/139
f 93/215/139 83/205/129 32/32/32
f 94/216/140 86/208/132 77/199/123
f 77/199/123 90/212/136 94/216/140
f 95/217/141 92/214/138 91/213/137
f 95/217/141 91/213/137 93/215/139
f 92/214/138 88/210/134 81/203/127
f 93/215/139 91/213/137 83/205/129
f 83/205/129 91/213/137 80/202/126
f 66/93/79 23/23/23 86/208/132
f 86/208/132 96/218/142 66/93/79
f 96/218/142 86/208/132 94/216/140
f 97/219/143 98/220/144 99/221/145
f 99/221/145 100/222/146 97/219/143
f 101/223/147 102/224/148 103/225/149
f 103/225/149 104/226/150 101/223/147
f 104/226/150 103/225/149 105/227/151
f 105/227/151 106/228/152 104/226/150
f 107/229/153 101/223/147 104/226/150
f 104/226/150 108/230/154 107/229/153
f 108/230/154 104/226/150 106/228/152
f 106/228/152 109/231/155 108/230/154
f 110/232/156 107/229/153 108/230/154
f 108/230/154 111/233/157 110/232/156
f 111/233/157 108/230/154 109/231/155
f 109/231/155 112/234/158 111/233/157
f 113/235/159 110/232/156 111/233/157
f 111/233/157 114/236/160 113/235/159
f 115/237/161 114/236/160 111/233/157
f 111/233/157 112/234/158 115/237/161
f 116/238/162 113/235/159 114/236/160
f 114/236/160 117/239/163 116/238/162
f 118/240/164 117/239/163 114/236/160
f 114/236/160 115/237/161 118/240/164
f 98/220/144 97/219/143 119/241/165
f 97/219/143 100/222/146 120/242/166
f 97/219/143 120/242/166 119/241/165
f 107/229/153 110/232/156 119/241/165
f 119/241/165 120/242/166 107/229/153
f 101/223/147 120/242/166 100/222/146
f 100/222/146 102/224/148 101/223/147
f 116/238/162 121/243/167 119/241/165
f 119/241/165 113/235/159 116/238/162
f 113/235/159 119/241/165 110/232/156
f 120/242/166 101/223/147 107/229/153
f 115/237/161 122/244/168 123/245/169
f 123/245/169 118/240/164 115/237/161
f 112/234/158 124/246/170 122/244/168
f 122/244/168 115/237/161 112/234/158
f 125/247/171 124/246/170 112/234/158
f 112/234/158 109/231/155 125/247/171
f 126/248/172 125/247/171 109/231/155
f 109/231/155 106/228/152 126/248/172
f 106/228/152 105/227/151 126/248/172
f 121/243/167 98/220/144 119/241/165
f 102/224/148 127/249/173 128/250/174
f 128/250/174 103/225/149 102/224/148
f 129/251/175 127/249/173 102/224/148
f 102/224/148 100/222/146 129/251/175
f 130/252/176 129/251/175 100/222/146
f 100/222/146 99/221/145 130/252/176
f 131/253/177 132/254/178 133/255/179
f 133/255/179 134/256/180 131/253/177
f 135/257/181 136/258/182 137/259/183
f 137/259/183 138/260/184 135/257/181
f 136/258/182 139/261/185 140/262/186
f 140/262/186 137/259/183 136/258/182
f 141/263/187 142/264/188 136/258/182
f 136/258/182 135/257/181 141/263/187
f 142/264/188 143/265/189 139/261/185
f 139/261/185 136/258/182 142/264/188
f 144/266/190 145/267/191 142/264/188
f 142/264/188 141/263/187 144/266/190
f 145/267/191 146/268/192 143/265/189
f 143/265/189 142/264/188 145/267/191
f 147/269/193 148/270/194 145/267/191
f 145/267/191 144/266/190 147/269/193
f 149/271/195 146/268/192 145/267/191
f 145/267/191 148/270/194 149/271/195
f 150/272/196 151/273/197 148/270/194
f 148/270/194 147/269/193 150/272/196
f 152/274/198 149/271/195 148/270/194
f 148/270/194 151/273/197 152/274/198
f 134/256/180 153/275/199 131/253/177
f 131/253/177 154/276/200 132/254/178
f 131/253/177 153/275/199 154/276/200
f 141/263/187 154/276/200 153/275/199
f 153/275/199 144/266/190 141/263/187
f 135/257/181 138/260/184 132/254/178
f 132/254/178 154/276/200 135/257/181
f 150/272/196 147/269/193 153/275/199
f 153/275/199 155/277/201 150/272/196
f 147/269/193 144/266/190 153/275/199
f 154/276/200 141/263/187 135/257/181
f 149/271/195 152/274/198 156/278/202
f 156/278/202 157/279/203 149/271/195
f 146/268/192 149/271/195 157/279/203
f 157/279/203 158/280/204 146/268/192
f 159/281/205 143/265/189 146/268/192
f 146/268/192 158/280/204 159/281/205
f 160/282/206 139/261/185 143/265/189
f 143/265/189 159/281/205 160/282/206
f 139/261/185 160/282/206 140/262/186
f 155/277/201 153/275/199 134/256/180
f 138/260/184 137/259/183 128/250/174
f 128/250/174 127/249/173 138/260/184
f 129/251/175 132/254/178 138/260/184
f 138/260/184 127/249/173 129/251/175
f 130/252/176 133/255/179 132/254/178
f 132/254/178 129/251/175 130/252/176
f 140/262/186 161/283/207 137/259/183
f 128/250/174 162/284/208 163/285/209
f 162/284/208 137/259/183 161/283/207
f 162/284/208 128/250/174 137/259/183
f 105/227/151 103/225/149 164/286/210
f 128/250/174 163/285/209 165/287/211
f 165/287/211 164/286/210 103/225/149
f 165/287/211 103/225/149 128/250/174
f 166/288/212 167/289/213 168/290/214
f 168/290/214 169/291/215 166/288/212
f 170/292/216 171/293/217 172/294/218
f 172/294/218 173/295/219 170/292/216
f 173/295/219 172/294/218 174/296/220
f 174/296/220 175/297/221 173/295/219
f 176/298/222 170/292/216 173/295/219
f 173/295/219 177/299/223 176/298/222
f 177/299/223 173/295/219 175/297/221
f 175/297/221 178/300/224 177/299/223
f 179/301/225 176/298/222 177/299/223
f 177/299/223 180/302/226 179/301/225
f 180/302/226 177/299/223 178/300/224
f 178/300/224 181/303/227 180/302/226
f 182/304/228 179/301/225 180/302/226
f 180/302/226 183/305/229 182/304/228
f 184/306/230 183/305/229 180/302/226
f 180/302/226 181/303/227 184/306/230
f 185/307/231 182/304/228 183/305/229
f 183/305/229 186/308/232 185/307/231
f 187/309/233 186/308/232 183/305/229
f 183/305/229 184/306/230 187/309/233
f 167/289/213 166/288/212 188/310/234
f 166/288/212 169/291/215 189/311/235
f 166/288/212 189/311/235 188/310/234
f 176/298/222 179/301/225 188/310/234
f 188/310/234 189/311/235 176/298/222
f 170/292/216 189/311/235 169/291/215
f 169/291/215 171/293/217 170/292/216
f 185/307/231 190/312/236 188/310/234
f 188/310/234 182/304/228 185/307/231
f 182/304/228 188/310/234 179/301/225
f 189/311/235 170/292/216 176/298/222
f 184/306/230 191/313/237 192/314/238
f 192/314/238 187/309/233 184/306/230
f 181/303/227 193/315/239 191/313/237
f 191/313/237 184/306/230 181/303/227
f 194/316/240 193/315/239 181/303/227
f 181/303/227 178/300/224 194/316/240
f 195/317/241 194/316/240 178/300/224
f 178/300/224 175/297/221 195/317/241
f 175/297/221 174/296/220 195/317/241
f 190/312/236 167/289/213 188/310/234
f 171/293/217 196/318/242 197/319/243
f 197/319/243 172/294/218 171/293/217
f 198/320/244 196/318/242 171/293/217
f 171/293/217 169/291/215 198/320/244
f 199/321/245 198/320/244 169/291/215
f 169/291/215 168/290/214 199/321/245
f 174/296/220 172/294/218 200/322/246
f 197/319/243 201/323/247 202/324/248
f 202/324/248 200/322/246 172/294/218
f 202/324/248 172/294/218 197/319/243
f 203/325/249 204/326/250 205/327/251
f 205/327/251 206/328/252 203/325/249
f 207/329/253 208/330/254 209/331/255
f 209/331/255 210/332/256 207/329/253
f 208/330/254 211/333/257 212/334/258
f 212/334/258 209/331/255 208/330/254
f 213/335/259 214/336/260 208/330/254
f 208/330/254 207/329/253 213/335/259
f 214/336/260 215/337/261 211/333/257
f 211/333/257 208/330/254 214/336/260
f 216/338/262 217/339/263 214/336/260
f 214/336/260 213/335/259 216/338/262
f 217/339/263 218/340/264 215/337/261
f 215/337/261 214/336/260 217/339/263
f 219/341/265 220/342/266 217/339/263
f 217/339/263 216/338/262 219/341/265
f 221/343/267 218/340/264 217/339/263
f 217/339/263 220/342/266 221/343/267
f 222/344/268 223/345/269 220/342/266
f 220/342/266 219/341/265 222/344/268
f 224/346/270 221/343/267 220/342/266
f 220/342/266 223/345/269 224/346/270
f 206/328/252 225/347/271 203/325/249
f 203/325/249 226/348/272 204/326/250
f 203/325/249 225/347/271 226/348/272
f 213/335/259 226/348/272 225/347/271
f 225/347/271 216/338/262 213/335/259
f 207/329/253 210/332/256 204/326/250
f 204/326/250 226/348/272 207/329/253
f 222/344/268 219/341/265 225/347/271
f 225/347/271 227/349/273 222/344/268
f 219/341/265 216/338/262 225/347/271
f 226/348/272 213/335/259 207/329/253
f 221/343/267 224/346/270 228/350/274
f 228/350/274 229/351/275 221/343/267
f 218/340/264 221/343/267 229/351/275
f 229/351/275 230/352/276 218/340/264
f 231/353/277 215/337/261 218/340/264
f 218/340/264 230/352/276 231/353/277
f 232/354/278 211/333/257 215/337/261
f 215/337/261 231/353/277 232/354/278
f 211/333/257 232/354/278 212/334/258
f 227/349/273 225/347/271 206/328/252
f 210/332/256 209/331/255 197/319/243
f 197/319/243 196/318/242 210/332/256
f 198/320/244 204/326/250 210/332/256
f 210/332/256 196/318/242 198/320/244
f 199/321/245 205/327/251 204/326/250
f 204/326/250 198/320/244 199/321/245
f 212/334/258 233/355/279 209/331/255
f 197/319/243 234/356/280 201/323/247
f 234/356/280 209/331/255 233/355/279
f 234/356/280 197/319/243 209/331/255
f 235/357/281 236/358/282 237/359/283
f 237/359/283 238/360/284 235/357/281
f 235/357/281 238/360/284 239/361/285
f 240/362/286 241/363/287 242/364/288
f 242/364/288 243/365/289 240/362/286
f 244/366/290 245/367/291 236/358/282
f 236/358/282 235/357/281 244/366/290
f 246/368/292 247/369/293 248/370/294
f 246/368/292 249/371/295 247/369/293
f 250/372/296 251/373/297 252/374/298
f 252/374/298 253/375/299 250/372/296
f 254/376/300 255/377/301 251/373/297
f 251/373/297 250/372/296 254/376/300
f 256/378/302 257/379/303 253/375/299
f 253/375/299 252/374/298 256/378/302
f 258/380/304 259/381/305 257/379/303
f 257/379/303 256/378/302 258/380/304
f 245/367/291 260/382/306 237/359/283
f 237/359/283 236/358/282 245/367/291
f 261/383/307 262/384/308 263/385/309
f 263/385/309 237/359/283 261/383/307
f 264/386/310 265/387/311 266/388/312
f 267/389/313 253/375/299 268/390/314
f 257/379/303 269/391/315 268/390/314
f 268/390/314 253/375/299 257/379/303
f 269/391/315 270/392/316 264/386/310
f 264/386/310 268/390/314 269/391/315
f 269/391/315 257/379/303 259/381/305
f 259/381/305 271/393/317 270/392/316
f 270/392/316 269/391/315 259/381/305
f 258/380/304 272/394/318 271/393/317
f 271/393/317 259/381/305 258/380/304
f 254/376/300 243/365/289 242/364/288
f 242/364/288 255/377/301 254/376/300
f 273/395/319 265/387/311 264/386/310
f 265/387/311 274/396/320 275/397/321
f 239/361/285 276/398/322 246/368/292
f 246/368/292 277/399/323 239/361/285
f 262/384/308 278/400/324 279/401/325
f 279/401/325 263/385/309 262/384/308
f 280/402/326 281/403/327 282/404/328
f 283/405/329 284/406/330 245/367/291
f 285/407/331 286/408/332 287/409/333
f 279/401/325 238/360/284 237/359/283
f 237/359/283 263/385/309 279/401/325
f 238/360/284 279/401/325 288/410/334
f 239/361/285 277/399/323 244/366/290
f 244/366/290 235/357/281 239/361/285
f 247/369/293 289/411/335 248/370/294
f 281/403/327 290/412/336 282/404/328
f 282/404/328 290/412/336 291/413/337
f 267/389/313 292/414/338 250/372/296
f 250/372/296 253/375/299 267/389/313
f 293/415/339 249/371/295 246/368/292
f 246/368/292 276/398/322 293/415/339
f 268/390/314 264/386/310 266/388/312
f 266/388/312 267/389/313 268/390/314
f 265/387/311 273/395/319 274/396/320
f 270/392/316 271/393/317 272/394/318
f 272/394/318 294/416/340 270/392/316
f 248/370/294 283/405/329 277/399/323
f 283/405/329 245/367/291 244/366/290
f 295/417/341 264/386/310 270/392/316
f 270/392/316 294/416/340 295/417/341
f 274/396/320 296/418/342 275/397/321
f 288/410/334 279/401/325 278/400/324
f 297/419/343 285/407/331 287/409/333
f 291/413/337 297/419/343 287/409/333
f 282/404/328 291/413/337 287/409/333
f 254/376/300 250/372/296 292/414/338
f 292/414/338 243/365/289 254/376/300
f 276/398/322 298/420/344 293/415/339
f 298/420/344 276/398/322 239/361/285
f 239/361/285 238/360/284 298/420/344
f 299/421/345 300/422/346 301/423/347
f 302/424/348 300/422/346 299/421/345
f 303/425/349 304/426/350 305/427/351
f 300/422/346 304/426/350 306/428/352
f 304/426/350 302/424/348 305/427/351
f 304/426/350 300/422/346 302/424/348
f 300/422/346 307/429/353 308/430/354
f 300/422/346 308/430/354 309/431/355
f 300/422/346 309/431/355 310/432/356
f 300/422/346 310/432/356 301/423/347
f 311/433/357 298/420/344 238/360/284
f 238/360/284 288/410/334 311/433/357
f 283/405/329 244/366/290 277/399/323
f 312/434/358 313/435/359 307/429/353
f 312/434/358 307/429/353 300/422/346
f 240/362/286 243/365/289 292/414/338
f 292/414/338 314/436/360 240/362/286
f 241/363/287 240/362/286 314/436/360
f 314/436/360 708/437/361 241/363/287
f 306/428/352 312/434/358 300/422/346
f 264/386/310 295/417/341 273/395/319
f 248/370/294 277/399/323 246/368/292
f 315/438/362 316/439/363 317/440/364
f 317/440/364 318/441/365 315/438/362
f 315/438/362 319/442/366 316/439/363
f 320/443/367 321/444/368 322/445/369
f 322/445/369 323/446/370 320/443/367
f 324/447/371 315/438/362 318/441/365
f 318/441/365 325/448/372 324/447/371
f 326/449/373 327/450/374 328/451/375
f 326/449/373 328/451/375 329/452/376
f 330/453/377 331/454/378 332/455/379
f 332/455/379 333/456/380 330/453/377
f 334/457/381 330/453/377 333/456/380
f 333/456/380 335/458/382 334/457/381
f 336/459/383 332/455/379 331/454/378
f 331/454/378 337/460/384 336/459/383
f 338/461/385 336/459/383 337/460/384
f 337/460/384 339/462/386 338/461/385
f 325/448/372 318/441/365 317/440/364
f 317/440/364 340/463/387 325/448/372
f 341/464/388 317/440/364 342/465/389
f 342/465/389 343/466/390 341/464/388
f 344/467/391 345/468/392 346/469/393
f 347/470/394 348/471/395 331/454/378
f 337/460/384 331/454/378 348/471/395
f 348/471/395 349/472/396 337/460/384
f 349/472/396 348/471/395 344/467/391
f 344/467/391 350/473/397 349/472/396
f 349/472/396 339/462/386 337/460/384
f 339/462/386 349/472/396 350/473/397
f 350/473/397 351/474/398 339/462/386
f 338/461/385 339/462/386 351/474/398
f 351/474/398 352/475/399 338/461/385
f 334/457/381 335/458/382 322/445/369
f 322/445/369 321/444/368 334/457/381
f 353/476/400 344/467/391 346/469/393
f 346/469/393 354/477/401 355/478/402
f 319/442/366 356/479/403 326/449/373
f 326/449/373 357/480/404 319/442/366
f 343/466/390 342/465/389 358/481/405
f 358/481/405 359/482/406 343/466/390
f 360/483/407 361/484/408 362/485/409
f 363/486/410 325/448/372 364/487/411
f 365/488/412 366/489/413 367/490/414
f 358/481/405 342/465/389 317/440/364
f 317/440/364 316/439/363 358/481/405
f 316/439/363 368/491/415 358/481/405
f 319/442/366 315/438/362 324/447/371
f 324/447/371 356/479/403 319/442/366
f 328/451/375 327/450/374 369/492/416
f 362/485/409 361/484/408 370/493/417
f 361/484/408 371/494/418 370/493/417
f 347/470/394 331/454/378 330/453/377
f 330/453/377 372/495/419 347/470/394
f 373/496/420 357/480/404 326/449/373
f 326/449/373 329/452/376 373/496/420
f 348/471/395 347/470/394 345/468/392
f 345/468/392 344/467/391 348/471/395
f 346/469/393 355/478/402 353/476/400
f 350/473/397 374/497/421 352/475/399
f 352/475/399 351/474/398 350/473/397
f 327/450/374 356/479/403 363/486/410
f 363/486/410 324/447/371 325/448/372
f 375/498/422 374/497/421 350/473/397
f 350/473/397 344/467/391 375/498/422
f 355/478/402 354/477/401 376/499/423
f 368/491/415 359/482/406 358/481/405
f 377/500/424 366/489/413 365/488/412
f 371/494/418 366/489/413 377/500/424
f 361/484/408 366/489/413 371/494/418
f 334/457/381 321/444/368 372/495/419
f 372/495/419 330/453/377 334/457/381
f 357/480/404 373/496/420 378/501/425
f 378/501/425 316/439/363 319/442/366
f 319/442/366 357/480/404 378/501/425
f 379/502/426 380/503/427 381/504/428
f 382/505/429 379/502/426 381/504/428
f 383/506/430 384/507/431 385/508/432
f 381/504/428 386/509/433 385/508/432
f 385/508/432 384/507/431 382/505/429
f 385/508/432 382/505/429 381/504/428
f 381/504/428 387/510/434 388/511/435
f 381/504/428 389/512/436 387/510/434
f 381/504/428 390/513/437 389/512/436
f 381/504/428 380/503/427 390/513/437
f 391/514/438 368/491/415 316/439/363
f 316/439/363 378/501/425 391/514/438
f 363/486/410 356/479/403 324/447/371
f 392/515/439 388/511/435 393/516/440
f 392/515/439 381/504/428 388/511/435
f 320/443/367 372/495/419 321/444/368
f 372/495/419 320/443/367 394/517/441
f 323/446/370 709/518/442 394/517/441
f 394/517/441 320/443/367 323/446/370
f 386/509/433 381/504/428 392/515/439
f 344/467/391 353/476/400 375/498/422
f 327/450/374 326/449/373 356/479/403
f 395/519/443 396/520/444 397/521/445
f 397/521/445 398/522/446 395/519/443
f 398/522/446 397/521/445 399/523/447
f 399/523/447 400/524/448 398/522/446
f 401/525/449 402/526/450 403/527/451
f 404/528/452 405/529/453 403/527/451
f 403/527/451 406/530/454 404/528/452
f 405/529/453 401/525/449 403/527/451
f 398/522/446 405/529/453 404/528/452
f 404/528/452 395/519/443 398/522/446
f 400/524/448 401/525/449 405/529/453
f 405/529/453 398/522/446 400/524/448
f 399/523/447 407/531/455 408/532/456
f 408/532/456 400/524/448 399/523/447
f 401/525/449 409/533/457 410/534/458
f 410/534/458 402/526/450 401/525/449
f 400/524/448 408/532/456 409/533/457
f 409/533/457 401/525/449 400/524/448
f 395/519/443 411/535/459 412/536/460
f 412/536/460 396/520/444 395/519/443
f 406/530/454 413/537/461 414/538/462
f 414/538/462 404/528/452 406/530/454
f 404/528/452 414/538/462 411/535/459
f 411/535/459 395/519/443 404/528/452
f 415/539/463 416/540/464 417/541/465
f 418/542/466 417/541/465 416/540/464
f 415/539/463 417/541/465 419/543/467
f 417/541/465 418/542/466 419/543/467
f 415/539/463 399/523/447 397/521/445
f 397/521/445 416/540/464 415/539/463
f 416/540/464 397/521/445 396/520/444
f 396/520/444 420/544/468 416/540/464
f 396/520/444 412/536/460 421/545/469
f 421/545/469 420/544/468 396/520/444
f 407/531/455 399/523/447 415/539/463
f 415/539/463 422/546/470 407/531/455
f 402/526/450 423/547/471 403/527/451
f 403/527/451 423/547/471 424/548/472
f 425/549/473 426/550/474 427/551/475
f 427/551/475 428/552/476 425/549/473
f 426/550/474 429/553/477 430/554/478
f 430/554/478 427/551/475 426/550/474
f 431/555/479 432/556/480 433/557/481
f 434/558/482 435/559/483 432/556/480
f 432/556/480 436/560/484 434/558/482
f 436/560/484 432/556/480 431/555/479
f 426/550/474 425/549/473 434/558/482
f 434/558/482 436/560/484 426/550/474
f 429/553/477 426/550/474 436/560/484
f 436/560/484 431/555/479 429/553/477
f 430/554/478 429/553/477 437/561/485
f 437/561/485 438/562/486 430/554/478
f 431/555/479 433/557/481 439/563/487
f 439/563/487 440/564/488 431/555/479
f 429/553/477 431/555/479 440/564/488
f 440/564/488 437/561/485 429/553/477
f 425/549/473 428/552/476 441/565/489
f 441/565/489 442/566/490 425/549/473
f 435/559/483 434/558/482 443/567/491
f 443/567/491 444/568/492 435/559/483
f 434/558/482 425/549/473 442/566/490
f 442/566/490 443/567/491 434/558/482
f 445/569/493 446/570/494 447/571/495
f 448/572/496 447/571/495 446/570/494
f 445/569/493 449/573/497 446/570/494
f 446/570/494 449/573/497 448/572/496
f 445/569/493 447/571/495 427/551/475
f 427/551/475 430/554/478 445/569/493
f 447/571/495 450/574/498 428/552/476
f 428/552/476 427/551/475 447/571/495
f 428/552/476 450/574/498 451/575/499
f 451/575/499 441/565/489 428/552/476
f 438/562/486 452/576/500 445/569/493
f 445/569/493 430/554/478 438/562/486
f 433/557/481 432/556/480 453/577/501
f 432/556/480 454/578/502 453/577/501
f 455/579/503 456/580/504 457/581/505
f 457/581/505 458/582/506 455/579/503
f 459/583/507 456/580/504 460/584/508
f 461/585/509 462/586/510 463/587/511
f 463/587/511 464/588/512 461/585/509
f 465/589/513 466/590/514 461/585/509
f 461/585/509 464/588/512 465/589/513
f 467/591/515 468/592/516 469/593/517
f 470/594/518 466/590/514 465/589/513
f 465/589/513 471/595/519 470/594/518
f 472/596/520 473/597/521 460/584/508
f 460/584/508 456/580/504 472/596/520
f 463/587/511 473/597/521 474/598/522
f 474/598/522 464/588/512 463/587/511
f 474/598/522 475/599/523 471/595/519
f 471/595/519 465/589/513 474/598/522
f 476/600/524 477/601/525 478/602/526
f 479/603/527 480/604/528 475/599/523
f 479/603/527 475/599/523 481/605/529
f 467/591/515 482/606/530 483/607/531
f 484/608/532 485/609/533 486/610/534
f 486/610/534 487/611/535 484/608/532
f 488/612/536 489/613/537 484/608/532
f 484/608/532 490/614/538 488/612/536
f 484/608/532 489/613/537 485/609/533
f 480/604/528 470/594/518 471/595/519
f 471/595/519 475/599/523 480/604/528
f 465/589/513 464/588/512 474/598/522
f 473/597/521 491/615/539 475/599/523
f 475/599/523 474/598/522 473/597/521
f 491/615/539 473/597/521 492/616/540
f 490/614/538 493/617/541 494/618/542
f 495/619/543 469/593/517 468/592/516
f 468/592/516 496/620/544 495/619/543
f 462/586/510 459/583/507 460/584/508
f 460/584/508 463/587/511 462/586/510
f 460/584/508 473/597/521 463/587/511
f 469/593/517 495/619/543 484/608/532
f 484/608/532 487/611/535 469/593/517
f 467/591/515 497/621/545 468/592/516
f 498/622/546 499/623/547 500/624/548
f 500/624/548 501/625/549 498/622/546
f 502/626/550 503/627/551 504/628/552
f 504/628/552 505/629/553 502/626/550
f 506/630/554 498/622/546 501/625/549
f 501/625/549 507/631/555 506/630/554
f 507/631/555 508/632/556 509/633/557
f 509/633/557 506/630/554 507/631/555
f 508/632/556 510/634/558 509/633/557
f 483/607/531 482/606/530 499/623/547
f 499/623/547 498/622/546 483/607/531
f 479/603/527 481/605/529 503/627/551
f 511/635/559 497/621/545 467/591/515
f 467/591/515 483/607/531 511/635/559
f 511/635/559 509/633/557 510/634/558
f 510/634/558 497/621/545 511/635/559
f 497/621/545 512/636/560 496/620/544
f 496/620/544 468/592/516 497/621/545
f 501/625/549 513/637/561 514/638/562
f 514/638/562 507/631/555 501/625/549
f 507/631/555 514/638/562 515/639/563
f 515/639/563 508/632/556 507/631/555
f 508/632/556 515/639/563 516/640/564
f 516/640/564 510/634/558 508/632/556
f 510/634/558 516/640/564 512/636/560
f 512/636/560 497/621/545 510/634/558
f 517/641/565 518/642/566 519/643/567
f 519/643/567 520/644/568 517/641/565
f 519/643/567 521/645/569 520/644/568
f 520/644/568 521/645/569 522/646/570
f 522/646/570 523/647/571 520/644/568
f 522/646/570 524/648/572 525/649/573
f 525/649/573 523/647/571 522/646/570
f 517/641/565 526/650/574 527/651/575
f 527/651/575 518/642/566 517/641/565
f 503/627/551 525/649/573 524/648/572
f 524/648/572 504/628/552 503/627/551
f 526/650/574 525/649/573 503/627/551
f 484/608/532 493/617/541 490/614/538
f 526/650/574 503/627/551 481/605/529
f 481/605/529 527/651/575 526/650/574
f 527/651/575 481/605/529 491/615/539
f 479/603/527 503/627/551 502/626/550
f 481/605/529 475/599/523 491/615/539
f 455/579/503 458/582/506 528/652/576
f 494/618/542 493/617/541 477/601/525
f 477/601/525 476/600/524 494/618/542
f 493/617/541 495/619/543 477/601/525
f 493/617/541 484/608/532 495/619/543
f 472/596/520 492/616/540 473/597/521
f 469/593/517 482/606/530 467/591/515
f 529/653/577 530/654/578 531/655/579
f 531/655/579 532/656/580 529/653/577
f 533/657/581 532/656/580 531/655/579
f 534/658/582 535/659/583 536/660/584
f 536/660/584 537/661/585 534/658/582
f 538/662/586 535/659/583 534/658/582
f 534/658/582 539/663/587 538/662/586
f 540/664/588 541/665/589 542/666/590
f 543/667/591 544/668/592 538/662/586
f 538/662/586 539/663/587 543/667/591
f 545/669/593 532/656/580 546/670/594
f 546/670/594 547/671/595 545/669/593
f 536/660/584 535/659/583 548/672/596
f 548/672/596 547/671/595 536/660/584
f 548/672/596 538/662/586 544/668/592
f 544/668/592 549/673/597 548/672/596
f 550/674/598 551/675/599 552/676/600
f 553/677/601 549/673/597 554/678/602
f 553/677/601 555/679/603 549/673/597
f 540/664/588 556/680/604 557/681/605
f 558/682/606 559/683/607 560/684/608
f 560/684/608 561/685/609 558/682/606
f 562/686/610 563/687/611 558/682/606
f 558/682/606 564/688/612 562/686/610
f 558/682/606 561/685/609 564/688/612
f 554/678/602 549/673/597 544/668/592
f 544/668/592 543/667/591 554/678/602
f 538/662/586 548/672/596 535/659/583
f 547/671/595 548/672/596 549/673/597
f 549/673/597 565/689/613 547/671/595
f 565/689/613 566/690/614 547/671/595
f 563/687/611 567/691/615 568/692/616
f 569/693/617 570/694/618 542/666/590
f 542/666/590 541/665/589 569/693/617
f 537/661/585 536/660/584 546/670/594
f 546/670/594 533/657/581 537/661/585
f 546/670/594 536/660/584 547/671/595
f 541/665/589 559/683/607 558/682/606
f 558/682/606 569/693/617 541/665/589
f 540/664/588 542/666/590 571/695/619
f 572/696/620 501/625/549 500/624/548
f 500/624/548 573/697/621 572/696/620
f 574/698/622 505/629/553 504/628/552
f 504/628/552 575/699/623 574/698/622
f 576/700/624 577/701/625 501/625/549
f 501/625/549 572/696/620 576/700/624
f 577/701/625 576/700/624 578/702/626
f 578/702/626 579/703/627 577/701/625
f 579/703/627 578/702/626 580/704/628
f 556/680/604 572/696/620 573/697/621
f 573/697/621 557/681/605 556/680/604
f 553/677/601 575/699/623 555/679/603
f 581/705/629 556/680/604 540/664/588
f 540/664/588 571/695/619 581/705/629
f 581/705/629 571/695/619 580/704/628
f 580/704/628 578/702/626 581/705/629
f 571/695/619 542/666/590 570/694/618
f 570/694/618 582/706/630 571/695/619
f 501/625/549 577/701/625 583/707/631
f 583/707/631 513/637/561 501/625/549
f 577/701/625 579/703/627 584/708/632
f 584/708/632 583/707/631 577/701/625
f 579/703/627 580/704/628 585/709/633
f 585/709/633 584/708/632 579/703/627
f 580/704/628 571/695/619 582/706/630
f 582/706/630 585/709/633 580/704/628
f 586/710/634 587/711/635 588/712/636
f 588/712/636 589/713/637 586/710/634
f 588/712/636 587/711/635 590/714/638
f 587/711/635 591/715/639 592/716/640
f 592/716/640 590/714/638 587/711/635
f 592/716/640 591/715/639 593/717/641
f 593/717/641 524/648/572 592/716/640
f 586/710/634 589/713/637 594/718/642
f 594/718/642 595/719/643 586/710/634
f 575/699/623 504/628/552 524/648/572
f 524/648/572 593/717/641 575/699/623
f 595/719/643 575/699/623 593/717/641
f 558/682/606 563/687/611 568/692/616
f 595/719/643 594/718/642 555/679/603
f 555/679/603 575/699/623 595/719/643
f 594/718/642 565/689/613 555/679/603
f 553/677/601 574/698/622 575/699/623
f 555/679/603 565/689/613 549/673/597
f 529/653/577 596/720/644 530/654/578
f 567/691/615 550/674/598 552/676/600
f 552/676/600 568/692/616 567/691/615
f 568/692/616 552/676/600 569/693/617
f 568/692/616 569/693/617 558/682/606
f 545/669/593 547/671/595 566/690/614
f 541/665/589 540/664/588 557/681/605
f 533/657/581 546/670/594 532/656/580
f 459/583/507 457/581/505 456/580/504
f 721/721/645 722/722/646 723/723/647
f 723/723/647 724/724/648 721/721/645
f 725/725/649 721/721/645 724/724/648
f 724/724/648 726/726/650 725/725/649
f 727/727/651 728/728/652 729/729/653
f 729/729/653 730/730/654 727/727/651
f 731/731/655 727/727/651 730/730/654
f 730/730/654 732/732/656 731/731/655
f 733/733/657 731/731/655 732/732/656
f 732/732/656 734/734/658 733/733/657
f 735/735/659 733/733/657 734/734/658
f 734/734/658 736/736/660 735/735/659
f 737/737/661 735/735/659 736/736/660
f 736/736/660 738/738/662 737/737/661
f 722/722/646 737/737/661 738/738/662
f 738/738/662 723/723/647 722/722/646
f 739/739/663 740/740/664 741/741/665
f 741/741/665 742/742/666 739/739/663
f 743/743/667 739/739/663 742/742/666
f 742/742/666 744/744/668 743/743/667
f 745/745/669 743/743/667 744/744/668
f 744/744/668 746/746/670 745/745/669
f 747/747/671 745/745/669 746/746/670
f 746/746/670 748/748/672 747/747/671
f 749/749/673 747/747/671 748/748/672
f 748/748/672 750/750/674 749/749/673
f 751/751/675 749/749/673 750/750/674
f 750/750/674 752/752/676 751/751/675
f 753/753/677 751/751/675 752/752/676
f 752/752/676 754/754/678 753/753/677
f 740/740/664 755/755/679 756/756/680
f 756/756/680 741/741/665 740/740/664
f 757/757/681 758/758/682 740/740/664
f 740/740/664 739/739/663 757/757/681
f 759/759/683 757/757/681 739/739/663
f 739/739/663 743/743/667 759/759/683
f 760/760/684 759/759/683 743/743/667
f 743/743/667 745/745/669 760/760/684
f 761/761/685 760/760/684 745/745/669
f 745/745/669 747/747/671 761/761/685
f 762/762/686 761/761/685 747/747/671
f 747/747/671 749/749/673 762/762/686
f 763/763/687 762/762/686 749/749/673
f 749/749/673 751/751/675 763/763/687
f 764/764/688 763/763/687 751/751/675
f 751/751/675 753/753/677 764/764/688
f 758/758/682 765/765/689 755/755/679
f 755/755/679 740/740/664 758/758/682
f 724/724/648 723/723/647 766/766/690
f 766/766/690 767/767/691 724/724/648
f 726/726/650 724/724/648 767/767/691
f 767/767/691 768/768/692 726/726/650
f 730/730/654 729/729/653 769/769/693
f 769/769/693 770/770/694 730/730/654
f 732/732/656 730/730/654 770/770/694
f 770/770/694 771/771/695 732/732/656
f 734/734/658 732/732/656 771/771/695
f 771/771/695 772/772/696 734/734/658
f 736/736/660 734/734/658 772/772/696
f 772/772/696 773/773/697 736/736/660
f 738/738/662 736/736/660 773/773/697
f 773/773/697 774/774/698 738/738/662
f 723/723/647 738/738/662 774/774/698
f 774/774/698 766/766/690 723/723/647
f 775/775/699 776/776/700 777/777/701
f 778/778/702 777/777/701 779/779/703
f 779/779/703 780/780/704 781/781/705
f 781/781/705 778/778/702 779/779/703
f 782/782/706 783/783/707 784/784/708
f 776/776/700 782/782/706 777/777/701
f 785/785/709 786/786/710 787/787/711
f 787/787/711 782/782/706 785/785/709
f 777/777/701 782/782/706 787/787/711
f 787/787/711 788/788/712 777/777/701
f 778/778/702 789/789/713 790/790/714
f 790/790/714 775/775/699 778/778/702
f 778/778/702 781/781/705 791/791/715
f 791/791/715 789/789/713 778/778/702
f 775/775/699 777/777/701 778/778/702
f 776/776/700 775/775/699 790/790/714
f 790/790/714 792/792/716 776/776/700
f 793/793/717 794/794/718 791/791/715
f 791/791/715 781/781/705 793/793/717
f 789/789/713 792/792/716 790/790/714
f 789/789/713 795/795/719 792/792/716
f 796/796/720 783/783/707 792/792/716
f 797/797/721 784/784/708 783/783/707
f 776/776/700 783/783/707 782/782/706
f 781/781/705 780/780/704 793/793/717
f 784/784/708 785/785/709 782/782/706
f 789/789/713 791/791/715 794/794/718
f 777/777/701 788/788/712 798/798/722
f 798/798/722 779/779/703 777/777/701
f 799/799/723 780/780/704 779/779/703
f 779/779/703 798/798/722 799/799/723
f 783/783/707 776/776/700 792/792/716
f 783/783/707 796/796/720 797/797/721
f 795/795/719 789/789/713 794/794/718
f 800/800/724 801/801/725 802/802/726
f 803/803/727 800/800/724 802/802/726
f 804/804/728 805/805/729 803/803/727
f 806/806/730 807/807/731 808/808/732
f 801/801/725 806/806/730 802/802/726
f 809/809/733 799/799/723 798/798/722
f 798/798/722 806/806/730 809/809/733
f 802/802/726 806/806/730 798/798/722
f 798/798/722 788/788/712 802/802/726
f 810/810/734 811/811/735 805/805/729
f 812/812/736 810/810/734 805/805/729
f 801/801/725 800/800/724 811/811/735
f 811/811/735 813/813/737 801/801/725
f 808/808/732 814/814/738 815/815/739
f 815/815/739 816/816/740 808/808/732
f 810/810/734 813/813/737 811/811/735
f 810/810/734 817/817/741 813/813/737
f 817/817/741 807/807/731 813/813/737
f 814/814/738 808/808/732 807/807/731
f 801/801/725 807/807/731 806/806/730
f 816/816/740 809/809/733 808/808/732
f 808/808/732 809/809/733 806/806/730
f 818/818/742 815/815/739 814/814/738
f 802/802/726 788/788/712 787/787/711
f 787/787/711 803/803/727 802/802/726
f 786/786/710 819/819/743 803/803/727
f 803/803/727 787/787/711 786/786/710
f 807/807/731 801/801/725 813/813/737
f 807/807/731 817/817/741 814/814/738
f 817/817/741 818/818/742 814/814/738
f 812/812/736 805/805/729 804/804/728
f 805/805/729 811/811/735 800/800/724
f 800/800/724 803/803/727 805/805/729
f 804/804/728 803/803/727 819/819/743
f 820/820/744 821/821/745 822/822/746
f 823/823/747 822/822/746 824/824/748
f 824/824/748 825/825/749 826/826/750
f 826/826/750 823/823/747 824/824/748
f 827/827/751 828/828/752 829/829/753
f 830/830/754 831/831/755 827/827/751
f 827/827/751 832/832/756 830/830/754
f 833/833/757 834/834/758 835/835/759
f 835/835/759 836/836/760 833/833/757
f 837/837/761 838/838/762 833/833/757
f 833/833/757 836/836/760 837/837/761
f 839/839/763 840/840/764 841/841/765
f 841/841/765 842/842/766 839/839/763
f 841/841/765 840/840/764 843/843/767
f 843/843/767 835/835/759 841/841/765
f 843/843/767 844/844/768 836/836/760
f 836/836/760 835/835/759 843/843/767
f 837/837/761 836/836/760 844/844/768
f 844/844/768 845/845/769 837/837/761
f 823/823/747 846/846/770 847/847/771
f 847/847/771 820/820/744 823/823/747
f 823/823/747 826/826/750 848/848/772
f 848/848/772 846/846/770 823/823/747
f 820/820/744 822/822/746 823/823/747
f 821/821/745 820/820/744 847/847/771
f 847/847/771 849/849/773 821/821/745
f 829/829/753 850/850/774 848/848/772
f 848/848/772 826/826/750 829/829/753
f 851/851/775 852/852/776 853/853/777
f 854/854/778 855/855/779 856/856/780
f 857/857/781 854/854/778 858/858/782
f 859/859/783 856/856/780 855/855/779
f 860/860/784 852/852/776 861/861/785
f 858/858/782 854/854/778 856/856/780
f 862/862/786 856/856/780 859/859/783
f 855/855/779 852/852/776 859/859/783
f 846/846/770 863/863/787 847/847/771
f 850/850/774 863/863/787 846/846/770
f 862/862/786 864/864/788 856/856/780
f 856/856/780 864/864/788 858/858/782
f 859/859/783 852/852/776 860/860/784
f 850/850/774 829/829/753 828/828/752
f 831/831/755 828/828/752 827/827/751
f 826/826/750 825/825/749 829/829/753
f 827/827/751 829/829/753 825/825/749
f 825/825/749 832/832/756 827/827/751
f 846/846/770 848/848/772 850/850/774
f 850/850/774 828/828/752 863/863/787
f 865/865/789 866/866/790 842/842/766
f 842/842/766 841/841/765 865/865/789
f 865/865/789 834/834/758 825/825/749
f 825/825/749 824/824/748 865/865/789
f 828/828/752 831/831/755 867/867/791
f 861/861/785 852/852/776 851/851/775
f 852/852/776 855/855/779 843/843/767
f 843/843/767 840/840/764 852/852/776
f 853/853/777 852/852/776 840/840/764
f 840/840/764 839/839/763 853/853/777
f 854/854/778 857/857/781 845/845/769
f 845/845/769 844/844/768 854/854/778
f 843/843/767 855/855/779 854/854/778
f 854/854/778 844/844/768 843/843/767
f 868/868/792 869/869/793 870/870/794
f 871/871/795 870/870/794 872/872/796
f 873/873/797 874/874/798 875/875/799
f 875/875/799 876/876/800 873/873/797
f 877/877/801 878/878/802 879/879/803
f 870/870/794 869/869/793 877/877/801
f 877/877/801 880/880/804 870/870/794
f 874/874/798 881/881/805 882/882/806
f 882/882/806 880/880/804 874/874/798
f 870/870/794 880/880/804 882/882/806
f 882/882/806 883/883/807 870/870/794
f 884/884/808 885/885/809 886/886/810
f 886/886/810 887/887/811 884/884/808
f 888/888/812 889/889/813 890/890/814
f 890/890/814 881/881/805 888/888/812
f 891/891/815 892/892/816 890/890/814
f 890/890/814 893/893/817 891/891/815
f 887/887/811 892/892/816 891/891/815
f 891/891/815 884/884/808 887/887/811
f 871/871/795 894/894/818 895/895/819
f 895/895/819 868/868/792 871/871/795
f 876/876/800 875/875/799 896/896/820
f 896/896/820 897/897/821 876/876/800
f 868/868/792 870/870/794 871/871/795
f 869/869/793 868/868/792 895/895/819
f 895/895/819 898/898/822 869/869/793
f 879/879/803 899/899/823 896/896/820
f 896/896/820 875/875/799 879/879/803
f 900/900/824 885/885/809 884/884/808
f 891/891/815 893/893/817 901/901/825
f 884/884/808 891/891/815 900/900/824
f 902/902/826 901/901/825 893/893/817
f 903/903/827 885/885/809 904/904/828
f 900/900/824 891/891/815 901/901/825
f 905/905/829 901/901/825 902/902/826
f 906/906/830 907/907/831 905/905/829
f 905/905/829 902/902/826 906/906/830
f 893/893/817 908/908/832 902/902/826
f 909/909/833 910/910/834 911/911/835
f 912/912/836 910/910/834 909/909/833
f 905/905/829 904/904/828 901/901/825
f 901/901/825 904/904/828 900/900/824
f 902/902/826 908/908/832 906/906/830
f 899/899/823 879/879/803 878/878/802
f 869/869/793 878/878/802 877/877/801
f 875/875/799 874/874/798 879/879/803
f 877/877/801 879/879/803 874/874/798
f 874/874/798 880/880/804 877/877/801
f 909/909/833 913/913/837 912/912/836
f 912/912/836 914/914/838 910/910/834
f 870/870/794 883/883/807 915/915/839
f 915/915/839 872/872/796 870/870/794
f 881/881/805 874/874/798 873/873/797
f 873/873/797 888/888/812 881/881/805
f 878/878/802 869/869/793 898/898/822
f 904/904/828 885/885/809 900/900/824
f 832/832/756 825/825/749 834/834/758
f 834/834/758 833/833/757 832/832/756
f 838/838/762 830/830/754 832/832/756
f 832/832/756 833/833/757 838/838/762
f 824/824/748 822/822/746 866/866/790
f 866/866/790 865/865/789 824/824/748
f 865/865/789 841/841/765 835/835/759
f 835/835/759 834/834/758 865/865/789
f 886/886/810 915/915/839 883/883/807
f 883/883/807 887/887/811 886/886/810
f 889/889/813 908/908/832 893/893/817
f 893/893/817 890/890/814 889/889/813
f 882/882/806 881/881/805 890/890/814
f 890/890/814 892/892/816 882/882/806
f 883/883/807 882/882/806 892/892/816
f 892/892/816 887/887/811 883/883/807
f 916/916/840 917/917/841 918/918/842
f 919/919/843 917/917/841 916/916/840
f 916/916/840 920/920/844 919/919/843
f 921/921/845 922/922/846 923/923/847
f 923/923/847 924/924/848 921/921/845
f 925/925/849 926/926/850 923/923/847
f 923/923/847 922/922/846 925/925/849
f 923/923/847 926/926/850 927/927/851
f 928/928/852 929/929/853 930/930/854
f 929/929/853 924/924/848 930/930/854
f 927/927/851 924/924/848 923/923/847
f 931/931/855 921/921/845 924/924/848
f 924/924/848 929/929/853 931/931/855
f 928/928/852 932/932/856 931/931/855
f 931/931/855 929/929/853 928/928/852
f 933/933/857 922/922/846 921/921/845
f 921/921/845 919/919/843 933/933/857
f 925/925/849 922/922/846 933/933/857
f 933/933/857 934/934/858 925/925/849
f 917/917/841 919/919/843 921/921/845
f 921/921/845 931/931/855 917/917/841
f 917/917/841 931/931/855 932/932/856
f 919/919/843 920/920/844 933/933/857
f 933/933/857 935/935/859 934/934/858
f 917/917/841 936/936/860 918/918/842
f 925/925/849 937/937/861 938/938/862
f 938/938/862 939/939/863 925/925/849
f 940/940/864 941/941/865 938/938/862
f 938/938/862 937/937/861 940/940/864
f 938/938/862 941/941/865 942/942/866
f 943/943/867 944/944/868 945/945/869
f 944/944/868 946/946/870 945/945/869
f 942/942/866 939/939/863 938/938/862
f 947/947/871 932/932/856 946/946/870
f 946/946/870 944/944/868 947/947/871
f 943/943/867 948/948/872 947/947/871
f 947/947/871 944/944/868 943/943/867
f 925/925/849 934/934/858 937/937/861
f 940/940/864 937/937/861 934/934/858
f 934/934/858 949/949/873 940/940/864
f 917/917/841 932/932/856 947/947/871
f 936/936/860 917/917/841 947/947/871
f 947/947/871 948/948/872 936/936/860
f 934/934/858 935/935/859 949/949/873
f 918/918/842 950/950/874 951/951/875
f 950/950/874 918/918/842 936/936/860
f 940/940/864 952/952/876 953/953/877
f 953/953/877 954/954/878 940/940/864
f 955/955/879 956/956/880 953/953/877
f 953/953/877 952/952/876 955/955/879
f 953/953/877 956/956/880 957/957/881
f 958/958/882 959/959/883 960/960/884
f 959/959/883 961/961/885 960/960/884
f 957/957/881 954/954/878 953/953/877
f 962/962/886 948/948/872 961/961/885
f 961/961/885 959/959/883 962/962/886
f 958/958/882 963/963/887 962/962/886
f 962/962/886 959/959/883 958/958/882
f 964/964/888 952/952/876 940/940/864
f 940/940/864 949/949/873 964/964/888
f 952/952/876 964/964/888 955/955/879
f 950/950/874 936/936/860 948/948/872
f 948/948/872 962/962/886 950/950/874
f 950/950/874 962/962/886 963/963/887
f 949/949/873 935/935/859 964/964/888
f 964/964/888 935/935/859 965/965/889
f 966/966/890 967/967/891 951/951/875
f 951/951/875 968/968/892 966/966/890
f 968/968/892 951/951/875 950/950/874
f 955/955/879 969/969/893 970/970/894
f 970/970/894 971/971/895 955/955/879
f 972/972/896 973/973/897 970/970/894
f 970/970/894 969/969/893 972/972/896
f 970/970/894 973/973/897 974/974/898
f 975/975/899 976/976/900 977/977/901
f 976/976/900 978/978/902 977/977/901
f 974/974/898 971/971/895 970/970/894
f 979/979/903 963/963/887 978/978/902
f 978/978/902 976/976/900 979/979/903
f 975/975/899 980/980/904 979/979/903
f 979/979/903 976/976/900 975/975/899
f 981/981/905 969/969/893 955/955/879
f 955/955/879 964/964/888 981/981/905
f 972/972/896 969/969/893 981/981/905
f 981/981/905 982/982/906 972/972/896
f 968/968/892 950/950/874 963/963/887
f 963/963/887 979/979/903 968/968/892
f 966/966/890 968/968/892 979/979/903
f 979/979/903 980/980/904 966/966/890
f 964/964/888 965/965/889 981/981/905
f 982/982/906 981/981/905 965/965/889
f 965/965/889 983/983/907 982/982/906
f 984/984/908 916/916/840 985/985/909
f 986/986/910 984/984/908 987/987/911
f 987/987/911 988/988/912 986/986/910
f 989/989/913 990/990/914 986/986/910
f 986/986/910 988/988/912 989/989/913
f 951/951/875 991/991/915 992/992/916
f 992/992/916 918/918/842 951/951/875
f 916/916/840 918/918/842 992/992/916
f 992/992/916 985/985/909 916/916/840
f 935/935/859 920/920/844 984/984/908
f 984/984/908 986/986/910 935/935/859
f 990/990/914 965/965/889 935/935/859
f 935/935/859 986/986/910 990/990/914
f 920/920/844 916/916/840 984/984/908
f 965/965/889 990/990/914 983/983/907
f 990/990/914 989/989/913 983/983/907
f 992/992/916 991/991/915 993/993/917
f 993/993/917 985/985/909 992/992/916
f 994/994/918 995/995/919 996/996/920
f 996/996/920 997/997/921 994/994/918
f 998/998/922 997/997/921 996/996/920
f 996/996/920 999/999/923 998/998/922
f 1000/1000/924 1001/1001/925 1002/1002/926
f 1002/1002/926 1003/1003/927 1000/1000/924
f 1004/1004/928 1005/1005/929 1003/1003/927
f 1003/1003/927 1002/1002/926 1004/1004/928
f 1003/1003/927 1005/1005/929 1006/1006/930
f 1007/1007/931 999/999/923 1008/1008/932
f 1009/1009/933 1010/1010/934 1011/1011/935
f 1010/1010/934 1000/1000/924 1011/1011/935
f 1006/1006/930 1000/1000/924 1003/1003/927
f 1012/1012/936 1013/1013/937 1014/1014/938
f 1014/1014/938 1001/1001/925 1012/1012/936
f 1015/1015/939 1013/1013/937 1012/1012/936
f 1012/1012/936 1016/1016/940 1015/1015/939
f 1017/1017/941 1018/1018/942 1014/1014/938
f 1014/1014/938 998/998/922 1017/1017/941
f 1019/1019/943 1018/1018/942 1017/1017/941
f 1017/1017/941 1020/1020/944 1019/1019/943
f 997/997/921 998/998/922 1014/1014/938
f 1014/1014/938 1013/1013/937 997/997/921
f 994/994/918 997/997/921 1013/1013/937
f 1013/1013/937 1015/1015/939 994/994/918
f 1017/1017/941 998/998/922 999/999/923
f 999/999/923 1007/1007/931 1017/1017/941
f 1020/1020/944 1017/1017/941 1007/1007/931
f 1007/1007/931 1021/1021/945 1020/1020/944
f 1010/1010/934 1012/1012/936 1001/1001/925
f 1001/1001/925 1000/1000/924 1010/1010/934
f 1016/1016/940 1012/1012/936 1010/1010/934
f 1010/1010/934 1009/1009/933 1016/1016/940
f 1018/1018/942 1002/1002/926 1001/1001/925
f 1001/1001/925 1014/1014/938 1018/1018/942
f 1004/1004/928 1002/1002/926 1018/1018/942
f 1018/1018/942 1019/1019/943 1004/1004/928
f 999/999/923 996/996/920 1022/1022/946
f 996/996/920 995/995/919 1022/1022/946
f 1008/1008/932 1021/1021/945 1007/1007/931
f 991/991/915 951/951/875 967/967/891
f 933/933/857 920/920/844 935/935/859
f 1023/1023/947 1024/1024/948 1025/1025/949
f 1025/1025/949 1026/1026/950 1023/1023/947
f 1027/1027/951 1026/1026/950 1025/1025/949
f 1025/1025/949 1028/1028/952 1027/1027/951
f 1029/1029/953 1030/1030/954 1031/1031/955
f 1031/1031/955 1032/1032/956 1029/1029/953
f 1033/1033/957 1034/1034/958 1032/1032/956
f 1032/1032/956 1031/1031/955 1033/1033/957
f 1032/1032/956 1034/1034/958 1035/1035/959
f 1036/1036/960 1028/1028/952 1037/1037/961
f 1038/1038/962 1039/1039/963 1040/1040/964
f 1039/1039/963 1029/1029/953 1040/1040/964
f 1035/1035/959 1029/1029/953 1032/1032/956
f 1041/1041/965 1042/1042/966 1043/1043/967
f 1043/1043/967 1030/1030/954 1041/1041/965
f 1044/1044/968 1042/1042/966 1041/1041/965
f 1041/1041/965 1045/1045/969 1044/1044/968
f 1046/1046/970 1047/1047/971 1043/1043/967
f 1043/1043/967 1027/1027/951 1046/1046/970
f 1048/1048/972 1047/1047/971 1046/1046/970
f 1046/1046/970 1049/1049/973 1048/1048/972
f 1026/1026/950 1027/1027/951 1043/1043/967
f 1043/1043/967 1042/1042/966 1026/1026/950
f 1023/1023/947 1026/1026/950 1042/1042/966
f 1042/1042/966 1044/1044/968 1023/1023/947
f 1046/1046/970 1027/1027/951 1028/1028/952
f 1028/1028/952 1036/1036/960 1046/1046/970
f 1049/1049/973 1046/1046/970 1036/1036/960
f 1036/1036/960 1050/1050/974 1049/1049/973
f 1039/1039/963 1041/1041/965 1030/1030/954
f 1030/1030/954 1029/1029/953 1039/1039/963
f 1045/1045/969 1041/1041/965 1039/1039/963
f 1039/1039/963 1038/1038/962 1045/1045/969
f 1047/1047/971 1031/1031/955 1030/1030/954
f 1030/1030/954 1043/1043/967 1047/1047/971
f 1033/1033/957 1031/1031/955 1047/1047/971
f 1047/1047/971 1048/1048/972 1033/1033/957
f 1028/1028/952 1025/1025/949 1051/1051/975
f 1025/1025/949 1024/1024/948 1051/1051/975
f 1037/1037/961 1050/1050/974 1036/1036/960
f 1052/1052/976 1053/1053/977 1054/1054/978
f 1054/1054/978 1055/1055/979 1052/1052/976
f 1056/1056/980 1055/1055/979 1054/1054/978
f 1054/1054/978 1057/1057/981 1056/1056/980
f 1058/1058/982 1059/1059/983 1060/1060/984
f 1060/1060/984 1061/1061/985 1058/1058/982
f 1062/1062/986 1063/1063/987 1061/1061/985
f 1061/1061/985 1060/1060/984 1062/1062/986
f 1061/1061/985 1063/1063/987 1064/1064/988
f 1065/1065/989 1057/1057/981 1066/1066/990
f 1067/1067/991 1068/1068/992 1069/1069/993
f 1068/1068/992 1058/1058/982 1069/1069/993
f 1064/1064/988 1058/1058/982 1061/1061/985
f 1070/1070/994 1071/1071/995 1072/1072/996
f 1072/1072/996 1059/1059/983 1070/1070/994
f 1073/1073/997 1071/1071/995 1070/1070/994
f 1070/1070/994 1074/1074/998 1073/1073/997
f 1075/1075/999 1076/1076/1000 1072/1072/996
f 1072/1072/996 1056/1056/980 1075/1075/999
f 1077/1077/1001 1076/1076/1000 1075/1075/999
f 1075/1075/999 1078/1078/1002 1077/1077/1001
f 1055/1055/979 1056/1056/980 1072/1072/996
f 1072/1072/996 1071/1071/995 1055/1055/979
f 1052/1052/976 1055/1055/979 1071/1071/995
f 1071/1071/995 1073/1073/997 1052/1052/976
f 1075/1075/999 1056/1056/980 1057/1057/981
f 1057/1057/981 1065/1065/989 1075/1075/999
f 1078/1078/1002 1075/1075/999 1065/1065/989
f 1065/1065/989 1079/1079/1003 1078/1078/1002
f 1068/1068/992 1070/1070/994 1059/1059/983
f 1059/1059/983 1058/1058/982 1068/1068/992
f 1074/1074/998 1070/1070/994 1068/1068/992
f 1068/1068/992 1067/1067/991 1074/1074/998
f 1076/1076/1000 1060/1060/984 1059/1059/983
f 1059/1059/983 1072/1072/996 1076/1076/1000
f 1062/1062/986 1060/1060/984 1076/1076/1000
f 1076/1076/1000 1077/1077/1001 1062/1062/986
f 1057/1057/981 1054/1054/978 1080/1080/1004
f 1054/1054/978 1053/1053/977 1080/1080/1004
f 1066/1066/990 1079/1079/1003 1065/1065/989
f 1081/1081/1005 1082/1082/1006 1083/1083/1007
f 1083/1083/1007 1084/1084/1008 1081/1081/1005
f 1085/1085/1009 1084/1084/1008 1083/1083/1007
f 1083/1083/1007 1086/1086/1010 1085/1085/1009
f 1087/1087/1011 1088/1088/1012 1089/1089/1013
f 1089/1089/1013 1090/1090/1014 1087/1087/1011
f 1091/1091/1015 1092/1092/1016 1089/1089/1013
f 1089/1089/1013 1088/1088/1012 1091/1091/1015
f 1089/1089/1013 1092/1092/1016 1093/1093/1017
f 1094/1094/1018 1086/1086/1010 1095/1095/1019
f 1096/1096/1020 1097/1097/1021 1098/1098/1022
f 1097/1097/1021 1090/1090/1014 1098/1098/1022
f 1093/1093/1017 1090/1090/1014 1089/1089/1013
f 1099/1099/1023 1100/1100/1024 1101/1101/1025
f 1101/1101/1025 1087/1087/1011 1099/1099/1023
f 1102/1102/1026 1100/1100/1024 1099/1099/1023
f 1099/1099/1023 1103/1103/1027 1102/1102/1026
f 1104/1104/1028 1105/1105/1029 1101/1101/1025
f 1101/1101/1025 1085/1085/1009 1104/1104/1028
f 1106/1106/1030 1105/1105/1029 1104/1104/1028
f 1104/1104/1028 1107/1107/1031 1106/1106/1030
f 1084/1084/1008 1085/1085/1009 1101/1101/1025
f 1101/1101/1025 1100/1100/1024 1084/1084/1008
f 1081/1081/1005 1084/1084/1008 1100/1100/1024
f 1100/1100/1024 1102/1102/1026 1081/1081/1005
f 1104/1104/1028 1085/1085/1009 1086/1086/1010
f 1086/1086/1010 1094/1094/1018 1104/1104/1028
f 1107/1107/1031 1104/1104/1028 1094/1094/1018
f 1094/1094/1018 1108/1108/1032 1107/1107/1031
f 1097/1097/1021 1099/1099/1023 1087/1087/1011
f 1087/1087/1011 1090/1090/1014 1097/1097/1021
f 1103/1103/1027 1099/1099/1023 1097/1097/1021
f 1097/1097/1021 1096/1096/1020 1103/1103/1027
f 1105/1105/1029 1088/1088/1012 1087/1087/1011
f 1087/1087/1011 1101/1101/1025 1105/1105/1029
f 1091/1091/1015 1088/1088/1012 1105/1105/1029
f 1105/1105/1029 1106/1106/1030 1091/1091/1015
f 1086/1086/1010 1083/1083/1007 1109/1109/1033
f 1083/1083/1007 1082/1082/1006 1109/1109/1033
f 1095/1095/1019 1108/1108/1032 1094/1094/1018
f 1110/1110/1034 1111/1111/1035 1112/1112/1036
f 1112/1112/1036 1113/1113/1037 1110/1110/1034
f 1114/1114/1038 1113/1113/1037 1112/1112/1036
f 1112/1112/1036 1115/1115/1039 1114/1114/1038
f 1116/1116/1040 1117/1117/1041 1118/1118/1042
f 1118/1118/1042 1119/1119/1043 1116/1116/1040
f 1120/1120/1044 1121/1121/1045 1122/1122/1046
f 1122/1122/1046 1123/1123/1047 1120/1120/1044
f 1124/1124/1048 1125/1125/1049 1126/1126/1050
f 1125/1125/1049 1127/1127/1051 1126/1126/1050
f 1127/1127/1051 1119/1119/1043 1126/1126/1050
f 1126/1126/1050 1119/1119/1043 1124/1124/1048
f 1128/1128/1052 1116/1116/1040 1119/1119/1043
f 1119/1119/1043 1127/1127/1051 1128/1128/1052
f 1121/1121/1045 1120/1120/1044 1128/1128/1052
f 1128/1128/1052 1127/1127/1051 1121/1121/1045
f 1129/1129/1053 1117/1117/1041 1116/1116/1040
f 1116/1116/1040 1114/1114/1038 1129/1129/1053
f 1120/1120/1044 1123/1123/1047 1130/1130/1054
f 1130/1130/1054 1110/1110/1034 1120/1120/1044
f 1113/1113/1037 1114/1114/1038 1116/1116/1040
f 1116/1116/1040 1128/1128/1052 1113/1113/1037
f 1110/1110/1034 1113/1113/1037 1128/1128/1052
f 1128/1128/1052 1120/1120/1044 1110/1110/1034
f 1129/1129/1053 1114/1114/1038 1115/1115/1039
f 1115/1115/1039 1131/1131/1055 1129/1129/1053
f 1110/1110/1034 1130/1130/1054 1132/1132/1056
f 1132/1132/1056 1111/1111/1035 1110/1110/1034
f 1133/1133/1057 1131/1131/1055 1115/1115/1039
f 1115/1115/1039 1134/1134/1058 1133/1133/1057
f 1135/1135/1059 1136/1136/1060 1137/1137/1061
f 1137/1137/1061 1138/1138/1062 1135/1135/1059
f 1139/1139/1063 1138/1138/1062 1137/1137/1061
f 1137/1137/1061 1140/1140/1064 1139/1139/1063
f 1141/1141/1065 1142/1142/1066 1143/1143/1067
f 1143/1143/1067 1144/1144/1068 1141/1141/1065
f 1145/1145/1069 1146/1146/1070 1143/1143/1067
f 1143/1143/1067 1142/1142/1066 1145/1145/1069
f 1143/1143/1067 1146/1146/1070 1147/1147/1071
f 1148/1148/1072 1140/1140/1064 1149/1149/1073
f 1150/1150/1074 1151/1151/1075 1152/1152/1076
f 1151/1151/1075 1144/1144/1068 1152/1152/1076
f 1147/1147/1071 1144/1144/1068 1143/1143/1067
f 1141/1141/1065 1153/1153/1077 1154/1154/1078
f 1154/1154/1078 1142/1142/1066 1141/1141/1065
f 1155/1155/1079 1156/1156/1080 1157/1157/1081
f 1157/1157/1081 1154/1154/1078 1155/1155/1079
f 1158/1158/1082 1159/1159/1083 1153/1153/1077
f 1153/1153/1077 1141/1141/1065 1158/1158/1082
f 1158/1158/1082 1160/1160/1084 1161/1161/1085
f 1161/1161/1085 1159/1159/1083 1158/1158/1082
f 1155/1155/1079 1139/1139/1063 1140/1140/1064
f 1140/1140/1064 1148/1148/1072 1155/1155/1079
f 1156/1156/1080 1155/1155/1079 1148/1148/1072
f 1148/1148/1072 1162/1162/1086 1156/1156/1080
f 1151/1151/1075 1158/1158/1082 1141/1141/1065
f 1141/1141/1065 1144/1144/1068 1151/1151/1075
f 1160/1160/1084 1158/1158/1082 1151/1151/1075
f 1151/1151/1075 1150/1150/1074 1160/1160/1084
f 1140/1140/1064 1137/1137/1061 1163/1163/1087
f 1137/1137/1061 1136/1136/1060 1163/1163/1087
f 1149/1149/1073 1162/1162/1086 1148/1148/1072
f 1153/1153/1077 1139/1139/1063 1155/1155/1079
f 1155/1155/1079 1154/1154/1078 1153/1153/1077
f 1145/1145/1069 1142/1142/1066 1154/1154/1078
f 1154/1154/1078 1157/1157/1081 1145/1145/1069
f 1138/1138/1062 1139/1139/1063 1153/1153/1077
f 1153/1153/1077 1159/1159/1083 1138/1138/1062
f 1161/1161/1085 1135/1135/1059 1138/1138/1062
f 1138/1138/1062 1159/1159/1083 1161/1161/1085
f 1164/1164/1088 1166/1165/1089 1165/1166/1090
f 1167/1167/1091 1168/1168/1092 1166/1165/1089
f 1168/1168/1092 1170/1169/1093 1169/1170/1094
f 1170/1169/1093 1168/1168/1092 1167/1167/1091
f 1171/1171/1095 1173/1172/1096 1172/1173/1097
f 1165/1166/1090 1166/1165/1089 1171/1171/1095
f 1174/1174/1098 1176/1175/1099 1175/1176/1100
f 1176/1175/1099 1174/1174/1098 1171/1171/1095
f 1166/1165/1089 1176/1175/1099 1171/1171/1095
f 1176/1175/1099 1166/1165/1089 1177/1177/1101
f 1167/1167/1091 1179/1178/1102 1178/1179/1103
f 1179/1178/1102 1167/1167/1091 1164/1164/1088
f 1167/1167/1091 1180/1180/1104 1170/1169/1093
f 1180/1180/1104 1167/1167/1091 1178/1179/1103
f 1164/1164/1088 1167/1167/1091 1166/1165/1089
f 1165/1166/1090 1179/1178/1102 1164/1164/1088
f 1179/1178/1102 1165/1166/1090 1181/1181/1105
f 1182/1182/1106 1180/1180/1104 1183/1183/1107
f 1180/1180/1104 1182/1182/1106 1170/1169/1093
f 1178/1179/1103 1179/1178/1102 1181/1181/1105
f 1178/1179/1103 1181/1181/1105 1184/1184/1108
f 1185/1185/1109 1181/1181/1105 1172/1173/1097
f 1186/1186/1110 1172/1173/1097 1173/1172/1096
f 1165/1166/1090 1171/1171/1095 1172/1173/1097
f 1170/1169/1093 1182/1182/1106 1169/1170/1094
f 1173/1172/1096 1171/1171/1095 1174/1174/1098
f 1178/1179/1103 1183/1183/1107 1180/1180/1104
f 1166/1165/1089 1187/1187/1111 1177/1177/1101
f 1187/1187/1111 1166/1165/1089 1168/1168/1092
f 1188/1188/1112 1168/1168/1092 1169/1170/1094
f 1168/1168/1092 1188/1188/1112 1187/1187/1111
f 1172/1173/1097 1181/1181/1105 1165/1166/1090
f 1172/1173/1097 1186/1186/1110 1185/1185/1109
f 1184/1184/1108 1183/1183/1107 1178/1179/1103
f 1189/1189/1113 1191/1190/1114 1190/1191/1115
f 1192/1192/1116 1191/1190/1114 1189/1189/1113
f 1193/1193/1117 1192/1192/1116 1194/1194/1118
f 1195/1195/1119 1197/1196/1120 1196/1197/1121
f 1190/1191/1115 1191/1190/1114 1195/1195/1119
f 1198/1198/1122 1187/1187/1111 1188/1188/1112
f 1187/1187/1111 1198/1198/1122 1195/1195/1119
f 1191/1190/1114 1187/1187/1111 1195/1195/1119
f 1187/1187/1111 1191/1190/1114 1177/1177/1101
f 1199/1199/1123 1194/1194/1118 1200/1200/1124
f 1201/1201/1125 1194/1194/1118 1199/1199/1123
f 1190/1191/1115 1200/1200/1124 1189/1189/1113
f 1200/1200/1124 1190/1191/1115 1202/1202/1126
f 1197/1196/1120 1204/1203/1127 1203/1204/1128
f 1204/1203/1127 1197/1196/1120 1205/1205/1129
f 1199/1199/1123 1200/1200/1124 1202/1202/1126
f 1199/1199/1123 1202/1202/1126 1206/1206/1130
f 1206/1206/1130 1202/1202/1126 1196/1197/1121
f 1203/1204/1128 1196/1197/1121 1197/1196/1120
f 1190/1191/1115 1195/1195/1119 1196/1197/1121
f 1205/1205/1129 1197/1196/1120 1198/1198/1122
f 1197/1196/1120 1195/1195/1119 1198/1198/1122
f 1207/1207/1131 1203/1204/1128 1204/1203/1127
f 1191/1190/1114 1176/1175/1099 1177/1177/1101
f 1176/1175/1099 1191/1190/1114 1192/1192/1116
f 1175/1176/1100 1192/1192/1116 1208/1208/1132
f 1192/1192/1116 1175/1176/1100 1176/1175/1099
f 1196/1197/1121 1202/1202/1126 1190/1191/1115
f 1196/1197/1121 1203/1204/1128 1206/1206/1130
f 1206/1206/1130 1203/1204/1128 1207/1207/1131
f 1201/1201/1125 1193/1193/1117 1194/1194/1118
f 1194/1194/1118 1189/1189/1113 1200/1200/1124
f 1189/1189/1113 1194/1194/1118 1192/1192/1116
f 1193/1193/1117 1208/1208/1132 1192/1192/1116
f 1209/1209/1133 1211/1210/1134 1210/1211/1135
f 1212/1212/1136 1213/1213/1137 1211/1210/1134
f 1213/1213/1137 1215/1214/1138 1214/1215/1139
f 1215/1214/1138 1213/1213/1137 1212/1212/1136
f 1216/1216/1140 1218/1217/1141 1217/1218/1142
f 1219/1219/1143 1216/1216/1140 1220/1220/1144
f 1216/1216/1140 1219/1219/1143 1221/1221/1145
f 1222/1222/1146 1224/1223/1147 1223/1224/1148
f 1224/1223/1147 1222/1222/1146 1225/1225/1149
f 1226/1226/1150 1222/1222/1146 1227/1227/1151
f 1222/1222/1146 1226/1226/1150 1225/1225/1149
f 1228/1228/1152 1230/1229/1153 1229/1230/1154
f 1230/1229/1153 1228/1228/1152 1231/1231/1155
f 1230/1229/1153 1232/1232/1156 1229/1230/1154
f 1232/1232/1156 1230/1229/1153 1224/1223/1147
f 1232/1232/1156 1225/1225/1149 1233/1233/1157
f 1225/1225/1149 1232/1232/1156 1224/1223/1147
f 1226/1226/1150 1233/1233/1157 1225/1225/1149
f 1233/1233/1157 1226/1226/1150 1234/1234/1158
f 1212/1212/1136 1236/1235/1159 1235/1236/1160
f 1236/1235/1159 1212/1212/1136 1209/1209/1133
f 1212/1212/1136 1237/1237/1161 1215/1214/1138
f 1237/1237/1161 1212/1212/1136 1235/1236/1160
f 1209/1209/1133 1212/1212/1136 1211/1210/1134
f 1210/1211/1135 1236/1235/1159 1209/1209/1133
f 1236/1235/1159 1210/1211/1135 1238/1238/1162
f 1218/1217/1141 1237/1237/1161 1239/1239/1163
f 1237/1237/1161 1218/1217/1141 1215/1214/1138
f 1240/1240/1164 1242/1241/1165 1241/1242/1166
f 1243/1243/1167 1245/1244/1168 1244/1245/1169
f 1246/1246/1170 1247/1247/1171 1243/1243/1167
f 1248/1248/1172 1244/1245/1169 1245/1244/1168
f 1249/1249/1173 1250/1250/1174 1241/1242/1166
f 1247/1247/1171 1245/1244/1168 1243/1243/1167
f 1251/1251/1175 1248/1248/1172 1245/1244/1168
f 1244/1245/1169 1248/1248/1172 1241/1242/1166
f 1235/1236/1160 1236/1235/1159 1252/1252/1176
f 1239/1239/1163 1235/1236/1160 1252/1252/1176
f 1251/1251/1175 1245/1244/1168 1253/1253/1177
f 1245/1244/1168 1247/1247/1171 1253/1253/1177
f 1248/1248/1172 1249/1249/1173 1241/1242/1166
f 1239/1239/1163 1217/1218/1142 1218/1217/1141
f 1220/1220/1144 1216/1216/1140 1217/1218/1142
f 1215/1214/1138 1218/1217/1141 1214/1215/1139
f 1216/1216/1140 1214/1215/1139 1218/1217/1141
f 1214/1215/1139 1216/1216/1140 1221/1221/1145
f 1235/1236/1160 1239/1239/1163 1237/1237/1161
f 1239/1239/1163 1252/1252/1176 1217/1218/1142
f 1254/1254/1178 1231/1231/1155 1255/1255/1179
f 1231/1231/1155 1254/1254/1178 1230/1229/1153
f 1254/1254/1178 1214/1215/1139 1223/1224/1148
f 1214/1215/1139 1254/1254/1178 1213/1213/1137
f 1217/1218/1142 1256/1256/1180 1220/1220/1144
f 1250/1250/1174 1240/1240/1164 1241/1242/1166
f 1241/1242/1166 1232/1232/1156 1244/1245/1169
f 1232/1232/1156 1241/1242/1166 1229/1230/1154
f 1242/1241/1165 1229/1230/1154 1241/1242/1166
f 1229/1230/1154 1242/1241/1165 1228/1228/1152
f 1243/1243/1167 1234/1234/1158 1246/1246/1170
f 1234/1234/1158 1243/1243/1167 1233/1233/1157
f 1232/1232/1156 1243/1243/1167 1244/1245/1169
f 1243/1243/1167 1232/1232/1156 1233/1233/1157
f 1257/1257/1181 1259/1258/1182 1258/1259/1183
f 1260/1260/1184 1261/1261/1185 1259/1258/1182
f 1262/1262/1186 1264/1263/1187 1263/1264/1188
f 1264/1263/1187 1262/1262/1186 1265/1265/1189
f 1266/1266/1190 1268/1267/1191 1267/1268/1192
f 1259/1258/1182 1266/1266/1190 1258/1259/1183
f 1266/1266/1190 1259/1258/1182 1269/1269/1193
f 1263/1264/1188 1271/1270/1194 1270/1271/1195
f 1271/1270/1194 1263/1264/1188 1269/1269/1193
f 1259/1258/1182 1271/1270/1194 1269/1269/1193
f 1271/1270/1194 1259/1258/1182 1272/1272/1196
f 1273/1273/1197 1275/1274/1198 1274/1275/1199
f 1275/1274/1198 1273/1273/1197 1276/1276/1200
f 1277/1277/1201 1279/1278/1202 1278/1279/1203
f 1279/1278/1202 1277/1277/1201 1270/1271/1195
f 1280/1280/1204 1279/1278/1202 1281/1281/1205
f 1279/1278/1202 1280/1280/1204 1282/1282/1206
f 1276/1276/1200 1280/1280/1204 1281/1281/1205
f 1280/1280/1204 1276/1276/1200 1273/1273/1197
f 1260/1260/1184 1284/1283/1207 1283/1284/1208
f 1284/1283/1207 1260/1260/1184 1257/1257/1181
f 1265/1265/1189 1285/1285/1209 1264/1263/1187
f 1285/1285/1209 1265/1265/1189 1286/1286/1210
f 1257/1257/1181 1260/1260/1184 1259/1258/1182
f 1258/1259/1183 1284/1283/1207 1257/1257/1181
f 1284/1283/1207 1258/1259/1183 1287/1287/1211
f 1268/1267/1191 1285/1285/1209 1288/1288/1212
f 1285/1285/1209 1268/1267/1191 1264/1263/1187
f 1289/1289/1213 1273/1273/1197 1274/1275/1199
f 1280/1280/1204 1290/1290/1214 1282/1282/1206
f 1273/1273/1197 1289/1289/1213 1280/1280/1204
f 1291/1291/1215 1282/1282/1206 1290/1290/1214
f 1292/1292/1216 1293/1293/1217 1274/1275/1199
f 1289/1289/1213 1290/1290/1214 1280/1280/1204
f 1294/1294/1218 1291/1291/1215 1290/1290/1214
f 1295/1295/1219 1294/1294/1218 1296/1296/1220
f 1294/1294/1218 1295/1295/1219 1291/1291/1215
f 1282/1282/1206 1291/1291/1215 1297/1297/1221
f 1298/1298/1222 1300/1299/1223 1299/1300/1224
f 1301/1301/1225 1298/1298/1222 1299/1300/1224
f 1294/1294/1218 1290/1290/1214 1293/1293/1217
f 1290/1290/1214 1289/1289/1213 1293/1293/1217
f 1291/1291/1215 1295/1295/1219 1297/1297/1221
f 1288/1288/1212 1267/1268/1192 1268/1267/1191
f 1258/1259/1183 1266/1266/1190 1267/1268/1192
f 1264/1263/1187 1268/1267/1191 1263/1264/1188
f 1266/1266/1190 1263/1264/1188 1268/1267/1191
f 1263/1264/1188 1266/1266/1190 1269/1269/1193
f 1298/1298/1222 1301/1301/1225 1302/1302/1226
f 1301/1301/1225 1299/1300/1224 1303/1303/1227
f 1259/1258/1182 1304/1304/1228 1272/1272/1196
f 1304/1304/1228 1259/1258/1182 1261/1261/1185
f 1270/1271/1195 1262/1262/1186 1263/1264/1188
f 1262/1262/1186 1270/1271/1195 1277/1277/1201
f 1267/1268/1192 1287/1287/1211 1258/1259/1183
f 1293/1293/1217 1289/1289/1213 1274/1275/1199
f 1221/1221/1145 1223/1224/1148 1214/1215/1139
f 1223/1224/1148 1221/1221/1145 1222/1222/1146
f 1227/1227/1151 1221/1221/1145 1219/1219/1143
f 1221/1221/1145 1227/1227/1151 1222/1222/1146
f 1213/1213/1137 1255/1255/1179 1211/1210/1134
f 1255/1255/1179 1213/1213/1137 1254/1254/1178
f 1254/1254/1178 1224/1223/1147 1230/1229/1153
f 1224/1223/1147 1254/1254/1178 1223/1224/1148
f 1275/1274/1198 1272/1272/1196 1304/1304/1228
f 1272/1272/1196 1275/1274/1198 1276/1276/1200
f 1278/1279/1203 1282/1282/1206 1297/1297/1221
f 1282/1282/1206 1278/1279/1203 1279/1278/1202
f 1271/1270/1194 1279/1278/1202 1270/1271/1195
f 1279/1278/1202 1271/1270/1194 1281/1281/1205
f 1272/1272/1196 1281/1281/1205 1271/1270/1194
f 1281/1281/1205 1272/1272/1196 1276/1276/1200
f 1305/1305/1229 1307/1306/1230 1306/1307/1231
f 1308/1308/1232 1305/1305/1229 1306/1307/1231
f 1305/1305/1229 1308/1308/1232 1309/1309/1233
f 1310/1310/1234 1312/1311/1235 1311/1312/1236
f 1312/1311/1235 1310/1310/1234 1313/1313/1237
f 1314/1314/1238 1312/1311/1235 1315/1315/1239
f 1312/1311/1235 1314/1314/1238 1311/1312/1236
f 1312/1311/1235 1316/1316/1240 1315/1315/1239
f 1317/1317/1241 1319/1318/1242 1318/1319/1243
f 1318/1319/1243 1319/1318/1242 1313/1313/1237
f 1316/1316/1240 1312/1311/1235 1313/1313/1237
f 1320/1320/1244 1313/1313/1237 1310/1310/1234
f 1313/1313/1237 1320/1320/1244 1318/1319/1243
f 1317/1317/1241 1320/1320/1244 1321/1321/1245
f 1320/1320/1244 1317/1317/1241 1318/1319/1243
f 1322/1322/1246 1310/1310/1234 1311/1312/1236
f 1310/1310/1234 1322/1322/1246 1308/1308/1232
f 1314/1314/1238 1322/1322/1246 1311/1312/1236
f 1322/1322/1246 1314/1314/1238 1323/1323/1247
f 1306/1307/1231 1310/1310/1234 1308/1308/1232
f 1310/1310/1234 1306/1307/1231 1320/1320/1244
f 1306/1307/1231 1321/1321/1245 1320/1320/1244
f 1308/1308/1232 1322/1322/1246 1309/1309/1233
f 1322/1322/1246 1323/1323/1247 1324/1324/1248
f 1306/1307/1231 1307/1306/1230 1325/1325/1249
f 1314/1314/1238 1327/1326/1250 1326/1327/1251
f 1327/1326/1250 1314/1314/1238 1328/1328/1252
f 1329/1329/1253 1327/1326/1250 1330/1330/1254
f 1327/1326/1250 1329/1329/1253 1326/1327/1251
f 1327/1326/1250 1331/1331/1255 1330/1330/1254
f 1332/1332/1256 1334/1333/1257 1333/1334/1258
f 1333/1334/1258 1334/1333/1257 1335/1335/1259
f 1331/1331/1255 1327/1326/1250 1328/1328/1252
f 1336/1336/1260 1335/1335/1259 1321/1321/1245
f 1335/1335/1259 1336/1336/1260 1333/1334/1258
f 1332/1332/1256 1336/1336/1260 1337/1337/1261
f 1336/1336/1260 1332/1332/1256 1333/1334/1258
f 1314/1314/1238 1326/1327/1251 1323/1323/1247
f 1329/1329/1253 1323/1323/1247 1326/1327/1251
f 1323/1323/1247 1329/1329/1253 1338/1338/1262
f 1306/1307/1231 1336/1336/1260 1321/1321/1245
f 1325/1325/1249 1336/1336/1260 1306/1307/1231
f 1336/1336/1260 1325/1325/1249 1337/1337/1261
f 1323/1323/1247 1338/1338/1262 1324/1324/1248
f 1307/1306/1230 1340/1339/1263 1339/1340/1264
f 1339/1340/1264 1325/1325/1249 1307/1306/1230
f 1329/1329/1253 1342/1341/1265 1341/1342/1266
f 1342/1341/1265 1329/1329/1253 1343/1343/1267
f 1344/1344/1268 1342/1341/1265 1345/1345/1269
f 1342/1341/1265 1344/1344/1268 1341/1342/1266
f 1342/1341/1265 1346/1346/1270 1345/1345/1269
f 1347/1347/1271 1349/1348/1272 1348/1349/1273
f 1348/1349/1273 1349/1348/1272 1350/1350/1274
f 1346/1346/1270 1342/1341/1265 1343/1343/1267
f 1351/1351/1275 1350/1350/1274 1337/1337/1261
f 1350/1350/1274 1351/1351/1275 1348/1349/1273
f 1347/1347/1271 1351/1351/1275 1352/1352/1276
f 1351/1351/1275 1347/1347/1271 1348/1349/1273
f 1353/1353/1277 1329/1329/1253 1341/1342/1266
f 1329/1329/1253 1353/1353/1277 1338/1338/1262
f 1341/1342/1266 1344/1344/1268 1353/1353/1277
f 1339/1340/1264 1337/1337/1261 1325/1325/1249
f 1337/1337/1261 1339/1340/1264 1351/1351/1275
f 1339/1340/1264 1352/1352/1276 1351/1351/1275
f 1338/1338/1262 1353/1353/1277 1324/1324/1248
f 1353/1353/1277 1354/1354/1278 1324/1324/1248
f 1355/1355/1279 1340/1339/1263 1356/1356/1280
f 1340/1339/1263 1355/1355/1279 1357/1357/1281
f 1357/1357/1281 1339/1340/1264 1340/1339/1263
f 1344/1344/1268 1359/1358/1282 1358/1359/1283
f 1359/1358/1282 1344/1344/1268 1360/1360/1284
f 1361/1361/1285 1359/1358/1282 1362/1362/1286
f 1359/1358/1282 1361/1361/1285 1358/1359/1283
f 1359/1358/1282 1363/1363/1287 1362/1362/1286
f 1364/1364/1288 1366/1365/1289 1365/1366/1290
f 1365/1366/1290 1366/1365/1289 1367/1367/1291
f 1363/1363/1287 1359/1358/1282 1360/1360/1284
f 1368/1368/1292 1367/1367/1291 1352/1352/1276
f 1367/1367/1291 1368/1368/1292 1365/1366/1290
f 1364/1364/1288 1368/1368/1292 1369/1369/1293
f 1368/1368/1292 1364/1364/1288 1365/1366/1290
f 1370/1370/1294 1344/1344/1268 1358/1359/1283
f 1344/1344/1268 1370/1370/1294 1353/1353/1277
f 1361/1361/1285 1370/1370/1294 1358/1359/1283
f 1370/1370/1294 1361/1361/1285 1371/1371/1295
f 1357/1357/1281 1352/1352/1276 1339/1340/1264
f 1352/1352/1276 1357/1357/1281 1368/1368/1292
f 1355/1355/1279 1368/1368/1292 1357/1357/1281
f 1368/1368/1292 1355/1355/1279 1369/1369/1293
f 1353/1353/1277 1370/1370/1294 1354/1354/1278
f 1371/1371/1295 1354/1354/1278 1370/1370/1294
f 1354/1354/1278 1371/1371/1295 1372/1372/1296
f 1373/1373/1297 1374/1374/1298 1305/1305/1229
f 1375/1375/1299 1376/1376/1300 1373/1373/1297
f 1376/1376/1300 1375/1375/1299 1377/1377/1301
f 1378/1378/1302 1375/1375/1299 1379/1379/1303
f 1375/1375/1299 1378/1378/1302 1377/1377/1301
f 1340/1339/1263 1381/1380/1304 1380/1381/1305
f 1381/1380/1304 1340/1339/1263 1307/1306/1230
f 1305/1305/1229 1381/1380/1304 1307/1306/1230
f 1381/1380/1304 1305/1305/1229 1374/1374/1298
f 1324/1324/1248 1373/1373/1297 1309/1309/1233
f 1373/1373/1297 1324/1324/1248 1375/1375/1299
f 1379/1379/1303 1324/1324/1248 1354/1354/1278
f 1324/1324/1248 1379/1379/1303 1375/1375/1299
f 1309/1309/1233 1373/1373/1297 1305/1305/1229
f 1354/1354/1278 1372/1372/1296 1379/1379/1303
f 1379/1379/1303 1372/1372/1296 1378/1378/1302
f 1381/1380/1304 1382/1382/1306 1380/1381/1305
f 1382/1382/1306 1381/1380/1304 1374/1374/1298
f 1383/1383/1307 1385/1384/1308 1384/1385/1309
f 1385/1384/1308 1383/1383/1307 1386/1386/1310
f 1387/1387/1311 1385/1384/1308 1386/1386/1310
f 1385/1384/1308 1387/1387/1311 1388/1388/1312
f 1389/1389/1313 1391/1390/1314 1390/1391/1315
f 1391/1390/1314 1389/1389/1313 1392/1392/1316
f 1393/1393/1317 1392/1392/1316 1394/1394/1318
f 1392/1392/1316 1393/1393/1317 1391/1390/1314
f 1392/1392/1316 1395/1395/1319 1394/1394/1318
f 1396/1396/1320 1397/1397/1321 1388/1388/1312
f 1398/1398/1322 1400/1399/1323 1399/1400/1324
f 1399/1400/1324 1400/1399/1323 1389/1389/1313
f 1395/1395/1319 1392/1392/1316 1389/1389/1313
f 1401/1401/1325 1403/1402/1326 1402/1403/1327
f 1403/1402/1326 1401/1401/1325 1390/1391/1315
f 1404/1404/1328 1401/1401/1325 1402/1403/1327
f 1401/1401/1325 1404/1404/1328 1405/1405/1329
f 1406/1406/1330 1403/1402/1326 1407/1407/1331
f 1403/1402/1326 1406/1406/1330 1387/1387/1311
f 1408/1408/1332 1406/1406/1330 1407/1407/1331
f 1406/1406/1330 1408/1408/1332 1409/1409/1333
f 1386/1386/1310 1403/1402/1326 1387/1387/1311
f 1403/1402/1326 1386/1386/1310 1402/1403/1327
f 1383/1383/1307 1402/1403/1327 1386/1386/1310
f 1402/1403/1327 1383/1383/1307 1404/1404/1328
f 1406/1406/1330 1388/1388/1312 1387/1387/1311
f 1388/1388/1312 1406/1406/1330 1396/1396/1320
f 1409/1409/1333 1396/1396/1320 1406/1406/1330
f 1396/1396/1320 1409/1409/1333 1410/1410/1334
f 1399/1400/1324 1390/1391/1315 1401/1401/1325
f 1390/1391/1315 1399/1400/1324 1389/1389/1313
f 1405/1405/1329 1399/1400/1324 1401/1401/1325
f 1399/1400/1324 1405/1405/1329 1398/1398/1322
f 1407/1407/1331 1390/1391/1315 1391/1390/1314
f 1390/1391/1315 1407/1407/1331 1403/1402/1326
f 1393/1393/1317 1407/1407/1331 1391/1390/1314
f 1407/1407/1331 1393/1393/1317 1408/1408/1332
f 1388/1388/1312 1411/1411/1335 1385/1384/1308
f 1385/1384/1308 1411/1411/1335 1384/1385/1309
f 1397/1397/1321 1396/1396/1320 1410/1410/1334
f 1380/1381/1305 1356/1356/1280 1340/1339/1263
f 1322/1322/1246 1324/1324/1248 1309/1309/1233
f 1412/1412/1336 1414/1413/1337 1413/1414/1338
f 1414/1413/1337 1412/1412/1336 1415/1415/1339
f 1416/1416/1340 1414/1413/1337 1415/1415/1339
f 1414/1413/1337 1416/1416/1340 1417/1417/1341
f 1418/1418/1342 1420/1419/1343 1419/1420/1344
f 1420/1419/1343 1418/1418/1342 1421/1421/1345
f 1422/1422/1346 1421/1421/1345 1423/1423/1347
f 1421/1421/1345 1422/1422/1346 1420/1419/1343
f 1421/1421/1345 1424/1424/1348 1423/1423/1347
f 1425/1425/1349 1426/1426/1350 1417/1417/1341
f 1427/1427/1351 1429/1428/1352 1428/1429/1353
f 1428/1429/1353 1429/1428/1352 1418/1418/1342
f 1424/1424/1348 1421/1421/1345 1418/1418/1342
f 1430/1430/1354 1432/1431/1355 1431/1432/1356
f 1432/1431/1355 1430/1430/1354 1419/1420/1344
f 1433/1433/1357 1430/1430/1354 1431/1432/1356
f 1430/1430/1354 1433/1433/1357 1434/1434/1358
f 1435/1435/1359 1432/1431/1355 1436/1436/1360
f 1432/1431/1355 1435/1435/1359 1416/1416/1340
f 1437/1437/1361 1435/1435/1359 1436/1436/1360
f 1435/1435/1359 1437/1437/1361 1438/1438/1362
f 1415/1415/1339 1432/1431/1355 1416/1416/1340
f 1432/1431/1355 1415/1415/1339 1431/1432/1356
f 1412/1412/1336 1431/1432/1356 1415/1415/1339
f 1431/1432/1356 1412/1412/1336 1433/1433/1357
f 1435/1435/1359 1417/1417/1341 1416/1416/1340
f 1417/1417/1341 1435/1435/1359 1425/1425/1349
f 1438/1438/1362 1425/1425/1349 1435/1435/1359
f 1425/1425/1349 1438/1438/1362 1439/1439/1363
f 1428/1429/1353 1419/1420/1344 1430/1430/1354
f 1419/1420/1344 1428/1429/1353 1418/1418/1342
f 1434/1434/1358 1428/1429/1353 1430/1430/1354
f 1428/1429/1353 1434/1434/1358 1427/1427/1351
f 1436/1436/1360 1419/1420/1344 1420/1419/1343
f 1419/1420/1344 1436/1436/1360 1432/1431/1355
f 1422/1422/1346 1436/1436/1360 1420/1419/1343
f 1436/1436/1360 1422/1422/1346 1437/1437/1361
f 1417/1417/1341 1440/1440/1364 1414/1413/1337
f 1414/1413/1337 1440/1440/1364 1413/1414/1338
f 1426/1426/1350 1425/1425/1349 1439/1439/1363
f 1441/1441/1365 1443/1442/1366 1442/1443/1367
f 1443/1442/1366 1441/1441/1365 1444/1444/1368
f 1445/1445/1369 1443/1442/1366 1444/1444/1368
f 1443/1442/1366 1445/1445/1369 1446/1446/1370
f 1447/1447/1371 1449/1448/1372 1448/1449/1373
f 1449/1448/1372 1447/1447/1371 1450/1450/1374
f 1451/1451/1375 1450/1450/1374 1452/1452/1376
f 1450/1450/1374 1451/1451/1375 1449/1448/1372
f 1450/1450/1374 1453/1453/1377 1452/1452/1376
f 1454/1454/1378 1455/1455/1379 1446/1446/1370
f 1456/1456/1380 1458/1457/1381 1457/1458/1382
f 1457/1458/1382 1458/1457/1381 1447/1447/1371
f 1453/1453/1377 1450/1450/1374 1447/1447/1371
f 1459/1459/1383 1461/1460/1384 1460/1461/1385
f 1461/1460/1384 1459/1459/1383 1448/1449/1373
f 1462/1462/1386 1459/1459/1383 1460/1461/1385
f 1459/1459/1383 1462/1462/1386 1463/1463/1387
f 1464/1464/1388 1461/1460/1384 1465/1465/1389
f 1461/1460/1384 1464/1464/1388 1445/1445/1369
f 1466/1466/1390 1464/1464/1388 1465/1465/1389
f 1464/1464/1388 1466/1466/1390 1467/1467/1391
f 1444/1444/1368 1461/1460/1384 1445/1445/1369
f 1461/1460/1384 1444/1444/1368 1460/1461/1385
f 1441/1441/1365 1460/1461/1385 1444/1444/1368
f 1460/1461/1385 1441/1441/1365 1462/1462/1386
f 1464/1464/1388 1446/1446/1370 1445/1445/1369
f 1446/1446/1370 1464/1464/1388 1454/1454/1378
f 1467/1467/1391 1454/1454/1378 1464/1464/1388
f 1454/1454/1378 1467/1467/1391 1468/1468/1392
f 1457/1458/1382 1448/1449/1373 1459/1459/1383
f 1448/1449/1373 1457/1458/1382 1447/1447/1371
f 1463/1463/1387 1457/1458/1382 1459/1459/1383
f 1457/1458/1382 1463/1463/1387 1456/1456/1380
f 1465/1465/1389 1448/1449/1373 1449/1448/1372
f 1448/1449/1373 1465/1465/1389 1461/1460/1384
f 1451/1451/1375 1465/1465/1389 1449/1448/1372
f 1465/1465/1389 1451/1451/1375 1466/1466/1390
f 1446/1446/1370 1469/1469/1393 1443/1442/1366
f 1443/1442/1366 1469/1469/1393 1442/1443/1367
f 1455/1455/1379 1454/1454/1378 1468/1468/1392
f 1470/1470/1394 1472/1471/1395 1471/1472/1396
f 1472/1471/1395 1470/1470/1394 1473/1473/1397
f 1474/1474/1398 1472/1471/1395 1473/1473/1397
f 1472/1471/1395 1474/1474/1398 1475/1475/1399
f 1476/1476/1400 1478/1477/1401 1477/1478/1402
f 1478/1477/1401 1476/1476/1400 1479/1479/1403
f 1480/1480/1404 1478/1477/1401 1481/1481/1405
f 1478/1477/1401 1480/1480/1404 1477/1478/1402
f 1478/1477/1401 1482/1482/1406 1481/1481/1405
f 1483/1483/1407 1484/1484/1408 1475/1475/1399
f 1485/1485/1409 1487/1486/1410 1486/1487/1411
f 1486/1487/1411 1487/1486/1410 1479/1479/1403
f 1482/1482/1406 1478/1477/1401 1479/1479/1403
f 1488/1488/1412 1490/1489/1413 1489/1490/1414
f 1490/1489/1413 1488/1488/1412 1476/1476/1400
f 1491/1491/1415 1488/1488/1412 1489/1490/1414
f 1488/1488/1412 1491/1491/1415 1492/1492/1416
f 1493/1493/1417 1490/1489/1413 1494/1494/1418
f 1490/1489/1413 1493/1493/1417 1474/1474/1398
f 1495/1495/1419 1493/1493/1417 1494/1494/1418
f 1493/1493/1417 1495/1495/1419 1496/1496/1420
f 1473/1473/1397 1490/1489/1413 1474/1474/1398
f 1490/1489/1413 1473/1473/1397 1489/1490/1414
f 1470/1470/1394 1489/1490/1414 1473/1473/1397
f 1489/1490/1414 1470/1470/1394 1491/1491/1415
f 1493/1493/1417 1475/1475/1399 1474/1474/1398
f 1475/1475/1399 1493/1493/1417 1483/1483/1407
f 1496/1496/1420 1483/1483/1407 1493/1493/1417
f 1483/1483/1407 1496/1496/1420 1497/1497/1421
f 1486/1487/1411 1476/1476/1400 1488/1488/1412
f 1476/1476/1400 1486/1487/1411 1479/1479/1403
f 1492/1492/1416 1486/1487/1411 1488/1488/1412
f 1486/1487/1411 1492/1492/1416 1485/1485/1409
f 1494/1494/1418 1476/1476/1400 1477/1478/1402
f 1476/1476/1400 1494/1494/1418 1490/1489/1413
f 1480/1480/1404 1494/1494/1418 1477/1478/1402
f 1494/1494/1418 1480/1480/1404 1495/1495/1419
f 1475/1475/1399 1498/1498/1422 1472/1471/1395
f 1472/1471/1395 1498/1498/1422 1471/1472/1396
f 1484/1484/1408 1483/1483/1407 1497/1497/1421
f 1499/1499/1423 1501/1500/1424 1500/1501/1425
f 1501/1500/1424 1499/1499/1423 1502/1502/1426
f 1503/1503/1427 1501/1500/1424 1502/1502/1426
f 1501/1500/1424 1503/1503/1427 1504/1504/1428
f 1505/1505/1429 1507/1506/1430 1506/1507/1431
f 1507/1506/1430 1505/1505/1429 1508/1508/1432
f 1509/1509/1433 1511/1510/1434 1510/1511/1435
f 1511/1510/1434 1509/1509/1433 1512/1512/1436
f 1513/1513/1437 1515/1514/1438 1514/1515/1439
f 1514/1515/1439 1515/1514/1438 1516/1516/1440
f 1516/1516/1440 1515/1514/1438 1508/1508/1432
f 1515/1514/1438 1513/1513/1437 1508/1508/1432
f 1517/1517/1441 1508/1508/1432 1505/1505/1429
f 1508/1508/1432 1517/1517/1441 1516/1516/1440
f 1510/1511/1435 1517/1517/1441 1509/1509/1433
f 1517/1517/1441 1510/1511/1435 1516/1516/1440
f 1518/1518/1442 1505/1505/1429 1506/1507/1431
f 1505/1505/1429 1518/1518/1442 1503/1503/1427
f 1509/1509/1433 1519/1519/1443 1512/1512/1436
f 1519/1519/1443 1509/1509/1433 1499/1499/1423
f 1502/1502/1426 1505/1505/1429 1503/1503/1427
f 1505/1505/1429 1502/1502/1426 1517/1517/1441
f 1499/1499/1423 1517/1517/1441 1502/1502/1426
f 1517/1517/1441 1499/1499/1423 1509/1509/1433
f 1518/1518/1442 1504/1504/1428 1503/1503/1427
f 1504/1504/1428 1518/1518/1442 1520/1520/1444
f 1499/1499/1423 1521/1521/1445 1519/1519/1443
f 1521/1521/1445 1499/1499/1423 1500/1501/1425
f 1522/1522/1446 1504/1504/1428 1520/1520/1444
f 1504/1504/1428 1522/1522/1446 1523/1523/1447
f 1524/1524/1448 1526/1525/1449 1525/1526/1450
f 1526/1525/1449 1524/1524/1448 1527/1527/1451
f 1528/1528/1452 1526/1525/1449 1527/1527/1451
f 1526/1525/1449 1528/1528/1452 1529/1529/1453
f 1530/1530/1454 1532/1531/1455 1531/1532/1456
f 1532/1531/1455 1530/1530/1454 1533/1533/1457
f 1534/1534/1458 1532/1531/1455 1535/1535/1459
f 1532/1531/1455 1534/1534/1458 1531/1532/1456
f 1532/1531/1455 1536/1536/1460 1535/1535/1459
f 1537/1537/1461 1538/1538/1462 1529/1529/1453
f 1539/1539/1463 1541/1540/1464 1540/1541/1465
f 1540/1541/1465 1541/1540/1464 1533/1533/1457
f 1536/1536/1460 1532/1531/1455 1533/1533/1457
f 1530/1530/1454 1543/1542/1466 1542/1543/1467
f 1543/1542/1466 1530/1530/1454 1531/1532/1456
f 1544/1544/1468 1546/1545/1469 1545/1546/1470
f 1546/1545/1469 1544/1544/1468 1543/1542/1466
f 1547/1547/1471 1542/1543/1467 1548/1548/1472
f 1542/1543/1467 1547/1547/1471 1530/1530/1454
f 1547/1547/1471 1550/1549/1473 1549/1550/1474
f 1550/1549/1473 1547/1547/1471 1548/1548/1472
f 1544/1544/1468 1529/1529/1453 1528/1528/1452
f 1529/1529/1453 1544/1544/1468 1537/1537/1461
f 1545/1546/1470 1537/1537/1461 1544/1544/1468
f 1537/1537/1461 1545/1546/1470 1551/1551/1475
f 1540/1541/1465 1530/1530/1454 1547/1547/1471
f 1530/1530/1454 1540/1541/1465 1533/1533/1457
f 1549/1550/1474 1540/1541/1465 1547/1547/1471
f 1540/1541/1465 1549/1550/1474 1539/1539/1463
f 1529/1529/1453 1552/1552/1476 1526/1525/1449
f 1526/1525/1449 1552/1552/1476 1525/1526/1450
f 1538/1538/1462 1537/1537/1461 1551/1551/1475
f 1542/1543/1467 1544/1544/1468 1528/1528/1452
f 1544/1544/1468 1542/1543/1467 1543/1542/1466
f 1534/1534/1458 1543/1542/1466 1531/1532/1456
f 1543/1542/1466 1534/1534/1458 1546/1545/1469
f 1527/1527/1451 1542/1543/1467 1528/1528/1452
f 1542/1543/1467 1527/1527/1451 1548/1548/1472
f 1550/1549/1473 1527/1527/1451 1524/1524/1448
f 1527/1527/1451 1550/1549/1473 1548/1548/1472
f 1553/1553/1477 1554/1554/1478 1555/1555/1479
f 1556/1556/1480 1557/1557/1481 1554/1554/1478
f 1558/1558/1482 1559/1559/1483 1557/1557/1481
f 1557/1557/1481 1556/1556/1480 1558/1558/1482
f 1560/1560/1484 1561/1561/1485 1562/1562/1486
f 1563/1563/1487 1564/1564/1488 1560/1560/1484
f 1565/1565/1489 1566/1566/1490 1559/1559/1483
f 1559/1559/1483 1560/1560/1484 1565/1565/1489
f 1565/1565/1489 1560/1560/1484 1564/1564/1488
f 1564/1564/1488 1567/1567/1491 1565/1565/1489
f 1568/1568/1492 1569/1569/1493 1570/1570/1494
f 1570/1570/1494 1571/1571/1495 1568/1568/1492
f 1570/1570/1494 1566/1566/1490 1572/1572/1496
f 1572/1572/1496 1571/1571/1495 1570/1570/1494
f 1572/1572/1496 1566/1566/1490 1565/1565/1489
f 1565/1565/1489 1573/1573/1497 1572/1572/1496
f 1574/1574/1498 1573/1573/1497 1565/1565/1489
f 1565/1565/1489 1567/1567/1491 1574/1574/1498
f 1575/1575/1499 1576/1576/1500 1556/1556/1480
f 1556/1556/1480 1553/1553/1477 1575/1575/1499
f 1577/1577/1501 1558/1558/1482 1556/1556/1480
f 1556/1556/1480 1576/1576/1500 1577/1577/1501
f 1553/1553/1477 1556/1556/1480 1554/1554/1478
f 1575/1575/1499 1553/1553/1477 1555/1555/1479
f 1555/1555/1479 1578/1578/1502 1575/1575/1499
f 1577/1577/1501 1579/1579/1503 1561/1561/1485
f 1561/1561/1485 1558/1558/1482 1577/1577/1501
f 1580/1580/1504 1568/1568/1492 1571/1571/1495
f 1573/1573/1497 1581/1581/1505 1572/1572/1496
f 1582/1582/1506 1583/1583/1507 1581/1581/1505
f 1574/1574/1498 1582/1582/1506 1573/1573/1497
f 1584/1584/1508 1572/1572/1496 1581/1581/1505
f 1585/1585/1509 1580/1580/1504 1571/1571/1495
f 1582/1582/1506 1581/1581/1505 1573/1573/1497
f 1582/1582/1506 1586/1586/1510 1587/1587/1511
f 1588/1588/1512 1584/1584/1508 1581/1581/1505
f 1581/1581/1505 1583/1583/1507 1588/1588/1512
f 1589/1589/1513 1590/1590/1514 1591/1591/1515
f 1591/1591/1515 1588/1588/1512 1589/1589/1513
f 1588/1588/1512 1587/1587/1511 1589/1589/1513
f 1591/1591/1515 1590/1590/1514 1592/1592/1516
f 1593/1593/1517 1585/1585/1509 1584/1584/1508
f 1572/1572/1496 1584/1584/1508 1571/1571/1495
f 1589/1589/1513 1587/1587/1511 1594/1594/1518
f 1594/1594/1518 1587/1587/1511 1586/1586/1510
f 1576/1576/1500 1575/1575/1499 1595/1595/1519
f 1596/1596/1520 1576/1576/1500 1595/1595/1519
f 1588/1588/1512 1583/1583/1507 1587/1587/1511
f 1583/1583/1507 1582/1582/1506 1587/1587/1511
f 1584/1584/1508 1585/1585/1509 1571/1571/1495
f 1597/1597/1521 1591/1591/1515 1592/1592/1516
f 1579/1579/1503 1562/1562/1486 1561/1561/1485
f 1563/1563/1487 1560/1560/1484 1562/1562/1486
f 1558/1558/1482 1561/1561/1485 1559/1559/1483
f 1561/1561/1485 1560/1560/1484 1559/1559/1483
f 1576/1576/1500 1596/1596/1520 1577/1577/1501
f 1570/1570/1494 1569/1569/1493 1554/1554/1478
f 1554/1554/1478 1557/1557/1481 1570/1570/1494
f 1557/1557/1481 1559/1559/1483 1566/1566/1490
f 1566/1566/1490 1570/1570/1494 1557/1557/1481
f 1589/1589/1513 1594/1594/1518 1590/1590/1514
f 1562/1562/1486 1598/1598/1522 1563/1563/1487
f 1592/1592/1516 1590/1590/1514 1594/1594/1518
f 1598/1598/1522 1562/1562/1486 1579/1579/1503
f 1599/1599/1523 1600/1600/1524 1601/1601/1525
f 1599/1599/1523 1602/1602/1526 1603/1603/1527
f 1599/1599/1523 1603/1603/1527 1604/1604/1528
f 1602/1602/1526 1605/1605/1529 1606/1606/1530
f 1601/1601/1525 1607/1607/1531 1599/1599/1523
f 1608/1608/1532 1607/1607/1531 1609/1609/1533
f 1599/1599/1523 1607/1607/1531 1602/1602/1526
f 1605/1605/1529 1602/1602/1526 1607/1607/1531
f 1607/1607/1531 1608/1608/1532 1605/1605/1529
f 1600/1600/1524 1599/1599/1523 1604/1604/1528
f 1610/1610/1534 1611/1611/1535 1612/1612/1536
f 1612/1612/1536 1613/1613/1537 1610/1610/1534
f 1614/1614/1538 1611/1611/1535 1610/1610/1534
f 1610/1610/1534 1615/1615/1539 1614/1614/1538
f 1616/1616/1540 1614/1614/1538 1615/1615/1539
f 1615/1615/1539 1617/1617/1541 1616/1616/1540
f 1618/1618/1542 1619/1619/1543 1617/1617/1541
f 1620/1620/1544 1621/1621/1545 1622/1622/1546
f 1622/1622/1546 1623/1623/1547 1620/1620/1544
f 1624/1624/1548 1622/1622/1546 1621/1621/1545
f 1625/1625/1549 1626/1626/1550 1627/1627/1551
f 1627/1627/1551 1628/1628/1552 1625/1625/1549
f 1626/1626/1550 1629/1629/1553 1630/1630/1554
f 1630/1630/1554 1627/1627/1551 1626/1626/1550
f 1611/1611/1535 1631/1631/1555 1612/1612/1536
f 1611/1611/1535 1614/1614/1538 1631/1631/1555
f 1614/1614/1538 1616/1616/1540 1631/1631/1555
f 1632/1632/1556 1633/1633/1557 1631/1631/1555
f 1631/1631/1555 1633/1633/1557 1612/1612/1536
f 1613/1613/1537 1612/1612/1536 1634/1634/1558
f 1633/1633/1557 1635/1635/1559 1634/1634/1558
f 1633/1633/1557 1632/1632/1556 1636/1636/1560
f 1636/1636/1560 1635/1635/1559 1633/1633/1557
f 1632/1632/1556 1637/1637/1561 1636/1636/1560
f 1632/1632/1556 1638/1638/1562 1637/1637/1561
f 1639/1639/1563 1638/1638/1562 1619/1619/1543
f 1640/1640/1564 1641/1641/1565 1642/1642/1566
f 1640/1640/1564 1642/1642/1566 1643/1643/1567
f 1640/1640/1564 1643/1643/1567 1644/1644/1568
f 1640/1640/1564 1644/1644/1568 1645/1645/1569
f 1646/1646/1570 1634/1634/1558 1630/1630/1554
f 1630/1630/1554 1629/1629/1553 1646/1646/1570
f 1634/1634/1558 1635/1635/1559 1630/1630/1554
f 1635/1635/1559 1628/1628/1552 1627/1627/1551
f 1636/1636/1560 1622/1622/1546 1624/1624/1548
f 1636/1636/1560 1637/1637/1561 1622/1622/1546
f 1637/1637/1561 1638/1638/1562 1647/1647/1571
f 1638/1638/1562 1639/1639/1563 1647/1647/1571
f 1648/1648/1572 1649/1649/1573 1615/1615/1539
f 1649/1649/1573 1618/1618/1542 1617/1617/1541
f 1617/1617/1541 1615/1615/1539 1649/1649/1573
f 1619/1619/1543 1616/1616/1540 1617/1617/1541
f 1625/1625/1549 1628/1628/1552 1650/1650/1574
f 1650/1650/1574 1651/1651/1575 1625/1625/1549
f 1650/1650/1574 1628/1628/1552 1635/1635/1559
f 1635/1635/1559 1636/1636/1560 1650/1650/1574
f 1636/1636/1560 1624/1624/1548 1650/1650/1574
f 1624/1624/1548 1651/1651/1575 1650/1650/1574
f 1634/1634/1558 1612/1612/1536 1633/1633/1557
f 1616/1616/1540 1652/1652/1576 1631/1631/1555
f 1631/1631/1555 1652/1652/1576 1632/1632/1556
f 1653/1653/1577 1654/1654/1578 1655/1655/1579
f 1655/1655/1579 1656/1656/1580 1653/1653/1577
f 1657/1657/1581 1658/1658/1582 1659/1659/1583
f 1657/1657/1581 1656/1656/1580 1655/1655/1579
f 1655/1655/1579 1658/1658/1582 1657/1657/1581
f 1613/1613/1537 1634/1634/1558 1646/1646/1570
f 1613/1613/1537 1648/1648/1572 1610/1610/1534
f 1610/1610/1534 1648/1648/1572 1615/1615/1539
f 1654/1654/1578 1653/1653/1577 1660/1660/1584
f 1632/1632/1556 1652/1652/1576 1638/1638/1562
f 1652/1652/1576 1619/1619/1543 1638/1638/1562
f 1652/1652/1576 1616/1616/1540 1619/1619/1543
f 1643/1643/1567 1661/1661/1585 1644/1644/1568
f 1637/1637/1561 1647/1647/1571 1623/1623/1547
f 1623/1623/1547 1622/1622/1546 1637/1637/1561
f 1647/1647/1571 1620/1620/1544 1623/1623/1547
f 1659/1659/1583 1645/1645/1569 1644/1644/1568
f 1659/1659/1583 1658/1658/1582 1645/1645/1569
f 1630/1630/1554 1635/1635/1559 1627/1627/1551
f 1662/1662/1586 1663/1663/1587 1664/1664/1588
f 1664/1664/1588 1665/1665/1589 1662/1662/1586
f 1666/1666/1590 1667/1667/1591 1662/1662/1586
f 1662/1662/1586 1665/1665/1589 1666/1666/1590
f 1668/1668/1592 1669/1669/1593 1667/1667/1591
f 1667/1667/1591 1666/1666/1590 1668/1668/1592
f 1670/1670/1594 1669/1669/1593 1671/1671/1595
f 1672/1672/1596 1673/1673/1597 1674/1674/1598
f 1674/1674/1598 1675/1675/1599 1672/1672/1596
f 1676/1676/1600 1675/1675/1599 1674/1674/1598
f 1677/1677/1601 1678/1678/1602 1679/1679/1603
f 1679/1679/1603 1680/1680/1604 1677/1677/1601
f 1680/1680/1604 1679/1679/1603 1681/1681/1605
f 1681/1681/1605 1682/1682/1606 1680/1680/1604
f 1665/1665/1589 1664/1664/1588 1683/1683/1607
f 1665/1665/1589 1683/1683/1607 1666/1666/1590
f 1666/1666/1590 1683/1683/1607 1668/1668/1592
f 1684/1684/1608 1683/1683/1607 1685/1685/1609
f 1683/1683/1607 1664/1664/1588 1685/1685/1609
f 1663/1663/1587 1686/1686/1610 1664/1664/1588
f 1685/1685/1609 1686/1686/1610 1687/1687/1611
f 1685/1685/1609 1687/1687/1611 1688/1688/1612
f 1688/1688/1612 1684/1684/1608 1685/1685/1609
f 1684/1684/1608 1688/1688/1612 1689/1689/1613
f 1684/1684/1608 1689/1689/1613 1690/1690/1614
f 1691/1691/1615 1671/1671/1595 1690/1690/1614
f 1692/1692/1616 1693/1693/1617 1694/1694/1618
f 1692/1692/1616 1694/1694/1618 1695/1695/1619
f 1692/1692/1616 1695/1695/1619 1696/1696/1620
f 1692/1692/1616 1696/1696/1620 1697/1697/1621
f 1698/1698/1622 1682/1682/1606 1681/1681/1605
f 1681/1681/1605 1686/1686/1610 1698/1698/1622
f 1686/1686/1610 1681/1681/1605 1687/1687/1611
f 1687/1687/1611 1679/1679/1603 1678/1678/1602
f 1688/1688/1612 1676/1676/1600 1674/1674/1598
f 1688/1688/1612 1674/1674/1598 1689/1689/1613
f 1689/1689/1613 1699/1699/1623 1690/1690/1614
f 1690/1690/1614 1699/1699/1623 1691/1691/1615
f 1700/1700/1624 1667/1667/1591 1701/1701/1625
f 1701/1701/1625 1667/1667/1591 1669/1669/1593
f 1669/1669/1593 1670/1670/1594 1701/1701/1625
f 1671/1671/1595 1669/1669/1593 1668/1668/1592
f 1677/1677/1601 1702/1702/1626 1703/1703/1627
f 1703/1703/1627 1678/1678/1602 1677/1677/1601
f 1703/1703/1627 1688/1688/1612 1687/1687/1611
f 1687/1687/1611 1678/1678/1602 1703/1703/1627
f 1688/1688/1612 1703/1703/1627 1676/1676/1600
f 1676/1676/1600 1703/1703/1627 1702/1702/1626
f 1686/1686/1610 1685/1685/1609 1664/1664/1588
f 1668/1668/1592 1683/1683/1607 1704/1704/1628
f 1683/1683/1607 1684/1684/1608 1704/1704/1628
f 1705/1705/1629 1706/1706/1630 1707/1707/1631
f 1707/1707/1631 1708/1708/1632 1705/1705/1629
f 1709/1709/1633 1710/1710/1634 1711/1711/1635
f 1709/1709/1633 1711/1711/1635 1707/1707/1631
f 1707/1707/1631 1706/1706/1630 1709/1709/1633
f 1663/1663/1587 1698/1698/1622 1686/1686/1610
f 1663/1663/1587 1662/1662/1586 1700/1700/1624
f 1662/1662/1586 1667/1667/1591 1700/1700/1624
f 1708/1708/1632 1712/1712/1636 1705/1705/1629
f 1684/1684/1608 1690/1690/1614 1704/1704/1628
f 1704/1704/1628 1690/1690/1614 1671/1671/1595
f 1704/1704/1628 1671/1671/1595 1668/1668/1592
f 1695/1695/1619 1694/1694/1618 1713/1713/1637
f 1689/1689/1613 1674/1674/1598 1673/1673/1597
f 1673/1673/1597 1699/1699/1623 1689/1689/1613
f 1699/1699/1623 1673/1673/1597 1672/1672/1596
f 1710/1710/1634 1694/1694/1618 1693/1693/1617
f 1710/1710/1634 1693/1693/1617 1711/1711/1635
f 1681/1681/1605 1679/1679/1603 1687/1687/1611
f 1714/1714/1638 1715/1715/1639 1716/1716/1640
f 1717/1717/1641 1718/1718/1642 1715/1715/1639
f 1718/1718/1642 1717/1717/1641 1719/1719/1643
f 1719/1719/1643 1720/1720/1644 1718/1718/1642
f 1721/1721/1645 1722/1722/1646 1723/1723/1647
f 1724/1724/1648 1725/1725/1649 1721/1721/1645
f 1721/1721/1645 1726/1726/1650 1724/1724/1648
f 1727/1727/1651 1728/1728/1652 1729/1729/1653
f 1729/1729/1653 1730/1730/1654 1727/1727/1651
f 1731/1731/1655 1728/1728/1652 1727/1727/1651
f 1727/1727/1651 1732/1732/1656 1731/1731/1655
f 1733/1733/1657 1734/1734/1658 1735/1735/1659
f 1735/1735/1659 1736/1736/1660 1733/1733/1657
f 1734/1734/1658 1737/1737/1661 1738/1738/1662
f 1737/1737/1661 1739/1739/1663 1738/1738/1662
f 1728/1728/1652 1731/1731/1655 1740/1740/1664
f 1740/1740/1664 1739/1739/1663 1728/1728/1652
f 1717/1717/1641 1714/1714/1638 1741/1741/1665
f 1741/1741/1665 1742/1742/1666 1717/1717/1641
f 1717/1717/1641 1742/1742/1666 1743/1743/1667
f 1743/1743/1667 1719/1719/1643 1717/1717/1641
f 1714/1714/1638 1717/1717/1641 1715/1715/1639
f 1716/1716/1640 1744/1744/1668 1741/1741/1665
f 1741/1741/1665 1714/1714/1638 1716/1716/1640
f 1722/1722/1646 1719/1719/1643 1743/1743/1667
f 1743/1743/1667 1745/1745/1669 1722/1722/1646
f 1746/1746/1670 1735/1735/1659 1734/1734/1658
f 1739/1739/1663 1747/1747/1671 1738/1738/1662
f 1740/1740/1664 1748/1748/1672 1739/1739/1663
f 1749/1749/1673 1738/1738/1662 1747/1747/1671
f 1750/1750/1674 1751/1751/1675 1734/1734/1658
f 1748/1748/1672 1747/1747/1671 1739/1739/1663
f 1752/1752/1676 1749/1749/1673 1747/1747/1671
f 1750/1750/1674 1753/1753/1677 1751/1751/1675
f 1753/1753/1677 1750/1750/1674 1749/1749/1673
f 1738/1738/1662 1749/1749/1673 1734/1734/1658
f 1742/1742/1666 1741/1741/1665 1754/1754/1678
f 1755/1755/1679 1742/1742/1666 1754/1754/1678
f 1752/1752/1676 1747/1747/1671 1756/1756/1680
f 1747/1747/1671 1748/1748/1672 1756/1756/1680
f 1749/1749/1673 1750/1750/1674 1734/1734/1658
f 1745/1745/1669 1723/1723/1647 1722/1722/1646
f 1726/1726/1650 1721/1721/1645 1723/1723/1647
f 1719/1719/1643 1722/1722/1646 1720/1720/1644
f 1721/1721/1645 1725/1725/1649 1720/1720/1644
f 1720/1720/1644 1722/1722/1646 1721/1721/1645
f 1742/1742/1666 1755/1755/1679 1743/1743/1667
f 1755/1755/1679 1754/1754/1678 1757/1757/1681
f 1733/1733/1657 1736/1736/1660 1758/1758/1682
f 1758/1758/1682 1759/1759/1683 1733/1733/1657
f 1718/1718/1642 1720/1720/1644 1760/1760/1684
f 1760/1760/1684 1761/1761/1685 1718/1718/1642
f 1723/1723/1647 1762/1762/1686 1726/1726/1650
f 1751/1751/1675 1746/1746/1670 1734/1734/1658
f 1763/1763/1687 1764/1764/1688 1765/1765/1689
f 1764/1764/1688 1763/1763/1687 1766/1766/1690
f 1766/1766/1690 1767/1767/1691 1764/1764/1688
f 1768/1768/1692 1769/1769/1693 1770/1770/1694
f 1765/1765/1689 1764/1764/1688 1771/1771/1695
f 1771/1771/1695 1772/1772/1696 1765/1765/1689
f 1767/1767/1691 1773/1773/1697 1771/1771/1695
f 1771/1771/1695 1764/1764/1688 1767/1767/1691
f 1767/1767/1691 1770/1770/1694 1774/1774/1698
f 1774/1774/1698 1773/1773/1697 1767/1767/1691
f 1769/1769/1693 1774/1774/1698 1770/1770/1694
f 1775/1775/1699 1776/1776/1700 1777/1777/1701
f 1777/1777/1701 1778/1778/1702 1775/1775/1699
f 1771/1771/1695 1773/1773/1697 1779/1779/1703
f 1779/1779/1703 1780/1780/1704 1771/1771/1695
f 1781/1781/1705 1782/1782/1706 1783/1783/1707
f 1783/1783/1707 1784/1784/1708 1781/1781/1705
f 1785/1785/1709 1769/1769/1693 1768/1768/1692
f 1785/1785/1709 1786/1786/1710 1769/1769/1693
f 1787/1787/1711 1775/1775/1699 1778/1778/1702
f 1781/1781/1705 1788/1788/1712 1782/1782/1706
f 1789/1789/1713 1788/1788/1712 1781/1781/1705
f 1788/1788/1712 1787/1787/1711 1778/1778/1702
f 1768/1768/1692 1766/1766/1690 1785/1785/1709
f 1788/1788/1712 1778/1778/1702 1782/1782/1706
f 1768/1768/1692 1770/1770/1694 1767/1767/1691
f 1767/1767/1691 1766/1766/1690 1768/1768/1692
f 1785/1785/1709 1766/1766/1690 1763/1763/1687
f 1729/1729/1653 1728/1728/1652 1739/1739/1663
f 1739/1739/1663 1737/1737/1661 1729/1729/1653
f 1733/1733/1657 1729/1729/1653 1737/1737/1661
f 1737/1737/1661 1734/1734/1658 1733/1733/1657
f 1725/1725/1649 1790/1790/1714 1760/1760/1684
f 1760/1760/1684 1720/1720/1644 1725/1725/1649
f 1791/1791/1715 1790/1790/1714 1725/1725/1649
f 1725/1725/1649 1724/1724/1648 1791/1791/1715
f 1718/1718/1642 1761/1761/1685 1792/1792/1716
f 1792/1792/1716 1715/1715/1639 1718/1718/1642
f 1733/1733/1657 1759/1759/1683 1730/1730/1654
f 1730/1730/1654 1729/1729/1653 1733/1733/1657
f 1771/1771/1695 1780/1780/1704 1793/1793/1717
f 1793/1793/1717 1772/1772/1696 1771/1771/1695
f 1777/1777/1701 1783/1783/1707 1782/1782/1706
f 1782/1782/1706 1778/1778/1702 1777/1777/1701
f 1774/1774/1698 1794/1794/1718 1779/1779/1703
f 1779/1779/1703 1773/1773/1697 1774/1774/1698
f 1795/1795/1719 1796/1796/1720 1797/1797/1721
f 1798/1798/1722 1797/1797/1721 1799/1799/1723
f 1800/1800/1724 1798/1798/1722 1799/1799/1723
f 1799/1799/1723 1801/1801/1725 1800/1800/1724
f 1802/1802/1726 1803/1803/1727 1804/1804/1728
f 1805/1805/1729 1802/1802/1726 1806/1806/1730
f 1807/1807/1731 1802/1802/1726 1801/1801/1725
f 1801/1801/1725 1808/1808/1732 1807/1807/1731
f 1807/1807/1731 1809/1809/1733 1806/1806/1730
f 1806/1806/1730 1802/1802/1726 1807/1807/1731
f 1810/1810/1734 1811/1811/1735 1812/1812/1736
f 1812/1812/1736 1813/1813/1737 1810/1810/1734
f 1812/1812/1736 1811/1811/1735 1814/1814/1738
f 1814/1814/1738 1808/1808/1732 1812/1812/1736
f 1814/1814/1738 1815/1815/1739 1807/1807/1731
f 1807/1807/1731 1808/1808/1732 1814/1814/1738
f 1816/1816/1740 1809/1809/1733 1807/1807/1731
f 1807/1807/1731 1815/1815/1739 1816/1816/1740
f 1817/1817/1741 1795/1795/1719 1798/1798/1722
f 1798/1798/1722 1818/1818/1742 1817/1817/1741
f 1819/1819/1743 1818/1818/1742 1798/1798/1722
f 1798/1798/1722 1800/1800/1724 1819/1819/1743
f 1795/1795/1719 1797/1797/1721 1798/1798/1722
f 1817/1817/1741 1820/1820/1744 1796/1796/1720
f 1796/1796/1720 1795/1795/1719 1817/1817/1741
f 1819/1819/1743 1800/1800/1724 1804/1804/1728
f 1804/1804/1728 1821/1821/1745 1819/1819/1743
f 1822/1822/1746 1811/1811/1735 1810/1810/1734
f 1815/1815/1739 1814/1814/1738 1823/1823/1747
f 1824/1824/1748 1823/1823/1747 1825/1825/1749
f 1816/1816/1740 1815/1815/1739 1824/1824/1748
f 1826/1826/1750 1823/1823/1747 1814/1814/1738
f 1827/1827/1751 1811/1811/1735 1822/1822/1746
f 1824/1824/1748 1815/1815/1739 1823/1823/1747
f 1824/1824/1748 1828/1828/1752 1829/1829/1753
f 1830/1830/1754 1825/1825/1749 1823/1823/1747
f 1823/1823/1747 1826/1826/1750 1830/1830/1754
f 1831/1831/1755 1830/1830/1754 1832/1832/1756
f 1832/1832/1756 1833/1833/1757 1831/1831/1755
f 1830/1830/1754 1831/1831/1755 1828/1828/1752
f 1832/1832/1756 1834/1834/1758 1833/1833/1757
f 1835/1835/1759 1826/1826/1750 1827/1827/1751
f 1814/1814/1738 1811/1811/1735 1826/1826/1750
f 1831/1831/1755 1836/1836/1760 1828/1828/1752
f 1836/1836/1760 1829/1829/1753 1828/1828/1752
f 1818/1818/1742 1837/1837/1761 1817/1817/1741
f 1838/1838/1762 1837/1837/1761 1818/1818/1742
f 1830/1830/1754 1828/1828/1752 1825/1825/1749
f 1825/1825/1749 1828/1828/1752 1824/1824/1748
f 1826/1826/1750 1811/1811/1735 1827/1827/1751
f 1839/1839/1763 1834/1834/1758 1832/1832/1756
f 1821/1821/1745 1804/1804/1728 1803/1803/1727
f 1805/1805/1729 1803/1803/1727 1802/1802/1726
f 1800/1800/1724 1801/1801/1725 1804/1804/1728
f 1804/1804/1728 1801/1801/1725 1802/1802/1726
f 1818/1818/1742 1819/1819/1743 1838/1838/1762
f 1812/1812/1736 1799/1799/1723 1797/1797/1721
f 1797/1797/1721 1813/1813/1737 1812/1812/1736
f 1799/1799/1723 1812/1812/1736 1808/1808/1732
f 1808/1808/1732 1801/1801/1725 1799/1799/1723
f 1831/1831/1755 1833/1833/1757 1836/1836/1760
f 1803/1803/1727 1805/1805/1729 1840/1840/1764
f 1834/1834/1758 1836/1836/1760 1833/1833/1757
f 1840/1840/1764 1821/1821/1745 1803/1803/1727
f 1841/1841/1765 1842/1842/1766 1843/1843/1767
f 1841/1841/1765 1844/1844/1768 1845/1845/1769
f 1841/1841/1765 1846/1846/1770 1844/1844/1768
f 1845/1845/1769 1847/1847/1771 1848/1848/1772
f 1842/1842/1766 1841/1841/1765 1849/1849/1773
f 1850/1850/1774 1851/1851/1775 1849/1849/1773
f 1841/1841/1765 1845/1845/1769 1849/1849/1773
f 1848/1848/1772 1850/1850/1774 1849/1849/1773
f 1849/1849/1773 1845/1845/1769 1848/1848/1772
f 1843/1843/1767 1846/1846/1770 1841/1841/1765
f 1852/1852/1776 1853/1853/1777 1854/1854/1778
f 1855/1855/1779 1854/1854/1778 1856/1856/1780
f 1856/1856/1780 1857/1857/1781 1858/1858/1782
f 1858/1858/1782 1855/1855/1779 1856/1856/1780
f 1859/1859/1783 1860/1860/1784 1861/1861/1785
f 1862/1862/1786 1863/1863/1787 1859/1859/1783
f 1859/1859/1783 1864/1864/1788 1862/1862/1786
f 1865/1865/1789 1866/1866/1790 1867/1867/1791
f 1867/1867/1791 1868/1868/1792 1865/1865/1789
f 1869/1869/1793 1870/1870/1794 1865/1865/1789
f 1865/1865/1789 1868/1868/1792 1869/1869/1793
f 1871/1871/1795 1872/1872/1796 1873/1873/1797
f 1873/1873/1797 1874/1874/1798 1871/1871/1795
f 1874/1874/1798 1875/1875/1799 1876/1876/1800
f 1876/1876/1800 1875/1875/1799 1877/1877/1801
f 1868/1868/1792 1877/1877/1801 1878/1878/1802
f 1878/1878/1802 1869/1869/1793 1868/1868/1792
f 1855/1855/1779 1879/1879/1803 1880/1880/1804
f 1880/1880/1804 1852/1852/1776 1855/1855/1779
f 1855/1855/1779 1858/1858/1782 1881/1881/1805
f 1881/1881/1805 1879/1879/1803 1855/1855/1779
f 1852/1852/1776 1854/1854/1778 1855/1855/1779
f 1853/1853/1777 1852/1852/1776 1880/1880/1804
f 1880/1880/1804 1882/1882/1806 1853/1853/1777
f 1861/1861/1785 1883/1883/1807 1881/1881/1805
f 1881/1881/1805 1858/1858/1782 1861/1861/1785
f 1884/1884/1808 1874/1874/1798 1873/1873/1797
f 1877/1877/1801 1875/1875/1799 1885/1885/1809
f 1878/1878/1802 1877/1877/1801 1886/1886/1810
f 1887/1887/1811 1885/1885/1809 1875/1875/1799
f 1888/1888/1812 1874/1874/1798 1889/1889/1813
f 1886/1886/1810 1877/1877/1801 1885/1885/1809
f 1890/1890/1814 1885/1885/1809 1887/1887/1811
f 1888/1888/1812 1889/1889/1813 1891/1891/1815
f 1891/1891/1815 1887/1887/1811 1888/1888/1812
f 1875/1875/1799 1874/1874/1798 1887/1887/1811
f 1879/1879/1803 1892/1892/1816 1880/1880/1804
f 1893/1893/1817 1892/1892/1816 1879/1879/1803
f 1890/1890/1814 1894/1894/1818 1885/1885/1809
f 1885/1885/1809 1894/1894/1818 1886/1886/1810
f 1887/1887/1811 1874/1874/1798 1888/1888/1812
f 1883/1883/1807 1861/1861/1785 1860/1860/1784
f 1863/1863/1787 1860/1860/1784 1859/1859/1783
f 1858/1858/1782 1857/1857/1781 1861/1861/1785
f 1859/1859/1783 1861/1861/1785 1857/1857/1781
f 1857/1857/1781 1864/1864/1788 1859/1859/1783
f 1879/1879/1803 1881/1881/1805 1893/1893/1817
f 1893/1893/1817 1895/1895/1819 1892/1892/1816
f 1871/1871/1795 1896/1896/1820 1897/1897/1821
f 1897/1897/1821 1872/1872/1796 1871/1871/1795
f 1856/1856/1780 1898/1898/1822 1899/1899/1823
f 1899/1899/1823 1857/1857/1781 1856/1856/1780
f 1860/1860/1784 1863/1863/1787 1900/1900/1824
f 1889/1889/1813 1874/1874/1798 1884/1884/1808
f 1901/1901/1825 1902/1902/1826 1903/1903/1827
f 1903/1903/1827 1904/1904/1828 1905/1905/1829
f 1905/1905/1829 1901/1901/1825 1903/1903/1827
f 1906/1906/1830 1907/1907/1831 1908/1908/1832
f 1902/1902/1826 1909/1909/1833 1910/1910/1834
f 1910/1910/1834 1903/1903/1827 1902/1902/1826
f 1904/1904/1828 1903/1903/1827 1910/1910/1834
f 1910/1910/1834 1911/1911/1835 1904/1904/1828
f 1904/1904/1828 1911/1911/1835 1912/1912/1836
f 1912/1912/1836 1907/1907/1831 1904/1904/1828
f 1908/1908/1832 1907/1907/1831 1912/1912/1836
f 1913/1913/1837 1914/1914/1838 1915/1915/1839
f 1915/1915/1839 1916/1916/1840 1913/1913/1837
f 1910/1910/1834 1917/1917/1841 1918/1918/1842
f 1918/1918/1842 1911/1911/1835 1910/1910/1834
f 1919/1919/1843 1920/1920/1844 1921/1921/1845
f 1921/1921/1845 1922/1922/1846 1919/1919/1843
f 1923/1923/1847 1906/1906/1830 1908/1908/1832
f 1923/1923/1847 1908/1908/1832 1924/1924/1848
f 1925/1925/1849 1914/1914/1838 1913/1913/1837
f 1919/1919/1843 1922/1922/1846 1926/1926/1850
f 1927/1927/1851 1919/1919/1843 1926/1926/1850
f 1926/1926/1850 1914/1914/1838 1925/1925/1849
f 1906/1906/1830 1923/1923/1847 1905/1905/1829
f 1926/1926/1850 1922/1922/1846 1914/1914/1838
f 1906/1906/1830 1905/1905/1829 1904/1904/1828
f 1904/1904/1828 1907/1907/1831 1906/1906/1830
f 1923/1923/1847 1901/1901/1825 1905/1905/1829
f 1867/1867/1791 1876/1876/1800 1877/1877/1801
f 1877/1877/1801 1868/1868/1792 1867/1867/1791
f 1871/1871/1795 1874/1874/1798 1876/1876/1800
f 1876/1876/1800 1867/1867/1791 1871/1871/1795
f 1864/1864/1788 1857/1857/1781 1899/1899/1823
f 1899/1899/1823 1928/1928/1852 1864/1864/1788
f 1929/1929/1853 1862/1862/1786 1864/1864/1788
f 1864/1864/1788 1928/1928/1852 1929/1929/1853
f 1856/1856/1780 1854/1854/1778 1930/1930/1854
f 1930/1930/1854 1898/1898/1822 1856/1856/1780
f 1871/1871/1795 1867/1867/1791 1866/1866/1790
f 1866/1866/1790 1896/1896/1820 1871/1871/1795
f 1910/1910/1834 1909/1909/1833 1931/1931/1855
f 1931/1931/1855 1917/1917/1841 1910/1910/1834
f 1915/1915/1839 1914/1914/1838 1922/1922/1846
f 1922/1922/1846 1921/1921/1845 1915/1915/1839
f 1912/1912/1836 1911/1911/1835 1918/1918/1842
f 1918/1918/1842 1932/1932/1856 1912/1912/1836
f 1933/1933/1857 1934/1934/1858 1937/1935/1859
f 1937/1935/1859 1936/1936/1860 1933/1933/1857
f 1958/1937/1861 1959/1938/1862 1937/1935/1859
f 1937/1935/1859 1934/1934/1858 1958/1937/1861
f 1948/1939/1863 1949/1940/1864 1972/1941/1865
f 1972/1941/1865 1969/1942/1866 1948/1939/1863
f 2003/1943/1867 1954/1944/1868 1938/1945/1869
f 1938/1945/1869 1935/1946/1870 2003/1943/1867
f 1936/1936/1860 1937/1935/1859 1940/1947/1871
f 1940/1947/1871 1939/1948/1872 1936/1936/1860
f 1937/1935/1859 1959/1938/1862 1960/1949/1873
f 1960/1949/1873 1940/1947/1871 1937/1935/1859
f 1972/1941/1865 1949/1940/1864 1950/1950/1874
f 1950/1950/1874 1981/1951/1875 1972/1941/1865
f 1954/1944/1868 1955/1952/1876 1941/1953/1877
f 1941/1953/1877 1938/1945/1869 1954/1944/1868
f 1939/1948/1872 1940/1947/1871 1943/1954/1878
f 1943/1954/1878 1942/1955/1879 1939/1948/1872
f 1940/1947/1871 1960/1949/1873 1961/1956/1880
f 1961/1956/1880 1943/1954/1878 1940/1947/1871
f 1981/1951/1875 1950/1950/1874 1951/1957/1881
f 1951/1957/1881 1988/1958/1882 1981/1951/1875
f 1955/1952/1876 1956/1959/1883 1944/1960/1884
f 1944/1960/1884 1941/1953/1877 1955/1952/1876
f 1942/1955/1879 1943/1954/1878 1946/1961/1885
f 1946/1961/1885 1945/1962/1886 1942/1955/1879
f 1943/1954/1878 1961/1956/1880 1962/1963/1887
f 1962/1963/1887 1946/1961/1885 1943/1954/1878
f 1951/1957/1881 1952/1964/1888 1995/1965/1889
f 1995/1965/1889 1988/1958/1882 1951/1957/1881
f 1956/1959/1883 1957/1966/1890 1947/1967/1891
f 1947/1967/1891 1944/1960/1884 1956/1959/1883
f 1935/1946/1870 1938/1945/1869 1949/1940/1864
f 1949/1940/1864 1948/1939/1863 1935/1946/1870
f 1949/1940/1864 1938/1945/1869 1941/1953/1877
f 1941/1953/1877 1950/1950/1874 1949/1940/1864
f 1950/1950/1874 1941/1953/1877 1944/1960/1884
f 1944/1960/1884 1951/1957/1881 1950/1950/1874
f 1951/1957/1881 1944/1960/1884 1947/1967/1891
f 1947/1967/1891 1952/1964/1888 1951/1957/1881
f 1933/1933/1857 1936/1936/1860 2004/1968/1892
f 2004/1968/1892 1953/1969/1893 1933/1933/1857
f 1936/1936/1860 1939/1948/1872 2005/1970/1894
f 2005/1970/1894 2004/1968/1892 1936/1936/1860
f 1939/1948/1872 1942/1955/1879 2006/1971/1895
f 2006/1971/1895 2005/1970/1894 1939/1948/1872
f 2006/1971/1895 1942/1955/1879 1945/1962/1886
f 1945/1962/1886 2007/1972/1896 2006/1971/1895
f 1958/1937/1861 1998/1973/1897 1999/1974/1898
f 1999/1974/1898 1959/1938/1862 1958/1937/1861
f 1959/1938/1862 1999/1974/1898 2000/1975/1899
f 2000/1975/1899 1960/1949/1873 1959/1938/1862
f 1960/1949/1873 2000/1975/1899 2001/1976/1900
f 2001/1976/1900 1961/1956/1880 1960/1949/1873
f 1961/1956/1880 2001/1976/1900 2002/1977/1901
f 2002/1977/1901 1962/1963/1887 1961/1956/1880
f 1963/1978/1902 1966/1979/1903 1965/1980/1904
f 1965/1980/1904 1964/1981/1905 1963/1978/1902
f 1967/1982/1906 1964/1981/1905 1965/1980/1904
f 1965/1980/1904 1968/1983/1907 1967/1982/1906
f 1970/1984/1908 1969/1942/1866 1972/1941/1865
f 1972/1941/1865 1971/1985/1909 1970/1984/1908
f 1974/1986/1910 1973/1987/1911 1976/1988/1912
f 1976/1988/1912 1975/1989/1913 1974/1986/1910
f 1966/1979/1903 1978/1990/1914 1977/1991/1915
f 1977/1991/1915 1965/1980/1904 1966/1979/1903
f 1965/1980/1904 1977/1991/1915 1979/1992/1916
f 1979/1992/1916 1968/1983/1907 1965/1980/1904
f 1972/1941/1865 1981/1951/1875 1980/1993/1917
f 1980/1993/1917 1971/1985/1909 1972/1941/1865
f 1975/1989/1913 1976/1988/1912 1983/1994/1918
f 1983/1994/1918 1982/1995/1919 1975/1989/1913
f 1978/1990/1914 1985/1996/1920 1984/1997/1921
f 1984/1997/1921 1977/1991/1915 1978/1990/1914
f 1977/1991/1915 1984/1997/1921 1986/1998/1922
f 1986/1998/1922 1979/1992/1916 1977/1991/1915
f 1981/1951/1875 1988/1958/1882 1987/1999/1923
f 1987/1999/1923 1980/1993/1917 1981/1951/1875
f 1982/1995/1919 1983/1994/1918 1990/2000/1924
f 1990/2000/1924 1989/2001/1925 1982/1995/1919
f 1985/1996/1920 1992/2002/1926 1991/2003/1927
f 1991/2003/1927 1984/1997/1921 1985/1996/1920
f 1984/1997/1921 1991/2003/1927 1993/2004/1928
f 1993/2004/1928 1986/1998/1922 1984/1997/1921
f 1987/1999/1923 1988/1958/1882 1995/1965/1889
f 1995/1965/1889 1994/2005/1929 1987/1999/1923
f 1989/2001/1925 1990/2000/1924 1997/2006/1930
f 1997/2006/1930 2012/2007/1931 1989/2001/1925
f 1973/1987/1911 1970/1984/1908 1971/1985/1909
f 1971/1985/1909 1976/1988/1912 1973/1987/1911
f 1971/1985/1909 1980/1993/1917 1983/1994/1918
f 1983/1994/1918 1976/1988/1912 1971/1985/1909
f 1980/1993/1917 1987/1999/1923 1990/2000/1924
f 1990/2000/1924 1983/1994/1918 1980/1993/1917
f 1987/1999/1923 1994/2005/1929 1997/2006/1930
f 1997/2006/1930 1990/2000/1924 1987/1999/1923
f 1963/1978/1902 2008/2008/1932 2009/2009/1933
f 2009/2009/1933 1966/1979/1903 1963/1978/1902
f 1966/1979/1903 2009/2009/1933 2010/2010/1934
f 2010/2010/1934 1978/1990/1914 1966/1979/1903
f 1978/1990/1914 2010/2010/1934 2011/2011/1935
f 2011/2011/1935 1985/1996/1920 1978/1990/1914
f 2011/2011/1935 1996/2012/1936 1992/2002/1926
f 1992/2002/1926 1985/1996/1920 2011/2011/1935
f 1967/1982/1906 1968/1983/1907 1999/1974/1898
f 1999/1974/1898 1998/1973/1897 1967/1982/1906
f 1968/1983/1907 1979/1992/1916 2000/1975/1899
f 2000/1975/1899 1999/1974/1898 1968/1983/1907
f 1979/1992/1916 1986/1998/1922 2001/1976/1900
f 2001/1976/1900 2000/1975/1899 1979/1992/1916
f 1986/1998/1922 1993/2004/1928 2002/1977/1901
f 2002/1977/1901 2001/1976/1900 1986/1998/1922
f 2013/2013/1937 2014/2014/1938 2015/2015/1939
f 2015/2015/1939 2016/2016/1940 2013/2013/1937
f 2017/2017/1941 2013/2013/1937 2016/2016/1940
f 2016/2016/1940 2018/2018/1942 2017/2017/1941
f 2019/2019/1943 2020/2020/1944 2021/2021/1945
f 2021/2021/1945 2022/2022/1946 2019/2019/1943
f 2023/2023/1947 2019/2019/1943 2022/2022/1946
f 2022/2022/1946 2024/2024/1948 2023/2023/1947
f 2025/2025/1949 2023/2023/1947 2024/2024/1948
f 2024/2024/1948 2026/2026/1950 2025/2025/1949
f 2027/2027/1951 2025/2025/1949 2026/2026/1950
f 2026/2026/1950 2028/2028/1952 2027/2027/1951
f 2029/2029/1953 2027/2027/1951 2028/2028/1952
f 2028/2028/1952 2030/2030/1954 2029/2029/1953
f 2014/2014/1938 2029/2029/1953 2030/2030/1954
f 2030/2030/1954 2015/2015/1939 2014/2014/1938
f 2031/2031/1955 2032/2032/1956 2033/2033/1957
f 2033/2033/1957 2034/2034/1958 2031/2031/1955
f 2035/2035/1959 2031/2031/1955 2034/2034/1958
f 2034/2034/1958 2036/2036/1960 2035/2035/1959
f 2037/2037/1961 2035/2035/1959 2036/2036/1960
f 2036/2036/1960 2038/2038/1962 2037/2037/1961
f 2039/2039/1963 2037/2037/1961 2038/2038/1962
f 2038/2038/1962 2040/2040/1964 2039/2039/1963
f 2041/2041/1965 2039/2039/1963 2040/2040/1964
f 2040/2040/1964 2042/2042/1966 2041/2041/1965
f 2043/2043/1967 2041/2041/1965 2042/2042/1966
f 2042/2042/1966 2044/2044/1968 2043/2043/1967
f 2045/2045/1969 2043/2043/1967 2044/2044/1968
f 2044/2044/1968 2046/2046/1970 2045/2045/1969
f 2032/2032/1956 2047/2047/1971 2048/2048/1972
f 2048/2048/1972 2033/2033/1957 2032/2032/1956
f 2049/2049/1973 2050/2050/1974 2032/2032/1956
f 2032/2032/1956 2031/2031/1955 2049/2049/1973
f 2051/2051/1975 2049/2049/1973 2031/2031/1955
f 2031/2031/1955 2035/2035/1959 2051/2051/1975
f 2052/2052/1976 2051/2051/1975 2035/2035/1959
f 2035/2035/1959 2037/2037/1961 2052/2052/1976
f 2053/2053/1977 2052/2052/1976 2037/2037/1961
f 2037/2037/1961 2039/2039/1963 2053/2053/1977
f 2054/2054/1978 2053/2053/1977 2039/2039/1963
f 2039/2039/1963 2041/2041/1965 2054/2054/1978
f 2055/2055/1979 2054/2054/1978 2041/2041/1965
f 2041/2041/1965 2043/2043/1967 2055/2055/1979
f 2056/2056/1980 2055/2055/1979 2043/2043/1967
f 2043/2043/1967 2045/2045/1969 2056/2056/1980
f 2050/2050/1974 2057/2057/1981 2047/2047/1971
f 2047/2047/1971 2032/2032/1956 2050/2050/1974
f 2016/2016/1940 2015/2015/1939 2058/2058/1982
f 2058/2058/1982 2059/2059/1983 2016/2016/1940
f 2018/2018/1942 2016/2016/1940 2059/2059/1983
f 2059/2059/1983 2060/2060/1984 2018/2018/1942
f 2022/2022/1946 2021/2021/1945 2061/2061/1985
f 2061/2061/1985 2062/2062/1986 2022/2022/1946
f 2024/2024/1948 2022/2022/1946 2062/2062/1986
f 2062/2062/1986 2063/2063/1987 2024/2024/1948
f 2026/2026/1950 2024/2024/1948 2063/2063/1987
f 2063/2063/1987 2064/2064/1988 2026/2026/1950
f 2028/2028/1952 2026/2026/1950 2064/2064/1988
f 2064/2064/1988 2065/2065/1989 2028/2028/1952
f 2030/2030/1954 2028/2028/1952 2065/2065/1989
f 2065/2065/1989 2066/2066/1990 2030/2030/1954
f 2015/2015/1939 2030/2030/1954 2066/2066/1990
f 2066/2066/1990 2058/2058/1982 2015/2015/1939
f 2067/2067/1937 2068/2068/1938 2069/2069/1939
f 2069/2069/1939 2070/2070/1940 2067/2067/1937
f 2071/2071/1941 2067/2067/1937 2070/2070/1940
f 2070/2070/1940 2072/2072/1942 2071/2071/1941
f 2073/2073/1943 2074/2074/1944 2075/2075/1945
f 2075/2075/1945 2076/2076/1946 2073/2073/1943
f 2077/2077/1947 2073/2073/1943 2076/2076/1946
f 2076/2076/1946 2078/2078/1948 2077/2077/1947
f 2079/2079/1949 2077/2077/1947 2078/2078/1948
f 2078/2078/1948 2080/2080/1950 2079/2079/1949
f 2081/2081/1951 2079/2079/1949 2080/2080/1950
f 2080/2080/1950 2082/2082/1952 2081/2081/1951
f 2083/2083/1953 2081/2081/1951 2082/2082/1952
f 2082/2082/1952 2084/2084/1954 2083/2083/1953
f 2068/2068/1938 2083/2083/1953 2084/2084/1954
f 2084/2084/1954 2069/2069/1939 2068/2068/1938
f 2085/2085/1955 2086/2086/1956 2087/2087/1957
f 2087/2087/1957 2088/2088/1958 2085/2085/1955
f 2089/2089/1959 2085/2085/1955 2088/2088/1958
f 2088/2088/1958 2090/2090/1960 2089/2089/1959
f 2091/2091/1961 2089/2089/1959 2090/2090/1960
f 2090/2090/1960 2092/2092/1962 2091/2091/1961
f 2093/2093/1963 2091/2091/1961 2092/2092/1962
f 2092/2092/1962 2094/2094/1964 2093/2093/1963
f 2095/2095/1965 2093/2093/1963 2094/2094/1964
f 2094/2094/1964 2096/2096/1966 2095/2095/1965
f 2097/2097/1967 2095/2095/1965 2096/2096/1966
f 2096/2096/1966 2098/2098/1968 2097/2097/1967
f 2099/2099/1969 2097/2097/1967 2098/2098/1968
f 2098/2098/1968 2100/2100/1970 2099/2099/1969
f 2086/2086/1956 2101/2101/1971 2102/2102/1972
f 2102/2102/1972 2087/2087/1957 2086/2086/1956
f 2103/2103/1973 2104/2104/1974 2086/2086/1956
f 2086/2086/1956 2085/2085/1955 2103/2103/1973
f 2105/2105/1975 2103/2103/1973 2085/2085/1955
f 2085/2085/1955 2089/2089/1959 2105/2105/1975
f 2106/2106/1976 2105/2105/1975 2089/2089/1959
f 2089/2089/1959 2091/2091/1961 2106/2106/1976
f 2107/2107/1977 2106/2106/1976 2091/2091/1961
f 2091/2091/1961 2093/2093/1963 2107/2107/1977
f 2108/2108/1978 2107/2107/1977 2093/2093/1963
f 2093/2093/1963 2095/2095/1965 2108/2108/1978
f 2109/2109/1979 2108/2108/1978 2095/2095/1965
f 2095/2095/1965 2097/2097/1967 2109/2109/1979
f 2110/2110/1980 2109/2109/1979 2097/2097/1967
f 2097/2097/1967 2099/2099/1969 2110/2110/1980
f 2104/2104/1974 2111/2111/1981 2101/2101/1971
f 2101/2101/1971 2086/2086/1956 2104/2104/1974
f 2070/2070/1940 2069/2069/1939 2112/2112/1982
f 2112/2112/1982 2113/2113/1983 2070/2070/1940
f 2072/2072/1942 2070/2070/1940 2113/2113/1983
f 2113/2113/1983 2114/2114/1984 2072/2072/1942
f 2076/2076/1946 2075/2075/1945 2115/2115/1985
f 2115/2115/1985 2116/2116/1986 2076/2076/1946
f 2078/2078/1948 2076/2076/1946 2116/2116/1986
f 2116/2116/1986 2117/2117/1987 2078/2078/1948
f 2080/2080/1950 2078/2078/1948 2117/2117/1987
f 2117/2117/1987 2118/2118/1988 2080/2080/1950
f 2082/2082/1952 2080/2080/1950 2118/2118/1988
f 2118/2118/1988 2119/2119/1989 2082/2082/1952
f 2084/2084/1954 2082/2082/1952 2119/2119/1989
f 2119/2119/1989 2120/2120/1990 2084/2084/1954
f 2069/2069/1939 2084/2084/1954 2120/2120/1990
f 2120/2120/1990 2112/2112/1982 2069/2069/1939
f 2121/2121/1937 2122/2122/1938 2123/2123/1939
f 2123/2123/1939 2124/2124/1940 2121/2121/1937
f 2125/2125/1941 2121/2121/1937 2124/2124/1940
f 2124/2124/1940 2126/2126/1942 2125/2125/1941
f 2127/2127/1943 2128/2128/1991 2129/2129/1945
f 2129/2129/1945 2130/2130/1992 2127/2127/1943
f 2131/2131/1993 2127/2127/1943 2130/2130/1992
f 2130/2130/1992 2132/2132/1994 2131/2131/1993
f 2133/2133/1949 2131/2131/1993 2132/2132/1994
f 2132/2132/1994 2134/2134/1950 2133/2133/1949
f 2135/2135/1951 2133/2133/1949 2134/2134/1950
f 2134/2134/1950 2136/2136/1952 2135/2135/1951
f 2137/2137/1953 2135/2135/1951 2136/2136/1952
f 2136/2136/1952 2138/2138/1954 2137/2137/1953
f 2122/2122/1938 2137/2137/1953 2138/2138/1954
f 2138/2138/1954 2123/2123/1939 2122/2122/1938
f 2139/2139/1995 2140/2140/1956 2141/2141/1996
f 2141/2141/1996 2142/2142/1958 2139/2139/1995
f 2143/2143/1959 2139/2139/1995 2142/2142/1958
f 2142/2142/1958 2144/2144/1960 2143/2143/1959
f 2145/2145/1961 2143/2143/1959 2144/2144/1960
f 2144/2144/1960 2146/2146/1962 2145/2145/1961
f 2147/2147/1963 2145/2145/1961 2146/2146/1962
f 2146/2146/1962 2148/2148/1964 2147/2147/1963
f 2149/2149/1965 2147/2147/1963 2148/2148/1964
f 2148/2148/1964 2150/2150/1966 2149/2149/1965
f 2151/2151/1967 2149/2149/1965 2150/2150/1966
f 2150/2150/1966 2152/2152/1997 2151/2151/1967
f 2153/2153/1969 2151/2151/1967 2152/2152/1997
f 2152/2152/1997 2154/2154/1970 2153/2153/1969
f 2140/2140/1956 2155/2155/1971 2156/2156/1972
f 2156/2156/1972 2141/2141/1996 2140/2140/1956
f 2157/2157/1973 2158/2158/1998 2140/2140/1956
f 2140/2140/1956 2139/2139/1995 2157/2157/1973
f 2159/2159/1975 2157/2157/1973 2139/2139/1995
f 2139/2139/1995 2143/2143/1959 2159/2159/1975
f 2160/2160/1976 2159/2159/1975 2143/2143/1959
f 2143/2143/1959 2145/2145/1961 2160/2160/1976
f 2161/2161/1977 2160/2160/1976 2145/2145/1961
f 2145/2145/1961 2147/2147/1963 2161/2161/1977
f 2162/2162/1978 2161/2161/1977 2147/2147/1963
f 2147/2147/1963 2149/2149/1965 2162/2162/1978
f 2163/2163/1979 2162/2162/1978 2149/2149/1965
f 2149/2149/1965 2151/2151/1967 2163/2163/1979
f 2164/2164/1980 2163/2163/1979 2151/2151/1967
f 2151/2151/1967 2153/2153/1969 2164/2164/1980
f 2158/2158/1998 2165/2165/1981 2155/2155/1971
f 2155/2155/1971 2140/2140/1956 2158/2158/1998
f 2124/2124/1940 2123/2123/1939 2166/2166/1982
f 2166/2166/1982 2167/2167/1999 2124/2124/1940
f 2126/2126/1942 2124/2124/1940 2167/2167/1999
f 2167/2167/1999 2168/2168/1984 2126/2126/1942
f 2130/2130/1992 2129/2129/1945 2169/2169/1985
f 2169/2169/1985 2170/2170/1986 2130/2130/1992
f 2132/2132/1994 2130/2130/1992 2170/2170/1986
f 2170/2170/1986 2171/2171/1987 2132/2132/1994
f 2134/2134/1950 2132/2132/1994 2171/2171/1987
f 2171/2171/1987 2172/2172/2000 2134/2134/1950
f 2136/2136/1952 2134/2134/1950 2172/2172/2000
f 2172/2172/2000 2173/2173/1989 2136/2136/1952
f 2138/2138/1954 2136/2136/1952 2173/2173/1989
f 2173/2173/1989 2174/2174/1990 2138/2138/1954
f 2123/2123/1939 2138/2138/1954 2174/2174/1990
f 2174/2174/1990 2166/2166/1982 2123/2123/1939
f 2175/2175/2001 2177/2176/2002 2176/2177/2003
f 2177/2176/2002 2175/2175/2001 2178/2178/2004
f 2176/2177/2003 2180/2179/2005 2179/2180/2006
f 2180/2179/2005 2176/2177/2003 2177/2176/2002
f 2181/2181/2007 2183/2182/2008 2182/2183/2009
f 2183/2182/2008 2181/2181/2007 2184/2184/2010
f 2182/2183/2009 2186/2185/2011 2185/2186/2012
f 2186/2185/2011 2182/2183/2009 2183/2182/2008
f 2185/2186/2012 2188/2187/2013 2187/2188/2014
f 2188/2187/2013 2185/2186/2012 2186/2185/2011
f 2187/2188/2014 2190/2189/2015 2189/2190/2016
f 2190/2189/2015 2187/2188/2014 2188/2187/2013
f 2189/2190/2016 2192/2191/2017 2191/2192/2018
f 2192/2191/2017 2189/2190/2016 2190/2189/2015
f 2191/2192/2018 2178/2178/2004 2175/2175/2001
f 2178/2178/2004 2191/2192/2018 2192/2191/2017
f 2178/2178/2004 2193/2193/2019 2177/2176/2002
f 2193/2193/2019 2178/2178/2004 2194/2194/2020
f 2177/2176/2002 2195/2195/2021 2180/2179/2005
f 2195/2195/2021 2177/2176/2002 2193/2193/2019
f 2184/2184/2010 2196/2196/2022 2183/2182/2008
f 2196/2196/2022 2184/2184/2010 2197/2197/2023
f 2183/2182/2008 2198/2198/2024 2186/2185/2011
f 2198/2198/2024 2183/2182/2008 2196/2196/2022
f 2186/2185/2011 2199/2199/2025 2188/2187/2013
f 2199/2199/2025 2186/2185/2011 2198/2198/2024
f 2188/2187/2013 2200/2200/2026 2190/2189/2015
f 2200/2200/2026 2188/2187/2013 2199/2199/2025
f 2190/2189/2015 2201/2201/2027 2192/2191/2017
f 2201/2201/2027 2190/2189/2015 2200/2200/2026
f 2192/2191/2017 2194/2194/2020 2178/2178/2004
f 2194/2194/2020 2192/2191/2017 2201/2201/2027
f 2202/2202/2028 2204/2203/2029 2203/2204/2030
f 2204/2203/2029 2202/2202/2028 2205/2205/2031
f 2205/2205/2031 2206/2206/2032 2204/2203/2029
f 2206/2206/2032 2205/2205/2031 2207/2207/2033
f 2208/2208/2034 2210/2209/2035 2209/2210/2036
f 2210/2209/2035 2208/2208/2034 2211/2211/2037
f 2211/2211/2037 2212/2212/2038 2210/2209/2035
f 2212/2212/2038 2211/2211/2037 2213/2213/2039
f 2213/2213/2039 2214/2214/2040 2212/2212/2038
f 2214/2214/2040 2213/2213/2039 2215/2215/2041
f 2215/2215/2041 2216/2216/2042 2214/2214/2040
f 2216/2216/2042 2215/2215/2041 2217/2217/2043
f 2217/2217/2043 2218/2218/2044 2216/2216/2042
f 2218/2218/2044 2217/2217/2043 2219/2219/2045
f 2219/2219/2045 2203/2204/2030 2218/2218/2044
f 2203/2204/2030 2219/2219/2045 2202/2202/2028
f 2203/2204/2030 2221/2220/2046 2220/2221/2047
f 2221/2220/2046 2203/2204/2030 2204/2203/2029
f 2204/2203/2029 2222/2222/2048 2221/2220/2046
f 2222/2222/2048 2204/2203/2029 2206/2206/2032
f 2209/2210/2036 2224/2223/2049 2223/2224/2050
f 2224/2223/2049 2209/2210/2036 2210/2209/2035
f 2210/2209/2035 2225/2225/2051 2224/2223/2049
f 2225/2225/2051 2210/2209/2035 2212/2212/2038
f 2212/2212/2038 2226/2226/2052 2225/2225/2051
f 2226/2226/2052 2212/2212/2038 2214/2214/2040
f 2214/2214/2040 2227/2227/2053 2226/2226/2052
f 2227/2227/2053 2214/2214/2040 2216/2216/2042
f 2216/2216/2042 2228/2228/2054 2227/2227/2053
f 2228/2228/2054 2216/2216/2042 2218/2218/2044
f 2218/2218/2044 2220/2221/2047 2228/2228/2054
f 2220/2221/2047 2218/2218/2044 2203/2204/2030
f 2213/2213/2039 2182/2183/2009 2185/2186/2012
f 2182/2183/2009 2213/2213/2039 2211/2211/2037
f 2187/2188/2014 2213/2213/2039 2185/2186/2012
f 2213/2213/2039 2187/2188/2014 2215/2215/2041
f 2207/2207/2033 2182/2183/2009 2211/2211/2037
f 2182/2183/2009 2207/2207/2033 2181/2181/2007
f 2205/2205/2031 2181/2181/2007 2207/2207/2033
f 2181/2181/2007 2205/2205/2031 2176/2177/2003
f 2202/2202/2028 2176/2177/2003 2205/2205/2031
f 2176/2177/2003 2202/2202/2028 2175/2175/2001
f 2175/2175/2001 2219/2219/2045 2191/2192/2018
f 2219/2219/2045 2175/2175/2001 2202/2202/2028
f 2191/2192/2018 2217/2217/2043 2189/2190/2016
f 2217/2217/2043 2191/2192/2018 2219/2219/2045
f 2189/2190/2016 2215/2215/2041 2187/2188/2014
f 2215/2215/2041 2189/2190/2016 2217/2217/2043
f 2229/2229/2055 2231/2230/2056 2230/2231/2057
f 2231/2230/2056 2229/2229/2055 2232/2232/2058
f 2232/2232/2058 2233/2233/2059 2231/2230/2056
f 2233/2233/2059 2232/2232/2058 2234/2234/2060
f 2235/2235/2061 2237/2236/2062 2236/2237/2063
f 2237/2236/2062 2235/2235/2061 2238/2238/2064
f 2238/2238/2064 2239/2239/2065 2237/2236/2062
f 2239/2239/2065 2238/2238/2064 2240/2240/2066
f 2240/2240/2066 2241/2241/2067 2239/2239/2065
f 2241/2241/2067 2240/2240/2066 2242/2242/2068
f 2242/2242/2068 2243/2243/2069 2241/2241/2067
f 2243/2243/2069 2242/2242/2068 2244/2244/2070
f 2244/2244/2070 2245/2245/2071 2243/2243/2069
f 2245/2245/2071 2244/2244/2070 2246/2246/2072
f 2246/2246/2072 2230/2231/2057 2245/2245/2071
f 2230/2231/2057 2246/2246/2072 2229/2229/2055
f 2230/2231/2057 2248/2247/2073 2247/2248/2074
f 2248/2247/2073 2230/2231/2057 2231/2230/2056
f 2231/2230/2056 2249/2249/2075 2248/2247/2073
f 2249/2249/2075 2231/2230/2056 2233/2233/2059
f 2236/2237/2063 2251/2250/2076 2250/2251/2077
f 2251/2250/2076 2236/2237/2063 2237/2236/2062
f 2237/2236/2062 2252/2252/2078 2251/2250/2076
f 2252/2252/2078 2237/2236/2062 2239/2239/2065
f 2239/2239/2065 2253/2253/2079 2252/2252/2078
f 2253/2253/2079 2239/2239/2065 2241/2241/2067
f 2241/2241/2067 2254/2254/2080 2253/2253/2079
f 2254/2254/2080 2241/2241/2067 2243/2243/2069
f 2243/2243/2069 2255/2255/2081 2254/2254/2080
f 2255/2255/2081 2243/2243/2069 2245/2245/2071
f 2245/2245/2071 2247/2248/2074 2255/2255/2081
f 2247/2248/2074 2245/2245/2071 2230/2231/2057
f 2256/2256/2082 2258/2257/2083 2257/2258/2084
f 2258/2257/2083 2256/2256/2082 2259/2259/2085
f 2257/2258/2084 2261/2260/2086 2260/2261/2087
f 2261/2260/2086 2257/2258/2084 2258/2257/2083
f 2262/2262/2088 2264/2263/2089 2263/2264/2090
f 2264/2263/2089 2262/2262/2088 2265/2265/2091
f 2263/2264/2090 2267/2266/2092 2266/2267/2093
f 2267/2266/2092 2263/2264/2090 2264/2263/2089
f 2266/2267/2093 2269/2268/2094 2268/2269/2095
f 2269/2268/2094 2266/2267/2093 2267/2266/2092
f 2268/2269/2095 2271/2270/2096 2270/2271/2097
f 2271/2270/2096 2268/2269/2095 2269/2268/2094
f 2270/2271/2097 2273/2272/2098 2272/2273/2099
f 2273/2272/2098 2270/2271/2097 2271/2270/2096
f 2272/2273/2099 2259/2259/2085 2256/2256/2082
f 2259/2259/2085 2272/2273/2099 2273/2272/2098
f 2259/2259/2085 2274/2274/2100 2258/2257/2083
f 2274/2274/2100 2259/2259/2085 2275/2275/2101
f 2258/2257/2083 2276/2276/2102 2261/2260/2086
f 2276/2276/2102 2258/2257/2083 2274/2274/2100
f 2265/2265/2091 2277/2277/2103 2264/2263/2089
f 2277/2277/2103 2265/2265/2091 2278/2278/2104
f 2264/2263/2089 2279/2279/2105 2267/2266/2092
f 2279/2279/2105 2264/2263/2089 2277/2277/2103
f 2267/2266/2092 2280/2280/2106 2269/2268/2094
f 2280/2280/2106 2267/2266/2092 2279/2279/2105
f 2269/2268/2094 2281/2281/2107 2271/2270/2096
f 2281/2281/2107 2269/2268/2094 2280/2280/2106
f 2271/2270/2096 2282/2282/2108 2273/2272/2098
f 2282/2282/2108 2271/2270/2096 2281/2281/2107
f 2273/2272/2098 2275/2275/2101 2259/2259/2085
f 2275/2275/2101 2273/2272/2098 2282/2282/2108
f 2266/2267/2093 2238/2238/2064 2263/2264/2090
f 2238/2238/2064 2266/2267/2093 2240/2240/2066
f 2242/2242/2068 2266/2267/2093 2268/2269/2095
f 2266/2267/2093 2242/2242/2068 2240/2240/2066
f 2260/2261/2087 2238/2238/2064 2235/2235/2061
f 2238/2238/2064 2260/2261/2087 2263/2264/2090
f 2257/2258/2084 2235/2235/2061 2232/2232/2058
f 2235/2235/2061 2257/2258/2084 2260/2261/2087
f 2256/2256/2082 2232/2232/2058 2229/2229/2055
f 2232/2232/2058 2256/2256/2082 2257/2258/2084
f 2229/2229/2055 2272/2273/2099 2256/2256/2082
f 2272/2273/2099 2229/2229/2055 2246/2246/2072
f 2246/2246/2072 2270/2271/2097 2272/2273/2099
f 2270/2271/2097 2246/2246/2072 2244/2244/2070
f 2244/2244/2070 2268/2269/2095 2270/2271/2097
f 2268/2269/2095 2244/2244/2070 2242/2242/2068
f 2224/2223/2049 2225/2225/2051 2198/2198/2024
f 2198/2198/2024 2196/2196/2022 2224/2223/2049
f 2223/2224/2050 2224/2223/2049 2196/2196/2022
f 2196/2196/2022 2197/2197/2023 2223/2224/2050
f 2221/2220/2046 2223/2224/2050 2197/2197/2023
f 2197/2197/2023 2193/2193/2019 2221/2220/2046
f 2194/2194/2020 2220/2221/2047 2221/2220/2046
f 2221/2220/2046 2193/2193/2019 2194/2194/2020
f 2228/2228/2054 2220/2221/2047 2194/2194/2020
f 2194/2194/2020 2201/2201/2027 2228/2228/2054
f 2225/2225/2051 2226/2226/2052 2199/2199/2025
f 2199/2199/2025 2198/2198/2024 2225/2225/2051
f 2226/2226/2052 2227/2227/2053 2200/2200/2026
f 2200/2200/2026 2199/2199/2025 2226/2226/2052
f 2227/2227/2053 2228/2228/2054 2201/2201/2027
f 2201/2201/2027 2200/2200/2026 2227/2227/2053
f 2277/2277/2103 2251/2250/2076 2252/2252/2078
f 2252/2252/2078 2279/2279/2105 2277/2277/2103
f 2279/2279/2105 2252/2252/2078 2253/2253/2079
f 2253/2253/2079 2280/2280/2106 2279/2279/2105
f 2253/2253/2079 2254/2254/2080 2281/2281/2107
f 2281/2281/2107 2280/2280/2106 2253/2253/2079
f 2281/2281/2107 2254/2254/2080 2255/2255/2081
f 2255/2255/2081 2282/2282/2108 2281/2281/2107
f 2282/2282/2108 2255/2255/2081 2247/2248/2074
f 2247/2248/2074 2275/2275/2101 2282/2282/2108
f 2275/2275/2101 2247/2248/2074 2248/2247/2073
f 2248/2247/2073 2274/2274/2100 2275/2275/2101
f 2274/2274/2100 2248/2247/2073 2250/2251/2077
f 2250/2251/2077 2278/2278/2104 2274/2274/2100
f 2278/2278/2104 2250/2251/2077 2251/2250/2076
f 2251/2250/2076 2277/2277/2103 2278/2278/2104
f 2283/2283/2109 2284/2284/2110 2285/2285/2111
f 2285/2285/2111 2286/2286/2112 2283/2283/2109
f 2284/2284/2110 2287/2287/2113 2288/2288/2114
f 2288/2288/2114 2285/2285/2111 2284/2284/2110
f 2287/2287/2113 2289/2289/2115 2290/2290/2116
f 2290/2290/2116 2288/2288/2114 2287/2287/2113
f 2291/2291/2117 2292/2292/2118 2293/2293/2119
f 2293/2293/2119 2294/2294/2120 2291/2291/2117
f 2293/2293/2119 2283/2283/2109 2286/2286/2112
f 2286/2286/2112 2294/2294/2120 2293/2293/2119
f 2295/2295/2121 2296/2296/2122 2284/2284/2110
f 2284/2284/2110 2283/2283/2109 2295/2295/2121
f 2297/2297/2123 2298/2298/2124 2286/2286/2112
f 2286/2286/2112 2285/2285/2111 2297/2297/2123
f 2296/2296/2122 2299/2299/2125 2287/2287/2113
f 2287/2287/2113 2284/2284/2110 2296/2296/2122
f 2300/2300/2126 2297/2297/2123 2285/2285/2111
f 2285/2285/2111 2288/2288/2114 2300/2300/2126
f 2299/2299/2125 2301/2301/2127 2289/2289/2115
f 2289/2289/2115 2287/2287/2113 2299/2299/2125
f 2302/2302/2128 2300/2300/2126 2288/2288/2114
f 2288/2288/2114 2290/2290/2116 2302/2302/2128
f 2292/2292/2118 2303/2303/2129 2304/2304/2130
f 2304/2304/2130 2293/2293/2119 2292/2292/2118
f 2294/2294/2120 2305/2305/2131 2306/2306/2132
f 2306/2306/2132 2291/2291/2117 2294/2294/2120
f 2304/2304/2130 2295/2295/2121 2283/2283/2109
f 2283/2283/2109 2293/2293/2119 2304/2304/2130
f 2298/2298/2124 2305/2305/2131 2294/2294/2120
f 2294/2294/2120 2286/2286/2112 2298/2298/2124
f 2307/2307/2133 2308/2308/2134 2309/2309/2135
f 2309/2309/2135 2310/2310/2136 2307/2307/2133
f 2310/2310/2136 2309/2309/2135 2311/2311/2137
f 2311/2311/2137 2312/2312/2138 2310/2310/2136
f 2312/2312/2138 2311/2311/2137 2313/2313/2139
f 2313/2313/2139 2314/2314/2140 2312/2312/2138
f 2315/2315/2141 2316/2316/2142 2317/2317/2143
f 2317/2317/2143 2318/2318/2144 2315/2315/2141
f 2317/2317/2143 2316/2316/2142 2308/2308/2134
f 2308/2308/2134 2307/2307/2133 2317/2317/2143
f 2319/2319/2145 2307/2307/2133 2310/2310/2136
f 2310/2310/2136 2320/2320/2146 2319/2319/2145
f 2321/2321/2147 2309/2309/2135 2308/2308/2134
f 2308/2308/2134 2322/2322/2148 2321/2321/2147
f 2320/2320/2146 2310/2310/2136 2312/2312/2138
f 2312/2312/2138 2323/2323/2149 2320/2320/2146
f 2324/2324/2150 2311/2311/2137 2309/2309/2135
f 2309/2309/2135 2321/2321/2147 2324/2324/2150
f 2323/2323/2149 2312/2312/2138 2314/2314/2140
f 2314/2314/2140 2325/2325/2151 2323/2323/2149
f 2326/2326/2152 2313/2313/2139 2311/2311/2137
f 2311/2311/2137 2324/2324/2150 2326/2326/2152
f 2318/2318/2144 2317/2317/2143 2327/2327/2153
f 2327/2327/2153 2328/2328/2154 2318/2318/2144
f 2316/2316/2142 2315/2315/2141 2329/2329/2155
f 2329/2329/2155 2330/2330/2156 2316/2316/2142
f 2327/2327/2153 2317/2317/2143 2307/2307/2133
f 2307/2307/2133 2319/2319/2145 2327/2327/2153
f 2322/2322/2148 2308/2308/2134 2316/2316/2142
f 2316/2316/2142 2330/2330/2156 2322/2322/2148
f 2331/2331/2157 2332/2332/2158 2333/2333/2159
f 2333/2333/2159 2334/2334/2160 2331/2331/2157
f 2334/2334/2160 2333/2333/2159 2335/2335/2161
f 2335/2335/2161 2336/2336/2162 2334/2334/2160
f 2336/2336/2162 2335/2335/2161 2337/2337/2163
f 2337/2337/2163 2338/2338/2164 2336/2336/2162
f 2339/2339/2165 2340/2340/2166 2332/2332/2158
f 2332/2332/2158 2331/2331/2157 2339/2339/2165
f 2341/2341/2167 2331/2331/2157 2334/2334/2160
f 2334/2334/2160 2342/2342/2168 2341/2341/2167
f 2343/2343/2169 2333/2333/2159 2332/2332/2158
f 2332/2332/2158 2344/2344/2170 2343/2343/2169
f 2342/2342/2168 2334/2334/2160 2336/2336/2162
f 2336/2336/2162 2345/2345/2171 2342/2342/2168
f 2346/2346/2172 2335/2335/2161 2333/2333/2159
f 2333/2333/2159 2343/2343/2169 2346/2346/2172
f 2345/2345/2171 2336/2336/2162 2338/2338/2164
f 2338/2338/2164 2347/2347/2173 2345/2345/2171
f 2348/2348/2174 2337/2337/2163 2335/2335/2161
f 2335/2335/2161 2346/2346/2172 2348/2348/2174
f 2349/2349/2175 2339/2339/2165 2331/2331/2157
f 2331/2331/2157 2341/2341/2167 2349/2349/2175
f 2344/2344/2170 2332/2332/2158 2340/2340/2166
f 2340/2340/2166 2350/2350/2176 2344/2344/2170
f 2351/2351/2177 2352/2352/2178 2353/2353/2179
f 2353/2353/2179 2354/2354/2180 2351/2351/2177
f 2352/2352/2178 2355/2355/2181 2356/2356/2182
f 2356/2356/2182 2353/2353/2179 2352/2352/2178
f 2355/2355/2181 2357/2357/2183 2358/2358/2184
f 2358/2358/2184 2356/2356/2182 2355/2355/2181
f 2359/2359/2185 2351/2351/2177 2354/2354/2180
f 2354/2354/2180 2360/2360/2186 2359/2359/2185
f 2361/2361/2187 2362/2362/2188 2352/2352/2178
f 2352/2352/2178 2351/2351/2177 2361/2361/2187
f 2363/2363/2189 2364/2364/2190 2354/2354/2180
f 2354/2354/2180 2353/2353/2179 2363/2363/2189
f 2362/2362/2188 2365/2365/2191 2355/2355/2181
f 2355/2355/2181 2352/2352/2178 2362/2362/2188
f 2366/2366/2192 2363/2363/2189 2353/2353/2179
f 2353/2353/2179 2356/2356/2182 2366/2366/2192
f 2365/2365/2191 2367/2367/2193 2357/2357/2183
f 2357/2357/2183 2355/2355/2181 2365/2365/2191
f 2368/2368/2194 2366/2366/2192 2356/2356/2182
f 2356/2356/2182 2358/2358/2184 2368/2368/2194
f 2369/2369/2195 2361/2361/2187 2351/2351/2177
f 2351/2351/2177 2359/2359/2185 2369/2369/2195
f 2364/2364/2190 2370/2370/2196 2360/2360/2186
f 2360/2360/2186 2354/2354/2180 2364/2364/2190
f 2371/2371/2197 2372/2372/2198 2373/2373/2199
f 2373/2373/2199 2374/2374/2200 2371/2371/2197
f 2375/2375/2201 2376/2376/2202 2373/2373/2199
f 2373/2373/2199 2372/2372/2198 2375/2375/2201
f 2379/2377/2203 2380/2378/2204 2381/2379/2205
f 2374/2374/2200 2373/2373/2199 2382/2380/2206
f 2382/2380/2206 2383/2381/2207 2374/2374/2200
f 2373/2373/2199 2376/2376/2202 2384/2382/2208
f 2384/2382/2208 2382/2380/2206 2373/2373/2199
f 2378/2383/2209 2377/2384/2210 2385/2385/2211
f 2385/2385/2211 2386/2386/2212 2378/2383/2209
f 2380/2378/2204 2387/2387/2213 2388/2388/2214
f 2388/2388/2214 2381/2379/2205 2380/2378/2204
f 2383/2381/2207 2382/2380/2206 2389/2389/2215
f 2389/2389/2215 2390/2390/2216 2383/2381/2207
f 2382/2380/2206 2384/2382/2208 2391/2391/2217
f 2391/2391/2217 2389/2389/2215 2382/2380/2206
f 2386/2386/2212 2385/2385/2211 2392/2392/2218
f 2392/2392/2218 2393/2393/2219 2386/2386/2212
f 2387/2387/2213 2394/2394/2220 2395/2395/2221
f 2395/2395/2221 2388/2388/2214 2387/2387/2213
f 2390/2390/2216 2389/2389/2215 2396/2396/2222
f 2396/2396/2222 2397/2397/2223 2390/2390/2216
f 2389/2389/2215 2391/2391/2217 2398/2398/2224
f 2398/2398/2224 2396/2396/2222 2389/2389/2215
f 2392/2392/2218 2399/2399/2225 2400/2400/2226
f 2400/2400/2226 2393/2393/2219 2392/2392/2218
f 2394/2394/2220 2401/2401/2227 2402/2402/2228
f 2402/2402/2228 2395/2395/2221 2394/2394/2220
f 2377/2384/2210 2381/2379/2205 2388/2388/2214
f 2388/2388/2214 2385/2385/2211 2377/2384/2210
f 2385/2385/2211 2388/2388/2214 2395/2395/2221
f 2395/2395/2221 2392/2392/2218 2385/2385/2211
f 2392/2392/2218 2395/2395/2221 2402/2402/2228
f 2402/2402/2228 2399/2399/2225 2392/2392/2218
f 2371/2371/2197 2374/2374/2200 2403/2403/2229
f 2403/2403/2229 2404/2404/2230 2371/2371/2197
f 2374/2374/2200 2383/2381/2207 2405/2405/2231
f 2405/2405/2231 2403/2403/2229 2374/2374/2200
f 2383/2381/2207 2390/2390/2216 2406/2406/2232
f 2406/2406/2232 2405/2405/2231 2383/2381/2207
f 2406/2406/2232 2390/2390/2216 2397/2397/2223
f 2397/2397/2223 2407/2407/2233 2406/2406/2232
f 2375/2375/2201 2408/2408/2234 2409/2409/2235
f 2409/2409/2235 2376/2376/2202 2375/2375/2201
f 2376/2376/2202 2409/2409/2235 2410/2410/2236
f 2410/2410/2236 2384/2382/2208 2376/2376/2202
f 2384/2382/2208 2410/2410/2236 2411/2411/2237
f 2411/2411/2237 2391/2391/2217 2384/2382/2208
f 2391/2391/2217 2411/2411/2237 2412/2412/2238
f 2412/2412/2238 2398/2398/2224 2391/2391/2217
f 2413/2413/2239 2414/2414/2240 2415/2415/2241
f 2415/2415/2241 2416/2416/2242 2413/2413/2239
f 2417/2417/2243 2416/2416/2242 2415/2415/2241
f 2415/2415/2241 2418/2418/2244 2417/2417/2243
f 2421/2419/2245 2422/2420/2246 2420/2421/2247
f 2414/2414/2240 2423/2422/2248 2424/2423/2249
f 2424/2423/2249 2415/2415/2241 2414/2414/2240
f 2415/2415/2241 2424/2423/2249 2425/2424/2250
f 2425/2424/2250 2418/2418/2244 2415/2415/2241
f 2378/2383/2209 2386/2386/2212 2426/2425/2251
f 2426/2425/2251 2419/2426/2252 2378/2383/2209
f 2422/2420/2246 2421/2419/2245 2427/2427/2253
f 2427/2427/2253 2428/2428/2254 2422/2420/2246
f 2423/2422/2248 2429/2429/2255 2430/2430/2256
f 2430/2430/2256 2424/2423/2249 2423/2422/2248
f 2424/2423/2249 2430/2430/2256 2431/2431/2257
f 2431/2431/2257 2425/2424/2250 2424/2423/2249
f 2386/2386/2212 2393/2393/2219 2432/2432/2258
f 2432/2432/2258 2426/2425/2251 2386/2386/2212
f 2428/2428/2254 2427/2427/2253 2433/2433/2259
f 2433/2433/2259 2434/2434/2260 2428/2428/2254
f 2429/2429/2255 2435/2435/2261 2436/2436/2262
f 2436/2436/2262 2430/2430/2256 2429/2429/2255
f 2430/2430/2256 2436/2436/2262 2437/2437/2263
f 2437/2437/2263 2431/2431/2257 2430/2430/2256
f 2432/2432/2258 2393/2393/2219 2400/2400/2226
f 2400/2400/2226 2438/2438/2264 2432/2432/2258
f 2434/2434/2260 2433/2433/2259 2439/2439/2265
f 2439/2439/2265 2440/2440/2266 2434/2434/2260
f 2419/2426/2252 2426/2425/2251 2427/2427/2253
f 2427/2427/2253 2421/2419/2245 2419/2426/2252
f 2426/2425/2251 2432/2432/2258 2433/2433/2259
f 2433/2433/2259 2427/2427/2253 2426/2425/2251
f 2432/2432/2258 2438/2438/2264 2439/2439/2265
f 2439/2439/2265 2433/2433/2259 2432/2432/2258
f 2413/2413/2239 2441/2441/2267 2442/2442/2268
f 2442/2442/2268 2414/2414/2240 2413/2413/2239
f 2414/2414/2240 2442/2442/2268 2443/2443/2269
f 2443/2443/2269 2423/2422/2248 2414/2414/2240
f 2423/2422/2248 2443/2443/2269 2444/2444/2270
f 2444/2444/2270 2429/2429/2255 2423/2422/2248
f 2444/2444/2270 2445/2445/2271 2435/2435/2261
f 2435/2435/2261 2429/2429/2255 2444/2444/2270
f 2417/2417/2243 2418/2418/2244 2409/2409/2235
f 2409/2409/2235 2408/2408/2234 2417/2417/2243
f 2418/2418/2244 2425/2424/2250 2410/2410/2236
f 2410/2410/2236 2409/2409/2235 2418/2418/2244
f 2425/2424/2250 2431/2431/2257 2411/2411/2237
f 2411/2411/2237 2410/2410/2236 2425/2424/2250
f 2431/2431/2257 2437/2437/2263 2412/2412/2238
f 2412/2412/2238 2411/2411/2237 2431/2431/2257
f 2446/2446/2272 2448/2447/2273 2447/2448/2274
f 2448/2447/2273 2446/2446/2272 2449/2449/2275
f 2450/2450/2276 2448/2447/2273 2451/2451/2277
f 2448/2447/2273 2450/2450/2276 2447/2448/2274
f 2452/2452/2278 2454/2453/2279 2453/2454/2280
f 2449/2449/2275 2455/2455/2281 2448/2447/2273
f 2455/2455/2281 2449/2449/2275 2456/2456/2282
f 2448/2447/2273 2457/2457/2283 2451/2451/2277
f 2457/2457/2283 2448/2447/2273 2455/2455/2281
f 2458/2458/2284 2460/2459/2285 2459/2460/2286
f 2460/2459/2285 2458/2458/2284 2461/2461/2287
f 2453/2454/2280 2463/2462/2288 2462/2463/2289
f 2463/2462/2288 2453/2454/2280 2454/2453/2279
f 2456/2456/2282 2464/2464/2290 2455/2455/2281
f 2464/2464/2290 2456/2456/2282 2465/2465/2291
f 2455/2455/2281 2466/2466/2292 2457/2457/2283
f 2466/2466/2292 2455/2455/2281 2464/2464/2290
f 2461/2461/2287 2467/2467/2293 2460/2459/2285
f 2467/2467/2293 2461/2461/2287 2468/2468/2294
f 2462/2463/2289 2470/2469/2295 2469/2470/2296
f 2470/2469/2295 2462/2463/2289 2463/2462/2288
f 2465/2465/2291 2471/2471/2297 2464/2464/2290
f 2471/2471/2297 2465/2465/2291 2472/2472/2298
f 2464/2464/2290 2473/2473/2299 2466/2466/2292
f 2473/2473/2299 2464/2464/2290 2471/2471/2297
f 2467/2467/2293 2475/2474/2300 2474/2475/2301
f 2475/2474/2300 2467/2467/2293 2468/2468/2294
f 2469/2470/2296 2477/2476/2302 2476/2477/2303
f 2477/2476/2302 2469/2470/2296 2470/2469/2295
f 2459/2460/2286 2463/2462/2288 2454/2453/2279
f 2463/2462/2288 2459/2460/2286 2460/2459/2285
f 2460/2459/2285 2470/2469/2295 2463/2462/2288
f 2470/2469/2295 2460/2459/2285 2467/2467/2293
f 2467/2467/2293 2477/2476/2302 2470/2469/2295
f 2477/2476/2302 2467/2467/2293 2474/2475/2301
f 2446/2446/2272 2478/2478/2304 2449/2449/2275
f 2478/2478/2304 2446/2446/2272 2479/2479/2305
f 2449/2449/2275 2480/2480/2306 2456/2456/2282
f 2480/2480/2306 2449/2449/2275 2478/2478/2304
f 2456/2456/2282 2481/2481/2307 2465/2465/2291
f 2481/2481/2307 2456/2456/2282 2480/2480/2306
f 2481/2481/2307 2472/2472/2298 2465/2465/2291
f 2472/2472/2298 2481/2481/2307 2482/2482/2308
f 2450/2450/2276 2484/2483/2309 2483/2484/2310
f 2484/2483/2309 2450/2450/2276 2451/2451/2277
f 2451/2451/2277 2485/2485/2311 2484/2483/2309
f 2485/2485/2311 2451/2451/2277 2457/2457/2283
f 2457/2457/2283 2486/2486/2312 2485/2485/2311
f 2486/2486/2312 2457/2457/2283 2466/2466/2292
f 2466/2466/2292 2487/2487/2313 2486/2486/2312
f 2487/2487/2313 2466/2466/2292 2473/2473/2299
f 2488/2488/2314 2490/2489/2315 2489/2490/2316
f 2490/2489/2315 2488/2488/2314 2491/2491/2317
f 2492/2492/2318 2490/2489/2315 2491/2491/2317
f 2490/2489/2315 2492/2492/2318 2493/2493/2319
f 2494/2494/2320 2496/2495/2321 2495/2496/2322
f 2489/2490/2316 2498/2497/2323 2497/2498/2324
f 2498/2497/2323 2489/2490/2316 2490/2489/2315
f 2490/2489/2315 2499/2499/2325 2498/2497/2323
f 2499/2499/2325 2490/2489/2315 2493/2493/2319
f 2458/2458/2284 2500/2500/2326 2461/2461/2287
f 2500/2500/2326 2458/2458/2284 2501/2501/2327
f 2495/2496/2322 2502/2502/2328 2494/2494/2320
f 2502/2502/2328 2495/2496/2322 2503/2503/2329
f 2497/2498/2324 2505/2504/2330 2504/2505/2331
f 2505/2504/2330 2497/2498/2324 2498/2497/2323
f 2498/2497/2323 2506/2506/2332 2505/2504/2330
f 2506/2506/2332 2498/2497/2323 2499/2499/2325
f 2461/2461/2287 2507/2507/2333 2468/2468/2294
f 2507/2507/2333 2461/2461/2287 2500/2500/2326
f 2503/2503/2329 2508/2508/2334 2502/2502/2328
f 2508/2508/2334 2503/2503/2329 2509/2509/2335
f 2504/2505/2331 2511/2510/2336 2510/2511/2337
f 2511/2510/2336 2504/2505/2331 2505/2504/2330
f 2505/2504/2330 2512/2512/2338 2511/2510/2336
f 2512/2512/2338 2505/2504/2330 2506/2506/2332
f 2507/2507/2333 2475/2474/2300 2468/2468/2294
f 2475/2474/2300 2507/2507/2333 2513/2513/2339
f 2509/2509/2335 2514/2514/2340 2508/2508/2334
f 2514/2514/2340 2509/2509/2335 2515/2515/2341
f 2501/2501/2327 2502/2502/2328 2500/2500/2326
f 2502/2502/2328 2501/2501/2327 2494/2494/2320
f 2500/2500/2326 2508/2508/2334 2507/2507/2333
f 2508/2508/2334 2500/2500/2326 2502/2502/2328
f 2507/2507/2333 2514/2514/2340 2513/2513/2339
f 2514/2514/2340 2507/2507/2333 2508/2508/2334
f 2488/2488/2314 2517/2516/2342 2516/2517/2343
f 2517/2516/2342 2488/2488/2314 2489/2490/2316
f 2489/2490/2316 2518/2518/2344 2517/2516/2342
f 2518/2518/2344 2489/2490/2316 2497/2498/2324
f 2497/2498/2324 2519/2519/2345 2518/2518/2344
f 2519/2519/2345 2497/2498/2324 2504/2505/2331
f 2519/2519/2345 2510/2511/2337 2520/2520/2346
f 2510/2511/2337 2519/2519/2345 2504/2505/2331
f 2492/2492/2318 2484/2483/2309 2493/2493/2319
f 2484/2483/2309 2492/2492/2318 2483/2484/2310
f 2493/2493/2319 2485/2485/2311 2499/2499/2325
f 2485/2485/2311 2493/2493/2319 2484/2483/2309
f 2499/2499/2325 2486/2486/2312 2506/2506/2332
f 2486/2486/2312 2499/2499/2325 2485/2485/2311
f 2506/2506/2332 2487/2487/2313 2512/2512/2338
f 2487/2487/2313 2506/2506/2332 2486/2486/2312
f 2521/2521/2347 2522/2522/2348 2523/2523/2349
f 2523/2523/2349 2524/2524/2350 2521/2521/2347
f 2522/2522/2348 2525/2525/2351 2526/2526/2352
f 2526/2526/2352 2523/2523/2349 2522/2522/2348
f 2527/2527/2353 2528/2528/2354 2529/2529/2355
f 2529/2529/2355 2530/2530/2356 2527/2527/2353
f 2531/2531/2357 2532/2532/2358 2533/2533/2359
f 2533/2533/2359 2534/2534/2360 2531/2531/2357
f 2524/2524/2350 2523/2523/2349 2535/2535/2361
f 2535/2535/2361 2536/2536/2362 2524/2524/2350
f 2523/2523/2349 2526/2526/2352 2537/2537/2363
f 2537/2537/2363 2535/2535/2361 2523/2523/2349
f 2529/2529/2355 2538/2538/2364 2539/2539/2365
f 2539/2539/2365 2530/2530/2356 2529/2529/2355
f 2532/2532/2358 2540/2540/2366 2541/2541/2367
f 2541/2541/2367 2533/2533/2359 2532/2532/2358
f 2528/2528/2354 2534/2534/2360 2533/2533/2359
f 2533/2533/2359 2529/2529/2355 2528/2528/2354
f 2529/2529/2355 2533/2533/2359 2541/2541/2367
f 2541/2541/2367 2538/2538/2364 2529/2529/2355
f 2521/2521/2347 2524/2524/2350 2542/2542/2368
f 2542/2542/2368 2543/2543/2369 2521/2521/2347
f 2542/2542/2368 2524/2524/2350 2536/2536/2362
f 2536/2536/2362 2544/2544/2370 2542/2542/2368
f 2525/2525/2351 2545/2545/2371 2546/2546/2372
f 2546/2546/2372 2526/2526/2352 2525/2525/2351
f 2526/2526/2352 2546/2546/2372 2547/2547/2373
f 2547/2547/2373 2537/2537/2363 2526/2526/2352
f 2548/2548/2374 2549/2549/2375 2550/2550/2376
f 2550/2550/2376 2551/2551/2377 2548/2548/2374
f 2551/2551/2377 2550/2550/2376 2552/2552/2378
f 2552/2552/2378 2553/2553/2379 2551/2551/2377
f 2527/2527/2353 2530/2530/2356 2554/2554/2380
f 2554/2554/2380 2555/2555/2381 2527/2527/2353
f 2556/2556/2382 2557/2557/2383 2558/2558/2384
f 2558/2558/2384 2559/2559/2385 2556/2556/2382
f 2549/2549/2375 2560/2560/2386 2561/2561/2387
f 2561/2561/2387 2550/2550/2376 2549/2549/2375
f 2550/2550/2376 2561/2561/2387 2562/2562/2388
f 2562/2562/2388 2552/2552/2378 2550/2550/2376
f 2554/2554/2380 2530/2530/2356 2539/2539/2365
f 2539/2539/2365 2563/2563/2389 2554/2554/2380
f 2559/2559/2385 2558/2558/2384 2564/2564/2390
f 2564/2564/2390 2565/2565/2391 2559/2559/2385
f 2555/2555/2381 2554/2554/2380 2558/2558/2384
f 2558/2558/2384 2557/2557/2383 2555/2555/2381
f 2554/2554/2380 2563/2563/2389 2564/2564/2390
f 2564/2564/2390 2558/2558/2384 2554/2554/2380
f 2548/2548/2374 2566/2566/2392 2567/2567/2393
f 2567/2567/2393 2549/2549/2375 2548/2548/2374
f 2567/2567/2393 2568/2568/2394 2560/2560/2386
f 2560/2560/2386 2549/2549/2375 2567/2567/2393
f 2553/2553/2379 2552/2552/2378 2546/2546/2372
f 2546/2546/2372 2545/2545/2371 2553/2553/2379
f 2552/2552/2378 2562/2562/2388 2547/2547/2373
f 2547/2547/2373 2546/2546/2372 2552/2552/2378
f 2627/2569/2395 2570/2570/2396 2571/2571/2397
f 2571/2571/2397 2572/2572/2398 2627/2569/2395
f 2572/2572/2398 2571/2571/2397 2573/2573/2399
f 2573/2573/2399 2574/2574/2400 2572/2572/2398
f 2575/2575/2401 2576/2576/2402 2577/2577/2403
f 2577/2577/2403 2578/2578/2404 2575/2575/2401
f 2623/2579/2405 2579/2580/2406 2580/2581/2407
f 2628/2582/2408 2605/2583/2408 2606/2584/2408
f 2570/2570/2396 2581/2585/2409 2582/2586/2410
f 2582/2586/2410 2571/2571/2397 2570/2570/2396
f 2571/2571/2397 2582/2586/2410 2583/2587/2411
f 2583/2587/2411 2573/2573/2399 2571/2571/2397
f 2577/2577/2403 2576/2576/2402 2584/2588/2412
f 2584/2588/2412 2585/2589/2413 2577/2577/2403
f 2622/2590/2414 2580/2581/2407 2586/2591/2415
f 2630/2592/2416 2607/2593/2416 2608/2594/2416
f 2578/2578/2404 2577/2577/2403 2580/2581/2407
f 2580/2581/2407 2579/2580/2406 2578/2578/2404
f 2577/2577/2403 2585/2589/2413 2586/2591/2415
f 2586/2591/2415 2580/2581/2407 2577/2577/2403
f 2569/2595/2417 2609/2596/2417 2610/2597/2417
f 2621/2598/2418 2570/2570/2396 2627/2569/2395
f 2611/2599/2419 2612/2600/2419 2629/2601/2419
f 2581/2585/2409 2570/2570/2396 2621/2598/2418
f 2574/2574/2400 2573/2573/2399 2587/2602/2420
f 2587/2602/2420 2588/2603/2421 2574/2574/2400
f 2573/2573/2399 2583/2587/2411 2589/2604/2422
f 2589/2604/2422 2587/2602/2420 2573/2573/2399
f 2590/2605/2423 2591/2606/2424 2592/2607/2425
f 2592/2607/2425 2593/2608/2426 2590/2605/2423
f 2591/2606/2424 2594/2609/2427 2595/2610/2428
f 2595/2610/2428 2592/2607/2425 2591/2606/2424
f 2575/2575/2401 2596/2611/2429 2597/2612/2430
f 2597/2612/2430 2576/2576/2402 2575/2575/2401
f 2613/2613/2431 2614/2614/2431 2598/2615/2431
f 2632/2616/2432 2599/2617/2433 2625/2618/2434
f 2593/2608/2426 2592/2607/2425 2600/2619/2435
f 2600/2619/2435 2601/2620/2436 2593/2608/2426
f 2592/2607/2425 2595/2610/2428 2602/2621/2437
f 2602/2621/2437 2600/2619/2435 2592/2607/2425
f 2597/2612/2430 2603/2622/2438 2584/2588/2412
f 2584/2588/2412 2576/2576/2402 2597/2612/2430
f 2615/2623/2439 2616/2624/2439 2604/2625/2439
f 2634/2626/2440 2632/2616/2432 2626/2627/2441
f 2596/2611/2429 2599/2617/2433 2632/2616/2432
f 2632/2616/2432 2597/2612/2430 2596/2611/2429
f 2597/2612/2430 2632/2616/2432 2634/2626/2440
f 2634/2626/2440 2603/2622/2438 2597/2612/2430
f 2590/2605/2423 2593/2608/2426 2624/2628/2442
f 2617/2629/2443 2618/2630/2443 2631/2631/2443
f 2624/2628/2442 2593/2608/2426 2601/2620/2436
f 2633/2632/2444 2619/2633/2444 2620/2634/2444
f 2594/2609/2427 2588/2603/2421 2587/2602/2420
f 2587/2602/2420 2595/2610/2428 2594/2609/2427
f 2595/2610/2428 2587/2602/2420 2589/2604/2422
f 2589/2604/2422 2602/2621/2437 2595/2610/2428
f 2635/2635/2445 2636/2636/2446 2637/2637/2447
f 2637/2637/2447 2638/2638/2448 2635/2635/2445
f 2639/2639/2449 2640/2640/2450 2641/2641/2451
f 2641/2641/2451 2642/2642/2452 2639/2639/2449
f 2643/2643/2453 2644/2644/2454 2645/2645/2455
f 2645/2645/2455 2646/2646/2456 2643/2643/2453
f 2638/2638/2448 2637/2637/2447 2647/2647/2457
f 2647/2647/2457 2648/2648/2458 2638/2638/2448
f 2642/2642/2452 2641/2641/2451 2649/2649/2459
f 2649/2649/2459 2650/2650/2460 2642/2642/2452
f 2644/2644/2454 2651/2651/2461 2652/2652/2462
f 2652/2652/2462 2645/2645/2455 2644/2644/2454
f 2648/2648/2458 2647/2647/2457 2653/2653/2463
f 2653/2653/2463 2654/2654/2464 2648/2648/2458
f 2650/2650/2460 2649/2649/2459 2655/2655/2465
f 2655/2655/2465 2656/2656/2466 2650/2650/2460
f 2651/2651/2461 2657/2657/2467 2658/2658/2468
f 2658/2658/2468 2652/2652/2462 2651/2651/2461
f 2659/2659/2469 2660/2660/2470 2641/2641/2451
f 2641/2641/2451 2640/2640/2450 2659/2659/2469
f 2660/2660/2470 2661/2661/2471 2649/2649/2459
f 2649/2649/2459 2641/2641/2451 2660/2660/2470
f 2661/2661/2471 2662/2662/2472 2655/2655/2465
f 2655/2655/2465 2649/2649/2459 2661/2661/2471
f 2663/2663/2473 2664/2664/2474 2665/2665/2475
f 2665/2665/2475 2666/2666/2476 2663/2663/2473
f 2667/2667/2477 2668/2668/2478 2644/2644/2454
f 2644/2644/2454 2643/2643/2453 2667/2667/2477
f 2660/2660/2470 2659/2659/2469 2669/2669/2479
f 2669/2669/2479 2670/2670/2480 2660/2660/2470
f 2670/2670/2480 2669/2669/2479 2646/2646/2456
f 2646/2646/2456 2645/2645/2455 2670/2670/2480
f 2664/2664/2474 2671/2671/2481 2672/2672/2482
f 2672/2672/2482 2665/2665/2475 2664/2664/2474
f 2668/2668/2478 2673/2673/2483 2651/2651/2461
f 2651/2651/2461 2644/2644/2454 2668/2668/2478
f 2661/2661/2471 2660/2660/2470 2670/2670/2480
f 2670/2670/2480 2674/2674/2484 2661/2661/2471
f 2674/2674/2484 2670/2670/2480 2645/2645/2455
f 2645/2645/2455 2652/2652/2462 2674/2674/2484
f 2671/2671/2481 2675/2675/2485 2676/2676/2486
f 2676/2676/2486 2672/2672/2482 2671/2671/2481
f 2673/2673/2483 2677/2677/2487 2657/2657/2467
f 2657/2657/2467 2651/2651/2461 2673/2673/2483
f 2662/2662/2472 2661/2661/2471 2674/2674/2484
f 2674/2674/2484 2678/2678/2488 2662/2662/2472
f 2678/2678/2488 2674/2674/2484 2652/2652/2462
f 2652/2652/2462 2658/2658/2468 2678/2678/2488
f 2679/2679/2489 2680/2680/2490 2664/2664/2474
f 2664/2664/2474 2663/2663/2473 2679/2679/2489
f 2668/2668/2478 2667/2667/2477 2666/2666/2476
f 2666/2666/2476 2665/2665/2475 2668/2668/2478
f 2680/2680/2490 2681/2681/2491 2671/2671/2481
f 2671/2671/2481 2664/2664/2474 2680/2680/2490
f 2673/2673/2483 2668/2668/2478 2665/2665/2475
f 2665/2665/2475 2672/2672/2482 2673/2673/2483
f 2681/2681/2491 2682/2682/2492 2675/2675/2485
f 2675/2675/2485 2671/2671/2481 2681/2681/2491
f 2677/2677/2487 2673/2673/2483 2672/2672/2482
f 2672/2672/2482 2676/2676/2486 2677/2677/2487
f 2683/2683/2493 2639/2639/2449 2642/2642/2452
f 2642/2642/2452 2684/2684/2494 2683/2683/2493
f 2636/2636/2446 2683/2683/2493 2684/2684/2494
f 2684/2684/2494 2637/2637/2447 2636/2636/2446
f 2685/2685/2495 2686/2686/2496 2687/2687/2497
f 2687/2687/2497 2688/2688/2498 2685/2685/2495
f 2638/2638/2448 2689/2689/2499 2690/2690/2500
f 2690/2690/2500 2635/2635/2445 2638/2638/2448
f 2684/2684/2494 2642/2642/2452 2650/2650/2460
f 2650/2650/2460 2691/2691/2501 2684/2684/2494
f 2637/2637/2447 2684/2684/2494 2691/2691/2501
f 2691/2691/2501 2647/2647/2457 2637/2637/2447
f 2692/2692/2502 2693/2693/2503 2686/2686/2496
f 2686/2686/2496 2685/2685/2495 2692/2692/2502
f 2648/2648/2458 2694/2694/2504 2689/2689/2499
f 2689/2689/2499 2638/2638/2448 2648/2648/2458
f 2691/2691/2501 2650/2650/2460 2656/2656/2466
f 2656/2656/2466 2695/2695/2505 2691/2691/2501
f 2647/2647/2457 2691/2691/2501 2695/2695/2505
f 2695/2695/2505 2653/2653/2463 2647/2647/2457
f 2696/2696/2506 2697/2697/2507 2693/2693/2503
f 2693/2693/2503 2692/2692/2502 2696/2696/2506
f 2694/2694/2504 2648/2648/2458 2654/2654/2464
f 2654/2654/2464 2698/2698/2508 2694/2694/2504
f 2699/2699/2509 2700/2700/2510 2687/2687/2497
f 2687/2687/2497 2686/2686/2496 2699/2699/2509
f 2688/2688/2498 2690/2690/2500 2689/2689/2499
f 2689/2689/2499 2685/2685/2495 2688/2688/2498
f 2701/2701/2511 2699/2699/2509 2686/2686/2496
f 2686/2686/2496 2693/2693/2503 2701/2701/2511
f 2685/2685/2495 2689/2689/2499 2694/2694/2504
f 2694/2694/2504 2692/2692/2502 2685/2685/2495
f 2702/2702/2512 2701/2701/2511 2693/2693/2503
f 2693/2693/2503 2697/2697/2507 2702/2702/2512
f 2692/2692/2502 2694/2694/2504 2698/2698/2508
f 2698/2698/2508 2696/2696/2506 2692/2692/2502
f 2703/2703/2513 2704/2704/2514 2705/2705/2515
f 2705/2705/2515 2706/2706/2516 2703/2703/2513
f 2707/2707/2517 2708/2708/2518 2709/2709/2519
f 2709/2709/2519 2710/2710/2520 2707/2707/2517
f 2711/2711/2521 2712/2712/2522 2713/2713/2523
f 2713/2713/2523 2714/2714/2524 2711/2711/2521
f 2704/2704/2514 2715/2715/2525 2716/2716/2526
f 2716/2716/2526 2705/2705/2515 2704/2704/2514
f 2708/2708/2518 2717/2717/2527 2718/2718/2528
f 2718/2718/2528 2709/2709/2519 2708/2708/2518
f 2714/2714/2524 2713/2713/2523 2719/2719/2529
f 2719/2719/2529 2720/2720/2530 2714/2714/2524
f 2715/2715/2525 2721/2721/2531 2722/2722/2532
f 2722/2722/2532 2716/2716/2526 2715/2715/2525
f 2717/2717/2527 2723/2723/2533 2724/2724/2534
f 2724/2724/2534 2718/2718/2528 2717/2717/2527
f 2720/2720/2530 2719/2719/2529 2725/2725/2535
f 2725/2725/2535 2726/2726/2536 2720/2720/2530
f 2727/2727/2537 2710/2710/2520 2709/2709/2519
f 2709/2709/2519 2728/2728/2538 2727/2727/2537
f 2728/2728/2538 2709/2709/2519 2718/2718/2528
f 2718/2718/2528 2729/2729/2539 2728/2728/2538
f 2729/2729/2539 2718/2718/2528 2724/2724/2534
f 2724/2724/2534 2730/2730/2540 2729/2729/2539
f 2731/2731/2541 2732/2732/2542 2733/2733/2543
f 2733/2733/2543 2734/2734/2544 2731/2731/2541
f 2735/2735/2545 2711/2711/2521 2714/2714/2524
f 2714/2714/2524 2736/2736/2546 2735/2735/2545
f 2728/2728/2538 2737/2737/2547 2738/2738/2548
f 2738/2738/2548 2727/2727/2537 2728/2728/2538
f 2737/2737/2547 2713/2713/2523 2712/2712/2522
f 2712/2712/2522 2738/2738/2548 2737/2737/2547
f 2734/2734/2544 2733/2733/2543 2739/2739/2549
f 2739/2739/2549 2740/2740/2550 2734/2734/2544
f 2736/2736/2546 2714/2714/2524 2720/2720/2530
f 2720/2720/2530 2741/2741/2551 2736/2736/2546
f 2729/2729/2539 2742/2742/2552 2737/2737/2547
f 2737/2737/2547 2728/2728/2538 2729/2729/2539
f 2742/2742/2552 2719/2719/2529 2713/2713/2523
f 2713/2713/2523 2737/2737/2547 2742/2742/2552
f 2740/2740/2550 2739/2739/2549 2743/2743/2553
f 2743/2743/2553 2744/2744/2554 2740/2740/2550
f 2741/2741/2551 2720/2720/2530 2726/2726/2536
f 2726/2726/2536 2745/2745/2555 2741/2741/2551
f 2730/2730/2540 2746/2746/2556 2742/2742/2552
f 2742/2742/2552 2729/2729/2539 2730/2730/2540
f 2746/2746/2556 2725/2725/2535 2719/2719/2529
f 2719/2719/2529 2742/2742/2552 2746/2746/2556
f 2747/2747/2557 2731/2731/2541 2734/2734/2544
f 2734/2734/2544 2748/2748/2558 2747/2747/2557
f 2736/2736/2546 2733/2733/2543 2732/2732/2542
f 2732/2732/2542 2735/2735/2545 2736/2736/2546
f 2748/2748/2558 2734/2734/2544 2740/2740/2550
f 2740/2740/2550 2749/2749/2559 2748/2748/2558
f 2741/2741/2551 2739/2739/2549 2733/2733/2543
f 2733/2733/2543 2736/2736/2546 2741/2741/2551
f 2749/2749/2559 2740/2740/2550 2744/2744/2554
f 2744/2744/2554 2750/2750/2560 2749/2749/2559
f 2745/2745/2555 2743/2743/2553 2739/2739/2549
f 2739/2739/2549 2741/2741/2551 2745/2745/2555
f 2751/2751/2561 2752/2752/2562 2708/2708/2518
f 2708/2708/2518 2707/2707/2517 2751/2751/2561
f 2706/2706/2516 2705/2705/2515 2752/2752/2562
f 2752/2752/2562 2751/2751/2561 2706/2706/2516
f 2753/2753/2563 2754/2754/2564 2755/2755/2565
f 2755/2755/2565 2756/2756/2566 2753/2753/2563
f 2704/2704/2514 2703/2703/2513 2757/2757/2567
f 2757/2757/2567 2758/2758/2568 2704/2704/2514
f 2752/2752/2562 2759/2759/2569 2717/2717/2527
f 2717/2717/2527 2708/2708/2518 2752/2752/2562
f 2705/2705/2515 2716/2716/2526 2759/2759/2569
f 2759/2759/2569 2752/2752/2562 2705/2705/2515
f 2760/2760/2570 2753/2753/2563 2756/2756/2566
f 2756/2756/2566 2761/2761/2571 2760/2760/2570
f 2715/2715/2525 2704/2704/2514 2758/2758/2568
f 2758/2758/2568 2762/2762/2572 2715/2715/2525
f 2759/2759/2569 2763/2763/2573 2723/2723/2533
f 2723/2723/2533 2717/2717/2527 2759/2759/2569
f 2716/2716/2526 2722/2722/2532 2763/2763/2573
f 2763/2763/2573 2759/2759/2569 2716/2716/2526
f 2764/2764/2574 2760/2760/2570 2761/2761/2571
f 2761/2761/2571 2765/2765/2575 2764/2764/2574
f 2762/2762/2572 2766/2766/2576 2721/2721/2531
f 2721/2721/2531 2715/2715/2525 2762/2762/2572
f 2767/2767/2577 2756/2756/2566 2755/2755/2565
f 2755/2755/2565 2768/2768/2578 2767/2767/2577
f 2754/2754/2564 2753/2753/2563 2758/2758/2568
f 2758/2758/2568 2757/2757/2567 2754/2754/2564
f 2769/2769/2579 2761/2761/2571 2756/2756/2566
f 2756/2756/2566 2767/2767/2577 2769/2769/2579
f 2753/2753/2563 2760/2760/2570 2762/2762/2572
f 2762/2762/2572 2758/2758/2568 2753/2753/2563
f 2770/2770/2580 2765/2765/2575 2761/2761/2571
f 2761/2761/2571 2769/2769/2579 2770/2770/2580
f 2760/2760/2570 2764/2764/2574 2766/2766/2576
f 2766/2766/2576 2762/2762/2572 2760/2760/2570
f 2771/2771/2581 2772/2772/2582 2773/2773/2583
f 2772/2772/2582 2771/2771/2581 2774/2774/2584
f 2773/2773/2583 2775/2775/2585 2776/2776/2586
f 2775/2775/2585 2773/2773/2583 2772/2772/2582
f 2777/2777/2587 2778/2778/2588 2779/2779/2589
f 2778/2778/2588 2777/2777/2587 2780/2780/2590
f 2779/2779/2589 2781/2781/2591 2782/2782/2592
f 2781/2781/2591 2779/2779/2589 2778/2778/2588
f 2782/2782/2592 2783/2783/2593 2784/2784/2594
f 2783/2783/2593 2782/2782/2592 2781/2781/2591
f 2784/2784/2594 2785/2785/2595 2786/2786/2596
f 2785/2785/2595 2784/2784/2594 2783/2783/2593
f 2786/2786/2596 2787/2787/2597 2788/2788/2598
f 2787/2787/2597 2786/2786/2596 2785/2785/2595
f 2788/2788/2598 2774/2774/2584 2771/2771/2581
f 2774/2774/2584 2788/2788/2598 2787/2787/2597
f 2774/2774/2584 2789/2789/2599 2772/2772/2582
f 2789/2789/2599 2774/2774/2584 2790/2790/2600
f 2772/2772/2582 2791/2791/2601 2775/2775/2585
f 2791/2791/2601 2772/2772/2582 2789/2789/2599
f 2780/2780/2590 2792/2792/2602 2778/2778/2588
f 2792/2792/2602 2780/2780/2590 2793/2793/2603
f 2778/2778/2588 2794/2794/2604 2781/2781/2591
f 2794/2794/2604 2778/2778/2588 2792/2792/2602
f 2781/2781/2591 2795/2795/2605 2783/2783/2593
f 2795/2795/2605 2781/2781/2591 2794/2794/2604
f 2783/2783/2593 2796/2796/2606 2785/2785/2595
f 2796/2796/2606 2783/2783/2593 2795/2795/2605
f 2785/2785/2595 2797/2797/2607 2787/2787/2597
f 2797/2797/2607 2785/2785/2595 2796/2796/2606
f 2787/2787/2597 2790/2790/2600 2774/2774/2584
f 2790/2790/2600 2787/2787/2597 2797/2797/2607
f 2798/2798/2608 2799/2799/2609 2800/2800/2610
f 2799/2799/2609 2798/2798/2608 2801/2801/2611
f 2801/2801/2611 2802/2802/2612 2799/2799/2609
f 2802/2802/2612 2801/2801/2611 2803/2803/2613
f 2804/2804/2614 2805/2805/2615 2806/2806/2616
f 2805/2805/2615 2804/2804/2614 2807/2807/2617
f 2807/2807/2617 2808/2808/2618 2805/2805/2615
f 2808/2808/2618 2807/2807/2617 2809/2809/2619
f 2809/2809/2619 2810/2810/2620 2808/2808/2618
f 2810/2810/2620 2809/2809/2619 2811/2811/2621
f 2811/2811/2621 2812/2812/2622 2810/2810/2620
f 2812/2812/2622 2811/2811/2621 2813/2813/2623
f 2813/2813/2623 2814/2814/2624 2812/2812/2622
f 2814/2814/2624 2813/2813/2623 2815/2815/2625
f 2815/2815/2625 2800/2800/2610 2814/2814/2624
f 2800/2800/2610 2815/2815/2625 2798/2798/2608
f 2800/2800/2610 2816/2816/2626 2817/2817/2627
f 2816/2816/2626 2800/2800/2610 2799/2799/2609
f 2799/2799/2609 2818/2818/2628 2816/2816/2626
f 2818/2818/2628 2799/2799/2609 2802/2802/2612
f 2806/2806/2616 2819/2819/2629 2820/2820/2630
f 2819/2819/2629 2806/2806/2616 2805/2805/2615
f 2805/2805/2615 2821/2821/2631 2819/2819/2629
f 2821/2821/2631 2805/2805/2615 2808/2808/2618
f 2808/2808/2618 2822/2822/2632 2821/2821/2631
f 2822/2822/2632 2808/2808/2618 2810/2810/2620
f 2810/2810/2620 2823/2823/2633 2822/2822/2632
f 2823/2823/2633 2810/2810/2620 2812/2812/2622
f 2812/2812/2622 2824/2824/2634 2823/2823/2633
f 2824/2824/2634 2812/2812/2622 2814/2814/2624
f 2814/2814/2624 2817/2817/2627 2824/2824/2634
f 2817/2817/2627 2814/2814/2624 2800/2800/2610
f 2809/2809/2619 2779/2779/2589 2782/2782/2592
f 2779/2779/2589 2809/2809/2619 2807/2807/2617
f 2784/2784/2594 2809/2809/2619 2782/2782/2592
f 2809/2809/2619 2784/2784/2594 2811/2811/2621
f 2803/2803/2613 2779/2779/2589 2807/2807/2617
f 2779/2779/2589 2803/2803/2613 2777/2777/2587
f 2801/2801/2611 2777/2777/2587 2803/2803/2613
f 2777/2777/2587 2801/2801/2611 2773/2773/2583
f 2798/2798/2608 2773/2773/2583 2801/2801/2611
f 2773/2773/2583 2798/2798/2608 2771/2771/2581
f 2771/2771/2581 2815/2815/2625 2788/2788/2598
f 2815/2815/2625 2771/2771/2581 2798/2798/2608
f 2788/2788/2598 2813/2813/2623 2786/2786/2596
f 2813/2813/2623 2788/2788/2598 2815/2815/2625
f 2786/2786/2596 2811/2811/2621 2784/2784/2594
f 2811/2811/2621 2786/2786/2596 2813/2813/2623
f 2819/2819/2629 2821/2821/2631 2794/2794/2604
f 2794/2794/2604 2792/2792/2602 2819/2819/2629
f 2820/2820/2630 2819/2819/2629 2792/2792/2602
f 2792/2792/2602 2793/2793/2603 2820/2820/2630
f 2816/2816/2626 2820/2820/2630 2793/2793/2603
f 2793/2793/2603 2789/2789/2599 2816/2816/2626
f 2790/2790/2600 2817/2817/2627 2816/2816/2626
f 2816/2816/2626 2789/2789/2599 2790/2790/2600
f 2824/2824/2634 2817/2817/2627 2790/2790/2600
f 2790/2790/2600 2797/2797/2607 2824/2824/2634
f 2821/2821/2631 2822/2822/2632 2795/2795/2605
f 2795/2795/2605 2794/2794/2604 2821/2821/2631
f 2822/2822/2632 2823/2823/2633 2796/2796/2606
f 2796/2796/2606 2795/2795/2605 2822/2822/2632
f 2823/2823/2633 2824/2824/2634 2797/2797/2607
f 2797/2797/2607 2796/2796/2606 2823/2823/2633
f 2825/2825/2581 2826/2826/2582 2827/2827/2583
f 2826/2826/2582 2825/2825/2581 2828/2828/2584
f 2827/2827/2583 2829/2829/2585 2830/2830/2586
f 2829/2829/2585 2827/2827/2583 2826/2826/2582
f 2831/2831/2587 2832/2832/2588 2833/2833/2589
f 2832/2832/2588 2831/2831/2587 2834/2834/2590
f 2833/2833/2589 2835/2835/2591 2836/2836/2592
f 2835/2835/2591 2833/2833/2589 2832/2832/2588
f 2836/2836/2592 2837/2837/2593 2838/2838/2594
f 2837/2837/2593 2836/2836/2592 2835/2835/2591
f 2838/2838/2594 2839/2839/2595 2840/2840/2596
f 2839/2839/2595 2838/2838/2594 2837/2837/2593
f 2840/2840/2596 2841/2841/2597 2842/2842/2598
f 2841/2841/2597 2840/2840/2596 2839/2839/2595
f 2842/2842/2598 2828/2828/2584 2825/2825/2581
f 2828/2828/2584 2842/2842/2598 2841/2841/2597
f 2828/2828/2584 2843/2843/2599 2826/2826/2582
f 2843/2843/2599 2828/2828/2584 2844/2844/2600
f 2826/2826/2582 2845/2845/2601 2829/2829/2585
f 2845/2845/2601 2826/2826/2582 2843/2843/2599
f 2834/2834/2590 2846/2846/2602 2832/2832/2588
f 2846/2846/2602 2834/2834/2590 2847/2847/2603
f 2832/2832/2588 2848/2848/2604 2835/2835/2591
f 2848/2848/2604 2832/2832/2588 2846/2846/2602
f 2835/2835/2591 2849/2849/2605 2837/2837/2593
f 2849/2849/2605 2835/2835/2591 2848/2848/2604
f 2837/2837/2593 2850/2850/2606 2839/2839/2595
f 2850/2850/2606 2837/2837/2593 2849/2849/2605
f 2839/2839/2595 2851/2851/2607 2841/2841/2597
f 2851/2851/2607 2839/2839/2595 2850/2850/2606
f 2841/2841/2597 2844/2844/2600 2828/2828/2584
f 2844/2844/2600 2841/2841/2597 2851/2851/2607
f 2852/2852/2608 2853/2853/2609 2854/2854/2610
f 2853/2853/2609 2852/2852/2608 2855/2855/2611
f 2855/2855/2611 2856/2856/2612 2853/2853/2609
f 2856/2856/2612 2855/2855/2611 2857/2857/2613
f 2858/2858/2614 2859/2859/2615 2860/2860/2616
f 2859/2859/2615 2858/2858/2614 2861/2861/2617
f 2861/2861/2617 2862/2862/2618 2859/2859/2615
f 2862/2862/2618 2861/2861/2617 2863/2863/2619
f 2863/2863/2619 2864/2864/2620 2862/2862/2618
f 2864/2864/2620 2863/2863/2619 2865/2865/2621
f 2865/2865/2621 2866/2866/2622 2864/2864/2620
f 2866/2866/2622 2865/2865/2621 2867/2867/2623
f 2867/2867/2623 2868/2868/2624 2866/2866/2622
f 2868/2868/2624 2867/2867/2623 2869/2869/2625
f 2869/2869/2625 2854/2854/2610 2868/2868/2624
f 2854/2854/2610 2869/2869/2625 2852/2852/2608
f 2854/2854/2610 2870/2870/2626 2871/2871/2627
f 2870/2870/2626 2854/2854/2610 2853/2853/2609
f 2853/2853/2609 2872/2872/2628 2870/2870/2626
f 2872/2872/2628 2853/2853/2609 2856/2856/2612
f 2860/2860/2616 2873/2873/2629 2874/2874/2630
f 2873/2873/2629 2860/2860/2616 2859/2859/2615
f 2859/2859/2615 2875/2875/2631 2873/2873/2629
f 2875/2875/2631 2859/2859/2615 2862/2862/2618
f 2862/2862/2618 2876/2876/2632 2875/2875/2631
f 2876/2876/2632 2862/2862/2618 2864/2864/2620
f 2864/2864/2620 2877/2877/2633 2876/2876/2632
f 2877/2877/2633 2864/2864/2620 2866/2866/2622
f 2866/2866/2622 2878/2878/2634 2877/2877/2633
f 2878/2878/2634 2866/2866/2622 2868/2868/2624
f 2868/2868/2624 2871/2871/2627 2878/2878/2634
f 2871/2871/2627 2868/2868/2624 2854/2854/2610
f 2863/2863/2619 2833/2833/2589 2836/2836/2592
f 2833/2833/2589 2863/2863/2619 2861/2861/2617
f 2838/2838/2594 2863/2863/2619 2836/2836/2592
f 2863/2863/2619 2838/2838/2594 2865/2865/2621
f 2857/2857/2613 2833/2833/2589 2861/2861/2617
f 2833/2833/2589 2857/2857/2613 2831/2831/2587
f 2855/2855/2611 2831/2831/2587 2857/2857/2613
f 2831/2831/2587 2855/2855/2611 2827/2827/2583
f 2852/2852/2608 2827/2827/2583 2855/2855/2611
f 2827/2827/2583 2852/2852/2608 2825/2825/2581
f 2825/2825/2581 2869/2869/2625 2842/2842/2598
f 2869/2869/2625 2825/2825/2581 2852/2852/2608
f 2842/2842/2598 2867/2867/2623 2840/2840/2596
f 2867/2867/2623 2842/2842/2598 2869/2869/2625
f 2840/2840/2596 2865/2865/2621 2838/2838/2594
f 2865/2865/2621 2840/2840/2596 2867/2867/2623
f 2873/2873/2629 2875/2875/2631 2848/2848/2604
f 2848/2848/2604 2846/2846/2602 2873/2873/2629
f 2874/2874/2630 2873/2873/2629 2846/2846/2602
f 2846/2846/2602 2847/2847/2603 2874/2874/2630
f 2870/2870/2626 2874/2874/2630 2847/2847/2603
f 2847/2847/2603 2843/2843/2599 2870/2870/2626
f 2844/2844/2600 2871/2871/2627 2870/2870/2626
f 2870/2870/2626 2843/2843/2599 2844/2844/2600
f 2878/2878/2634 2871/2871/2627 2844/2844/2600
f 2844/2844/2600 2851/2851/2607 2878/2878/2634
f 2875/2875/2631 2876/2876/2632 2849/2849/2605
f 2849/2849/2605 2848/2848/2604 2875/2875/2631
f 2876/2876/2632 2877/2877/2633 2850/2850/2606
f 2850/2850/2606 2849/2849/2605 2876/2876/2632
f 2877/2877/2633 2878/2878/2634 2851/2851/2607
f 2851/2851/2607 2850/2850/2606 2877/2877/2633
f 2879/2879/2635 2881/2880/2636 2880/2881/2637
f 2880/2881/2637 2882/2882/2638 2879/2879/2635
f 2881/2880/2636 2884/2883/2639 2883/2884/2640
f 2883/2884/2640 2880/2881/2637 2881/2880/2636
f 2885/2885/2641 2887/2886/2642 2886/2887/2643
f 2886/2887/2643 2888/2888/2644 2885/2885/2641
f 2887/2886/2642 2890/2889/2645 2889/2890/2646
f 2889/2890/2646 2886/2887/2643 2887/2886/2642
f 2890/2889/2645 2892/2891/2647 2891/2892/2648
f 2891/2892/2648 2889/2890/2646 2890/2889/2645
f 2892/2891/2647 2894/2893/2649 2893/2894/2650
f 2893/2894/2650 2891/2892/2648 2892/2891/2647
f 2894/2893/2649 2896/2895/2651 2895/2896/2652
f 2895/2896/2652 2893/2894/2650 2894/2893/2649
f 2896/2895/2651 2879/2879/2635 2882/2882/2638
f 2882/2882/2638 2895/2896/2652 2896/2895/2651
f 2882/2882/2638 2880/2881/2637 2897/2897/2653
f 2897/2897/2653 2898/2898/2654 2882/2882/2638
f 2880/2881/2637 2883/2884/2640 2899/2899/2655
f 2899/2899/2655 2897/2897/2653 2880/2881/2637
f 2888/2888/2644 2886/2887/2643 2900/2900/2656
f 2900/2900/2656 2901/2901/2657 2888/2888/2644
f 2886/2887/2643 2889/2890/2646 2902/2902/2658
f 2902/2902/2658 2900/2900/2656 2886/2887/2643
f 2889/2890/2646 2891/2892/2648 2903/2903/2659
f 2903/2903/2659 2902/2902/2658 2889/2890/2646
f 2891/2892/2648 2893/2894/2650 2904/2904/2660
f 2904/2904/2660 2903/2903/2659 2891/2892/2648
f 2893/2894/2650 2895/2896/2652 2905/2905/2661
f 2905/2905/2661 2904/2904/2660 2893/2894/2650
f 2895/2896/2652 2882/2882/2638 2898/2898/2654
f 2898/2898/2654 2905/2905/2661 2895/2896/2652
f 2906/2906/2662 2908/2907/2663 2907/2908/2664
f 2907/2908/2664 2909/2909/2665 2906/2906/2662
f 2909/2909/2665 2907/2908/2664 2910/2910/2666
f 2910/2910/2666 2911/2911/2667 2909/2909/2665
f 2912/2912/2668 2914/2913/2669 2913/2914/2670
f 2913/2914/2670 2915/2915/2671 2912/2912/2668
f 2915/2915/2671 2913/2914/2670 2916/2916/2672
f 2916/2916/2672 2917/2917/2673 2915/2915/2671
f 2917/2917/2673 2916/2916/2672 2918/2918/2674
f 2918/2918/2674 2919/2919/2675 2917/2917/2673
f 2919/2919/2675 2918/2918/2674 2920/2920/2676
f 2920/2920/2676 2921/2921/2677 2919/2919/2675
f 2921/2921/2677 2920/2920/2676 2922/2922/2678
f 2922/2922/2678 2923/2923/2679 2921/2921/2677
f 2923/2923/2679 2922/2922/2678 2908/2907/2663
f 2908/2907/2663 2906/2906/2662 2923/2923/2679
f 2908/2907/2663 2925/2924/2680 2924/2925/2681
f 2924/2925/2681 2907/2908/2664 2908/2907/2663
f 2907/2908/2664 2924/2925/2681 2926/2926/2682
f 2926/2926/2682 2910/2910/2666 2907/2908/2664
f 2914/2913/2669 2928/2927/2683 2927/2928/2684
f 2927/2928/2684 2913/2914/2670 2914/2913/2669
f 2913/2914/2670 2927/2928/2684 2929/2929/2685
f 2929/2929/2685 2916/2916/2672 2913/2914/2670
f 2916/2916/2672 2929/2929/2685 2930/2930/2686
f 2930/2930/2686 2918/2918/2674 2916/2916/2672
f 2918/2918/2674 2930/2930/2686 2931/2931/2687
f 2931/2931/2687 2920/2920/2676 2918/2918/2674
f 2920/2920/2676 2931/2931/2687 2932/2932/2688
f 2932/2932/2688 2922/2922/2678 2920/2920/2676
f 2922/2922/2678 2932/2932/2688 2925/2924/2680
f 2925/2924/2680 2908/2907/2663 2922/2922/2678
f 2917/2917/2673 2890/2889/2645 2887/2886/2642
f 2887/2886/2642 2915/2915/2671 2917/2917/2673
f 2892/2891/2647 2890/2889/2645 2917/2917/2673
f 2917/2917/2673 2919/2919/2675 2892/2891/2647
f 2911/2911/2667 2915/2915/2671 2887/2886/2642
f 2887/2886/2642 2885/2885/2641 2911/2911/2667
f 2909/2909/2665 2911/2911/2667 2885/2885/2641
f 2885/2885/2641 2881/2880/2636 2909/2909/2665
f 2906/2906/2662 2909/2909/2665 2881/2880/2636
f 2881/2880/2636 2879/2879/2635 2906/2906/2662
f 2879/2879/2635 2896/2895/2651 2923/2923/2679
f 2923/2923/2679 2906/2906/2662 2879/2879/2635
f 2896/2895/2651 2894/2893/2649 2921/2921/2677
f 2921/2921/2677 2923/2923/2679 2896/2895/2651
f 2894/2893/2649 2892/2891/2647 2919/2919/2675
f 2919/2919/2675 2921/2921/2677 2894/2893/2649
f 2927/2928/2684 2900/2900/2656 2902/2902/2658
f 2902/2902/2658 2929/2929/2685 2927/2928/2684
f 2928/2927/2683 2901/2901/2657 2900/2900/2656
f 2900/2900/2656 2927/2928/2684 2928/2927/2683
f 2924/2925/2681 2897/2897/2653 2901/2901/2657
f 2901/2901/2657 2928/2927/2683 2924/2925/2681
f 2898/2898/2654 2897/2897/2653 2924/2925/2681
f 2924/2925/2681 2925/2924/2680 2898/2898/2654
f 2932/2932/2688 2905/2905/2661 2898/2898/2654
f 2898/2898/2654 2925/2924/2680 2932/2932/2688
f 2929/2929/2685 2902/2902/2658 2903/2903/2659
f 2903/2903/2659 2930/2930/2686 2929/2929/2685
f 2930/2930/2686 2903/2903/2659 2904/2904/2660
f 2904/2904/2660 2931/2931/2687 2930/2930/2686
f 2931/2931/2687 2904/2904/2660 2905/2905/2661
f 2905/2905/2661 2932/2932/2688 2931/2931/2687
f 2933/2933/2689 2934/2934/2690 2935/2935/2691
f 2935/2935/2691 2936/2936/2692 2933/2933/2689
f 2937/2937/2693 2933/2933/2689 2936/2936/2692
f 2936/2936/2692 2938/2938/2694 2937/2937/2693
f 2939/2939/2695 2940/2940/2696 2941/2941/2697
f 2941/2941/2697 2942/2942/2698 2939/2939/2695
f 2943/2943/2699 2939/2939/2695 2942/2942/2698
f 2942/2942/2698 2944/2944/2700 2943/2943/2699
f 2945/2945/2701 2943/2943/2699 2944/2944/2700
f 2944/2944/2700 2946/2946/2702 2945/2945/2701
f 2947/2947/2703 2945/2945/2701 2946/2946/2702
f 2946/2946/2702 2948/2948/2704 2947/2947/2703
f 2949/2949/2705 2947/2947/2703 2948/2948/2704
f 2948/2948/2704 2950/2950/2706 2949/2949/2705
f 2934/2934/2690 2949/2949/2705 2950/2950/2706
f 2950/2950/2706 2935/2935/2691 2934/2934/2690
f 2951/2951/2707 2952/2952/2708 2953/2953/2709
f 2953/2953/2709 2954/2954/2710 2951/2951/2707
f 2955/2955/2711 2951/2951/2707 2954/2954/2710
f 2954/2954/2710 2956/2956/2712 2955/2955/2711
f 2957/2957/2713 2955/2955/2711 2956/2956/2712
f 2956/2956/2712 2958/2958/2714 2957/2957/2713
f 2959/2959/2715 2957/2957/2713 2958/2958/2714
f 2958/2958/2714 2960/2960/2716 2959/2959/2715
f 2961/2961/2717 2959/2959/2715 2960/2960/2716
f 2960/2960/2716 2962/2962/2718 2961/2961/2717
f 2963/2963/2719 2961/2961/2717 2962/2962/2718
f 2962/2962/2718 2964/2964/2720 2963/2963/2719
f 2965/2965/2721 2963/2963/2719 2964/2964/2720
f 2964/2964/2720 2966/2966/2722 2965/2965/2721
f 2952/2952/2708 2967/2967/2723 2968/2968/2724
f 2968/2968/2724 2953/2953/2709 2952/2952/2708
f 2969/2969/2725 2970/2970/2726 2952/2952/2708
f 2952/2952/2708 2951/2951/2707 2969/2969/2725
f 2971/2971/2727 2969/2969/2725 2951/2951/2707
f 2951/2951/2707 2955/2955/2711 2971/2971/2727
f 2972/2972/2728 2971/2971/2727 2955/2955/2711
f 2955/2955/2711 2957/2957/2713 2972/2972/2728
f 2973/2973/2729 2972/2972/2728 2957/2957/2713
f 2957/2957/2713 2959/2959/2715 2973/2973/2729
f 2974/2974/2730 2973/2973/2729 2959/2959/2715
f 2959/2959/2715 2961/2961/2717 2974/2974/2730
f 2975/2975/2731 2974/2974/2730 2961/2961/2717
f 2961/2961/2717 2963/2963/2719 2975/2975/2731
f 2976/2976/2732 2975/2975/2731 2963/2963/2719
f 2963/2963/2719 2965/2965/2721 2976/2976/2732
f 2970/2970/2726 2977/2977/2733 2967/2967/2723
f 2967/2967/2723 2952/2952/2708 2970/2970/2726
f 2936/2936/2692 2935/2935/2691 2978/2978/2734
f 2978/2978/2734 2979/2979/2735 2936/2936/2692
f 2938/2938/2694 2936/2936/2692 2979/2979/2735
f 2979/2979/2735 2980/2980/2736 2938/2938/2694
f 2942/2942/2698 2941/2941/2697 2981/2981/2737
f 2981/2981/2737 2982/2982/2738 2942/2942/2698
f 2944/2944/2700 2942/2942/2698 2982/2982/2738
f 2982/2982/2738 2983/2983/2739 2944/2944/2700
f 2946/2946/2702 2944/2944/2700 2983/2983/2739
f 2983/2983/2739 2984/2984/2740 2946/2946/2702
f 2948/2948/2704 2946/2946/2702 2984/2984/2740
f 2984/2984/2740 2985/2985/2741 2948/2948/2704
f 2950/2950/2706 2948/2948/2704 2985/2985/2741
f 2985/2985/2741 2986/2986/2742 2950/2950/2706
f 2935/2935/2691 2950/2950/2706 2986/2986/2742
f 2986/2986/2742 2978/2978/2734 2935/2935/2691
f 2987/2987/2743 2988/2988/2744 2989/2989/2745
f 2989/2989/2745 2990/2990/2746 2987/2987/2743
f 2991/2991/2747 2987/2987/2743 2990/2990/2746
f 2990/2990/2746 2992/2992/2748 2991/2991/2747
f 2993/2993/2749 2994/2994/2750 2995/2995/2751
f 2995/2995/2751 2996/2996/2752 2993/2993/2749
f 2997/2997/2753 2993/2993/2749 2996/2996/2752
f 2996/2996/2752 2998/2998/2754 2997/2997/2753
f 2999/2999/2755 2997/2997/2753 2998/2998/2754
f 2998/2998/2754 3000/3000/2756 2999/2999/2755
f 3001/3001/2757 2999/2999/2755 3000/3000/2756
f 3000/3000/2756 3002/3002/2758 3001/3001/2757
f 3003/3003/2759 3001/3001/2757 3002/3002/2758
f 3002/3002/2758 3004/3004/2760 3003/3003/2759
f 2988/2988/2744 3003/3003/2759 3004/3004/2760
f 3004/3004/2760 2989/2989/2745 2988/2988/2744
f 3005/3005/2761 3006/3006/2762 3007/3007/2763
f 3007/3007/2763 3008/3008/2764 3005/3005/2761
f 3009/3009/2765 3005/3005/2761 3008/3008/2764
f 3008/3008/2764 3010/3010/2766 3009/3009/2765
f 3011/3011/2767 3009/3009/2765 3010/3010/2766
f 3010/3010/2766 3012/3012/2768 3011/3011/2767
f 3013/3013/2769 3011/3011/2767 3012/3012/2768
f 3012/3012/2768 3014/3014/2770 3013/3013/2769
f 3015/3015/2771 3013/3013/2769 3014/3014/2770
f 3014/3014/2770 3016/3016/2772 3015/3015/2771
f 3017/3017/2773 3015/3015/2771 3016/3016/2772
f 3016/3016/2772 3018/3018/2774 3017/3017/2773
f 3019/3019/2775 3017/3017/2773 3018/3018/2774
f 3018/3018/2774 3020/3020/2776 3019/3019/2775
f 3006/3006/2762 3021/3021/2777 3022/3022/2778
f 3022/3022/2778 3007/3007/2763 3006/3006/2762
f 3023/3023/2779 3024/3024/2780 3006/3006/2762
f 3006/3006/2762 3005/3005/2761 3023/3023/2779
f 3025/3025/2781 3023/3023/2779 3005/3005/2761
f 3005/3005/2761 3009/3009/2765 3025/3025/2781
f 3026/3026/2782 3025/3025/2781 3009/3009/2765
f 3009/3009/2765 3011/3011/2767 3026/3026/2782
f 3027/3027/2783 3026/3026/2782 3011/3011/2767
f 3011/3011/2767 3013/3013/2769 3027/3027/2783
f 3028/3028/2784 3027/3027/2783 3013/3013/2769
f 3013/3013/2769 3015/3015/2771 3028/3028/2784
f 3029/3029/2785 3028/3028/2784 3015/3015/2771
f 3015/3015/2771 3017/3017/2773 3029/3029/2785
f 3030/3030/2786 3029/3029/2785 3017/3017/2773
f 3017/3017/2773 3019/3019/2775 3030/3030/2786
f 3024/3024/2780 3031/3031/2787 3021/3021/2777
f 3021/3021/2777 3006/3006/2762 3024/3024/2780
f 2990/2990/2746 2989/2989/2745 3032/3032/2788
f 3032/3032/2788 3033/3033/2789 2990/2990/2746
f 2992/2992/2748 2990/2990/2746 3033/3033/2789
f 3033/3033/2789 3034/3034/2790 2992/2992/2748
f 2996/2996/2752 2995/2995/2751 3035/3035/2791
f 3035/3035/2791 3036/3036/2792 2996/2996/2752
f 2998/2998/2754 2996/2996/2752 3036/3036/2792
f 3036/3036/2792 3037/3037/2793 2998/2998/2754
f 3000/3000/2756 2998/2998/2754 3037/3037/2793
f 3037/3037/2793 3038/3038/2794 3000/3000/2756
f 3002/3002/2758 3000/3000/2756 3038/3038/2794
f 3038/3038/2794 3039/3039/2795 3002/3002/2758
f 3004/3004/2760 3002/3002/2758 3039/3039/2795
f 3039/3039/2795 3040/3040/2796 3004/3004/2760
f 2989/2989/2745 3004/3004/2760 3040/3040/2796
f 3040/3040/2796 3032/3032/2788 2989/2989/2745
f 3041/3041/2445 3042/3042/2446 3043/3043/2447
f 3043/3043/2447 3044/3044/2448 3041/3041/2445
f 3045/3045/2449 3046/3046/2450 3047/3047/2451
f 3047/3047/2451 3048/3048/2452 3045/3045/2449
f 3049/3049/2453 3050/3050/2454 3051/3051/2455
f 3051/3051/2455 3052/3052/2456 3049/3049/2453
f 3044/3044/2448 3043/3043/2447 3053/3053/2457
f 3053/3053/2457 3054/3054/2458 3044/3044/2448
f 3048/3048/2452 3047/3047/2451 3055/3055/2459
f 3055/3055/2459 3056/3056/2460 3048/3048/2452
f 3050/3050/2454 3057/3057/2461 3058/3058/2462
f 3058/3058/2462 3051/3051/2455 3050/3050/2454
f 3054/3054/2458 3053/3053/2457 3059/3059/2463
f 3059/3059/2463 3060/3060/2464 3054/3054/2458
f 3056/3056/2460 3055/3055/2459 3061/3061/2465
f 3061/3061/2465 3062/3062/2466 3056/3056/2460
f 3057/3057/2461 3063/3063/2467 3064/3064/2468
f 3064/3064/2468 3058/3058/2462 3057/3057/2461
f 3065/3065/2469 3066/3066/2470 3047/3047/2451
f 3047/3047/2451 3046/3046/2450 3065/3065/2469
f 3066/3066/2470 3067/3067/2471 3055/3055/2459
f 3055/3055/2459 3047/3047/2451 3066/3066/2470
f 3067/3067/2471 3068/3068/2472 3061/3061/2465
f 3061/3061/2465 3055/3055/2459 3067/3067/2471
f 3069/3069/2473 3070/3070/2474 3071/3071/2475
f 3071/3071/2475 3072/3072/2476 3069/3069/2473
f 3073/3073/2477 3074/3074/2478 3050/3050/2454
f 3050/3050/2454 3049/3049/2453 3073/3073/2477
f 3066/3066/2470 3065/3065/2469 3075/3075/2479
f 3075/3075/2479 3076/3076/2480 3066/3066/2470
f 3076/3076/2480 3075/3075/2479 3052/3052/2456
f 3052/3052/2456 3051/3051/2455 3076/3076/2480
f 3070/3070/2474 3077/3077/2481 3078/3078/2482
f 3078/3078/2482 3071/3071/2475 3070/3070/2474
f 3074/3074/2478 3079/3079/2483 3057/3057/2461
f 3057/3057/2461 3050/3050/2454 3074/3074/2478
f 3067/3067/2471 3066/3066/2470 3076/3076/2480
f 3076/3076/2480 3080/3080/2484 3067/3067/2471
f 3080/3080/2484 3076/3076/2480 3051/3051/2455
f 3051/3051/2455 3058/3058/2462 3080/3080/2484
f 3077/3077/2481 3081/3081/2485 3082/3082/2486
f 3082/3082/2486 3078/3078/2482 3077/3077/2481
f 3079/3079/2483 3083/3083/2487 3063/3063/2467
f 3063/3063/2467 3057/3057/2461 3079/3079/2483
f 3068/3068/2472 3067/3067/2471 3080/3080/2484
f 3080/3080/2484 3084/3084/2488 3068/3068/2472
f 3084/3084/2488 3080/3080/2484 3058/3058/2462
f 3058/3058/2462 3064/3064/2468 3084/3084/2488
f 3085/3085/2489 3086/3086/2490 3070/3070/2474
f 3070/3070/2474 3069/3069/2473 3085/3085/2489
f 3074/3074/2478 3073/3073/2477 3072/3072/2476
f 3072/3072/2476 3071/3071/2475 3074/3074/2478
f 3086/3086/2490 3087/3087/2491 3077/3077/2481
f 3077/3077/2481 3070/3070/2474 3086/3086/2490
f 3079/3079/2483 3074/3074/2478 3071/3071/2475
f 3071/3071/2475 3078/3078/2482 3079/3079/2483
f 3087/3087/2491 3088/3088/2492 3081/3081/2485
f 3081/3081/2485 3077/3077/2481 3087/3087/2491
f 3083/3083/2487 3079/3079/2483 3078/3078/2482
f 3078/3078/2482 3082/3082/2486 3083/3083/2487
f 3089/3089/2493 3045/3045/2449 3048/3048/2452
f 3048/3048/2452 3090/3090/2494 3089/3089/2493
f 3042/3042/2446 3089/3089/2493 3090/3090/2494
f 3090/3090/2494 3043/3043/2447 3042/3042/2446
f 3091/3091/2495 3092/3092/2496 3093/3093/2497
f 3093/3093/2497 3094/3094/2498 3091/3091/2495
f 3044/3044/2448 3095/3095/2499 3096/3096/2500
f 3096/3096/2500 3041/3041/2445 3044/3044/2448
f 3090/3090/2494 3048/3048/2452 3056/3056/2460
f 3056/3056/2460 3097/3097/2501 3090/3090/2494
f 3043/3043/2447 3090/3090/2494 3097/3097/2501
f 3097/3097/2501 3053/3053/2457 3043/3043/2447
f 3098/3098/2502 3099/3099/2503 3092/3092/2496
f 3092/3092/2496 3091/3091/2495 3098/3098/2502
f 3054/3054/2458 3100/3100/2504 3095/3095/2499
f 3095/3095/2499 3044/3044/2448 3054/3054/2458
f 3097/3097/2501 3056/3056/2460 3062/3062/2466
f 3062/3062/2466 3101/3101/2505 3097/3097/2501
f 3053/3053/2457 3097/3097/2501 3101/3101/2505
f 3101/3101/2505 3059/3059/2463 3053/3053/2457
f 3102/3102/2506 3103/3103/2507 3099/3099/2503
f 3099/3099/2503 3098/3098/2502 3102/3102/2506
f 3100/3100/2504 3054/3054/2458 3060/3060/2464
f 3060/3060/2464 3104/3104/2508 3100/3100/2504
f 3105/3105/2509 3106/3106/2510 3093/3093/2497
f 3093/3093/2497 3092/3092/2496 3105/3105/2509
f 3094/3094/2498 3096/3096/2500 3095/3095/2499
f 3095/3095/2499 3091/3091/2495 3094/3094/2498
f 3107/3107/2511 3105/3105/2509 3092/3092/2496
f 3092/3092/2496 3099/3099/2503 3107/3107/2511
f 3091/3091/2495 3095/3095/2499 3100/3100/2504
f 3100/3100/2504 3098/3098/2502 3091/3091/2495
f 3108/3108/2512 3107/3107/2511 3099/3099/2503
f 3099/3099/2503 3103/3103/2507 3108/3108/2512
f 3098/3098/2502 3100/3100/2504 3104/3104/2508
f 3104/3104/2508 3102/3102/2506 3098/3098/2502
f 3109/3109/2513 3110/3110/2514 3111/3111/2515
f 3111/3111/2515 3112/3112/2516 3109/3109/2513
f 3113/3113/2517 3114/3114/2518 3115/3115/2519
f 3115/3115/2519 3116/3116/2520 3113/3113/2517
f 3117/3117/2521 3118/3118/2522 3119/3119/2523
f 3119/3119/2523 3120/3120/2524 3117/3117/2521
f 3110/3110/2514 3121/3121/2525 3122/3122/2526
f 3122/3122/2526 3111/3111/2515 3110/3110/2514
f 3114/3114/2518 3123/3123/2527 3124/3124/2528
f 3124/3124/2528 3115/3115/2519 3114/3114/2518
f 3120/3120/2524 3119/3119/2523 3125/3125/2529
f 3125/3125/2529 3126/3126/2530 3120/3120/2524
f 3121/3121/2525 3127/3127/2531 3128/3128/2532
f 3128/3128/2532 3122/3122/2526 3121/3121/2525
f 3123/3123/2527 3129/3129/2533 3130/3130/2534
f 3130/3130/2534 3124/3124/2528 3123/3123/2527
f 3126/3126/2530 3125/3125/2529 3131/3131/2535
f 3131/3131/2535 3132/3132/2536 3126/3126/2530
f 3133/3133/2537 3116/3116/2520 3115/3115/2519
f 3115/3115/2519 3134/3134/2538 3133/3133/2537
f 3134/3134/2538 3115/3115/2519 3124/3124/2528
f 3124/3124/2528 3135/3135/2539 3134/3134/2538
f 3135/3135/2539 3124/3124/2528 3130/3130/2534
f 3130/3130/2534 3136/3136/2540 3135/3135/2539
f 3137/3137/2541 3138/3138/2542 3139/3139/2543
f 3139/3139/2543 3140/3140/2544 3137/3137/2541
f 3141/3141/2545 3117/3117/2521 3120/3120/2524
f 3120/3120/2524 3142/3142/2546 3141/3141/2545
f 3134/3134/2538 3143/3143/2547 3144/3144/2548
f 3144/3144/2548 3133/3133/2537 3134/3134/2538
f 3143/3143/2547 3119/3119/2523 3118/3118/2522
f 3118/3118/2522 3144/3144/2548 3143/3143/2547
f 3140/3140/2544 3139/3139/2543 3145/3145/2549
f 3145/3145/2549 3146/3146/2550 3140/3140/2544
f 3142/3142/2546 3120/3120/2524 3126/3126/2530
f 3126/3126/2530 3147/3147/2551 3142/3142/2546
f 3135/3135/2539 3148/3148/2552 3143/3143/2547
f 3143/3143/2547 3134/3134/2538 3135/3135/2539
f 3148/3148/2552 3125/3125/2529 3119/3119/2523
f 3119/3119/2523 3143/3143/2547 3148/3148/2552
f 3146/3146/2550 3145/3145/2549 3149/3149/2553
f 3149/3149/2553 3150/3150/2554 3146/3146/2550
f 3147/3147/2551 3126/3126/2530 3132/3132/2536
f 3132/3132/2536 3151/3151/2555 3147/3147/2551
f 3136/3136/2540 3152/3152/2556 3148/3148/2552
f 3148/3148/2552 3135/3135/2539 3136/3136/2540
f 3152/3152/2556 3131/3131/2535 3125/3125/2529
f 3125/3125/2529 3148/3148/2552 3152/3152/2556
f 3153/3153/2557 3137/3137/2541 3140/3140/2544
f 3140/3140/2544 3154/3154/2558 3153/3153/2557
f 3142/3142/2546 3139/3139/2543 3138/3138/2542
f 3138/3138/2542 3141/3141/2545 3142/3142/2546
f 3154/3154/2558 3140/3140/2544 3146/3146/2550
f 3146/3146/2550 3155/3155/2559 3154/3154/2558
f 3147/3147/2551 3145/3145/2549 3139/3139/2543
f 3139/3139/2543 3142/3142/2546 3147/3147/2551
f 3155/3155/2559 3146/3146/2550 3150/3150/2554
f 3150/3150/2554 3156/3156/2560 3155/3155/2559
f 3151/3151/2555 3149/3149/2553 3145/3145/2549
f 3145/3145/2549 3147/3147/2551 3151/3151/2555
f 3157/3157/2561 3158/3158/2562 3114/3114/2518
f 3114/3114/2518 3113/3113/2517 3157/3157/2561
f 3112/3112/2516 3111/3111/2515 3158/3158/2562
f 3158/3158/2562 3157/3157/2561 3112/3112/2516
f 3159/3159/2563 3160/3160/2564 3161/3161/2565
f 3161/3161/2565 3162/3162/2566 3159/3159/2563
f 3110/3110/2514 3109/3109/2513 3163/3163/2567
f 3163/3163/2567 3164/3164/2568 3110/3110/2514
f 3158/3158/2562 3165/3165/2569 3123/3123/2527
f 3123/3123/2527 3114/3114/2518 3158/3158/2562
f 3111/3111/2515 3122/3122/2526 3165/3165/2569
f 3165/3165/2569 3158/3158/2562 3111/3111/2515
f 3166/3166/2570 3159/3159/2563 3162/3162/2566
f 3162/3162/2566 3167/3167/2571 3166/3166/2570
f 3121/3121/2525 3110/3110/2514 3164/3164/2568
f 3164/3164/2568 3168/3168/2572 3121/3121/2525
f 3165/3165/2569 3169/3169/2573 3129/3129/2533
f 3129/3129/2533 3123/3123/2527 3165/3165/2569
f 3122/3122/2526 3128/3128/2532 3169/3169/2573
f 3169/3169/2573 3165/3165/2569 3122/3122/2526
f 3170/3170/2574 3166/3166/2570 3167/3167/2571
f 3167/3167/2571 3171/3171/2575 3170/3170/2574
f 3168/3168/2572 3172/3172/2576 3127/3127/2531
f 3127/3127/2531 3121/3121/2525 3168/3168/2572
f 3173/3173/2577 3162/3162/2566 3161/3161/2565
f 3161/3161/2565 3174/3174/2578 3173/3173/2577
f 3160/3160/2564 3159/3159/2563 3164/3164/2568
f 3164/3164/2568 3163/3163/2567 3160/3160/2564
f 3175/3175/2579 3167/3167/2571 3162/3162/2566
f 3162/3162/2566 3173/3173/2577 3175/3175/2579
f 3159/3159/2563 3166/3166/2570 3168/3168/2572
f 3168/3168/2572 3164/3164/2568 3159/3159/2563
f 3176/3176/2580 3171/3171/2575 3167/3167/2571
f 3167/3167/2571 3175/3175/2579 3176/3176/2580
f 3166/3166/2570 3170/3170/2574 3172/3172/2576
f 3172/3172/2576 3168/3168/2572 3166/3166/2570
f 3177/3177/2445 3178/3178/2446 3179/3179/2447
f 3179/3179/2447 3180/3180/2448 3177/3177/2445
f 3181/3181/2449 3182/3182/2450 3183/3183/2451
f 3183/3183/2451 3184/3184/2452 3181/3181/2449
f 3185/3185/2453 3186/3186/2454 3187/3187/2455
f 3187/3187/2455 3188/3188/2456 3185/3185/2453
f 3180/3180/2448 3179/3179/2447 3189/3189/2457
f 3189/3189/2457 3190/3190/2458 3180/3180/2448
f 3184/3184/2452 3183/3183/2451 3191/3191/2459
f 3191/3191/2459 3192/3192/2460 3184/3184/2452
f 3186/3186/2454 3193/3193/2461 3194/3194/2462
f 3194/3194/2462 3187/3187/2455 3186/3186/2454
f 3190/3190/2458 3189/3189/2457 3195/3195/2463
f 3195/3195/2463 3196/3196/2464 3190/3190/2458
f 3192/3192/2460 3191/3191/2459 3197/3197/2465
f 3197/3197/2465 3198/3198/2466 3192/3192/2460
f 3193/3193/2461 3199/3199/2467 3200/3200/2468
f 3200/3200/2468 3194/3194/2462 3193/3193/2461
f 3201/3201/2469 3202/3202/2470 3183/3183/2451
f 3183/3183/2451 3182/3182/2450 3201/3201/2469
f 3202/3202/2470 3203/3203/2471 3191/3191/2459
f 3191/3191/2459 3183/3183/2451 3202/3202/2470
f 3203/3203/2471 3204/3204/2472 3197/3197/2465
f 3197/3197/2465 3191/3191/2459 3203/3203/2471
f 3205/3205/2473 3206/3206/2474 3207/3207/2475
f 3207/3207/2475 3208/3208/2476 3205/3205/2473
f 3209/3209/2477 3210/3210/2478 3186/3186/2454
f 3186/3186/2454 3185/3185/2453 3209/3209/2477
f 3202/3202/2470 3201/3201/2469 3211/3211/2479
f 3211/3211/2479 3212/3212/2480 3202/3202/2470
f 3212/3212/2480 3211/3211/2479 3188/3188/2456
f 3188/3188/2456 3187/3187/2455 3212/3212/2480
f 3206/3206/2474 3213/3213/2481 3214/3214/2482
f 3214/3214/2482 3207/3207/2475 3206/3206/2474
f 3210/3210/2478 3215/3215/2483 3193/3193/2461
f 3193/3193/2461 3186/3186/2454 3210/3210/2478
f 3203/3203/2471 3202/3202/2470 3212/3212/2480
f 3212/3212/2480 3216/3216/2484 3203/3203/2471
f 3216/3216/2484 3212/3212/2480 3187/3187/2455
f 3187/3187/2455 3194/3194/2462 3216/3216/2484
f 3213/3213/2481 3217/3217/2485 3218/3218/2486
f 3218/3218/2486 3214/3214/2482 3213/3213/2481
f 3215/3215/2483 3219/3219/2487 3199/3199/2467
f 3199/3199/2467 3193/3193/2461 3215/3215/2483
f 3204/3204/2472 3203/3203/2471 3216/3216/2484
f 3216/3216/2484 3220/3220/2488 3204/3204/2472
f 3220/3220/2488 3216/3216/2484 3194/3194/2462
f 3194/3194/2462 3200/3200/2468 3220/3220/2488
f 3221/3221/2489 3222/3222/2490 3206/3206/2474
f 3206/3206/2474 3205/3205/2473 3221/3221/2489
f 3210/3210/2478 3209/3209/2477 3208/3208/2476
f 3208/3208/2476 3207/3207/2475 3210/3210/2478
f 3222/3222/2490 3223/3223/2491 3213/3213/2481
f 3213/3213/2481 3206/3206/2474 3222/3222/2490
f 3215/3215/2483 3210/3210/2478 3207/3207/2475
f 3207/3207/2475 3214/3214/2482 3215/3215/2483
f 3223/3223/2491 3224/3224/2492 3217/3217/2485
f 3217/3217/2485 3213/3213/2481 3223/3223/2491
f 3219/3219/2487 3215/3215/2483 3214/3214/2482
f 3214/3214/2482 3218/3218/2486 3219/3219/2487
f 3225/3225/2493 3181/3181/2449 3184/3184/2452
f 3184/3184/2452 3226/3226/2494 3225/3225/2493
f 3178/3178/2446 3225/3225/2493 3226/3226/2494
f 3226/3226/2494 3179/3179/2447 3178/3178/2446
f 3227/3227/2495 3228/3228/2496 3229/3229/2497
f 3229/3229/2497 3230/3230/2498 3227/3227/2495
f 3180/3180/2448 3231/3231/2499 3232/3232/2500
f 3232/3232/2500 3177/3177/2445 3180/3180/2448
f 3226/3226/2494 3184/3184/2452 3192/3192/2460
f 3192/3192/2460 3233/3233/2501 3226/3226/2494
f 3179/3179/2447 3226/3226/2494 3233/3233/2501
f 3233/3233/2501 3189/3189/2457 3179/3179/2447
f 3234/3234/2502 3235/3235/2503 3228/3228/2496
f 3228/3228/2496 3227/3227/2495 3234/3234/2502
f 3190/3190/2458 3236/3236/2504 3231/3231/2499
f 3231/3231/2499 3180/3180/2448 3190/3190/2458
f 3233/3233/2501 3192/3192/2460 3198/3198/2466
f 3198/3198/2466 3237/3237/2505 3233/3233/2501
f 3189/3189/2457 3233/3233/2501 3237/3237/2505
f 3237/3237/2505 3195/3195/2463 3189/3189/2457
f 3238/3238/2506 3239/3239/2507 3235/3235/2503
f 3235/3235/2503 3234/3234/2502 3238/3238/2506
f 3236/3236/2504 3190/3190/2458 3196/3196/2464
f 3196/3196/2464 3240/3240/2508 3236/3236/2504
f 3241/3241/2509 3242/3242/2510 3229/3229/2497
f 3229/3229/2497 3228/3228/2496 3241/3241/2509
f 3230/3230/2498 3232/3232/2500 3231/3231/2499
f 3231/3231/2499 3227/3227/2495 3230/3230/2498
f 3243/3243/2511 3241/3241/2509 3228/3228/2496
f 3228/3228/2496 3235/3235/2503 3243/3243/2511
f 3227/3227/2495 3231/3231/2499 3236/3236/2504
f 3236/3236/2504 3234/3234/2502 3227/3227/2495
f 3244/3244/2512 3243/3243/2511 3235/3235/2503
f 3235/3235/2503 3239/3239/2507 3244/3244/2512
f 3234/3234/2502 3236/3236/2504 3240/3240/2508
f 3240/3240/2508 3238/3238/2506 3234/3234/2502
f 3245/3245/2513 3246/3246/2514 3247/3247/2515
f 3247/3247/2515 3248/3248/2516 3245/3245/2513
f 3249/3249/2517 3250/3250/2518 3251/3251/2519
f 3251/3251/2519 3252/3252/2520 3249/3249/2517
f 3253/3253/2521 3254/3254/2522 3255/3255/2523
f 3255/3255/2523 3256/3256/2524 3253/3253/2521
f 3246/3246/2514 3257/3257/2525 3258/3258/2526
f 3258/3258/2526 3247/3247/2515 3246/3246/2514
f 3250/3250/2518 3259/3259/2527 3260/3260/2528
f 3260/3260/2528 3251/3251/2519 3250/3250/2518
f 3256/3256/2524 3255/3255/2523 3261/3261/2529
f 3261/3261/2529 3262/3262/2530 3256/3256/2524
f 3257/3257/2525 3263/3263/2531 3264/3264/2532
f 3264/3264/2532 3258/3258/2526 3257/3257/2525
f 3259/3259/2527 3265/3265/2533 3266/3266/2534
f 3266/3266/2534 3260/3260/2528 3259/3259/2527
f 3262/3262/2530 3261/3261/2529 3267/3267/2535
f 3267/3267/2535 3268/3268/2536 3262/3262/2530
f 3269/3269/2537 3252/3252/2520 3251/3251/2519
f 3251/3251/2519 3270/3270/2538 3269/3269/2537
f 3270/3270/2538 3251/3251/2519 3260/3260/2528
f 3260/3260/2528 3271/3271/2539 3270/3270/2538
f 3271/3271/2539 3260/3260/2528 3266/3266/2534
f 3266/3266/2534 3272/3272/2540 3271/3271/2539
f 3273/3273/2541 3274/3274/2542 3275/3275/2543
f 3275/3275/2543 3276/3276/2544 3273/3273/2541
f 3277/3277/2545 3253/3253/2521 3256/3256/2524
f 3256/3256/2524 3278/3278/2546 3277/3277/2545
f 3270/3270/2538 3279/3279/2547 3280/3280/2548
f 3280/3280/2548 3269/3269/2537 3270/3270/2538
f 3279/3279/2547 3255/3255/2523 3254/3254/2522
f 3254/3254/2522 3280/3280/2548 3279/3279/2547
f 3276/3276/2544 3275/3275/2543 3281/3281/2549
f 3281/3281/2549 3282/3282/2550 3276/3276/2544
f 3278/3278/2546 3256/3256/2524 3262/3262/2530
f 3262/3262/2530 3283/3283/2551 3278/3278/2546
f 3271/3271/2539 3284/3284/2552 3279/3279/2547
f 3279/3279/2547 3270/3270/2538 3271/3271/2539
f 3284/3284/2552 3261/3261/2529 3255/3255/2523
f 3255/3255/2523 3279/3279/2547 3284/3284/2552
f 3282/3282/2550 3281/3281/2549 3285/3285/2553
f 3285/3285/2553 3286/3286/2554 3282/3282/2550
f 3283/3283/2551 3262/3262/2530 3268/3268/2536
f 3268/3268/2536 3287/3287/2555 3283/3283/2551
f 3272/3272/2540 3288/3288/2556 3284/3284/2552
f 3284/3284/2552 3271/3271/2539 3272/3272/2540
f 3288/3288/2556 3267/3267/2535 3261/3261/2529
f 3261/3261/2529 3284/3284/2552 3288/3288/2556
f 3289/3289/2557 3273/3273/2541 3276/3276/2544
f 3276/3276/2544 3290/3290/2558 3289/3289/2557
f 3278/3278/2546 3275/3275/2543 3274/3274/2542
f 3274/3274/2542 3277/3277/2545 3278/3278/2546
f 3290/3290/2558 3276/3276/2544 3282/3282/2550
f 3282/3282/2550 3291/3291/2559 3290/3290/2558
f 3283/3283/2551 3281/3281/2549 3275/3275/2543
f 3275/3275/2543 3278/3278/2546 3283/3283/2551
f 3291/3291/2559 3282/3282/2550 3286/3286/2554
f 3286/3286/2554 3292/3292/2560 3291/3291/2559
f 3287/3287/2555 3285/3285/2553 3281/3281/2549
f 3281/3281/2549 3283/3283/2551 3287/3287/2555
f 3293/3293/2561 3294/3294/2562 3250/3250/2518
f 3250/3250/2518 3249/3249/2517 3293/3293/2561
f 3248/3248/2516 3247/3247/2515 3294/3294/2562
f 3294/3294/2562 3293/3293/2561 3248/3248/2516
f 3295/3295/2563 3296/3296/2564 3297/3297/2565
f 3297/3297/2565 3298/3298/2566 3295/3295/2563
f 3246/3246/2514 3245/3245/2513 3299/3299/2567
f 3299/3299/2567 3300/3300/2568 3246/3246/2514
f 3294/3294/2562 3301/3301/2569 3259/3259/2527
f 3259/3259/2527 3250/3250/2518 3294/3294/2562
f 3247/3247/2515 3258/3258/2526 3301/3301/2569
f 3301/3301/2569 3294/3294/2562 3247/3247/2515
f 3302/3302/2570 3295/3295/2563 3298/3298/2566
f 3298/3298/2566 3303/3303/2571 3302/3302/2570
f 3257/3257/2525 3246/3246/2514 3300/3300/2568
f 3300/3300/2568 3304/3304/2572 3257/3257/2525
f 3301/3301/2569 3305/3305/2573 3265/3265/2533
f 3265/3265/2533 3259/3259/2527 3301/3301/2569
f 3258/3258/2526 3264/3264/2532 3305/3305/2573
f 3305/3305/2573 3301/3301/2569 3258/3258/2526
f 3306/3306/2574 3302/3302/2570 3303/3303/2571
f 3303/3303/2571 3307/3307/2575 3306/3306/2574
f 3304/3304/2572 3308/3308/2576 3263/3263/2531
f 3263/3263/2531 3257/3257/2525 3304/3304/2572
f 3309/3309/2577 3298/3298/2566 3297/3297/2565
f 3297/3297/2565 3310/3310/2578 3309/3309/2577
f 3296/3296/2564 3295/3295/2563 3300/3300/2568
f 3300/3300/2568 3299/3299/2567 3296/3296/2564
f 3311/3311/2579 3303/3303/2571 3298/3298/2566
f 3298/3298/2566 3309/3309/2577 3311/3311/2579
f 3295/3295/2563 3302/3302/2570 3304/3304/2572
f 3304/3304/2572 3300/3300/2568 3295/3295/2563
f 3312/3312/2580 3307/3307/2575 3303/3303/2571
f 3303/3303/2571 3311/3311/2579 3312/3312/2580
f 3302/3302/2570 3306/3306/2574 3308/3308/2576
f 3308/3308/2576 3304/3304/2572 3302/3302/2570
f 3313/3313/2797 3314/3314/2798 3315/3315/2799
f 3316/3316/2800 3317/3317/2801 3318/3318/2802
f 3318/3318/2802 3319/3319/2803 3320/3320/2804
f 3321/3321/2805 3318/3318/2802 3317/3317/2801
f 3317/3317/2801 3322/3322/2806 3321/3321/2805
f 3323/3323/2807 3314/3314/2798 3313/3313/2797
f 3324/3324/2808 3325/3325/2809 3326/3326/2810
f 3326/3326/2810 3327/3327/2811 3324/3324/2808
f 3328/3328/2812 3329/3329/2813 3330/3330/2814
f 3330/3330/2814 3331/3331/2815 3328/3328/2812
f 3313/3313/2797 3332/3332/2816 3333/3333/2817
f 3333/3333/2817 3323/3323/2807 3313/3313/2797
f 3334/3334/2818 3335/3335/2819 3336/3336/2820
f 3337/3337/2821 3338/3338/2822 3339/3339/2823
f 3340/3340/2824 3341/3341/2825 3338/3338/2822
f 3338/3338/2822 3337/3337/2821 3340/3340/2824
f 3329/3329/2813 3328/3328/2812 3342/3342/2826
f 3343/3343/2827 3344/3344/2828 3345/3345/2829
f 3345/3345/2829 3346/3346/2830 3343/3343/2827
f 3336/3336/2820 3335/3335/2819 3347/3347/2831
f 3347/3347/2831 3348/3348/2832 3349/3349/2833
f 3349/3349/2833 3336/3336/2820 3347/3347/2831
f 3340/3340/2824 3350/3350/2834 3351/3351/2835
f 3351/3351/2835 3341/3341/2825 3340/3340/2824
f 3315/3315/2799 3314/3314/2798 3352/3352/2836
f 3317/3317/2801 3315/3315/2799 3352/3352/2836
f 3322/3322/2806 3317/3317/2801 3352/3352/2836
f 3353/3353/2837 3322/3322/2806 3352/3352/2836
f 3343/3343/2827 3346/3346/2830 3352/3352/2836
f 3343/3343/2827 3352/3352/2836 3325/3325/2809
f 3352/3352/2836 3314/3314/2798 3325/3325/2809
f 3354/3354/2838 3353/3353/2837 3346/3346/2830
f 3346/3346/2830 3345/3345/2829 3354/3354/2838
f 3352/3352/2836 3346/3346/2830 3353/3353/2837
f 3335/3335/2819 3342/3342/2826 3354/3354/2838
f 3354/3354/2838 3345/3345/2829 3335/3335/2819
f 3328/3328/2812 3331/3331/2815 3355/3355/2839
f 3355/3355/2839 3354/3354/2838 3328/3328/2812
f 3353/3353/2837 3355/3355/2839 3321/3321/2805
f 3321/3321/2805 3322/3322/2806 3353/3353/2837
f 3353/3353/2837 3354/3354/2838 3355/3355/2839
f 3356/3356/2840 3326/3326/2810 3325/3325/2809
f 3325/3325/2809 3314/3314/2798 3356/3356/2840
f 3334/3334/2818 3342/3342/2826 3335/3335/2819
f 3357/3357/2841 3358/3358/2842 3359/3359/2843
f 3360/3360/2844 3359/3359/2843 3358/3358/2842
f 3358/3358/2842 3361/3361/2845 3360/3360/2844
f 3359/3359/2843 3360/3360/2844 3333/3333/2817
f 3333/3333/2817 3332/3332/2816 3359/3359/2843
f 3347/3347/2831 3341/3341/2825 3351/3351/2835
f 3351/3351/2835 3348/3348/2832 3347/3347/2831
f 3318/3318/2802 3321/3321/2805 3362/3362/2846
f 3363/3363/2847 3344/3344/2828 3338/3338/2822
f 3347/3347/2831 3335/3335/2819 3363/3363/2847
f 3363/3363/2847 3341/3341/2825 3347/3347/2831
f 3343/3343/2827 3324/3324/2808 3344/3344/2828
f 3354/3354/2838 3342/3342/2826 3328/3328/2812
f 3334/3334/2818 3329/3329/2813 3342/3342/2826
f 3364/3364/2848 3361/3361/2845 3358/3358/2842
f 3358/3358/2842 3365/3365/2849 3364/3364/2848
f 3365/3365/2849 3358/3358/2842 3357/3357/2841
f 3357/3357/2841 3366/3366/2850 3365/3365/2849
f 3367/3367/2851 3364/3364/2848 3365/3365/2849
f 3365/3365/2849 3368/3368/2852 3367/3367/2851
f 3368/3368/2852 3365/3365/2849 3366/3366/2850
f 3366/3366/2850 3369/3369/2853 3368/3368/2852
f 3370/3370/2854 3371/3371/2855 3367/3367/2851
f 3367/3367/2851 3368/3368/2852 3370/3370/2854
f 3372/3372/2856 3373/3373/2857 3374/3374/2858
f 3374/3374/2858 3375/3375/2859 3372/3372/2856
f 3376/3376/2860 3371/3371/2855 3370/3370/2854
f 3370/3370/2854 3374/3374/2858 3376/3376/2860
f 3377/3377/2861 3378/3378/2862 3320/3320/2804
f 3320/3320/2804 3319/3319/2803 3377/3377/2861
f 3366/3366/2850 3357/3357/2841 3320/3320/2804
f 3320/3320/2804 3378/3378/2862 3366/3366/2850
f 3369/3369/2853 3366/3366/2850 3378/3378/2862
f 3378/3378/2862 3375/3375/2859 3369/3369/2853
f 3379/3379/2863 3376/3376/2860 3374/3374/2858
f 3374/3374/2858 3373/3373/2857 3379/3379/2863
f 3380/3380/2864 3379/3379/2863 3373/3373/2857
f 3373/3373/2857 3381/3381/2865 3380/3380/2864
f 3381/3381/2865 3382/3382/2866 3383/3383/2867
f 3384/3384/2868 3382/3382/2866 3377/3377/2861
f 3377/3377/2861 3382/3382/2866 3381/3381/2865
f 3381/3381/2865 3372/3372/2856 3377/3377/2861
f 3372/3372/2856 3381/3381/2865 3373/3373/2857
f 3385/3385/2869 3386/3386/2870 3387/3387/2871
f 3384/3384/2868 3387/3387/2871 3383/3383/2867
f 3383/3383/2867 3382/3382/2866 3384/3384/2868
f 3320/3320/2804 3357/3357/2841 3316/3316/2800
f 3357/3357/2841 3359/3359/2843 3332/3332/2816
f 3377/3377/2861 3319/3319/2803 3330/3330/2814
f 3319/3319/2803 3362/3362/2846 3331/3331/2815
f 3331/3331/2815 3330/3330/2814 3319/3319/2803
f 3377/3377/2861 3330/3330/2814 3329/3329/2813
f 3381/3381/2865 3383/3383/2867 3380/3380/2864
f 3313/3313/2797 3316/3316/2800 3332/3332/2816
f 3334/3334/2818 3377/3377/2861 3329/3329/2813
f 3387/3387/2871 3386/3386/2870 3388/3388/2872
f 3375/3375/2859 3374/3374/2858 3369/3369/2853
f 3320/3320/2804 3316/3316/2800 3318/3318/2802
f 3385/3385/2869 3389/3389/2873 3390/3390/2874
f 3385/3385/2869 3387/3387/2871 3389/3389/2873
f 3389/3389/2873 3387/3387/2871 3384/3384/2868
f 3345/3345/2829 3344/3344/2828 3335/3335/2819
f 3344/3344/2828 3324/3324/2808 3338/3338/2822
f 3321/3321/2805 3355/3355/2839 3331/3331/2815
f 3331/3331/2815 3362/3362/2846 3321/3321/2805
f 3369/3369/2853 3374/3374/2858 3370/3370/2854
f 3369/3369/2853 3370/3370/2854 3368/3368/2852
f 3318/3318/2802 3362/3362/2846 3319/3319/2803
f 3335/3335/2819 3344/3344/2828 3363/3363/2847
f 3363/3363/2847 3338/3338/2822 3341/3341/2825
f 3325/3325/2809 3324/3324/2808 3343/3343/2827
f 3338/3338/2822 3324/3324/2808 3391/3391/2875
f 3372/3372/2856 3375/3375/2859 3378/3378/2862
f 3378/3378/2862 3377/3377/2861 3372/3372/2856
f 3357/3357/2841 3332/3332/2816 3316/3316/2800
f 3316/3316/2800 3313/3313/2797 3315/3315/2799
f 3315/3315/2799 3317/3317/2801 3316/3316/2800
f 3392/3392/2876 3393/3393/2877 3394/3394/2878
f 3395/3395/2879 3396/3396/2880 3397/3397/2881
f 3396/3396/2880 3398/3398/2882 3399/3399/2883
f 3400/3400/2884 3401/3401/2885 3397/3397/2881
f 3397/3397/2881 3396/3396/2880 3400/3400/2884
f 3323/3323/2807 3392/3392/2876 3394/3394/2878
f 3402/3402/2886 3327/3327/2811 3326/3326/2810
f 3326/3326/2810 3403/3403/2887 3402/3402/2886
f 3404/3404/2888 3405/3405/2889 3406/3406/2890
f 3406/3406/2890 3407/3407/2891 3404/3404/2888
f 3392/3392/2876 3323/3323/2807 3333/3333/2817
f 3333/3333/2817 3408/3408/2892 3392/3392/2876
f 3409/3409/2893 3410/3410/2894 3411/3411/2895
f 3337/3337/2821 3339/3339/2823 3412/3412/2896
f 3340/3340/2824 3337/3337/2821 3412/3412/2896
f 3412/3412/2896 3413/3413/2897 3340/3340/2824
f 3407/3407/2891 3414/3414/2898 3404/3404/2888
f 3415/3415/2899 3416/3416/2900 3417/3417/2901
f 3417/3417/2901 3418/3418/2902 3415/3415/2899
f 3410/3410/2894 3419/3419/2903 3411/3411/2895
f 3419/3419/2903 3410/3410/2894 3420/3420/2904
f 3420/3420/2904 3421/3421/2905 3419/3419/2903
f 3340/3340/2824 3413/3413/2897 3422/3422/2906
f 3422/3422/2906 3350/3350/2834 3340/3340/2824
f 3393/3393/2877 3423/3423/2907 3394/3394/2878
f 3397/3397/2881 3423/3423/2907 3393/3393/2877
f 3401/3401/2885 3423/3423/2907 3397/3397/2881
f 3424/3424/2908 3423/3423/2907 3401/3401/2885
f 3415/3415/2899 3423/3423/2907 3416/3416/2900
f 3415/3415/2899 3403/3403/2887 3423/3423/2907
f 3423/3423/2907 3403/3403/2887 3394/3394/2878
f 3425/3425/2909 3417/3417/2901 3416/3416/2900
f 3416/3416/2900 3424/3424/2908 3425/3425/2909
f 3423/3423/2907 3424/3424/2908 3416/3416/2900
f 3411/3411/2895 3417/3417/2901 3425/3425/2909
f 3425/3425/2909 3414/3414/2898 3411/3411/2895
f 3404/3404/2888 3425/3425/2909 3426/3426/2910
f 3426/3426/2910 3405/3405/2889 3404/3404/2888
f 3424/3424/2908 3401/3401/2885 3400/3400/2884
f 3400/3400/2884 3426/3426/2910 3424/3424/2908
f 3424/3424/2908 3426/3426/2910 3425/3425/2909
f 3356/3356/2840 3394/3394/2878 3403/3403/2887
f 3403/3403/2887 3326/3326/2810 3356/3356/2840
f 3409/3409/2893 3411/3411/2895 3414/3414/2898
f 3427/3427/2911 3428/3428/2912 3429/3429/2913
f 3360/3360/2844 3361/3361/2845 3429/3429/2913
f 3429/3429/2913 3428/3428/2912 3360/3360/2844
f 3430/3430/2914 3408/3408/2892 3333/3333/2817
f 3333/3333/2817 3360/3360/2844 3430/3430/2914
f 3419/3419/2903 3421/3421/2905 3422/3422/2906
f 3422/3422/2906 3413/3413/2897 3419/3419/2903
f 3396/3396/2880 3431/3431/2915 3400/3400/2884
f 3432/3432/2916 3412/3412/2896 3418/3418/2902
f 3419/3419/2903 3413/3413/2897 3432/3432/2916
f 3432/3432/2916 3411/3411/2895 3419/3419/2903
f 3415/3415/2899 3418/3418/2902 3402/3402/2886
f 3425/3425/2909 3404/3404/2888 3414/3414/2898
f 3409/3409/2893 3414/3414/2898 3407/3407/2891
f 3364/3364/2848 3433/3433/2917 3429/3429/2913
f 3429/3429/2913 3361/3361/2845 3364/3364/2848
f 3433/3433/2917 3434/3434/2918 3427/3427/2911
f 3427/3427/2911 3429/3429/2913 3433/3433/2917
f 3367/3367/2851 3435/3435/2919 3433/3433/2917
f 3433/3433/2917 3364/3364/2848 3367/3367/2851
f 3435/3435/2919 3436/3436/2920 3434/3434/2918
f 3434/3434/2918 3433/3433/2917 3435/3435/2919
f 3437/3437/2921 3435/3435/2919 3367/3367/2851
f 3367/3367/2851 3371/3371/2855 3437/3437/2921
f 3438/3438/2922 3439/3439/2923 3440/3440/2924
f 3440/3440/2924 3441/3441/2925 3438/3438/2922
f 3376/3376/2860 3440/3440/2924 3437/3437/2921
f 3437/3437/2921 3371/3371/2855 3376/3376/2860
f 3442/3442/2926 3443/3443/2927 3444/3444/2928
f 3444/3444/2928 3445/3445/2929 3442/3442/2926
f 3434/3434/2918 3445/3445/2929 3444/3444/2928
f 3444/3444/2928 3427/3427/2911 3434/3434/2918
f 3436/3436/2920 3439/3439/2923 3445/3445/2929
f 3445/3445/2929 3434/3434/2918 3436/3436/2920
f 3379/3379/2863 3441/3441/2925 3440/3440/2924
f 3440/3440/2924 3376/3376/2860 3379/3379/2863
f 3380/3380/2864 3446/3446/2930 3441/3441/2925
f 3441/3441/2925 3379/3379/2863 3380/3380/2864
f 3446/3446/2930 3383/3383/2867 3447/3447/2931
f 3448/3448/2932 3442/3442/2926 3447/3447/2931
f 3442/3442/2926 3438/3438/2922 3446/3446/2930
f 3446/3446/2930 3447/3447/2931 3442/3442/2926
f 3438/3438/2922 3441/3441/2925 3446/3446/2930
f 3449/3449/2933 3387/3387/2871 3450/3450/2934
f 3448/3448/2932 3447/3447/2931 3383/3383/2867
f 3383/3383/2867 3387/3387/2871 3448/3448/2932
f 3398/3398/2882 3395/3395/2879 3451/3451/2935
f 3451/3451/2935 3408/3408/2892 3430/3430/2914
f 3442/3442/2926 3452/3452/2936 3443/3443/2927
f 3399/3399/2883 3406/3406/2890 3405/3405/2889
f 3405/3405/2889 3431/3431/2915 3399/3399/2883
f 3442/3442/2926 3453/3453/2937 3452/3452/2936
f 3446/3446/2930 3380/3380/2864 3383/3383/2867
f 3392/3392/2876 3408/3408/2892 3395/3395/2879
f 3454/3454/2938 3453/3453/2937 3442/3442/2926
f 3387/3387/2871 3388/3388/2872 3450/3450/2934
f 3439/3439/2923 3436/3436/2920 3440/3440/2924
f 3398/3398/2882 3396/3396/2880 3395/3395/2879
f 3449/3449/2933 3455/3455/2939 3456/3456/2940
f 3449/3449/2933 3456/3456/2940 3387/3387/2871
f 3456/3456/2940 3448/3448/2932 3387/3387/2871
f 3417/3417/2901 3411/3411/2895 3418/3418/2902
f 3418/3418/2902 3412/3412/2896 3402/3402/2886
f 3400/3400/2884 3431/3431/2915 3405/3405/2889
f 3405/3405/2889 3426/3426/2910 3400/3400/2884
f 3436/3436/2920 3437/3437/2921 3440/3440/2924
f 3436/3436/2920 3435/3435/2919 3437/3437/2921
f 3396/3396/2880 3399/3399/2883 3431/3431/2915
f 3411/3411/2895 3432/3432/2916 3418/3418/2902
f 3432/3432/2916 3413/3413/2897 3412/3412/2896
f 3403/3403/2887 3415/3415/2899 3402/3402/2886
f 3402/3402/2886 3457/3457/2941 3327/3327/2811
f 3438/3438/2922 3442/3442/2926 3445/3445/2929
f 3445/3445/2929 3439/3439/2923 3438/3438/2922
f 3451/3451/2935 3395/3395/2879 3408/3408/2892
f 3395/3395/2879 3397/3397/2881 3393/3393/2877
f 3393/3393/2877 3392/3392/2876 3395/3395/2879
f 3457/3457/2941 3339/3339/2823 3458/3458/2942
f 3339/3339/2823 3338/3338/2822 3391/3391/2875
f 3339/3339/2823 3457/3457/2941 3412/3412/2896
f 3457/3457/2941 3402/3402/2886 3412/3412/2896
f 3339/3339/2823 3391/3391/2875 3458/3458/2942
f 3391/3391/2875 3324/3324/2808 3327/3327/2811
f 3457/3457/2941 3458/3458/2942 3327/3327/2811
f 3458/3458/2942 3391/3391/2875 3327/3327/2811
f 3459/3459/2943 3460/3460/2944 3461/3461/2945
f 3461/3461/2945 3462/3462/2946 3459/3459/2943
f 3460/3460/2944 3463/3463/2947 3464/3464/2948
f 3464/3464/2948 3465/3465/2949 3461/3461/2945
f 3463/3463/2947 3466/3466/2950 3464/3464/2948
f 3464/3464/2948 3466/3466/2950 3467/3467/2951
f 3467/3467/2951 3465/3465/2949 3464/3464/2948
f 3466/3466/2950 3468/3468/2952 3469/3469/2953
f 3470/3470/2954 3471/3471/2955 3472/3472/2956
f 3472/3472/2956 3469/3469/2953 3470/3470/2954
f 3471/3471/2955 3473/3473/2957 3474/3474/2958
f 3474/3474/2958 3472/3472/2956 3471/3471/2955
f 3466/3466/2950 3469/3469/2953 3472/3472/2956
f 3474/3474/2958 3467/3467/2951 3466/3466/2950
f 3466/3466/2950 3472/3472/2956 3474/3474/2958
f 3461/3461/2945 3475/3475/2959 3476/3476/2960
f 3476/3476/2960 3477/3477/2961 3461/3461/2945
f 3465/3465/2949 3478/3478/2962 3475/3475/2959
f 3475/3475/2959 3461/3461/2945 3465/3465/2949
f 3467/3467/2951 3479/3479/2963 3478/3478/2962
f 3478/3478/2962 3465/3465/2949 3467/3467/2951
f 3480/3480/2964 3481/3481/2965 3482/3482/2966
f 3482/3482/2966 3460/3460/2944 3480/3480/2964
f 3460/3460/2944 3482/3482/2966 3483/3483/2967
f 3483/3483/2967 3463/3463/2947 3460/3460/2944
f 3463/3463/2947 3483/3483/2967 3484/3484/2968
f 3484/3484/2968 3466/3466/2950 3463/3463/2947
f 3485/3485/2969 3486/3486/2970 3487/3487/2971
f 3488/3488/2972 3489/3489/2973 3490/3490/2974
f 3488/3488/2972 3490/3490/2974 3491/3491/2975
f 3488/3488/2972 3491/3491/2975 3492/3492/2976
f 3487/3487/2971 3488/3488/2972 3492/3492/2976
f 3485/3485/2969 3487/3487/2971 3492/3492/2976
f 3491/3491/2975 3493/3493/2977 3494/3494/2978
f 3494/3494/2978 3492/3492/2976 3491/3491/2975
f 3494/3494/2978 3493/3493/2977 3495/3495/2979
f 3495/3495/2979 3496/3496/2980 3494/3494/2978
f 3466/3466/2950 3484/3484/2968 3468/3468/2952
f 3474/3474/2958 3497/3497/2981 3479/3479/2963
f 3479/3479/2963 3467/3467/2951 3474/3474/2958
f 3473/3473/2957 3498/3498/2982 3497/3497/2981
f 3497/3497/2981 3474/3474/2958 3473/3473/2957
f 3499/3499/2983 3500/3500/2984 3501/3501/2985
f 3501/3501/2985 3502/3502/2986 3499/3499/2983
f 3500/3500/2984 3503/3503/2987 3504/3504/2988
f 3504/3504/2988 3501/3501/2985 3500/3500/2984
f 3501/3501/2985 3504/3504/2988 3496/3496/2980
f 3495/3495/2979 3502/3502/2986 3501/3501/2985
f 3495/3495/2979 3501/3501/2985 3496/3496/2980
f 3469/3469/2953 3468/3468/2952 3505/3505/2989
f 3505/3505/2989 3470/3470/2954 3469/3469/2953
f 3477/3477/2961 3506/3506/2990 3462/3462/2946
f 3477/3477/2961 3476/3476/2960 3506/3506/2990
f 3461/3461/2945 3460/3460/2944 3464/3464/2948
f 3462/3462/2946 3461/3461/2945 3477/3477/2961
f 3460/3460/2944 3459/3459/2943 3480/3480/2964
f 3507/3507/2991 3508/3508/2992 3509/3509/2993
f 3509/3509/2993 3510/3510/2994 3507/3507/2991
f 3510/3510/2994 3511/3511/2995 3512/3512/2996
f 3511/3511/2995 3509/3509/2993 3513/3513/2997
f 3514/3514/2998 3515/3515/2999 3516/3516/3000
f 3515/3515/2999 3517/3517/3001 3518/3518/3002
f 3518/3518/3002 3516/3516/3000 3515/3515/2999
f 3516/3516/3000 3519/3519/3003 3520/3520/3004
f 3470/3470/2954 3519/3519/3003 3521/3521/3005
f 3521/3521/3005 3471/3471/2955 3470/3470/2954
f 3471/3471/2955 3521/3521/3005 3522/3522/3006
f 3522/3522/3006 3473/3473/2957 3471/3471/2955
f 3516/3516/3000 3521/3521/3005 3519/3519/3003
f 3522/3522/3006 3521/3521/3005 3516/3516/3000
f 3516/3516/3000 3518/3518/3002 3522/3522/3006
f 3509/3509/2993 3523/3523/3007 3524/3524/3008
f 3524/3524/3008 3525/3525/3009 3509/3509/2993
f 3513/3513/2997 3509/3509/2993 3525/3525/3009
f 3525/3525/3009 3526/3526/3010 3513/3513/2997
f 3518/3518/3002 3517/3517/3001 3527/3527/3011
f 3527/3527/3011 3528/3528/3012 3518/3518/3002
f 3529/3529/3013 3510/3510/2994 3530/3530/3014
f 3530/3530/3014 3531/3531/3015 3529/3529/3013
f 3510/3510/2994 3512/3512/2996 3532/3532/3016
f 3532/3532/3016 3530/3530/3014 3510/3510/2994
f 3514/3514/2998 3516/3516/3000 3533/3533/3017
f 3533/3533/3017 3534/3534/3018 3514/3514/2998
f 3535/3535/3019 3536/3536/3020 3537/3537/3021
f 3535/3535/3019 3537/3537/3021 3538/3538/3022
f 3539/3539/3023 3540/3540/3024 3541/3541/3025
f 3542/3542/3026 3539/3539/3023 3541/3541/3025
f 3538/3538/3022 3542/3542/3026 3541/3541/3025
f 3535/3535/3019 3538/3538/3022 3541/3541/3025
f 3542/3542/3026 3538/3538/3022 3543/3543/3027
f 3543/3543/3027 3544/3544/3028 3542/3542/3026
f 3543/3543/3027 3545/3545/3029 3546/3546/3030
f 3546/3546/3030 3544/3544/3028 3543/3543/3027
f 3516/3516/3000 3520/3520/3004 3533/3533/3017
f 3522/3522/3006 3518/3518/3002 3528/3528/3012
f 3528/3528/3012 3547/3547/3031 3522/3522/3006
f 3473/3473/2957 3522/3522/3006 3547/3547/3031
f 3547/3547/3031 3498/3498/2982 3473/3473/2957
f 3499/3499/2983 3548/3548/3032 3549/3549/3033
f 3549/3549/3033 3500/3500/2984 3499/3499/2983
f 3500/3500/2984 3549/3549/3033 3550/3550/3034
f 3550/3550/3034 3503/3503/2987 3500/3500/2984
f 3549/3549/3033 3545/3545/3029 3550/3550/3034
f 3546/3546/3030 3549/3549/3033 3548/3548/3032
f 3546/3546/3030 3545/3545/3029 3549/3549/3033
f 3519/3519/3003 3470/3470/2954 3505/3505/2989
f 3505/3505/2989 3520/3520/3004 3519/3519/3003
f 3523/3523/3007 3508/3508/2992 3551/3551/3035
f 3523/3523/3007 3551/3551/3035 3524/3524/3008
f 3509/3509/2993 3511/3511/2995 3510/3510/2994
f 3508/3508/2992 3523/3523/3007 3509/3509/2993
f 3510/3510/2994 3529/3529/3013 3507/3507/2991
f 3394/3394/2878 3356/3356/2840 3323/3323/2807
f 3323/3323/2807 3356/3356/2840 3314/3314/2798
f 3552/3552/3036 3553/3553/3037 3554/3554/3038
f 3554/3554/3038 3555/3555/3039 3552/3552/3036
f 3556/3556/3040 3557/3557/3041 3558/3558/3042
f 3558/3558/3042 3559/3559/3043 3556/3556/3040
f 3553/3553/3037 3560/3560/3044 3561/3561/3045
f 3561/3561/3045 3554/3554/3038 3553/3553/3037
f 3557/3557/3041 3562/3562/3046 3563/3563/3047
f 3563/3563/3047 3558/3558/3042 3557/3557/3041
f 3564/3564/3048 3565/3565/3049 3566/3566/3050
f 3566/3566/3050 3567/3567/3051 3564/3564/3048
f 3568/3568/3052 3569/3569/3053 3570/3570/3054
f 3571/3571/3055 3570/3570/3054 3569/3569/3053
f 3569/3569/3053 3572/3572/3056 3571/3571/3055
f 3570/3570/3054 3571/3571/3055 3566/3566/3050
f 3566/3566/3050 3565/3565/3049 3570/3570/3054
f 3573/3573/3057 3572/3572/3056 3569/3569/3053
f 3569/3569/3053 3574/3574/3058 3573/3573/3057
f 3574/3574/3058 3569/3569/3053 3568/3568/3052
f 3568/3568/3052 3575/3575/3059 3574/3574/3058
f 3576/3576/3060 3573/3573/3057 3574/3574/3058
f 3574/3574/3058 3577/3577/3061 3576/3576/3060
f 3577/3577/3061 3574/3574/3058 3575/3575/3059
f 3575/3575/3059 3578/3578/3062 3577/3577/3061
f 3579/3579/3063 3580/3580/3064 3576/3576/3060
f 3576/3576/3060 3577/3577/3061 3579/3579/3063
f 3581/3581/3065 3580/3580/3064 3579/3579/3063
f 3579/3579/3063 3582/3582/3066 3581/3581/3065
f 3575/3575/3059 3568/3568/3052 3583/3583/3067
f 3583/3583/3067 3584/3584/3068 3575/3575/3059
f 3578/3578/3062 3575/3575/3059 3584/3584/3068
f 3584/3584/3068 3585/3585/3069 3578/3578/3062
f 3583/3583/3067 3568/3568/3052 3586/3586/3070
f 3568/3568/3052 3570/3570/3054 3565/3565/3049
f 3564/3564/3048 3586/3586/3070 3565/3565/3049
f 3585/3585/3069 3582/3582/3066 3578/3578/3062
f 3578/3578/3062 3582/3582/3066 3579/3579/3063
f 3578/3578/3062 3579/3579/3063 3577/3577/3061
f 3568/3568/3052 3565/3565/3049 3586/3586/3070
f 3587/3587/3071 3567/3567/3051 3566/3566/3050
f 3566/3566/3050 3588/3588/3072 3587/3587/3071
f 3589/3589/3073 3590/3590/3074 3591/3591/3075
f 3571/3571/3055 3572/3572/3056 3591/3591/3075
f 3591/3591/3075 3590/3590/3074 3571/3571/3055
f 3590/3590/3074 3588/3588/3072 3566/3566/3050
f 3566/3566/3050 3571/3571/3055 3590/3590/3074
f 3573/3573/3057 3592/3592/3076 3591/3591/3075
f 3591/3591/3075 3572/3572/3056 3573/3573/3057
f 3592/3592/3076 3593/3593/3077 3589/3589/3073
f 3589/3589/3073 3591/3591/3075 3592/3592/3076
f 3576/3576/3060 3594/3594/3078 3592/3592/3076
f 3592/3592/3076 3573/3573/3057 3576/3576/3060
f 3594/3594/3078 3595/3595/3079 3593/3593/3077
f 3593/3593/3077 3592/3592/3076 3594/3594/3078
f 3596/3596/3080 3594/3594/3078 3576/3576/3060
f 3576/3576/3060 3580/3580/3064 3596/3596/3080
f 3581/3581/3065 3597/3597/3081 3596/3596/3080
f 3596/3596/3080 3580/3580/3064 3581/3581/3065
f 3593/3593/3077 3598/3598/3082 3599/3599/3083
f 3599/3599/3083 3589/3589/3073 3593/3593/3077
f 3595/3595/3079 3600/3600/3084 3598/3598/3082
f 3598/3598/3082 3593/3593/3077 3595/3595/3079
f 3599/3599/3083 3601/3601/3085 3589/3589/3073
f 3589/3589/3073 3588/3588/3072 3590/3590/3074
f 3587/3587/3071 3588/3588/3072 3601/3601/3085
f 3600/3600/3084 3595/3595/3079 3597/3597/3081
f 3595/3595/3079 3596/3596/3080 3597/3597/3081
f 3595/3595/3079 3594/3594/3078 3596/3596/3080
f 3589/3589/3073 3601/3601/3085 3588/3588/3072
f 3585/3585/3069 3584/3584/3068 3602/3602/3086
f 3602/3602/3086 3603/3603/3087 3585/3585/3069
f 3598/3598/3082 3600/3600/3084 3604/3604/3088
f 3604/3604/3088 3605/3605/3089 3598/3598/3082
f 3603/3603/3087 3602/3602/3086 3606/3606/3090
f 3606/3606/3090 3607/3607/3091 3603/3603/3087
f 3605/3605/3089 3604/3604/3088 3608/3608/3092
f 3608/3608/3092 3609/3609/3093 3605/3605/3089
f 3610/3610/2109 3611/3611/2110 3612/3612/2111
f 3612/3612/2111 3613/3613/2112 3610/3610/2109
f 3611/3611/2110 3614/3614/2113 3615/3615/2114
f 3615/3615/2114 3612/3612/2111 3611/3611/2110
f 3614/3614/2113 3616/3616/2115 3617/3617/2116
f 3617/3617/2116 3615/3615/2114 3614/3614/2113
f 3618/3618/2117 3619/3619/2118 3620/3620/2119
f 3620/3620/2119 3621/3621/2120 3618/3618/2117
f 3620/3620/2119 3610/3610/2109 3613/3613/2112
f 3613/3613/2112 3621/3621/2120 3620/3620/2119
f 3622/3622/2121 3623/3623/2122 3611/3611/2110
f 3611/3611/2110 3610/3610/2109 3622/3622/2121
f 3624/3624/2123 3625/3625/2124 3613/3613/2112
f 3613/3613/2112 3612/3612/2111 3624/3624/2123
f 3623/3623/2122 3626/3626/2125 3614/3614/2113
f 3614/3614/2113 3611/3611/2110 3623/3623/2122
f 3627/3627/2126 3624/3624/2123 3612/3612/2111
f 3612/3612/2111 3615/3615/2114 3627/3627/2126
f 3626/3626/2125 3628/3628/2127 3616/3616/2115
f 3616/3616/2115 3614/3614/2113 3626/3626/2125
f 3629/3629/2128 3627/3627/2126 3615/3615/2114
f 3615/3615/2114 3617/3617/2116 3629/3629/2128
f 3619/3619/2118 3630/3630/2129 3631/3631/2130
f 3631/3631/2130 3620/3620/2119 3619/3619/2118
f 3621/3621/2120 3632/3632/2131 3633/3633/2132
f 3633/3633/2132 3618/3618/2117 3621/3621/2120
f 3631/3631/2130 3622/3622/2121 3610/3610/2109
f 3610/3610/2109 3620/3620/2119 3631/3631/2130
f 3625/3625/2124 3632/3632/2131 3621/3621/2120
f 3621/3621/2120 3613/3613/2112 3625/3625/2124
f 3634/3634/2133 3635/3635/2134 3636/3636/2135
f 3636/3636/2135 3637/3637/2136 3634/3634/2133
f 3637/3637/2136 3636/3636/2135 3638/3638/2137
f 3638/3638/2137 3639/3639/2138 3637/3637/2136
f 3639/3639/2138 3638/3638/2137 3640/3640/2139
f 3640/3640/2139 3641/3641/2140 3639/3639/2138
f 3642/3642/2141 3643/3643/2142 3644/3644/2143
f 3644/3644/2143 3645/3645/2144 3642/3642/2141
f 3644/3644/2143 3643/3643/2142 3635/3635/2134
f 3635/3635/2134 3634/3634/2133 3644/3644/2143
f 3646/3646/2145 3634/3634/2133 3637/3637/2136
f 3637/3637/2136 3647/3647/2146 3646/3646/2145
f 3648/3648/2147 3636/3636/2135 3635/3635/2134
f 3635/3635/2134 3649/3649/2148 3648/3648/2147
f 3647/3647/2146 3637/3637/2136 3639/3639/2138
f 3639/3639/2138 3650/3650/2149 3647/3647/2146
f 3651/3651/2150 3638/3638/2137 3636/3636/2135
f 3636/3636/2135 3648/3648/2147 3651/3651/2150
f 3650/3650/2149 3639/3639/2138 3641/3641/2140
f 3641/3641/2140 3652/3652/2151 3650/3650/2149
f 3653/3653/2152 3640/3640/2139 3638/3638/2137
f 3638/3638/2137 3651/3651/2150 3653/3653/2152
f 3645/3645/2144 3644/3644/2143 3654/3654/2153
f 3654/3654/2153 3655/3655/2154 3645/3645/2144
f 3643/3643/2142 3642/3642/2141 3656/3656/2155
f 3656/3656/2155 3657/3657/2156 3643/3643/2142
f 3654/3654/2153 3644/3644/2143 3634/3634/2133
f 3634/3634/2133 3646/3646/2145 3654/3654/2153
f 3649/3649/2148 3635/3635/2134 3643/3643/2142
f 3643/3643/2142 3657/3657/2156 3649/3649/2148
f 3658/3658/2157 3659/3659/2158 3660/3660/2159
f 3660/3660/2159 3661/3661/2160 3658/3658/2157
f 3661/3661/2160 3660/3660/2159 3662/3662/2161
f 3662/3662/2161 3663/3663/2162 3661/3661/2160
f 3663/3663/2162 3662/3662/2161 3664/3664/2163
f 3664/3664/2163 3665/3665/2164 3663/3663/2162
f 3666/3666/2165 3667/3667/2166 3659/3659/2158
f 3659/3659/2158 3658/3658/2157 3666/3666/2165
f 3668/3668/2167 3658/3658/2157 3661/3661/2160
f 3661/3661/2160 3669/3669/2168 3668/3668/2167
f 3670/3670/2169 3660/3660/2159 3659/3659/2158
f 3659/3659/2158 3671/3671/2170 3670/3670/2169
f 3669/3669/2168 3661/3661/2160 3663/3663/2162
f 3663/3663/2162 3672/3672/2171 3669/3669/2168
f 3673/3673/2172 3662/3662/2161 3660/3660/2159
f 3660/3660/2159 3670/3670/2169 3673/3673/2172
f 3672/3672/2171 3663/3663/2162 3665/3665/2164
f 3665/3665/2164 3674/3674/2173 3672/3672/2171
f 3675/3675/2174 3664/3664/2163 3662/3662/2161
f 3662/3662/2161 3673/3673/2172 3675/3675/2174
f 3676/3676/2175 3666/3666/2165 3658/3658/2157
f 3658/3658/2157 3668/3668/2167 3676/3676/2175
f 3671/3671/2170 3659/3659/2158 3667/3667/2166
f 3667/3667/2166 3677/3677/2176 3671/3671/2170
f 3678/3678/2177 3679/3679/2178 3680/3680/2179
f 3680/3680/2179 3681/3681/2180 3678/3678/2177
f 3679/3679/2178 3682/3682/2181 3683/3683/2182
f 3683/3683/2182 3680/3680/2179 3679/3679/2178
f 3682/3682/2181 3684/3684/2183 3685/3685/2184
f 3685/3685/2184 3683/3683/2182 3682/3682/2181
f 3686/3686/2185 3678/3678/2177 3681/3681/2180
f 3681/3681/2180 3687/3687/2186 3686/3686/2185
f 3688/3688/2187 3689/3689/2188 3679/3679/2178
f 3679/3679/2178 3678/3678/2177 3688/3688/2187
f 3690/3690/2189 3691/3691/2190 3681/3681/2180
f 3681/3681/2180 3680/3680/2179 3690/3690/2189
f 3689/3689/2188 3692/3692/2191 3682/3682/2181
f 3682/3682/2181 3679/3679/2178 3689/3689/2188
f 3693/3693/2192 3690/3690/2189 3680/3680/2179
f 3680/3680/2179 3683/3683/2182 3693/3693/2192
f 3692/3692/2191 3694/3694/2193 3684/3684/2183
f 3684/3684/2183 3682/3682/2181 3692/3692/2191
f 3695/3695/2194 3693/3693/2192 3683/3683/2182
f 3683/3683/2182 3685/3685/2184 3695/3695/2194
f 3696/3696/2195 3688/3688/2187 3678/3678/2177
f 3678/3678/2177 3686/3686/2185 3696/3696/2195
f 3691/3691/2190 3697/3697/2196 3687/3687/2186
f 3687/3687/2186 3681/3681/2180 3691/3691/2190
f 3698/3698/2445 3699/3699/2446 3700/3700/2447
f 3700/3700/2447 3701/3701/2448 3698/3698/2445
f 3702/3702/2449 3703/3703/2450 3704/3704/2451
f 3704/3704/2451 3705/3705/2452 3702/3702/2449
f 3706/3706/2453 3707/3707/2454 3708/3708/2455
f 3708/3708/2455 3709/3709/2456 3706/3706/2453
f 3701/3701/2448 3700/3700/2447 3710/3710/2457
f 3710/3710/2457 3711/3711/2458 3701/3701/2448
f 3705/3705/2452 3704/3704/2451 3712/3712/2459
f 3712/3712/2459 3713/3713/2460 3705/3705/2452
f 3707/3707/2454 3714/3714/2461 3715/3715/2462
f 3715/3715/2462 3708/3708/2455 3707/3707/2454
f 3711/3711/2458 3710/3710/2457 3716/3716/2463
f 3716/3716/2463 3717/3717/2464 3711/3711/2458
f 3713/3713/2460 3712/3712/2459 3718/3718/2465
f 3718/3718/2465 3719/3719/2466 3713/3713/2460
f 3714/3714/2461 3720/3720/2467 3721/3721/2468
f 3721/3721/2468 3715/3715/2462 3714/3714/2461
f 3722/3722/2469 3723/3723/2470 3704/3704/2451
f 3704/3704/2451 3703/3703/2450 3722/3722/2469
f 3723/3723/2470 3724/3724/2471 3712/3712/2459
f 3712/3712/2459 3704/3704/2451 3723/3723/2470
f 3724/3724/2471 3725/3725/2472 3718/3718/2465
f 3718/3718/2465 3712/3712/2459 3724/3724/2471
f 3726/3726/2473 3727/3727/2474 3728/3728/2475
f 3728/3728/2475 3729/3729/2476 3726/3726/2473
f 3730/3730/2477 3731/3731/2478 3707/3707/2454
f 3707/3707/2454 3706/3706/2453 3730/3730/2477
f 3723/3723/2470 3722/3722/2469 3732/3732/2479
f 3732/3732/2479 3733/3733/2480 3723/3723/2470
f 3733/3733/2480 3732/3732/2479 3709/3709/2456
f 3709/3709/2456 3708/3708/2455 3733/3733/2480
f 3727/3727/2474 3734/3734/2481 3735/3735/2482
f 3735/3735/2482 3728/3728/2475 3727/3727/2474
f 3731/3731/2478 3736/3736/2483 3714/3714/2461
f 3714/3714/2461 3707/3707/2454 3731/3731/2478
f 3724/3724/2471 3723/3723/2470 3733/3733/2480
f 3733/3733/2480 3737/3737/2484 3724/3724/2471
f 3737/3737/2484 3733/3733/2480 3708/3708/2455
f 3708/3708/2455 3715/3715/2462 3737/3737/2484
f 3734/3734/2481 3738/3738/2485 3739/3739/2486
f 3739/3739/2486 3735/3735/2482 3734/3734/2481
f 3736/3736/2483 3740/3740/2487 3720/3720/2467
f 3720/3720/2467 3714/3714/2461 3736/3736/2483
f 3725/3725/2472 3724/3724/2471 3737/3737/2484
f 3737/3737/2484 3741/3741/2488 3725/3725/2472
f 3741/3741/2488 3737/3737/2484 3715/3715/2462
f 3715/3715/2462 3721/3721/2468 3741/3741/2488
f 3742/3742/2489 3743/3743/2490 3727/3727/2474
f 3727/3727/2474 3726/3726/2473 3742/3742/2489
f 3731/3731/2478 3730/3730/2477 3729/3729/2476
f 3729/3729/2476 3728/3728/2475 3731/3731/2478
f 3743/3743/2490 3744/3744/2491 3734/3734/2481
f 3734/3734/2481 3727/3727/2474 3743/3743/2490
f 3736/3736/2483 3731/3731/2478 3728/3728/2475
f 3728/3728/2475 3735/3735/2482 3736/3736/2483
f 3744/3744/2491 3745/3745/2492 3738/3738/2485
f 3738/3738/2485 3734/3734/2481 3744/3744/2491
f 3740/3740/2487 3736/3736/2483 3735/3735/2482
f 3735/3735/2482 3739/3739/2486 3740/3740/2487
f 3746/3746/2493 3702/3702/2449 3705/3705/2452
f 3705/3705/2452 3747/3747/2494 3746/3746/2493
f 3699/3699/2446 3746/3746/2493 3747/3747/2494
f 3747/3747/2494 3700/3700/2447 3699/3699/2446
f 3748/3748/2495 3749/3749/2496 3750/3750/2497
f 3750/3750/2497 3751/3751/2498 3748/3748/2495
f 3701/3701/2448 3752/3752/2499 3753/3753/2500
f 3753/3753/2500 3698/3698/2445 3701/3701/2448
f 3747/3747/2494 3705/3705/2452 3713/3713/2460
f 3713/3713/2460 3754/3754/2501 3747/3747/2494
f 3700/3700/2447 3747/3747/2494 3754/3754/2501
f 3754/3754/2501 3710/3710/2457 3700/3700/2447
f 3755/3755/2502 3756/3756/2503 3749/3749/2496
f 3749/3749/2496 3748/3748/2495 3755/3755/2502
f 3711/3711/2458 3757/3757/2504 3752/3752/2499
f 3752/3752/2499 3701/3701/2448 3711/3711/2458
f 3754/3754/2501 3713/3713/2460 3719/3719/2466
f 3719/3719/2466 3758/3758/2505 3754/3754/2501
f 3710/3710/2457 3754/3754/2501 3758/3758/2505
f 3758/3758/2505 3716/3716/2463 3710/3710/2457
f 3759/3759/2506 3760/3760/2507 3756/3756/2503
f 3756/3756/2503 3755/3755/2502 3759/3759/2506
f 3757/3757/2504 3711/3711/2458 3717/3717/2464
f 3717/3717/2464 3761/3761/2508 3757/3757/2504
f 3762/3762/2509 3763/3763/2510 3750/3750/2497
f 3750/3750/2497 3749/3749/2496 3762/3762/2509
f 3751/3751/2498 3753/3753/2500 3752/3752/2499
f 3752/3752/2499 3748/3748/2495 3751/3751/2498
f 3764/3764/2511 3762/3762/2509 3749/3749/2496
f 3749/3749/2496 3756/3756/2503 3764/3764/2511
f 3748/3748/2495 3752/3752/2499 3757/3757/2504
f 3757/3757/2504 3755/3755/2502 3748/3748/2495
f 3765/3765/2512 3764/3764/2511 3756/3756/2503
f 3756/3756/2503 3760/3760/2507 3765/3765/2512
f 3755/3755/2502 3757/3757/2504 3761/3761/2508
f 3761/3761/2508 3759/3759/2506 3755/3755/2502
f 3766/3766/2513 3767/3767/2514 3768/3768/2515
f 3768/3768/2515 3769/3769/2516 3766/3766/2513
f 3770/3770/2517 3771/3771/2518 3772/3772/2519
f 3772/3772/2519 3773/3773/2520 3770/3770/2517
f 3774/3774/2521 3775/3775/2522 3776/3776/2523
f 3776/3776/2523 3777/3777/2524 3774/3774/2521
f 3767/3767/2514 3778/3778/2525 3779/3779/2526
f 3779/3779/2526 3768/3768/2515 3767/3767/2514
f 3771/3771/2518 3780/3780/2527 3781/3781/2528
f 3781/3781/2528 3772/3772/2519 3771/3771/2518
f 3777/3777/2524 3776/3776/2523 3782/3782/2529
f 3782/3782/2529 3783/3783/2530 3777/3777/2524
f 3778/3778/2525 3784/3784/2531 3785/3785/2532
f 3785/3785/2532 3779/3779/2526 3778/3778/2525
f 3780/3780/2527 3786/3786/2533 3787/3787/2534
f 3787/3787/2534 3781/3781/2528 3780/3780/2527
f 3783/3783/2530 3782/3782/2529 3788/3788/2535
f 3788/3788/2535 3789/3789/2536 3783/3783/2530
f 3790/3790/2537 3773/3773/2520 3772/3772/2519
f 3772/3772/2519 3791/3791/2538 3790/3790/2537
f 3791/3791/2538 3772/3772/2519 3781/3781/2528
f 3781/3781/2528 3792/3792/2539 3791/3791/2538
f 3792/3792/2539 3781/3781/2528 3787/3787/2534
f 3787/3787/2534 3793/3793/2540 3792/3792/2539
f 3794/3794/2541 3795/3795/2542 3796/3796/2543
f 3796/3796/2543 3797/3797/2544 3794/3794/2541
f 3798/3798/2545 3774/3774/2521 3777/3777/2524
f 3777/3777/2524 3799/3799/2546 3798/3798/2545
f 3791/3791/2538 3800/3800/2547 3801/3801/2548
f 3801/3801/2548 3790/3790/2537 3791/3791/2538
f 3800/3800/2547 3776/3776/2523 3775/3775/2522
f 3775/3775/2522 3801/3801/2548 3800/3800/2547
f 3797/3797/2544 3796/3796/2543 3802/3802/2549
f 3802/3802/2549 3803/3803/2550 3797/3797/2544
f 3799/3799/2546 3777/3777/2524 3783/3783/2530
f 3783/3783/2530 3804/3804/2551 3799/3799/2546
f 3792/3792/2539 3805/3805/2552 3800/3800/2547
f 3800/3800/2547 3791/3791/2538 3792/3792/2539
f 3805/3805/2552 3782/3782/2529 3776/3776/2523
f 3776/3776/2523 3800/3800/2547 3805/3805/2552
f 3803/3803/2550 3802/3802/2549 3806/3806/2553
f 3806/3806/2553 3807/3807/2554 3803/3803/2550
f 3804/3804/2551 3783/3783/2530 3789/3789/2536
f 3789/3789/2536 3808/3808/2555 3804/3804/2551
f 3793/3793/2540 3809/3809/2556 3805/3805/2552
f 3805/3805/2552 3792/3792/2539 3793/3793/2540
f 3809/3809/2556 3788/3788/2535 3782/3782/2529
f 3782/3782/2529 3805/3805/2552 3809/3809/2556
f 3810/3810/2557 3794/3794/2541 3797/3797/2544
f 3797/3797/2544 3811/3811/2558 3810/3810/2557
f 3799/3799/2546 3796/3796/2543 3795/3795/2542
f 3795/3795/2542 3798/3798/2545 3799/3799/2546
f 3811/3811/2558 3797/3797/2544 3803/3803/2550
f 3803/3803/2550 3812/3812/2559 3811/3811/2558
f 3804/3804/2551 3802/3802/2549 3796/3796/2543
f 3796/3796/2543 3799/3799/2546 3804/3804/2551
f 3812/3812/2559 3803/3803/2550 3807/3807/2554
f 3807/3807/2554 3813/3813/2560 3812/3812/2559
f 3808/3808/2555 3806/3806/2553 3802/3802/2549
f 3802/3802/2549 3804/3804/2551 3808/3808/2555
f 3814/3814/2561 3815/3815/2562 3771/3771/2518
f 3771/3771/2518 3770/3770/2517 3814/3814/2561
f 3769/3769/2516 3768/3768/2515 3815/3815/2562
f 3815/3815/2562 3814/3814/2561 3769/3769/2516
f 3816/3816/2563 3817/3817/2564 3818/3818/2565
f 3818/3818/2565 3819/3819/2566 3816/3816/2563
f 3767/3767/2514 3766/3766/2513 3820/3820/2567
f 3820/3820/2567 3821/3821/2568 3767/3767/2514
f 3815/3815/2562 3822/3822/2569 3780/3780/2527
f 3780/3780/2527 3771/3771/2518 3815/3815/2562
f 3768/3768/2515 3779/3779/2526 3822/3822/2569
f 3822/3822/2569 3815/3815/2562 3768/3768/2515
f 3823/3823/2570 3816/3816/2563 3819/3819/2566
f 3819/3819/2566 3824/3824/2571 3823/3823/2570
f 3778/3778/2525 3767/3767/2514 3821/3821/2568
f 3821/3821/2568 3825/3825/2572 3778/3778/2525
f 3822/3822/2569 3826/3826/2573 3786/3786/2533
f 3786/3786/2533 3780/3780/2527 3822/3822/2569
f 3779/3779/2526 3785/3785/2532 3826/3826/2573
f 3826/3826/2573 3822/3822/2569 3779/3779/2526
f 3827/3827/2574 3823/3823/2570 3824/3824/2571
f 3824/3824/2571 3828/3828/2575 3827/3827/2574
f 3825/3825/2572 3829/3829/2576 3784/3784/2531
f 3784/3784/2531 3778/3778/2525 3825/3825/2572
f 3830/3830/2577 3819/3819/2566 3818/3818/2565
f 3818/3818/2565 3831/3831/2578 3830/3830/2577
f 3817/3817/2564 3816/3816/2563 3821/3821/2568
f 3821/3821/2568 3820/3820/2567 3817/3817/2564
f 3832/3832/2579 3824/3824/2571 3819/3819/2566
f 3819/3819/2566 3830/3830/2577 3832/3832/2579
f 3816/3816/2563 3823/3823/2570 3825/3825/2572
f 3825/3825/2572 3821/3821/2568 3816/3816/2563
f 3833/3833/2580 3828/3828/2575 3824/3824/2571
f 3824/3824/2571 3832/3832/2579 3833/3833/2580
f 3823/3823/2570 3827/3827/2574 3829/3829/2576
f 3829/3829/2576 3825/3825/2572 3823/3823/2570
f 3834/3834/3094 3836/3835/3095 3835/3836/3096
f 3836/3835/3095 3834/3834/3094 3837/3837/3097
f 3838/3838/3098 3840/3839/3099 3839/3840/3100
f 3840/3839/3099 3838/3838/3098 3841/3841/3101
f 3842/3842/3102 3844/3843/3103 3843/3844/3104
f 3844/3843/3103 3842/3842/3102 4018/3845/3105
f 3846/3846/3106 4018/3845/3105 3847/3847/3107
f 4018/3845/3105 3846/3846/3106 3848/3848/3108
f 3839/3840/3100 3850/3849/3109 3849/3850/3110
f 3850/3849/3109 3839/3840/3100 3840/3839/3099
f 3841/3841/3101 3852/3851/3111 3851/3852/3112
f 3852/3851/3111 3841/3841/3101 3838/3838/3098
f 3852/3851/3111 3853/3853/3113 3851/3852/3112
f 3853/3853/3113 3852/3851/3111 3854/3854/3114
f 3854/3854/3114 3843/3844/3104 3853/3853/3113
f 3843/3844/3104 3854/3854/3114 3842/3842/3102
f 3855/3855/3115 3846/3846/3106 3856/3856/3116
f 3846/3846/3106 3855/3855/3115 3848/3848/3108
f 3857/3857/3117 3856/3856/3116 3858/3858/3118
f 3856/3856/3116 3857/3857/3117 3855/3855/3115
f 3859/3859/3119 3861/3860/3120 3860/3861/3121
f 3861/3860/3120 3859/3859/3119 3862/3862/3122
f 3835/3836/3096 3864/3863/3123 3863/3864/3124
f 3864/3863/3123 3835/3836/3096 3836/3835/3095
f 3837/3837/3097 3866/3865/3125 3865/3866/3126
f 3866/3865/3125 3837/3837/3097 3834/3834/3094
f 3865/3866/3126 3849/3850/3110 3850/3849/3109
f 3849/3850/3110 3865/3866/3126 3866/3865/3125
f 3860/3861/3121 3868/3867/3127 3867/3868/3128
f 3869/3869/3129 3868/3867/3127 3870/3870/3130
f 3862/3862/3122 3863/3864/3124 3864/3863/3123
f 3863/3864/3124 3862/3862/3122 3859/3859/3119
f 3869/3869/3129 3867/3868/3128 3868/3867/3127
f 3867/3868/3128 3869/3869/3129 3871/3871/3131
f 3861/3860/3120 3868/3867/3127 3860/3861/3121
f 3868/3867/3127 3861/3860/3120 3870/3870/3130
f 3844/3843/3103 4018/3845/3105 3848/3848/3108
f 3847/3847/3107 4018/3845/3105 3842/3842/3102
f 3928/3872/3132 4009/3873/3132 3929/3874/3132
f 3930/3875/3133 4011/3876/3133 3931/3877/3133
f 3932/3878/3134 4013/3879/3134 3933/3880/3134
f 3934/3881/3135 4015/3882/3135 3935/3883/3135
f 3936/3884/3136 4017/3885/3136 3937/3886/3136
f 4044/3887/3136 3939/3888/3136 3938/3889/3136
f 3940/3890/3137 3845/3891/3137 3941/3892/3137
f 3942/3893/3137 4019/3894/3137 3943/3895/3137
f 3944/3896/3138 4021/3897/3138 3945/3898/3138
f 3946/3899/3139 4014/3900/3139 3947/3901/3139
f 3948/3902/3140 4023/3903/3140 3949/3904/3140
f 3950/3905/3141 4012/3906/3141 3951/3907/3141
f 3952/3908/3142 4046/3909/3142 3953/3910/3142
f 3954/3911/3143 4025/3912/3143 3955/3913/3143
f 3956/3914/3144 4024/3915/3144 3957/3916/3144
f 3958/3917/3145 4016/3918/3145 3959/3919/3145
f 3960/3920/3146 4027/3921/3146 3961/3922/3146
f 3962/3923/3147 4020/3924/3147 3963/3925/3147
f 3964/3926/3148 4028/3927/3148 3965/3928/3148
f 3966/3929/3149 4026/3930/3149 3967/3931/3149
f 3968/3932/3150 4030/3933/3150 3969/3934/3150
f 3970/3935/3151 4032/3936/3151 3971/3937/3151
f 3972/3938/3152 4033/3939/3152 3973/3940/3152
f 3974/3941/3153 4010/3942/3153 3975/3943/3153
f 3976/3944/3154 4035/3945/3154 3977/3946/3154
f 3978/3947/3155 4008/3948/3155 3979/3949/3155
f 3980/3950/3156 4022/3951/3156 3981/3952/3156
f 3982/3953/3157 4036/3954/3157 3983/3955/3157
f 3984/3956/3158 4037/3957/3158 3985/3958/3158
f 3986/3959/3159 4039/3960/3159 3987/3961/3159
f 3988/3962/3160 4034/3963/3160 3989/3964/3160
f 3990/3965/3161 4029/3966/3161 3991/3967/3161
f 3993/3968/3162 3992/3969/3162 4040/3970/3162
f 3994/3971/3163 4038/3972/3163 3995/3973/3163
f 4031/3974/3164 3997/3975/3164 3996/3976/3164
f 3998/3977/3164 4047/3978/3164 3999/3979/3164
f 4000/3980/3165 4045/3981/3165 4001/3982/3165
f 4002/3983/3166 4043/3984/3166 4003/3985/3166
f 3872/3986/3167 3874/3987/3168 3873/3988/3169
f 3875/3989/3170 3873/3988/3169 3876/3990/3171
f 3873/3988/3169 3875/3989/3170 3872/3986/3167
f 3877/3991/3172 3879/3992/3173 3878/3993/3174
f 3880/3994/3175 3878/3993/3174 3881/3995/3176
f 3878/3993/3174 3880/3994/3175 3877/3991/3172
f 3882/3996/3177 3884/3997/3178 3883/3998/3179
f 3882/3996/3177 3883/3998/3179 3885/3999/3180
f 3885/3999/3180 3883/3998/3179 3886/4000/3181
f 3885/3999/3180 3886/4000/3181 3887/4001/3182
f 3888/4002/3183 3890/4003/3183 3889/4004/3184
f 3888/4002/3183 3889/4004/3184 3891/4005/3185
f 3891/4005/3185 3889/4004/3184 3892/4006/3186
f 3891/4005/3185 3892/4006/3186 3893/4007/3186
f 3894/4008/3187 3896/4009/3188 3895/4010/3189
f 3894/4008/3187 3895/4010/3189 3897/4011/3190
f 3896/4009/3188 3899/4012/3191 3898/4013/3192
f 3896/4009/3188 3898/4013/3192 3895/4010/3189
f 3897/4011/3190 3895/4010/3189 3900/4014/3193
f 3897/4011/3190 3900/4014/3193 3901/4015/3194
f 3895/4010/3189 3898/4013/3192 3902/4016/3195
f 3895/4010/3189 3902/4016/3195 3900/4014/3193
f 3903/4017/3196 3905/4018/3196 3904/4019/3197
f 3903/4017/3196 3904/4019/3197 3906/4020/3198
f 3906/4020/3198 3904/4019/3197 3907/4021/3199
f 3906/4020/3198 3907/4021/3199 3908/4022/3199
f 3909/4023/3200 3911/4024/3201 3910/4025/3202
f 3909/4023/3200 3910/4025/3202 3912/4026/3203
f 3911/4024/3201 3914/4027/3204 3913/4028/3205
f 3911/4024/3201 3913/4028/3205 3910/4025/3202
f 3912/4026/3203 3910/4025/3202 3915/4029/3206
f 3912/4026/3203 3915/4029/3206 3916/4030/3207
f 3910/4025/3202 3913/4028/3205 3917/4031/3208
f 3910/4025/3202 3917/4031/3208 3915/4029/3206
f 3918/4032/3209 3920/4033/3209 3919/4034/3209
f 3918/4032/3209 3919/4034/3209 3921/4035/3209
f 3922/4036/3210 3924/4037/3211 3923/4038/3212
f 3875/3989/3170 3924/4037/3211 3922/4036/3210
f 3925/4039/3213 3927/4040/3214 3926/4041/3215
f 3872/3986/3167 3927/4040/3214 3925/4039/3213
f 3923/4038/3212 3879/3992/3173 3926/4041/3215
f 3879/3992/3173 3923/4038/3212 3878/3993/3174
f 3881/3995/3176 3878/3993/3174 3923/4038/3212
f 3880/3994/3175 3874/3987/3168 3877/3991/3172
f 3874/3987/3168 3880/3994/3175 3873/3988/3169
f 3876/3990/3171 3873/3988/3169 3880/3994/3175
f 3872/3986/3167 3925/4039/3213 3874/3987/3168
f 3924/4037/3211 3875/3989/3170 3876/3990/3171
f 3925/4039/3213 3926/4041/3215 3879/3992/3173
f 3924/4037/3211 3881/3995/3176 3923/4038/3212
f 3874/3987/3168 3925/4039/3213 3877/3991/3172
f 3925/4039/3213 3879/3992/3173 3877/3991/3172
f 3924/4037/3211 3880/3994/3175 3881/3995/3176
f 3876/3990/3171 3880/3994/3175 3924/4037/3211
f 4005/4042/3216 4004/4043/3216 4041/4044/3216
f 4006/4045/3216 4042/4046/3216 4007/4047/3216
f 4048/4048/3217 4049/4049/3218 4050/4050/3219
f 4051/4051/3220 4052/4052/3221 4053/4053/3222
f 4053/4053/3222 4054/4054/3223 4055/4055/3224
f 4052/4052/3221 4056/4056/3225 4057/4057/3226
f 4057/4057/3226 4053/4053/3222 4052/4052/3221
f 4049/4049/3218 4048/4048/3217 4058/4058/3227
f 4058/4058/3227 4059/4059/3228 4049/4049/3218
f 4060/4060/3229 4061/4061/3230 4062/4062/3231
f 4062/4062/3231 4063/4063/3232 4060/4060/3229
f 4064/4064/3233 4065/4065/3234 4066/4066/3235
f 4066/4066/3235 4067/4067/3236 4064/4064/3233
f 4068/4068/3237 4058/4058/3227 4048/4048/3217
f 4048/4048/3217 4069/4069/3238 4068/4068/3237
f 4070/4070/3239 4071/4071/3240 4072/4072/3241
f 4073/4073/3242 4074/4074/3243 4075/4075/3244
f 4074/4074/3243 4073/4073/3242 4076/4076/3245
f 4076/4076/3245 4077/4077/3246 4074/4074/3243
f 4067/4067/3236 4066/4066/3235 4078/4078/3247
f 4079/4079/3248 4080/4080/3249 4081/4081/3250
f 4081/4081/3250 4082/4082/3251 4079/4079/3248
f 4072/4072/3241 4071/4071/3240 4083/4083/3252
f 4084/4084/3253 4072/4072/3241 4083/4083/3252
f 4083/4083/3252 4085/4085/3254 4084/4084/3253
f 4086/4086/3255 4077/4077/3246 4076/4076/3245
f 4076/4076/3245 4087/4087/3256 4086/4086/3255
f 4050/4050/3219 4049/4049/3218 4088/4088/3257
f 4052/4052/3221 4050/4050/3219 4088/4088/3257
f 4056/4056/3225 4052/4052/3221 4088/4088/3257
f 4089/4089/3258 4056/4056/3225 4088/4088/3257
f 4081/4081/3250 4080/4080/3249 4088/4088/3257
f 4081/4081/3250 4088/4088/3257 4063/4063/3232
f 4088/4088/3257 4049/4049/3218 4063/4063/3232
f 4080/4080/3249 4079/4079/3248 4090/4090/3259
f 4090/4090/3259 4089/4089/3258 4080/4080/3249
f 4088/4088/3257 4080/4080/3249 4089/4089/3258
f 4090/4090/3259 4079/4079/3248 4071/4071/3240
f 4071/4071/3240 4078/4078/3247 4090/4090/3259
f 4091/4091/3260 4090/4090/3259 4066/4066/3235
f 4066/4066/3235 4065/4065/3234 4091/4091/3260
f 4057/4057/3226 4056/4056/3225 4089/4089/3258
f 4089/4089/3258 4091/4091/3260 4057/4057/3226
f 4089/4089/3258 4090/4090/3259 4091/4091/3260
f 4063/4063/3232 4049/4049/3218 4059/4059/3228
f 4059/4059/3228 4060/4060/3229 4063/4063/3232
f 4070/4070/3239 4078/4078/3247 4071/4071/3240
f 4092/4092/3261 4093/4093/3262 4094/4094/3263
f 4093/4093/3262 4095/4095/3264 4096/4096/3265
f 4096/4096/3265 4094/4094/3263 4093/4093/3262
f 4068/4068/3237 4069/4069/3238 4094/4094/3263
f 4094/4094/3263 4096/4096/3265 4068/4068/3237
f 4085/4085/3254 4086/4086/3255 4097/4097/3266
f 4097/4097/3266 4098/4098/3267 4085/4085/3254
f 4086/4086/3255 4085/4085/3254 4083/4083/3252
f 4083/4083/3252 4077/4077/3246 4086/4086/3255
f 4053/4053/3222 4057/4057/3226 4099/4099/3268
f 4100/4100/3269 4082/4082/3251 4074/4074/3243
f 4086/4086/3255 4087/4087/3256 4101/4101/3270
f 4101/4101/3270 4097/4097/3266 4086/4086/3255
f 4100/4100/3269 4077/4077/3246 4083/4083/3252
f 4083/4083/3252 4071/4071/3240 4100/4100/3269
f 4081/4081/3250 4062/4062/3231 4082/4082/3251
f 4090/4090/3259 4078/4078/3247 4066/4066/3235
f 4070/4070/3239 4067/4067/3236 4078/4078/3247
f 4093/4093/3262 4102/4102/3271 4103/4103/3272
f 4103/4103/3272 4095/4095/3264 4093/4093/3262
f 4092/4092/3261 4104/4104/3273 4102/4102/3271
f 4102/4102/3271 4093/4093/3262 4092/4092/3261
f 4102/4102/3271 4105/4105/3274 4106/4106/3275
f 4106/4106/3275 4103/4103/3272 4102/4102/3271
f 4104/4104/3273 4107/4107/3276 4105/4105/3274
f 4105/4105/3274 4102/4102/3271 4104/4104/3273
f 4106/4106/3275 4105/4105/3274 4108/4108/3277
f 4108/4108/3277 4109/4109/3278 4106/4106/3275
f 4110/4110/3279 4111/4111/3280 4112/4112/3281
f 4112/4112/3281 4113/4113/3282 4110/4110/3279
f 4108/4108/3277 4110/4110/3279 4114/4114/3283
f 4114/4114/3283 4109/4109/3278 4108/4108/3277
f 4055/4055/3224 4054/4054/3223 4115/4115/3284
f 4115/4115/3284 4116/4116/3285 4055/4055/3224
f 4055/4055/3224 4116/4116/3285 4104/4104/3273
f 4104/4104/3273 4092/4092/3261 4055/4055/3224
f 4116/4116/3285 4111/4111/3280 4107/4107/3276
f 4107/4107/3276 4104/4104/3273 4116/4116/3285
f 4110/4110/3279 4113/4113/3282 4117/4117/3286
f 4117/4117/3286 4114/4114/3283 4110/4110/3279
f 4113/4113/3282 4118/4118/3287 4119/4119/3288
f 4119/4119/3288 4117/4117/3286 4113/4113/3282
f 4118/4118/3287 4120/4120/3289 4121/4121/3290
f 4122/4122/3291 4120/4120/3289 4115/4115/3284
f 4118/4118/3287 4112/4112/3281 4115/4115/3284
f 4115/4115/3284 4120/4120/3289 4118/4118/3287
f 4112/4112/3281 4118/4118/3287 4113/4113/3282
f 4123/4123/3292 4124/4124/3293 4125/4125/3294
f 4121/4121/3290 4120/4120/3289 4122/4122/3291
f 4122/4122/3291 4125/4125/3294 4121/4121/3290
f 4055/4055/3224 4092/4092/3261 4051/4051/3220
f 4092/4092/3261 4094/4094/3263 4069/4069/3238
f 4115/4115/3284 4054/4054/3223 4064/4064/3233
f 4065/4065/3234 4064/4064/3233 4054/4054/3223
f 4054/4054/3223 4099/4099/3268 4065/4065/3234
f 4115/4115/3284 4064/4064/3233 4067/4067/3236
f 4118/4118/3287 4121/4121/3290 4119/4119/3288
f 4085/4085/3254 4098/4098/3267 4126/4126/3295
f 4126/4126/3295 4084/4084/3253 4085/4085/3254
f 4048/4048/3217 4051/4051/3220 4069/4069/3238
f 4070/4070/3239 4115/4115/3284 4067/4067/3236
f 4125/4125/3294 4124/4124/3293 4127/4127/3296
f 4111/4111/3280 4110/4110/3279 4107/4107/3276
f 4055/4055/3224 4051/4051/3220 4053/4053/3222
f 4123/4123/3292 4128/4128/3297 4129/4129/3298
f 4123/4123/3292 4125/4125/3294 4128/4128/3297
f 4128/4128/3297 4125/4125/3294 4122/4122/3291
f 4079/4079/3248 4082/4082/3251 4071/4071/3240
f 4082/4082/3251 4062/4062/3231 4074/4074/3243
f 4065/4065/3234 4099/4099/3268 4057/4057/3226
f 4057/4057/3226 4091/4091/3260 4065/4065/3234
f 4107/4107/3276 4110/4110/3279 4108/4108/3277
f 4107/4107/3276 4108/4108/3277 4105/4105/3274
f 4053/4053/3222 4099/4099/3268 4054/4054/3223
f 4071/4071/3240 4082/4082/3251 4100/4100/3269
f 4100/4100/3269 4074/4074/3243 4077/4077/3246
f 4063/4063/3232 4062/4062/3231 4081/4081/3250
f 4074/4074/3243 4062/4062/3231 4130/4130/3299
f 4116/4116/3285 4115/4115/3284 4112/4112/3281
f 4112/4112/3281 4111/4111/3280 4116/4116/3285
f 4092/4092/3261 4069/4069/3238 4051/4051/3220
f 4050/4050/3219 4052/4052/3221 4051/4051/3220
f 4051/4051/3220 4048/4048/3217 4050/4050/3219
f 4131/4131/3300 4132/4132/3301 4133/4133/3302
f 4134/4134/3303 4135/4135/3304 4136/4136/3305
f 4135/4135/3304 4137/4137/3306 4138/4138/3307
f 4136/4136/3305 4135/4135/3304 4139/4139/3308
f 4139/4139/3308 4140/4140/3309 4136/4136/3305
f 4133/4133/3302 4059/4059/3228 4058/4058/3227
f 4058/4058/3227 4131/4131/3300 4133/4133/3302
f 4060/4060/3229 4141/4141/3310 4142/4142/3311
f 4142/4142/3311 4061/4061/3230 4060/4060/3229
f 4143/4143/3312 4144/4144/3313 4145/4145/3314
f 4145/4145/3314 4146/4146/3315 4143/4143/3312
f 4068/4068/3237 4147/4147/3316 4131/4131/3300
f 4131/4131/3300 4058/4058/3227 4068/4068/3237
f 4148/4148/3317 4149/4149/3318 4150/4150/3319
f 4073/4073/3242 4151/4151/3320 4152/4152/3321
f 4152/4152/3321 4153/4153/3322 4076/4076/3245
f 4076/4076/3245 4073/4073/3242 4152/4152/3321
f 4144/4144/3313 4154/4154/3323 4145/4145/3314
f 4155/4155/3324 4156/4156/3325 4157/4157/3326
f 4157/4157/3326 4158/4158/3327 4155/4155/3324
f 4149/4149/3318 4159/4159/3328 4150/4150/3319
f 4160/4160/3329 4161/4161/3330 4159/4159/3328
f 4159/4159/3328 4149/4149/3318 4160/4160/3329
f 4162/4162/3331 4087/4087/3256 4076/4076/3245
f 4076/4076/3245 4153/4153/3322 4162/4162/3331
f 4132/4132/3301 4163/4163/3332 4133/4133/3302
f 4136/4136/3305 4163/4163/3332 4132/4132/3301
f 4140/4140/3309 4163/4163/3332 4136/4136/3305
f 4164/4164/3333 4163/4163/3332 4140/4140/3309
f 4157/4157/3326 4163/4163/3332 4158/4158/3327
f 4157/4157/3326 4141/4141/3310 4163/4163/3332
f 4163/4163/3332 4141/4141/3310 4133/4133/3302
f 4158/4158/3327 4164/4164/3333 4165/4165/3334
f 4165/4165/3334 4155/4155/3324 4158/4158/3327
f 4163/4163/3332 4164/4164/3333 4158/4158/3327
f 4165/4165/3334 4154/4154/3323 4150/4150/3319
f 4150/4150/3319 4155/4155/3324 4165/4165/3334
f 4166/4166/3335 4146/4146/3315 4145/4145/3314
f 4145/4145/3314 4165/4165/3334 4166/4166/3335
f 4139/4139/3308 4166/4166/3335 4164/4164/3333
f 4164/4164/3333 4140/4140/3309 4139/4139/3308
f 4164/4164/3333 4166/4166/3335 4165/4165/3334
f 4141/4141/3310 4060/4060/3229 4059/4059/3228
f 4059/4059/3228 4133/4133/3302 4141/4141/3310
f 4148/4148/3317 4150/4150/3319 4154/4154/3323
f 4167/4167/3336 4168/4168/3337 4169/4169/3338
f 4169/4169/3338 4168/4168/3337 4096/4096/3265
f 4096/4096/3265 4095/4095/3264 4169/4169/3338
f 4068/4068/3237 4096/4096/3265 4170/4170/3339
f 4170/4170/3339 4147/4147/3316 4068/4068/3237
f 4161/4161/3330 4171/4171/3340 4172/4172/3341
f 4172/4172/3341 4162/4162/3331 4161/4161/3330
f 4162/4162/3331 4153/4153/3322 4159/4159/3328
f 4159/4159/3328 4161/4161/3330 4162/4162/3331
f 4135/4135/3304 4173/4173/3342 4139/4139/3308
f 4174/4174/3343 4152/4152/3321 4156/4156/3325
f 4162/4162/3331 4172/4172/3341 4101/4101/3270
f 4101/4101/3270 4087/4087/3256 4162/4162/3331
f 4174/4174/3343 4150/4150/3319 4159/4159/3328
f 4159/4159/3328 4153/4153/3322 4174/4174/3343
f 4157/4157/3326 4156/4156/3325 4142/4142/3311
f 4165/4165/3334 4145/4145/3314 4154/4154/3323
f 4148/4148/3317 4154/4154/3323 4144/4144/3313
f 4169/4169/3338 4095/4095/3264 4103/4103/3272
f 4103/4103/3272 4175/4175/3344 4169/4169/3338
f 4167/4167/3336 4169/4169/3338 4175/4175/3344
f 4175/4175/3344 4176/4176/3345 4167/4167/3336
f 4175/4175/3344 4103/4103/3272 4106/4106/3275
f 4106/4106/3275 4177/4177/3346 4175/4175/3344
f 4176/4176/3345 4175/4175/3344 4177/4177/3346
f 4177/4177/3346 4178/4178/3347 4176/4176/3345
f 4106/4106/3275 4109/4109/3278 4179/4179/3348
f 4179/4179/3348 4177/4177/3346 4106/4106/3275
f 4180/4180/3349 4181/4181/3350 4182/4182/3351
f 4182/4182/3351 4183/4183/3352 4180/4180/3349
f 4179/4179/3348 4109/4109/3278 4114/4114/3283
f 4114/4114/3283 4180/4180/3349 4179/4179/3348
f 4184/4184/3353 4185/4185/3354 4186/4186/3355
f 4186/4186/3355 4187/4187/3356 4184/4184/3353
f 4184/4184/3353 4167/4167/3336 4176/4176/3345
f 4176/4176/3345 4185/4185/3354 4184/4184/3353
f 4185/4185/3354 4176/4176/3345 4178/4178/3347
f 4178/4178/3347 4183/4183/3352 4185/4185/3354
f 4180/4180/3349 4114/4114/3283 4117/4117/3286
f 4117/4117/3286 4181/4181/3350 4180/4180/3349
f 4181/4181/3350 4117/4117/3286 4119/4119/3288
f 4119/4119/3288 4188/4188/3357 4181/4181/3350
f 4188/4188/3357 4121/4121/3290 4189/4189/3358
f 4190/4190/3359 4186/4186/3355 4189/4189/3358
f 4188/4188/3357 4189/4189/3358 4186/4186/3355
f 4186/4186/3355 4182/4182/3351 4188/4188/3357
f 4182/4182/3351 4181/4181/3350 4188/4188/3357
f 4191/4191/3360 4125/4125/3294 4192/4192/3361
f 4121/4121/3290 4125/4125/3294 4190/4190/3359
f 4190/4190/3359 4189/4189/3358 4121/4121/3290
f 4137/4137/3306 4134/4134/3303 4193/4193/3362
f 4193/4193/3362 4147/4147/3316 4170/4170/3339
f 4186/4186/3355 4194/4194/3363 4187/4187/3356
f 4146/4146/3315 4173/4173/3342 4138/4138/3307
f 4138/4138/3307 4143/4143/3312 4146/4146/3315
f 4186/4186/3355 4195/4195/3364 4194/4194/3363
f 4188/4188/3357 4119/4119/3288 4121/4121/3290
f 4161/4161/3330 4160/4160/3329 4196/4196/3365
f 4196/4196/3365 4171/4171/3340 4161/4161/3330
f 4131/4131/3300 4147/4147/3316 4134/4134/3303
f 4197/4197/3366 4195/4195/3364 4186/4186/3355
f 4125/4125/3294 4127/4127/3296 4192/4192/3361
f 4183/4183/3352 4178/4178/3347 4180/4180/3349
f 4137/4137/3306 4135/4135/3304 4134/4134/3303
f 4191/4191/3360 4198/4198/3367 4199/4199/3368
f 4191/4191/3360 4199/4199/3368 4125/4125/3294
f 4199/4199/3368 4190/4190/3359 4125/4125/3294
f 4155/4155/3324 4150/4150/3319 4156/4156/3325
f 4156/4156/3325 4152/4152/3321 4142/4142/3311
f 4146/4146/3315 4166/4166/3335 4139/4139/3308
f 4139/4139/3308 4173/4173/3342 4146/4146/3315
f 4178/4178/3347 4179/4179/3348 4180/4180/3349
f 4178/4178/3347 4177/4177/3346 4179/4179/3348
f 4135/4135/3304 4138/4138/3307 4173/4173/3342
f 4150/4150/3319 4174/4174/3343 4156/4156/3325
f 4174/4174/3343 4153/4153/3322 4152/4152/3321
f 4141/4141/3310 4157/4157/3326 4142/4142/3311
f 4142/4142/3311 4200/4200/3369 4061/4061/3230
f 4185/4185/3354 4183/4183/3352 4182/4182/3351
f 4182/4182/3351 4186/4186/3355 4185/4185/3354
f 4193/4193/3362 4134/4134/3303 4147/4147/3316
f 4132/4132/3301 4131/4131/3300 4134/4134/3303
f 4134/4134/3303 4136/4136/3305 4132/4132/3301
f 4200/4200/3369 4151/4151/3320 4201/4201/3370
f 4075/4075/3244 4074/4074/3243 4130/4130/3299
f 4151/4151/3320 4200/4200/3369 4152/4152/3321
f 4200/4200/3369 4142/4142/3311 4152/4152/3321
f 4075/4075/3244 4130/4130/3299 4202/4202/3371
f 4130/4130/3299 4062/4062/3231 4061/4061/3230
f 4200/4200/3369 4201/4201/3370 4061/4061/3230
f 4202/4202/3371 4130/4130/3299 4061/4061/3230
f 4203/4203/3372 4204/4204/3373 4205/4205/3374
f 4205/4205/3374 4206/4206/3375 4203/4203/3372
f 4206/4206/3375 4205/4205/3374 4207/4207/3376
f 4207/4207/3376 4208/4208/3377 4206/4206/3375
f 4203/4203/3372 4209/4209/3378 4210/4210/3379
f 4210/4210/3379 4204/4204/3373 4203/4203/3372
f 4211/4211/3380 4212/4212/3381 4213/4213/3382
f 4213/4213/3382 4214/4214/3383 4211/4211/3380
f 4212/4212/3381 4208/4208/3377 4207/4207/3376
f 4207/4207/3376 4213/4213/3382 4212/4212/3381
f 4211/4211/3380 4214/4214/3383 4215/4215/3384
f 4215/4215/3384 4216/4216/3385 4211/4211/3380
f 4217/4217/3386 4218/4218/3387 4219/4219/3388
f 4219/4219/3388 4220/4220/3389 4217/4217/3386
f 4220/4220/3389 4221/4221/3390 4222/4222/3391
f 4222/4222/3391 4223/4223/3392 4217/4217/3386
f 4221/4221/3390 4224/4224/3393 4222/4222/3391
f 4225/4225/3394 4223/4223/3392 4222/4222/3391
f 4222/4222/3391 4224/4224/3393 4225/4225/3394
f 4224/4224/3393 4226/4226/3395 4227/4227/3396
f 4228/4228/3397 4227/4227/3396 4229/4229/3398
f 4229/4229/3398 4230/4230/3399 4228/4228/3397
f 4231/4231/3400 4228/4228/3397 4230/4230/3399
f 4230/4230/3399 4232/4232/3401 4231/4231/3400
f 4224/4224/3393 4227/4227/3396 4228/4228/3397
f 4224/4224/3393 4228/4228/3397 4231/4231/3400
f 4231/4231/3400 4225/4225/3394 4224/4224/3393
f 4233/4233/3402 4234/4234/3403 4217/4217/3386
f 4217/4217/3386 4235/4235/3404 4233/4233/3402
f 4235/4235/3404 4217/4217/3386 4223/4223/3392
f 4223/4223/3392 4236/4236/3405 4235/4235/3404
f 4236/4236/3405 4223/4223/3392 4225/4225/3394
f 4225/4225/3394 4237/4237/3406 4236/4236/3405
f 4238/4238/3407 4220/4220/3389 4239/4239/3408
f 4239/4239/3408 4240/4240/3409 4238/4238/3407
f 4241/4241/3410 4221/4221/3390 4220/4220/3389
f 4220/4220/3389 4238/4238/3407 4241/4241/3410
f 4242/4242/3411 4224/4224/3393 4221/4221/3390
f 4221/4221/3390 4241/4241/3410 4242/4242/3411
f 4243/4243/3412 4244/4244/3413 4245/4245/3414
f 4243/4243/3412 4245/4245/3414 4246/4246/3415
f 4243/4243/3412 4246/4246/3415 4247/4247/3416
f 4248/4248/3417 4249/4249/3418 4250/4250/3419
f 4247/4247/3416 4248/4248/3417 4250/4250/3419
f 4243/4243/3412 4247/4247/3416 4250/4250/3419
f 4251/4251/3420 4247/4247/3416 4246/4246/3415
f 4246/4246/3415 4252/4252/3421 4251/4251/3420
f 4253/4253/3422 4254/4254/3423 4251/4251/3420
f 4251/4251/3420 4252/4252/3421 4253/4253/3422
f 4224/4224/3393 4242/4242/3411 4226/4226/3395
f 4237/4237/3406 4225/4225/3394 4231/4231/3400
f 4231/4231/3400 4255/4255/3424 4237/4237/3406
f 4255/4255/3424 4231/4231/3400 4232/4232/3401
f 4232/4232/3401 4256/4256/3425 4255/4255/3424
f 4257/4257/3426 4258/4258/3427 4259/4259/3428
f 4259/4259/3428 4260/4260/3429 4257/4257/3426
f 4261/4261/3430 4257/4257/3426 4260/4260/3429
f 4260/4260/3429 4262/4262/3431 4261/4261/3430
f 4257/4257/3426 4261/4261/3430 4254/4254/3423
f 4253/4253/3422 4258/4258/3427 4257/4257/3426
f 4253/4253/3422 4257/4257/3426 4254/4254/3423
f 4263/4263/3432 4229/4229/3398 4227/4227/3396
f 4227/4227/3396 4226/4226/3395 4263/4263/3432
f 4234/4234/3403 4264/4264/3433 4218/4218/3387
f 4234/4234/3403 4233/4233/3402 4264/4264/3433
f 4265/4265/3434 4266/4266/3435 4242/4242/3411
f 4242/4242/3411 4241/4241/3410 4265/4265/3434
f 4226/4226/3395 4242/4242/3411 4266/4266/3435
f 4266/4266/3435 4267/4267/3436 4226/4226/3395
f 4226/4226/3395 4267/4267/3436 4268/4268/3437
f 4268/4268/3437 4263/4263/3432 4226/4226/3395
f 4217/4217/3386 4220/4220/3389 4222/4222/3391
f 4218/4218/3387 4217/4217/3386 4234/4234/3403
f 4220/4220/3389 4219/4219/3388 4239/4239/3408
f 4269/4269/3438 4270/4270/3439 4271/4271/3440
f 4271/4271/3440 4272/4272/3441 4269/4269/3438
f 4270/4270/3439 4273/4273/3442 4274/4274/3443
f 4273/4273/3442 4269/4269/3438 4275/4275/3444
f 4276/4276/3445 4277/4277/3446 4278/4278/3447
f 4279/4279/3448 4278/4278/3447 4277/4277/3446
f 4277/4277/3446 4280/4280/3449 4279/4279/3448
f 4278/4278/3447 4281/4281/3450 4282/4282/3451
f 4283/4283/3452 4230/4230/3399 4229/4229/3398
f 4229/4229/3398 4281/4281/3450 4283/4283/3452
f 4284/4284/3453 4232/4232/3401 4230/4230/3399
f 4230/4230/3399 4283/4283/3452 4284/4284/3453
f 4278/4278/3447 4283/4283/3452 4281/4281/3450
f 4278/4278/3447 4279/4279/3448 4284/4284/3453
f 4284/4284/3453 4283/4283/3452 4278/4278/3447
f 4285/4285/3454 4286/4286/3455 4269/4269/3438
f 4269/4269/3438 4287/4287/3456 4285/4285/3454
f 4286/4286/3455 4288/4288/3457 4275/4275/3444
f 4275/4275/3444 4269/4269/3438 4286/4286/3455
f 4289/4289/3458 4290/4290/3459 4279/4279/3448
f 4279/4279/3448 4280/4280/3449 4289/4289/3458
f 4291/4291/3460 4292/4292/3461 4293/4293/3462
f 4293/4293/3462 4270/4270/3439 4291/4291/3460
f 4294/4294/3463 4291/4291/3460 4270/4270/3439
f 4270/4270/3439 4274/4274/3443 4294/4294/3463
f 4295/4295/3464 4296/4296/3465 4276/4276/3445
f 4276/4276/3445 4278/4278/3447 4295/4295/3464
f 4297/4297/3466 4298/4298/3467 4299/4299/3468
f 4300/4300/3469 4301/4301/3470 4302/4302/3471
f 4300/4300/3469 4302/4302/3471 4303/4303/3472
f 4299/4299/3468 4300/4300/3469 4303/4303/3472
f 4299/4299/3468 4303/4303/3472 4304/4304/3473
f 4297/4297/3466 4299/4299/3468 4304/4304/3473
f 4305/4305/3474 4306/4306/3475 4304/4304/3473
f 4304/4304/3473 4303/4303/3472 4305/4305/3474
f 4307/4307/3476 4306/4306/3475 4305/4305/3474
f 4305/4305/3474 4308/4308/3477 4307/4307/3476
f 4278/4278/3447 4282/4282/3451 4295/4295/3464
f 4290/4290/3459 4309/4309/3478 4284/4284/3453
f 4284/4284/3453 4279/4279/3448 4290/4290/3459
f 4309/4309/3478 4256/4256/3425 4232/4232/3401
f 4232/4232/3401 4284/4284/3453 4309/4309/3478
f 4310/4310/3479 4260/4260/3429 4259/4259/3428
f 4259/4259/3428 4311/4311/3480 4310/4310/3479
f 4312/4312/3481 4262/4262/3431 4260/4260/3429
f 4260/4260/3429 4310/4310/3479 4312/4312/3481
f 4310/4310/3479 4308/4308/3477 4312/4312/3481
f 4307/4307/3476 4310/4310/3479 4311/4311/3480
f 4307/4307/3476 4308/4308/3477 4310/4310/3479
f 4263/4263/3432 4282/4282/3451 4281/4281/3450
f 4281/4281/3450 4229/4229/3398 4263/4263/3432
f 4287/4287/3456 4272/4272/3441 4313/4313/3482
f 4287/4287/3456 4313/4313/3482 4285/4285/3454
f 4314/4314/3483 4296/4296/3465 4295/4295/3464
f 4295/4295/3464 4315/4315/3484 4314/4314/3483
f 4282/4282/3451 4316/4316/3485 4315/4315/3484
f 4315/4315/3484 4295/4295/3464 4282/4282/3451
f 4282/4282/3451 4263/4263/3432 4268/4268/3437
f 4268/4268/3437 4316/4316/3485 4282/4282/3451
f 4269/4269/3438 4273/4273/3442 4270/4270/3439
f 4272/4272/3441 4287/4287/3456 4269/4269/3438
f 4270/4270/3439 4293/4293/3462 4271/4271/3440
f 4317/4317/3486 4318/4318/3487 4319/4319/3488
f 4319/4319/3488 4320/4320/3489 4317/4317/3486
f 4321/4321/3490 4322/4322/3491 4320/4320/3489
f 4320/4320/3489 4319/4319/3488 4321/4321/3490
f 4321/4321/3490 4323/4323/3492 4324/4324/3493
f 4324/4324/3493 4322/4322/3491 4321/4321/3490
f 4325/4325/3494 4326/4326/3495 4327/4327/3496
f 4327/4327/3496 4328/4328/3497 4325/4325/3494
f 4329/4329/3498 4327/4327/3496 4326/4326/3495
f 4326/4326/3495 4330/4330/3499 4329/4329/3498
f 4329/4329/3498 4330/4330/3499 4324/4324/3493
f 4324/4324/3493 4323/4323/3492 4329/4329/3498
f 4331/4331/3500 4686/4332/3501 4333/4333/3502
f 4333/4333/3502 4334/4334/3503 4331/4331/3500
f 4656/4335/3504 4657/4336/3505 4658/4337/3506
f 4338/4338/3507 4658/4337/3506 4657/4336/3505
f 4657/4336/3505 4692/4339/3508 4338/4338/3507
f 4658/4337/3506 4338/4338/3507 4333/4333/3502
f 4333/4333/3502 4686/4332/3501 4658/4337/3506
f 4661/4340/3509 4692/4339/3508 4657/4336/3505
f 4657/4336/3505 4662/4341/3510 4661/4340/3509
f 4662/4341/3510 4657/4336/3505 4656/4335/3504
f 4656/4335/3504 4663/4342/3511 4662/4341/3510
f 4343/4343/3512 4661/4340/3509 4662/4341/3510
f 4662/4341/3510 4664/4344/3513 4343/4343/3512
f 4664/4344/3513 4662/4341/3510 4663/4342/3511
f 4663/4342/3511 4607/4345/3514 4664/4344/3513
f 4608/4346/3515 4693/4347/3516 4343/4343/3512
f 4343/4343/3512 4664/4344/3513 4608/4346/3515
f 4610/4348/3517 4693/4347/3516 4608/4346/3515
f 4608/4346/3515 4695/4349/3518 4610/4348/3517
f 4663/4342/3511 4656/4335/3504 4612/4350/3519
f 4612/4350/3519 4667/4351/3520 4663/4342/3511
f 4607/4345/3514 4663/4342/3511 4667/4351/3520
f 4667/4351/3520 4614/4352/3521 4607/4345/3514
f 4612/4350/3519 4656/4335/3504 4353/4353/3522
f 4656/4335/3504 4658/4337/3506 4686/4332/3501
f 4331/4331/3500 4353/4353/3522 4686/4332/3501
f 4614/4352/3521 4695/4349/3518 4607/4345/3514
f 4607/4345/3514 4695/4349/3518 4608/4346/3515
f 4607/4345/3514 4608/4346/3515 4664/4344/3513
f 4656/4335/3504 4686/4332/3501 4353/4353/3522
f 4354/4354/3523 4334/4334/3503 4333/4333/3502
f 4333/4333/3502 4669/4355/3524 4354/4354/3523
f 4356/4356/3525 4357/4357/3526 4620/4358/3527
f 4338/4338/3507 4692/4339/3508 4620/4358/3527
f 4620/4358/3527 4357/4357/3526 4338/4338/3507
f 4359/4359/3528 4669/4355/3524 4333/4333/3502
f 4333/4333/3502 4338/4338/3507 4359/4359/3528
f 4661/4340/3509 4671/4360/3529 4620/4358/3527
f 4620/4358/3527 4692/4339/3508 4661/4340/3509
f 4671/4360/3529 4672/4361/3530 4356/4356/3525
f 4356/4356/3525 4620/4358/3527 4671/4360/3529
f 4343/4343/3512 4690/4362/3531 4671/4360/3529
f 4671/4360/3529 4661/4340/3509 4343/4343/3512
f 4690/4362/3531 4674/4363/3532 4672/4361/3530
f 4672/4361/3530 4671/4360/3529 4690/4362/3531
f 4625/4364/3533 4690/4362/3531 4343/4343/3512
f 4343/4343/3512 4693/4347/3516 4625/4364/3533
f 4610/4348/3517 4675/4365/3534 4625/4364/3533
f 4625/4364/3533 4693/4347/3516 4610/4348/3517
f 4672/4361/3530 4627/4366/3535 4367/4367/3536
f 4367/4367/3536 4356/4356/3525 4672/4361/3530
f 4674/4363/3532 4677/4368/3537 4627/4366/3535
f 4627/4366/3535 4672/4361/3530 4674/4363/3532
f 4369/4369/3538 4370/4370/3539 4371/4371/3540
f 4371/4371/3540 4669/4355/3524 4359/4359/3528
f 4354/4354/3523 4669/4355/3524 4370/4370/3539
f 4677/4368/3537 4674/4363/3532 4675/4365/3534
f 4674/4363/3532 4625/4364/3533 4675/4365/3534
f 4674/4363/3532 4690/4362/3531 4625/4364/3533
f 4371/4371/3540 4370/4370/3539 4669/4355/3524
f 4695/4349/3518 4633/4372/3541 4634/4373/3542
f 4634/4373/3542 4610/4348/3517 4695/4349/3518
f 4612/4350/3519 4635/4374/3543 4679/4375/3544
f 4679/4375/3544 4667/4351/3520 4612/4350/3519
f 4667/4351/3520 4679/4375/3544 4691/4376/3545
f 4691/4376/3545 4614/4352/3521 4667/4351/3520
f 4353/4353/3522 4377/4377/3546 4635/4374/3543
f 4635/4374/3543 4612/4350/3519 4353/4353/3522
f 4695/4349/3518 4614/4352/3521 4691/4376/3545
f 4691/4376/3545 4633/4372/3541 4695/4349/3518
f 4610/4348/3517 4634/4373/3542 4638/4378/3547
f 4638/4378/3547 4675/4365/3534 4610/4348/3517
f 4367/4367/3536 4627/4366/3535 4639/4379/3548
f 4639/4379/3548 4380/4380/3549 4367/4367/3536
f 4677/4368/3537 4641/4381/3550 4639/4379/3548
f 4639/4379/3548 4627/4366/3535 4677/4368/3537
f 4370/4370/3539 4369/4369/3538 4382/4382/3551
f 4382/4382/3551 4383/4383/3552 4370/4370/3539
f 4675/4365/3534 4638/4378/3547 4641/4381/3550
f 4641/4381/3550 4677/4368/3537 4675/4365/3534
f 4633/4372/3541 4384/4384/3553 4385/4385/3554
f 4385/4385/3554 4634/4373/3542 4633/4372/3541
f 4386/4386/3555 4387/4387/3556 4679/4375/3544
f 4679/4375/3544 4635/4374/3543 4386/4386/3555
f 4387/4387/3556 4388/4388/3557 4691/4376/3545
f 4691/4376/3545 4679/4375/3544 4387/4387/3556
f 4377/4377/3546 4389/4389/3558 4386/4386/3555
f 4386/4386/3555 4635/4374/3543 4377/4377/3546
f 4388/4388/3557 4384/4384/3553 4633/4372/3541
f 4633/4372/3541 4691/4376/3545 4388/4388/3557
f 4634/4373/3542 4385/4385/3554 4390/4390/3559
f 4390/4390/3559 4638/4378/3547 4634/4373/3542
f 4391/4391/3560 4392/4392/3561 4380/4380/3549
f 4380/4380/3549 4639/4379/3548 4391/4391/3560
f 4641/4381/3550 4393/4393/3562 4391/4391/3560
f 4391/4391/3560 4639/4379/3548 4641/4381/3550
f 4394/4394/3563 4395/4395/3564 4383/4383/3552
f 4383/4383/3552 4382/4382/3551 4394/4394/3563
f 4638/4378/3547 4390/4390/3559 4393/4393/3562
f 4393/4393/3562 4641/4381/3550 4638/4378/3547
f 4396/4396/3565 4397/4397/3565 4332/4398/3565
f 4398/4399/3566 4399/4400/3566 4597/4401/3566
f 4400/4402/3567 4401/4403/3567 4336/4404/3567
f 4402/4405/3568 4403/4406/3568 4337/4407/3568
f 4404/4408/3569 4405/4409/3569 4339/4410/3569
f 4406/4411/3570 4407/4412/3570 4601/4413/3570
f 4408/4414/3571 4409/4415/3571 4596/4416/3571
f 4410/4417/3572 4411/4418/3572 4602/4419/3572
f 4412/4420/3573 4413/4421/3573 4341/4422/3573
f 4414/4423/3574 4415/4424/3574 4599/4425/3574
f 4416/4426/3575 4417/4427/3575 4342/4428/3575
f 4418/4429/3576 4419/4430/3576 4340/4431/3576
f 4420/4432/3577 4421/4433/3577 4344/4434/3577
f 4422/4435/3578 4423/4436/3578 4604/4437/3578
f 4424/4438/3579 4425/4439/3579 4345/4440/3579
f 4426/4441/3580 4427/4442/3580 4347/4443/3580
f 4428/4444/3581 4429/4445/3581 4606/4446/3581
f 4430/4447/3582 4431/4448/3582 4609/4449/3582
f 4432/4450/3583 4433/4451/3583 4349/4452/3583
f 4434/4453/3584 4435/4454/3584 4335/4455/3584
f 4436/4456/3585 4437/4457/3585 4351/4458/3585
f 4438/4459/3586 4439/4460/3586 4605/4461/3586
f 4440/4462/3587 4441/4463/3587 4352/4464/3587
f 4442/4465/3588 4443/4466/3588 4598/4467/3588
f 4444/4468/3589 4445/4469/3589 4600/4470/3589
f 4446/4471/3590 4447/4472/3590 4615/4473/3590
f 4448/4474/3591 4449/4475/3591 4611/4476/3591
f 4450/4477/3592 4451/4478/3592 4666/4479/3592
f 4452/4480/3593 4453/4481/3593 4346/4482/3593
f 4454/4483/3594 4455/4484/3594 4654/4485/3594
f 4456/4486/3595 4457/4487/3595 4655/4488/3595
f 4458/4489/3596 4459/4490/3596 4355/4491/3596
f 4460/4492/3597 4461/4493/3597 4619/4494/3597
f 4462/4495/3598 4463/4496/3598 4660/4497/3598
f 4464/4498/3599 4465/4499/3599 4670/4500/3599
f 4466/4501/3600 4467/4502/3600 4617/4503/3600
f 4468/4504/3601 4469/4505/3601 4659/4506/3601
f 4470/4507/3602 4471/4508/3602 4360/4509/3602
f 4472/4510/3603 4473/4511/3603 4687/4512/3603
f 4474/4513/3604 4475/4514/3604 4361/4515/3604
f 4476/4516/3605 4477/4517/3605 4358/4518/3605
f 4478/4519/3606 4479/4520/3606 4362/4521/3606
f 4480/4522/3607 4481/4523/3607 4603/4524/3607
f 4482/4525/3608 4483/4526/3608 4363/4527/3608
f 4484/4528/3609 4485/4529/3609 4621/4530/3609
f 4486/4531/3610 4487/4532/3610 4623/4533/3610
f 4488/4534/3611 4489/4535/3611 4665/4536/3611
f 4490/4537/3612 4491/4538/3612 4365/4539/3612
f 4492/4540/3613 4493/4541/3613 4688/4542/3613
f 4494/4543/3614 4495/4544/3614 4366/4545/3614
f 4496/4546/3615 4497/4547/3615 4618/4548/3615
f 4498/4549/3616 4499/4550/3616 4368/4551/3616
f 4500/4552/3617 4501/4553/3617 4622/4554/3617
f 4630/4555/3618 4502/4556/3618 4503/4557/3618
f 4632/4558/3619 4504/4559/3619 4505/4560/3619
f 4616/4561/3620 4506/4562/3620 4507/4563/3620
f 4508/4564/3621 4509/4565/3621 4624/4566/3621
f 4510/4567/3622 4511/4568/3622 4364/4569/3622
f 4512/4570/3623 4513/4571/3623 4673/4572/3623
f 4514/4573/3624 4515/4574/3624 4631/4575/3624
f 4516/4576/3625 4517/4577/3625 4373/4578/3625
f 4518/4579/3625 4519/4580/3625 4689/4581/3625
f 4520/4582/3626 4521/4583/3626 4375/4584/3626
f 4522/4585/3626 4523/4586/3626 4350/4587/3626
f 4524/4588/3627 4525/4589/3627 4376/4590/3627
f 4526/4591/3627 4527/4592/3627 4613/4593/3627
f 4528/4594/3628 4529/4595/3628 4374/4596/3628
f 4530/4597/3629 4531/4598/3629 4668/4599/3629
f 4532/4600/3630 4533/4601/3630 4637/4602/3630
f 4534/4603/3630 4535/4604/3630 4694/4605/3630
f 4536/4606/3631 4537/4607/3631 4378/4608/3631
f 4538/4609/3631 4539/4610/3631 4348/4611/3631
f 4628/4612/3632 4540/4613/3632 4541/4614/3632
f 4542/4615/3632 4543/4616/3632 4676/4617/3632
f 4544/4618/3633 4545/4619/3633 4379/4620/3633
f 4546/4621/3633 4547/4622/3633 4629/4623/3633
f 4678/4624/3634 4548/4625/3634 4549/4626/3634
f 4642/4627/3635 4550/4628/3635 4551/4629/3635
f 4552/4630/3636 4553/4631/3636 4381/4632/3636
f 4554/4633/3636 4555/4634/3636 4626/4635/3636
f 4556/4636/3637 4557/4637/3637 4643/4638/3637
f 4681/4639/3638 4558/4640/3638 4559/4641/3638
f 4560/4642/3639 4561/4643/3639 4636/4644/3639
f 4562/4645/3640 4563/4646/3640 4644/4647/3640
f 4564/4648/3641 4565/4649/3641 4680/4650/3641
f 4566/4651/3642 4567/4652/3642 4645/4653/3642
f 4568/4654/3643 4569/4655/3643 4682/4656/3643
f 4571/4657/3644 4647/4658/3644 4570/4659/3644
f 4572/4660/3645 4573/4661/3645 4372/4662/3645
f 4574/4663/3646 4575/4664/3646 4646/4665/3646
f 4576/4666/3647 4577/4667/3647 4648/4668/3647
f 4683/4669/3648 4578/4670/3648 4579/4671/3648
f 4580/4672/3649 4581/4673/3649 4640/4674/3649
f 4583/4675/3650 4650/4676/3650 4582/4677/3650
f 4584/4678/3651 4585/4679/3651 4649/4680/3651
f 4684/4681/3652 4586/4682/3652 4587/4683/3652
f 4652/4684/3653 4588/4685/3653 4589/4686/3653
f 4591/4687/3654 4653/4688/3654 4590/4689/3654
f 4592/4690/3655 4593/4691/3655 4651/4692/3655
f 4685/4693/3656 4594/4694/3656 4595/4695/3656
usemtl Attachments
f 4696/4696/3657 4697/4697/3658 4698/4698/3659
f 4696/4696/3657 4698/4698/3659 4699/4699/3660
f 4699/4699/3660 4698/4698/3659 4700/4700/3661
f 4699/4699/3660 4700/4700/3661 4701/4701/3662
f 4752/4702/3663 4702/4703/3664 4703/4704/3665
f 4703/4704/3665 4753/4705/3666 4752/4702/3663
f 4703/4704/3665 4702/4703/3664 4704/4706/3667
f 4703/4704/3665 4704/4706/3667 4705/4707/3668
f 4697/4697/3658 4706/4708/3669 4707/4709/3670
f 4697/4697/3658 4707/4709/3670 4698/4698/3659
f 4698/4698/3659 4707/4709/3670 4708/4710/3671
f 4698/4698/3659 4708/4710/3671 4700/4700/3661
f 4708/4710/3671 4754/4711/3672 4752/4702/3663
f 4752/4702/3663 4700/4700/3661 4708/4710/3671
f 4702/4703/3664 4709/4712/3673 4710/4713/3674
f 4702/4703/3664 4710/4713/3674 4704/4706/3667
f 4706/4708/3669 4711/4714/3675 4712/4715/3676
f 4706/4708/3669 4712/4715/3676 4707/4709/3670
f 4707/4709/3670 4712/4715/3676 4713/4716/3677
f 4707/4709/3670 4713/4716/3677 4708/4710/3671
f 4713/4716/3677 4755/4717/3678 4754/4711/3672
f 4754/4711/3672 4708/4710/3671 4713/4716/3677
f 4709/4712/3673 4714/4718/3679 4715/4719/3680
f 4709/4712/3673 4715/4719/3680 4710/4713/3674
f 4711/4714/3675 4696/4696/3657 4699/4699/3660
f 4711/4714/3675 4699/4699/3660 4712/4715/3676
f 4712/4715/3676 4699/4699/3660 4701/4701/3662
f 4712/4715/3676 4701/4701/3662 4713/4716/3677
f 4714/4718/3679 4703/4704/3665 4705/4707/3668
f 4714/4718/3679 4705/4707/3668 4715/4719/3680
f 4716/4720/3681 4697/4697/3658 4696/4696/3657
f 4716/4720/3681 4696/4696/3657 4717/4721/3682
f 4718/4722/3683 4716/4720/3681 4717/4721/3682
f 4718/4722/3683 4717/4721/3682 4719/4723/3684
f 4722/4724/3685 4720/4725/3686 4721/4726/3687
f 4722/4724/3685 4721/4726/3687 4723/4727/3688
f 4724/4728/3689 4706/4708/3669 4697/4697/3658
f 4724/4728/3689 4697/4697/3658 4716/4720/3681
f 4725/4729/3690 4724/4728/3689 4716/4720/3681
f 4725/4729/3690 4716/4720/3681 4718/4722/3683
f 4727/4730/3691 4726/4731/3692 4720/4725/3686
f 4727/4730/3691 4720/4725/3686 4722/4724/3685
f 4728/4732/3693 4711/4714/3675 4706/4708/3669
f 4728/4732/3693 4706/4708/3669 4724/4728/3689
f 4729/4733/3694 4728/4732/3693 4724/4728/3689
f 4729/4733/3694 4724/4728/3689 4725/4729/3690
f 4731/4734/3695 4730/4735/3696 4726/4731/3692
f 4731/4734/3695 4726/4731/3692 4727/4730/3691
f 4717/4721/3682 4696/4696/3657 4711/4714/3675
f 4717/4721/3682 4711/4714/3675 4728/4732/3693
f 4719/4723/3684 4717/4721/3682 4728/4732/3693
f 4719/4723/3684 4728/4732/3693 4729/4733/3694
f 4757/4736/3697 4759/4737/3698 4730/4735/3696
f 4730/4735/3696 4721/4726/3687 4757/4736/3697
f 4723/4727/3688 4721/4726/3687 4730/4735/3696
f 4723/4727/3688 4730/4735/3696 4731/4734/3695
f 4732/4738/3699 4733/4739/3700 4734/4740/3701
f 4732/4738/3699 4734/4740/3701 4735/4741/3702
f 4736/4742/3703 4737/4743/3704 4738/4744/3705
f 4736/4742/3703 4738/4744/3705 4739/4745/3706
f 4740/4746/3707 4741/4747/3708 4742/4748/3709
f 4740/4746/3707 4742/4748/3709 4743/4749/3710
f 4705/4707/3668 4704/4706/3667 4744/4750/3711
f 4704/4706/3667 4710/4713/3674 4744/4750/3711
f 4710/4713/3674 4715/4719/3680 4744/4750/3711
f 4715/4719/3680 4705/4707/3668 4744/4750/3711
f 4723/4727/3688 4745/4751/3712 4722/4724/3685
f 4722/4724/3685 4745/4751/3712 4727/4730/3691
f 4727/4730/3691 4745/4751/3712 4731/4734/3695
f 4731/4734/3695 4745/4751/3712 4723/4727/3688
f 4746/4752/3713 4734/4740/3701 4743/4749/3710
f 4740/4746/3707 4743/4749/3710 4733/4739/3700
f 4733/4739/3700 4743/4749/3710 4734/4740/3701
f 4747/4753/3714 4735/4741/3702 4748/4754/3715
f 4746/4752/3713 4748/4754/3715 4734/4740/3701
f 4734/4740/3701 4748/4754/3715 4735/4741/3702
f 4747/4753/3714 4738/4744/3705 4735/4741/3702
f 4732/4738/3699 4735/4741/3702 4737/4743/3704
f 4737/4743/3704 4735/4741/3702 4738/4744/3705
f 4749/4755/3716 4739/4745/3706 4750/4756/3717
f 4747/4753/3714 4750/4756/3717 4738/4744/3705
f 4738/4744/3705 4750/4756/3717 4739/4745/3706
f 4749/4755/3716 4742/4748/3709 4739/4745/3706
f 4736/4742/3703 4739/4745/3706 4741/4747/3708
f 4741/4747/3708 4739/4745/3706 4742/4748/3709
f 4746/4752/3713 4743/4749/3710 4751/4757/3718
f 4749/4755/3716 4751/4757/3718 4742/4748/3709
f 4742/4748/3709 4751/4757/3718 4743/4749/3710
f 4713/4716/3677 4701/4701/3662 4753/4705/3666
f 4753/4705/3666 4755/4717/3678 4713/4716/3677
f 4719/4723/3684 4757/4736/3697 4756/4758/3719
f 4756/4758/3719 4718/4722/3683 4719/4723/3684
f 4756/4758/3719 4720/4725/3686 4726/4731/3692
f 4726/4731/3692 4758/4759/3720 4756/4758/3719
f 4758/4759/3720 4726/4731/3692 4730/4735/3696
f 4730/4735/3696 4759/4737/3698 4758/4759/3720
f 4701/4701/3662 4700/4700/3661 4752/4702/3663
f 4752/4702/3663 4753/4705/3666 4701/4701/3662
f 4753/4705/3666 4703/4704/3665 4714/4718/3679
f 4714/4718/3679 4755/4717/3678 4753/4705/3666
f 4714/4718/3679 4709/4712/3673 4754/4711/3672
f 4754/4711/3672 4755/4717/3678 4714/4718/3679
f 4709/4712/3673 4702/4703/3664 4752/4702/3663
f 4752/4702/3663 4754/4711/3672 4709/4712/3673
f 4725/4729/3690 4718/4722/3683 4756/4758/3719
f 4756/4758/3719 4758/4759/3720 4725/4729/3690
f 4729/4733/3694 4725/4729/3690 4758/4759/3720
f 4758/4759/3720 4759/4737/3698 4729/4733/3694
f 4757/4736/3697 4719/4723/3684 4729/4733/3694
f 4729/4733/3694 4759/4737/3698 4757/4736/3697
f 4757/4736/3697 4721/4726/3687 4720/4725/3686
f 4720/4725/3686 4756/4758/3719 4757/4736/3697
f 4760/4760/3721 4761/4761/3722 4762/4762/3723
f 4761/4761/3722 4760/4760/3721 4763/4763/3724
f 4764/4764/3725 4765/4765/3726 4766/4766/3727
f 4765/4765/3726 4764/4764/3725 4767/4767/3728
f 4767/4767/3728 4768/4768/3729 4765/4765/3726
f 4768/4768/3729 4767/4767/3728 4769/4769/3730
f 4770/4770/3731 4766/4766/3727 4771/4771/3732
f 4766/4766/3727 4770/4770/3731 4764/4764/3725
f 4762/4762/3723 4772/4772/3733 4773/4773/3733
f 4772/4772/3733 4762/4762/3723 4761/4761/3722
f 4764/4764/3725 4769/4769/3730 4767/4767/3728
f 4769/4769/3730 4764/4764/3725 4770/4770/3731
f 4766/4766/3727 4774/4774/3734 4775/4775/3735
f 4774/4774/3734 4766/4766/3727 4765/4765/3726
f 4776/4776/3736 4774/4774/3734 4777/4777/3737
f 4774/4774/3734 4776/4776/3736 4775/4775/3735
f 4774/4774/3734 4768/4768/3729 4777/4777/3737
f 4768/4768/3729 4774/4774/3734 4765/4765/3726
f 4771/4771/3732 4775/4775/3735 4776/4776/3736
f 4775/4775/3735 4771/4771/3732 4766/4766/3727
f 4778/4778/3738 4791/4779/3739 4780/4780/3740
f 4797/4781/3741 4791/4779/3739 4781/4782/3742
f 4778/4778/3738 4792/4783/3743 4783/4784/3744
f 4799/4785/3745 4792/4783/3743 4780/4780/3740
f 4784/4786/3746 4785/4787/3747 4786/4788/3748
f 4786/4788/3748 4785/4787/3747 4787/4789/3749
f 4787/4789/3749 4785/4787/3747 4788/4790/3750
f 4788/4790/3750 4785/4787/3747 4784/4786/3746
f 4778/4778/3738 4784/4786/3746 4786/4788/3748
f 4784/4786/3746 4778/4778/3738 4783/4784/3744
f 4787/4789/3749 4778/4778/3738 4786/4788/3748
f 4778/4778/3738 4787/4789/3749 4781/4782/3742
f 4800/4791/3751 4787/4789/3749 4788/4790/3750
f 4787/4789/3749 4800/4791/3751 4781/4782/3742
f 4784/4786/3746 4800/4791/3751 4788/4790/3750
f 4800/4791/3751 4784/4786/3746 4783/4784/3744
f 4800/4791/3751 4798/4792/3752 4793/4793/3753
f 4779/4794/3754 4794/4795/3755 4801/4796/3756
f 4795/4797/3757 4800/4791/3751 4783/4784/3744
f 4796/4798/3758 4782/4799/3759 4790/4800/3760
f 4791/4779/3739 4797/4781/3741 4780/4780/3740
f 4791/4779/3739 4778/4778/3738 4781/4782/3742
f 4792/4783/3743 4799/4785/3745 4783/4784/3744
f 4792/4783/3743 4778/4778/3738 4780/4780/3740
f 4800/4791/3751 4793/4793/3753 4781/4782/3742
f 4794/4795/3755 4789/4801/3761 4801/4796/3756
f 4782/4799/3759 4800/4791/3751 4795/4797/3757
f 4800/4791/3751 4782/4799/3759 4796/4798/3758
# --- zbase: round base added by build_models.py (r=0.46151, t=0.07273, model units) ---
s off
v 0.483230 -0.941190 -0.029030
v 0.479282 -0.941190 0.031209
v 0.467504 -0.941190 0.090418
v 0.448100 -0.941190 0.147582
v 0.421399 -0.941190 0.201725
v 0.387861 -0.941190 0.251919
v 0.348057 -0.941190 0.297307
v 0.302669 -0.941190 0.337111
v 0.252475 -0.941190 0.370649
v 0.198332 -0.941190 0.397350
v 0.141168 -0.941190 0.416754
v 0.081959 -0.941190 0.428532
v 0.021720 -0.941190 0.432480
v -0.038519 -0.941190 0.428532
v -0.097728 -0.941190 0.416754
v -0.154892 -0.941190 0.397350
v -0.209035 -0.941190 0.370649
v -0.259229 -0.941190 0.337111
v -0.304617 -0.941190 0.297307
v -0.344421 -0.941190 0.251919
v -0.377959 -0.941190 0.201725
v -0.404660 -0.941190 0.147582
v -0.424064 -0.941190 0.090418
v -0.435842 -0.941190 0.031209
v -0.439790 -0.941190 -0.029030
v -0.435842 -0.941190 -0.089269
v -0.424064 -0.941190 -0.148478
v -0.404660 -0.941190 -0.205642
v -0.377959 -0.941190 -0.259785
v -0.344421 -0.941190 -0.309979
v -0.304617 -0.941190 -0.355367
v -0.259229 -0.941190 -0.395171
v -0.209035 -0.941190 -0.428709
v -0.154892 -0.941190 -0.455410
v -0.097728 -0.941190 -0.474814
v -0.038519 -0.941190 -0.486592
v 0.021720 -0.941190 -0.490540
v 0.081959 -0.941190 -0.486592
v 0.141168 -0.941190 -0.474814
v 0.198332 -0.941190 -0.455410
v 0.252475 -0.941190 -0.428709
v 0.302669 -0.941190 -0.395171
v 0.348057 -0.941190 -0.355367
v 0.387861 -0.941190 -0.309979
v 0.421399 -0.941190 -0.259785
v 0.448100 -0.941190 -0.205642
v 0.467504 -0.941190 -0.148478
v 0.479282 -0.941190 -0.089269
v 0.483230 -0.886643 -0.029030
v 0.479282 -0.886643 0.031209
v 0.467504 -0.886643 0.090418
v 0.448100 -0.886643 0.147582
v 0.421399 -0.886643 0.201725
v 0.387861 -0.886643 0.251919
v 0.348057 -0.886643 0.297307
v 0.302669 -0.886643 0.337111
v 0.252475 -0.886643 0.370649
v 0.198332 -0.886643 0.397350
v 0.141168 -0.886643 0.416754
v 0.081959 -0.886643 0.428532
v 0.021720 -0.886643 0.432480
v -0.038519 -0.886643 0.428532
v -0.097728 -0.886643 0.416754
v -0.154892 -0.886643 0.397350
v -0.209035 -0.886643 0.370649
v -0.259229 -0.886643 0.337111
v -0.304617 -0.886643 0.297307
v -0.344421 -0.886643 0.251919
v -0.377959 -0.886643 0.201725
v -0.404660 -0.886643 0.147582
v -0.424064 -0.886643 0.090418
v -0.435842 -0.886643 0.031209
v -0.439790 -0.886643 -0.029030
v -0.435842 -0.886643 -0.089269
v -0.424064 -0.886643 -0.148478
v -0.404660 -0.886643 -0.205642
v -0.377959 -0.886643 -0.259785
v -0.344421 -0.886643 -0.309979
v -0.304617 -0.886643 -0.355367
v -0.259229 -0.886643 -0.395171
v -0.209035 -0.886643 -0.428709
v -0.154892 -0.886643 -0.455410
v -0.097728 -0.886643 -0.474814
v -0.038519 -0.886643 -0.486592
v 0.021720 -0.886643 -0.490540
v 0.081959 -0.886643 -0.486592
v 0.141168 -0.886643 -0.474814
v 0.198332 -0.886643 -0.455410
v 0.252475 -0.886643 -0.428709
v 0.302669 -0.886643 -0.395171
v 0.348057 -0.886643 -0.355367
v 0.387861 -0.886643 -0.309979
v 0.421399 -0.886643 -0.259785
v 0.448100 -0.886643 -0.205642
v 0.467504 -0.886643 -0.148478
v 0.479282 -0.886643 -0.089269
v 0.469385 -0.868460 -0.029030
v 0.465555 -0.868460 0.029402
v 0.454131 -0.868460 0.086834
v 0.435308 -0.868460 0.142284
v 0.409409 -0.868460 0.194802
v 0.376876 -0.868460 0.243491
v 0.338267 -0.868460 0.287517
v 0.294241 -0.868460 0.326126
v 0.245552 -0.868460 0.358659
v 0.193034 -0.868460 0.384558
v 0.137584 -0.868460 0.403381
v 0.080152 -0.868460 0.414805
v 0.021720 -0.868460 0.418635
v -0.036712 -0.868460 0.414805
v -0.094144 -0.868460 0.403381
v -0.149594 -0.868460 0.384558
v -0.202112 -0.868460 0.358659
v -0.250801 -0.868460 0.326126
v -0.294827 -0.868460 0.287517
v -0.333436 -0.868460 0.243491
v -0.365969 -0.868460 0.194802
v -0.391868 -0.868460 0.142284
v -0.410691 -0.868460 0.086834
v -0.422115 -0.868460 0.029402
v -0.425945 -0.868460 -0.029030
v -0.422115 -0.868460 -0.087462
v -0.410691 -0.868460 -0.144894
v -0.391868 -0.868460 -0.200344
v -0.365969 -0.868460 -0.252862
v -0.333436 -0.868460 -0.301551
v -0.294827 -0.868460 -0.345577
v -0.250801 -0.868460 -0.384186
v -0.202112 -0.868460 -0.416719
v -0.149594 -0.868460 -0.442618
v -0.094144 -0.868460 -0.461441
v -0.036712 -0.868460 -0.472865
v 0.021720 -0.868460 -0.476695
v 0.080152 -0.868460 -0.472865
v 0.137584 -0.868460 -0.461441
v 0.193034 -0.868460 -0.442618
v 0.245552 -0.868460 -0.416719
v 0.294241 -0.868460 -0.384186
v 0.338267 -0.868460 -0.345577
v 0.376876 -0.868460 -0.301551
v 0.409409 -0.868460 -0.252862
v 0.435308 -0.868460 -0.200344
v 0.454131 -0.868460 -0.144894
v 0.465555 -0.868460 -0.087462
v 0.021720 -0.941190 -0.029030
v 0.021720 -0.868460 -0.029030
vt 0.605469 0.964844
vn 0 -1 0
vn 0 1 0
vn 1.000000 0 0.000000
vn 0.991445 0 0.130526
vn 0.965926 0 0.258819
vn 0.923880 0 0.382683
vn 0.866025 0 0.500000
vn 0.793353 0 0.608761
vn 0.707107 0 0.707107
vn 0.608761 0 0.793353
vn 0.500000 0 0.866025
vn 0.382683 0 0.923880
vn 0.258819 0 0.965926
vn 0.130526 0 0.991445
vn 0.000000 0 1.000000
vn -0.130526 0 0.991445
vn -0.258819 0 0.965926
vn -0.382683 0 0.923880
vn -0.500000 0 0.866025
vn -0.608761 0 0.793353
vn -0.707107 0 0.707107
vn -0.793353 0 0.608761
vn -0.866025 0 0.500000
vn -0.923880 0 0.382683
vn -0.965926 0 0.258819
vn -0.991445 0 0.130526
vn -1.000000 0 0.000000
vn -0.991445 0 -0.130526
vn -0.965926 0 -0.258819
vn -0.923880 0 -0.382683
vn -0.866025 0 -0.500000
vn -0.793353 0 -0.608761
vn -0.707107 0 -0.707107
vn -0.608761 0 -0.793353
vn -0.500000 0 -0.866025
vn -0.382683 0 -0.923880
vn -0.258819 0 -0.965926
vn -0.130526 0 -0.991445
vn -0.000000 0 -1.000000
vn 0.130526 0 -0.991445
vn 0.258819 0 -0.965926
vn 0.382683 0 -0.923880
vn 0.500000 0 -0.866025
vn 0.608761 0 -0.793353
vn 0.707107 0 -0.707107
vn 0.793353 0 -0.608761
vn 0.866025 0 -0.500000
vn 0.923880 0 -0.382683
vn 0.965926 0 -0.258819
vn 0.991445 0 -0.130526
vn 0.795601 0.605821 0.000000
vn 0.788795 0.605821 0.103847
vn 0.768492 0.605821 0.205917
vn 0.735040 0.605821 0.304463
vn 0.689011 0.605821 0.397801
vn 0.631193 0.605821 0.484331
vn 0.562575 0.605821 0.562575
vn 0.484331 0.605821 0.631193
vn 0.397801 0.605821 0.689011
vn 0.304463 0.605821 0.735040
vn 0.205917 0.605821 0.768492
vn 0.103847 0.605821 0.788795
vn 0.000000 0.605821 0.795601
vn -0.103847 0.605821 0.788795
vn -0.205917 0.605821 0.768492
vn -0.304463 0.605821 0.735040
vn -0.397801 0.605821 0.689011
vn -0.484331 0.605821 0.631193
vn -0.562575 0.605821 0.562575
vn -0.631193 0.605821 0.484331
vn -0.689011 0.605821 0.397801
vn -0.735040 0.605821 0.304463
vn -0.768492 0.605821 0.205917
vn -0.788795 0.605821 0.103847
vn -0.795601 0.605821 0.000000
vn -0.788795 0.605821 -0.103847
vn -0.768492 0.605821 -0.205917
vn -0.735040 0.605821 -0.304463
vn -0.689011 0.605821 -0.397801
vn -0.631193 0.605821 -0.484331
vn -0.562575 0.605821 -0.562575
vn -0.484331 0.605821 -0.631193
vn -0.397801 0.605821 -0.689011
vn -0.304463 0.605821 -0.735040
vn -0.205917 0.605821 -0.768492
vn -0.103847 0.605821 -0.788795
vn -0.000000 0.605821 -0.795601
vn 0.103847 0.605821 -0.788795
vn 0.205917 0.605821 -0.768492
vn 0.304463 0.605821 -0.735040
vn 0.397801 0.605821 -0.689011
vn 0.484331 0.605821 -0.631193
vn 0.562575 0.605821 -0.562575
vn 0.631193 0.605821 -0.484331
vn 0.689011 0.605821 -0.397801
vn 0.735040 0.605821 -0.304463
vn 0.768492 0.605821 -0.205917
vn 0.788795 0.605821 -0.103847
f 4946/4802/3762 4802/4802/3762 4803/4802/3762
f 4802/4802/3764 4850/4802/3764 4851/4802/3765 4803/4802/3765
f 4850/4802/3812 4898/4802/3812 4899/4802/3813 4851/4802/3813
f 4947/4802/3763 4899/4802/3763 4898/4802/3763
f 4946/4802/3762 4803/4802/3762 4804/4802/3762
f 4803/4802/3765 4851/4802/3765 4852/4802/3766 4804/4802/3766
f 4851/4802/3813 4899/4802/3813 4900/4802/3814 4852/4802/3814
f 4947/4802/3763 4900/4802/3763 4899/4802/3763
f 4946/4802/3762 4804/4802/3762 4805/4802/3762
f 4804/4802/3766 4852/4802/3766 4853/4802/3767 4805/4802/3767
f 4852/4802/3814 4900/4802/3814 4901/4802/3815 4853/4802/3815
f 4947/4802/3763 4901/4802/3763 4900/4802/3763
f 4946/4802/3762 4805/4802/3762 4806/4802/3762
f 4805/4802/3767 4853/4802/3767 4854/4802/3768 4806/4802/3768
f 4853/4802/3815 4901/4802/3815 4902/4802/3816 4854/4802/3816
f 4947/4802/3763 4902/4802/3763 4901/4802/3763
f 4946/4802/3762 4806/4802/3762 4807/4802/3762
f 4806/4802/3768 4854/4802/3768 4855/4802/3769 4807/4802/3769
f 4854/4802/3816 4902/4802/3816 4903/4802/3817 4855/4802/3817
f 4947/4802/3763 4903/4802/3763 4902/4802/3763
f 4946/4802/3762 4807/4802/3762 4808/4802/3762
f 4807/4802/3769 4855/4802/3769 4856/4802/3770 4808/4802/3770
f 4855/4802/3817 4903/4802/3817 4904/4802/3818 4856/4802/3818
f 4947/4802/3763 4904/4802/3763 4903/4802/3763
f 4946/4802/3762 4808/4802/3762 4809/4802/3762
f 4808/4802/3770 4856/4802/3770 4857/4802/3771 4809/4802/3771
f 4856/4802/3818 4904/4802/3818 4905/4802/3819 4857/4802/3819
f 4947/4802/3763 4905/4802/3763 4904/4802/3763
f 4946/4802/3762 4809/4802/3762 4810/4802/3762
f 4809/4802/3771 4857/4802/3771 4858/4802/3772 4810/4802/3772
f 4857/4802/3819 4905/4802/3819 4906/4802/3820 4858/4802/3820
f 4947/4802/3763 4906/4802/3763 4905/4802/3763
f 4946/4802/3762 4810/4802/3762 4811/4802/3762
f 4810/4802/3772 4858/4802/3772 4859/4802/3773 4811/4802/3773
f 4858/4802/3820 4906/4802/3820 4907/4802/3821 4859/4802/3821
f 4947/4802/3763 4907/4802/3763 4906/4802/3763
f 4946/4802/3762 4811/4802/3762 4812/4802/3762
f 4811/4802/3773 4859/4802/3773 4860/4802/3774 4812/4802/3774
f 4859/4802/3821 4907/4802/3821 4908/4802/3822 4860/4802/3822
f 4947/4802/3763 4908/4802/3763 4907/4802/3763
f 4946/4802/3762 4812/4802/3762 4813/4802/3762
f 4812/4802/3774 4860/4802/3774 4861/4802/3775 4813/4802/3775
f 4860/4802/3822 4908/4802/3822 4909/4802/3823 4861/4802/3823
f 4947/4802/3763 4909/4802/3763 4908/4802/3763
f 4946/4802/3762 4813/4802/3762 4814/4802/3762
f 4813/4802/3775 4861/4802/3775 4862/4802/3776 4814/4802/3776
f 4861/4802/3823 4909/4802/3823 4910/4802/3824 4862/4802/3824
f 4947/4802/3763 4910/4802/3763 4909/4802/3763
f 4946/4802/3762 4814/4802/3762 4815/4802/3762
f 4814/4802/3776 4862/4802/3776 4863/4802/3777 4815/4802/3777
f 4862/4802/3824 4910/4802/3824 4911/4802/3825 4863/4802/3825
f 4947/4802/3763 4911/4802/3763 4910/4802/3763
f 4946/4802/3762 4815/4802/3762 4816/4802/3762
f 4815/4802/3777 4863/4802/3777 4864/4802/3778 4816/4802/3778
f 4863/4802/3825 4911/4802/3825 4912/4802/3826 4864/4802/3826
f 4947/4802/3763 4912/4802/3763 4911/4802/3763
f 4946/4802/3762 4816/4802/3762 4817/4802/3762
f 4816/4802/3778 4864/4802/3778 4865/4802/3779 4817/4802/3779
f 4864/4802/3826 4912/4802/3826 4913/4802/3827 4865/4802/3827
f 4947/4802/3763 4913/4802/3763 4912/4802/3763
f 4946/4802/3762 4817/4802/3762 4818/4802/3762
f 4817/4802/3779 4865/4802/3779 4866/4802/3780 4818/4802/3780
f 4865/4802/3827 4913/4802/3827 4914/4802/3828 4866/4802/3828
f 4947/4802/3763 4914/4802/3763 4913/4802/3763
f 4946/4802/3762 4818/4802/3762 4819/4802/3762
f 4818/4802/3780 4866/4802/3780 4867/4802/3781 4819/4802/3781
f 4866/4802/3828 4914/4802/3828 4915/4802/3829 4867/4802/3829
f 4947/4802/3763 4915/4802/3763 4914/4802/3763
f 4946/4802/3762 4819/4802/3762 4820/4802/3762
f 4819/4802/3781 4867/4802/3781 4868/4802/3782 4820/4802/3782
f 4867/4802/3829 4915/4802/3829 4916/4802/3830 4868/4802/3830
f 4947/4802/3763 4916/4802/3763 4915/4802/3763
f 4946/4802/3762 4820/4802/3762 4821/4802/3762
f 4820/4802/3782 4868/4802/3782 4869/4802/3783 4821/4802/3783
f 4868/4802/3830 4916/4802/3830 4917/4802/3831 4869/4802/3831
f 4947/4802/3763 4917/4802/3763 4916/4802/3763
f 4946/4802/3762 4821/4802/3762 4822/4802/3762
f 4821/4802/3783 4869/4802/3783 4870/4802/3784 4822/4802/3784
f 4869/4802/3831 4917/4802/3831 4918/4802/3832 4870/4802/3832
f 4947/4802/3763 4918/4802/3763 4917/4802/3763
f 4946/4802/3762 4822/4802/3762 4823/4802/3762
f 4822/4802/3784 4870/4802/3784 4871/4802/3785 4823/4802/3785
f 4870/4802/3832 4918/4802/3832 4919/4802/3833 4871/4802/3833
f 4947/4802/3763 4919/4802/3763 4918/4802/3763
f 4946/4802/3762 4823/4802/3762 4824/4802/3762
f 4823/4802/3785 4871/4802/3785 4872/4802/3786 4824/4802/3786
f 4871/4802/3833 4919/4802/3833 4920/4802/3834 4872/4802/3834
f 4947/4802/3763 4920/4802/3763 4919/4802/3763
f 4946/4802/3762 4824/4802/3762 4825/4802/3762
f 4824/4802/3786 4872/4802/3786 4873/4802/3787 4825/4802/3787
f 4872/4802/3834 4920/4802/3834 4921/4802/3835 4873/4802/3835
f 4947/4802/3763 4921/4802/3763 4920/4802/3763
f 4946/4802/3762 4825/4802/3762 4826/4802/3762
f 4825/4802/3787 4873/4802/3787 4874/4802/3788 4826/4802/3788
f 4873/4802/3835 4921/4802/3835 4922/4802/3836 4874/4802/3836
f 4947/4802/3763 4922/4802/3763 4921/4802/3763
f 4946/4802/3762 4826/4802/3762 4827/4802/3762
f 4826/4802/3788 4874/4802/3788 4875/4802/3789 4827/4802/3789
f 4874/4802/3836 4922/4802/3836 4923/4802/3837 4875/4802/3837
f 4947/4802/3763 4923/4802/3763 4922/4802/3763
f 4946/4802/3762 4827/4802/3762 4828/4802/3762
f 4827/4802/3789 4875/4802/3789 4876/4802/3790 4828/4802/3790
f 4875/4802/3837 4923/4802/3837 4924/4802/3838 4876/4802/3838
f 4947/4802/3763 4924/4802/3763 4923/4802/3763
f 4946/4802/3762 4828/4802/3762 4829/4802/3762
f 4828/4802/3790 4876/4802/3790 4877/4802/3791 4829/4802/3791
f 4876/4802/3838 4924/4802/3838 4925/4802/3839 4877/4802/3839
f 4947/4802/3763 4925/4802/3763 4924/4802/3763
f 4946/4802/3762 4829/4802/3762 4830/4802/3762
f 4829/4802/3791 4877/4802/3791 4878/4802/3792 4830/4802/3792
f 4877/4802/3839 4925/4802/3839 4926/4802/3840 4878/4802/3840
f 4947/4802/3763 4926/4802/3763 4925/4802/3763
f 4946/4802/3762 4830/4802/3762 4831/4802/3762
f 4830/4802/3792 4878/4802/3792 4879/4802/3793 4831/4802/3793
f 4878/4802/3840 4926/4802/3840 4927/4802/3841 4879/4802/3841
f 4947/4802/3763 4927/4802/3763 4926/4802/3763
f 4946/4802/3762 4831/4802/3762 4832/4802/3762
f 4831/4802/3793 4879/4802/3793 4880/4802/3794 4832/4802/3794
f 4879/4802/3841 4927/4802/3841 4928/4802/3842 4880/4802/3842
f 4947/4802/3763 4928/4802/3763 4927/4802/3763
f 4946/4802/3762 4832/4802/3762 4833/4802/3762
f 4832/4802/3794 4880/4802/3794 4881/4802/3795 4833/4802/3795
f 4880/4802/3842 4928/4802/3842 4929/4802/3843 4881/4802/3843
f 4947/4802/3763 4929/4802/3763 4928/4802/3763
f 4946/4802/3762 4833/4802/3762 4834/4802/3762
f 4833/4802/3795 4881/4802/3795 4882/4802/3796 4834/4802/3796
f 4881/4802/3843 4929/4802/3843 4930/4802/3844 4882/4802/3844
f 4947/4802/3763 4930/4802/3763 4929/4802/3763
f 4946/4802/3762 4834/4802/3762 4835/4802/3762
f 4834/4802/3796 4882/4802/3796 4883/4802/3797 4835/4802/3797
f 4882/4802/3844 4930/4802/3844 4931/4802/3845 4883/4802/3845
f 4947/4802/3763 4931/4802/3763 4930/4802/3763
f 4946/4802/3762 4835/4802/3762 4836/4802/3762
f 4835/4802/3797 4883/4802/3797 4884/4802/3798 4836/4802/3798
f 4883/4802/3845 4931/4802/3845 4932/4802/3846 4884/4802/3846
f 4947/4802/3763 4932/4802/3763 4931/4802/3763
f 4946/4802/3762 4836/4802/3762 4837/4802/3762
f 4836/4802/3798 4884/4802/3798 4885/4802/3799 4837/4802/3799
f 4884/4802/3846 4932/4802/3846 4933/4802/3847 4885/4802/3847
f 4947/4802/3763 4933/4802/3763 4932/4802/3763
f 4946/4802/3762 4837/4802/3762 4838/4802/3762
f 4837/4802/3799 4885/4802/3799 4886/4802/3800 4838/4802/3800
f 4885/4802/3847 4933/4802/3847 4934/4802/3848 4886/4802/3848
f 4947/4802/3763 4934/4802/3763 4933/4802/3763
f 4946/4802/3762 4838/4802/3762 4839/4802/3762
f 4838/4802/3800 4886/4802/3800 4887/4802/3801 4839/4802/3801
f 4886/4802/3848 4934/4802/3848 4935/4802/3849 4887/4802/3849
f 4947/4802/3763 4935/4802/3763 4934/4802/3763
f 4946/4802/3762 4839/4802/3762 4840/4802/3762
f 4839/4802/3801 4887/4802/3801 4888/4802/3802 4840/4802/3802
f 4887/4802/3849 4935/4802/3849 4936/4802/3850 4888/4802/3850
f 4947/4802/3763 4936/4802/3763 4935/4802/3763
f 4946/4802/3762 4840/4802/3762 4841/4802/3762
f 4840/4802/3802 4888/4802/3802 4889/4802/3803 4841/4802/3803
f 4888/4802/3850 4936/4802/3850 4937/4802/3851 4889/4802/3851
f 4947/4802/3763 4937/4802/3763 4936/4802/3763
f 4946/4802/3762 4841/4802/3762 4842/4802/3762
f 4841/4802/3803 4889/4802/3803 4890/4802/3804 4842/4802/3804
f 4889/4802/3851 4937/4802/3851 4938/4802/3852 4890/4802/3852
f 4947/4802/3763 4938/4802/3763 4937/4802/3763
f 4946/4802/3762 4842/4802/3762 4843/4802/3762
f 4842/4802/3804 4890/4802/3804 4891/4802/3805 4843/4802/3805
f 4890/4802/3852 4938/4802/3852 4939/4802/3853 4891/4802/3853
f 4947/4802/3763 4939/4802/3763 4938/4802/3763
f 4946/4802/3762 4843/4802/3762 4844/4802/3762
f 4843/4802/3805 4891/4802/3805 4892/4802/3806 4844/4802/3806
f 4891/4802/3853 4939/4802/3853 4940/4802/3854 4892/4802/3854
f 4947/4802/3763 4940/4802/3763 4939/4802/3763
f 4946/4802/3762 4844/4802/3762 4845/4802/3762
f 4844/4802/3806 4892/4802/3806 4893/4802/3807 4845/4802/3807
f 4892/4802/3854 4940/4802/3854 4941/4802/3855 4893/4802/3855
f 4947/4802/3763 4941/4802/3763 4940/4802/3763
f 4946/4802/3762 4845/4802/3762 4846/4802/3762
f 4845/4802/3807 4893/4802/3807 4894/4802/3808 4846/4802/3808
f 4893/4802/3855 4941/4802/3855 4942/4802/3856 4894/4802/3856
f 4947/4802/3763 4942/4802/3763 4941/4802/3763
f 4946/4802/3762 4846/4802/3762 4847/4802/3762
f 4846/4802/3808 4894/4802/3808 4895/4802/3809 4847/4802/3809
f 4894/4802/3856 4942/4802/3856 4943/4802/3857 4895/4802/3857
f 4947/4802/3763 4943/4802/3763 4942/4802/3763
f 4946/4802/3762 4847/4802/3762 4848/4802/3762
f 4847/4802/3809 4895/4802/3809 4896/4802/3810 4848/4802/3810
f 4895/4802/3857 4943/4802/3857 4944/4802/3858 4896/4802/3858
f 4947/4802/3763 4944/4802/3763 4943/4802/3763
f 4946/4802/3762 4848/4802/3762 4849/4802/3762
f 4848/4802/3810 4896/4802/3810 4897/4802/3811 4849/4802/3811
f 4896/4802/3858 4944/4802/3858 4945/4802/3859 4897/4802/3859
f 4947/4802/3763 4945/4802/3763 4944/4802/3763
f 4946/4802/3762 4849/4802/3762 4802/4802/3762
f 4849/4802/3811 4897/4802/3811 4850/4802/3764 4802/4802/3764
f 4897/4802/3859 4945/4802/3859 4898/4802/3812 4850/4802/3812
f 4947/4802/3763 4898/4802/3763 4945/4802/3763
