# Blender v2.75 (sub 0) OBJ File: 'KnightWIPaxe.blend'
# www.blender.org
mtllib Fatmanwalk1.mtl
o Creature_Humanmaleblacksmith_humanmaleblacksmith.m2_Geoset_.018
v 0.021985 1.825385 0.188315
v 0.022271 1.803356 0.148711
v 0.018348 1.833089 0.162408
v -0.142822 1.822363 0.183157
v -0.137716 1.830227 0.157523
v -0.139825 1.800384 0.143638
v -0.139825 1.800384 0.143638
v -0.146616 1.757853 0.182651
v -0.142822 1.822363 0.183157
v -0.143716 1.762675 0.156425
v -0.146616 1.757853 0.182651
v -0.139825 1.800384 0.143638
v 0.026733 1.765800 0.161760
v 0.022271 1.803356 0.148711
v 0.028147 1.761058 0.188121
v 0.022271 1.803356 0.148711
v 0.021985 1.825385 0.188315
v 0.028147 1.761058 0.188121
v -0.129546 1.740662 0.248299
v -0.096564 1.724676 0.254466
v -0.111230 1.766785 0.275930
v 0.021985 1.825385 0.188315
v 0.021072 1.781628 0.248479
v 0.028147 1.761058 0.188121
v -0.010242 1.796615 0.267321
v 0.021072 1.781628 0.248479
v 0.021985 1.825385 0.188315
v -0.013307 1.768580 0.278995
v 0.021072 1.781628 0.248479
v -0.010242 1.796615 0.267321
v -0.010242 1.796615 0.267321
v -0.052751 1.795526 0.276518
v -0.013307 1.768580 0.278995
v -0.031402 1.760100 0.277513
v -0.013307 1.768580 0.278995
v -0.052751 1.795526 0.276518
v -0.031402 1.760100 0.277513
v -0.052751 1.795526 0.276518
v -0.046918 1.758511 0.306880
v -0.031402 1.760100 0.277513
v -0.046918 1.758511 0.306880
v -0.062322 1.752733 0.288502
v -0.046918 1.758511 0.306880
v -0.063236 1.758347 0.314433
v -0.062322 1.752733 0.288502
v -0.079079 1.757921 0.305873
v -0.062322 1.752733 0.288502
v -0.063236 1.758347 0.314433
v -0.079079 1.757921 0.305873
v -0.063236 1.758347 0.314433
v -0.063379 1.791969 0.299297
v -0.046918 1.758511 0.306880
v -0.063379 1.791969 0.299297
v -0.063236 1.758347 0.314433
v -0.046918 1.758511 0.306880
v -0.052751 1.795526 0.276518
v -0.063379 1.791969 0.299297
v -0.052751 1.795526 0.276518
v -0.063331 1.806128 0.289454
v -0.063379 1.791969 0.299297
v -0.001161 1.809754 0.272569
v -0.063331 1.806128 0.289454
v -0.052751 1.795526 0.276518
v -0.061514 1.726102 0.279198
v -0.061022 1.714784 0.274539
v -0.036727 1.726832 0.256104
v -0.061022 1.714784 0.274539
v -0.061514 1.726102 0.279198
v -0.084914 1.725948 0.254600
v -0.025026 1.725988 0.256705
v 0.007643 1.743178 0.252594
v -0.013307 1.768580 0.278995
v -0.084914 1.725948 0.254600
v -0.061514 1.726102 0.279198
v -0.061405 1.735292 0.276551
v -0.036727 1.726832 0.256104
v -0.061405 1.735292 0.276551
v -0.061514 1.726102 0.279198
v -0.063647 1.814696 0.295416
v -0.001161 1.809754 0.272569
v -0.000640 1.837241 0.269401
v -0.124415 1.807493 0.268711
v -0.063647 1.814696 0.295416
v -0.125744 1.834947 0.265486
v -0.063331 1.806128 0.289454
v -0.001161 1.809754 0.272569
v -0.063647 1.814696 0.295416
v -0.079079 1.757921 0.305873
v -0.063379 1.791969 0.299297
v -0.072703 1.795160 0.275893
v -0.096564 1.724676 0.254466
v -0.060293 1.727796 0.239194
v -0.061514 1.726102 0.279198
v -0.025026 1.725988 0.256705
v -0.061514 1.726102 0.279198
v -0.060293 1.727796 0.239194
v -0.072703 1.795160 0.275893
v -0.063379 1.791969 0.299297
v -0.063331 1.806128 0.289454
v -0.124415 1.807493 0.268711
v -0.072703 1.795160 0.275893
v -0.063331 1.806128 0.289454
v -0.063331 1.806128 0.289454
v -0.063647 1.814696 0.295416
v -0.124415 1.807493 0.268711
v -0.031402 1.760100 0.277513
v -0.025026 1.725988 0.256705
v -0.013307 1.768580 0.278995
v -0.025026 1.725988 0.256705
v -0.031402 1.760100 0.277513
v -0.061514 1.726102 0.279198
v -0.061514 1.726102 0.279198
v -0.031402 1.760100 0.277513
v -0.062322 1.752733 0.288502
v -0.061514 1.726102 0.279198
v -0.062322 1.752733 0.288502
v -0.092781 1.758974 0.275592
v -0.060293 1.727796 0.239194
v -0.043345 1.726081 0.268673
v -0.025026 1.725988 0.256705
v -0.060293 1.727796 0.239194
v -0.061514 1.726102 0.279198
v -0.043345 1.726081 0.268673
v -0.061514 1.726102 0.279198
v -0.060293 1.727796 0.239194
v -0.079018 1.725447 0.267558
v -0.079018 1.725447 0.267558
v -0.060293 1.727796 0.239194
v -0.096564 1.724676 0.254466
v -0.092781 1.758974 0.275592
v -0.062322 1.752733 0.288502
v -0.079079 1.757921 0.305873
v -0.092781 1.758974 0.275592
v -0.079079 1.757921 0.305873
v -0.072703 1.795160 0.275893
v -0.092781 1.758974 0.275592
v -0.072703 1.795160 0.275893
v -0.111230 1.766785 0.275930
v -0.092781 1.758974 0.275592
v -0.111230 1.766785 0.275930
v -0.096564 1.724676 0.254466
v -0.096564 1.724676 0.254466
v -0.061514 1.726102 0.279198
v -0.092781 1.758974 0.275592
v 0.007643 1.743178 0.252594
v -0.025026 1.725988 0.256705
v 0.016999 1.717553 0.225828
v 0.028147 1.761058 0.188121
v 0.021072 1.781628 0.248479
v 0.016999 1.717553 0.225828
v 0.021072 1.781628 0.248479
v 0.007643 1.743178 0.252594
v 0.016999 1.717553 0.225828
v 0.021072 1.781628 0.248479
v -0.013307 1.768580 0.278995
v 0.007643 1.743178 0.252594
v -0.114565 1.794702 0.264055
v -0.111230 1.766785 0.275930
v -0.072703 1.795160 0.275893
v -0.111230 1.766785 0.275930
v -0.114565 1.794702 0.264055
v -0.144088 1.778599 0.243310
v -0.144088 1.778599 0.243310
v -0.129546 1.740662 0.248299
v -0.111230 1.766785 0.275930
v -0.144088 1.778599 0.243310
v -0.136235 1.714743 0.221032
v -0.129546 1.740662 0.248299
v -0.129546 1.740662 0.248299
v -0.136235 1.714743 0.221032
v -0.096564 1.724676 0.254466
v -0.146616 1.757853 0.182651
v -0.136235 1.714743 0.221032
v -0.144088 1.778599 0.243310
v -0.142822 1.822363 0.183157
v -0.146616 1.757853 0.182651
v -0.144088 1.778599 0.243310
v -0.114565 1.794702 0.264055
v -0.142822 1.822363 0.183157
v -0.144088 1.778599 0.243310
v -0.124415 1.807493 0.268711
v -0.142822 1.822363 0.183157
v -0.114565 1.794702 0.264055
v -0.124415 1.807493 0.268711
v -0.114565 1.794702 0.264055
v -0.072703 1.795160 0.275893
v -0.127089 1.862390 0.262259
v -0.142822 1.822363 0.183157
v -0.125744 1.834947 0.265486
v -0.125744 1.834947 0.265486
v -0.142822 1.822363 0.183157
v -0.124415 1.807493 0.268711
v -0.127089 1.862390 0.262259
v -0.125744 1.834947 0.265486
v -0.063647 1.814696 0.295416
v -0.001161 1.809754 0.272569
v -0.052751 1.795526 0.276518
v -0.010242 1.796615 0.267321
v -0.001161 1.809754 0.272569
v -0.010242 1.796615 0.267321
v 0.021985 1.825385 0.188315
v -0.000640 1.837241 0.269401
v -0.001161 1.809754 0.272569
v 0.021985 1.825385 0.188315
v -0.000117 1.864718 0.266233
v -0.000640 1.837241 0.269401
v 0.021985 1.825385 0.188315
v -0.000117 1.864718 0.266233
v -0.063647 1.814696 0.295416
v -0.000640 1.837241 0.269401
v -0.064602 1.867355 0.294193
v -0.063647 1.814696 0.295416
v -0.000117 1.864718 0.266233
v -0.064602 1.867355 0.294193
v -0.127089 1.862390 0.262259
v -0.063647 1.814696 0.295416
v -0.027619 1.675133 0.259422
v 0.016999 1.717553 0.225828
v -0.025026 1.725988 0.256705
v -0.025026 1.725988 0.256705
v -0.060713 1.683478 0.278568
v -0.027619 1.675133 0.259422
v -0.027619 1.675133 0.259422
v -0.060713 1.683478 0.278568
v -0.059939 1.668058 0.262879
v -0.060713 1.683478 0.278568
v -0.092157 1.673949 0.257402
v -0.059939 1.668058 0.262879
v -0.060713 1.683478 0.278568
v -0.096564 1.724676 0.254466
v -0.092157 1.673949 0.257402
v -0.136235 1.714743 0.221032
v -0.092157 1.673949 0.257402
v -0.096564 1.724676 0.254466
v -0.043345 1.726081 0.268673
v -0.061521 1.716949 0.284783
v -0.025026 1.725988 0.256705
v -0.061521 1.716949 0.284783
v -0.079018 1.725447 0.267558
v -0.096564 1.724676 0.254466
v -0.061521 1.716949 0.284783
v -0.061514 1.726102 0.279198
v -0.079018 1.725447 0.267558
v -0.061514 1.726102 0.279198
v -0.061521 1.716949 0.284783
v -0.043345 1.726081 0.268673
v -0.001390 1.786829 0.096514
v 0.022271 1.803356 0.148711
v 0.026733 1.765800 0.161760
v 0.026733 1.765800 0.161760
v 0.021843 1.717148 0.182433
v -0.001390 1.786829 0.096514
v 0.021843 1.717148 0.182433
v 0.026733 1.765800 0.161760
v 0.028147 1.761058 0.188121
v 0.016999 1.717553 0.225828
v 0.021843 1.717148 0.182433
v 0.028147 1.761058 0.188121
v -0.136235 1.714743 0.221032
v -0.146616 1.757853 0.182651
v -0.141459 1.716108 0.174545
v -0.141459 1.716108 0.174545
v -0.146616 1.757853 0.182651
v -0.143716 1.762675 0.156425
v -0.143716 1.762675 0.156425
v -0.110810 1.786132 0.091229
v -0.141459 1.716108 0.174545
v -0.110810 1.786132 0.091229
v -0.143716 1.762675 0.156425
v -0.139825 1.800384 0.143638
v 0.021843 1.717148 0.182433
v 0.016999 1.717553 0.225828
v -0.027619 1.675133 0.259422
v -0.061655 1.656233 0.226514
v 0.021843 1.717148 0.182433
v -0.027619 1.675133 0.259422
v -0.061655 1.656233 0.226514
v -0.027619 1.675133 0.259422
v -0.059939 1.668058 0.262879
v -0.136235 1.714743 0.221032
v -0.141459 1.716108 0.174545
v -0.092157 1.673949 0.257402
v -0.141459 1.716108 0.174545
v -0.061655 1.656233 0.226514
v -0.092157 1.673949 0.257402
v -0.092157 1.673949 0.257402
v -0.061655 1.656233 0.226514
v -0.059939 1.668058 0.262879
v -0.051678 1.746128 0.033641
v -0.054185 1.795430 0.055129
v -0.001390 1.786829 0.096514
v -0.054185 1.795430 0.055129
v -0.051678 1.746128 0.033641
v -0.110810 1.786132 0.091229
v -0.001390 1.786829 0.096514
v 0.039148 1.732075 0.097319
v -0.051678 1.746128 0.033641
v 0.039148 1.732075 0.097319
v 0.021843 1.717148 0.182433
v 0.038298 1.675244 0.173777
v 0.021843 1.717148 0.182433
v 0.039148 1.732075 0.097319
v -0.001390 1.786829 0.096514
v -0.045178 1.618045 -0.079479
v -0.051678 1.746128 0.033641
v 0.039148 1.732075 0.097319
v 0.038298 1.675244 0.173777
v 0.021843 1.717148 0.182433
v -0.065166 1.608696 0.225027
v -0.061655 1.656233 0.226514
v -0.141459 1.716108 0.174545
v -0.065166 1.608696 0.225027
v 0.021843 1.717148 0.182433
v -0.061655 1.656233 0.226514
v -0.065166 1.608696 0.225027
v -0.065166 1.608696 0.225027
v 0.192741 1.542038 0.173127
v 0.038298 1.675244 0.173777
v 0.038298 1.675244 0.173777
v 0.156565 1.673570 0.074458
v 0.039148 1.732075 0.097319
v 0.156565 1.673570 0.074458
v 0.188762 1.511659 -0.077021
v 0.039148 1.732075 0.097319
v 0.038298 1.675244 0.173777
v 0.192741 1.542038 0.173127
v 0.156565 1.673570 0.074458
v 0.188762 1.511659 -0.077021
v -0.045178 1.618045 -0.079479
v 0.039148 1.732075 0.097319
v 0.208283 1.455111 0.165948
v 0.230384 1.463370 0.076206
v 0.174939 1.365342 0.073431
v 0.208283 1.455111 0.165948
v 0.174939 1.365342 0.073431
v 0.234882 1.433431 0.205479
v 0.192741 1.542038 0.173127
v 0.122514 1.407172 0.271988
v 0.208283 1.455111 0.165948
v -0.071973 1.434685 0.308569
v 0.122514 1.407172 0.271988
v 0.192741 1.542038 0.173127
v 0.234882 1.433431 0.205479
v 0.260521 1.591141 0.156230
v 0.208283 1.455111 0.165948
v 0.363655 1.518322 0.091778
v 0.260521 1.591141 0.156230
v 0.234882 1.433431 0.205479
v 0.260521 1.591141 0.156230
v 0.363655 1.518322 0.091778
v 0.317753 1.614817 0.083048
v 0.317753 1.614817 0.083048
v 0.244103 1.652731 0.064088
v 0.260521 1.591141 0.156230
v 0.244103 1.652731 0.064088
v 0.192741 1.542038 0.173127
v 0.260521 1.591141 0.156230
v -0.065166 1.608696 0.225027
v -0.071973 1.434685 0.308569
v 0.192741 1.542038 0.173127
v 0.260521 1.591141 0.156230
v 0.192741 1.542038 0.173127
v 0.208283 1.455111 0.165948
v 0.156565 1.673570 0.074458
v 0.192741 1.542038 0.173127
v 0.244103 1.652731 0.064088
v 0.292999 1.284140 0.213609
v 0.234882 1.433431 0.205479
v 0.174939 1.365342 0.073431
v 0.374231 1.431572 0.107979
v 0.363655 1.518322 0.091778
v 0.234882 1.433431 0.205479
v 0.374231 1.431572 0.107979
v 0.234882 1.433431 0.205479
v 0.292999 1.284140 0.213609
v 0.374231 1.431572 0.107979
v 0.344508 1.340332 -0.051139
v 0.308790 1.426168 -0.051484
v 0.363655 1.518322 0.091778
v 0.374231 1.431572 0.107979
v 0.308790 1.426168 -0.051484
v 0.293828 1.571725 -0.038948
v 0.363655 1.518322 0.091778
v 0.308790 1.426168 -0.051484
v 0.293828 1.571725 -0.038948
v 0.317753 1.614817 0.083048
v 0.363655 1.518322 0.091778
v 0.244103 1.652731 0.064088
v 0.317753 1.614817 0.083048
v 0.293828 1.571725 -0.038948
v 0.174939 1.365342 0.073431
v 0.308790 1.426168 -0.051484
v 0.344508 1.340332 -0.051139
v 0.308790 1.426168 -0.051484
v 0.174939 1.365342 0.073431
v 0.188762 1.511659 -0.077021
v 0.293828 1.571725 -0.038948
v 0.308790 1.426168 -0.051484
v 0.188762 1.511659 -0.077021
v 0.293828 1.571725 -0.038948
v 0.188762 1.511659 -0.077021
v 0.156565 1.673570 0.074458
v 0.156565 1.673570 0.074458
v 0.244103 1.652731 0.064088
v 0.293828 1.571725 -0.038948
v 0.230384 1.463370 0.076206
v 0.188762 1.511659 -0.077021
v 0.174939 1.365342 0.073431
v -0.141459 1.716108 0.174545
v -0.162543 1.676477 0.159988
v -0.065166 1.608696 0.225027
v -0.150480 1.733219 0.084415
v -0.110810 1.786132 0.091229
v -0.051678 1.746128 0.033641
v -0.150480 1.733219 0.084415
v -0.141459 1.716108 0.174545
v -0.110810 1.786132 0.091229
v -0.141459 1.716108 0.174545
v -0.150480 1.733219 0.084415
v -0.162543 1.676477 0.159988
v -0.051678 1.746128 0.033641
v -0.045178 1.618045 -0.079479
v -0.150480 1.733219 0.084415
v -0.321152 1.535657 0.134466
v -0.065166 1.608696 0.225027
v -0.162543 1.676477 0.159988
v -0.265459 1.677218 0.050897
v -0.162543 1.676477 0.159988
v -0.150480 1.733219 0.084415
v -0.266074 1.527170 -0.120291
v -0.265459 1.677218 0.050897
v -0.150480 1.733219 0.084415
v -0.321152 1.535657 0.134466
v -0.162543 1.676477 0.159988
v -0.265459 1.677218 0.050897
v -0.045178 1.618045 -0.079479
v -0.266074 1.527170 -0.120291
v -0.150480 1.733219 0.084415
v -0.335674 1.448622 0.116665
v -0.260607 1.409287 0.247011
v -0.321152 1.535657 0.134466
v -0.321152 1.535657 0.134466
v -0.071973 1.434685 0.308569
v -0.065166 1.608696 0.225027
v -0.321152 1.535657 0.134466
v -0.260607 1.409287 0.247011
v -0.071973 1.434685 0.308569
v -0.371555 1.468513 -0.155888
v -0.276387 1.373354 -0.017181
v -0.378421 1.385714 -0.185783
v -0.378421 1.385714 -0.185783
v -0.480418 1.435228 -0.026350
v -0.371555 1.468513 -0.155888
v -0.480418 1.435228 -0.026350
v -0.469372 1.522826 -0.016223
v -0.371555 1.468513 -0.155888
v -0.469372 1.522826 -0.016223
v -0.480418 1.435228 -0.026350
v -0.375383 1.407488 0.104509
v -0.392487 1.573309 0.091641
v -0.469372 1.522826 -0.016223
v -0.375383 1.407488 0.104509
v -0.392487 1.573309 0.091641
v -0.375383 1.407488 0.104509
v -0.335674 1.448622 0.116665
v -0.321152 1.535657 0.134466
v -0.392487 1.573309 0.091641
v -0.335674 1.448622 0.116665
v -0.339696 1.464722 0.016264
v -0.335674 1.448622 0.116665
v -0.276387 1.373354 -0.017181
v -0.276387 1.373354 -0.017181
v -0.335674 1.448622 0.116665
v -0.375383 1.407488 0.104509
v -0.375383 1.407488 0.104509
v -0.426073 1.263062 0.057342
v -0.276387 1.373354 -0.017181
v -0.375383 1.407488 0.104509
v -0.480418 1.435228 -0.026350
v -0.426073 1.263062 0.057342
v -0.321152 1.535657 0.134466
v -0.265459 1.677218 0.050897
v -0.352839 1.655790 0.027004
v -0.321152 1.535657 0.134466
v -0.352839 1.655790 0.027004
v -0.392487 1.573309 0.091641
v -0.352839 1.655790 0.027004
v -0.427123 1.616776 0.013518
v -0.392487 1.573309 0.091641
v -0.469372 1.522826 -0.016223
v -0.392487 1.573309 0.091641
v -0.427123 1.616776 0.013518
v -0.427123 1.616776 0.013518
v -0.367151 1.605467 -0.103050
v -0.469372 1.522826 -0.016223
v -0.469372 1.522826 -0.016223
v -0.367151 1.605467 -0.103050
v -0.371555 1.468513 -0.155888
v -0.371555 1.468513 -0.155888
v -0.367151 1.605467 -0.103050
v -0.266074 1.527170 -0.120291
v -0.276387 1.373354 -0.017181
v -0.371555 1.468513 -0.155888
v -0.266074 1.527170 -0.120291
v -0.266074 1.527170 -0.120291
v -0.339696 1.464722 0.016264
v -0.276387 1.373354 -0.017181
v -0.427123 1.616776 0.013518
v -0.352839 1.655790 0.027004
v -0.367151 1.605467 -0.103050
v -0.352839 1.655790 0.027004
v -0.265459 1.677218 0.050897
v -0.367151 1.605467 -0.103050
v -0.266074 1.527170 -0.120291
v -0.367151 1.605467 -0.103050
v -0.265459 1.677218 0.050897
v 0.195118 1.330415 -0.019313
v 0.208283 1.455111 0.165948
v 0.190114 1.316771 0.070673
v 0.208283 1.455111 0.165948
v 0.195118 1.330415 -0.019313
v 0.230384 1.463370 0.076206
v 0.195118 1.330415 -0.019313
v 0.188762 1.511659 -0.077021
v 0.230384 1.463370 0.076206
v -0.070307 1.339464 0.282240
v 0.119114 1.315743 0.190716
v 0.122514 1.407172 0.271988
v 0.122514 1.407172 0.271988
v 0.119114 1.315743 0.190716
v 0.190114 1.316771 0.070673
v 0.195118 1.330415 -0.019313
v -0.048101 1.348314 -0.131340
v 0.188762 1.511659 -0.077021
v -0.045178 1.618045 -0.079479
v 0.188762 1.511659 -0.077021
v -0.048101 1.348314 -0.131340
v -0.266074 1.527170 -0.120291
v -0.045178 1.618045 -0.079479
v -0.048101 1.348314 -0.131340
v 0.190114 1.316771 0.070673
v 0.119114 1.315743 0.190716
v 0.117031 1.194413 0.211886
v -0.266074 1.527170 -0.120291
v -0.298012 1.347611 -0.043803
v -0.339696 1.464722 0.016264
v -0.048101 1.348314 -0.131340
v -0.298012 1.347611 -0.043803
v -0.266074 1.527170 -0.120291
v -0.335674 1.448622 0.116665
v -0.298012 1.347611 -0.043803
v -0.306473 1.329134 0.043390
v -0.298012 1.347611 -0.043803
v -0.335674 1.448622 0.116665
v -0.339696 1.464722 0.016264
v -0.306473 1.329134 0.043390
v -0.249058 1.328457 0.172365
v -0.260607 1.409287 0.247011
v -0.260607 1.409287 0.247011
v -0.335674 1.448622 0.116665
v -0.306473 1.329134 0.043390
v 0.119114 1.315743 0.190716
v -0.077360 1.186721 0.330685
v 0.117031 1.194413 0.211886
v -0.260607 1.409287 0.247011
v -0.070307 1.339464 0.282240
v -0.071973 1.434685 0.308569
v -0.071973 1.434685 0.308569
v -0.070307 1.339464 0.282240
v 0.122514 1.407172 0.271988
v -0.260607 1.409287 0.247011
v -0.249058 1.328457 0.172365
v -0.070307 1.339464 0.282240
v 0.119114 1.315743 0.190716
v -0.070307 1.339464 0.282240
v -0.077360 1.186721 0.330685
v -0.070307 1.339464 0.282240
v -0.249058 1.328457 0.172365
v -0.077360 1.186721 0.330685
v -0.249058 1.328457 0.172365
v -0.260639 1.218586 0.198951
v -0.077360 1.186721 0.330685
v 0.190114 1.316771 0.070673
v 0.208283 1.455111 0.165948
v 0.122514 1.407172 0.271988
v -0.249058 1.328457 0.172365
v -0.306473 1.329134 0.043390
v -0.260639 1.218586 0.198951
v 0.195118 1.330415 -0.019313
v 0.190114 1.316771 0.070673
v 0.251734 1.117817 0.003404
v 0.128597 1.137178 -0.163366
v 0.195118 1.330415 -0.019313
v 0.251734 1.117817 0.003404
v 0.190114 1.316771 0.070673
v 0.117031 1.194413 0.211886
v 0.251734 1.117817 0.003404
v 0.128597 1.137178 -0.163366
v -0.048101 1.348314 -0.131340
v 0.195118 1.330415 -0.019313
v 0.251734 1.117817 0.003404
v 0.117031 1.194413 0.211886
v 0.155997 1.050012 0.247287
v 0.117031 1.194413 0.211886
v -0.077360 1.186721 0.330685
v 0.155997 1.050012 0.247287
v 0.155997 1.050012 0.247287
v -0.077360 1.186721 0.330685
v -0.071621 1.001791 0.326598
v -0.077360 1.186721 0.330685
v -0.294653 1.077123 0.255442
v -0.071621 1.001791 0.326598
v -0.260639 1.218586 0.198951
v -0.294653 1.077123 0.255442
v -0.077360 1.186721 0.330685
v -0.260639 1.218586 0.198951
v -0.390552 1.156456 0.015027
v -0.294653 1.077123 0.255442
v -0.306473 1.329134 0.043390
v -0.390552 1.156456 0.015027
v -0.260639 1.218586 0.198951
v -0.306473 1.329134 0.043390
v -0.298012 1.347611 -0.043803
v -0.390552 1.156456 0.015027
v -0.298012 1.347611 -0.043803
v -0.272073 1.161282 -0.156115
v -0.390552 1.156456 0.015027
v -0.048101 1.348314 -0.131340
v -0.272073 1.161282 -0.156115
v -0.298012 1.347611 -0.043803
v -0.074165 1.127002 -0.223351
v -0.272073 1.161282 -0.156115
v -0.048101 1.348314 -0.131340
v 0.128597 1.137178 -0.163366
v -0.074165 1.127002 -0.223351
v -0.048101 1.348314 -0.131340
v 0.128597 1.137178 -0.163366
v 0.251734 1.117817 0.003404
v 0.092037 1.034497 -0.200927
v 0.092037 1.034497 -0.200927
v -0.074165 1.127002 -0.223351
v 0.128597 1.137178 -0.163366
v -0.087597 1.041649 -0.203295
v -0.074165 1.127002 -0.223351
v 0.092037 1.034497 -0.200927
v -0.390552 1.156456 0.015027
v -0.272073 1.161282 -0.156115
v -0.264754 1.054576 -0.175618
v -0.074165 1.127002 -0.223351
v -0.264754 1.054576 -0.175618
v -0.272073 1.161282 -0.156115
v -0.074165 1.127002 -0.223351
v -0.087597 1.041649 -0.203295
v -0.264754 1.054576 -0.175618
v -0.263567 0.992547 0.265307
v -0.294653 1.077123 0.255442
v -0.395764 1.014929 0.032866
v -0.216798 0.859516 -0.132335
v -0.264754 1.054576 -0.175618
v -0.087597 1.041649 -0.203295
v -0.264754 1.054576 -0.175618
v -0.216798 0.859516 -0.132335
v -0.395764 1.014929 0.032866
v -0.091962 0.822275 -0.055042
v -0.216798 0.859516 -0.132335
v -0.087597 1.041649 -0.203295
v -0.091962 0.822275 -0.055042
v -0.087597 1.041649 -0.203295
v -0.085725 0.877303 -0.046510
v -0.253366 0.935101 0.305922
v -0.395764 1.014929 0.032866
v -0.407779 0.866476 0.108539
v -0.205367 0.748021 0.361022
v -0.253366 0.935101 0.305922
v -0.352521 0.656309 0.221134
v -0.253366 0.935101 0.305922
v -0.407779 0.866476 0.108539
v -0.352521 0.656309 0.221134
v -0.216798 0.859516 -0.132335
v -0.407779 0.866476 0.108539
v -0.395764 1.014929 0.032866
v -0.091962 0.822275 -0.055042
v -0.028847 0.661036 0.241242
v -0.177936 0.616938 0.045421
v -0.028847 0.661036 0.241242
v -0.091962 0.822275 -0.055042
v -0.071566 0.866538 0.108675
v -0.177936 0.616938 0.045421
v -0.216798 0.859516 -0.132335
v -0.091962 0.822275 -0.055042
v -0.352521 0.656309 0.221134
v -0.216798 0.859516 -0.132335
v -0.177936 0.616938 0.045421
v -0.263567 0.992547 0.265307
v -0.395764 1.014929 0.032866
v -0.253366 0.935101 0.305922
v -0.253366 0.935101 0.305922
v -0.071566 0.866538 0.108675
v -0.263567 0.992547 0.265307
v -0.253366 0.935101 0.305922
v -0.028847 0.661036 0.241242
v -0.071566 0.866538 0.108675
v -0.085725 0.877303 -0.046510
v -0.071566 0.866538 0.108675
v -0.091962 0.822275 -0.055042
v -0.071566 0.866538 0.108675
v -0.085725 0.877303 -0.046510
v -0.080352 0.829763 0.066960
v -0.263567 0.992547 0.265307
v -0.070088 0.842286 0.201730
v -0.060587 0.916321 0.276938
v -0.071566 0.866538 0.108675
v -0.070088 0.842286 0.201730
v -0.263567 0.992547 0.265307
v -0.071566 0.866538 0.108675
v -0.080352 0.829763 0.066960
v -0.070088 0.842286 0.201730
v -0.205367 0.748021 0.361022
v -0.028847 0.661036 0.241242
v -0.253366 0.935101 0.305922
v -0.352521 0.656309 0.221134
v -0.407779 0.866476 0.108539
v -0.216798 0.859516 -0.132335
v -0.294653 1.077123 0.255442
v -0.390552 1.156456 0.015027
v -0.395764 1.014929 0.032866
v -0.395764 1.014929 0.032866
v -0.390552 1.156456 0.015027
v -0.264754 1.054576 -0.175618
v -0.263567 0.992547 0.265307
v -0.071621 1.001791 0.326598
v -0.294653 1.077123 0.255442
v -0.263567 0.992547 0.265307
v -0.060587 0.916321 0.276938
v -0.071621 1.001791 0.326598
v 0.155997 1.050012 0.247287
v 0.123467 0.974882 0.244209
v 0.246331 1.032577 -0.000819
v 0.251734 1.117817 0.003404
v 0.155997 1.050012 0.247287
v 0.246331 1.032577 -0.000819
v -0.054676 0.833302 0.091580
v -0.032835 0.803582 -0.079516
v 0.030201 0.592989 0.174726
v -0.060587 0.916321 0.276938
v 0.123467 0.974882 0.244209
v -0.071621 1.001791 0.326598
v 0.174026 0.633397 -0.025774
v 0.030201 0.592989 0.174726
v -0.032835 0.803582 -0.079516
v -0.032835 0.803582 -0.079516
v 0.084430 0.863829 -0.165388
v 0.174026 0.633397 -0.025774
v 0.251734 1.117817 0.003404
v 0.246331 1.032577 -0.000819
v 0.092037 1.034497 -0.200927
v 0.084430 0.863829 -0.165388
v 0.092037 1.034497 -0.200927
v 0.246331 1.032577 -0.000819
v 0.174026 0.633397 -0.025774
v 0.084430 0.863829 -0.165388
v 0.330938 0.712508 0.153182
v -0.070088 0.842286 0.201730
v 0.123467 0.974882 0.244209
v -0.060587 0.916321 0.276938
v -0.071621 1.001791 0.326598
v 0.123467 0.974882 0.244209
v 0.155997 1.050012 0.247287
v -0.070088 0.842286 0.201730
v -0.054676 0.833302 0.091580
v 0.123467 0.974882 0.244209
v -0.080352 0.829763 0.066960
v -0.054676 0.833302 0.091580
v -0.070088 0.842286 0.201730
v 0.092037 1.034497 -0.200927
v 0.084430 0.863829 -0.165388
v -0.087597 1.041649 -0.203295
v 0.084430 0.863829 -0.165388
v -0.032835 0.803582 -0.079516
v -0.087597 1.041649 -0.203295
v -0.087597 1.041649 -0.203295
v -0.032835 0.803582 -0.079516
v -0.085725 0.877303 -0.046510
v -0.054676 0.833302 0.091580
v -0.085725 0.877303 -0.046510
v -0.032835 0.803582 -0.079516
v -0.085725 0.877303 -0.046510
v -0.054676 0.833302 0.091580
v -0.080352 0.829763 0.066960
v 0.140258 0.920508 0.276222
v 0.030201 0.592989 0.174726
v 0.168188 0.723698 0.304910
v -0.054676 0.833302 0.091580
v 0.030201 0.592989 0.174726
v 0.140258 0.920508 0.276222
v 0.246331 1.032577 -0.000819
v 0.298027 0.940589 0.070748
v 0.084430 0.863829 -0.165388
v 0.140258 0.920508 0.276222
v 0.246331 1.032577 -0.000819
v 0.123467 0.974882 0.244209
v 0.298027 0.940589 0.070748
v 0.246331 1.032577 -0.000819
v 0.140258 0.920508 0.276222
v 0.123467 0.974882 0.244209
v -0.054676 0.833302 0.091580
v 0.140258 0.920508 0.276222
v 0.084430 0.863829 -0.165388
v 0.298027 0.940589 0.070748
v 0.330938 0.712508 0.153182
v 0.330938 0.712508 0.153182
v 0.298027 0.940589 0.070748
v 0.140258 0.920508 0.276222
v 0.330938 0.712508 0.153182
v 0.140258 0.920508 0.276222
v 0.168188 0.723698 0.304910
v -0.181573 0.639571 0.417193
v -0.205367 0.748021 0.361022
v -0.352521 0.656309 0.221134
v -0.181573 0.639571 0.417193
v -0.028847 0.661036 0.241242
v -0.205367 0.748021 0.361022
v -0.290641 0.538206 0.228745
v -0.180039 0.498163 0.402346
v -0.181573 0.639571 0.417193
v -0.180039 0.498163 0.402346
v -0.052467 0.555599 0.257958
v -0.181573 0.639571 0.417193
v -0.290641 0.538206 0.228745
v -0.181573 0.639571 0.417193
v -0.352521 0.656309 0.221134
v -0.181573 0.639571 0.417193
v -0.052467 0.555599 0.257958
v -0.028847 0.661036 0.241242
v -0.290641 0.538206 0.228745
v -0.352521 0.656309 0.221134
v -0.177936 0.616938 0.045421
v -0.169857 0.574447 0.119358
v -0.028847 0.661036 0.241242
v -0.052467 0.555599 0.257958
v -0.290641 0.538206 0.228745
v -0.177936 0.616938 0.045421
v -0.169857 0.574447 0.119358
v -0.169857 0.574447 0.119358
v -0.177936 0.616938 0.045421
v -0.028847 0.661036 0.241242
v -0.096564 1.724676 0.254466
v -0.060713 1.683478 0.278568
v -0.060965 1.699486 0.277239
v -0.061521 1.716949 0.284783
v -0.096564 1.724676 0.254466
v -0.060965 1.699486 0.277239
v -0.060713 1.683478 0.278568
v -0.025026 1.725988 0.256705
v -0.060965 1.699486 0.277239
v -0.025026 1.725988 0.256705
v -0.061521 1.716949 0.284783
v -0.060965 1.699486 0.277239
v 0.330938 0.712508 0.153182
v 0.168188 0.723698 0.304910
v 0.204552 0.576914 0.346803
v 0.168188 0.723698 0.304910
v 0.030201 0.592989 0.174726
v 0.204552 0.576914 0.346803
v 0.256686 0.433925 0.267463
v 0.314728 0.587903 0.149105
v 0.204552 0.576914 0.346803
v 0.030201 0.592989 0.174726
v 0.091903 0.503485 0.179275
v 0.204552 0.576914 0.346803
v 0.181383 0.603631 0.075752
v 0.174026 0.633397 -0.025774
v 0.314728 0.587903 0.149105
v 0.030201 0.592989 0.174726
v 0.174026 0.633397 -0.025774
v 0.181383 0.603631 0.075752
v 0.174026 0.633397 -0.025774
v 0.330938 0.712508 0.153182
v 0.314728 0.587903 0.149105
v 0.091903 0.503485 0.179275
v 0.256686 0.433925 0.267463
v 0.204552 0.576914 0.346803
v 0.091903 0.503485 0.179275
v 0.030201 0.592989 0.174726
v 0.181383 0.603631 0.075752
v 0.330938 0.712508 0.153182
v 0.204552 0.576914 0.346803
v 0.314728 0.587903 0.149105
v 0.292999 1.284140 0.213609
v 0.418516 1.270719 0.127775
v 0.374231 1.431572 0.107979
v 0.325092 1.258137 0.186732
v 0.418516 1.270719 0.127775
v 0.292999 1.284140 0.213609
v 0.174939 1.365342 0.073431
v 0.344508 1.340332 -0.051139
v 0.267440 1.200011 0.067938
v 0.374231 1.431572 0.107979
v 0.418516 1.270719 0.127775
v 0.344508 1.340332 -0.051139
v 0.325092 1.258137 0.186732
v 0.292999 1.284140 0.213609
v 0.267440 1.200011 0.067938
v 0.367260 1.260395 -0.023677
v 0.267440 1.200011 0.067938
v 0.344508 1.340332 -0.051139
v 0.391235 1.198920 0.008822
v 0.367260 1.260395 -0.023677
v 0.418516 1.270719 0.127775
v 0.391235 1.198920 0.008822
v 0.267440 1.200011 0.067938
v 0.367260 1.260395 -0.023677
v 0.344508 1.340332 -0.051139
v 0.418516 1.270719 0.127775
v 0.367260 1.260395 -0.023677
v 0.267440 1.200011 0.067938
v 0.292999 1.284140 0.213609
v 0.174939 1.365342 0.073431
v -0.378421 1.385714 -0.185783
v -0.276387 1.373354 -0.017181
v -0.355607 1.218565 -0.088942
v -0.422501 1.310079 -0.184667
v -0.447346 1.259166 -0.181625
v -0.522040 1.273287 -0.061166
v -0.355607 1.218565 -0.088942
v -0.447346 1.259166 -0.181625
v -0.422501 1.310079 -0.184667
v -0.522040 1.273287 -0.061166
v -0.378421 1.385714 -0.185783
v -0.422501 1.310079 -0.184667
v -0.355607 1.218565 -0.088942
v -0.422501 1.310079 -0.184667
v -0.378421 1.385714 -0.185783
v -0.522040 1.273287 -0.061166
v -0.426073 1.263062 0.057342
v -0.480418 1.435228 -0.026350
v -0.522040 1.273287 -0.061166
v -0.480418 1.435228 -0.026350
v -0.378421 1.385714 -0.185783
v -0.522040 1.273287 -0.061166
v -0.454452 1.228742 0.017535
v -0.426073 1.263062 0.057342
v -0.426073 1.263062 0.057342
v -0.454452 1.228742 0.017535
v -0.355607 1.218565 -0.088942
v -0.426073 1.263062 0.057342
v -0.355607 1.218565 -0.088942
v -0.276387 1.373354 -0.017181
v -0.021816 1.801188 0.275502
v -0.034181 1.793951 0.274252
v -0.021662 1.795006 0.271731
v -0.021816 1.801188 0.275502
v -0.034499 1.801053 0.278298
v -0.034181 1.793951 0.274252
v -0.091026 1.792909 0.272473
v -0.091222 1.800013 0.276523
v -0.103701 1.799686 0.272939
v -0.103392 1.793507 0.269173
v -0.091026 1.792909 0.272473
v -0.103701 1.799686 0.272939
v 0.062500 0.372238 0.051283
v 0.061100 0.415591 -0.103230
v 0.266663 0.324386 0.105955
v 0.062500 0.372238 0.051283
v 0.044708 0.509652 -0.022309
v 0.061100 0.415591 -0.103230
v 0.085231 0.407277 0.060948
v 0.044708 0.509652 -0.022309
v 0.062500 0.372238 0.051283
v 0.085231 0.407277 0.060948
v 0.063621 0.516375 0.010833
v 0.044708 0.509652 -0.022309
v 0.258414 0.366646 0.112272
v 0.062500 0.372238 0.051283
v 0.266663 0.324386 0.105955
v 0.190902 0.530452 -0.166734
v 0.061100 0.415591 -0.103230
v 0.044708 0.509652 -0.022309
v 0.190902 0.530452 -0.166734
v 0.044708 0.509652 -0.022309
v 0.167509 0.620997 -0.065383
v 0.167509 0.620997 -0.065383
v 0.044708 0.509652 -0.022309
v 0.063621 0.516375 0.010833
v 0.167509 0.620997 -0.065383
v 0.063621 0.516375 0.010833
v 0.173736 0.613844 -0.026319
v 0.085231 0.407277 0.060948
v 0.062500 0.372238 0.051283
v 0.258414 0.366646 0.112272
v 0.361201 0.544559 0.038658
v 0.266663 0.324386 0.105955
v 0.396094 0.541001 0.020060
v 0.258414 0.366646 0.112272
v 0.266663 0.324386 0.105955
v 0.361201 0.544559 0.038658
v 0.167509 0.620997 -0.065383
v 0.396094 0.541001 0.020060
v 0.190902 0.530452 -0.166734
v 0.361201 0.544559 0.038658
v 0.396094 0.541001 0.020060
v 0.167509 0.620997 -0.065383
v 0.361201 0.544559 0.038658
v 0.167509 0.620997 -0.065383
v 0.173736 0.613844 -0.026319
v 0.173736 0.613844 -0.026319
v 0.165911 0.669792 0.021005
v 0.361201 0.544559 0.038658
v 0.063621 0.516375 0.010833
v 0.165911 0.669792 0.021005
v 0.173736 0.613844 -0.026319
v 0.255588 0.223822 -0.105095
v 0.061100 0.415591 -0.103230
v 0.078772 0.343761 -0.212249
v 0.266663 0.324386 0.105955
v 0.061100 0.415591 -0.103230
v 0.255588 0.223822 -0.105095
v 0.078772 0.343761 -0.212249
v 0.061100 0.415591 -0.103230
v 0.190902 0.530452 -0.166734
v 0.222826 0.467921 -0.262492
v 0.078772 0.343761 -0.212249
v 0.190902 0.530452 -0.166734
v 0.376261 0.363752 -0.218922
v 0.222826 0.467921 -0.262492
v 0.190902 0.530452 -0.166734
v 0.396094 0.541001 0.020060
v 0.255588 0.223822 -0.105095
v 0.376261 0.363752 -0.218922
v 0.266663 0.324386 0.105955
v 0.255588 0.223822 -0.105095
v 0.396094 0.541001 0.020060
v 0.396094 0.541001 0.020060
v 0.376261 0.363752 -0.218922
v 0.190902 0.530452 -0.166734
v 0.091903 0.503485 0.179275
v 0.063621 0.516375 0.010833
v 0.085231 0.407277 0.060948
v 0.063621 0.516375 0.010833
v 0.091903 0.503485 0.179275
v 0.165911 0.669792 0.021005
v 0.314728 0.587903 0.149105
v 0.258414 0.366646 0.112272
v 0.361201 0.544559 0.038658
v 0.256686 0.433925 0.267463
v 0.091903 0.503485 0.179275
v 0.258414 0.366646 0.112272
v 0.091903 0.503485 0.179275
v 0.085231 0.407277 0.060948
v 0.258414 0.366646 0.112272
v 0.256686 0.433925 0.267463
v 0.258414 0.366646 0.112272
v 0.314728 0.587903 0.149105
v 0.165911 0.669792 0.021005
v 0.091903 0.503485 0.179275
v 0.181383 0.603631 0.075752
v 0.165911 0.669792 0.021005
v 0.181383 0.603631 0.075752
v 0.314728 0.587903 0.149105
v 0.165911 0.669792 0.021005
v 0.314728 0.587903 0.149105
v 0.361201 0.544559 0.038658
v -0.150566 0.326452 0.340450
v 0.020161 0.326477 0.085121
v 0.026676 0.389211 0.232703
v 0.020161 0.326477 0.085121
v -0.000844 0.449745 0.090593
v 0.026676 0.389211 0.232703
v -0.000844 0.449745 0.090593
v 0.020161 0.326477 0.085121
v -0.138293 0.332373 -0.009392
v -0.152472 0.467713 0.013003
v -0.000844 0.449745 0.090593
v -0.138293 0.332373 -0.009392
v -0.138293 0.332373 -0.009392
v -0.342889 0.393023 0.168298
v -0.152472 0.467713 0.013003
v -0.152472 0.467713 0.013003
v -0.342889 0.393023 0.168298
v -0.312297 0.417520 0.174631
v -0.342889 0.393023 0.168298
v -0.150566 0.326452 0.340450
v -0.312297 0.417520 0.174631
v -0.312297 0.417520 0.174631
v -0.150566 0.326452 0.340450
v -0.157775 0.363667 0.319070
v -0.150566 0.326452 0.340450
v 0.026676 0.389211 0.232703
v -0.157775 0.363667 0.319070
v -0.157775 0.363667 0.319070
v 0.026676 0.389211 0.232703
v -0.007212 0.413896 0.223749
v -0.157647 0.484588 0.049123
v -0.171905 0.556835 0.052083
v -0.022436 0.469306 0.116137
v -0.312297 0.417520 0.174631
v -0.171905 0.556835 0.052083
v -0.157647 0.484588 0.049123
v -0.157647 0.484588 0.049123
v -0.152472 0.467713 0.013003
v -0.312297 0.417520 0.174631
v 0.026676 0.389211 0.232703
v -0.000844 0.449745 0.090593
v -0.007212 0.413896 0.223749
v -0.000844 0.449745 0.090593
v -0.022436 0.469306 0.116137
v -0.007212 0.413896 0.223749
v -0.022436 0.469306 0.116137
v -0.000844 0.449745 0.090593
v -0.152472 0.467713 0.013003
v -0.157647 0.484588 0.049123
v -0.022436 0.469306 0.116137
v -0.152472 0.467713 0.013003
v 0.046802 0.175578 0.043319
v 0.020161 0.326477 0.085121
v -0.111758 0.169747 0.221668
v -0.111758 0.169747 0.221668
v 0.020161 0.326477 0.085121
v -0.150566 0.326452 0.340450
v -0.342889 0.393023 0.168298
v -0.111758 0.169747 0.221668
v -0.150566 0.326452 0.340450
v -0.249698 0.144067 0.053939
v -0.111758 0.169747 0.221668
v -0.342889 0.393023 0.168298
v -0.138293 0.332373 -0.009392
v -0.249698 0.144067 0.053939
v -0.342889 0.393023 0.168298
v -0.138293 0.332373 -0.009392
v -0.114462 0.188712 -0.071564
v -0.249698 0.144067 0.053939
v -0.138293 0.332373 -0.009392
v 0.046802 0.175578 0.043319
v -0.114462 0.188712 -0.071564
v -0.138293 0.332373 -0.009392
v 0.020161 0.326477 0.085121
v 0.046802 0.175578 0.043319
v -0.171905 0.556835 0.052083
v -0.052467 0.555599 0.257958
v -0.022436 0.469306 0.116137
v -0.290641 0.538206 0.228745
v -0.169857 0.574447 0.119358
v -0.171905 0.556835 0.052083
v -0.312297 0.417520 0.174631
v -0.290641 0.538206 0.228745
v -0.171905 0.556835 0.052083
v -0.312297 0.417520 0.174631
v -0.157775 0.363667 0.319070
v -0.290641 0.538206 0.228745
v -0.157775 0.363667 0.319070
v -0.007212 0.413896 0.223749
v -0.052467 0.555599 0.257958
v -0.157775 0.363667 0.319070
v -0.052467 0.555599 0.257958
v -0.180039 0.498163 0.402346
v -0.290641 0.538206 0.228745
v -0.157775 0.363667 0.319070
v -0.180039 0.498163 0.402346
v -0.007212 0.413896 0.223749
v -0.022436 0.469306 0.116137
v -0.052467 0.555599 0.257958
v -0.169857 0.574447 0.119358
v -0.052467 0.555599 0.257958
v -0.171905 0.556835 0.052083
v -0.022571 1.747227 0.267744
v -0.062322 1.752733 0.288502
v -0.024434 1.720764 0.294730
v -0.024434 1.720764 0.294730
v -0.025026 1.725988 0.256705
v 0.008612 1.691965 0.252586
v -0.100487 1.745798 0.265305
v -0.099347 1.719390 0.292386
v -0.062322 1.752733 0.288502
v -0.062322 1.752733 0.288502
v -0.099347 1.719390 0.292386
v -0.062269 1.737914 0.295493
v -0.022571 1.747227 0.267744
v -0.024434 1.720764 0.294730
v -0.005569 1.742936 0.252180
v -0.024434 1.720764 0.294730
v 0.008612 1.691965 0.252586
v -0.005569 1.742936 0.252180
v 0.008612 1.691965 0.252586
v -0.001046 1.720004 0.234989
v -0.005569 1.742936 0.252180
v -0.062322 1.752733 0.288502
v -0.062269 1.737914 0.295493
v -0.024434 1.720764 0.294730
v -0.099347 1.719390 0.292386
v -0.128617 1.689448 0.248291
v -0.096564 1.724676 0.254466
v -0.024434 1.720764 0.294730
v -0.062269 1.737914 0.295493
v -0.061514 1.726102 0.279198
v -0.025026 1.725988 0.256705
v -0.024434 1.720764 0.294730
v -0.061514 1.726102 0.279198
v -0.099347 1.719390 0.292386
v -0.061514 1.726102 0.279198
v -0.062269 1.737914 0.295493
v -0.128617 1.689448 0.248291
v -0.116315 1.740905 0.248714
v -0.118911 1.717842 0.231300
v -0.099347 1.719390 0.292386
v -0.116315 1.740905 0.248714
v -0.128617 1.689448 0.248291
v -0.100487 1.745798 0.265305
v -0.116315 1.740905 0.248714
v -0.099347 1.719390 0.292386
v -0.096564 1.724676 0.254466
v -0.061514 1.726102 0.279198
v -0.099347 1.719390 0.292386
v -0.025026 1.725988 0.256705
v -0.015575 1.705260 0.243442
v 0.008612 1.691965 0.252586
v -0.117014 1.701582 0.228115
v -0.128617 1.689448 0.248291
v -0.118911 1.717842 0.231300
v -0.104409 1.703631 0.240662
v -0.128617 1.689448 0.248291
v -0.117014 1.701582 0.228115
v -0.096564 1.724676 0.254466
v -0.128617 1.689448 0.248291
v -0.104409 1.703631 0.240662
v -0.002144 1.703689 0.231711
v -0.001046 1.720004 0.234989
v 0.008612 1.691965 0.252586
v -0.015575 1.705260 0.243442
v -0.002144 1.703689 0.231711
v 0.008612 1.691965 0.252586
v -0.104831 1.659492 0.240404
v -0.058629 1.630037 0.242417
v -0.060001 1.612364 0.296599
v -0.058629 1.630037 0.242417
v -0.059189 1.670050 0.236871
v -0.046730 1.672490 0.234370
v -0.058629 1.630037 0.242417
v -0.071568 1.672035 0.233592
v -0.059189 1.670050 0.236871
v -0.058629 1.630037 0.242417
v -0.104831 1.659492 0.240404
v -0.071568 1.672035 0.233592
v -0.104831 1.659492 0.240404
v -0.060001 1.612364 0.296599
v -0.106856 1.673800 0.274700
v -0.060001 1.612364 0.296599
v -0.061460 1.671219 0.308727
v -0.106856 1.673800 0.274700
v -0.058629 1.630037 0.242417
v -0.046730 1.672490 0.234370
v -0.013521 1.661167 0.243262
v -0.013521 1.661167 0.243262
v -0.060001 1.612364 0.296599
v -0.058629 1.630037 0.242417
v -0.013521 1.661167 0.243262
v -0.014169 1.675500 0.277601
v -0.060001 1.612364 0.296599
v -0.060001 1.612364 0.296599
v -0.014169 1.675500 0.277601
v -0.061460 1.671219 0.308727
v -0.091150 1.691694 0.250439
v -0.106856 1.673800 0.274700
v -0.060965 1.699486 0.277239
v -0.013521 1.661167 0.243262
v -0.046730 1.672490 0.234370
v -0.002144 1.703689 0.231711
v -0.013521 1.661167 0.243262
v -0.002144 1.703689 0.231711
v -0.014169 1.675500 0.277601
v -0.014169 1.675500 0.277601
v -0.002144 1.703689 0.231711
v -0.015575 1.705260 0.243442
v -0.106856 1.673800 0.274700
v -0.091150 1.691694 0.250439
v -0.104409 1.703631 0.240662
v -0.014169 1.675500 0.277601
v -0.015575 1.705260 0.243442
v -0.028974 1.692835 0.252385
v -0.028974 1.692835 0.252385
v -0.060965 1.699486 0.277239
v -0.014169 1.675500 0.277601
v -0.014169 1.675500 0.277601
v -0.060965 1.699486 0.277239
v -0.061460 1.671219 0.308727
v -0.106856 1.673800 0.274700
v -0.061460 1.671219 0.308727
v -0.060965 1.699486 0.277239
v -0.106856 1.673800 0.274700
v -0.104409 1.703631 0.240662
v -0.117014 1.701582 0.228115
v -0.104831 1.659492 0.240404
v -0.106856 1.673800 0.274700
v -0.117014 1.701582 0.228115
v -0.104831 1.659492 0.240404
v -0.117014 1.701582 0.228115
v -0.071568 1.672035 0.233592
v -0.143716 1.762675 0.156425
v -0.146616 1.757853 0.182651
v -0.156281 1.799913 0.144756
v 0.026733 1.765800 0.161760
v 0.038631 1.803487 0.150856
v 0.028147 1.761058 0.188121
v 0.038631 1.803487 0.150856
v 0.021985 1.825385 0.188315
v 0.028147 1.761058 0.188121
v 0.021985 1.825385 0.188315
v 0.038631 1.803487 0.150856
v 0.031813 1.833426 0.166603
v 0.021985 1.825385 0.188315
v 0.031813 1.833426 0.166603
v 0.018348 1.833089 0.162408
v 0.038631 1.803487 0.150856
v 0.018348 1.833089 0.162408
v 0.031813 1.833426 0.166603
v 0.038631 1.803487 0.150856
v 0.022271 1.803356 0.148711
v 0.018348 1.833089 0.162408
v 0.038631 1.803487 0.150856
v 0.026733 1.765800 0.161760
v 0.022271 1.803356 0.148711
v -0.156281 1.799913 0.144756
v -0.139825 1.800384 0.143638
v -0.143716 1.762675 0.156425
v -0.156281 1.799913 0.144756
v -0.137716 1.830227 0.157523
v -0.139825 1.800384 0.143638
v -0.156281 1.799913 0.144756
v -0.151562 1.830063 0.160864
v -0.137716 1.830227 0.157523
v -0.142822 1.822363 0.183157
v -0.137716 1.830227 0.157523
v -0.151562 1.830063 0.160864
v -0.142822 1.822363 0.183157
v -0.151562 1.830063 0.160864
v -0.156281 1.799913 0.144756
v -0.156281 1.799913 0.144756
v -0.146616 1.757853 0.182651
v -0.142822 1.822363 0.183157
v 0.402079 0.956323 0.378799
v 0.408234 0.930449 0.357355
v 0.475089 0.929051 0.400686
v 0.471398 0.962175 0.428024
v 0.394719 0.986105 0.394098
v 0.402079 0.956323 0.378799
v 0.475089 0.929051 0.400686
v 0.464492 1.044028 0.330967
v 0.471398 0.962175 0.428024
v 0.414945 0.958223 0.257955
v 0.321295 1.000202 0.274305
v 0.255616 1.131423 0.114090
v 0.255616 1.131423 0.114090
v 0.420916 1.101873 0.039832
v 0.414945 0.958223 0.257955
v 0.420916 1.101873 0.039832
v 0.464492 1.044028 0.330967
v 0.414945 0.958223 0.257955
v 0.464492 1.044028 0.330967
v 0.420916 1.101873 0.039832
v 0.478004 1.226417 0.191604
v 0.464492 1.044028 0.330967
v 0.478004 1.226417 0.191604
v 0.332796 1.245128 0.263804
v 0.361605 1.083890 0.351659
v 0.464492 1.044028 0.330967
v 0.332796 1.245128 0.263804
v 0.321295 1.000202 0.274305
v 0.332796 1.245128 0.263804
v 0.255616 1.131423 0.114090
v 0.361605 1.083890 0.351659
v 0.332796 1.245128 0.263804
v 0.321295 1.000202 0.274305
v 0.455432 0.912573 0.345627
v 0.464492 1.044028 0.330967
v 0.475089 0.929051 0.400686
v 0.464492 1.044028 0.330967
v 0.455432 0.912573 0.345627
v 0.414945 0.958223 0.257955
v 0.414945 0.958223 0.257955
v 0.455432 0.912573 0.345627
v 0.408234 0.930449 0.357355
v 0.414945 0.958223 0.257955
v 0.408234 0.930449 0.357355
v 0.321295 1.000202 0.274305
v 0.408234 0.930449 0.357355
v 0.402079 0.956323 0.378799
v 0.321295 1.000202 0.274305
v 0.402079 0.956323 0.378799
v 0.394719 0.986105 0.394098
v 0.321295 1.000202 0.274305
v 0.471398 0.962175 0.428024
v 0.464492 1.044028 0.330967
v 0.455800 0.996907 0.444795
v 0.361605 1.083890 0.351659
v 0.429335 1.045342 0.435276
v 0.464492 1.044028 0.330967
v 0.455800 0.996907 0.444795
v 0.464492 1.044028 0.330967
v 0.429335 1.045342 0.435276
v 0.394719 0.986105 0.394098
v 0.373768 1.005512 0.408320
v 0.321295 1.000202 0.274305
v 0.319327 1.037655 0.422882
v 0.373768 1.005512 0.408320
v 0.337404 1.061889 0.382937
v 0.299322 0.998291 0.336405
v 0.319327 1.037655 0.422882
v 0.337404 1.061889 0.382937
v 0.297411 0.983147 0.374426
v 0.319327 1.037655 0.422882
v 0.299322 0.998291 0.336405
v 0.299322 0.998291 0.336405
v 0.373768 1.005512 0.408320
v 0.297411 0.983147 0.374426
v 0.337404 1.061889 0.382937
v 0.373768 1.005512 0.408320
v 0.429335 1.045342 0.435276
v 0.337404 1.061889 0.382937
v 0.429335 1.045342 0.435276
v 0.361605 1.083890 0.351659
v 0.321295 1.000202 0.274305
v 0.337404 1.061889 0.382937
v 0.361605 1.083890 0.351659
v 0.299322 0.998291 0.336405
v 0.337404 1.061889 0.382937
v 0.321295 1.000202 0.274305
v 0.321295 1.000202 0.274305
v 0.373768 1.005512 0.408320
v 0.299322 0.998291 0.336405
v 0.306856 0.949494 0.444625
v 0.341559 0.957435 0.460815
v 0.315819 0.960978 0.474793
v 0.315819 0.960978 0.474793
v 0.319327 1.037655 0.422882
v 0.306856 0.949494 0.444625
v 0.341559 0.957435 0.460815
v 0.373768 1.005512 0.408320
v 0.319327 1.037655 0.422882
v 0.341559 0.957435 0.460815
v 0.319327 1.037655 0.422882
v 0.315819 0.960978 0.474793
v 0.306856 0.949494 0.444625
v 0.297411 0.983147 0.374426
v 0.341559 0.957435 0.460815
v 0.306856 0.949494 0.444625
v 0.319327 1.037655 0.422882
v 0.297411 0.983147 0.374426
v 0.341559 0.957435 0.460815
v 0.297411 0.983147 0.374426
v 0.373768 1.005512 0.408320
v 0.394719 0.986105 0.394098
v 0.455800 0.996907 0.444795
v 0.373768 1.005512 0.408320
v 0.360446 0.977785 0.483785
v 0.373768 1.005512 0.408320
v 0.455800 0.996907 0.444795
v 0.360446 0.977785 0.483785
v 0.455800 0.996907 0.444795
v 0.427192 0.952009 0.506629
v 0.427192 0.952009 0.506629
v 0.455800 0.996907 0.444795
v 0.404567 0.996253 0.524946
v 0.404567 0.996253 0.524946
v 0.455800 0.996907 0.444795
v 0.429335 1.045342 0.435276
v 0.404567 0.996253 0.524946
v 0.429335 1.045342 0.435276
v 0.360446 0.977785 0.483785
v 0.360446 0.977785 0.483785
v 0.429335 1.045342 0.435276
v 0.373768 1.005512 0.408320
v 0.325975 0.948065 0.549405
v 0.360446 0.977785 0.483785
v 0.326139 0.927648 0.524082
v 0.325975 0.948065 0.549405
v 0.404567 0.996253 0.524946
v 0.360446 0.977785 0.483785
v 0.343017 0.909711 0.541707
v 0.404567 0.996253 0.524946
v 0.325975 0.948065 0.549405
v 0.343017 0.909711 0.541707
v 0.427192 0.952009 0.506629
v 0.404567 0.996253 0.524946
v 0.326139 0.927648 0.524082
v 0.343017 0.909711 0.541707
v 0.325975 0.948065 0.549405
v 0.326139 0.927648 0.524082
v 0.427192 0.952009 0.506629
v 0.343017 0.909711 0.541707
v 0.326139 0.927648 0.524082
v 0.360446 0.977785 0.483785
v 0.427192 0.952009 0.506629
v 0.392305 0.945687 0.517117
v 0.471398 0.962175 0.428024
v 0.455800 0.996907 0.444795
v 0.335456 0.878410 0.504592
v 0.417333 0.912359 0.492399
v 0.365164 0.906557 0.443958
v 0.417062 0.878113 0.470152
v 0.471398 0.962175 0.428024
v 0.417333 0.912359 0.492399
v 0.475089 0.929051 0.400686
v 0.408234 0.930449 0.357355
v 0.393696 0.895222 0.404013
v 0.393696 0.895222 0.404013
v 0.408234 0.930449 0.357355
v 0.455432 0.912573 0.345627
v 0.393696 0.895222 0.404013
v 0.455432 0.912573 0.345627
v 0.425191 0.864177 0.412175
v 0.425191 0.864177 0.412175
v 0.455432 0.912573 0.345627
v 0.475089 0.929051 0.400686
v 0.335456 0.878410 0.504592
v 0.365164 0.906557 0.443958
v 0.329253 0.877262 0.473111
v 0.329253 0.877262 0.473111
v 0.365164 0.906557 0.443958
v 0.417062 0.878113 0.470152
v 0.329253 0.877262 0.473111
v 0.417062 0.878113 0.470152
v 0.334490 0.858166 0.483378
v 0.329253 0.877262 0.473111
v 0.334490 0.858166 0.483378
v 0.335456 0.878410 0.504592
v 0.301880 0.910064 0.530427
v 0.352667 0.933411 0.470516
v 0.302916 0.901668 0.499896
v 0.301880 0.910064 0.530427
v 0.392305 0.945687 0.517117
v 0.352667 0.933411 0.470516
v 0.310728 0.880062 0.516099
v 0.392305 0.945687 0.517117
v 0.301880 0.910064 0.530427
v 0.310728 0.880062 0.516099
v 0.406443 0.898600 0.494270
v 0.392305 0.945687 0.517117
v 0.302916 0.901668 0.499896
v 0.310728 0.880062 0.516099
v 0.301880 0.910064 0.530427
v 0.302916 0.901668 0.499896
v 0.406443 0.898600 0.494270
v 0.310728 0.880062 0.516099
v 0.302916 0.901668 0.499896
v 0.352667 0.933411 0.470516
v 0.406443 0.898600 0.494270
v 0.444135 0.899844 0.450504
v 0.475089 0.929051 0.400686
v 0.393696 0.895222 0.404013
v 0.425191 0.864177 0.412175
v 0.475089 0.929051 0.400686
v 0.444135 0.899844 0.450504
v 0.352667 0.933411 0.470516
v 0.394719 0.986105 0.394098
v 0.471398 0.962175 0.428024
v 0.352667 0.933411 0.470516
v 0.471398 0.962175 0.428024
v 0.406443 0.898600 0.494270
v 0.406443 0.898600 0.494270
v 0.471398 0.962175 0.428024
v 0.392305 0.945687 0.517117
v 0.417062 0.878113 0.470152
v 0.475089 0.929051 0.400686
v 0.471398 0.962175 0.428024
v 0.364749 0.862092 0.425717
v 0.393696 0.895222 0.404013
v 0.425191 0.864177 0.412175
v 0.371346 0.865945 0.462713
v 0.444135 0.899844 0.450504
v 0.393696 0.895222 0.404013
v 0.371346 0.865945 0.462713
v 0.393696 0.895222 0.404013
v 0.364749 0.862092 0.425717
v 0.364749 0.862092 0.425717
v 0.367146 0.849872 0.437450
v 0.371346 0.865945 0.462713
v 0.364749 0.862092 0.425717
v 0.425191 0.864177 0.412175
v 0.367146 0.849872 0.437450
v 0.367146 0.849872 0.437450
v 0.425191 0.864177 0.412175
v 0.371346 0.865945 0.462713
v 0.371346 0.865945 0.462713
v 0.425191 0.864177 0.412175
v 0.444135 0.899844 0.450504
v 0.335456 0.878410 0.504592
v 0.417062 0.878113 0.470152
v 0.417333 0.912359 0.492399
v 0.334490 0.858166 0.483378
v 0.417062 0.878113 0.470152
v 0.335456 0.878410 0.504592
v 0.365164 0.906557 0.443958
v 0.475089 0.929051 0.400686
v 0.417062 0.878113 0.470152
v 0.365164 0.906557 0.443958
v 0.402079 0.956323 0.378799
v 0.475089 0.929051 0.400686
v 0.471398 0.962175 0.428024
v 0.402079 0.956323 0.378799
v 0.365164 0.906557 0.443958
v 0.417333 0.912359 0.492399
v 0.471398 0.962175 0.428024
v 0.365164 0.906557 0.443958
v 0.455800 0.996907 0.444795
v 0.394719 0.986105 0.394098
v 0.352667 0.933411 0.470516
v 0.392305 0.945687 0.517117
v 0.455800 0.996907 0.444795
v 0.352667 0.933411 0.470516
v 0.255616 1.131423 0.114090
v 0.332796 1.245128 0.263804
v 0.325092 1.258137 0.186732
v 0.332796 1.245128 0.263804
v 0.478004 1.226417 0.191604
v 0.418516 1.270719 0.127775
v 0.418516 1.270719 0.127775
v 0.325092 1.258137 0.186732
v 0.332796 1.245128 0.263804
v 0.478004 1.226417 0.191604
v 0.420916 1.101873 0.039832
v 0.418516 1.270719 0.127775
v 0.420916 1.101873 0.039832
v 0.391235 1.198920 0.008822
v 0.418516 1.270719 0.127775
v 0.420916 1.101873 0.039832
v 0.267440 1.200011 0.067938
v 0.391235 1.198920 0.008822
v 0.267440 1.200011 0.067938
v 0.420916 1.101873 0.039832
v 0.255616 1.131423 0.114090
v 0.325092 1.258137 0.186732
v 0.267440 1.200011 0.067938
v 0.255616 1.131423 0.114090
v -0.548960 0.748846 -0.140185
v -0.542524 0.763203 -0.132933
v -0.564421 0.736424 -0.109195
v -0.539474 0.704660 -0.104221
v -0.531502 0.720427 -0.090606
v -0.550556 0.697922 -0.077904
v -0.533209 0.680942 -0.065077
v -0.520538 0.701973 -0.051978
v -0.533080 0.681723 -0.033673
v -0.609595 0.753575 -0.113557
v -0.550556 0.697922 -0.077904
v -0.621357 0.752636 -0.074460
v -0.611549 0.740040 -0.080050
v -0.520538 0.701973 -0.051978
v -0.533209 0.680942 -0.065077
v -0.611549 0.740040 -0.080050
v -0.533209 0.680942 -0.065077
v -0.611295 0.740875 -0.030553
v -0.611295 0.740875 -0.030553
v -0.533209 0.680942 -0.065077
v -0.533080 0.681723 -0.033673
v -0.611295 0.740875 -0.030553
v -0.533080 0.681723 -0.033673
v -0.554903 0.757915 -0.048622
v -0.554903 0.757915 -0.048622
v -0.533080 0.681723 -0.033673
v -0.520538 0.701973 -0.051978
v -0.591304 0.796063 -0.152767
v -0.564421 0.736424 -0.109195
v -0.626869 0.789456 -0.110443
v -0.554903 0.757915 -0.048622
v -0.520538 0.701973 -0.051978
v -0.611549 0.740040 -0.080050
v -0.609595 0.753575 -0.113557
v -0.539474 0.704660 -0.104221
v -0.550556 0.697922 -0.077904
v -0.561219 0.806831 -0.121128
v -0.542524 0.763203 -0.132933
v -0.591304 0.796063 -0.152767
v -0.626869 0.789456 -0.110443
v -0.564421 0.736424 -0.109195
v -0.561219 0.806831 -0.121128
v -0.561219 0.806831 -0.121128
v -0.564421 0.736424 -0.109195
v -0.542524 0.763203 -0.132933
v -0.621357 0.752636 -0.074460
v -0.550556 0.697922 -0.077904
v -0.553242 0.770393 -0.086550
v -0.553242 0.770393 -0.086550
v -0.550556 0.697922 -0.077904
v -0.531502 0.720427 -0.090606
v -0.591304 0.796063 -0.152767
v -0.548960 0.748846 -0.140185
v -0.564421 0.736424 -0.109195
v -0.553242 0.770393 -0.086550
v -0.531502 0.720427 -0.090606
v -0.609595 0.753575 -0.113557
v -0.609595 0.753575 -0.113557
v -0.531502 0.720427 -0.090606
v -0.539474 0.704660 -0.104221
v -0.591304 0.796063 -0.152767
v -0.542524 0.763203 -0.132933
v -0.548960 0.748846 -0.140185
v -0.644861 0.844927 -0.072091
v -0.611549 0.740040 -0.080050
v -0.611295 0.740875 -0.030553
v -0.556750 0.870835 -0.113128
v -0.561457 0.864015 -0.079973
v -0.634964 0.852407 -0.113391
v -0.644861 0.844927 -0.072091
v -0.554903 0.757915 -0.048622
v -0.611549 0.740040 -0.080050
v -0.563171 0.863923 -0.045734
v -0.644861 0.844927 -0.072091
v -0.561457 0.864015 -0.079973
v -0.563171 0.863923 -0.045734
v -0.554903 0.757915 -0.048622
v -0.644861 0.844927 -0.072091
v -0.644861 0.844927 -0.072091
v -0.609595 0.753575 -0.113557
v -0.621357 0.752636 -0.074460
v -0.634964 0.852407 -0.113391
v -0.609595 0.753575 -0.113557
v -0.644861 0.844927 -0.072091
v -0.644861 0.844927 -0.072091
v -0.621357 0.752636 -0.074460
v -0.553242 0.770393 -0.086550
v -0.634964 0.852407 -0.113391
v -0.553242 0.770393 -0.086550
v -0.609595 0.753575 -0.113557
v -0.561457 0.864015 -0.079973
v -0.553242 0.770393 -0.086550
v -0.634964 0.852407 -0.113391
v -0.556750 0.870835 -0.113128
v -0.634964 0.852407 -0.113391
v -0.561219 0.806831 -0.121128
v -0.556750 0.870835 -0.113128
v -0.561219 0.806831 -0.121128
v -0.594738 0.884816 -0.145965
v -0.594738 0.884816 -0.145965
v -0.561219 0.806831 -0.121128
v -0.591304 0.796063 -0.152767
v -0.594738 0.884816 -0.145965
v -0.591304 0.796063 -0.152767
v -0.634964 0.852407 -0.113391
v -0.634964 0.852407 -0.113391
v -0.591304 0.796063 -0.152767
v -0.626869 0.789456 -0.110443
v -0.634964 0.852407 -0.113391
v -0.626869 0.789456 -0.110443
v -0.561219 0.806831 -0.121128
v -0.561457 0.864015 -0.079973
v -0.644861 0.844927 -0.072091
v -0.553242 0.770393 -0.086550
v -0.563171 0.863923 -0.045734
v -0.639615 0.843365 -0.030718
v -0.554903 0.757915 -0.048622
v -0.644861 0.844927 -0.072091
v -0.611295 0.740875 -0.030553
v -0.639615 0.843365 -0.030718
v -0.639615 0.843365 -0.030718
v -0.611295 0.740875 -0.030553
v -0.554903 0.757915 -0.048622
v -0.619756 0.969322 -0.045492
v -0.644861 0.844927 -0.072091
v -0.639615 0.843365 -0.030718
v -0.495631 1.160630 0.058946
v -0.536573 0.964369 0.030004
v -0.461240 0.956143 -0.065144
v -0.598539 1.202408 -0.060690
v -0.536573 0.964369 0.030004
v -0.495631 1.160630 0.058946
v -0.495631 1.160630 0.058946
v -0.461240 0.956143 -0.065144
v -0.354199 1.137696 -0.085175
v -0.619756 0.969322 -0.045492
v -0.536573 0.964369 0.030004
v -0.598539 1.202408 -0.060690
v -0.473467 1.174100 -0.219939
v -0.619756 0.969322 -0.045492
v -0.598539 1.202408 -0.060690
v -0.619756 0.969322 -0.045492
v -0.473467 1.174100 -0.219939
v -0.537043 0.954968 -0.136480
v -0.473467 1.174100 -0.219939
v -0.354199 1.137696 -0.085175
v -0.537043 0.954968 -0.136480
v -0.461240 0.956143 -0.065144
v -0.537043 0.954968 -0.136480
v -0.354199 1.137696 -0.085175
v -0.563171 0.863923 -0.045734
v -0.561457 0.864015 -0.079973
v -0.461240 0.956143 -0.065144
v -0.561457 0.864015 -0.079973
v -0.556750 0.870835 -0.113128
v -0.461240 0.956143 -0.065144
v -0.556750 0.870835 -0.113128
v -0.537043 0.954968 -0.136480
v -0.461240 0.956143 -0.065144
v -0.594738 0.884816 -0.145965
v -0.537043 0.954968 -0.136480
v -0.556750 0.870835 -0.113128
v -0.617762 0.868839 0.013935
v -0.536573 0.964369 0.030004
v -0.619756 0.969322 -0.045492
v -0.594738 0.884816 -0.145965
v -0.619756 0.969322 -0.045492
v -0.537043 0.954968 -0.136480
v -0.619756 0.969322 -0.045492
v -0.594738 0.884816 -0.145965
v -0.634964 0.852407 -0.113391
v -0.619756 0.969322 -0.045492
v -0.639615 0.843365 -0.030718
v -0.617762 0.868839 0.013935
v -0.619756 0.969322 -0.045492
v -0.634964 0.852407 -0.113391
v -0.644861 0.844927 -0.072091
v -0.551927 0.862233 -0.014738
v -0.563171 0.863923 -0.045734
v -0.461240 0.956143 -0.065144
v -0.516622 0.859662 0.041689
v -0.529647 0.772351 0.011034
v -0.504819 0.783538 -0.008480
v -0.551927 0.862233 -0.014738
v -0.519808 0.906320 0.031258
v -0.617762 0.868839 0.013935
v -0.617762 0.868839 0.013935
v -0.519808 0.906320 0.031258
v -0.536573 0.964369 0.030004
v -0.519808 0.906320 0.031258
v -0.461240 0.956143 -0.065144
v -0.536573 0.964369 0.030004
v -0.519808 0.906320 0.031258
v -0.458283 0.901718 -0.031199
v -0.461240 0.956143 -0.065144
v -0.639615 0.843365 -0.030718
v -0.563171 0.863923 -0.045734
v -0.551927 0.862233 -0.014738
v -0.551927 0.862233 -0.014738
v -0.461240 0.956143 -0.065144
v -0.458283 0.901718 -0.031199
v -0.551927 0.862233 -0.014738
v -0.516622 0.859662 0.041689
v -0.519808 0.906320 0.031258
v -0.516622 0.859662 0.041689
v -0.458283 0.901718 -0.031199
v -0.519808 0.906320 0.031258
v -0.516622 0.859662 0.041689
v -0.466224 0.856133 -0.015564
v -0.458283 0.901718 -0.031199
v -0.466224 0.856133 -0.015564
v -0.543655 0.787969 -0.009711
v -0.551927 0.862233 -0.014738
v -0.551927 0.862233 -0.014738
v -0.458283 0.901718 -0.031199
v -0.466224 0.856133 -0.015564
v -0.516622 0.859662 0.041689
v -0.504819 0.783538 -0.008480
v -0.466224 0.856133 -0.015564
v -0.466224 0.856133 -0.015564
v -0.504819 0.783538 -0.008480
v -0.543655 0.787969 -0.009711
v -0.516622 0.859662 0.041689
v -0.543655 0.787969 -0.009711
v -0.529647 0.772351 0.011034
v -0.551927 0.862233 -0.014738
v -0.543655 0.787969 -0.009711
v -0.516622 0.859662 0.041689
v -0.543655 0.787969 -0.009711
v -0.504819 0.783538 -0.008480
v -0.529647 0.772351 0.011034
v -0.551927 0.862233 -0.014738
v -0.558716 0.781297 -0.005413
v -0.639615 0.843365 -0.030718
v -0.614882 0.763394 0.016999
v -0.539274 0.705596 0.006635
v -0.558716 0.781297 -0.005413
v -0.558716 0.781297 -0.005413
v -0.529595 0.717397 -0.022091
v -0.624844 0.761635 -0.034985
v -0.639615 0.843365 -0.030718
v -0.624844 0.761635 -0.034985
v -0.614882 0.763394 0.016999
v -0.558716 0.781297 -0.005413
v -0.539274 0.705596 0.006635
v -0.529595 0.717397 -0.022091
v -0.624844 0.761635 -0.034985
v -0.529595 0.717397 -0.022091
v -0.547708 0.696334 -0.034155
v -0.617762 0.868839 0.013935
v -0.558716 0.781297 -0.005413
v -0.551927 0.862233 -0.014738
v -0.614882 0.763394 0.016999
v -0.547708 0.696334 -0.034155
v -0.539274 0.705596 0.006635
v -0.617762 0.868839 0.013935
v -0.614882 0.763394 0.016999
v -0.558716 0.781297 -0.005413
v -0.639615 0.843365 -0.030718
v -0.614882 0.763394 0.016999
v -0.617762 0.868839 0.013935
v -0.547708 0.696334 -0.034155
v -0.529595 0.717397 -0.022091
v -0.539274 0.705596 0.006635
v -0.624844 0.761635 -0.034985
v -0.547708 0.696334 -0.034155
v -0.614882 0.763394 0.016999
v -0.639615 0.843365 -0.030718
v -0.558716 0.781297 -0.005413
v -0.624844 0.761635 -0.034985
v -0.495631 1.160630 0.058946
v -0.354199 1.137696 -0.085175
v -0.454452 1.228742 0.017535
v -0.598539 1.202408 -0.060690
v -0.495631 1.160630 0.058946
v -0.522040 1.273287 -0.061166
v -0.355607 1.218565 -0.088942
v -0.454452 1.228742 0.017535
v -0.354199 1.137696 -0.085175
v -0.473467 1.174100 -0.219939
v -0.598539 1.202408 -0.060690
v -0.522040 1.273287 -0.061166
v -0.473467 1.174100 -0.219939
v -0.355607 1.218565 -0.088942
v -0.354199 1.137696 -0.085175
v -0.454452 1.228742 0.017535
v -0.522040 1.273287 -0.061166
v -0.495631 1.160630 0.058946
v -0.355607 1.218565 -0.088942
v -0.473467 1.174100 -0.219939
v -0.447346 1.259166 -0.181625
v -0.447346 1.259166 -0.181625
v -0.473467 1.174100 -0.219939
v -0.522040 1.273287 -0.061166
v 0.226351 0.441074 -0.411289
v 0.335062 0.389566 -0.390816
v 0.371450 0.306743 -0.357910
v 0.226351 0.441074 -0.411289
v 0.371450 0.306743 -0.357910
v 0.145441 0.307994 -0.358432
v 0.117652 0.360903 -0.379453
v 0.226351 0.441074 -0.411289
v 0.145441 0.307994 -0.358432
v 0.390595 -0.048737 -0.224933
v 0.139154 -0.109934 -0.205323
v 0.442308 0.060399 -0.260555
v 0.442308 0.060399 -0.260555
v 0.139154 -0.109934 -0.205323
v 0.061371 0.018600 -0.245277
v 0.442308 0.060399 -0.260555
v 0.061371 0.018600 -0.245277
v 0.371450 0.306743 -0.357910
v 0.371450 0.306743 -0.357910
v 0.061371 0.018600 -0.245277
v 0.145441 0.307994 -0.358432
v 0.390595 -0.048737 -0.224933
v 0.442308 0.060399 -0.260555
v 0.396508 0.111496 -0.128921
v 0.170199 -0.060690 -0.114566
v 0.390595 -0.048737 -0.224933
v 0.396508 0.111496 -0.128921
v 0.061371 0.018600 -0.245277
v 0.139154 -0.109934 -0.205323
v 0.170199 -0.060690 -0.114566
v 0.139154 -0.109934 -0.205323
v 0.390595 -0.048737 -0.224933
v 0.170199 -0.060690 -0.114566
v 0.102268 0.107583 -0.116829
v 0.061371 0.018600 -0.245277
v 0.170199 -0.060690 -0.114566
v 0.396508 0.111496 -0.128921
v 0.102268 0.107583 -0.116829
v 0.170199 -0.060690 -0.114566
v 0.145441 0.307994 -0.358432
v 0.061371 0.018600 -0.245277
v 0.078772 0.343761 -0.212249
v 0.078772 0.343761 -0.212249
v 0.117652 0.360903 -0.379453
v 0.145441 0.307994 -0.358432
v 0.078772 0.343761 -0.212249
v 0.222826 0.467921 -0.262492
v 0.117652 0.360903 -0.379453
v 0.117652 0.360903 -0.379453
v 0.222826 0.467921 -0.262492
v 0.226351 0.441074 -0.411289
v 0.226351 0.441074 -0.411289
v 0.222826 0.467921 -0.262492
v 0.335062 0.389566 -0.390816
v 0.335062 0.389566 -0.390816
v 0.376261 0.363752 -0.218922
v 0.371450 0.306743 -0.357910
v 0.442308 0.060399 -0.260555
v 0.371450 0.306743 -0.357910
v 0.376261 0.363752 -0.218922
v 0.442308 0.060399 -0.260555
v 0.376261 0.363752 -0.218922
v 0.396508 0.111496 -0.128921
v 0.335062 0.389566 -0.390816
v 0.222826 0.467921 -0.262492
v 0.376261 0.363752 -0.218922
v 0.078772 0.343761 -0.212249
v 0.061371 0.018600 -0.245277
v 0.102268 0.107583 -0.116829
v 0.078772 0.343761 -0.212249
v 0.102268 0.107583 -0.116829
v 0.255588 0.223822 -0.105095
v 0.255588 0.223822 -0.105095
v 0.102268 0.107583 -0.116829
v 0.396508 0.111496 -0.128921
v 0.255588 0.223822 -0.105095
v 0.396508 0.111496 -0.128921
v 0.376261 0.363752 -0.218922
v -0.010584 0.003276 0.030369
v -0.091502 -0.000718 -0.112767
v 0.017203 0.001681 -0.026545
v -0.236593 0.003341 0.031746
v -0.200210 0.000845 -0.057348
v -0.091502 -0.000718 -0.112767
v -0.010584 0.003276 0.030369
v -0.236593 0.003341 0.031746
v -0.091502 -0.000718 -0.112767
v -0.052119 0.118619 0.460576
v 0.070744 0.012501 0.350233
v 0.031658 0.162221 0.303437
v -0.052119 0.118619 0.460576
v -0.022851 0.017951 0.485789
v 0.070744 0.012501 0.350233
v -0.262111 0.151675 0.282193
v -0.307980 0.010579 0.287910
v -0.267143 0.014797 0.398251
v -0.307980 0.010579 0.287910
v -0.022851 0.017951 0.485789
v -0.267143 0.014797 0.398251
v -0.010584 0.003276 0.030369
v 0.070744 0.012501 0.350233
v -0.236593 0.003341 0.031746
v -0.236593 0.003341 0.031746
v 0.070744 0.012501 0.350233
v -0.307980 0.010579 0.287910
v -0.052119 0.118619 0.460576
v -0.267143 0.014797 0.398251
v -0.022851 0.017951 0.485789
v -0.262111 0.151675 0.282193
v -0.267143 0.014797 0.398251
v -0.052119 0.118619 0.460576
v -0.052119 0.118619 0.460576
v 0.031658 0.162221 0.303437
v -0.262111 0.151675 0.282193
v 0.070744 0.012501 0.350233
v -0.022851 0.017951 0.485789
v -0.307980 0.010579 0.287910
v 0.046802 0.175578 0.043319
v 0.070744 0.012501 0.350233
v -0.010584 0.003276 0.030369
v 0.017203 0.001681 -0.026545
v -0.114462 0.188712 -0.071564
v 0.046802 0.175578 0.043319
v -0.262111 0.151675 0.282193
v -0.249698 0.144067 0.053939
v -0.307980 0.010579 0.287910
v -0.249698 0.144067 0.053939
v -0.236593 0.003341 0.031746
v -0.307980 0.010579 0.287910
v -0.091502 -0.000718 -0.112767
v -0.114462 0.188712 -0.071564
v 0.017203 0.001681 -0.026545
v -0.200210 0.000845 -0.057348
v -0.114462 0.188712 -0.071564
v -0.091502 -0.000718 -0.112767
v -0.236593 0.003341 0.031746
v -0.249698 0.144067 0.053939
v -0.200210 0.000845 -0.057348
v 0.031658 0.162221 0.303437
v 0.070744 0.012501 0.350233
v 0.046802 0.175578 0.043319
v -0.111758 0.169747 0.221668
v 0.031658 0.162221 0.303437
v 0.046802 0.175578 0.043319
v -0.262111 0.151675 0.282193
v 0.031658 0.162221 0.303437
v -0.111758 0.169747 0.221668
v -0.249698 0.144067 0.053939
v -0.262111 0.151675 0.282193
v -0.111758 0.169747 0.221668
v -0.249698 0.144067 0.053939
v -0.114462 0.188712 -0.071564
v -0.200210 0.000845 -0.057348
v -0.010584 0.003276 0.030369
v 0.017203 0.001681 -0.026545
v 0.046802 0.175578 0.043319
v -0.137716 1.830227 0.157523
v -0.109974 1.847118 0.089187
v -0.139825 1.800384 0.143638
v -0.127089 1.862390 0.262259
v -0.138727 1.873763 0.174981
v -0.142822 1.822363 0.183157
v -0.127089 1.862390 0.262259
v -0.105340 1.922749 0.180597
v -0.138727 1.873763 0.174981
v -0.111003 1.885397 0.099619
v -0.138727 1.873763 0.174981
v -0.105340 1.922749 0.180597
v -0.060258 1.924901 0.121696
v -0.111003 1.885397 0.099619
v -0.105340 1.922749 0.180597
v -0.058405 1.891728 0.081929
v -0.111003 1.885397 0.099619
v -0.060258 1.924901 0.121696
v -0.060258 1.924901 0.121696
v -0.105340 1.922749 0.180597
v -0.062329 1.933315 0.182938
v -0.138727 1.873763 0.174981
v -0.111003 1.885397 0.099619
v -0.109974 1.847118 0.089187
v -0.057070 1.850232 0.063591
v -0.109974 1.847118 0.089187
v -0.111003 1.885397 0.099619
v -0.057070 1.850232 0.063591
v -0.111003 1.885397 0.099619
v -0.058405 1.891728 0.081929
v -0.006839 1.887308 0.102879
v -0.057070 1.850232 0.063591
v -0.058405 1.891728 0.081929
v -0.006839 1.887308 0.102879
v -0.058405 1.891728 0.081929
v -0.060258 1.924901 0.121696
v -0.006839 1.887308 0.102879
v -0.060258 1.924901 0.121696
v -0.018916 1.924333 0.183302
v -0.018916 1.924333 0.183302
v -0.060258 1.924901 0.121696
v -0.062329 1.933315 0.182938
v -0.062329 1.933315 0.182938
v -0.064187 1.914960 0.253034
v -0.018916 1.924333 0.183302
v -0.064187 1.914960 0.253034
v -0.062329 1.933315 0.182938
v -0.105340 1.922749 0.180597
v -0.127089 1.862390 0.262259
v -0.064187 1.914960 0.253034
v -0.105340 1.922749 0.180597
v -0.064602 1.867355 0.294193
v -0.064187 1.914960 0.253034
v -0.127089 1.862390 0.262259
v -0.064187 1.914960 0.253034
v -0.064602 1.867355 0.294193
v -0.000117 1.864718 0.266233
v -0.064187 1.914960 0.253034
v -0.000117 1.864718 0.266233
v -0.018916 1.924333 0.183302
v 0.016742 1.876614 0.179847
v -0.000117 1.864718 0.266233
v 0.021985 1.825385 0.188315
v -0.018916 1.924333 0.183302
v -0.000117 1.864718 0.266233
v 0.016742 1.876614 0.179847
v 0.016742 1.876614 0.179847
v -0.006839 1.887308 0.102879
v -0.018916 1.924333 0.183302
v 0.018348 1.833089 0.162408
v 0.016742 1.876614 0.179847
v 0.021985 1.825385 0.188315
v 0.016742 1.876614 0.179847
v 0.018348 1.833089 0.162408
v -0.005810 1.849029 0.092447
v -0.006839 1.887308 0.102879
v 0.016742 1.876614 0.179847
v -0.005810 1.849029 0.092447
v -0.005810 1.849029 0.092447
v -0.057070 1.850232 0.063591
v -0.006839 1.887308 0.102879
v 0.018348 1.833089 0.162408
v 0.022271 1.803356 0.148711
v -0.005810 1.849029 0.092447
v -0.138727 1.873763 0.174981
v -0.109974 1.847118 0.089187
v -0.137716 1.830227 0.157523
v -0.138727 1.873763 0.174981
v -0.137716 1.830227 0.157523
v -0.142822 1.822363 0.183157
v -0.005810 1.849029 0.092447
v 0.022271 1.803356 0.148711
v -0.001390 1.786829 0.096514
v -0.054185 1.795430 0.055129
v -0.109974 1.847118 0.089187
v -0.057070 1.850232 0.063591
v -0.005810 1.849029 0.092447
v -0.054185 1.795430 0.055129
v -0.057070 1.850232 0.063591
v -0.005810 1.849029 0.092447
v -0.001390 1.786829 0.096514
v -0.054185 1.795430 0.055129
v -0.110810 1.786132 0.091229
v -0.109974 1.847118 0.089187
v -0.054185 1.795430 0.055129
v -0.139825 1.800384 0.143638
v -0.109974 1.847118 0.089187
v -0.110810 1.786132 0.091229
vt 0.146752 0.125228
vt 0.183761 0.126365
vt 0.156536 0.105662
vt 0.062614 0.162405
vt 0.126213 0.152778
vt 0.128912 0.123175
vt 0.120013 0.169003
vt 0.168718 0.152273
vt 0.154501 0.180058
vt 0.189684 0.164776
vt 0.109575 0.184268
vt 0.215647 0.139394
vt 0.050703 0.184321
vt 0.009190 0.166081
vt 0.197780 0.062101
vt 0.215789 0.070001
vt 0.121315 0.082181
vt 0.138925 0.084138
vt 0.052831 0.072398
vt 0.031608 0.066472
vt 0.039134 0.095878
vt 0.060658 0.099791
vt 0.039044 0.115021
vt 0.012452 0.115111
vt 0.023480 0.088051
vt 0.017610 0.091965
vt 0.001957 0.076311
vt 0.001957 0.091965
vt 0.001957 0.109575
vt 0.001957 0.121315
vt 0.045705 0.126507
vt 0.221707 0.026313
vt 0.232117 0.026702
vt 0.000330 0.132215
vt 0.045709 0.126409
vt 0.054162 0.144407
vt 0.001957 0.131098
vt 0.218311 0.015551
vt 0.188045 0.016023
vt 0.188207 0.029625
vt 0.045774 0.126352
vt 0.001957 0.066527
vt 0.203179 0.008034
vt 0.188045 0.000517
vt 0.064571 0.048917
vt 0.054160 0.144456
vt 0.027552 0.028825
vt 0.001957 0.043047
vt 0.006028 0.022955
vt 0.016074 0.066376
vt 0.001957 0.062614
vt 0.031660 0.066469
vt 0.203496 0.066527
vt 0.107618 0.021523
vt 0.035220 0.007827
vt 0.497000 0.487217
vt 0.497000 0.497000
vt 0.467649 0.497000
vt 0.444169 0.485260
vt 0.305244 0.487804
vt 0.277850 0.493086
vt 0.297657 0.465335
vt 0.293504 0.497000
vt 0.497000 0.436342
vt 0.252413 0.455909
vt 0.252413 0.497000
vt 0.369840 0.438605
vt 0.369815 0.479389
vt 0.385468 0.485260
vt 0.385468 0.424602
vt 0.009784 0.463736
vt 0.001957 0.463736
vt 0.001957 0.442213
vt 0.043308 0.451521
vt 0.330681 0.408949
vt 0.369815 0.414819
vt 0.252413 0.414819
vt 0.066527 0.482254
vt 0.123105 0.462733
vt 0.101398 0.491130
vt 0.066527 0.497000
vt 0.011167 0.479893
vt 0.017610 0.497000
vt 0.054787 0.393295
vt 0.129608 0.440727
vt 0.187843 0.422646
vt 0.180950 0.445516
vt 0.176102 0.481346
vt 0.137318 0.489173
vt 0.172189 0.497000
vt 0.248500 0.442213
vt 0.240673 0.471563
vt 0.226976 0.497000
vt 0.248500 0.471563
vt 0.377642 0.369815
vt 0.353082 0.370990
vt 0.376977 0.412172
vt 0.252413 0.385468
vt 0.318941 0.375685
vt 0.497000 0.365901
vt 0.313071 0.350248
vt 0.252413 0.352204
vt 0.375655 0.313090
vt 0.438299 0.313071
vt 0.315028 0.313071
vt 0.252413 0.303287
vt 0.497000 0.313071
vt 0.438299 0.281012
vt 0.497000 0.281012
vt 0.313071 0.281012
vt 0.375685 0.281012
vt 0.438299 0.249847
vt 0.469606 0.231296
vt 0.497000 0.244586
vt 0.316984 0.238716
vt 0.375685 0.236760
vt 0.313071 0.187843
vt 0.375685 0.187843
vt 0.497000 0.187843
vt 0.438299 0.187843
vt 0.497000 0.234803
vt 0.252413 0.234803
vt 0.252413 0.187843
vt 0.497000 0.236760
vt 0.493086 0.232846
vt 0.252413 0.252413
vt 0.252413 0.281012
vt 0.254370 0.232846
vt 0.313071 0.170232
vt 0.375685 0.156535
vt 0.313071 0.156535
vt 0.252413 0.156535
vt 0.438299 0.156535
vt 0.497000 0.156535
vt 0.001957 0.052831
vt 0.125228 0.375685
vt 0.062614 0.375685
vt 0.248500 0.375685
vt 0.001957 0.375685
vt 0.187843 0.391339
vt 0.187843 0.375685
vt 0.150665 0.013697
vt 0.135012 0.001957
vt 0.150665 0.001957
vt 0.135012 0.013697
vt 0.252413 0.115246
vt 0.252413 0.086094
vt 0.313071 0.115128
vt 0.497000 0.115246
vt 0.480800 0.114229
vt 0.497000 0.086094
vt 0.497000 0.125228
vt 0.474466 0.125228
vt 0.313071 0.125228
vt 0.438299 0.091965
vt 0.438299 0.114336
vt 0.438299 0.125228
vt 0.252413 0.125228
vt 0.375685 0.125228
vt 0.375685 0.116176
vt 0.438299 0.140882
vt 0.313071 0.064571
vt 0.252413 0.064571
vt 0.497000 0.064571
vt 0.438299 0.064571
vt 0.375685 0.064571
vt 0.031418 0.079696
vt 0.001957 0.078268
vt 0.032094 0.071290
vt 0.032404 0.066142
vt 0.049374 0.055711
vt 0.001957 0.072398
vt 0.031498 0.079682
vt 0.047649 0.071939
vt 0.045004 0.048917
vt 0.041534 0.047465
vt 0.054177 0.043276
vt 0.029094 0.023795
vt 0.004299 0.028041
vt 0.021882 0.014739
vt 0.031813 0.017047
vt 0.029837 0.031315
vt 0.001957 0.039134
vt 0.029296 0.041978
vt 0.001957 0.050874
vt 0.152622 0.105662
vt 0.144795 0.121315
vt 0.236760 0.225019
vt 0.219150 0.225019
vt 0.228485 0.210909
vt 0.234803 0.217193
vt 0.244586 0.225019
vt 0.176102 0.225019
vt 0.125228 0.250457
vt 0.148708 0.225019
vt 0.197626 0.250457
vt 0.248500 0.250457
vt 0.248500 0.344378
vt 0.187843 0.344378
vt 0.125228 0.344378
vt 0.062614 0.344378
vt 0.062614 0.250457
vt 0.001957 0.250457
vt 0.001957 0.344378
vt 0.199583 0.225019
vt 0.125228 0.225019
vt 0.105662 0.225019
vt 0.001957 0.225019
vt 0.025437 0.225019
vt 0.068484 0.225019
vt 0.082181 0.225019
vt 0.066527 0.236760
vt 0.041987 0.234343
vt 0.043047 0.225019
vt 0.062492 0.197239
vt 0.082020 0.197239
vt 0.075185 0.198215
vt 0.045893 0.199192
vt 0.238716 0.213279
vt 0.248500 0.225019
vt 0.248500 0.205453
vt 0.240673 0.205453
vt 0.123030 0.205051
vt 0.103502 0.205051
vt 0.096667 0.205051
vt 0.103705 0.189799
vt 0.097834 0.193712
vt 0.123272 0.189799
vt 0.248500 0.193712
vt 0.240673 0.189799
vt 0.248500 0.189799
vt 0.130842 0.205051
vt 0.244586 0.189799
vt 0.245084 0.203098
vt 0.237273 0.203098
vt 0.175757 0.205051
vt 0.160135 0.205051
vt 0.217744 0.202121
vt 0.199583 0.205453
vt 0.236760 0.195669
vt 0.228485 0.203098
vt 0.228933 0.189799
vt 0.011740 0.189799
vt 0.001957 0.203496
vt 0.001957 0.189799
vt 0.010741 0.204074
vt 0.150665 0.189799
vt 0.131098 0.189799
vt 0.149394 0.205051
vt 0.238716 0.193712
vt 0.228485 0.204074
vt 0.239226 0.204074
vt 0.228485 0.202121
vt 0.183569 0.205051
vt 0.217744 0.194310
vt 0.199583 0.189799
vt 0.183929 0.189799
vt 0.160449 0.189799
vt 0.176102 0.189799
vt 0.245084 0.210909
vt 0.010741 0.209933
vt 0.437754 0.044744
vt 0.408404 0.044744
vt 0.385468 0.031307
vt 0.479389 0.031307
vt 0.467105 0.044744
vt 0.389382 0.001957
vt 0.483303 0.001957
vt 0.381555 0.013697
vt 0.497000 0.011740
vt 0.356118 0.001957
vt 0.368627 0.008420
vt 0.346335 0.033264
vt 0.281764 0.013697
vt 0.252413 0.011740
vt 0.266110 0.001957
vt 0.273937 0.033264
vt 0.313434 0.064444
vn -0.420300 0.407800 0.810600
vn -0.603900 0.086300 0.792400
vn -0.547400 0.034200 0.836100
vn 0.589900 0.351100 0.727100
vn -0.118900 0.263500 0.957300
vn 0.143800 0.184600 0.972200
vn 0.589900 0.351200 0.727100
vn -0.015000 0.834900 0.550200
vn -0.118900 0.263600 0.957300
vn -0.616400 0.485500 0.619900
vn -0.118800 0.263600 0.957300
vn -0.015000 0.834900 0.550300
vn -0.451200 0.892400 -0.000000
vn -0.616500 0.485400 0.619900
vn -0.835600 0.549400 0.000000
vn -0.451100 0.892500 0.000000
vn -0.014900 0.834900 0.550200
vn -0.007300 1.000000 -0.000000
vn -0.118800 0.263500 0.957300
vn -0.976700 0.214700 0.000100
vn -0.603900 0.086400 0.792400
vn -0.976700 0.214600 0.000000
vn -0.616500 0.485400 0.620000
vn -0.835600 0.549300 -0.000000
vn -0.616900 0.485700 -0.619300
vn -0.976700 0.214700 0.000000
vn -0.616900 0.485800 -0.619200
vn -0.617000 0.485800 -0.619200
vn -0.014900 0.835400 -0.549400
vn 0.451600 0.892200 0.000000
vn 0.907000 0.421200 0.000000
vn 0.590500 0.350800 -0.726800
vn 0.590400 0.351000 -0.726800
vn -0.015000 0.835400 -0.549400
vn -0.116800 0.264900 -0.957200
vn 0.590400 0.350900 -0.726800
vn 0.146200 0.183800 -0.972000
vn 0.590500 0.350900 -0.726800
vn -0.116800 0.265000 -0.957200
vn -0.116900 0.264900 -0.957200
vn -0.014900 0.835500 -0.549400
vn -0.419900 0.407300 -0.811000
vn 0.146100 0.183800 -0.972000
vn -0.116900 0.264900 -0.957100
vn -0.604900 0.086400 -0.791600
vn -0.116900 0.264800 -0.957200
vn -0.604900 0.086500 -0.791600
vn -0.976700 0.214700 -0.000100
vn -0.419900 0.407300 -0.811100
vn -0.548200 0.032600 -0.835700
vn -0.420300 0.407700 0.810600
vn 0.143800 0.184500 0.972300
vn -0.604800 0.086400 -0.791700
vn -0.548200 0.032700 -0.835700
vn -0.563200 0.193200 -0.803400
vn -0.982800 0.184700 -0.000600
vn -0.982800 0.184700 -0.000500
vn -0.563200 0.193100 -0.803400
vn -0.563500 0.193600 0.803100
vn -0.547500 0.034200 0.836100
vn -0.563500 0.193700 0.803100
vn 0.146100 0.183900 -0.972000
vn -0.419900 0.407400 -0.811000
vn 0.143800 0.184500 0.972200
vn -0.547500 0.034100 0.836100
vn 0.028900 -0.046200 0.998500
vn 0.143700 0.184500 0.972300
vn -0.372400 -0.191100 0.908200
vn 0.028900 -0.046100 0.998500
vn -0.372000 -0.191600 -0.908200
vn -0.548300 0.032600 -0.835700
vn 0.029000 -0.046500 -0.998500
vn 0.029000 -0.046600 -0.998500
vn 0.746000 -0.393700 0.537100
vn 0.827500 -0.454700 0.329400
vn 0.894900 -0.217900 0.389400
vn 0.466000 0.104000 -0.878700
vn 0.029000 -0.046700 -0.998500
vn 0.773100 0.088500 -0.628100
vn 0.894900 -0.218000 -0.389500
vn 0.466000 0.103900 -0.878700
vn 0.773100 0.088600 -0.628100
vn 0.827400 0.129100 -0.546600
vn 0.894900 -0.217900 -0.389500
vn 0.850800 -0.293800 -0.435600
vn 0.894800 -0.218000 -0.389500
vn 0.827400 0.129000 -0.546600
vn 0.635600 -0.166200 -0.753900
vn 0.850800 -0.293900 -0.435600
vn 0.524700 -0.851300 -0.000000
vn 0.897500 -0.440900 -0.000000
vn 0.635600 -0.166000 0.754000
vn 0.897500 -0.441000 -0.000000
vn 0.635600 -0.166000 0.753900
vn 0.897500 -0.441000 -0.000100
vn 0.787700 0.616100 -0.000100
vn 0.635500 -0.166200 -0.754000
vn 0.787700 0.616100 -0.000000
vn 0.929400 -0.369000 0.000000
vn 0.787400 -0.292700 -0.542600
vn 0.844900 -0.519900 -0.125500
vn 0.962000 -0.005600 0.273100
vn 0.758700 -0.002100 -0.651400
vn 0.962000 -0.005600 0.273200
vn 0.845000 -0.519900 -0.125500
vn 0.760400 0.002000 0.649400
vn 0.827800 -0.454300 -0.329300
vn 0.746000 -0.393700 -0.537200
vn 0.760500 0.002000 0.649400
vn 0.962100 0.005500 0.272800
vn 0.758700 -0.002000 -0.651400
vn 0.962000 0.005600 0.272800
vn 0.997200 0.075100 -0.000000
vn 0.787400 -0.292600 -0.542600
vn 0.675400 0.099600 -0.730700
vn 0.787400 -0.292600 0.542600
vn 0.997200 0.075000 -0.000000
vn 0.675300 0.099700 0.730800
vn 0.635700 -0.166100 0.753900
vn 0.787700 0.616000 -0.000000
vn 0.827400 0.129100 0.546500
vn 0.049100 -0.998800 -0.000000
vn 0.845000 -0.519900 -0.125400
vn 0.827700 -0.454300 -0.329300
vn 0.049200 -0.998800 0.000000
vn 0.827400 0.129200 0.546500
vn 0.787400 -0.292700 0.542600
vn 0.929400 -0.369100 -0.000000
vn 0.850900 -0.293800 -0.435600
vn 0.827800 -0.454300 -0.329200
vn 0.827700 -0.454400 -0.329300
vn 0.844900 -0.520000 -0.125500
vn 0.850900 -0.293800 0.435500
vn -0.022800 0.999700 -0.000200
vn 0.426800 0.835200 -0.346900
vn 0.454600 0.890700 -0.000600
vn 0.454600 0.890700 -0.000500
vn 0.426900 0.835100 0.346900
vn 0.635700 -0.166000 0.753900
vn 0.635700 -0.165900 0.753900
vn 0.827400 0.129200 0.546600
vn 0.850900 -0.293900 0.435500
vn 0.894900 -0.217900 0.389500
vn 0.894900 -0.218000 0.389400
vn 0.827500 -0.454800 0.329400
vn 0.845000 -0.519800 -0.125500
vn 0.746000 -0.393600 -0.537200
vn 0.461600 -0.328200 -0.824100
vn 0.461500 -0.328300 -0.824100
vn 0.466000 0.104000 -0.878600
vn 0.466000 0.103900 -0.878600
vn 0.773100 0.088700 0.628000
vn 0.773200 0.088800 0.628000
vn 0.466000 0.104100 0.878600
vn 0.746000 -0.393600 0.537100
vn 0.894900 -0.218000 0.389500
vn 0.462200 -0.328200 0.823800
vn 0.746000 -0.393700 0.537200
vn 0.462100 -0.328200 0.823800
vn 0.462200 -0.328100 0.823800
vn 0.465900 0.104100 0.878700
vn 0.028800 -0.046200 0.998500
vn 0.466000 0.104200 0.878600
vn 0.773100 0.088800 0.628000
vn 0.590000 0.351100 0.727100
vn 0.675400 0.099600 0.730700
vn 0.675300 0.099700 0.730700
vn 0.773100 0.088600 -0.628000
vn 0.675300 0.099700 -0.730800
vn 0.146100 0.184000 -0.972000
vn 0.675300 0.099700 -0.730700
vn 0.907000 0.421100 -0.000000
vn 0.997200 0.075100 -0.000100
vn 0.553700 -0.600600 -0.576800
vn 0.461600 -0.328300 -0.824100
vn 0.976100 -0.217500 0.000300
vn 0.553700 -0.600500 -0.576900
vn 0.553700 -0.600600 -0.576900
vn 0.564000 -0.825800 0.000300
vn 0.976100 -0.217400 0.000300
vn 0.553700 -0.601300 0.576000
vn 0.976100 -0.217500 0.000400
vn 0.827500 -0.454700 0.329500
vn 0.553700 -0.600600 0.576800
vn 0.553700 -0.600500 0.576800
vn 0.426900 0.835100 -0.346900
vn 0.963400 0.268200 0.000100
vn 0.827700 -0.454400 -0.329200
vn 0.963400 0.268100 0.000100
vn 0.963400 0.268200 0.000000
vn 0.454500 0.890700 -0.000600
vn -0.563200 0.193000 -0.803400
vn -0.372100 -0.191500 -0.908200
vn 0.179400 -0.266900 -0.946900
vn -0.563200 0.193000 -0.803500
vn 0.179400 -0.266800 -0.946900
vn -0.372100 -0.191600 -0.908200
vn 0.461500 -0.328200 -0.824200
vn 0.462100 -0.328300 0.823800
vn 0.180500 -0.265500 0.947100
vn 0.180500 -0.265600 0.947100
vn 0.180400 -0.265600 0.947100
vn -0.372300 -0.191000 0.908200
vn -0.547400 0.034100 0.836100
vn 0.553600 -0.600600 -0.576900
vn 0.772300 -0.635300 0.000100
vn 0.180400 -0.265500 0.947100
vn 0.553700 -0.600600 0.576700
vn -0.883400 0.468600 -0.000100
vn -0.563400 0.193600 0.803100
vn -0.317100 0.721800 -0.615200
vn -0.883400 0.468700 -0.000000
vn -0.317200 0.721700 -0.615300
vn 0.593300 0.558200 -0.580100
vn -0.563200 0.193100 -0.803500
vn -0.914300 0.404900 -0.000000
vn -0.883400 0.468600 0.000000
vn -0.317200 0.721800 -0.615200
vn 0.593300 0.558100 -0.580100
vn 0.911600 0.411000 -0.000300
vn 0.772300 -0.635300 0.000200
vn 0.911600 0.411100 -0.000200
vn 0.769100 0.493500 -0.406100
vn 0.593300 0.558200 -0.580000
vn 0.593300 0.558100 -0.580000
vn -0.043900 0.943300 -0.329000
vn -0.317200 0.721700 -0.615200
vn -0.043800 0.943300 -0.329100
vn -0.928700 0.279800 -0.243300
vn -0.317100 0.721700 -0.615200
vn 0.769100 0.493600 -0.406100
vn -0.043800 0.943300 -0.329000
vn -0.928700 0.279700 -0.243400
vn -0.914300 0.404900 -0.000100
vn 0.721100 -0.140900 -0.678400
vn 0.183100 0.520900 0.833800
vn 0.007600 -0.203300 0.979100
vn 0.007700 -0.203400 0.979100
vn 0.955800 -0.146300 -0.255000
vn 0.769000 0.493600 -0.406100
vn 0.779300 -0.094900 -0.619500
vn 0.907900 0.419200 -0.000100
vn 0.803400 0.317700 -0.503700
vn 0.721000 -0.140900 -0.678400
vn 0.074700 0.198800 -0.977200
vn 0.803400 0.317700 -0.503600
vn 0.115200 0.650300 -0.750900
vn 0.115200 0.650200 -0.751000
vn 0.303800 0.887700 -0.346000
vn 0.803300 0.317800 -0.503700
vn 0.303900 0.887700 -0.346000
vn 0.769100 0.493500 -0.406200
vn 0.911600 0.411100 -0.000300
vn 0.803300 0.317700 -0.503700
vn 0.769000 0.493600 -0.406200
vn 0.921100 -0.383100 -0.070100
vn 0.007600 -0.203400 0.979100
vn 0.126700 0.203500 -0.970800
vn 0.921100 -0.383100 -0.070000
vn -0.991300 0.083100 -0.101800
vn -0.956200 0.079700 -0.281700
vn 0.074700 0.198700 -0.977200
vn -0.670700 0.638800 -0.376800
vn -0.670700 0.638900 -0.376800
vn -0.670800 0.638800 -0.376800
vn -0.991300 0.083100 -0.101700
vn -0.670800 0.638900 -0.376800
vn -0.956200 0.079600 -0.281700
vn -0.670800 0.638900 -0.376700
vn 0.183100 0.520800 0.833800
vn -0.928700 0.279700 -0.243300
vn 0.593300 0.559100 0.579100
vn -0.316700 0.722500 0.614600
vn -0.563500 0.193500 0.803100
vn -0.316800 0.722500 0.614600
vn -0.316800 0.722400 0.614600
vn 0.593300 0.559200 0.579100
vn -0.914300 0.405000 -0.000100
vn 0.769100 0.494000 0.405500
vn 0.593300 0.559200 0.579000
vn -0.044000 0.943600 0.328200
vn -0.929900 0.366700 0.028100
vn 0.312100 -0.191000 0.930600
vn 0.778800 -0.083100 0.621800
vn 0.769200 0.494000 0.405400
vn 0.769200 0.493900 0.405500
vn -0.957300 0.077000 0.278700
vn 0.032600 -0.175200 -0.984000
vn -0.990900 0.098100 0.092400
vn 0.095300 0.161300 0.982300
vn 0.095300 0.161400 0.982300
vn 0.074700 0.198700 0.977200
vn 0.955800 -0.146400 0.255200
vn 0.803600 0.317800 0.503200
vn 0.955700 -0.146500 0.255100
vn 0.803600 0.317700 0.503200
vn 0.947000 0.086900 -0.309200
vn 0.947000 0.086800 -0.309200
vn 0.183300 0.522900 -0.832400
vn 0.947000 0.086900 -0.309300
vn 0.032700 -0.175300 -0.984000
vn 0.947000 0.086800 -0.309300
vn 0.955700 -0.146500 0.255200
vn 0.920900 -0.383500 0.070100
vn 0.032600 -0.175300 -0.984000
vn 0.955800 -0.146400 0.255100
vn -0.043900 0.943600 0.328200
vn 0.303900 0.887900 0.345300
vn 0.769100 0.494000 0.405400
vn 0.303900 0.887900 0.345200
vn 0.115200 0.650200 0.751000
vn 0.115200 0.650200 0.750900
vn -0.670900 0.638800 0.376600
vn 0.074700 0.198800 0.977200
vn 0.074800 0.198700 0.977200
vn -0.957300 0.076900 0.278700
vn -0.929900 0.366800 0.028100
vn -0.957300 0.077000 0.278800
vn 0.183400 0.522900 -0.832400
vn 0.032500 -0.175300 -0.984000
vn 0.303800 0.887900 0.345300
vn -0.670800 0.638800 0.376700
vn -0.929900 0.366800 0.028200
vn -0.670900 0.638800 0.376700
vn -0.565700 -0.144500 -0.811800
vn 0.299900 0.015700 -0.953800
vn -0.565700 -0.144400 -0.811900
vn -0.152000 -0.225000 -0.962400
vn 0.999800 -0.021000 0.000700
vn 0.738600 -0.036800 -0.673100
vn 0.779300 -0.094800 -0.619500
vn -0.999500 0.033100 0.001200
vn -0.914300 0.405100 -0.000000
vn -0.929900 0.366700 0.028200
vn -0.999500 0.033100 0.001100
vn 0.300000 0.015700 -0.953800
vn 0.568900 0.369800 -0.734600
vn -0.463300 -0.000300 0.886200
vn -0.152600 -0.229600 0.961300
vn 0.312100 -0.191100 0.930600
vn -0.463200 -0.000300 0.886200
vn 0.285500 0.092100 0.953900
vn 0.312100 -0.191000 0.930700
vn -0.152600 -0.229600 0.961200
vn 0.737000 -0.027300 0.675300
vn 0.778700 -0.083100 0.621800
vn 0.778800 -0.083200 0.621800
vn 0.738700 -0.036800 -0.673100
vn 0.916400 0.400200 -0.000100
vn 0.568900 0.369900 -0.734500
vn 0.999800 -0.020900 0.000600
vn 0.907900 0.419300 -0.000200
vn 0.907900 0.419300 -0.000100
vn 0.778800 -0.083100 0.621700
vn 0.737000 -0.027400 0.675300
vn 0.999800 -0.020900 0.000700
vn 0.568700 0.369900 0.734700
vn 0.299900 0.015700 -0.953900
vn 0.568800 0.369900 0.734600
vn -0.565700 -0.144500 -0.811900
vn -0.017700 0.239400 -0.970800
vn -0.833900 0.135200 -0.535100
vn -0.565800 -0.144400 -0.811800
vn 0.568800 0.369900 -0.734600
vn -0.017700 0.239300 -0.970800
vn -0.833900 0.135300 -0.535000
vn -0.999500 0.033000 0.001100
vn -0.565700 -0.144400 -0.811800
vn 0.693300 0.170200 -0.700300
vn 0.916400 0.400300 -0.000100
vn 0.693300 0.170300 -0.700300
vn 0.693300 0.170300 -0.700200
vn 0.998700 -0.051200 0.000300
vn 0.692800 0.157600 0.703700
vn 0.998700 -0.051200 0.000200
vn 0.568700 0.369800 0.734700
vn 0.916500 0.400100 -0.000100
vn 0.568700 0.369900 0.734600
vn -0.056500 0.204100 0.977300
vn 0.285500 0.092200 0.953900
vn -0.056500 0.204000 0.977300
vn 0.285500 0.092100 0.954000
vn -0.834200 0.127300 0.536600
vn -0.834200 0.127200 0.536600
vn -0.463200 -0.000300 0.886300
vn -0.997800 0.066000 0.000200
vn -0.834200 0.127300 0.536700
vn -0.997800 0.066000 0.000300
vn -0.833900 0.135100 -0.535100
vn -0.840300 -0.128300 -0.526700
vn -0.997800 0.066100 0.000300
vn -0.833900 0.135200 -0.535000
vn -0.927500 -0.373800 0.000000
vn -0.056500 0.204200 0.977300
vn -0.834200 0.127200 0.536700
vn -0.838400 -0.142900 0.526000
vn -0.838300 -0.143000 0.526100
vn -0.997800 0.066100 0.000200
vn -0.838400 -0.143100 0.526000
vn 0.873100 -0.344700 0.344800
vn 0.034200 -0.006300 0.999400
vn -0.908900 -0.191700 0.370300
vn -0.838300 -0.143000 0.526000
vn -0.838400 -0.143000 0.526000
vn -0.908900 -0.191600 0.370300
vn 0.034100 -0.006300 0.999400
vn -0.512300 -0.339500 -0.788800
vn -0.909000 -0.191600 0.370300
vn -0.512300 -0.339500 -0.788900
vn -0.927500 -0.373900 0.000000
vn -0.331400 -0.943500 0.000000
vn 0.959500 -0.107400 0.260500
vn -0.058300 0.084700 0.994700
vn 0.986700 -0.155500 0.046300
vn 0.050900 -0.146200 0.987900
vn 0.051000 -0.146200 0.987900
vn -0.058300 0.084800 0.994700
vn 0.034200 -0.006400 0.999400
vn -0.512300 -0.339400 -0.788900
vn 0.138600 -0.232200 -0.962700
vn -0.992700 -0.114100 0.040300
vn 0.138600 -0.232100 -0.962800
vn -0.512200 -0.339500 -0.788900
vn 0.534800 -0.141600 -0.833100
vn -0.992700 -0.114100 0.040200
vn -0.908900 -0.191600 0.370400
vn -0.992600 -0.114100 0.040300
vn 0.873000 -0.344800 0.344900
vn 0.959500 -0.107500 0.260500
vn 0.534800 -0.141500 -0.833000
vn -0.331300 -0.943500 0.000000
vn -0.015700 -0.935000 0.354200
vn -0.015800 -0.935100 0.354100
vn -0.084200 -0.996500 0.000100
vn 0.423300 -0.906000 0.000000
vn 0.845200 -0.534400 -0.000000
vn -0.015700 -0.935100 0.354100
vn 0.423400 -0.906000 0.000000
vn -0.015700 -0.935100 0.354200
vn -0.084100 -0.996500 0.000000
vn 0.986700 -0.155500 0.046400
vn -0.058400 0.084800 0.994700
vn 0.034200 -0.006200 0.999400
vn 0.873100 -0.344700 0.344900
vn 0.873000 -0.344700 0.344900
vn 0.845200 -0.534400 -0.000100
vn 0.874700 -0.340300 -0.345000
vn 0.035400 0.007200 -0.999300
vn 0.035400 0.007100 -0.999300
vn 0.534800 -0.141500 0.833100
vn -0.512400 -0.339500 0.788800
vn 0.138600 -0.232200 0.962700
vn -0.992600 -0.114200 -0.040400
vn 0.138600 -0.232300 0.962700
vn -0.908900 -0.191600 -0.370400
vn -0.840400 -0.128300 -0.526600
vn -0.992600 -0.114100 -0.040400
vn -0.908900 -0.191700 -0.370300
vn 0.051000 -0.146100 -0.988000
vn 0.874800 -0.340200 -0.344900
vn 0.845300 -0.534400 -0.000000
vn -0.015700 -0.935100 -0.354100
vn 0.874800 -0.340200 -0.345000
vn -0.512400 -0.339400 0.788800
vn 0.959500 -0.107600 -0.260500
vn 0.986700 -0.155600 -0.046300
vn 0.959400 -0.107500 -0.260600
vn -0.058200 0.084600 -0.994700
vn 0.035500 0.007100 -0.999300
vn 0.035500 0.007200 -0.999300
vn 0.874800 -0.340300 -0.344900
vn 0.959500 -0.107500 -0.260500
vn -0.058300 0.084500 -0.994700
vn 0.959500 -0.107500 -0.260600
vn 0.986700 -0.155500 -0.046400
vn 0.910900 -0.394500 0.120600
vn 0.986700 -0.155600 0.046400
vn -0.004900 0.036500 0.999300
vn 0.918300 -0.359800 0.165300
vn 0.918200 -0.359900 0.165400
vn 0.170300 -0.183600 -0.968100
vn -0.004900 0.036600 0.999300
vn 0.911000 -0.394500 0.120500
vn 0.170200 -0.183600 -0.968200
vn 0.138500 -0.232200 -0.962800
vn 0.050900 -0.146100 0.988000
vn -0.992600 -0.114200 0.040400
vn -0.926500 0.233000 -0.295500
vn 0.170200 -0.183700 -0.968100
vn -0.004800 0.036600 0.999300
vn -0.926500 0.233100 -0.295600
vn -0.926500 0.233100 -0.295500
vn -0.992600 -0.114200 0.040300
vn 0.903200 0.429300 0.000100
vn 0.903200 0.429300 0.000000
vn 0.051000 -0.146000 -0.988000
vn 0.910900 -0.394600 -0.120500
vn 0.986700 -0.155500 -0.046500
vn 0.910900 -0.394500 -0.120600
vn 0.918300 -0.359800 -0.165300
vn -0.005000 0.036600 -0.999300
vn 0.170200 -0.183600 0.968100
vn 0.911000 -0.394500 -0.120600
vn -0.926400 0.233100 0.295600
vn -0.992600 -0.114100 -0.040500
vn -0.005000 0.036500 -0.999300
vn -0.926500 0.233000 0.295500
vn -0.004900 0.036500 -0.999300
vn 0.170300 -0.183700 0.968100
vn 0.138700 -0.232200 0.962700
vn -0.926500 0.233100 0.295500
vn 0.051100 -0.146100 -0.988000
vn 0.910900 -0.394600 -0.120600
vn -0.004900 0.036600 -0.999300
vn 0.921100 -0.383000 -0.070100
vn -0.091100 0.396500 -0.913500
vn 0.126700 0.203400 -0.970900
vn 0.972100 -0.140200 0.187900
vn -0.091000 0.396500 -0.913500
vn -0.383200 -0.281800 0.879600
vn -0.991300 0.083100 -0.101600
vn -0.977400 -0.083600 -0.194100
vn -0.383200 -0.281700 0.879600
vn -0.991300 0.083200 -0.101700
vn -0.974800 0.154700 -0.160900
vn -0.974800 0.154700 -0.161000
vn -0.383300 -0.281800 0.879600
vn -0.977400 -0.083500 -0.194100
vn -0.977400 -0.083600 -0.194000
vn -0.990900 0.098100 0.092500
vn -0.379000 -0.306200 -0.873300
vn -0.972500 -0.039400 0.229600
vn -0.974800 0.154700 0.161000
vn -0.091500 0.421700 0.902100
vn -0.972500 -0.039400 0.229500
vn -0.091500 0.421600 0.902200
vn -0.379000 -0.306100 -0.873300
vn -0.091500 0.421600 0.902100
vn -0.091600 0.421600 0.902100
vn 0.972100 -0.140200 -0.187900
vn -0.378900 -0.306200 -0.873300
vn 0.871400 -0.438500 -0.220000
vn 0.871300 -0.438600 -0.220100
vn 0.862200 -0.452300 -0.228000
vn 0.880200 -0.424700 -0.212000
vn 0.871300 -0.438600 0.220000
vn 0.880200 -0.424700 0.212000
vn 0.871300 -0.438600 0.220100
vn 0.862200 -0.452300 0.228100
vn 0.871300 -0.438500 0.220100
vn 0.493100 0.364300 0.790100
vn 0.013300 -0.309600 0.950800
vn 0.975500 0.213500 -0.052200
vn 0.493000 0.364200 0.790100
vn -0.462200 0.308300 0.831400
vn 0.357000 0.489900 0.795300
vn -0.462200 0.308300 0.831500
vn 0.493100 0.364200 0.790100
vn -0.470000 0.434500 0.768300
vn -0.462300 0.308300 0.831400
vn 0.926600 0.375300 -0.025000
vn 0.975500 0.213600 -0.052000
vn -0.998600 -0.026800 0.046400
vn 0.013300 -0.309500 0.950800
vn -0.998600 -0.026700 0.046400
vn -0.462200 0.308200 0.831500
vn -0.830400 0.556900 -0.016800
vn -0.830400 0.557000 -0.016800
vn -0.941700 0.331600 -0.057000
vn 0.926600 0.375300 -0.024900
vn -0.129200 0.612300 -0.780000
vn 0.975600 0.213500 -0.052100
vn -0.064100 0.299500 -0.951900
vn 0.926600 0.375200 -0.024900
vn 0.975500 0.213600 -0.052100
vn -0.064200 0.299500 -0.951900
vn -0.998600 -0.026900 0.046400
vn -0.129200 0.612400 -0.779900
vn -0.129300 0.612400 -0.779900
vn -0.941700 0.331700 -0.057000
vn -0.957400 0.288400 0.013800
vn -0.470000 0.434400 0.768400
vn -0.957400 0.288500 0.013800
vn 0.976800 -0.214100 0.004100
vn -0.300400 0.098100 0.948700
vn 0.975500 0.213500 -0.052100
vn 0.976800 -0.214100 0.004200
vn -0.300400 0.098100 0.948800
vn -0.981000 0.193900 -0.010200
vn -0.300500 0.098200 0.948700
vn -0.361200 0.179500 -0.915000
vn -0.981000 0.193800 -0.010100
vn -0.064200 0.299400 -0.952000
vn -0.361200 0.179500 -0.915100
vn 0.170300 -0.183600 0.968100
vn 0.357000 0.490000 0.795300
vn 0.918200 -0.359900 -0.165300
vn -0.926500 0.233100 0.295600
vn -0.926500 0.233000 0.295600
vn -0.957400 0.288500 0.013900
vn -0.129200 0.612400 -0.780000
vn 0.975500 0.213600 0.052100
vn 0.013300 -0.309600 -0.950800
vn 0.493100 0.364200 -0.790100
vn 0.013300 -0.309500 -0.950800
vn -0.462200 0.308300 -0.831500
vn -0.462200 0.308300 -0.831400
vn -0.998600 -0.026900 -0.046500
vn -0.830400 0.556900 0.016800
vn -0.998600 -0.026900 -0.046400
vn -0.998600 -0.026800 -0.046400
vn -0.064200 0.299500 0.951900
vn -0.830400 0.557000 0.016800
vn -0.064100 0.299500 0.951900
vn -0.129200 0.612400 0.779900
vn 0.975500 0.213600 0.052000
vn -0.129200 0.612300 0.780000
vn 0.975500 0.213500 0.052200
vn 0.926600 0.375300 0.024900
vn 0.493000 0.364200 -0.790100
vn 0.926600 0.375200 0.024900
vn 0.357000 0.489900 -0.795300
vn -0.941700 0.331600 0.057000
vn -0.957400 0.288400 -0.013800
vn -0.470000 0.434500 -0.768300
vn -0.129100 0.612400 0.779900
vn -0.957400 0.288500 -0.013800
vn -0.462300 0.308300 -0.831400
vn -0.462200 0.308200 -0.831500
vn -0.941700 0.331600 0.056900
vn -0.300400 0.098100 -0.948700
vn 0.976800 -0.214200 -0.004100
vn 0.976800 -0.214100 -0.004200
vn 0.975500 0.213500 0.052100
vn 0.976800 -0.214100 -0.004100
vn -0.361200 0.179500 0.915000
vn 0.976800 -0.214100 -0.004300
vn -0.981000 0.193900 0.010200
vn -0.361300 0.179500 0.915000
vn -0.981000 0.193900 0.010100
vn -0.300400 0.098200 -0.948700
vn 0.357000 0.490000 -0.795300
vn 0.170200 -0.183600 -0.968100
vn 0.170300 -0.183700 -0.968100
vn 0.918200 -0.359800 0.165300
vn 0.926600 0.375200 0.024800
vn 0.356900 0.489900 -0.795300
vn -0.957400 0.288400 -0.013700
vn 0.551600 0.610400 -0.568400
vn 0.785100 0.619300 0.000000
vn 0.910700 -0.096500 -0.401600
vn 0.910700 -0.096600 -0.401600
vn 0.052100 -0.857500 -0.511800
vn 0.551500 0.610500 0.568400
vn 0.910800 -0.096600 0.401500
vn 0.785100 0.619400 -0.000100
vn 0.785100 0.619400 0.000000
vn 0.910700 -0.096700 0.401600
vn 0.985600 -0.169200 -0.000100
vn 0.551500 0.610500 -0.568400
vn 0.286600 0.369000 -0.884100
vn 0.286600 0.369100 -0.884100
vn 0.052200 -0.857500 -0.511800
vn -0.347900 0.088400 -0.933400
vn 0.985600 -0.169300 0.000000
vn 0.910700 -0.096600 0.401600
vn 0.052200 -0.857500 0.511800
vn 0.985600 -0.169200 0.000000
vn 0.052100 -0.857500 0.511800
vn 0.286600 0.369000 0.884100
vn -0.347900 0.088400 0.933400
vn 0.910700 -0.096600 0.401500
vn 0.286600 0.369100 0.884100
vn 0.199300 -0.813700 0.546000
vn -0.499900 -0.389200 0.773700
vn 0.052200 -0.857500 0.511900
vn 0.199300 -0.813800 -0.545900
vn 0.052100 -0.857600 0.511800
vn -0.499800 -0.389200 0.773800
vn -0.499800 -0.389100 -0.773800
vn -0.347900 0.088300 -0.933400
vn 0.199300 -0.813800 0.545900
vn -0.499900 -0.389100 -0.773800
vn -0.512900 -0.542600 0.665200
vn -0.903600 -0.428400 -0.000000
vn 0.399400 -0.916800 0.000000
vn -0.996100 -0.088800 0.000000
vn -0.981000 -0.193600 -0.013100
vn -0.903600 -0.428300 0.000000
vn -0.981000 -0.193600 0.013100
vn 0.399500 -0.916700 -0.000000
vn 0.618600 0.353800 0.701500
vn 0.399500 -0.916700 -0.000100
vn 0.952500 0.304400 0.000100
vn -0.903600 -0.428400 -0.000100
vn -0.981000 -0.193700 -0.013000
vn -0.512900 -0.542600 -0.665300
vn -0.512900 -0.542500 -0.665200
vn 0.618600 0.353700 -0.701600
vn 0.618700 0.353700 -0.701500
vn 0.952500 0.304400 -0.000000
vn 0.534300 0.825700 0.181000
vn -0.512900 -0.542600 -0.665200
vn -0.499800 -0.389200 -0.773700
vn 0.618600 0.353700 -0.701500
vn 0.632200 0.734400 -0.246900
vn 0.618600 0.353700 0.701600
vn 0.632200 0.734400 0.246900
vn 0.534300 0.825700 -0.181000
vn 0.618600 0.353800 -0.701600
vn 0.952600 0.304300 0.000000
vn 0.618600 0.353700 0.701500
vn 0.952600 0.304400 -0.000100
vn 0.632200 0.734400 0.247000
vn 0.618600 0.353800 0.701600
vn -0.499900 -0.389100 0.773800
vn -0.499800 -0.389100 0.773800
vn -0.552500 0.042200 0.832400
vn -0.372000 -0.191500 -0.908200
vn -0.552300 0.042000 -0.832600
vn -0.552300 0.042100 -0.832600
vn -0.142000 0.788600 -0.598300
vn -0.142100 0.788600 -0.598300
vn -0.420000 0.407300 -0.811000
vn -0.552300 0.042200 -0.832600
vn -0.552500 0.042100 0.832400
vn -0.547400 0.034100 0.836200
vn -0.372400 -0.191000 0.908200
vn -0.552500 0.042100 0.832500
vn -0.420400 0.407700 0.810600
vn -0.142000 0.788500 0.598400
vn -0.142000 0.788600 0.598300
vn 0.143000 -0.773600 0.617300
vn -0.044600 -0.671100 0.740000
vn 0.035100 -0.981800 0.186600
vn 0.208500 -0.959400 0.189700
vn 0.073100 -0.670000 0.738800
vn -0.906000 -0.072600 -0.416900
vn 0.021900 0.181700 -0.983100
vn -0.047000 -0.087700 -0.995000
vn -0.915300 -0.344600 0.208400
vn 0.098700 -0.433700 0.895700
vn -0.031900 -0.230500 0.972600
vn -0.031800 -0.230400 0.972600
vn -0.966300 0.101800 -0.236500
vn 0.021900 0.181800 -0.983100
vn -0.915300 -0.344600 0.208300
vn 0.091200 0.416800 -0.904400
vn 0.978700 0.204500 0.016600
vn 0.980100 0.182400 0.078100
vn 0.098700 -0.433700 0.895600
vn -0.031900 -0.230400 0.972600
vn 0.980100 0.182500 0.078100
vn 0.098700 -0.433600 0.895700
vn -0.996600 -0.036100 -0.073500
vn -0.906100 -0.072500 -0.416900
vn -0.044500 -0.671100 0.740000
vn 0.143000 -0.773600 0.617400
vn 0.073200 -0.670000 0.738800
vn -0.047000 -0.087800 -0.995000
vn -0.394500 -0.069300 -0.916300
vn 0.952300 0.192200 -0.237000
vn 0.022000 0.181700 -0.983100
vn 0.952300 0.192300 -0.237100
vn 0.073200 -0.670000 0.738700
vn -0.035000 -0.722700 0.690300
vn 0.965000 0.223200 0.137500
vn -0.325300 -0.388500 -0.862100
vn 0.925600 0.314500 0.210500
vn -0.040300 -0.052900 0.997800
vn 0.965000 0.223300 0.137500
vn 0.925600 0.314600 0.210500
vn -0.540700 -0.446800 0.712700
vn 0.965000 0.223200 0.137400
vn -0.040300 -0.053000 0.997800
vn -0.325300 -0.388600 -0.862100
vn -0.540600 -0.446800 0.712800
vn 0.925700 0.314400 0.210400
vn 0.952300 0.192200 -0.237100
vn 0.980100 0.182400 0.078200
vn 0.095600 -0.669900 0.736300
vn -0.354600 -0.693200 -0.627500
vn 0.726800 -0.685300 -0.046500
vn 0.726900 -0.685200 -0.046500
vn -0.325400 -0.388600 -0.862100
vn 0.726800 -0.685200 -0.046500
vn 0.095600 -0.669800 0.736300
vn -0.540700 -0.446800 0.712800
vn -0.540700 -0.446700 0.712800
vn 0.101600 -0.975600 0.194600
vn 0.044900 0.200200 0.978700
vn -0.394400 -0.069300 -0.916300
vn 0.044900 0.200100 0.978800
vn -0.891100 -0.225500 -0.393800
vn -0.891100 -0.225500 -0.393900
vn 0.779300 -0.144900 -0.609700
vn 0.779300 -0.144800 -0.609700
vn 0.952300 0.192300 -0.237000
vn 0.044800 0.200100 0.978800
vn -0.035000 -0.722600 0.690400
vn 0.767100 -0.344600 0.541200
vn -0.551500 -0.136200 0.823000
vn 0.767000 -0.344700 0.541200
vn 0.044900 0.200100 0.978700
vn -0.047700 -0.967700 -0.247400
vn -0.047800 -0.967700 -0.247400
vn -0.891100 -0.225400 -0.393900
vn 0.779300 -0.145000 -0.609700
vn -0.047700 -0.967800 -0.247300
vn 0.767100 -0.344600 0.541100
vn -0.551500 -0.136200 0.822900
vn 0.627700 -0.268100 -0.730800
vn 0.971400 0.146300 -0.187000
vn 0.752500 -0.658400 0.017200
vn 0.770000 -0.177900 -0.612700
vn 0.363300 0.218500 0.905700
vn -0.776100 -0.389800 -0.495700
vn 0.770000 -0.177800 -0.612700
vn 0.448900 0.054900 -0.891900
vn -0.044600 -0.671100 0.740100
vn 0.422900 0.182100 0.887700
vn -0.044500 -0.671200 0.740000
vn -0.996600 -0.036100 -0.073600
vn -0.930500 -0.298900 -0.211900
vn -0.930500 -0.298900 -0.211800
vn 0.363300 0.218600 0.905600
vn -0.300300 -0.103900 0.948200
vn 0.363300 0.218600 0.905700
vn -0.776200 -0.389700 -0.495700
vn -0.776100 -0.389700 -0.495700
vn -0.521800 -0.771300 0.364500
vn -0.521700 -0.771300 0.364500
vn 0.835200 -0.253200 0.488100
vn 0.179300 0.340000 0.923200
vn -0.412300 -0.069500 0.908400
vn 0.627700 -0.268000 -0.730900
vn 0.179400 0.339900 0.923200
vn -0.233100 -0.964500 -0.124300
vn -0.932600 -0.272400 -0.236700
vn 0.627600 -0.268000 -0.730900
vn -0.412400 -0.069500 0.908400
vn -0.233100 -0.964500 -0.124400
vn 0.835200 -0.253200 0.488200
vn -0.932600 -0.272300 -0.236700
vn 0.611700 -0.205900 -0.763800
vn 0.611700 -0.205800 -0.763800
vn -0.047100 -0.087800 -0.995000
vn -0.192700 -0.128500 0.972800
vn 0.637700 -0.757700 0.138800
vn 0.611800 -0.205900 -0.763800
vn 0.637700 -0.757700 0.138900
vn 0.422800 0.182100 0.887700
vn -0.192600 -0.128500 0.972800
vn -0.568300 -0.748200 0.342400
vn -0.192700 -0.128400 0.972800
vn -0.930400 -0.299000 -0.211800
vn -0.930400 -0.299000 -0.211900
vn 0.637700 -0.757600 0.138900
vn 0.770100 -0.177900 -0.612600
vn -0.906100 -0.072600 -0.416900
vn -0.047100 -0.087700 -0.995000
vn -0.047000 -0.087600 -0.995000
vn 0.971400 0.146400 -0.187000
vn 0.978700 0.204500 0.016700
vn 0.972100 -0.140300 0.187900
vn 0.978700 0.204600 0.016600
vn -0.091200 0.396600 -0.913500
vn 0.091200 0.416900 -0.904400
vn 0.972100 -0.140200 0.187800
vn -0.567000 -0.746800 -0.347500
vn -0.237100 -0.102800 -0.966000
vn 0.626300 -0.758500 -0.180100
vn -0.521700 -0.771300 -0.364500
vn -0.300200 -0.103900 -0.948200
vn 0.752500 -0.658400 -0.017200
vn -0.220300 -0.965400 0.139600
vn -0.421400 -0.080600 -0.903300
vn 0.851100 -0.265200 -0.453100
vn -0.776100 -0.389700 0.495700
vn 0.770000 -0.177800 0.612700
vn -0.922300 -0.284100 0.262100
vn -0.220300 -0.965400 0.139500
vn -0.922300 -0.284000 0.262200
vn 0.632300 -0.271900 0.725500
vn 0.632300 -0.271800 0.725500
vn 0.632300 -0.271800 0.725400
vn 0.202100 0.322400 -0.924800
vn -0.421400 -0.080700 -0.903300
vn -0.928100 -0.303900 0.214900
vn 0.617400 -0.174000 0.767100
vn -0.776100 -0.389800 0.495700
vn 0.385600 0.210000 -0.898400
vn -0.237000 -0.102900 -0.966000
vn 0.626400 -0.758500 -0.180000
vn 0.385600 0.209900 -0.898400
vn 0.385600 0.210000 -0.898500
vn -0.237100 -0.102900 -0.966000
vn 0.770100 -0.177900 0.612700
vn 0.752400 -0.658500 -0.017200
vn 0.363200 0.218500 -0.905700
vn 0.363300 0.218600 -0.905700
vn -0.928100 -0.304000 0.214800
vn 0.626300 -0.758500 -0.180000
vn -0.300300 -0.103900 -0.948200
vn -0.521800 -0.771300 -0.364500
vn -0.928100 -0.304000 0.214900
vn -0.042700 -0.094600 0.994600
vn -0.922300 -0.284100 0.262200
vn -0.044800 -0.671800 -0.739400
vn 0.143000 -0.773600 -0.617300
vn -0.803700 -0.595000 0.006300
vn -0.042600 -0.094600 0.994600
vn -0.922200 -0.284100 0.262200
vn 0.073300 -0.669900 -0.738800
vn 0.208500 -0.959500 -0.189700
vn -0.042600 -0.094700 0.994600
vn -0.776200 -0.389700 0.495700
vn 0.770100 -0.177800 0.612700
vn 0.363300 0.218500 -0.905700
vn -0.803700 -0.594900 0.006300
vn -0.044800 -0.671700 -0.739400
vn 0.180800 0.125100 0.975500
vn 0.385700 0.209900 -0.898400
vn 0.385600 0.209900 -0.898500
vn -0.996800 -0.032400 0.073500
vn -0.996800 -0.032500 0.073600
vn -0.996800 -0.032400 0.073600
vn 0.180700 0.125100 0.975500
vn 0.617400 -0.174100 0.767200
vn 0.617400 -0.174000 0.767200
vn 0.073300 -0.670000 -0.738700
vn 0.970800 0.135400 0.197900
vn 0.632300 -0.271900 0.725400
vn 0.970800 0.135400 0.197800
vn -0.124500 0.173000 0.977000
vn -0.394500 -0.069300 0.916300
vn 0.960800 0.218100 -0.171300
vn 0.965800 0.234100 0.111000
vn 0.098700 -0.433700 -0.895700
vn 0.280700 0.350300 0.893600
vn 0.098700 -0.433700 -0.895600
vn -0.031900 -0.230400 -0.972600
vn -0.124500 0.172900 0.977000
vn 0.965800 0.234100 0.111100
vn -0.966300 0.101800 0.236500
vn 0.280600 0.350400 0.893600
vn -0.915300 -0.344600 -0.208400
vn -0.966300 0.101800 0.236400
vn -0.031800 -0.230500 -0.972600
vn -0.915300 -0.344600 -0.208500
vn 0.073300 -0.670000 -0.738800
vn 0.098600 -0.433700 -0.895600
vn 0.098700 -0.433600 -0.895700
vn -0.915400 -0.344600 -0.208300
vn -0.915300 -0.344600 -0.208300
vn 0.952300 0.192200 0.237100
vn -0.124400 0.172900 0.977000
vn -0.394400 -0.069300 0.916300
vn 0.952300 0.192300 0.237100
vn -0.035000 -0.722700 -0.690300
vn 0.965000 0.223200 -0.137500
vn 0.726800 -0.685300 0.046500
vn 0.095600 -0.669900 -0.736300
vn 0.925600 0.314500 -0.210500
vn 0.925600 0.314600 -0.210500
vn 0.098800 -0.433700 -0.895600
vn -0.040200 -0.052900 -0.997800
vn 0.101700 -0.975600 -0.194700
vn -0.040300 -0.052900 -0.997800
vn -0.325300 -0.388600 0.862100
vn 0.965000 0.223300 -0.137500
vn -0.540700 -0.446800 -0.712800
vn -0.354600 -0.693100 0.627600
vn -0.325300 -0.388500 0.862100
vn 0.095700 -0.669800 -0.736300
vn -0.540700 -0.446700 -0.712800
vn 0.095600 -0.669800 -0.736300
vn -0.354600 -0.693200 0.627500
vn 0.726800 -0.685200 0.046600
vn -0.354600 -0.693100 0.627500
vn 0.044900 0.200100 -0.978700
vn -0.394400 -0.069200 0.916300
vn 0.779300 -0.144900 0.609700
vn 0.767100 -0.344600 -0.541200
vn 0.044900 0.200200 -0.978700
vn -0.551500 -0.136200 -0.823000
vn -0.891100 -0.225500 0.393900
vn 0.767100 -0.344700 -0.541100
vn -0.891100 -0.225400 0.393900
vn -0.047700 -0.967800 0.247300
vn 0.779300 -0.144800 0.609700
vn 0.044800 0.200100 -0.978700
vn -0.551400 -0.136200 -0.823000
vn -0.031800 -0.230500 -0.972500
vn -0.031800 -0.230400 -0.972600
vn -0.091400 0.421700 0.902100
vn -0.526900 -0.848400 0.050800
vn -0.676400 -0.200700 -0.708700
vn -0.143200 -0.896300 -0.419600
vn 0.042500 -0.905900 0.421300
vn -0.448400 -0.385800 0.806300
vn 0.042400 -0.905900 0.421300
vn 0.761300 -0.018300 -0.648200
vn 0.668900 -0.713000 0.210000
vn 0.011900 -0.661800 -0.749600
vn 0.668900 -0.713100 0.210000
vn 0.272100 -0.503400 0.820100
vn 0.272100 -0.503500 0.820000
vn -0.143100 -0.896300 -0.419600
vn 0.042400 -0.906000 0.421300
vn 0.761200 -0.018400 -0.648200
vn 0.333900 0.783500 -0.524100
vn 0.773700 0.604000 0.191300
vn 0.761300 -0.018400 -0.648200
vn 0.334000 0.783400 -0.524200
vn 0.668900 -0.713100 0.209900
vn 0.761200 -0.018200 -0.648200
vn 0.773800 0.603900 0.191300
vn 0.346300 0.826000 0.444700
vn 0.773700 0.604000 0.191200
vn 0.334100 0.783400 -0.524100
vn 0.346400 0.826000 0.444800
vn 0.773800 0.603900 0.191200
vn 0.042500 -0.906000 0.421200
vn -0.300500 0.098100 0.948700
vn -0.300400 0.098200 0.948700
vn -0.448500 -0.385800 0.806300
vn -0.527000 -0.848400 0.050900
vn -0.676300 -0.200600 -0.708800
vn -0.676400 -0.200600 -0.708700
vn -0.143100 -0.896400 -0.419600
vn -0.361300 0.179400 -0.915000
vn 0.011900 -0.661700 -0.749600
vn -0.361200 0.179400 -0.915100
vn 0.334000 0.783400 -0.524100
vn -0.981000 0.193900 -0.010100
vn 0.272200 -0.503400 0.820100
vn 0.346300 0.826000 0.444800
vn 0.169000 0.985000 -0.035100
vn 0.169000 0.985000 -0.035000
vn 0.042400 -0.906000 -0.421200
vn -0.526900 -0.848400 -0.050800
vn -0.448400 -0.385800 -0.806300
vn -0.143200 -0.896300 0.419600
vn -0.676400 -0.200600 0.708700
vn -0.527000 -0.848400 -0.050800
vn -0.526900 -0.848400 -0.050900
vn 0.773700 0.604000 -0.191300
vn 0.272100 -0.503500 -0.820000
vn 0.346300 0.826000 -0.444700
vn 0.773700 0.604000 -0.191200
vn 0.668900 -0.713000 -0.210000
vn 0.334000 0.783400 0.524100
vn 0.011900 -0.661800 0.749600
vn 0.761200 -0.018300 0.648200
vn 0.668900 -0.713100 -0.210000
vn 0.761300 -0.018300 0.648200
vn 0.272100 -0.503500 -0.820100
vn 0.272100 -0.503400 -0.820100
vn 0.669000 -0.713000 -0.209900
vn 0.334000 0.783400 0.524200
vn 0.773800 0.603900 -0.191300
vn 0.773800 0.603900 -0.191200
vn 0.668900 -0.713100 -0.209900
vn 0.011800 -0.661800 0.749600
vn -0.300400 0.098100 -0.948800
vn 0.012000 -0.661800 0.749600
vn 0.011900 -0.661700 0.749700
vn -0.676400 -0.200700 0.708700
vn -0.143100 -0.896300 0.419600
vn -0.361200 0.179600 0.915000
vn 0.346300 0.826000 -0.444800
vn -0.300500 0.098100 -0.948700
vn 0.169000 0.985000 0.035000
vn -0.361200 0.179500 0.915100
vn -0.981000 0.193800 0.010200
vn -0.448400 -0.385700 -0.806300
usemtl Creature_Humanmaleblacksmith_humanmaleblacksmith.m2_Geoset_.018
s 1
f 2083/1/1 2084/2/2 2085/3/3
f 2086/4/4 2087/5/5 2088/6/6
f 2089/4/7 2090/7/8 2091/5/9
f 2092/8/10 2093/5/11 2094/7/12
f 2095/9/13 2096/8/14 2097/7/8
f 2098/10/15 2099/8/14 2100/9/16
f 2101/9/13 2102/7/17 2103/11/18
f 2104/5/19 2105/8/10 2106/2/2
f 2107/12/20 2108/2/21 2109/8/10
f 2110/12/22 2111/8/23 2112/10/24
f 2113/8/25 2114/12/26 2115/10/15
f 2116/8/27 2117/10/15 2118/9/13
f 2119/8/28 2120/9/13 2121/7/29
f 2122/7/29 2123/9/13 2124/11/18
f 2125/11/18 2126/13/30 2127/7/29
f 2128/13/30 2129/11/18 2130/7/8
f 2131/4/7 2132/13/30 2133/7/8
f 2134/14/31 2135/13/30 2136/4/4
f 2137/13/30 2138/14/31 2139/4/32
f 2140/13/30 2141/4/33 2142/7/34
f 2143/5/35 2144/4/36 2145/6/37
f 2146/7/29 2147/4/38 2148/5/39
f 2149/5/40 2150/8/27 2151/7/41
f 2152/1/42 2153/5/40 2154/6/43
f 2155/5/44 2156/1/42 2157/2/45
f 2158/8/27 2159/5/46 2160/2/45
f 2161/2/47 2162/12/48 2163/8/27
f 2164/1/49 2165/3/50 2166/2/45
f 2167/5/11 2168/2/21 2169/1/51
f 2170/5/19 2171/1/1 2172/6/52
f 2173/2/53 2174/3/54 2175/15/55
f 2176/16/56 2177/2/21 2178/12/26
f 2179/2/47 2180/16/57 2181/12/26
f 2182/2/45 2183/15/58 2184/16/56
f 2185/15/59 2186/2/2 2187/16/57
f 2188/3/60 2189/2/2 2190/15/61
usemtl Creature_Humanmaleblacksmith_humanmaleblacksmith.m2_Geoset_.026
f 1/6/62 2/3/50 3/1/63
f 4/6/64 5/1/1 6/3/65
f 7/3/65 8/17/66 9/6/67
f 10/18/68 11/17/69 12/3/65
f 13/18/70 14/3/71 15/17/72
f 16/3/54 17/6/43 18/17/73
usemtl Creature_Humanmaleblacksmith_humanmaleblacksmith.m2_Geoset_.025
f 19/19/74 20/20/75 21/21/76
f 22/6/62 23/22/77 24/17/78
f 25/23/79 26/22/77 27/6/62
f 28/21/80 29/22/81 30/23/82
f 31/23/82 32/24/83 33/21/84
f 34/25/85 35/21/86 36/24/83
f 37/25/85 38/24/87 39/26/88
f 40/25/89 41/26/88 42/27/90
f 43/26/88 44/28/91 45/27/90
f 46/26/92 47/27/90 48/28/93
f 49/26/94 50/28/95 51/29/96
f 52/26/97 53/29/98 54/28/93
f 55/26/88 56/24/83 57/29/98
f 58/24/83 59/30/99 60/29/98
f 61/31/100 62/30/99 63/24/87
f 64/32/101 65/32/102 66/33/103
f 67/32/104 68/32/105 69/33/106
f 70/20/107 71/19/108 72/21/84
f 73/33/109 74/32/105 75/32/110
f 76/33/111 77/32/112 78/32/105
f 79/34/113 80/35/114 81/36/115
f 82/35/116 83/34/117 84/36/118
f 85/30/99 86/31/114 87/37/113
f 88/26/119 89/29/120 90/24/121
f 91/38/75 92/39/122 93/40/123
f 94/38/124 95/40/123 96/39/125
f 97/24/126 98/29/120 99/30/99
f 100/41/127 101/24/126 102/30/128
f 103/30/99 104/37/117 105/41/116
f 106/25/129 107/20/130 108/21/86
f 109/20/131 110/25/89 111/42/101
f 112/42/132 113/25/89 114/27/90
f 115/42/132 116/27/90 117/25/133
f 118/39/134 119/43/135 120/38/107
f 121/39/134 122/44/136 123/43/135
f 124/44/137 125/39/134 126/43/138
f 127/43/138 128/39/134 129/38/75
f 130/25/133 131/27/90 132/26/139
f 133/25/133 134/26/140 135/24/141
f 136/25/142 137/24/126 138/21/143
f 139/25/133 140/21/144 141/20/145
f 142/20/75 143/42/146 144/25/133
f 145/19/147 146/20/124 147/45/148
f 148/17/73 149/22/81 150/45/149
f 151/22/150 152/19/147 153/45/148
f 154/22/151 155/21/80 156/19/147
f 157/23/152 158/21/76 159/24/126
f 160/21/143 161/23/153 162/22/154
f 163/22/154 164/19/155 165/21/156
f 166/22/154 167/45/157 168/19/158
f 169/19/74 170/45/159 171/20/75
f 172/17/66 173/45/160 174/22/161
f 175/6/67 176/17/162 177/22/163
f 178/23/153 179/6/52 180/22/163
f 181/41/116 182/6/52 183/23/152
f 184/41/116 185/23/164 186/24/126
f 187/4/165 188/6/64 189/46/166
f 190/46/167 191/6/52 192/31/127
f 193/4/165 194/36/118 195/37/117
f 196/31/100 197/24/83 198/23/168
f 199/31/100 200/23/82 201/6/62
f 202/46/169 203/31/114 204/6/170
f 205/4/38 206/46/171 207/6/62
f 208/4/36 209/37/113 210/46/115
f 211/14/172 212/37/117 213/4/36
f 214/14/172 215/4/165 216/37/173
f 217/47/174 218/45/175 219/20/124
f 220/20/107 221/48/176 222/47/177
f 223/47/178 224/48/176 225/49/179
f 226/48/180 227/47/181 228/49/179
f 229/48/182 230/20/183 231/47/184
f 232/45/157 233/47/185 234/20/75
f 235/50/186 236/51/187 237/52/188
f 238/51/189 239/50/138 240/52/183
f 241/51/190 242/42/191 243/50/138
f 244/42/136 245/51/187 246/50/135
f 247/53/192 248/3/54 249/18/193
f 250/18/193 251/54/194 252/53/195
f 253/54/196 254/18/197 255/17/73
f 256/45/198 257/54/194 258/17/78
f 259/45/199 260/17/66 261/54/200
f 262/54/201 263/17/66 264/18/68
f 265/18/68 266/53/59 267/54/202
f 268/53/59 269/18/203 270/3/204
f 271/54/194 272/45/149 273/47/205
f 274/55/206 275/54/194 276/47/205
f 277/55/206 278/47/178 279/49/179
f 280/45/157 281/54/207 282/47/208
f 283/54/207 284/55/206 285/47/184
f 286/47/184 287/55/206 288/49/179
f 289/56/209 290/57/57 291/58/58
f 292/57/56 293/56/209 294/58/210
f 295/58/58 296/59/211 297/56/212
f 298/60/213 299/61/194 300/62/214
f 301/61/196 302/60/211 303/63/215
f 304/64/216 305/56/217 306/59/218
f 307/62/219 308/61/194 309/65/220
f 310/66/221 311/61/207 312/65/222
f 313/61/196 314/66/206 315/65/220
f 316/65/220 317/67/223 318/62/224
f 319/62/225 320/68/226 321/60/227
f 322/69/228 323/70/229 324/59/230
f 325/62/219 326/67/231 327/68/232
f 328/70/233 329/64/234 330/59/211
f 331/71/235 332/72/236 333/73/237
f 334/71/235 335/73/238 336/74/239
f 337/67/240 338/75/241 339/76/235
f 340/77/242 341/75/241 342/67/231
f 343/74/239 344/78/243 345/71/244
f 346/79/245 347/78/243 348/74/239
f 349/78/246 350/79/245 351/80/247
f 352/80/248 353/81/249 354/78/250
f 355/81/251 356/82/252 357/78/243
f 358/65/253 359/77/242 360/67/223
f 361/78/254 362/82/231 363/71/235
f 364/83/232 365/82/255 366/81/251
f 367/84/256 368/74/239 369/73/257
f 370/85/258 371/79/245 372/74/239
f 373/85/258 374/74/239 375/84/259
f 376/85/258 377/86/260 378/87/261
f 379/79/262 380/85/258 381/87/261
f 382/88/263 383/79/245 384/87/261
f 385/88/264 386/89/247 387/79/262
f 388/90/251 389/89/248 390/88/265
f 391/91/257 392/87/261 393/86/266
f 394/87/261 395/91/257 396/92/229
f 397/88/267 398/87/268 399/92/229
f 400/88/264 401/92/229 402/93/228
f 403/93/228 404/90/251 405/88/269
f 406/94/270 407/92/271 408/91/237
f 409/61/207 410/62/272 411/65/253
f 412/59/273 413/58/274 414/56/209
f 415/60/275 416/61/207 417/63/59
f 418/61/207 419/60/276 420/62/277
f 421/56/209 422/64/278 423/59/273
f 424/67/279 425/65/253 426/62/280
f 427/68/281 428/62/280 429/60/273
f 430/70/282 431/69/281 432/59/275
f 433/67/279 434/62/277 435/68/281
f 436/64/278 437/70/282 438/59/275
f 439/76/283 440/75/284 441/67/285
f 442/67/286 443/77/242 444/65/253
f 445/67/279 446/75/284 447/77/242
f 448/87/287 449/91/288 450/86/289
f 451/86/289 452/85/290 453/87/287
f 454/85/291 455/79/292 456/87/287
f 457/79/292 458/85/290 459/74/293
f 460/78/294 461/79/292 462/74/295
f 463/78/296 464/74/293 465/71/297
f 466/82/279 467/78/294 468/71/298
f 469/72/299 470/71/300 471/73/301
f 472/73/288 473/71/302 474/74/303
f 475/74/295 476/84/304 477/73/305
f 478/74/306 479/85/290 480/84/304
f 481/82/279 482/83/307 483/81/308
f 484/82/309 485/81/308 486/78/294
f 487/81/310 488/80/311 489/78/294
f 490/79/292 491/78/296 492/80/312
f 493/89/311 494/88/313 495/79/314
f 496/79/315 497/88/313 498/87/316
f 499/87/287 500/88/313 501/92/317
f 502/91/305 503/87/318 504/92/282
f 505/92/317 506/94/319 507/91/320
f 508/89/311 509/90/321 510/88/322
f 511/90/310 512/93/307 513/88/313
f 514/92/323 515/88/324 516/93/307
f 517/95/325 518/76/235 519/96/326
f 520/76/244 521/95/327 522/97/328
f 523/95/327 524/70/271 525/97/328
f 526/98/329 527/99/330 528/75/331
f 529/75/331 530/99/330 531/96/326
f 532/95/327 533/100/332 534/70/229
f 535/64/333 536/70/229 537/100/332
f 538/70/334 539/64/278 540/100/335
f 541/96/336 542/99/330 543/101/337
f 544/70/282 545/95/338 546/97/339
f 547/100/332 548/95/338 549/70/334
f 550/76/340 551/95/341 552/96/342
f 553/95/341 554/76/343 555/97/344
f 556/96/342 557/99/345 558/75/346
f 559/75/347 560/76/340 561/96/342
f 562/99/348 563/102/349 564/101/350
f 565/75/284 566/98/351 567/77/352
f 568/77/353 569/98/329 570/75/241
f 571/75/354 572/99/355 573/98/356
f 574/99/330 575/98/329 576/102/349
f 577/98/329 578/99/345 579/102/349
f 580/99/355 581/101/357 582/102/349
f 583/96/358 584/76/235 585/75/241
f 586/99/345 587/96/342 588/101/359
f 589/95/360 590/96/326 591/103/361
f 592/104/362 593/95/363 594/103/361
f 595/96/336 596/101/364 597/103/365
f 598/104/366 599/100/367 600/95/368
f 601/103/365 602/101/364 603/105/369
f 604/101/350 605/102/370 606/105/371
f 607/105/372 608/102/349 609/106/373
f 610/102/349 611/105/374 612/106/375
f 613/101/376 614/105/374 615/102/377
f 616/101/378 617/103/379 618/105/374
f 619/96/380 620/103/381 621/101/357
f 622/96/382 623/95/338 624/103/379
f 625/95/338 626/104/383 627/103/379
f 628/100/332 629/104/384 630/95/385
f 631/107/386 632/104/387 633/100/332
f 634/104/362 635/107/388 636/100/332
f 637/104/389 638/103/365 639/108/390
f 640/108/390 641/107/391 642/104/392
f 643/109/393 644/107/388 645/108/390
f 646/103/394 647/104/395 648/108/396
f 649/107/388 650/108/397 651/104/383
f 652/107/398 653/109/393 654/108/399
f 655/110/400 656/105/374 657/111/401
f 658/112/402 659/108/403 660/109/393
f 661/108/404 662/112/405 663/111/406
f 664/113/407 665/112/408 666/109/393
f 667/113/409 668/109/410 669/114/411
f 670/115/412 671/111/401 672/116/413
f 673/117/414 674/115/412 675/118/415
f 676/115/412 677/116/413 678/118/416
f 679/112/405 680/116/417 681/111/418
f 682/113/419 683/119/420 684/120/421
f 685/119/422 686/113/423 687/121/424
f 688/120/425 689/112/426 690/113/409
f 691/118/415 692/112/405 693/120/427
f 694/110/428 695/111/401 696/115/429
f 697/115/412 698/122/430 699/110/428
f 700/115/412 701/123/420 702/122/430
f 703/114/431 704/124/432 705/113/419
f 706/124/433 707/114/431 708/125/434
f 709/110/428 710/126/435 711/127/436
f 712/122/437 713/126/438 714/110/428
f 715/122/439 716/128/440 717/126/435
f 718/117/441 719/123/420 720/115/412
f 721/118/416 722/116/442 723/112/405
f 724/105/374 725/103/379 726/111/443
f 727/111/401 728/103/379 729/108/404
f 730/110/444 731/106/373 732/105/374
f 733/110/445 734/127/446 735/106/373
f 736/105/371 737/110/447 738/111/448
f 739/103/361 740/105/371 741/111/449
f 742/121/450 743/113/451 744/119/452
f 745/127/436 746/110/447 747/106/373
f 748/120/453 749/119/454 750/113/451
f 751/113/451 752/112/455 753/120/453
f 754/103/365 755/111/448 756/108/456
f 757/112/455 758/108/390 759/111/448
f 760/120/457 761/112/458 762/118/459
f 763/126/438 764/110/460 765/127/461
f 766/106/373 767/110/447 768/105/369
f 769/126/435 770/122/462 771/110/463
f 772/128/440 773/122/462 774/126/435
f 775/108/390 776/112/455 777/109/393
f 778/112/455 779/113/451 780/109/393
f 781/109/393 782/113/451 783/114/411
f 784/124/462 785/114/431 786/113/464
f 787/114/431 788/124/462 789/125/440
f 790/115/465 791/123/454 792/117/466
f 793/122/450 794/123/454 795/115/467
f 796/111/448 797/116/468 798/112/455
f 799/115/467 800/111/469 801/110/463
f 802/116/468 803/111/470 804/115/467
f 805/110/471 806/122/450 807/115/472
f 808/112/455 809/116/473 810/118/459
f 811/118/459 812/116/468 813/115/467
f 814/118/459 815/115/474 816/117/475
f 817/129/476 818/117/477 819/118/415
f 820/129/476 821/123/420 822/117/441
f 823/130/478 824/131/479 825/129/476
f 826/131/480 827/132/481 828/129/476
f 829/130/482 830/129/483 831/118/416
f 832/129/476 833/132/484 834/123/485
f 835/130/482 836/118/486 837/120/487
f 838/133/488 839/119/420 840/134/489
f 841/130/490 842/120/487 843/133/491
f 844/133/492 845/120/493 846/119/422
f 847/20/145 848/48/176 849/135/494
f 850/51/187 851/52/75 852/135/495
f 853/48/176 854/20/188 855/135/494
f 856/52/107 857/51/187 858/135/495
f 859/118/496 860/117/475 861/129/497
f 862/117/498 863/123/454 864/129/499
f 865/131/500 866/130/501 867/129/499
f 868/123/452 869/132/502 870/129/503
f 871/133/504 872/120/505 873/130/506
f 874/119/452 875/120/453 876/133/507
f 877/120/453 878/118/459 879/130/508
f 880/132/509 881/131/500 882/129/499
f 883/134/502 884/119/510 885/133/511
f 886/118/512 887/129/513 888/130/514
f 889/84/515 890/136/516 891/85/517
f 892/137/518 893/136/519 894/84/515
f 895/91/257 896/86/266 897/138/520
f 898/85/258 899/136/516 900/86/521
f 901/137/518 902/84/515 903/139/520
f 904/140/522 905/138/523 906/86/524
f 907/141/525 908/140/522 909/136/516
f 910/141/526 911/138/527 912/140/528
f 913/86/266 914/136/516 915/140/529
f 916/139/520 917/84/259 918/73/257
f 919/86/530 920/91/305 921/138/531
f 922/140/532 923/141/533 924/136/534
f 925/138/531 926/141/533 927/140/535
f 928/136/536 929/86/530 930/140/532
f 931/138/537 932/140/532 933/86/289
f 934/136/538 935/84/304 936/85/290
f 937/136/539 938/85/291 939/86/530
f 940/136/534 941/137/540 942/84/304
f 943/84/304 944/137/540 945/139/537
f 946/84/304 947/139/541 948/73/305
f 949/142/542 950/143/543 951/144/544
f 952/142/543 953/145/545 954/143/543
f 955/143/546 956/145/547 957/142/548
f 958/144/549 959/143/548 960/142/550
usemtl Creature_Humanmaleblacksmith_humanmaleblacksmith.m2_Geoset_.024
f 961/146/551 962/147/552 963/148/553
f 964/149/554 965/150/555 966/151/552
f 967/152/556 968/150/557 969/149/558
f 970/152/556 971/153/559 972/150/560
f 973/154/561 974/146/558 975/148/562
f 976/155/563 977/151/564 978/150/560
f 979/155/565 980/150/566 981/156/567
f 982/156/568 983/150/560 984/153/559
f 985/156/568 986/153/559 987/157/569
f 988/158/556 989/146/558 990/154/570
f 991/159/571 992/148/572 993/160/573
f 994/154/574 995/148/575 996/159/571
f 997/156/567 998/160/576 999/155/577
f 1000/159/578 1001/160/576 1002/156/567
f 1003/159/579 1004/156/568 1005/157/569
f 1006/157/580 1007/161/581 1008/159/578
f 1009/153/582 1010/161/583 1011/157/569
f 1012/162/584 1013/147/564 1014/163/585
f 1015/148/586 1016/147/552 1017/162/587
f 1018/164/588 1019/151/564 1020/155/563
f 1021/165/589 1022/164/590 1023/155/563
f 1024/166/591 1025/165/592 1026/155/563
f 1027/160/593 1028/162/587 1029/166/594
f 1030/148/575 1031/162/587 1032/160/576
f 1033/160/576 1034/166/594 1035/155/563
f 1036/134/595 1037/153/559 1038/152/596
f 1039/153/559 1040/134/595 1041/161/581
f 1042/130/508 1043/154/570 1044/159/578
f 1045/131/597 1046/132/509 1047/154/574
f 1048/132/509 1049/158/556 1050/154/574
f 1051/131/500 1052/154/574 1053/130/508
f 1054/161/581 1055/134/595 1056/133/598
f 1057/161/581 1058/133/599 1059/130/514
f 1060/161/600 1061/130/508 1062/159/601
f 1063/148/602 1064/147/603 1065/146/604
f 1066/151/605 1067/150/606 1068/149/604
f 1069/150/607 1070/151/605 1071/155/608
f 1072/156/609 1073/150/607 1074/155/610
f 1075/155/611 1076/160/612 1077/156/613
f 1078/156/613 1079/160/614 1080/159/615
f 1081/160/612 1082/148/616 1083/159/615
f 1084/159/617 1085/148/618 1086/154/619
f 1087/148/602 1088/146/620 1089/154/621
f 1090/154/621 1091/146/604 1092/158/622
f 1093/157/623 1094/161/624 1095/153/625
f 1096/159/626 1097/161/627 1098/157/623
f 1099/157/623 1100/156/609 1101/159/615
f 1102/149/604 1103/150/607 1104/152/622
f 1105/150/628 1106/153/625 1107/152/622
f 1108/153/625 1109/150/629 1110/156/613
f 1111/157/630 1112/153/625 1113/156/613
f 1114/163/631 1115/147/605 1116/162/632
f 1117/162/633 1118/147/605 1119/148/634
f 1120/160/612 1121/162/635 1122/148/618
f 1123/166/636 1124/162/637 1125/160/614
f 1126/155/611 1127/166/636 1128/160/614
f 1129/155/611 1130/165/638 1131/166/639
f 1132/155/611 1133/164/631 1134/165/640
f 1135/155/611 1136/151/605 1137/164/641
f 1138/161/627 1139/134/489 1140/153/625
f 1141/130/478 1142/133/491 1143/161/624
f 1144/159/617 1145/130/478 1146/161/624
f 1147/159/615 1148/154/621 1149/130/478
f 1150/154/621 1151/158/642 1152/132/643
f 1153/154/621 1154/132/644 1155/131/645
f 1156/130/482 1157/154/646 1158/131/479
f 1159/152/647 1160/153/625 1161/134/643
f 1162/133/492 1163/134/484 1164/161/648
usemtl Creature_Humanmaleblacksmith_humanmaleblacksmith.m2_Geoset_.023
f 1165/167/649 1166/168/650 1167/169/651
f 1168/169/652 1169/170/188 1170/171/653
f 1171/167/654 1172/169/655 1173/168/656
f 1174/168/657 1175/169/658 1176/172/659
f 1177/173/660 1178/169/652 1179/174/661
f 1180/169/652 1181/171/653 1182/174/662
f 1183/171/663 1184/175/664 1185/174/662
f 1186/168/650 1187/172/665 1188/169/652
f 1189/169/666 1190/171/667 1191/170/75
f 1192/169/652 1193/172/668 1194/42/105
f 1195/170/130 1196/169/652 1197/42/101
f 1198/169/666 1199/42/101 1200/172/665
f 1201/171/669 1202/174/670 1203/175/671
f 1204/169/672 1205/174/670 1206/171/667
f 1207/173/654 1208/174/673 1209/169/666
f 1210/170/75 1211/42/105 1212/169/672
f 1213/170/124 1214/176/674 1215/171/663
f 1216/177/675 1217/171/676 1218/175/671
f 1219/176/677 1220/171/678 1221/177/679
f 1222/170/75 1223/171/667 1224/176/677
f 1225/177/680 1226/175/681 1227/171/653
f 1228/176/682 1229/177/683 1230/171/653
usemtl Creature_Humanmaleblacksmith_humanmaleblacksmith.m2_Geoset_.022
f 1231/178/684 1232/49/685 1233/179/686
f 1234/49/685 1235/180/687 1236/181/688
f 1237/49/689 1238/181/690 1239/180/687
f 1240/49/685 1241/178/684 1242/181/690
f 1243/178/684 1244/179/691 1245/182/692
f 1246/179/693 1247/183/694 1248/182/692
f 1249/49/695 1250/181/696 1251/178/697
f 1252/178/697 1253/179/691 1254/49/689
f 1255/178/698 1256/182/699 1257/179/691
f 1258/179/693 1259/182/700 1260/183/701
f 1261/184/702 1262/182/692 1263/185/495
f 1264/178/697 1265/181/688 1266/177/680
f 1267/178/703 1268/177/704 1269/182/705
f 1270/182/700 1271/177/683 1272/176/706
f 1273/182/707 1274/184/702 1275/176/708
f 1276/182/699 1277/176/706 1278/184/709
f 1279/184/709 1280/185/495 1281/182/710
f 1282/182/705 1283/185/495 1284/183/711
f 1285/182/712 1286/183/713 1287/185/495
f 1288/182/712 1289/176/714 1290/177/679
f 1291/178/684 1292/182/715 1293/177/716
f 1294/178/684 1295/177/717 1296/181/690
usemtl Creature_Humanmaleblacksmith_humanmaleblacksmith.m2_Geoset_.021
f 1297/18/68 1298/17/162 1299/186/718
f 1300/18/719 1301/186/720 1302/17/73
f 1303/186/721 1304/6/43 1305/17/73
f 1306/6/62 1307/186/721 1308/187/722
f 1309/6/43 1310/187/723 1311/1/724
f 1312/186/721 1313/1/42 1314/187/722
f 1315/186/721 1316/3/50 1317/1/42
f 1318/186/725 1319/18/193 1320/3/50
f 1321/186/726 1322/3/727 1323/18/728
f 1324/186/729 1325/1/730 1326/3/60
f 1327/186/729 1328/187/731 1329/1/1
f 1330/6/64 1331/1/1 1332/187/732
f 1333/6/52 1334/187/732 1335/186/729
f 1336/186/729 1337/17/162 1338/6/52
usemtl Creature_Humanmaleblacksmith_humanmaleblacksmith.m2_Geoset_.020
f 1339/188/733 1340/189/734 1341/190/735
f 1342/191/736 1343/192/737 1344/188/733
f 1345/193/738 1346/194/739 1347/195/740
f 1348/196/741 1349/197/742 1350/198/743
f 1351/198/744 1352/199/745 1353/196/741
f 1354/199/745 1355/194/746 1356/196/747
f 1357/194/739 1358/199/745 1359/200/748
f 1360/194/739 1361/200/748 1362/201/749
f 1363/202/750 1364/194/739 1365/201/749
f 1366/203/751 1367/201/749 1368/204/752
f 1369/202/753 1370/201/749 1371/203/754
f 1372/205/755 1373/194/746 1374/193/756
f 1375/194/746 1376/205/755 1377/196/741
f 1378/196/747 1379/205/755 1380/189/757
f 1381/196/741 1382/189/757 1383/197/754
f 1384/189/734 1385/188/758 1386/197/754
f 1387/188/733 1388/192/759 1389/197/751
f 1390/195/760 1391/194/746 1392/206/761
f 1393/202/750 1394/207/762 1395/194/746
f 1396/206/761 1397/194/763 1398/207/764
f 1399/208/765 1400/209/766 1401/203/751
f 1402/210/767 1403/211/768 1404/212/769
f 1405/213/770 1406/210/771 1407/212/772
f 1408/214/773 1409/210/774 1410/213/770
f 1411/213/775 1412/209/776 1413/214/777
f 1414/212/778 1415/211/766 1416/207/779
f 1417/212/769 1418/207/764 1419/202/750
f 1420/203/751 1421/212/769 1422/202/780
f 1423/213/770 1424/212/769 1425/203/742
f 1426/203/751 1427/209/766 1428/213/770
f 1429/215/781 1430/216/782 1431/217/783
f 1432/217/784 1433/210/767 1434/215/781
f 1435/216/782 1436/211/785 1437/210/767
f 1438/216/782 1439/210/771 1440/217/786
f 1441/215/787 1442/214/773 1443/218/782
f 1444/215/781 1445/210/767 1446/214/788
f 1447/218/782 1448/214/789 1449/209/785
f 1450/188/759 1451/219/790 1452/220/766
f 1453/221/791 1454/220/766 1455/219/792
f 1456/221/793 1457/219/761 1458/222/794
f 1459/223/795 1460/206/792 1461/224/796
f 1462/224/797 1463/206/761 1464/207/779
f 1465/224/797 1466/207/798 1467/225/791
f 1468/225/799 1469/207/762 1470/211/800
f 1471/226/801 1472/225/799 1473/227/802
f 1474/226/803 1475/224/796 1476/225/804
f 1477/228/805 1478/224/796 1479/226/801
f 1480/228/806 1481/223/807 1482/224/808
f 1483/229/802 1484/230/809 1485/231/810
f 1486/229/802 1487/222/807 1488/230/809
f 1489/229/811 1490/221/793 1491/222/807
f 1492/232/812 1493/195/760 1494/206/813
f 1495/233/814 1496/234/815 1497/235/816
f 1498/236/817 1499/195/740 1500/237/818
f 1501/190/819 1502/189/820 1503/238/821
f 1504/238/821 1505/189/822 1506/205/755
f 1507/238/821 1508/205/823 1509/239/824
f 1510/239/825 1511/205/823 1512/193/819
f 1513/233/814 1514/235/826 1515/240/827
f 1516/240/827 1517/235/828 1518/241/829
f 1519/240/827 1520/241/830 1521/242/831
f 1522/240/827 1523/242/832 1524/233/814
f 1525/243/833 1526/244/834 1527/245/835
f 1528/243/833 1529/246/836 1530/244/837
f 1531/247/838 1532/232/812 1533/248/833
f 1534/247/838 1535/249/839 1536/232/840
f 1537/250/841 1538/242/842 1539/231/843
f 1540/250/835 1541/251/844 1542/242/838
f 1543/250/841 1544/252/837 1545/251/839
f 1546/253/845 1547/190/819 1548/238/821
f 1549/239/824 1550/193/819 1551/254/846
f 1552/252/837 1553/192/759 1554/191/760
f 1555/252/837 1556/191/847 1557/251/844
f 1558/249/844 1559/195/740 1560/232/836
f 1561/236/830 1562/193/756 1563/195/760
f 1564/255/848 1565/238/821 1566/239/824
f 1567/242/849 1568/253/850 1569/238/821
f 1570/242/851 1571/238/852 1572/255/848
f 1573/255/853 1574/256/854 1575/242/851
f 1576/255/855 1577/239/856 1578/256/854
f 1579/256/854 1580/239/857 1581/257/858
f 1582/257/851 1583/239/825 1584/254/845
f 1585/258/814 1586/236/829 1587/237/859
f 1588/259/831 1589/236/829 1590/258/814
f 1591/235/828 1592/190/756 1593/241/830
f 1594/235/828 1595/188/733 1596/190/860
f 1597/260/861 1598/188/733 1599/235/828
f 1600/234/818 1601/260/862 1602/235/828
f 1603/261/863 1604/208/765 1605/244/837
f 1606/246/836 1607/261/813 1608/244/837
f 1609/204/743 1610/201/864 1611/137/865
f 1612/201/866 1613/200/748 1614/136/519
f 1615/136/867 1616/137/518 1617/201/749
f 1618/200/868 1619/199/745 1620/136/516
f 1621/199/745 1622/141/526 1623/136/516
f 1624/199/745 1625/138/527 1626/141/526
f 1627/138/520 1628/199/745 1629/198/752
f 1630/137/869 1631/139/520 1632/204/743
f 1633/256/870 1634/255/871 1635/242/872
f 1636/242/873 1637/240/874 1638/233/875
f 1639/242/876 1640/250/877 1641/231/878
f 1642/236/879 1643/258/875 1644/237/880
f 1645/251/881 1646/250/877 1647/242/882
f 1648/249/883 1649/247/882 1650/232/884
f 1651/232/885 1652/247/882 1653/248/878
f 1654/246/886 1655/243/878 1656/244/887
f 1657/244/887 1658/243/878 1659/245/888
f 1660/239/889 1661/257/872 1662/254/890
f 1663/252/887 1664/250/877 1665/251/881
f 1666/236/891 1667/259/873 1668/258/875
f 1669/238/892 1670/255/893 1671/239/889
f 1672/253/890 1673/242/894 1674/238/895
f 1675/238/896 1676/242/872 1677/255/897
f 1678/234/898 1679/233/899 1680/235/900
f 1681/235/901 1682/233/875 1683/240/874
f 1684/239/902 1685/256/870 1686/257/903
f 1687/235/901 1688/240/874 1689/241/879
f 1690/241/879 1691/240/904 1692/242/905
f 1693/239/906 1694/255/897 1695/256/870
f 1696/195/907 1697/249/908 1698/232/884
f 1699/189/909 1700/188/910 1701/190/911
f 1702/191/912 1703/252/887 1704/251/913
f 1705/192/914 1706/191/915 1707/188/910
f 1708/192/914 1709/252/887 1710/191/907
f 1711/195/916 1712/236/879 1713/237/898
f 1714/193/911 1715/236/917 1716/195/907
f 1717/260/907 1718/234/918 1719/235/901
f 1720/190/911 1721/235/919 1722/241/879
f 1723/188/910 1724/235/919 1725/190/920
f 1726/189/921 1727/190/922 1728/238/923
f 1729/189/909 1730/238/924 1731/205/925
f 1732/205/926 1733/238/896 1734/239/889
f 1735/205/927 1736/239/906 1737/193/922
f 1738/193/928 1739/239/902 1740/254/929
f 1741/190/922 1742/253/930 1743/238/892
f 1744/188/910 1745/260/907 1746/235/919
f 1747/208/931 1748/261/932 1749/244/887
f 1750/195/907 1751/232/933 1752/206/934
f 1753/261/932 1754/246/933 1755/244/887
f 1756/194/935 1757/195/907 1758/206/936
f 1759/201/937 1760/202/938 1761/203/939
f 1762/200/940 1763/202/938 1764/201/937
f 1765/201/937 1766/203/941 1767/204/942
f 1768/194/943 1769/202/944 1770/200/940
f 1771/199/945 1772/194/943 1773/200/946
f 1774/194/943 1775/199/945 1776/196/947
f 1777/199/948 1778/198/949 1779/196/950
f 1780/197/941 1781/196/947 1782/198/949
f 1783/192/951 1784/188/910 1785/197/952
f 1786/188/910 1787/189/909 1788/197/953
f 1789/189/909 1790/196/954 1791/197/941
f 1792/205/927 1793/196/955 1794/189/909
f 1795/207/956 1796/202/944 1797/194/943
f 1798/205/927 1799/194/957 1800/196/947
f 1801/194/935 1802/205/927 1803/193/922
f 1804/194/943 1805/206/958 1806/207/959
f 1807/194/935 1808/193/928 1809/195/912
f 1810/209/960 1811/208/914 1812/203/941
f 1813/210/961 1814/217/962 1815/215/963
f 1816/211/960 1817/212/964 1818/207/959
f 1819/207/956 1820/212/964 1821/202/944
f 1822/212/965 1823/203/966 1824/202/944
f 1825/212/964 1826/213/967 1827/203/953
f 1828/219/968 1829/188/951 1830/220/960
f 1831/209/960 1832/203/939 1833/213/969
f 1834/211/970 1835/210/961 1836/212/964
f 1837/210/971 1838/213/969 1839/212/964
f 1840/210/961 1841/214/972 1842/213/969
f 1843/214/972 1844/218/973 1845/209/974
f 1846/209/970 1847/213/969 1848/214/972
f 1849/210/961 1850/215/975 1851/214/976
f 1852/214/976 1853/215/977 1854/218/978
f 1855/210/961 1856/216/973 1857/217/979
f 1858/211/974 1859/216/978 1860/210/971
f 1861/216/980 1862/215/963 1863/217/962
f 1864/220/960 1865/221/981 1866/219/982
f 1867/224/983 1868/226/984 1869/225/985
f 1870/221/981 1871/229/986 1872/222/987
f 1873/206/958 1874/223/987 1875/224/983
f 1876/225/981 1877/226/988 1878/227/986
f 1879/222/989 1880/229/986 1881/230/990
f 1882/207/959 1883/225/981 1884/211/960
f 1885/224/991 1886/228/990 1887/226/984
f 1888/207/959 1889/224/983 1890/225/992
f 1891/206/958 1892/224/983 1893/207/959
f 1894/230/990 1895/229/993 1896/231/984
f 1897/223/987 1898/228/990 1899/224/983
f 1900/219/958 1901/221/981 1902/222/989
f 1903/201/937 1904/204/994 1905/137/540
f 1906/200/940 1907/201/937 1908/136/534
f 1909/139/541 1910/137/540 1911/204/949
f 1912/199/945 1913/200/946 1914/136/534
f 1915/199/948 1916/138/537 1917/198/995
f 1918/137/540 1919/136/538 1920/201/937
f 1921/138/537 1922/199/945 1923/141/533
f 1924/141/533 1925/199/948 1926/136/996
usemtl Creature_Humanmaleblacksmith_humanmaleblacksmith.m2_Geoset_.019
f 1927/262/997 1928/263/998 1929/264/999
f 1930/262/997 1931/264/999 1932/265/1000
f 1933/266/1001 1934/262/997 1935/265/1002
f 1936/267/1003 1937/268/1004 1938/269/1005
f 1939/269/1005 1940/268/1006 1941/270/1007
f 1942/269/1005 1943/270/1008 1944/264/999
f 1945/264/1009 1946/270/1008 1947/265/1010
f 1948/271/1011 1949/272/1005 1950/273/1012
f 1951/274/1013 1952/271/1014 1953/273/1015
f 1954/275/1007 1955/276/1016 1956/274/1013
f 1957/276/1016 1958/271/1017 1959/274/1018
f 1960/277/1019 1961/275/1008 1962/274/1020
f 1963/273/1021 1964/277/1022 1965/274/1023
f 1966/265/1024 1967/270/1008 1968/164/1025
f 1969/164/588 1970/266/1001 1971/265/1002
f 1972/164/1026 1973/165/589 1974/266/1027
f 1975/266/1001 1976/165/589 1977/262/1028
f 1978/262/997 1979/165/589 1980/263/1029
f 1981/263/1030 1982/166/591 1983/264/1031
f 1984/272/1005 1985/264/999 1986/166/1032
f 1987/272/1033 1988/166/1034 1989/273/1035
f 1990/263/998 1991/165/1036 1992/166/591
f 1993/163/585 1994/275/1037 1995/277/1019
f 1996/163/585 1997/277/1038 1998/278/1039
f 1999/278/1039 2000/277/1038 2001/273/1015
f 2002/278/1040 2003/273/1015 2004/166/1034
f 2005/265/1041 2006/262/1042 2007/266/1043
f 2008/264/1044 2009/263/1045 2010/262/1046
f 2011/265/1041 2012/264/1044 2013/262/1047
f 2014/274/1048 2015/275/1049 2016/277/1050
f 2017/274/1051 2018/276/1052 2019/275/1049
f 2020/273/1053 2021/272/1054 2022/271/1055
f 2023/269/1054 2024/268/1056 2025/267/1057
f 2026/265/1041 2027/270/1058 2028/264/1044
f 2029/264/1044 2030/270/1059 2031/269/1054
f 2032/274/1051 2033/271/1055 2034/276/1060
f 2035/273/1061 2036/271/1055 2037/274/1062
f 2038/274/1063 2039/277/1050 2040/273/1061
f 2041/270/1059 2042/268/1064 2043/269/1065
f 2044/164/1066 2045/270/1059 2046/265/1041
f 2047/266/1043 2048/165/640 2049/164/631
f 2050/273/1053 2051/166/636 2052/272/1067
f 2053/166/636 2054/264/1044 2055/272/1068
f 2056/262/1046 2057/165/638 2058/266/1043
f 2059/263/1069 2060/165/638 2061/262/1042
f 2062/264/1070 2063/166/1071 2064/263/1069
f 2065/277/1072 2066/275/1049 2067/163/1073
f 2068/278/1074 2069/277/1072 2070/163/631
f 2071/273/1061 2072/277/1072 2073/278/1074
f 2074/166/1075 2075/273/1053 2076/278/1074
f 2077/166/636 2078/165/1076 2079/263/1069
f 2080/265/1041 2081/266/1077 2082/164/1073
# --- zbase: round base added by build_models.py (r=0.50000, t=0.10000, model units) ---
s off
v 0.618660 -0.109930 0.072190
v 0.614382 -0.109930 0.137453
v 0.601623 -0.109930 0.201600
v 0.580600 -0.109930 0.263532
v 0.551673 -0.109930 0.322190
v 0.515337 -0.109930 0.376571
v 0.472213 -0.109930 0.425743
v 0.423041 -0.109930 0.468867
v 0.368660 -0.109930 0.505203
v 0.310002 -0.109930 0.534130
v 0.248070 -0.109930 0.555153
v 0.183923 -0.109930 0.567912
v 0.118660 -0.109930 0.572190
v 0.053397 -0.109930 0.567912
v -0.010750 -0.109930 0.555153
v -0.072682 -0.109930 0.534130
v -0.131340 -0.109930 0.505203
v -0.185721 -0.109930 0.468867
v -0.234893 -0.109930 0.425743
v -0.278017 -0.109930 0.376571
v -0.314353 -0.109930 0.322190
v -0.343280 -0.109930 0.263532
v -0.364303 -0.109930 0.201600
v -0.377062 -0.109930 0.137453
v -0.381340 -0.109930 0.072190
v -0.377062 -0.109930 0.006927
v -0.364303 -0.109930 -0.057220
v -0.343280 -0.109930 -0.119152
v -0.314353 -0.109930 -0.177810
v -0.278017 -0.109930 -0.232191
v -0.234893 -0.109930 -0.281363
v -0.185721 -0.109930 -0.324487
v -0.131340 -0.109930 -0.360823
v -0.072682 -0.109930 -0.389750
v -0.010750 -0.109930 -0.410773
v 0.053397 -0.109930 -0.423532
v 0.118660 -0.109930 -0.427810
v 0.183923 -0.109930 -0.423532
v 0.248070 -0.109930 -0.410773
v 0.310002 -0.109930 -0.389750
v 0.368660 -0.109930 -0.360823
v 0.423041 -0.109930 -0.324487
v 0.472213 -0.109930 -0.281363
v 0.515337 -0.109930 -0.232191
v 0.551673 -0.109930 -0.177810
v 0.580600 -0.109930 -0.119152
v 0.601623 -0.109930 -0.057220
v 0.614382 -0.109930 0.006927
v 0.618660 -0.034930 0.072190
v 0.614382 -0.034930 0.137453
v 0.601623 -0.034930 0.201600
v 0.580600 -0.034930 0.263532
v 0.551673 -0.034930 0.322190
v 0.515337 -0.034930 0.376571
v 0.472213 -0.034930 0.425743
v 0.423041 -0.034930 0.468867
v 0.368660 -0.034930 0.505203
v 0.310002 -0.034930 0.534130
v 0.248070 -0.034930 0.555153
v 0.183923 -0.034930 0.567912
v 0.118660 -0.034930 0.572190
v 0.053397 -0.034930 0.567912
v -0.010750 -0.034930 0.555153
v -0.072682 -0.034930 0.534130
v -0.131340 -0.034930 0.505203
v -0.185721 -0.034930 0.468867
v -0.234893 -0.034930 0.425743
v -0.278017 -0.034930 0.376571
v -0.314353 -0.034930 0.322190
v -0.343280 -0.034930 0.263532
v -0.364303 -0.034930 0.201600
v -0.377062 -0.034930 0.137453
v -0.381340 -0.034930 0.072190
v -0.377062 -0.034930 0.006927
v -0.364303 -0.034930 -0.057220
v -0.343280 -0.034930 -0.119152
v -0.314353 -0.034930 -0.177810
v -0.278017 -0.034930 -0.232191
v -0.234893 -0.034930 -0.281363
v -0.185721 -0.034930 -0.324487
v -0.131340 -0.034930 -0.360823
v -0.072682 -0.034930 -0.389750
v -0.010750 -0.034930 -0.410773
v 0.053397 -0.034930 -0.423532
v 0.118660 -0.034930 -0.427810
v 0.183923 -0.034930 -0.423532
v 0.248070 -0.034930 -0.410773
v 0.310002 -0.034930 -0.389750
v 0.368660 -0.034930 -0.360823
v 0.423041 -0.034930 -0.324487
v 0.472213 -0.034930 -0.281363
v 0.515337 -0.034930 -0.232191
v 0.551673 -0.034930 -0.177810
v 0.580600 -0.034930 -0.119152
v 0.601623 -0.034930 -0.057220
v 0.614382 -0.034930 0.006927
v 0.603660 -0.009930 0.072190
v 0.599511 -0.009930 0.135495
v 0.587134 -0.009930 0.197717
v 0.566742 -0.009930 0.257791
v 0.538682 -0.009930 0.314690
v 0.503436 -0.009930 0.367439
v 0.461607 -0.009930 0.415137
v 0.413909 -0.009930 0.456966
v 0.361160 -0.009930 0.492212
v 0.304261 -0.009930 0.520272
v 0.244187 -0.009930 0.540664
v 0.181965 -0.009930 0.553041
v 0.118660 -0.009930 0.557190
v 0.055355 -0.009930 0.553041
v -0.006867 -0.009930 0.540664
v -0.066941 -0.009930 0.520272
v -0.123840 -0.009930 0.492212
v -0.176589 -0.009930 0.456966
v -0.224287 -0.009930 0.415137
v -0.266116 -0.009930 0.367439
v -0.301362 -0.009930 0.314690
v -0.329422 -0.009930 0.257791
v -0.349814 -0.009930 0.197717
v -0.362191 -0.009930 0.135495
v -0.366340 -0.009930 0.072190
v -0.362191 -0.009930 0.008885
v -0.349814 -0.009930 -0.053337
v -0.329422 -0.009930 -0.113411
v -0.301362 -0.009930 -0.170310
v -0.266116 -0.009930 -0.223059
v -0.224287 -0.009930 -0.270757
v -0.176589 -0.009930 -0.312586
v -0.123840 -0.009930 -0.347832
v -0.066941 -0.009930 -0.375892
v -0.006867 -0.009930 -0.396284
v 0.055355 -0.009930 -0.408661
v 0.118660 -0.009930 -0.412810
v 0.181965 -0.009930 -0.408661
v 0.244187 -0.009930 -0.396284
v 0.304261 -0.009930 -0.375892
v 0.361160 -0.009930 -0.347832
v 0.413909 -0.009930 -0.312586
v 0.461607 -0.009930 -0.270757
v 0.503436 -0.009930 -0.223059
v 0.538682 -0.009930 -0.170310
v 0.566742 -0.009930 -0.113411
v 0.587134 -0.009930 -0.053337
v 0.599511 -0.009930 0.008885
v 0.118660 -0.109930 0.072190
v 0.118660 -0.009930 0.072190
vt 0.199219 0.785156
vn 0 -1 0
vn 0 1 0
vn 1.000000 0 0.000000
vn 0.991445 0 0.130526
vn 0.965926 0 0.258819
vn 0.923880 0 0.382683
vn 0.866025 0 0.500000
vn 0.793353 0 0.608761
vn 0.707107 0 0.707107
vn 0.608761 0 0.793353
vn 0.500000 0 0.866025
vn 0.382683 0 0.923880
vn 0.258819 0 0.965926
vn 0.130526 0 0.991445
vn 0.000000 0 1.000000
vn -0.130526 0 0.991445
vn -0.258819 0 0.965926
vn -0.382683 0 0.923880
vn -0.500000 0 0.866025
vn -0.608761 0 0.793353
vn -0.707107 0 0.707107
vn -0.793353 0 0.608761
vn -0.866025 0 0.500000
vn -0.923880 0 0.382683
vn -0.965926 0 0.258819
vn -0.991445 0 0.130526
vn -1.000000 0 0.000000
vn -0.991445 0 -0.130526
vn -0.965926 0 -0.258819
vn -0.923880 0 -0.382683
vn -0.866025 0 -0.500000
vn -0.793353 0 -0.608761
vn -0.707107 0 -0.707107
vn -0.608761 0 -0.793353
vn -0.500000 0 -0.866025
vn -0.382683 0 -0.923880
vn -0.258819 0 -0.965926
vn -0.130526 0 -0.991445
vn -0.000000 0 -1.000000
vn 0.130526 0 -0.991445
vn 0.258819 0 -0.965926
vn 0.382683 0 -0.923880
vn 0.500000 0 -0.866025
vn 0.608761 0 -0.793353
vn 0.707107 0 -0.707107
vn 0.793353 0 -0.608761
vn 0.866025 0 -0.500000
vn 0.923880 0 -0.382683
vn 0.965926 0 -0.258819
vn 0.991445 0 -0.130526
vn 0.857493 0.514496 0.000000
vn 0.850157 0.514496 0.111925
vn 0.828275 0.514496 0.221936
vn 0.792220 0.514496 0.328148
vn 0.742611 0.514496 0.428746
vn 0.680295 0.514496 0.522009
vn 0.606339 0.514496 0.606339
vn 0.522009 0.514496 0.680295
vn 0.428746 0.514496 0.742611
vn 0.328148 0.514496 0.792220
vn 0.221936 0.514496 0.828275
vn 0.111925 0.514496 0.850157
vn 0.000000 0.514496 0.857493
vn -0.111925 0.514496 0.850157
vn -0.221936 0.514496 0.828275
vn -0.328148 0.514496 0.792220
vn -0.428746 0.514496 0.742611
vn -0.522009 0.514496 0.680295
vn -0.606339 0.514496 0.606339
vn -0.680295 0.514496 0.522009
vn -0.742611 0.514496 0.428746
vn -0.792220 0.514496 0.328148
vn -0.828275 0.514496 0.221936
vn -0.850157 0.514496 0.111925
vn -0.857493 0.514496 0.000000
vn -0.850157 0.514496 -0.111925
vn -0.828275 0.514496 -0.221936
vn -0.792220 0.514496 -0.328148
vn -0.742611 0.514496 -0.428746
vn -0.680295 0.514496 -0.522009
vn -0.606339 0.514496 -0.606339
vn -0.522009 0.514496 -0.680295
vn -0.428746 0.514496 -0.742611
vn -0.328148 0.514496 -0.792220
vn -0.221936 0.514496 -0.828275
vn -0.111925 0.514496 -0.850157
vn -0.000000 0.514496 -0.857493
vn 0.111925 0.514496 -0.850157
vn 0.221936 0.514496 -0.828275
vn 0.328148 0.514496 -0.792220
vn 0.428746 0.514496 -0.742611
vn 0.522009 0.514496 -0.680295
vn 0.606339 0.514496 -0.606339
vn 0.680295 0.514496 -0.522009
vn 0.742611 0.514496 -0.428746
vn 0.792220 0.514496 -0.328148
vn 0.828275 0.514496 -0.221936
vn 0.850157 0.514496 -0.111925
f 2335/279/1078 2191/279/1078 2192/279/1078
f 2191/279/1080 2239/279/1080 2240/279/1081 2192/279/1081
f 2239/279/1128 2287/279/1128 2288/279/1129 2240/279/1129
f 2336/279/1079 2288/279/1079 2287/279/1079
f 2335/279/1078 2192/279/1078 2193/279/1078
f 2192/279/1081 2240/279/1081 2241/279/1082 2193/279/1082
f 2240/279/1129 2288/279/1129 2289/279/1130 2241/279/1130
f 2336/279/1079 2289/279/1079 2288/279/1079
f 2335/279/1078 2193/279/1078 2194/279/1078
f 2193/279/1082 2241/279/1082 2242/279/1083 2194/279/1083
f 2241/279/1130 2289/279/1130 2290/279/1131 2242/279/1131
f 2336/279/1079 2290/279/1079 2289/279/1079
f 2335/279/1078 2194/279/1078 2195/279/1078
f 2194/279/1083 2242/279/1083 2243/279/1084 2195/279/1084
f 2242/279/1131 2290/279/1131 2291/279/1132 2243/279/1132
f 2336/279/1079 2291/279/1079 2290/279/1079
f 2335/279/1078 2195/279/1078 2196/279/1078
f 2195/279/1084 2243/279/1084 2244/279/1085 2196/279/1085
f 2243/279/1132 2291/279/1132 2292/279/1133 2244/279/1133
f 2336/279/1079 2292/279/1079 2291/279/1079
f 2335/279/1078 2196/279/1078 2197/279/1078
f 2196/279/1085 2244/279/1085 2245/279/1086 2197/279/1086
f 2244/279/1133 2292/279/1133 2293/279/1134 2245/279/1134
f 2336/279/1079 2293/279/1079 2292/279/1079
f 2335/279/1078 2197/279/1078 2198/279/1078
f 2197/279/1086 2245/279/1086 2246/279/1087 2198/279/1087
f 2245/279/1134 2293/279/1134 2294/279/1135 2246/279/1135
f 2336/279/1079 2294/279/1079 2293/279/1079
f 2335/279/1078 2198/279/1078 2199/279/1078
f 2198/279/1087 2246/279/1087 2247/279/1088 2199/279/1088
f 2246/279/1135 2294/279/1135 2295/279/1136 2247/279/1136
f 2336/279/1079 2295/279/1079 2294/279/1079
f 2335/279/1078 2199/279/1078 2200/279/1078
f 2199/279/1088 2247/279/1088 2248/279/1089 2200/279/1089
f 2247/279/1136 2295/279/1136 2296/279/1137 2248/279/1137
f 2336/279/1079 2296/279/1079 2295/279/1079
f 2335/279/1078 2200/279/1078 2201/279/1078
f 2200/279/1089 2248/279/1089 2249/279/1090 2201/279/1090
f 2248/279/1137 2296/279/1137 2297/279/1138 2249/279/1138
f 2336/279/1079 2297/279/1079 2296/279/1079
f 2335/279/1078 2201/279/1078 2202/279/1078
f 2201/279/1090 2249/279/1090 2250/279/1091 2202/279/1091
f 2249/279/1138 2297/279/1138 2298/279/1139 2250/279/1139
f 2336/279/1079 2298/279/1079 2297/279/1079
f 2335/279/1078 2202/279/1078 2203/279/1078
f 2202/279/1091 2250/279/1091 2251/279/1092 2203/279/1092
f 2250/279/1139 2298/279/1139 2299/279/1140 2251/279/1140
f 2336/279/1079 2299/279/1079 2298/279/1079
f 2335/279/1078 2203/279/1078 2204/279/1078
f 2203/279/1092 2251/279/1092 2252/279/1093 2204/279/1093
f 2251/279/1140 2299/279/1140 2300/279/1141 2252/279/1141
f 2336/279/1079 2300/279/1079 2299/279/1079
f 2335/279/1078 2204/279/1078 2205/279/1078
f 2204/279/1093 2252/279/1093 2253/279/1094 2205/279/1094
f 2252/279/1141 2300/279/1141 2301/279/1142 2253/279/1142
f 2336/279/1079 2301/279/1079 2300/279/1079
f 2335/279/1078 2205/279/1078 2206/279/1078
f 2205/279/1094 2253/279/1094 2254/279/1095 2206/279/1095
f 2253/279/1142 2301/279/1142 2302/279/1143 2254/279/1143
f 2336/279/1079 2302/279/1079 2301/279/1079
f 2335/279/1078 2206/279/1078 2207/279/1078
f 2206/279/1095 2254/279/1095 2255/279/1096 2207/279/1096
f 2254/279/1143 2302/279/1143 2303/279/1144 2255/279/1144
f 2336/279/1079 2303/279/1079 2302/279/1079
f 2335/279/1078 2207/279/1078 2208/279/1078
f 2207/279/1096 2255/279/1096 2256/279/1097 2208/279/1097
f 2255/279/1144 2303/279/1144 2304/279/1145 2256/279/1145
f 2336/279/1079 2304/279/1079 2303/279/1079
f 2335/279/1078 2208/279/1078 2209/279/1078
f 2208/279/1097 2256/279/1097 2257/279/1098 2209/279/1098
f 2256/279/1145 2304/279/1145 2305/279/1146 2257/279/1146
f 2336/279/1079 2305/279/1079 2304/279/1079
f 2335/279/1078 2209/279/1078 2210/279/1078
f 2209/279/1098 2257/279/1098 2258/279/1099 2210/279/1099
f 2257/279/1146 2305/279/1146 2306/279/1147 2258/279/1147
f 2336/279/1079 2306/279/1079 2305/279/1079
f 2335/279/1078 2210/279/1078 2211/279/1078
f 2210/279/1099 2258/279/1099 2259/279/1100 2211/279/1100
f 2258/279/1147 2306/279/1147 2307/279/1148 2259/279/1148
f 2336/279/1079 2307/279/1079 2306/279/1079
f 2335/279/1078 2211/279/1078 2212/279/1078
f 2211/279/1100 2259/279/1100 2260/279/1101 2212/279/1101
f 2259/279/1148 2307/279/1148 2308/279/1149 2260/279/1149
f 2336/279/1079 2308/279/1079 2307/279/1079
f 2335/279/1078 2212/279/1078 2213/279/1078
f 2212/279/1101 2260/279/1101 2261/279/1102 2213/279/1102
f 2260/279/1149 2308/279/1149 2309/279/1150 2261/279/1150
f 2336/279/1079 2309/279/1079 2308/279/1079
f 2335/279/1078 2213/279/1078 2214/279/1078
f 2213/279/1102 2261/279/1102 2262/279/1103 2214/279/1103
f 2261/279/1150 2309/279/1150 2310/279/1151 2262/279/1151
f 2336/279/1079 2310/279/1079 2309/279/1079
f 2335/279/1078 2214/279/1078 2215/279/1078
f 2214/279/1103 2262/279/1103 2263/279/1104 2215/279/1104
f 2262/279/1151 2310/279/1151 2311/279/1152 2263/279/1152
f 2336/279/1079 2311/279/1079 2310/279/1079
f 2335/279/1078 2215/279/1078 2216/279/1078
f 2215/279/1104 2263/279/1104 2264/279/1105 2216/279/1105
f 2263/279/1152 2311/279/1152 2312/279/1153 2264/279/1153
f 2336/279/1079 2312/279/1079 2311/279/1079
f 2335/279/1078 2216/279/1078 2217/279/1078
f 2216/279/1105 2264/279/1105 2265/279/1106 2217/279/1106
f 2264/279/1153 2312/279/1153 2313/279/1154 2265/279/1154
f 2336/279/1079 2313/279/1079 2312/279/1079
f 2335/279/1078 2217/279/1078 2218/279/1078
f 2217/279/1106 2265/279/1106 2266/279/1107 2218/279/1107
f 2265/279/1154 2313/279/1154 2314/279/1155 2266/279/1155
f 2336/279/1079 2314/279/1079 2313/279/1079
f 2335/279/1078 2218/279/1078 2219/279/1078
f 2218/279/1107 2266/279/1107 2267/279/1108 2219/279/1108
f 2266/279/1155 2314/279/1155 2315/279/1156 2267/279/1156
f 2336/279/1079 2315/279/1079 2314/279/1079
f 2335/279/1078 2219/279/1078 2220/279/1078
f 2219/279/1108 2267/279/1108 2268/279/1109 2220/279/1109
f 2267/279/1156 2315/279/1156 2316/279/1157 2268/279/1157
f 2336/279/1079 2316/279/1079 2315/279/1079
f 2335/279/1078 2220/279/1078 2221/279/1078
f 2220/279/1109 2268/279/1109 2269/279/1110 2221/279/1110
f 2268/279/1157 2316/279/1157 2317/279/1158 2269/279/1158
f 2336/279/1079 2317/279/1079 2316/279/1079
f 2335/279/1078 2221/279/1078 2222/279/1078
f 2221/279/1110 2269/279/1110 2270/279/1111 2222/279/1111
f 2269/279/1158 2317/279/1158 2318/279/1159 2270/279/1159
f 2336/279/1079 2318/279/1079 2317/279/1079
f 2335/279/1078 2222/279/1078 2223/279/1078
f 2222/279/1111 2270/279/1111 2271/279/1112 2223/279/1112
f 2270/279/1159 2318/279/1159 2319/279/1160 2271/279/1160
f 2336/279/1079 2319/279/1079 2318/279/1079
f 2335/279/1078 2223/279/1078 2224/279/1078
f 2223/279/1112 2271/279/1112 2272/279/1113 2224/279/1113
f 2271/279/1160 2319/279/1160 2320/279/1161 2272/279/1161
f 2336/279/1079 2320/279/1079 2319/279/1079
f 2335/279/1078 2224/279/1078 2225/279/1078
f 2224/279/1113 2272/279/1113 2273/279/1114 2225/279/1114
f 2272/279/1161 2320/279/1161 2321/279/1162 2273/279/1162
f 2336/279/1079 2321/279/1079 2320/279/1079
f 2335/279/1078 2225/279/1078 2226/279/1078
f 2225/279/1114 2273/279/1114 2274/279/1115 2226/279/1115
f 2273/279/1162 2321/279/1162 2322/279/1163 2274/279/1163
f 2336/279/1079 2322/279/1079 2321/279/1079
f 2335/279/1078 2226/279/1078 2227/279/1078
f 2226/279/1115 2274/279/1115 2275/279/1116 2227/279/1116
f 2274/279/1163 2322/279/1163 2323/279/1164 2275/279/1164
f 2336/279/1079 2323/279/1079 2322/279/1079
f 2335/279/1078 2227/279/1078 2228/279/1078
f 2227/279/1116 2275/279/1116 2276/279/1117 2228/279/1117
f 2275/279/1164 2323/279/1164 2324/279/1165 2276/279/1165
f 2336/279/1079 2324/279/1079 2323/279/1079
f 2335/279/1078 2228/279/1078 2229/279/1078
f 2228/279/1117 2276/279/1117 2277/279/1118 2229/279/1118
f 2276/279/1165 2324/279/1165 2325/279/1166 2277/279/1166
f 2336/279/1079 2325/279/1079 2324/279/1079
f 2335/279/1078 2229/279/1078 2230/279/1078
f 2229/279/1118 2277/279/1118 2278/279/1119 2230/279/1119
f 2277/279/1166 2325/279/1166 2326/279/1167 2278/279/1167
f 2336/279/1079 2326/279/1079 2325/279/1079
f 2335/279/1078 2230/279/1078 2231/279/1078
f 2230/279/1119 2278/279/1119 2279/279/1120 2231/279/1120
f 2278/279/1167 2326/279/1167 2327/279/1168 2279/279/1168
f 2336/279/1079 2327/279/1079 2326/279/1079
f 2335/279/1078 2231/279/1078 2232/279/1078
f 2231/279/1120 2279/279/1120 2280/279/1121 2232/279/1121
f 2279/279/1168 2327/279/1168 2328/279/1169 2280/279/1169
f 2336/279/1079 2328/279/1079 2327/279/1079
f 2335/279/1078 2232/279/1078 2233/279/1078
f 2232/279/1121 2280/279/1121 2281/279/1122 2233/279/1122
f 2280/279/1169 2328/279/1169 2329/279/1170 2281/279/1170
f 2336/279/1079 2329/279/1079 2328/279/1079
f 2335/279/1078 2233/279/1078 2234/279/1078
f 2233/279/1122 2281/279/1122 2282/279/1123 2234/279/1123
f 2281/279/1170 2329/279/1170 2330/279/1171 2282/279/1171
f 2336/279/1079 2330/279/1079 2329/279/1079
f 2335/279/1078 2234/279/1078 2235/279/1078
f 2234/279/1123 2282/279/1123 2283/279/1124 2235/279/1124
f 2282/279/1171 2330/279/1171 2331/279/1172 2283/279/1172
f 2336/279/1079 2331/279/1079 2330/279/1079
f 2335/279/1078 2235/279/1078 2236/279/1078
f 2235/279/1124 2283/279/1124 2284/279/1125 2236/279/1125
f 2283/279/1172 2331/279/1172 2332/279/1173 2284/279/1173
f 2336/279/1079 2332/279/1079 2331/279/1079
f 2335/279/1078 2236/279/1078 2237/279/1078
f 2236/279/1125 2284/279/1125 2285/279/1126 2237/279/1126
f 2284/279/1173 2332/279/1173 2333/279/1174 2285/279/1174
f 2336/279/1079 2333/279/1079 2332/279/1079
f 2335/279/1078 2237/279/1078 2238/279/1078
f 2237/279/1126 2285/279/1126 2286/279/1127 2238/279/1127
f 2285/279/1174 2333/279/1174 2334/279/1175 2286/279/1175
f 2336/279/1079 2334/279/1079 2333/279/1079
f 2335/279/1078 2238/279/1078 2191/279/1078
f 2238/279/1127 2286/279/1127 2239/279/1080 2191/279/1080
f 2286/279/1175 2334/279/1175 2287/279/1128 2239/279/1128
f 2336/279/1079 2287/279/1079 2334/279/1079
