# Blender v2.75 (sub 0) OBJ File: ''
# www.blender.org
mtllib Fat2.mtl
o Creature_Humanfemalemerchantthin_humanfemalemerchantthin.m2.006
v -0.017328 1.699097 0.156041
v -0.033911 1.717516 0.185673
v -0.034528 1.708359 0.167800
v -0.034124 1.712261 0.183681
v -0.034873 1.697755 0.168672
v -0.020760 1.710813 0.162307
v -0.045776 1.696791 0.163104
v -0.035285 1.689615 0.160716
v -0.072480 1.707031 0.147218
v -0.048279 1.711776 0.162782
v -0.091027 1.725273 0.143969
v -0.106092 1.714515 0.059032
v -0.113297 1.777872 0.054560
v -0.115809 1.756651 0.041701
v -0.097304 1.756236 0.039852
v 0.022867 1.710790 0.055838
v -0.025353 1.753998 0.152548
v 0.016383 1.755915 0.138294
v 0.034167 1.770638 0.075635
v 0.045472 1.751182 0.038937
v 0.044845 1.772509 0.051850
v -0.002919 1.767110 0.152470
v 0.019517 1.780233 0.152393
v -0.032970 1.754791 0.166840
v -0.041109 1.754532 0.152818
v -0.083083 1.759288 0.139998
v -0.032169 1.855723 0.007334
v -0.073184 1.858329 0.081071
v -0.083747 1.796721 -0.007323
v -0.098526 1.780991 0.053666
v -0.079792 1.845456 0.031651
v -0.034656 1.803213 -0.033830
v -0.072549 1.726477 -0.008435
v -0.036801 1.740892 -0.035713
v 0.015452 1.842226 0.030019
v 0.014762 1.793380 -0.009012
v 0.035259 1.821579 0.076724
v 0.030297 1.776622 0.051459
v 0.026929 1.752023 0.037723
v -0.000300 1.724027 -0.009674
v -0.101963 1.775254 0.077967
v -0.056466 1.689965 0.138393
v -0.035025 1.698749 0.157792
v -0.056221 1.696802 0.139115
v -0.014910 1.688506 0.137675
v -0.014666 1.695343 0.138398
v -0.035439 1.687161 0.156567
v -0.084077 1.783746 0.154169
v -0.062593 1.769134 0.153493
v 0.002517 1.704458 0.145930
v 0.022127 1.721436 0.142030
v -0.024264 1.696061 0.162735
v -0.052710 1.700327 0.156651
v -0.097949 1.715613 0.075307
v -0.091845 1.685040 0.079132
v -0.087460 1.685626 0.131241
v 0.033523 1.709781 0.056640
v -0.035292 1.691333 0.156894
v -0.035648 1.681324 0.155939
v -0.015024 1.677475 0.134973
v -0.014604 1.689467 0.135763
v -0.056772 1.690957 0.136491
v -0.057192 1.678955 0.135700
v -0.036671 1.651833 0.154629
v -0.046472 1.682296 0.154321
v -0.071354 1.648860 0.138030
v -0.046214 1.689192 0.155690
v -0.035459 1.682681 0.164305
v -0.013882 1.687689 0.149850
v -0.002874 1.646538 0.136856
v -0.035823 1.675135 0.157976
v -0.024847 1.681562 0.153950
v -0.024590 1.688459 0.155319
v 0.015439 1.682137 0.129478
v 0.026030 1.711331 0.073129
v -0.035309 1.688908 0.160712
v -0.035782 1.691067 0.128830
v -0.057130 1.689176 0.150593
v -0.088935 1.691132 0.027585
v -0.095426 1.714801 0.057865
v -0.079261 1.657816 0.077247
v 0.017999 1.681314 0.077249
v 0.013564 1.684099 0.023502
v -0.037392 1.638900 0.138118
v 0.003350 1.652147 0.073957
v 0.045431 1.413341 0.214577
v 0.083705 1.464279 0.197910
v 0.056780 1.528723 0.127537
v 0.115059 1.409029 0.156123
v 0.097708 1.481702 0.106373
v 0.093301 1.391744 0.092777
v -0.039750 1.502354 0.144447
v 0.004417 1.626828 0.058141
v -0.012638 1.410516 0.183863
v 0.014068 1.438330 0.205035
v 0.081682 1.389734 0.198599
v -0.066139 1.411638 0.186839
v -0.120275 1.416816 0.223796
v -0.193242 1.432733 0.059611
v -0.182216 1.397523 0.108105
v -0.136372 1.532774 0.138283
v -0.125977 1.544971 -0.061377
v -0.050601 1.519123 -0.056918
v -0.181324 1.487554 0.121896
v -0.157998 1.469348 0.211356
v -0.089147 1.440495 0.210778
v -0.196074 1.415555 0.173433
v -0.159028 1.394783 0.211990
v -0.038574 1.694758 -0.008698
v -0.045714 1.645895 -0.026346
v -0.038378 1.629013 0.109374
v -0.042103 1.588854 0.098729
v -0.087887 1.632537 0.063591
v 0.128269 1.547295 -0.072126
v 0.139524 1.604165 -0.022947
v 0.168771 1.574660 -0.024041
v 0.132688 1.473998 -0.065796
v 0.185760 1.536852 -0.027654
v 0.192458 1.476084 -0.020099
v 0.152797 1.491683 0.057162
v 0.102648 1.392067 0.024312
v 0.088471 1.472268 0.016848
v 0.095746 1.333119 0.045206
v 0.073306 1.531671 -0.085080
v 0.024831 1.541809 -0.069767
v 0.076615 1.619466 -0.007790
v 0.012989 1.655439 0.011038
v 0.098807 1.543362 0.083324
v 0.100349 1.426575 0.043277
v 0.144033 1.555289 0.034950
v -0.296843 1.493908 0.007512
v -0.228060 1.555825 0.063047
v -0.178559 1.539689 0.099720
v -0.323925 1.400807 0.023223
v -0.228354 1.614219 0.014557
v -0.261029 1.588541 0.014986
v -0.240963 1.490333 0.075705
v -0.248127 1.494693 -0.049856
v -0.283447 1.554018 0.008923
v -0.098159 1.662314 0.017601
v -0.234973 1.567027 -0.044677
v -0.185047 1.474115 0.025983
v -0.181707 1.542507 -0.072719
v -0.165174 1.623251 0.012008
v 0.034701 1.833975 0.155724
v -0.004422 1.853565 0.147256
v 0.011427 1.855459 0.079621
v 0.017318 1.812949 0.147854
v -0.032373 1.769996 0.171584
v -0.079826 1.816244 0.149519
v -0.085878 1.824707 0.170491
v -0.030569 1.822390 0.166674
v -0.030153 1.848903 0.138468
v -0.030455 1.867976 0.083120
v -0.099341 1.826143 0.079031
v -0.059269 1.834344 0.169616
v -0.001504 1.832385 0.168626
v -0.095704 1.838397 0.157959
v -0.055657 1.855302 0.148134
v -0.134839 1.788159 0.141588
v 0.048337 1.775119 0.161484
v 0.024405 1.820968 0.168601
v 0.069801 1.780928 0.138065
v 0.035710 1.772782 0.127006
v 0.063271 1.644212 0.112484
v 0.029310 1.719550 0.117662
v 0.061961 1.719636 0.127303
v 0.045190 1.718419 0.144609
v -0.114371 1.648239 0.117226
v -0.116735 1.724503 0.147403
v -0.101969 1.777192 0.129348
v -0.113139 1.780513 0.164246
v -0.133508 1.724195 0.130239
v -0.101302 1.726660 0.120322
v -0.179118 1.276104 0.081451
v -0.045691 1.236125 0.192522
v -0.043700 1.284084 0.198764
v 0.038613 1.231328 0.143603
v 0.081045 1.275046 0.070246
v -0.192364 1.339162 0.061234
v -0.132406 1.422758 -0.046334
v -0.132952 1.283849 0.159673
v -0.141784 1.370791 0.175395
v -0.040945 1.362309 0.175757
v 0.041853 1.283138 0.152144
v 0.059501 1.366570 0.164197
v -0.053795 1.365177 -0.056293
v 0.027781 1.419398 -0.055246
v -0.128953 1.217027 -0.073445
v -0.118461 1.292816 -0.055393
v -0.048018 1.213023 -0.078955
v -0.173160 1.161096 -0.089296
v -0.048786 1.134735 -0.121121
v -0.236506 1.188720 0.061586
v -0.136249 1.229110 0.148957
v -0.047081 1.166539 0.202343
v 0.142030 1.173528 0.057807
v 0.040737 1.210217 -0.075139
v 0.009801 1.292295 -0.060917
v -0.054988 1.299719 -0.064142
v -0.223648 1.013282 0.162726
v -0.148253 1.175302 0.164253
v -0.319312 0.892872 0.026631
v -0.268577 1.142747 0.034137
v -0.304962 1.035125 0.030135
v 0.095563 1.034687 0.176234
v 0.189667 1.010200 0.059310
v 0.165268 1.102149 0.038865
v 0.077600 1.137631 -0.086564
v -0.065753 1.016586 0.209219
v 0.211469 0.916081 0.175829
v -0.062225 0.943132 0.255583
v 0.051472 1.167286 0.162259
v -0.046097 0.993854 -0.108278
v 0.148888 0.714635 0.191820
v 0.129769 0.990190 -0.052513
v 0.126900 0.819453 0.432459
v 0.118736 0.995076 0.272362
v -0.235662 1.061494 -0.085611
v -0.229704 0.690086 0.167647
v -0.053926 0.766765 0.334818
v -0.238172 0.886540 0.166594
v -0.031900 0.695066 0.014383
v -0.230572 0.703037 -0.117113
v -0.023184 0.583260 -0.057540
v -0.305846 0.529919 0.013499
v -0.212543 0.176446 -0.262306
v -0.315371 0.367737 -0.028492
v -0.212062 0.111117 -0.291887
v -0.317190 0.113664 -0.120498
v -0.206377 0.530805 -0.164470
v -0.009647 0.468311 -0.211204
v 0.280585 0.319366 0.082623
v 0.208085 0.306563 -0.122727
v 0.291180 0.248532 0.101246
v 0.155030 0.647175 0.128673
v 0.211063 0.772979 0.326943
v 0.019870 0.283803 -0.152536
v 0.006134 0.243030 -0.344907
v 0.200138 0.361619 -0.077648
v 0.159554 0.531525 0.017823
v 0.252351 0.202425 0.176207
v 0.164737 0.166406 0.325435
v 0.260252 0.472582 0.249109
v 0.234454 0.620731 0.339887
v 0.134609 0.569834 0.480763
v 0.145832 0.385272 0.405054
v -0.192429 0.368073 -0.211048
v -0.024521 0.015786 0.296593
v -0.028164 0.085139 0.303911
v -0.039140 0.294060 0.325953
v -0.297811 0.687542 0.036063
v -0.217368 0.321419 0.113886
v -0.222800 0.500720 0.148208
v 0.172875 0.098367 0.299565
v -0.046279 0.514289 0.361908
v -0.311241 0.170664 -0.106582
v -0.209263 0.083696 0.040063
v -0.212880 0.016567 0.078987
v -0.285545 0.089427 -0.032953
v -0.106910 0.087076 -0.086188
v -0.066138 0.469430 0.002867
v -0.117930 0.472721 0.035865
v -0.114509 0.502020 -0.126821
v -0.185618 0.491687 -0.045749
v -0.064877 0.097639 -0.138810
v -0.075232 0.007677 -0.195286
v -0.039457 0.481837 -0.057011
v -0.105836 0.120553 -0.186351
v -0.123352 0.007985 -0.191883
v -0.172177 -0.001074 -0.033104
v -0.149658 0.005027 -0.137764
v -0.070681 -0.006773 0.058157
v -0.073008 0.013103 0.064580
v -0.145620 0.034326 -0.012316
v -0.138626 -0.005467 0.046307
v -0.143167 0.009622 0.035200
v -0.142818 0.097664 -0.138527
v -0.065675 0.040011 -0.006728
v -0.044871 -0.003824 -0.007896
v -0.068095 0.002196 -0.105561
v 0.126042 0.590709 0.245851
v 0.051710 0.549384 0.311948
v 0.004118 0.551617 0.273062
v 0.092385 0.191603 0.087936
v -0.016917 0.576758 0.214957
v 0.099314 0.259114 0.050273
v 0.063370 0.616779 0.161424
v 0.082323 0.235217 -0.045332
v 0.129976 0.232765 -0.038240
v 0.146375 0.034791 0.066411
v 0.078202 0.002246 0.075935
v 0.047223 0.058908 0.024578
v 0.142359 0.086063 0.066966
v 0.078329 -0.001181 0.055202
v 0.072148 0.152367 -0.011224
v 0.154232 0.183226 -0.014013
v 0.064774 0.223577 0.059883
v 0.062499 0.078666 0.066151
v 0.144635 0.017683 0.057693
v 0.172826 0.090474 0.029001
v 0.124417 0.220664 0.067574
v 0.136297 1.405620 -0.055581
v 0.172973 1.338802 0.092523
v 0.212899 1.384077 0.007559
v 0.220890 1.288555 0.038280
v 0.154080 1.297975 -0.014058
v -0.212510 1.394391 0.016517
v -0.259051 1.426334 -0.050656
v -0.282126 1.317484 -0.023434
v -0.244850 1.275473 0.031276
v -0.274669 1.336295 0.088604
v -0.339226 1.301042 0.038016
v -0.285211 1.296403 0.078916
v -0.077439 1.775184 0.143917
v -0.047021 1.775320 0.155290
v -0.047245 1.787296 0.156391
v -0.078381 1.786949 0.145924
v 0.013297 1.783862 0.143670
v -0.014426 1.786424 0.154600
v 0.011538 1.772210 0.142656
v -0.018092 1.774094 0.153594
v 0.000636 1.748317 0.145251
v 0.001454 1.759159 0.147013
v -0.011536 1.759299 0.151983
v -0.054853 1.760763 0.152773
v -0.067986 1.761509 0.148251
v -0.067964 1.750638 0.146474
v -0.054973 1.750209 0.149567
v -0.012241 1.748765 0.148787
v -0.037621 1.774805 -0.137695
v -0.037774 1.720383 -0.066345
v -0.108467 1.725346 -0.122986
v -0.036662 1.772588 -0.077359
v -0.064356 1.746652 -0.064226
v 0.029911 1.716459 -0.127136
v -0.010376 1.744821 -0.065151
v -0.060611 1.753856 -0.016284
v -0.035630 1.780174 -0.032111
v -0.037296 1.728666 -0.027444
v -0.011980 1.752207 -0.017117
v -0.041748 1.715944 -0.197113
v -0.136654 1.622781 -0.156980
v -0.049436 1.607646 -0.107884
v 0.034545 1.604373 -0.164315
v -0.022434 1.488518 -0.139586
v -0.107973 1.487960 -0.137139
v -0.066125 1.484713 -0.179861
v -0.054731 1.604838 -0.225180
v -0.064330 1.481240 -0.102458
v -0.047760 1.356946 -0.155340
v 0.184170 1.003225 0.284187
v 0.211520 1.041319 0.286420
v 0.204720 0.959849 0.315220
v 0.225088 0.969549 0.340027
v 0.194528 0.979888 0.297934
v 0.233336 0.968925 0.237702
v 0.264383 1.046296 0.210352
v 0.205314 1.007354 0.192034
v 0.252724 1.224614 0.075584
v 0.124149 1.213004 0.099402
v 0.229399 1.067583 0.255232
v 0.189959 1.031586 0.220314
v 0.231060 0.988031 0.282846
v 0.229117 1.009199 0.303333
v 0.259353 1.010025 0.294301
v 0.173907 1.013067 0.250050
v 0.210691 1.007564 0.316640
v 0.226898 0.962582 0.305028
v 0.232003 0.977963 0.259143
v 0.219701 0.880865 0.299043
v 0.272172 0.920429 0.258863
v 0.239906 0.930023 0.235662
v 0.261427 0.969878 0.202234
v 0.232496 0.966004 0.217334
v 0.262943 0.911813 0.258660
v 0.283599 0.971510 0.254248
v 0.260780 0.916129 0.279503
v 0.278093 0.981498 0.275124
v 0.232041 0.936719 0.280367
v 0.264800 0.921371 0.279173
v 0.280560 0.964070 0.233769
v 0.210641 0.879064 0.299339
v 0.256868 0.930364 0.305216
v 0.207847 0.891204 0.320352
v 0.200534 0.906300 0.295783
v 0.234082 0.877138 0.254801
v 0.230814 0.881404 0.275570
v 0.220793 0.904422 0.248986
v 0.270807 0.911054 0.237751
v 0.236146 0.929431 0.257704
v 0.217262 0.875943 0.276534
v 0.207147 0.900572 0.270555
v 0.232539 0.955453 0.319476
v 0.233996 0.906983 0.364597
v 0.268516 0.934482 0.309390
v 0.214554 0.918047 0.343383
v 0.238304 0.892155 0.344065
v 0.265246 0.953686 0.335882
v 0.178579 1.177621 0.034130
v 0.165649 1.248507 0.007219
v 0.175643 1.305012 0.086161
v 0.125171 1.276121 0.055273
v 0.190833 1.250815 0.143936
v -0.353599 0.933266 0.144713
v -0.333743 0.926409 0.153547
v -0.311537 0.937555 0.119515
v -0.305224 0.961728 0.092253
v -0.346345 0.881608 0.159329
v -0.352636 0.890772 0.125370
v -0.329474 0.884404 0.130486
v -0.320855 0.910278 0.122711
v -0.404961 0.865946 0.083815
v -0.330124 0.845084 0.113618
v -0.397078 0.934941 0.038698
v -0.404770 0.860537 0.061309
v -0.348206 0.817926 0.091093
v -0.338435 0.843253 0.088309
v -0.369005 0.874545 0.082378
v -0.349111 0.819314 0.114203
v -0.395959 0.857422 0.081535
v -0.340057 0.817553 0.113612
v -0.396656 0.863127 0.103511
v -0.414064 0.919161 0.068596
v -0.392747 0.857878 0.102657
v -0.363720 0.877563 0.105725
v -0.387374 0.867161 0.130280
v -0.335818 0.826340 0.136007
v -0.366445 0.822326 0.070977
v -0.361774 0.823374 0.091889
v -0.353488 0.850273 0.068551
v -0.373765 0.879138 0.061067
v -0.408156 0.921141 0.114706
v -0.359372 0.921642 0.115726
v -0.383111 0.937711 0.140317
v -0.337213 0.970006 0.141689
v -0.398331 0.862598 0.133234
v -0.339677 0.832559 0.139509
v -0.365863 0.809837 0.145247
v -0.357929 0.876600 0.135232
v -0.383672 0.872452 0.160975
v -0.351074 0.818418 0.164421
v -0.415364 0.919456 0.090695
v -0.366315 0.921959 0.069201
v -0.363116 0.923407 0.092292
v -0.356349 1.005242 0.127489
v -0.367078 0.925940 0.048883
v -0.398396 1.007643 0.083375
v -0.324473 0.988112 0.074741
v -0.248470 1.197062 0.039741
v -0.314478 1.200864 -0.024316
v -0.345266 0.979791 0.041083
v -0.303550 1.214024 0.107108
v -0.375932 1.227887 0.045808
v -0.295580 1.271137 -0.015671
vt 0.176284 0.342929
vt 0.132315 0.336422
vt 0.140490 0.353176
vt 0.878431 0.662745
vt 0.878431 0.729412
vt 0.997039 0.662745
vt 0.753425 0.242661
vt 0.753425 0.309198
vt 0.628180 0.317025
vt 0.627451 0.054902
vt 0.556863 0.054902
vt 0.627451 0.125490
vt 0.125000 0.789062
vt 0.252611 0.765008
vt 0.125107 0.765981
vt 0.356863 0.015686
vt 0.309804 0.015686
vt 0.309804 0.031373
vt 0.277887 0.003914
vt 0.277887 0.027397
vt 0.254403 0.027397
vt 0.024381 0.170187
vt 0.031798 0.152684
vt 0.071177 0.164556
vt 0.001835 0.184957
vt 0.001835 0.174975
vt 0.001835 0.164750
vt 0.001796 0.149418
vt 0.023529 0.146945
vt 0.000303 0.137200
vt 0.103139 0.193931
vt 0.243137 0.237141
vt 0.274510 0.162631
vt 0.247059 0.158710
vt 0.278431 0.154788
vt 0.305882 0.213612
vt 0.290196 0.248906
vt 0.290196 0.260671
vt 0.317647 0.213612
vt 0.352941 0.178318
vt 0.093778 0.229087
vt 0.021631 0.228416
vt 0.060127 0.246719
vt 0.003289 0.248750
vt 0.098623 0.265023
vt 0.002320 0.226554
vt 0.253116 0.299784
vt 0.249285 0.343501
vt 0.234198 0.371623
vt 0.404608 0.331756
vt 0.317444 0.310298
vt 0.368520 0.261649
vt 0.435037 0.270469
vt 0.430203 0.207683
vt 0.461277 0.057886
vt 0.456879 0.058288
vt 0.456549 0.056267
vt 0.460947 0.055460
vt 0.098810 0.133748
vt 0.039216 0.135180
vt 0.219608 0.123416
vt 0.001407 0.083052
vt 0.034439 0.044318
vt 0.050980 0.076357
vt 0.001407 0.118347
vt 0.020311 0.126764
vt 0.001713 0.127337
vt 0.019608 0.135180
vt 0.000000 0.135180
vt 0.380392 0.023529
vt 0.439216 0.031373
vt 0.409804 0.017647
vt 0.380392 0.003922
vt 0.380392 0.058824
vt 0.333333 0.088122
vt 0.274510 0.072435
vt 0.086274 0.033220
vt 0.384314 0.115573
vt 0.554783 0.958038
vt 0.541176 0.992157
vt 0.507714 0.991797
vt 0.604697 0.839530
vt 0.614481 0.796477
vt 0.671233 0.812133
vt 0.575342 0.806262
vt 0.552967 0.824126
vt 0.505522 0.885404
vt 0.585350 0.908694
vt 0.696673 0.861057
vt 0.620090 0.786242
vt 0.752941 0.764706
vt 0.681018 0.804305
vt 0.720130 0.831321
vt 0.505882 0.949020
vt 0.531842 0.800840
vt 0.506038 0.780122
vt 0.878431 0.819920
vt 0.997039 0.909804
vt 0.996474 0.778749
vt 0.878431 0.909804
vt 0.996507 0.951292
vt 0.900794 0.974313
vt 0.996679 0.992436
vt 0.908382 0.994851
vt 0.611765 0.980392
vt 0.592157 0.996078
vt 0.752941 0.991560
vt 0.196951 0.980733
vt 0.125107 0.996419
vt 0.125107 0.941517
vt 0.380553 0.992498
vt 0.316691 0.976812
vt 0.380553 0.941517
vt 0.495967 0.996419
vt 0.252830 0.941517
vt 0.495967 0.941517
vt 0.378906 0.894531
vt 0.005366 0.996419
vt 0.005366 0.941517
vt 0.125000 0.890625
vt 0.005366 0.900697
vt 0.005332 0.834986
vt 0.253906 0.882812
vt 0.252755 0.829677
vt 0.715369 0.908306
vt 0.376696 0.847400
vt 0.496309 0.836138
vt 0.495786 0.896887
vt 0.752941 0.850980
vt 0.752865 0.909721
vt 0.715455 0.908021
vt 0.715322 0.908134
vt 0.715277 0.908190
vt 0.101433 0.328185
vt 0.113554 0.345036
vt 0.115032 0.348049
vt 0.090196 0.331259
vt 0.133073 0.342637
vt 0.054902 0.362631
vt 0.111310 0.369312
vt 0.071437 0.349365
vt 0.108956 0.354805
vt 0.071565 0.349377
vt 0.104329 0.339323
vt 0.051278 0.351974
vt 0.104259 0.353421
vt 0.097624 0.338579
vt 0.046363 0.333132
vt 0.084801 0.350389
vt 0.019608 0.331259
vt 0.020052 0.330412
vt 0.139712 0.367328
vt 0.129420 0.325284
vt 0.140953 0.346571
vt 0.172843 0.339997
vt 0.157406 0.322384
vt 0.160302 0.333522
vt 0.171602 0.360754
vt 0.224528 0.333637
vt 0.627451 0.694118
vt 0.627451 0.739509
vt 0.752941 0.729412
vt 0.506038 0.740500
vt 0.506038 0.705882
vt 0.997039 0.729412
vt 0.627451 0.662745
vt 0.752941 0.662745
vt 0.753425 0.602740
vt 0.878669 0.602740
vt 0.996086 0.594912
vt 0.996078 0.662745
vt 0.505987 0.662970
vt 0.878669 0.547945
vt 0.628180 0.544031
vt 0.753425 0.540117
vt 0.753425 0.463796
vt 0.505882 0.662745
vt 0.628180 0.467710
vt 0.506849 0.536204
vt 0.996086 0.547945
vt 0.506849 0.471624
vt 0.878669 0.389432
vt 0.753425 0.385519
vt 0.628180 0.393346
vt 0.996086 0.393346
vt 0.506849 0.401174
vt 0.996086 0.297456
vt 0.878669 0.301370
vt 0.878669 0.234834
vt 0.878669 0.170254
vt 0.753425 0.170254
vt 0.878669 0.131115
vt 0.772994 0.131115
vt 0.996086 0.131115
vt 0.996086 0.227006
vt 0.996086 0.170254
vt 0.628180 0.170254
vt 0.628180 0.238748
vt 0.729941 0.131115
vt 0.628180 0.131115
vt 0.506849 0.313112
vt 0.506849 0.227006
vt 0.506849 0.170254
vt 0.506849 0.131115
vt 0.506766 0.125481
vt 0.752941 0.101961
vt 0.505882 0.054902
vt 0.878431 0.101961
vt 0.878431 0.125490
vt 0.997096 0.125490
vt 0.997043 0.063214
vt 0.936163 0.089676
vt 0.818516 0.089676
vt 0.778243 0.071532
vt 0.996078 0.054902
vt 0.752941 0.125490
vt 0.769658 0.063237
vt 0.738796 0.016876
vt 0.776922 0.006737
vt 0.770781 0.052156
vt 0.966513 0.006541
vt 0.992554 0.042964
vt 0.556123 0.038105
vt 0.700329 0.048569
vt 0.708593 0.003003
vt 0.533333 0.004831
vt 0.527619 0.049288
vt 0.555318 0.073372
vt 0.726635 0.087030
vt 0.505850 0.125490
vt 0.505850 0.062745
vt 0.777952 0.071471
vt 0.376649 0.787669
vt 0.005366 0.758362
vt 0.496193 0.758204
vt 0.376649 0.749020
vt 0.356863 0.031373
vt 0.254403 0.003914
vt 0.441183 0.098827
vt 0.465678 0.140859
vt 0.441277 0.140491
vt 0.473927 0.079431
vt 0.448380 0.065645
vt 0.470808 0.001386
vt 0.500592 0.062089
vt 0.500592 0.001386
vt 0.499963 0.097350
vt 0.441024 0.001386
vt 0.470808 0.062089
vt 0.441024 0.062089
vt 0.465598 0.194247
vt 0.441218 0.194222
vt 0.499702 0.194547
vt 0.441350 0.297413
vt 0.465580 0.297808
vt 0.475925 0.371474
vt 0.499584 0.297227
vt 0.150685 0.397260
vt 0.164384 0.395303
vt 0.125245 0.395303
vt 0.084149 0.469667
vt 0.146771 0.475538
vt 0.045492 0.484051
vt 0.148728 0.448141
vt 0.164384 0.461839
vt 0.101761 0.436399
vt 0.091977 0.399217
vt 0.475538 0.430528
vt 0.436399 0.430528
vt 0.457926 0.422701
vt 0.467710 0.420744
vt 0.485323 0.430528
vt 0.363992 0.448141
vt 0.264188 0.500978
vt 0.311155 0.448141
vt 0.000000 0.500978
vt 0.121331 0.500978
vt 0.410959 0.448141
vt 0.395303 0.500978
vt 0.491194 0.500978
vt 0.492188 0.687500
vt 0.378906 0.687500
vt 0.394531 0.503906
vt 0.250000 0.687500
vt 0.250000 0.503906
vt 0.125000 0.503906
vt 0.492188 0.503906
vt 0.003906 0.687500
vt 0.003906 0.503906
vt 0.125000 0.687500
vt 0.254403 0.448141
vt 0.211350 0.448141
vt 0.050881 0.436399
vt 0.000000 0.430528
vt 0.181996 0.448141
vt 0.070834 0.418346
vt 0.189824 0.434442
vt 0.176125 0.428571
vt 0.262231 0.410959
vt 0.320939 0.387476
vt 0.352250 0.410959
vt 0.320939 0.410959
vt 0.479452 0.387476
vt 0.479452 0.409002
vt 0.457926 0.409002
vt 0.457926 0.405088
vt 0.436399 0.405088
vt 0.399217 0.410959
vt 0.367906 0.410959
vt 0.299413 0.410959
vt 0.457926 0.379648
vt 0.021526 0.409002
vt 0.021526 0.420744
vt 0.000000 0.409002
vt 0.491194 0.407045
vt 0.491194 0.422701
vt 0.475538 0.407045
vt 0.457926 0.407045
vt 0.299413 0.387476
vt 0.262231 0.387476
vt 0.021526 0.377691
vt 0.497065 0.379648
vt 0.000000 0.383562
vt 0.367906 0.387476
vt 0.399217 0.387476
vt 0.436399 0.389432
vt 0.457926 0.377691
vt 0.352250 0.387476
vt 0.475538 0.389432
vt 0.491194 0.377691
vt 0.193738 0.410959
vt 0.178082 0.410959
vt 0.246575 0.387476
vt 0.207436 0.410959
vt 0.207436 0.387476
vt 0.246575 0.410959
vt 0.193738 0.395303
vt 0.178082 0.387476
vt 0.378906 0.691406
vt 0.496094 0.691406
vt 0.250000 0.691406
vt 0.125000 0.691406
vt 0.003906 0.691406
vn 0.911000 -0.200900 -0.360100
vn -0.383900 -0.050100 -0.922000
vn 0.956700 -0.271900 -0.103800
vn -0.781400 0.379100 0.495700
vn -0.888000 0.040800 0.458000
vn -0.944500 0.328500 0.001900
vn 0.149000 0.018800 -0.988700
vn -0.088600 0.024300 -0.995800
vn 0.823600 -0.034300 -0.566100
vn 0.986100 -0.081500 -0.145100
vn 0.611800 -0.079600 0.787000
vn 0.884400 0.455300 -0.102600
vn 0.991200 -0.130800 0.019100
vn -0.045900 0.155000 0.986800
vn 0.999900 -0.013500 -0.007200
vn 0.938600 -0.051100 0.341300
vn 0.932600 -0.006100 0.361000
vn 0.938600 -0.051200 0.341300
vn 0.948600 -0.127700 -0.289600
vn 0.938100 -0.065800 -0.340100
vn 0.948600 -0.127700 0.289700
vn 0.938100 -0.065700 0.340100
vn 0.770400 -0.050900 -0.635600
vn 0.808200 -0.143700 -0.571200
vn 0.852300 -0.212200 -0.478100
vn 0.991700 0.128600 -0.000100
vn 0.770200 -0.050800 0.635800
vn 0.645200 -0.764100 0.000700
vn 0.770200 -0.050900 0.635700
vn 0.864500 -0.502600 0.000500
vn 0.645100 -0.764100 0.000600
vn 0.988200 -0.153100 -0.000100
vn 0.864500 -0.502600 0.000400
vn 0.770200 -0.050800 0.635700
vn 0.988200 -0.153000 -0.000100
vn 0.807000 -0.272100 -0.524100
vn 0.770300 -0.051000 -0.635600
vn 0.808100 -0.143700 -0.571200
vn 0.582900 -0.812500 0.000300
vn 0.807000 -0.272000 -0.524100
vn 0.806800 -0.272100 0.524400
vn 0.806800 -0.272200 0.524400
vn 0.583000 -0.812500 0.000400
vn 0.770300 -0.050800 0.635700
vn 0.808000 -0.143500 0.571400
vn 0.852500 -0.212100 0.477800
vn 0.764100 -0.084700 0.639600
vn 0.852500 -0.212000 0.477800
vn 0.179900 0.070100 0.981200
vn 0.043600 -0.658500 0.751300
vn 0.154500 -0.344200 0.926100
vn 0.764000 -0.084700 0.639600
vn 0.179900 0.070000 0.981200
vn 0.154500 -0.344100 0.926100
vn 0.154400 -0.344100 0.926100
vn 0.043500 -0.658500 0.751400
vn -0.461700 -0.501200 0.731900
vn 0.043600 -0.658500 0.751400
vn -0.777000 -0.101300 0.621300
vn -0.461700 -0.501100 0.731900
vn 0.043500 -0.658500 0.751300
vn -0.203400 0.685500 0.699100
vn -0.541700 0.446300 0.712300
vn -0.647500 -0.137900 0.749500
vn -0.541600 0.446300 0.712400
vn -0.777100 -0.101300 0.621200
vn -0.589600 -0.307800 0.746800
vn -0.461400 -0.500000 -0.732900
vn -0.593300 -0.301000 -0.746600
vn -0.643100 -0.131500 -0.754400
vn -0.541400 0.444600 -0.713600
vn -0.777000 -0.101300 -0.621300
vn -0.643100 -0.131400 -0.754400
vn -0.461400 -0.499900 -0.733000
vn -0.777000 -0.101200 -0.621300
vn 0.043500 -0.658500 -0.751400
vn 0.180500 0.067900 -0.981200
vn 0.750500 -0.115000 -0.650700
vn 0.763900 -0.084800 -0.639800
vn 0.750500 -0.114900 -0.650800
vn 0.818700 -0.033000 -0.573200
vn 0.785500 -0.504400 -0.358700
vn 0.818800 -0.033100 -0.573200
vn 0.785500 -0.504300 -0.358700
vn 0.883500 -0.468500 -0.000000
vn 0.180400 0.067800 -0.981300
vn 0.043500 -0.658400 -0.751400
vn -0.203500 0.685500 -0.699100
vn 0.180400 0.067900 -0.981200
vn -0.203400 0.685500 -0.699100
vn 0.750600 -0.114900 -0.650700
vn 0.775300 -0.289500 -0.561300
vn 0.785400 -0.504400 -0.358700
vn 0.775200 -0.289500 -0.561400
vn 0.785400 -0.504400 0.358700
vn 0.775200 -0.289600 0.561400
vn 0.750600 -0.114900 0.650700
vn 0.818700 -0.032900 0.573200
vn 0.785500 -0.504400 0.358700
vn 0.750500 -0.114900 0.650800
vn 0.883400 -0.468600 -0.000000
vn 0.818700 -0.032800 0.573200
vn 0.950300 0.311300 -0.000100
vn 0.883500 -0.468500 0.000100
vn 0.763900 -0.084800 -0.639700
vn 0.818700 -0.033000 -0.573300
vn 0.852300 -0.212100 -0.478000
vn 0.763900 -0.084900 -0.639800
vn 0.645200 -0.764100 0.000600
vn 0.645200 -0.764000 0.000600
vn 0.991700 0.128500 -0.000100
vn 0.991700 0.128500 -0.000000
vn 0.770300 -0.050900 -0.635600
vn 0.950300 0.311400 -0.000000
vn 0.818700 -0.032900 0.573300
vn 0.764100 -0.084700 0.639500
vn 0.750500 -0.114800 0.650800
vn 0.764100 -0.084800 0.639500
vn 0.764000 -0.084800 0.639600
vn -0.026700 0.304400 -0.952200
vn 0.180400 0.067800 -0.981200
vn -0.541400 0.444500 -0.713700
vn -0.117100 0.850000 0.513600
vn -0.015700 0.999900 0.000900
vn -0.493800 0.869600 -0.000000
vn -0.488100 0.582200 0.650200
vn -0.117000 0.850000 0.513600
vn -0.028500 0.305700 0.951700
vn -0.117000 0.850000 0.513700
vn -0.562500 0.048500 0.825400
vn -0.028500 0.305800 0.951700
vn -0.541600 0.446300 0.712300
vn -0.028400 0.305800 0.951700
vn -0.562500 0.048600 0.825300
vn -0.589600 -0.307700 0.746800
vn -0.488200 0.582200 0.650200
vn -0.936300 0.351300 0.000000
vn -0.936300 0.351200 -0.000000
vn -0.562600 0.048500 0.825300
vn -0.951800 -0.306800 0.006300
vn -0.951800 -0.306800 0.006400
vn -0.561200 0.054200 -0.825900
vn -0.951800 -0.306700 0.006200
vn -0.936300 0.351300 -0.000100
vn -0.561200 0.054300 -0.825900
vn -0.488100 0.582200 -0.650200
vn -0.115600 0.850200 -0.513600
vn -0.115600 0.850200 -0.513700
vn -0.488200 0.582200 -0.650200
vn -0.561100 0.054200 -0.825900
vn -0.541300 0.444600 -0.713600
vn -0.643000 -0.131500 -0.754500
vn -0.593200 -0.301100 -0.746600
vn 0.179800 0.070100 0.981200
vn 0.744500 -0.000000 0.667700
vn 0.958100 -0.000000 -0.286400
vn 0.958100 -0.000000 0.286500
vn 0.958100 -0.000000 0.286400
vn 0.958100 -0.001300 -0.286600
vn 0.744400 -0.000100 -0.667700
vn 0.744400 0.000000 -0.667700
vn 0.958100 -0.000000 -0.286500
vn 0.775200 -0.289500 0.561400
vn 0.775200 -0.289600 -0.561400
vn 0.615500 -0.229800 -0.753900
vn 0.852300 -0.212200 -0.478000
vn 0.856600 -0.166000 -0.488600
vn 0.130300 -0.294500 -0.946700
vn 0.583000 -0.812500 0.000300
vn 0.856500 -0.165900 0.488800
vn 0.583000 -0.812500 0.000200
vn 0.808100 -0.143500 0.571400
vn 0.856500 -0.165900 0.488700
vn 0.615900 -0.234900 0.752000
vn 0.615900 -0.235000 0.751900
vn 0.032700 -0.470000 0.882100
vn 0.615900 -0.235000 0.752000
vn 0.032700 -0.469900 0.882100
vn 0.056800 -0.409600 -0.910500
vn -0.461300 -0.499900 -0.733000
vn 0.130300 -0.294400 -0.946800
vn 0.130200 -0.294500 -0.946700
vn 0.043500 -0.658500 -0.751300
vn 0.717700 0.010500 -0.696200
vn 0.951800 0.009300 0.306500
vn 0.951100 0.009300 -0.308800
vn 0.719400 0.021100 -0.694300
vn 0.717800 0.010500 -0.696200
vn 0.951800 0.009200 0.306500
vn 0.714400 0.021000 0.699400
vn 0.718300 0.010600 0.695600
vn 0.718300 0.010400 0.695700
vn 0.951100 0.009300 -0.308900
vn 0.902500 -0.430800 -0.000100
vn 0.555500 -0.831500 -0.000100
vn 0.688700 -0.450200 -0.568300
vn 0.688800 -0.450200 0.568200
vn 0.555500 -0.831500 -0.000000
vn 0.974000 -0.226600 -0.000100
vn 0.688800 -0.450300 0.568200
vn 0.974000 -0.226700 -0.000100
vn 0.846100 -0.157600 0.509200
vn 0.974000 -0.226700 -0.000000
vn 1.000000 -0.004800 -0.000100
vn 0.636400 0.642100 0.427300
vn 0.846100 -0.157600 0.509100
vn 1.000000 -0.004800 -0.000000
vn 0.429800 0.902900 -0.000000
vn 0.636400 0.642200 0.427300
vn 0.902400 -0.430800 -0.000100
vn 0.688700 -0.450300 -0.568300
vn 0.688800 -0.450200 -0.568300
vn 0.688700 -0.450200 -0.568400
vn 0.846100 -0.157600 -0.509200
vn 0.846100 -0.157600 -0.509100
vn 0.636400 0.642200 -0.427300
vn 0.636400 0.642200 -0.427200
vn 1.000000 -0.004700 -0.000000
vn 0.429900 0.902900 -0.000000
vn 0.056800 -0.409500 -0.910500
vn 0.636400 0.642300 0.427200
vn 0.856500 -0.166000 0.488700
vn 0.846100 -0.157500 0.509200
vn 0.688700 -0.450200 0.568300
vn -0.021800 0.999800 0.000000
vn 0.636400 0.642200 0.427200
vn 0.636500 0.642200 -0.427200
vn 0.856600 -0.166000 -0.488500
vn 0.066500 -0.997800 0.000700
vn 0.856500 -0.166000 0.488800
vn 0.615500 -0.229900 -0.753800
vn 0.763900 -0.084900 -0.639700
vn 0.852400 -0.212100 -0.478000
vn 0.808100 -0.143600 -0.571200
vn 0.808100 -0.143600 0.571300
vn -0.198900 -0.017600 0.979900
vn -0.199000 -0.017600 0.979800
vn 0.401600 -0.226400 0.887400
vn 0.780500 -0.625100 0.000500
vn -0.928800 -0.370400 0.003700
vn -0.199000 -0.017600 0.979900
vn 0.404000 -0.222700 -0.887200
vn 0.056700 -0.409600 -0.910500
vn 0.780500 -0.625100 0.000600
vn 0.404100 -0.222800 -0.887200
vn -0.198400 -0.016100 -0.980000
vn -0.198300 -0.016100 -0.980000
vn -0.928800 -0.370500 0.003800
vn -0.593200 -0.301000 -0.746700
vn -0.928800 -0.370600 0.003800
vn 0.780600 -0.625100 0.000600
vn 0.032600 -0.469900 0.882100
vn 0.780500 -0.625200 0.000600
vn 0.636500 0.453700 -0.623700
vn 0.404200 -0.222700 -0.887200
vn 0.807200 0.413100 -0.421500
vn 0.773200 -0.427000 -0.468800
vn 0.269400 -0.134100 -0.953600
vn 0.807200 0.413200 -0.421500
vn 0.974400 -0.182500 0.131500
vn 0.773200 -0.427100 -0.468800
vn 0.887700 0.205400 0.412100
vn 0.807300 0.413200 -0.421400
vn 0.888600 0.458800 -0.000000
vn 0.680500 0.606500 -0.411100
vn 0.888600 0.458700 0.000100
vn 0.249200 0.303200 -0.919800
vn 0.680500 0.606600 -0.411100
vn 0.269300 -0.134200 -0.953600
vn 0.761500 -0.352100 -0.544100
vn -0.021500 -0.114900 -0.993100
vn 0.141300 -0.321900 -0.936200
vn 0.141200 -0.321900 -0.936200
vn 0.269300 -0.134200 -0.953700
vn 0.761600 -0.352100 -0.544100
vn -0.105600 -0.002900 -0.994400
vn 0.269300 -0.134100 -0.953700
vn -0.021500 -0.115000 -0.993100
vn 0.955400 0.295200 -0.000000
vn 0.888600 0.458700 0.000000
vn 0.955500 0.295100 0.000000
vn 0.636500 0.453800 -0.623700
vn 0.761600 -0.352000 -0.544100
vn 0.875500 -0.151100 0.458900
vn 0.995800 0.091200 0.000000
vn 0.995800 0.091300 0.000100
vn 0.875600 -0.151100 0.458900
vn 0.875500 -0.151000 0.458900
vn 0.888500 0.458800 -0.000000
vn 0.974400 -0.182600 0.131500
vn 0.974400 -0.182500 0.131400
vn 0.761600 -0.352100 -0.544000
vn 0.974400 -0.182500 -0.131500
vn 0.875600 -0.151000 -0.458900
vn 0.887700 0.205400 -0.412100
vn 0.888600 0.458800 0.000100
vn 0.875600 -0.151100 -0.458900
vn 0.995800 0.091300 0.000000
vn 0.875500 -0.151000 -0.458900
vn 0.761500 -0.352100 0.544100
vn 0.761600 -0.352100 0.544100
vn 0.761600 -0.352000 0.544100
vn 0.773200 -0.427100 0.468800
vn 0.761500 -0.352100 0.544200
vn 0.269400 -0.134200 0.953600
vn -0.105500 -0.002900 0.994400
vn 0.269300 -0.134200 0.953700
vn 0.249200 0.303200 0.919800
vn 0.141200 -0.321900 0.936200
vn 0.269300 -0.134100 0.953700
vn 0.141300 -0.321900 0.936200
vn -0.022300 -0.115600 0.993100
vn -0.105500 -0.003000 0.994400
vn -0.022200 -0.115700 0.993000
vn 0.680500 0.606500 0.411100
vn 0.636500 0.453800 0.623700
vn -0.919600 -0.136700 0.368300
vn -1.000000 -0.000200 -0.000000
vn -0.999900 0.017000 0.000200
vn -0.982500 0.160200 -0.095400
vn -0.919600 -0.136800 0.368300
vn -0.982500 0.160200 -0.095300
vn -0.967500 0.252800 -0.000000
vn -0.623700 0.476800 0.619400
vn -0.919500 -0.136000 -0.368700
vn -0.999900 0.016900 0.000300
vn -1.000000 -0.000100 0.000100
vn -0.982500 0.160100 0.095400
vn -0.919500 -0.136100 -0.368700
vn -1.000000 -0.000300 -0.000000
vn -0.982500 0.160200 0.095400
vn -1.000000 -0.000100 0.000000
vn -0.982400 0.160300 0.095400
vn -0.623700 0.476800 -0.619400
vn 0.249200 0.303100 0.919800
vn 0.269400 -0.134100 0.953700
vn 0.807200 0.413200 0.421500
vn 0.887700 0.205500 -0.412100
vn 0.887700 0.205400 -0.412200
vn -0.928800 -0.370400 0.003800
vn -0.623700 0.476800 -0.619300
vn -0.967500 0.252800 -0.000100
vn -0.928800 -0.370500 0.003700
vn -0.623800 0.476800 0.619400
vn -0.623800 0.476800 0.619300
vn 0.636500 0.453700 0.623700
vn 0.780600 -0.625100 0.000500
vn 0.636400 0.453700 0.623700
vn 0.680600 0.606500 -0.411100
vn 0.182100 0.876800 -0.445000
vn 0.107400 0.517700 -0.848800
vn 0.185100 0.817900 -0.544800
vn 0.752600 0.320900 -0.575000
vn -0.737500 0.503800 -0.449700
vn -0.737500 0.503900 -0.449600
vn -0.015500 0.236200 -0.971600
vn -0.737500 0.503900 -0.449700
vn -0.982800 0.144700 -0.114800
vn 0.182100 0.876800 -0.445100
vn -0.998700 -0.007900 -0.050100
vn -0.015400 0.236200 -0.971600
vn -0.998700 -0.008000 -0.050100
vn 0.483600 0.243800 -0.840600
vn 0.918000 -0.088900 -0.386400
vn 0.483500 0.243900 -0.840700
vn 0.145300 -0.579100 0.802200
vn 0.918000 -0.089000 -0.386400
vn -0.032700 -0.157500 0.987000
vn 0.918100 -0.088900 -0.386300
vn 0.918100 -0.089000 -0.386300
vn -0.244900 0.148300 -0.958100
vn -0.244800 0.148300 -0.958200
vn -0.015400 0.236100 -0.971600
vn 0.918100 -0.088900 -0.386400
vn -0.063900 0.104900 -0.992400
vn -0.063900 0.105000 -0.992400
vn 0.991200 -0.130900 -0.019100
vn 0.249200 0.303100 -0.919800
vn -0.105500 -0.002900 -0.994400
vn 0.249300 0.303200 -0.919800
vn 0.483600 0.243800 -0.840700
vn 0.991200 -0.130900 -0.019200
vn -0.244900 0.148200 -0.958200
vn -0.989900 0.023700 -0.140000
vn -0.989900 0.023600 -0.140000
vn -0.032700 -0.157400 0.987000
vn 0.145300 -0.579200 0.802100
vn -0.032800 -0.157400 0.987000
vn 0.145300 -0.579200 0.802200
vn -0.368800 -0.103600 -0.923700
vn -0.982800 0.144600 -0.114800
vn -0.368900 -0.103600 -0.923700
vn 0.483600 0.243900 -0.840600
vn -0.021500 -0.115100 -0.993100
vn 0.182100 0.876800 0.445000
vn 0.680500 0.606500 0.411200
vn -0.032700 -0.157500 -0.987000
vn -0.989900 0.023600 0.140000
vn -0.998700 -0.007900 0.050100
vn -0.998700 -0.008000 0.050100
vn -0.244900 0.148300 0.958100
vn -0.015400 0.236200 0.971600
vn 0.918000 -0.088900 0.386400
vn -0.244900 0.148300 0.958200
vn 0.918000 -0.089000 0.386400
vn 0.752600 0.320800 0.575000
vn -0.015400 0.236300 0.971600
vn 0.483600 0.243800 0.840600
vn 0.752600 0.320900 0.575000
vn 0.182000 0.876800 0.445000
vn -0.063900 0.104800 0.992400
vn -0.244800 0.148200 0.958200
vn -0.063900 0.104900 0.992400
vn -0.032700 -0.157400 -0.987000
vn 0.145300 -0.579100 -0.802200
vn 0.483600 0.243800 0.840700
vn 0.185100 0.817900 0.544800
vn 0.107400 0.517700 0.848800
vn 0.752600 0.320900 0.574900
vn 0.991200 -0.130800 0.019000
vn -0.032800 -0.157400 -0.987000
vn 0.991200 -0.130900 0.019100
vn 0.145200 -0.579100 -0.802200
vn 0.918100 -0.089000 0.386300
vn -0.032800 -0.157500 -0.987000
vn 0.483600 0.243700 0.840600
vn 0.680500 0.606600 0.411100
vn 0.182100 0.876800 0.445100
vn -0.737500 0.503800 0.449700
vn -0.982800 0.144700 0.114800
vn 0.145300 -0.579200 -0.802200
vn -0.737500 0.503900 0.449700
vn 0.107500 0.517700 0.848800
vn 0.185100 0.817900 0.544700
vn -0.737500 0.503800 0.449600
vn 0.185000 0.817900 0.544800
vn -0.982800 0.144600 0.114700
vn -0.368700 -0.103700 0.923700
vn -0.022300 -0.115600 0.993000
vn -0.982800 0.144600 0.114800
vn -0.919600 -0.136700 0.368200
vn -0.368800 -0.103600 0.923700
vn -0.022200 -0.115600 0.993000
vn 0.483600 0.243700 0.840700
vn -0.368800 -0.103700 0.923700
vn -0.919600 -0.136800 0.368200
vn -0.982800 0.144700 0.114700
vn -0.303200 -0.756500 0.579500
vn 0.253500 0.951700 -0.173200
vn 0.039500 0.829400 -0.557200
vn 0.180500 0.067800 -0.981200
vn 0.556600 0.277800 -0.782900
vn 0.556600 0.277800 -0.783000
vn 0.556600 0.277900 -0.782900
vn -0.115500 0.850200 -0.513700
vn 0.421300 0.906900 0.002900
vn 0.253500 0.951700 -0.173300
vn 0.039600 0.829400 -0.557200
vn 0.968800 0.246600 0.023400
vn 0.990500 0.022100 -0.136000
vn 0.968800 0.246600 0.023500
vn -0.303200 -0.756500 0.579400
vn 0.974700 0.223600 0.000800
vn -0.303100 -0.756500 0.579400
vn 0.968800 0.246700 0.023500
vn 0.775300 -0.289500 -0.561400
vn 0.974700 0.223500 0.000800
vn 0.968900 0.246600 -0.022500
vn -0.299300 -0.758900 -0.578300
vn 0.775300 -0.289600 -0.561400
vn 0.775300 -0.289500 0.561400
vn 0.974700 0.223500 0.000700
vn 0.556200 0.277400 0.783400
vn 0.990300 0.023200 0.136900
vn 0.968800 0.246700 -0.022500
vn 0.253200 0.951300 0.175600
vn 0.039400 0.829300 0.557400
vn 0.556700 0.277800 -0.782900
vn 0.253200 0.951300 0.175700
vn 0.556100 0.277500 0.783400
vn 0.179800 0.070000 0.981200
vn 0.556100 0.277400 0.783400
vn 0.990300 0.023100 0.136900
vn 0.968800 0.246600 -0.022600
vn 0.253400 0.951700 -0.173200
vn 0.974700 0.223600 0.000700
vn 0.039300 0.829300 0.557400
vn -0.299400 -0.758900 -0.578300
vn -0.383800 -0.050100 -0.922000
vn 0.990300 0.023200 0.136800
vn -0.503200 0.339500 0.794700
vn 0.956700 -0.271800 -0.103800
vn -0.503200 0.339600 0.794700
vn -0.503200 0.339600 0.794600
vn -0.503300 0.339300 -0.794700
vn -0.303200 -0.756600 0.579400
vn 0.956400 -0.272000 0.106100
vn -0.503200 0.339400 -0.794700
vn -0.503200 0.339300 -0.794700
vn -0.383300 -0.048300 0.922400
vn 0.956500 -0.271900 0.106100
vn 0.039400 0.829400 -0.557200
vn -0.000200 -0.070200 -0.997500
vn -0.866600 -0.120000 0.484300
vn -0.866700 -0.120100 0.484200
vn 0.911000 -0.200800 0.360200
vn -0.866600 -0.120100 0.484300
vn 0.956500 -0.271900 0.106000
vn 0.911000 -0.200900 0.360100
vn 0.911000 -0.200800 0.360100
vn -0.000100 -0.070200 -0.997500
vn -0.000200 -0.070300 -0.997500
vn 0.557900 -0.726500 -0.401200
vn -0.866600 -0.120100 -0.484300
vn -0.383900 -0.050200 -0.922000
vn 0.911000 -0.200800 -0.360100
vn 0.557900 -0.726500 0.401200
vn -0.000200 -0.070300 0.997500
vn 0.557900 -0.726400 0.401200
vn -0.866600 -0.120000 -0.484300
vn 0.557900 -0.726500 0.401300
vn -0.000100 -0.070200 0.997500
vn -0.000200 -0.070200 0.997500
vn 0.790200 0.127100 0.599600
vn 0.721800 -0.109900 0.683300
vn 0.109100 0.040000 0.993200
vn 0.790100 0.127100 0.599600
vn 0.999900 -0.014900 -0.001900
vn 0.790200 0.127000 0.599600
vn 0.999100 0.040400 -0.008500
vn 0.999900 -0.014900 -0.001800
vn 0.999100 0.040300 -0.008500
vn 0.791900 0.115000 -0.599800
vn 0.999900 -0.014800 -0.001800
vn 0.791800 0.115100 -0.599800
vn 0.721600 -0.128500 -0.680300
vn 0.791900 0.115100 -0.599800
vn 0.120000 0.039400 -0.992000
vn -0.888000 0.040800 0.458100
vn -0.888000 0.040900 0.458000
vn 0.109000 0.040000 0.993200
vn 0.999900 -0.014800 -0.001900
vn 0.721600 -0.128500 -0.680200
vn 0.995800 0.091200 0.000100
vn 0.119900 0.039500 -0.992000
vn -0.021400 -0.115100 -0.993100
vn 0.119900 0.039400 -0.992000
vn -0.888000 0.040900 0.458100
vn -0.999900 0.017000 0.000300
vn -0.996600 0.082100 0.000700
vn -0.887700 0.050900 -0.457500
vn -0.996600 0.082000 0.000700
vn -0.021400 -0.115000 -0.993100
vn -0.887800 0.050800 -0.457500
vn -0.887700 0.050800 -0.457600
vn -0.887700 0.050800 -0.457500
vn 0.109200 0.040000 0.993200
vn 0.762000 0.260300 0.592900
vn 0.100700 0.452500 0.886100
vn 0.070600 0.354500 0.932400
vn -0.780400 0.330700 0.530700
vn 0.070600 0.354600 0.932400
vn 0.100600 0.452500 0.886100
vn -0.781400 0.379200 0.495700
vn -0.780400 0.330800 0.530700
vn -0.964000 0.265900 -0.000000
vn -0.781400 0.379100 0.495600
vn 0.100800 0.452500 0.886100
vn 0.762100 0.260300 0.592800
vn 0.790100 0.127000 0.599600
vn 0.762100 0.260400 0.592800
vn 0.987800 0.155500 -0.003200
vn 0.987800 0.155400 -0.003200
vn 0.791800 0.115000 -0.599800
vn 0.766000 0.256000 -0.589700
vn 0.791900 0.115000 -0.599700
vn 0.766000 0.255900 -0.589700
vn 0.111900 0.429800 -0.896000
vn 0.073100 0.346300 -0.935300
vn 0.111700 0.429800 -0.896000
vn 0.111800 0.429800 -0.896000
vn 0.073100 0.346400 -0.935300
vn -0.783000 0.310600 -0.539000
vn -0.783000 0.310600 -0.538900
vn -0.778300 0.373700 -0.504600
vn -0.778300 0.373600 -0.504500
vn -0.778300 0.373700 -0.504500
vn -0.964000 0.265800 -0.000000
vn -0.778400 0.373700 -0.504500
vn -0.944500 0.328400 0.001900
vn -0.944500 0.328500 0.002000
vn 0.070500 0.354500 0.932400
vn -0.703700 0.138000 0.697000
vn 0.766700 0.140300 0.626500
vn 0.215100 0.132500 0.967600
vn -0.111700 0.027700 0.993400
vn 0.766600 0.140400 0.626600
vn 0.215200 0.132500 0.967600
vn 0.762100 0.260400 0.592900
vn 0.766600 0.140300 0.626600
vn -0.111800 0.027700 0.993300
vn 0.839500 0.011500 0.543300
vn -0.111700 0.027800 0.993300
vn 0.998700 0.051200 0.000000
vn 0.766500 0.141600 -0.626400
vn 0.766500 0.141600 -0.626500
vn 0.045600 0.166600 -0.985000
vn 0.073000 0.346300 -0.935300
vn 0.045500 0.166500 -0.985000
vn -0.703600 0.138300 -0.697000
vn -0.703700 0.138300 -0.697000
vn 0.998700 0.051100 -0.000000
vn 0.839400 0.011500 -0.543300
vn 0.766500 0.141500 -0.626400
vn 0.016000 0.025100 -0.999600
vn -0.703600 0.138200 -0.697000
vn 0.016000 0.025200 -0.999600
vn -0.998700 0.050300 -0.011300
vn -0.783000 0.310500 -0.538900
vn -0.998700 0.050400 -0.011200
vn 0.999900 0.015200 0.000000
vn 0.839400 0.011400 -0.543300
vn 0.766500 0.141700 -0.626500
vn -0.780300 0.330800 0.530700
vn -0.998700 0.050300 -0.011200
vn -0.703600 0.138000 0.697000
vn -0.780400 0.330800 0.530600
vn 0.987900 0.155300 -0.003200
vn 0.839400 0.011400 0.543400
vn 0.999900 0.015100 0.000000
vn 0.839400 0.011500 0.543400
vn 0.998700 0.051200 0.000100
vn 0.839400 0.011500 -0.543400
vn -0.849800 0.039000 -0.525600
vn -0.703700 0.138200 -0.696900
vn 0.115600 -0.020400 -0.993100
vn -0.849800 0.038900 -0.525600
vn 0.115700 -0.020400 -0.993100
vn 0.801000 -0.037300 -0.597500
vn -0.849900 0.039000 -0.525600
vn -0.998500 0.055400 -0.000000
vn 0.999500 -0.031300 0.000000
vn 0.839400 0.011400 -0.543400
vn -0.703700 0.137900 0.697000
vn -0.835100 0.031700 0.549200
vn -0.835100 0.031800 0.549200
vn 0.800900 -0.034900 0.597800
vn 0.839400 0.011500 0.543300
vn 0.115700 -0.020400 0.993100
vn -0.835100 0.031700 0.549100
vn 0.115600 -0.020500 0.993100
vn -0.111700 0.027800 0.993400
vn 0.115700 -0.020500 0.993100
vn 0.800900 -0.034800 0.597800
vn -0.998500 0.055300 0.000000
vn -0.996000 0.089800 -0.000100
vn -0.849800 0.039100 -0.525600
vn -0.996000 0.089800 0.000100
vn -0.996000 0.089800 -0.000000
vn -0.757500 -0.007600 0.652800
vn -0.757400 -0.007500 0.652900
vn -0.088500 0.024300 0.995800
vn 0.149000 0.018900 0.988700
vn -0.088600 0.024300 0.995800
vn -0.791000 0.003800 0.611800
vn -0.791000 0.003700 0.611800
vn -0.757400 -0.007600 0.652900
vn 0.149100 0.018800 0.988600
vn -0.768200 -0.049600 0.638200
vn -0.022200 -0.326900 0.944800
vn 0.149000 0.018800 0.988700
vn -0.791000 0.003700 0.611900
vn -0.784200 0.201000 0.587000
vn -0.618300 0.380800 0.687500
vn -0.022100 -0.326900 0.944800
vn -0.768300 -0.049600 0.638200
vn -0.981900 0.189400 -0.000000
vn -0.768200 -0.049600 0.638300
vn -0.757500 -0.007500 0.652800
vn -0.999800 0.020600 -0.000000
vn -0.757500 -0.007500 -0.652800
vn -0.849900 0.038900 -0.525600
vn -0.768300 -0.049700 -0.638200
vn -0.784200 0.201000 -0.587000
vn -0.981900 0.189500 -0.000000
vn -0.757500 -0.007600 -0.652800
vn -0.999800 0.020500 -0.000000
vn -0.791000 0.003700 -0.611900
vn -0.757400 -0.007600 -0.652900
vn -0.791000 0.003700 -0.611800
vn 0.149100 0.018900 -0.988600
vn -0.768300 -0.049600 -0.638200
vn -0.010600 -0.584500 -0.811300
vn -0.768200 -0.049600 -0.638300
vn -0.010700 -0.584400 -0.811400
vn -0.618300 0.380800 -0.687500
vn -0.784200 0.201100 -0.587000
vn -0.010600 -0.584500 -0.811400
vn -0.757400 -0.007500 -0.652900
vn -0.088600 0.024400 -0.995800
vn 0.801000 -0.037400 -0.597500
vn 0.999500 -0.031300 0.000100
vn -0.586200 -0.808200 -0.057200
vn -0.586200 -0.808100 -0.057200
vn -0.768200 -0.049600 -0.638200
vn -0.586100 -0.808200 -0.057200
vn -0.586200 -0.808100 -0.057100
vn -0.791000 0.003600 -0.611800
vn 0.752600 -0.317800 -0.576700
vn 0.846700 -0.036600 -0.530800
vn 0.149100 0.018800 -0.988600
vn 0.752600 -0.317900 -0.576700
vn -0.010700 -0.584500 -0.811300
vn -0.999800 0.020600 -0.000100
vn 0.703000 0.033500 -0.710400
vn 0.856100 0.000000 -0.516800
vn -0.586200 -0.808200 -0.057100
vn 0.823600 -0.034400 -0.566100
vn 0.115700 -0.020500 -0.993100
vn 0.846700 -0.036700 -0.530800
vn -0.768200 -0.049700 0.638200
vn 0.998900 -0.047000 -0.000100
vn 0.999800 -0.019400 -0.000000
vn 0.932200 -0.362000 0.000000
vn 0.856100 0.000000 0.516900
vn 0.999600 0.028400 -0.000100
vn 0.752600 -0.317900 0.576600
vn 0.752600 -0.317900 0.576700
vn 0.999600 0.028400 -0.000000
vn 0.932200 -0.362100 -0.000000
vn 0.752600 -0.317800 0.576700
vn 0.999800 -0.019500 -0.000000
vn 0.752500 -0.317800 -0.576800
vn 0.820600 -0.029600 0.570800
vn 0.115600 -0.020400 0.993100
vn 0.999800 -0.019500 0.000100
vn 0.752600 -0.317900 -0.576600
vn 0.999800 -0.019400 0.000100
vn 0.998900 -0.047000 0.000000
vn 0.820600 -0.029700 0.570700
vn 0.999500 -0.031300 -0.000100
vn 0.999800 -0.019400 -0.000100
vn 0.846700 -0.036700 0.530800
vn 0.998900 -0.046900 0.000000
vn 0.820600 -0.029600 0.570700
vn 0.846700 -0.036600 0.530800
vn 0.820600 -0.029700 0.570800
vn 0.149100 0.018900 0.988600
vn -0.088600 0.024400 0.995800
vn 0.999600 0.028500 0.000000
vn 0.703000 0.033500 0.710400
vn 0.856100 0.000000 0.516800
vn 0.879200 0.453000 0.147600
vn 0.126600 0.074800 -0.989100
vn 0.644500 -0.058200 -0.762400
vn -0.042200 -0.080300 0.995900
vn 0.879200 0.453000 0.147700
vn 0.986700 -0.076700 0.143600
vn 0.879200 0.453100 0.147600
vn 0.644500 -0.058300 -0.762400
vn 0.986700 -0.076600 0.143600
vn 0.644400 -0.058200 -0.762400
vn 0.126600 0.074700 -0.989100
vn -0.371800 -0.036700 -0.927600
vn -0.995800 -0.049200 0.077400
vn -0.999400 0.024800 -0.023700
vn -0.042100 -0.080300 0.995900
vn 0.126600 0.074600 -0.989100
vn 0.005100 -0.881300 -0.472400
vn -0.567000 -0.300300 -0.767000
vn -0.567000 -0.300400 -0.767000
vn -0.999400 0.024900 -0.023700
vn -0.695200 -0.542800 0.471200
vn 0.005100 -0.881400 -0.472400
vn -0.695200 -0.542900 0.471200
vn -0.362400 -0.654900 0.663200
vn -0.995800 -0.049300 0.077400
vn -0.371700 -0.036700 -0.927600
vn -0.193000 0.108700 0.975100
vn -0.193000 0.108700 0.975200
vn -0.193100 0.108700 0.975100
vn -0.042200 -0.080200 0.995900
vn 0.010100 -0.596200 0.802800
vn 0.702800 -0.252800 0.665000
vn 0.010000 -0.596100 0.802800
vn 0.567300 -0.793900 -0.218800
vn 0.283600 -0.297200 -0.911700
vn 0.825800 0.554700 -0.101500
vn 0.431700 0.455600 0.778500
vn 0.567400 -0.793900 -0.218800
vn 0.825800 0.554700 -0.101600
vn 0.702700 -0.252800 0.665000
vn 0.474400 0.767000 -0.432000
vn 0.825800 0.554800 -0.101600
vn 0.339900 0.745600 0.573200
vn 0.474300 0.767000 -0.432000
vn 0.010100 -0.596100 0.802800
vn 0.431600 0.455500 0.778600
vn 0.339900 0.745600 0.573100
vn 0.702700 -0.252900 0.665100
vn 0.431600 0.455600 0.778500
vn 0.010000 -0.596200 0.802700
vn -0.193100 0.108600 0.975200
vn 0.474400 0.767000 -0.432100
vn 0.005200 -0.881400 -0.472400
vn 0.283600 -0.297100 -0.911800
vn 0.986100 -0.081500 -0.145000
vn 0.884400 0.455300 -0.102700
vn 0.015400 -0.078700 -0.996800
vn 0.611700 -0.079500 0.787100
vn 0.039300 0.079500 0.996100
vn -0.670500 -0.477800 -0.567600
vn -0.311300 -0.625100 -0.715800
vn -0.060400 -0.855300 0.514700
vn -0.418800 -0.085300 0.904100
vn 0.039400 0.079400 0.996100
vn 0.611800 -0.079500 0.787000
vn -0.994800 0.074900 -0.069600
vn 0.039300 0.079400 0.996100
vn -0.653100 -0.193300 0.732200
vn -0.060300 -0.855300 0.514600
vn -0.992700 -0.089600 -0.080200
vn -0.670500 -0.477700 -0.567600
vn -0.081800 0.139100 -0.986900
vn -0.311400 -0.625100 -0.715800
vn 0.015500 -0.078800 -0.996800
vn -0.081700 0.139100 -0.986900
vn 0.015500 -0.078700 -0.996800
vn -0.060300 -0.855300 0.514700
vn -0.670500 -0.477700 -0.567700
vn -0.994800 0.074800 -0.069600
vn -0.081800 0.139000 -0.986900
vn -0.653100 -0.193200 0.732200
vn 0.034000 -0.587400 -0.808600
vn 0.702700 -0.252800 -0.665000
vn 0.431700 0.455500 -0.778500
vn 0.567300 -0.793900 0.218800
vn 0.702800 -0.252800 -0.665000
vn 0.825800 0.554800 0.101600
vn 0.225600 -0.272500 0.935300
vn 0.567300 -0.793900 0.218700
vn 0.445000 0.779900 0.440100
vn 0.225700 -0.272500 0.935300
vn 0.825800 0.554700 0.101500
vn 0.353900 0.749800 -0.559000
vn 0.445000 0.780000 0.440000
vn 0.825800 0.554700 0.101600
vn 0.431700 0.455600 -0.778500
vn 0.034100 -0.587500 -0.808500
vn 0.353900 0.749900 -0.559000
vn 0.884400 0.455400 -0.102700
vn 0.567200 -0.794000 0.218800
vn 0.225700 -0.272400 0.935300
vn 0.445100 0.780000 0.440000
vn 0.354000 0.749800 -0.559000
vn 0.431600 0.455500 -0.778600
vn 0.034000 -0.587400 -0.808500
vn -0.994700 -0.085200 0.057000
vn -0.994700 -0.085300 0.057100
vn -0.045900 0.155100 -0.986800
vn 0.999900 -0.013500 0.007200
vn 0.135800 -0.125900 0.982700
vn 0.135800 -0.126000 0.982700
vn -0.045900 0.155000 -0.986800
vn -0.994700 -0.085200 0.057100
vn -0.998400 -0.007800 0.055400
vn -0.998400 -0.007800 0.055500
vn 0.135800 -0.125800 0.982700
vn -0.045800 0.155000 -0.986900
vn 0.991200 -0.130800 -0.019100
vn -0.989900 0.023600 0.140100
vn -0.994700 -0.085200 -0.057000
vn -0.989900 0.023700 0.140000
vn -0.994700 -0.085300 -0.057000
vn 0.135800 -0.125900 -0.982700
vn 0.135900 -0.125900 -0.982700
vn -0.045900 0.155100 0.986800
vn -0.994700 -0.085200 -0.057100
vn -0.998400 -0.007800 -0.055400
vn -0.994700 -0.085300 -0.057100
vn 0.942200 -0.096000 0.320900
vn 0.938500 -0.051100 0.341300
vn 0.938500 -0.051100 0.341400
vn 0.939700 -0.023300 -0.341200
vn 0.942600 -0.043500 -0.331200
vn 0.942500 -0.043600 -0.331200
vn 0.942600 -0.043600 -0.331200
vn 0.944900 -0.064100 -0.321100
vn 0.948600 -0.127800 0.289600
vn 0.952900 -0.188900 0.237300
vn 0.952900 -0.189000 -0.237300
vn -0.468100 0.883700 0.000000
vn 0.036300 0.350700 -0.935800
vn -0.895500 0.445000 0.000000
vn 0.036300 0.350700 0.935800
vn 0.257700 0.220700 -0.940700
vn 0.036200 0.350700 -0.935800
vn -0.127400 0.991900 0.000000
vn 0.146500 -0.344400 0.927300
vn 0.765500 -0.643400 0.000100
vn 0.310100 -0.950700 -0.000000
vn 0.765600 -0.643400 0.000100
vn 0.257700 0.220700 0.940700
vn 0.765600 -0.643300 0.000000
vn 0.257800 0.220700 -0.940700
vn -0.231200 0.972900 -0.000000
vn -0.127400 0.991800 0.000000
vn 0.257800 0.220700 0.940700
vn 0.036200 0.350700 0.935800
vn 0.765600 -0.643400 -0.000000
vn 0.146600 -0.344400 0.927300
vn -0.468200 0.883600 -0.000100
vn 0.146600 -0.344400 -0.927300
vn 0.146600 -0.344300 0.927300
vn 0.146500 -0.344400 -0.927300
vn 0.076600 -0.111500 0.990800
vn -0.983100 -0.183300 -0.000000
vn 0.076500 -0.111500 0.990800
vn -0.895600 0.444900 0.000000
vn 0.076500 -0.111500 -0.990800
vn 0.076500 -0.111400 0.990800
vn 0.765500 -0.643400 -0.000000
vn 0.999500 -0.031200 0.000000
vn 0.076500 -0.111400 -0.990800
vn 0.076600 -0.111500 -0.990800
vn -0.895600 0.445000 -0.000000
vn -0.918100 -0.396300 -0.000000
vn 0.067600 -0.303800 0.950300
vn 0.067500 -0.303900 -0.950300
vn 0.075800 -0.997100 -0.000000
vn -0.918200 -0.396200 0.000000
vn 0.067600 -0.303900 -0.950300
vn -0.918100 -0.396300 0.000100
vn -0.983100 -0.183300 0.000100
vn 0.994100 -0.108600 0.000000
vn -0.918100 -0.396200 0.000000
vn 0.075900 -0.997100 -0.000000
vn 0.994100 -0.108500 -0.000000
vn 0.076600 -0.111400 0.990800
vn 0.067600 -0.303900 0.950300
vn 0.764100 -0.636800 0.103200
vn -0.705200 -0.696400 0.133000
vn -0.285400 -0.718400 -0.634400
vn 0.111900 0.014700 0.993600
vn 0.795500 0.510600 0.326200
vn -0.264500 0.084600 0.960700
vn 0.984600 -0.029900 0.172400
vn 0.841200 -0.416400 -0.345000
vn 0.111800 0.014600 0.993600
vn 0.795500 0.510600 0.326300
vn -0.285400 -0.718400 0.634400
vn -0.705200 -0.696400 -0.133000
vn 0.764100 -0.636800 -0.103200
vn 0.764100 -0.636800 -0.103100
vn -0.607400 -0.214600 0.764900
vn -0.285500 -0.718400 0.634400
vn -0.607300 -0.214500 0.764900
vn 0.764200 -0.636700 -0.103200
vn -0.607400 -0.214500 0.764900
vn 0.984600 -0.029800 0.172400
vn -0.034000 -0.727600 0.685100
vn -0.219100 -0.535400 0.815700
vn -0.188600 -0.969900 0.153800
vn 0.058700 -0.989500 0.131800
vn 0.047100 -0.555500 0.830200
vn -0.034000 -0.727600 0.685200
vn -0.848400 -0.191700 -0.493500
vn -0.132900 0.091200 -0.986900
vn 0.005800 -0.189800 -0.981800
vn 0.060200 -0.146100 0.987400
vn 0.941300 0.318900 -0.110700
vn 0.795500 0.510700 0.326200
vn 0.060200 -0.146000 0.987400
vn -0.979800 -0.072800 -0.186100
vn -0.848400 -0.191600 -0.493500
vn -0.132900 0.091300 -0.986900
vn -0.944200 -0.179500 0.276100
vn -0.944200 -0.179400 0.276100
vn -0.219200 -0.535400 0.815700
vn 0.060200 -0.146000 0.987500
vn -0.219100 -0.535500 0.815600
vn -0.034100 -0.727600 0.685200
vn -0.079600 -0.135000 0.987600
vn -0.991500 -0.122400 0.043200
vn -0.944300 -0.179400 0.276000
vn -0.225700 0.156200 -0.961600
vn -0.225600 0.156200 -0.961600
vn -0.944200 -0.179400 0.276200
vn -0.225700 0.156100 -0.961600
vn 0.941300 0.318900 -0.110600
vn 0.060300 -0.146000 0.987400
vn -0.079600 -0.135100 0.987600
vn 0.941300 0.318800 -0.110700
vn 0.982000 0.183700 0.044900
vn 0.005800 -0.189900 -0.981800
vn -0.414900 -0.141100 -0.898900
vn -0.414900 -0.141100 -0.898800
vn -0.132800 0.091200 -0.986900
vn 0.952100 0.115700 -0.283100
vn 0.795500 0.510700 0.326300
vn 0.952100 0.115700 -0.283200
vn -0.275500 -0.863200 0.423000
vn -0.264400 0.084500 0.960700
vn 0.841100 -0.416500 -0.345000
vn 0.952100 0.115600 -0.283100
vn 0.111800 0.014800 0.993600
vn 0.984600 -0.029900 0.172500
vn -0.275600 -0.863200 0.423000
vn -0.287200 -0.299500 -0.909800
vn 0.103700 -0.988300 0.111600
vn 0.588800 -0.129500 -0.797800
vn 0.005900 -0.189900 -0.981800
vn 0.972800 0.182000 -0.143500
vn 0.858900 -0.458800 -0.227700
vn -0.721000 -0.346900 -0.599800
vn 0.774100 -0.005700 -0.633000
vn -0.395100 -0.268300 0.878600
vn 0.206200 0.285000 0.936100
vn -0.887100 -0.322500 -0.330200
vn 0.764700 0.024900 -0.643900
vn 0.651800 0.156000 -0.742200
vn 0.385000 0.151700 0.910300
vn -0.768000 -0.307300 -0.562000
vn 0.764700 0.024900 -0.644000
vn -0.768000 -0.307200 -0.562000
vn -0.979800 -0.072700 -0.186200
vn 0.385000 0.151700 0.910400
vn -0.219200 -0.535500 0.815600
vn 0.385100 0.151700 0.910300
vn -0.721100 -0.346900 -0.599700
vn 0.005700 -0.189900 -0.981800
vn 0.206100 0.285000 0.936100
vn -0.887100 -0.322600 -0.330200
vn -0.395000 -0.268200 0.878600
vn -0.292500 -0.865200 -0.407400
vn 0.972800 0.182100 -0.143500
vn 0.291300 0.266000 0.918900
vn 0.291300 0.265900 0.918900
vn -0.721100 -0.346900 -0.599800
vn -0.292500 -0.865200 -0.407300
vn 0.588800 -0.129600 -0.797900
vn -0.292400 -0.865200 -0.407400
vn 0.929100 -0.184600 0.320300
vn 0.929200 -0.184600 0.320300
vn 0.588800 -0.129600 -0.797800
vn -0.395000 -0.268300 0.878600
vn 0.929100 -0.184700 0.320300
vn 0.830500 -0.473600 -0.293100
vn -0.767900 -0.307200 -0.562000
vn -0.631000 -0.775300 0.027700
vn -0.486000 -0.388700 0.782800
vn -0.631000 -0.775300 0.027600
vn 0.830500 -0.473600 -0.293200
vn -0.486000 -0.388700 0.782700
vn 0.764600 0.024900 -0.644000
vn -0.486000 -0.388800 0.782700
vn -0.588600 -0.806600 0.054400
vn 0.858900 -0.458700 -0.227700
vn -0.403700 -0.340400 0.849200
vn 0.291200 0.266000 0.918900
vn 0.774200 -0.005700 -0.633000
vn -0.403700 -0.340500 0.849200
vn -0.588600 -0.806600 0.054500
vn -0.403600 -0.340400 0.849200
vn 0.220600 0.168200 0.960800
vn -0.884000 -0.277000 -0.376700
vn -0.187800 -0.865700 -0.464000
vn 0.723200 -0.044900 -0.689200
vn 0.923800 -0.258000 0.282700
vn -0.187800 -0.865700 -0.464100
vn -0.883900 -0.277100 -0.376700
vn -0.468100 -0.313300 0.826300
vn 0.220600 0.168100 0.960800
vn 0.923800 -0.258000 0.282800
vn 0.923900 -0.258000 0.282700
vn -0.884000 -0.277000 -0.376600
vn 0.952100 0.115800 -0.283100
vn 0.723200 -0.044900 -0.689100
vn 0.723200 -0.044800 -0.689200
vn -0.079600 -0.135200 0.987600
vn -0.998400 -0.007900 0.055500
vn 0.981900 0.183700 0.044900
vn -0.045900 0.155000 -0.986900
vn -0.045800 0.155000 -0.986800
vn 0.981900 0.183800 0.044900
vn 0.982000 0.183700 0.045000
vn 0.981900 0.183800 0.045000
vn 0.795400 0.510700 -0.326300
vn 0.841200 -0.416400 0.345000
vn 0.984600 -0.029900 -0.172400
vn 0.795500 0.510700 -0.326300
vn 0.984600 -0.030000 -0.172400
vn 0.111800 0.014600 -0.993600
vn -0.264500 0.084500 -0.960700
vn 0.795500 0.510600 -0.326300
vn 0.111900 0.014600 -0.993600
vn 0.111900 0.014700 -0.993600
vn -0.607400 -0.214500 -0.764900
vn -0.607400 -0.214600 -0.764900
vn -0.607300 -0.214600 -0.764900
vn -0.034100 -0.727600 -0.685200
vn 0.047100 -0.555500 -0.830200
vn 0.058700 -0.989500 -0.131800
vn -0.188600 -0.969900 -0.153800
vn -0.219200 -0.535400 -0.815600
vn -0.034000 -0.727600 -0.685200
vn 0.764700 0.025000 0.643900
vn 0.651800 0.156100 0.742200
vn -0.767900 -0.307300 0.562000
vn -0.292500 -0.865200 0.407300
vn -0.887100 -0.322500 0.330200
vn -0.395000 -0.268300 -0.878600
vn 0.651900 0.156000 0.742100
vn -0.979800 -0.072800 0.186100
vn -0.768000 -0.307300 0.562000
vn -0.887100 -0.322600 0.330100
vn 0.206200 0.285000 -0.936100
vn -0.588600 -0.806600 -0.054500
vn -0.721000 -0.346900 0.599800
vn -0.403700 -0.340400 -0.849200
vn 0.385100 0.151700 -0.910300
vn 0.651800 0.156000 0.742200
vn 0.764700 0.024900 0.643900
vn -0.767900 -0.307400 0.562000
vn 0.858900 -0.458700 0.227700
vn -0.588600 -0.806600 -0.054400
vn -0.403600 -0.340400 -0.849200
vn 0.291300 0.265900 -0.918900
vn 0.291300 0.266000 -0.918900
vn 0.774100 -0.005700 0.633000
vn 0.858900 -0.458800 0.227700
vn -0.219100 -0.535400 -0.815700
vn 0.385000 0.151700 -0.910400
vn -0.721100 -0.346900 0.599800
vn -0.403600 -0.340500 -0.849200
vn 0.858900 -0.458800 0.227600
vn 0.774200 -0.005700 0.633000
vn 0.005800 -0.189900 0.981800
vn 0.005700 -0.189800 0.981800
vn -0.848400 -0.191700 0.493500
vn -0.721100 -0.346900 0.599700
vn 0.929100 -0.184600 -0.320400
vn 0.588900 -0.129600 0.797800
vn -0.292500 -0.865200 0.407400
vn 0.588800 -0.129600 0.797800
vn -0.887100 -0.322600 0.330200
vn 0.291200 0.266000 -0.918900
vn 0.588800 -0.129500 0.797900
vn 0.005800 -0.189800 0.981800
vn 0.929100 -0.184600 -0.320300
vn -0.395100 -0.268200 -0.878600
vn 0.206300 0.285000 -0.936100
vn 0.929100 -0.184700 -0.320300
vn 0.830500 -0.473600 0.293100
vn 0.830500 -0.473600 0.293200
vn -0.631000 -0.775300 -0.027600
vn -0.768000 -0.307300 0.561900
vn -0.486000 -0.388700 -0.782800
vn -0.630900 -0.775300 -0.027600
vn -0.486000 -0.388700 -0.782700
vn -0.486000 -0.388800 -0.782700
vn 0.385000 0.151700 -0.910300
vn 0.764700 0.024900 0.644000
vn -0.486100 -0.388700 -0.782700
vn 0.206200 0.285100 -0.936100
vn 0.972800 0.182000 0.143500
vn 0.588800 -0.129500 0.797800
vn -0.275600 -0.863200 -0.423000
vn 0.103700 -0.988300 -0.111600
vn 0.972800 0.182100 0.143400
vn 0.588800 -0.129400 0.797800
vn 0.764200 -0.636700 0.103100
vn -0.287200 -0.299500 0.909800
vn 0.841100 -0.416500 0.345000
vn -0.275500 -0.863200 -0.423000
vn 0.206100 0.285000 -0.936100
vn 0.111800 0.014700 -0.993600
vn -0.264400 0.084600 -0.960700
vn -0.287200 -0.299500 0.909900
vn 0.764100 -0.636800 0.103100
vn 0.952100 0.115700 0.283200
vn 0.952100 0.115700 0.283100
vn 0.795500 0.510700 -0.326200
vn -0.414900 -0.141100 0.898800
vn 0.723200 -0.044900 0.689200
vn -0.884000 -0.276900 0.376600
vn 0.220600 0.168100 -0.960800
vn -0.468100 -0.313300 -0.826300
vn 0.220600 0.168200 -0.960800
vn 0.723200 -0.044800 0.689200
vn -0.414900 -0.141000 0.898900
vn -0.415000 -0.141100 0.898800
vn -0.884000 -0.277000 0.376700
vn -0.884000 -0.277000 0.376600
vn -0.187700 -0.865700 0.464000
vn 0.923900 -0.258000 -0.282700
vn -0.187800 -0.865700 0.464000
vn 0.923800 -0.258000 -0.282800
vn 0.923800 -0.258100 -0.282700
vn 0.220700 0.168100 -0.960800
vn 0.923800 -0.258000 -0.282700
vn -0.132900 0.091300 0.986900
vn -0.944200 -0.179500 -0.276000
vn -0.991500 -0.122300 -0.043200
vn -0.079500 -0.135100 -0.987600
vn 0.060200 -0.146100 -0.987400
vn -0.034100 -0.727600 -0.685100
vn -0.219200 -0.535500 -0.815600
vn 0.060200 -0.146000 -0.987500
vn 0.047100 -0.555400 -0.830200
vn 0.060200 -0.146000 -0.987400
vn 0.941300 0.318900 0.110700
vn 0.060200 -0.145900 -0.987500
vn 0.941300 0.318900 0.110600
vn 0.952100 0.115600 0.283100
vn -0.132900 0.091200 0.986900
vn 0.952100 0.115800 0.283100
vn -0.944200 -0.179400 -0.276100
vn -0.219100 -0.535400 -0.815600
vn -0.133000 0.091300 0.986900
vn -0.079600 -0.135000 -0.987600
vn 0.982000 0.183700 -0.044900
vn -0.079600 -0.135100 -0.987600
vn -0.225700 0.156100 0.961600
vn -0.991500 -0.122400 -0.043200
vn 0.941300 0.318800 0.110600
vn 0.981900 0.183800 -0.045000
vn -0.944200 -0.179500 -0.276100
vn -0.132800 0.091300 0.986900
vn -0.991500 -0.122400 -0.043300
vn -0.998400 -0.007900 -0.055500
vn 0.982000 0.183700 -0.045000
vn 0.999900 -0.013500 -0.007300
vn -0.998400 -0.007800 -0.055500
vn -0.225800 0.156200 0.961600
vn 0.981900 0.183700 -0.045000
usemtl Creature_Humanfemalemerchantthin_humanfemalemerchantthin.m2.006
s 1
f 170/1/1 171/2/2 172/3/3
f 189/4/4 190/5/5 191/6/6
f 244/7/7 245/8/8 246/9/9
f 283/10/10 284/11/11 285/12/12
f 312/13/13 313/14/14 314/15/15
f 315/16/16 316/17/17 317/18/18
f 323/19/19 324/20/20 325/21/19
f 326/21/21 327/20/22 328/19/21
f 6/22/23 1/23/24 50/24/25
f 2/25/26 10/22/27 4/26/28
f 10/22/29 3/27/30 4/26/31
f 5/28/32 3/27/33 10/22/34
f 6/22/23 3/27/30 5/28/35
f 52/29/36 6/22/37 5/28/35
f 52/29/36 1/23/38 6/22/23
f 5/28/32 8/30/39 52/29/40
f 5/28/32 10/22/34 7/29/41
f 7/29/42 8/30/43 5/28/35
f 10/22/44 53/23/45 7/29/42
f 9/24/46 53/23/45 10/22/34
f 11/31/47 9/24/48 10/22/44
f 41/32/49 12/33/50 54/34/51
f 11/31/52 41/32/53 54/34/54
f 54/34/55 12/33/56 80/35/57
f 12/33/58 14/36/59 80/35/60
f 14/36/59 12/33/61 41/32/49
f 14/36/59 41/32/53 13/37/62
f 13/37/62 41/32/49 30/38/63
f 14/36/59 15/39/64 80/35/60
f 15/39/64 14/36/59 30/38/65
f 14/36/66 13/37/62 30/38/65
f 15/39/64 33/40/67 80/35/60
f 16/35/68 40/40/69 39/39/70
f 38/38/71 20/36/72 39/39/73
f 16/35/74 39/39/70 20/36/72
f 16/35/74 20/36/75 57/33/76
f 19/32/77 18/41/78 51/31/79
f 51/31/79 18/41/80 17/42/81
f 18/41/80 22/43/82 17/42/83
f 17/42/81 22/43/84 149/44/85
f 19/32/86 57/33/87 20/36/72
f 21/37/88 19/32/89 20/36/72
f 38/38/71 19/32/89 21/37/90
f 38/38/71 21/37/90 20/36/72
f 18/41/91 23/45/92 22/43/93
f 19/32/86 23/45/94 18/41/80
f 49/43/95 48/45/96 26/41/97
f 25/42/98 49/43/99 26/41/100
f 149/44/101 49/43/99 25/42/98
f 25/42/102 24/46/103 149/44/104
f 149/44/85 24/46/103 17/42/81
f 6/22/37 17/42/81 24/46/103
f 6/22/37 51/31/105 17/42/106
f 6/22/23 50/24/107 51/31/108
f 4/26/109 3/27/30 6/22/23
f 4/26/110 6/22/37 2/25/111
f 2/25/112 6/22/113 24/46/103
f 24/46/103 10/22/29 2/25/112
f 24/46/114 25/42/115 10/22/44
f 25/42/102 11/31/116 10/22/29
f 25/42/98 26/41/117 11/31/118
f 11/31/119 26/41/100 41/32/53
f 26/41/100 48/45/96 41/32/53
f 37/47/120 19/32/121 38/38/122
f 28/48/123 154/49/124 27/50/125
f 27/50/125 31/51/126 28/48/127
f 31/51/126 155/47/128 28/48/129
f 29/52/130 155/47/131 31/51/126
f 29/52/130 30/38/132 155/47/133
f 29/52/134 15/39/64 30/38/132
f 29/52/130 33/40/135 15/39/64
f 31/51/136 27/50/125 32/53/137
f 31/51/126 32/53/138 29/52/130
f 29/52/139 32/53/138 34/54/140
f 33/40/135 29/52/130 34/54/140
f 34/54/141 36/52/142 40/40/69
f 34/54/143 32/53/144 36/52/145
f 36/52/145 32/53/137 35/51/146
f 32/53/144 27/50/125 35/51/146
f 147/48/147 35/51/146 27/50/125
f 27/50/125 154/49/124 147/48/148
f 147/48/148 37/47/120 35/51/149
f 35/51/149 37/47/120 36/52/145
f 36/52/150 37/47/120 38/38/151
f 38/38/71 39/39/73 36/52/145
f 39/39/152 40/40/153 36/52/145
f 30/38/63 41/32/154 155/47/131
f 42/55/155 47/56/156 43/57/157
f 43/57/158 44/58/155 42/55/155
f 47/56/159 45/55/160 46/55/161
f 46/55/161 43/56/158 47/56/162
f 149/44/85 48/45/163 49/43/95
f 22/43/82 23/45/164 149/44/101
f 74/59/165 50/24/166 69/60/167
f 74/59/165 75/34/168 51/31/79
f 52/29/36 69/60/167 1/23/38
f 8/30/169 69/60/167 52/29/36
f 7/29/41 78/60/170 8/30/171
f 53/23/172 78/60/173 7/29/41
f 78/60/170 9/24/48 56/59/174
f 11/31/47 54/34/55 56/59/175
f 55/61/176 56/59/177 54/34/55
f 54/34/54 80/35/60 55/61/178
f 82/61/179 16/35/180 75/34/181
f 16/35/180 57/33/76 75/34/181
f 75/34/182 57/33/183 19/32/77
f 75/34/168 19/32/121 51/31/79
f 61/55/184 58/56/185 59/56/186
f 59/56/186 60/55/187 61/55/188
f 58/57/189 62/58/190 63/55/191
f 63/55/192 59/56/193 58/57/189
f 64/62/194 84/63/195 70/64/196
f 66/64/197 84/63/198 64/62/194
f 71/65/199 66/64/200 64/62/194
f 71/65/201 65/66/202 66/64/197
f 65/66/202 71/65/203 68/67/204
f 67/68/205 65/66/206 68/67/207
f 76/69/208 67/68/209 68/67/207
f 64/62/210 70/64/211 71/65/203
f 70/64/212 74/59/165 69/60/167
f 70/64/213 69/60/167 72/66/214
f 70/64/211 72/66/215 71/65/201
f 68/67/204 71/65/203 72/66/214
f 73/68/216 72/66/214 69/60/167
f 68/67/207 72/66/214 73/68/217
f 68/67/218 73/68/217 76/69/219
f 82/61/179 74/59/165 70/64/196
f 75/34/168 74/59/165 82/61/220
f 67/68/221 78/60/222 65/66/223
f 65/66/223 78/60/170 66/64/197
f 78/60/222 56/59/177 66/64/200
f 66/64/224 56/59/177 55/61/178
f 77/70/225 78/71/170 67/72/226
f 77/70/225 67/72/226 76/73/219
f 76/73/219 73/72/227 77/70/225
f 73/72/216 69/71/228 77/70/225
f 77/70/229 69/71/167 8/74/169
f 8/74/169 78/71/230 77/70/229
f 74/59/231 51/31/232 50/24/233
f 1/23/234 69/60/167 50/24/107
f 9/24/46 11/31/47 56/59/177
f 9/24/46 78/60/230 53/23/235
f 80/35/60 79/75/236 55/61/176
f 33/40/67 79/75/237 80/35/60
f 55/61/178 79/75/236 81/76/238
f 111/77/239 55/61/176 81/76/238
f 33/40/67 109/78/240 79/75/241
f 85/76/242 82/61/243 111/77/244
f 82/61/220 85/76/245 83/75/246
f 82/61/220 83/75/246 16/35/180
f 83/75/247 109/78/248 40/40/249
f 16/35/74 83/75/247 40/40/69
f 109/78/250 33/40/135 34/54/140
f 34/54/140 40/40/69 109/78/248
f 111/77/244 82/61/179 70/64/196
f 84/63/195 111/77/251 70/64/196
f 66/64/200 55/61/252 111/77/253
f 66/64/197 111/77/251 84/63/198
f 93/79/254 85/80/255 111/81/251
f 87/82/256 96/83/257 89/84/258
f 87/82/259 86/85/260 96/83/261
f 87/82/259 95/86/262 86/85/260
f 95/86/262 87/82/263 92/87/264
f 87/82/259 88/88/265 92/87/266
f 87/82/259 90/89/267 88/88/268
f 87/82/259 89/84/269 90/89/267
f 186/90/270 123/91/271 91/92/272
f 91/92/273 89/84/274 186/90/275
f 129/93/276 89/84/274 91/92/272
f 90/89/267 89/84/277 129/93/276
f 91/92/272 123/91/278 129/93/276
f 112/94/279 92/87/280 88/88/268
f 112/94/281 88/88/268 93/79/282
f 186/90/283 94/95/284 184/96/285
f 184/96/286 94/95/287 92/87/264
f 94/95/288 95/86/262 92/87/289
f 95/86/262 94/95/287 86/85/290
f 86/85/260 94/95/288 186/90/283
f 96/83/257 86/85/291 186/90/292
f 89/84/258 96/83/261 186/90/275
f 98/85/293 97/95/294 106/86/295
f 92/87/296 106/86/295 97/95/297
f 92/87/280 97/95/294 184/96/298
f 184/96/286 97/95/299 183/90/300
f 183/90/301 97/95/299 98/85/293
f 183/90/302 98/85/293 108/83/303
f 183/90/304 108/83/303 107/84/305
f 99/93/306 107/84/307 104/89/308
f 100/92/309 107/84/310 99/93/306
f 183/90/301 107/84/305 100/92/311
f 100/92/311 180/91/312 183/90/301
f 99/93/313 180/91/314 100/92/311
f 101/88/315 92/87/280 112/94/281
f 113/79/316 101/88/315 112/94/281
f 181/97/317 103/98/318 187/99/319
f 102/100/320 103/98/318 181/97/321
f 103/98/318 102/100/322 110/101/323
f 102/100/320 140/102/324 110/101/323
f 188/97/325 187/99/326 103/98/327
f 125/100/328 188/97/329 103/98/330
f 125/100/331 103/98/332 110/101/323
f 125/100/333 110/101/323 127/102/334
f 104/89/335 107/84/336 105/82/337
f 101/88/315 104/89/335 105/82/337
f 92/87/280 101/88/315 105/82/337
f 92/87/266 105/82/337 106/86/338
f 98/85/293 106/86/339 105/82/337
f 108/83/303 98/85/293 105/82/337
f 107/84/305 108/83/303 105/82/337
f 109/103/340 83/104/247 127/102/341
f 109/103/248 127/102/334 110/101/342
f 109/103/343 110/101/323 140/102/344
f 109/103/343 140/102/345 79/104/236
f 127/105/334 83/106/247 93/79/282
f 93/79/254 83/106/246 85/80/245
f 113/79/316 81/80/238 79/106/237
f 113/79/346 111/81/347 81/80/238
f 113/79/346 112/94/281 111/81/244
f 93/79/254 111/81/251 112/94/281
f 140/105/324 113/79/348 79/106/237
f 93/79/282 88/88/349 126/107/350
f 116/108/351 115/109/352 130/110/353
f 115/111/352 116/112/351 114/113/354
f 126/114/350 115/111/352 114/113/355
f 114/113/354 116/112/351 118/115/356
f 114/113/357 124/116/358 126/114/359
f 114/113/357 117/117/360 124/116/358
f 114/113/354 118/115/361 117/117/362
f 126/118/359 130/110/353 115/109/352
f 126/118/350 128/119/363 130/110/353
f 120/120/364 130/110/353 128/119/365
f 128/119/363 122/121/366 120/120/367
f 121/122/368 120/120/369 122/121/366
f 118/115/361 130/110/353 120/120/370
f 118/115/361 119/123/371 117/117/362
f 119/123/372 118/115/373 120/120/374
f 305/124/375 119/123/371 120/120/374
f 305/124/376 120/120/364 304/13/377
f 90/89/378 129/93/379 128/125/363
f 88/88/265 90/89/380 128/125/381
f 126/107/350 88/88/265 128/125/363
f 304/13/382 120/120/364 121/122/368
f 119/123/383 305/124/375 303/126/384
f 119/123/371 303/126/385 117/117/362
f 117/117/360 303/126/385 121/127/386
f 122/128/387 117/117/362 121/127/388
f 117/117/362 122/128/389 124/116/358
f 122/129/390 123/91/278 188/97/325
f 124/130/358 122/129/390 188/97/325
f 124/130/358 188/97/329 125/100/331
f 125/100/331 127/102/334 124/130/391
f 126/107/350 124/130/358 127/102/341
f 93/79/282 126/107/350 127/105/334
f 129/93/276 122/129/392 128/131/393
f 122/129/390 129/93/276 123/91/394
f 130/110/353 118/115/356 116/108/351
f 144/107/395 101/88/396 113/79/316
f 308/127/397 309/126/398 138/117/399
f 138/117/400 309/126/398 131/123/401
f 138/117/400 131/123/401 139/115/402
f 137/120/403 139/115/402 131/123/404
f 137/120/405 132/110/406 139/115/407
f 133/119/408 132/110/409 137/120/405
f 132/110/409 133/119/408 144/118/410
f 309/126/398 134/124/411 131/123/412
f 137/120/403 131/123/404 134/124/413
f 308/127/414 138/117/399 142/128/415
f 137/120/405 142/121/415 133/119/416
f 135/109/417 132/110/409 144/118/395
f 132/110/406 135/109/417 136/108/418
f 136/108/418 139/115/402 132/110/419
f 312/13/420 137/120/405 134/124/413
f 308/122/421 137/120/403 312/13/422
f 142/121/423 137/120/424 308/122/425
f 133/125/426 99/93/306 104/89/308
f 133/132/408 104/89/308 101/88/315
f 133/133/408 101/88/427 144/107/428
f 139/115/402 136/112/418 141/113/429
f 138/117/400 139/115/407 141/113/429
f 143/116/430 138/117/400 141/113/429
f 113/79/316 140/105/344 144/107/395
f 143/116/430 142/128/431 138/117/399
f 141/113/432 136/112/433 135/111/434
f 141/113/435 135/111/436 144/114/428
f 144/114/428 143/116/437 141/113/432
f 142/129/438 181/97/317 180/91/439
f 143/130/440 181/97/441 142/129/438
f 142/129/442 180/91/443 99/93/306
f 99/93/306 133/131/444 142/129/445
f 143/130/437 102/100/320 181/97/446
f 102/100/320 143/130/430 140/102/324
f 144/107/395 140/102/324 143/130/447
f 148/134/448 146/135/449 145/136/450
f 19/32/451 148/137/452 23/45/94
f 148/137/453 19/32/451 37/47/120
f 146/138/449 148/137/454 37/47/120
f 154/49/124 146/138/449 147/48/455
f 154/49/124 153/139/456 146/138/449
f 147/48/147 146/138/457 37/47/120
f 145/140/458 157/141/459 162/142/460
f 157/143/461 148/144/462 162/142/460
f 157/145/459 145/146/450 146/147/449
f 152/148/463 148/134/464 157/149/465
f 23/45/466 148/137/452 152/150/467
f 156/149/468 150/134/469 152/148/467
f 23/45/470 152/150/463 149/44/85
f 149/44/85 152/150/463 48/45/471
f 152/150/472 150/137/473 48/45/471
f 48/45/163 150/137/473 41/32/49
f 151/142/474 150/144/469 156/143/475
f 159/147/476 158/146/477 156/145/475
f 152/150/463 148/137/478 146/138/449
f 153/139/456 152/150/463 146/138/449
f 159/138/476 152/150/467 153/139/456
f 159/138/476 153/139/456 154/49/124
f 28/48/127 159/138/476 154/49/124
f 155/47/128 159/138/479 28/48/127
f 159/138/476 150/137/473 152/150/463
f 155/47/128 150/137/480 159/138/476
f 155/47/128 41/32/481 150/137/482
f 151/142/483 156/141/484 158/140/477
f 152/151/467 157/145/465 146/147/485
f 159/147/476 156/145/475 152/151/486
f 158/136/487 159/135/479 150/134/488
f 171/2/489 150/144/488 172/3/3
f 151/142/490 160/152/491 172/3/3
f 172/3/492 150/144/469 151/142/474
f 158/140/487 160/152/491 151/142/483
f 150/134/488 171/153/2 160/154/493
f 150/134/469 160/154/494 158/136/477
f 145/136/450 163/154/495 148/134/496
f 161/3/497 163/152/498 162/142/460
f 163/154/499 164/153/500 148/134/496
f 161/3/497 148/144/462 164/2/500
f 162/142/460 148/144/462 161/3/501
f 162/142/460 163/152/499 145/140/502
f 167/155/503 166/156/504 163/154/495
f 163/154/499 166/156/505 164/153/500
f 168/1/506 164/2/500 166/157/507
f 161/3/508 164/2/500 168/1/509
f 168/1/510 167/158/511 161/3/497
f 161/3/497 167/158/512 163/152/495
f 167/155/503 165/159/513 166/156/505
f 168/1/510 165/159/513 167/158/511
f 165/159/513 168/1/510 166/157/507
f 174/157/514 171/2/515 170/1/516
f 174/157/514 170/1/516 169/159/517
f 173/158/518 169/159/519 170/1/516
f 174/156/520 169/159/521 173/155/522
f 172/3/492 173/158/523 170/1/516
f 160/152/491 173/158/523 172/3/3
f 160/154/491 174/156/520 173/155/522
f 171/153/2 174/156/514 160/154/491
f 195/160/524 182/161/525 175/162/526
f 195/160/527 177/163/528 182/161/525
f 195/160/529 176/164/530 177/163/531
f 176/164/532 178/160/533 177/163/534
f 178/160/535 185/161/536 177/163/534
f 178/160/537 179/162/538 185/161/536
f 180/91/443 181/97/317 190/5/539
f 180/91/443 190/5/540 175/162/541
f 175/162/526 182/161/525 183/90/300
f 180/91/439 175/162/526 183/90/304
f 177/163/542 183/90/302 182/161/525
f 177/163/531 184/96/298 183/90/301
f 177/163/534 185/161/543 186/90/283
f 177/163/531 186/90/270 184/96/544
f 179/162/545 186/90/283 185/161/536
f 123/91/546 186/90/283 179/162/547
f 181/97/441 187/99/326 190/5/548
f 190/5/5 187/99/549 200/165/550
f 199/5/551 200/165/552 187/99/549
f 123/91/553 199/5/554 188/97/325
f 123/91/553 179/162/545 199/5/555
f 188/97/329 199/5/556 187/99/326
f 175/162/557 190/5/540 189/4/4
f 202/166/558 194/167/559 204/168/560
f 192/169/561 204/168/562 194/167/563
f 189/4/564 192/169/565 194/167/559
f 189/4/4 193/170/566 192/169/561
f 193/170/566 189/4/567 191/171/6
f 194/167/568 175/162/526 189/4/4
f 194/167/559 195/160/529 175/162/526
f 202/166/569 195/160/570 194/167/559
f 202/166/571 196/172/572 195/160/529
f 195/160/529 196/172/573 176/164/530
f 196/172/572 178/160/574 176/164/530
f 196/172/573 213/166/575 178/160/576
f 213/166/577 197/167/578 178/160/537
f 208/168/579 197/167/580 213/166/575
f 197/167/581 208/168/582 209/169/583
f 197/167/581 209/169/584 198/4/585
f 209/169/584 193/170/566 198/4/586
f 191/171/6 198/4/587 193/170/588
f 197/167/580 179/162/545 178/160/537
f 197/167/581 198/4/587 179/162/545
f 179/162/545 198/4/589 199/5/551
f 198/4/589 191/6/590 199/5/555
f 199/5/556 191/6/591 200/165/552
f 190/5/548 200/165/552 191/6/590
f 204/168/592 192/169/565 219/173/593
f 201/174/594 202/166/558 204/168/560
f 205/175/595 219/173/593 203/176/596
f 204/168/560 205/175/595 201/174/597
f 204/168/562 219/173/593 205/175/598
f 201/174/597 196/177/572 202/166/599
f 201/174/600 203/176/601 222/178/602
f 205/175/595 203/176/603 201/174/594
f 210/179/604 206/174/605 196/177/573
f 206/174/606 207/175/607 208/168/608
f 207/175/609 216/173/610 208/168/579
f 216/173/611 209/169/583 208/168/579
f 210/179/612 218/178/613 206/174/614
f 211/176/615 216/173/616 207/175/609
f 206/174/606 211/176/617 207/175/609
f 216/173/610 214/180/618 209/169/619
f 209/169/584 214/180/620 193/170/566
f 213/166/575 196/177/572 206/174/606
f 212/181/621 218/178/622 210/179/604
f 208/168/579 213/166/575 206/174/623
f 192/169/624 214/180/625 219/173/626
f 193/170/566 214/180/625 192/169/627
f 196/177/628 201/174/600 210/179/612
f 210/179/604 222/178/629 212/181/630
f 201/174/597 222/178/631 210/179/632
f 218/178/633 211/176/615 206/174/606
f 215/182/634 214/180/618 216/173/610
f 215/182/634 216/173/635 211/176/615
f 211/176/615 237/183/636 215/182/637
f 237/183/638 211/176/615 218/178/622
f 217/184/639 237/183/638 218/178/622
f 214/180/625 215/182/640 223/185/641
f 221/186/642 218/178/613 212/181/630
f 218/178/643 221/186/642 217/184/639
f 203/176/596 219/173/644 224/182/645
f 219/173/626 214/180/620 224/182/646
f 223/185/641 224/182/646 214/180/620
f 220/184/647 221/186/642 222/178/602
f 212/181/621 222/178/648 221/186/642
f 222/178/648 203/176/603 252/183/649
f 224/182/650 252/183/651 203/176/652
f 222/178/648 252/183/653 220/184/654
f 223/185/655 225/187/656 224/182/645
f 215/182/657 225/187/658 223/185/655
f 224/182/645 225/187/659 231/188/660
f 231/188/661 226/8/662 252/183/649
f 228/7/663 226/8/664 248/189/665
f 248/189/666 226/8/662 231/188/667
f 228/7/668 227/190/669 257/191/670
f 227/190/669 228/7/671 248/189/672
f 231/188/660 252/183/651 224/182/645
f 257/191/670 229/192/673 230/193/674
f 229/192/673 257/191/675 227/190/676
f 239/194/677 229/192/673 227/190/678
f 231/188/679 232/195/680 248/189/666
f 232/195/680 231/188/661 225/187/659
f 236/188/681 225/187/659 215/182/682
f 240/190/683 234/192/684 239/194/685
f 225/187/659 236/188/686 232/195/687
f 241/189/688 232/195/680 236/188/689
f 241/189/690 244/7/691 240/190/692
f 233/191/693 240/190/692 244/7/691
f 240/190/694 233/191/695 234/192/684
f 235/193/696 234/192/697 233/191/698
f 215/182/634 237/183/636 236/188/699
f 237/183/636 245/8/700 236/188/689
f 241/189/688 245/8/700 244/7/7
f 236/188/699 245/8/8 241/189/688
f 217/184/701 221/186/702 246/9/9
f 227/190/669 238/196/703 257/191/670
f 238/196/703 239/194/677 227/190/678
f 233/191/693 238/196/704 240/190/692
f 240/190/705 239/194/677 238/196/703
f 241/189/690 238/196/706 232/195/680
f 240/190/705 238/196/707 241/189/708
f 243/197/709 244/7/7 247/198/710
f 244/7/711 243/197/712 233/191/713
f 232/195/714 238/196/704 248/189/666
f 233/191/698 243/197/709 242/199/715
f 255/200/716 242/199/715 243/197/709
f 243/197/709 238/196/717 233/191/693
f 246/9/718 237/183/636 217/184/639
f 237/183/719 246/9/9 245/8/8
f 247/198/720 244/7/7 246/9/9
f 248/189/666 238/196/707 227/190/721
f 221/186/642 256/201/722 246/9/9
f 251/202/723 250/203/724 243/197/709
f 259/200/725 249/204/726 258/197/727
f 258/197/728 249/204/729 250/203/730
f 257/191/675 238/196/703 258/197/731
f 247/198/710 251/202/732 243/197/733
f 226/8/664 254/9/734 252/183/735
f 250/203/724 249/204/726 243/197/709
f 246/9/9 251/202/736 247/198/720
f 250/203/724 238/196/717 243/197/737
f 251/202/738 246/9/9 256/201/739
f 254/9/740 221/186/741 220/184/654
f 258/197/728 251/202/742 253/198/743
f 254/9/740 256/201/744 221/186/741
f 258/197/731 238/196/717 250/203/724
f 220/184/654 252/183/735 254/9/745
f 253/198/746 251/202/732 254/9/747
f 254/9/734 228/7/748 253/198/746
f 254/9/734 226/8/749 228/7/748
f 243/197/712 249/204/750 255/200/716
f 256/201/739 254/9/745 251/202/732
f 257/191/670 258/197/731 228/7/663
f 253/198/743 228/7/663 258/197/731
f 258/197/728 260/199/751 259/200/752
f 260/199/751 258/197/731 257/191/670
f 258/197/728 250/203/724 251/202/736
f 261/12/753 266/205/754 262/11/755
f 265/206/756 261/12/757 263/10/758
f 261/12/759 262/11/760 263/10/761
f 262/11/762 266/205/763 268/207/764
f 264/208/765 269/209/766 265/206/767
f 266/210/768 281/211/769 267/212/770
f 266/210/763 267/212/771 269/209/772
f 267/212/771 270/213/773 269/209/772
f 267/212/770 281/211/774 270/213/775
f 270/213/773 281/211/774 272/214/776
f 264/208/777 268/215/778 269/209/772
f 265/206/767 278/216/779 261/12/753
f 270/213/775 278/216/780 269/209/766
f 270/213/775 272/217/776 278/216/781
f 269/209/772 268/215/778 266/210/763
f 265/206/782 269/209/766 278/216/781
f 271/218/783 278/216/780 272/217/776
f 276/219/784 271/220/785 273/221/786
f 271/220/783 280/222/787 273/221/786
f 274/223/788 277/224/789 276/225/784
f 273/226/790 274/223/791 276/225/792
f 280/227/787 274/223/791 273/226/786
f 279/228/793 274/223/794 280/227/787
f 275/229/795 274/223/788 279/228/796
f 274/223/788 275/229/795 277/224/789
f 271/218/797 277/224/798 275/229/799
f 276/225/800 277/224/801 271/218/802
f 271/218/797 275/229/795 278/216/803
f 261/12/753 278/216/779 275/229/799
f 261/12/753 275/229/799 279/228/793
f 266/230/763 261/12/753 279/228/804
f 266/230/763 279/228/793 280/227/787
f 281/231/805 266/230/754 280/227/806
f 271/220/783 281/211/805 280/222/787
f 271/220/785 272/232/776 281/211/805
f 283/10/807 285/12/808 282/206/809
f 284/11/810 298/205/811 285/12/12
f 290/213/812 297/214/813 296/211/814
f 286/207/815 298/205/816 284/11/817
f 298/210/811 286/215/815 287/209/818
f 298/210/819 289/212/820 296/211/821
f 287/209/818 286/215/815 288/208/822
f 290/213/823 302/216/824 297/217/825
f 282/206/826 287/209/818 288/208/822
f 302/216/827 287/209/818 282/206/828
f 285/12/808 302/216/827 282/206/826
f 289/212/820 290/213/823 296/211/829
f 290/213/830 287/209/831 302/216/832
f 298/210/819 287/209/818 289/212/820
f 289/212/833 287/209/818 290/213/812
f 301/218/834 297/217/813 302/216/832
f 300/225/835 301/218/834 291/224/836
f 295/226/837 300/225/838 292/223/839
f 293/227/840 295/226/841 292/223/839
f 299/228/842 293/227/843 292/223/844
f 294/229/845 299/228/846 292/223/839
f 292/223/847 291/224/848 294/229/845
f 300/219/835 295/221/837 301/220/834
f 301/218/849 294/229/850 291/224/848
f 301/220/834 293/222/843 296/211/821
f 301/220/834 296/211/829 297/232/813
f 296/231/829 293/227/840 298/230/816
f 298/230/811 293/227/843 299/228/846
f 298/230/819 299/228/846 285/12/851
f 301/220/834 295/221/852 293/222/853
f 285/12/808 299/228/854 294/229/855
f 292/223/844 300/225/838 291/224/856
f 285/12/808 294/229/855 302/216/827
f 301/218/857 302/216/827 294/229/845
f 307/233/858 121/127/368 303/126/385
f 305/124/376 307/233/859 303/126/385
f 304/13/377 306/14/860 305/124/376
f 402/15/861 304/13/377 403/234/862
f 121/127/388 307/233/858 403/235/863
f 305/124/376 306/14/864 307/233/865
f 403/234/862 304/13/377 121/122/386
f 307/233/865 306/14/860 401/236/866
f 401/236/867 403/235/868 307/233/858
f 402/15/861 306/14/869 304/13/870
f 309/126/871 308/127/414 310/233/872
f 309/126/873 310/233/874 134/124/413
f 311/234/875 312/13/422 314/15/15
f 308/122/414 312/13/422 311/234/876
f 310/233/872 313/14/877 134/124/413
f 311/235/875 310/233/878 308/127/421
f 134/124/413 313/14/14 312/13/13
f 455/236/879 313/14/14 310/233/872
f 310/233/880 311/235/875 455/236/879
f 318/237/881 315/16/882 317/18/883
f 319/237/884 320/18/885 321/16/886
f 321/16/885 320/18/887 322/17/888
f 326/21/889 328/19/889 329/238/890
f 330/238/891 323/19/19 325/21/19
f 331/239/892 336/240/893 342/241/894
f 342/241/894 333/240/895 331/239/892
f 337/242/896 336/240/897 334/243/898
f 338/244/899 332/245/900 340/246/901
f 333/240/895 332/247/902 335/242/903
f 332/247/904 336/240/897 337/242/905
f 339/248/906 337/249/896 334/250/907
f 334/243/907 333/240/895 335/242/908
f 331/239/892 333/240/909 334/243/907
f 335/249/908 332/245/910 338/244/911
f 334/243/907 336/240/893 331/239/912
f 341/244/913 337/249/896 339/248/906
f 339/248/906 335/249/908 338/244/914
f 334/250/907 335/249/908 339/248/906
f 340/246/901 332/245/910 341/244/915
f 341/244/915 332/245/904 337/249/896
f 343/251/916 332/247/904 333/240/895
f 349/252/917 343/251/918 342/241/894
f 342/241/919 345/251/920 349/252/917
f 343/251/918 344/253/642 332/247/904
f 343/251/921 333/240/895 342/241/894
f 332/247/922 344/253/923 345/251/924
f 332/247/910 345/251/925 336/240/897
f 342/241/926 336/240/893 345/251/920
f 348/254/927 347/255/928 343/251/918
f 346/255/929 351/256/930 348/254/931
f 345/251/920 346/255/932 348/254/931
f 345/251/925 348/254/933 349/252/934
f 350/257/935 351/256/930 346/255/929
f 348/254/936 351/256/937 347/255/928
f 344/253/923 350/257/938 345/251/925
f 350/257/935 344/253/642 343/251/918
f 347/255/928 350/257/935 343/251/918
f 348/254/927 343/251/939 349/252/917
f 345/251/920 350/257/938 346/255/929
f 347/255/940 351/256/937 350/257/935
usemtl Creature_Humanfemalemerchantthin_humanfemalemerchantthin.m2.005
f 409/258/941 410/259/942 411/260/943
f 352/261/944 353/262/945 367/263/946
f 368/264/947 365/265/948 353/262/945
f 352/261/949 368/264/947 353/262/950
f 354/260/951 369/259/952 355/258/953
f 355/258/954 356/266/955 354/260/951
f 354/260/956 356/266/957 369/267/952
f 355/258/958 368/264/947 356/266/955
f 356/266/959 368/264/960 352/261/944
f 357/268/961 375/269/962 382/270/963
f 377/271/964 370/272/965 357/268/966
f 382/273/967 358/274/968 377/275/969
f 363/276/970 353/262/950 362/277/971
f 367/263/946 353/262/972 363/276/973
f 374/278/974 358/274/968 382/273/975
f 358/274/976 374/278/974 359/279/977
f 359/279/977 374/278/974 375/269/962
f 359/279/978 375/269/979 363/280/980
f 375/269/981 357/268/982 363/280/980
f 357/268/966 370/272/965 363/280/980
f 361/281/983 400/282/984 359/283/977
f 359/283/985 400/282/984 360/284/986
f 360/284/987 358/285/976 359/283/988
f 360/284/989 362/286/990 358/285/976
f 359/283/977 363/287/991 361/281/992
f 361/288/992 363/289/980 362/286/993
f 361/288/992 362/286/971 404/290/994
f 360/284/989 404/290/994 362/286/993
f 377/275/995 358/274/976 379/291/996
f 379/291/997 358/274/998 366/292/999
f 362/277/990 366/292/999 358/274/976
f 353/262/1000 366/292/1001 362/277/971
f 363/276/973 364/293/1002 367/263/1003
f 370/294/965 364/293/1002 363/276/970
f 365/265/1004 364/295/1002 366/292/999
f 353/262/950 365/265/948 366/292/1005
f 367/263/946 364/293/1002 352/261/1006
f 368/264/1007 364/295/1008 365/265/948
f 352/261/944 364/293/1008 356/266/955
f 369/259/952 364/295/1009 355/258/953
f 369/267/952 356/266/957 364/296/1009
f 364/295/1009 368/264/947 355/258/953
f 370/297/965 379/298/1010 364/295/1002
f 384/299/1011 377/275/1012 379/291/1013
f 371/300/1014 376/301/1015 381/302/1016
f 386/303/1017 380/304/1018 378/305/1019
f 372/306/1020 382/270/1021 373/307/1022
f 390/308/1023 382/273/1021 372/309/1024
f 390/308/1025 374/278/974 382/273/1021
f 373/307/1022 374/278/1026 390/308/1023
f 373/307/1027 375/269/1028 374/278/974
f 382/270/1021 375/269/979 373/307/1029
f 376/301/1030 377/275/1031 381/302/1016
f 376/301/1015 382/273/967 377/275/995
f 380/304/1018 370/272/965 377/271/995
f 380/304/1032 377/271/995 378/305/1033
f 378/310/1033 377/275/969 384/299/1011
f 386/303/1034 378/305/1033 383/311/1035
f 384/312/1011 379/313/1013 380/314/1018
f 379/313/1036 370/294/965 380/314/1018
f 381/315/1016 377/316/969 391/317/1037
f 377/316/995 357/268/966 391/317/1037
f 391/317/1037 357/268/982 382/270/967
f 391/317/1038 382/270/967 376/318/1039
f 383/319/1040 378/310/1019 384/299/1041
f 383/319/1042 384/299/1011 385/320/1043
f 385/321/1044 384/312/1045 380/314/1018
f 386/303/1046 383/311/1035 385/322/1043
f 385/321/1047 380/314/1018 386/323/1034
f 388/324/1048 390/308/1049 372/309/1020
f 387/325/1050 390/308/1023 388/324/1048
f 389/326/1051 390/308/1023 387/325/1052
f 389/326/1051 387/325/1052 388/327/1053
f 388/327/1048 373/307/1029 389/326/1054
f 388/327/1048 372/306/1055 373/307/1022
f 389/326/1056 373/307/1022 390/308/1023
f 392/328/1057 376/301/1015 371/300/1058
f 393/329/1059 391/317/1060 376/318/1039
f 371/330/1014 381/315/1061 391/317/1038
f 371/330/1058 391/317/1037 393/329/1062
f 393/329/1059 392/327/1063 371/330/1014
f 393/329/1064 376/318/1015 392/327/1063
f 394/331/1065 379/298/997 396/332/1066
f 398/333/1067 399/334/1068 395/335/1069
f 398/333/1070 396/336/1071 399/334/1068
f 397/337/1072 394/331/1073 396/332/1066
f 395/335/1074 399/334/1068 394/331/1073
f 395/335/1075 394/331/1073 397/337/1072
f 397/337/1072 398/338/1067 395/335/1075
f 397/337/1072 396/332/1076 398/338/1067
f 394/331/1073 364/295/1008 379/298/997
f 394/331/1073 366/292/999 364/295/1008
f 399/334/1068 366/292/1077 394/331/1073
f 399/334/1078 379/291/997 366/292/999
f 396/336/1071 379/291/996 399/334/1079
f 401/236/866 400/339/984 361/340/1080
f 400/339/984 401/236/866 360/341/989
f 361/340/992 403/235/862 401/236/867
f 360/341/989 401/236/1081 306/14/864
f 404/342/1082 360/341/986 306/14/1083
f 306/14/1084 402/15/861 404/342/1085
f 402/15/861 403/234/862 404/342/1086
f 361/343/992 404/342/1087 403/234/862
f 436/262/1088 405/265/1089 406/264/1090
f 436/262/1091 406/264/1092 407/261/1093
f 408/263/1094 436/262/1095 407/261/1096
f 407/261/1097 406/264/1090 412/266/1098
f 412/266/1098 406/264/1090 409/258/941
f 410/267/942 412/266/1099 411/260/943
f 411/260/943 412/266/1100 409/258/941
f 444/268/1101 445/272/1102 443/271/1103
f 424/270/1104 447/269/1105 444/268/1106
f 413/309/1107 424/273/1108 416/308/1109
f 422/311/1110 425/305/1111 414/303/1112
f 424/273/1113 415/278/1114 416/308/1115
f 425/305/1116 426/304/1117 414/303/1112
f 417/327/1118 421/318/1119 418/329/1120
f 432/307/1121 424/270/1122 413/306/1123
f 416/308/1124 415/278/1114 432/307/1121
f 420/330/1125 417/327/1126 418/329/1120
f 418/329/1127 419/317/1128 420/330/1125
f 419/317/1129 423/315/1130 420/330/1131
f 415/278/1114 447/269/1132 432/307/1133
f 432/307/1133 447/269/1132 424/270/1122
f 421/318/1134 419/317/1128 418/329/1135
f 423/302/1130 421/301/1134 420/300/1136
f 423/302/1137 443/275/1138 421/301/1134
f 420/300/1125 421/301/1119 417/328/1126
f 443/275/1139 424/273/1140 421/301/1134
f 421/318/1141 424/270/1140 419/317/1129
f 428/320/1142 427/299/1143 422/319/1144
f 427/299/1145 425/310/1146 422/319/1144
f 419/317/1147 443/316/1138 423/315/1130
f 419/317/1128 444/268/1101 443/316/1138
f 424/270/1140 444/268/1106 419/317/1129
f 427/299/1148 443/275/1138 425/310/1146
f 443/271/1149 445/272/1102 426/304/1117
f 428/322/1150 422/311/1144 414/303/1151
f 426/314/1152 427/312/1148 428/321/1153
f 414/323/1112 426/314/1152 428/321/1150
f 413/309/1107 416/308/1115 430/324/1154
f 430/324/1155 416/308/1115 429/325/1156
f 429/325/1156 416/308/1157 431/326/1158
f 425/305/1116 443/271/1138 426/304/1117
f 430/327/1155 429/325/1159 431/326/1160
f 431/326/1161 432/307/1121 430/327/1155
f 432/307/1162 413/306/1163 430/327/1154
f 416/308/1109 432/307/1121 431/326/1164
f 426/314/1165 433/313/1166 427/312/1167
f 434/295/1168 433/298/1169 445/297/1102
f 412/266/1099 434/293/1168 407/261/1097
f 433/291/1170 443/275/1138 427/299/1171
f 409/258/1172 434/295/1173 410/259/942
f 405/265/1174 434/295/1175 406/264/1090
f 426/314/1176 445/294/1102 433/313/1170
f 407/261/1177 434/293/1168 408/263/1178
f 434/296/1179 412/266/1099 410/267/942
f 409/258/1180 406/264/1090 434/295/1173
f 435/292/1181 434/295/1168 405/265/1174
f 435/292/1182 405/265/1174 436/262/1183
f 435/292/1182 433/291/1184 441/334/1185
f 437/332/1186 440/331/1187 438/337/1188
f 440/331/1189 435/292/1182 441/334/1190
f 434/295/1168 435/292/1182 440/331/1189
f 433/298/1191 434/295/1175 440/331/1187
f 441/334/1190 433/291/1192 437/336/1193
f 437/332/1194 433/298/1191 440/331/1187
f 439/338/1195 437/332/1194 438/337/1188
f 442/335/1196 439/338/1197 438/337/1188
f 441/334/1190 437/336/1193 439/333/1197
f 442/335/1198 441/334/1185 439/333/1197
f 438/337/1188 440/331/1187 442/335/1199
f 440/331/1200 441/334/1185 442/335/1201
f 433/291/1184 448/274/1202 443/275/1138
f 452/283/1203 451/282/1204 450/281/1205
f 449/280/1206 444/268/1207 447/269/1208
f 449/280/1209 445/272/1210 444/268/1207
f 449/276/1211 434/293/1175 445/294/1102
f 408/263/1178 434/293/1168 449/276/1211
f 449/276/1211 436/262/1095 408/263/1178
f 446/277/1212 436/262/1095 449/276/1213
f 446/277/1214 435/292/1215 436/262/1095
f 448/274/1216 435/292/1217 446/277/1214
f 435/292/1182 448/274/1216 433/291/1184
f 449/280/1206 447/269/1132 452/279/1218
f 447/269/1219 415/278/1114 452/279/1218
f 452/279/1218 415/278/1114 448/274/1220
f 424/273/1140 448/274/1216 415/278/1114
f 443/275/1138 448/274/1216 424/273/1140
f 446/286/1214 449/289/1206 450/288/1221
f 453/290/1222 446/286/1212 450/288/1223
f 454/284/1224 451/282/1225 452/283/1218
f 450/281/1221 449/287/1211 452/283/1218
f 446/286/1226 453/290/1227 454/284/1224
f 448/285/1202 446/286/1212 454/284/1224
f 452/283/1228 448/285/1229 454/284/1224
f 450/340/1223 451/339/1230 455/236/1231
f 454/341/1224 455/236/1231 451/339/1225
f 453/342/1232 311/234/875 314/15/15
f 453/342/1222 314/15/1233 313/14/14
f 313/14/14 454/341/1224 453/342/1232
f 313/14/14 455/236/1234 454/341/1235
f 455/236/1234 311/235/875 450/340/1223
f 311/234/875 453/342/1236 450/343/1223
# --- zbase: round base added by build_models.py (r=0.50000, t=0.10000, model units) ---
s off
v 0.423010 -0.006770 -0.033000
v 0.418732 -0.006770 0.032263
v 0.405973 -0.006770 0.096410
v 0.384950 -0.006770 0.158342
v 0.356023 -0.006770 0.217000
v 0.319687 -0.006770 0.271381
v 0.276563 -0.006770 0.320553
v 0.227391 -0.006770 0.363677
v 0.173010 -0.006770 0.400013
v 0.114352 -0.006770 0.428940
v 0.052420 -0.006770 0.449963
v -0.011727 -0.006770 0.462722
v -0.076990 -0.006770 0.467000
v -0.142253 -0.006770 0.462722
v -0.206400 -0.006770 0.449963
v -0.268332 -0.006770 0.428940
v -0.326990 -0.006770 0.400013
v -0.381371 -0.006770 0.363677
v -0.430543 -0.006770 0.320553
v -0.473667 -0.006770 0.271381
v -0.510003 -0.006770 0.217000
v -0.538930 -0.006770 0.158342
v -0.559953 -0.006770 0.096410
v -0.572712 -0.006770 0.032263
v -0.576990 -0.006770 -0.033000
v -0.572712 -0.006770 -0.098263
v -0.559953 -0.006770 -0.162410
v -0.538930 -0.006770 -0.224342
v -0.510003 -0.006770 -0.283000
v -0.473667 -0.006770 -0.337381
v -0.430543 -0.006770 -0.386553
v -0.381371 -0.006770 -0.429677
v -0.326990 -0.006770 -0.466013
v -0.268332 -0.006770 -0.494940
v -0.206400 -0.006770 -0.515963
v -0.142253 -0.006770 -0.528722
v -0.076990 -0.006770 -0.533000
v -0.011727 -0.006770 -0.528722
v 0.052420 -0.006770 -0.515963
v 0.114352 -0.006770 -0.494940
v 0.173010 -0.006770 -0.466013
v 0.227391 -0.006770 -0.429677
v 0.276563 -0.006770 -0.386553
v 0.319687 -0.006770 -0.337381
v 0.356023 -0.006770 -0.283000
v 0.384950 -0.006770 -0.224342
v 0.405973 -0.006770 -0.162410
v 0.418732 -0.006770 -0.098263
v 0.423010 0.068230 -0.033000
v 0.418732 0.068230 0.032263
v 0.405973 0.068230 0.096410
v 0.384950 0.068230 0.158342
v 0.356023 0.068230 0.217000
v 0.319687 0.068230 0.271381
v 0.276563 0.068230 0.320553
v 0.227391 0.068230 0.363677
v 0.173010 0.068230 0.400013
v 0.114352 0.068230 0.428940
v 0.052420 0.068230 0.449963
v -0.011727 0.068230 0.462722
v -0.076990 0.068230 0.467000
v -0.142253 0.068230 0.462722
v -0.206400 0.068230 0.449963
v -0.268332 0.068230 0.428940
v -0.326990 0.068230 0.400013
v -0.381371 0.068230 0.363677
v -0.430543 0.068230 0.320553
v -0.473667 0.068230 0.271381
v -0.510003 0.068230 0.217000
v -0.538930 0.068230 0.158342
v -0.559953 0.068230 0.096410
v -0.572712 0.068230 0.032263
v -0.576990 0.068230 -0.033000
v -0.572712 0.068230 -0.098263
v -0.559953 0.068230 -0.162410
v -0.538930 0.068230 -0.224342
v -0.510003 0.068230 -0.283000
v -0.473667 0.068230 -0.337381
v -0.430543 0.068230 -0.386553
v -0.381371 0.068230 -0.429677
v -0.326990 0.068230 -0.466013
v -0.268332 0.068230 -0.494940
v -0.206400 0.068230 -0.515963
v -0.142253 0.068230 -0.528722
v -0.076990 0.068230 -0.533000
v -0.011727 0.068230 -0.528722
v 0.052420 0.068230 -0.515963
v 0.114352 0.068230 -0.494940
v 0.173010 0.068230 -0.466013
v 0.227391 0.068230 -0.429677
v 0.276563 0.068230 -0.386553
v 0.319687 0.068230 -0.337381
v 0.356023 0.068230 -0.283000
v 0.384950 0.068230 -0.224342
v 0.405973 0.068230 -0.162410
v 0.418732 0.068230 -0.098263
v 0.408010 0.093230 -0.033000
v 0.403861 0.093230 0.030305
v 0.391484 0.093230 0.092527
v 0.371092 0.093230 0.152601
v 0.343032 0.093230 0.209500
v 0.307786 0.093230 0.262249
v 0.265957 0.093230 0.309947
v 0.218259 0.093230 0.351776
v 0.165510 0.093230 0.387022
v 0.108611 0.093230 0.415082
v 0.048537 0.093230 0.435474
v -0.013685 0.093230 0.447851
v -0.076990 0.093230 0.452000
v -0.140295 0.093230 0.447851
v -0.202517 0.093230 0.435474
v -0.262591 0.093230 0.415082
v -0.319490 0.093230 0.387022
v -0.372239 0.093230 0.351776
v -0.419937 0.093230 0.309947
v -0.461766 0.093230 0.262249
v -0.497012 0.093230 0.209500
v -0.525072 0.093230 0.152601
v -0.545464 0.093230 0.092527
v -0.557841 0.093230 0.030305
v -0.561990 0.093230 -0.033000
v -0.557841 0.093230 -0.096305
v -0.545464 0.093230 -0.158527
v -0.525072 0.093230 -0.218601
v -0.497012 0.093230 -0.275500
v -0.461766 0.093230 -0.328249
v -0.419937 0.093230 -0.375947
v -0.372239 0.093230 -0.417776
v -0.319490 0.093230 -0.453022
v -0.262591 0.093230 -0.481082
v -0.202517 0.093230 -0.501474
v -0.140295 0.093230 -0.513851
v -0.076990 0.093230 -0.518000
v -0.013685 0.093230 -0.513851
v 0.048537 0.093230 -0.501474
v 0.108611 0.093230 -0.481082
v 0.165510 0.093230 -0.453022
v 0.218259 0.093230 -0.417776
v 0.265957 0.093230 -0.375947
v 0.307786 0.093230 -0.328249
v 0.343032 0.093230 -0.275500
v 0.371092 0.093230 -0.218601
v 0.391484 0.093230 -0.158527
v 0.403861 0.093230 -0.096305
v -0.076990 -0.006770 -0.033000
v -0.076990 0.093230 -0.033000
vt 0.964844 0.558594
vn 0 -1 0
vn 0 1 0
vn 1.000000 0 0.000000
vn 0.991445 0 0.130526
vn 0.965926 0 0.258819
vn 0.923880 0 0.382683
vn 0.866025 0 0.500000
vn 0.793353 0 0.608761
vn 0.707107 0 0.707107
vn 0.608761 0 0.793353
vn 0.500000 0 0.866025
vn 0.382683 0 0.923880
vn 0.258819 0 0.965926
vn 0.130526 0 0.991445
vn 0.000000 0 1.000000
vn -0.130526 0 0.991445
vn -0.258819 0 0.965926
vn -0.382683 0 0.923880
vn -0.500000 0 0.866025
vn -0.608761 0 0.793353
vn -0.707107 0 0.707107
vn -0.793353 0 0.608761
vn -0.866025 0 0.500000
vn -0.923880 0 0.382683
vn -0.965926 0 0.258819
vn -0.991445 0 0.130526
vn -1.000000 0 0.000000
vn -0.991445 0 -0.130526
vn -0.965926 0 -0.258819
vn -0.923880 0 -0.382683
vn -0.866025 0 -0.500000
vn -0.793353 0 -0.608761
vn -0.707107 0 -0.707107
vn -0.608761 0 -0.793353
vn -0.500000 0 -0.866025
vn -0.382683 0 -0.923880
vn -0.258819 0 -0.965926
vn -0.130526 0 -0.991445
vn -0.000000 0 -1.000000
vn 0.130526 0 -0.991445
vn 0.258819 0 -0.965926
vn 0.382683 0 -0.923880
vn 0.500000 0 -0.866025
vn 0.608761 0 -0.793353
vn 0.707107 0 -0.707107
vn 0.793353 0 -0.608761
vn 0.866025 0 -0.500000
vn 0.923880 0 -0.382683
vn 0.965926 0 -0.258819
vn 0.991445 0 -0.130526
vn 0.857493 0.514496 0.000000
vn 0.850157 0.514496 0.111925
vn 0.828275 0.514496 0.221936
vn 0.792220 0.514496 0.328148
vn 0.742611 0.514496 0.428746
vn 0.680295 0.514496 0.522009
vn 0.606339 0.514496 0.606339
vn 0.522009 0.514496 0.680295
vn 0.428746 0.514496 0.742611
vn 0.328148 0.514496 0.792220
vn 0.221936 0.514496 0.828275
vn 0.111925 0.514496 0.850157
vn 0.000000 0.514496 0.857493
vn -0.111925 0.514496 0.850157
vn -0.221936 0.514496 0.828275
vn -0.328148 0.514496 0.792220
vn -0.428746 0.514496 0.742611
vn -0.522009 0.514496 0.680295
vn -0.606339 0.514496 0.606339
vn -0.680295 0.514496 0.522009
vn -0.742611 0.514496 0.428746
vn -0.792220 0.514496 0.328148
vn -0.828275 0.514496 0.221936
vn -0.850157 0.514496 0.111925
vn -0.857493 0.514496 0.000000
vn -0.850157 0.514496 -0.111925
vn -0.828275 0.514496 -0.221936
vn -0.792220 0.514496 -0.328148
vn -0.742611 0.514496 -0.428746
vn -0.680295 0.514496 -0.522009
vn -0.606339 0.514496 -0.606339
vn -0.522009 0.514496 -0.680295
vn -0.428746 0.514496 -0.742611
vn -0.328148 0.514496 -0.792220
vn -0.221936 0.514496 -0.828275
vn -0.111925 0.514496 -0.850157
vn -0.000000 0.514496 -0.857493
vn 0.111925 0.514496 -0.850157
vn 0.221936 0.514496 -0.828275
vn 0.328148 0.514496 -0.792220
vn 0.428746 0.514496 -0.742611
vn 0.522009 0.514496 -0.680295
vn 0.606339 0.514496 -0.606339
vn 0.680295 0.514496 -0.522009
vn 0.742611 0.514496 -0.428746
vn 0.792220 0.514496 -0.328148
vn 0.828275 0.514496 -0.221936
vn 0.850157 0.514496 -0.111925
f 600/344/1237 456/344/1237 457/344/1237
f 456/344/1239 504/344/1239 505/344/1240 457/344/1240
f 504/344/1287 552/344/1287 553/344/1288 505/344/1288
f 601/344/1238 553/344/1238 552/344/1238
f 600/344/1237 457/344/1237 458/344/1237
f 457/344/1240 505/344/1240 506/344/1241 458/344/1241
f 505/344/1288 553/344/1288 554/344/1289 506/344/1289
f 601/344/1238 554/344/1238 553/344/1238
f 600/344/1237 458/344/1237 459/344/1237
f 458/344/1241 506/344/1241 507/344/1242 459/344/1242
f 506/344/1289 554/344/1289 555/344/1290 507/344/1290
f 601/344/1238 555/344/1238 554/344/1238
f 600/344/1237 459/344/1237 460/344/1237
f 459/344/1242 507/344/1242 508/344/1243 460/344/1243
f 507/344/1290 555/344/1290 556/344/1291 508/344/1291
f 601/344/1238 556/344/1238 555/344/1238
f 600/344/1237 460/344/1237 461/344/1237
f 460/344/1243 508/344/1243 509/344/1244 461/344/1244
f 508/344/1291 556/344/1291 557/344/1292 509/344/1292
f 601/344/1238 557/344/1238 556/344/1238
f 600/344/1237 461/344/1237 462/344/1237
f 461/344/1244 509/344/1244 510/344/1245 462/344/1245
f 509/344/1292 557/344/1292 558/344/1293 510/344/1293
f 601/344/1238 558/344/1238 557/344/1238
f 600/344/1237 462/344/1237 463/344/1237
f 462/344/1245 510/344/1245 511/344/1246 463/344/1246
f 510/344/1293 558/344/1293 559/344/1294 511/344/1294
f 601/344/1238 559/344/1238 558/344/1238
f 600/344/1237 463/344/1237 464/344/1237
f 463/344/1246 511/344/1246 512/344/1247 464/344/1247
f 511/344/1294 559/344/1294 560/344/1295 512/344/1295
f 601/344/1238 560/344/1238 559/344/1238
f 600/344/1237 464/344/1237 465/344/1237
f 464/344/1247 512/344/1247 513/344/1248 465/344/1248
f 512/344/1295 560/344/1295 561/344/1296 513/344/1296
f 601/344/1238 561/344/1238 560/344/1238
f 600/344/1237 465/344/1237 466/344/1237
f 465/344/1248 513/344/1248 514/344/1249 466/344/1249
f 513/344/1296 561/344/1296 562/344/1297 514/344/1297
f 601/344/1238 562/344/1238 561/344/1238
f 600/344/1237 466/344/1237 467/344/1237
f 466/344/1249 514/344/1249 515/344/1250 467/344/1250
f 514/344/1297 562/344/1297 563/344/1298 515/344/1298
f 601/344/1238 563/344/1238 562/344/1238
f 600/344/1237 467/344/1237 468/344/1237
f 467/344/1250 515/344/1250 516/344/1251 468/344/1251
f 515/344/1298 563/344/1298 564/344/1299 516/344/1299
f 601/344/1238 564/344/1238 563/344/1238
f 600/344/1237 468/344/1237 469/344/1237
f 468/344/1251 516/344/1251 517/344/1252 469/344/1252
f 516/344/1299 564/344/1299 565/344/1300 517/344/1300
f 601/344/1238 565/344/1238 564/344/1238
f 600/344/1237 469/344/1237 470/344/1237
f 469/344/1252 517/344/1252 518/344/1253 470/344/1253
f 517/344/1300 565/344/1300 566/344/1301 518/344/1301
f 601/344/1238 566/344/1238 565/344/1238
f 600/344/1237 470/344/1237 471/344/1237
f 470/344/1253 518/344/1253 519/344/1254 471/344/1254
f 518/344/1301 566/344/1301 567/344/1302 519/344/1302
f 601/344/1238 567/344/1238 566/344/1238
f 600/344/1237 471/344/1237 472/344/1237
f 471/344/1254 519/344/1254 520/344/1255 472/344/1255
f 519/344/1302 567/344/1302 568/344/1303 520/344/1303
f 601/344/1238 568/344/1238 567/344/1238
f 600/344/1237 472/344/1237 473/344/1237
f 472/344/1255 520/344/1255 521/344/1256 473/344/1256
f 520/344/1303 568/344/1303 569/344/1304 521/344/1304
f 601/344/1238 569/344/1238 568/344/1238
f 600/344/1237 473/344/1237 474/344/1237
f 473/344/1256 521/344/1256 522/344/1257 474/344/1257
f 521/344/1304 569/344/1304 570/344/1305 522/344/1305
f 601/344/1238 570/344/1238 569/344/1238
f 600/344/1237 474/344/1237 475/344/1237
f 474/344/1257 522/344/1257 523/344/1258 475/344/1258
f 522/344/1305 570/344/1305 571/344/1306 523/344/1306
f 601/344/1238 571/344/1238 570/344/1238
f 600/344/1237 475/344/1237 476/344/1237
f 475/344/1258 523/344/1258 524/344/1259 476/344/1259
f 523/344/1306 571/344/1306 572/344/1307 524/344/1307
f 601/344/1238 572/344/1238 571/344/1238
f 600/344/1237 476/344/1237 477/344/1237
f 476/344/1259 524/344/1259 525/344/1260 477/344/1260
f 524/344/1307 572/344/1307 573/344/1308 525/344/1308
f 601/344/1238 573/344/1238 572/344/1238
f 600/344/1237 477/344/1237 478/344/1237
f 477/344/1260 525/344/1260 526/344/1261 478/344/1261
f 525/344/1308 573/344/1308 574/344/1309 526/344/1309
f 601/344/1238 574/344/1238 573/344/1238
f 600/344/1237 478/344/1237 479/344/1237
f 478/344/1261 526/344/1261 527/344/1262 479/344/1262
f 526/344/1309 574/344/1309 575/344/1310 527/344/1310
f 601/344/1238 575/344/1238 574/344/1238
f 600/344/1237 479/344/1237 480/344/1237
f 479/344/1262 527/344/1262 528/344/1263 480/344/1263
f 527/344/1310 575/344/1310 576/344/1311 528/344/1311
f 601/344/1238 576/344/1238 575/344/1238
f 600/344/1237 480/344/1237 481/344/1237
f 480/344/1263 528/344/1263 529/344/1264 481/344/1264
f 528/344/1311 576/344/1311 577/344/1312 529/344/1312
f 601/344/1238 577/344/1238 576/344/1238
f 600/344/1237 481/344/1237 482/344/1237
f 481/344/1264 529/344/1264 530/344/1265 482/344/1265
f 529/344/1312 577/344/1312 578/344/1313 530/344/1313
f 601/344/1238 578/344/1238 577/344/1238
f 600/344/1237 482/344/1237 483/344/1237
f 482/344/1265 530/344/1265 531/344/1266 483/344/1266
f 530/344/1313 578/344/1313 579/344/1314 531/344/1314
f 601/344/1238 579/344/1238 578/344/1238
f 600/344/1237 483/344/1237 484/344/1237
f 483/344/1266 531/344/1266 532/344/1267 484/344/1267
f 531/344/1314 579/344/1314 580/344/1315 532/344/1315
f 601/344/1238 580/344/1238 579/344/1238
f 600/344/1237 484/344/1237 485/344/1237
f 484/344/1267 532/344/1267 533/344/1268 485/344/1268
f 532/344/1315 580/344/1315 581/344/1316 533/344/1316
f 601/344/1238 581/344/1238 580/344/1238
f 600/344/1237 485/344/1237 486/344/1237
f 485/344/1268 533/344/1268 534/344/1269 486/344/1269
f 533/344/1316 581/344/1316 582/344/1317 534/344/1317
f 601/344/1238 582/344/1238 581/344/1238
f 600/344/1237 486/344/1237 487/344/1237
f 486/344/1269 534/344/1269 535/344/1270 487/344/1270
f 534/344/1317 582/344/1317 583/344/1318 535/344/1318
f 601/344/1238 583/344/1238 582/344/1238
f 600/344/1237 487/344/1237 488/344/1237
f 487/344/1270 535/344/1270 536/344/1271 488/344/1271
f 535/344/1318 583/344/1318 584/344/1319 536/344/1319
f 601/344/1238 584/344/1238 583/344/1238
f 600/344/1237 488/344/1237 489/344/1237
f 488/344/1271 536/344/1271 537/344/1272 489/344/1272
f 536/344/1319 584/344/1319 585/344/1320 537/344/1320
f 601/344/1238 585/344/1238 584/344/1238
f 600/344/1237 489/344/1237 490/344/1237
f 489/344/1272 537/344/1272 538/344/1273 490/344/1273
f 537/344/1320 585/344/1320 586/344/1321 538/344/1321
f 601/344/1238 586/344/1238 585/344/1238
f 600/344/1237 490/344/1237 491/344/1237
f 490/344/1273 538/344/1273 539/344/1274 491/344/1274
f 538/344/1321 586/344/1321 587/344/1322 539/344/1322
f 601/344/1238 587/344/1238 586/344/1238
f 600/344/1237 491/344/1237 492/344/1237
f 491/344/1274 539/344/1274 540/344/1275 492/344/1275
f 539/344/1322 587/344/1322 588/344/1323 540/344/1323
f 601/344/1238 588/344/1238 587/344/1238
f 600/344/1237 492/344/1237 493/344/1237
f 492/344/1275 540/344/1275 541/344/1276 493/344/1276
f 540/344/1323 588/344/1323 589/344/1324 541/344/1324
f 601/344/1238 589/344/1238 588/344/1238
f 600/344/1237 493/344/1237 494/344/1237
f 493/344/1276 541/344/1276 542/344/1277 494/344/1277
f 541/344/1324 589/344/1324 590/344/1325 542/344/1325
f 601/344/1238 590/344/1238 589/344/1238
f 600/344/1237 494/344/1237 495/344/1237
f 494/344/1277 542/344/1277 543/344/1278 495/344/1278
f 542/344/1325 590/344/1325 591/344/1326 543/344/1326
f 601/344/1238 591/344/1238 590/344/1238
f 600/344/1237 495/344/1237 496/344/1237
f 495/344/1278 543/344/1278 544/344/1279 496/344/1279
f 543/344/1326 591/344/1326 592/344/1327 544/344/1327
f 601/344/1238 592/344/1238 591/344/1238
f 600/344/1237 496/344/1237 497/344/1237
f 496/344/1279 544/344/1279 545/344/1280 497/344/1280
f 544/344/1327 592/344/1327 593/344/1328 545/344/1328
f 601/344/1238 593/344/1238 592/344/1238
f 600/344/1237 497/344/1237 498/344/1237
f 497/344/1280 545/344/1280 546/344/1281 498/344/1281
f 545/344/1328 593/344/1328 594/344/1329 546/344/1329
f 601/344/1238 594/344/1238 593/344/1238
f 600/344/1237 498/344/1237 499/344/1237
f 498/344/1281 546/344/1281 547/344/1282 499/344/1282
f 546/344/1329 594/344/1329 595/344/1330 547/344/1330
f 601/344/1238 595/344/1238 594/344/1238
f 600/344/1237 499/344/1237 500/344/1237
f 499/344/1282 547/344/1282 548/344/1283 500/344/1283
f 547/344/1330 595/344/1330 596/344/1331 548/344/1331
f 601/344/1238 596/344/1238 595/344/1238
f 600/344/1237 500/344/1237 501/344/1237
f 500/344/1283 548/344/1283 549/344/1284 501/344/1284
f 548/344/1331 596/344/1331 597/344/1332 549/344/1332
f 601/344/1238 597/344/1238 596/344/1238
f 600/344/1237 501/344/1237 502/344/1237
f 501/344/1284 549/344/1284 550/344/1285 502/344/1285
f 549/344/1332 597/344/1332 598/344/1333 550/344/1333
f 601/344/1238 598/344/1238 597/344/1238
f 600/344/1237 502/344/1237 503/344/1237
f 502/344/1285 550/344/1285 551/344/1286 503/344/1286
f 550/344/1333 598/344/1333 599/344/1334 551/344/1334
f 601/344/1238 599/344/1238 598/344/1238
f 600/344/1237 503/344/1237 456/344/1237
f 503/344/1286 551/344/1286 504/344/1239 456/344/1239
f 551/344/1334 599/344/1334 552/344/1287 504/344/1287
f 601/344/1238 552/344/1238 599/344/1238
